/Users/zhaowenyuan/Projects/FlowFigTabMiner/flowfigtabminer/lib/python3.9/site-packages/paddle/utils/cpp_extension/extension_utils.py:712: UserWarning: No ccache found. Please be aware that recompiling all source files may be required. You can download and install ccache from: https://github.com/ccache/ccache/blob/master/doc/INSTALL.md
  warnings.warn(warning_message)
/Users/zhaowenyuan/Projects/FlowFigTabMiner/flowfigtabminer/lib/python3.9/site-packages/urllib3/__init__.py:35: NotOpenSSLWarning: urllib3 v2 only supports OpenSSL 1.1.1+, currently the 'ssl' module is compiled with 'LibreSSL 2.8.3'. See: https://github.com/urllib3/urllib3/issues/3020
  warnings.warn(
[33mChecking connectivity to the model hosters, this may take a while. To bypass this check, set `DISABLE_MODEL_SOURCE_CHECK` to `True`.[0m

=== Step 1: TF-ID Parsing (SKIPPED - intermediate figures found) ===

=== Step 2-4: Figure Extraction ===
Initializing Figure Pipeline...
Loading YOLO Macro: models/yolo11m-fig-seg-0207-nobreaknocharttext/runs/detect/train/weights/best.pt
Loading YOLO model from models/yolo11m-fig-seg-0207-nobreaknocharttext/runs/detect/train/weights/best.pt...
   -> Device: MPS
   -> Classes: {0: 'caption', 1: 'legend', 2: 'subfigure_marker', 3: 'target_image', 4: 'x_axis_title', 5: 'y_axis_title'}
Loading YOLO Micro: models/yolo11m-fig-scatter-0208/runs/detect/train/weights/best.pt
Loading Stage 2 YOLO model from models/yolo11m-fig-scatter-0208/runs/detect/train/weights/best.pt...
   -> Stage2 Device: MPS
Loading LegendMatcher & CoordinateMapper...
[32mCreating model: ('PP-LCNet_x1_0_doc_ori', None)[0m
[32mModel files already exist. Using cached files. To redownload, please delete the directory manually: `/Users/zhaowenyuan/.paddlex/official_models/PP-LCNet_x1_0_doc_ori`.[0m
[32mCreating model: ('UVDoc', None)[0m
[32mModel files already exist. Using cached files. To redownload, please delete the directory manually: `/Users/zhaowenyuan/.paddlex/official_models/UVDoc`.[0m
[32mCreating model: ('PP-OCRv5_server_det', None)[0m
[32mModel files already exist. Using cached files. To redownload, please delete the directory manually: `/Users/zhaowenyuan/.paddlex/official_models/PP-OCRv5_server_det`.[0m
[32mCreating model: ('en_PP-OCRv5_mobile_rec', None)[0m
[32mModel files already exist. Using cached files. To redownload, please delete the directory manually: `/Users/zhaowenyuan/.paddlex/official_models/en_PP-OCRv5_mobile_rec`.[0m
[32mCreating model: ('PP-LCNet_x1_0_doc_ori', None)[0m
[32mModel files already exist. Using cached files. To redownload, please delete the directory manually: `/Users/zhaowenyuan/.paddlex/official_models/PP-LCNet_x1_0_doc_ori`.[0m
[32mCreating model: ('UVDoc', None)[0m
[32mModel files already exist. Using cached files. To redownload, please delete the directory manually: `/Users/zhaowenyuan/.paddlex/official_models/UVDoc`.[0m
[32mCreating model: ('PP-OCRv5_server_det', None)[0m
[32mModel files already exist. Using cached files. To redownload, please delete the directory manually: `/Users/zhaowenyuan/.paddlex/official_models/PP-OCRv5_server_det`.[0m
[32mCreating model: ('en_PP-OCRv5_mobile_rec', None)[0m
[32mModel files already exist. Using cached files. To redownload, please delete the directory manually: `/Users/zhaowenyuan/.paddlex/official_models/en_PP-OCRv5_mobile_rec`.[0m
Loading EvidenceAssembler...
[32mCreating model: ('PP-LCNet_x1_0_doc_ori', None)[0m
[32mModel files already exist. Using cached files. To redownload, please delete the directory manually: `/Users/zhaowenyuan/.paddlex/official_models/PP-LCNet_x1_0_doc_ori`.[0m
[32mCreating model: ('UVDoc', None)[0m
[32mModel files already exist. Using cached files. To redownload, please delete the directory manually: `/Users/zhaowenyuan/.paddlex/official_models/UVDoc`.[0m
[32mCreating model: ('PP-LCNet_x1_0_textline_ori', None)[0m
[32mModel files already exist. Using cached files. To redownload, please delete the directory manually: `/Users/zhaowenyuan/.paddlex/official_models/PP-LCNet_x1_0_textline_ori`.[0m
[32mCreating model: ('PP-OCRv5_server_det', None)[0m
[32mModel files already exist. Using cached files. To redownload, please delete the directory manually: `/Users/zhaowenyuan/.paddlex/official_models/PP-OCRv5_server_det`.[0m
[32mCreating model: ('en_PP-OCRv5_mobile_rec', None)[0m
[32mModel files already exist. Using cached files. To redownload, please delete the directory manually: `/Users/zhaowenyuan/.paddlex/official_models/en_PP-OCRv5_mobile_rec`.[0m
--- Steps 2-4: Processing 5 figures from data/intermediate/example1/figures ---

Step 2: Macro Cleaning...
   YOLO Processing: page_1_figure_0...
      -> No target_image detected. Skipping.
   YOLO Processing: page_2_figure_2...
      -> Saved page_2_figure_2_t0_cleaned.png (masked 3 elements)
   YOLO Processing: page_2_figure_0...
      -> No target_image detected. Skipping.
   YOLO Processing: page_2_figure_1...
      -> Saved page_2_figure_1_t0_cleaned.png (masked 3 elements)
   YOLO Processing: page_4_figure_1...
      -> No target_image detected. Skipping.

Step 3 & 4: Micro Detection, Extraction & Assembly...
   >>> Processing Chart: page_2_figure_2_t0
      [Pipeline] Checking Relevance (OCR Captions)...
      [OCR Debug] page_2_figure_2_t0_x_axis_title_0.png -> 'R1/s'
      [OCR Debug] page_2_figure_2_t0_y_axis_title_0.png -> 'ToO'
      [OCR Debug] page_2_figure_2_t0_legend_0.png -> '80% 60~ 80% 40 ~60% 20 ~ 40% < 20%'
      [Filter Debug] Figure: page_2_figure_2_t0 | Relevant: False | Text Preview: r1/s too 80% 60~ 80% 40 ~60% 20 ~ 40% < 20%
      [Step 3a] Micro Detection (conf=0.5)...
      [Step 3a] Detected 29 data points.
      [DEBUG] Saved Master Legend to debug_master_legend.png
      [DEBUG] Master Legend Markers: 10
      [DEBUG] Master Legend Texts: 5
      [DEBUG] Proto '60 ~ 80%': HSV=[  0 ... 100]
      [DEBUG] Proto '<20%': HSV=[  0 ... 117]
      [DEBUG] Proto '80%': HSV=[  0 ... 128]
      [DEBUG] Final Proto '60 ~ 80%': HSV=[  0 ... 100]
      [DEBUG] Final Proto '<20%': HSV=[  0 ... 117]
      [DEBUG] Final Proto '80%': HSV=[  0 ... 128]
      [DEBUG] Point 0 HSV: [ 0 ... 61]
        -> Dist to '60 ~ 80%': 0.08
        -> Dist to '<20%': 0.11
        -> Dist to '80%': 0.13
        -> Assigned: 60 ~ 80%
      [Heatmap] Detected heatmap-style legend → enabling extract_point_labels + log_x
[Assembler] Assembling evidence for page_2_figure_2_t0...
      [Assembler] Local caption empty for page_2_figure_2_t0. Checking shared page context...
      [Fallback] Attempting to find shared caption for page_2_figure_2_t0...
      [Fallback Debug] Scanning: data/intermediate/example1/macro_cleaned/page_2_figure_*_caption_*.png
      [Fallback Debug] Found 0 candidates: []
      -> EVIDENCE SAVED: data/intermediate/example1/macro_cleaned/page_2_figure_2_t0_evidence.json
   >>> Processing Chart: page_2_figure_1_t0
      [Pipeline] Checking Relevance (OCR Captions)...
      [OCR Debug] page_2_figure_1_t0_legend_0.png -> '80% > 60 ~ 80% 40 ~60% 20 ~ 40% < 20%'
      [OCR Debug] page_2_figure_1_t0_x_axis_title_0.png -> 'R1|s'
      [OCR Debug] page_2_figure_1_t0_y_axis_title_0.png -> 'T/oC'
      [Filter Debug] Figure: page_2_figure_1_t0 | Relevant: False | Text Preview: r1|s t/oc 80% > 60 ~ 80% 40 ~60% 20 ~ 40% < 20%
      [Step 3a] Micro Detection (conf=0.5)...
      [Step 3a] Detected 28 data points.
      [DEBUG] Saved Master Legend to debug_master_legend.png
      [DEBUG] Master Legend Markers: 8
      [DEBUG] Master Legend Texts: 5
      [DEBUG] Proto '60 ~ 80%': HSV=[  0 ... 111]
      [DEBUG] Final Proto '60 ~ 80%': HSV=[  0 ... 111]
      [DEBUG] Point 0 HSV: [ 0 ... 44]
        -> Dist to '60 ~ 80%': 0.13
        -> Assigned: 60 ~ 80%
      [Heatmap] Detected heatmap-style legend → enabling extract_point_labels + log_x
[Assembler] Assembling evidence for page_2_figure_1_t0...
      [Assembler] Local caption empty for page_2_figure_1_t0. Checking shared page context...
      [Fallback] Attempting to find shared caption for page_2_figure_1_t0...
      [Fallback Debug] Scanning: data/intermediate/example1/macro_cleaned/page_2_figure_*_caption_*.png
      [Fallback Debug] Found 0 candidates: []
      -> EVIDENCE SAVED: data/intermediate/example1/macro_cleaned/page_2_figure_1_t0_evidence.json

=== Step Table: Table Extraction ===
[2026-03-21 17:30:12,078] [    INFO] pipeline.py:26 - Initializing Table Pipeline (Sequential Mode: True)
Processing 3 tables...
[2026-03-21 17:30:12,078] [    INFO] pipeline.py:125 - Processing Table: data/intermediate/example1/tables/page_3_table_0.png
Loading Table Segmentation YOLO model from models/yolo11m-tab-seg-0209-white/runs/detect/train/weights/best.pt...
Loading Table Segmentation YOLO model from models/yolo11m-tab-seg-0209-white/runs/detect/train/weights/best.pt...
   -> TableFilter Device: MPS
[2026-03-21 17:30:12,653] [    INFO] pipeline.py:151 -    -> Saving 3 component types to data/intermediate/example1/tables/page_3_table_0
[2026-03-21 17:30:12,671] [    INFO] pipeline.py:166 -    -> Using cropped table body: data/intermediate/example1/tables/page_3_table_0/page_3_table_0_body_main.png
Loading PaddleOCR...
[32mCreating model: ('PP-LCNet_x1_0_doc_ori', None)[0m
[32mModel files already exist. Using cached files. To redownload, please delete the directory manually: `/Users/zhaowenyuan/.paddlex/official_models/PP-LCNet_x1_0_doc_ori`.[0m
[32mCreating model: ('UVDoc', None)[0m
[32mModel files already exist. Using cached files. To redownload, please delete the directory manually: `/Users/zhaowenyuan/.paddlex/official_models/UVDoc`.[0m
[32mCreating model: ('PP-LCNet_x1_0_textline_ori', None)[0m
[32mModel files already exist. Using cached files. To redownload, please delete the directory manually: `/Users/zhaowenyuan/.paddlex/official_models/PP-LCNet_x1_0_textline_ori`.[0m
[32mCreating model: ('PP-OCRv5_server_det', None)[0m
[32mModel files already exist. Using cached files. To redownload, please delete the directory manually: `/Users/zhaowenyuan/.paddlex/official_models/PP-OCRv5_server_det`.[0m
[32mCreating model: ('en_PP-OCRv5_mobile_rec', None)[0m
[32mModel files already exist. Using cached files. To redownload, please delete the directory manually: `/Users/zhaowenyuan/.paddlex/official_models/en_PP-OCRv5_mobile_rec`.[0m
/Users/zhaowenyuan/Projects/FlowFigTabMiner/flowfigtabminer/lib/python3.9/site-packages/onmt/modules/sparse_activations.py:48: FutureWarning: `torch.cuda.amp.custom_fwd(args...)` is deprecated. Please use `torch.amp.custom_fwd(args..., device_type='cuda')` instead.
  def forward(ctx, input, dim=0):
/Users/zhaowenyuan/Projects/FlowFigTabMiner/flowfigtabminer/lib/python3.9/site-packages/onmt/modules/sparse_activations.py:68: FutureWarning: `torch.cuda.amp.custom_bwd(args...)` is deprecated. Please use `torch.amp.custom_bwd(args..., device_type='cuda')` instead.
  def backward(ctx, grad_output):
/Users/zhaowenyuan/Projects/FlowFigTabMiner/flowfigtabminer/lib/python3.9/site-packages/onmt/modules/sparse_losses.py:13: FutureWarning: `torch.cuda.amp.custom_fwd(args...)` is deprecated. Please use `torch.amp.custom_fwd(args..., device_type='cuda')` instead.
  def forward(ctx, input, target):
/Users/zhaowenyuan/Projects/FlowFigTabMiner/flowfigtabminer/lib/python3.9/site-packages/onmt/modules/sparse_losses.py:37: FutureWarning: `torch.cuda.amp.custom_bwd(args...)` is deprecated. Please use `torch.amp.custom_bwd(args..., device_type='cuda')` instead.
  def backward(ctx, grad_output):
Loading MolNexTR...
2026-03-21 17:30:13,340 - molnextr_singleton - INFO - Initializing MolNexTR singleton for the first time
[2026-03-21 17:30:13,340] [    INFO] molnextr.py:51 - Initializing MolNexTR singleton for the first time
2026-03-21 17:30:13,340 - molnextr_singleton - INFO - Detecting available hardware...
[2026-03-21 17:30:13,340] [    INFO] molnextr.py:76 - Detecting available hardware...
2026-03-21 17:30:13,340 - molnextr_singleton - INFO - System: Darwin Darwin Kernel Version 25.3.0: Wed Jan 28 20:49:24 PST 2026; root:xnu-12377.81.4~5/RELEASE_ARM64_T8132
[2026-03-21 17:30:13,340] [    INFO] molnextr.py:77 - System: Darwin Darwin Kernel Version 25.3.0: Wed Jan 28 20:49:24 PST 2026; root:xnu-12377.81.4~5/RELEASE_ARM64_T8132
2026-03-21 17:30:13,340 - molnextr_singleton - INFO - Machine: arm64
[2026-03-21 17:30:13,340] [    INFO] molnextr.py:78 - Machine: arm64
2026-03-21 17:30:13,340 - molnextr_singleton - INFO - PyTorch version: 2.8.0
[2026-03-21 17:30:13,340] [    INFO] molnextr.py:79 - PyTorch version: 2.8.0
2026-03-21 17:30:13,340 - molnextr_singleton - INFO - Apple Silicon detected
[2026-03-21 17:30:13,340] [    INFO] molnextr.py:88 - Apple Silicon detected
2026-03-21 17:30:13,340 - molnextr_singleton - INFO - MPS backend available: True
[2026-03-21 17:30:13,340] [    INFO] molnextr.py:90 - MPS backend available: True
2026-03-21 17:30:13,340 - molnextr_singleton - INFO - Running MPS device test...
[2026-03-21 17:30:13,340] [    INFO] molnextr.py:96 - Running MPS device test...
2026-03-21 17:30:13,341 - molnextr_singleton - INFO - ✅ Successfully initialized Apple Silicon acceleration via MPS backend
[2026-03-21 17:30:13,341] [    INFO] molnextr.py:100 - ✅ Successfully initialized Apple Silicon acceleration via MPS backend
2026-03-21 17:30:13,341 - molnextr_singleton - INFO - Checking for model at /Users/zhaowenyuan/Projects/FlowFigTabMiner/models/molnextr_model_best.pth
[2026-03-21 17:30:13,341] [    INFO] molnextr.py:134 - Checking for model at /Users/zhaowenyuan/Projects/FlowFigTabMiner/models/molnextr_model_best.pth
2026-03-21 17:30:13,341 - molnextr_singleton - INFO - ✅ Using model at /Users/zhaowenyuan/Projects/FlowFigTabMiner/models/molnextr_model_best.pth
[2026-03-21 17:30:13,341] [    INFO] molnextr.py:160 - ✅ Using model at /Users/zhaowenyuan/Projects/FlowFigTabMiner/models/molnextr_model_best.pth
2026-03-21 17:30:13,342 - molnextr_singleton - INFO - 🔄 Initializing MolNexTR model on Apple Silicon (MPS)
[2026-03-21 17:30:13,342] [    INFO] molnextr.py:163 - 🔄 Initializing MolNexTR model on Apple Silicon (MPS)
2026-03-21 17:30:13,342 - molnextr_singleton - INFO - Creating MolNexTR model with device mps...
[2026-03-21 17:30:13,342] [    INFO] molnextr.py:167 - Creating MolNexTR model with device mps...
/Users/zhaowenyuan/Projects/FlowFigTabMiner/flowfigtabminer/lib/python3.9/site-packages/torch/functional.py:554: UserWarning: torch.meshgrid: in an upcoming release, it will be required to pass the indexing argument. (Triggered internally at /Users/runner/work/pytorch/pytorch/pytorch/aten/src/ATen/native/TensorShape.cpp:4324.)
  return _VF.meshgrid(tensors, **kwargs)  # type: ignore[attr-defined]
2026-03-21 17:30:15,623 - molnextr_singleton - INFO - Configuring model for Apple Silicon...
[2026-03-21 17:30:15,623] [    INFO] molnextr.py:178 - Configuring model for Apple Silicon...
2026-03-21 17:30:15,623 - molnextr_singleton - INFO - Running model validation test...
[2026-03-21 17:30:15,623] [    INFO] molnextr.py:187 - Running model validation test...
2026-03-21 17:30:15,623 - molnextr_singleton - INFO - ✅ Model initialization successful
[2026-03-21 17:30:15,623] [    INFO] molnextr.py:193 - ✅ Model initialization successful
2026-03-21 17:30:15,623 - molnextr_singleton - INFO - MolNexTR singleton initialized successfully on Apple Silicon (MPS)
[2026-03-21 17:30:15,623] [    INFO] molnextr.py:54 - MolNexTR singleton initialized successfully on Apple Silicon (MPS)
MolNexTR Loaded Successfully.
[2026-03-21 17:30:15,623] [    INFO] pipeline.py:179 -    -> Detecting and masking molecules with YOLO...
Loading Molecule Detection Model from models/yolo11s-tab-molecule-0207/runs/detect/train/weights/best.pt...
Loading Molecule Detection Model from models/yolo11s-tab-molecule-0207/runs/detect/train/weights/best.pt...
   MoleculeProcessor: YOLO model loaded successfully from models/yolo11s-tab-molecule-0207/runs/detect/train/weights/best.pt (device: MPS)
   MoleculeProcessor: Starting YOLO inference on image 1144x1823...
   MoleculeProcessor: YOLO inference done. Found 27 boxes.
   -> Detected 27 potential molecules.
   -> Saved Molecule YOLO debug viz to data/intermediate/example1/tables/page_3_table_0/page_3_table_0_body_main_debug_yolo.png
   -> [Debug] Box 0 sufficient size (249x223). Skipped Upscaling.
/Users/zhaowenyuan/Projects/FlowFigTabMiner/flowfigtabminer/lib/python3.9/site-packages/torch/_dynamo/eval_frame.py:929: UserWarning: torch.utils.checkpoint: the use_reentrant parameter should be passed explicitly. In version 2.5 we will raise an exception if use_reentrant is not passed. use_reentrant=False is recommended, but if you need to preserve the current default behavior, you can pass use_reentrant=True. Refer to docs for more details on the differences between the two variants.
  return fn(*args, **kwargs)
/Users/zhaowenyuan/Projects/FlowFigTabMiner/flowfigtabminer/lib/python3.9/site-packages/torch/utils/checkpoint.py:85: UserWarning: None of the inputs have requires_grad=True. Gradients will be None
  warnings.warn(
/Users/zhaowenyuan/Projects/FlowFigTabMiner/flowfigtabminer/lib/python3.9/site-packages/paddle/utils/cpp_extension/extension_utils.py:712: UserWarning: No ccache found. Please be aware that recompiling all source files may be required. You can download and install ccache from: https://github.com/ccache/ccache/blob/master/doc/INSTALL.md
  warnings.warn(warning_message)
/Users/zhaowenyuan/Projects/FlowFigTabMiner/flowfigtabminer/lib/python3.9/site-packages/paddle/utils/cpp_extension/extension_utils.py:712: UserWarning: No ccache found. Please be aware that recompiling all source files may be required. You can download and install ccache from: https://github.com/ccache/ccache/blob/master/doc/INSTALL.md
  warnings.warn(warning_message)
/Users/zhaowenyuan/Projects/FlowFigTabMiner/flowfigtabminer/lib/python3.9/site-packages/paddle/utils/cpp_extension/extension_utils.py:712: UserWarning: No ccache found. Please be aware that recompiling all source files may be required. You can download and install ccache from: https://github.com/ccache/ccache/blob/master/doc/INSTALL.md
  warnings.warn(warning_message)
/Users/zhaowenyuan/Projects/FlowFigTabMiner/flowfigtabminer/lib/python3.9/site-packages/paddle/utils/cpp_extension/extension_utils.py:712: UserWarning: No ccache found. Please be aware that recompiling all source files may be required. You can download and install ccache from: https://github.com/ccache/ccache/blob/master/doc/INSTALL.md
  warnings.warn(warning_message)
/Users/zhaowenyuan/Projects/FlowFigTabMiner/flowfigtabminer/lib/python3.9/site-packages/paddle/utils/cpp_extension/extension_utils.py:712: UserWarning: No ccache found. Please be aware that recompiling all source files may be required. You can download and install ccache from: https://github.com/ccache/ccache/blob/master/doc/INSTALL.md
  warnings.warn(warning_message)
/Users/zhaowenyuan/Projects/FlowFigTabMiner/flowfigtabminer/lib/python3.9/site-packages/paddle/utils/cpp_extension/extension_utils.py:712: UserWarning: No ccache found. Please be aware that recompiling all source files may be required. You can download and install ccache from: https://github.com/ccache/ccache/blob/master/doc/INSTALL.md
  warnings.warn(warning_message)
/Users/zhaowenyuan/Projects/FlowFigTabMiner/flowfigtabminer/lib/python3.9/site-packages/paddle/utils/cpp_extension/extension_utils.py:712: UserWarning: No ccache found. Please be aware that recompiling all source files may be required. You can download and install ccache from: https://github.com/ccache/ccache/blob/master/doc/INSTALL.md
  warnings.warn(warning_message)
/Users/zhaowenyuan/Projects/FlowFigTabMiner/flowfigtabminer/lib/python3.9/site-packages/paddle/utils/cpp_extension/extension_utils.py:712: UserWarning: No ccache found. Please be aware that recompiling all source files may be required. You can download and install ccache from: https://github.com/ccache/ccache/blob/master/doc/INSTALL.md
  warnings.warn(warning_message)
/Users/zhaowenyuan/Projects/FlowFigTabMiner/flowfigtabminer/lib/python3.9/site-packages/paddle/utils/cpp_extension/extension_utils.py:712: UserWarning: No ccache found. Please be aware that recompiling all source files may be required. You can download and install ccache from: https://github.com/ccache/ccache/blob/master/doc/INSTALL.md
  warnings.warn(warning_message)
/Users/zhaowenyuan/Projects/FlowFigTabMiner/flowfigtabminer/lib/python3.9/site-packages/paddle/utils/cpp_extension/extension_utils.py:712: UserWarning: No ccache found. Please be aware that recompiling all source files may be required. You can download and install ccache from: https://github.com/ccache/ccache/blob/master/doc/INSTALL.md
  warnings.warn(warning_message)
/Users/zhaowenyuan/Projects/FlowFigTabMiner/flowfigtabminer/lib/python3.9/site-packages/paddle/utils/cpp_extension/extension_utils.py:712: UserWarning: No ccache found. Please be aware that recompiling all source files may be required. You can download and install ccache from: https://github.com/ccache/ccache/blob/master/doc/INSTALL.md
  warnings.warn(warning_message)
/Users/zhaowenyuan/Projects/FlowFigTabMiner/flowfigtabminer/lib/python3.9/site-packages/paddle/utils/cpp_extension/extension_utils.py:712: UserWarning: No ccache found. Please be aware that recompiling all source files may be required. You can download and install ccache from: https://github.com/ccache/ccache/blob/master/doc/INSTALL.md
  warnings.warn(warning_message)
/Users/zhaowenyuan/Projects/FlowFigTabMiner/flowfigtabminer/lib/python3.9/site-packages/paddle/utils/cpp_extension/extension_utils.py:712: UserWarning: No ccache found. Please be aware that recompiling all source files may be required. You can download and install ccache from: https://github.com/ccache/ccache/blob/master/doc/INSTALL.md
  warnings.warn(warning_message)
/Users/zhaowenyuan/Projects/FlowFigTabMiner/flowfigtabminer/lib/python3.9/site-packages/paddle/utils/cpp_extension/extension_utils.py:712: UserWarning: No ccache found. Please be aware that recompiling all source files may be required. You can download and install ccache from: https://github.com/ccache/ccache/blob/master/doc/INSTALL.md
  warnings.warn(warning_message)
/Users/zhaowenyuan/Projects/FlowFigTabMiner/flowfigtabminer/lib/python3.9/site-packages/paddle/utils/cpp_extension/extension_utils.py:712: UserWarning: No ccache found. Please be aware that recompiling all source files may be required. You can download and install ccache from: https://github.com/ccache/ccache/blob/master/doc/INSTALL.md
  warnings.warn(warning_message)
/Users/zhaowenyuan/Projects/FlowFigTabMiner/flowfigtabminer/lib/python3.9/site-packages/paddle/utils/cpp_extension/extension_utils.py:712: UserWarning: No ccache found. Please be aware that recompiling all source files may be required. You can download and install ccache from: https://github.com/ccache/ccache/blob/master/doc/INSTALL.md
  warnings.warn(warning_message)
/Users/zhaowenyuan/Projects/FlowFigTabMiner/flowfigtabminer/lib/python3.9/site-packages/urllib3/__init__.py:35: NotOpenSSLWarning: urllib3 v2 only supports OpenSSL 1.1.1+, currently the 'ssl' module is compiled with 'LibreSSL 2.8.3'. See: https://github.com/urllib3/urllib3/issues/3020
  warnings.warn(
/Users/zhaowenyuan/Projects/FlowFigTabMiner/flowfigtabminer/lib/python3.9/site-packages/urllib3/__init__.py:35: NotOpenSSLWarning: urllib3 v2 only supports OpenSSL 1.1.1+, currently the 'ssl' module is compiled with 'LibreSSL 2.8.3'. See: https://github.com/urllib3/urllib3/issues/3020
  warnings.warn(
/Users/zhaowenyuan/Projects/FlowFigTabMiner/flowfigtabminer/lib/python3.9/site-packages/urllib3/__init__.py:35: NotOpenSSLWarning: urllib3 v2 only supports OpenSSL 1.1.1+, currently the 'ssl' module is compiled with 'LibreSSL 2.8.3'. See: https://github.com/urllib3/urllib3/issues/3020
  warnings.warn(
[33mChecking connectivity to the model hosters, this may take a while. To bypass this check, set `DISABLE_MODEL_SOURCE_CHECK` to `True`.[0m
/Users/zhaowenyuan/Projects/FlowFigTabMiner/flowfigtabminer/lib/python3.9/site-packages/urllib3/__init__.py:35: NotOpenSSLWarning: urllib3 v2 only supports OpenSSL 1.1.1+, currently the 'ssl' module is compiled with 'LibreSSL 2.8.3'. See: https://github.com/urllib3/urllib3/issues/3020
  warnings.warn(
/Users/zhaowenyuan/Projects/FlowFigTabMiner/flowfigtabminer/lib/python3.9/site-packages/urllib3/__init__.py:35: NotOpenSSLWarning: urllib3 v2 only supports OpenSSL 1.1.1+, currently the 'ssl' module is compiled with 'LibreSSL 2.8.3'. See: https://github.com/urllib3/urllib3/issues/3020
  warnings.warn(
/Users/zhaowenyuan/Projects/FlowFigTabMiner/flowfigtabminer/lib/python3.9/site-packages/urllib3/__init__.py:35: NotOpenSSLWarning: urllib3 v2 only supports OpenSSL 1.1.1+, currently the 'ssl' module is compiled with 'LibreSSL 2.8.3'. See: https://github.com/urllib3/urllib3/issues/3020
  warnings.warn(
/Users/zhaowenyuan/Projects/FlowFigTabMiner/flowfigtabminer/lib/python3.9/site-packages/urllib3/__init__.py:35: NotOpenSSLWarning: urllib3 v2 only supports OpenSSL 1.1.1+, currently the 'ssl' module is compiled with 'LibreSSL 2.8.3'. See: https://github.com/urllib3/urllib3/issues/3020
  warnings.warn(
/Users/zhaowenyuan/Projects/FlowFigTabMiner/flowfigtabminer/lib/python3.9/site-packages/urllib3/__init__.py:35: NotOpenSSLWarning: urllib3 v2 only supports OpenSSL 1.1.1+, currently the 'ssl' module is compiled with 'LibreSSL 2.8.3'. See: https://github.com/urllib3/urllib3/issues/3020
  warnings.warn(
/Users/zhaowenyuan/Projects/FlowFigTabMiner/flowfigtabminer/lib/python3.9/site-packages/urllib3/__init__.py:35: NotOpenSSLWarning: urllib3 v2 only supports OpenSSL 1.1.1+, currently the 'ssl' module is compiled with 'LibreSSL 2.8.3'. See: https://github.com/urllib3/urllib3/issues/3020
  warnings.warn(
/Users/zhaowenyuan/Projects/FlowFigTabMiner/flowfigtabminer/lib/python3.9/site-packages/urllib3/__init__.py:35: NotOpenSSLWarning: urllib3 v2 only supports OpenSSL 1.1.1+, currently the 'ssl' module is compiled with 'LibreSSL 2.8.3'. See: https://github.com/urllib3/urllib3/issues/3020
  warnings.warn(
/Users/zhaowenyuan/Projects/FlowFigTabMiner/flowfigtabminer/lib/python3.9/site-packages/urllib3/__init__.py:35: NotOpenSSLWarning: urllib3 v2 only supports OpenSSL 1.1.1+, currently the 'ssl' module is compiled with 'LibreSSL 2.8.3'. See: https://github.com/urllib3/urllib3/issues/3020
  warnings.warn(
/Users/zhaowenyuan/Projects/FlowFigTabMiner/flowfigtabminer/lib/python3.9/site-packages/urllib3/__init__.py:35: NotOpenSSLWarning: urllib3 v2 only supports OpenSSL 1.1.1+, currently the 'ssl' module is compiled with 'LibreSSL 2.8.3'. See: https://github.com/urllib3/urllib3/issues/3020
  warnings.warn(
/Users/zhaowenyuan/Projects/FlowFigTabMiner/flowfigtabminer/lib/python3.9/site-packages/urllib3/__init__.py:35: NotOpenSSLWarning: urllib3 v2 only supports OpenSSL 1.1.1+, currently the 'ssl' module is compiled with 'LibreSSL 2.8.3'. See: https://github.com/urllib3/urllib3/issues/3020
  warnings.warn(
/Users/zhaowenyuan/Projects/FlowFigTabMiner/flowfigtabminer/lib/python3.9/site-packages/urllib3/__init__.py:35: NotOpenSSLWarning: urllib3 v2 only supports OpenSSL 1.1.1+, currently the 'ssl' module is compiled with 'LibreSSL 2.8.3'. See: https://github.com/urllib3/urllib3/issues/3020
  warnings.warn(
/Users/zhaowenyuan/Projects/FlowFigTabMiner/flowfigtabminer/lib/python3.9/site-packages/urllib3/__init__.py:35: NotOpenSSLWarning: urllib3 v2 only supports OpenSSL 1.1.1+, currently the 'ssl' module is compiled with 'LibreSSL 2.8.3'. See: https://github.com/urllib3/urllib3/issues/3020
  warnings.warn(
/Users/zhaowenyuan/Projects/FlowFigTabMiner/flowfigtabminer/lib/python3.9/site-packages/urllib3/__init__.py:35: NotOpenSSLWarning: urllib3 v2 only supports OpenSSL 1.1.1+, currently the 'ssl' module is compiled with 'LibreSSL 2.8.3'. See: https://github.com/urllib3/urllib3/issues/3020
  warnings.warn(
[33mChecking connectivity to the model hosters, this may take a while. To bypass this check, set `DISABLE_MODEL_SOURCE_CHECK` to `True`.[0m
[33mChecking connectivity to the model hosters, this may take a while. To bypass this check, set `DISABLE_MODEL_SOURCE_CHECK` to `True`.[0m
[33mChecking connectivity to the model hosters, this may take a while. To bypass this check, set `DISABLE_MODEL_SOURCE_CHECK` to `True`.[0m
[33mChecking connectivity to the model hosters, this may take a while. To bypass this check, set `DISABLE_MODEL_SOURCE_CHECK` to `True`.[0m
[33mChecking connectivity to the model hosters, this may take a while. To bypass this check, set `DISABLE_MODEL_SOURCE_CHECK` to `True`.[0m
[33mChecking connectivity to the model hosters, this may take a while. To bypass this check, set `DISABLE_MODEL_SOURCE_CHECK` to `True`.[0m
[33mChecking connectivity to the model hosters, this may take a while. To bypass this check, set `DISABLE_MODEL_SOURCE_CHECK` to `True`.[0m
[33mChecking connectivity to the model hosters, this may take a while. To bypass this check, set `DISABLE_MODEL_SOURCE_CHECK` to `True`.[0m
[33mChecking connectivity to the model hosters, this may take a while. To bypass this check, set `DISABLE_MODEL_SOURCE_CHECK` to `True`.[0m
[33mChecking connectivity to the model hosters, this may take a while. To bypass this check, set `DISABLE_MODEL_SOURCE_CHECK` to `True`.[0m
[33mChecking connectivity to the model hosters, this may take a while. To bypass this check, set `DISABLE_MODEL_SOURCE_CHECK` to `True`.[0m
[33mChecking connectivity to the model hosters, this may take a while. To bypass this check, set `DISABLE_MODEL_SOURCE_CHECK` to `True`.[0m
[33mChecking connectivity to the model hosters, this may take a while. To bypass this check, set `DISABLE_MODEL_SOURCE_CHECK` to `True`.[0m
[33mChecking connectivity to the model hosters, this may take a while. To bypass this check, set `DISABLE_MODEL_SOURCE_CHECK` to `True`.[0m
[33mChecking connectivity to the model hosters, this may take a while. To bypass this check, set `DISABLE_MODEL_SOURCE_CHECK` to `True`.[0m
/Users/zhaowenyuan/Projects/FlowFigTabMiner/flowfigtabminer/lib/python3.9/site-packages/onmt/modules/sparse_activations.py:48: FutureWarning: `torch.cuda.amp.custom_fwd(args...)` is deprecated. Please use `torch.amp.custom_fwd(args..., device_type='cuda')` instead.
  def forward(ctx, input, dim=0):
/Users/zhaowenyuan/Projects/FlowFigTabMiner/flowfigtabminer/lib/python3.9/site-packages/onmt/modules/sparse_activations.py:68: FutureWarning: `torch.cuda.amp.custom_bwd(args...)` is deprecated. Please use `torch.amp.custom_bwd(args..., device_type='cuda')` instead.
  def backward(ctx, grad_output):
/Users/zhaowenyuan/Projects/FlowFigTabMiner/flowfigtabminer/lib/python3.9/site-packages/onmt/modules/sparse_losses.py:13: FutureWarning: `torch.cuda.amp.custom_fwd(args...)` is deprecated. Please use `torch.amp.custom_fwd(args..., device_type='cuda')` instead.
  def forward(ctx, input, target):
/Users/zhaowenyuan/Projects/FlowFigTabMiner/flowfigtabminer/lib/python3.9/site-packages/onmt/modules/sparse_losses.py:37: FutureWarning: `torch.cuda.amp.custom_bwd(args...)` is deprecated. Please use `torch.amp.custom_bwd(args..., device_type='cuda')` instead.
  def backward(ctx, grad_output):
   -> Box 0: SMILES='Fc1ccc(C2(c3ccc(F)cc3)OC2F)cc1' | Masked (White Box)
   -> [Debug] Box 1 sufficient size (288x202). Skipped Upscaling.
/Users/zhaowenyuan/Projects/FlowFigTabMiner/flowfigtabminer/lib/python3.9/site-packages/paddle/utils/cpp_extension/extension_utils.py:712: UserWarning: No ccache found. Please be aware that recompiling all source files may be required. You can download and install ccache from: https://github.com/ccache/ccache/blob/master/doc/INSTALL.md
  warnings.warn(warning_message)
/Users/zhaowenyuan/Projects/FlowFigTabMiner/flowfigtabminer/lib/python3.9/site-packages/paddle/utils/cpp_extension/extension_utils.py:712: UserWarning: No ccache found. Please be aware that recompiling all source files may be required. You can download and install ccache from: https://github.com/ccache/ccache/blob/master/doc/INSTALL.md
  warnings.warn(warning_message)
/Users/zhaowenyuan/Projects/FlowFigTabMiner/flowfigtabminer/lib/python3.9/site-packages/paddle/utils/cpp_extension/extension_utils.py:712: UserWarning: No ccache found. Please be aware that recompiling all source files may be required. You can download and install ccache from: https://github.com/ccache/ccache/blob/master/doc/INSTALL.md
  warnings.warn(warning_message)
/Users/zhaowenyuan/Projects/FlowFigTabMiner/flowfigtabminer/lib/python3.9/site-packages/paddle/utils/cpp_extension/extension_utils.py:712: UserWarning: No ccache found. Please be aware that recompiling all source files may be required. You can download and install ccache from: https://github.com/ccache/ccache/blob/master/doc/INSTALL.md
  warnings.warn(warning_message)
/Users/zhaowenyuan/Projects/FlowFigTabMiner/flowfigtabminer/lib/python3.9/site-packages/paddle/utils/cpp_extension/extension_utils.py:712: UserWarning: No ccache found. Please be aware that recompiling all source files may be required. You can download and install ccache from: https://github.com/ccache/ccache/blob/master/doc/INSTALL.md
  warnings.warn(warning_message)
/Users/zhaowenyuan/Projects/FlowFigTabMiner/flowfigtabminer/lib/python3.9/site-packages/paddle/utils/cpp_extension/extension_utils.py:712: UserWarning: No ccache found. Please be aware that recompiling all source files may be required. You can download and install ccache from: https://github.com/ccache/ccache/blob/master/doc/INSTALL.md
  warnings.warn(warning_message)
/Users/zhaowenyuan/Projects/FlowFigTabMiner/flowfigtabminer/lib/python3.9/site-packages/paddle/utils/cpp_extension/extension_utils.py:712: UserWarning: No ccache found. Please be aware that recompiling all source files may be required. You can download and install ccache from: https://github.com/ccache/ccache/blob/master/doc/INSTALL.md
  warnings.warn(warning_message)
/Users/zhaowenyuan/Projects/FlowFigTabMiner/flowfigtabminer/lib/python3.9/site-packages/paddle/utils/cpp_extension/extension_utils.py:712: UserWarning: No ccache found. Please be aware that recompiling all source files may be required. You can download and install ccache from: https://github.com/ccache/ccache/blob/master/doc/INSTALL.md
  warnings.warn(warning_message)
/Users/zhaowenyuan/Projects/FlowFigTabMiner/flowfigtabminer/lib/python3.9/site-packages/paddle/utils/cpp_extension/extension_utils.py:712: UserWarning: No ccache found. Please be aware that recompiling all source files may be required. You can download and install ccache from: https://github.com/ccache/ccache/blob/master/doc/INSTALL.md
  warnings.warn(warning_message)
/Users/zhaowenyuan/Projects/FlowFigTabMiner/flowfigtabminer/lib/python3.9/site-packages/paddle/utils/cpp_extension/extension_utils.py:712: UserWarning: No ccache found. Please be aware that recompiling all source files may be required. You can download and install ccache from: https://github.com/ccache/ccache/blob/master/doc/INSTALL.md
  warnings.warn(warning_message)
/Users/zhaowenyuan/Projects/FlowFigTabMiner/flowfigtabminer/lib/python3.9/site-packages/paddle/utils/cpp_extension/extension_utils.py:712: UserWarning: No ccache found. Please be aware that recompiling all source files may be required. You can download and install ccache from: https://github.com/ccache/ccache/blob/master/doc/INSTALL.md
  warnings.warn(warning_message)
/Users/zhaowenyuan/Projects/FlowFigTabMiner/flowfigtabminer/lib/python3.9/site-packages/paddle/utils/cpp_extension/extension_utils.py:712: UserWarning: No ccache found. Please be aware that recompiling all source files may be required. You can download and install ccache from: https://github.com/ccache/ccache/blob/master/doc/INSTALL.md
  warnings.warn(warning_message)
/Users/zhaowenyuan/Projects/FlowFigTabMiner/flowfigtabminer/lib/python3.9/site-packages/paddle/utils/cpp_extension/extension_utils.py:712: UserWarning: No ccache found. Please be aware that recompiling all source files may be required. You can download and install ccache from: https://github.com/ccache/ccache/blob/master/doc/INSTALL.md
  warnings.warn(warning_message)
/Users/zhaowenyuan/Projects/FlowFigTabMiner/flowfigtabminer/lib/python3.9/site-packages/paddle/utils/cpp_extension/extension_utils.py:712: UserWarning: No ccache found. Please be aware that recompiling all source files may be required. You can download and install ccache from: https://github.com/ccache/ccache/blob/master/doc/INSTALL.md
  warnings.warn(warning_message)
/Users/zhaowenyuan/Projects/FlowFigTabMiner/flowfigtabminer/lib/python3.9/site-packages/paddle/utils/cpp_extension/extension_utils.py:712: UserWarning: No ccache found. Please be aware that recompiling all source files may be required. You can download and install ccache from: https://github.com/ccache/ccache/blob/master/doc/INSTALL.md
  warnings.warn(warning_message)
/Users/zhaowenyuan/Projects/FlowFigTabMiner/flowfigtabminer/lib/python3.9/site-packages/paddle/utils/cpp_extension/extension_utils.py:712: UserWarning: No ccache found. Please be aware that recompiling all source files may be required. You can download and install ccache from: https://github.com/ccache/ccache/blob/master/doc/INSTALL.md
  warnings.warn(warning_message)
/Users/zhaowenyuan/Projects/FlowFigTabMiner/flowfigtabminer/lib/python3.9/site-packages/urllib3/__init__.py:35: NotOpenSSLWarning: urllib3 v2 only supports OpenSSL 1.1.1+, currently the 'ssl' module is compiled with 'LibreSSL 2.8.3'. See: https://github.com/urllib3/urllib3/issues/3020
  warnings.warn(
/Users/zhaowenyuan/Projects/FlowFigTabMiner/flowfigtabminer/lib/python3.9/site-packages/urllib3/__init__.py:35: NotOpenSSLWarning: urllib3 v2 only supports OpenSSL 1.1.1+, currently the 'ssl' module is compiled with 'LibreSSL 2.8.3'. See: https://github.com/urllib3/urllib3/issues/3020
  warnings.warn(
/Users/zhaowenyuan/Projects/FlowFigTabMiner/flowfigtabminer/lib/python3.9/site-packages/urllib3/__init__.py:35: NotOpenSSLWarning: urllib3 v2 only supports OpenSSL 1.1.1+, currently the 'ssl' module is compiled with 'LibreSSL 2.8.3'. See: https://github.com/urllib3/urllib3/issues/3020
  warnings.warn(
/Users/zhaowenyuan/Projects/FlowFigTabMiner/flowfigtabminer/lib/python3.9/site-packages/urllib3/__init__.py:35: NotOpenSSLWarning: urllib3 v2 only supports OpenSSL 1.1.1+, currently the 'ssl' module is compiled with 'LibreSSL 2.8.3'. See: https://github.com/urllib3/urllib3/issues/3020
  warnings.warn(
[33mChecking connectivity to the model hosters, this may take a while. To bypass this check, set `DISABLE_MODEL_SOURCE_CHECK` to `True`.[0m
/Users/zhaowenyuan/Projects/FlowFigTabMiner/flowfigtabminer/lib/python3.9/site-packages/urllib3/__init__.py:35: NotOpenSSLWarning: urllib3 v2 only supports OpenSSL 1.1.1+, currently the 'ssl' module is compiled with 'LibreSSL 2.8.3'. See: https://github.com/urllib3/urllib3/issues/3020
  warnings.warn(
/Users/zhaowenyuan/Projects/FlowFigTabMiner/flowfigtabminer/lib/python3.9/site-packages/urllib3/__init__.py:35: NotOpenSSLWarning: urllib3 v2 only supports OpenSSL 1.1.1+, currently the 'ssl' module is compiled with 'LibreSSL 2.8.3'. See: https://github.com/urllib3/urllib3/issues/3020
  warnings.warn(
/Users/zhaowenyuan/Projects/FlowFigTabMiner/flowfigtabminer/lib/python3.9/site-packages/urllib3/__init__.py:35: NotOpenSSLWarning: urllib3 v2 only supports OpenSSL 1.1.1+, currently the 'ssl' module is compiled with 'LibreSSL 2.8.3'. See: https://github.com/urllib3/urllib3/issues/3020
  warnings.warn(
/Users/zhaowenyuan/Projects/FlowFigTabMiner/flowfigtabminer/lib/python3.9/site-packages/urllib3/__init__.py:35: NotOpenSSLWarning: urllib3 v2 only supports OpenSSL 1.1.1+, currently the 'ssl' module is compiled with 'LibreSSL 2.8.3'. See: https://github.com/urllib3/urllib3/issues/3020
  warnings.warn(
/Users/zhaowenyuan/Projects/FlowFigTabMiner/flowfigtabminer/lib/python3.9/site-packages/urllib3/__init__.py:35: NotOpenSSLWarning: urllib3 v2 only supports OpenSSL 1.1.1+, currently the 'ssl' module is compiled with 'LibreSSL 2.8.3'. See: https://github.com/urllib3/urllib3/issues/3020
  warnings.warn(
/Users/zhaowenyuan/Projects/FlowFigTabMiner/flowfigtabminer/lib/python3.9/site-packages/urllib3/__init__.py:35: NotOpenSSLWarning: urllib3 v2 only supports OpenSSL 1.1.1+, currently the 'ssl' module is compiled with 'LibreSSL 2.8.3'. See: https://github.com/urllib3/urllib3/issues/3020
  warnings.warn(
/Users/zhaowenyuan/Projects/FlowFigTabMiner/flowfigtabminer/lib/python3.9/site-packages/urllib3/__init__.py:35: NotOpenSSLWarning: urllib3 v2 only supports OpenSSL 1.1.1+, currently the 'ssl' module is compiled with 'LibreSSL 2.8.3'. See: https://github.com/urllib3/urllib3/issues/3020
  warnings.warn(
/Users/zhaowenyuan/Projects/FlowFigTabMiner/flowfigtabminer/lib/python3.9/site-packages/urllib3/__init__.py:35: NotOpenSSLWarning: urllib3 v2 only supports OpenSSL 1.1.1+, currently the 'ssl' module is compiled with 'LibreSSL 2.8.3'. See: https://github.com/urllib3/urllib3/issues/3020
  warnings.warn(
/Users/zhaowenyuan/Projects/FlowFigTabMiner/flowfigtabminer/lib/python3.9/site-packages/urllib3/__init__.py:35: NotOpenSSLWarning: urllib3 v2 only supports OpenSSL 1.1.1+, currently the 'ssl' module is compiled with 'LibreSSL 2.8.3'. See: https://github.com/urllib3/urllib3/issues/3020
  warnings.warn(
/Users/zhaowenyuan/Projects/FlowFigTabMiner/flowfigtabminer/lib/python3.9/site-packages/urllib3/__init__.py:35: NotOpenSSLWarning: urllib3 v2 only supports OpenSSL 1.1.1+, currently the 'ssl' module is compiled with 'LibreSSL 2.8.3'. See: https://github.com/urllib3/urllib3/issues/3020
  warnings.warn(
/Users/zhaowenyuan/Projects/FlowFigTabMiner/flowfigtabminer/lib/python3.9/site-packages/urllib3/__init__.py:35: NotOpenSSLWarning: urllib3 v2 only supports OpenSSL 1.1.1+, currently the 'ssl' module is compiled with 'LibreSSL 2.8.3'. See: https://github.com/urllib3/urllib3/issues/3020
  warnings.warn(
/Users/zhaowenyuan/Projects/FlowFigTabMiner/flowfigtabminer/lib/python3.9/site-packages/urllib3/__init__.py:35: NotOpenSSLWarning: urllib3 v2 only supports OpenSSL 1.1.1+, currently the 'ssl' module is compiled with 'LibreSSL 2.8.3'. See: https://github.com/urllib3/urllib3/issues/3020
  warnings.warn(
[33mChecking connectivity to the model hosters, this may take a while. To bypass this check, set `DISABLE_MODEL_SOURCE_CHECK` to `True`.[0m
[33mChecking connectivity to the model hosters, this may take a while. To bypass this check, set `DISABLE_MODEL_SOURCE_CHECK` to `True`.[0m
[33mChecking connectivity to the model hosters, this may take a while. To bypass this check, set `DISABLE_MODEL_SOURCE_CHECK` to `True`.[0m
[33mChecking connectivity to the model hosters, this may take a while. To bypass this check, set `DISABLE_MODEL_SOURCE_CHECK` to `True`.[0m
[33mChecking connectivity to the model hosters, this may take a while. To bypass this check, set `DISABLE_MODEL_SOURCE_CHECK` to `True`.[0m
[33mChecking connectivity to the model hosters, this may take a while. To bypass this check, set `DISABLE_MODEL_SOURCE_CHECK` to `True`.[0m
[33mChecking connectivity to the model hosters, this may take a while. To bypass this check, set `DISABLE_MODEL_SOURCE_CHECK` to `True`.[0m
[33mChecking connectivity to the model hosters, this may take a while. To bypass this check, set `DISABLE_MODEL_SOURCE_CHECK` to `True`.[0m
[33mChecking connectivity to the model hosters, this may take a while. To bypass this check, set `DISABLE_MODEL_SOURCE_CHECK` to `True`.[0m
[33mChecking connectivity to the model hosters, this may take a while. To bypass this check, set `DISABLE_MODEL_SOURCE_CHECK` to `True`.[0m
[33mChecking connectivity to the model hosters, this may take a while. To bypass this check, set `DISABLE_MODEL_SOURCE_CHECK` to `True`.[0m
[33mChecking connectivity to the model hosters, this may take a while. To bypass this check, set `DISABLE_MODEL_SOURCE_CHECK` to `True`.[0m
[33mChecking connectivity to the model hosters, this may take a while. To bypass this check, set `DISABLE_MODEL_SOURCE_CHECK` to `True`.[0m
[33mChecking connectivity to the model hosters, this may take a while. To bypass this check, set `DISABLE_MODEL_SOURCE_CHECK` to `True`.[0m
[33mChecking connectivity to the model hosters, this may take a while. To bypass this check, set `DISABLE_MODEL_SOURCE_CHECK` to `True`.[0m
/Users/zhaowenyuan/Projects/FlowFigTabMiner/flowfigtabminer/lib/python3.9/site-packages/onmt/modules/sparse_activations.py:48: FutureWarning: `torch.cuda.amp.custom_fwd(args...)` is deprecated. Please use `torch.amp.custom_fwd(args..., device_type='cuda')` instead.
  def forward(ctx, input, dim=0):
/Users/zhaowenyuan/Projects/FlowFigTabMiner/flowfigtabminer/lib/python3.9/site-packages/onmt/modules/sparse_activations.py:68: FutureWarning: `torch.cuda.amp.custom_bwd(args...)` is deprecated. Please use `torch.amp.custom_bwd(args..., device_type='cuda')` instead.
  def backward(ctx, grad_output):
/Users/zhaowenyuan/Projects/FlowFigTabMiner/flowfigtabminer/lib/python3.9/site-packages/onmt/modules/sparse_losses.py:13: FutureWarning: `torch.cuda.amp.custom_fwd(args...)` is deprecated. Please use `torch.amp.custom_fwd(args..., device_type='cuda')` instead.
  def forward(ctx, input, target):
/Users/zhaowenyuan/Projects/FlowFigTabMiner/flowfigtabminer/lib/python3.9/site-packages/onmt/modules/sparse_losses.py:37: FutureWarning: `torch.cuda.amp.custom_bwd(args...)` is deprecated. Please use `torch.amp.custom_bwd(args..., device_type='cuda')` instead.
  def backward(ctx, grad_output):
   -> Box 1: SMILES='CON(C)C(=O)c1ccc(-c2ccccc2)cc1' | Masked (White Box)
   -> [Debug] Box 2 sufficient size (273x209). Skipped Upscaling.
/Users/zhaowenyuan/Projects/FlowFigTabMiner/flowfigtabminer/lib/python3.9/site-packages/paddle/utils/cpp_extension/extension_utils.py:712: UserWarning: No ccache found. Please be aware that recompiling all source files may be required. You can download and install ccache from: https://github.com/ccache/ccache/blob/master/doc/INSTALL.md
  warnings.warn(warning_message)
/Users/zhaowenyuan/Projects/FlowFigTabMiner/flowfigtabminer/lib/python3.9/site-packages/paddle/utils/cpp_extension/extension_utils.py:712: UserWarning: No ccache found. Please be aware that recompiling all source files may be required. You can download and install ccache from: https://github.com/ccache/ccache/blob/master/doc/INSTALL.md
  warnings.warn(warning_message)
/Users/zhaowenyuan/Projects/FlowFigTabMiner/flowfigtabminer/lib/python3.9/site-packages/paddle/utils/cpp_extension/extension_utils.py:712: UserWarning: No ccache found. Please be aware that recompiling all source files may be required. You can download and install ccache from: https://github.com/ccache/ccache/blob/master/doc/INSTALL.md
  warnings.warn(warning_message)
/Users/zhaowenyuan/Projects/FlowFigTabMiner/flowfigtabminer/lib/python3.9/site-packages/paddle/utils/cpp_extension/extension_utils.py:712: UserWarning: No ccache found. Please be aware that recompiling all source files may be required. You can download and install ccache from: https://github.com/ccache/ccache/blob/master/doc/INSTALL.md
  warnings.warn(warning_message)
/Users/zhaowenyuan/Projects/FlowFigTabMiner/flowfigtabminer/lib/python3.9/site-packages/paddle/utils/cpp_extension/extension_utils.py:712: UserWarning: No ccache found. Please be aware that recompiling all source files may be required. You can download and install ccache from: https://github.com/ccache/ccache/blob/master/doc/INSTALL.md
  warnings.warn(warning_message)
/Users/zhaowenyuan/Projects/FlowFigTabMiner/flowfigtabminer/lib/python3.9/site-packages/paddle/utils/cpp_extension/extension_utils.py:712: UserWarning: No ccache found. Please be aware that recompiling all source files may be required. You can download and install ccache from: https://github.com/ccache/ccache/blob/master/doc/INSTALL.md
  warnings.warn(warning_message)
/Users/zhaowenyuan/Projects/FlowFigTabMiner/flowfigtabminer/lib/python3.9/site-packages/paddle/utils/cpp_extension/extension_utils.py:712: UserWarning: No ccache found. Please be aware that recompiling all source files may be required. You can download and install ccache from: https://github.com/ccache/ccache/blob/master/doc/INSTALL.md
  warnings.warn(warning_message)
/Users/zhaowenyuan/Projects/FlowFigTabMiner/flowfigtabminer/lib/python3.9/site-packages/paddle/utils/cpp_extension/extension_utils.py:712: UserWarning: No ccache found. Please be aware that recompiling all source files may be required. You can download and install ccache from: https://github.com/ccache/ccache/blob/master/doc/INSTALL.md
  warnings.warn(warning_message)
/Users/zhaowenyuan/Projects/FlowFigTabMiner/flowfigtabminer/lib/python3.9/site-packages/paddle/utils/cpp_extension/extension_utils.py:712: UserWarning: No ccache found. Please be aware that recompiling all source files may be required. You can download and install ccache from: https://github.com/ccache/ccache/blob/master/doc/INSTALL.md
  warnings.warn(warning_message)
/Users/zhaowenyuan/Projects/FlowFigTabMiner/flowfigtabminer/lib/python3.9/site-packages/paddle/utils/cpp_extension/extension_utils.py:712: UserWarning: No ccache found. Please be aware that recompiling all source files may be required. You can download and install ccache from: https://github.com/ccache/ccache/blob/master/doc/INSTALL.md
  warnings.warn(warning_message)
/Users/zhaowenyuan/Projects/FlowFigTabMiner/flowfigtabminer/lib/python3.9/site-packages/paddle/utils/cpp_extension/extension_utils.py:712: UserWarning: No ccache found. Please be aware that recompiling all source files may be required. You can download and install ccache from: https://github.com/ccache/ccache/blob/master/doc/INSTALL.md
  warnings.warn(warning_message)
/Users/zhaowenyuan/Projects/FlowFigTabMiner/flowfigtabminer/lib/python3.9/site-packages/paddle/utils/cpp_extension/extension_utils.py:712: UserWarning: No ccache found. Please be aware that recompiling all source files may be required. You can download and install ccache from: https://github.com/ccache/ccache/blob/master/doc/INSTALL.md
  warnings.warn(warning_message)
/Users/zhaowenyuan/Projects/FlowFigTabMiner/flowfigtabminer/lib/python3.9/site-packages/paddle/utils/cpp_extension/extension_utils.py:712: UserWarning: No ccache found. Please be aware that recompiling all source files may be required. You can download and install ccache from: https://github.com/ccache/ccache/blob/master/doc/INSTALL.md
  warnings.warn(warning_message)
/Users/zhaowenyuan/Projects/FlowFigTabMiner/flowfigtabminer/lib/python3.9/site-packages/paddle/utils/cpp_extension/extension_utils.py:712: UserWarning: No ccache found. Please be aware that recompiling all source files may be required. You can download and install ccache from: https://github.com/ccache/ccache/blob/master/doc/INSTALL.md
  warnings.warn(warning_message)
/Users/zhaowenyuan/Projects/FlowFigTabMiner/flowfigtabminer/lib/python3.9/site-packages/paddle/utils/cpp_extension/extension_utils.py:712: UserWarning: No ccache found. Please be aware that recompiling all source files may be required. You can download and install ccache from: https://github.com/ccache/ccache/blob/master/doc/INSTALL.md
  warnings.warn(warning_message)
/Users/zhaowenyuan/Projects/FlowFigTabMiner/flowfigtabminer/lib/python3.9/site-packages/paddle/utils/cpp_extension/extension_utils.py:712: UserWarning: No ccache found. Please be aware that recompiling all source files may be required. You can download and install ccache from: https://github.com/ccache/ccache/blob/master/doc/INSTALL.md
  warnings.warn(warning_message)
/Users/zhaowenyuan/Projects/FlowFigTabMiner/flowfigtabminer/lib/python3.9/site-packages/urllib3/__init__.py:35: NotOpenSSLWarning: urllib3 v2 only supports OpenSSL 1.1.1+, currently the 'ssl' module is compiled with 'LibreSSL 2.8.3'. See: https://github.com/urllib3/urllib3/issues/3020
  warnings.warn(
/Users/zhaowenyuan/Projects/FlowFigTabMiner/flowfigtabminer/lib/python3.9/site-packages/urllib3/__init__.py:35: NotOpenSSLWarning: urllib3 v2 only supports OpenSSL 1.1.1+, currently the 'ssl' module is compiled with 'LibreSSL 2.8.3'. See: https://github.com/urllib3/urllib3/issues/3020
  warnings.warn(
/Users/zhaowenyuan/Projects/FlowFigTabMiner/flowfigtabminer/lib/python3.9/site-packages/urllib3/__init__.py:35: NotOpenSSLWarning: urllib3 v2 only supports OpenSSL 1.1.1+, currently the 'ssl' module is compiled with 'LibreSSL 2.8.3'. See: https://github.com/urllib3/urllib3/issues/3020
  warnings.warn(
/Users/zhaowenyuan/Projects/FlowFigTabMiner/flowfigtabminer/lib/python3.9/site-packages/urllib3/__init__.py:35: NotOpenSSLWarning: urllib3 v2 only supports OpenSSL 1.1.1+, currently the 'ssl' module is compiled with 'LibreSSL 2.8.3'. See: https://github.com/urllib3/urllib3/issues/3020
  warnings.warn(
/Users/zhaowenyuan/Projects/FlowFigTabMiner/flowfigtabminer/lib/python3.9/site-packages/urllib3/__init__.py:35: NotOpenSSLWarning: urllib3 v2 only supports OpenSSL 1.1.1+, currently the 'ssl' module is compiled with 'LibreSSL 2.8.3'. See: https://github.com/urllib3/urllib3/issues/3020
  warnings.warn(
/Users/zhaowenyuan/Projects/FlowFigTabMiner/flowfigtabminer/lib/python3.9/site-packages/urllib3/__init__.py:35: NotOpenSSLWarning: urllib3 v2 only supports OpenSSL 1.1.1+, currently the 'ssl' module is compiled with 'LibreSSL 2.8.3'. See: https://github.com/urllib3/urllib3/issues/3020
  warnings.warn(
/Users/zhaowenyuan/Projects/FlowFigTabMiner/flowfigtabminer/lib/python3.9/site-packages/urllib3/__init__.py:35: NotOpenSSLWarning: urllib3 v2 only supports OpenSSL 1.1.1+, currently the 'ssl' module is compiled with 'LibreSSL 2.8.3'. See: https://github.com/urllib3/urllib3/issues/3020
  warnings.warn(
/Users/zhaowenyuan/Projects/FlowFigTabMiner/flowfigtabminer/lib/python3.9/site-packages/urllib3/__init__.py:35: NotOpenSSLWarning: urllib3 v2 only supports OpenSSL 1.1.1+, currently the 'ssl' module is compiled with 'LibreSSL 2.8.3'. See: https://github.com/urllib3/urllib3/issues/3020
  warnings.warn(
/Users/zhaowenyuan/Projects/FlowFigTabMiner/flowfigtabminer/lib/python3.9/site-packages/urllib3/__init__.py:35: NotOpenSSLWarning: urllib3 v2 only supports OpenSSL 1.1.1+, currently the 'ssl' module is compiled with 'LibreSSL 2.8.3'. See: https://github.com/urllib3/urllib3/issues/3020
  warnings.warn(
/Users/zhaowenyuan/Projects/FlowFigTabMiner/flowfigtabminer/lib/python3.9/site-packages/urllib3/__init__.py:35: NotOpenSSLWarning: urllib3 v2 only supports OpenSSL 1.1.1+, currently the 'ssl' module is compiled with 'LibreSSL 2.8.3'. See: https://github.com/urllib3/urllib3/issues/3020
  warnings.warn(
/Users/zhaowenyuan/Projects/FlowFigTabMiner/flowfigtabminer/lib/python3.9/site-packages/urllib3/__init__.py:35: NotOpenSSLWarning: urllib3 v2 only supports OpenSSL 1.1.1+, currently the 'ssl' module is compiled with 'LibreSSL 2.8.3'. See: https://github.com/urllib3/urllib3/issues/3020
  warnings.warn(
/Users/zhaowenyuan/Projects/FlowFigTabMiner/flowfigtabminer/lib/python3.9/site-packages/urllib3/__init__.py:35: NotOpenSSLWarning: urllib3 v2 only supports OpenSSL 1.1.1+, currently the 'ssl' module is compiled with 'LibreSSL 2.8.3'. See: https://github.com/urllib3/urllib3/issues/3020
  warnings.warn(
/Users/zhaowenyuan/Projects/FlowFigTabMiner/flowfigtabminer/lib/python3.9/site-packages/urllib3/__init__.py:35: NotOpenSSLWarning: urllib3 v2 only supports OpenSSL 1.1.1+, currently the 'ssl' module is compiled with 'LibreSSL 2.8.3'. See: https://github.com/urllib3/urllib3/issues/3020
  warnings.warn(
/Users/zhaowenyuan/Projects/FlowFigTabMiner/flowfigtabminer/lib/python3.9/site-packages/urllib3/__init__.py:35: NotOpenSSLWarning: urllib3 v2 only supports OpenSSL 1.1.1+, currently the 'ssl' module is compiled with 'LibreSSL 2.8.3'. See: https://github.com/urllib3/urllib3/issues/3020
  warnings.warn(
[33mChecking connectivity to the model hosters, this may take a while. To bypass this check, set `DISABLE_MODEL_SOURCE_CHECK` to `True`.[0m
/Users/zhaowenyuan/Projects/FlowFigTabMiner/flowfigtabminer/lib/python3.9/site-packages/urllib3/__init__.py:35: NotOpenSSLWarning: urllib3 v2 only supports OpenSSL 1.1.1+, currently the 'ssl' module is compiled with 'LibreSSL 2.8.3'. See: https://github.com/urllib3/urllib3/issues/3020
  warnings.warn(
/Users/zhaowenyuan/Projects/FlowFigTabMiner/flowfigtabminer/lib/python3.9/site-packages/urllib3/__init__.py:35: NotOpenSSLWarning: urllib3 v2 only supports OpenSSL 1.1.1+, currently the 'ssl' module is compiled with 'LibreSSL 2.8.3'. See: https://github.com/urllib3/urllib3/issues/3020
  warnings.warn(
[33mChecking connectivity to the model hosters, this may take a while. To bypass this check, set `DISABLE_MODEL_SOURCE_CHECK` to `True`.[0m
[33mChecking connectivity to the model hosters, this may take a while. To bypass this check, set `DISABLE_MODEL_SOURCE_CHECK` to `True`.[0m
[33mChecking connectivity to the model hosters, this may take a while. To bypass this check, set `DISABLE_MODEL_SOURCE_CHECK` to `True`.[0m
[33mChecking connectivity to the model hosters, this may take a while. To bypass this check, set `DISABLE_MODEL_SOURCE_CHECK` to `True`.[0m
[33mChecking connectivity to the model hosters, this may take a while. To bypass this check, set `DISABLE_MODEL_SOURCE_CHECK` to `True`.[0m
[33mChecking connectivity to the model hosters, this may take a while. To bypass this check, set `DISABLE_MODEL_SOURCE_CHECK` to `True`.[0m
[33mChecking connectivity to the model hosters, this may take a while. To bypass this check, set `DISABLE_MODEL_SOURCE_CHECK` to `True`.[0m
[33mChecking connectivity to the model hosters, this may take a while. To bypass this check, set `DISABLE_MODEL_SOURCE_CHECK` to `True`.[0m
[33mChecking connectivity to the model hosters, this may take a while. To bypass this check, set `DISABLE_MODEL_SOURCE_CHECK` to `True`.[0m
[33mChecking connectivity to the model hosters, this may take a while. To bypass this check, set `DISABLE_MODEL_SOURCE_CHECK` to `True`.[0m
[33mChecking connectivity to the model hosters, this may take a while. To bypass this check, set `DISABLE_MODEL_SOURCE_CHECK` to `True`.[0m
[33mChecking connectivity to the model hosters, this may take a while. To bypass this check, set `DISABLE_MODEL_SOURCE_CHECK` to `True`.[0m
[33mChecking connectivity to the model hosters, this may take a while. To bypass this check, set `DISABLE_MODEL_SOURCE_CHECK` to `True`.[0m
[33mChecking connectivity to the model hosters, this may take a while. To bypass this check, set `DISABLE_MODEL_SOURCE_CHECK` to `True`.[0m
[33mChecking connectivity to the model hosters, this may take a while. To bypass this check, set `DISABLE_MODEL_SOURCE_CHECK` to `True`.[0m
/Users/zhaowenyuan/Projects/FlowFigTabMiner/flowfigtabminer/lib/python3.9/site-packages/onmt/modules/sparse_activations.py:48: FutureWarning: `torch.cuda.amp.custom_fwd(args...)` is deprecated. Please use `torch.amp.custom_fwd(args..., device_type='cuda')` instead.
  def forward(ctx, input, dim=0):
/Users/zhaowenyuan/Projects/FlowFigTabMiner/flowfigtabminer/lib/python3.9/site-packages/onmt/modules/sparse_activations.py:68: FutureWarning: `torch.cuda.amp.custom_bwd(args...)` is deprecated. Please use `torch.amp.custom_bwd(args..., device_type='cuda')` instead.
  def backward(ctx, grad_output):
/Users/zhaowenyuan/Projects/FlowFigTabMiner/flowfigtabminer/lib/python3.9/site-packages/onmt/modules/sparse_losses.py:13: FutureWarning: `torch.cuda.amp.custom_fwd(args...)` is deprecated. Please use `torch.amp.custom_fwd(args..., device_type='cuda')` instead.
  def forward(ctx, input, target):
/Users/zhaowenyuan/Projects/FlowFigTabMiner/flowfigtabminer/lib/python3.9/site-packages/onmt/modules/sparse_losses.py:37: FutureWarning: `torch.cuda.amp.custom_bwd(args...)` is deprecated. Please use `torch.amp.custom_bwd(args..., device_type='cuda')` instead.
  def backward(ctx, grad_output):
   -> Box 2: SMILES='O=C(CF)c1ccc(-c2ccccc2)cc1' | Masked (White Box)
   -> [Debug] Upscaled TINY box 3 by 1.6x (218x190 -> 344x300)
/Users/zhaowenyuan/Projects/FlowFigTabMiner/flowfigtabminer/lib/python3.9/site-packages/paddle/utils/cpp_extension/extension_utils.py:712: UserWarning: No ccache found. Please be aware that recompiling all source files may be required. You can download and install ccache from: https://github.com/ccache/ccache/blob/master/doc/INSTALL.md
  warnings.warn(warning_message)
/Users/zhaowenyuan/Projects/FlowFigTabMiner/flowfigtabminer/lib/python3.9/site-packages/paddle/utils/cpp_extension/extension_utils.py:712: UserWarning: No ccache found. Please be aware that recompiling all source files may be required. You can download and install ccache from: https://github.com/ccache/ccache/blob/master/doc/INSTALL.md
  warnings.warn(warning_message)
/Users/zhaowenyuan/Projects/FlowFigTabMiner/flowfigtabminer/lib/python3.9/site-packages/paddle/utils/cpp_extension/extension_utils.py:712: UserWarning: No ccache found. Please be aware that recompiling all source files may be required. You can download and install ccache from: https://github.com/ccache/ccache/blob/master/doc/INSTALL.md
  warnings.warn(warning_message)
/Users/zhaowenyuan/Projects/FlowFigTabMiner/flowfigtabminer/lib/python3.9/site-packages/paddle/utils/cpp_extension/extension_utils.py:712: UserWarning: No ccache found. Please be aware that recompiling all source files may be required. You can download and install ccache from: https://github.com/ccache/ccache/blob/master/doc/INSTALL.md
  warnings.warn(warning_message)
/Users/zhaowenyuan/Projects/FlowFigTabMiner/flowfigtabminer/lib/python3.9/site-packages/paddle/utils/cpp_extension/extension_utils.py:712: UserWarning: No ccache found. Please be aware that recompiling all source files may be required. You can download and install ccache from: https://github.com/ccache/ccache/blob/master/doc/INSTALL.md
  warnings.warn(warning_message)
/Users/zhaowenyuan/Projects/FlowFigTabMiner/flowfigtabminer/lib/python3.9/site-packages/paddle/utils/cpp_extension/extension_utils.py:712: UserWarning: No ccache found. Please be aware that recompiling all source files may be required. You can download and install ccache from: https://github.com/ccache/ccache/blob/master/doc/INSTALL.md
  warnings.warn(warning_message)
/Users/zhaowenyuan/Projects/FlowFigTabMiner/flowfigtabminer/lib/python3.9/site-packages/paddle/utils/cpp_extension/extension_utils.py:712: UserWarning: No ccache found. Please be aware that recompiling all source files may be required. You can download and install ccache from: https://github.com/ccache/ccache/blob/master/doc/INSTALL.md
  warnings.warn(warning_message)
/Users/zhaowenyuan/Projects/FlowFigTabMiner/flowfigtabminer/lib/python3.9/site-packages/paddle/utils/cpp_extension/extension_utils.py:712: UserWarning: No ccache found. Please be aware that recompiling all source files may be required. You can download and install ccache from: https://github.com/ccache/ccache/blob/master/doc/INSTALL.md
  warnings.warn(warning_message)
/Users/zhaowenyuan/Projects/FlowFigTabMiner/flowfigtabminer/lib/python3.9/site-packages/paddle/utils/cpp_extension/extension_utils.py:712: UserWarning: No ccache found. Please be aware that recompiling all source files may be required. You can download and install ccache from: https://github.com/ccache/ccache/blob/master/doc/INSTALL.md
  warnings.warn(warning_message)
/Users/zhaowenyuan/Projects/FlowFigTabMiner/flowfigtabminer/lib/python3.9/site-packages/paddle/utils/cpp_extension/extension_utils.py:712: UserWarning: No ccache found. Please be aware that recompiling all source files may be required. You can download and install ccache from: https://github.com/ccache/ccache/blob/master/doc/INSTALL.md
  warnings.warn(warning_message)
/Users/zhaowenyuan/Projects/FlowFigTabMiner/flowfigtabminer/lib/python3.9/site-packages/paddle/utils/cpp_extension/extension_utils.py:712: UserWarning: No ccache found. Please be aware that recompiling all source files may be required. You can download and install ccache from: https://github.com/ccache/ccache/blob/master/doc/INSTALL.md
  warnings.warn(warning_message)
/Users/zhaowenyuan/Projects/FlowFigTabMiner/flowfigtabminer/lib/python3.9/site-packages/paddle/utils/cpp_extension/extension_utils.py:712: UserWarning: No ccache found. Please be aware that recompiling all source files may be required. You can download and install ccache from: https://github.com/ccache/ccache/blob/master/doc/INSTALL.md
  warnings.warn(warning_message)
/Users/zhaowenyuan/Projects/FlowFigTabMiner/flowfigtabminer/lib/python3.9/site-packages/paddle/utils/cpp_extension/extension_utils.py:712: UserWarning: No ccache found. Please be aware that recompiling all source files may be required. You can download and install ccache from: https://github.com/ccache/ccache/blob/master/doc/INSTALL.md
  warnings.warn(warning_message)
/Users/zhaowenyuan/Projects/FlowFigTabMiner/flowfigtabminer/lib/python3.9/site-packages/paddle/utils/cpp_extension/extension_utils.py:712: UserWarning: No ccache found. Please be aware that recompiling all source files may be required. You can download and install ccache from: https://github.com/ccache/ccache/blob/master/doc/INSTALL.md
  warnings.warn(warning_message)
/Users/zhaowenyuan/Projects/FlowFigTabMiner/flowfigtabminer/lib/python3.9/site-packages/paddle/utils/cpp_extension/extension_utils.py:712: UserWarning: No ccache found. Please be aware that recompiling all source files may be required. You can download and install ccache from: https://github.com/ccache/ccache/blob/master/doc/INSTALL.md
  warnings.warn(warning_message)
/Users/zhaowenyuan/Projects/FlowFigTabMiner/flowfigtabminer/lib/python3.9/site-packages/paddle/utils/cpp_extension/extension_utils.py:712: UserWarning: No ccache found. Please be aware that recompiling all source files may be required. You can download and install ccache from: https://github.com/ccache/ccache/blob/master/doc/INSTALL.md
  warnings.warn(warning_message)
/Users/zhaowenyuan/Projects/FlowFigTabMiner/flowfigtabminer/lib/python3.9/site-packages/urllib3/__init__.py:35: NotOpenSSLWarning: urllib3 v2 only supports OpenSSL 1.1.1+, currently the 'ssl' module is compiled with 'LibreSSL 2.8.3'. See: https://github.com/urllib3/urllib3/issues/3020
  warnings.warn(
/Users/zhaowenyuan/Projects/FlowFigTabMiner/flowfigtabminer/lib/python3.9/site-packages/urllib3/__init__.py:35: NotOpenSSLWarning: urllib3 v2 only supports OpenSSL 1.1.1+, currently the 'ssl' module is compiled with 'LibreSSL 2.8.3'. See: https://github.com/urllib3/urllib3/issues/3020
  warnings.warn(
/Users/zhaowenyuan/Projects/FlowFigTabMiner/flowfigtabminer/lib/python3.9/site-packages/urllib3/__init__.py:35: NotOpenSSLWarning: urllib3 v2 only supports OpenSSL 1.1.1+, currently the 'ssl' module is compiled with 'LibreSSL 2.8.3'. See: https://github.com/urllib3/urllib3/issues/3020
  warnings.warn(
/Users/zhaowenyuan/Projects/FlowFigTabMiner/flowfigtabminer/lib/python3.9/site-packages/urllib3/__init__.py:35: NotOpenSSLWarning: urllib3 v2 only supports OpenSSL 1.1.1+, currently the 'ssl' module is compiled with 'LibreSSL 2.8.3'. See: https://github.com/urllib3/urllib3/issues/3020
  warnings.warn(
/Users/zhaowenyuan/Projects/FlowFigTabMiner/flowfigtabminer/lib/python3.9/site-packages/urllib3/__init__.py:35: NotOpenSSLWarning: urllib3 v2 only supports OpenSSL 1.1.1+, currently the 'ssl' module is compiled with 'LibreSSL 2.8.3'. See: https://github.com/urllib3/urllib3/issues/3020
  warnings.warn(
[33mChecking connectivity to the model hosters, this may take a while. To bypass this check, set `DISABLE_MODEL_SOURCE_CHECK` to `True`.[0m
/Users/zhaowenyuan/Projects/FlowFigTabMiner/flowfigtabminer/lib/python3.9/site-packages/urllib3/__init__.py:35: NotOpenSSLWarning: urllib3 v2 only supports OpenSSL 1.1.1+, currently the 'ssl' module is compiled with 'LibreSSL 2.8.3'. See: https://github.com/urllib3/urllib3/issues/3020
  warnings.warn(
/Users/zhaowenyuan/Projects/FlowFigTabMiner/flowfigtabminer/lib/python3.9/site-packages/urllib3/__init__.py:35: NotOpenSSLWarning: urllib3 v2 only supports OpenSSL 1.1.1+, currently the 'ssl' module is compiled with 'LibreSSL 2.8.3'. See: https://github.com/urllib3/urllib3/issues/3020
  warnings.warn(
/Users/zhaowenyuan/Projects/FlowFigTabMiner/flowfigtabminer/lib/python3.9/site-packages/urllib3/__init__.py:35: NotOpenSSLWarning: urllib3 v2 only supports OpenSSL 1.1.1+, currently the 'ssl' module is compiled with 'LibreSSL 2.8.3'. See: https://github.com/urllib3/urllib3/issues/3020
  warnings.warn(
/Users/zhaowenyuan/Projects/FlowFigTabMiner/flowfigtabminer/lib/python3.9/site-packages/urllib3/__init__.py:35: NotOpenSSLWarning: urllib3 v2 only supports OpenSSL 1.1.1+, currently the 'ssl' module is compiled with 'LibreSSL 2.8.3'. See: https://github.com/urllib3/urllib3/issues/3020
  warnings.warn(
/Users/zhaowenyuan/Projects/FlowFigTabMiner/flowfigtabminer/lib/python3.9/site-packages/urllib3/__init__.py:35: NotOpenSSLWarning: urllib3 v2 only supports OpenSSL 1.1.1+, currently the 'ssl' module is compiled with 'LibreSSL 2.8.3'. See: https://github.com/urllib3/urllib3/issues/3020
  warnings.warn(
/Users/zhaowenyuan/Projects/FlowFigTabMiner/flowfigtabminer/lib/python3.9/site-packages/urllib3/__init__.py:35: NotOpenSSLWarning: urllib3 v2 only supports OpenSSL 1.1.1+, currently the 'ssl' module is compiled with 'LibreSSL 2.8.3'. See: https://github.com/urllib3/urllib3/issues/3020
  warnings.warn(
/Users/zhaowenyuan/Projects/FlowFigTabMiner/flowfigtabminer/lib/python3.9/site-packages/urllib3/__init__.py:35: NotOpenSSLWarning: urllib3 v2 only supports OpenSSL 1.1.1+, currently the 'ssl' module is compiled with 'LibreSSL 2.8.3'. See: https://github.com/urllib3/urllib3/issues/3020
  warnings.warn(
/Users/zhaowenyuan/Projects/FlowFigTabMiner/flowfigtabminer/lib/python3.9/site-packages/urllib3/__init__.py:35: NotOpenSSLWarning: urllib3 v2 only supports OpenSSL 1.1.1+, currently the 'ssl' module is compiled with 'LibreSSL 2.8.3'. See: https://github.com/urllib3/urllib3/issues/3020
  warnings.warn(
/Users/zhaowenyuan/Projects/FlowFigTabMiner/flowfigtabminer/lib/python3.9/site-packages/urllib3/__init__.py:35: NotOpenSSLWarning: urllib3 v2 only supports OpenSSL 1.1.1+, currently the 'ssl' module is compiled with 'LibreSSL 2.8.3'. See: https://github.com/urllib3/urllib3/issues/3020
  warnings.warn(
/Users/zhaowenyuan/Projects/FlowFigTabMiner/flowfigtabminer/lib/python3.9/site-packages/urllib3/__init__.py:35: NotOpenSSLWarning: urllib3 v2 only supports OpenSSL 1.1.1+, currently the 'ssl' module is compiled with 'LibreSSL 2.8.3'. See: https://github.com/urllib3/urllib3/issues/3020
  warnings.warn(
/Users/zhaowenyuan/Projects/FlowFigTabMiner/flowfigtabminer/lib/python3.9/site-packages/urllib3/__init__.py:35: NotOpenSSLWarning: urllib3 v2 only supports OpenSSL 1.1.1+, currently the 'ssl' module is compiled with 'LibreSSL 2.8.3'. See: https://github.com/urllib3/urllib3/issues/3020
  warnings.warn(
[33mChecking connectivity to the model hosters, this may take a while. To bypass this check, set `DISABLE_MODEL_SOURCE_CHECK` to `True`.[0m
[33mChecking connectivity to the model hosters, this may take a while. To bypass this check, set `DISABLE_MODEL_SOURCE_CHECK` to `True`.[0m
[33mChecking connectivity to the model hosters, this may take a while. To bypass this check, set `DISABLE_MODEL_SOURCE_CHECK` to `True`.[0m
[33mChecking connectivity to the model hosters, this may take a while. To bypass this check, set `DISABLE_MODEL_SOURCE_CHECK` to `True`.[0m
[33mChecking connectivity to the model hosters, this may take a while. To bypass this check, set `DISABLE_MODEL_SOURCE_CHECK` to `True`.[0m
[33mChecking connectivity to the model hosters, this may take a while. To bypass this check, set `DISABLE_MODEL_SOURCE_CHECK` to `True`.[0m
[33mChecking connectivity to the model hosters, this may take a while. To bypass this check, set `DISABLE_MODEL_SOURCE_CHECK` to `True`.[0m
[33mChecking connectivity to the model hosters, this may take a while. To bypass this check, set `DISABLE_MODEL_SOURCE_CHECK` to `True`.[0m
[33mChecking connectivity to the model hosters, this may take a while. To bypass this check, set `DISABLE_MODEL_SOURCE_CHECK` to `True`.[0m
[33mChecking connectivity to the model hosters, this may take a while. To bypass this check, set `DISABLE_MODEL_SOURCE_CHECK` to `True`.[0m
[33mChecking connectivity to the model hosters, this may take a while. To bypass this check, set `DISABLE_MODEL_SOURCE_CHECK` to `True`.[0m
[33mChecking connectivity to the model hosters, this may take a while. To bypass this check, set `DISABLE_MODEL_SOURCE_CHECK` to `True`.[0m
[33mChecking connectivity to the model hosters, this may take a while. To bypass this check, set `DISABLE_MODEL_SOURCE_CHECK` to `True`.[0m
[33mChecking connectivity to the model hosters, this may take a while. To bypass this check, set `DISABLE_MODEL_SOURCE_CHECK` to `True`.[0m
[33mChecking connectivity to the model hosters, this may take a while. To bypass this check, set `DISABLE_MODEL_SOURCE_CHECK` to `True`.[0m
/Users/zhaowenyuan/Projects/FlowFigTabMiner/flowfigtabminer/lib/python3.9/site-packages/onmt/modules/sparse_activations.py:48: FutureWarning: `torch.cuda.amp.custom_fwd(args...)` is deprecated. Please use `torch.amp.custom_fwd(args..., device_type='cuda')` instead.
  def forward(ctx, input, dim=0):
/Users/zhaowenyuan/Projects/FlowFigTabMiner/flowfigtabminer/lib/python3.9/site-packages/onmt/modules/sparse_activations.py:68: FutureWarning: `torch.cuda.amp.custom_bwd(args...)` is deprecated. Please use `torch.amp.custom_bwd(args..., device_type='cuda')` instead.
  def backward(ctx, grad_output):
/Users/zhaowenyuan/Projects/FlowFigTabMiner/flowfigtabminer/lib/python3.9/site-packages/onmt/modules/sparse_losses.py:13: FutureWarning: `torch.cuda.amp.custom_fwd(args...)` is deprecated. Please use `torch.amp.custom_fwd(args..., device_type='cuda')` instead.
  def forward(ctx, input, target):
/Users/zhaowenyuan/Projects/FlowFigTabMiner/flowfigtabminer/lib/python3.9/site-packages/onmt/modules/sparse_losses.py:37: FutureWarning: `torch.cuda.amp.custom_bwd(args...)` is deprecated. Please use `torch.amp.custom_bwd(args..., device_type='cuda')` instead.
  def backward(ctx, grad_output):
   -> Box 3: SMILES='FC1OC1(c1ccccc1)c1ccccc1' | Masked (White Box)
   -> [Debug] Box 4 sufficient size (233x212). Skipped Upscaling.
/Users/zhaowenyuan/Projects/FlowFigTabMiner/flowfigtabminer/lib/python3.9/site-packages/paddle/utils/cpp_extension/extension_utils.py:712: UserWarning: No ccache found. Please be aware that recompiling all source files may be required. You can download and install ccache from: https://github.com/ccache/ccache/blob/master/doc/INSTALL.md
  warnings.warn(warning_message)
/Users/zhaowenyuan/Projects/FlowFigTabMiner/flowfigtabminer/lib/python3.9/site-packages/paddle/utils/cpp_extension/extension_utils.py:712: UserWarning: No ccache found. Please be aware that recompiling all source files may be required. You can download and install ccache from: https://github.com/ccache/ccache/blob/master/doc/INSTALL.md
  warnings.warn(warning_message)
/Users/zhaowenyuan/Projects/FlowFigTabMiner/flowfigtabminer/lib/python3.9/site-packages/paddle/utils/cpp_extension/extension_utils.py:712: UserWarning: No ccache found. Please be aware that recompiling all source files may be required. You can download and install ccache from: https://github.com/ccache/ccache/blob/master/doc/INSTALL.md
  warnings.warn(warning_message)
/Users/zhaowenyuan/Projects/FlowFigTabMiner/flowfigtabminer/lib/python3.9/site-packages/paddle/utils/cpp_extension/extension_utils.py:712: UserWarning: No ccache found. Please be aware that recompiling all source files may be required. You can download and install ccache from: https://github.com/ccache/ccache/blob/master/doc/INSTALL.md
  warnings.warn(warning_message)
/Users/zhaowenyuan/Projects/FlowFigTabMiner/flowfigtabminer/lib/python3.9/site-packages/paddle/utils/cpp_extension/extension_utils.py:712: UserWarning: No ccache found. Please be aware that recompiling all source files may be required. You can download and install ccache from: https://github.com/ccache/ccache/blob/master/doc/INSTALL.md
  warnings.warn(warning_message)
/Users/zhaowenyuan/Projects/FlowFigTabMiner/flowfigtabminer/lib/python3.9/site-packages/paddle/utils/cpp_extension/extension_utils.py:712: UserWarning: No ccache found. Please be aware that recompiling all source files may be required. You can download and install ccache from: https://github.com/ccache/ccache/blob/master/doc/INSTALL.md
  warnings.warn(warning_message)
/Users/zhaowenyuan/Projects/FlowFigTabMiner/flowfigtabminer/lib/python3.9/site-packages/paddle/utils/cpp_extension/extension_utils.py:712: UserWarning: No ccache found. Please be aware that recompiling all source files may be required. You can download and install ccache from: https://github.com/ccache/ccache/blob/master/doc/INSTALL.md
  warnings.warn(warning_message)
/Users/zhaowenyuan/Projects/FlowFigTabMiner/flowfigtabminer/lib/python3.9/site-packages/paddle/utils/cpp_extension/extension_utils.py:712: UserWarning: No ccache found. Please be aware that recompiling all source files may be required. You can download and install ccache from: https://github.com/ccache/ccache/blob/master/doc/INSTALL.md
  warnings.warn(warning_message)
/Users/zhaowenyuan/Projects/FlowFigTabMiner/flowfigtabminer/lib/python3.9/site-packages/paddle/utils/cpp_extension/extension_utils.py:712: UserWarning: No ccache found. Please be aware that recompiling all source files may be required. You can download and install ccache from: https://github.com/ccache/ccache/blob/master/doc/INSTALL.md
  warnings.warn(warning_message)
/Users/zhaowenyuan/Projects/FlowFigTabMiner/flowfigtabminer/lib/python3.9/site-packages/paddle/utils/cpp_extension/extension_utils.py:712: UserWarning: No ccache found. Please be aware that recompiling all source files may be required. You can download and install ccache from: https://github.com/ccache/ccache/blob/master/doc/INSTALL.md
  warnings.warn(warning_message)
/Users/zhaowenyuan/Projects/FlowFigTabMiner/flowfigtabminer/lib/python3.9/site-packages/paddle/utils/cpp_extension/extension_utils.py:712: UserWarning: No ccache found. Please be aware that recompiling all source files may be required. You can download and install ccache from: https://github.com/ccache/ccache/blob/master/doc/INSTALL.md
  warnings.warn(warning_message)
/Users/zhaowenyuan/Projects/FlowFigTabMiner/flowfigtabminer/lib/python3.9/site-packages/paddle/utils/cpp_extension/extension_utils.py:712: UserWarning: No ccache found. Please be aware that recompiling all source files may be required. You can download and install ccache from: https://github.com/ccache/ccache/blob/master/doc/INSTALL.md
  warnings.warn(warning_message)
/Users/zhaowenyuan/Projects/FlowFigTabMiner/flowfigtabminer/lib/python3.9/site-packages/paddle/utils/cpp_extension/extension_utils.py:712: UserWarning: No ccache found. Please be aware that recompiling all source files may be required. You can download and install ccache from: https://github.com/ccache/ccache/blob/master/doc/INSTALL.md
  warnings.warn(warning_message)
/Users/zhaowenyuan/Projects/FlowFigTabMiner/flowfigtabminer/lib/python3.9/site-packages/paddle/utils/cpp_extension/extension_utils.py:712: UserWarning: No ccache found. Please be aware that recompiling all source files may be required. You can download and install ccache from: https://github.com/ccache/ccache/blob/master/doc/INSTALL.md
  warnings.warn(warning_message)
/Users/zhaowenyuan/Projects/FlowFigTabMiner/flowfigtabminer/lib/python3.9/site-packages/paddle/utils/cpp_extension/extension_utils.py:712: UserWarning: No ccache found. Please be aware that recompiling all source files may be required. You can download and install ccache from: https://github.com/ccache/ccache/blob/master/doc/INSTALL.md
  warnings.warn(warning_message)
/Users/zhaowenyuan/Projects/FlowFigTabMiner/flowfigtabminer/lib/python3.9/site-packages/paddle/utils/cpp_extension/extension_utils.py:712: UserWarning: No ccache found. Please be aware that recompiling all source files may be required. You can download and install ccache from: https://github.com/ccache/ccache/blob/master/doc/INSTALL.md
  warnings.warn(warning_message)
/Users/zhaowenyuan/Projects/FlowFigTabMiner/flowfigtabminer/lib/python3.9/site-packages/urllib3/__init__.py:35: NotOpenSSLWarning: urllib3 v2 only supports OpenSSL 1.1.1+, currently the 'ssl' module is compiled with 'LibreSSL 2.8.3'. See: https://github.com/urllib3/urllib3/issues/3020
  warnings.warn(
/Users/zhaowenyuan/Projects/FlowFigTabMiner/flowfigtabminer/lib/python3.9/site-packages/urllib3/__init__.py:35: NotOpenSSLWarning: urllib3 v2 only supports OpenSSL 1.1.1+, currently the 'ssl' module is compiled with 'LibreSSL 2.8.3'. See: https://github.com/urllib3/urllib3/issues/3020
  warnings.warn(
/Users/zhaowenyuan/Projects/FlowFigTabMiner/flowfigtabminer/lib/python3.9/site-packages/urllib3/__init__.py:35: NotOpenSSLWarning: urllib3 v2 only supports OpenSSL 1.1.1+, currently the 'ssl' module is compiled with 'LibreSSL 2.8.3'. See: https://github.com/urllib3/urllib3/issues/3020
  warnings.warn(
/Users/zhaowenyuan/Projects/FlowFigTabMiner/flowfigtabminer/lib/python3.9/site-packages/urllib3/__init__.py:35: NotOpenSSLWarning: urllib3 v2 only supports OpenSSL 1.1.1+, currently the 'ssl' module is compiled with 'LibreSSL 2.8.3'. See: https://github.com/urllib3/urllib3/issues/3020
  warnings.warn(
/Users/zhaowenyuan/Projects/FlowFigTabMiner/flowfigtabminer/lib/python3.9/site-packages/urllib3/__init__.py:35: NotOpenSSLWarning: urllib3 v2 only supports OpenSSL 1.1.1+, currently the 'ssl' module is compiled with 'LibreSSL 2.8.3'. See: https://github.com/urllib3/urllib3/issues/3020
  warnings.warn(
/Users/zhaowenyuan/Projects/FlowFigTabMiner/flowfigtabminer/lib/python3.9/site-packages/urllib3/__init__.py:35: NotOpenSSLWarning: urllib3 v2 only supports OpenSSL 1.1.1+, currently the 'ssl' module is compiled with 'LibreSSL 2.8.3'. See: https://github.com/urllib3/urllib3/issues/3020
  warnings.warn(
/Users/zhaowenyuan/Projects/FlowFigTabMiner/flowfigtabminer/lib/python3.9/site-packages/urllib3/__init__.py:35: NotOpenSSLWarning: urllib3 v2 only supports OpenSSL 1.1.1+, currently the 'ssl' module is compiled with 'LibreSSL 2.8.3'. See: https://github.com/urllib3/urllib3/issues/3020
  warnings.warn(
/Users/zhaowenyuan/Projects/FlowFigTabMiner/flowfigtabminer/lib/python3.9/site-packages/urllib3/__init__.py:35: NotOpenSSLWarning: urllib3 v2 only supports OpenSSL 1.1.1+, currently the 'ssl' module is compiled with 'LibreSSL 2.8.3'. See: https://github.com/urllib3/urllib3/issues/3020
  warnings.warn(
/Users/zhaowenyuan/Projects/FlowFigTabMiner/flowfigtabminer/lib/python3.9/site-packages/urllib3/__init__.py:35: NotOpenSSLWarning: urllib3 v2 only supports OpenSSL 1.1.1+, currently the 'ssl' module is compiled with 'LibreSSL 2.8.3'. See: https://github.com/urllib3/urllib3/issues/3020
  warnings.warn(
/Users/zhaowenyuan/Projects/FlowFigTabMiner/flowfigtabminer/lib/python3.9/site-packages/urllib3/__init__.py:35: NotOpenSSLWarning: urllib3 v2 only supports OpenSSL 1.1.1+, currently the 'ssl' module is compiled with 'LibreSSL 2.8.3'. See: https://github.com/urllib3/urllib3/issues/3020
  warnings.warn(
/Users/zhaowenyuan/Projects/FlowFigTabMiner/flowfigtabminer/lib/python3.9/site-packages/urllib3/__init__.py:35: NotOpenSSLWarning: urllib3 v2 only supports OpenSSL 1.1.1+, currently the 'ssl' module is compiled with 'LibreSSL 2.8.3'. See: https://github.com/urllib3/urllib3/issues/3020
  warnings.warn(
/Users/zhaowenyuan/Projects/FlowFigTabMiner/flowfigtabminer/lib/python3.9/site-packages/urllib3/__init__.py:35: NotOpenSSLWarning: urllib3 v2 only supports OpenSSL 1.1.1+, currently the 'ssl' module is compiled with 'LibreSSL 2.8.3'. See: https://github.com/urllib3/urllib3/issues/3020
  warnings.warn(
/Users/zhaowenyuan/Projects/FlowFigTabMiner/flowfigtabminer/lib/python3.9/site-packages/urllib3/__init__.py:35: NotOpenSSLWarning: urllib3 v2 only supports OpenSSL 1.1.1+, currently the 'ssl' module is compiled with 'LibreSSL 2.8.3'. See: https://github.com/urllib3/urllib3/issues/3020
  warnings.warn(
/Users/zhaowenyuan/Projects/FlowFigTabMiner/flowfigtabminer/lib/python3.9/site-packages/urllib3/__init__.py:35: NotOpenSSLWarning: urllib3 v2 only supports OpenSSL 1.1.1+, currently the 'ssl' module is compiled with 'LibreSSL 2.8.3'. See: https://github.com/urllib3/urllib3/issues/3020
  warnings.warn(
[33mChecking connectivity to the model hosters, this may take a while. To bypass this check, set `DISABLE_MODEL_SOURCE_CHECK` to `True`.[0m
/Users/zhaowenyuan/Projects/FlowFigTabMiner/flowfigtabminer/lib/python3.9/site-packages/urllib3/__init__.py:35: NotOpenSSLWarning: urllib3 v2 only supports OpenSSL 1.1.1+, currently the 'ssl' module is compiled with 'LibreSSL 2.8.3'. See: https://github.com/urllib3/urllib3/issues/3020
  warnings.warn(
/Users/zhaowenyuan/Projects/FlowFigTabMiner/flowfigtabminer/lib/python3.9/site-packages/urllib3/__init__.py:35: NotOpenSSLWarning: urllib3 v2 only supports OpenSSL 1.1.1+, currently the 'ssl' module is compiled with 'LibreSSL 2.8.3'. See: https://github.com/urllib3/urllib3/issues/3020
  warnings.warn(
[33mChecking connectivity to the model hosters, this may take a while. To bypass this check, set `DISABLE_MODEL_SOURCE_CHECK` to `True`.[0m
[33mChecking connectivity to the model hosters, this may take a while. To bypass this check, set `DISABLE_MODEL_SOURCE_CHECK` to `True`.[0m
[33mChecking connectivity to the model hosters, this may take a while. To bypass this check, set `DISABLE_MODEL_SOURCE_CHECK` to `True`.[0m
[33mChecking connectivity to the model hosters, this may take a while. To bypass this check, set `DISABLE_MODEL_SOURCE_CHECK` to `True`.[0m
[33mChecking connectivity to the model hosters, this may take a while. To bypass this check, set `DISABLE_MODEL_SOURCE_CHECK` to `True`.[0m
[33mChecking connectivity to the model hosters, this may take a while. To bypass this check, set `DISABLE_MODEL_SOURCE_CHECK` to `True`.[0m
[33mChecking connectivity to the model hosters, this may take a while. To bypass this check, set `DISABLE_MODEL_SOURCE_CHECK` to `True`.[0m
[33mChecking connectivity to the model hosters, this may take a while. To bypass this check, set `DISABLE_MODEL_SOURCE_CHECK` to `True`.[0m
[33mChecking connectivity to the model hosters, this may take a while. To bypass this check, set `DISABLE_MODEL_SOURCE_CHECK` to `True`.[0m
[33mChecking connectivity to the model hosters, this may take a while. To bypass this check, set `DISABLE_MODEL_SOURCE_CHECK` to `True`.[0m
[33mChecking connectivity to the model hosters, this may take a while. To bypass this check, set `DISABLE_MODEL_SOURCE_CHECK` to `True`.[0m
[33mChecking connectivity to the model hosters, this may take a while. To bypass this check, set `DISABLE_MODEL_SOURCE_CHECK` to `True`.[0m
[33mChecking connectivity to the model hosters, this may take a while. To bypass this check, set `DISABLE_MODEL_SOURCE_CHECK` to `True`.[0m
[33mChecking connectivity to the model hosters, this may take a while. To bypass this check, set `DISABLE_MODEL_SOURCE_CHECK` to `True`.[0m
[33mChecking connectivity to the model hosters, this may take a while. To bypass this check, set `DISABLE_MODEL_SOURCE_CHECK` to `True`.[0m
/Users/zhaowenyuan/Projects/FlowFigTabMiner/flowfigtabminer/lib/python3.9/site-packages/onmt/modules/sparse_activations.py:48: FutureWarning: `torch.cuda.amp.custom_fwd(args...)` is deprecated. Please use `torch.amp.custom_fwd(args..., device_type='cuda')` instead.
  def forward(ctx, input, dim=0):
/Users/zhaowenyuan/Projects/FlowFigTabMiner/flowfigtabminer/lib/python3.9/site-packages/onmt/modules/sparse_activations.py:68: FutureWarning: `torch.cuda.amp.custom_bwd(args...)` is deprecated. Please use `torch.amp.custom_bwd(args..., device_type='cuda')` instead.
  def backward(ctx, grad_output):
/Users/zhaowenyuan/Projects/FlowFigTabMiner/flowfigtabminer/lib/python3.9/site-packages/onmt/modules/sparse_losses.py:13: FutureWarning: `torch.cuda.amp.custom_fwd(args...)` is deprecated. Please use `torch.amp.custom_fwd(args..., device_type='cuda')` instead.
  def forward(ctx, input, target):
/Users/zhaowenyuan/Projects/FlowFigTabMiner/flowfigtabminer/lib/python3.9/site-packages/onmt/modules/sparse_losses.py:37: FutureWarning: `torch.cuda.amp.custom_bwd(args...)` is deprecated. Please use `torch.amp.custom_bwd(args..., device_type='cuda')` instead.
  def backward(ctx, grad_output):
   -> Box 4: SMILES='CCC(C(=O)N(C)OC)c1ccccc1' | Masked (White Box)
   -> [Debug] Upscaled TINY box 5 by 1.8x (264x166 -> 477x300)
/Users/zhaowenyuan/Projects/FlowFigTabMiner/flowfigtabminer/lib/python3.9/site-packages/paddle/utils/cpp_extension/extension_utils.py:712: UserWarning: No ccache found. Please be aware that recompiling all source files may be required. You can download and install ccache from: https://github.com/ccache/ccache/blob/master/doc/INSTALL.md
  warnings.warn(warning_message)
/Users/zhaowenyuan/Projects/FlowFigTabMiner/flowfigtabminer/lib/python3.9/site-packages/paddle/utils/cpp_extension/extension_utils.py:712: UserWarning: No ccache found. Please be aware that recompiling all source files may be required. You can download and install ccache from: https://github.com/ccache/ccache/blob/master/doc/INSTALL.md
  warnings.warn(warning_message)
/Users/zhaowenyuan/Projects/FlowFigTabMiner/flowfigtabminer/lib/python3.9/site-packages/paddle/utils/cpp_extension/extension_utils.py:712: UserWarning: No ccache found. Please be aware that recompiling all source files may be required. You can download and install ccache from: https://github.com/ccache/ccache/blob/master/doc/INSTALL.md
  warnings.warn(warning_message)
/Users/zhaowenyuan/Projects/FlowFigTabMiner/flowfigtabminer/lib/python3.9/site-packages/paddle/utils/cpp_extension/extension_utils.py:712: UserWarning: No ccache found. Please be aware that recompiling all source files may be required. You can download and install ccache from: https://github.com/ccache/ccache/blob/master/doc/INSTALL.md
  warnings.warn(warning_message)
/Users/zhaowenyuan/Projects/FlowFigTabMiner/flowfigtabminer/lib/python3.9/site-packages/paddle/utils/cpp_extension/extension_utils.py:712: UserWarning: No ccache found. Please be aware that recompiling all source files may be required. You can download and install ccache from: https://github.com/ccache/ccache/blob/master/doc/INSTALL.md
  warnings.warn(warning_message)
/Users/zhaowenyuan/Projects/FlowFigTabMiner/flowfigtabminer/lib/python3.9/site-packages/paddle/utils/cpp_extension/extension_utils.py:712: UserWarning: No ccache found. Please be aware that recompiling all source files may be required. You can download and install ccache from: https://github.com/ccache/ccache/blob/master/doc/INSTALL.md
  warnings.warn(warning_message)
/Users/zhaowenyuan/Projects/FlowFigTabMiner/flowfigtabminer/lib/python3.9/site-packages/paddle/utils/cpp_extension/extension_utils.py:712: UserWarning: No ccache found. Please be aware that recompiling all source files may be required. You can download and install ccache from: https://github.com/ccache/ccache/blob/master/doc/INSTALL.md
  warnings.warn(warning_message)
/Users/zhaowenyuan/Projects/FlowFigTabMiner/flowfigtabminer/lib/python3.9/site-packages/paddle/utils/cpp_extension/extension_utils.py:712: UserWarning: No ccache found. Please be aware that recompiling all source files may be required. You can download and install ccache from: https://github.com/ccache/ccache/blob/master/doc/INSTALL.md
  warnings.warn(warning_message)
/Users/zhaowenyuan/Projects/FlowFigTabMiner/flowfigtabminer/lib/python3.9/site-packages/paddle/utils/cpp_extension/extension_utils.py:712: UserWarning: No ccache found. Please be aware that recompiling all source files may be required. You can download and install ccache from: https://github.com/ccache/ccache/blob/master/doc/INSTALL.md
  warnings.warn(warning_message)
/Users/zhaowenyuan/Projects/FlowFigTabMiner/flowfigtabminer/lib/python3.9/site-packages/paddle/utils/cpp_extension/extension_utils.py:712: UserWarning: No ccache found. Please be aware that recompiling all source files may be required. You can download and install ccache from: https://github.com/ccache/ccache/blob/master/doc/INSTALL.md
  warnings.warn(warning_message)
/Users/zhaowenyuan/Projects/FlowFigTabMiner/flowfigtabminer/lib/python3.9/site-packages/paddle/utils/cpp_extension/extension_utils.py:712: UserWarning: No ccache found. Please be aware that recompiling all source files may be required. You can download and install ccache from: https://github.com/ccache/ccache/blob/master/doc/INSTALL.md
  warnings.warn(warning_message)
/Users/zhaowenyuan/Projects/FlowFigTabMiner/flowfigtabminer/lib/python3.9/site-packages/paddle/utils/cpp_extension/extension_utils.py:712: UserWarning: No ccache found. Please be aware that recompiling all source files may be required. You can download and install ccache from: https://github.com/ccache/ccache/blob/master/doc/INSTALL.md
  warnings.warn(warning_message)
/Users/zhaowenyuan/Projects/FlowFigTabMiner/flowfigtabminer/lib/python3.9/site-packages/paddle/utils/cpp_extension/extension_utils.py:712: UserWarning: No ccache found. Please be aware that recompiling all source files may be required. You can download and install ccache from: https://github.com/ccache/ccache/blob/master/doc/INSTALL.md
  warnings.warn(warning_message)
/Users/zhaowenyuan/Projects/FlowFigTabMiner/flowfigtabminer/lib/python3.9/site-packages/paddle/utils/cpp_extension/extension_utils.py:712: UserWarning: No ccache found. Please be aware that recompiling all source files may be required. You can download and install ccache from: https://github.com/ccache/ccache/blob/master/doc/INSTALL.md
  warnings.warn(warning_message)
/Users/zhaowenyuan/Projects/FlowFigTabMiner/flowfigtabminer/lib/python3.9/site-packages/paddle/utils/cpp_extension/extension_utils.py:712: UserWarning: No ccache found. Please be aware that recompiling all source files may be required. You can download and install ccache from: https://github.com/ccache/ccache/blob/master/doc/INSTALL.md
  warnings.warn(warning_message)
/Users/zhaowenyuan/Projects/FlowFigTabMiner/flowfigtabminer/lib/python3.9/site-packages/paddle/utils/cpp_extension/extension_utils.py:712: UserWarning: No ccache found. Please be aware that recompiling all source files may be required. You can download and install ccache from: https://github.com/ccache/ccache/blob/master/doc/INSTALL.md
  warnings.warn(warning_message)
/Users/zhaowenyuan/Projects/FlowFigTabMiner/flowfigtabminer/lib/python3.9/site-packages/urllib3/__init__.py:35: NotOpenSSLWarning: urllib3 v2 only supports OpenSSL 1.1.1+, currently the 'ssl' module is compiled with 'LibreSSL 2.8.3'. See: https://github.com/urllib3/urllib3/issues/3020
  warnings.warn(
/Users/zhaowenyuan/Projects/FlowFigTabMiner/flowfigtabminer/lib/python3.9/site-packages/urllib3/__init__.py:35: NotOpenSSLWarning: urllib3 v2 only supports OpenSSL 1.1.1+, currently the 'ssl' module is compiled with 'LibreSSL 2.8.3'. See: https://github.com/urllib3/urllib3/issues/3020
  warnings.warn(
/Users/zhaowenyuan/Projects/FlowFigTabMiner/flowfigtabminer/lib/python3.9/site-packages/urllib3/__init__.py:35: NotOpenSSLWarning: urllib3 v2 only supports OpenSSL 1.1.1+, currently the 'ssl' module is compiled with 'LibreSSL 2.8.3'. See: https://github.com/urllib3/urllib3/issues/3020
  warnings.warn(
/Users/zhaowenyuan/Projects/FlowFigTabMiner/flowfigtabminer/lib/python3.9/site-packages/urllib3/__init__.py:35: NotOpenSSLWarning: urllib3 v2 only supports OpenSSL 1.1.1+, currently the 'ssl' module is compiled with 'LibreSSL 2.8.3'. See: https://github.com/urllib3/urllib3/issues/3020
  warnings.warn(
/Users/zhaowenyuan/Projects/FlowFigTabMiner/flowfigtabminer/lib/python3.9/site-packages/urllib3/__init__.py:35: NotOpenSSLWarning: urllib3 v2 only supports OpenSSL 1.1.1+, currently the 'ssl' module is compiled with 'LibreSSL 2.8.3'. See: https://github.com/urllib3/urllib3/issues/3020
  warnings.warn(
/Users/zhaowenyuan/Projects/FlowFigTabMiner/flowfigtabminer/lib/python3.9/site-packages/urllib3/__init__.py:35: NotOpenSSLWarning: urllib3 v2 only supports OpenSSL 1.1.1+, currently the 'ssl' module is compiled with 'LibreSSL 2.8.3'. See: https://github.com/urllib3/urllib3/issues/3020
  warnings.warn(
[33mChecking connectivity to the model hosters, this may take a while. To bypass this check, set `DISABLE_MODEL_SOURCE_CHECK` to `True`.[0m
/Users/zhaowenyuan/Projects/FlowFigTabMiner/flowfigtabminer/lib/python3.9/site-packages/urllib3/__init__.py:35: NotOpenSSLWarning: urllib3 v2 only supports OpenSSL 1.1.1+, currently the 'ssl' module is compiled with 'LibreSSL 2.8.3'. See: https://github.com/urllib3/urllib3/issues/3020
  warnings.warn(
/Users/zhaowenyuan/Projects/FlowFigTabMiner/flowfigtabminer/lib/python3.9/site-packages/urllib3/__init__.py:35: NotOpenSSLWarning: urllib3 v2 only supports OpenSSL 1.1.1+, currently the 'ssl' module is compiled with 'LibreSSL 2.8.3'. See: https://github.com/urllib3/urllib3/issues/3020
  warnings.warn(
/Users/zhaowenyuan/Projects/FlowFigTabMiner/flowfigtabminer/lib/python3.9/site-packages/urllib3/__init__.py:35: NotOpenSSLWarning: urllib3 v2 only supports OpenSSL 1.1.1+, currently the 'ssl' module is compiled with 'LibreSSL 2.8.3'. See: https://github.com/urllib3/urllib3/issues/3020
  warnings.warn(
/Users/zhaowenyuan/Projects/FlowFigTabMiner/flowfigtabminer/lib/python3.9/site-packages/urllib3/__init__.py:35: NotOpenSSLWarning: urllib3 v2 only supports OpenSSL 1.1.1+, currently the 'ssl' module is compiled with 'LibreSSL 2.8.3'. See: https://github.com/urllib3/urllib3/issues/3020
  warnings.warn(
/Users/zhaowenyuan/Projects/FlowFigTabMiner/flowfigtabminer/lib/python3.9/site-packages/urllib3/__init__.py:35: NotOpenSSLWarning: urllib3 v2 only supports OpenSSL 1.1.1+, currently the 'ssl' module is compiled with 'LibreSSL 2.8.3'. See: https://github.com/urllib3/urllib3/issues/3020
  warnings.warn(
/Users/zhaowenyuan/Projects/FlowFigTabMiner/flowfigtabminer/lib/python3.9/site-packages/urllib3/__init__.py:35: NotOpenSSLWarning: urllib3 v2 only supports OpenSSL 1.1.1+, currently the 'ssl' module is compiled with 'LibreSSL 2.8.3'. See: https://github.com/urllib3/urllib3/issues/3020
  warnings.warn(
/Users/zhaowenyuan/Projects/FlowFigTabMiner/flowfigtabminer/lib/python3.9/site-packages/urllib3/__init__.py:35: NotOpenSSLWarning: urllib3 v2 only supports OpenSSL 1.1.1+, currently the 'ssl' module is compiled with 'LibreSSL 2.8.3'. See: https://github.com/urllib3/urllib3/issues/3020
  warnings.warn(
/Users/zhaowenyuan/Projects/FlowFigTabMiner/flowfigtabminer/lib/python3.9/site-packages/urllib3/__init__.py:35: NotOpenSSLWarning: urllib3 v2 only supports OpenSSL 1.1.1+, currently the 'ssl' module is compiled with 'LibreSSL 2.8.3'. See: https://github.com/urllib3/urllib3/issues/3020
  warnings.warn(
/Users/zhaowenyuan/Projects/FlowFigTabMiner/flowfigtabminer/lib/python3.9/site-packages/urllib3/__init__.py:35: NotOpenSSLWarning: urllib3 v2 only supports OpenSSL 1.1.1+, currently the 'ssl' module is compiled with 'LibreSSL 2.8.3'. See: https://github.com/urllib3/urllib3/issues/3020
  warnings.warn(
/Users/zhaowenyuan/Projects/FlowFigTabMiner/flowfigtabminer/lib/python3.9/site-packages/urllib3/__init__.py:35: NotOpenSSLWarning: urllib3 v2 only supports OpenSSL 1.1.1+, currently the 'ssl' module is compiled with 'LibreSSL 2.8.3'. See: https://github.com/urllib3/urllib3/issues/3020
  warnings.warn(
[33mChecking connectivity to the model hosters, this may take a while. To bypass this check, set `DISABLE_MODEL_SOURCE_CHECK` to `True`.[0m
[33mChecking connectivity to the model hosters, this may take a while. To bypass this check, set `DISABLE_MODEL_SOURCE_CHECK` to `True`.[0m
[33mChecking connectivity to the model hosters, this may take a while. To bypass this check, set `DISABLE_MODEL_SOURCE_CHECK` to `True`.[0m
[33mChecking connectivity to the model hosters, this may take a while. To bypass this check, set `DISABLE_MODEL_SOURCE_CHECK` to `True`.[0m
[33mChecking connectivity to the model hosters, this may take a while. To bypass this check, set `DISABLE_MODEL_SOURCE_CHECK` to `True`.[0m
[33mChecking connectivity to the model hosters, this may take a while. To bypass this check, set `DISABLE_MODEL_SOURCE_CHECK` to `True`.[0m
[33mChecking connectivity to the model hosters, this may take a while. To bypass this check, set `DISABLE_MODEL_SOURCE_CHECK` to `True`.[0m
[33mChecking connectivity to the model hosters, this may take a while. To bypass this check, set `DISABLE_MODEL_SOURCE_CHECK` to `True`.[0m
[33mChecking connectivity to the model hosters, this may take a while. To bypass this check, set `DISABLE_MODEL_SOURCE_CHECK` to `True`.[0m
[33mChecking connectivity to the model hosters, this may take a while. To bypass this check, set `DISABLE_MODEL_SOURCE_CHECK` to `True`.[0m
[33mChecking connectivity to the model hosters, this may take a while. To bypass this check, set `DISABLE_MODEL_SOURCE_CHECK` to `True`.[0m
[33mChecking connectivity to the model hosters, this may take a while. To bypass this check, set `DISABLE_MODEL_SOURCE_CHECK` to `True`.[0m
[33mChecking connectivity to the model hosters, this may take a while. To bypass this check, set `DISABLE_MODEL_SOURCE_CHECK` to `True`.[0m
[33mChecking connectivity to the model hosters, this may take a while. To bypass this check, set `DISABLE_MODEL_SOURCE_CHECK` to `True`.[0m
[33mChecking connectivity to the model hosters, this may take a while. To bypass this check, set `DISABLE_MODEL_SOURCE_CHECK` to `True`.[0m
/Users/zhaowenyuan/Projects/FlowFigTabMiner/flowfigtabminer/lib/python3.9/site-packages/onmt/modules/sparse_activations.py:48: FutureWarning: `torch.cuda.amp.custom_fwd(args...)` is deprecated. Please use `torch.amp.custom_fwd(args..., device_type='cuda')` instead.
  def forward(ctx, input, dim=0):
/Users/zhaowenyuan/Projects/FlowFigTabMiner/flowfigtabminer/lib/python3.9/site-packages/onmt/modules/sparse_activations.py:68: FutureWarning: `torch.cuda.amp.custom_bwd(args...)` is deprecated. Please use `torch.amp.custom_bwd(args..., device_type='cuda')` instead.
  def backward(ctx, grad_output):
/Users/zhaowenyuan/Projects/FlowFigTabMiner/flowfigtabminer/lib/python3.9/site-packages/onmt/modules/sparse_losses.py:13: FutureWarning: `torch.cuda.amp.custom_fwd(args...)` is deprecated. Please use `torch.amp.custom_fwd(args..., device_type='cuda')` instead.
  def forward(ctx, input, target):
/Users/zhaowenyuan/Projects/FlowFigTabMiner/flowfigtabminer/lib/python3.9/site-packages/onmt/modules/sparse_losses.py:37: FutureWarning: `torch.cuda.amp.custom_bwd(args...)` is deprecated. Please use `torch.amp.custom_bwd(args..., device_type='cuda')` instead.
  def backward(ctx, grad_output):
   -> Box 5: SMILES='CON(C)C(=O)/C=C/c1ccccc1' | Masked (White Box)
   -> [Debug] Upscaled TINY box 6 by 1.7x (262x178 -> 441x300)
/Users/zhaowenyuan/Projects/FlowFigTabMiner/flowfigtabminer/lib/python3.9/site-packages/paddle/utils/cpp_extension/extension_utils.py:712: UserWarning: No ccache found. Please be aware that recompiling all source files may be required. You can download and install ccache from: https://github.com/ccache/ccache/blob/master/doc/INSTALL.md
  warnings.warn(warning_message)
/Users/zhaowenyuan/Projects/FlowFigTabMiner/flowfigtabminer/lib/python3.9/site-packages/paddle/utils/cpp_extension/extension_utils.py:712: UserWarning: No ccache found. Please be aware that recompiling all source files may be required. You can download and install ccache from: https://github.com/ccache/ccache/blob/master/doc/INSTALL.md
  warnings.warn(warning_message)
/Users/zhaowenyuan/Projects/FlowFigTabMiner/flowfigtabminer/lib/python3.9/site-packages/paddle/utils/cpp_extension/extension_utils.py:712: UserWarning: No ccache found. Please be aware that recompiling all source files may be required. You can download and install ccache from: https://github.com/ccache/ccache/blob/master/doc/INSTALL.md
  warnings.warn(warning_message)
/Users/zhaowenyuan/Projects/FlowFigTabMiner/flowfigtabminer/lib/python3.9/site-packages/paddle/utils/cpp_extension/extension_utils.py:712: UserWarning: No ccache found. Please be aware that recompiling all source files may be required. You can download and install ccache from: https://github.com/ccache/ccache/blob/master/doc/INSTALL.md
  warnings.warn(warning_message)
/Users/zhaowenyuan/Projects/FlowFigTabMiner/flowfigtabminer/lib/python3.9/site-packages/paddle/utils/cpp_extension/extension_utils.py:712: UserWarning: No ccache found. Please be aware that recompiling all source files may be required. You can download and install ccache from: https://github.com/ccache/ccache/blob/master/doc/INSTALL.md
  warnings.warn(warning_message)
/Users/zhaowenyuan/Projects/FlowFigTabMiner/flowfigtabminer/lib/python3.9/site-packages/paddle/utils/cpp_extension/extension_utils.py:712: UserWarning: No ccache found. Please be aware that recompiling all source files may be required. You can download and install ccache from: https://github.com/ccache/ccache/blob/master/doc/INSTALL.md
  warnings.warn(warning_message)
/Users/zhaowenyuan/Projects/FlowFigTabMiner/flowfigtabminer/lib/python3.9/site-packages/paddle/utils/cpp_extension/extension_utils.py:712: UserWarning: No ccache found. Please be aware that recompiling all source files may be required. You can download and install ccache from: https://github.com/ccache/ccache/blob/master/doc/INSTALL.md
  warnings.warn(warning_message)
/Users/zhaowenyuan/Projects/FlowFigTabMiner/flowfigtabminer/lib/python3.9/site-packages/paddle/utils/cpp_extension/extension_utils.py:712: UserWarning: No ccache found. Please be aware that recompiling all source files may be required. You can download and install ccache from: https://github.com/ccache/ccache/blob/master/doc/INSTALL.md
  warnings.warn(warning_message)
/Users/zhaowenyuan/Projects/FlowFigTabMiner/flowfigtabminer/lib/python3.9/site-packages/paddle/utils/cpp_extension/extension_utils.py:712: UserWarning: No ccache found. Please be aware that recompiling all source files may be required. You can download and install ccache from: https://github.com/ccache/ccache/blob/master/doc/INSTALL.md
  warnings.warn(warning_message)
/Users/zhaowenyuan/Projects/FlowFigTabMiner/flowfigtabminer/lib/python3.9/site-packages/paddle/utils/cpp_extension/extension_utils.py:712: UserWarning: No ccache found. Please be aware that recompiling all source files may be required. You can download and install ccache from: https://github.com/ccache/ccache/blob/master/doc/INSTALL.md
  warnings.warn(warning_message)
/Users/zhaowenyuan/Projects/FlowFigTabMiner/flowfigtabminer/lib/python3.9/site-packages/paddle/utils/cpp_extension/extension_utils.py:712: UserWarning: No ccache found. Please be aware that recompiling all source files may be required. You can download and install ccache from: https://github.com/ccache/ccache/blob/master/doc/INSTALL.md
  warnings.warn(warning_message)
/Users/zhaowenyuan/Projects/FlowFigTabMiner/flowfigtabminer/lib/python3.9/site-packages/paddle/utils/cpp_extension/extension_utils.py:712: UserWarning: No ccache found. Please be aware that recompiling all source files may be required. You can download and install ccache from: https://github.com/ccache/ccache/blob/master/doc/INSTALL.md
  warnings.warn(warning_message)
/Users/zhaowenyuan/Projects/FlowFigTabMiner/flowfigtabminer/lib/python3.9/site-packages/paddle/utils/cpp_extension/extension_utils.py:712: UserWarning: No ccache found. Please be aware that recompiling all source files may be required. You can download and install ccache from: https://github.com/ccache/ccache/blob/master/doc/INSTALL.md
  warnings.warn(warning_message)
/Users/zhaowenyuan/Projects/FlowFigTabMiner/flowfigtabminer/lib/python3.9/site-packages/paddle/utils/cpp_extension/extension_utils.py:712: UserWarning: No ccache found. Please be aware that recompiling all source files may be required. You can download and install ccache from: https://github.com/ccache/ccache/blob/master/doc/INSTALL.md
  warnings.warn(warning_message)
/Users/zhaowenyuan/Projects/FlowFigTabMiner/flowfigtabminer/lib/python3.9/site-packages/paddle/utils/cpp_extension/extension_utils.py:712: UserWarning: No ccache found. Please be aware that recompiling all source files may be required. You can download and install ccache from: https://github.com/ccache/ccache/blob/master/doc/INSTALL.md
  warnings.warn(warning_message)
/Users/zhaowenyuan/Projects/FlowFigTabMiner/flowfigtabminer/lib/python3.9/site-packages/paddle/utils/cpp_extension/extension_utils.py:712: UserWarning: No ccache found. Please be aware that recompiling all source files may be required. You can download and install ccache from: https://github.com/ccache/ccache/blob/master/doc/INSTALL.md
  warnings.warn(warning_message)
/Users/zhaowenyuan/Projects/FlowFigTabMiner/flowfigtabminer/lib/python3.9/site-packages/urllib3/__init__.py:35: NotOpenSSLWarning: urllib3 v2 only supports OpenSSL 1.1.1+, currently the 'ssl' module is compiled with 'LibreSSL 2.8.3'. See: https://github.com/urllib3/urllib3/issues/3020
  warnings.warn(
/Users/zhaowenyuan/Projects/FlowFigTabMiner/flowfigtabminer/lib/python3.9/site-packages/urllib3/__init__.py:35: NotOpenSSLWarning: urllib3 v2 only supports OpenSSL 1.1.1+, currently the 'ssl' module is compiled with 'LibreSSL 2.8.3'. See: https://github.com/urllib3/urllib3/issues/3020
  warnings.warn(
/Users/zhaowenyuan/Projects/FlowFigTabMiner/flowfigtabminer/lib/python3.9/site-packages/urllib3/__init__.py:35: NotOpenSSLWarning: urllib3 v2 only supports OpenSSL 1.1.1+, currently the 'ssl' module is compiled with 'LibreSSL 2.8.3'. See: https://github.com/urllib3/urllib3/issues/3020
  warnings.warn(
/Users/zhaowenyuan/Projects/FlowFigTabMiner/flowfigtabminer/lib/python3.9/site-packages/urllib3/__init__.py:35: NotOpenSSLWarning: urllib3 v2 only supports OpenSSL 1.1.1+, currently the 'ssl' module is compiled with 'LibreSSL 2.8.3'. See: https://github.com/urllib3/urllib3/issues/3020
  warnings.warn(
/Users/zhaowenyuan/Projects/FlowFigTabMiner/flowfigtabminer/lib/python3.9/site-packages/urllib3/__init__.py:35: NotOpenSSLWarning: urllib3 v2 only supports OpenSSL 1.1.1+, currently the 'ssl' module is compiled with 'LibreSSL 2.8.3'. See: https://github.com/urllib3/urllib3/issues/3020
  warnings.warn(
/Users/zhaowenyuan/Projects/FlowFigTabMiner/flowfigtabminer/lib/python3.9/site-packages/urllib3/__init__.py:35: NotOpenSSLWarning: urllib3 v2 only supports OpenSSL 1.1.1+, currently the 'ssl' module is compiled with 'LibreSSL 2.8.3'. See: https://github.com/urllib3/urllib3/issues/3020
  warnings.warn(
/Users/zhaowenyuan/Projects/FlowFigTabMiner/flowfigtabminer/lib/python3.9/site-packages/urllib3/__init__.py:35: NotOpenSSLWarning: urllib3 v2 only supports OpenSSL 1.1.1+, currently the 'ssl' module is compiled with 'LibreSSL 2.8.3'. See: https://github.com/urllib3/urllib3/issues/3020
  warnings.warn(
/Users/zhaowenyuan/Projects/FlowFigTabMiner/flowfigtabminer/lib/python3.9/site-packages/urllib3/__init__.py:35: NotOpenSSLWarning: urllib3 v2 only supports OpenSSL 1.1.1+, currently the 'ssl' module is compiled with 'LibreSSL 2.8.3'. See: https://github.com/urllib3/urllib3/issues/3020
  warnings.warn(
/Users/zhaowenyuan/Projects/FlowFigTabMiner/flowfigtabminer/lib/python3.9/site-packages/urllib3/__init__.py:35: NotOpenSSLWarning: urllib3 v2 only supports OpenSSL 1.1.1+, currently the 'ssl' module is compiled with 'LibreSSL 2.8.3'. See: https://github.com/urllib3/urllib3/issues/3020
  warnings.warn(
/Users/zhaowenyuan/Projects/FlowFigTabMiner/flowfigtabminer/lib/python3.9/site-packages/urllib3/__init__.py:35: NotOpenSSLWarning: urllib3 v2 only supports OpenSSL 1.1.1+, currently the 'ssl' module is compiled with 'LibreSSL 2.8.3'. See: https://github.com/urllib3/urllib3/issues/3020
  warnings.warn(
[33mChecking connectivity to the model hosters, this may take a while. To bypass this check, set `DISABLE_MODEL_SOURCE_CHECK` to `True`.[0m
/Users/zhaowenyuan/Projects/FlowFigTabMiner/flowfigtabminer/lib/python3.9/site-packages/urllib3/__init__.py:35: NotOpenSSLWarning: urllib3 v2 only supports OpenSSL 1.1.1+, currently the 'ssl' module is compiled with 'LibreSSL 2.8.3'. See: https://github.com/urllib3/urllib3/issues/3020
  warnings.warn(
/Users/zhaowenyuan/Projects/FlowFigTabMiner/flowfigtabminer/lib/python3.9/site-packages/urllib3/__init__.py:35: NotOpenSSLWarning: urllib3 v2 only supports OpenSSL 1.1.1+, currently the 'ssl' module is compiled with 'LibreSSL 2.8.3'. See: https://github.com/urllib3/urllib3/issues/3020
  warnings.warn(
/Users/zhaowenyuan/Projects/FlowFigTabMiner/flowfigtabminer/lib/python3.9/site-packages/urllib3/__init__.py:35: NotOpenSSLWarning: urllib3 v2 only supports OpenSSL 1.1.1+, currently the 'ssl' module is compiled with 'LibreSSL 2.8.3'. See: https://github.com/urllib3/urllib3/issues/3020
  warnings.warn(
/Users/zhaowenyuan/Projects/FlowFigTabMiner/flowfigtabminer/lib/python3.9/site-packages/urllib3/__init__.py:35: NotOpenSSLWarning: urllib3 v2 only supports OpenSSL 1.1.1+, currently the 'ssl' module is compiled with 'LibreSSL 2.8.3'. See: https://github.com/urllib3/urllib3/issues/3020
  warnings.warn(
/Users/zhaowenyuan/Projects/FlowFigTabMiner/flowfigtabminer/lib/python3.9/site-packages/urllib3/__init__.py:35: NotOpenSSLWarning: urllib3 v2 only supports OpenSSL 1.1.1+, currently the 'ssl' module is compiled with 'LibreSSL 2.8.3'. See: https://github.com/urllib3/urllib3/issues/3020
  warnings.warn(
/Users/zhaowenyuan/Projects/FlowFigTabMiner/flowfigtabminer/lib/python3.9/site-packages/urllib3/__init__.py:35: NotOpenSSLWarning: urllib3 v2 only supports OpenSSL 1.1.1+, currently the 'ssl' module is compiled with 'LibreSSL 2.8.3'. See: https://github.com/urllib3/urllib3/issues/3020
  warnings.warn(
[33mChecking connectivity to the model hosters, this may take a while. To bypass this check, set `DISABLE_MODEL_SOURCE_CHECK` to `True`.[0m
[33mChecking connectivity to the model hosters, this may take a while. To bypass this check, set `DISABLE_MODEL_SOURCE_CHECK` to `True`.[0m
[33mChecking connectivity to the model hosters, this may take a while. To bypass this check, set `DISABLE_MODEL_SOURCE_CHECK` to `True`.[0m
[33mChecking connectivity to the model hosters, this may take a while. To bypass this check, set `DISABLE_MODEL_SOURCE_CHECK` to `True`.[0m
[33mChecking connectivity to the model hosters, this may take a while. To bypass this check, set `DISABLE_MODEL_SOURCE_CHECK` to `True`.[0m
[33mChecking connectivity to the model hosters, this may take a while. To bypass this check, set `DISABLE_MODEL_SOURCE_CHECK` to `True`.[0m
[33mChecking connectivity to the model hosters, this may take a while. To bypass this check, set `DISABLE_MODEL_SOURCE_CHECK` to `True`.[0m
[33mChecking connectivity to the model hosters, this may take a while. To bypass this check, set `DISABLE_MODEL_SOURCE_CHECK` to `True`.[0m
[33mChecking connectivity to the model hosters, this may take a while. To bypass this check, set `DISABLE_MODEL_SOURCE_CHECK` to `True`.[0m
[33mChecking connectivity to the model hosters, this may take a while. To bypass this check, set `DISABLE_MODEL_SOURCE_CHECK` to `True`.[0m
[33mChecking connectivity to the model hosters, this may take a while. To bypass this check, set `DISABLE_MODEL_SOURCE_CHECK` to `True`.[0m
[33mChecking connectivity to the model hosters, this may take a while. To bypass this check, set `DISABLE_MODEL_SOURCE_CHECK` to `True`.[0m
[33mChecking connectivity to the model hosters, this may take a while. To bypass this check, set `DISABLE_MODEL_SOURCE_CHECK` to `True`.[0m
[33mChecking connectivity to the model hosters, this may take a while. To bypass this check, set `DISABLE_MODEL_SOURCE_CHECK` to `True`.[0m
[33mChecking connectivity to the model hosters, this may take a while. To bypass this check, set `DISABLE_MODEL_SOURCE_CHECK` to `True`.[0m
/Users/zhaowenyuan/Projects/FlowFigTabMiner/flowfigtabminer/lib/python3.9/site-packages/onmt/modules/sparse_activations.py:48: FutureWarning: `torch.cuda.amp.custom_fwd(args...)` is deprecated. Please use `torch.amp.custom_fwd(args..., device_type='cuda')` instead.
  def forward(ctx, input, dim=0):
/Users/zhaowenyuan/Projects/FlowFigTabMiner/flowfigtabminer/lib/python3.9/site-packages/onmt/modules/sparse_activations.py:68: FutureWarning: `torch.cuda.amp.custom_bwd(args...)` is deprecated. Please use `torch.amp.custom_bwd(args..., device_type='cuda')` instead.
  def backward(ctx, grad_output):
/Users/zhaowenyuan/Projects/FlowFigTabMiner/flowfigtabminer/lib/python3.9/site-packages/onmt/modules/sparse_losses.py:13: FutureWarning: `torch.cuda.amp.custom_fwd(args...)` is deprecated. Please use `torch.amp.custom_fwd(args..., device_type='cuda')` instead.
  def forward(ctx, input, target):
/Users/zhaowenyuan/Projects/FlowFigTabMiner/flowfigtabminer/lib/python3.9/site-packages/onmt/modules/sparse_losses.py:37: FutureWarning: `torch.cuda.amp.custom_bwd(args...)` is deprecated. Please use `torch.amp.custom_bwd(args..., device_type='cuda')` instead.
  def backward(ctx, grad_output):
   -> Box 6: SMILES='CON(C)C(=O)c1ccc(F)cc1' | Masked (White Box)
   -> [Debug] Upscaled TINY box 7 by 1.7x (234x179 -> 392x300)
/Users/zhaowenyuan/Projects/FlowFigTabMiner/flowfigtabminer/lib/python3.9/site-packages/paddle/utils/cpp_extension/extension_utils.py:712: UserWarning: No ccache found. Please be aware that recompiling all source files may be required. You can download and install ccache from: https://github.com/ccache/ccache/blob/master/doc/INSTALL.md
  warnings.warn(warning_message)
/Users/zhaowenyuan/Projects/FlowFigTabMiner/flowfigtabminer/lib/python3.9/site-packages/paddle/utils/cpp_extension/extension_utils.py:712: UserWarning: No ccache found. Please be aware that recompiling all source files may be required. You can download and install ccache from: https://github.com/ccache/ccache/blob/master/doc/INSTALL.md
  warnings.warn(warning_message)
/Users/zhaowenyuan/Projects/FlowFigTabMiner/flowfigtabminer/lib/python3.9/site-packages/paddle/utils/cpp_extension/extension_utils.py:712: UserWarning: No ccache found. Please be aware that recompiling all source files may be required. You can download and install ccache from: https://github.com/ccache/ccache/blob/master/doc/INSTALL.md
  warnings.warn(warning_message)
/Users/zhaowenyuan/Projects/FlowFigTabMiner/flowfigtabminer/lib/python3.9/site-packages/paddle/utils/cpp_extension/extension_utils.py:712: UserWarning: No ccache found. Please be aware that recompiling all source files may be required. You can download and install ccache from: https://github.com/ccache/ccache/blob/master/doc/INSTALL.md
  warnings.warn(warning_message)
/Users/zhaowenyuan/Projects/FlowFigTabMiner/flowfigtabminer/lib/python3.9/site-packages/paddle/utils/cpp_extension/extension_utils.py:712: UserWarning: No ccache found. Please be aware that recompiling all source files may be required. You can download and install ccache from: https://github.com/ccache/ccache/blob/master/doc/INSTALL.md
  warnings.warn(warning_message)
/Users/zhaowenyuan/Projects/FlowFigTabMiner/flowfigtabminer/lib/python3.9/site-packages/paddle/utils/cpp_extension/extension_utils.py:712: UserWarning: No ccache found. Please be aware that recompiling all source files may be required. You can download and install ccache from: https://github.com/ccache/ccache/blob/master/doc/INSTALL.md
  warnings.warn(warning_message)
/Users/zhaowenyuan/Projects/FlowFigTabMiner/flowfigtabminer/lib/python3.9/site-packages/paddle/utils/cpp_extension/extension_utils.py:712: UserWarning: No ccache found. Please be aware that recompiling all source files may be required. You can download and install ccache from: https://github.com/ccache/ccache/blob/master/doc/INSTALL.md
  warnings.warn(warning_message)
/Users/zhaowenyuan/Projects/FlowFigTabMiner/flowfigtabminer/lib/python3.9/site-packages/paddle/utils/cpp_extension/extension_utils.py:712: UserWarning: No ccache found. Please be aware that recompiling all source files may be required. You can download and install ccache from: https://github.com/ccache/ccache/blob/master/doc/INSTALL.md
  warnings.warn(warning_message)
/Users/zhaowenyuan/Projects/FlowFigTabMiner/flowfigtabminer/lib/python3.9/site-packages/paddle/utils/cpp_extension/extension_utils.py:712: UserWarning: No ccache found. Please be aware that recompiling all source files may be required. You can download and install ccache from: https://github.com/ccache/ccache/blob/master/doc/INSTALL.md
  warnings.warn(warning_message)
/Users/zhaowenyuan/Projects/FlowFigTabMiner/flowfigtabminer/lib/python3.9/site-packages/paddle/utils/cpp_extension/extension_utils.py:712: UserWarning: No ccache found. Please be aware that recompiling all source files may be required. You can download and install ccache from: https://github.com/ccache/ccache/blob/master/doc/INSTALL.md
  warnings.warn(warning_message)
/Users/zhaowenyuan/Projects/FlowFigTabMiner/flowfigtabminer/lib/python3.9/site-packages/paddle/utils/cpp_extension/extension_utils.py:712: UserWarning: No ccache found. Please be aware that recompiling all source files may be required. You can download and install ccache from: https://github.com/ccache/ccache/blob/master/doc/INSTALL.md
  warnings.warn(warning_message)
/Users/zhaowenyuan/Projects/FlowFigTabMiner/flowfigtabminer/lib/python3.9/site-packages/paddle/utils/cpp_extension/extension_utils.py:712: UserWarning: No ccache found. Please be aware that recompiling all source files may be required. You can download and install ccache from: https://github.com/ccache/ccache/blob/master/doc/INSTALL.md
  warnings.warn(warning_message)
/Users/zhaowenyuan/Projects/FlowFigTabMiner/flowfigtabminer/lib/python3.9/site-packages/paddle/utils/cpp_extension/extension_utils.py:712: UserWarning: No ccache found. Please be aware that recompiling all source files may be required. You can download and install ccache from: https://github.com/ccache/ccache/blob/master/doc/INSTALL.md
  warnings.warn(warning_message)
/Users/zhaowenyuan/Projects/FlowFigTabMiner/flowfigtabminer/lib/python3.9/site-packages/paddle/utils/cpp_extension/extension_utils.py:712: UserWarning: No ccache found. Please be aware that recompiling all source files may be required. You can download and install ccache from: https://github.com/ccache/ccache/blob/master/doc/INSTALL.md
  warnings.warn(warning_message)
/Users/zhaowenyuan/Projects/FlowFigTabMiner/flowfigtabminer/lib/python3.9/site-packages/paddle/utils/cpp_extension/extension_utils.py:712: UserWarning: No ccache found. Please be aware that recompiling all source files may be required. You can download and install ccache from: https://github.com/ccache/ccache/blob/master/doc/INSTALL.md
  warnings.warn(warning_message)
/Users/zhaowenyuan/Projects/FlowFigTabMiner/flowfigtabminer/lib/python3.9/site-packages/paddle/utils/cpp_extension/extension_utils.py:712: UserWarning: No ccache found. Please be aware that recompiling all source files may be required. You can download and install ccache from: https://github.com/ccache/ccache/blob/master/doc/INSTALL.md
  warnings.warn(warning_message)
/Users/zhaowenyuan/Projects/FlowFigTabMiner/flowfigtabminer/lib/python3.9/site-packages/urllib3/__init__.py:35: NotOpenSSLWarning: urllib3 v2 only supports OpenSSL 1.1.1+, currently the 'ssl' module is compiled with 'LibreSSL 2.8.3'. See: https://github.com/urllib3/urllib3/issues/3020
  warnings.warn(
/Users/zhaowenyuan/Projects/FlowFigTabMiner/flowfigtabminer/lib/python3.9/site-packages/urllib3/__init__.py:35: NotOpenSSLWarning: urllib3 v2 only supports OpenSSL 1.1.1+, currently the 'ssl' module is compiled with 'LibreSSL 2.8.3'. See: https://github.com/urllib3/urllib3/issues/3020
  warnings.warn(
/Users/zhaowenyuan/Projects/FlowFigTabMiner/flowfigtabminer/lib/python3.9/site-packages/urllib3/__init__.py:35: NotOpenSSLWarning: urllib3 v2 only supports OpenSSL 1.1.1+, currently the 'ssl' module is compiled with 'LibreSSL 2.8.3'. See: https://github.com/urllib3/urllib3/issues/3020
  warnings.warn(
/Users/zhaowenyuan/Projects/FlowFigTabMiner/flowfigtabminer/lib/python3.9/site-packages/urllib3/__init__.py:35: NotOpenSSLWarning: urllib3 v2 only supports OpenSSL 1.1.1+, currently the 'ssl' module is compiled with 'LibreSSL 2.8.3'. See: https://github.com/urllib3/urllib3/issues/3020
  warnings.warn(
/Users/zhaowenyuan/Projects/FlowFigTabMiner/flowfigtabminer/lib/python3.9/site-packages/urllib3/__init__.py:35: NotOpenSSLWarning: urllib3 v2 only supports OpenSSL 1.1.1+, currently the 'ssl' module is compiled with 'LibreSSL 2.8.3'. See: https://github.com/urllib3/urllib3/issues/3020
  warnings.warn(
/Users/zhaowenyuan/Projects/FlowFigTabMiner/flowfigtabminer/lib/python3.9/site-packages/urllib3/__init__.py:35: NotOpenSSLWarning: urllib3 v2 only supports OpenSSL 1.1.1+, currently the 'ssl' module is compiled with 'LibreSSL 2.8.3'. See: https://github.com/urllib3/urllib3/issues/3020
  warnings.warn(
/Users/zhaowenyuan/Projects/FlowFigTabMiner/flowfigtabminer/lib/python3.9/site-packages/urllib3/__init__.py:35: NotOpenSSLWarning: urllib3 v2 only supports OpenSSL 1.1.1+, currently the 'ssl' module is compiled with 'LibreSSL 2.8.3'. See: https://github.com/urllib3/urllib3/issues/3020
  warnings.warn(
/Users/zhaowenyuan/Projects/FlowFigTabMiner/flowfigtabminer/lib/python3.9/site-packages/urllib3/__init__.py:35: NotOpenSSLWarning: urllib3 v2 only supports OpenSSL 1.1.1+, currently the 'ssl' module is compiled with 'LibreSSL 2.8.3'. See: https://github.com/urllib3/urllib3/issues/3020
  warnings.warn(
/Users/zhaowenyuan/Projects/FlowFigTabMiner/flowfigtabminer/lib/python3.9/site-packages/urllib3/__init__.py:35: NotOpenSSLWarning: urllib3 v2 only supports OpenSSL 1.1.1+, currently the 'ssl' module is compiled with 'LibreSSL 2.8.3'. See: https://github.com/urllib3/urllib3/issues/3020
  warnings.warn(
/Users/zhaowenyuan/Projects/FlowFigTabMiner/flowfigtabminer/lib/python3.9/site-packages/urllib3/__init__.py:35: NotOpenSSLWarning: urllib3 v2 only supports OpenSSL 1.1.1+, currently the 'ssl' module is compiled with 'LibreSSL 2.8.3'. See: https://github.com/urllib3/urllib3/issues/3020
  warnings.warn(
/Users/zhaowenyuan/Projects/FlowFigTabMiner/flowfigtabminer/lib/python3.9/site-packages/urllib3/__init__.py:35: NotOpenSSLWarning: urllib3 v2 only supports OpenSSL 1.1.1+, currently the 'ssl' module is compiled with 'LibreSSL 2.8.3'. See: https://github.com/urllib3/urllib3/issues/3020
  warnings.warn(
/Users/zhaowenyuan/Projects/FlowFigTabMiner/flowfigtabminer/lib/python3.9/site-packages/urllib3/__init__.py:35: NotOpenSSLWarning: urllib3 v2 only supports OpenSSL 1.1.1+, currently the 'ssl' module is compiled with 'LibreSSL 2.8.3'. See: https://github.com/urllib3/urllib3/issues/3020
  warnings.warn(
/Users/zhaowenyuan/Projects/FlowFigTabMiner/flowfigtabminer/lib/python3.9/site-packages/urllib3/__init__.py:35: NotOpenSSLWarning: urllib3 v2 only supports OpenSSL 1.1.1+, currently the 'ssl' module is compiled with 'LibreSSL 2.8.3'. See: https://github.com/urllib3/urllib3/issues/3020
  warnings.warn(
[33mChecking connectivity to the model hosters, this may take a while. To bypass this check, set `DISABLE_MODEL_SOURCE_CHECK` to `True`.[0m
/Users/zhaowenyuan/Projects/FlowFigTabMiner/flowfigtabminer/lib/python3.9/site-packages/urllib3/__init__.py:35: NotOpenSSLWarning: urllib3 v2 only supports OpenSSL 1.1.1+, currently the 'ssl' module is compiled with 'LibreSSL 2.8.3'. See: https://github.com/urllib3/urllib3/issues/3020
  warnings.warn(
/Users/zhaowenyuan/Projects/FlowFigTabMiner/flowfigtabminer/lib/python3.9/site-packages/urllib3/__init__.py:35: NotOpenSSLWarning: urllib3 v2 only supports OpenSSL 1.1.1+, currently the 'ssl' module is compiled with 'LibreSSL 2.8.3'. See: https://github.com/urllib3/urllib3/issues/3020
  warnings.warn(
/Users/zhaowenyuan/Projects/FlowFigTabMiner/flowfigtabminer/lib/python3.9/site-packages/urllib3/__init__.py:35: NotOpenSSLWarning: urllib3 v2 only supports OpenSSL 1.1.1+, currently the 'ssl' module is compiled with 'LibreSSL 2.8.3'. See: https://github.com/urllib3/urllib3/issues/3020
  warnings.warn(
[33mChecking connectivity to the model hosters, this may take a while. To bypass this check, set `DISABLE_MODEL_SOURCE_CHECK` to `True`.[0m
[33mChecking connectivity to the model hosters, this may take a while. To bypass this check, set `DISABLE_MODEL_SOURCE_CHECK` to `True`.[0m
[33mChecking connectivity to the model hosters, this may take a while. To bypass this check, set `DISABLE_MODEL_SOURCE_CHECK` to `True`.[0m
[33mChecking connectivity to the model hosters, this may take a while. To bypass this check, set `DISABLE_MODEL_SOURCE_CHECK` to `True`.[0m
[33mChecking connectivity to the model hosters, this may take a while. To bypass this check, set `DISABLE_MODEL_SOURCE_CHECK` to `True`.[0m
[33mChecking connectivity to the model hosters, this may take a while. To bypass this check, set `DISABLE_MODEL_SOURCE_CHECK` to `True`.[0m
[33mChecking connectivity to the model hosters, this may take a while. To bypass this check, set `DISABLE_MODEL_SOURCE_CHECK` to `True`.[0m
[33mChecking connectivity to the model hosters, this may take a while. To bypass this check, set `DISABLE_MODEL_SOURCE_CHECK` to `True`.[0m
[33mChecking connectivity to the model hosters, this may take a while. To bypass this check, set `DISABLE_MODEL_SOURCE_CHECK` to `True`.[0m
[33mChecking connectivity to the model hosters, this may take a while. To bypass this check, set `DISABLE_MODEL_SOURCE_CHECK` to `True`.[0m
[33mChecking connectivity to the model hosters, this may take a while. To bypass this check, set `DISABLE_MODEL_SOURCE_CHECK` to `True`.[0m
[33mChecking connectivity to the model hosters, this may take a while. To bypass this check, set `DISABLE_MODEL_SOURCE_CHECK` to `True`.[0m
[33mChecking connectivity to the model hosters, this may take a while. To bypass this check, set `DISABLE_MODEL_SOURCE_CHECK` to `True`.[0m
[33mChecking connectivity to the model hosters, this may take a while. To bypass this check, set `DISABLE_MODEL_SOURCE_CHECK` to `True`.[0m
[33mChecking connectivity to the model hosters, this may take a while. To bypass this check, set `DISABLE_MODEL_SOURCE_CHECK` to `True`.[0m
/Users/zhaowenyuan/Projects/FlowFigTabMiner/flowfigtabminer/lib/python3.9/site-packages/onmt/modules/sparse_activations.py:48: FutureWarning: `torch.cuda.amp.custom_fwd(args...)` is deprecated. Please use `torch.amp.custom_fwd(args..., device_type='cuda')` instead.
  def forward(ctx, input, dim=0):
/Users/zhaowenyuan/Projects/FlowFigTabMiner/flowfigtabminer/lib/python3.9/site-packages/onmt/modules/sparse_activations.py:68: FutureWarning: `torch.cuda.amp.custom_bwd(args...)` is deprecated. Please use `torch.amp.custom_bwd(args..., device_type='cuda')` instead.
  def backward(ctx, grad_output):
/Users/zhaowenyuan/Projects/FlowFigTabMiner/flowfigtabminer/lib/python3.9/site-packages/onmt/modules/sparse_losses.py:13: FutureWarning: `torch.cuda.amp.custom_fwd(args...)` is deprecated. Please use `torch.amp.custom_fwd(args..., device_type='cuda')` instead.
  def forward(ctx, input, target):
/Users/zhaowenyuan/Projects/FlowFigTabMiner/flowfigtabminer/lib/python3.9/site-packages/onmt/modules/sparse_losses.py:37: FutureWarning: `torch.cuda.amp.custom_bwd(args...)` is deprecated. Please use `torch.amp.custom_bwd(args..., device_type='cuda')` instead.
  def backward(ctx, grad_output):
   -> Box 7: SMILES='O=C(CF)c1ccc(F)cc1' | Masked (White Box)
   -> [Debug] Box 8 sufficient size (204x211). Skipped Upscaling.
/Users/zhaowenyuan/Projects/FlowFigTabMiner/flowfigtabminer/lib/python3.9/site-packages/paddle/utils/cpp_extension/extension_utils.py:712: UserWarning: No ccache found. Please be aware that recompiling all source files may be required. You can download and install ccache from: https://github.com/ccache/ccache/blob/master/doc/INSTALL.md
  warnings.warn(warning_message)
/Users/zhaowenyuan/Projects/FlowFigTabMiner/flowfigtabminer/lib/python3.9/site-packages/paddle/utils/cpp_extension/extension_utils.py:712: UserWarning: No ccache found. Please be aware that recompiling all source files may be required. You can download and install ccache from: https://github.com/ccache/ccache/blob/master/doc/INSTALL.md
  warnings.warn(warning_message)
/Users/zhaowenyuan/Projects/FlowFigTabMiner/flowfigtabminer/lib/python3.9/site-packages/paddle/utils/cpp_extension/extension_utils.py:712: UserWarning: No ccache found. Please be aware that recompiling all source files may be required. You can download and install ccache from: https://github.com/ccache/ccache/blob/master/doc/INSTALL.md
  warnings.warn(warning_message)
/Users/zhaowenyuan/Projects/FlowFigTabMiner/flowfigtabminer/lib/python3.9/site-packages/paddle/utils/cpp_extension/extension_utils.py:712: UserWarning: No ccache found. Please be aware that recompiling all source files may be required. You can download and install ccache from: https://github.com/ccache/ccache/blob/master/doc/INSTALL.md
  warnings.warn(warning_message)
/Users/zhaowenyuan/Projects/FlowFigTabMiner/flowfigtabminer/lib/python3.9/site-packages/paddle/utils/cpp_extension/extension_utils.py:712: UserWarning: No ccache found. Please be aware that recompiling all source files may be required. You can download and install ccache from: https://github.com/ccache/ccache/blob/master/doc/INSTALL.md
  warnings.warn(warning_message)
/Users/zhaowenyuan/Projects/FlowFigTabMiner/flowfigtabminer/lib/python3.9/site-packages/paddle/utils/cpp_extension/extension_utils.py:712: UserWarning: No ccache found. Please be aware that recompiling all source files may be required. You can download and install ccache from: https://github.com/ccache/ccache/blob/master/doc/INSTALL.md
  warnings.warn(warning_message)
/Users/zhaowenyuan/Projects/FlowFigTabMiner/flowfigtabminer/lib/python3.9/site-packages/paddle/utils/cpp_extension/extension_utils.py:712: UserWarning: No ccache found. Please be aware that recompiling all source files may be required. You can download and install ccache from: https://github.com/ccache/ccache/blob/master/doc/INSTALL.md
  warnings.warn(warning_message)
/Users/zhaowenyuan/Projects/FlowFigTabMiner/flowfigtabminer/lib/python3.9/site-packages/paddle/utils/cpp_extension/extension_utils.py:712: UserWarning: No ccache found. Please be aware that recompiling all source files may be required. You can download and install ccache from: https://github.com/ccache/ccache/blob/master/doc/INSTALL.md
  warnings.warn(warning_message)
/Users/zhaowenyuan/Projects/FlowFigTabMiner/flowfigtabminer/lib/python3.9/site-packages/paddle/utils/cpp_extension/extension_utils.py:712: UserWarning: No ccache found. Please be aware that recompiling all source files may be required. You can download and install ccache from: https://github.com/ccache/ccache/blob/master/doc/INSTALL.md
  warnings.warn(warning_message)
/Users/zhaowenyuan/Projects/FlowFigTabMiner/flowfigtabminer/lib/python3.9/site-packages/paddle/utils/cpp_extension/extension_utils.py:712: UserWarning: No ccache found. Please be aware that recompiling all source files may be required. You can download and install ccache from: https://github.com/ccache/ccache/blob/master/doc/INSTALL.md
  warnings.warn(warning_message)
/Users/zhaowenyuan/Projects/FlowFigTabMiner/flowfigtabminer/lib/python3.9/site-packages/paddle/utils/cpp_extension/extension_utils.py:712: UserWarning: No ccache found. Please be aware that recompiling all source files may be required. You can download and install ccache from: https://github.com/ccache/ccache/blob/master/doc/INSTALL.md
  warnings.warn(warning_message)
/Users/zhaowenyuan/Projects/FlowFigTabMiner/flowfigtabminer/lib/python3.9/site-packages/paddle/utils/cpp_extension/extension_utils.py:712: UserWarning: No ccache found. Please be aware that recompiling all source files may be required. You can download and install ccache from: https://github.com/ccache/ccache/blob/master/doc/INSTALL.md
  warnings.warn(warning_message)
/Users/zhaowenyuan/Projects/FlowFigTabMiner/flowfigtabminer/lib/python3.9/site-packages/paddle/utils/cpp_extension/extension_utils.py:712: UserWarning: No ccache found. Please be aware that recompiling all source files may be required. You can download and install ccache from: https://github.com/ccache/ccache/blob/master/doc/INSTALL.md
  warnings.warn(warning_message)
/Users/zhaowenyuan/Projects/FlowFigTabMiner/flowfigtabminer/lib/python3.9/site-packages/paddle/utils/cpp_extension/extension_utils.py:712: UserWarning: No ccache found. Please be aware that recompiling all source files may be required. You can download and install ccache from: https://github.com/ccache/ccache/blob/master/doc/INSTALL.md
  warnings.warn(warning_message)
/Users/zhaowenyuan/Projects/FlowFigTabMiner/flowfigtabminer/lib/python3.9/site-packages/paddle/utils/cpp_extension/extension_utils.py:712: UserWarning: No ccache found. Please be aware that recompiling all source files may be required. You can download and install ccache from: https://github.com/ccache/ccache/blob/master/doc/INSTALL.md
  warnings.warn(warning_message)
/Users/zhaowenyuan/Projects/FlowFigTabMiner/flowfigtabminer/lib/python3.9/site-packages/paddle/utils/cpp_extension/extension_utils.py:712: UserWarning: No ccache found. Please be aware that recompiling all source files may be required. You can download and install ccache from: https://github.com/ccache/ccache/blob/master/doc/INSTALL.md
  warnings.warn(warning_message)
/Users/zhaowenyuan/Projects/FlowFigTabMiner/flowfigtabminer/lib/python3.9/site-packages/urllib3/__init__.py:35: NotOpenSSLWarning: urllib3 v2 only supports OpenSSL 1.1.1+, currently the 'ssl' module is compiled with 'LibreSSL 2.8.3'. See: https://github.com/urllib3/urllib3/issues/3020
  warnings.warn(
/Users/zhaowenyuan/Projects/FlowFigTabMiner/flowfigtabminer/lib/python3.9/site-packages/urllib3/__init__.py:35: NotOpenSSLWarning: urllib3 v2 only supports OpenSSL 1.1.1+, currently the 'ssl' module is compiled with 'LibreSSL 2.8.3'. See: https://github.com/urllib3/urllib3/issues/3020
  warnings.warn(
/Users/zhaowenyuan/Projects/FlowFigTabMiner/flowfigtabminer/lib/python3.9/site-packages/urllib3/__init__.py:35: NotOpenSSLWarning: urllib3 v2 only supports OpenSSL 1.1.1+, currently the 'ssl' module is compiled with 'LibreSSL 2.8.3'. See: https://github.com/urllib3/urllib3/issues/3020
  warnings.warn(
/Users/zhaowenyuan/Projects/FlowFigTabMiner/flowfigtabminer/lib/python3.9/site-packages/urllib3/__init__.py:35: NotOpenSSLWarning: urllib3 v2 only supports OpenSSL 1.1.1+, currently the 'ssl' module is compiled with 'LibreSSL 2.8.3'. See: https://github.com/urllib3/urllib3/issues/3020
  warnings.warn(
/Users/zhaowenyuan/Projects/FlowFigTabMiner/flowfigtabminer/lib/python3.9/site-packages/urllib3/__init__.py:35: NotOpenSSLWarning: urllib3 v2 only supports OpenSSL 1.1.1+, currently the 'ssl' module is compiled with 'LibreSSL 2.8.3'. See: https://github.com/urllib3/urllib3/issues/3020
  warnings.warn(
/Users/zhaowenyuan/Projects/FlowFigTabMiner/flowfigtabminer/lib/python3.9/site-packages/urllib3/__init__.py:35: NotOpenSSLWarning: urllib3 v2 only supports OpenSSL 1.1.1+, currently the 'ssl' module is compiled with 'LibreSSL 2.8.3'. See: https://github.com/urllib3/urllib3/issues/3020
  warnings.warn(
/Users/zhaowenyuan/Projects/FlowFigTabMiner/flowfigtabminer/lib/python3.9/site-packages/urllib3/__init__.py:35: NotOpenSSLWarning: urllib3 v2 only supports OpenSSL 1.1.1+, currently the 'ssl' module is compiled with 'LibreSSL 2.8.3'. See: https://github.com/urllib3/urllib3/issues/3020
  warnings.warn(
/Users/zhaowenyuan/Projects/FlowFigTabMiner/flowfigtabminer/lib/python3.9/site-packages/urllib3/__init__.py:35: NotOpenSSLWarning: urllib3 v2 only supports OpenSSL 1.1.1+, currently the 'ssl' module is compiled with 'LibreSSL 2.8.3'. See: https://github.com/urllib3/urllib3/issues/3020
  warnings.warn(
/Users/zhaowenyuan/Projects/FlowFigTabMiner/flowfigtabminer/lib/python3.9/site-packages/urllib3/__init__.py:35: NotOpenSSLWarning: urllib3 v2 only supports OpenSSL 1.1.1+, currently the 'ssl' module is compiled with 'LibreSSL 2.8.3'. See: https://github.com/urllib3/urllib3/issues/3020
  warnings.warn(
/Users/zhaowenyuan/Projects/FlowFigTabMiner/flowfigtabminer/lib/python3.9/site-packages/urllib3/__init__.py:35: NotOpenSSLWarning: urllib3 v2 only supports OpenSSL 1.1.1+, currently the 'ssl' module is compiled with 'LibreSSL 2.8.3'. See: https://github.com/urllib3/urllib3/issues/3020
  warnings.warn(
[33mChecking connectivity to the model hosters, this may take a while. To bypass this check, set `DISABLE_MODEL_SOURCE_CHECK` to `True`.[0m
/Users/zhaowenyuan/Projects/FlowFigTabMiner/flowfigtabminer/lib/python3.9/site-packages/urllib3/__init__.py:35: NotOpenSSLWarning: urllib3 v2 only supports OpenSSL 1.1.1+, currently the 'ssl' module is compiled with 'LibreSSL 2.8.3'. See: https://github.com/urllib3/urllib3/issues/3020
  warnings.warn(
/Users/zhaowenyuan/Projects/FlowFigTabMiner/flowfigtabminer/lib/python3.9/site-packages/urllib3/__init__.py:35: NotOpenSSLWarning: urllib3 v2 only supports OpenSSL 1.1.1+, currently the 'ssl' module is compiled with 'LibreSSL 2.8.3'. See: https://github.com/urllib3/urllib3/issues/3020
  warnings.warn(
/Users/zhaowenyuan/Projects/FlowFigTabMiner/flowfigtabminer/lib/python3.9/site-packages/urllib3/__init__.py:35: NotOpenSSLWarning: urllib3 v2 only supports OpenSSL 1.1.1+, currently the 'ssl' module is compiled with 'LibreSSL 2.8.3'. See: https://github.com/urllib3/urllib3/issues/3020
  warnings.warn(
/Users/zhaowenyuan/Projects/FlowFigTabMiner/flowfigtabminer/lib/python3.9/site-packages/urllib3/__init__.py:35: NotOpenSSLWarning: urllib3 v2 only supports OpenSSL 1.1.1+, currently the 'ssl' module is compiled with 'LibreSSL 2.8.3'. See: https://github.com/urllib3/urllib3/issues/3020
  warnings.warn(
/Users/zhaowenyuan/Projects/FlowFigTabMiner/flowfigtabminer/lib/python3.9/site-packages/urllib3/__init__.py:35: NotOpenSSLWarning: urllib3 v2 only supports OpenSSL 1.1.1+, currently the 'ssl' module is compiled with 'LibreSSL 2.8.3'. See: https://github.com/urllib3/urllib3/issues/3020
  warnings.warn(
/Users/zhaowenyuan/Projects/FlowFigTabMiner/flowfigtabminer/lib/python3.9/site-packages/urllib3/__init__.py:35: NotOpenSSLWarning: urllib3 v2 only supports OpenSSL 1.1.1+, currently the 'ssl' module is compiled with 'LibreSSL 2.8.3'. See: https://github.com/urllib3/urllib3/issues/3020
  warnings.warn(
[33mChecking connectivity to the model hosters, this may take a while. To bypass this check, set `DISABLE_MODEL_SOURCE_CHECK` to `True`.[0m
[33mChecking connectivity to the model hosters, this may take a while. To bypass this check, set `DISABLE_MODEL_SOURCE_CHECK` to `True`.[0m
[33mChecking connectivity to the model hosters, this may take a while. To bypass this check, set `DISABLE_MODEL_SOURCE_CHECK` to `True`.[0m
[33mChecking connectivity to the model hosters, this may take a while. To bypass this check, set `DISABLE_MODEL_SOURCE_CHECK` to `True`.[0m
[33mChecking connectivity to the model hosters, this may take a while. To bypass this check, set `DISABLE_MODEL_SOURCE_CHECK` to `True`.[0m
[33mChecking connectivity to the model hosters, this may take a while. To bypass this check, set `DISABLE_MODEL_SOURCE_CHECK` to `True`.[0m
[33mChecking connectivity to the model hosters, this may take a while. To bypass this check, set `DISABLE_MODEL_SOURCE_CHECK` to `True`.[0m
[33mChecking connectivity to the model hosters, this may take a while. To bypass this check, set `DISABLE_MODEL_SOURCE_CHECK` to `True`.[0m
[33mChecking connectivity to the model hosters, this may take a while. To bypass this check, set `DISABLE_MODEL_SOURCE_CHECK` to `True`.[0m
[33mChecking connectivity to the model hosters, this may take a while. To bypass this check, set `DISABLE_MODEL_SOURCE_CHECK` to `True`.[0m
[33mChecking connectivity to the model hosters, this may take a while. To bypass this check, set `DISABLE_MODEL_SOURCE_CHECK` to `True`.[0m
[33mChecking connectivity to the model hosters, this may take a while. To bypass this check, set `DISABLE_MODEL_SOURCE_CHECK` to `True`.[0m
[33mChecking connectivity to the model hosters, this may take a while. To bypass this check, set `DISABLE_MODEL_SOURCE_CHECK` to `True`.[0m
[33mChecking connectivity to the model hosters, this may take a while. To bypass this check, set `DISABLE_MODEL_SOURCE_CHECK` to `True`.[0m
[33mChecking connectivity to the model hosters, this may take a while. To bypass this check, set `DISABLE_MODEL_SOURCE_CHECK` to `True`.[0m
/Users/zhaowenyuan/Projects/FlowFigTabMiner/flowfigtabminer/lib/python3.9/site-packages/onmt/modules/sparse_activations.py:48: FutureWarning: `torch.cuda.amp.custom_fwd(args...)` is deprecated. Please use `torch.amp.custom_fwd(args..., device_type='cuda')` instead.
  def forward(ctx, input, dim=0):
/Users/zhaowenyuan/Projects/FlowFigTabMiner/flowfigtabminer/lib/python3.9/site-packages/onmt/modules/sparse_activations.py:68: FutureWarning: `torch.cuda.amp.custom_bwd(args...)` is deprecated. Please use `torch.amp.custom_bwd(args..., device_type='cuda')` instead.
  def backward(ctx, grad_output):
/Users/zhaowenyuan/Projects/FlowFigTabMiner/flowfigtabminer/lib/python3.9/site-packages/onmt/modules/sparse_losses.py:13: FutureWarning: `torch.cuda.amp.custom_fwd(args...)` is deprecated. Please use `torch.amp.custom_fwd(args..., device_type='cuda')` instead.
  def forward(ctx, input, target):
/Users/zhaowenyuan/Projects/FlowFigTabMiner/flowfigtabminer/lib/python3.9/site-packages/onmt/modules/sparse_losses.py:37: FutureWarning: `torch.cuda.amp.custom_bwd(args...)` is deprecated. Please use `torch.amp.custom_bwd(args..., device_type='cuda')` instead.
  def backward(ctx, grad_output):
   -> Box 8: SMILES='CCC(C(=O)CF)c1ccccc1' | Masked (White Box)
   -> [Debug] Upscaled TINY box 9 by 1.9x (222x161 -> 413x300)
/Users/zhaowenyuan/Projects/FlowFigTabMiner/flowfigtabminer/lib/python3.9/site-packages/paddle/utils/cpp_extension/extension_utils.py:712: UserWarning: No ccache found. Please be aware that recompiling all source files may be required. You can download and install ccache from: https://github.com/ccache/ccache/blob/master/doc/INSTALL.md
  warnings.warn(warning_message)
/Users/zhaowenyuan/Projects/FlowFigTabMiner/flowfigtabminer/lib/python3.9/site-packages/paddle/utils/cpp_extension/extension_utils.py:712: UserWarning: No ccache found. Please be aware that recompiling all source files may be required. You can download and install ccache from: https://github.com/ccache/ccache/blob/master/doc/INSTALL.md
  warnings.warn(warning_message)
/Users/zhaowenyuan/Projects/FlowFigTabMiner/flowfigtabminer/lib/python3.9/site-packages/paddle/utils/cpp_extension/extension_utils.py:712: UserWarning: No ccache found. Please be aware that recompiling all source files may be required. You can download and install ccache from: https://github.com/ccache/ccache/blob/master/doc/INSTALL.md
  warnings.warn(warning_message)
/Users/zhaowenyuan/Projects/FlowFigTabMiner/flowfigtabminer/lib/python3.9/site-packages/paddle/utils/cpp_extension/extension_utils.py:712: UserWarning: No ccache found. Please be aware that recompiling all source files may be required. You can download and install ccache from: https://github.com/ccache/ccache/blob/master/doc/INSTALL.md
  warnings.warn(warning_message)
/Users/zhaowenyuan/Projects/FlowFigTabMiner/flowfigtabminer/lib/python3.9/site-packages/paddle/utils/cpp_extension/extension_utils.py:712: UserWarning: No ccache found. Please be aware that recompiling all source files may be required. You can download and install ccache from: https://github.com/ccache/ccache/blob/master/doc/INSTALL.md
  warnings.warn(warning_message)
/Users/zhaowenyuan/Projects/FlowFigTabMiner/flowfigtabminer/lib/python3.9/site-packages/paddle/utils/cpp_extension/extension_utils.py:712: UserWarning: No ccache found. Please be aware that recompiling all source files may be required. You can download and install ccache from: https://github.com/ccache/ccache/blob/master/doc/INSTALL.md
  warnings.warn(warning_message)
/Users/zhaowenyuan/Projects/FlowFigTabMiner/flowfigtabminer/lib/python3.9/site-packages/paddle/utils/cpp_extension/extension_utils.py:712: UserWarning: No ccache found. Please be aware that recompiling all source files may be required. You can download and install ccache from: https://github.com/ccache/ccache/blob/master/doc/INSTALL.md
  warnings.warn(warning_message)
/Users/zhaowenyuan/Projects/FlowFigTabMiner/flowfigtabminer/lib/python3.9/site-packages/paddle/utils/cpp_extension/extension_utils.py:712: UserWarning: No ccache found. Please be aware that recompiling all source files may be required. You can download and install ccache from: https://github.com/ccache/ccache/blob/master/doc/INSTALL.md
  warnings.warn(warning_message)
/Users/zhaowenyuan/Projects/FlowFigTabMiner/flowfigtabminer/lib/python3.9/site-packages/paddle/utils/cpp_extension/extension_utils.py:712: UserWarning: No ccache found. Please be aware that recompiling all source files may be required. You can download and install ccache from: https://github.com/ccache/ccache/blob/master/doc/INSTALL.md
  warnings.warn(warning_message)
/Users/zhaowenyuan/Projects/FlowFigTabMiner/flowfigtabminer/lib/python3.9/site-packages/paddle/utils/cpp_extension/extension_utils.py:712: UserWarning: No ccache found. Please be aware that recompiling all source files may be required. You can download and install ccache from: https://github.com/ccache/ccache/blob/master/doc/INSTALL.md
  warnings.warn(warning_message)
/Users/zhaowenyuan/Projects/FlowFigTabMiner/flowfigtabminer/lib/python3.9/site-packages/paddle/utils/cpp_extension/extension_utils.py:712: UserWarning: No ccache found. Please be aware that recompiling all source files may be required. You can download and install ccache from: https://github.com/ccache/ccache/blob/master/doc/INSTALL.md
  warnings.warn(warning_message)
/Users/zhaowenyuan/Projects/FlowFigTabMiner/flowfigtabminer/lib/python3.9/site-packages/paddle/utils/cpp_extension/extension_utils.py:712: UserWarning: No ccache found. Please be aware that recompiling all source files may be required. You can download and install ccache from: https://github.com/ccache/ccache/blob/master/doc/INSTALL.md
  warnings.warn(warning_message)
/Users/zhaowenyuan/Projects/FlowFigTabMiner/flowfigtabminer/lib/python3.9/site-packages/paddle/utils/cpp_extension/extension_utils.py:712: UserWarning: No ccache found. Please be aware that recompiling all source files may be required. You can download and install ccache from: https://github.com/ccache/ccache/blob/master/doc/INSTALL.md
  warnings.warn(warning_message)
/Users/zhaowenyuan/Projects/FlowFigTabMiner/flowfigtabminer/lib/python3.9/site-packages/paddle/utils/cpp_extension/extension_utils.py:712: UserWarning: No ccache found. Please be aware that recompiling all source files may be required. You can download and install ccache from: https://github.com/ccache/ccache/blob/master/doc/INSTALL.md
  warnings.warn(warning_message)
/Users/zhaowenyuan/Projects/FlowFigTabMiner/flowfigtabminer/lib/python3.9/site-packages/paddle/utils/cpp_extension/extension_utils.py:712: UserWarning: No ccache found. Please be aware that recompiling all source files may be required. You can download and install ccache from: https://github.com/ccache/ccache/blob/master/doc/INSTALL.md
  warnings.warn(warning_message)
/Users/zhaowenyuan/Projects/FlowFigTabMiner/flowfigtabminer/lib/python3.9/site-packages/paddle/utils/cpp_extension/extension_utils.py:712: UserWarning: No ccache found. Please be aware that recompiling all source files may be required. You can download and install ccache from: https://github.com/ccache/ccache/blob/master/doc/INSTALL.md
  warnings.warn(warning_message)
/Users/zhaowenyuan/Projects/FlowFigTabMiner/flowfigtabminer/lib/python3.9/site-packages/urllib3/__init__.py:35: NotOpenSSLWarning: urllib3 v2 only supports OpenSSL 1.1.1+, currently the 'ssl' module is compiled with 'LibreSSL 2.8.3'. See: https://github.com/urllib3/urllib3/issues/3020
  warnings.warn(
/Users/zhaowenyuan/Projects/FlowFigTabMiner/flowfigtabminer/lib/python3.9/site-packages/urllib3/__init__.py:35: NotOpenSSLWarning: urllib3 v2 only supports OpenSSL 1.1.1+, currently the 'ssl' module is compiled with 'LibreSSL 2.8.3'. See: https://github.com/urllib3/urllib3/issues/3020
  warnings.warn(
/Users/zhaowenyuan/Projects/FlowFigTabMiner/flowfigtabminer/lib/python3.9/site-packages/urllib3/__init__.py:35: NotOpenSSLWarning: urllib3 v2 only supports OpenSSL 1.1.1+, currently the 'ssl' module is compiled with 'LibreSSL 2.8.3'. See: https://github.com/urllib3/urllib3/issues/3020
  warnings.warn(
/Users/zhaowenyuan/Projects/FlowFigTabMiner/flowfigtabminer/lib/python3.9/site-packages/urllib3/__init__.py:35: NotOpenSSLWarning: urllib3 v2 only supports OpenSSL 1.1.1+, currently the 'ssl' module is compiled with 'LibreSSL 2.8.3'. See: https://github.com/urllib3/urllib3/issues/3020
  warnings.warn(
/Users/zhaowenyuan/Projects/FlowFigTabMiner/flowfigtabminer/lib/python3.9/site-packages/urllib3/__init__.py:35: NotOpenSSLWarning: urllib3 v2 only supports OpenSSL 1.1.1+, currently the 'ssl' module is compiled with 'LibreSSL 2.8.3'. See: https://github.com/urllib3/urllib3/issues/3020
  warnings.warn(
/Users/zhaowenyuan/Projects/FlowFigTabMiner/flowfigtabminer/lib/python3.9/site-packages/urllib3/__init__.py:35: NotOpenSSLWarning: urllib3 v2 only supports OpenSSL 1.1.1+, currently the 'ssl' module is compiled with 'LibreSSL 2.8.3'. See: https://github.com/urllib3/urllib3/issues/3020
  warnings.warn(
/Users/zhaowenyuan/Projects/FlowFigTabMiner/flowfigtabminer/lib/python3.9/site-packages/urllib3/__init__.py:35: NotOpenSSLWarning: urllib3 v2 only supports OpenSSL 1.1.1+, currently the 'ssl' module is compiled with 'LibreSSL 2.8.3'. See: https://github.com/urllib3/urllib3/issues/3020
  warnings.warn(
/Users/zhaowenyuan/Projects/FlowFigTabMiner/flowfigtabminer/lib/python3.9/site-packages/urllib3/__init__.py:35: NotOpenSSLWarning: urllib3 v2 only supports OpenSSL 1.1.1+, currently the 'ssl' module is compiled with 'LibreSSL 2.8.3'. See: https://github.com/urllib3/urllib3/issues/3020
  warnings.warn(
/Users/zhaowenyuan/Projects/FlowFigTabMiner/flowfigtabminer/lib/python3.9/site-packages/urllib3/__init__.py:35: NotOpenSSLWarning: urllib3 v2 only supports OpenSSL 1.1.1+, currently the 'ssl' module is compiled with 'LibreSSL 2.8.3'. See: https://github.com/urllib3/urllib3/issues/3020
  warnings.warn(
/Users/zhaowenyuan/Projects/FlowFigTabMiner/flowfigtabminer/lib/python3.9/site-packages/urllib3/__init__.py:35: NotOpenSSLWarning: urllib3 v2 only supports OpenSSL 1.1.1+, currently the 'ssl' module is compiled with 'LibreSSL 2.8.3'. See: https://github.com/urllib3/urllib3/issues/3020
  warnings.warn(
/Users/zhaowenyuan/Projects/FlowFigTabMiner/flowfigtabminer/lib/python3.9/site-packages/urllib3/__init__.py:35: NotOpenSSLWarning: urllib3 v2 only supports OpenSSL 1.1.1+, currently the 'ssl' module is compiled with 'LibreSSL 2.8.3'. See: https://github.com/urllib3/urllib3/issues/3020
  warnings.warn(
/Users/zhaowenyuan/Projects/FlowFigTabMiner/flowfigtabminer/lib/python3.9/site-packages/urllib3/__init__.py:35: NotOpenSSLWarning: urllib3 v2 only supports OpenSSL 1.1.1+, currently the 'ssl' module is compiled with 'LibreSSL 2.8.3'. See: https://github.com/urllib3/urllib3/issues/3020
  warnings.warn(
/Users/zhaowenyuan/Projects/FlowFigTabMiner/flowfigtabminer/lib/python3.9/site-packages/urllib3/__init__.py:35: NotOpenSSLWarning: urllib3 v2 only supports OpenSSL 1.1.1+, currently the 'ssl' module is compiled with 'LibreSSL 2.8.3'. See: https://github.com/urllib3/urllib3/issues/3020
  warnings.warn(
/Users/zhaowenyuan/Projects/FlowFigTabMiner/flowfigtabminer/lib/python3.9/site-packages/urllib3/__init__.py:35: NotOpenSSLWarning: urllib3 v2 only supports OpenSSL 1.1.1+, currently the 'ssl' module is compiled with 'LibreSSL 2.8.3'. See: https://github.com/urllib3/urllib3/issues/3020
  warnings.warn(
/Users/zhaowenyuan/Projects/FlowFigTabMiner/flowfigtabminer/lib/python3.9/site-packages/urllib3/__init__.py:35: NotOpenSSLWarning: urllib3 v2 only supports OpenSSL 1.1.1+, currently the 'ssl' module is compiled with 'LibreSSL 2.8.3'. See: https://github.com/urllib3/urllib3/issues/3020
  warnings.warn(
/Users/zhaowenyuan/Projects/FlowFigTabMiner/flowfigtabminer/lib/python3.9/site-packages/urllib3/__init__.py:35: NotOpenSSLWarning: urllib3 v2 only supports OpenSSL 1.1.1+, currently the 'ssl' module is compiled with 'LibreSSL 2.8.3'. See: https://github.com/urllib3/urllib3/issues/3020
  warnings.warn(
[33mChecking connectivity to the model hosters, this may take a while. To bypass this check, set `DISABLE_MODEL_SOURCE_CHECK` to `True`.[0m
[33mChecking connectivity to the model hosters, this may take a while. To bypass this check, set `DISABLE_MODEL_SOURCE_CHECK` to `True`.[0m
[33mChecking connectivity to the model hosters, this may take a while. To bypass this check, set `DISABLE_MODEL_SOURCE_CHECK` to `True`.[0m
[33mChecking connectivity to the model hosters, this may take a while. To bypass this check, set `DISABLE_MODEL_SOURCE_CHECK` to `True`.[0m
[33mChecking connectivity to the model hosters, this may take a while. To bypass this check, set `DISABLE_MODEL_SOURCE_CHECK` to `True`.[0m
[33mChecking connectivity to the model hosters, this may take a while. To bypass this check, set `DISABLE_MODEL_SOURCE_CHECK` to `True`.[0m
[33mChecking connectivity to the model hosters, this may take a while. To bypass this check, set `DISABLE_MODEL_SOURCE_CHECK` to `True`.[0m
[33mChecking connectivity to the model hosters, this may take a while. To bypass this check, set `DISABLE_MODEL_SOURCE_CHECK` to `True`.[0m
[33mChecking connectivity to the model hosters, this may take a while. To bypass this check, set `DISABLE_MODEL_SOURCE_CHECK` to `True`.[0m
[33mChecking connectivity to the model hosters, this may take a while. To bypass this check, set `DISABLE_MODEL_SOURCE_CHECK` to `True`.[0m
[33mChecking connectivity to the model hosters, this may take a while. To bypass this check, set `DISABLE_MODEL_SOURCE_CHECK` to `True`.[0m
[33mChecking connectivity to the model hosters, this may take a while. To bypass this check, set `DISABLE_MODEL_SOURCE_CHECK` to `True`.[0m
[33mChecking connectivity to the model hosters, this may take a while. To bypass this check, set `DISABLE_MODEL_SOURCE_CHECK` to `True`.[0m
[33mChecking connectivity to the model hosters, this may take a while. To bypass this check, set `DISABLE_MODEL_SOURCE_CHECK` to `True`.[0m
[33mChecking connectivity to the model hosters, this may take a while. To bypass this check, set `DISABLE_MODEL_SOURCE_CHECK` to `True`.[0m
[33mChecking connectivity to the model hosters, this may take a while. To bypass this check, set `DISABLE_MODEL_SOURCE_CHECK` to `True`.[0m
/Users/zhaowenyuan/Projects/FlowFigTabMiner/flowfigtabminer/lib/python3.9/site-packages/onmt/modules/sparse_activations.py:48: FutureWarning: `torch.cuda.amp.custom_fwd(args...)` is deprecated. Please use `torch.amp.custom_fwd(args..., device_type='cuda')` instead.
  def forward(ctx, input, dim=0):
/Users/zhaowenyuan/Projects/FlowFigTabMiner/flowfigtabminer/lib/python3.9/site-packages/onmt/modules/sparse_activations.py:68: FutureWarning: `torch.cuda.amp.custom_bwd(args...)` is deprecated. Please use `torch.amp.custom_bwd(args..., device_type='cuda')` instead.
  def backward(ctx, grad_output):
/Users/zhaowenyuan/Projects/FlowFigTabMiner/flowfigtabminer/lib/python3.9/site-packages/onmt/modules/sparse_losses.py:13: FutureWarning: `torch.cuda.amp.custom_fwd(args...)` is deprecated. Please use `torch.amp.custom_fwd(args..., device_type='cuda')` instead.
  def forward(ctx, input, target):
/Users/zhaowenyuan/Projects/FlowFigTabMiner/flowfigtabminer/lib/python3.9/site-packages/onmt/modules/sparse_losses.py:37: FutureWarning: `torch.cuda.amp.custom_bwd(args...)` is deprecated. Please use `torch.amp.custom_bwd(args..., device_type='cuda')` instead.
  def backward(ctx, grad_output):
   -> Box 9: SMILES='CON(C)C(=O)c1cccs1' | Masked (White Box)
   -> [Debug] Upscaled TINY box 10 by 1.8x (198x170 -> 349x300)
/Users/zhaowenyuan/Projects/FlowFigTabMiner/flowfigtabminer/lib/python3.9/site-packages/paddle/utils/cpp_extension/extension_utils.py:712: UserWarning: No ccache found. Please be aware that recompiling all source files may be required. You can download and install ccache from: https://github.com/ccache/ccache/blob/master/doc/INSTALL.md
  warnings.warn(warning_message)
/Users/zhaowenyuan/Projects/FlowFigTabMiner/flowfigtabminer/lib/python3.9/site-packages/paddle/utils/cpp_extension/extension_utils.py:712: UserWarning: No ccache found. Please be aware that recompiling all source files may be required. You can download and install ccache from: https://github.com/ccache/ccache/blob/master/doc/INSTALL.md
  warnings.warn(warning_message)
/Users/zhaowenyuan/Projects/FlowFigTabMiner/flowfigtabminer/lib/python3.9/site-packages/paddle/utils/cpp_extension/extension_utils.py:712: UserWarning: No ccache found. Please be aware that recompiling all source files may be required. You can download and install ccache from: https://github.com/ccache/ccache/blob/master/doc/INSTALL.md
  warnings.warn(warning_message)
/Users/zhaowenyuan/Projects/FlowFigTabMiner/flowfigtabminer/lib/python3.9/site-packages/paddle/utils/cpp_extension/extension_utils.py:712: UserWarning: No ccache found. Please be aware that recompiling all source files may be required. You can download and install ccache from: https://github.com/ccache/ccache/blob/master/doc/INSTALL.md
  warnings.warn(warning_message)
/Users/zhaowenyuan/Projects/FlowFigTabMiner/flowfigtabminer/lib/python3.9/site-packages/paddle/utils/cpp_extension/extension_utils.py:712: UserWarning: No ccache found. Please be aware that recompiling all source files may be required. You can download and install ccache from: https://github.com/ccache/ccache/blob/master/doc/INSTALL.md
  warnings.warn(warning_message)
/Users/zhaowenyuan/Projects/FlowFigTabMiner/flowfigtabminer/lib/python3.9/site-packages/paddle/utils/cpp_extension/extension_utils.py:712: UserWarning: No ccache found. Please be aware that recompiling all source files may be required. You can download and install ccache from: https://github.com/ccache/ccache/blob/master/doc/INSTALL.md
  warnings.warn(warning_message)
/Users/zhaowenyuan/Projects/FlowFigTabMiner/flowfigtabminer/lib/python3.9/site-packages/paddle/utils/cpp_extension/extension_utils.py:712: UserWarning: No ccache found. Please be aware that recompiling all source files may be required. You can download and install ccache from: https://github.com/ccache/ccache/blob/master/doc/INSTALL.md
  warnings.warn(warning_message)
/Users/zhaowenyuan/Projects/FlowFigTabMiner/flowfigtabminer/lib/python3.9/site-packages/paddle/utils/cpp_extension/extension_utils.py:712: UserWarning: No ccache found. Please be aware that recompiling all source files may be required. You can download and install ccache from: https://github.com/ccache/ccache/blob/master/doc/INSTALL.md
  warnings.warn(warning_message)
/Users/zhaowenyuan/Projects/FlowFigTabMiner/flowfigtabminer/lib/python3.9/site-packages/paddle/utils/cpp_extension/extension_utils.py:712: UserWarning: No ccache found. Please be aware that recompiling all source files may be required. You can download and install ccache from: https://github.com/ccache/ccache/blob/master/doc/INSTALL.md
  warnings.warn(warning_message)
/Users/zhaowenyuan/Projects/FlowFigTabMiner/flowfigtabminer/lib/python3.9/site-packages/paddle/utils/cpp_extension/extension_utils.py:712: UserWarning: No ccache found. Please be aware that recompiling all source files may be required. You can download and install ccache from: https://github.com/ccache/ccache/blob/master/doc/INSTALL.md
  warnings.warn(warning_message)
/Users/zhaowenyuan/Projects/FlowFigTabMiner/flowfigtabminer/lib/python3.9/site-packages/paddle/utils/cpp_extension/extension_utils.py:712: UserWarning: No ccache found. Please be aware that recompiling all source files may be required. You can download and install ccache from: https://github.com/ccache/ccache/blob/master/doc/INSTALL.md
  warnings.warn(warning_message)
/Users/zhaowenyuan/Projects/FlowFigTabMiner/flowfigtabminer/lib/python3.9/site-packages/paddle/utils/cpp_extension/extension_utils.py:712: UserWarning: No ccache found. Please be aware that recompiling all source files may be required. You can download and install ccache from: https://github.com/ccache/ccache/blob/master/doc/INSTALL.md
  warnings.warn(warning_message)
/Users/zhaowenyuan/Projects/FlowFigTabMiner/flowfigtabminer/lib/python3.9/site-packages/paddle/utils/cpp_extension/extension_utils.py:712: UserWarning: No ccache found. Please be aware that recompiling all source files may be required. You can download and install ccache from: https://github.com/ccache/ccache/blob/master/doc/INSTALL.md
  warnings.warn(warning_message)
/Users/zhaowenyuan/Projects/FlowFigTabMiner/flowfigtabminer/lib/python3.9/site-packages/paddle/utils/cpp_extension/extension_utils.py:712: UserWarning: No ccache found. Please be aware that recompiling all source files may be required. You can download and install ccache from: https://github.com/ccache/ccache/blob/master/doc/INSTALL.md
  warnings.warn(warning_message)
/Users/zhaowenyuan/Projects/FlowFigTabMiner/flowfigtabminer/lib/python3.9/site-packages/paddle/utils/cpp_extension/extension_utils.py:712: UserWarning: No ccache found. Please be aware that recompiling all source files may be required. You can download and install ccache from: https://github.com/ccache/ccache/blob/master/doc/INSTALL.md
  warnings.warn(warning_message)
/Users/zhaowenyuan/Projects/FlowFigTabMiner/flowfigtabminer/lib/python3.9/site-packages/paddle/utils/cpp_extension/extension_utils.py:712: UserWarning: No ccache found. Please be aware that recompiling all source files may be required. You can download and install ccache from: https://github.com/ccache/ccache/blob/master/doc/INSTALL.md
  warnings.warn(warning_message)
/Users/zhaowenyuan/Projects/FlowFigTabMiner/flowfigtabminer/lib/python3.9/site-packages/urllib3/__init__.py:35: NotOpenSSLWarning: urllib3 v2 only supports OpenSSL 1.1.1+, currently the 'ssl' module is compiled with 'LibreSSL 2.8.3'. See: https://github.com/urllib3/urllib3/issues/3020
  warnings.warn(
/Users/zhaowenyuan/Projects/FlowFigTabMiner/flowfigtabminer/lib/python3.9/site-packages/urllib3/__init__.py:35: NotOpenSSLWarning: urllib3 v2 only supports OpenSSL 1.1.1+, currently the 'ssl' module is compiled with 'LibreSSL 2.8.3'. See: https://github.com/urllib3/urllib3/issues/3020
  warnings.warn(
/Users/zhaowenyuan/Projects/FlowFigTabMiner/flowfigtabminer/lib/python3.9/site-packages/urllib3/__init__.py:35: NotOpenSSLWarning: urllib3 v2 only supports OpenSSL 1.1.1+, currently the 'ssl' module is compiled with 'LibreSSL 2.8.3'. See: https://github.com/urllib3/urllib3/issues/3020
  warnings.warn(
/Users/zhaowenyuan/Projects/FlowFigTabMiner/flowfigtabminer/lib/python3.9/site-packages/urllib3/__init__.py:35: NotOpenSSLWarning: urllib3 v2 only supports OpenSSL 1.1.1+, currently the 'ssl' module is compiled with 'LibreSSL 2.8.3'. See: https://github.com/urllib3/urllib3/issues/3020
  warnings.warn(
/Users/zhaowenyuan/Projects/FlowFigTabMiner/flowfigtabminer/lib/python3.9/site-packages/urllib3/__init__.py:35: NotOpenSSLWarning: urllib3 v2 only supports OpenSSL 1.1.1+, currently the 'ssl' module is compiled with 'LibreSSL 2.8.3'. See: https://github.com/urllib3/urllib3/issues/3020
  warnings.warn(
/Users/zhaowenyuan/Projects/FlowFigTabMiner/flowfigtabminer/lib/python3.9/site-packages/urllib3/__init__.py:35: NotOpenSSLWarning: urllib3 v2 only supports OpenSSL 1.1.1+, currently the 'ssl' module is compiled with 'LibreSSL 2.8.3'. See: https://github.com/urllib3/urllib3/issues/3020
  warnings.warn(
/Users/zhaowenyuan/Projects/FlowFigTabMiner/flowfigtabminer/lib/python3.9/site-packages/urllib3/__init__.py:35: NotOpenSSLWarning: urllib3 v2 only supports OpenSSL 1.1.1+, currently the 'ssl' module is compiled with 'LibreSSL 2.8.3'. See: https://github.com/urllib3/urllib3/issues/3020
  warnings.warn(
/Users/zhaowenyuan/Projects/FlowFigTabMiner/flowfigtabminer/lib/python3.9/site-packages/urllib3/__init__.py:35: NotOpenSSLWarning: urllib3 v2 only supports OpenSSL 1.1.1+, currently the 'ssl' module is compiled with 'LibreSSL 2.8.3'. See: https://github.com/urllib3/urllib3/issues/3020
  warnings.warn(
[33mChecking connectivity to the model hosters, this may take a while. To bypass this check, set `DISABLE_MODEL_SOURCE_CHECK` to `True`.[0m
/Users/zhaowenyuan/Projects/FlowFigTabMiner/flowfigtabminer/lib/python3.9/site-packages/urllib3/__init__.py:35: NotOpenSSLWarning: urllib3 v2 only supports OpenSSL 1.1.1+, currently the 'ssl' module is compiled with 'LibreSSL 2.8.3'. See: https://github.com/urllib3/urllib3/issues/3020
  warnings.warn(
/Users/zhaowenyuan/Projects/FlowFigTabMiner/flowfigtabminer/lib/python3.9/site-packages/urllib3/__init__.py:35: NotOpenSSLWarning: urllib3 v2 only supports OpenSSL 1.1.1+, currently the 'ssl' module is compiled with 'LibreSSL 2.8.3'. See: https://github.com/urllib3/urllib3/issues/3020
  warnings.warn(
/Users/zhaowenyuan/Projects/FlowFigTabMiner/flowfigtabminer/lib/python3.9/site-packages/urllib3/__init__.py:35: NotOpenSSLWarning: urllib3 v2 only supports OpenSSL 1.1.1+, currently the 'ssl' module is compiled with 'LibreSSL 2.8.3'. See: https://github.com/urllib3/urllib3/issues/3020
  warnings.warn(
/Users/zhaowenyuan/Projects/FlowFigTabMiner/flowfigtabminer/lib/python3.9/site-packages/urllib3/__init__.py:35: NotOpenSSLWarning: urllib3 v2 only supports OpenSSL 1.1.1+, currently the 'ssl' module is compiled with 'LibreSSL 2.8.3'. See: https://github.com/urllib3/urllib3/issues/3020
  warnings.warn(
/Users/zhaowenyuan/Projects/FlowFigTabMiner/flowfigtabminer/lib/python3.9/site-packages/urllib3/__init__.py:35: NotOpenSSLWarning: urllib3 v2 only supports OpenSSL 1.1.1+, currently the 'ssl' module is compiled with 'LibreSSL 2.8.3'. See: https://github.com/urllib3/urllib3/issues/3020
  warnings.warn(
/Users/zhaowenyuan/Projects/FlowFigTabMiner/flowfigtabminer/lib/python3.9/site-packages/urllib3/__init__.py:35: NotOpenSSLWarning: urllib3 v2 only supports OpenSSL 1.1.1+, currently the 'ssl' module is compiled with 'LibreSSL 2.8.3'. See: https://github.com/urllib3/urllib3/issues/3020
  warnings.warn(
/Users/zhaowenyuan/Projects/FlowFigTabMiner/flowfigtabminer/lib/python3.9/site-packages/urllib3/__init__.py:35: NotOpenSSLWarning: urllib3 v2 only supports OpenSSL 1.1.1+, currently the 'ssl' module is compiled with 'LibreSSL 2.8.3'. See: https://github.com/urllib3/urllib3/issues/3020
  warnings.warn(
/Users/zhaowenyuan/Projects/FlowFigTabMiner/flowfigtabminer/lib/python3.9/site-packages/urllib3/__init__.py:35: NotOpenSSLWarning: urllib3 v2 only supports OpenSSL 1.1.1+, currently the 'ssl' module is compiled with 'LibreSSL 2.8.3'. See: https://github.com/urllib3/urllib3/issues/3020
  warnings.warn(
[33mChecking connectivity to the model hosters, this may take a while. To bypass this check, set `DISABLE_MODEL_SOURCE_CHECK` to `True`.[0m
[33mChecking connectivity to the model hosters, this may take a while. To bypass this check, set `DISABLE_MODEL_SOURCE_CHECK` to `True`.[0m
[33mChecking connectivity to the model hosters, this may take a while. To bypass this check, set `DISABLE_MODEL_SOURCE_CHECK` to `True`.[0m
[33mChecking connectivity to the model hosters, this may take a while. To bypass this check, set `DISABLE_MODEL_SOURCE_CHECK` to `True`.[0m
[33mChecking connectivity to the model hosters, this may take a while. To bypass this check, set `DISABLE_MODEL_SOURCE_CHECK` to `True`.[0m
[33mChecking connectivity to the model hosters, this may take a while. To bypass this check, set `DISABLE_MODEL_SOURCE_CHECK` to `True`.[0m
[33mChecking connectivity to the model hosters, this may take a while. To bypass this check, set `DISABLE_MODEL_SOURCE_CHECK` to `True`.[0m
[33mChecking connectivity to the model hosters, this may take a while. To bypass this check, set `DISABLE_MODEL_SOURCE_CHECK` to `True`.[0m
[33mChecking connectivity to the model hosters, this may take a while. To bypass this check, set `DISABLE_MODEL_SOURCE_CHECK` to `True`.[0m
[33mChecking connectivity to the model hosters, this may take a while. To bypass this check, set `DISABLE_MODEL_SOURCE_CHECK` to `True`.[0m
[33mChecking connectivity to the model hosters, this may take a while. To bypass this check, set `DISABLE_MODEL_SOURCE_CHECK` to `True`.[0m
[33mChecking connectivity to the model hosters, this may take a while. To bypass this check, set `DISABLE_MODEL_SOURCE_CHECK` to `True`.[0m
[33mChecking connectivity to the model hosters, this may take a while. To bypass this check, set `DISABLE_MODEL_SOURCE_CHECK` to `True`.[0m
[33mChecking connectivity to the model hosters, this may take a while. To bypass this check, set `DISABLE_MODEL_SOURCE_CHECK` to `True`.[0m
[33mChecking connectivity to the model hosters, this may take a while. To bypass this check, set `DISABLE_MODEL_SOURCE_CHECK` to `True`.[0m
/Users/zhaowenyuan/Projects/FlowFigTabMiner/flowfigtabminer/lib/python3.9/site-packages/onmt/modules/sparse_activations.py:48: FutureWarning: `torch.cuda.amp.custom_fwd(args...)` is deprecated. Please use `torch.amp.custom_fwd(args..., device_type='cuda')` instead.
  def forward(ctx, input, dim=0):
/Users/zhaowenyuan/Projects/FlowFigTabMiner/flowfigtabminer/lib/python3.9/site-packages/onmt/modules/sparse_activations.py:68: FutureWarning: `torch.cuda.amp.custom_bwd(args...)` is deprecated. Please use `torch.amp.custom_bwd(args..., device_type='cuda')` instead.
  def backward(ctx, grad_output):
/Users/zhaowenyuan/Projects/FlowFigTabMiner/flowfigtabminer/lib/python3.9/site-packages/onmt/modules/sparse_losses.py:13: FutureWarning: `torch.cuda.amp.custom_fwd(args...)` is deprecated. Please use `torch.amp.custom_fwd(args..., device_type='cuda')` instead.
  def forward(ctx, input, target):
/Users/zhaowenyuan/Projects/FlowFigTabMiner/flowfigtabminer/lib/python3.9/site-packages/onmt/modules/sparse_losses.py:37: FutureWarning: `torch.cuda.amp.custom_bwd(args...)` is deprecated. Please use `torch.amp.custom_bwd(args..., device_type='cuda')` instead.
  def backward(ctx, grad_output):
   -> Box 10: SMILES='CC(C)C(=O)c1ccccc1' | Masked (White Box)
   -> [Debug] Upscaled TINY box 11 by 1.6x (283x183 -> 463x300)
/Users/zhaowenyuan/Projects/FlowFigTabMiner/flowfigtabminer/lib/python3.9/site-packages/paddle/utils/cpp_extension/extension_utils.py:712: UserWarning: No ccache found. Please be aware that recompiling all source files may be required. You can download and install ccache from: https://github.com/ccache/ccache/blob/master/doc/INSTALL.md
  warnings.warn(warning_message)
/Users/zhaowenyuan/Projects/FlowFigTabMiner/flowfigtabminer/lib/python3.9/site-packages/paddle/utils/cpp_extension/extension_utils.py:712: UserWarning: No ccache found. Please be aware that recompiling all source files may be required. You can download and install ccache from: https://github.com/ccache/ccache/blob/master/doc/INSTALL.md
  warnings.warn(warning_message)
/Users/zhaowenyuan/Projects/FlowFigTabMiner/flowfigtabminer/lib/python3.9/site-packages/paddle/utils/cpp_extension/extension_utils.py:712: UserWarning: No ccache found. Please be aware that recompiling all source files may be required. You can download and install ccache from: https://github.com/ccache/ccache/blob/master/doc/INSTALL.md
  warnings.warn(warning_message)
/Users/zhaowenyuan/Projects/FlowFigTabMiner/flowfigtabminer/lib/python3.9/site-packages/paddle/utils/cpp_extension/extension_utils.py:712: UserWarning: No ccache found. Please be aware that recompiling all source files may be required. You can download and install ccache from: https://github.com/ccache/ccache/blob/master/doc/INSTALL.md
  warnings.warn(warning_message)
/Users/zhaowenyuan/Projects/FlowFigTabMiner/flowfigtabminer/lib/python3.9/site-packages/paddle/utils/cpp_extension/extension_utils.py:712: UserWarning: No ccache found. Please be aware that recompiling all source files may be required. You can download and install ccache from: https://github.com/ccache/ccache/blob/master/doc/INSTALL.md
  warnings.warn(warning_message)
/Users/zhaowenyuan/Projects/FlowFigTabMiner/flowfigtabminer/lib/python3.9/site-packages/paddle/utils/cpp_extension/extension_utils.py:712: UserWarning: No ccache found. Please be aware that recompiling all source files may be required. You can download and install ccache from: https://github.com/ccache/ccache/blob/master/doc/INSTALL.md
  warnings.warn(warning_message)
/Users/zhaowenyuan/Projects/FlowFigTabMiner/flowfigtabminer/lib/python3.9/site-packages/paddle/utils/cpp_extension/extension_utils.py:712: UserWarning: No ccache found. Please be aware that recompiling all source files may be required. You can download and install ccache from: https://github.com/ccache/ccache/blob/master/doc/INSTALL.md
  warnings.warn(warning_message)
/Users/zhaowenyuan/Projects/FlowFigTabMiner/flowfigtabminer/lib/python3.9/site-packages/paddle/utils/cpp_extension/extension_utils.py:712: UserWarning: No ccache found. Please be aware that recompiling all source files may be required. You can download and install ccache from: https://github.com/ccache/ccache/blob/master/doc/INSTALL.md
  warnings.warn(warning_message)
/Users/zhaowenyuan/Projects/FlowFigTabMiner/flowfigtabminer/lib/python3.9/site-packages/paddle/utils/cpp_extension/extension_utils.py:712: UserWarning: No ccache found. Please be aware that recompiling all source files may be required. You can download and install ccache from: https://github.com/ccache/ccache/blob/master/doc/INSTALL.md
  warnings.warn(warning_message)
/Users/zhaowenyuan/Projects/FlowFigTabMiner/flowfigtabminer/lib/python3.9/site-packages/paddle/utils/cpp_extension/extension_utils.py:712: UserWarning: No ccache found. Please be aware that recompiling all source files may be required. You can download and install ccache from: https://github.com/ccache/ccache/blob/master/doc/INSTALL.md
  warnings.warn(warning_message)
/Users/zhaowenyuan/Projects/FlowFigTabMiner/flowfigtabminer/lib/python3.9/site-packages/paddle/utils/cpp_extension/extension_utils.py:712: UserWarning: No ccache found. Please be aware that recompiling all source files may be required. You can download and install ccache from: https://github.com/ccache/ccache/blob/master/doc/INSTALL.md
  warnings.warn(warning_message)
/Users/zhaowenyuan/Projects/FlowFigTabMiner/flowfigtabminer/lib/python3.9/site-packages/paddle/utils/cpp_extension/extension_utils.py:712: UserWarning: No ccache found. Please be aware that recompiling all source files may be required. You can download and install ccache from: https://github.com/ccache/ccache/blob/master/doc/INSTALL.md
  warnings.warn(warning_message)
/Users/zhaowenyuan/Projects/FlowFigTabMiner/flowfigtabminer/lib/python3.9/site-packages/paddle/utils/cpp_extension/extension_utils.py:712: UserWarning: No ccache found. Please be aware that recompiling all source files may be required. You can download and install ccache from: https://github.com/ccache/ccache/blob/master/doc/INSTALL.md
  warnings.warn(warning_message)
/Users/zhaowenyuan/Projects/FlowFigTabMiner/flowfigtabminer/lib/python3.9/site-packages/paddle/utils/cpp_extension/extension_utils.py:712: UserWarning: No ccache found. Please be aware that recompiling all source files may be required. You can download and install ccache from: https://github.com/ccache/ccache/blob/master/doc/INSTALL.md
  warnings.warn(warning_message)
/Users/zhaowenyuan/Projects/FlowFigTabMiner/flowfigtabminer/lib/python3.9/site-packages/paddle/utils/cpp_extension/extension_utils.py:712: UserWarning: No ccache found. Please be aware that recompiling all source files may be required. You can download and install ccache from: https://github.com/ccache/ccache/blob/master/doc/INSTALL.md
  warnings.warn(warning_message)
/Users/zhaowenyuan/Projects/FlowFigTabMiner/flowfigtabminer/lib/python3.9/site-packages/paddle/utils/cpp_extension/extension_utils.py:712: UserWarning: No ccache found. Please be aware that recompiling all source files may be required. You can download and install ccache from: https://github.com/ccache/ccache/blob/master/doc/INSTALL.md
  warnings.warn(warning_message)
/Users/zhaowenyuan/Projects/FlowFigTabMiner/flowfigtabminer/lib/python3.9/site-packages/urllib3/__init__.py:35: NotOpenSSLWarning: urllib3 v2 only supports OpenSSL 1.1.1+, currently the 'ssl' module is compiled with 'LibreSSL 2.8.3'. See: https://github.com/urllib3/urllib3/issues/3020
  warnings.warn(
/Users/zhaowenyuan/Projects/FlowFigTabMiner/flowfigtabminer/lib/python3.9/site-packages/urllib3/__init__.py:35: NotOpenSSLWarning: urllib3 v2 only supports OpenSSL 1.1.1+, currently the 'ssl' module is compiled with 'LibreSSL 2.8.3'. See: https://github.com/urllib3/urllib3/issues/3020
  warnings.warn(
/Users/zhaowenyuan/Projects/FlowFigTabMiner/flowfigtabminer/lib/python3.9/site-packages/urllib3/__init__.py:35: NotOpenSSLWarning: urllib3 v2 only supports OpenSSL 1.1.1+, currently the 'ssl' module is compiled with 'LibreSSL 2.8.3'. See: https://github.com/urllib3/urllib3/issues/3020
  warnings.warn(
/Users/zhaowenyuan/Projects/FlowFigTabMiner/flowfigtabminer/lib/python3.9/site-packages/urllib3/__init__.py:35: NotOpenSSLWarning: urllib3 v2 only supports OpenSSL 1.1.1+, currently the 'ssl' module is compiled with 'LibreSSL 2.8.3'. See: https://github.com/urllib3/urllib3/issues/3020
  warnings.warn(
/Users/zhaowenyuan/Projects/FlowFigTabMiner/flowfigtabminer/lib/python3.9/site-packages/urllib3/__init__.py:35: NotOpenSSLWarning: urllib3 v2 only supports OpenSSL 1.1.1+, currently the 'ssl' module is compiled with 'LibreSSL 2.8.3'. See: https://github.com/urllib3/urllib3/issues/3020
  warnings.warn(
[33mChecking connectivity to the model hosters, this may take a while. To bypass this check, set `DISABLE_MODEL_SOURCE_CHECK` to `True`.[0m
/Users/zhaowenyuan/Projects/FlowFigTabMiner/flowfigtabminer/lib/python3.9/site-packages/urllib3/__init__.py:35: NotOpenSSLWarning: urllib3 v2 only supports OpenSSL 1.1.1+, currently the 'ssl' module is compiled with 'LibreSSL 2.8.3'. See: https://github.com/urllib3/urllib3/issues/3020
  warnings.warn(
/Users/zhaowenyuan/Projects/FlowFigTabMiner/flowfigtabminer/lib/python3.9/site-packages/urllib3/__init__.py:35: NotOpenSSLWarning: urllib3 v2 only supports OpenSSL 1.1.1+, currently the 'ssl' module is compiled with 'LibreSSL 2.8.3'. See: https://github.com/urllib3/urllib3/issues/3020
  warnings.warn(
/Users/zhaowenyuan/Projects/FlowFigTabMiner/flowfigtabminer/lib/python3.9/site-packages/urllib3/__init__.py:35: NotOpenSSLWarning: urllib3 v2 only supports OpenSSL 1.1.1+, currently the 'ssl' module is compiled with 'LibreSSL 2.8.3'. See: https://github.com/urllib3/urllib3/issues/3020
  warnings.warn(
/Users/zhaowenyuan/Projects/FlowFigTabMiner/flowfigtabminer/lib/python3.9/site-packages/urllib3/__init__.py:35: NotOpenSSLWarning: urllib3 v2 only supports OpenSSL 1.1.1+, currently the 'ssl' module is compiled with 'LibreSSL 2.8.3'. See: https://github.com/urllib3/urllib3/issues/3020
  warnings.warn(
/Users/zhaowenyuan/Projects/FlowFigTabMiner/flowfigtabminer/lib/python3.9/site-packages/urllib3/__init__.py:35: NotOpenSSLWarning: urllib3 v2 only supports OpenSSL 1.1.1+, currently the 'ssl' module is compiled with 'LibreSSL 2.8.3'. See: https://github.com/urllib3/urllib3/issues/3020
  warnings.warn(
/Users/zhaowenyuan/Projects/FlowFigTabMiner/flowfigtabminer/lib/python3.9/site-packages/urllib3/__init__.py:35: NotOpenSSLWarning: urllib3 v2 only supports OpenSSL 1.1.1+, currently the 'ssl' module is compiled with 'LibreSSL 2.8.3'. See: https://github.com/urllib3/urllib3/issues/3020
  warnings.warn(
/Users/zhaowenyuan/Projects/FlowFigTabMiner/flowfigtabminer/lib/python3.9/site-packages/urllib3/__init__.py:35: NotOpenSSLWarning: urllib3 v2 only supports OpenSSL 1.1.1+, currently the 'ssl' module is compiled with 'LibreSSL 2.8.3'. See: https://github.com/urllib3/urllib3/issues/3020
  warnings.warn(
/Users/zhaowenyuan/Projects/FlowFigTabMiner/flowfigtabminer/lib/python3.9/site-packages/urllib3/__init__.py:35: NotOpenSSLWarning: urllib3 v2 only supports OpenSSL 1.1.1+, currently the 'ssl' module is compiled with 'LibreSSL 2.8.3'. See: https://github.com/urllib3/urllib3/issues/3020
  warnings.warn(
/Users/zhaowenyuan/Projects/FlowFigTabMiner/flowfigtabminer/lib/python3.9/site-packages/urllib3/__init__.py:35: NotOpenSSLWarning: urllib3 v2 only supports OpenSSL 1.1.1+, currently the 'ssl' module is compiled with 'LibreSSL 2.8.3'. See: https://github.com/urllib3/urllib3/issues/3020
  warnings.warn(
/Users/zhaowenyuan/Projects/FlowFigTabMiner/flowfigtabminer/lib/python3.9/site-packages/urllib3/__init__.py:35: NotOpenSSLWarning: urllib3 v2 only supports OpenSSL 1.1.1+, currently the 'ssl' module is compiled with 'LibreSSL 2.8.3'. See: https://github.com/urllib3/urllib3/issues/3020
  warnings.warn(
/Users/zhaowenyuan/Projects/FlowFigTabMiner/flowfigtabminer/lib/python3.9/site-packages/urllib3/__init__.py:35: NotOpenSSLWarning: urllib3 v2 only supports OpenSSL 1.1.1+, currently the 'ssl' module is compiled with 'LibreSSL 2.8.3'. See: https://github.com/urllib3/urllib3/issues/3020
  warnings.warn(
[33mChecking connectivity to the model hosters, this may take a while. To bypass this check, set `DISABLE_MODEL_SOURCE_CHECK` to `True`.[0m
[33mChecking connectivity to the model hosters, this may take a while. To bypass this check, set `DISABLE_MODEL_SOURCE_CHECK` to `True`.[0m
[33mChecking connectivity to the model hosters, this may take a while. To bypass this check, set `DISABLE_MODEL_SOURCE_CHECK` to `True`.[0m
[33mChecking connectivity to the model hosters, this may take a while. To bypass this check, set `DISABLE_MODEL_SOURCE_CHECK` to `True`.[0m
[33mChecking connectivity to the model hosters, this may take a while. To bypass this check, set `DISABLE_MODEL_SOURCE_CHECK` to `True`.[0m
[33mChecking connectivity to the model hosters, this may take a while. To bypass this check, set `DISABLE_MODEL_SOURCE_CHECK` to `True`.[0m
[33mChecking connectivity to the model hosters, this may take a while. To bypass this check, set `DISABLE_MODEL_SOURCE_CHECK` to `True`.[0m
[33mChecking connectivity to the model hosters, this may take a while. To bypass this check, set `DISABLE_MODEL_SOURCE_CHECK` to `True`.[0m
[33mChecking connectivity to the model hosters, this may take a while. To bypass this check, set `DISABLE_MODEL_SOURCE_CHECK` to `True`.[0m
[33mChecking connectivity to the model hosters, this may take a while. To bypass this check, set `DISABLE_MODEL_SOURCE_CHECK` to `True`.[0m
[33mChecking connectivity to the model hosters, this may take a while. To bypass this check, set `DISABLE_MODEL_SOURCE_CHECK` to `True`.[0m
[33mChecking connectivity to the model hosters, this may take a while. To bypass this check, set `DISABLE_MODEL_SOURCE_CHECK` to `True`.[0m
[33mChecking connectivity to the model hosters, this may take a while. To bypass this check, set `DISABLE_MODEL_SOURCE_CHECK` to `True`.[0m
[33mChecking connectivity to the model hosters, this may take a while. To bypass this check, set `DISABLE_MODEL_SOURCE_CHECK` to `True`.[0m
[33mChecking connectivity to the model hosters, this may take a while. To bypass this check, set `DISABLE_MODEL_SOURCE_CHECK` to `True`.[0m
/Users/zhaowenyuan/Projects/FlowFigTabMiner/flowfigtabminer/lib/python3.9/site-packages/onmt/modules/sparse_activations.py:48: FutureWarning: `torch.cuda.amp.custom_fwd(args...)` is deprecated. Please use `torch.amp.custom_fwd(args..., device_type='cuda')` instead.
  def forward(ctx, input, dim=0):
/Users/zhaowenyuan/Projects/FlowFigTabMiner/flowfigtabminer/lib/python3.9/site-packages/onmt/modules/sparse_activations.py:68: FutureWarning: `torch.cuda.amp.custom_bwd(args...)` is deprecated. Please use `torch.amp.custom_bwd(args..., device_type='cuda')` instead.
  def backward(ctx, grad_output):
/Users/zhaowenyuan/Projects/FlowFigTabMiner/flowfigtabminer/lib/python3.9/site-packages/onmt/modules/sparse_losses.py:13: FutureWarning: `torch.cuda.amp.custom_fwd(args...)` is deprecated. Please use `torch.amp.custom_fwd(args..., device_type='cuda')` instead.
  def forward(ctx, input, target):
/Users/zhaowenyuan/Projects/FlowFigTabMiner/flowfigtabminer/lib/python3.9/site-packages/onmt/modules/sparse_losses.py:37: FutureWarning: `torch.cuda.amp.custom_bwd(args...)` is deprecated. Please use `torch.amp.custom_bwd(args..., device_type='cuda')` instead.
  def backward(ctx, grad_output):
   -> Box 11: SMILES='CON(C)C(=O)c1ccc(C(F)(F)F)cc1' | Masked (White Box)
   -> [Debug] Upscaled TINY box 12 by 1.6x (254x184 -> 414x300)
/Users/zhaowenyuan/Projects/FlowFigTabMiner/flowfigtabminer/lib/python3.9/site-packages/paddle/utils/cpp_extension/extension_utils.py:712: UserWarning: No ccache found. Please be aware that recompiling all source files may be required. You can download and install ccache from: https://github.com/ccache/ccache/blob/master/doc/INSTALL.md
  warnings.warn(warning_message)
/Users/zhaowenyuan/Projects/FlowFigTabMiner/flowfigtabminer/lib/python3.9/site-packages/paddle/utils/cpp_extension/extension_utils.py:712: UserWarning: No ccache found. Please be aware that recompiling all source files may be required. You can download and install ccache from: https://github.com/ccache/ccache/blob/master/doc/INSTALL.md
  warnings.warn(warning_message)
/Users/zhaowenyuan/Projects/FlowFigTabMiner/flowfigtabminer/lib/python3.9/site-packages/paddle/utils/cpp_extension/extension_utils.py:712: UserWarning: No ccache found. Please be aware that recompiling all source files may be required. You can download and install ccache from: https://github.com/ccache/ccache/blob/master/doc/INSTALL.md
  warnings.warn(warning_message)
/Users/zhaowenyuan/Projects/FlowFigTabMiner/flowfigtabminer/lib/python3.9/site-packages/paddle/utils/cpp_extension/extension_utils.py:712: UserWarning: No ccache found. Please be aware that recompiling all source files may be required. You can download and install ccache from: https://github.com/ccache/ccache/blob/master/doc/INSTALL.md
  warnings.warn(warning_message)
/Users/zhaowenyuan/Projects/FlowFigTabMiner/flowfigtabminer/lib/python3.9/site-packages/paddle/utils/cpp_extension/extension_utils.py:712: UserWarning: No ccache found. Please be aware that recompiling all source files may be required. You can download and install ccache from: https://github.com/ccache/ccache/blob/master/doc/INSTALL.md
  warnings.warn(warning_message)
/Users/zhaowenyuan/Projects/FlowFigTabMiner/flowfigtabminer/lib/python3.9/site-packages/paddle/utils/cpp_extension/extension_utils.py:712: UserWarning: No ccache found. Please be aware that recompiling all source files may be required. You can download and install ccache from: https://github.com/ccache/ccache/blob/master/doc/INSTALL.md
  warnings.warn(warning_message)
/Users/zhaowenyuan/Projects/FlowFigTabMiner/flowfigtabminer/lib/python3.9/site-packages/paddle/utils/cpp_extension/extension_utils.py:712: UserWarning: No ccache found. Please be aware that recompiling all source files may be required. You can download and install ccache from: https://github.com/ccache/ccache/blob/master/doc/INSTALL.md
  warnings.warn(warning_message)
/Users/zhaowenyuan/Projects/FlowFigTabMiner/flowfigtabminer/lib/python3.9/site-packages/paddle/utils/cpp_extension/extension_utils.py:712: UserWarning: No ccache found. Please be aware that recompiling all source files may be required. You can download and install ccache from: https://github.com/ccache/ccache/blob/master/doc/INSTALL.md
  warnings.warn(warning_message)
/Users/zhaowenyuan/Projects/FlowFigTabMiner/flowfigtabminer/lib/python3.9/site-packages/paddle/utils/cpp_extension/extension_utils.py:712: UserWarning: No ccache found. Please be aware that recompiling all source files may be required. You can download and install ccache from: https://github.com/ccache/ccache/blob/master/doc/INSTALL.md
  warnings.warn(warning_message)
/Users/zhaowenyuan/Projects/FlowFigTabMiner/flowfigtabminer/lib/python3.9/site-packages/paddle/utils/cpp_extension/extension_utils.py:712: UserWarning: No ccache found. Please be aware that recompiling all source files may be required. You can download and install ccache from: https://github.com/ccache/ccache/blob/master/doc/INSTALL.md
  warnings.warn(warning_message)
/Users/zhaowenyuan/Projects/FlowFigTabMiner/flowfigtabminer/lib/python3.9/site-packages/paddle/utils/cpp_extension/extension_utils.py:712: UserWarning: No ccache found. Please be aware that recompiling all source files may be required. You can download and install ccache from: https://github.com/ccache/ccache/blob/master/doc/INSTALL.md
  warnings.warn(warning_message)
/Users/zhaowenyuan/Projects/FlowFigTabMiner/flowfigtabminer/lib/python3.9/site-packages/paddle/utils/cpp_extension/extension_utils.py:712: UserWarning: No ccache found. Please be aware that recompiling all source files may be required. You can download and install ccache from: https://github.com/ccache/ccache/blob/master/doc/INSTALL.md
  warnings.warn(warning_message)
/Users/zhaowenyuan/Projects/FlowFigTabMiner/flowfigtabminer/lib/python3.9/site-packages/paddle/utils/cpp_extension/extension_utils.py:712: UserWarning: No ccache found. Please be aware that recompiling all source files may be required. You can download and install ccache from: https://github.com/ccache/ccache/blob/master/doc/INSTALL.md
  warnings.warn(warning_message)
/Users/zhaowenyuan/Projects/FlowFigTabMiner/flowfigtabminer/lib/python3.9/site-packages/paddle/utils/cpp_extension/extension_utils.py:712: UserWarning: No ccache found. Please be aware that recompiling all source files may be required. You can download and install ccache from: https://github.com/ccache/ccache/blob/master/doc/INSTALL.md
  warnings.warn(warning_message)
/Users/zhaowenyuan/Projects/FlowFigTabMiner/flowfigtabminer/lib/python3.9/site-packages/paddle/utils/cpp_extension/extension_utils.py:712: UserWarning: No ccache found. Please be aware that recompiling all source files may be required. You can download and install ccache from: https://github.com/ccache/ccache/blob/master/doc/INSTALL.md
  warnings.warn(warning_message)
/Users/zhaowenyuan/Projects/FlowFigTabMiner/flowfigtabminer/lib/python3.9/site-packages/paddle/utils/cpp_extension/extension_utils.py:712: UserWarning: No ccache found. Please be aware that recompiling all source files may be required. You can download and install ccache from: https://github.com/ccache/ccache/blob/master/doc/INSTALL.md
  warnings.warn(warning_message)
/Users/zhaowenyuan/Projects/FlowFigTabMiner/flowfigtabminer/lib/python3.9/site-packages/urllib3/__init__.py:35: NotOpenSSLWarning: urllib3 v2 only supports OpenSSL 1.1.1+, currently the 'ssl' module is compiled with 'LibreSSL 2.8.3'. See: https://github.com/urllib3/urllib3/issues/3020
  warnings.warn(
/Users/zhaowenyuan/Projects/FlowFigTabMiner/flowfigtabminer/lib/python3.9/site-packages/urllib3/__init__.py:35: NotOpenSSLWarning: urllib3 v2 only supports OpenSSL 1.1.1+, currently the 'ssl' module is compiled with 'LibreSSL 2.8.3'. See: https://github.com/urllib3/urllib3/issues/3020
  warnings.warn(
/Users/zhaowenyuan/Projects/FlowFigTabMiner/flowfigtabminer/lib/python3.9/site-packages/urllib3/__init__.py:35: NotOpenSSLWarning: urllib3 v2 only supports OpenSSL 1.1.1+, currently the 'ssl' module is compiled with 'LibreSSL 2.8.3'. See: https://github.com/urllib3/urllib3/issues/3020
  warnings.warn(
/Users/zhaowenyuan/Projects/FlowFigTabMiner/flowfigtabminer/lib/python3.9/site-packages/urllib3/__init__.py:35: NotOpenSSLWarning: urllib3 v2 only supports OpenSSL 1.1.1+, currently the 'ssl' module is compiled with 'LibreSSL 2.8.3'. See: https://github.com/urllib3/urllib3/issues/3020
  warnings.warn(
/Users/zhaowenyuan/Projects/FlowFigTabMiner/flowfigtabminer/lib/python3.9/site-packages/urllib3/__init__.py:35: NotOpenSSLWarning: urllib3 v2 only supports OpenSSL 1.1.1+, currently the 'ssl' module is compiled with 'LibreSSL 2.8.3'. See: https://github.com/urllib3/urllib3/issues/3020
  warnings.warn(
/Users/zhaowenyuan/Projects/FlowFigTabMiner/flowfigtabminer/lib/python3.9/site-packages/urllib3/__init__.py:35: NotOpenSSLWarning: urllib3 v2 only supports OpenSSL 1.1.1+, currently the 'ssl' module is compiled with 'LibreSSL 2.8.3'. See: https://github.com/urllib3/urllib3/issues/3020
  warnings.warn(
/Users/zhaowenyuan/Projects/FlowFigTabMiner/flowfigtabminer/lib/python3.9/site-packages/urllib3/__init__.py:35: NotOpenSSLWarning: urllib3 v2 only supports OpenSSL 1.1.1+, currently the 'ssl' module is compiled with 'LibreSSL 2.8.3'. See: https://github.com/urllib3/urllib3/issues/3020
  warnings.warn(
/Users/zhaowenyuan/Projects/FlowFigTabMiner/flowfigtabminer/lib/python3.9/site-packages/urllib3/__init__.py:35: NotOpenSSLWarning: urllib3 v2 only supports OpenSSL 1.1.1+, currently the 'ssl' module is compiled with 'LibreSSL 2.8.3'. See: https://github.com/urllib3/urllib3/issues/3020
  warnings.warn(
/Users/zhaowenyuan/Projects/FlowFigTabMiner/flowfigtabminer/lib/python3.9/site-packages/urllib3/__init__.py:35: NotOpenSSLWarning: urllib3 v2 only supports OpenSSL 1.1.1+, currently the 'ssl' module is compiled with 'LibreSSL 2.8.3'. See: https://github.com/urllib3/urllib3/issues/3020
  warnings.warn(
/Users/zhaowenyuan/Projects/FlowFigTabMiner/flowfigtabminer/lib/python3.9/site-packages/urllib3/__init__.py:35: NotOpenSSLWarning: urllib3 v2 only supports OpenSSL 1.1.1+, currently the 'ssl' module is compiled with 'LibreSSL 2.8.3'. See: https://github.com/urllib3/urllib3/issues/3020
  warnings.warn(
[33mChecking connectivity to the model hosters, this may take a while. To bypass this check, set `DISABLE_MODEL_SOURCE_CHECK` to `True`.[0m
/Users/zhaowenyuan/Projects/FlowFigTabMiner/flowfigtabminer/lib/python3.9/site-packages/urllib3/__init__.py:35: NotOpenSSLWarning: urllib3 v2 only supports OpenSSL 1.1.1+, currently the 'ssl' module is compiled with 'LibreSSL 2.8.3'. See: https://github.com/urllib3/urllib3/issues/3020
  warnings.warn(
/Users/zhaowenyuan/Projects/FlowFigTabMiner/flowfigtabminer/lib/python3.9/site-packages/urllib3/__init__.py:35: NotOpenSSLWarning: urllib3 v2 only supports OpenSSL 1.1.1+, currently the 'ssl' module is compiled with 'LibreSSL 2.8.3'. See: https://github.com/urllib3/urllib3/issues/3020
  warnings.warn(
/Users/zhaowenyuan/Projects/FlowFigTabMiner/flowfigtabminer/lib/python3.9/site-packages/urllib3/__init__.py:35: NotOpenSSLWarning: urllib3 v2 only supports OpenSSL 1.1.1+, currently the 'ssl' module is compiled with 'LibreSSL 2.8.3'. See: https://github.com/urllib3/urllib3/issues/3020
  warnings.warn(
/Users/zhaowenyuan/Projects/FlowFigTabMiner/flowfigtabminer/lib/python3.9/site-packages/urllib3/__init__.py:35: NotOpenSSLWarning: urllib3 v2 only supports OpenSSL 1.1.1+, currently the 'ssl' module is compiled with 'LibreSSL 2.8.3'. See: https://github.com/urllib3/urllib3/issues/3020
  warnings.warn(
/Users/zhaowenyuan/Projects/FlowFigTabMiner/flowfigtabminer/lib/python3.9/site-packages/urllib3/__init__.py:35: NotOpenSSLWarning: urllib3 v2 only supports OpenSSL 1.1.1+, currently the 'ssl' module is compiled with 'LibreSSL 2.8.3'. See: https://github.com/urllib3/urllib3/issues/3020
  warnings.warn(
/Users/zhaowenyuan/Projects/FlowFigTabMiner/flowfigtabminer/lib/python3.9/site-packages/urllib3/__init__.py:35: NotOpenSSLWarning: urllib3 v2 only supports OpenSSL 1.1.1+, currently the 'ssl' module is compiled with 'LibreSSL 2.8.3'. See: https://github.com/urllib3/urllib3/issues/3020
  warnings.warn(
[33mChecking connectivity to the model hosters, this may take a while. To bypass this check, set `DISABLE_MODEL_SOURCE_CHECK` to `True`.[0m
[33mChecking connectivity to the model hosters, this may take a while. To bypass this check, set `DISABLE_MODEL_SOURCE_CHECK` to `True`.[0m
[33mChecking connectivity to the model hosters, this may take a while. To bypass this check, set `DISABLE_MODEL_SOURCE_CHECK` to `True`.[0m
[33mChecking connectivity to the model hosters, this may take a while. To bypass this check, set `DISABLE_MODEL_SOURCE_CHECK` to `True`.[0m
[33mChecking connectivity to the model hosters, this may take a while. To bypass this check, set `DISABLE_MODEL_SOURCE_CHECK` to `True`.[0m
[33mChecking connectivity to the model hosters, this may take a while. To bypass this check, set `DISABLE_MODEL_SOURCE_CHECK` to `True`.[0m
[33mChecking connectivity to the model hosters, this may take a while. To bypass this check, set `DISABLE_MODEL_SOURCE_CHECK` to `True`.[0m
[33mChecking connectivity to the model hosters, this may take a while. To bypass this check, set `DISABLE_MODEL_SOURCE_CHECK` to `True`.[0m
[33mChecking connectivity to the model hosters, this may take a while. To bypass this check, set `DISABLE_MODEL_SOURCE_CHECK` to `True`.[0m
[33mChecking connectivity to the model hosters, this may take a while. To bypass this check, set `DISABLE_MODEL_SOURCE_CHECK` to `True`.[0m
[33mChecking connectivity to the model hosters, this may take a while. To bypass this check, set `DISABLE_MODEL_SOURCE_CHECK` to `True`.[0m
[33mChecking connectivity to the model hosters, this may take a while. To bypass this check, set `DISABLE_MODEL_SOURCE_CHECK` to `True`.[0m
[33mChecking connectivity to the model hosters, this may take a while. To bypass this check, set `DISABLE_MODEL_SOURCE_CHECK` to `True`.[0m
[33mChecking connectivity to the model hosters, this may take a while. To bypass this check, set `DISABLE_MODEL_SOURCE_CHECK` to `True`.[0m
[33mChecking connectivity to the model hosters, this may take a while. To bypass this check, set `DISABLE_MODEL_SOURCE_CHECK` to `True`.[0m
/Users/zhaowenyuan/Projects/FlowFigTabMiner/flowfigtabminer/lib/python3.9/site-packages/onmt/modules/sparse_activations.py:48: FutureWarning: `torch.cuda.amp.custom_fwd(args...)` is deprecated. Please use `torch.amp.custom_fwd(args..., device_type='cuda')` instead.
  def forward(ctx, input, dim=0):
/Users/zhaowenyuan/Projects/FlowFigTabMiner/flowfigtabminer/lib/python3.9/site-packages/onmt/modules/sparse_activations.py:68: FutureWarning: `torch.cuda.amp.custom_bwd(args...)` is deprecated. Please use `torch.amp.custom_bwd(args..., device_type='cuda')` instead.
  def backward(ctx, grad_output):
/Users/zhaowenyuan/Projects/FlowFigTabMiner/flowfigtabminer/lib/python3.9/site-packages/onmt/modules/sparse_losses.py:13: FutureWarning: `torch.cuda.amp.custom_fwd(args...)` is deprecated. Please use `torch.amp.custom_fwd(args..., device_type='cuda')` instead.
  def forward(ctx, input, target):
/Users/zhaowenyuan/Projects/FlowFigTabMiner/flowfigtabminer/lib/python3.9/site-packages/onmt/modules/sparse_losses.py:37: FutureWarning: `torch.cuda.amp.custom_bwd(args...)` is deprecated. Please use `torch.amp.custom_bwd(args..., device_type='cuda')` instead.
  def backward(ctx, grad_output):
   -> Box 12: SMILES='O=C(CF)c1ccc(C(F)(F)F)cc1' | Masked (White Box)
   -> [Debug] Upscaled TINY box 13 by 1.7x (263x174 -> 453x300)
/Users/zhaowenyuan/Projects/FlowFigTabMiner/flowfigtabminer/lib/python3.9/site-packages/paddle/utils/cpp_extension/extension_utils.py:712: UserWarning: No ccache found. Please be aware that recompiling all source files may be required. You can download and install ccache from: https://github.com/ccache/ccache/blob/master/doc/INSTALL.md
  warnings.warn(warning_message)
/Users/zhaowenyuan/Projects/FlowFigTabMiner/flowfigtabminer/lib/python3.9/site-packages/paddle/utils/cpp_extension/extension_utils.py:712: UserWarning: No ccache found. Please be aware that recompiling all source files may be required. You can download and install ccache from: https://github.com/ccache/ccache/blob/master/doc/INSTALL.md
  warnings.warn(warning_message)
/Users/zhaowenyuan/Projects/FlowFigTabMiner/flowfigtabminer/lib/python3.9/site-packages/paddle/utils/cpp_extension/extension_utils.py:712: UserWarning: No ccache found. Please be aware that recompiling all source files may be required. You can download and install ccache from: https://github.com/ccache/ccache/blob/master/doc/INSTALL.md
  warnings.warn(warning_message)
/Users/zhaowenyuan/Projects/FlowFigTabMiner/flowfigtabminer/lib/python3.9/site-packages/paddle/utils/cpp_extension/extension_utils.py:712: UserWarning: No ccache found. Please be aware that recompiling all source files may be required. You can download and install ccache from: https://github.com/ccache/ccache/blob/master/doc/INSTALL.md
  warnings.warn(warning_message)
/Users/zhaowenyuan/Projects/FlowFigTabMiner/flowfigtabminer/lib/python3.9/site-packages/paddle/utils/cpp_extension/extension_utils.py:712: UserWarning: No ccache found. Please be aware that recompiling all source files may be required. You can download and install ccache from: https://github.com/ccache/ccache/blob/master/doc/INSTALL.md
  warnings.warn(warning_message)
/Users/zhaowenyuan/Projects/FlowFigTabMiner/flowfigtabminer/lib/python3.9/site-packages/paddle/utils/cpp_extension/extension_utils.py:712: UserWarning: No ccache found. Please be aware that recompiling all source files may be required. You can download and install ccache from: https://github.com/ccache/ccache/blob/master/doc/INSTALL.md
  warnings.warn(warning_message)
/Users/zhaowenyuan/Projects/FlowFigTabMiner/flowfigtabminer/lib/python3.9/site-packages/paddle/utils/cpp_extension/extension_utils.py:712: UserWarning: No ccache found. Please be aware that recompiling all source files may be required. You can download and install ccache from: https://github.com/ccache/ccache/blob/master/doc/INSTALL.md
  warnings.warn(warning_message)
/Users/zhaowenyuan/Projects/FlowFigTabMiner/flowfigtabminer/lib/python3.9/site-packages/paddle/utils/cpp_extension/extension_utils.py:712: UserWarning: No ccache found. Please be aware that recompiling all source files may be required. You can download and install ccache from: https://github.com/ccache/ccache/blob/master/doc/INSTALL.md
  warnings.warn(warning_message)
/Users/zhaowenyuan/Projects/FlowFigTabMiner/flowfigtabminer/lib/python3.9/site-packages/paddle/utils/cpp_extension/extension_utils.py:712: UserWarning: No ccache found. Please be aware that recompiling all source files may be required. You can download and install ccache from: https://github.com/ccache/ccache/blob/master/doc/INSTALL.md
  warnings.warn(warning_message)
/Users/zhaowenyuan/Projects/FlowFigTabMiner/flowfigtabminer/lib/python3.9/site-packages/paddle/utils/cpp_extension/extension_utils.py:712: UserWarning: No ccache found. Please be aware that recompiling all source files may be required. You can download and install ccache from: https://github.com/ccache/ccache/blob/master/doc/INSTALL.md
  warnings.warn(warning_message)
/Users/zhaowenyuan/Projects/FlowFigTabMiner/flowfigtabminer/lib/python3.9/site-packages/paddle/utils/cpp_extension/extension_utils.py:712: UserWarning: No ccache found. Please be aware that recompiling all source files may be required. You can download and install ccache from: https://github.com/ccache/ccache/blob/master/doc/INSTALL.md
  warnings.warn(warning_message)
/Users/zhaowenyuan/Projects/FlowFigTabMiner/flowfigtabminer/lib/python3.9/site-packages/paddle/utils/cpp_extension/extension_utils.py:712: UserWarning: No ccache found. Please be aware that recompiling all source files may be required. You can download and install ccache from: https://github.com/ccache/ccache/blob/master/doc/INSTALL.md
  warnings.warn(warning_message)
/Users/zhaowenyuan/Projects/FlowFigTabMiner/flowfigtabminer/lib/python3.9/site-packages/paddle/utils/cpp_extension/extension_utils.py:712: UserWarning: No ccache found. Please be aware that recompiling all source files may be required. You can download and install ccache from: https://github.com/ccache/ccache/blob/master/doc/INSTALL.md
  warnings.warn(warning_message)
/Users/zhaowenyuan/Projects/FlowFigTabMiner/flowfigtabminer/lib/python3.9/site-packages/paddle/utils/cpp_extension/extension_utils.py:712: UserWarning: No ccache found. Please be aware that recompiling all source files may be required. You can download and install ccache from: https://github.com/ccache/ccache/blob/master/doc/INSTALL.md
  warnings.warn(warning_message)
/Users/zhaowenyuan/Projects/FlowFigTabMiner/flowfigtabminer/lib/python3.9/site-packages/paddle/utils/cpp_extension/extension_utils.py:712: UserWarning: No ccache found. Please be aware that recompiling all source files may be required. You can download and install ccache from: https://github.com/ccache/ccache/blob/master/doc/INSTALL.md
  warnings.warn(warning_message)
/Users/zhaowenyuan/Projects/FlowFigTabMiner/flowfigtabminer/lib/python3.9/site-packages/paddle/utils/cpp_extension/extension_utils.py:712: UserWarning: No ccache found. Please be aware that recompiling all source files may be required. You can download and install ccache from: https://github.com/ccache/ccache/blob/master/doc/INSTALL.md
  warnings.warn(warning_message)
/Users/zhaowenyuan/Projects/FlowFigTabMiner/flowfigtabminer/lib/python3.9/site-packages/urllib3/__init__.py:35: NotOpenSSLWarning: urllib3 v2 only supports OpenSSL 1.1.1+, currently the 'ssl' module is compiled with 'LibreSSL 2.8.3'. See: https://github.com/urllib3/urllib3/issues/3020
  warnings.warn(
/Users/zhaowenyuan/Projects/FlowFigTabMiner/flowfigtabminer/lib/python3.9/site-packages/urllib3/__init__.py:35: NotOpenSSLWarning: urllib3 v2 only supports OpenSSL 1.1.1+, currently the 'ssl' module is compiled with 'LibreSSL 2.8.3'. See: https://github.com/urllib3/urllib3/issues/3020
  warnings.warn(
/Users/zhaowenyuan/Projects/FlowFigTabMiner/flowfigtabminer/lib/python3.9/site-packages/urllib3/__init__.py:35: NotOpenSSLWarning: urllib3 v2 only supports OpenSSL 1.1.1+, currently the 'ssl' module is compiled with 'LibreSSL 2.8.3'. See: https://github.com/urllib3/urllib3/issues/3020
  warnings.warn(
/Users/zhaowenyuan/Projects/FlowFigTabMiner/flowfigtabminer/lib/python3.9/site-packages/urllib3/__init__.py:35: NotOpenSSLWarning: urllib3 v2 only supports OpenSSL 1.1.1+, currently the 'ssl' module is compiled with 'LibreSSL 2.8.3'. See: https://github.com/urllib3/urllib3/issues/3020
  warnings.warn(
/Users/zhaowenyuan/Projects/FlowFigTabMiner/flowfigtabminer/lib/python3.9/site-packages/urllib3/__init__.py:35: NotOpenSSLWarning: urllib3 v2 only supports OpenSSL 1.1.1+, currently the 'ssl' module is compiled with 'LibreSSL 2.8.3'. See: https://github.com/urllib3/urllib3/issues/3020
  warnings.warn(
/Users/zhaowenyuan/Projects/FlowFigTabMiner/flowfigtabminer/lib/python3.9/site-packages/urllib3/__init__.py:35: NotOpenSSLWarning: urllib3 v2 only supports OpenSSL 1.1.1+, currently the 'ssl' module is compiled with 'LibreSSL 2.8.3'. See: https://github.com/urllib3/urllib3/issues/3020
  warnings.warn(
/Users/zhaowenyuan/Projects/FlowFigTabMiner/flowfigtabminer/lib/python3.9/site-packages/urllib3/__init__.py:35: NotOpenSSLWarning: urllib3 v2 only supports OpenSSL 1.1.1+, currently the 'ssl' module is compiled with 'LibreSSL 2.8.3'. See: https://github.com/urllib3/urllib3/issues/3020
  warnings.warn(
[33mChecking connectivity to the model hosters, this may take a while. To bypass this check, set `DISABLE_MODEL_SOURCE_CHECK` to `True`.[0m
/Users/zhaowenyuan/Projects/FlowFigTabMiner/flowfigtabminer/lib/python3.9/site-packages/urllib3/__init__.py:35: NotOpenSSLWarning: urllib3 v2 only supports OpenSSL 1.1.1+, currently the 'ssl' module is compiled with 'LibreSSL 2.8.3'. See: https://github.com/urllib3/urllib3/issues/3020
  warnings.warn(
/Users/zhaowenyuan/Projects/FlowFigTabMiner/flowfigtabminer/lib/python3.9/site-packages/urllib3/__init__.py:35: NotOpenSSLWarning: urllib3 v2 only supports OpenSSL 1.1.1+, currently the 'ssl' module is compiled with 'LibreSSL 2.8.3'. See: https://github.com/urllib3/urllib3/issues/3020
  warnings.warn(
/Users/zhaowenyuan/Projects/FlowFigTabMiner/flowfigtabminer/lib/python3.9/site-packages/urllib3/__init__.py:35: NotOpenSSLWarning: urllib3 v2 only supports OpenSSL 1.1.1+, currently the 'ssl' module is compiled with 'LibreSSL 2.8.3'. See: https://github.com/urllib3/urllib3/issues/3020
  warnings.warn(
/Users/zhaowenyuan/Projects/FlowFigTabMiner/flowfigtabminer/lib/python3.9/site-packages/urllib3/__init__.py:35: NotOpenSSLWarning: urllib3 v2 only supports OpenSSL 1.1.1+, currently the 'ssl' module is compiled with 'LibreSSL 2.8.3'. See: https://github.com/urllib3/urllib3/issues/3020
  warnings.warn(
/Users/zhaowenyuan/Projects/FlowFigTabMiner/flowfigtabminer/lib/python3.9/site-packages/urllib3/__init__.py:35: NotOpenSSLWarning: urllib3 v2 only supports OpenSSL 1.1.1+, currently the 'ssl' module is compiled with 'LibreSSL 2.8.3'. See: https://github.com/urllib3/urllib3/issues/3020
  warnings.warn(
/Users/zhaowenyuan/Projects/FlowFigTabMiner/flowfigtabminer/lib/python3.9/site-packages/urllib3/__init__.py:35: NotOpenSSLWarning: urllib3 v2 only supports OpenSSL 1.1.1+, currently the 'ssl' module is compiled with 'LibreSSL 2.8.3'. See: https://github.com/urllib3/urllib3/issues/3020
  warnings.warn(
/Users/zhaowenyuan/Projects/FlowFigTabMiner/flowfigtabminer/lib/python3.9/site-packages/urllib3/__init__.py:35: NotOpenSSLWarning: urllib3 v2 only supports OpenSSL 1.1.1+, currently the 'ssl' module is compiled with 'LibreSSL 2.8.3'. See: https://github.com/urllib3/urllib3/issues/3020
  warnings.warn(
/Users/zhaowenyuan/Projects/FlowFigTabMiner/flowfigtabminer/lib/python3.9/site-packages/urllib3/__init__.py:35: NotOpenSSLWarning: urllib3 v2 only supports OpenSSL 1.1.1+, currently the 'ssl' module is compiled with 'LibreSSL 2.8.3'. See: https://github.com/urllib3/urllib3/issues/3020
  warnings.warn(
/Users/zhaowenyuan/Projects/FlowFigTabMiner/flowfigtabminer/lib/python3.9/site-packages/urllib3/__init__.py:35: NotOpenSSLWarning: urllib3 v2 only supports OpenSSL 1.1.1+, currently the 'ssl' module is compiled with 'LibreSSL 2.8.3'. See: https://github.com/urllib3/urllib3/issues/3020
  warnings.warn(
[33mChecking connectivity to the model hosters, this may take a while. To bypass this check, set `DISABLE_MODEL_SOURCE_CHECK` to `True`.[0m
[33mChecking connectivity to the model hosters, this may take a while. To bypass this check, set `DISABLE_MODEL_SOURCE_CHECK` to `True`.[0m
[33mChecking connectivity to the model hosters, this may take a while. To bypass this check, set `DISABLE_MODEL_SOURCE_CHECK` to `True`.[0m
[33mChecking connectivity to the model hosters, this may take a while. To bypass this check, set `DISABLE_MODEL_SOURCE_CHECK` to `True`.[0m
[33mChecking connectivity to the model hosters, this may take a while. To bypass this check, set `DISABLE_MODEL_SOURCE_CHECK` to `True`.[0m
[33mChecking connectivity to the model hosters, this may take a while. To bypass this check, set `DISABLE_MODEL_SOURCE_CHECK` to `True`.[0m
[33mChecking connectivity to the model hosters, this may take a while. To bypass this check, set `DISABLE_MODEL_SOURCE_CHECK` to `True`.[0m
[33mChecking connectivity to the model hosters, this may take a while. To bypass this check, set `DISABLE_MODEL_SOURCE_CHECK` to `True`.[0m
[33mChecking connectivity to the model hosters, this may take a while. To bypass this check, set `DISABLE_MODEL_SOURCE_CHECK` to `True`.[0m
[33mChecking connectivity to the model hosters, this may take a while. To bypass this check, set `DISABLE_MODEL_SOURCE_CHECK` to `True`.[0m
[33mChecking connectivity to the model hosters, this may take a while. To bypass this check, set `DISABLE_MODEL_SOURCE_CHECK` to `True`.[0m
[33mChecking connectivity to the model hosters, this may take a while. To bypass this check, set `DISABLE_MODEL_SOURCE_CHECK` to `True`.[0m
[33mChecking connectivity to the model hosters, this may take a while. To bypass this check, set `DISABLE_MODEL_SOURCE_CHECK` to `True`.[0m
[33mChecking connectivity to the model hosters, this may take a while. To bypass this check, set `DISABLE_MODEL_SOURCE_CHECK` to `True`.[0m
[33mChecking connectivity to the model hosters, this may take a while. To bypass this check, set `DISABLE_MODEL_SOURCE_CHECK` to `True`.[0m
/Users/zhaowenyuan/Projects/FlowFigTabMiner/flowfigtabminer/lib/python3.9/site-packages/onmt/modules/sparse_activations.py:48: FutureWarning: `torch.cuda.amp.custom_fwd(args...)` is deprecated. Please use `torch.amp.custom_fwd(args..., device_type='cuda')` instead.
  def forward(ctx, input, dim=0):
/Users/zhaowenyuan/Projects/FlowFigTabMiner/flowfigtabminer/lib/python3.9/site-packages/onmt/modules/sparse_activations.py:68: FutureWarning: `torch.cuda.amp.custom_bwd(args...)` is deprecated. Please use `torch.amp.custom_bwd(args..., device_type='cuda')` instead.
  def backward(ctx, grad_output):
/Users/zhaowenyuan/Projects/FlowFigTabMiner/flowfigtabminer/lib/python3.9/site-packages/onmt/modules/sparse_losses.py:13: FutureWarning: `torch.cuda.amp.custom_fwd(args...)` is deprecated. Please use `torch.amp.custom_fwd(args..., device_type='cuda')` instead.
  def forward(ctx, input, target):
/Users/zhaowenyuan/Projects/FlowFigTabMiner/flowfigtabminer/lib/python3.9/site-packages/onmt/modules/sparse_losses.py:37: FutureWarning: `torch.cuda.amp.custom_bwd(args...)` is deprecated. Please use `torch.amp.custom_bwd(args..., device_type='cuda')` instead.
  def backward(ctx, grad_output):
   -> Box 13: SMILES='CON(C)C(=O)c1cccc(F)c1' | Masked (White Box)
   -> [Debug] Upscaled TINY box 14 by 1.7x (268x177 -> 454x300)
/Users/zhaowenyuan/Projects/FlowFigTabMiner/flowfigtabminer/lib/python3.9/site-packages/paddle/utils/cpp_extension/extension_utils.py:712: UserWarning: No ccache found. Please be aware that recompiling all source files may be required. You can download and install ccache from: https://github.com/ccache/ccache/blob/master/doc/INSTALL.md
  warnings.warn(warning_message)
/Users/zhaowenyuan/Projects/FlowFigTabMiner/flowfigtabminer/lib/python3.9/site-packages/paddle/utils/cpp_extension/extension_utils.py:712: UserWarning: No ccache found. Please be aware that recompiling all source files may be required. You can download and install ccache from: https://github.com/ccache/ccache/blob/master/doc/INSTALL.md
  warnings.warn(warning_message)
/Users/zhaowenyuan/Projects/FlowFigTabMiner/flowfigtabminer/lib/python3.9/site-packages/paddle/utils/cpp_extension/extension_utils.py:712: UserWarning: No ccache found. Please be aware that recompiling all source files may be required. You can download and install ccache from: https://github.com/ccache/ccache/blob/master/doc/INSTALL.md
  warnings.warn(warning_message)
/Users/zhaowenyuan/Projects/FlowFigTabMiner/flowfigtabminer/lib/python3.9/site-packages/paddle/utils/cpp_extension/extension_utils.py:712: UserWarning: No ccache found. Please be aware that recompiling all source files may be required. You can download and install ccache from: https://github.com/ccache/ccache/blob/master/doc/INSTALL.md
  warnings.warn(warning_message)
/Users/zhaowenyuan/Projects/FlowFigTabMiner/flowfigtabminer/lib/python3.9/site-packages/paddle/utils/cpp_extension/extension_utils.py:712: UserWarning: No ccache found. Please be aware that recompiling all source files may be required. You can download and install ccache from: https://github.com/ccache/ccache/blob/master/doc/INSTALL.md
  warnings.warn(warning_message)
/Users/zhaowenyuan/Projects/FlowFigTabMiner/flowfigtabminer/lib/python3.9/site-packages/paddle/utils/cpp_extension/extension_utils.py:712: UserWarning: No ccache found. Please be aware that recompiling all source files may be required. You can download and install ccache from: https://github.com/ccache/ccache/blob/master/doc/INSTALL.md
  warnings.warn(warning_message)
/Users/zhaowenyuan/Projects/FlowFigTabMiner/flowfigtabminer/lib/python3.9/site-packages/paddle/utils/cpp_extension/extension_utils.py:712: UserWarning: No ccache found. Please be aware that recompiling all source files may be required. You can download and install ccache from: https://github.com/ccache/ccache/blob/master/doc/INSTALL.md
  warnings.warn(warning_message)
/Users/zhaowenyuan/Projects/FlowFigTabMiner/flowfigtabminer/lib/python3.9/site-packages/paddle/utils/cpp_extension/extension_utils.py:712: UserWarning: No ccache found. Please be aware that recompiling all source files may be required. You can download and install ccache from: https://github.com/ccache/ccache/blob/master/doc/INSTALL.md
  warnings.warn(warning_message)
/Users/zhaowenyuan/Projects/FlowFigTabMiner/flowfigtabminer/lib/python3.9/site-packages/paddle/utils/cpp_extension/extension_utils.py:712: UserWarning: No ccache found. Please be aware that recompiling all source files may be required. You can download and install ccache from: https://github.com/ccache/ccache/blob/master/doc/INSTALL.md
  warnings.warn(warning_message)
/Users/zhaowenyuan/Projects/FlowFigTabMiner/flowfigtabminer/lib/python3.9/site-packages/paddle/utils/cpp_extension/extension_utils.py:712: UserWarning: No ccache found. Please be aware that recompiling all source files may be required. You can download and install ccache from: https://github.com/ccache/ccache/blob/master/doc/INSTALL.md
  warnings.warn(warning_message)
/Users/zhaowenyuan/Projects/FlowFigTabMiner/flowfigtabminer/lib/python3.9/site-packages/paddle/utils/cpp_extension/extension_utils.py:712: UserWarning: No ccache found. Please be aware that recompiling all source files may be required. You can download and install ccache from: https://github.com/ccache/ccache/blob/master/doc/INSTALL.md
  warnings.warn(warning_message)
/Users/zhaowenyuan/Projects/FlowFigTabMiner/flowfigtabminer/lib/python3.9/site-packages/paddle/utils/cpp_extension/extension_utils.py:712: UserWarning: No ccache found. Please be aware that recompiling all source files may be required. You can download and install ccache from: https://github.com/ccache/ccache/blob/master/doc/INSTALL.md
  warnings.warn(warning_message)
/Users/zhaowenyuan/Projects/FlowFigTabMiner/flowfigtabminer/lib/python3.9/site-packages/paddle/utils/cpp_extension/extension_utils.py:712: UserWarning: No ccache found. Please be aware that recompiling all source files may be required. You can download and install ccache from: https://github.com/ccache/ccache/blob/master/doc/INSTALL.md
  warnings.warn(warning_message)
/Users/zhaowenyuan/Projects/FlowFigTabMiner/flowfigtabminer/lib/python3.9/site-packages/paddle/utils/cpp_extension/extension_utils.py:712: UserWarning: No ccache found. Please be aware that recompiling all source files may be required. You can download and install ccache from: https://github.com/ccache/ccache/blob/master/doc/INSTALL.md
  warnings.warn(warning_message)
/Users/zhaowenyuan/Projects/FlowFigTabMiner/flowfigtabminer/lib/python3.9/site-packages/paddle/utils/cpp_extension/extension_utils.py:712: UserWarning: No ccache found. Please be aware that recompiling all source files may be required. You can download and install ccache from: https://github.com/ccache/ccache/blob/master/doc/INSTALL.md
  warnings.warn(warning_message)
/Users/zhaowenyuan/Projects/FlowFigTabMiner/flowfigtabminer/lib/python3.9/site-packages/paddle/utils/cpp_extension/extension_utils.py:712: UserWarning: No ccache found. Please be aware that recompiling all source files may be required. You can download and install ccache from: https://github.com/ccache/ccache/blob/master/doc/INSTALL.md
  warnings.warn(warning_message)
/Users/zhaowenyuan/Projects/FlowFigTabMiner/flowfigtabminer/lib/python3.9/site-packages/urllib3/__init__.py:35: NotOpenSSLWarning: urllib3 v2 only supports OpenSSL 1.1.1+, currently the 'ssl' module is compiled with 'LibreSSL 2.8.3'. See: https://github.com/urllib3/urllib3/issues/3020
  warnings.warn(
/Users/zhaowenyuan/Projects/FlowFigTabMiner/flowfigtabminer/lib/python3.9/site-packages/urllib3/__init__.py:35: NotOpenSSLWarning: urllib3 v2 only supports OpenSSL 1.1.1+, currently the 'ssl' module is compiled with 'LibreSSL 2.8.3'. See: https://github.com/urllib3/urllib3/issues/3020
  warnings.warn(
/Users/zhaowenyuan/Projects/FlowFigTabMiner/flowfigtabminer/lib/python3.9/site-packages/urllib3/__init__.py:35: NotOpenSSLWarning: urllib3 v2 only supports OpenSSL 1.1.1+, currently the 'ssl' module is compiled with 'LibreSSL 2.8.3'. See: https://github.com/urllib3/urllib3/issues/3020
  warnings.warn(
/Users/zhaowenyuan/Projects/FlowFigTabMiner/flowfigtabminer/lib/python3.9/site-packages/urllib3/__init__.py:35: NotOpenSSLWarning: urllib3 v2 only supports OpenSSL 1.1.1+, currently the 'ssl' module is compiled with 'LibreSSL 2.8.3'. See: https://github.com/urllib3/urllib3/issues/3020
  warnings.warn(
/Users/zhaowenyuan/Projects/FlowFigTabMiner/flowfigtabminer/lib/python3.9/site-packages/urllib3/__init__.py:35: NotOpenSSLWarning: urllib3 v2 only supports OpenSSL 1.1.1+, currently the 'ssl' module is compiled with 'LibreSSL 2.8.3'. See: https://github.com/urllib3/urllib3/issues/3020
  warnings.warn(
/Users/zhaowenyuan/Projects/FlowFigTabMiner/flowfigtabminer/lib/python3.9/site-packages/urllib3/__init__.py:35: NotOpenSSLWarning: urllib3 v2 only supports OpenSSL 1.1.1+, currently the 'ssl' module is compiled with 'LibreSSL 2.8.3'. See: https://github.com/urllib3/urllib3/issues/3020
  warnings.warn(
/Users/zhaowenyuan/Projects/FlowFigTabMiner/flowfigtabminer/lib/python3.9/site-packages/urllib3/__init__.py:35: NotOpenSSLWarning: urllib3 v2 only supports OpenSSL 1.1.1+, currently the 'ssl' module is compiled with 'LibreSSL 2.8.3'. See: https://github.com/urllib3/urllib3/issues/3020
  warnings.warn(
/Users/zhaowenyuan/Projects/FlowFigTabMiner/flowfigtabminer/lib/python3.9/site-packages/urllib3/__init__.py:35: NotOpenSSLWarning: urllib3 v2 only supports OpenSSL 1.1.1+, currently the 'ssl' module is compiled with 'LibreSSL 2.8.3'. See: https://github.com/urllib3/urllib3/issues/3020
  warnings.warn(
/Users/zhaowenyuan/Projects/FlowFigTabMiner/flowfigtabminer/lib/python3.9/site-packages/urllib3/__init__.py:35: NotOpenSSLWarning: urllib3 v2 only supports OpenSSL 1.1.1+, currently the 'ssl' module is compiled with 'LibreSSL 2.8.3'. See: https://github.com/urllib3/urllib3/issues/3020
  warnings.warn(
[33mChecking connectivity to the model hosters, this may take a while. To bypass this check, set `DISABLE_MODEL_SOURCE_CHECK` to `True`.[0m
/Users/zhaowenyuan/Projects/FlowFigTabMiner/flowfigtabminer/lib/python3.9/site-packages/urllib3/__init__.py:35: NotOpenSSLWarning: urllib3 v2 only supports OpenSSL 1.1.1+, currently the 'ssl' module is compiled with 'LibreSSL 2.8.3'. See: https://github.com/urllib3/urllib3/issues/3020
  warnings.warn(
/Users/zhaowenyuan/Projects/FlowFigTabMiner/flowfigtabminer/lib/python3.9/site-packages/urllib3/__init__.py:35: NotOpenSSLWarning: urllib3 v2 only supports OpenSSL 1.1.1+, currently the 'ssl' module is compiled with 'LibreSSL 2.8.3'. See: https://github.com/urllib3/urllib3/issues/3020
  warnings.warn(
/Users/zhaowenyuan/Projects/FlowFigTabMiner/flowfigtabminer/lib/python3.9/site-packages/urllib3/__init__.py:35: NotOpenSSLWarning: urllib3 v2 only supports OpenSSL 1.1.1+, currently the 'ssl' module is compiled with 'LibreSSL 2.8.3'. See: https://github.com/urllib3/urllib3/issues/3020
  warnings.warn(
/Users/zhaowenyuan/Projects/FlowFigTabMiner/flowfigtabminer/lib/python3.9/site-packages/urllib3/__init__.py:35: NotOpenSSLWarning: urllib3 v2 only supports OpenSSL 1.1.1+, currently the 'ssl' module is compiled with 'LibreSSL 2.8.3'. See: https://github.com/urllib3/urllib3/issues/3020
  warnings.warn(
/Users/zhaowenyuan/Projects/FlowFigTabMiner/flowfigtabminer/lib/python3.9/site-packages/urllib3/__init__.py:35: NotOpenSSLWarning: urllib3 v2 only supports OpenSSL 1.1.1+, currently the 'ssl' module is compiled with 'LibreSSL 2.8.3'. See: https://github.com/urllib3/urllib3/issues/3020
  warnings.warn(
/Users/zhaowenyuan/Projects/FlowFigTabMiner/flowfigtabminer/lib/python3.9/site-packages/urllib3/__init__.py:35: NotOpenSSLWarning: urllib3 v2 only supports OpenSSL 1.1.1+, currently the 'ssl' module is compiled with 'LibreSSL 2.8.3'. See: https://github.com/urllib3/urllib3/issues/3020
  warnings.warn(
/Users/zhaowenyuan/Projects/FlowFigTabMiner/flowfigtabminer/lib/python3.9/site-packages/urllib3/__init__.py:35: NotOpenSSLWarning: urllib3 v2 only supports OpenSSL 1.1.1+, currently the 'ssl' module is compiled with 'LibreSSL 2.8.3'. See: https://github.com/urllib3/urllib3/issues/3020
  warnings.warn(
[33mChecking connectivity to the model hosters, this may take a while. To bypass this check, set `DISABLE_MODEL_SOURCE_CHECK` to `True`.[0m
[33mChecking connectivity to the model hosters, this may take a while. To bypass this check, set `DISABLE_MODEL_SOURCE_CHECK` to `True`.[0m
[33mChecking connectivity to the model hosters, this may take a while. To bypass this check, set `DISABLE_MODEL_SOURCE_CHECK` to `True`.[0m
[33mChecking connectivity to the model hosters, this may take a while. To bypass this check, set `DISABLE_MODEL_SOURCE_CHECK` to `True`.[0m
[33mChecking connectivity to the model hosters, this may take a while. To bypass this check, set `DISABLE_MODEL_SOURCE_CHECK` to `True`.[0m
[33mChecking connectivity to the model hosters, this may take a while. To bypass this check, set `DISABLE_MODEL_SOURCE_CHECK` to `True`.[0m
[33mChecking connectivity to the model hosters, this may take a while. To bypass this check, set `DISABLE_MODEL_SOURCE_CHECK` to `True`.[0m
[33mChecking connectivity to the model hosters, this may take a while. To bypass this check, set `DISABLE_MODEL_SOURCE_CHECK` to `True`.[0m
[33mChecking connectivity to the model hosters, this may take a while. To bypass this check, set `DISABLE_MODEL_SOURCE_CHECK` to `True`.[0m
[33mChecking connectivity to the model hosters, this may take a while. To bypass this check, set `DISABLE_MODEL_SOURCE_CHECK` to `True`.[0m
[33mChecking connectivity to the model hosters, this may take a while. To bypass this check, set `DISABLE_MODEL_SOURCE_CHECK` to `True`.[0m
[33mChecking connectivity to the model hosters, this may take a while. To bypass this check, set `DISABLE_MODEL_SOURCE_CHECK` to `True`.[0m
[33mChecking connectivity to the model hosters, this may take a while. To bypass this check, set `DISABLE_MODEL_SOURCE_CHECK` to `True`.[0m
[33mChecking connectivity to the model hosters, this may take a while. To bypass this check, set `DISABLE_MODEL_SOURCE_CHECK` to `True`.[0m
[33mChecking connectivity to the model hosters, this may take a while. To bypass this check, set `DISABLE_MODEL_SOURCE_CHECK` to `True`.[0m
/Users/zhaowenyuan/Projects/FlowFigTabMiner/flowfigtabminer/lib/python3.9/site-packages/onmt/modules/sparse_activations.py:48: FutureWarning: `torch.cuda.amp.custom_fwd(args...)` is deprecated. Please use `torch.amp.custom_fwd(args..., device_type='cuda')` instead.
  def forward(ctx, input, dim=0):
/Users/zhaowenyuan/Projects/FlowFigTabMiner/flowfigtabminer/lib/python3.9/site-packages/onmt/modules/sparse_activations.py:68: FutureWarning: `torch.cuda.amp.custom_bwd(args...)` is deprecated. Please use `torch.amp.custom_bwd(args..., device_type='cuda')` instead.
  def backward(ctx, grad_output):
/Users/zhaowenyuan/Projects/FlowFigTabMiner/flowfigtabminer/lib/python3.9/site-packages/onmt/modules/sparse_losses.py:13: FutureWarning: `torch.cuda.amp.custom_fwd(args...)` is deprecated. Please use `torch.amp.custom_fwd(args..., device_type='cuda')` instead.
  def forward(ctx, input, target):
/Users/zhaowenyuan/Projects/FlowFigTabMiner/flowfigtabminer/lib/python3.9/site-packages/onmt/modules/sparse_losses.py:37: FutureWarning: `torch.cuda.amp.custom_bwd(args...)` is deprecated. Please use `torch.amp.custom_bwd(args..., device_type='cuda')` instead.
  def backward(ctx, grad_output):
   -> Box 14: SMILES='O=C(c1ccc(F)cc1)c1ccc(F)cc1' | Masked (White Box)
   -> [Debug] Upscaled TINY box 15 by 1.8x (264x167 -> 474x300)
/Users/zhaowenyuan/Projects/FlowFigTabMiner/flowfigtabminer/lib/python3.9/site-packages/paddle/utils/cpp_extension/extension_utils.py:712: UserWarning: No ccache found. Please be aware that recompiling all source files may be required. You can download and install ccache from: https://github.com/ccache/ccache/blob/master/doc/INSTALL.md
  warnings.warn(warning_message)
/Users/zhaowenyuan/Projects/FlowFigTabMiner/flowfigtabminer/lib/python3.9/site-packages/paddle/utils/cpp_extension/extension_utils.py:712: UserWarning: No ccache found. Please be aware that recompiling all source files may be required. You can download and install ccache from: https://github.com/ccache/ccache/blob/master/doc/INSTALL.md
  warnings.warn(warning_message)
/Users/zhaowenyuan/Projects/FlowFigTabMiner/flowfigtabminer/lib/python3.9/site-packages/paddle/utils/cpp_extension/extension_utils.py:712: UserWarning: No ccache found. Please be aware that recompiling all source files may be required. You can download and install ccache from: https://github.com/ccache/ccache/blob/master/doc/INSTALL.md
  warnings.warn(warning_message)
/Users/zhaowenyuan/Projects/FlowFigTabMiner/flowfigtabminer/lib/python3.9/site-packages/paddle/utils/cpp_extension/extension_utils.py:712: UserWarning: No ccache found. Please be aware that recompiling all source files may be required. You can download and install ccache from: https://github.com/ccache/ccache/blob/master/doc/INSTALL.md
  warnings.warn(warning_message)
/Users/zhaowenyuan/Projects/FlowFigTabMiner/flowfigtabminer/lib/python3.9/site-packages/paddle/utils/cpp_extension/extension_utils.py:712: UserWarning: No ccache found. Please be aware that recompiling all source files may be required. You can download and install ccache from: https://github.com/ccache/ccache/blob/master/doc/INSTALL.md
  warnings.warn(warning_message)
/Users/zhaowenyuan/Projects/FlowFigTabMiner/flowfigtabminer/lib/python3.9/site-packages/paddle/utils/cpp_extension/extension_utils.py:712: UserWarning: No ccache found. Please be aware that recompiling all source files may be required. You can download and install ccache from: https://github.com/ccache/ccache/blob/master/doc/INSTALL.md
  warnings.warn(warning_message)
/Users/zhaowenyuan/Projects/FlowFigTabMiner/flowfigtabminer/lib/python3.9/site-packages/paddle/utils/cpp_extension/extension_utils.py:712: UserWarning: No ccache found. Please be aware that recompiling all source files may be required. You can download and install ccache from: https://github.com/ccache/ccache/blob/master/doc/INSTALL.md
  warnings.warn(warning_message)
/Users/zhaowenyuan/Projects/FlowFigTabMiner/flowfigtabminer/lib/python3.9/site-packages/paddle/utils/cpp_extension/extension_utils.py:712: UserWarning: No ccache found. Please be aware that recompiling all source files may be required. You can download and install ccache from: https://github.com/ccache/ccache/blob/master/doc/INSTALL.md
  warnings.warn(warning_message)
/Users/zhaowenyuan/Projects/FlowFigTabMiner/flowfigtabminer/lib/python3.9/site-packages/paddle/utils/cpp_extension/extension_utils.py:712: UserWarning: No ccache found. Please be aware that recompiling all source files may be required. You can download and install ccache from: https://github.com/ccache/ccache/blob/master/doc/INSTALL.md
  warnings.warn(warning_message)
/Users/zhaowenyuan/Projects/FlowFigTabMiner/flowfigtabminer/lib/python3.9/site-packages/paddle/utils/cpp_extension/extension_utils.py:712: UserWarning: No ccache found. Please be aware that recompiling all source files may be required. You can download and install ccache from: https://github.com/ccache/ccache/blob/master/doc/INSTALL.md
  warnings.warn(warning_message)
/Users/zhaowenyuan/Projects/FlowFigTabMiner/flowfigtabminer/lib/python3.9/site-packages/paddle/utils/cpp_extension/extension_utils.py:712: UserWarning: No ccache found. Please be aware that recompiling all source files may be required. You can download and install ccache from: https://github.com/ccache/ccache/blob/master/doc/INSTALL.md
  warnings.warn(warning_message)
/Users/zhaowenyuan/Projects/FlowFigTabMiner/flowfigtabminer/lib/python3.9/site-packages/paddle/utils/cpp_extension/extension_utils.py:712: UserWarning: No ccache found. Please be aware that recompiling all source files may be required. You can download and install ccache from: https://github.com/ccache/ccache/blob/master/doc/INSTALL.md
  warnings.warn(warning_message)
/Users/zhaowenyuan/Projects/FlowFigTabMiner/flowfigtabminer/lib/python3.9/site-packages/paddle/utils/cpp_extension/extension_utils.py:712: UserWarning: No ccache found. Please be aware that recompiling all source files may be required. You can download and install ccache from: https://github.com/ccache/ccache/blob/master/doc/INSTALL.md
  warnings.warn(warning_message)
/Users/zhaowenyuan/Projects/FlowFigTabMiner/flowfigtabminer/lib/python3.9/site-packages/paddle/utils/cpp_extension/extension_utils.py:712: UserWarning: No ccache found. Please be aware that recompiling all source files may be required. You can download and install ccache from: https://github.com/ccache/ccache/blob/master/doc/INSTALL.md
  warnings.warn(warning_message)
/Users/zhaowenyuan/Projects/FlowFigTabMiner/flowfigtabminer/lib/python3.9/site-packages/paddle/utils/cpp_extension/extension_utils.py:712: UserWarning: No ccache found. Please be aware that recompiling all source files may be required. You can download and install ccache from: https://github.com/ccache/ccache/blob/master/doc/INSTALL.md
  warnings.warn(warning_message)
/Users/zhaowenyuan/Projects/FlowFigTabMiner/flowfigtabminer/lib/python3.9/site-packages/paddle/utils/cpp_extension/extension_utils.py:712: UserWarning: No ccache found. Please be aware that recompiling all source files may be required. You can download and install ccache from: https://github.com/ccache/ccache/blob/master/doc/INSTALL.md
  warnings.warn(warning_message)
/Users/zhaowenyuan/Projects/FlowFigTabMiner/flowfigtabminer/lib/python3.9/site-packages/urllib3/__init__.py:35: NotOpenSSLWarning: urllib3 v2 only supports OpenSSL 1.1.1+, currently the 'ssl' module is compiled with 'LibreSSL 2.8.3'. See: https://github.com/urllib3/urllib3/issues/3020
  warnings.warn(
/Users/zhaowenyuan/Projects/FlowFigTabMiner/flowfigtabminer/lib/python3.9/site-packages/urllib3/__init__.py:35: NotOpenSSLWarning: urllib3 v2 only supports OpenSSL 1.1.1+, currently the 'ssl' module is compiled with 'LibreSSL 2.8.3'. See: https://github.com/urllib3/urllib3/issues/3020
  warnings.warn(
/Users/zhaowenyuan/Projects/FlowFigTabMiner/flowfigtabminer/lib/python3.9/site-packages/urllib3/__init__.py:35: NotOpenSSLWarning: urllib3 v2 only supports OpenSSL 1.1.1+, currently the 'ssl' module is compiled with 'LibreSSL 2.8.3'. See: https://github.com/urllib3/urllib3/issues/3020
  warnings.warn(
/Users/zhaowenyuan/Projects/FlowFigTabMiner/flowfigtabminer/lib/python3.9/site-packages/urllib3/__init__.py:35: NotOpenSSLWarning: urllib3 v2 only supports OpenSSL 1.1.1+, currently the 'ssl' module is compiled with 'LibreSSL 2.8.3'. See: https://github.com/urllib3/urllib3/issues/3020
  warnings.warn(
/Users/zhaowenyuan/Projects/FlowFigTabMiner/flowfigtabminer/lib/python3.9/site-packages/urllib3/__init__.py:35: NotOpenSSLWarning: urllib3 v2 only supports OpenSSL 1.1.1+, currently the 'ssl' module is compiled with 'LibreSSL 2.8.3'. See: https://github.com/urllib3/urllib3/issues/3020
  warnings.warn(
/Users/zhaowenyuan/Projects/FlowFigTabMiner/flowfigtabminer/lib/python3.9/site-packages/urllib3/__init__.py:35: NotOpenSSLWarning: urllib3 v2 only supports OpenSSL 1.1.1+, currently the 'ssl' module is compiled with 'LibreSSL 2.8.3'. See: https://github.com/urllib3/urllib3/issues/3020
  warnings.warn(
[33mChecking connectivity to the model hosters, this may take a while. To bypass this check, set `DISABLE_MODEL_SOURCE_CHECK` to `True`.[0m
/Users/zhaowenyuan/Projects/FlowFigTabMiner/flowfigtabminer/lib/python3.9/site-packages/urllib3/__init__.py:35: NotOpenSSLWarning: urllib3 v2 only supports OpenSSL 1.1.1+, currently the 'ssl' module is compiled with 'LibreSSL 2.8.3'. See: https://github.com/urllib3/urllib3/issues/3020
  warnings.warn(
/Users/zhaowenyuan/Projects/FlowFigTabMiner/flowfigtabminer/lib/python3.9/site-packages/urllib3/__init__.py:35: NotOpenSSLWarning: urllib3 v2 only supports OpenSSL 1.1.1+, currently the 'ssl' module is compiled with 'LibreSSL 2.8.3'. See: https://github.com/urllib3/urllib3/issues/3020
  warnings.warn(
/Users/zhaowenyuan/Projects/FlowFigTabMiner/flowfigtabminer/lib/python3.9/site-packages/urllib3/__init__.py:35: NotOpenSSLWarning: urllib3 v2 only supports OpenSSL 1.1.1+, currently the 'ssl' module is compiled with 'LibreSSL 2.8.3'. See: https://github.com/urllib3/urllib3/issues/3020
  warnings.warn(
/Users/zhaowenyuan/Projects/FlowFigTabMiner/flowfigtabminer/lib/python3.9/site-packages/urllib3/__init__.py:35: NotOpenSSLWarning: urllib3 v2 only supports OpenSSL 1.1.1+, currently the 'ssl' module is compiled with 'LibreSSL 2.8.3'. See: https://github.com/urllib3/urllib3/issues/3020
  warnings.warn(
/Users/zhaowenyuan/Projects/FlowFigTabMiner/flowfigtabminer/lib/python3.9/site-packages/urllib3/__init__.py:35: NotOpenSSLWarning: urllib3 v2 only supports OpenSSL 1.1.1+, currently the 'ssl' module is compiled with 'LibreSSL 2.8.3'. See: https://github.com/urllib3/urllib3/issues/3020
  warnings.warn(
/Users/zhaowenyuan/Projects/FlowFigTabMiner/flowfigtabminer/lib/python3.9/site-packages/urllib3/__init__.py:35: NotOpenSSLWarning: urllib3 v2 only supports OpenSSL 1.1.1+, currently the 'ssl' module is compiled with 'LibreSSL 2.8.3'. See: https://github.com/urllib3/urllib3/issues/3020
  warnings.warn(
/Users/zhaowenyuan/Projects/FlowFigTabMiner/flowfigtabminer/lib/python3.9/site-packages/urllib3/__init__.py:35: NotOpenSSLWarning: urllib3 v2 only supports OpenSSL 1.1.1+, currently the 'ssl' module is compiled with 'LibreSSL 2.8.3'. See: https://github.com/urllib3/urllib3/issues/3020
  warnings.warn(
/Users/zhaowenyuan/Projects/FlowFigTabMiner/flowfigtabminer/lib/python3.9/site-packages/urllib3/__init__.py:35: NotOpenSSLWarning: urllib3 v2 only supports OpenSSL 1.1.1+, currently the 'ssl' module is compiled with 'LibreSSL 2.8.3'. See: https://github.com/urllib3/urllib3/issues/3020
  warnings.warn(
/Users/zhaowenyuan/Projects/FlowFigTabMiner/flowfigtabminer/lib/python3.9/site-packages/urllib3/__init__.py:35: NotOpenSSLWarning: urllib3 v2 only supports OpenSSL 1.1.1+, currently the 'ssl' module is compiled with 'LibreSSL 2.8.3'. See: https://github.com/urllib3/urllib3/issues/3020
  warnings.warn(
/Users/zhaowenyuan/Projects/FlowFigTabMiner/flowfigtabminer/lib/python3.9/site-packages/urllib3/__init__.py:35: NotOpenSSLWarning: urllib3 v2 only supports OpenSSL 1.1.1+, currently the 'ssl' module is compiled with 'LibreSSL 2.8.3'. See: https://github.com/urllib3/urllib3/issues/3020
  warnings.warn(
[33mChecking connectivity to the model hosters, this may take a while. To bypass this check, set `DISABLE_MODEL_SOURCE_CHECK` to `True`.[0m
[33mChecking connectivity to the model hosters, this may take a while. To bypass this check, set `DISABLE_MODEL_SOURCE_CHECK` to `True`.[0m
[33mChecking connectivity to the model hosters, this may take a while. To bypass this check, set `DISABLE_MODEL_SOURCE_CHECK` to `True`.[0m
[33mChecking connectivity to the model hosters, this may take a while. To bypass this check, set `DISABLE_MODEL_SOURCE_CHECK` to `True`.[0m
[33mChecking connectivity to the model hosters, this may take a while. To bypass this check, set `DISABLE_MODEL_SOURCE_CHECK` to `True`.[0m
[33mChecking connectivity to the model hosters, this may take a while. To bypass this check, set `DISABLE_MODEL_SOURCE_CHECK` to `True`.[0m
[33mChecking connectivity to the model hosters, this may take a while. To bypass this check, set `DISABLE_MODEL_SOURCE_CHECK` to `True`.[0m
[33mChecking connectivity to the model hosters, this may take a while. To bypass this check, set `DISABLE_MODEL_SOURCE_CHECK` to `True`.[0m
[33mChecking connectivity to the model hosters, this may take a while. To bypass this check, set `DISABLE_MODEL_SOURCE_CHECK` to `True`.[0m
[33mChecking connectivity to the model hosters, this may take a while. To bypass this check, set `DISABLE_MODEL_SOURCE_CHECK` to `True`.[0m
[33mChecking connectivity to the model hosters, this may take a while. To bypass this check, set `DISABLE_MODEL_SOURCE_CHECK` to `True`.[0m
[33mChecking connectivity to the model hosters, this may take a while. To bypass this check, set `DISABLE_MODEL_SOURCE_CHECK` to `True`.[0m
[33mChecking connectivity to the model hosters, this may take a while. To bypass this check, set `DISABLE_MODEL_SOURCE_CHECK` to `True`.[0m
[33mChecking connectivity to the model hosters, this may take a while. To bypass this check, set `DISABLE_MODEL_SOURCE_CHECK` to `True`.[0m
[33mChecking connectivity to the model hosters, this may take a while. To bypass this check, set `DISABLE_MODEL_SOURCE_CHECK` to `True`.[0m
/Users/zhaowenyuan/Projects/FlowFigTabMiner/flowfigtabminer/lib/python3.9/site-packages/onmt/modules/sparse_activations.py:48: FutureWarning: `torch.cuda.amp.custom_fwd(args...)` is deprecated. Please use `torch.amp.custom_fwd(args..., device_type='cuda')` instead.
  def forward(ctx, input, dim=0):
/Users/zhaowenyuan/Projects/FlowFigTabMiner/flowfigtabminer/lib/python3.9/site-packages/onmt/modules/sparse_activations.py:68: FutureWarning: `torch.cuda.amp.custom_bwd(args...)` is deprecated. Please use `torch.amp.custom_bwd(args..., device_type='cuda')` instead.
  def backward(ctx, grad_output):
/Users/zhaowenyuan/Projects/FlowFigTabMiner/flowfigtabminer/lib/python3.9/site-packages/onmt/modules/sparse_losses.py:13: FutureWarning: `torch.cuda.amp.custom_fwd(args...)` is deprecated. Please use `torch.amp.custom_fwd(args..., device_type='cuda')` instead.
  def forward(ctx, input, target):
/Users/zhaowenyuan/Projects/FlowFigTabMiner/flowfigtabminer/lib/python3.9/site-packages/onmt/modules/sparse_losses.py:37: FutureWarning: `torch.cuda.amp.custom_bwd(args...)` is deprecated. Please use `torch.amp.custom_bwd(args..., device_type='cuda')` instead.
  def backward(ctx, grad_output):
   -> Box 15: SMILES='CON(C)C(=O)CCc1ccccc1' | Masked (White Box)
   -> [Debug] Upscaled TINY box 16 by 1.8x (242x166 -> 437x300)
/Users/zhaowenyuan/Projects/FlowFigTabMiner/flowfigtabminer/lib/python3.9/site-packages/paddle/utils/cpp_extension/extension_utils.py:712: UserWarning: No ccache found. Please be aware that recompiling all source files may be required. You can download and install ccache from: https://github.com/ccache/ccache/blob/master/doc/INSTALL.md
  warnings.warn(warning_message)
/Users/zhaowenyuan/Projects/FlowFigTabMiner/flowfigtabminer/lib/python3.9/site-packages/paddle/utils/cpp_extension/extension_utils.py:712: UserWarning: No ccache found. Please be aware that recompiling all source files may be required. You can download and install ccache from: https://github.com/ccache/ccache/blob/master/doc/INSTALL.md
  warnings.warn(warning_message)
/Users/zhaowenyuan/Projects/FlowFigTabMiner/flowfigtabminer/lib/python3.9/site-packages/paddle/utils/cpp_extension/extension_utils.py:712: UserWarning: No ccache found. Please be aware that recompiling all source files may be required. You can download and install ccache from: https://github.com/ccache/ccache/blob/master/doc/INSTALL.md
  warnings.warn(warning_message)
/Users/zhaowenyuan/Projects/FlowFigTabMiner/flowfigtabminer/lib/python3.9/site-packages/paddle/utils/cpp_extension/extension_utils.py:712: UserWarning: No ccache found. Please be aware that recompiling all source files may be required. You can download and install ccache from: https://github.com/ccache/ccache/blob/master/doc/INSTALL.md
  warnings.warn(warning_message)
/Users/zhaowenyuan/Projects/FlowFigTabMiner/flowfigtabminer/lib/python3.9/site-packages/paddle/utils/cpp_extension/extension_utils.py:712: UserWarning: No ccache found. Please be aware that recompiling all source files may be required. You can download and install ccache from: https://github.com/ccache/ccache/blob/master/doc/INSTALL.md
  warnings.warn(warning_message)
/Users/zhaowenyuan/Projects/FlowFigTabMiner/flowfigtabminer/lib/python3.9/site-packages/paddle/utils/cpp_extension/extension_utils.py:712: UserWarning: No ccache found. Please be aware that recompiling all source files may be required. You can download and install ccache from: https://github.com/ccache/ccache/blob/master/doc/INSTALL.md
  warnings.warn(warning_message)
/Users/zhaowenyuan/Projects/FlowFigTabMiner/flowfigtabminer/lib/python3.9/site-packages/paddle/utils/cpp_extension/extension_utils.py:712: UserWarning: No ccache found. Please be aware that recompiling all source files may be required. You can download and install ccache from: https://github.com/ccache/ccache/blob/master/doc/INSTALL.md
  warnings.warn(warning_message)
/Users/zhaowenyuan/Projects/FlowFigTabMiner/flowfigtabminer/lib/python3.9/site-packages/paddle/utils/cpp_extension/extension_utils.py:712: UserWarning: No ccache found. Please be aware that recompiling all source files may be required. You can download and install ccache from: https://github.com/ccache/ccache/blob/master/doc/INSTALL.md
  warnings.warn(warning_message)
/Users/zhaowenyuan/Projects/FlowFigTabMiner/flowfigtabminer/lib/python3.9/site-packages/paddle/utils/cpp_extension/extension_utils.py:712: UserWarning: No ccache found. Please be aware that recompiling all source files may be required. You can download and install ccache from: https://github.com/ccache/ccache/blob/master/doc/INSTALL.md
  warnings.warn(warning_message)
/Users/zhaowenyuan/Projects/FlowFigTabMiner/flowfigtabminer/lib/python3.9/site-packages/paddle/utils/cpp_extension/extension_utils.py:712: UserWarning: No ccache found. Please be aware that recompiling all source files may be required. You can download and install ccache from: https://github.com/ccache/ccache/blob/master/doc/INSTALL.md
  warnings.warn(warning_message)
/Users/zhaowenyuan/Projects/FlowFigTabMiner/flowfigtabminer/lib/python3.9/site-packages/paddle/utils/cpp_extension/extension_utils.py:712: UserWarning: No ccache found. Please be aware that recompiling all source files may be required. You can download and install ccache from: https://github.com/ccache/ccache/blob/master/doc/INSTALL.md
  warnings.warn(warning_message)
/Users/zhaowenyuan/Projects/FlowFigTabMiner/flowfigtabminer/lib/python3.9/site-packages/paddle/utils/cpp_extension/extension_utils.py:712: UserWarning: No ccache found. Please be aware that recompiling all source files may be required. You can download and install ccache from: https://github.com/ccache/ccache/blob/master/doc/INSTALL.md
  warnings.warn(warning_message)
/Users/zhaowenyuan/Projects/FlowFigTabMiner/flowfigtabminer/lib/python3.9/site-packages/paddle/utils/cpp_extension/extension_utils.py:712: UserWarning: No ccache found. Please be aware that recompiling all source files may be required. You can download and install ccache from: https://github.com/ccache/ccache/blob/master/doc/INSTALL.md
  warnings.warn(warning_message)
/Users/zhaowenyuan/Projects/FlowFigTabMiner/flowfigtabminer/lib/python3.9/site-packages/paddle/utils/cpp_extension/extension_utils.py:712: UserWarning: No ccache found. Please be aware that recompiling all source files may be required. You can download and install ccache from: https://github.com/ccache/ccache/blob/master/doc/INSTALL.md
  warnings.warn(warning_message)
/Users/zhaowenyuan/Projects/FlowFigTabMiner/flowfigtabminer/lib/python3.9/site-packages/paddle/utils/cpp_extension/extension_utils.py:712: UserWarning: No ccache found. Please be aware that recompiling all source files may be required. You can download and install ccache from: https://github.com/ccache/ccache/blob/master/doc/INSTALL.md
  warnings.warn(warning_message)
/Users/zhaowenyuan/Projects/FlowFigTabMiner/flowfigtabminer/lib/python3.9/site-packages/paddle/utils/cpp_extension/extension_utils.py:712: UserWarning: No ccache found. Please be aware that recompiling all source files may be required. You can download and install ccache from: https://github.com/ccache/ccache/blob/master/doc/INSTALL.md
  warnings.warn(warning_message)
/Users/zhaowenyuan/Projects/FlowFigTabMiner/flowfigtabminer/lib/python3.9/site-packages/urllib3/__init__.py:35: NotOpenSSLWarning: urllib3 v2 only supports OpenSSL 1.1.1+, currently the 'ssl' module is compiled with 'LibreSSL 2.8.3'. See: https://github.com/urllib3/urllib3/issues/3020
  warnings.warn(
/Users/zhaowenyuan/Projects/FlowFigTabMiner/flowfigtabminer/lib/python3.9/site-packages/urllib3/__init__.py:35: NotOpenSSLWarning: urllib3 v2 only supports OpenSSL 1.1.1+, currently the 'ssl' module is compiled with 'LibreSSL 2.8.3'. See: https://github.com/urllib3/urllib3/issues/3020
  warnings.warn(
/Users/zhaowenyuan/Projects/FlowFigTabMiner/flowfigtabminer/lib/python3.9/site-packages/urllib3/__init__.py:35: NotOpenSSLWarning: urllib3 v2 only supports OpenSSL 1.1.1+, currently the 'ssl' module is compiled with 'LibreSSL 2.8.3'. See: https://github.com/urllib3/urllib3/issues/3020
  warnings.warn(
/Users/zhaowenyuan/Projects/FlowFigTabMiner/flowfigtabminer/lib/python3.9/site-packages/urllib3/__init__.py:35: NotOpenSSLWarning: urllib3 v2 only supports OpenSSL 1.1.1+, currently the 'ssl' module is compiled with 'LibreSSL 2.8.3'. See: https://github.com/urllib3/urllib3/issues/3020
  warnings.warn(
/Users/zhaowenyuan/Projects/FlowFigTabMiner/flowfigtabminer/lib/python3.9/site-packages/urllib3/__init__.py:35: NotOpenSSLWarning: urllib3 v2 only supports OpenSSL 1.1.1+, currently the 'ssl' module is compiled with 'LibreSSL 2.8.3'. See: https://github.com/urllib3/urllib3/issues/3020
  warnings.warn(
/Users/zhaowenyuan/Projects/FlowFigTabMiner/flowfigtabminer/lib/python3.9/site-packages/urllib3/__init__.py:35: NotOpenSSLWarning: urllib3 v2 only supports OpenSSL 1.1.1+, currently the 'ssl' module is compiled with 'LibreSSL 2.8.3'. See: https://github.com/urllib3/urllib3/issues/3020
  warnings.warn(
/Users/zhaowenyuan/Projects/FlowFigTabMiner/flowfigtabminer/lib/python3.9/site-packages/urllib3/__init__.py:35: NotOpenSSLWarning: urllib3 v2 only supports OpenSSL 1.1.1+, currently the 'ssl' module is compiled with 'LibreSSL 2.8.3'. See: https://github.com/urllib3/urllib3/issues/3020
  warnings.warn(
/Users/zhaowenyuan/Projects/FlowFigTabMiner/flowfigtabminer/lib/python3.9/site-packages/urllib3/__init__.py:35: NotOpenSSLWarning: urllib3 v2 only supports OpenSSL 1.1.1+, currently the 'ssl' module is compiled with 'LibreSSL 2.8.3'. See: https://github.com/urllib3/urllib3/issues/3020
  warnings.warn(
/Users/zhaowenyuan/Projects/FlowFigTabMiner/flowfigtabminer/lib/python3.9/site-packages/urllib3/__init__.py:35: NotOpenSSLWarning: urllib3 v2 only supports OpenSSL 1.1.1+, currently the 'ssl' module is compiled with 'LibreSSL 2.8.3'. See: https://github.com/urllib3/urllib3/issues/3020
  warnings.warn(
/Users/zhaowenyuan/Projects/FlowFigTabMiner/flowfigtabminer/lib/python3.9/site-packages/urllib3/__init__.py:35: NotOpenSSLWarning: urllib3 v2 only supports OpenSSL 1.1.1+, currently the 'ssl' module is compiled with 'LibreSSL 2.8.3'. See: https://github.com/urllib3/urllib3/issues/3020
  warnings.warn(
/Users/zhaowenyuan/Projects/FlowFigTabMiner/flowfigtabminer/lib/python3.9/site-packages/urllib3/__init__.py:35: NotOpenSSLWarning: urllib3 v2 only supports OpenSSL 1.1.1+, currently the 'ssl' module is compiled with 'LibreSSL 2.8.3'. See: https://github.com/urllib3/urllib3/issues/3020
  warnings.warn(
/Users/zhaowenyuan/Projects/FlowFigTabMiner/flowfigtabminer/lib/python3.9/site-packages/urllib3/__init__.py:35: NotOpenSSLWarning: urllib3 v2 only supports OpenSSL 1.1.1+, currently the 'ssl' module is compiled with 'LibreSSL 2.8.3'. See: https://github.com/urllib3/urllib3/issues/3020
  warnings.warn(
/Users/zhaowenyuan/Projects/FlowFigTabMiner/flowfigtabminer/lib/python3.9/site-packages/urllib3/__init__.py:35: NotOpenSSLWarning: urllib3 v2 only supports OpenSSL 1.1.1+, currently the 'ssl' module is compiled with 'LibreSSL 2.8.3'. See: https://github.com/urllib3/urllib3/issues/3020
  warnings.warn(
/Users/zhaowenyuan/Projects/FlowFigTabMiner/flowfigtabminer/lib/python3.9/site-packages/urllib3/__init__.py:35: NotOpenSSLWarning: urllib3 v2 only supports OpenSSL 1.1.1+, currently the 'ssl' module is compiled with 'LibreSSL 2.8.3'. See: https://github.com/urllib3/urllib3/issues/3020
  warnings.warn(
[33mChecking connectivity to the model hosters, this may take a while. To bypass this check, set `DISABLE_MODEL_SOURCE_CHECK` to `True`.[0m
/Users/zhaowenyuan/Projects/FlowFigTabMiner/flowfigtabminer/lib/python3.9/site-packages/urllib3/__init__.py:35: NotOpenSSLWarning: urllib3 v2 only supports OpenSSL 1.1.1+, currently the 'ssl' module is compiled with 'LibreSSL 2.8.3'. See: https://github.com/urllib3/urllib3/issues/3020
  warnings.warn(
/Users/zhaowenyuan/Projects/FlowFigTabMiner/flowfigtabminer/lib/python3.9/site-packages/urllib3/__init__.py:35: NotOpenSSLWarning: urllib3 v2 only supports OpenSSL 1.1.1+, currently the 'ssl' module is compiled with 'LibreSSL 2.8.3'. See: https://github.com/urllib3/urllib3/issues/3020
  warnings.warn(
[33mChecking connectivity to the model hosters, this may take a while. To bypass this check, set `DISABLE_MODEL_SOURCE_CHECK` to `True`.[0m
[33mChecking connectivity to the model hosters, this may take a while. To bypass this check, set `DISABLE_MODEL_SOURCE_CHECK` to `True`.[0m
[33mChecking connectivity to the model hosters, this may take a while. To bypass this check, set `DISABLE_MODEL_SOURCE_CHECK` to `True`.[0m
[33mChecking connectivity to the model hosters, this may take a while. To bypass this check, set `DISABLE_MODEL_SOURCE_CHECK` to `True`.[0m
[33mChecking connectivity to the model hosters, this may take a while. To bypass this check, set `DISABLE_MODEL_SOURCE_CHECK` to `True`.[0m
[33mChecking connectivity to the model hosters, this may take a while. To bypass this check, set `DISABLE_MODEL_SOURCE_CHECK` to `True`.[0m
[33mChecking connectivity to the model hosters, this may take a while. To bypass this check, set `DISABLE_MODEL_SOURCE_CHECK` to `True`.[0m
[33mChecking connectivity to the model hosters, this may take a while. To bypass this check, set `DISABLE_MODEL_SOURCE_CHECK` to `True`.[0m
[33mChecking connectivity to the model hosters, this may take a while. To bypass this check, set `DISABLE_MODEL_SOURCE_CHECK` to `True`.[0m
[33mChecking connectivity to the model hosters, this may take a while. To bypass this check, set `DISABLE_MODEL_SOURCE_CHECK` to `True`.[0m
[33mChecking connectivity to the model hosters, this may take a while. To bypass this check, set `DISABLE_MODEL_SOURCE_CHECK` to `True`.[0m
[33mChecking connectivity to the model hosters, this may take a while. To bypass this check, set `DISABLE_MODEL_SOURCE_CHECK` to `True`.[0m
[33mChecking connectivity to the model hosters, this may take a while. To bypass this check, set `DISABLE_MODEL_SOURCE_CHECK` to `True`.[0m
[33mChecking connectivity to the model hosters, this may take a while. To bypass this check, set `DISABLE_MODEL_SOURCE_CHECK` to `True`.[0m
[33mChecking connectivity to the model hosters, this may take a while. To bypass this check, set `DISABLE_MODEL_SOURCE_CHECK` to `True`.[0m
/Users/zhaowenyuan/Projects/FlowFigTabMiner/flowfigtabminer/lib/python3.9/site-packages/onmt/modules/sparse_activations.py:48: FutureWarning: `torch.cuda.amp.custom_fwd(args...)` is deprecated. Please use `torch.amp.custom_fwd(args..., device_type='cuda')` instead.
  def forward(ctx, input, dim=0):
/Users/zhaowenyuan/Projects/FlowFigTabMiner/flowfigtabminer/lib/python3.9/site-packages/onmt/modules/sparse_activations.py:68: FutureWarning: `torch.cuda.amp.custom_bwd(args...)` is deprecated. Please use `torch.amp.custom_bwd(args..., device_type='cuda')` instead.
  def backward(ctx, grad_output):
/Users/zhaowenyuan/Projects/FlowFigTabMiner/flowfigtabminer/lib/python3.9/site-packages/onmt/modules/sparse_losses.py:13: FutureWarning: `torch.cuda.amp.custom_fwd(args...)` is deprecated. Please use `torch.amp.custom_fwd(args..., device_type='cuda')` instead.
  def forward(ctx, input, target):
/Users/zhaowenyuan/Projects/FlowFigTabMiner/flowfigtabminer/lib/python3.9/site-packages/onmt/modules/sparse_losses.py:37: FutureWarning: `torch.cuda.amp.custom_bwd(args...)` is deprecated. Please use `torch.amp.custom_bwd(args..., device_type='cuda')` instead.
  def backward(ctx, grad_output):
   -> Box 16: SMILES='O=C(/C=C/c1ccccc1)CF' | Masked (White Box)
   -> [Debug] Upscaled TINY box 17 by 1.8x (218x169 -> 386x300)
/Users/zhaowenyuan/Projects/FlowFigTabMiner/flowfigtabminer/lib/python3.9/site-packages/paddle/utils/cpp_extension/extension_utils.py:712: UserWarning: No ccache found. Please be aware that recompiling all source files may be required. You can download and install ccache from: https://github.com/ccache/ccache/blob/master/doc/INSTALL.md
  warnings.warn(warning_message)
/Users/zhaowenyuan/Projects/FlowFigTabMiner/flowfigtabminer/lib/python3.9/site-packages/paddle/utils/cpp_extension/extension_utils.py:712: UserWarning: No ccache found. Please be aware that recompiling all source files may be required. You can download and install ccache from: https://github.com/ccache/ccache/blob/master/doc/INSTALL.md
  warnings.warn(warning_message)
/Users/zhaowenyuan/Projects/FlowFigTabMiner/flowfigtabminer/lib/python3.9/site-packages/paddle/utils/cpp_extension/extension_utils.py:712: UserWarning: No ccache found. Please be aware that recompiling all source files may be required. You can download and install ccache from: https://github.com/ccache/ccache/blob/master/doc/INSTALL.md
  warnings.warn(warning_message)
/Users/zhaowenyuan/Projects/FlowFigTabMiner/flowfigtabminer/lib/python3.9/site-packages/paddle/utils/cpp_extension/extension_utils.py:712: UserWarning: No ccache found. Please be aware that recompiling all source files may be required. You can download and install ccache from: https://github.com/ccache/ccache/blob/master/doc/INSTALL.md
  warnings.warn(warning_message)
/Users/zhaowenyuan/Projects/FlowFigTabMiner/flowfigtabminer/lib/python3.9/site-packages/paddle/utils/cpp_extension/extension_utils.py:712: UserWarning: No ccache found. Please be aware that recompiling all source files may be required. You can download and install ccache from: https://github.com/ccache/ccache/blob/master/doc/INSTALL.md
  warnings.warn(warning_message)
/Users/zhaowenyuan/Projects/FlowFigTabMiner/flowfigtabminer/lib/python3.9/site-packages/paddle/utils/cpp_extension/extension_utils.py:712: UserWarning: No ccache found. Please be aware that recompiling all source files may be required. You can download and install ccache from: https://github.com/ccache/ccache/blob/master/doc/INSTALL.md
  warnings.warn(warning_message)
/Users/zhaowenyuan/Projects/FlowFigTabMiner/flowfigtabminer/lib/python3.9/site-packages/paddle/utils/cpp_extension/extension_utils.py:712: UserWarning: No ccache found. Please be aware that recompiling all source files may be required. You can download and install ccache from: https://github.com/ccache/ccache/blob/master/doc/INSTALL.md
  warnings.warn(warning_message)
/Users/zhaowenyuan/Projects/FlowFigTabMiner/flowfigtabminer/lib/python3.9/site-packages/paddle/utils/cpp_extension/extension_utils.py:712: UserWarning: No ccache found. Please be aware that recompiling all source files may be required. You can download and install ccache from: https://github.com/ccache/ccache/blob/master/doc/INSTALL.md
  warnings.warn(warning_message)
/Users/zhaowenyuan/Projects/FlowFigTabMiner/flowfigtabminer/lib/python3.9/site-packages/paddle/utils/cpp_extension/extension_utils.py:712: UserWarning: No ccache found. Please be aware that recompiling all source files may be required. You can download and install ccache from: https://github.com/ccache/ccache/blob/master/doc/INSTALL.md
  warnings.warn(warning_message)
/Users/zhaowenyuan/Projects/FlowFigTabMiner/flowfigtabminer/lib/python3.9/site-packages/paddle/utils/cpp_extension/extension_utils.py:712: UserWarning: No ccache found. Please be aware that recompiling all source files may be required. You can download and install ccache from: https://github.com/ccache/ccache/blob/master/doc/INSTALL.md
  warnings.warn(warning_message)
/Users/zhaowenyuan/Projects/FlowFigTabMiner/flowfigtabminer/lib/python3.9/site-packages/paddle/utils/cpp_extension/extension_utils.py:712: UserWarning: No ccache found. Please be aware that recompiling all source files may be required. You can download and install ccache from: https://github.com/ccache/ccache/blob/master/doc/INSTALL.md
  warnings.warn(warning_message)
/Users/zhaowenyuan/Projects/FlowFigTabMiner/flowfigtabminer/lib/python3.9/site-packages/paddle/utils/cpp_extension/extension_utils.py:712: UserWarning: No ccache found. Please be aware that recompiling all source files may be required. You can download and install ccache from: https://github.com/ccache/ccache/blob/master/doc/INSTALL.md
  warnings.warn(warning_message)
/Users/zhaowenyuan/Projects/FlowFigTabMiner/flowfigtabminer/lib/python3.9/site-packages/paddle/utils/cpp_extension/extension_utils.py:712: UserWarning: No ccache found. Please be aware that recompiling all source files may be required. You can download and install ccache from: https://github.com/ccache/ccache/blob/master/doc/INSTALL.md
  warnings.warn(warning_message)
/Users/zhaowenyuan/Projects/FlowFigTabMiner/flowfigtabminer/lib/python3.9/site-packages/paddle/utils/cpp_extension/extension_utils.py:712: UserWarning: No ccache found. Please be aware that recompiling all source files may be required. You can download and install ccache from: https://github.com/ccache/ccache/blob/master/doc/INSTALL.md
  warnings.warn(warning_message)
/Users/zhaowenyuan/Projects/FlowFigTabMiner/flowfigtabminer/lib/python3.9/site-packages/paddle/utils/cpp_extension/extension_utils.py:712: UserWarning: No ccache found. Please be aware that recompiling all source files may be required. You can download and install ccache from: https://github.com/ccache/ccache/blob/master/doc/INSTALL.md
  warnings.warn(warning_message)
/Users/zhaowenyuan/Projects/FlowFigTabMiner/flowfigtabminer/lib/python3.9/site-packages/paddle/utils/cpp_extension/extension_utils.py:712: UserWarning: No ccache found. Please be aware that recompiling all source files may be required. You can download and install ccache from: https://github.com/ccache/ccache/blob/master/doc/INSTALL.md
  warnings.warn(warning_message)
/Users/zhaowenyuan/Projects/FlowFigTabMiner/flowfigtabminer/lib/python3.9/site-packages/urllib3/__init__.py:35: NotOpenSSLWarning: urllib3 v2 only supports OpenSSL 1.1.1+, currently the 'ssl' module is compiled with 'LibreSSL 2.8.3'. See: https://github.com/urllib3/urllib3/issues/3020
  warnings.warn(
/Users/zhaowenyuan/Projects/FlowFigTabMiner/flowfigtabminer/lib/python3.9/site-packages/urllib3/__init__.py:35: NotOpenSSLWarning: urllib3 v2 only supports OpenSSL 1.1.1+, currently the 'ssl' module is compiled with 'LibreSSL 2.8.3'. See: https://github.com/urllib3/urllib3/issues/3020
  warnings.warn(
/Users/zhaowenyuan/Projects/FlowFigTabMiner/flowfigtabminer/lib/python3.9/site-packages/urllib3/__init__.py:35: NotOpenSSLWarning: urllib3 v2 only supports OpenSSL 1.1.1+, currently the 'ssl' module is compiled with 'LibreSSL 2.8.3'. See: https://github.com/urllib3/urllib3/issues/3020
  warnings.warn(
/Users/zhaowenyuan/Projects/FlowFigTabMiner/flowfigtabminer/lib/python3.9/site-packages/urllib3/__init__.py:35: NotOpenSSLWarning: urllib3 v2 only supports OpenSSL 1.1.1+, currently the 'ssl' module is compiled with 'LibreSSL 2.8.3'. See: https://github.com/urllib3/urllib3/issues/3020
  warnings.warn(
/Users/zhaowenyuan/Projects/FlowFigTabMiner/flowfigtabminer/lib/python3.9/site-packages/urllib3/__init__.py:35: NotOpenSSLWarning: urllib3 v2 only supports OpenSSL 1.1.1+, currently the 'ssl' module is compiled with 'LibreSSL 2.8.3'. See: https://github.com/urllib3/urllib3/issues/3020
  warnings.warn(
/Users/zhaowenyuan/Projects/FlowFigTabMiner/flowfigtabminer/lib/python3.9/site-packages/urllib3/__init__.py:35: NotOpenSSLWarning: urllib3 v2 only supports OpenSSL 1.1.1+, currently the 'ssl' module is compiled with 'LibreSSL 2.8.3'. See: https://github.com/urllib3/urllib3/issues/3020
  warnings.warn(
/Users/zhaowenyuan/Projects/FlowFigTabMiner/flowfigtabminer/lib/python3.9/site-packages/urllib3/__init__.py:35: NotOpenSSLWarning: urllib3 v2 only supports OpenSSL 1.1.1+, currently the 'ssl' module is compiled with 'LibreSSL 2.8.3'. See: https://github.com/urllib3/urllib3/issues/3020
  warnings.warn(
/Users/zhaowenyuan/Projects/FlowFigTabMiner/flowfigtabminer/lib/python3.9/site-packages/urllib3/__init__.py:35: NotOpenSSLWarning: urllib3 v2 only supports OpenSSL 1.1.1+, currently the 'ssl' module is compiled with 'LibreSSL 2.8.3'. See: https://github.com/urllib3/urllib3/issues/3020
  warnings.warn(
/Users/zhaowenyuan/Projects/FlowFigTabMiner/flowfigtabminer/lib/python3.9/site-packages/urllib3/__init__.py:35: NotOpenSSLWarning: urllib3 v2 only supports OpenSSL 1.1.1+, currently the 'ssl' module is compiled with 'LibreSSL 2.8.3'. See: https://github.com/urllib3/urllib3/issues/3020
  warnings.warn(
/Users/zhaowenyuan/Projects/FlowFigTabMiner/flowfigtabminer/lib/python3.9/site-packages/urllib3/__init__.py:35: NotOpenSSLWarning: urllib3 v2 only supports OpenSSL 1.1.1+, currently the 'ssl' module is compiled with 'LibreSSL 2.8.3'. See: https://github.com/urllib3/urllib3/issues/3020
  warnings.warn(
/Users/zhaowenyuan/Projects/FlowFigTabMiner/flowfigtabminer/lib/python3.9/site-packages/urllib3/__init__.py:35: NotOpenSSLWarning: urllib3 v2 only supports OpenSSL 1.1.1+, currently the 'ssl' module is compiled with 'LibreSSL 2.8.3'. See: https://github.com/urllib3/urllib3/issues/3020
  warnings.warn(
/Users/zhaowenyuan/Projects/FlowFigTabMiner/flowfigtabminer/lib/python3.9/site-packages/urllib3/__init__.py:35: NotOpenSSLWarning: urllib3 v2 only supports OpenSSL 1.1.1+, currently the 'ssl' module is compiled with 'LibreSSL 2.8.3'. See: https://github.com/urllib3/urllib3/issues/3020
  warnings.warn(
[33mChecking connectivity to the model hosters, this may take a while. To bypass this check, set `DISABLE_MODEL_SOURCE_CHECK` to `True`.[0m
/Users/zhaowenyuan/Projects/FlowFigTabMiner/flowfigtabminer/lib/python3.9/site-packages/urllib3/__init__.py:35: NotOpenSSLWarning: urllib3 v2 only supports OpenSSL 1.1.1+, currently the 'ssl' module is compiled with 'LibreSSL 2.8.3'. See: https://github.com/urllib3/urllib3/issues/3020
  warnings.warn(
/Users/zhaowenyuan/Projects/FlowFigTabMiner/flowfigtabminer/lib/python3.9/site-packages/urllib3/__init__.py:35: NotOpenSSLWarning: urllib3 v2 only supports OpenSSL 1.1.1+, currently the 'ssl' module is compiled with 'LibreSSL 2.8.3'. See: https://github.com/urllib3/urllib3/issues/3020
  warnings.warn(
/Users/zhaowenyuan/Projects/FlowFigTabMiner/flowfigtabminer/lib/python3.9/site-packages/urllib3/__init__.py:35: NotOpenSSLWarning: urllib3 v2 only supports OpenSSL 1.1.1+, currently the 'ssl' module is compiled with 'LibreSSL 2.8.3'. See: https://github.com/urllib3/urllib3/issues/3020
  warnings.warn(
/Users/zhaowenyuan/Projects/FlowFigTabMiner/flowfigtabminer/lib/python3.9/site-packages/urllib3/__init__.py:35: NotOpenSSLWarning: urllib3 v2 only supports OpenSSL 1.1.1+, currently the 'ssl' module is compiled with 'LibreSSL 2.8.3'. See: https://github.com/urllib3/urllib3/issues/3020
  warnings.warn(
[33mChecking connectivity to the model hosters, this may take a while. To bypass this check, set `DISABLE_MODEL_SOURCE_CHECK` to `True`.[0m
[33mChecking connectivity to the model hosters, this may take a while. To bypass this check, set `DISABLE_MODEL_SOURCE_CHECK` to `True`.[0m
[33mChecking connectivity to the model hosters, this may take a while. To bypass this check, set `DISABLE_MODEL_SOURCE_CHECK` to `True`.[0m
[33mChecking connectivity to the model hosters, this may take a while. To bypass this check, set `DISABLE_MODEL_SOURCE_CHECK` to `True`.[0m
[33mChecking connectivity to the model hosters, this may take a while. To bypass this check, set `DISABLE_MODEL_SOURCE_CHECK` to `True`.[0m
[33mChecking connectivity to the model hosters, this may take a while. To bypass this check, set `DISABLE_MODEL_SOURCE_CHECK` to `True`.[0m
[33mChecking connectivity to the model hosters, this may take a while. To bypass this check, set `DISABLE_MODEL_SOURCE_CHECK` to `True`.[0m
[33mChecking connectivity to the model hosters, this may take a while. To bypass this check, set `DISABLE_MODEL_SOURCE_CHECK` to `True`.[0m
[33mChecking connectivity to the model hosters, this may take a while. To bypass this check, set `DISABLE_MODEL_SOURCE_CHECK` to `True`.[0m
[33mChecking connectivity to the model hosters, this may take a while. To bypass this check, set `DISABLE_MODEL_SOURCE_CHECK` to `True`.[0m
[33mChecking connectivity to the model hosters, this may take a while. To bypass this check, set `DISABLE_MODEL_SOURCE_CHECK` to `True`.[0m
[33mChecking connectivity to the model hosters, this may take a while. To bypass this check, set `DISABLE_MODEL_SOURCE_CHECK` to `True`.[0m
[33mChecking connectivity to the model hosters, this may take a while. To bypass this check, set `DISABLE_MODEL_SOURCE_CHECK` to `True`.[0m
[33mChecking connectivity to the model hosters, this may take a while. To bypass this check, set `DISABLE_MODEL_SOURCE_CHECK` to `True`.[0m
[33mChecking connectivity to the model hosters, this may take a while. To bypass this check, set `DISABLE_MODEL_SOURCE_CHECK` to `True`.[0m
/Users/zhaowenyuan/Projects/FlowFigTabMiner/flowfigtabminer/lib/python3.9/site-packages/onmt/modules/sparse_activations.py:48: FutureWarning: `torch.cuda.amp.custom_fwd(args...)` is deprecated. Please use `torch.amp.custom_fwd(args..., device_type='cuda')` instead.
  def forward(ctx, input, dim=0):
/Users/zhaowenyuan/Projects/FlowFigTabMiner/flowfigtabminer/lib/python3.9/site-packages/onmt/modules/sparse_activations.py:68: FutureWarning: `torch.cuda.amp.custom_bwd(args...)` is deprecated. Please use `torch.amp.custom_bwd(args..., device_type='cuda')` instead.
  def backward(ctx, grad_output):
/Users/zhaowenyuan/Projects/FlowFigTabMiner/flowfigtabminer/lib/python3.9/site-packages/onmt/modules/sparse_losses.py:13: FutureWarning: `torch.cuda.amp.custom_fwd(args...)` is deprecated. Please use `torch.amp.custom_fwd(args..., device_type='cuda')` instead.
  def forward(ctx, input, target):
/Users/zhaowenyuan/Projects/FlowFigTabMiner/flowfigtabminer/lib/python3.9/site-packages/onmt/modules/sparse_losses.py:37: FutureWarning: `torch.cuda.amp.custom_bwd(args...)` is deprecated. Please use `torch.amp.custom_bwd(args..., device_type='cuda')` instead.
  def backward(ctx, grad_output):
   -> Box 17: SMILES='O=C(c1ccccc1)c1ccccc1' | Masked (White Box)
   -> [Debug] Upscaled TINY box 18 by 1.8x (226x164 -> 413x300)
/Users/zhaowenyuan/Projects/FlowFigTabMiner/flowfigtabminer/lib/python3.9/site-packages/paddle/utils/cpp_extension/extension_utils.py:712: UserWarning: No ccache found. Please be aware that recompiling all source files may be required. You can download and install ccache from: https://github.com/ccache/ccache/blob/master/doc/INSTALL.md
  warnings.warn(warning_message)
/Users/zhaowenyuan/Projects/FlowFigTabMiner/flowfigtabminer/lib/python3.9/site-packages/paddle/utils/cpp_extension/extension_utils.py:712: UserWarning: No ccache found. Please be aware that recompiling all source files may be required. You can download and install ccache from: https://github.com/ccache/ccache/blob/master/doc/INSTALL.md
  warnings.warn(warning_message)
/Users/zhaowenyuan/Projects/FlowFigTabMiner/flowfigtabminer/lib/python3.9/site-packages/paddle/utils/cpp_extension/extension_utils.py:712: UserWarning: No ccache found. Please be aware that recompiling all source files may be required. You can download and install ccache from: https://github.com/ccache/ccache/blob/master/doc/INSTALL.md
  warnings.warn(warning_message)
/Users/zhaowenyuan/Projects/FlowFigTabMiner/flowfigtabminer/lib/python3.9/site-packages/paddle/utils/cpp_extension/extension_utils.py:712: UserWarning: No ccache found. Please be aware that recompiling all source files may be required. You can download and install ccache from: https://github.com/ccache/ccache/blob/master/doc/INSTALL.md
  warnings.warn(warning_message)
/Users/zhaowenyuan/Projects/FlowFigTabMiner/flowfigtabminer/lib/python3.9/site-packages/paddle/utils/cpp_extension/extension_utils.py:712: UserWarning: No ccache found. Please be aware that recompiling all source files may be required. You can download and install ccache from: https://github.com/ccache/ccache/blob/master/doc/INSTALL.md
  warnings.warn(warning_message)
/Users/zhaowenyuan/Projects/FlowFigTabMiner/flowfigtabminer/lib/python3.9/site-packages/paddle/utils/cpp_extension/extension_utils.py:712: UserWarning: No ccache found. Please be aware that recompiling all source files may be required. You can download and install ccache from: https://github.com/ccache/ccache/blob/master/doc/INSTALL.md
  warnings.warn(warning_message)
/Users/zhaowenyuan/Projects/FlowFigTabMiner/flowfigtabminer/lib/python3.9/site-packages/paddle/utils/cpp_extension/extension_utils.py:712: UserWarning: No ccache found. Please be aware that recompiling all source files may be required. You can download and install ccache from: https://github.com/ccache/ccache/blob/master/doc/INSTALL.md
  warnings.warn(warning_message)
/Users/zhaowenyuan/Projects/FlowFigTabMiner/flowfigtabminer/lib/python3.9/site-packages/paddle/utils/cpp_extension/extension_utils.py:712: UserWarning: No ccache found. Please be aware that recompiling all source files may be required. You can download and install ccache from: https://github.com/ccache/ccache/blob/master/doc/INSTALL.md
  warnings.warn(warning_message)
/Users/zhaowenyuan/Projects/FlowFigTabMiner/flowfigtabminer/lib/python3.9/site-packages/paddle/utils/cpp_extension/extension_utils.py:712: UserWarning: No ccache found. Please be aware that recompiling all source files may be required. You can download and install ccache from: https://github.com/ccache/ccache/blob/master/doc/INSTALL.md
  warnings.warn(warning_message)
/Users/zhaowenyuan/Projects/FlowFigTabMiner/flowfigtabminer/lib/python3.9/site-packages/paddle/utils/cpp_extension/extension_utils.py:712: UserWarning: No ccache found. Please be aware that recompiling all source files may be required. You can download and install ccache from: https://github.com/ccache/ccache/blob/master/doc/INSTALL.md
  warnings.warn(warning_message)
/Users/zhaowenyuan/Projects/FlowFigTabMiner/flowfigtabminer/lib/python3.9/site-packages/paddle/utils/cpp_extension/extension_utils.py:712: UserWarning: No ccache found. Please be aware that recompiling all source files may be required. You can download and install ccache from: https://github.com/ccache/ccache/blob/master/doc/INSTALL.md
  warnings.warn(warning_message)
/Users/zhaowenyuan/Projects/FlowFigTabMiner/flowfigtabminer/lib/python3.9/site-packages/paddle/utils/cpp_extension/extension_utils.py:712: UserWarning: No ccache found. Please be aware that recompiling all source files may be required. You can download and install ccache from: https://github.com/ccache/ccache/blob/master/doc/INSTALL.md
  warnings.warn(warning_message)
/Users/zhaowenyuan/Projects/FlowFigTabMiner/flowfigtabminer/lib/python3.9/site-packages/paddle/utils/cpp_extension/extension_utils.py:712: UserWarning: No ccache found. Please be aware that recompiling all source files may be required. You can download and install ccache from: https://github.com/ccache/ccache/blob/master/doc/INSTALL.md
  warnings.warn(warning_message)
/Users/zhaowenyuan/Projects/FlowFigTabMiner/flowfigtabminer/lib/python3.9/site-packages/paddle/utils/cpp_extension/extension_utils.py:712: UserWarning: No ccache found. Please be aware that recompiling all source files may be required. You can download and install ccache from: https://github.com/ccache/ccache/blob/master/doc/INSTALL.md
  warnings.warn(warning_message)
/Users/zhaowenyuan/Projects/FlowFigTabMiner/flowfigtabminer/lib/python3.9/site-packages/paddle/utils/cpp_extension/extension_utils.py:712: UserWarning: No ccache found. Please be aware that recompiling all source files may be required. You can download and install ccache from: https://github.com/ccache/ccache/blob/master/doc/INSTALL.md
  warnings.warn(warning_message)
/Users/zhaowenyuan/Projects/FlowFigTabMiner/flowfigtabminer/lib/python3.9/site-packages/paddle/utils/cpp_extension/extension_utils.py:712: UserWarning: No ccache found. Please be aware that recompiling all source files may be required. You can download and install ccache from: https://github.com/ccache/ccache/blob/master/doc/INSTALL.md
  warnings.warn(warning_message)
/Users/zhaowenyuan/Projects/FlowFigTabMiner/flowfigtabminer/lib/python3.9/site-packages/urllib3/__init__.py:35: NotOpenSSLWarning: urllib3 v2 only supports OpenSSL 1.1.1+, currently the 'ssl' module is compiled with 'LibreSSL 2.8.3'. See: https://github.com/urllib3/urllib3/issues/3020
  warnings.warn(
/Users/zhaowenyuan/Projects/FlowFigTabMiner/flowfigtabminer/lib/python3.9/site-packages/urllib3/__init__.py:35: NotOpenSSLWarning: urllib3 v2 only supports OpenSSL 1.1.1+, currently the 'ssl' module is compiled with 'LibreSSL 2.8.3'. See: https://github.com/urllib3/urllib3/issues/3020
  warnings.warn(
/Users/zhaowenyuan/Projects/FlowFigTabMiner/flowfigtabminer/lib/python3.9/site-packages/urllib3/__init__.py:35: NotOpenSSLWarning: urllib3 v2 only supports OpenSSL 1.1.1+, currently the 'ssl' module is compiled with 'LibreSSL 2.8.3'. See: https://github.com/urllib3/urllib3/issues/3020
  warnings.warn(
/Users/zhaowenyuan/Projects/FlowFigTabMiner/flowfigtabminer/lib/python3.9/site-packages/urllib3/__init__.py:35: NotOpenSSLWarning: urllib3 v2 only supports OpenSSL 1.1.1+, currently the 'ssl' module is compiled with 'LibreSSL 2.8.3'. See: https://github.com/urllib3/urllib3/issues/3020
  warnings.warn(
/Users/zhaowenyuan/Projects/FlowFigTabMiner/flowfigtabminer/lib/python3.9/site-packages/urllib3/__init__.py:35: NotOpenSSLWarning: urllib3 v2 only supports OpenSSL 1.1.1+, currently the 'ssl' module is compiled with 'LibreSSL 2.8.3'. See: https://github.com/urllib3/urllib3/issues/3020
  warnings.warn(
/Users/zhaowenyuan/Projects/FlowFigTabMiner/flowfigtabminer/lib/python3.9/site-packages/urllib3/__init__.py:35: NotOpenSSLWarning: urllib3 v2 only supports OpenSSL 1.1.1+, currently the 'ssl' module is compiled with 'LibreSSL 2.8.3'. See: https://github.com/urllib3/urllib3/issues/3020
  warnings.warn(
/Users/zhaowenyuan/Projects/FlowFigTabMiner/flowfigtabminer/lib/python3.9/site-packages/urllib3/__init__.py:35: NotOpenSSLWarning: urllib3 v2 only supports OpenSSL 1.1.1+, currently the 'ssl' module is compiled with 'LibreSSL 2.8.3'. See: https://github.com/urllib3/urllib3/issues/3020
  warnings.warn(
/Users/zhaowenyuan/Projects/FlowFigTabMiner/flowfigtabminer/lib/python3.9/site-packages/urllib3/__init__.py:35: NotOpenSSLWarning: urllib3 v2 only supports OpenSSL 1.1.1+, currently the 'ssl' module is compiled with 'LibreSSL 2.8.3'. See: https://github.com/urllib3/urllib3/issues/3020
  warnings.warn(
[33mChecking connectivity to the model hosters, this may take a while. To bypass this check, set `DISABLE_MODEL_SOURCE_CHECK` to `True`.[0m
/Users/zhaowenyuan/Projects/FlowFigTabMiner/flowfigtabminer/lib/python3.9/site-packages/urllib3/__init__.py:35: NotOpenSSLWarning: urllib3 v2 only supports OpenSSL 1.1.1+, currently the 'ssl' module is compiled with 'LibreSSL 2.8.3'. See: https://github.com/urllib3/urllib3/issues/3020
  warnings.warn(
/Users/zhaowenyuan/Projects/FlowFigTabMiner/flowfigtabminer/lib/python3.9/site-packages/urllib3/__init__.py:35: NotOpenSSLWarning: urllib3 v2 only supports OpenSSL 1.1.1+, currently the 'ssl' module is compiled with 'LibreSSL 2.8.3'. See: https://github.com/urllib3/urllib3/issues/3020
  warnings.warn(
/Users/zhaowenyuan/Projects/FlowFigTabMiner/flowfigtabminer/lib/python3.9/site-packages/urllib3/__init__.py:35: NotOpenSSLWarning: urllib3 v2 only supports OpenSSL 1.1.1+, currently the 'ssl' module is compiled with 'LibreSSL 2.8.3'. See: https://github.com/urllib3/urllib3/issues/3020
  warnings.warn(
/Users/zhaowenyuan/Projects/FlowFigTabMiner/flowfigtabminer/lib/python3.9/site-packages/urllib3/__init__.py:35: NotOpenSSLWarning: urllib3 v2 only supports OpenSSL 1.1.1+, currently the 'ssl' module is compiled with 'LibreSSL 2.8.3'. See: https://github.com/urllib3/urllib3/issues/3020
  warnings.warn(
/Users/zhaowenyuan/Projects/FlowFigTabMiner/flowfigtabminer/lib/python3.9/site-packages/urllib3/__init__.py:35: NotOpenSSLWarning: urllib3 v2 only supports OpenSSL 1.1.1+, currently the 'ssl' module is compiled with 'LibreSSL 2.8.3'. See: https://github.com/urllib3/urllib3/issues/3020
  warnings.warn(
/Users/zhaowenyuan/Projects/FlowFigTabMiner/flowfigtabminer/lib/python3.9/site-packages/urllib3/__init__.py:35: NotOpenSSLWarning: urllib3 v2 only supports OpenSSL 1.1.1+, currently the 'ssl' module is compiled with 'LibreSSL 2.8.3'. See: https://github.com/urllib3/urllib3/issues/3020
  warnings.warn(
/Users/zhaowenyuan/Projects/FlowFigTabMiner/flowfigtabminer/lib/python3.9/site-packages/urllib3/__init__.py:35: NotOpenSSLWarning: urllib3 v2 only supports OpenSSL 1.1.1+, currently the 'ssl' module is compiled with 'LibreSSL 2.8.3'. See: https://github.com/urllib3/urllib3/issues/3020
  warnings.warn(
/Users/zhaowenyuan/Projects/FlowFigTabMiner/flowfigtabminer/lib/python3.9/site-packages/urllib3/__init__.py:35: NotOpenSSLWarning: urllib3 v2 only supports OpenSSL 1.1.1+, currently the 'ssl' module is compiled with 'LibreSSL 2.8.3'. See: https://github.com/urllib3/urllib3/issues/3020
  warnings.warn(
[33mChecking connectivity to the model hosters, this may take a while. To bypass this check, set `DISABLE_MODEL_SOURCE_CHECK` to `True`.[0m
[33mChecking connectivity to the model hosters, this may take a while. To bypass this check, set `DISABLE_MODEL_SOURCE_CHECK` to `True`.[0m
[33mChecking connectivity to the model hosters, this may take a while. To bypass this check, set `DISABLE_MODEL_SOURCE_CHECK` to `True`.[0m
[33mChecking connectivity to the model hosters, this may take a while. To bypass this check, set `DISABLE_MODEL_SOURCE_CHECK` to `True`.[0m
[33mChecking connectivity to the model hosters, this may take a while. To bypass this check, set `DISABLE_MODEL_SOURCE_CHECK` to `True`.[0m
[33mChecking connectivity to the model hosters, this may take a while. To bypass this check, set `DISABLE_MODEL_SOURCE_CHECK` to `True`.[0m
[33mChecking connectivity to the model hosters, this may take a while. To bypass this check, set `DISABLE_MODEL_SOURCE_CHECK` to `True`.[0m
[33mChecking connectivity to the model hosters, this may take a while. To bypass this check, set `DISABLE_MODEL_SOURCE_CHECK` to `True`.[0m
[33mChecking connectivity to the model hosters, this may take a while. To bypass this check, set `DISABLE_MODEL_SOURCE_CHECK` to `True`.[0m
[33mChecking connectivity to the model hosters, this may take a while. To bypass this check, set `DISABLE_MODEL_SOURCE_CHECK` to `True`.[0m
[33mChecking connectivity to the model hosters, this may take a while. To bypass this check, set `DISABLE_MODEL_SOURCE_CHECK` to `True`.[0m
[33mChecking connectivity to the model hosters, this may take a while. To bypass this check, set `DISABLE_MODEL_SOURCE_CHECK` to `True`.[0m
[33mChecking connectivity to the model hosters, this may take a while. To bypass this check, set `DISABLE_MODEL_SOURCE_CHECK` to `True`.[0m
[33mChecking connectivity to the model hosters, this may take a while. To bypass this check, set `DISABLE_MODEL_SOURCE_CHECK` to `True`.[0m
[33mChecking connectivity to the model hosters, this may take a while. To bypass this check, set `DISABLE_MODEL_SOURCE_CHECK` to `True`.[0m
/Users/zhaowenyuan/Projects/FlowFigTabMiner/flowfigtabminer/lib/python3.9/site-packages/onmt/modules/sparse_activations.py:48: FutureWarning: `torch.cuda.amp.custom_fwd(args...)` is deprecated. Please use `torch.amp.custom_fwd(args..., device_type='cuda')` instead.
  def forward(ctx, input, dim=0):
/Users/zhaowenyuan/Projects/FlowFigTabMiner/flowfigtabminer/lib/python3.9/site-packages/onmt/modules/sparse_activations.py:68: FutureWarning: `torch.cuda.amp.custom_bwd(args...)` is deprecated. Please use `torch.amp.custom_bwd(args..., device_type='cuda')` instead.
  def backward(ctx, grad_output):
/Users/zhaowenyuan/Projects/FlowFigTabMiner/flowfigtabminer/lib/python3.9/site-packages/onmt/modules/sparse_losses.py:13: FutureWarning: `torch.cuda.amp.custom_fwd(args...)` is deprecated. Please use `torch.amp.custom_fwd(args..., device_type='cuda')` instead.
  def forward(ctx, input, target):
/Users/zhaowenyuan/Projects/FlowFigTabMiner/flowfigtabminer/lib/python3.9/site-packages/onmt/modules/sparse_losses.py:37: FutureWarning: `torch.cuda.amp.custom_bwd(args...)` is deprecated. Please use `torch.amp.custom_bwd(args..., device_type='cuda')` instead.
  def backward(ctx, grad_output):
   -> Box 18: SMILES='CON(C)C(=O)c1ccccc1' | Masked (White Box)
   -> [Debug] Upscaled TINY box 19 by 1.8x (242x166 -> 437x300)
/Users/zhaowenyuan/Projects/FlowFigTabMiner/flowfigtabminer/lib/python3.9/site-packages/paddle/utils/cpp_extension/extension_utils.py:712: UserWarning: No ccache found. Please be aware that recompiling all source files may be required. You can download and install ccache from: https://github.com/ccache/ccache/blob/master/doc/INSTALL.md
  warnings.warn(warning_message)
/Users/zhaowenyuan/Projects/FlowFigTabMiner/flowfigtabminer/lib/python3.9/site-packages/paddle/utils/cpp_extension/extension_utils.py:712: UserWarning: No ccache found. Please be aware that recompiling all source files may be required. You can download and install ccache from: https://github.com/ccache/ccache/blob/master/doc/INSTALL.md
  warnings.warn(warning_message)
/Users/zhaowenyuan/Projects/FlowFigTabMiner/flowfigtabminer/lib/python3.9/site-packages/paddle/utils/cpp_extension/extension_utils.py:712: UserWarning: No ccache found. Please be aware that recompiling all source files may be required. You can download and install ccache from: https://github.com/ccache/ccache/blob/master/doc/INSTALL.md
  warnings.warn(warning_message)
/Users/zhaowenyuan/Projects/FlowFigTabMiner/flowfigtabminer/lib/python3.9/site-packages/paddle/utils/cpp_extension/extension_utils.py:712: UserWarning: No ccache found. Please be aware that recompiling all source files may be required. You can download and install ccache from: https://github.com/ccache/ccache/blob/master/doc/INSTALL.md
  warnings.warn(warning_message)
/Users/zhaowenyuan/Projects/FlowFigTabMiner/flowfigtabminer/lib/python3.9/site-packages/paddle/utils/cpp_extension/extension_utils.py:712: UserWarning: No ccache found. Please be aware that recompiling all source files may be required. You can download and install ccache from: https://github.com/ccache/ccache/blob/master/doc/INSTALL.md
  warnings.warn(warning_message)
/Users/zhaowenyuan/Projects/FlowFigTabMiner/flowfigtabminer/lib/python3.9/site-packages/paddle/utils/cpp_extension/extension_utils.py:712: UserWarning: No ccache found. Please be aware that recompiling all source files may be required. You can download and install ccache from: https://github.com/ccache/ccache/blob/master/doc/INSTALL.md
  warnings.warn(warning_message)
/Users/zhaowenyuan/Projects/FlowFigTabMiner/flowfigtabminer/lib/python3.9/site-packages/paddle/utils/cpp_extension/extension_utils.py:712: UserWarning: No ccache found. Please be aware that recompiling all source files may be required. You can download and install ccache from: https://github.com/ccache/ccache/blob/master/doc/INSTALL.md
  warnings.warn(warning_message)
/Users/zhaowenyuan/Projects/FlowFigTabMiner/flowfigtabminer/lib/python3.9/site-packages/paddle/utils/cpp_extension/extension_utils.py:712: UserWarning: No ccache found. Please be aware that recompiling all source files may be required. You can download and install ccache from: https://github.com/ccache/ccache/blob/master/doc/INSTALL.md
  warnings.warn(warning_message)
/Users/zhaowenyuan/Projects/FlowFigTabMiner/flowfigtabminer/lib/python3.9/site-packages/paddle/utils/cpp_extension/extension_utils.py:712: UserWarning: No ccache found. Please be aware that recompiling all source files may be required. You can download and install ccache from: https://github.com/ccache/ccache/blob/master/doc/INSTALL.md
  warnings.warn(warning_message)
/Users/zhaowenyuan/Projects/FlowFigTabMiner/flowfigtabminer/lib/python3.9/site-packages/paddle/utils/cpp_extension/extension_utils.py:712: UserWarning: No ccache found. Please be aware that recompiling all source files may be required. You can download and install ccache from: https://github.com/ccache/ccache/blob/master/doc/INSTALL.md
  warnings.warn(warning_message)
/Users/zhaowenyuan/Projects/FlowFigTabMiner/flowfigtabminer/lib/python3.9/site-packages/paddle/utils/cpp_extension/extension_utils.py:712: UserWarning: No ccache found. Please be aware that recompiling all source files may be required. You can download and install ccache from: https://github.com/ccache/ccache/blob/master/doc/INSTALL.md
  warnings.warn(warning_message)
/Users/zhaowenyuan/Projects/FlowFigTabMiner/flowfigtabminer/lib/python3.9/site-packages/paddle/utils/cpp_extension/extension_utils.py:712: UserWarning: No ccache found. Please be aware that recompiling all source files may be required. You can download and install ccache from: https://github.com/ccache/ccache/blob/master/doc/INSTALL.md
  warnings.warn(warning_message)
/Users/zhaowenyuan/Projects/FlowFigTabMiner/flowfigtabminer/lib/python3.9/site-packages/paddle/utils/cpp_extension/extension_utils.py:712: UserWarning: No ccache found. Please be aware that recompiling all source files may be required. You can download and install ccache from: https://github.com/ccache/ccache/blob/master/doc/INSTALL.md
  warnings.warn(warning_message)
/Users/zhaowenyuan/Projects/FlowFigTabMiner/flowfigtabminer/lib/python3.9/site-packages/paddle/utils/cpp_extension/extension_utils.py:712: UserWarning: No ccache found. Please be aware that recompiling all source files may be required. You can download and install ccache from: https://github.com/ccache/ccache/blob/master/doc/INSTALL.md
  warnings.warn(warning_message)
/Users/zhaowenyuan/Projects/FlowFigTabMiner/flowfigtabminer/lib/python3.9/site-packages/paddle/utils/cpp_extension/extension_utils.py:712: UserWarning: No ccache found. Please be aware that recompiling all source files may be required. You can download and install ccache from: https://github.com/ccache/ccache/blob/master/doc/INSTALL.md
  warnings.warn(warning_message)
/Users/zhaowenyuan/Projects/FlowFigTabMiner/flowfigtabminer/lib/python3.9/site-packages/paddle/utils/cpp_extension/extension_utils.py:712: UserWarning: No ccache found. Please be aware that recompiling all source files may be required. You can download and install ccache from: https://github.com/ccache/ccache/blob/master/doc/INSTALL.md
  warnings.warn(warning_message)
/Users/zhaowenyuan/Projects/FlowFigTabMiner/flowfigtabminer/lib/python3.9/site-packages/urllib3/__init__.py:35: NotOpenSSLWarning: urllib3 v2 only supports OpenSSL 1.1.1+, currently the 'ssl' module is compiled with 'LibreSSL 2.8.3'. See: https://github.com/urllib3/urllib3/issues/3020
  warnings.warn(
/Users/zhaowenyuan/Projects/FlowFigTabMiner/flowfigtabminer/lib/python3.9/site-packages/urllib3/__init__.py:35: NotOpenSSLWarning: urllib3 v2 only supports OpenSSL 1.1.1+, currently the 'ssl' module is compiled with 'LibreSSL 2.8.3'. See: https://github.com/urllib3/urllib3/issues/3020
  warnings.warn(
/Users/zhaowenyuan/Projects/FlowFigTabMiner/flowfigtabminer/lib/python3.9/site-packages/urllib3/__init__.py:35: NotOpenSSLWarning: urllib3 v2 only supports OpenSSL 1.1.1+, currently the 'ssl' module is compiled with 'LibreSSL 2.8.3'. See: https://github.com/urllib3/urllib3/issues/3020
  warnings.warn(
/Users/zhaowenyuan/Projects/FlowFigTabMiner/flowfigtabminer/lib/python3.9/site-packages/urllib3/__init__.py:35: NotOpenSSLWarning: urllib3 v2 only supports OpenSSL 1.1.1+, currently the 'ssl' module is compiled with 'LibreSSL 2.8.3'. See: https://github.com/urllib3/urllib3/issues/3020
  warnings.warn(
/Users/zhaowenyuan/Projects/FlowFigTabMiner/flowfigtabminer/lib/python3.9/site-packages/urllib3/__init__.py:35: NotOpenSSLWarning: urllib3 v2 only supports OpenSSL 1.1.1+, currently the 'ssl' module is compiled with 'LibreSSL 2.8.3'. See: https://github.com/urllib3/urllib3/issues/3020
  warnings.warn(
/Users/zhaowenyuan/Projects/FlowFigTabMiner/flowfigtabminer/lib/python3.9/site-packages/urllib3/__init__.py:35: NotOpenSSLWarning: urllib3 v2 only supports OpenSSL 1.1.1+, currently the 'ssl' module is compiled with 'LibreSSL 2.8.3'. See: https://github.com/urllib3/urllib3/issues/3020
  warnings.warn(
/Users/zhaowenyuan/Projects/FlowFigTabMiner/flowfigtabminer/lib/python3.9/site-packages/urllib3/__init__.py:35: NotOpenSSLWarning: urllib3 v2 only supports OpenSSL 1.1.1+, currently the 'ssl' module is compiled with 'LibreSSL 2.8.3'. See: https://github.com/urllib3/urllib3/issues/3020
  warnings.warn(
/Users/zhaowenyuan/Projects/FlowFigTabMiner/flowfigtabminer/lib/python3.9/site-packages/urllib3/__init__.py:35: NotOpenSSLWarning: urllib3 v2 only supports OpenSSL 1.1.1+, currently the 'ssl' module is compiled with 'LibreSSL 2.8.3'. See: https://github.com/urllib3/urllib3/issues/3020
  warnings.warn(
/Users/zhaowenyuan/Projects/FlowFigTabMiner/flowfigtabminer/lib/python3.9/site-packages/urllib3/__init__.py:35: NotOpenSSLWarning: urllib3 v2 only supports OpenSSL 1.1.1+, currently the 'ssl' module is compiled with 'LibreSSL 2.8.3'. See: https://github.com/urllib3/urllib3/issues/3020
  warnings.warn(
/Users/zhaowenyuan/Projects/FlowFigTabMiner/flowfigtabminer/lib/python3.9/site-packages/urllib3/__init__.py:35: NotOpenSSLWarning: urllib3 v2 only supports OpenSSL 1.1.1+, currently the 'ssl' module is compiled with 'LibreSSL 2.8.3'. See: https://github.com/urllib3/urllib3/issues/3020
  warnings.warn(
[33mChecking connectivity to the model hosters, this may take a while. To bypass this check, set `DISABLE_MODEL_SOURCE_CHECK` to `True`.[0m
/Users/zhaowenyuan/Projects/FlowFigTabMiner/flowfigtabminer/lib/python3.9/site-packages/urllib3/__init__.py:35: NotOpenSSLWarning: urllib3 v2 only supports OpenSSL 1.1.1+, currently the 'ssl' module is compiled with 'LibreSSL 2.8.3'. See: https://github.com/urllib3/urllib3/issues/3020
  warnings.warn(
/Users/zhaowenyuan/Projects/FlowFigTabMiner/flowfigtabminer/lib/python3.9/site-packages/urllib3/__init__.py:35: NotOpenSSLWarning: urllib3 v2 only supports OpenSSL 1.1.1+, currently the 'ssl' module is compiled with 'LibreSSL 2.8.3'. See: https://github.com/urllib3/urllib3/issues/3020
  warnings.warn(
/Users/zhaowenyuan/Projects/FlowFigTabMiner/flowfigtabminer/lib/python3.9/site-packages/urllib3/__init__.py:35: NotOpenSSLWarning: urllib3 v2 only supports OpenSSL 1.1.1+, currently the 'ssl' module is compiled with 'LibreSSL 2.8.3'. See: https://github.com/urllib3/urllib3/issues/3020
  warnings.warn(
/Users/zhaowenyuan/Projects/FlowFigTabMiner/flowfigtabminer/lib/python3.9/site-packages/urllib3/__init__.py:35: NotOpenSSLWarning: urllib3 v2 only supports OpenSSL 1.1.1+, currently the 'ssl' module is compiled with 'LibreSSL 2.8.3'. See: https://github.com/urllib3/urllib3/issues/3020
  warnings.warn(
/Users/zhaowenyuan/Projects/FlowFigTabMiner/flowfigtabminer/lib/python3.9/site-packages/urllib3/__init__.py:35: NotOpenSSLWarning: urllib3 v2 only supports OpenSSL 1.1.1+, currently the 'ssl' module is compiled with 'LibreSSL 2.8.3'. See: https://github.com/urllib3/urllib3/issues/3020
  warnings.warn(
/Users/zhaowenyuan/Projects/FlowFigTabMiner/flowfigtabminer/lib/python3.9/site-packages/urllib3/__init__.py:35: NotOpenSSLWarning: urllib3 v2 only supports OpenSSL 1.1.1+, currently the 'ssl' module is compiled with 'LibreSSL 2.8.3'. See: https://github.com/urllib3/urllib3/issues/3020
  warnings.warn(
[33mChecking connectivity to the model hosters, this may take a while. To bypass this check, set `DISABLE_MODEL_SOURCE_CHECK` to `True`.[0m
[33mChecking connectivity to the model hosters, this may take a while. To bypass this check, set `DISABLE_MODEL_SOURCE_CHECK` to `True`.[0m
[33mChecking connectivity to the model hosters, this may take a while. To bypass this check, set `DISABLE_MODEL_SOURCE_CHECK` to `True`.[0m
[33mChecking connectivity to the model hosters, this may take a while. To bypass this check, set `DISABLE_MODEL_SOURCE_CHECK` to `True`.[0m
[33mChecking connectivity to the model hosters, this may take a while. To bypass this check, set `DISABLE_MODEL_SOURCE_CHECK` to `True`.[0m
[33mChecking connectivity to the model hosters, this may take a while. To bypass this check, set `DISABLE_MODEL_SOURCE_CHECK` to `True`.[0m
[33mChecking connectivity to the model hosters, this may take a while. To bypass this check, set `DISABLE_MODEL_SOURCE_CHECK` to `True`.[0m
[33mChecking connectivity to the model hosters, this may take a while. To bypass this check, set `DISABLE_MODEL_SOURCE_CHECK` to `True`.[0m
[33mChecking connectivity to the model hosters, this may take a while. To bypass this check, set `DISABLE_MODEL_SOURCE_CHECK` to `True`.[0m
[33mChecking connectivity to the model hosters, this may take a while. To bypass this check, set `DISABLE_MODEL_SOURCE_CHECK` to `True`.[0m
[33mChecking connectivity to the model hosters, this may take a while. To bypass this check, set `DISABLE_MODEL_SOURCE_CHECK` to `True`.[0m
[33mChecking connectivity to the model hosters, this may take a while. To bypass this check, set `DISABLE_MODEL_SOURCE_CHECK` to `True`.[0m
[33mChecking connectivity to the model hosters, this may take a while. To bypass this check, set `DISABLE_MODEL_SOURCE_CHECK` to `True`.[0m
[33mChecking connectivity to the model hosters, this may take a while. To bypass this check, set `DISABLE_MODEL_SOURCE_CHECK` to `True`.[0m
[33mChecking connectivity to the model hosters, this may take a while. To bypass this check, set `DISABLE_MODEL_SOURCE_CHECK` to `True`.[0m
/Users/zhaowenyuan/Projects/FlowFigTabMiner/flowfigtabminer/lib/python3.9/site-packages/onmt/modules/sparse_activations.py:48: FutureWarning: `torch.cuda.amp.custom_fwd(args...)` is deprecated. Please use `torch.amp.custom_fwd(args..., device_type='cuda')` instead.
  def forward(ctx, input, dim=0):
/Users/zhaowenyuan/Projects/FlowFigTabMiner/flowfigtabminer/lib/python3.9/site-packages/onmt/modules/sparse_activations.py:68: FutureWarning: `torch.cuda.amp.custom_bwd(args...)` is deprecated. Please use `torch.amp.custom_bwd(args..., device_type='cuda')` instead.
  def backward(ctx, grad_output):
/Users/zhaowenyuan/Projects/FlowFigTabMiner/flowfigtabminer/lib/python3.9/site-packages/onmt/modules/sparse_losses.py:13: FutureWarning: `torch.cuda.amp.custom_fwd(args...)` is deprecated. Please use `torch.amp.custom_fwd(args..., device_type='cuda')` instead.
  def forward(ctx, input, target):
/Users/zhaowenyuan/Projects/FlowFigTabMiner/flowfigtabminer/lib/python3.9/site-packages/onmt/modules/sparse_losses.py:37: FutureWarning: `torch.cuda.amp.custom_bwd(args...)` is deprecated. Please use `torch.amp.custom_bwd(args..., device_type='cuda')` instead.
  def backward(ctx, grad_output):
   -> Box 19: SMILES='O=C(CF)CCc1ccccc1' | Masked (White Box)
   -> [Debug] Upscaled TINY box 20 by 1.7x (236x174 -> 406x300)
/Users/zhaowenyuan/Projects/FlowFigTabMiner/flowfigtabminer/lib/python3.9/site-packages/paddle/utils/cpp_extension/extension_utils.py:712: UserWarning: No ccache found. Please be aware that recompiling all source files may be required. You can download and install ccache from: https://github.com/ccache/ccache/blob/master/doc/INSTALL.md
  warnings.warn(warning_message)
/Users/zhaowenyuan/Projects/FlowFigTabMiner/flowfigtabminer/lib/python3.9/site-packages/paddle/utils/cpp_extension/extension_utils.py:712: UserWarning: No ccache found. Please be aware that recompiling all source files may be required. You can download and install ccache from: https://github.com/ccache/ccache/blob/master/doc/INSTALL.md
  warnings.warn(warning_message)
/Users/zhaowenyuan/Projects/FlowFigTabMiner/flowfigtabminer/lib/python3.9/site-packages/paddle/utils/cpp_extension/extension_utils.py:712: UserWarning: No ccache found. Please be aware that recompiling all source files may be required. You can download and install ccache from: https://github.com/ccache/ccache/blob/master/doc/INSTALL.md
  warnings.warn(warning_message)
/Users/zhaowenyuan/Projects/FlowFigTabMiner/flowfigtabminer/lib/python3.9/site-packages/paddle/utils/cpp_extension/extension_utils.py:712: UserWarning: No ccache found. Please be aware that recompiling all source files may be required. You can download and install ccache from: https://github.com/ccache/ccache/blob/master/doc/INSTALL.md
  warnings.warn(warning_message)
/Users/zhaowenyuan/Projects/FlowFigTabMiner/flowfigtabminer/lib/python3.9/site-packages/paddle/utils/cpp_extension/extension_utils.py:712: UserWarning: No ccache found. Please be aware that recompiling all source files may be required. You can download and install ccache from: https://github.com/ccache/ccache/blob/master/doc/INSTALL.md
  warnings.warn(warning_message)
/Users/zhaowenyuan/Projects/FlowFigTabMiner/flowfigtabminer/lib/python3.9/site-packages/paddle/utils/cpp_extension/extension_utils.py:712: UserWarning: No ccache found. Please be aware that recompiling all source files may be required. You can download and install ccache from: https://github.com/ccache/ccache/blob/master/doc/INSTALL.md
  warnings.warn(warning_message)
/Users/zhaowenyuan/Projects/FlowFigTabMiner/flowfigtabminer/lib/python3.9/site-packages/paddle/utils/cpp_extension/extension_utils.py:712: UserWarning: No ccache found. Please be aware that recompiling all source files may be required. You can download and install ccache from: https://github.com/ccache/ccache/blob/master/doc/INSTALL.md
  warnings.warn(warning_message)
/Users/zhaowenyuan/Projects/FlowFigTabMiner/flowfigtabminer/lib/python3.9/site-packages/paddle/utils/cpp_extension/extension_utils.py:712: UserWarning: No ccache found. Please be aware that recompiling all source files may be required. You can download and install ccache from: https://github.com/ccache/ccache/blob/master/doc/INSTALL.md
  warnings.warn(warning_message)
/Users/zhaowenyuan/Projects/FlowFigTabMiner/flowfigtabminer/lib/python3.9/site-packages/paddle/utils/cpp_extension/extension_utils.py:712: UserWarning: No ccache found. Please be aware that recompiling all source files may be required. You can download and install ccache from: https://github.com/ccache/ccache/blob/master/doc/INSTALL.md
  warnings.warn(warning_message)
/Users/zhaowenyuan/Projects/FlowFigTabMiner/flowfigtabminer/lib/python3.9/site-packages/paddle/utils/cpp_extension/extension_utils.py:712: UserWarning: No ccache found. Please be aware that recompiling all source files may be required. You can download and install ccache from: https://github.com/ccache/ccache/blob/master/doc/INSTALL.md
  warnings.warn(warning_message)
/Users/zhaowenyuan/Projects/FlowFigTabMiner/flowfigtabminer/lib/python3.9/site-packages/paddle/utils/cpp_extension/extension_utils.py:712: UserWarning: No ccache found. Please be aware that recompiling all source files may be required. You can download and install ccache from: https://github.com/ccache/ccache/blob/master/doc/INSTALL.md
  warnings.warn(warning_message)
/Users/zhaowenyuan/Projects/FlowFigTabMiner/flowfigtabminer/lib/python3.9/site-packages/paddle/utils/cpp_extension/extension_utils.py:712: UserWarning: No ccache found. Please be aware that recompiling all source files may be required. You can download and install ccache from: https://github.com/ccache/ccache/blob/master/doc/INSTALL.md
  warnings.warn(warning_message)
/Users/zhaowenyuan/Projects/FlowFigTabMiner/flowfigtabminer/lib/python3.9/site-packages/paddle/utils/cpp_extension/extension_utils.py:712: UserWarning: No ccache found. Please be aware that recompiling all source files may be required. You can download and install ccache from: https://github.com/ccache/ccache/blob/master/doc/INSTALL.md
  warnings.warn(warning_message)
/Users/zhaowenyuan/Projects/FlowFigTabMiner/flowfigtabminer/lib/python3.9/site-packages/paddle/utils/cpp_extension/extension_utils.py:712: UserWarning: No ccache found. Please be aware that recompiling all source files may be required. You can download and install ccache from: https://github.com/ccache/ccache/blob/master/doc/INSTALL.md
  warnings.warn(warning_message)
/Users/zhaowenyuan/Projects/FlowFigTabMiner/flowfigtabminer/lib/python3.9/site-packages/paddle/utils/cpp_extension/extension_utils.py:712: UserWarning: No ccache found. Please be aware that recompiling all source files may be required. You can download and install ccache from: https://github.com/ccache/ccache/blob/master/doc/INSTALL.md
  warnings.warn(warning_message)
/Users/zhaowenyuan/Projects/FlowFigTabMiner/flowfigtabminer/lib/python3.9/site-packages/paddle/utils/cpp_extension/extension_utils.py:712: UserWarning: No ccache found. Please be aware that recompiling all source files may be required. You can download and install ccache from: https://github.com/ccache/ccache/blob/master/doc/INSTALL.md
  warnings.warn(warning_message)
/Users/zhaowenyuan/Projects/FlowFigTabMiner/flowfigtabminer/lib/python3.9/site-packages/urllib3/__init__.py:35: NotOpenSSLWarning: urllib3 v2 only supports OpenSSL 1.1.1+, currently the 'ssl' module is compiled with 'LibreSSL 2.8.3'. See: https://github.com/urllib3/urllib3/issues/3020
  warnings.warn(
/Users/zhaowenyuan/Projects/FlowFigTabMiner/flowfigtabminer/lib/python3.9/site-packages/urllib3/__init__.py:35: NotOpenSSLWarning: urllib3 v2 only supports OpenSSL 1.1.1+, currently the 'ssl' module is compiled with 'LibreSSL 2.8.3'. See: https://github.com/urllib3/urllib3/issues/3020
  warnings.warn(
/Users/zhaowenyuan/Projects/FlowFigTabMiner/flowfigtabminer/lib/python3.9/site-packages/urllib3/__init__.py:35: NotOpenSSLWarning: urllib3 v2 only supports OpenSSL 1.1.1+, currently the 'ssl' module is compiled with 'LibreSSL 2.8.3'. See: https://github.com/urllib3/urllib3/issues/3020
  warnings.warn(
/Users/zhaowenyuan/Projects/FlowFigTabMiner/flowfigtabminer/lib/python3.9/site-packages/urllib3/__init__.py:35: NotOpenSSLWarning: urllib3 v2 only supports OpenSSL 1.1.1+, currently the 'ssl' module is compiled with 'LibreSSL 2.8.3'. See: https://github.com/urllib3/urllib3/issues/3020
  warnings.warn(
/Users/zhaowenyuan/Projects/FlowFigTabMiner/flowfigtabminer/lib/python3.9/site-packages/urllib3/__init__.py:35: NotOpenSSLWarning: urllib3 v2 only supports OpenSSL 1.1.1+, currently the 'ssl' module is compiled with 'LibreSSL 2.8.3'. See: https://github.com/urllib3/urllib3/issues/3020
  warnings.warn(
/Users/zhaowenyuan/Projects/FlowFigTabMiner/flowfigtabminer/lib/python3.9/site-packages/urllib3/__init__.py:35: NotOpenSSLWarning: urllib3 v2 only supports OpenSSL 1.1.1+, currently the 'ssl' module is compiled with 'LibreSSL 2.8.3'. See: https://github.com/urllib3/urllib3/issues/3020
  warnings.warn(
/Users/zhaowenyuan/Projects/FlowFigTabMiner/flowfigtabminer/lib/python3.9/site-packages/urllib3/__init__.py:35: NotOpenSSLWarning: urllib3 v2 only supports OpenSSL 1.1.1+, currently the 'ssl' module is compiled with 'LibreSSL 2.8.3'. See: https://github.com/urllib3/urllib3/issues/3020
  warnings.warn(
/Users/zhaowenyuan/Projects/FlowFigTabMiner/flowfigtabminer/lib/python3.9/site-packages/urllib3/__init__.py:35: NotOpenSSLWarning: urllib3 v2 only supports OpenSSL 1.1.1+, currently the 'ssl' module is compiled with 'LibreSSL 2.8.3'. See: https://github.com/urllib3/urllib3/issues/3020
  warnings.warn(
[33mChecking connectivity to the model hosters, this may take a while. To bypass this check, set `DISABLE_MODEL_SOURCE_CHECK` to `True`.[0m
/Users/zhaowenyuan/Projects/FlowFigTabMiner/flowfigtabminer/lib/python3.9/site-packages/urllib3/__init__.py:35: NotOpenSSLWarning: urllib3 v2 only supports OpenSSL 1.1.1+, currently the 'ssl' module is compiled with 'LibreSSL 2.8.3'. See: https://github.com/urllib3/urllib3/issues/3020
  warnings.warn(
/Users/zhaowenyuan/Projects/FlowFigTabMiner/flowfigtabminer/lib/python3.9/site-packages/urllib3/__init__.py:35: NotOpenSSLWarning: urllib3 v2 only supports OpenSSL 1.1.1+, currently the 'ssl' module is compiled with 'LibreSSL 2.8.3'. See: https://github.com/urllib3/urllib3/issues/3020
  warnings.warn(
/Users/zhaowenyuan/Projects/FlowFigTabMiner/flowfigtabminer/lib/python3.9/site-packages/urllib3/__init__.py:35: NotOpenSSLWarning: urllib3 v2 only supports OpenSSL 1.1.1+, currently the 'ssl' module is compiled with 'LibreSSL 2.8.3'. See: https://github.com/urllib3/urllib3/issues/3020
  warnings.warn(
/Users/zhaowenyuan/Projects/FlowFigTabMiner/flowfigtabminer/lib/python3.9/site-packages/urllib3/__init__.py:35: NotOpenSSLWarning: urllib3 v2 only supports OpenSSL 1.1.1+, currently the 'ssl' module is compiled with 'LibreSSL 2.8.3'. See: https://github.com/urllib3/urllib3/issues/3020
  warnings.warn(
/Users/zhaowenyuan/Projects/FlowFigTabMiner/flowfigtabminer/lib/python3.9/site-packages/urllib3/__init__.py:35: NotOpenSSLWarning: urllib3 v2 only supports OpenSSL 1.1.1+, currently the 'ssl' module is compiled with 'LibreSSL 2.8.3'. See: https://github.com/urllib3/urllib3/issues/3020
  warnings.warn(
/Users/zhaowenyuan/Projects/FlowFigTabMiner/flowfigtabminer/lib/python3.9/site-packages/urllib3/__init__.py:35: NotOpenSSLWarning: urllib3 v2 only supports OpenSSL 1.1.1+, currently the 'ssl' module is compiled with 'LibreSSL 2.8.3'. See: https://github.com/urllib3/urllib3/issues/3020
  warnings.warn(
/Users/zhaowenyuan/Projects/FlowFigTabMiner/flowfigtabminer/lib/python3.9/site-packages/urllib3/__init__.py:35: NotOpenSSLWarning: urllib3 v2 only supports OpenSSL 1.1.1+, currently the 'ssl' module is compiled with 'LibreSSL 2.8.3'. See: https://github.com/urllib3/urllib3/issues/3020
  warnings.warn(
/Users/zhaowenyuan/Projects/FlowFigTabMiner/flowfigtabminer/lib/python3.9/site-packages/urllib3/__init__.py:35: NotOpenSSLWarning: urllib3 v2 only supports OpenSSL 1.1.1+, currently the 'ssl' module is compiled with 'LibreSSL 2.8.3'. See: https://github.com/urllib3/urllib3/issues/3020
  warnings.warn(
[33mChecking connectivity to the model hosters, this may take a while. To bypass this check, set `DISABLE_MODEL_SOURCE_CHECK` to `True`.[0m
[33mChecking connectivity to the model hosters, this may take a while. To bypass this check, set `DISABLE_MODEL_SOURCE_CHECK` to `True`.[0m
[33mChecking connectivity to the model hosters, this may take a while. To bypass this check, set `DISABLE_MODEL_SOURCE_CHECK` to `True`.[0m
[33mChecking connectivity to the model hosters, this may take a while. To bypass this check, set `DISABLE_MODEL_SOURCE_CHECK` to `True`.[0m
[33mChecking connectivity to the model hosters, this may take a while. To bypass this check, set `DISABLE_MODEL_SOURCE_CHECK` to `True`.[0m
[33mChecking connectivity to the model hosters, this may take a while. To bypass this check, set `DISABLE_MODEL_SOURCE_CHECK` to `True`.[0m
[33mChecking connectivity to the model hosters, this may take a while. To bypass this check, set `DISABLE_MODEL_SOURCE_CHECK` to `True`.[0m
[33mChecking connectivity to the model hosters, this may take a while. To bypass this check, set `DISABLE_MODEL_SOURCE_CHECK` to `True`.[0m
[33mChecking connectivity to the model hosters, this may take a while. To bypass this check, set `DISABLE_MODEL_SOURCE_CHECK` to `True`.[0m
[33mChecking connectivity to the model hosters, this may take a while. To bypass this check, set `DISABLE_MODEL_SOURCE_CHECK` to `True`.[0m
[33mChecking connectivity to the model hosters, this may take a while. To bypass this check, set `DISABLE_MODEL_SOURCE_CHECK` to `True`.[0m
[33mChecking connectivity to the model hosters, this may take a while. To bypass this check, set `DISABLE_MODEL_SOURCE_CHECK` to `True`.[0m
[33mChecking connectivity to the model hosters, this may take a while. To bypass this check, set `DISABLE_MODEL_SOURCE_CHECK` to `True`.[0m
[33mChecking connectivity to the model hosters, this may take a while. To bypass this check, set `DISABLE_MODEL_SOURCE_CHECK` to `True`.[0m
[33mChecking connectivity to the model hosters, this may take a while. To bypass this check, set `DISABLE_MODEL_SOURCE_CHECK` to `True`.[0m
/Users/zhaowenyuan/Projects/FlowFigTabMiner/flowfigtabminer/lib/python3.9/site-packages/onmt/modules/sparse_activations.py:48: FutureWarning: `torch.cuda.amp.custom_fwd(args...)` is deprecated. Please use `torch.amp.custom_fwd(args..., device_type='cuda')` instead.
  def forward(ctx, input, dim=0):
/Users/zhaowenyuan/Projects/FlowFigTabMiner/flowfigtabminer/lib/python3.9/site-packages/onmt/modules/sparse_activations.py:68: FutureWarning: `torch.cuda.amp.custom_bwd(args...)` is deprecated. Please use `torch.amp.custom_bwd(args..., device_type='cuda')` instead.
  def backward(ctx, grad_output):
/Users/zhaowenyuan/Projects/FlowFigTabMiner/flowfigtabminer/lib/python3.9/site-packages/onmt/modules/sparse_losses.py:13: FutureWarning: `torch.cuda.amp.custom_fwd(args...)` is deprecated. Please use `torch.amp.custom_fwd(args..., device_type='cuda')` instead.
  def forward(ctx, input, target):
/Users/zhaowenyuan/Projects/FlowFigTabMiner/flowfigtabminer/lib/python3.9/site-packages/onmt/modules/sparse_losses.py:37: FutureWarning: `torch.cuda.amp.custom_bwd(args...)` is deprecated. Please use `torch.amp.custom_bwd(args..., device_type='cuda')` instead.
  def backward(ctx, grad_output):
   -> Box 20: SMILES='O=C(CF)c1cccc(F)c1' | Masked (White Box)
   -> [Debug] Upscaled TINY box 21 by 1.9x (196x160 -> 367x300)
/Users/zhaowenyuan/Projects/FlowFigTabMiner/flowfigtabminer/lib/python3.9/site-packages/paddle/utils/cpp_extension/extension_utils.py:712: UserWarning: No ccache found. Please be aware that recompiling all source files may be required. You can download and install ccache from: https://github.com/ccache/ccache/blob/master/doc/INSTALL.md
  warnings.warn(warning_message)
/Users/zhaowenyuan/Projects/FlowFigTabMiner/flowfigtabminer/lib/python3.9/site-packages/paddle/utils/cpp_extension/extension_utils.py:712: UserWarning: No ccache found. Please be aware that recompiling all source files may be required. You can download and install ccache from: https://github.com/ccache/ccache/blob/master/doc/INSTALL.md
  warnings.warn(warning_message)
/Users/zhaowenyuan/Projects/FlowFigTabMiner/flowfigtabminer/lib/python3.9/site-packages/paddle/utils/cpp_extension/extension_utils.py:712: UserWarning: No ccache found. Please be aware that recompiling all source files may be required. You can download and install ccache from: https://github.com/ccache/ccache/blob/master/doc/INSTALL.md
  warnings.warn(warning_message)
/Users/zhaowenyuan/Projects/FlowFigTabMiner/flowfigtabminer/lib/python3.9/site-packages/paddle/utils/cpp_extension/extension_utils.py:712: UserWarning: No ccache found. Please be aware that recompiling all source files may be required. You can download and install ccache from: https://github.com/ccache/ccache/blob/master/doc/INSTALL.md
  warnings.warn(warning_message)
/Users/zhaowenyuan/Projects/FlowFigTabMiner/flowfigtabminer/lib/python3.9/site-packages/paddle/utils/cpp_extension/extension_utils.py:712: UserWarning: No ccache found. Please be aware that recompiling all source files may be required. You can download and install ccache from: https://github.com/ccache/ccache/blob/master/doc/INSTALL.md
  warnings.warn(warning_message)
/Users/zhaowenyuan/Projects/FlowFigTabMiner/flowfigtabminer/lib/python3.9/site-packages/paddle/utils/cpp_extension/extension_utils.py:712: UserWarning: No ccache found. Please be aware that recompiling all source files may be required. You can download and install ccache from: https://github.com/ccache/ccache/blob/master/doc/INSTALL.md
  warnings.warn(warning_message)
/Users/zhaowenyuan/Projects/FlowFigTabMiner/flowfigtabminer/lib/python3.9/site-packages/paddle/utils/cpp_extension/extension_utils.py:712: UserWarning: No ccache found. Please be aware that recompiling all source files may be required. You can download and install ccache from: https://github.com/ccache/ccache/blob/master/doc/INSTALL.md
  warnings.warn(warning_message)
/Users/zhaowenyuan/Projects/FlowFigTabMiner/flowfigtabminer/lib/python3.9/site-packages/paddle/utils/cpp_extension/extension_utils.py:712: UserWarning: No ccache found. Please be aware that recompiling all source files may be required. You can download and install ccache from: https://github.com/ccache/ccache/blob/master/doc/INSTALL.md
  warnings.warn(warning_message)
/Users/zhaowenyuan/Projects/FlowFigTabMiner/flowfigtabminer/lib/python3.9/site-packages/paddle/utils/cpp_extension/extension_utils.py:712: UserWarning: No ccache found. Please be aware that recompiling all source files may be required. You can download and install ccache from: https://github.com/ccache/ccache/blob/master/doc/INSTALL.md
  warnings.warn(warning_message)
/Users/zhaowenyuan/Projects/FlowFigTabMiner/flowfigtabminer/lib/python3.9/site-packages/paddle/utils/cpp_extension/extension_utils.py:712: UserWarning: No ccache found. Please be aware that recompiling all source files may be required. You can download and install ccache from: https://github.com/ccache/ccache/blob/master/doc/INSTALL.md
  warnings.warn(warning_message)
/Users/zhaowenyuan/Projects/FlowFigTabMiner/flowfigtabminer/lib/python3.9/site-packages/paddle/utils/cpp_extension/extension_utils.py:712: UserWarning: No ccache found. Please be aware that recompiling all source files may be required. You can download and install ccache from: https://github.com/ccache/ccache/blob/master/doc/INSTALL.md
  warnings.warn(warning_message)
/Users/zhaowenyuan/Projects/FlowFigTabMiner/flowfigtabminer/lib/python3.9/site-packages/paddle/utils/cpp_extension/extension_utils.py:712: UserWarning: No ccache found. Please be aware that recompiling all source files may be required. You can download and install ccache from: https://github.com/ccache/ccache/blob/master/doc/INSTALL.md
  warnings.warn(warning_message)
/Users/zhaowenyuan/Projects/FlowFigTabMiner/flowfigtabminer/lib/python3.9/site-packages/paddle/utils/cpp_extension/extension_utils.py:712: UserWarning: No ccache found. Please be aware that recompiling all source files may be required. You can download and install ccache from: https://github.com/ccache/ccache/blob/master/doc/INSTALL.md
  warnings.warn(warning_message)
/Users/zhaowenyuan/Projects/FlowFigTabMiner/flowfigtabminer/lib/python3.9/site-packages/paddle/utils/cpp_extension/extension_utils.py:712: UserWarning: No ccache found. Please be aware that recompiling all source files may be required. You can download and install ccache from: https://github.com/ccache/ccache/blob/master/doc/INSTALL.md
  warnings.warn(warning_message)
/Users/zhaowenyuan/Projects/FlowFigTabMiner/flowfigtabminer/lib/python3.9/site-packages/paddle/utils/cpp_extension/extension_utils.py:712: UserWarning: No ccache found. Please be aware that recompiling all source files may be required. You can download and install ccache from: https://github.com/ccache/ccache/blob/master/doc/INSTALL.md
  warnings.warn(warning_message)
/Users/zhaowenyuan/Projects/FlowFigTabMiner/flowfigtabminer/lib/python3.9/site-packages/paddle/utils/cpp_extension/extension_utils.py:712: UserWarning: No ccache found. Please be aware that recompiling all source files may be required. You can download and install ccache from: https://github.com/ccache/ccache/blob/master/doc/INSTALL.md
  warnings.warn(warning_message)
/Users/zhaowenyuan/Projects/FlowFigTabMiner/flowfigtabminer/lib/python3.9/site-packages/urllib3/__init__.py:35: NotOpenSSLWarning: urllib3 v2 only supports OpenSSL 1.1.1+, currently the 'ssl' module is compiled with 'LibreSSL 2.8.3'. See: https://github.com/urllib3/urllib3/issues/3020
  warnings.warn(
/Users/zhaowenyuan/Projects/FlowFigTabMiner/flowfigtabminer/lib/python3.9/site-packages/urllib3/__init__.py:35: NotOpenSSLWarning: urllib3 v2 only supports OpenSSL 1.1.1+, currently the 'ssl' module is compiled with 'LibreSSL 2.8.3'. See: https://github.com/urllib3/urllib3/issues/3020
  warnings.warn(
/Users/zhaowenyuan/Projects/FlowFigTabMiner/flowfigtabminer/lib/python3.9/site-packages/urllib3/__init__.py:35: NotOpenSSLWarning: urllib3 v2 only supports OpenSSL 1.1.1+, currently the 'ssl' module is compiled with 'LibreSSL 2.8.3'. See: https://github.com/urllib3/urllib3/issues/3020
  warnings.warn(
/Users/zhaowenyuan/Projects/FlowFigTabMiner/flowfigtabminer/lib/python3.9/site-packages/urllib3/__init__.py:35: NotOpenSSLWarning: urllib3 v2 only supports OpenSSL 1.1.1+, currently the 'ssl' module is compiled with 'LibreSSL 2.8.3'. See: https://github.com/urllib3/urllib3/issues/3020
  warnings.warn(
/Users/zhaowenyuan/Projects/FlowFigTabMiner/flowfigtabminer/lib/python3.9/site-packages/urllib3/__init__.py:35: NotOpenSSLWarning: urllib3 v2 only supports OpenSSL 1.1.1+, currently the 'ssl' module is compiled with 'LibreSSL 2.8.3'. See: https://github.com/urllib3/urllib3/issues/3020
  warnings.warn(
/Users/zhaowenyuan/Projects/FlowFigTabMiner/flowfigtabminer/lib/python3.9/site-packages/urllib3/__init__.py:35: NotOpenSSLWarning: urllib3 v2 only supports OpenSSL 1.1.1+, currently the 'ssl' module is compiled with 'LibreSSL 2.8.3'. See: https://github.com/urllib3/urllib3/issues/3020
  warnings.warn(
/Users/zhaowenyuan/Projects/FlowFigTabMiner/flowfigtabminer/lib/python3.9/site-packages/urllib3/__init__.py:35: NotOpenSSLWarning: urllib3 v2 only supports OpenSSL 1.1.1+, currently the 'ssl' module is compiled with 'LibreSSL 2.8.3'. See: https://github.com/urllib3/urllib3/issues/3020
  warnings.warn(
/Users/zhaowenyuan/Projects/FlowFigTabMiner/flowfigtabminer/lib/python3.9/site-packages/urllib3/__init__.py:35: NotOpenSSLWarning: urllib3 v2 only supports OpenSSL 1.1.1+, currently the 'ssl' module is compiled with 'LibreSSL 2.8.3'. See: https://github.com/urllib3/urllib3/issues/3020
  warnings.warn(
/Users/zhaowenyuan/Projects/FlowFigTabMiner/flowfigtabminer/lib/python3.9/site-packages/urllib3/__init__.py:35: NotOpenSSLWarning: urllib3 v2 only supports OpenSSL 1.1.1+, currently the 'ssl' module is compiled with 'LibreSSL 2.8.3'. See: https://github.com/urllib3/urllib3/issues/3020
  warnings.warn(
[33mChecking connectivity to the model hosters, this may take a while. To bypass this check, set `DISABLE_MODEL_SOURCE_CHECK` to `True`.[0m
/Users/zhaowenyuan/Projects/FlowFigTabMiner/flowfigtabminer/lib/python3.9/site-packages/urllib3/__init__.py:35: NotOpenSSLWarning: urllib3 v2 only supports OpenSSL 1.1.1+, currently the 'ssl' module is compiled with 'LibreSSL 2.8.3'. See: https://github.com/urllib3/urllib3/issues/3020
  warnings.warn(
/Users/zhaowenyuan/Projects/FlowFigTabMiner/flowfigtabminer/lib/python3.9/site-packages/urllib3/__init__.py:35: NotOpenSSLWarning: urllib3 v2 only supports OpenSSL 1.1.1+, currently the 'ssl' module is compiled with 'LibreSSL 2.8.3'. See: https://github.com/urllib3/urllib3/issues/3020
  warnings.warn(
/Users/zhaowenyuan/Projects/FlowFigTabMiner/flowfigtabminer/lib/python3.9/site-packages/urllib3/__init__.py:35: NotOpenSSLWarning: urllib3 v2 only supports OpenSSL 1.1.1+, currently the 'ssl' module is compiled with 'LibreSSL 2.8.3'. See: https://github.com/urllib3/urllib3/issues/3020
  warnings.warn(
/Users/zhaowenyuan/Projects/FlowFigTabMiner/flowfigtabminer/lib/python3.9/site-packages/urllib3/__init__.py:35: NotOpenSSLWarning: urllib3 v2 only supports OpenSSL 1.1.1+, currently the 'ssl' module is compiled with 'LibreSSL 2.8.3'. See: https://github.com/urllib3/urllib3/issues/3020
  warnings.warn(
/Users/zhaowenyuan/Projects/FlowFigTabMiner/flowfigtabminer/lib/python3.9/site-packages/urllib3/__init__.py:35: NotOpenSSLWarning: urllib3 v2 only supports OpenSSL 1.1.1+, currently the 'ssl' module is compiled with 'LibreSSL 2.8.3'. See: https://github.com/urllib3/urllib3/issues/3020
  warnings.warn(
/Users/zhaowenyuan/Projects/FlowFigTabMiner/flowfigtabminer/lib/python3.9/site-packages/urllib3/__init__.py:35: NotOpenSSLWarning: urllib3 v2 only supports OpenSSL 1.1.1+, currently the 'ssl' module is compiled with 'LibreSSL 2.8.3'. See: https://github.com/urllib3/urllib3/issues/3020
  warnings.warn(
/Users/zhaowenyuan/Projects/FlowFigTabMiner/flowfigtabminer/lib/python3.9/site-packages/urllib3/__init__.py:35: NotOpenSSLWarning: urllib3 v2 only supports OpenSSL 1.1.1+, currently the 'ssl' module is compiled with 'LibreSSL 2.8.3'. See: https://github.com/urllib3/urllib3/issues/3020
  warnings.warn(
[33mChecking connectivity to the model hosters, this may take a while. To bypass this check, set `DISABLE_MODEL_SOURCE_CHECK` to `True`.[0m
[33mChecking connectivity to the model hosters, this may take a while. To bypass this check, set `DISABLE_MODEL_SOURCE_CHECK` to `True`.[0m
[33mChecking connectivity to the model hosters, this may take a while. To bypass this check, set `DISABLE_MODEL_SOURCE_CHECK` to `True`.[0m
[33mChecking connectivity to the model hosters, this may take a while. To bypass this check, set `DISABLE_MODEL_SOURCE_CHECK` to `True`.[0m
[33mChecking connectivity to the model hosters, this may take a while. To bypass this check, set `DISABLE_MODEL_SOURCE_CHECK` to `True`.[0m
[33mChecking connectivity to the model hosters, this may take a while. To bypass this check, set `DISABLE_MODEL_SOURCE_CHECK` to `True`.[0m
[33mChecking connectivity to the model hosters, this may take a while. To bypass this check, set `DISABLE_MODEL_SOURCE_CHECK` to `True`.[0m
[33mChecking connectivity to the model hosters, this may take a while. To bypass this check, set `DISABLE_MODEL_SOURCE_CHECK` to `True`.[0m
[33mChecking connectivity to the model hosters, this may take a while. To bypass this check, set `DISABLE_MODEL_SOURCE_CHECK` to `True`.[0m
[33mChecking connectivity to the model hosters, this may take a while. To bypass this check, set `DISABLE_MODEL_SOURCE_CHECK` to `True`.[0m
[33mChecking connectivity to the model hosters, this may take a while. To bypass this check, set `DISABLE_MODEL_SOURCE_CHECK` to `True`.[0m
[33mChecking connectivity to the model hosters, this may take a while. To bypass this check, set `DISABLE_MODEL_SOURCE_CHECK` to `True`.[0m
[33mChecking connectivity to the model hosters, this may take a while. To bypass this check, set `DISABLE_MODEL_SOURCE_CHECK` to `True`.[0m
[33mChecking connectivity to the model hosters, this may take a while. To bypass this check, set `DISABLE_MODEL_SOURCE_CHECK` to `True`.[0m
[33mChecking connectivity to the model hosters, this may take a while. To bypass this check, set `DISABLE_MODEL_SOURCE_CHECK` to `True`.[0m
/Users/zhaowenyuan/Projects/FlowFigTabMiner/flowfigtabminer/lib/python3.9/site-packages/onmt/modules/sparse_activations.py:48: FutureWarning: `torch.cuda.amp.custom_fwd(args...)` is deprecated. Please use `torch.amp.custom_fwd(args..., device_type='cuda')` instead.
  def forward(ctx, input, dim=0):
/Users/zhaowenyuan/Projects/FlowFigTabMiner/flowfigtabminer/lib/python3.9/site-packages/onmt/modules/sparse_activations.py:68: FutureWarning: `torch.cuda.amp.custom_bwd(args...)` is deprecated. Please use `torch.amp.custom_bwd(args..., device_type='cuda')` instead.
  def backward(ctx, grad_output):
/Users/zhaowenyuan/Projects/FlowFigTabMiner/flowfigtabminer/lib/python3.9/site-packages/onmt/modules/sparse_losses.py:13: FutureWarning: `torch.cuda.amp.custom_fwd(args...)` is deprecated. Please use `torch.amp.custom_fwd(args..., device_type='cuda')` instead.
  def forward(ctx, input, target):
/Users/zhaowenyuan/Projects/FlowFigTabMiner/flowfigtabminer/lib/python3.9/site-packages/onmt/modules/sparse_losses.py:37: FutureWarning: `torch.cuda.amp.custom_bwd(args...)` is deprecated. Please use `torch.amp.custom_bwd(args..., device_type='cuda')` instead.
  def backward(ctx, grad_output):
   -> Box 21: SMILES='O=C(CF)c1cccs1' | Masked (White Box)
   -> [Debug] Upscaled TINY box 22 by 1.6x (183x191 -> 287x300)
/Users/zhaowenyuan/Projects/FlowFigTabMiner/flowfigtabminer/lib/python3.9/site-packages/paddle/utils/cpp_extension/extension_utils.py:712: UserWarning: No ccache found. Please be aware that recompiling all source files may be required. You can download and install ccache from: https://github.com/ccache/ccache/blob/master/doc/INSTALL.md
  warnings.warn(warning_message)
/Users/zhaowenyuan/Projects/FlowFigTabMiner/flowfigtabminer/lib/python3.9/site-packages/paddle/utils/cpp_extension/extension_utils.py:712: UserWarning: No ccache found. Please be aware that recompiling all source files may be required. You can download and install ccache from: https://github.com/ccache/ccache/blob/master/doc/INSTALL.md
  warnings.warn(warning_message)
/Users/zhaowenyuan/Projects/FlowFigTabMiner/flowfigtabminer/lib/python3.9/site-packages/paddle/utils/cpp_extension/extension_utils.py:712: UserWarning: No ccache found. Please be aware that recompiling all source files may be required. You can download and install ccache from: https://github.com/ccache/ccache/blob/master/doc/INSTALL.md
  warnings.warn(warning_message)
/Users/zhaowenyuan/Projects/FlowFigTabMiner/flowfigtabminer/lib/python3.9/site-packages/paddle/utils/cpp_extension/extension_utils.py:712: UserWarning: No ccache found. Please be aware that recompiling all source files may be required. You can download and install ccache from: https://github.com/ccache/ccache/blob/master/doc/INSTALL.md
  warnings.warn(warning_message)
/Users/zhaowenyuan/Projects/FlowFigTabMiner/flowfigtabminer/lib/python3.9/site-packages/paddle/utils/cpp_extension/extension_utils.py:712: UserWarning: No ccache found. Please be aware that recompiling all source files may be required. You can download and install ccache from: https://github.com/ccache/ccache/blob/master/doc/INSTALL.md
  warnings.warn(warning_message)
/Users/zhaowenyuan/Projects/FlowFigTabMiner/flowfigtabminer/lib/python3.9/site-packages/paddle/utils/cpp_extension/extension_utils.py:712: UserWarning: No ccache found. Please be aware that recompiling all source files may be required. You can download and install ccache from: https://github.com/ccache/ccache/blob/master/doc/INSTALL.md
  warnings.warn(warning_message)
/Users/zhaowenyuan/Projects/FlowFigTabMiner/flowfigtabminer/lib/python3.9/site-packages/paddle/utils/cpp_extension/extension_utils.py:712: UserWarning: No ccache found. Please be aware that recompiling all source files may be required. You can download and install ccache from: https://github.com/ccache/ccache/blob/master/doc/INSTALL.md
  warnings.warn(warning_message)
/Users/zhaowenyuan/Projects/FlowFigTabMiner/flowfigtabminer/lib/python3.9/site-packages/paddle/utils/cpp_extension/extension_utils.py:712: UserWarning: No ccache found. Please be aware that recompiling all source files may be required. You can download and install ccache from: https://github.com/ccache/ccache/blob/master/doc/INSTALL.md
  warnings.warn(warning_message)
/Users/zhaowenyuan/Projects/FlowFigTabMiner/flowfigtabminer/lib/python3.9/site-packages/paddle/utils/cpp_extension/extension_utils.py:712: UserWarning: No ccache found. Please be aware that recompiling all source files may be required. You can download and install ccache from: https://github.com/ccache/ccache/blob/master/doc/INSTALL.md
  warnings.warn(warning_message)
/Users/zhaowenyuan/Projects/FlowFigTabMiner/flowfigtabminer/lib/python3.9/site-packages/paddle/utils/cpp_extension/extension_utils.py:712: UserWarning: No ccache found. Please be aware that recompiling all source files may be required. You can download and install ccache from: https://github.com/ccache/ccache/blob/master/doc/INSTALL.md
  warnings.warn(warning_message)
/Users/zhaowenyuan/Projects/FlowFigTabMiner/flowfigtabminer/lib/python3.9/site-packages/paddle/utils/cpp_extension/extension_utils.py:712: UserWarning: No ccache found. Please be aware that recompiling all source files may be required. You can download and install ccache from: https://github.com/ccache/ccache/blob/master/doc/INSTALL.md
  warnings.warn(warning_message)
/Users/zhaowenyuan/Projects/FlowFigTabMiner/flowfigtabminer/lib/python3.9/site-packages/paddle/utils/cpp_extension/extension_utils.py:712: UserWarning: No ccache found. Please be aware that recompiling all source files may be required. You can download and install ccache from: https://github.com/ccache/ccache/blob/master/doc/INSTALL.md
  warnings.warn(warning_message)
/Users/zhaowenyuan/Projects/FlowFigTabMiner/flowfigtabminer/lib/python3.9/site-packages/paddle/utils/cpp_extension/extension_utils.py:712: UserWarning: No ccache found. Please be aware that recompiling all source files may be required. You can download and install ccache from: https://github.com/ccache/ccache/blob/master/doc/INSTALL.md
  warnings.warn(warning_message)
/Users/zhaowenyuan/Projects/FlowFigTabMiner/flowfigtabminer/lib/python3.9/site-packages/paddle/utils/cpp_extension/extension_utils.py:712: UserWarning: No ccache found. Please be aware that recompiling all source files may be required. You can download and install ccache from: https://github.com/ccache/ccache/blob/master/doc/INSTALL.md
  warnings.warn(warning_message)
/Users/zhaowenyuan/Projects/FlowFigTabMiner/flowfigtabminer/lib/python3.9/site-packages/paddle/utils/cpp_extension/extension_utils.py:712: UserWarning: No ccache found. Please be aware that recompiling all source files may be required. You can download and install ccache from: https://github.com/ccache/ccache/blob/master/doc/INSTALL.md
  warnings.warn(warning_message)
/Users/zhaowenyuan/Projects/FlowFigTabMiner/flowfigtabminer/lib/python3.9/site-packages/paddle/utils/cpp_extension/extension_utils.py:712: UserWarning: No ccache found. Please be aware that recompiling all source files may be required. You can download and install ccache from: https://github.com/ccache/ccache/blob/master/doc/INSTALL.md
  warnings.warn(warning_message)
/Users/zhaowenyuan/Projects/FlowFigTabMiner/flowfigtabminer/lib/python3.9/site-packages/urllib3/__init__.py:35: NotOpenSSLWarning: urllib3 v2 only supports OpenSSL 1.1.1+, currently the 'ssl' module is compiled with 'LibreSSL 2.8.3'. See: https://github.com/urllib3/urllib3/issues/3020
  warnings.warn(
/Users/zhaowenyuan/Projects/FlowFigTabMiner/flowfigtabminer/lib/python3.9/site-packages/urllib3/__init__.py:35: NotOpenSSLWarning: urllib3 v2 only supports OpenSSL 1.1.1+, currently the 'ssl' module is compiled with 'LibreSSL 2.8.3'. See: https://github.com/urllib3/urllib3/issues/3020
  warnings.warn(
/Users/zhaowenyuan/Projects/FlowFigTabMiner/flowfigtabminer/lib/python3.9/site-packages/urllib3/__init__.py:35: NotOpenSSLWarning: urllib3 v2 only supports OpenSSL 1.1.1+, currently the 'ssl' module is compiled with 'LibreSSL 2.8.3'. See: https://github.com/urllib3/urllib3/issues/3020
  warnings.warn(
/Users/zhaowenyuan/Projects/FlowFigTabMiner/flowfigtabminer/lib/python3.9/site-packages/urllib3/__init__.py:35: NotOpenSSLWarning: urllib3 v2 only supports OpenSSL 1.1.1+, currently the 'ssl' module is compiled with 'LibreSSL 2.8.3'. See: https://github.com/urllib3/urllib3/issues/3020
  warnings.warn(
/Users/zhaowenyuan/Projects/FlowFigTabMiner/flowfigtabminer/lib/python3.9/site-packages/urllib3/__init__.py:35: NotOpenSSLWarning: urllib3 v2 only supports OpenSSL 1.1.1+, currently the 'ssl' module is compiled with 'LibreSSL 2.8.3'. See: https://github.com/urllib3/urllib3/issues/3020
  warnings.warn(
/Users/zhaowenyuan/Projects/FlowFigTabMiner/flowfigtabminer/lib/python3.9/site-packages/urllib3/__init__.py:35: NotOpenSSLWarning: urllib3 v2 only supports OpenSSL 1.1.1+, currently the 'ssl' module is compiled with 'LibreSSL 2.8.3'. See: https://github.com/urllib3/urllib3/issues/3020
  warnings.warn(
/Users/zhaowenyuan/Projects/FlowFigTabMiner/flowfigtabminer/lib/python3.9/site-packages/urllib3/__init__.py:35: NotOpenSSLWarning: urllib3 v2 only supports OpenSSL 1.1.1+, currently the 'ssl' module is compiled with 'LibreSSL 2.8.3'. See: https://github.com/urllib3/urllib3/issues/3020
  warnings.warn(
/Users/zhaowenyuan/Projects/FlowFigTabMiner/flowfigtabminer/lib/python3.9/site-packages/urllib3/__init__.py:35: NotOpenSSLWarning: urllib3 v2 only supports OpenSSL 1.1.1+, currently the 'ssl' module is compiled with 'LibreSSL 2.8.3'. See: https://github.com/urllib3/urllib3/issues/3020
  warnings.warn(
/Users/zhaowenyuan/Projects/FlowFigTabMiner/flowfigtabminer/lib/python3.9/site-packages/urllib3/__init__.py:35: NotOpenSSLWarning: urllib3 v2 only supports OpenSSL 1.1.1+, currently the 'ssl' module is compiled with 'LibreSSL 2.8.3'. See: https://github.com/urllib3/urllib3/issues/3020
  warnings.warn(
/Users/zhaowenyuan/Projects/FlowFigTabMiner/flowfigtabminer/lib/python3.9/site-packages/urllib3/__init__.py:35: NotOpenSSLWarning: urllib3 v2 only supports OpenSSL 1.1.1+, currently the 'ssl' module is compiled with 'LibreSSL 2.8.3'. See: https://github.com/urllib3/urllib3/issues/3020
  warnings.warn(
/Users/zhaowenyuan/Projects/FlowFigTabMiner/flowfigtabminer/lib/python3.9/site-packages/urllib3/__init__.py:35: NotOpenSSLWarning: urllib3 v2 only supports OpenSSL 1.1.1+, currently the 'ssl' module is compiled with 'LibreSSL 2.8.3'. See: https://github.com/urllib3/urllib3/issues/3020
  warnings.warn(
/Users/zhaowenyuan/Projects/FlowFigTabMiner/flowfigtabminer/lib/python3.9/site-packages/urllib3/__init__.py:35: NotOpenSSLWarning: urllib3 v2 only supports OpenSSL 1.1.1+, currently the 'ssl' module is compiled with 'LibreSSL 2.8.3'. See: https://github.com/urllib3/urllib3/issues/3020
  warnings.warn(
[33mChecking connectivity to the model hosters, this may take a while. To bypass this check, set `DISABLE_MODEL_SOURCE_CHECK` to `True`.[0m
/Users/zhaowenyuan/Projects/FlowFigTabMiner/flowfigtabminer/lib/python3.9/site-packages/urllib3/__init__.py:35: NotOpenSSLWarning: urllib3 v2 only supports OpenSSL 1.1.1+, currently the 'ssl' module is compiled with 'LibreSSL 2.8.3'. See: https://github.com/urllib3/urllib3/issues/3020
  warnings.warn(
/Users/zhaowenyuan/Projects/FlowFigTabMiner/flowfigtabminer/lib/python3.9/site-packages/urllib3/__init__.py:35: NotOpenSSLWarning: urllib3 v2 only supports OpenSSL 1.1.1+, currently the 'ssl' module is compiled with 'LibreSSL 2.8.3'. See: https://github.com/urllib3/urllib3/issues/3020
  warnings.warn(
/Users/zhaowenyuan/Projects/FlowFigTabMiner/flowfigtabminer/lib/python3.9/site-packages/urllib3/__init__.py:35: NotOpenSSLWarning: urllib3 v2 only supports OpenSSL 1.1.1+, currently the 'ssl' module is compiled with 'LibreSSL 2.8.3'. See: https://github.com/urllib3/urllib3/issues/3020
  warnings.warn(
/Users/zhaowenyuan/Projects/FlowFigTabMiner/flowfigtabminer/lib/python3.9/site-packages/urllib3/__init__.py:35: NotOpenSSLWarning: urllib3 v2 only supports OpenSSL 1.1.1+, currently the 'ssl' module is compiled with 'LibreSSL 2.8.3'. See: https://github.com/urllib3/urllib3/issues/3020
  warnings.warn(
[33mChecking connectivity to the model hosters, this may take a while. To bypass this check, set `DISABLE_MODEL_SOURCE_CHECK` to `True`.[0m
[33mChecking connectivity to the model hosters, this may take a while. To bypass this check, set `DISABLE_MODEL_SOURCE_CHECK` to `True`.[0m
[33mChecking connectivity to the model hosters, this may take a while. To bypass this check, set `DISABLE_MODEL_SOURCE_CHECK` to `True`.[0m
[33mChecking connectivity to the model hosters, this may take a while. To bypass this check, set `DISABLE_MODEL_SOURCE_CHECK` to `True`.[0m
[33mChecking connectivity to the model hosters, this may take a while. To bypass this check, set `DISABLE_MODEL_SOURCE_CHECK` to `True`.[0m
[33mChecking connectivity to the model hosters, this may take a while. To bypass this check, set `DISABLE_MODEL_SOURCE_CHECK` to `True`.[0m
[33mChecking connectivity to the model hosters, this may take a while. To bypass this check, set `DISABLE_MODEL_SOURCE_CHECK` to `True`.[0m
[33mChecking connectivity to the model hosters, this may take a while. To bypass this check, set `DISABLE_MODEL_SOURCE_CHECK` to `True`.[0m
[33mChecking connectivity to the model hosters, this may take a while. To bypass this check, set `DISABLE_MODEL_SOURCE_CHECK` to `True`.[0m
[33mChecking connectivity to the model hosters, this may take a while. To bypass this check, set `DISABLE_MODEL_SOURCE_CHECK` to `True`.[0m
[33mChecking connectivity to the model hosters, this may take a while. To bypass this check, set `DISABLE_MODEL_SOURCE_CHECK` to `True`.[0m
[33mChecking connectivity to the model hosters, this may take a while. To bypass this check, set `DISABLE_MODEL_SOURCE_CHECK` to `True`.[0m
[33mChecking connectivity to the model hosters, this may take a while. To bypass this check, set `DISABLE_MODEL_SOURCE_CHECK` to `True`.[0m
[33mChecking connectivity to the model hosters, this may take a while. To bypass this check, set `DISABLE_MODEL_SOURCE_CHECK` to `True`.[0m
[33mChecking connectivity to the model hosters, this may take a while. To bypass this check, set `DISABLE_MODEL_SOURCE_CHECK` to `True`.[0m
/Users/zhaowenyuan/Projects/FlowFigTabMiner/flowfigtabminer/lib/python3.9/site-packages/onmt/modules/sparse_activations.py:48: FutureWarning: `torch.cuda.amp.custom_fwd(args...)` is deprecated. Please use `torch.amp.custom_fwd(args..., device_type='cuda')` instead.
  def forward(ctx, input, dim=0):
/Users/zhaowenyuan/Projects/FlowFigTabMiner/flowfigtabminer/lib/python3.9/site-packages/onmt/modules/sparse_activations.py:68: FutureWarning: `torch.cuda.amp.custom_bwd(args...)` is deprecated. Please use `torch.amp.custom_bwd(args..., device_type='cuda')` instead.
  def backward(ctx, grad_output):
/Users/zhaowenyuan/Projects/FlowFigTabMiner/flowfigtabminer/lib/python3.9/site-packages/onmt/modules/sparse_losses.py:13: FutureWarning: `torch.cuda.amp.custom_fwd(args...)` is deprecated. Please use `torch.amp.custom_fwd(args..., device_type='cuda')` instead.
  def forward(ctx, input, target):
/Users/zhaowenyuan/Projects/FlowFigTabMiner/flowfigtabminer/lib/python3.9/site-packages/onmt/modules/sparse_losses.py:37: FutureWarning: `torch.cuda.amp.custom_bwd(args...)` is deprecated. Please use `torch.amp.custom_bwd(args..., device_type='cuda')` instead.
  def backward(ctx, grad_output):
   -> Box 22: SMILES='CC(C)C1(c2ccccc2)OC1F' | Masked (White Box)
   -> [Debug] Upscaled TINY box 23 by 1.8x (200x163 -> 368x300)
/Users/zhaowenyuan/Projects/FlowFigTabMiner/flowfigtabminer/lib/python3.9/site-packages/paddle/utils/cpp_extension/extension_utils.py:712: UserWarning: No ccache found. Please be aware that recompiling all source files may be required. You can download and install ccache from: https://github.com/ccache/ccache/blob/master/doc/INSTALL.md
  warnings.warn(warning_message)
/Users/zhaowenyuan/Projects/FlowFigTabMiner/flowfigtabminer/lib/python3.9/site-packages/paddle/utils/cpp_extension/extension_utils.py:712: UserWarning: No ccache found. Please be aware that recompiling all source files may be required. You can download and install ccache from: https://github.com/ccache/ccache/blob/master/doc/INSTALL.md
  warnings.warn(warning_message)
/Users/zhaowenyuan/Projects/FlowFigTabMiner/flowfigtabminer/lib/python3.9/site-packages/paddle/utils/cpp_extension/extension_utils.py:712: UserWarning: No ccache found. Please be aware that recompiling all source files may be required. You can download and install ccache from: https://github.com/ccache/ccache/blob/master/doc/INSTALL.md
  warnings.warn(warning_message)
/Users/zhaowenyuan/Projects/FlowFigTabMiner/flowfigtabminer/lib/python3.9/site-packages/paddle/utils/cpp_extension/extension_utils.py:712: UserWarning: No ccache found. Please be aware that recompiling all source files may be required. You can download and install ccache from: https://github.com/ccache/ccache/blob/master/doc/INSTALL.md
  warnings.warn(warning_message)
/Users/zhaowenyuan/Projects/FlowFigTabMiner/flowfigtabminer/lib/python3.9/site-packages/paddle/utils/cpp_extension/extension_utils.py:712: UserWarning: No ccache found. Please be aware that recompiling all source files may be required. You can download and install ccache from: https://github.com/ccache/ccache/blob/master/doc/INSTALL.md
  warnings.warn(warning_message)
/Users/zhaowenyuan/Projects/FlowFigTabMiner/flowfigtabminer/lib/python3.9/site-packages/paddle/utils/cpp_extension/extension_utils.py:712: UserWarning: No ccache found. Please be aware that recompiling all source files may be required. You can download and install ccache from: https://github.com/ccache/ccache/blob/master/doc/INSTALL.md
  warnings.warn(warning_message)
/Users/zhaowenyuan/Projects/FlowFigTabMiner/flowfigtabminer/lib/python3.9/site-packages/paddle/utils/cpp_extension/extension_utils.py:712: UserWarning: No ccache found. Please be aware that recompiling all source files may be required. You can download and install ccache from: https://github.com/ccache/ccache/blob/master/doc/INSTALL.md
  warnings.warn(warning_message)
/Users/zhaowenyuan/Projects/FlowFigTabMiner/flowfigtabminer/lib/python3.9/site-packages/paddle/utils/cpp_extension/extension_utils.py:712: UserWarning: No ccache found. Please be aware that recompiling all source files may be required. You can download and install ccache from: https://github.com/ccache/ccache/blob/master/doc/INSTALL.md
  warnings.warn(warning_message)
/Users/zhaowenyuan/Projects/FlowFigTabMiner/flowfigtabminer/lib/python3.9/site-packages/paddle/utils/cpp_extension/extension_utils.py:712: UserWarning: No ccache found. Please be aware that recompiling all source files may be required. You can download and install ccache from: https://github.com/ccache/ccache/blob/master/doc/INSTALL.md
  warnings.warn(warning_message)
/Users/zhaowenyuan/Projects/FlowFigTabMiner/flowfigtabminer/lib/python3.9/site-packages/paddle/utils/cpp_extension/extension_utils.py:712: UserWarning: No ccache found. Please be aware that recompiling all source files may be required. You can download and install ccache from: https://github.com/ccache/ccache/blob/master/doc/INSTALL.md
  warnings.warn(warning_message)
/Users/zhaowenyuan/Projects/FlowFigTabMiner/flowfigtabminer/lib/python3.9/site-packages/paddle/utils/cpp_extension/extension_utils.py:712: UserWarning: No ccache found. Please be aware that recompiling all source files may be required. You can download and install ccache from: https://github.com/ccache/ccache/blob/master/doc/INSTALL.md
  warnings.warn(warning_message)
/Users/zhaowenyuan/Projects/FlowFigTabMiner/flowfigtabminer/lib/python3.9/site-packages/paddle/utils/cpp_extension/extension_utils.py:712: UserWarning: No ccache found. Please be aware that recompiling all source files may be required. You can download and install ccache from: https://github.com/ccache/ccache/blob/master/doc/INSTALL.md
  warnings.warn(warning_message)
/Users/zhaowenyuan/Projects/FlowFigTabMiner/flowfigtabminer/lib/python3.9/site-packages/paddle/utils/cpp_extension/extension_utils.py:712: UserWarning: No ccache found. Please be aware that recompiling all source files may be required. You can download and install ccache from: https://github.com/ccache/ccache/blob/master/doc/INSTALL.md
  warnings.warn(warning_message)
/Users/zhaowenyuan/Projects/FlowFigTabMiner/flowfigtabminer/lib/python3.9/site-packages/paddle/utils/cpp_extension/extension_utils.py:712: UserWarning: No ccache found. Please be aware that recompiling all source files may be required. You can download and install ccache from: https://github.com/ccache/ccache/blob/master/doc/INSTALL.md
  warnings.warn(warning_message)
/Users/zhaowenyuan/Projects/FlowFigTabMiner/flowfigtabminer/lib/python3.9/site-packages/paddle/utils/cpp_extension/extension_utils.py:712: UserWarning: No ccache found. Please be aware that recompiling all source files may be required. You can download and install ccache from: https://github.com/ccache/ccache/blob/master/doc/INSTALL.md
  warnings.warn(warning_message)
/Users/zhaowenyuan/Projects/FlowFigTabMiner/flowfigtabminer/lib/python3.9/site-packages/paddle/utils/cpp_extension/extension_utils.py:712: UserWarning: No ccache found. Please be aware that recompiling all source files may be required. You can download and install ccache from: https://github.com/ccache/ccache/blob/master/doc/INSTALL.md
  warnings.warn(warning_message)
/Users/zhaowenyuan/Projects/FlowFigTabMiner/flowfigtabminer/lib/python3.9/site-packages/urllib3/__init__.py:35: NotOpenSSLWarning: urllib3 v2 only supports OpenSSL 1.1.1+, currently the 'ssl' module is compiled with 'LibreSSL 2.8.3'. See: https://github.com/urllib3/urllib3/issues/3020
  warnings.warn(
/Users/zhaowenyuan/Projects/FlowFigTabMiner/flowfigtabminer/lib/python3.9/site-packages/urllib3/__init__.py:35: NotOpenSSLWarning: urllib3 v2 only supports OpenSSL 1.1.1+, currently the 'ssl' module is compiled with 'LibreSSL 2.8.3'. See: https://github.com/urllib3/urllib3/issues/3020
  warnings.warn(
/Users/zhaowenyuan/Projects/FlowFigTabMiner/flowfigtabminer/lib/python3.9/site-packages/urllib3/__init__.py:35: NotOpenSSLWarning: urllib3 v2 only supports OpenSSL 1.1.1+, currently the 'ssl' module is compiled with 'LibreSSL 2.8.3'. See: https://github.com/urllib3/urllib3/issues/3020
  warnings.warn(
/Users/zhaowenyuan/Projects/FlowFigTabMiner/flowfigtabminer/lib/python3.9/site-packages/urllib3/__init__.py:35: NotOpenSSLWarning: urllib3 v2 only supports OpenSSL 1.1.1+, currently the 'ssl' module is compiled with 'LibreSSL 2.8.3'. See: https://github.com/urllib3/urllib3/issues/3020
  warnings.warn(
/Users/zhaowenyuan/Projects/FlowFigTabMiner/flowfigtabminer/lib/python3.9/site-packages/urllib3/__init__.py:35: NotOpenSSLWarning: urllib3 v2 only supports OpenSSL 1.1.1+, currently the 'ssl' module is compiled with 'LibreSSL 2.8.3'. See: https://github.com/urllib3/urllib3/issues/3020
  warnings.warn(
/Users/zhaowenyuan/Projects/FlowFigTabMiner/flowfigtabminer/lib/python3.9/site-packages/urllib3/__init__.py:35: NotOpenSSLWarning: urllib3 v2 only supports OpenSSL 1.1.1+, currently the 'ssl' module is compiled with 'LibreSSL 2.8.3'. See: https://github.com/urllib3/urllib3/issues/3020
  warnings.warn(
/Users/zhaowenyuan/Projects/FlowFigTabMiner/flowfigtabminer/lib/python3.9/site-packages/urllib3/__init__.py:35: NotOpenSSLWarning: urllib3 v2 only supports OpenSSL 1.1.1+, currently the 'ssl' module is compiled with 'LibreSSL 2.8.3'. See: https://github.com/urllib3/urllib3/issues/3020
  warnings.warn(
/Users/zhaowenyuan/Projects/FlowFigTabMiner/flowfigtabminer/lib/python3.9/site-packages/urllib3/__init__.py:35: NotOpenSSLWarning: urllib3 v2 only supports OpenSSL 1.1.1+, currently the 'ssl' module is compiled with 'LibreSSL 2.8.3'. See: https://github.com/urllib3/urllib3/issues/3020
  warnings.warn(
/Users/zhaowenyuan/Projects/FlowFigTabMiner/flowfigtabminer/lib/python3.9/site-packages/urllib3/__init__.py:35: NotOpenSSLWarning: urllib3 v2 only supports OpenSSL 1.1.1+, currently the 'ssl' module is compiled with 'LibreSSL 2.8.3'. See: https://github.com/urllib3/urllib3/issues/3020
  warnings.warn(
/Users/zhaowenyuan/Projects/FlowFigTabMiner/flowfigtabminer/lib/python3.9/site-packages/urllib3/__init__.py:35: NotOpenSSLWarning: urllib3 v2 only supports OpenSSL 1.1.1+, currently the 'ssl' module is compiled with 'LibreSSL 2.8.3'. See: https://github.com/urllib3/urllib3/issues/3020
  warnings.warn(
[33mChecking connectivity to the model hosters, this may take a while. To bypass this check, set `DISABLE_MODEL_SOURCE_CHECK` to `True`.[0m
/Users/zhaowenyuan/Projects/FlowFigTabMiner/flowfigtabminer/lib/python3.9/site-packages/urllib3/__init__.py:35: NotOpenSSLWarning: urllib3 v2 only supports OpenSSL 1.1.1+, currently the 'ssl' module is compiled with 'LibreSSL 2.8.3'. See: https://github.com/urllib3/urllib3/issues/3020
  warnings.warn(
/Users/zhaowenyuan/Projects/FlowFigTabMiner/flowfigtabminer/lib/python3.9/site-packages/urllib3/__init__.py:35: NotOpenSSLWarning: urllib3 v2 only supports OpenSSL 1.1.1+, currently the 'ssl' module is compiled with 'LibreSSL 2.8.3'. See: https://github.com/urllib3/urllib3/issues/3020
  warnings.warn(
/Users/zhaowenyuan/Projects/FlowFigTabMiner/flowfigtabminer/lib/python3.9/site-packages/urllib3/__init__.py:35: NotOpenSSLWarning: urllib3 v2 only supports OpenSSL 1.1.1+, currently the 'ssl' module is compiled with 'LibreSSL 2.8.3'. See: https://github.com/urllib3/urllib3/issues/3020
  warnings.warn(
/Users/zhaowenyuan/Projects/FlowFigTabMiner/flowfigtabminer/lib/python3.9/site-packages/urllib3/__init__.py:35: NotOpenSSLWarning: urllib3 v2 only supports OpenSSL 1.1.1+, currently the 'ssl' module is compiled with 'LibreSSL 2.8.3'. See: https://github.com/urllib3/urllib3/issues/3020
  warnings.warn(
/Users/zhaowenyuan/Projects/FlowFigTabMiner/flowfigtabminer/lib/python3.9/site-packages/urllib3/__init__.py:35: NotOpenSSLWarning: urllib3 v2 only supports OpenSSL 1.1.1+, currently the 'ssl' module is compiled with 'LibreSSL 2.8.3'. See: https://github.com/urllib3/urllib3/issues/3020
  warnings.warn(
/Users/zhaowenyuan/Projects/FlowFigTabMiner/flowfigtabminer/lib/python3.9/site-packages/urllib3/__init__.py:35: NotOpenSSLWarning: urllib3 v2 only supports OpenSSL 1.1.1+, currently the 'ssl' module is compiled with 'LibreSSL 2.8.3'. See: https://github.com/urllib3/urllib3/issues/3020
  warnings.warn(
[33mChecking connectivity to the model hosters, this may take a while. To bypass this check, set `DISABLE_MODEL_SOURCE_CHECK` to `True`.[0m
[33mChecking connectivity to the model hosters, this may take a while. To bypass this check, set `DISABLE_MODEL_SOURCE_CHECK` to `True`.[0m
[33mChecking connectivity to the model hosters, this may take a while. To bypass this check, set `DISABLE_MODEL_SOURCE_CHECK` to `True`.[0m
[33mChecking connectivity to the model hosters, this may take a while. To bypass this check, set `DISABLE_MODEL_SOURCE_CHECK` to `True`.[0m
[33mChecking connectivity to the model hosters, this may take a while. To bypass this check, set `DISABLE_MODEL_SOURCE_CHECK` to `True`.[0m
[33mChecking connectivity to the model hosters, this may take a while. To bypass this check, set `DISABLE_MODEL_SOURCE_CHECK` to `True`.[0m
[33mChecking connectivity to the model hosters, this may take a while. To bypass this check, set `DISABLE_MODEL_SOURCE_CHECK` to `True`.[0m
[33mChecking connectivity to the model hosters, this may take a while. To bypass this check, set `DISABLE_MODEL_SOURCE_CHECK` to `True`.[0m
[33mChecking connectivity to the model hosters, this may take a while. To bypass this check, set `DISABLE_MODEL_SOURCE_CHECK` to `True`.[0m
[33mChecking connectivity to the model hosters, this may take a while. To bypass this check, set `DISABLE_MODEL_SOURCE_CHECK` to `True`.[0m
[33mChecking connectivity to the model hosters, this may take a while. To bypass this check, set `DISABLE_MODEL_SOURCE_CHECK` to `True`.[0m
[33mChecking connectivity to the model hosters, this may take a while. To bypass this check, set `DISABLE_MODEL_SOURCE_CHECK` to `True`.[0m
[33mChecking connectivity to the model hosters, this may take a while. To bypass this check, set `DISABLE_MODEL_SOURCE_CHECK` to `True`.[0m
[33mChecking connectivity to the model hosters, this may take a while. To bypass this check, set `DISABLE_MODEL_SOURCE_CHECK` to `True`.[0m
[33mChecking connectivity to the model hosters, this may take a while. To bypass this check, set `DISABLE_MODEL_SOURCE_CHECK` to `True`.[0m
/Users/zhaowenyuan/Projects/FlowFigTabMiner/flowfigtabminer/lib/python3.9/site-packages/onmt/modules/sparse_activations.py:48: FutureWarning: `torch.cuda.amp.custom_fwd(args...)` is deprecated. Please use `torch.amp.custom_fwd(args..., device_type='cuda')` instead.
  def forward(ctx, input, dim=0):
/Users/zhaowenyuan/Projects/FlowFigTabMiner/flowfigtabminer/lib/python3.9/site-packages/onmt/modules/sparse_activations.py:68: FutureWarning: `torch.cuda.amp.custom_bwd(args...)` is deprecated. Please use `torch.amp.custom_bwd(args..., device_type='cuda')` instead.
  def backward(ctx, grad_output):
/Users/zhaowenyuan/Projects/FlowFigTabMiner/flowfigtabminer/lib/python3.9/site-packages/onmt/modules/sparse_losses.py:13: FutureWarning: `torch.cuda.amp.custom_fwd(args...)` is deprecated. Please use `torch.amp.custom_fwd(args..., device_type='cuda')` instead.
  def forward(ctx, input, target):
/Users/zhaowenyuan/Projects/FlowFigTabMiner/flowfigtabminer/lib/python3.9/site-packages/onmt/modules/sparse_losses.py:37: FutureWarning: `torch.cuda.amp.custom_bwd(args...)` is deprecated. Please use `torch.amp.custom_bwd(args..., device_type='cuda')` instead.
  def backward(ctx, grad_output):
   -> Box 23: SMILES='O=C(CF)c1ccccc1' | Masked (White Box)
   -> [Debug] Upscaled TINY box 24 by 2.2x (176x139 -> 379x300)
/Users/zhaowenyuan/Projects/FlowFigTabMiner/flowfigtabminer/lib/python3.9/site-packages/paddle/utils/cpp_extension/extension_utils.py:712: UserWarning: No ccache found. Please be aware that recompiling all source files may be required. You can download and install ccache from: https://github.com/ccache/ccache/blob/master/doc/INSTALL.md
  warnings.warn(warning_message)
/Users/zhaowenyuan/Projects/FlowFigTabMiner/flowfigtabminer/lib/python3.9/site-packages/paddle/utils/cpp_extension/extension_utils.py:712: UserWarning: No ccache found. Please be aware that recompiling all source files may be required. You can download and install ccache from: https://github.com/ccache/ccache/blob/master/doc/INSTALL.md
  warnings.warn(warning_message)
/Users/zhaowenyuan/Projects/FlowFigTabMiner/flowfigtabminer/lib/python3.9/site-packages/paddle/utils/cpp_extension/extension_utils.py:712: UserWarning: No ccache found. Please be aware that recompiling all source files may be required. You can download and install ccache from: https://github.com/ccache/ccache/blob/master/doc/INSTALL.md
  warnings.warn(warning_message)
/Users/zhaowenyuan/Projects/FlowFigTabMiner/flowfigtabminer/lib/python3.9/site-packages/paddle/utils/cpp_extension/extension_utils.py:712: UserWarning: No ccache found. Please be aware that recompiling all source files may be required. You can download and install ccache from: https://github.com/ccache/ccache/blob/master/doc/INSTALL.md
  warnings.warn(warning_message)
/Users/zhaowenyuan/Projects/FlowFigTabMiner/flowfigtabminer/lib/python3.9/site-packages/paddle/utils/cpp_extension/extension_utils.py:712: UserWarning: No ccache found. Please be aware that recompiling all source files may be required. You can download and install ccache from: https://github.com/ccache/ccache/blob/master/doc/INSTALL.md
  warnings.warn(warning_message)
/Users/zhaowenyuan/Projects/FlowFigTabMiner/flowfigtabminer/lib/python3.9/site-packages/paddle/utils/cpp_extension/extension_utils.py:712: UserWarning: No ccache found. Please be aware that recompiling all source files may be required. You can download and install ccache from: https://github.com/ccache/ccache/blob/master/doc/INSTALL.md
  warnings.warn(warning_message)
/Users/zhaowenyuan/Projects/FlowFigTabMiner/flowfigtabminer/lib/python3.9/site-packages/paddle/utils/cpp_extension/extension_utils.py:712: UserWarning: No ccache found. Please be aware that recompiling all source files may be required. You can download and install ccache from: https://github.com/ccache/ccache/blob/master/doc/INSTALL.md
  warnings.warn(warning_message)
/Users/zhaowenyuan/Projects/FlowFigTabMiner/flowfigtabminer/lib/python3.9/site-packages/paddle/utils/cpp_extension/extension_utils.py:712: UserWarning: No ccache found. Please be aware that recompiling all source files may be required. You can download and install ccache from: https://github.com/ccache/ccache/blob/master/doc/INSTALL.md
  warnings.warn(warning_message)
/Users/zhaowenyuan/Projects/FlowFigTabMiner/flowfigtabminer/lib/python3.9/site-packages/paddle/utils/cpp_extension/extension_utils.py:712: UserWarning: No ccache found. Please be aware that recompiling all source files may be required. You can download and install ccache from: https://github.com/ccache/ccache/blob/master/doc/INSTALL.md
  warnings.warn(warning_message)
/Users/zhaowenyuan/Projects/FlowFigTabMiner/flowfigtabminer/lib/python3.9/site-packages/paddle/utils/cpp_extension/extension_utils.py:712: UserWarning: No ccache found. Please be aware that recompiling all source files may be required. You can download and install ccache from: https://github.com/ccache/ccache/blob/master/doc/INSTALL.md
  warnings.warn(warning_message)
/Users/zhaowenyuan/Projects/FlowFigTabMiner/flowfigtabminer/lib/python3.9/site-packages/paddle/utils/cpp_extension/extension_utils.py:712: UserWarning: No ccache found. Please be aware that recompiling all source files may be required. You can download and install ccache from: https://github.com/ccache/ccache/blob/master/doc/INSTALL.md
  warnings.warn(warning_message)
/Users/zhaowenyuan/Projects/FlowFigTabMiner/flowfigtabminer/lib/python3.9/site-packages/paddle/utils/cpp_extension/extension_utils.py:712: UserWarning: No ccache found. Please be aware that recompiling all source files may be required. You can download and install ccache from: https://github.com/ccache/ccache/blob/master/doc/INSTALL.md
  warnings.warn(warning_message)
/Users/zhaowenyuan/Projects/FlowFigTabMiner/flowfigtabminer/lib/python3.9/site-packages/paddle/utils/cpp_extension/extension_utils.py:712: UserWarning: No ccache found. Please be aware that recompiling all source files may be required. You can download and install ccache from: https://github.com/ccache/ccache/blob/master/doc/INSTALL.md
  warnings.warn(warning_message)
/Users/zhaowenyuan/Projects/FlowFigTabMiner/flowfigtabminer/lib/python3.9/site-packages/paddle/utils/cpp_extension/extension_utils.py:712: UserWarning: No ccache found. Please be aware that recompiling all source files may be required. You can download and install ccache from: https://github.com/ccache/ccache/blob/master/doc/INSTALL.md
  warnings.warn(warning_message)
/Users/zhaowenyuan/Projects/FlowFigTabMiner/flowfigtabminer/lib/python3.9/site-packages/paddle/utils/cpp_extension/extension_utils.py:712: UserWarning: No ccache found. Please be aware that recompiling all source files may be required. You can download and install ccache from: https://github.com/ccache/ccache/blob/master/doc/INSTALL.md
  warnings.warn(warning_message)
/Users/zhaowenyuan/Projects/FlowFigTabMiner/flowfigtabminer/lib/python3.9/site-packages/paddle/utils/cpp_extension/extension_utils.py:712: UserWarning: No ccache found. Please be aware that recompiling all source files may be required. You can download and install ccache from: https://github.com/ccache/ccache/blob/master/doc/INSTALL.md
  warnings.warn(warning_message)
/Users/zhaowenyuan/Projects/FlowFigTabMiner/flowfigtabminer/lib/python3.9/site-packages/urllib3/__init__.py:35: NotOpenSSLWarning: urllib3 v2 only supports OpenSSL 1.1.1+, currently the 'ssl' module is compiled with 'LibreSSL 2.8.3'. See: https://github.com/urllib3/urllib3/issues/3020
  warnings.warn(
/Users/zhaowenyuan/Projects/FlowFigTabMiner/flowfigtabminer/lib/python3.9/site-packages/urllib3/__init__.py:35: NotOpenSSLWarning: urllib3 v2 only supports OpenSSL 1.1.1+, currently the 'ssl' module is compiled with 'LibreSSL 2.8.3'. See: https://github.com/urllib3/urllib3/issues/3020
  warnings.warn(
/Users/zhaowenyuan/Projects/FlowFigTabMiner/flowfigtabminer/lib/python3.9/site-packages/urllib3/__init__.py:35: NotOpenSSLWarning: urllib3 v2 only supports OpenSSL 1.1.1+, currently the 'ssl' module is compiled with 'LibreSSL 2.8.3'. See: https://github.com/urllib3/urllib3/issues/3020
  warnings.warn(
/Users/zhaowenyuan/Projects/FlowFigTabMiner/flowfigtabminer/lib/python3.9/site-packages/urllib3/__init__.py:35: NotOpenSSLWarning: urllib3 v2 only supports OpenSSL 1.1.1+, currently the 'ssl' module is compiled with 'LibreSSL 2.8.3'. See: https://github.com/urllib3/urllib3/issues/3020
  warnings.warn(
/Users/zhaowenyuan/Projects/FlowFigTabMiner/flowfigtabminer/lib/python3.9/site-packages/urllib3/__init__.py:35: NotOpenSSLWarning: urllib3 v2 only supports OpenSSL 1.1.1+, currently the 'ssl' module is compiled with 'LibreSSL 2.8.3'. See: https://github.com/urllib3/urllib3/issues/3020
  warnings.warn(
/Users/zhaowenyuan/Projects/FlowFigTabMiner/flowfigtabminer/lib/python3.9/site-packages/urllib3/__init__.py:35: NotOpenSSLWarning: urllib3 v2 only supports OpenSSL 1.1.1+, currently the 'ssl' module is compiled with 'LibreSSL 2.8.3'. See: https://github.com/urllib3/urllib3/issues/3020
  warnings.warn(
/Users/zhaowenyuan/Projects/FlowFigTabMiner/flowfigtabminer/lib/python3.9/site-packages/urllib3/__init__.py:35: NotOpenSSLWarning: urllib3 v2 only supports OpenSSL 1.1.1+, currently the 'ssl' module is compiled with 'LibreSSL 2.8.3'. See: https://github.com/urllib3/urllib3/issues/3020
  warnings.warn(
/Users/zhaowenyuan/Projects/FlowFigTabMiner/flowfigtabminer/lib/python3.9/site-packages/urllib3/__init__.py:35: NotOpenSSLWarning: urllib3 v2 only supports OpenSSL 1.1.1+, currently the 'ssl' module is compiled with 'LibreSSL 2.8.3'. See: https://github.com/urllib3/urllib3/issues/3020
  warnings.warn(
/Users/zhaowenyuan/Projects/FlowFigTabMiner/flowfigtabminer/lib/python3.9/site-packages/urllib3/__init__.py:35: NotOpenSSLWarning: urllib3 v2 only supports OpenSSL 1.1.1+, currently the 'ssl' module is compiled with 'LibreSSL 2.8.3'. See: https://github.com/urllib3/urllib3/issues/3020
  warnings.warn(
/Users/zhaowenyuan/Projects/FlowFigTabMiner/flowfigtabminer/lib/python3.9/site-packages/urllib3/__init__.py:35: NotOpenSSLWarning: urllib3 v2 only supports OpenSSL 1.1.1+, currently the 'ssl' module is compiled with 'LibreSSL 2.8.3'. See: https://github.com/urllib3/urllib3/issues/3020
  warnings.warn(
/Users/zhaowenyuan/Projects/FlowFigTabMiner/flowfigtabminer/lib/python3.9/site-packages/urllib3/__init__.py:35: NotOpenSSLWarning: urllib3 v2 only supports OpenSSL 1.1.1+, currently the 'ssl' module is compiled with 'LibreSSL 2.8.3'. See: https://github.com/urllib3/urllib3/issues/3020
  warnings.warn(
[33mChecking connectivity to the model hosters, this may take a while. To bypass this check, set `DISABLE_MODEL_SOURCE_CHECK` to `True`.[0m
/Users/zhaowenyuan/Projects/FlowFigTabMiner/flowfigtabminer/lib/python3.9/site-packages/urllib3/__init__.py:35: NotOpenSSLWarning: urllib3 v2 only supports OpenSSL 1.1.1+, currently the 'ssl' module is compiled with 'LibreSSL 2.8.3'. See: https://github.com/urllib3/urllib3/issues/3020
  warnings.warn(
/Users/zhaowenyuan/Projects/FlowFigTabMiner/flowfigtabminer/lib/python3.9/site-packages/urllib3/__init__.py:35: NotOpenSSLWarning: urllib3 v2 only supports OpenSSL 1.1.1+, currently the 'ssl' module is compiled with 'LibreSSL 2.8.3'. See: https://github.com/urllib3/urllib3/issues/3020
  warnings.warn(
/Users/zhaowenyuan/Projects/FlowFigTabMiner/flowfigtabminer/lib/python3.9/site-packages/urllib3/__init__.py:35: NotOpenSSLWarning: urllib3 v2 only supports OpenSSL 1.1.1+, currently the 'ssl' module is compiled with 'LibreSSL 2.8.3'. See: https://github.com/urllib3/urllib3/issues/3020
  warnings.warn(
/Users/zhaowenyuan/Projects/FlowFigTabMiner/flowfigtabminer/lib/python3.9/site-packages/urllib3/__init__.py:35: NotOpenSSLWarning: urllib3 v2 only supports OpenSSL 1.1.1+, currently the 'ssl' module is compiled with 'LibreSSL 2.8.3'. See: https://github.com/urllib3/urllib3/issues/3020
  warnings.warn(
/Users/zhaowenyuan/Projects/FlowFigTabMiner/flowfigtabminer/lib/python3.9/site-packages/urllib3/__init__.py:35: NotOpenSSLWarning: urllib3 v2 only supports OpenSSL 1.1.1+, currently the 'ssl' module is compiled with 'LibreSSL 2.8.3'. See: https://github.com/urllib3/urllib3/issues/3020
  warnings.warn(
[33mChecking connectivity to the model hosters, this may take a while. To bypass this check, set `DISABLE_MODEL_SOURCE_CHECK` to `True`.[0m
[33mChecking connectivity to the model hosters, this may take a while. To bypass this check, set `DISABLE_MODEL_SOURCE_CHECK` to `True`.[0m
[33mChecking connectivity to the model hosters, this may take a while. To bypass this check, set `DISABLE_MODEL_SOURCE_CHECK` to `True`.[0m
[33mChecking connectivity to the model hosters, this may take a while. To bypass this check, set `DISABLE_MODEL_SOURCE_CHECK` to `True`.[0m
[33mChecking connectivity to the model hosters, this may take a while. To bypass this check, set `DISABLE_MODEL_SOURCE_CHECK` to `True`.[0m
[33mChecking connectivity to the model hosters, this may take a while. To bypass this check, set `DISABLE_MODEL_SOURCE_CHECK` to `True`.[0m
[33mChecking connectivity to the model hosters, this may take a while. To bypass this check, set `DISABLE_MODEL_SOURCE_CHECK` to `True`.[0m
[33mChecking connectivity to the model hosters, this may take a while. To bypass this check, set `DISABLE_MODEL_SOURCE_CHECK` to `True`.[0m
[33mChecking connectivity to the model hosters, this may take a while. To bypass this check, set `DISABLE_MODEL_SOURCE_CHECK` to `True`.[0m
[33mChecking connectivity to the model hosters, this may take a while. To bypass this check, set `DISABLE_MODEL_SOURCE_CHECK` to `True`.[0m
[33mChecking connectivity to the model hosters, this may take a while. To bypass this check, set `DISABLE_MODEL_SOURCE_CHECK` to `True`.[0m
[33mChecking connectivity to the model hosters, this may take a while. To bypass this check, set `DISABLE_MODEL_SOURCE_CHECK` to `True`.[0m
[33mChecking connectivity to the model hosters, this may take a while. To bypass this check, set `DISABLE_MODEL_SOURCE_CHECK` to `True`.[0m
[33mChecking connectivity to the model hosters, this may take a while. To bypass this check, set `DISABLE_MODEL_SOURCE_CHECK` to `True`.[0m
[33mChecking connectivity to the model hosters, this may take a while. To bypass this check, set `DISABLE_MODEL_SOURCE_CHECK` to `True`.[0m
/Users/zhaowenyuan/Projects/FlowFigTabMiner/flowfigtabminer/lib/python3.9/site-packages/onmt/modules/sparse_activations.py:48: FutureWarning: `torch.cuda.amp.custom_fwd(args...)` is deprecated. Please use `torch.amp.custom_fwd(args..., device_type='cuda')` instead.
  def forward(ctx, input, dim=0):
/Users/zhaowenyuan/Projects/FlowFigTabMiner/flowfigtabminer/lib/python3.9/site-packages/onmt/modules/sparse_activations.py:68: FutureWarning: `torch.cuda.amp.custom_bwd(args...)` is deprecated. Please use `torch.amp.custom_bwd(args..., device_type='cuda')` instead.
  def backward(ctx, grad_output):
/Users/zhaowenyuan/Projects/FlowFigTabMiner/flowfigtabminer/lib/python3.9/site-packages/onmt/modules/sparse_losses.py:13: FutureWarning: `torch.cuda.amp.custom_fwd(args...)` is deprecated. Please use `torch.amp.custom_fwd(args..., device_type='cuda')` instead.
  def forward(ctx, input, target):
/Users/zhaowenyuan/Projects/FlowFigTabMiner/flowfigtabminer/lib/python3.9/site-packages/onmt/modules/sparse_losses.py:37: FutureWarning: `torch.cuda.amp.custom_bwd(args...)` is deprecated. Please use `torch.amp.custom_bwd(args..., device_type='cuda')` instead.
  def backward(ctx, grad_output):
   -> Box 24: SMILES='*C(F)I' | Masked (White Box)
   -> [Debug] Upscaled TINY box 25 by 2.2x (157x136 -> 346x300)
/Users/zhaowenyuan/Projects/FlowFigTabMiner/flowfigtabminer/lib/python3.9/site-packages/paddle/utils/cpp_extension/extension_utils.py:712: UserWarning: No ccache found. Please be aware that recompiling all source files may be required. You can download and install ccache from: https://github.com/ccache/ccache/blob/master/doc/INSTALL.md
  warnings.warn(warning_message)
/Users/zhaowenyuan/Projects/FlowFigTabMiner/flowfigtabminer/lib/python3.9/site-packages/paddle/utils/cpp_extension/extension_utils.py:712: UserWarning: No ccache found. Please be aware that recompiling all source files may be required. You can download and install ccache from: https://github.com/ccache/ccache/blob/master/doc/INSTALL.md
  warnings.warn(warning_message)
/Users/zhaowenyuan/Projects/FlowFigTabMiner/flowfigtabminer/lib/python3.9/site-packages/paddle/utils/cpp_extension/extension_utils.py:712: UserWarning: No ccache found. Please be aware that recompiling all source files may be required. You can download and install ccache from: https://github.com/ccache/ccache/blob/master/doc/INSTALL.md
  warnings.warn(warning_message)
/Users/zhaowenyuan/Projects/FlowFigTabMiner/flowfigtabminer/lib/python3.9/site-packages/paddle/utils/cpp_extension/extension_utils.py:712: UserWarning: No ccache found. Please be aware that recompiling all source files may be required. You can download and install ccache from: https://github.com/ccache/ccache/blob/master/doc/INSTALL.md
  warnings.warn(warning_message)
/Users/zhaowenyuan/Projects/FlowFigTabMiner/flowfigtabminer/lib/python3.9/site-packages/paddle/utils/cpp_extension/extension_utils.py:712: UserWarning: No ccache found. Please be aware that recompiling all source files may be required. You can download and install ccache from: https://github.com/ccache/ccache/blob/master/doc/INSTALL.md
  warnings.warn(warning_message)
/Users/zhaowenyuan/Projects/FlowFigTabMiner/flowfigtabminer/lib/python3.9/site-packages/paddle/utils/cpp_extension/extension_utils.py:712: UserWarning: No ccache found. Please be aware that recompiling all source files may be required. You can download and install ccache from: https://github.com/ccache/ccache/blob/master/doc/INSTALL.md
  warnings.warn(warning_message)
/Users/zhaowenyuan/Projects/FlowFigTabMiner/flowfigtabminer/lib/python3.9/site-packages/paddle/utils/cpp_extension/extension_utils.py:712: UserWarning: No ccache found. Please be aware that recompiling all source files may be required. You can download and install ccache from: https://github.com/ccache/ccache/blob/master/doc/INSTALL.md
  warnings.warn(warning_message)
/Users/zhaowenyuan/Projects/FlowFigTabMiner/flowfigtabminer/lib/python3.9/site-packages/paddle/utils/cpp_extension/extension_utils.py:712: UserWarning: No ccache found. Please be aware that recompiling all source files may be required. You can download and install ccache from: https://github.com/ccache/ccache/blob/master/doc/INSTALL.md
  warnings.warn(warning_message)
/Users/zhaowenyuan/Projects/FlowFigTabMiner/flowfigtabminer/lib/python3.9/site-packages/paddle/utils/cpp_extension/extension_utils.py:712: UserWarning: No ccache found. Please be aware that recompiling all source files may be required. You can download and install ccache from: https://github.com/ccache/ccache/blob/master/doc/INSTALL.md
  warnings.warn(warning_message)
/Users/zhaowenyuan/Projects/FlowFigTabMiner/flowfigtabminer/lib/python3.9/site-packages/paddle/utils/cpp_extension/extension_utils.py:712: UserWarning: No ccache found. Please be aware that recompiling all source files may be required. You can download and install ccache from: https://github.com/ccache/ccache/blob/master/doc/INSTALL.md
  warnings.warn(warning_message)
/Users/zhaowenyuan/Projects/FlowFigTabMiner/flowfigtabminer/lib/python3.9/site-packages/paddle/utils/cpp_extension/extension_utils.py:712: UserWarning: No ccache found. Please be aware that recompiling all source files may be required. You can download and install ccache from: https://github.com/ccache/ccache/blob/master/doc/INSTALL.md
  warnings.warn(warning_message)
/Users/zhaowenyuan/Projects/FlowFigTabMiner/flowfigtabminer/lib/python3.9/site-packages/paddle/utils/cpp_extension/extension_utils.py:712: UserWarning: No ccache found. Please be aware that recompiling all source files may be required. You can download and install ccache from: https://github.com/ccache/ccache/blob/master/doc/INSTALL.md
  warnings.warn(warning_message)
/Users/zhaowenyuan/Projects/FlowFigTabMiner/flowfigtabminer/lib/python3.9/site-packages/paddle/utils/cpp_extension/extension_utils.py:712: UserWarning: No ccache found. Please be aware that recompiling all source files may be required. You can download and install ccache from: https://github.com/ccache/ccache/blob/master/doc/INSTALL.md
  warnings.warn(warning_message)
/Users/zhaowenyuan/Projects/FlowFigTabMiner/flowfigtabminer/lib/python3.9/site-packages/paddle/utils/cpp_extension/extension_utils.py:712: UserWarning: No ccache found. Please be aware that recompiling all source files may be required. You can download and install ccache from: https://github.com/ccache/ccache/blob/master/doc/INSTALL.md
  warnings.warn(warning_message)
/Users/zhaowenyuan/Projects/FlowFigTabMiner/flowfigtabminer/lib/python3.9/site-packages/paddle/utils/cpp_extension/extension_utils.py:712: UserWarning: No ccache found. Please be aware that recompiling all source files may be required. You can download and install ccache from: https://github.com/ccache/ccache/blob/master/doc/INSTALL.md
  warnings.warn(warning_message)
/Users/zhaowenyuan/Projects/FlowFigTabMiner/flowfigtabminer/lib/python3.9/site-packages/paddle/utils/cpp_extension/extension_utils.py:712: UserWarning: No ccache found. Please be aware that recompiling all source files may be required. You can download and install ccache from: https://github.com/ccache/ccache/blob/master/doc/INSTALL.md
  warnings.warn(warning_message)
/Users/zhaowenyuan/Projects/FlowFigTabMiner/flowfigtabminer/lib/python3.9/site-packages/urllib3/__init__.py:35: NotOpenSSLWarning: urllib3 v2 only supports OpenSSL 1.1.1+, currently the 'ssl' module is compiled with 'LibreSSL 2.8.3'. See: https://github.com/urllib3/urllib3/issues/3020
  warnings.warn(
/Users/zhaowenyuan/Projects/FlowFigTabMiner/flowfigtabminer/lib/python3.9/site-packages/urllib3/__init__.py:35: NotOpenSSLWarning: urllib3 v2 only supports OpenSSL 1.1.1+, currently the 'ssl' module is compiled with 'LibreSSL 2.8.3'. See: https://github.com/urllib3/urllib3/issues/3020
  warnings.warn(
/Users/zhaowenyuan/Projects/FlowFigTabMiner/flowfigtabminer/lib/python3.9/site-packages/urllib3/__init__.py:35: NotOpenSSLWarning: urllib3 v2 only supports OpenSSL 1.1.1+, currently the 'ssl' module is compiled with 'LibreSSL 2.8.3'. See: https://github.com/urllib3/urllib3/issues/3020
  warnings.warn(
/Users/zhaowenyuan/Projects/FlowFigTabMiner/flowfigtabminer/lib/python3.9/site-packages/urllib3/__init__.py:35: NotOpenSSLWarning: urllib3 v2 only supports OpenSSL 1.1.1+, currently the 'ssl' module is compiled with 'LibreSSL 2.8.3'. See: https://github.com/urllib3/urllib3/issues/3020
  warnings.warn(
/Users/zhaowenyuan/Projects/FlowFigTabMiner/flowfigtabminer/lib/python3.9/site-packages/urllib3/__init__.py:35: NotOpenSSLWarning: urllib3 v2 only supports OpenSSL 1.1.1+, currently the 'ssl' module is compiled with 'LibreSSL 2.8.3'. See: https://github.com/urllib3/urllib3/issues/3020
  warnings.warn(
/Users/zhaowenyuan/Projects/FlowFigTabMiner/flowfigtabminer/lib/python3.9/site-packages/urllib3/__init__.py:35: NotOpenSSLWarning: urllib3 v2 only supports OpenSSL 1.1.1+, currently the 'ssl' module is compiled with 'LibreSSL 2.8.3'. See: https://github.com/urllib3/urllib3/issues/3020
  warnings.warn(
/Users/zhaowenyuan/Projects/FlowFigTabMiner/flowfigtabminer/lib/python3.9/site-packages/urllib3/__init__.py:35: NotOpenSSLWarning: urllib3 v2 only supports OpenSSL 1.1.1+, currently the 'ssl' module is compiled with 'LibreSSL 2.8.3'. See: https://github.com/urllib3/urllib3/issues/3020
  warnings.warn(
/Users/zhaowenyuan/Projects/FlowFigTabMiner/flowfigtabminer/lib/python3.9/site-packages/urllib3/__init__.py:35: NotOpenSSLWarning: urllib3 v2 only supports OpenSSL 1.1.1+, currently the 'ssl' module is compiled with 'LibreSSL 2.8.3'. See: https://github.com/urllib3/urllib3/issues/3020
  warnings.warn(
[33mChecking connectivity to the model hosters, this may take a while. To bypass this check, set `DISABLE_MODEL_SOURCE_CHECK` to `True`.[0m
/Users/zhaowenyuan/Projects/FlowFigTabMiner/flowfigtabminer/lib/python3.9/site-packages/urllib3/__init__.py:35: NotOpenSSLWarning: urllib3 v2 only supports OpenSSL 1.1.1+, currently the 'ssl' module is compiled with 'LibreSSL 2.8.3'. See: https://github.com/urllib3/urllib3/issues/3020
  warnings.warn(
/Users/zhaowenyuan/Projects/FlowFigTabMiner/flowfigtabminer/lib/python3.9/site-packages/urllib3/__init__.py:35: NotOpenSSLWarning: urllib3 v2 only supports OpenSSL 1.1.1+, currently the 'ssl' module is compiled with 'LibreSSL 2.8.3'. See: https://github.com/urllib3/urllib3/issues/3020
  warnings.warn(
/Users/zhaowenyuan/Projects/FlowFigTabMiner/flowfigtabminer/lib/python3.9/site-packages/urllib3/__init__.py:35: NotOpenSSLWarning: urllib3 v2 only supports OpenSSL 1.1.1+, currently the 'ssl' module is compiled with 'LibreSSL 2.8.3'. See: https://github.com/urllib3/urllib3/issues/3020
  warnings.warn(
/Users/zhaowenyuan/Projects/FlowFigTabMiner/flowfigtabminer/lib/python3.9/site-packages/urllib3/__init__.py:35: NotOpenSSLWarning: urllib3 v2 only supports OpenSSL 1.1.1+, currently the 'ssl' module is compiled with 'LibreSSL 2.8.3'. See: https://github.com/urllib3/urllib3/issues/3020
  warnings.warn(
/Users/zhaowenyuan/Projects/FlowFigTabMiner/flowfigtabminer/lib/python3.9/site-packages/urllib3/__init__.py:35: NotOpenSSLWarning: urllib3 v2 only supports OpenSSL 1.1.1+, currently the 'ssl' module is compiled with 'LibreSSL 2.8.3'. See: https://github.com/urllib3/urllib3/issues/3020
  warnings.warn(
/Users/zhaowenyuan/Projects/FlowFigTabMiner/flowfigtabminer/lib/python3.9/site-packages/urllib3/__init__.py:35: NotOpenSSLWarning: urllib3 v2 only supports OpenSSL 1.1.1+, currently the 'ssl' module is compiled with 'LibreSSL 2.8.3'. See: https://github.com/urllib3/urllib3/issues/3020
  warnings.warn(
/Users/zhaowenyuan/Projects/FlowFigTabMiner/flowfigtabminer/lib/python3.9/site-packages/urllib3/__init__.py:35: NotOpenSSLWarning: urllib3 v2 only supports OpenSSL 1.1.1+, currently the 'ssl' module is compiled with 'LibreSSL 2.8.3'. See: https://github.com/urllib3/urllib3/issues/3020
  warnings.warn(
/Users/zhaowenyuan/Projects/FlowFigTabMiner/flowfigtabminer/lib/python3.9/site-packages/urllib3/__init__.py:35: NotOpenSSLWarning: urllib3 v2 only supports OpenSSL 1.1.1+, currently the 'ssl' module is compiled with 'LibreSSL 2.8.3'. See: https://github.com/urllib3/urllib3/issues/3020
  warnings.warn(
[33mChecking connectivity to the model hosters, this may take a while. To bypass this check, set `DISABLE_MODEL_SOURCE_CHECK` to `True`.[0m
[33mChecking connectivity to the model hosters, this may take a while. To bypass this check, set `DISABLE_MODEL_SOURCE_CHECK` to `True`.[0m
[33mChecking connectivity to the model hosters, this may take a while. To bypass this check, set `DISABLE_MODEL_SOURCE_CHECK` to `True`.[0m
[33mChecking connectivity to the model hosters, this may take a while. To bypass this check, set `DISABLE_MODEL_SOURCE_CHECK` to `True`.[0m
[33mChecking connectivity to the model hosters, this may take a while. To bypass this check, set `DISABLE_MODEL_SOURCE_CHECK` to `True`.[0m
[33mChecking connectivity to the model hosters, this may take a while. To bypass this check, set `DISABLE_MODEL_SOURCE_CHECK` to `True`.[0m
[33mChecking connectivity to the model hosters, this may take a while. To bypass this check, set `DISABLE_MODEL_SOURCE_CHECK` to `True`.[0m
[33mChecking connectivity to the model hosters, this may take a while. To bypass this check, set `DISABLE_MODEL_SOURCE_CHECK` to `True`.[0m
[33mChecking connectivity to the model hosters, this may take a while. To bypass this check, set `DISABLE_MODEL_SOURCE_CHECK` to `True`.[0m
[33mChecking connectivity to the model hosters, this may take a while. To bypass this check, set `DISABLE_MODEL_SOURCE_CHECK` to `True`.[0m
[33mChecking connectivity to the model hosters, this may take a while. To bypass this check, set `DISABLE_MODEL_SOURCE_CHECK` to `True`.[0m
[33mChecking connectivity to the model hosters, this may take a while. To bypass this check, set `DISABLE_MODEL_SOURCE_CHECK` to `True`.[0m
[33mChecking connectivity to the model hosters, this may take a while. To bypass this check, set `DISABLE_MODEL_SOURCE_CHECK` to `True`.[0m
[33mChecking connectivity to the model hosters, this may take a while. To bypass this check, set `DISABLE_MODEL_SOURCE_CHECK` to `True`.[0m
[33mChecking connectivity to the model hosters, this may take a while. To bypass this check, set `DISABLE_MODEL_SOURCE_CHECK` to `True`.[0m
/Users/zhaowenyuan/Projects/FlowFigTabMiner/flowfigtabminer/lib/python3.9/site-packages/onmt/modules/sparse_activations.py:48: FutureWarning: `torch.cuda.amp.custom_fwd(args...)` is deprecated. Please use `torch.amp.custom_fwd(args..., device_type='cuda')` instead.
  def forward(ctx, input, dim=0):
/Users/zhaowenyuan/Projects/FlowFigTabMiner/flowfigtabminer/lib/python3.9/site-packages/onmt/modules/sparse_activations.py:68: FutureWarning: `torch.cuda.amp.custom_bwd(args...)` is deprecated. Please use `torch.amp.custom_bwd(args..., device_type='cuda')` instead.
  def backward(ctx, grad_output):
/Users/zhaowenyuan/Projects/FlowFigTabMiner/flowfigtabminer/lib/python3.9/site-packages/onmt/modules/sparse_losses.py:13: FutureWarning: `torch.cuda.amp.custom_fwd(args...)` is deprecated. Please use `torch.amp.custom_fwd(args..., device_type='cuda')` instead.
  def forward(ctx, input, target):
/Users/zhaowenyuan/Projects/FlowFigTabMiner/flowfigtabminer/lib/python3.9/site-packages/onmt/modules/sparse_losses.py:37: FutureWarning: `torch.cuda.amp.custom_bwd(args...)` is deprecated. Please use `torch.amp.custom_bwd(args..., device_type='cuda')` instead.
  def backward(ctx, grad_output):
   -> Box 25: SMILES='*C(F)I' | Masked (White Box)
   -> [Debug] Upscaled TINY box 26 by 2.2x (154x137 -> 337x300)
/Users/zhaowenyuan/Projects/FlowFigTabMiner/flowfigtabminer/lib/python3.9/site-packages/paddle/utils/cpp_extension/extension_utils.py:712: UserWarning: No ccache found. Please be aware that recompiling all source files may be required. You can download and install ccache from: https://github.com/ccache/ccache/blob/master/doc/INSTALL.md
  warnings.warn(warning_message)
/Users/zhaowenyuan/Projects/FlowFigTabMiner/flowfigtabminer/lib/python3.9/site-packages/paddle/utils/cpp_extension/extension_utils.py:712: UserWarning: No ccache found. Please be aware that recompiling all source files may be required. You can download and install ccache from: https://github.com/ccache/ccache/blob/master/doc/INSTALL.md
  warnings.warn(warning_message)
/Users/zhaowenyuan/Projects/FlowFigTabMiner/flowfigtabminer/lib/python3.9/site-packages/paddle/utils/cpp_extension/extension_utils.py:712: UserWarning: No ccache found. Please be aware that recompiling all source files may be required. You can download and install ccache from: https://github.com/ccache/ccache/blob/master/doc/INSTALL.md
  warnings.warn(warning_message)
/Users/zhaowenyuan/Projects/FlowFigTabMiner/flowfigtabminer/lib/python3.9/site-packages/paddle/utils/cpp_extension/extension_utils.py:712: UserWarning: No ccache found. Please be aware that recompiling all source files may be required. You can download and install ccache from: https://github.com/ccache/ccache/blob/master/doc/INSTALL.md
  warnings.warn(warning_message)
/Users/zhaowenyuan/Projects/FlowFigTabMiner/flowfigtabminer/lib/python3.9/site-packages/paddle/utils/cpp_extension/extension_utils.py:712: UserWarning: No ccache found. Please be aware that recompiling all source files may be required. You can download and install ccache from: https://github.com/ccache/ccache/blob/master/doc/INSTALL.md
  warnings.warn(warning_message)
/Users/zhaowenyuan/Projects/FlowFigTabMiner/flowfigtabminer/lib/python3.9/site-packages/paddle/utils/cpp_extension/extension_utils.py:712: UserWarning: No ccache found. Please be aware that recompiling all source files may be required. You can download and install ccache from: https://github.com/ccache/ccache/blob/master/doc/INSTALL.md
  warnings.warn(warning_message)
/Users/zhaowenyuan/Projects/FlowFigTabMiner/flowfigtabminer/lib/python3.9/site-packages/paddle/utils/cpp_extension/extension_utils.py:712: UserWarning: No ccache found. Please be aware that recompiling all source files may be required. You can download and install ccache from: https://github.com/ccache/ccache/blob/master/doc/INSTALL.md
  warnings.warn(warning_message)
/Users/zhaowenyuan/Projects/FlowFigTabMiner/flowfigtabminer/lib/python3.9/site-packages/paddle/utils/cpp_extension/extension_utils.py:712: UserWarning: No ccache found. Please be aware that recompiling all source files may be required. You can download and install ccache from: https://github.com/ccache/ccache/blob/master/doc/INSTALL.md
  warnings.warn(warning_message)
/Users/zhaowenyuan/Projects/FlowFigTabMiner/flowfigtabminer/lib/python3.9/site-packages/paddle/utils/cpp_extension/extension_utils.py:712: UserWarning: No ccache found. Please be aware that recompiling all source files may be required. You can download and install ccache from: https://github.com/ccache/ccache/blob/master/doc/INSTALL.md
  warnings.warn(warning_message)
/Users/zhaowenyuan/Projects/FlowFigTabMiner/flowfigtabminer/lib/python3.9/site-packages/paddle/utils/cpp_extension/extension_utils.py:712: UserWarning: No ccache found. Please be aware that recompiling all source files may be required. You can download and install ccache from: https://github.com/ccache/ccache/blob/master/doc/INSTALL.md
  warnings.warn(warning_message)
/Users/zhaowenyuan/Projects/FlowFigTabMiner/flowfigtabminer/lib/python3.9/site-packages/paddle/utils/cpp_extension/extension_utils.py:712: UserWarning: No ccache found. Please be aware that recompiling all source files may be required. You can download and install ccache from: https://github.com/ccache/ccache/blob/master/doc/INSTALL.md
  warnings.warn(warning_message)
/Users/zhaowenyuan/Projects/FlowFigTabMiner/flowfigtabminer/lib/python3.9/site-packages/paddle/utils/cpp_extension/extension_utils.py:712: UserWarning: No ccache found. Please be aware that recompiling all source files may be required. You can download and install ccache from: https://github.com/ccache/ccache/blob/master/doc/INSTALL.md
  warnings.warn(warning_message)
/Users/zhaowenyuan/Projects/FlowFigTabMiner/flowfigtabminer/lib/python3.9/site-packages/paddle/utils/cpp_extension/extension_utils.py:712: UserWarning: No ccache found. Please be aware that recompiling all source files may be required. You can download and install ccache from: https://github.com/ccache/ccache/blob/master/doc/INSTALL.md
  warnings.warn(warning_message)
/Users/zhaowenyuan/Projects/FlowFigTabMiner/flowfigtabminer/lib/python3.9/site-packages/paddle/utils/cpp_extension/extension_utils.py:712: UserWarning: No ccache found. Please be aware that recompiling all source files may be required. You can download and install ccache from: https://github.com/ccache/ccache/blob/master/doc/INSTALL.md
  warnings.warn(warning_message)
/Users/zhaowenyuan/Projects/FlowFigTabMiner/flowfigtabminer/lib/python3.9/site-packages/paddle/utils/cpp_extension/extension_utils.py:712: UserWarning: No ccache found. Please be aware that recompiling all source files may be required. You can download and install ccache from: https://github.com/ccache/ccache/blob/master/doc/INSTALL.md
  warnings.warn(warning_message)
/Users/zhaowenyuan/Projects/FlowFigTabMiner/flowfigtabminer/lib/python3.9/site-packages/paddle/utils/cpp_extension/extension_utils.py:712: UserWarning: No ccache found. Please be aware that recompiling all source files may be required. You can download and install ccache from: https://github.com/ccache/ccache/blob/master/doc/INSTALL.md
  warnings.warn(warning_message)
/Users/zhaowenyuan/Projects/FlowFigTabMiner/flowfigtabminer/lib/python3.9/site-packages/urllib3/__init__.py:35: NotOpenSSLWarning: urllib3 v2 only supports OpenSSL 1.1.1+, currently the 'ssl' module is compiled with 'LibreSSL 2.8.3'. See: https://github.com/urllib3/urllib3/issues/3020
  warnings.warn(
/Users/zhaowenyuan/Projects/FlowFigTabMiner/flowfigtabminer/lib/python3.9/site-packages/urllib3/__init__.py:35: NotOpenSSLWarning: urllib3 v2 only supports OpenSSL 1.1.1+, currently the 'ssl' module is compiled with 'LibreSSL 2.8.3'. See: https://github.com/urllib3/urllib3/issues/3020
  warnings.warn(
/Users/zhaowenyuan/Projects/FlowFigTabMiner/flowfigtabminer/lib/python3.9/site-packages/urllib3/__init__.py:35: NotOpenSSLWarning: urllib3 v2 only supports OpenSSL 1.1.1+, currently the 'ssl' module is compiled with 'LibreSSL 2.8.3'. See: https://github.com/urllib3/urllib3/issues/3020
  warnings.warn(
/Users/zhaowenyuan/Projects/FlowFigTabMiner/flowfigtabminer/lib/python3.9/site-packages/urllib3/__init__.py:35: NotOpenSSLWarning: urllib3 v2 only supports OpenSSL 1.1.1+, currently the 'ssl' module is compiled with 'LibreSSL 2.8.3'. See: https://github.com/urllib3/urllib3/issues/3020
  warnings.warn(
/Users/zhaowenyuan/Projects/FlowFigTabMiner/flowfigtabminer/lib/python3.9/site-packages/urllib3/__init__.py:35: NotOpenSSLWarning: urllib3 v2 only supports OpenSSL 1.1.1+, currently the 'ssl' module is compiled with 'LibreSSL 2.8.3'. See: https://github.com/urllib3/urllib3/issues/3020
  warnings.warn(
/Users/zhaowenyuan/Projects/FlowFigTabMiner/flowfigtabminer/lib/python3.9/site-packages/urllib3/__init__.py:35: NotOpenSSLWarning: urllib3 v2 only supports OpenSSL 1.1.1+, currently the 'ssl' module is compiled with 'LibreSSL 2.8.3'. See: https://github.com/urllib3/urllib3/issues/3020
  warnings.warn(
/Users/zhaowenyuan/Projects/FlowFigTabMiner/flowfigtabminer/lib/python3.9/site-packages/urllib3/__init__.py:35: NotOpenSSLWarning: urllib3 v2 only supports OpenSSL 1.1.1+, currently the 'ssl' module is compiled with 'LibreSSL 2.8.3'. See: https://github.com/urllib3/urllib3/issues/3020
  warnings.warn(
/Users/zhaowenyuan/Projects/FlowFigTabMiner/flowfigtabminer/lib/python3.9/site-packages/urllib3/__init__.py:35: NotOpenSSLWarning: urllib3 v2 only supports OpenSSL 1.1.1+, currently the 'ssl' module is compiled with 'LibreSSL 2.8.3'. See: https://github.com/urllib3/urllib3/issues/3020
  warnings.warn(
/Users/zhaowenyuan/Projects/FlowFigTabMiner/flowfigtabminer/lib/python3.9/site-packages/urllib3/__init__.py:35: NotOpenSSLWarning: urllib3 v2 only supports OpenSSL 1.1.1+, currently the 'ssl' module is compiled with 'LibreSSL 2.8.3'. See: https://github.com/urllib3/urllib3/issues/3020
  warnings.warn(
[33mChecking connectivity to the model hosters, this may take a while. To bypass this check, set `DISABLE_MODEL_SOURCE_CHECK` to `True`.[0m
/Users/zhaowenyuan/Projects/FlowFigTabMiner/flowfigtabminer/lib/python3.9/site-packages/urllib3/__init__.py:35: NotOpenSSLWarning: urllib3 v2 only supports OpenSSL 1.1.1+, currently the 'ssl' module is compiled with 'LibreSSL 2.8.3'. See: https://github.com/urllib3/urllib3/issues/3020
  warnings.warn(
/Users/zhaowenyuan/Projects/FlowFigTabMiner/flowfigtabminer/lib/python3.9/site-packages/urllib3/__init__.py:35: NotOpenSSLWarning: urllib3 v2 only supports OpenSSL 1.1.1+, currently the 'ssl' module is compiled with 'LibreSSL 2.8.3'. See: https://github.com/urllib3/urllib3/issues/3020
  warnings.warn(
/Users/zhaowenyuan/Projects/FlowFigTabMiner/flowfigtabminer/lib/python3.9/site-packages/urllib3/__init__.py:35: NotOpenSSLWarning: urllib3 v2 only supports OpenSSL 1.1.1+, currently the 'ssl' module is compiled with 'LibreSSL 2.8.3'. See: https://github.com/urllib3/urllib3/issues/3020
  warnings.warn(
/Users/zhaowenyuan/Projects/FlowFigTabMiner/flowfigtabminer/lib/python3.9/site-packages/urllib3/__init__.py:35: NotOpenSSLWarning: urllib3 v2 only supports OpenSSL 1.1.1+, currently the 'ssl' module is compiled with 'LibreSSL 2.8.3'. See: https://github.com/urllib3/urllib3/issues/3020
  warnings.warn(
/Users/zhaowenyuan/Projects/FlowFigTabMiner/flowfigtabminer/lib/python3.9/site-packages/urllib3/__init__.py:35: NotOpenSSLWarning: urllib3 v2 only supports OpenSSL 1.1.1+, currently the 'ssl' module is compiled with 'LibreSSL 2.8.3'. See: https://github.com/urllib3/urllib3/issues/3020
  warnings.warn(
/Users/zhaowenyuan/Projects/FlowFigTabMiner/flowfigtabminer/lib/python3.9/site-packages/urllib3/__init__.py:35: NotOpenSSLWarning: urllib3 v2 only supports OpenSSL 1.1.1+, currently the 'ssl' module is compiled with 'LibreSSL 2.8.3'. See: https://github.com/urllib3/urllib3/issues/3020
  warnings.warn(
/Users/zhaowenyuan/Projects/FlowFigTabMiner/flowfigtabminer/lib/python3.9/site-packages/urllib3/__init__.py:35: NotOpenSSLWarning: urllib3 v2 only supports OpenSSL 1.1.1+, currently the 'ssl' module is compiled with 'LibreSSL 2.8.3'. See: https://github.com/urllib3/urllib3/issues/3020
  warnings.warn(
[33mChecking connectivity to the model hosters, this may take a while. To bypass this check, set `DISABLE_MODEL_SOURCE_CHECK` to `True`.[0m
[33mChecking connectivity to the model hosters, this may take a while. To bypass this check, set `DISABLE_MODEL_SOURCE_CHECK` to `True`.[0m
[33mChecking connectivity to the model hosters, this may take a while. To bypass this check, set `DISABLE_MODEL_SOURCE_CHECK` to `True`.[0m
[33mChecking connectivity to the model hosters, this may take a while. To bypass this check, set `DISABLE_MODEL_SOURCE_CHECK` to `True`.[0m
[33mChecking connectivity to the model hosters, this may take a while. To bypass this check, set `DISABLE_MODEL_SOURCE_CHECK` to `True`.[0m
[33mChecking connectivity to the model hosters, this may take a while. To bypass this check, set `DISABLE_MODEL_SOURCE_CHECK` to `True`.[0m
[33mChecking connectivity to the model hosters, this may take a while. To bypass this check, set `DISABLE_MODEL_SOURCE_CHECK` to `True`.[0m
[33mChecking connectivity to the model hosters, this may take a while. To bypass this check, set `DISABLE_MODEL_SOURCE_CHECK` to `True`.[0m
[33mChecking connectivity to the model hosters, this may take a while. To bypass this check, set `DISABLE_MODEL_SOURCE_CHECK` to `True`.[0m
[33mChecking connectivity to the model hosters, this may take a while. To bypass this check, set `DISABLE_MODEL_SOURCE_CHECK` to `True`.[0m
[33mChecking connectivity to the model hosters, this may take a while. To bypass this check, set `DISABLE_MODEL_SOURCE_CHECK` to `True`.[0m
[33mChecking connectivity to the model hosters, this may take a while. To bypass this check, set `DISABLE_MODEL_SOURCE_CHECK` to `True`.[0m
[33mChecking connectivity to the model hosters, this may take a while. To bypass this check, set `DISABLE_MODEL_SOURCE_CHECK` to `True`.[0m
[33mChecking connectivity to the model hosters, this may take a while. To bypass this check, set `DISABLE_MODEL_SOURCE_CHECK` to `True`.[0m
[33mChecking connectivity to the model hosters, this may take a while. To bypass this check, set `DISABLE_MODEL_SOURCE_CHECK` to `True`.[0m
/Users/zhaowenyuan/Projects/FlowFigTabMiner/flowfigtabminer/lib/python3.9/site-packages/onmt/modules/sparse_activations.py:48: FutureWarning: `torch.cuda.amp.custom_fwd(args...)` is deprecated. Please use `torch.amp.custom_fwd(args..., device_type='cuda')` instead.
  def forward(ctx, input, dim=0):
/Users/zhaowenyuan/Projects/FlowFigTabMiner/flowfigtabminer/lib/python3.9/site-packages/onmt/modules/sparse_activations.py:68: FutureWarning: `torch.cuda.amp.custom_bwd(args...)` is deprecated. Please use `torch.amp.custom_bwd(args..., device_type='cuda')` instead.
  def backward(ctx, grad_output):
/Users/zhaowenyuan/Projects/FlowFigTabMiner/flowfigtabminer/lib/python3.9/site-packages/onmt/modules/sparse_losses.py:13: FutureWarning: `torch.cuda.amp.custom_fwd(args...)` is deprecated. Please use `torch.amp.custom_fwd(args..., device_type='cuda')` instead.
  def forward(ctx, input, target):
/Users/zhaowenyuan/Projects/FlowFigTabMiner/flowfigtabminer/lib/python3.9/site-packages/onmt/modules/sparse_losses.py:37: FutureWarning: `torch.cuda.amp.custom_bwd(args...)` is deprecated. Please use `torch.amp.custom_bwd(args..., device_type='cuda')` instead.
  def backward(ctx, grad_output):
   -> Box 26: SMILES='*C(F)I' | Masked (White Box)
[2026-03-21 17:37:13,249] [    INFO] pipeline.py:195 -       -> Masked 27 molecules with white fills
Loading Table Structure model: microsoft/table-transformer-structure-recognition-v1.1-all on mps...
Using a slow image processor as `use_fast` is unset and a slow processor was saved with this model. `use_fast=True` will be the default behavior in v4.52, even if the model was saved with a slow processor. This will result in minor differences in outputs. You'll still be able to use a slow processor with `use_fast=False`.
   TableStructure: Running inference on mps...
   TableStructure: Inference done.
[2026-03-21 17:37:15,562] [    INFO] pipeline.py:217 -    -> Detected 112 cells via TATR
[2026-03-21 17:37:15,593] [    INFO] pipeline.py:253 -    -> Mapping cells to molecule detections...
[2026-03-21 17:37:15,595] [    INFO] pipeline.py:299 -    -> 25 cells contain molecules, 87 cells need OCR
[2026-03-21 17:37:15,595] [    INFO] pipeline.py:302 -    -> Running OCR on text/number cells...
[2026-03-21 17:37:42,313] [    INFO] pipeline.py:349 -    -> Saved CSV to data/intermediate/example1/tables/page_3_table_0_extracted.csv
[2026-03-21 17:44:23,391] [    INFO] pipeline.py:439 -    -> Saved Evidence JSON to: data/intermediate/example1/tables/page_3_table_0/page_3_table_0_evidence.json
[2026-03-21 17:44:23,911] [    INFO] pipeline.py:125 - Processing Table: data/intermediate/example1/tables/page_4_table_2.png
Loading Table Segmentation YOLO model from models/yolo11m-tab-seg-0209-white/runs/detect/train/weights/best.pt...
Loading Table Segmentation YOLO model from models/yolo11m-tab-seg-0209-white/runs/detect/train/weights/best.pt...
   -> TableFilter Device: MPS
[2026-03-21 17:44:26,774] [    INFO] pipeline.py:151 -    -> Saving 2 component types to data/intermediate/example1/tables/page_4_table_2
[2026-03-21 17:44:26,784] [    INFO] pipeline.py:166 -    -> Using cropped table body: data/intermediate/example1/tables/page_4_table_2/page_4_table_2_body_main.png
Loading PaddleOCR...
[32mCreating model: ('PP-LCNet_x1_0_doc_ori', None)[0m
[32mModel files already exist. Using cached files. To redownload, please delete the directory manually: `/Users/zhaowenyuan/.paddlex/official_models/PP-LCNet_x1_0_doc_ori`.[0m
[32mCreating model: ('UVDoc', None)[0m
[32mModel files already exist. Using cached files. To redownload, please delete the directory manually: `/Users/zhaowenyuan/.paddlex/official_models/UVDoc`.[0m
[32mCreating model: ('PP-LCNet_x1_0_textline_ori', None)[0m
[32mModel files already exist. Using cached files. To redownload, please delete the directory manually: `/Users/zhaowenyuan/.paddlex/official_models/PP-LCNet_x1_0_textline_ori`.[0m
[32mCreating model: ('PP-OCRv5_server_det', None)[0m
[32mModel files already exist. Using cached files. To redownload, please delete the directory manually: `/Users/zhaowenyuan/.paddlex/official_models/PP-OCRv5_server_det`.[0m
[32mCreating model: ('en_PP-OCRv5_mobile_rec', None)[0m
[32mModel files already exist. Using cached files. To redownload, please delete the directory manually: `/Users/zhaowenyuan/.paddlex/official_models/en_PP-OCRv5_mobile_rec`.[0m
Loading MolNexTR...
MolNexTR Loaded Successfully.
[2026-03-21 17:44:27,048] [    INFO] pipeline.py:179 -    -> Detecting and masking molecules with YOLO...
Loading Molecule Detection Model from models/yolo11s-tab-molecule-0207/runs/detect/train/weights/best.pt...
Loading Molecule Detection Model from models/yolo11s-tab-molecule-0207/runs/detect/train/weights/best.pt...
   MoleculeProcessor: YOLO model loaded successfully from models/yolo11s-tab-molecule-0207/runs/detect/train/weights/best.pt (device: MPS)
   MoleculeProcessor: Starting YOLO inference on image 981x1118...
   MoleculeProcessor: YOLO inference done. Found 18 boxes.
   -> Detected 18 potential molecules.
   -> Saved Molecule YOLO debug viz to data/intermediate/example1/tables/page_4_table_2/page_4_table_2_body_main_debug_yolo.png
   -> [Debug] Box 0 sufficient size (272x197). Skipped Upscaling.
/Users/zhaowenyuan/Projects/FlowFigTabMiner/flowfigtabminer/lib/python3.9/site-packages/paddle/utils/cpp_extension/extension_utils.py:712: UserWarning: No ccache found. Please be aware that recompiling all source files may be required. You can download and install ccache from: https://github.com/ccache/ccache/blob/master/doc/INSTALL.md
  warnings.warn(warning_message)
/Users/zhaowenyuan/Projects/FlowFigTabMiner/flowfigtabminer/lib/python3.9/site-packages/paddle/utils/cpp_extension/extension_utils.py:712: UserWarning: No ccache found. Please be aware that recompiling all source files may be required. You can download and install ccache from: https://github.com/ccache/ccache/blob/master/doc/INSTALL.md
  warnings.warn(warning_message)
/Users/zhaowenyuan/Projects/FlowFigTabMiner/flowfigtabminer/lib/python3.9/site-packages/paddle/utils/cpp_extension/extension_utils.py:712: UserWarning: No ccache found. Please be aware that recompiling all source files may be required. You can download and install ccache from: https://github.com/ccache/ccache/blob/master/doc/INSTALL.md
  warnings.warn(warning_message)
/Users/zhaowenyuan/Projects/FlowFigTabMiner/flowfigtabminer/lib/python3.9/site-packages/paddle/utils/cpp_extension/extension_utils.py:712: UserWarning: No ccache found. Please be aware that recompiling all source files may be required. You can download and install ccache from: https://github.com/ccache/ccache/blob/master/doc/INSTALL.md
  warnings.warn(warning_message)
/Users/zhaowenyuan/Projects/FlowFigTabMiner/flowfigtabminer/lib/python3.9/site-packages/paddle/utils/cpp_extension/extension_utils.py:712: UserWarning: No ccache found. Please be aware that recompiling all source files may be required. You can download and install ccache from: https://github.com/ccache/ccache/blob/master/doc/INSTALL.md
  warnings.warn(warning_message)
/Users/zhaowenyuan/Projects/FlowFigTabMiner/flowfigtabminer/lib/python3.9/site-packages/paddle/utils/cpp_extension/extension_utils.py:712: UserWarning: No ccache found. Please be aware that recompiling all source files may be required. You can download and install ccache from: https://github.com/ccache/ccache/blob/master/doc/INSTALL.md
  warnings.warn(warning_message)
/Users/zhaowenyuan/Projects/FlowFigTabMiner/flowfigtabminer/lib/python3.9/site-packages/paddle/utils/cpp_extension/extension_utils.py:712: UserWarning: No ccache found. Please be aware that recompiling all source files may be required. You can download and install ccache from: https://github.com/ccache/ccache/blob/master/doc/INSTALL.md
  warnings.warn(warning_message)
/Users/zhaowenyuan/Projects/FlowFigTabMiner/flowfigtabminer/lib/python3.9/site-packages/paddle/utils/cpp_extension/extension_utils.py:712: UserWarning: No ccache found. Please be aware that recompiling all source files may be required. You can download and install ccache from: https://github.com/ccache/ccache/blob/master/doc/INSTALL.md
  warnings.warn(warning_message)
/Users/zhaowenyuan/Projects/FlowFigTabMiner/flowfigtabminer/lib/python3.9/site-packages/paddle/utils/cpp_extension/extension_utils.py:712: UserWarning: No ccache found. Please be aware that recompiling all source files may be required. You can download and install ccache from: https://github.com/ccache/ccache/blob/master/doc/INSTALL.md
  warnings.warn(warning_message)
/Users/zhaowenyuan/Projects/FlowFigTabMiner/flowfigtabminer/lib/python3.9/site-packages/paddle/utils/cpp_extension/extension_utils.py:712: UserWarning: No ccache found. Please be aware that recompiling all source files may be required. You can download and install ccache from: https://github.com/ccache/ccache/blob/master/doc/INSTALL.md
  warnings.warn(warning_message)
/Users/zhaowenyuan/Projects/FlowFigTabMiner/flowfigtabminer/lib/python3.9/site-packages/paddle/utils/cpp_extension/extension_utils.py:712: UserWarning: No ccache found. Please be aware that recompiling all source files may be required. You can download and install ccache from: https://github.com/ccache/ccache/blob/master/doc/INSTALL.md
  warnings.warn(warning_message)
/Users/zhaowenyuan/Projects/FlowFigTabMiner/flowfigtabminer/lib/python3.9/site-packages/paddle/utils/cpp_extension/extension_utils.py:712: UserWarning: No ccache found. Please be aware that recompiling all source files may be required. You can download and install ccache from: https://github.com/ccache/ccache/blob/master/doc/INSTALL.md
  warnings.warn(warning_message)
/Users/zhaowenyuan/Projects/FlowFigTabMiner/flowfigtabminer/lib/python3.9/site-packages/paddle/utils/cpp_extension/extension_utils.py:712: UserWarning: No ccache found. Please be aware that recompiling all source files may be required. You can download and install ccache from: https://github.com/ccache/ccache/blob/master/doc/INSTALL.md
  warnings.warn(warning_message)
/Users/zhaowenyuan/Projects/FlowFigTabMiner/flowfigtabminer/lib/python3.9/site-packages/paddle/utils/cpp_extension/extension_utils.py:712: UserWarning: No ccache found. Please be aware that recompiling all source files may be required. You can download and install ccache from: https://github.com/ccache/ccache/blob/master/doc/INSTALL.md
  warnings.warn(warning_message)
/Users/zhaowenyuan/Projects/FlowFigTabMiner/flowfigtabminer/lib/python3.9/site-packages/paddle/utils/cpp_extension/extension_utils.py:712: UserWarning: No ccache found. Please be aware that recompiling all source files may be required. You can download and install ccache from: https://github.com/ccache/ccache/blob/master/doc/INSTALL.md
  warnings.warn(warning_message)
/Users/zhaowenyuan/Projects/FlowFigTabMiner/flowfigtabminer/lib/python3.9/site-packages/paddle/utils/cpp_extension/extension_utils.py:712: UserWarning: No ccache found. Please be aware that recompiling all source files may be required. You can download and install ccache from: https://github.com/ccache/ccache/blob/master/doc/INSTALL.md
  warnings.warn(warning_message)
/Users/zhaowenyuan/Projects/FlowFigTabMiner/flowfigtabminer/lib/python3.9/site-packages/urllib3/__init__.py:35: NotOpenSSLWarning: urllib3 v2 only supports OpenSSL 1.1.1+, currently the 'ssl' module is compiled with 'LibreSSL 2.8.3'. See: https://github.com/urllib3/urllib3/issues/3020
  warnings.warn(
/Users/zhaowenyuan/Projects/FlowFigTabMiner/flowfigtabminer/lib/python3.9/site-packages/urllib3/__init__.py:35: NotOpenSSLWarning: urllib3 v2 only supports OpenSSL 1.1.1+, currently the 'ssl' module is compiled with 'LibreSSL 2.8.3'. See: https://github.com/urllib3/urllib3/issues/3020
  warnings.warn(
/Users/zhaowenyuan/Projects/FlowFigTabMiner/flowfigtabminer/lib/python3.9/site-packages/urllib3/__init__.py:35: NotOpenSSLWarning: urllib3 v2 only supports OpenSSL 1.1.1+, currently the 'ssl' module is compiled with 'LibreSSL 2.8.3'. See: https://github.com/urllib3/urllib3/issues/3020
  warnings.warn(
/Users/zhaowenyuan/Projects/FlowFigTabMiner/flowfigtabminer/lib/python3.9/site-packages/urllib3/__init__.py:35: NotOpenSSLWarning: urllib3 v2 only supports OpenSSL 1.1.1+, currently the 'ssl' module is compiled with 'LibreSSL 2.8.3'. See: https://github.com/urllib3/urllib3/issues/3020
  warnings.warn(
/Users/zhaowenyuan/Projects/FlowFigTabMiner/flowfigtabminer/lib/python3.9/site-packages/urllib3/__init__.py:35: NotOpenSSLWarning: urllib3 v2 only supports OpenSSL 1.1.1+, currently the 'ssl' module is compiled with 'LibreSSL 2.8.3'. See: https://github.com/urllib3/urllib3/issues/3020
  warnings.warn(
/Users/zhaowenyuan/Projects/FlowFigTabMiner/flowfigtabminer/lib/python3.9/site-packages/urllib3/__init__.py:35: NotOpenSSLWarning: urllib3 v2 only supports OpenSSL 1.1.1+, currently the 'ssl' module is compiled with 'LibreSSL 2.8.3'. See: https://github.com/urllib3/urllib3/issues/3020
  warnings.warn(
/Users/zhaowenyuan/Projects/FlowFigTabMiner/flowfigtabminer/lib/python3.9/site-packages/urllib3/__init__.py:35: NotOpenSSLWarning: urllib3 v2 only supports OpenSSL 1.1.1+, currently the 'ssl' module is compiled with 'LibreSSL 2.8.3'. See: https://github.com/urllib3/urllib3/issues/3020
  warnings.warn(
[33mChecking connectivity to the model hosters, this may take a while. To bypass this check, set `DISABLE_MODEL_SOURCE_CHECK` to `True`.[0m
/Users/zhaowenyuan/Projects/FlowFigTabMiner/flowfigtabminer/lib/python3.9/site-packages/urllib3/__init__.py:35: NotOpenSSLWarning: urllib3 v2 only supports OpenSSL 1.1.1+, currently the 'ssl' module is compiled with 'LibreSSL 2.8.3'. See: https://github.com/urllib3/urllib3/issues/3020
  warnings.warn(
/Users/zhaowenyuan/Projects/FlowFigTabMiner/flowfigtabminer/lib/python3.9/site-packages/urllib3/__init__.py:35: NotOpenSSLWarning: urllib3 v2 only supports OpenSSL 1.1.1+, currently the 'ssl' module is compiled with 'LibreSSL 2.8.3'. See: https://github.com/urllib3/urllib3/issues/3020
  warnings.warn(
/Users/zhaowenyuan/Projects/FlowFigTabMiner/flowfigtabminer/lib/python3.9/site-packages/urllib3/__init__.py:35: NotOpenSSLWarning: urllib3 v2 only supports OpenSSL 1.1.1+, currently the 'ssl' module is compiled with 'LibreSSL 2.8.3'. See: https://github.com/urllib3/urllib3/issues/3020
  warnings.warn(
/Users/zhaowenyuan/Projects/FlowFigTabMiner/flowfigtabminer/lib/python3.9/site-packages/urllib3/__init__.py:35: NotOpenSSLWarning: urllib3 v2 only supports OpenSSL 1.1.1+, currently the 'ssl' module is compiled with 'LibreSSL 2.8.3'. See: https://github.com/urllib3/urllib3/issues/3020
  warnings.warn(
/Users/zhaowenyuan/Projects/FlowFigTabMiner/flowfigtabminer/lib/python3.9/site-packages/urllib3/__init__.py:35: NotOpenSSLWarning: urllib3 v2 only supports OpenSSL 1.1.1+, currently the 'ssl' module is compiled with 'LibreSSL 2.8.3'. See: https://github.com/urllib3/urllib3/issues/3020
  warnings.warn(
/Users/zhaowenyuan/Projects/FlowFigTabMiner/flowfigtabminer/lib/python3.9/site-packages/urllib3/__init__.py:35: NotOpenSSLWarning: urllib3 v2 only supports OpenSSL 1.1.1+, currently the 'ssl' module is compiled with 'LibreSSL 2.8.3'. See: https://github.com/urllib3/urllib3/issues/3020
  warnings.warn(
/Users/zhaowenyuan/Projects/FlowFigTabMiner/flowfigtabminer/lib/python3.9/site-packages/urllib3/__init__.py:35: NotOpenSSLWarning: urllib3 v2 only supports OpenSSL 1.1.1+, currently the 'ssl' module is compiled with 'LibreSSL 2.8.3'. See: https://github.com/urllib3/urllib3/issues/3020
  warnings.warn(
/Users/zhaowenyuan/Projects/FlowFigTabMiner/flowfigtabminer/lib/python3.9/site-packages/urllib3/__init__.py:35: NotOpenSSLWarning: urllib3 v2 only supports OpenSSL 1.1.1+, currently the 'ssl' module is compiled with 'LibreSSL 2.8.3'. See: https://github.com/urllib3/urllib3/issues/3020
  warnings.warn(
/Users/zhaowenyuan/Projects/FlowFigTabMiner/flowfigtabminer/lib/python3.9/site-packages/urllib3/__init__.py:35: NotOpenSSLWarning: urllib3 v2 only supports OpenSSL 1.1.1+, currently the 'ssl' module is compiled with 'LibreSSL 2.8.3'. See: https://github.com/urllib3/urllib3/issues/3020
  warnings.warn(
[33mChecking connectivity to the model hosters, this may take a while. To bypass this check, set `DISABLE_MODEL_SOURCE_CHECK` to `True`.[0m
[33mChecking connectivity to the model hosters, this may take a while. To bypass this check, set `DISABLE_MODEL_SOURCE_CHECK` to `True`.[0m
[33mChecking connectivity to the model hosters, this may take a while. To bypass this check, set `DISABLE_MODEL_SOURCE_CHECK` to `True`.[0m
[33mChecking connectivity to the model hosters, this may take a while. To bypass this check, set `DISABLE_MODEL_SOURCE_CHECK` to `True`.[0m
[33mChecking connectivity to the model hosters, this may take a while. To bypass this check, set `DISABLE_MODEL_SOURCE_CHECK` to `True`.[0m
[33mChecking connectivity to the model hosters, this may take a while. To bypass this check, set `DISABLE_MODEL_SOURCE_CHECK` to `True`.[0m
[33mChecking connectivity to the model hosters, this may take a while. To bypass this check, set `DISABLE_MODEL_SOURCE_CHECK` to `True`.[0m
[33mChecking connectivity to the model hosters, this may take a while. To bypass this check, set `DISABLE_MODEL_SOURCE_CHECK` to `True`.[0m
[33mChecking connectivity to the model hosters, this may take a while. To bypass this check, set `DISABLE_MODEL_SOURCE_CHECK` to `True`.[0m
[33mChecking connectivity to the model hosters, this may take a while. To bypass this check, set `DISABLE_MODEL_SOURCE_CHECK` to `True`.[0m
[33mChecking connectivity to the model hosters, this may take a while. To bypass this check, set `DISABLE_MODEL_SOURCE_CHECK` to `True`.[0m
[33mChecking connectivity to the model hosters, this may take a while. To bypass this check, set `DISABLE_MODEL_SOURCE_CHECK` to `True`.[0m
[33mChecking connectivity to the model hosters, this may take a while. To bypass this check, set `DISABLE_MODEL_SOURCE_CHECK` to `True`.[0m
[33mChecking connectivity to the model hosters, this may take a while. To bypass this check, set `DISABLE_MODEL_SOURCE_CHECK` to `True`.[0m
[33mChecking connectivity to the model hosters, this may take a while. To bypass this check, set `DISABLE_MODEL_SOURCE_CHECK` to `True`.[0m
/Users/zhaowenyuan/Projects/FlowFigTabMiner/flowfigtabminer/lib/python3.9/site-packages/onmt/modules/sparse_activations.py:48: FutureWarning: `torch.cuda.amp.custom_fwd(args...)` is deprecated. Please use `torch.amp.custom_fwd(args..., device_type='cuda')` instead.
  def forward(ctx, input, dim=0):
/Users/zhaowenyuan/Projects/FlowFigTabMiner/flowfigtabminer/lib/python3.9/site-packages/onmt/modules/sparse_activations.py:68: FutureWarning: `torch.cuda.amp.custom_bwd(args...)` is deprecated. Please use `torch.amp.custom_bwd(args..., device_type='cuda')` instead.
  def backward(ctx, grad_output):
/Users/zhaowenyuan/Projects/FlowFigTabMiner/flowfigtabminer/lib/python3.9/site-packages/onmt/modules/sparse_losses.py:13: FutureWarning: `torch.cuda.amp.custom_fwd(args...)` is deprecated. Please use `torch.amp.custom_fwd(args..., device_type='cuda')` instead.
  def forward(ctx, input, target):
/Users/zhaowenyuan/Projects/FlowFigTabMiner/flowfigtabminer/lib/python3.9/site-packages/onmt/modules/sparse_losses.py:37: FutureWarning: `torch.cuda.amp.custom_bwd(args...)` is deprecated. Please use `torch.amp.custom_bwd(args..., device_type='cuda')` instead.
  def backward(ctx, grad_output):
   -> Box 0: SMILES='COC(=O)c1ccc(C(=O)CF)cc1' | Masked (White Box)
   -> [Debug] Upscaled TINY box 1 by 1.8x (238x167 -> 427x300)
/Users/zhaowenyuan/Projects/FlowFigTabMiner/flowfigtabminer/lib/python3.9/site-packages/paddle/utils/cpp_extension/extension_utils.py:712: UserWarning: No ccache found. Please be aware that recompiling all source files may be required. You can download and install ccache from: https://github.com/ccache/ccache/blob/master/doc/INSTALL.md
  warnings.warn(warning_message)
/Users/zhaowenyuan/Projects/FlowFigTabMiner/flowfigtabminer/lib/python3.9/site-packages/paddle/utils/cpp_extension/extension_utils.py:712: UserWarning: No ccache found. Please be aware that recompiling all source files may be required. You can download and install ccache from: https://github.com/ccache/ccache/blob/master/doc/INSTALL.md
  warnings.warn(warning_message)
/Users/zhaowenyuan/Projects/FlowFigTabMiner/flowfigtabminer/lib/python3.9/site-packages/paddle/utils/cpp_extension/extension_utils.py:712: UserWarning: No ccache found. Please be aware that recompiling all source files may be required. You can download and install ccache from: https://github.com/ccache/ccache/blob/master/doc/INSTALL.md
  warnings.warn(warning_message)
/Users/zhaowenyuan/Projects/FlowFigTabMiner/flowfigtabminer/lib/python3.9/site-packages/paddle/utils/cpp_extension/extension_utils.py:712: UserWarning: No ccache found. Please be aware that recompiling all source files may be required. You can download and install ccache from: https://github.com/ccache/ccache/blob/master/doc/INSTALL.md
  warnings.warn(warning_message)
/Users/zhaowenyuan/Projects/FlowFigTabMiner/flowfigtabminer/lib/python3.9/site-packages/paddle/utils/cpp_extension/extension_utils.py:712: UserWarning: No ccache found. Please be aware that recompiling all source files may be required. You can download and install ccache from: https://github.com/ccache/ccache/blob/master/doc/INSTALL.md
  warnings.warn(warning_message)
/Users/zhaowenyuan/Projects/FlowFigTabMiner/flowfigtabminer/lib/python3.9/site-packages/paddle/utils/cpp_extension/extension_utils.py:712: UserWarning: No ccache found. Please be aware that recompiling all source files may be required. You can download and install ccache from: https://github.com/ccache/ccache/blob/master/doc/INSTALL.md
  warnings.warn(warning_message)
/Users/zhaowenyuan/Projects/FlowFigTabMiner/flowfigtabminer/lib/python3.9/site-packages/paddle/utils/cpp_extension/extension_utils.py:712: UserWarning: No ccache found. Please be aware that recompiling all source files may be required. You can download and install ccache from: https://github.com/ccache/ccache/blob/master/doc/INSTALL.md
  warnings.warn(warning_message)
/Users/zhaowenyuan/Projects/FlowFigTabMiner/flowfigtabminer/lib/python3.9/site-packages/paddle/utils/cpp_extension/extension_utils.py:712: UserWarning: No ccache found. Please be aware that recompiling all source files may be required. You can download and install ccache from: https://github.com/ccache/ccache/blob/master/doc/INSTALL.md
  warnings.warn(warning_message)
/Users/zhaowenyuan/Projects/FlowFigTabMiner/flowfigtabminer/lib/python3.9/site-packages/paddle/utils/cpp_extension/extension_utils.py:712: UserWarning: No ccache found. Please be aware that recompiling all source files may be required. You can download and install ccache from: https://github.com/ccache/ccache/blob/master/doc/INSTALL.md
  warnings.warn(warning_message)
/Users/zhaowenyuan/Projects/FlowFigTabMiner/flowfigtabminer/lib/python3.9/site-packages/paddle/utils/cpp_extension/extension_utils.py:712: UserWarning: No ccache found. Please be aware that recompiling all source files may be required. You can download and install ccache from: https://github.com/ccache/ccache/blob/master/doc/INSTALL.md
  warnings.warn(warning_message)
/Users/zhaowenyuan/Projects/FlowFigTabMiner/flowfigtabminer/lib/python3.9/site-packages/paddle/utils/cpp_extension/extension_utils.py:712: UserWarning: No ccache found. Please be aware that recompiling all source files may be required. You can download and install ccache from: https://github.com/ccache/ccache/blob/master/doc/INSTALL.md
  warnings.warn(warning_message)
/Users/zhaowenyuan/Projects/FlowFigTabMiner/flowfigtabminer/lib/python3.9/site-packages/paddle/utils/cpp_extension/extension_utils.py:712: UserWarning: No ccache found. Please be aware that recompiling all source files may be required. You can download and install ccache from: https://github.com/ccache/ccache/blob/master/doc/INSTALL.md
  warnings.warn(warning_message)
/Users/zhaowenyuan/Projects/FlowFigTabMiner/flowfigtabminer/lib/python3.9/site-packages/paddle/utils/cpp_extension/extension_utils.py:712: UserWarning: No ccache found. Please be aware that recompiling all source files may be required. You can download and install ccache from: https://github.com/ccache/ccache/blob/master/doc/INSTALL.md
  warnings.warn(warning_message)
/Users/zhaowenyuan/Projects/FlowFigTabMiner/flowfigtabminer/lib/python3.9/site-packages/paddle/utils/cpp_extension/extension_utils.py:712: UserWarning: No ccache found. Please be aware that recompiling all source files may be required. You can download and install ccache from: https://github.com/ccache/ccache/blob/master/doc/INSTALL.md
  warnings.warn(warning_message)
/Users/zhaowenyuan/Projects/FlowFigTabMiner/flowfigtabminer/lib/python3.9/site-packages/paddle/utils/cpp_extension/extension_utils.py:712: UserWarning: No ccache found. Please be aware that recompiling all source files may be required. You can download and install ccache from: https://github.com/ccache/ccache/blob/master/doc/INSTALL.md
  warnings.warn(warning_message)
/Users/zhaowenyuan/Projects/FlowFigTabMiner/flowfigtabminer/lib/python3.9/site-packages/paddle/utils/cpp_extension/extension_utils.py:712: UserWarning: No ccache found. Please be aware that recompiling all source files may be required. You can download and install ccache from: https://github.com/ccache/ccache/blob/master/doc/INSTALL.md
  warnings.warn(warning_message)
/Users/zhaowenyuan/Projects/FlowFigTabMiner/flowfigtabminer/lib/python3.9/site-packages/urllib3/__init__.py:35: NotOpenSSLWarning: urllib3 v2 only supports OpenSSL 1.1.1+, currently the 'ssl' module is compiled with 'LibreSSL 2.8.3'. See: https://github.com/urllib3/urllib3/issues/3020
  warnings.warn(
/Users/zhaowenyuan/Projects/FlowFigTabMiner/flowfigtabminer/lib/python3.9/site-packages/urllib3/__init__.py:35: NotOpenSSLWarning: urllib3 v2 only supports OpenSSL 1.1.1+, currently the 'ssl' module is compiled with 'LibreSSL 2.8.3'. See: https://github.com/urllib3/urllib3/issues/3020
  warnings.warn(
/Users/zhaowenyuan/Projects/FlowFigTabMiner/flowfigtabminer/lib/python3.9/site-packages/urllib3/__init__.py:35: NotOpenSSLWarning: urllib3 v2 only supports OpenSSL 1.1.1+, currently the 'ssl' module is compiled with 'LibreSSL 2.8.3'. See: https://github.com/urllib3/urllib3/issues/3020
  warnings.warn(
/Users/zhaowenyuan/Projects/FlowFigTabMiner/flowfigtabminer/lib/python3.9/site-packages/urllib3/__init__.py:35: NotOpenSSLWarning: urllib3 v2 only supports OpenSSL 1.1.1+, currently the 'ssl' module is compiled with 'LibreSSL 2.8.3'. See: https://github.com/urllib3/urllib3/issues/3020
  warnings.warn(
/Users/zhaowenyuan/Projects/FlowFigTabMiner/flowfigtabminer/lib/python3.9/site-packages/urllib3/__init__.py:35: NotOpenSSLWarning: urllib3 v2 only supports OpenSSL 1.1.1+, currently the 'ssl' module is compiled with 'LibreSSL 2.8.3'. See: https://github.com/urllib3/urllib3/issues/3020
  warnings.warn(
/Users/zhaowenyuan/Projects/FlowFigTabMiner/flowfigtabminer/lib/python3.9/site-packages/urllib3/__init__.py:35: NotOpenSSLWarning: urllib3 v2 only supports OpenSSL 1.1.1+, currently the 'ssl' module is compiled with 'LibreSSL 2.8.3'. See: https://github.com/urllib3/urllib3/issues/3020
  warnings.warn(
[33mChecking connectivity to the model hosters, this may take a while. To bypass this check, set `DISABLE_MODEL_SOURCE_CHECK` to `True`.[0m
/Users/zhaowenyuan/Projects/FlowFigTabMiner/flowfigtabminer/lib/python3.9/site-packages/urllib3/__init__.py:35: NotOpenSSLWarning: urllib3 v2 only supports OpenSSL 1.1.1+, currently the 'ssl' module is compiled with 'LibreSSL 2.8.3'. See: https://github.com/urllib3/urllib3/issues/3020
  warnings.warn(
/Users/zhaowenyuan/Projects/FlowFigTabMiner/flowfigtabminer/lib/python3.9/site-packages/urllib3/__init__.py:35: NotOpenSSLWarning: urllib3 v2 only supports OpenSSL 1.1.1+, currently the 'ssl' module is compiled with 'LibreSSL 2.8.3'. See: https://github.com/urllib3/urllib3/issues/3020
  warnings.warn(
/Users/zhaowenyuan/Projects/FlowFigTabMiner/flowfigtabminer/lib/python3.9/site-packages/urllib3/__init__.py:35: NotOpenSSLWarning: urllib3 v2 only supports OpenSSL 1.1.1+, currently the 'ssl' module is compiled with 'LibreSSL 2.8.3'. See: https://github.com/urllib3/urllib3/issues/3020
  warnings.warn(
/Users/zhaowenyuan/Projects/FlowFigTabMiner/flowfigtabminer/lib/python3.9/site-packages/urllib3/__init__.py:35: NotOpenSSLWarning: urllib3 v2 only supports OpenSSL 1.1.1+, currently the 'ssl' module is compiled with 'LibreSSL 2.8.3'. See: https://github.com/urllib3/urllib3/issues/3020
  warnings.warn(
/Users/zhaowenyuan/Projects/FlowFigTabMiner/flowfigtabminer/lib/python3.9/site-packages/urllib3/__init__.py:35: NotOpenSSLWarning: urllib3 v2 only supports OpenSSL 1.1.1+, currently the 'ssl' module is compiled with 'LibreSSL 2.8.3'. See: https://github.com/urllib3/urllib3/issues/3020
  warnings.warn(
/Users/zhaowenyuan/Projects/FlowFigTabMiner/flowfigtabminer/lib/python3.9/site-packages/urllib3/__init__.py:35: NotOpenSSLWarning: urllib3 v2 only supports OpenSSL 1.1.1+, currently the 'ssl' module is compiled with 'LibreSSL 2.8.3'. See: https://github.com/urllib3/urllib3/issues/3020
  warnings.warn(
/Users/zhaowenyuan/Projects/FlowFigTabMiner/flowfigtabminer/lib/python3.9/site-packages/urllib3/__init__.py:35: NotOpenSSLWarning: urllib3 v2 only supports OpenSSL 1.1.1+, currently the 'ssl' module is compiled with 'LibreSSL 2.8.3'. See: https://github.com/urllib3/urllib3/issues/3020
  warnings.warn(
/Users/zhaowenyuan/Projects/FlowFigTabMiner/flowfigtabminer/lib/python3.9/site-packages/urllib3/__init__.py:35: NotOpenSSLWarning: urllib3 v2 only supports OpenSSL 1.1.1+, currently the 'ssl' module is compiled with 'LibreSSL 2.8.3'. See: https://github.com/urllib3/urllib3/issues/3020
  warnings.warn(
/Users/zhaowenyuan/Projects/FlowFigTabMiner/flowfigtabminer/lib/python3.9/site-packages/urllib3/__init__.py:35: NotOpenSSLWarning: urllib3 v2 only supports OpenSSL 1.1.1+, currently the 'ssl' module is compiled with 'LibreSSL 2.8.3'. See: https://github.com/urllib3/urllib3/issues/3020
  warnings.warn(
/Users/zhaowenyuan/Projects/FlowFigTabMiner/flowfigtabminer/lib/python3.9/site-packages/urllib3/__init__.py:35: NotOpenSSLWarning: urllib3 v2 only supports OpenSSL 1.1.1+, currently the 'ssl' module is compiled with 'LibreSSL 2.8.3'. See: https://github.com/urllib3/urllib3/issues/3020
  warnings.warn(
[33mChecking connectivity to the model hosters, this may take a while. To bypass this check, set `DISABLE_MODEL_SOURCE_CHECK` to `True`.[0m
[33mChecking connectivity to the model hosters, this may take a while. To bypass this check, set `DISABLE_MODEL_SOURCE_CHECK` to `True`.[0m
[33mChecking connectivity to the model hosters, this may take a while. To bypass this check, set `DISABLE_MODEL_SOURCE_CHECK` to `True`.[0m
[33mChecking connectivity to the model hosters, this may take a while. To bypass this check, set `DISABLE_MODEL_SOURCE_CHECK` to `True`.[0m
[33mChecking connectivity to the model hosters, this may take a while. To bypass this check, set `DISABLE_MODEL_SOURCE_CHECK` to `True`.[0m
[33mChecking connectivity to the model hosters, this may take a while. To bypass this check, set `DISABLE_MODEL_SOURCE_CHECK` to `True`.[0m
[33mChecking connectivity to the model hosters, this may take a while. To bypass this check, set `DISABLE_MODEL_SOURCE_CHECK` to `True`.[0m
[33mChecking connectivity to the model hosters, this may take a while. To bypass this check, set `DISABLE_MODEL_SOURCE_CHECK` to `True`.[0m
[33mChecking connectivity to the model hosters, this may take a while. To bypass this check, set `DISABLE_MODEL_SOURCE_CHECK` to `True`.[0m
[33mChecking connectivity to the model hosters, this may take a while. To bypass this check, set `DISABLE_MODEL_SOURCE_CHECK` to `True`.[0m
[33mChecking connectivity to the model hosters, this may take a while. To bypass this check, set `DISABLE_MODEL_SOURCE_CHECK` to `True`.[0m
[33mChecking connectivity to the model hosters, this may take a while. To bypass this check, set `DISABLE_MODEL_SOURCE_CHECK` to `True`.[0m
[33mChecking connectivity to the model hosters, this may take a while. To bypass this check, set `DISABLE_MODEL_SOURCE_CHECK` to `True`.[0m
[33mChecking connectivity to the model hosters, this may take a while. To bypass this check, set `DISABLE_MODEL_SOURCE_CHECK` to `True`.[0m
[33mChecking connectivity to the model hosters, this may take a while. To bypass this check, set `DISABLE_MODEL_SOURCE_CHECK` to `True`.[0m
/Users/zhaowenyuan/Projects/FlowFigTabMiner/flowfigtabminer/lib/python3.9/site-packages/onmt/modules/sparse_activations.py:48: FutureWarning: `torch.cuda.amp.custom_fwd(args...)` is deprecated. Please use `torch.amp.custom_fwd(args..., device_type='cuda')` instead.
  def forward(ctx, input, dim=0):
/Users/zhaowenyuan/Projects/FlowFigTabMiner/flowfigtabminer/lib/python3.9/site-packages/onmt/modules/sparse_activations.py:68: FutureWarning: `torch.cuda.amp.custom_bwd(args...)` is deprecated. Please use `torch.amp.custom_bwd(args..., device_type='cuda')` instead.
  def backward(ctx, grad_output):
/Users/zhaowenyuan/Projects/FlowFigTabMiner/flowfigtabminer/lib/python3.9/site-packages/onmt/modules/sparse_losses.py:13: FutureWarning: `torch.cuda.amp.custom_fwd(args...)` is deprecated. Please use `torch.amp.custom_fwd(args..., device_type='cuda')` instead.
  def forward(ctx, input, target):
/Users/zhaowenyuan/Projects/FlowFigTabMiner/flowfigtabminer/lib/python3.9/site-packages/onmt/modules/sparse_losses.py:37: FutureWarning: `torch.cuda.amp.custom_bwd(args...)` is deprecated. Please use `torch.amp.custom_bwd(args..., device_type='cuda')` instead.
  def backward(ctx, grad_output):
   -> Box 1: SMILES='N#Cc1cccc(C(=O)CF)c1' | Masked (White Box)
   -> [Debug] Upscaled TINY box 2 by 1.6x (262x191 -> 411x300)
/Users/zhaowenyuan/Projects/FlowFigTabMiner/flowfigtabminer/lib/python3.9/site-packages/paddle/utils/cpp_extension/extension_utils.py:712: UserWarning: No ccache found. Please be aware that recompiling all source files may be required. You can download and install ccache from: https://github.com/ccache/ccache/blob/master/doc/INSTALL.md
  warnings.warn(warning_message)
/Users/zhaowenyuan/Projects/FlowFigTabMiner/flowfigtabminer/lib/python3.9/site-packages/paddle/utils/cpp_extension/extension_utils.py:712: UserWarning: No ccache found. Please be aware that recompiling all source files may be required. You can download and install ccache from: https://github.com/ccache/ccache/blob/master/doc/INSTALL.md
  warnings.warn(warning_message)
/Users/zhaowenyuan/Projects/FlowFigTabMiner/flowfigtabminer/lib/python3.9/site-packages/paddle/utils/cpp_extension/extension_utils.py:712: UserWarning: No ccache found. Please be aware that recompiling all source files may be required. You can download and install ccache from: https://github.com/ccache/ccache/blob/master/doc/INSTALL.md
  warnings.warn(warning_message)
/Users/zhaowenyuan/Projects/FlowFigTabMiner/flowfigtabminer/lib/python3.9/site-packages/paddle/utils/cpp_extension/extension_utils.py:712: UserWarning: No ccache found. Please be aware that recompiling all source files may be required. You can download and install ccache from: https://github.com/ccache/ccache/blob/master/doc/INSTALL.md
  warnings.warn(warning_message)
/Users/zhaowenyuan/Projects/FlowFigTabMiner/flowfigtabminer/lib/python3.9/site-packages/paddle/utils/cpp_extension/extension_utils.py:712: UserWarning: No ccache found. Please be aware that recompiling all source files may be required. You can download and install ccache from: https://github.com/ccache/ccache/blob/master/doc/INSTALL.md
  warnings.warn(warning_message)
/Users/zhaowenyuan/Projects/FlowFigTabMiner/flowfigtabminer/lib/python3.9/site-packages/paddle/utils/cpp_extension/extension_utils.py:712: UserWarning: No ccache found. Please be aware that recompiling all source files may be required. You can download and install ccache from: https://github.com/ccache/ccache/blob/master/doc/INSTALL.md
  warnings.warn(warning_message)
/Users/zhaowenyuan/Projects/FlowFigTabMiner/flowfigtabminer/lib/python3.9/site-packages/paddle/utils/cpp_extension/extension_utils.py:712: UserWarning: No ccache found. Please be aware that recompiling all source files may be required. You can download and install ccache from: https://github.com/ccache/ccache/blob/master/doc/INSTALL.md
  warnings.warn(warning_message)
/Users/zhaowenyuan/Projects/FlowFigTabMiner/flowfigtabminer/lib/python3.9/site-packages/paddle/utils/cpp_extension/extension_utils.py:712: UserWarning: No ccache found. Please be aware that recompiling all source files may be required. You can download and install ccache from: https://github.com/ccache/ccache/blob/master/doc/INSTALL.md
  warnings.warn(warning_message)
/Users/zhaowenyuan/Projects/FlowFigTabMiner/flowfigtabminer/lib/python3.9/site-packages/paddle/utils/cpp_extension/extension_utils.py:712: UserWarning: No ccache found. Please be aware that recompiling all source files may be required. You can download and install ccache from: https://github.com/ccache/ccache/blob/master/doc/INSTALL.md
  warnings.warn(warning_message)
/Users/zhaowenyuan/Projects/FlowFigTabMiner/flowfigtabminer/lib/python3.9/site-packages/paddle/utils/cpp_extension/extension_utils.py:712: UserWarning: No ccache found. Please be aware that recompiling all source files may be required. You can download and install ccache from: https://github.com/ccache/ccache/blob/master/doc/INSTALL.md
  warnings.warn(warning_message)
/Users/zhaowenyuan/Projects/FlowFigTabMiner/flowfigtabminer/lib/python3.9/site-packages/paddle/utils/cpp_extension/extension_utils.py:712: UserWarning: No ccache found. Please be aware that recompiling all source files may be required. You can download and install ccache from: https://github.com/ccache/ccache/blob/master/doc/INSTALL.md
  warnings.warn(warning_message)
/Users/zhaowenyuan/Projects/FlowFigTabMiner/flowfigtabminer/lib/python3.9/site-packages/paddle/utils/cpp_extension/extension_utils.py:712: UserWarning: No ccache found. Please be aware that recompiling all source files may be required. You can download and install ccache from: https://github.com/ccache/ccache/blob/master/doc/INSTALL.md
  warnings.warn(warning_message)
/Users/zhaowenyuan/Projects/FlowFigTabMiner/flowfigtabminer/lib/python3.9/site-packages/paddle/utils/cpp_extension/extension_utils.py:712: UserWarning: No ccache found. Please be aware that recompiling all source files may be required. You can download and install ccache from: https://github.com/ccache/ccache/blob/master/doc/INSTALL.md
  warnings.warn(warning_message)
/Users/zhaowenyuan/Projects/FlowFigTabMiner/flowfigtabminer/lib/python3.9/site-packages/paddle/utils/cpp_extension/extension_utils.py:712: UserWarning: No ccache found. Please be aware that recompiling all source files may be required. You can download and install ccache from: https://github.com/ccache/ccache/blob/master/doc/INSTALL.md
  warnings.warn(warning_message)
/Users/zhaowenyuan/Projects/FlowFigTabMiner/flowfigtabminer/lib/python3.9/site-packages/paddle/utils/cpp_extension/extension_utils.py:712: UserWarning: No ccache found. Please be aware that recompiling all source files may be required. You can download and install ccache from: https://github.com/ccache/ccache/blob/master/doc/INSTALL.md
  warnings.warn(warning_message)
/Users/zhaowenyuan/Projects/FlowFigTabMiner/flowfigtabminer/lib/python3.9/site-packages/paddle/utils/cpp_extension/extension_utils.py:712: UserWarning: No ccache found. Please be aware that recompiling all source files may be required. You can download and install ccache from: https://github.com/ccache/ccache/blob/master/doc/INSTALL.md
  warnings.warn(warning_message)
/Users/zhaowenyuan/Projects/FlowFigTabMiner/flowfigtabminer/lib/python3.9/site-packages/urllib3/__init__.py:35: NotOpenSSLWarning: urllib3 v2 only supports OpenSSL 1.1.1+, currently the 'ssl' module is compiled with 'LibreSSL 2.8.3'. See: https://github.com/urllib3/urllib3/issues/3020
  warnings.warn(
/Users/zhaowenyuan/Projects/FlowFigTabMiner/flowfigtabminer/lib/python3.9/site-packages/urllib3/__init__.py:35: NotOpenSSLWarning: urllib3 v2 only supports OpenSSL 1.1.1+, currently the 'ssl' module is compiled with 'LibreSSL 2.8.3'. See: https://github.com/urllib3/urllib3/issues/3020
  warnings.warn(
/Users/zhaowenyuan/Projects/FlowFigTabMiner/flowfigtabminer/lib/python3.9/site-packages/urllib3/__init__.py:35: NotOpenSSLWarning: urllib3 v2 only supports OpenSSL 1.1.1+, currently the 'ssl' module is compiled with 'LibreSSL 2.8.3'. See: https://github.com/urllib3/urllib3/issues/3020
  warnings.warn(
/Users/zhaowenyuan/Projects/FlowFigTabMiner/flowfigtabminer/lib/python3.9/site-packages/urllib3/__init__.py:35: NotOpenSSLWarning: urllib3 v2 only supports OpenSSL 1.1.1+, currently the 'ssl' module is compiled with 'LibreSSL 2.8.3'. See: https://github.com/urllib3/urllib3/issues/3020
  warnings.warn(
/Users/zhaowenyuan/Projects/FlowFigTabMiner/flowfigtabminer/lib/python3.9/site-packages/urllib3/__init__.py:35: NotOpenSSLWarning: urllib3 v2 only supports OpenSSL 1.1.1+, currently the 'ssl' module is compiled with 'LibreSSL 2.8.3'. See: https://github.com/urllib3/urllib3/issues/3020
  warnings.warn(
/Users/zhaowenyuan/Projects/FlowFigTabMiner/flowfigtabminer/lib/python3.9/site-packages/urllib3/__init__.py:35: NotOpenSSLWarning: urllib3 v2 only supports OpenSSL 1.1.1+, currently the 'ssl' module is compiled with 'LibreSSL 2.8.3'. See: https://github.com/urllib3/urllib3/issues/3020
  warnings.warn(
/Users/zhaowenyuan/Projects/FlowFigTabMiner/flowfigtabminer/lib/python3.9/site-packages/urllib3/__init__.py:35: NotOpenSSLWarning: urllib3 v2 only supports OpenSSL 1.1.1+, currently the 'ssl' module is compiled with 'LibreSSL 2.8.3'. See: https://github.com/urllib3/urllib3/issues/3020
  warnings.warn(
[33mChecking connectivity to the model hosters, this may take a while. To bypass this check, set `DISABLE_MODEL_SOURCE_CHECK` to `True`.[0m
/Users/zhaowenyuan/Projects/FlowFigTabMiner/flowfigtabminer/lib/python3.9/site-packages/urllib3/__init__.py:35: NotOpenSSLWarning: urllib3 v2 only supports OpenSSL 1.1.1+, currently the 'ssl' module is compiled with 'LibreSSL 2.8.3'. See: https://github.com/urllib3/urllib3/issues/3020
  warnings.warn(
/Users/zhaowenyuan/Projects/FlowFigTabMiner/flowfigtabminer/lib/python3.9/site-packages/urllib3/__init__.py:35: NotOpenSSLWarning: urllib3 v2 only supports OpenSSL 1.1.1+, currently the 'ssl' module is compiled with 'LibreSSL 2.8.3'. See: https://github.com/urllib3/urllib3/issues/3020
  warnings.warn(
/Users/zhaowenyuan/Projects/FlowFigTabMiner/flowfigtabminer/lib/python3.9/site-packages/urllib3/__init__.py:35: NotOpenSSLWarning: urllib3 v2 only supports OpenSSL 1.1.1+, currently the 'ssl' module is compiled with 'LibreSSL 2.8.3'. See: https://github.com/urllib3/urllib3/issues/3020
  warnings.warn(
/Users/zhaowenyuan/Projects/FlowFigTabMiner/flowfigtabminer/lib/python3.9/site-packages/urllib3/__init__.py:35: NotOpenSSLWarning: urllib3 v2 only supports OpenSSL 1.1.1+, currently the 'ssl' module is compiled with 'LibreSSL 2.8.3'. See: https://github.com/urllib3/urllib3/issues/3020
  warnings.warn(
/Users/zhaowenyuan/Projects/FlowFigTabMiner/flowfigtabminer/lib/python3.9/site-packages/urllib3/__init__.py:35: NotOpenSSLWarning: urllib3 v2 only supports OpenSSL 1.1.1+, currently the 'ssl' module is compiled with 'LibreSSL 2.8.3'. See: https://github.com/urllib3/urllib3/issues/3020
  warnings.warn(
/Users/zhaowenyuan/Projects/FlowFigTabMiner/flowfigtabminer/lib/python3.9/site-packages/urllib3/__init__.py:35: NotOpenSSLWarning: urllib3 v2 only supports OpenSSL 1.1.1+, currently the 'ssl' module is compiled with 'LibreSSL 2.8.3'. See: https://github.com/urllib3/urllib3/issues/3020
  warnings.warn(
/Users/zhaowenyuan/Projects/FlowFigTabMiner/flowfigtabminer/lib/python3.9/site-packages/urllib3/__init__.py:35: NotOpenSSLWarning: urllib3 v2 only supports OpenSSL 1.1.1+, currently the 'ssl' module is compiled with 'LibreSSL 2.8.3'. See: https://github.com/urllib3/urllib3/issues/3020
  warnings.warn(
/Users/zhaowenyuan/Projects/FlowFigTabMiner/flowfigtabminer/lib/python3.9/site-packages/urllib3/__init__.py:35: NotOpenSSLWarning: urllib3 v2 only supports OpenSSL 1.1.1+, currently the 'ssl' module is compiled with 'LibreSSL 2.8.3'. See: https://github.com/urllib3/urllib3/issues/3020
  warnings.warn(
/Users/zhaowenyuan/Projects/FlowFigTabMiner/flowfigtabminer/lib/python3.9/site-packages/urllib3/__init__.py:35: NotOpenSSLWarning: urllib3 v2 only supports OpenSSL 1.1.1+, currently the 'ssl' module is compiled with 'LibreSSL 2.8.3'. See: https://github.com/urllib3/urllib3/issues/3020
  warnings.warn(
[33mChecking connectivity to the model hosters, this may take a while. To bypass this check, set `DISABLE_MODEL_SOURCE_CHECK` to `True`.[0m
[33mChecking connectivity to the model hosters, this may take a while. To bypass this check, set `DISABLE_MODEL_SOURCE_CHECK` to `True`.[0m
[33mChecking connectivity to the model hosters, this may take a while. To bypass this check, set `DISABLE_MODEL_SOURCE_CHECK` to `True`.[0m
[33mChecking connectivity to the model hosters, this may take a while. To bypass this check, set `DISABLE_MODEL_SOURCE_CHECK` to `True`.[0m
[33mChecking connectivity to the model hosters, this may take a while. To bypass this check, set `DISABLE_MODEL_SOURCE_CHECK` to `True`.[0m
[33mChecking connectivity to the model hosters, this may take a while. To bypass this check, set `DISABLE_MODEL_SOURCE_CHECK` to `True`.[0m
[33mChecking connectivity to the model hosters, this may take a while. To bypass this check, set `DISABLE_MODEL_SOURCE_CHECK` to `True`.[0m
[33mChecking connectivity to the model hosters, this may take a while. To bypass this check, set `DISABLE_MODEL_SOURCE_CHECK` to `True`.[0m
[33mChecking connectivity to the model hosters, this may take a while. To bypass this check, set `DISABLE_MODEL_SOURCE_CHECK` to `True`.[0m
[33mChecking connectivity to the model hosters, this may take a while. To bypass this check, set `DISABLE_MODEL_SOURCE_CHECK` to `True`.[0m
[33mChecking connectivity to the model hosters, this may take a while. To bypass this check, set `DISABLE_MODEL_SOURCE_CHECK` to `True`.[0m
[33mChecking connectivity to the model hosters, this may take a while. To bypass this check, set `DISABLE_MODEL_SOURCE_CHECK` to `True`.[0m
[33mChecking connectivity to the model hosters, this may take a while. To bypass this check, set `DISABLE_MODEL_SOURCE_CHECK` to `True`.[0m
[33mChecking connectivity to the model hosters, this may take a while. To bypass this check, set `DISABLE_MODEL_SOURCE_CHECK` to `True`.[0m
[33mChecking connectivity to the model hosters, this may take a while. To bypass this check, set `DISABLE_MODEL_SOURCE_CHECK` to `True`.[0m
/Users/zhaowenyuan/Projects/FlowFigTabMiner/flowfigtabminer/lib/python3.9/site-packages/onmt/modules/sparse_activations.py:48: FutureWarning: `torch.cuda.amp.custom_fwd(args...)` is deprecated. Please use `torch.amp.custom_fwd(args..., device_type='cuda')` instead.
  def forward(ctx, input, dim=0):
/Users/zhaowenyuan/Projects/FlowFigTabMiner/flowfigtabminer/lib/python3.9/site-packages/onmt/modules/sparse_activations.py:68: FutureWarning: `torch.cuda.amp.custom_bwd(args...)` is deprecated. Please use `torch.amp.custom_bwd(args..., device_type='cuda')` instead.
  def backward(ctx, grad_output):
/Users/zhaowenyuan/Projects/FlowFigTabMiner/flowfigtabminer/lib/python3.9/site-packages/onmt/modules/sparse_losses.py:13: FutureWarning: `torch.cuda.amp.custom_fwd(args...)` is deprecated. Please use `torch.amp.custom_fwd(args..., device_type='cuda')` instead.
  def forward(ctx, input, target):
/Users/zhaowenyuan/Projects/FlowFigTabMiner/flowfigtabminer/lib/python3.9/site-packages/onmt/modules/sparse_losses.py:37: FutureWarning: `torch.cuda.amp.custom_bwd(args...)` is deprecated. Please use `torch.amp.custom_bwd(args..., device_type='cuda')` instead.
  def backward(ctx, grad_output):
   -> Box 2: SMILES='N#Cc1ccc(C2(c3ccccc3)OC2F)cc1' | Masked (White Box)
   -> [Debug] Upscaled TINY box 3 by 1.6x (260x191 -> 408x300)
/Users/zhaowenyuan/Projects/FlowFigTabMiner/flowfigtabminer/lib/python3.9/site-packages/paddle/utils/cpp_extension/extension_utils.py:712: UserWarning: No ccache found. Please be aware that recompiling all source files may be required. You can download and install ccache from: https://github.com/ccache/ccache/blob/master/doc/INSTALL.md
  warnings.warn(warning_message)
/Users/zhaowenyuan/Projects/FlowFigTabMiner/flowfigtabminer/lib/python3.9/site-packages/paddle/utils/cpp_extension/extension_utils.py:712: UserWarning: No ccache found. Please be aware that recompiling all source files may be required. You can download and install ccache from: https://github.com/ccache/ccache/blob/master/doc/INSTALL.md
  warnings.warn(warning_message)
/Users/zhaowenyuan/Projects/FlowFigTabMiner/flowfigtabminer/lib/python3.9/site-packages/paddle/utils/cpp_extension/extension_utils.py:712: UserWarning: No ccache found. Please be aware that recompiling all source files may be required. You can download and install ccache from: https://github.com/ccache/ccache/blob/master/doc/INSTALL.md
  warnings.warn(warning_message)
/Users/zhaowenyuan/Projects/FlowFigTabMiner/flowfigtabminer/lib/python3.9/site-packages/paddle/utils/cpp_extension/extension_utils.py:712: UserWarning: No ccache found. Please be aware that recompiling all source files may be required. You can download and install ccache from: https://github.com/ccache/ccache/blob/master/doc/INSTALL.md
  warnings.warn(warning_message)
/Users/zhaowenyuan/Projects/FlowFigTabMiner/flowfigtabminer/lib/python3.9/site-packages/paddle/utils/cpp_extension/extension_utils.py:712: UserWarning: No ccache found. Please be aware that recompiling all source files may be required. You can download and install ccache from: https://github.com/ccache/ccache/blob/master/doc/INSTALL.md
  warnings.warn(warning_message)
/Users/zhaowenyuan/Projects/FlowFigTabMiner/flowfigtabminer/lib/python3.9/site-packages/paddle/utils/cpp_extension/extension_utils.py:712: UserWarning: No ccache found. Please be aware that recompiling all source files may be required. You can download and install ccache from: https://github.com/ccache/ccache/blob/master/doc/INSTALL.md
  warnings.warn(warning_message)
/Users/zhaowenyuan/Projects/FlowFigTabMiner/flowfigtabminer/lib/python3.9/site-packages/paddle/utils/cpp_extension/extension_utils.py:712: UserWarning: No ccache found. Please be aware that recompiling all source files may be required. You can download and install ccache from: https://github.com/ccache/ccache/blob/master/doc/INSTALL.md
  warnings.warn(warning_message)
/Users/zhaowenyuan/Projects/FlowFigTabMiner/flowfigtabminer/lib/python3.9/site-packages/paddle/utils/cpp_extension/extension_utils.py:712: UserWarning: No ccache found. Please be aware that recompiling all source files may be required. You can download and install ccache from: https://github.com/ccache/ccache/blob/master/doc/INSTALL.md
  warnings.warn(warning_message)
/Users/zhaowenyuan/Projects/FlowFigTabMiner/flowfigtabminer/lib/python3.9/site-packages/paddle/utils/cpp_extension/extension_utils.py:712: UserWarning: No ccache found. Please be aware that recompiling all source files may be required. You can download and install ccache from: https://github.com/ccache/ccache/blob/master/doc/INSTALL.md
  warnings.warn(warning_message)
/Users/zhaowenyuan/Projects/FlowFigTabMiner/flowfigtabminer/lib/python3.9/site-packages/paddle/utils/cpp_extension/extension_utils.py:712: UserWarning: No ccache found. Please be aware that recompiling all source files may be required. You can download and install ccache from: https://github.com/ccache/ccache/blob/master/doc/INSTALL.md
  warnings.warn(warning_message)
/Users/zhaowenyuan/Projects/FlowFigTabMiner/flowfigtabminer/lib/python3.9/site-packages/paddle/utils/cpp_extension/extension_utils.py:712: UserWarning: No ccache found. Please be aware that recompiling all source files may be required. You can download and install ccache from: https://github.com/ccache/ccache/blob/master/doc/INSTALL.md
  warnings.warn(warning_message)
/Users/zhaowenyuan/Projects/FlowFigTabMiner/flowfigtabminer/lib/python3.9/site-packages/paddle/utils/cpp_extension/extension_utils.py:712: UserWarning: No ccache found. Please be aware that recompiling all source files may be required. You can download and install ccache from: https://github.com/ccache/ccache/blob/master/doc/INSTALL.md
  warnings.warn(warning_message)
/Users/zhaowenyuan/Projects/FlowFigTabMiner/flowfigtabminer/lib/python3.9/site-packages/paddle/utils/cpp_extension/extension_utils.py:712: UserWarning: No ccache found. Please be aware that recompiling all source files may be required. You can download and install ccache from: https://github.com/ccache/ccache/blob/master/doc/INSTALL.md
  warnings.warn(warning_message)
/Users/zhaowenyuan/Projects/FlowFigTabMiner/flowfigtabminer/lib/python3.9/site-packages/paddle/utils/cpp_extension/extension_utils.py:712: UserWarning: No ccache found. Please be aware that recompiling all source files may be required. You can download and install ccache from: https://github.com/ccache/ccache/blob/master/doc/INSTALL.md
  warnings.warn(warning_message)
/Users/zhaowenyuan/Projects/FlowFigTabMiner/flowfigtabminer/lib/python3.9/site-packages/paddle/utils/cpp_extension/extension_utils.py:712: UserWarning: No ccache found. Please be aware that recompiling all source files may be required. You can download and install ccache from: https://github.com/ccache/ccache/blob/master/doc/INSTALL.md
  warnings.warn(warning_message)
/Users/zhaowenyuan/Projects/FlowFigTabMiner/flowfigtabminer/lib/python3.9/site-packages/paddle/utils/cpp_extension/extension_utils.py:712: UserWarning: No ccache found. Please be aware that recompiling all source files may be required. You can download and install ccache from: https://github.com/ccache/ccache/blob/master/doc/INSTALL.md
  warnings.warn(warning_message)
/Users/zhaowenyuan/Projects/FlowFigTabMiner/flowfigtabminer/lib/python3.9/site-packages/urllib3/__init__.py:35: NotOpenSSLWarning: urllib3 v2 only supports OpenSSL 1.1.1+, currently the 'ssl' module is compiled with 'LibreSSL 2.8.3'. See: https://github.com/urllib3/urllib3/issues/3020
  warnings.warn(
/Users/zhaowenyuan/Projects/FlowFigTabMiner/flowfigtabminer/lib/python3.9/site-packages/urllib3/__init__.py:35: NotOpenSSLWarning: urllib3 v2 only supports OpenSSL 1.1.1+, currently the 'ssl' module is compiled with 'LibreSSL 2.8.3'. See: https://github.com/urllib3/urllib3/issues/3020
  warnings.warn(
/Users/zhaowenyuan/Projects/FlowFigTabMiner/flowfigtabminer/lib/python3.9/site-packages/urllib3/__init__.py:35: NotOpenSSLWarning: urllib3 v2 only supports OpenSSL 1.1.1+, currently the 'ssl' module is compiled with 'LibreSSL 2.8.3'. See: https://github.com/urllib3/urllib3/issues/3020
  warnings.warn(
/Users/zhaowenyuan/Projects/FlowFigTabMiner/flowfigtabminer/lib/python3.9/site-packages/urllib3/__init__.py:35: NotOpenSSLWarning: urllib3 v2 only supports OpenSSL 1.1.1+, currently the 'ssl' module is compiled with 'LibreSSL 2.8.3'. See: https://github.com/urllib3/urllib3/issues/3020
  warnings.warn(
/Users/zhaowenyuan/Projects/FlowFigTabMiner/flowfigtabminer/lib/python3.9/site-packages/urllib3/__init__.py:35: NotOpenSSLWarning: urllib3 v2 only supports OpenSSL 1.1.1+, currently the 'ssl' module is compiled with 'LibreSSL 2.8.3'. See: https://github.com/urllib3/urllib3/issues/3020
  warnings.warn(
/Users/zhaowenyuan/Projects/FlowFigTabMiner/flowfigtabminer/lib/python3.9/site-packages/urllib3/__init__.py:35: NotOpenSSLWarning: urllib3 v2 only supports OpenSSL 1.1.1+, currently the 'ssl' module is compiled with 'LibreSSL 2.8.3'. See: https://github.com/urllib3/urllib3/issues/3020
  warnings.warn(
/Users/zhaowenyuan/Projects/FlowFigTabMiner/flowfigtabminer/lib/python3.9/site-packages/urllib3/__init__.py:35: NotOpenSSLWarning: urllib3 v2 only supports OpenSSL 1.1.1+, currently the 'ssl' module is compiled with 'LibreSSL 2.8.3'. See: https://github.com/urllib3/urllib3/issues/3020
  warnings.warn(
/Users/zhaowenyuan/Projects/FlowFigTabMiner/flowfigtabminer/lib/python3.9/site-packages/urllib3/__init__.py:35: NotOpenSSLWarning: urllib3 v2 only supports OpenSSL 1.1.1+, currently the 'ssl' module is compiled with 'LibreSSL 2.8.3'. See: https://github.com/urllib3/urllib3/issues/3020
  warnings.warn(
[33mChecking connectivity to the model hosters, this may take a while. To bypass this check, set `DISABLE_MODEL_SOURCE_CHECK` to `True`.[0m
/Users/zhaowenyuan/Projects/FlowFigTabMiner/flowfigtabminer/lib/python3.9/site-packages/urllib3/__init__.py:35: NotOpenSSLWarning: urllib3 v2 only supports OpenSSL 1.1.1+, currently the 'ssl' module is compiled with 'LibreSSL 2.8.3'. See: https://github.com/urllib3/urllib3/issues/3020
  warnings.warn(
/Users/zhaowenyuan/Projects/FlowFigTabMiner/flowfigtabminer/lib/python3.9/site-packages/urllib3/__init__.py:35: NotOpenSSLWarning: urllib3 v2 only supports OpenSSL 1.1.1+, currently the 'ssl' module is compiled with 'LibreSSL 2.8.3'. See: https://github.com/urllib3/urllib3/issues/3020
  warnings.warn(
/Users/zhaowenyuan/Projects/FlowFigTabMiner/flowfigtabminer/lib/python3.9/site-packages/urllib3/__init__.py:35: NotOpenSSLWarning: urllib3 v2 only supports OpenSSL 1.1.1+, currently the 'ssl' module is compiled with 'LibreSSL 2.8.3'. See: https://github.com/urllib3/urllib3/issues/3020
  warnings.warn(
/Users/zhaowenyuan/Projects/FlowFigTabMiner/flowfigtabminer/lib/python3.9/site-packages/urllib3/__init__.py:35: NotOpenSSLWarning: urllib3 v2 only supports OpenSSL 1.1.1+, currently the 'ssl' module is compiled with 'LibreSSL 2.8.3'. See: https://github.com/urllib3/urllib3/issues/3020
  warnings.warn(
/Users/zhaowenyuan/Projects/FlowFigTabMiner/flowfigtabminer/lib/python3.9/site-packages/urllib3/__init__.py:35: NotOpenSSLWarning: urllib3 v2 only supports OpenSSL 1.1.1+, currently the 'ssl' module is compiled with 'LibreSSL 2.8.3'. See: https://github.com/urllib3/urllib3/issues/3020
  warnings.warn(
/Users/zhaowenyuan/Projects/FlowFigTabMiner/flowfigtabminer/lib/python3.9/site-packages/urllib3/__init__.py:35: NotOpenSSLWarning: urllib3 v2 only supports OpenSSL 1.1.1+, currently the 'ssl' module is compiled with 'LibreSSL 2.8.3'. See: https://github.com/urllib3/urllib3/issues/3020
  warnings.warn(
/Users/zhaowenyuan/Projects/FlowFigTabMiner/flowfigtabminer/lib/python3.9/site-packages/urllib3/__init__.py:35: NotOpenSSLWarning: urllib3 v2 only supports OpenSSL 1.1.1+, currently the 'ssl' module is compiled with 'LibreSSL 2.8.3'. See: https://github.com/urllib3/urllib3/issues/3020
  warnings.warn(
/Users/zhaowenyuan/Projects/FlowFigTabMiner/flowfigtabminer/lib/python3.9/site-packages/urllib3/__init__.py:35: NotOpenSSLWarning: urllib3 v2 only supports OpenSSL 1.1.1+, currently the 'ssl' module is compiled with 'LibreSSL 2.8.3'. See: https://github.com/urllib3/urllib3/issues/3020
  warnings.warn(
[33mChecking connectivity to the model hosters, this may take a while. To bypass this check, set `DISABLE_MODEL_SOURCE_CHECK` to `True`.[0m
[33mChecking connectivity to the model hosters, this may take a while. To bypass this check, set `DISABLE_MODEL_SOURCE_CHECK` to `True`.[0m
[33mChecking connectivity to the model hosters, this may take a while. To bypass this check, set `DISABLE_MODEL_SOURCE_CHECK` to `True`.[0m
[33mChecking connectivity to the model hosters, this may take a while. To bypass this check, set `DISABLE_MODEL_SOURCE_CHECK` to `True`.[0m
[33mChecking connectivity to the model hosters, this may take a while. To bypass this check, set `DISABLE_MODEL_SOURCE_CHECK` to `True`.[0m
[33mChecking connectivity to the model hosters, this may take a while. To bypass this check, set `DISABLE_MODEL_SOURCE_CHECK` to `True`.[0m
[33mChecking connectivity to the model hosters, this may take a while. To bypass this check, set `DISABLE_MODEL_SOURCE_CHECK` to `True`.[0m
[33mChecking connectivity to the model hosters, this may take a while. To bypass this check, set `DISABLE_MODEL_SOURCE_CHECK` to `True`.[0m
[33mChecking connectivity to the model hosters, this may take a while. To bypass this check, set `DISABLE_MODEL_SOURCE_CHECK` to `True`.[0m
[33mChecking connectivity to the model hosters, this may take a while. To bypass this check, set `DISABLE_MODEL_SOURCE_CHECK` to `True`.[0m
[33mChecking connectivity to the model hosters, this may take a while. To bypass this check, set `DISABLE_MODEL_SOURCE_CHECK` to `True`.[0m
[33mChecking connectivity to the model hosters, this may take a while. To bypass this check, set `DISABLE_MODEL_SOURCE_CHECK` to `True`.[0m
[33mChecking connectivity to the model hosters, this may take a while. To bypass this check, set `DISABLE_MODEL_SOURCE_CHECK` to `True`.[0m
[33mChecking connectivity to the model hosters, this may take a while. To bypass this check, set `DISABLE_MODEL_SOURCE_CHECK` to `True`.[0m
[33mChecking connectivity to the model hosters, this may take a while. To bypass this check, set `DISABLE_MODEL_SOURCE_CHECK` to `True`.[0m
/Users/zhaowenyuan/Projects/FlowFigTabMiner/flowfigtabminer/lib/python3.9/site-packages/onmt/modules/sparse_activations.py:48: FutureWarning: `torch.cuda.amp.custom_fwd(args...)` is deprecated. Please use `torch.amp.custom_fwd(args..., device_type='cuda')` instead.
  def forward(ctx, input, dim=0):
/Users/zhaowenyuan/Projects/FlowFigTabMiner/flowfigtabminer/lib/python3.9/site-packages/onmt/modules/sparse_activations.py:68: FutureWarning: `torch.cuda.amp.custom_bwd(args...)` is deprecated. Please use `torch.amp.custom_bwd(args..., device_type='cuda')` instead.
  def backward(ctx, grad_output):
/Users/zhaowenyuan/Projects/FlowFigTabMiner/flowfigtabminer/lib/python3.9/site-packages/onmt/modules/sparse_losses.py:13: FutureWarning: `torch.cuda.amp.custom_fwd(args...)` is deprecated. Please use `torch.amp.custom_fwd(args..., device_type='cuda')` instead.
  def forward(ctx, input, target):
/Users/zhaowenyuan/Projects/FlowFigTabMiner/flowfigtabminer/lib/python3.9/site-packages/onmt/modules/sparse_losses.py:37: FutureWarning: `torch.cuda.amp.custom_bwd(args...)` is deprecated. Please use `torch.amp.custom_bwd(args..., device_type='cuda')` instead.
  def backward(ctx, grad_output):
   -> Box 3: SMILES='FC1OC1(c1ccccc1)c1ccc(Br)cc1' | Masked (White Box)
   -> [Debug] Upscaled TINY box 4 by 1.7x (262x173 -> 454x300)
/Users/zhaowenyuan/Projects/FlowFigTabMiner/flowfigtabminer/lib/python3.9/site-packages/paddle/utils/cpp_extension/extension_utils.py:712: UserWarning: No ccache found. Please be aware that recompiling all source files may be required. You can download and install ccache from: https://github.com/ccache/ccache/blob/master/doc/INSTALL.md
  warnings.warn(warning_message)
/Users/zhaowenyuan/Projects/FlowFigTabMiner/flowfigtabminer/lib/python3.9/site-packages/paddle/utils/cpp_extension/extension_utils.py:712: UserWarning: No ccache found. Please be aware that recompiling all source files may be required. You can download and install ccache from: https://github.com/ccache/ccache/blob/master/doc/INSTALL.md
  warnings.warn(warning_message)
/Users/zhaowenyuan/Projects/FlowFigTabMiner/flowfigtabminer/lib/python3.9/site-packages/paddle/utils/cpp_extension/extension_utils.py:712: UserWarning: No ccache found. Please be aware that recompiling all source files may be required. You can download and install ccache from: https://github.com/ccache/ccache/blob/master/doc/INSTALL.md
  warnings.warn(warning_message)
/Users/zhaowenyuan/Projects/FlowFigTabMiner/flowfigtabminer/lib/python3.9/site-packages/paddle/utils/cpp_extension/extension_utils.py:712: UserWarning: No ccache found. Please be aware that recompiling all source files may be required. You can download and install ccache from: https://github.com/ccache/ccache/blob/master/doc/INSTALL.md
  warnings.warn(warning_message)
/Users/zhaowenyuan/Projects/FlowFigTabMiner/flowfigtabminer/lib/python3.9/site-packages/paddle/utils/cpp_extension/extension_utils.py:712: UserWarning: No ccache found. Please be aware that recompiling all source files may be required. You can download and install ccache from: https://github.com/ccache/ccache/blob/master/doc/INSTALL.md
  warnings.warn(warning_message)
/Users/zhaowenyuan/Projects/FlowFigTabMiner/flowfigtabminer/lib/python3.9/site-packages/paddle/utils/cpp_extension/extension_utils.py:712: UserWarning: No ccache found. Please be aware that recompiling all source files may be required. You can download and install ccache from: https://github.com/ccache/ccache/blob/master/doc/INSTALL.md
  warnings.warn(warning_message)
/Users/zhaowenyuan/Projects/FlowFigTabMiner/flowfigtabminer/lib/python3.9/site-packages/paddle/utils/cpp_extension/extension_utils.py:712: UserWarning: No ccache found. Please be aware that recompiling all source files may be required. You can download and install ccache from: https://github.com/ccache/ccache/blob/master/doc/INSTALL.md
  warnings.warn(warning_message)
/Users/zhaowenyuan/Projects/FlowFigTabMiner/flowfigtabminer/lib/python3.9/site-packages/paddle/utils/cpp_extension/extension_utils.py:712: UserWarning: No ccache found. Please be aware that recompiling all source files may be required. You can download and install ccache from: https://github.com/ccache/ccache/blob/master/doc/INSTALL.md
  warnings.warn(warning_message)
/Users/zhaowenyuan/Projects/FlowFigTabMiner/flowfigtabminer/lib/python3.9/site-packages/paddle/utils/cpp_extension/extension_utils.py:712: UserWarning: No ccache found. Please be aware that recompiling all source files may be required. You can download and install ccache from: https://github.com/ccache/ccache/blob/master/doc/INSTALL.md
  warnings.warn(warning_message)
/Users/zhaowenyuan/Projects/FlowFigTabMiner/flowfigtabminer/lib/python3.9/site-packages/paddle/utils/cpp_extension/extension_utils.py:712: UserWarning: No ccache found. Please be aware that recompiling all source files may be required. You can download and install ccache from: https://github.com/ccache/ccache/blob/master/doc/INSTALL.md
  warnings.warn(warning_message)
/Users/zhaowenyuan/Projects/FlowFigTabMiner/flowfigtabminer/lib/python3.9/site-packages/paddle/utils/cpp_extension/extension_utils.py:712: UserWarning: No ccache found. Please be aware that recompiling all source files may be required. You can download and install ccache from: https://github.com/ccache/ccache/blob/master/doc/INSTALL.md
  warnings.warn(warning_message)
/Users/zhaowenyuan/Projects/FlowFigTabMiner/flowfigtabminer/lib/python3.9/site-packages/paddle/utils/cpp_extension/extension_utils.py:712: UserWarning: No ccache found. Please be aware that recompiling all source files may be required. You can download and install ccache from: https://github.com/ccache/ccache/blob/master/doc/INSTALL.md
  warnings.warn(warning_message)
/Users/zhaowenyuan/Projects/FlowFigTabMiner/flowfigtabminer/lib/python3.9/site-packages/paddle/utils/cpp_extension/extension_utils.py:712: UserWarning: No ccache found. Please be aware that recompiling all source files may be required. You can download and install ccache from: https://github.com/ccache/ccache/blob/master/doc/INSTALL.md
  warnings.warn(warning_message)
/Users/zhaowenyuan/Projects/FlowFigTabMiner/flowfigtabminer/lib/python3.9/site-packages/paddle/utils/cpp_extension/extension_utils.py:712: UserWarning: No ccache found. Please be aware that recompiling all source files may be required. You can download and install ccache from: https://github.com/ccache/ccache/blob/master/doc/INSTALL.md
  warnings.warn(warning_message)
/Users/zhaowenyuan/Projects/FlowFigTabMiner/flowfigtabminer/lib/python3.9/site-packages/paddle/utils/cpp_extension/extension_utils.py:712: UserWarning: No ccache found. Please be aware that recompiling all source files may be required. You can download and install ccache from: https://github.com/ccache/ccache/blob/master/doc/INSTALL.md
  warnings.warn(warning_message)
/Users/zhaowenyuan/Projects/FlowFigTabMiner/flowfigtabminer/lib/python3.9/site-packages/paddle/utils/cpp_extension/extension_utils.py:712: UserWarning: No ccache found. Please be aware that recompiling all source files may be required. You can download and install ccache from: https://github.com/ccache/ccache/blob/master/doc/INSTALL.md
  warnings.warn(warning_message)
/Users/zhaowenyuan/Projects/FlowFigTabMiner/flowfigtabminer/lib/python3.9/site-packages/urllib3/__init__.py:35: NotOpenSSLWarning: urllib3 v2 only supports OpenSSL 1.1.1+, currently the 'ssl' module is compiled with 'LibreSSL 2.8.3'. See: https://github.com/urllib3/urllib3/issues/3020
  warnings.warn(
/Users/zhaowenyuan/Projects/FlowFigTabMiner/flowfigtabminer/lib/python3.9/site-packages/urllib3/__init__.py:35: NotOpenSSLWarning: urllib3 v2 only supports OpenSSL 1.1.1+, currently the 'ssl' module is compiled with 'LibreSSL 2.8.3'. See: https://github.com/urllib3/urllib3/issues/3020
  warnings.warn(
/Users/zhaowenyuan/Projects/FlowFigTabMiner/flowfigtabminer/lib/python3.9/site-packages/urllib3/__init__.py:35: NotOpenSSLWarning: urllib3 v2 only supports OpenSSL 1.1.1+, currently the 'ssl' module is compiled with 'LibreSSL 2.8.3'. See: https://github.com/urllib3/urllib3/issues/3020
  warnings.warn(
/Users/zhaowenyuan/Projects/FlowFigTabMiner/flowfigtabminer/lib/python3.9/site-packages/urllib3/__init__.py:35: NotOpenSSLWarning: urllib3 v2 only supports OpenSSL 1.1.1+, currently the 'ssl' module is compiled with 'LibreSSL 2.8.3'. See: https://github.com/urllib3/urllib3/issues/3020
  warnings.warn(
/Users/zhaowenyuan/Projects/FlowFigTabMiner/flowfigtabminer/lib/python3.9/site-packages/urllib3/__init__.py:35: NotOpenSSLWarning: urllib3 v2 only supports OpenSSL 1.1.1+, currently the 'ssl' module is compiled with 'LibreSSL 2.8.3'. See: https://github.com/urllib3/urllib3/issues/3020
  warnings.warn(
/Users/zhaowenyuan/Projects/FlowFigTabMiner/flowfigtabminer/lib/python3.9/site-packages/urllib3/__init__.py:35: NotOpenSSLWarning: urllib3 v2 only supports OpenSSL 1.1.1+, currently the 'ssl' module is compiled with 'LibreSSL 2.8.3'. See: https://github.com/urllib3/urllib3/issues/3020
  warnings.warn(
/Users/zhaowenyuan/Projects/FlowFigTabMiner/flowfigtabminer/lib/python3.9/site-packages/urllib3/__init__.py:35: NotOpenSSLWarning: urllib3 v2 only supports OpenSSL 1.1.1+, currently the 'ssl' module is compiled with 'LibreSSL 2.8.3'. See: https://github.com/urllib3/urllib3/issues/3020
  warnings.warn(
/Users/zhaowenyuan/Projects/FlowFigTabMiner/flowfigtabminer/lib/python3.9/site-packages/urllib3/__init__.py:35: NotOpenSSLWarning: urllib3 v2 only supports OpenSSL 1.1.1+, currently the 'ssl' module is compiled with 'LibreSSL 2.8.3'. See: https://github.com/urllib3/urllib3/issues/3020
  warnings.warn(
/Users/zhaowenyuan/Projects/FlowFigTabMiner/flowfigtabminer/lib/python3.9/site-packages/urllib3/__init__.py:35: NotOpenSSLWarning: urllib3 v2 only supports OpenSSL 1.1.1+, currently the 'ssl' module is compiled with 'LibreSSL 2.8.3'. See: https://github.com/urllib3/urllib3/issues/3020
  warnings.warn(
[33mChecking connectivity to the model hosters, this may take a while. To bypass this check, set `DISABLE_MODEL_SOURCE_CHECK` to `True`.[0m
/Users/zhaowenyuan/Projects/FlowFigTabMiner/flowfigtabminer/lib/python3.9/site-packages/urllib3/__init__.py:35: NotOpenSSLWarning: urllib3 v2 only supports OpenSSL 1.1.1+, currently the 'ssl' module is compiled with 'LibreSSL 2.8.3'. See: https://github.com/urllib3/urllib3/issues/3020
  warnings.warn(
/Users/zhaowenyuan/Projects/FlowFigTabMiner/flowfigtabminer/lib/python3.9/site-packages/urllib3/__init__.py:35: NotOpenSSLWarning: urllib3 v2 only supports OpenSSL 1.1.1+, currently the 'ssl' module is compiled with 'LibreSSL 2.8.3'. See: https://github.com/urllib3/urllib3/issues/3020
  warnings.warn(
/Users/zhaowenyuan/Projects/FlowFigTabMiner/flowfigtabminer/lib/python3.9/site-packages/urllib3/__init__.py:35: NotOpenSSLWarning: urllib3 v2 only supports OpenSSL 1.1.1+, currently the 'ssl' module is compiled with 'LibreSSL 2.8.3'. See: https://github.com/urllib3/urllib3/issues/3020
  warnings.warn(
/Users/zhaowenyuan/Projects/FlowFigTabMiner/flowfigtabminer/lib/python3.9/site-packages/urllib3/__init__.py:35: NotOpenSSLWarning: urllib3 v2 only supports OpenSSL 1.1.1+, currently the 'ssl' module is compiled with 'LibreSSL 2.8.3'. See: https://github.com/urllib3/urllib3/issues/3020
  warnings.warn(
/Users/zhaowenyuan/Projects/FlowFigTabMiner/flowfigtabminer/lib/python3.9/site-packages/urllib3/__init__.py:35: NotOpenSSLWarning: urllib3 v2 only supports OpenSSL 1.1.1+, currently the 'ssl' module is compiled with 'LibreSSL 2.8.3'. See: https://github.com/urllib3/urllib3/issues/3020
  warnings.warn(
/Users/zhaowenyuan/Projects/FlowFigTabMiner/flowfigtabminer/lib/python3.9/site-packages/urllib3/__init__.py:35: NotOpenSSLWarning: urllib3 v2 only supports OpenSSL 1.1.1+, currently the 'ssl' module is compiled with 'LibreSSL 2.8.3'. See: https://github.com/urllib3/urllib3/issues/3020
  warnings.warn(
/Users/zhaowenyuan/Projects/FlowFigTabMiner/flowfigtabminer/lib/python3.9/site-packages/urllib3/__init__.py:35: NotOpenSSLWarning: urllib3 v2 only supports OpenSSL 1.1.1+, currently the 'ssl' module is compiled with 'LibreSSL 2.8.3'. See: https://github.com/urllib3/urllib3/issues/3020
  warnings.warn(
[33mChecking connectivity to the model hosters, this may take a while. To bypass this check, set `DISABLE_MODEL_SOURCE_CHECK` to `True`.[0m
[33mChecking connectivity to the model hosters, this may take a while. To bypass this check, set `DISABLE_MODEL_SOURCE_CHECK` to `True`.[0m
[33mChecking connectivity to the model hosters, this may take a while. To bypass this check, set `DISABLE_MODEL_SOURCE_CHECK` to `True`.[0m
[33mChecking connectivity to the model hosters, this may take a while. To bypass this check, set `DISABLE_MODEL_SOURCE_CHECK` to `True`.[0m
[33mChecking connectivity to the model hosters, this may take a while. To bypass this check, set `DISABLE_MODEL_SOURCE_CHECK` to `True`.[0m
[33mChecking connectivity to the model hosters, this may take a while. To bypass this check, set `DISABLE_MODEL_SOURCE_CHECK` to `True`.[0m
[33mChecking connectivity to the model hosters, this may take a while. To bypass this check, set `DISABLE_MODEL_SOURCE_CHECK` to `True`.[0m
[33mChecking connectivity to the model hosters, this may take a while. To bypass this check, set `DISABLE_MODEL_SOURCE_CHECK` to `True`.[0m
[33mChecking connectivity to the model hosters, this may take a while. To bypass this check, set `DISABLE_MODEL_SOURCE_CHECK` to `True`.[0m
[33mChecking connectivity to the model hosters, this may take a while. To bypass this check, set `DISABLE_MODEL_SOURCE_CHECK` to `True`.[0m
[33mChecking connectivity to the model hosters, this may take a while. To bypass this check, set `DISABLE_MODEL_SOURCE_CHECK` to `True`.[0m
[33mChecking connectivity to the model hosters, this may take a while. To bypass this check, set `DISABLE_MODEL_SOURCE_CHECK` to `True`.[0m
[33mChecking connectivity to the model hosters, this may take a while. To bypass this check, set `DISABLE_MODEL_SOURCE_CHECK` to `True`.[0m
[33mChecking connectivity to the model hosters, this may take a while. To bypass this check, set `DISABLE_MODEL_SOURCE_CHECK` to `True`.[0m
[33mChecking connectivity to the model hosters, this may take a while. To bypass this check, set `DISABLE_MODEL_SOURCE_CHECK` to `True`.[0m
/Users/zhaowenyuan/Projects/FlowFigTabMiner/flowfigtabminer/lib/python3.9/site-packages/onmt/modules/sparse_activations.py:48: FutureWarning: `torch.cuda.amp.custom_fwd(args...)` is deprecated. Please use `torch.amp.custom_fwd(args..., device_type='cuda')` instead.
  def forward(ctx, input, dim=0):
/Users/zhaowenyuan/Projects/FlowFigTabMiner/flowfigtabminer/lib/python3.9/site-packages/onmt/modules/sparse_activations.py:68: FutureWarning: `torch.cuda.amp.custom_bwd(args...)` is deprecated. Please use `torch.amp.custom_bwd(args..., device_type='cuda')` instead.
  def backward(ctx, grad_output):
/Users/zhaowenyuan/Projects/FlowFigTabMiner/flowfigtabminer/lib/python3.9/site-packages/onmt/modules/sparse_losses.py:13: FutureWarning: `torch.cuda.amp.custom_fwd(args...)` is deprecated. Please use `torch.amp.custom_fwd(args..., device_type='cuda')` instead.
  def forward(ctx, input, target):
/Users/zhaowenyuan/Projects/FlowFigTabMiner/flowfigtabminer/lib/python3.9/site-packages/onmt/modules/sparse_losses.py:37: FutureWarning: `torch.cuda.amp.custom_bwd(args...)` is deprecated. Please use `torch.amp.custom_bwd(args..., device_type='cuda')` instead.
  def backward(ctx, grad_output):
   -> Box 4: SMILES='CON(C)C(=O)c1ccc(Br)cc1' | Masked (White Box)
   -> [Debug] Box 5 sufficient size (259x193). Skipped Upscaling.
/Users/zhaowenyuan/Projects/FlowFigTabMiner/flowfigtabminer/lib/python3.9/site-packages/paddle/utils/cpp_extension/extension_utils.py:712: UserWarning: No ccache found. Please be aware that recompiling all source files may be required. You can download and install ccache from: https://github.com/ccache/ccache/blob/master/doc/INSTALL.md
  warnings.warn(warning_message)
/Users/zhaowenyuan/Projects/FlowFigTabMiner/flowfigtabminer/lib/python3.9/site-packages/paddle/utils/cpp_extension/extension_utils.py:712: UserWarning: No ccache found. Please be aware that recompiling all source files may be required. You can download and install ccache from: https://github.com/ccache/ccache/blob/master/doc/INSTALL.md
  warnings.warn(warning_message)
/Users/zhaowenyuan/Projects/FlowFigTabMiner/flowfigtabminer/lib/python3.9/site-packages/paddle/utils/cpp_extension/extension_utils.py:712: UserWarning: No ccache found. Please be aware that recompiling all source files may be required. You can download and install ccache from: https://github.com/ccache/ccache/blob/master/doc/INSTALL.md
  warnings.warn(warning_message)
/Users/zhaowenyuan/Projects/FlowFigTabMiner/flowfigtabminer/lib/python3.9/site-packages/paddle/utils/cpp_extension/extension_utils.py:712: UserWarning: No ccache found. Please be aware that recompiling all source files may be required. You can download and install ccache from: https://github.com/ccache/ccache/blob/master/doc/INSTALL.md
  warnings.warn(warning_message)
/Users/zhaowenyuan/Projects/FlowFigTabMiner/flowfigtabminer/lib/python3.9/site-packages/paddle/utils/cpp_extension/extension_utils.py:712: UserWarning: No ccache found. Please be aware that recompiling all source files may be required. You can download and install ccache from: https://github.com/ccache/ccache/blob/master/doc/INSTALL.md
  warnings.warn(warning_message)
/Users/zhaowenyuan/Projects/FlowFigTabMiner/flowfigtabminer/lib/python3.9/site-packages/paddle/utils/cpp_extension/extension_utils.py:712: UserWarning: No ccache found. Please be aware that recompiling all source files may be required. You can download and install ccache from: https://github.com/ccache/ccache/blob/master/doc/INSTALL.md
  warnings.warn(warning_message)
/Users/zhaowenyuan/Projects/FlowFigTabMiner/flowfigtabminer/lib/python3.9/site-packages/paddle/utils/cpp_extension/extension_utils.py:712: UserWarning: No ccache found. Please be aware that recompiling all source files may be required. You can download and install ccache from: https://github.com/ccache/ccache/blob/master/doc/INSTALL.md
  warnings.warn(warning_message)
/Users/zhaowenyuan/Projects/FlowFigTabMiner/flowfigtabminer/lib/python3.9/site-packages/paddle/utils/cpp_extension/extension_utils.py:712: UserWarning: No ccache found. Please be aware that recompiling all source files may be required. You can download and install ccache from: https://github.com/ccache/ccache/blob/master/doc/INSTALL.md
  warnings.warn(warning_message)
/Users/zhaowenyuan/Projects/FlowFigTabMiner/flowfigtabminer/lib/python3.9/site-packages/paddle/utils/cpp_extension/extension_utils.py:712: UserWarning: No ccache found. Please be aware that recompiling all source files may be required. You can download and install ccache from: https://github.com/ccache/ccache/blob/master/doc/INSTALL.md
  warnings.warn(warning_message)
/Users/zhaowenyuan/Projects/FlowFigTabMiner/flowfigtabminer/lib/python3.9/site-packages/paddle/utils/cpp_extension/extension_utils.py:712: UserWarning: No ccache found. Please be aware that recompiling all source files may be required. You can download and install ccache from: https://github.com/ccache/ccache/blob/master/doc/INSTALL.md
  warnings.warn(warning_message)
/Users/zhaowenyuan/Projects/FlowFigTabMiner/flowfigtabminer/lib/python3.9/site-packages/paddle/utils/cpp_extension/extension_utils.py:712: UserWarning: No ccache found. Please be aware that recompiling all source files may be required. You can download and install ccache from: https://github.com/ccache/ccache/blob/master/doc/INSTALL.md
  warnings.warn(warning_message)
/Users/zhaowenyuan/Projects/FlowFigTabMiner/flowfigtabminer/lib/python3.9/site-packages/paddle/utils/cpp_extension/extension_utils.py:712: UserWarning: No ccache found. Please be aware that recompiling all source files may be required. You can download and install ccache from: https://github.com/ccache/ccache/blob/master/doc/INSTALL.md
  warnings.warn(warning_message)
/Users/zhaowenyuan/Projects/FlowFigTabMiner/flowfigtabminer/lib/python3.9/site-packages/paddle/utils/cpp_extension/extension_utils.py:712: UserWarning: No ccache found. Please be aware that recompiling all source files may be required. You can download and install ccache from: https://github.com/ccache/ccache/blob/master/doc/INSTALL.md
  warnings.warn(warning_message)
/Users/zhaowenyuan/Projects/FlowFigTabMiner/flowfigtabminer/lib/python3.9/site-packages/paddle/utils/cpp_extension/extension_utils.py:712: UserWarning: No ccache found. Please be aware that recompiling all source files may be required. You can download and install ccache from: https://github.com/ccache/ccache/blob/master/doc/INSTALL.md
  warnings.warn(warning_message)
/Users/zhaowenyuan/Projects/FlowFigTabMiner/flowfigtabminer/lib/python3.9/site-packages/paddle/utils/cpp_extension/extension_utils.py:712: UserWarning: No ccache found. Please be aware that recompiling all source files may be required. You can download and install ccache from: https://github.com/ccache/ccache/blob/master/doc/INSTALL.md
  warnings.warn(warning_message)
/Users/zhaowenyuan/Projects/FlowFigTabMiner/flowfigtabminer/lib/python3.9/site-packages/paddle/utils/cpp_extension/extension_utils.py:712: UserWarning: No ccache found. Please be aware that recompiling all source files may be required. You can download and install ccache from: https://github.com/ccache/ccache/blob/master/doc/INSTALL.md
  warnings.warn(warning_message)
/Users/zhaowenyuan/Projects/FlowFigTabMiner/flowfigtabminer/lib/python3.9/site-packages/urllib3/__init__.py:35: NotOpenSSLWarning: urllib3 v2 only supports OpenSSL 1.1.1+, currently the 'ssl' module is compiled with 'LibreSSL 2.8.3'. See: https://github.com/urllib3/urllib3/issues/3020
  warnings.warn(
/Users/zhaowenyuan/Projects/FlowFigTabMiner/flowfigtabminer/lib/python3.9/site-packages/urllib3/__init__.py:35: NotOpenSSLWarning: urllib3 v2 only supports OpenSSL 1.1.1+, currently the 'ssl' module is compiled with 'LibreSSL 2.8.3'. See: https://github.com/urllib3/urllib3/issues/3020
  warnings.warn(
/Users/zhaowenyuan/Projects/FlowFigTabMiner/flowfigtabminer/lib/python3.9/site-packages/urllib3/__init__.py:35: NotOpenSSLWarning: urllib3 v2 only supports OpenSSL 1.1.1+, currently the 'ssl' module is compiled with 'LibreSSL 2.8.3'. See: https://github.com/urllib3/urllib3/issues/3020
  warnings.warn(
/Users/zhaowenyuan/Projects/FlowFigTabMiner/flowfigtabminer/lib/python3.9/site-packages/urllib3/__init__.py:35: NotOpenSSLWarning: urllib3 v2 only supports OpenSSL 1.1.1+, currently the 'ssl' module is compiled with 'LibreSSL 2.8.3'. See: https://github.com/urllib3/urllib3/issues/3020
  warnings.warn(
/Users/zhaowenyuan/Projects/FlowFigTabMiner/flowfigtabminer/lib/python3.9/site-packages/urllib3/__init__.py:35: NotOpenSSLWarning: urllib3 v2 only supports OpenSSL 1.1.1+, currently the 'ssl' module is compiled with 'LibreSSL 2.8.3'. See: https://github.com/urllib3/urllib3/issues/3020
  warnings.warn(
/Users/zhaowenyuan/Projects/FlowFigTabMiner/flowfigtabminer/lib/python3.9/site-packages/urllib3/__init__.py:35: NotOpenSSLWarning: urllib3 v2 only supports OpenSSL 1.1.1+, currently the 'ssl' module is compiled with 'LibreSSL 2.8.3'. See: https://github.com/urllib3/urllib3/issues/3020
  warnings.warn(
/Users/zhaowenyuan/Projects/FlowFigTabMiner/flowfigtabminer/lib/python3.9/site-packages/urllib3/__init__.py:35: NotOpenSSLWarning: urllib3 v2 only supports OpenSSL 1.1.1+, currently the 'ssl' module is compiled with 'LibreSSL 2.8.3'. See: https://github.com/urllib3/urllib3/issues/3020
  warnings.warn(
/Users/zhaowenyuan/Projects/FlowFigTabMiner/flowfigtabminer/lib/python3.9/site-packages/urllib3/__init__.py:35: NotOpenSSLWarning: urllib3 v2 only supports OpenSSL 1.1.1+, currently the 'ssl' module is compiled with 'LibreSSL 2.8.3'. See: https://github.com/urllib3/urllib3/issues/3020
  warnings.warn(
/Users/zhaowenyuan/Projects/FlowFigTabMiner/flowfigtabminer/lib/python3.9/site-packages/urllib3/__init__.py:35: NotOpenSSLWarning: urllib3 v2 only supports OpenSSL 1.1.1+, currently the 'ssl' module is compiled with 'LibreSSL 2.8.3'. See: https://github.com/urllib3/urllib3/issues/3020
  warnings.warn(
[33mChecking connectivity to the model hosters, this may take a while. To bypass this check, set `DISABLE_MODEL_SOURCE_CHECK` to `True`.[0m
/Users/zhaowenyuan/Projects/FlowFigTabMiner/flowfigtabminer/lib/python3.9/site-packages/urllib3/__init__.py:35: NotOpenSSLWarning: urllib3 v2 only supports OpenSSL 1.1.1+, currently the 'ssl' module is compiled with 'LibreSSL 2.8.3'. See: https://github.com/urllib3/urllib3/issues/3020
  warnings.warn(
/Users/zhaowenyuan/Projects/FlowFigTabMiner/flowfigtabminer/lib/python3.9/site-packages/urllib3/__init__.py:35: NotOpenSSLWarning: urllib3 v2 only supports OpenSSL 1.1.1+, currently the 'ssl' module is compiled with 'LibreSSL 2.8.3'. See: https://github.com/urllib3/urllib3/issues/3020
  warnings.warn(
/Users/zhaowenyuan/Projects/FlowFigTabMiner/flowfigtabminer/lib/python3.9/site-packages/urllib3/__init__.py:35: NotOpenSSLWarning: urllib3 v2 only supports OpenSSL 1.1.1+, currently the 'ssl' module is compiled with 'LibreSSL 2.8.3'. See: https://github.com/urllib3/urllib3/issues/3020
  warnings.warn(
/Users/zhaowenyuan/Projects/FlowFigTabMiner/flowfigtabminer/lib/python3.9/site-packages/urllib3/__init__.py:35: NotOpenSSLWarning: urllib3 v2 only supports OpenSSL 1.1.1+, currently the 'ssl' module is compiled with 'LibreSSL 2.8.3'. See: https://github.com/urllib3/urllib3/issues/3020
  warnings.warn(
/Users/zhaowenyuan/Projects/FlowFigTabMiner/flowfigtabminer/lib/python3.9/site-packages/urllib3/__init__.py:35: NotOpenSSLWarning: urllib3 v2 only supports OpenSSL 1.1.1+, currently the 'ssl' module is compiled with 'LibreSSL 2.8.3'. See: https://github.com/urllib3/urllib3/issues/3020
  warnings.warn(
/Users/zhaowenyuan/Projects/FlowFigTabMiner/flowfigtabminer/lib/python3.9/site-packages/urllib3/__init__.py:35: NotOpenSSLWarning: urllib3 v2 only supports OpenSSL 1.1.1+, currently the 'ssl' module is compiled with 'LibreSSL 2.8.3'. See: https://github.com/urllib3/urllib3/issues/3020
  warnings.warn(
/Users/zhaowenyuan/Projects/FlowFigTabMiner/flowfigtabminer/lib/python3.9/site-packages/urllib3/__init__.py:35: NotOpenSSLWarning: urllib3 v2 only supports OpenSSL 1.1.1+, currently the 'ssl' module is compiled with 'LibreSSL 2.8.3'. See: https://github.com/urllib3/urllib3/issues/3020
  warnings.warn(
[33mChecking connectivity to the model hosters, this may take a while. To bypass this check, set `DISABLE_MODEL_SOURCE_CHECK` to `True`.[0m
[33mChecking connectivity to the model hosters, this may take a while. To bypass this check, set `DISABLE_MODEL_SOURCE_CHECK` to `True`.[0m
[33mChecking connectivity to the model hosters, this may take a while. To bypass this check, set `DISABLE_MODEL_SOURCE_CHECK` to `True`.[0m
[33mChecking connectivity to the model hosters, this may take a while. To bypass this check, set `DISABLE_MODEL_SOURCE_CHECK` to `True`.[0m
[33mChecking connectivity to the model hosters, this may take a while. To bypass this check, set `DISABLE_MODEL_SOURCE_CHECK` to `True`.[0m
[33mChecking connectivity to the model hosters, this may take a while. To bypass this check, set `DISABLE_MODEL_SOURCE_CHECK` to `True`.[0m
[33mChecking connectivity to the model hosters, this may take a while. To bypass this check, set `DISABLE_MODEL_SOURCE_CHECK` to `True`.[0m
[33mChecking connectivity to the model hosters, this may take a while. To bypass this check, set `DISABLE_MODEL_SOURCE_CHECK` to `True`.[0m
[33mChecking connectivity to the model hosters, this may take a while. To bypass this check, set `DISABLE_MODEL_SOURCE_CHECK` to `True`.[0m
[33mChecking connectivity to the model hosters, this may take a while. To bypass this check, set `DISABLE_MODEL_SOURCE_CHECK` to `True`.[0m
[33mChecking connectivity to the model hosters, this may take a while. To bypass this check, set `DISABLE_MODEL_SOURCE_CHECK` to `True`.[0m
[33mChecking connectivity to the model hosters, this may take a while. To bypass this check, set `DISABLE_MODEL_SOURCE_CHECK` to `True`.[0m
[33mChecking connectivity to the model hosters, this may take a while. To bypass this check, set `DISABLE_MODEL_SOURCE_CHECK` to `True`.[0m
[33mChecking connectivity to the model hosters, this may take a while. To bypass this check, set `DISABLE_MODEL_SOURCE_CHECK` to `True`.[0m
[33mChecking connectivity to the model hosters, this may take a while. To bypass this check, set `DISABLE_MODEL_SOURCE_CHECK` to `True`.[0m
/Users/zhaowenyuan/Projects/FlowFigTabMiner/flowfigtabminer/lib/python3.9/site-packages/onmt/modules/sparse_activations.py:48: FutureWarning: `torch.cuda.amp.custom_fwd(args...)` is deprecated. Please use `torch.amp.custom_fwd(args..., device_type='cuda')` instead.
  def forward(ctx, input, dim=0):
/Users/zhaowenyuan/Projects/FlowFigTabMiner/flowfigtabminer/lib/python3.9/site-packages/onmt/modules/sparse_activations.py:68: FutureWarning: `torch.cuda.amp.custom_bwd(args...)` is deprecated. Please use `torch.amp.custom_bwd(args..., device_type='cuda')` instead.
  def backward(ctx, grad_output):
/Users/zhaowenyuan/Projects/FlowFigTabMiner/flowfigtabminer/lib/python3.9/site-packages/onmt/modules/sparse_losses.py:13: FutureWarning: `torch.cuda.amp.custom_fwd(args...)` is deprecated. Please use `torch.amp.custom_fwd(args..., device_type='cuda')` instead.
  def forward(ctx, input, target):
/Users/zhaowenyuan/Projects/FlowFigTabMiner/flowfigtabminer/lib/python3.9/site-packages/onmt/modules/sparse_losses.py:37: FutureWarning: `torch.cuda.amp.custom_bwd(args...)` is deprecated. Please use `torch.amp.custom_bwd(args..., device_type='cuda')` instead.
  def backward(ctx, grad_output):
   -> Box 5: SMILES='C=Cc1ccc(C2(c3ccccc3)OC2F)cc1' | Masked (White Box)
   -> [Debug] Upscaled TINY box 6 by 1.7x (253x174 -> 436x300)
/Users/zhaowenyuan/Projects/FlowFigTabMiner/flowfigtabminer/lib/python3.9/site-packages/paddle/utils/cpp_extension/extension_utils.py:712: UserWarning: No ccache found. Please be aware that recompiling all source files may be required. You can download and install ccache from: https://github.com/ccache/ccache/blob/master/doc/INSTALL.md
  warnings.warn(warning_message)
/Users/zhaowenyuan/Projects/FlowFigTabMiner/flowfigtabminer/lib/python3.9/site-packages/paddle/utils/cpp_extension/extension_utils.py:712: UserWarning: No ccache found. Please be aware that recompiling all source files may be required. You can download and install ccache from: https://github.com/ccache/ccache/blob/master/doc/INSTALL.md
  warnings.warn(warning_message)
/Users/zhaowenyuan/Projects/FlowFigTabMiner/flowfigtabminer/lib/python3.9/site-packages/paddle/utils/cpp_extension/extension_utils.py:712: UserWarning: No ccache found. Please be aware that recompiling all source files may be required. You can download and install ccache from: https://github.com/ccache/ccache/blob/master/doc/INSTALL.md
  warnings.warn(warning_message)
/Users/zhaowenyuan/Projects/FlowFigTabMiner/flowfigtabminer/lib/python3.9/site-packages/paddle/utils/cpp_extension/extension_utils.py:712: UserWarning: No ccache found. Please be aware that recompiling all source files may be required. You can download and install ccache from: https://github.com/ccache/ccache/blob/master/doc/INSTALL.md
  warnings.warn(warning_message)
/Users/zhaowenyuan/Projects/FlowFigTabMiner/flowfigtabminer/lib/python3.9/site-packages/paddle/utils/cpp_extension/extension_utils.py:712: UserWarning: No ccache found. Please be aware that recompiling all source files may be required. You can download and install ccache from: https://github.com/ccache/ccache/blob/master/doc/INSTALL.md
  warnings.warn(warning_message)
/Users/zhaowenyuan/Projects/FlowFigTabMiner/flowfigtabminer/lib/python3.9/site-packages/paddle/utils/cpp_extension/extension_utils.py:712: UserWarning: No ccache found. Please be aware that recompiling all source files may be required. You can download and install ccache from: https://github.com/ccache/ccache/blob/master/doc/INSTALL.md
  warnings.warn(warning_message)
/Users/zhaowenyuan/Projects/FlowFigTabMiner/flowfigtabminer/lib/python3.9/site-packages/paddle/utils/cpp_extension/extension_utils.py:712: UserWarning: No ccache found. Please be aware that recompiling all source files may be required. You can download and install ccache from: https://github.com/ccache/ccache/blob/master/doc/INSTALL.md
  warnings.warn(warning_message)
/Users/zhaowenyuan/Projects/FlowFigTabMiner/flowfigtabminer/lib/python3.9/site-packages/paddle/utils/cpp_extension/extension_utils.py:712: UserWarning: No ccache found. Please be aware that recompiling all source files may be required. You can download and install ccache from: https://github.com/ccache/ccache/blob/master/doc/INSTALL.md
  warnings.warn(warning_message)
/Users/zhaowenyuan/Projects/FlowFigTabMiner/flowfigtabminer/lib/python3.9/site-packages/paddle/utils/cpp_extension/extension_utils.py:712: UserWarning: No ccache found. Please be aware that recompiling all source files may be required. You can download and install ccache from: https://github.com/ccache/ccache/blob/master/doc/INSTALL.md
  warnings.warn(warning_message)
/Users/zhaowenyuan/Projects/FlowFigTabMiner/flowfigtabminer/lib/python3.9/site-packages/paddle/utils/cpp_extension/extension_utils.py:712: UserWarning: No ccache found. Please be aware that recompiling all source files may be required. You can download and install ccache from: https://github.com/ccache/ccache/blob/master/doc/INSTALL.md
  warnings.warn(warning_message)
/Users/zhaowenyuan/Projects/FlowFigTabMiner/flowfigtabminer/lib/python3.9/site-packages/paddle/utils/cpp_extension/extension_utils.py:712: UserWarning: No ccache found. Please be aware that recompiling all source files may be required. You can download and install ccache from: https://github.com/ccache/ccache/blob/master/doc/INSTALL.md
  warnings.warn(warning_message)
/Users/zhaowenyuan/Projects/FlowFigTabMiner/flowfigtabminer/lib/python3.9/site-packages/paddle/utils/cpp_extension/extension_utils.py:712: UserWarning: No ccache found. Please be aware that recompiling all source files may be required. You can download and install ccache from: https://github.com/ccache/ccache/blob/master/doc/INSTALL.md
  warnings.warn(warning_message)
/Users/zhaowenyuan/Projects/FlowFigTabMiner/flowfigtabminer/lib/python3.9/site-packages/paddle/utils/cpp_extension/extension_utils.py:712: UserWarning: No ccache found. Please be aware that recompiling all source files may be required. You can download and install ccache from: https://github.com/ccache/ccache/blob/master/doc/INSTALL.md
  warnings.warn(warning_message)
/Users/zhaowenyuan/Projects/FlowFigTabMiner/flowfigtabminer/lib/python3.9/site-packages/paddle/utils/cpp_extension/extension_utils.py:712: UserWarning: No ccache found. Please be aware that recompiling all source files may be required. You can download and install ccache from: https://github.com/ccache/ccache/blob/master/doc/INSTALL.md
  warnings.warn(warning_message)
/Users/zhaowenyuan/Projects/FlowFigTabMiner/flowfigtabminer/lib/python3.9/site-packages/paddle/utils/cpp_extension/extension_utils.py:712: UserWarning: No ccache found. Please be aware that recompiling all source files may be required. You can download and install ccache from: https://github.com/ccache/ccache/blob/master/doc/INSTALL.md
  warnings.warn(warning_message)
/Users/zhaowenyuan/Projects/FlowFigTabMiner/flowfigtabminer/lib/python3.9/site-packages/paddle/utils/cpp_extension/extension_utils.py:712: UserWarning: No ccache found. Please be aware that recompiling all source files may be required. You can download and install ccache from: https://github.com/ccache/ccache/blob/master/doc/INSTALL.md
  warnings.warn(warning_message)
/Users/zhaowenyuan/Projects/FlowFigTabMiner/flowfigtabminer/lib/python3.9/site-packages/urllib3/__init__.py:35: NotOpenSSLWarning: urllib3 v2 only supports OpenSSL 1.1.1+, currently the 'ssl' module is compiled with 'LibreSSL 2.8.3'. See: https://github.com/urllib3/urllib3/issues/3020
  warnings.warn(
/Users/zhaowenyuan/Projects/FlowFigTabMiner/flowfigtabminer/lib/python3.9/site-packages/urllib3/__init__.py:35: NotOpenSSLWarning: urllib3 v2 only supports OpenSSL 1.1.1+, currently the 'ssl' module is compiled with 'LibreSSL 2.8.3'. See: https://github.com/urllib3/urllib3/issues/3020
  warnings.warn(
/Users/zhaowenyuan/Projects/FlowFigTabMiner/flowfigtabminer/lib/python3.9/site-packages/urllib3/__init__.py:35: NotOpenSSLWarning: urllib3 v2 only supports OpenSSL 1.1.1+, currently the 'ssl' module is compiled with 'LibreSSL 2.8.3'. See: https://github.com/urllib3/urllib3/issues/3020
  warnings.warn(
/Users/zhaowenyuan/Projects/FlowFigTabMiner/flowfigtabminer/lib/python3.9/site-packages/urllib3/__init__.py:35: NotOpenSSLWarning: urllib3 v2 only supports OpenSSL 1.1.1+, currently the 'ssl' module is compiled with 'LibreSSL 2.8.3'. See: https://github.com/urllib3/urllib3/issues/3020
  warnings.warn(
/Users/zhaowenyuan/Projects/FlowFigTabMiner/flowfigtabminer/lib/python3.9/site-packages/urllib3/__init__.py:35: NotOpenSSLWarning: urllib3 v2 only supports OpenSSL 1.1.1+, currently the 'ssl' module is compiled with 'LibreSSL 2.8.3'. See: https://github.com/urllib3/urllib3/issues/3020
  warnings.warn(
/Users/zhaowenyuan/Projects/FlowFigTabMiner/flowfigtabminer/lib/python3.9/site-packages/urllib3/__init__.py:35: NotOpenSSLWarning: urllib3 v2 only supports OpenSSL 1.1.1+, currently the 'ssl' module is compiled with 'LibreSSL 2.8.3'. See: https://github.com/urllib3/urllib3/issues/3020
  warnings.warn(
/Users/zhaowenyuan/Projects/FlowFigTabMiner/flowfigtabminer/lib/python3.9/site-packages/urllib3/__init__.py:35: NotOpenSSLWarning: urllib3 v2 only supports OpenSSL 1.1.1+, currently the 'ssl' module is compiled with 'LibreSSL 2.8.3'. See: https://github.com/urllib3/urllib3/issues/3020
  warnings.warn(
/Users/zhaowenyuan/Projects/FlowFigTabMiner/flowfigtabminer/lib/python3.9/site-packages/urllib3/__init__.py:35: NotOpenSSLWarning: urllib3 v2 only supports OpenSSL 1.1.1+, currently the 'ssl' module is compiled with 'LibreSSL 2.8.3'. See: https://github.com/urllib3/urllib3/issues/3020
  warnings.warn(
/Users/zhaowenyuan/Projects/FlowFigTabMiner/flowfigtabminer/lib/python3.9/site-packages/urllib3/__init__.py:35: NotOpenSSLWarning: urllib3 v2 only supports OpenSSL 1.1.1+, currently the 'ssl' module is compiled with 'LibreSSL 2.8.3'. See: https://github.com/urllib3/urllib3/issues/3020
  warnings.warn(
/Users/zhaowenyuan/Projects/FlowFigTabMiner/flowfigtabminer/lib/python3.9/site-packages/urllib3/__init__.py:35: NotOpenSSLWarning: urllib3 v2 only supports OpenSSL 1.1.1+, currently the 'ssl' module is compiled with 'LibreSSL 2.8.3'. See: https://github.com/urllib3/urllib3/issues/3020
  warnings.warn(
/Users/zhaowenyuan/Projects/FlowFigTabMiner/flowfigtabminer/lib/python3.9/site-packages/urllib3/__init__.py:35: NotOpenSSLWarning: urllib3 v2 only supports OpenSSL 1.1.1+, currently the 'ssl' module is compiled with 'LibreSSL 2.8.3'. See: https://github.com/urllib3/urllib3/issues/3020
  warnings.warn(
/Users/zhaowenyuan/Projects/FlowFigTabMiner/flowfigtabminer/lib/python3.9/site-packages/urllib3/__init__.py:35: NotOpenSSLWarning: urllib3 v2 only supports OpenSSL 1.1.1+, currently the 'ssl' module is compiled with 'LibreSSL 2.8.3'. See: https://github.com/urllib3/urllib3/issues/3020
  warnings.warn(
/Users/zhaowenyuan/Projects/FlowFigTabMiner/flowfigtabminer/lib/python3.9/site-packages/urllib3/__init__.py:35: NotOpenSSLWarning: urllib3 v2 only supports OpenSSL 1.1.1+, currently the 'ssl' module is compiled with 'LibreSSL 2.8.3'. See: https://github.com/urllib3/urllib3/issues/3020
  warnings.warn(
/Users/zhaowenyuan/Projects/FlowFigTabMiner/flowfigtabminer/lib/python3.9/site-packages/urllib3/__init__.py:35: NotOpenSSLWarning: urllib3 v2 only supports OpenSSL 1.1.1+, currently the 'ssl' module is compiled with 'LibreSSL 2.8.3'. See: https://github.com/urllib3/urllib3/issues/3020
  warnings.warn(
[33mChecking connectivity to the model hosters, this may take a while. To bypass this check, set `DISABLE_MODEL_SOURCE_CHECK` to `True`.[0m
/Users/zhaowenyuan/Projects/FlowFigTabMiner/flowfigtabminer/lib/python3.9/site-packages/urllib3/__init__.py:35: NotOpenSSLWarning: urllib3 v2 only supports OpenSSL 1.1.1+, currently the 'ssl' module is compiled with 'LibreSSL 2.8.3'. See: https://github.com/urllib3/urllib3/issues/3020
  warnings.warn(
/Users/zhaowenyuan/Projects/FlowFigTabMiner/flowfigtabminer/lib/python3.9/site-packages/urllib3/__init__.py:35: NotOpenSSLWarning: urllib3 v2 only supports OpenSSL 1.1.1+, currently the 'ssl' module is compiled with 'LibreSSL 2.8.3'. See: https://github.com/urllib3/urllib3/issues/3020
  warnings.warn(
[33mChecking connectivity to the model hosters, this may take a while. To bypass this check, set `DISABLE_MODEL_SOURCE_CHECK` to `True`.[0m
[33mChecking connectivity to the model hosters, this may take a while. To bypass this check, set `DISABLE_MODEL_SOURCE_CHECK` to `True`.[0m
[33mChecking connectivity to the model hosters, this may take a while. To bypass this check, set `DISABLE_MODEL_SOURCE_CHECK` to `True`.[0m
[33mChecking connectivity to the model hosters, this may take a while. To bypass this check, set `DISABLE_MODEL_SOURCE_CHECK` to `True`.[0m
[33mChecking connectivity to the model hosters, this may take a while. To bypass this check, set `DISABLE_MODEL_SOURCE_CHECK` to `True`.[0m
[33mChecking connectivity to the model hosters, this may take a while. To bypass this check, set `DISABLE_MODEL_SOURCE_CHECK` to `True`.[0m
[33mChecking connectivity to the model hosters, this may take a while. To bypass this check, set `DISABLE_MODEL_SOURCE_CHECK` to `True`.[0m
[33mChecking connectivity to the model hosters, this may take a while. To bypass this check, set `DISABLE_MODEL_SOURCE_CHECK` to `True`.[0m
[33mChecking connectivity to the model hosters, this may take a while. To bypass this check, set `DISABLE_MODEL_SOURCE_CHECK` to `True`.[0m
[33mChecking connectivity to the model hosters, this may take a while. To bypass this check, set `DISABLE_MODEL_SOURCE_CHECK` to `True`.[0m
[33mChecking connectivity to the model hosters, this may take a while. To bypass this check, set `DISABLE_MODEL_SOURCE_CHECK` to `True`.[0m
[33mChecking connectivity to the model hosters, this may take a while. To bypass this check, set `DISABLE_MODEL_SOURCE_CHECK` to `True`.[0m
[33mChecking connectivity to the model hosters, this may take a while. To bypass this check, set `DISABLE_MODEL_SOURCE_CHECK` to `True`.[0m
[33mChecking connectivity to the model hosters, this may take a while. To bypass this check, set `DISABLE_MODEL_SOURCE_CHECK` to `True`.[0m
[33mChecking connectivity to the model hosters, this may take a while. To bypass this check, set `DISABLE_MODEL_SOURCE_CHECK` to `True`.[0m
/Users/zhaowenyuan/Projects/FlowFigTabMiner/flowfigtabminer/lib/python3.9/site-packages/onmt/modules/sparse_activations.py:48: FutureWarning: `torch.cuda.amp.custom_fwd(args...)` is deprecated. Please use `torch.amp.custom_fwd(args..., device_type='cuda')` instead.
  def forward(ctx, input, dim=0):
/Users/zhaowenyuan/Projects/FlowFigTabMiner/flowfigtabminer/lib/python3.9/site-packages/onmt/modules/sparse_activations.py:68: FutureWarning: `torch.cuda.amp.custom_bwd(args...)` is deprecated. Please use `torch.amp.custom_bwd(args..., device_type='cuda')` instead.
  def backward(ctx, grad_output):
/Users/zhaowenyuan/Projects/FlowFigTabMiner/flowfigtabminer/lib/python3.9/site-packages/onmt/modules/sparse_losses.py:13: FutureWarning: `torch.cuda.amp.custom_fwd(args...)` is deprecated. Please use `torch.amp.custom_fwd(args..., device_type='cuda')` instead.
  def forward(ctx, input, target):
/Users/zhaowenyuan/Projects/FlowFigTabMiner/flowfigtabminer/lib/python3.9/site-packages/onmt/modules/sparse_losses.py:37: FutureWarning: `torch.cuda.amp.custom_bwd(args...)` is deprecated. Please use `torch.amp.custom_bwd(args..., device_type='cuda')` instead.
  def backward(ctx, grad_output):
   -> Box 6: SMILES='O=C(c1ccccc1)c1ccc(Br)cc1' | Masked (White Box)
   -> [Debug] Upscaled TINY box 7 by 1.7x (234x175 -> 401x300)
/Users/zhaowenyuan/Projects/FlowFigTabMiner/flowfigtabminer/lib/python3.9/site-packages/paddle/utils/cpp_extension/extension_utils.py:712: UserWarning: No ccache found. Please be aware that recompiling all source files may be required. You can download and install ccache from: https://github.com/ccache/ccache/blob/master/doc/INSTALL.md
  warnings.warn(warning_message)
/Users/zhaowenyuan/Projects/FlowFigTabMiner/flowfigtabminer/lib/python3.9/site-packages/paddle/utils/cpp_extension/extension_utils.py:712: UserWarning: No ccache found. Please be aware that recompiling all source files may be required. You can download and install ccache from: https://github.com/ccache/ccache/blob/master/doc/INSTALL.md
  warnings.warn(warning_message)
/Users/zhaowenyuan/Projects/FlowFigTabMiner/flowfigtabminer/lib/python3.9/site-packages/paddle/utils/cpp_extension/extension_utils.py:712: UserWarning: No ccache found. Please be aware that recompiling all source files may be required. You can download and install ccache from: https://github.com/ccache/ccache/blob/master/doc/INSTALL.md
  warnings.warn(warning_message)
/Users/zhaowenyuan/Projects/FlowFigTabMiner/flowfigtabminer/lib/python3.9/site-packages/paddle/utils/cpp_extension/extension_utils.py:712: UserWarning: No ccache found. Please be aware that recompiling all source files may be required. You can download and install ccache from: https://github.com/ccache/ccache/blob/master/doc/INSTALL.md
  warnings.warn(warning_message)
/Users/zhaowenyuan/Projects/FlowFigTabMiner/flowfigtabminer/lib/python3.9/site-packages/paddle/utils/cpp_extension/extension_utils.py:712: UserWarning: No ccache found. Please be aware that recompiling all source files may be required. You can download and install ccache from: https://github.com/ccache/ccache/blob/master/doc/INSTALL.md
  warnings.warn(warning_message)
/Users/zhaowenyuan/Projects/FlowFigTabMiner/flowfigtabminer/lib/python3.9/site-packages/paddle/utils/cpp_extension/extension_utils.py:712: UserWarning: No ccache found. Please be aware that recompiling all source files may be required. You can download and install ccache from: https://github.com/ccache/ccache/blob/master/doc/INSTALL.md
  warnings.warn(warning_message)
/Users/zhaowenyuan/Projects/FlowFigTabMiner/flowfigtabminer/lib/python3.9/site-packages/paddle/utils/cpp_extension/extension_utils.py:712: UserWarning: No ccache found. Please be aware that recompiling all source files may be required. You can download and install ccache from: https://github.com/ccache/ccache/blob/master/doc/INSTALL.md
  warnings.warn(warning_message)
/Users/zhaowenyuan/Projects/FlowFigTabMiner/flowfigtabminer/lib/python3.9/site-packages/paddle/utils/cpp_extension/extension_utils.py:712: UserWarning: No ccache found. Please be aware that recompiling all source files may be required. You can download and install ccache from: https://github.com/ccache/ccache/blob/master/doc/INSTALL.md
  warnings.warn(warning_message)
/Users/zhaowenyuan/Projects/FlowFigTabMiner/flowfigtabminer/lib/python3.9/site-packages/paddle/utils/cpp_extension/extension_utils.py:712: UserWarning: No ccache found. Please be aware that recompiling all source files may be required. You can download and install ccache from: https://github.com/ccache/ccache/blob/master/doc/INSTALL.md
  warnings.warn(warning_message)
/Users/zhaowenyuan/Projects/FlowFigTabMiner/flowfigtabminer/lib/python3.9/site-packages/paddle/utils/cpp_extension/extension_utils.py:712: UserWarning: No ccache found. Please be aware that recompiling all source files may be required. You can download and install ccache from: https://github.com/ccache/ccache/blob/master/doc/INSTALL.md
  warnings.warn(warning_message)
/Users/zhaowenyuan/Projects/FlowFigTabMiner/flowfigtabminer/lib/python3.9/site-packages/paddle/utils/cpp_extension/extension_utils.py:712: UserWarning: No ccache found. Please be aware that recompiling all source files may be required. You can download and install ccache from: https://github.com/ccache/ccache/blob/master/doc/INSTALL.md
  warnings.warn(warning_message)
/Users/zhaowenyuan/Projects/FlowFigTabMiner/flowfigtabminer/lib/python3.9/site-packages/paddle/utils/cpp_extension/extension_utils.py:712: UserWarning: No ccache found. Please be aware that recompiling all source files may be required. You can download and install ccache from: https://github.com/ccache/ccache/blob/master/doc/INSTALL.md
  warnings.warn(warning_message)
/Users/zhaowenyuan/Projects/FlowFigTabMiner/flowfigtabminer/lib/python3.9/site-packages/paddle/utils/cpp_extension/extension_utils.py:712: UserWarning: No ccache found. Please be aware that recompiling all source files may be required. You can download and install ccache from: https://github.com/ccache/ccache/blob/master/doc/INSTALL.md
  warnings.warn(warning_message)
/Users/zhaowenyuan/Projects/FlowFigTabMiner/flowfigtabminer/lib/python3.9/site-packages/paddle/utils/cpp_extension/extension_utils.py:712: UserWarning: No ccache found. Please be aware that recompiling all source files may be required. You can download and install ccache from: https://github.com/ccache/ccache/blob/master/doc/INSTALL.md
  warnings.warn(warning_message)
/Users/zhaowenyuan/Projects/FlowFigTabMiner/flowfigtabminer/lib/python3.9/site-packages/paddle/utils/cpp_extension/extension_utils.py:712: UserWarning: No ccache found. Please be aware that recompiling all source files may be required. You can download and install ccache from: https://github.com/ccache/ccache/blob/master/doc/INSTALL.md
  warnings.warn(warning_message)
/Users/zhaowenyuan/Projects/FlowFigTabMiner/flowfigtabminer/lib/python3.9/site-packages/paddle/utils/cpp_extension/extension_utils.py:712: UserWarning: No ccache found. Please be aware that recompiling all source files may be required. You can download and install ccache from: https://github.com/ccache/ccache/blob/master/doc/INSTALL.md
  warnings.warn(warning_message)
/Users/zhaowenyuan/Projects/FlowFigTabMiner/flowfigtabminer/lib/python3.9/site-packages/urllib3/__init__.py:35: NotOpenSSLWarning: urllib3 v2 only supports OpenSSL 1.1.1+, currently the 'ssl' module is compiled with 'LibreSSL 2.8.3'. See: https://github.com/urllib3/urllib3/issues/3020
  warnings.warn(
/Users/zhaowenyuan/Projects/FlowFigTabMiner/flowfigtabminer/lib/python3.9/site-packages/urllib3/__init__.py:35: NotOpenSSLWarning: urllib3 v2 only supports OpenSSL 1.1.1+, currently the 'ssl' module is compiled with 'LibreSSL 2.8.3'. See: https://github.com/urllib3/urllib3/issues/3020
  warnings.warn(
/Users/zhaowenyuan/Projects/FlowFigTabMiner/flowfigtabminer/lib/python3.9/site-packages/urllib3/__init__.py:35: NotOpenSSLWarning: urllib3 v2 only supports OpenSSL 1.1.1+, currently the 'ssl' module is compiled with 'LibreSSL 2.8.3'. See: https://github.com/urllib3/urllib3/issues/3020
  warnings.warn(
/Users/zhaowenyuan/Projects/FlowFigTabMiner/flowfigtabminer/lib/python3.9/site-packages/urllib3/__init__.py:35: NotOpenSSLWarning: urllib3 v2 only supports OpenSSL 1.1.1+, currently the 'ssl' module is compiled with 'LibreSSL 2.8.3'. See: https://github.com/urllib3/urllib3/issues/3020
  warnings.warn(
/Users/zhaowenyuan/Projects/FlowFigTabMiner/flowfigtabminer/lib/python3.9/site-packages/urllib3/__init__.py:35: NotOpenSSLWarning: urllib3 v2 only supports OpenSSL 1.1.1+, currently the 'ssl' module is compiled with 'LibreSSL 2.8.3'. See: https://github.com/urllib3/urllib3/issues/3020
  warnings.warn(
/Users/zhaowenyuan/Projects/FlowFigTabMiner/flowfigtabminer/lib/python3.9/site-packages/urllib3/__init__.py:35: NotOpenSSLWarning: urllib3 v2 only supports OpenSSL 1.1.1+, currently the 'ssl' module is compiled with 'LibreSSL 2.8.3'. See: https://github.com/urllib3/urllib3/issues/3020
  warnings.warn(
/Users/zhaowenyuan/Projects/FlowFigTabMiner/flowfigtabminer/lib/python3.9/site-packages/urllib3/__init__.py:35: NotOpenSSLWarning: urllib3 v2 only supports OpenSSL 1.1.1+, currently the 'ssl' module is compiled with 'LibreSSL 2.8.3'. See: https://github.com/urllib3/urllib3/issues/3020
  warnings.warn(
/Users/zhaowenyuan/Projects/FlowFigTabMiner/flowfigtabminer/lib/python3.9/site-packages/urllib3/__init__.py:35: NotOpenSSLWarning: urllib3 v2 only supports OpenSSL 1.1.1+, currently the 'ssl' module is compiled with 'LibreSSL 2.8.3'. See: https://github.com/urllib3/urllib3/issues/3020
  warnings.warn(
[33mChecking connectivity to the model hosters, this may take a while. To bypass this check, set `DISABLE_MODEL_SOURCE_CHECK` to `True`.[0m
/Users/zhaowenyuan/Projects/FlowFigTabMiner/flowfigtabminer/lib/python3.9/site-packages/urllib3/__init__.py:35: NotOpenSSLWarning: urllib3 v2 only supports OpenSSL 1.1.1+, currently the 'ssl' module is compiled with 'LibreSSL 2.8.3'. See: https://github.com/urllib3/urllib3/issues/3020
  warnings.warn(
/Users/zhaowenyuan/Projects/FlowFigTabMiner/flowfigtabminer/lib/python3.9/site-packages/urllib3/__init__.py:35: NotOpenSSLWarning: urllib3 v2 only supports OpenSSL 1.1.1+, currently the 'ssl' module is compiled with 'LibreSSL 2.8.3'. See: https://github.com/urllib3/urllib3/issues/3020
  warnings.warn(
/Users/zhaowenyuan/Projects/FlowFigTabMiner/flowfigtabminer/lib/python3.9/site-packages/urllib3/__init__.py:35: NotOpenSSLWarning: urllib3 v2 only supports OpenSSL 1.1.1+, currently the 'ssl' module is compiled with 'LibreSSL 2.8.3'. See: https://github.com/urllib3/urllib3/issues/3020
  warnings.warn(
/Users/zhaowenyuan/Projects/FlowFigTabMiner/flowfigtabminer/lib/python3.9/site-packages/urllib3/__init__.py:35: NotOpenSSLWarning: urllib3 v2 only supports OpenSSL 1.1.1+, currently the 'ssl' module is compiled with 'LibreSSL 2.8.3'. See: https://github.com/urllib3/urllib3/issues/3020
  warnings.warn(
/Users/zhaowenyuan/Projects/FlowFigTabMiner/flowfigtabminer/lib/python3.9/site-packages/urllib3/__init__.py:35: NotOpenSSLWarning: urllib3 v2 only supports OpenSSL 1.1.1+, currently the 'ssl' module is compiled with 'LibreSSL 2.8.3'. See: https://github.com/urllib3/urllib3/issues/3020
  warnings.warn(
/Users/zhaowenyuan/Projects/FlowFigTabMiner/flowfigtabminer/lib/python3.9/site-packages/urllib3/__init__.py:35: NotOpenSSLWarning: urllib3 v2 only supports OpenSSL 1.1.1+, currently the 'ssl' module is compiled with 'LibreSSL 2.8.3'. See: https://github.com/urllib3/urllib3/issues/3020
  warnings.warn(
/Users/zhaowenyuan/Projects/FlowFigTabMiner/flowfigtabminer/lib/python3.9/site-packages/urllib3/__init__.py:35: NotOpenSSLWarning: urllib3 v2 only supports OpenSSL 1.1.1+, currently the 'ssl' module is compiled with 'LibreSSL 2.8.3'. See: https://github.com/urllib3/urllib3/issues/3020
  warnings.warn(
/Users/zhaowenyuan/Projects/FlowFigTabMiner/flowfigtabminer/lib/python3.9/site-packages/urllib3/__init__.py:35: NotOpenSSLWarning: urllib3 v2 only supports OpenSSL 1.1.1+, currently the 'ssl' module is compiled with 'LibreSSL 2.8.3'. See: https://github.com/urllib3/urllib3/issues/3020
  warnings.warn(
[33mChecking connectivity to the model hosters, this may take a while. To bypass this check, set `DISABLE_MODEL_SOURCE_CHECK` to `True`.[0m
[33mChecking connectivity to the model hosters, this may take a while. To bypass this check, set `DISABLE_MODEL_SOURCE_CHECK` to `True`.[0m
[33mChecking connectivity to the model hosters, this may take a while. To bypass this check, set `DISABLE_MODEL_SOURCE_CHECK` to `True`.[0m
[33mChecking connectivity to the model hosters, this may take a while. To bypass this check, set `DISABLE_MODEL_SOURCE_CHECK` to `True`.[0m
[33mChecking connectivity to the model hosters, this may take a while. To bypass this check, set `DISABLE_MODEL_SOURCE_CHECK` to `True`.[0m
[33mChecking connectivity to the model hosters, this may take a while. To bypass this check, set `DISABLE_MODEL_SOURCE_CHECK` to `True`.[0m
[33mChecking connectivity to the model hosters, this may take a while. To bypass this check, set `DISABLE_MODEL_SOURCE_CHECK` to `True`.[0m
[33mChecking connectivity to the model hosters, this may take a while. To bypass this check, set `DISABLE_MODEL_SOURCE_CHECK` to `True`.[0m
[33mChecking connectivity to the model hosters, this may take a while. To bypass this check, set `DISABLE_MODEL_SOURCE_CHECK` to `True`.[0m
[33mChecking connectivity to the model hosters, this may take a while. To bypass this check, set `DISABLE_MODEL_SOURCE_CHECK` to `True`.[0m
[33mChecking connectivity to the model hosters, this may take a while. To bypass this check, set `DISABLE_MODEL_SOURCE_CHECK` to `True`.[0m
[33mChecking connectivity to the model hosters, this may take a while. To bypass this check, set `DISABLE_MODEL_SOURCE_CHECK` to `True`.[0m
[33mChecking connectivity to the model hosters, this may take a while. To bypass this check, set `DISABLE_MODEL_SOURCE_CHECK` to `True`.[0m
[33mChecking connectivity to the model hosters, this may take a while. To bypass this check, set `DISABLE_MODEL_SOURCE_CHECK` to `True`.[0m
[33mChecking connectivity to the model hosters, this may take a while. To bypass this check, set `DISABLE_MODEL_SOURCE_CHECK` to `True`.[0m
/Users/zhaowenyuan/Projects/FlowFigTabMiner/flowfigtabminer/lib/python3.9/site-packages/onmt/modules/sparse_activations.py:48: FutureWarning: `torch.cuda.amp.custom_fwd(args...)` is deprecated. Please use `torch.amp.custom_fwd(args..., device_type='cuda')` instead.
  def forward(ctx, input, dim=0):
/Users/zhaowenyuan/Projects/FlowFigTabMiner/flowfigtabminer/lib/python3.9/site-packages/onmt/modules/sparse_activations.py:68: FutureWarning: `torch.cuda.amp.custom_bwd(args...)` is deprecated. Please use `torch.amp.custom_bwd(args..., device_type='cuda')` instead.
  def backward(ctx, grad_output):
/Users/zhaowenyuan/Projects/FlowFigTabMiner/flowfigtabminer/lib/python3.9/site-packages/onmt/modules/sparse_losses.py:13: FutureWarning: `torch.cuda.amp.custom_fwd(args...)` is deprecated. Please use `torch.amp.custom_fwd(args..., device_type='cuda')` instead.
  def forward(ctx, input, target):
/Users/zhaowenyuan/Projects/FlowFigTabMiner/flowfigtabminer/lib/python3.9/site-packages/onmt/modules/sparse_losses.py:37: FutureWarning: `torch.cuda.amp.custom_bwd(args...)` is deprecated. Please use `torch.amp.custom_bwd(args..., device_type='cuda')` instead.
  def backward(ctx, grad_output):
   -> Box 7: SMILES='O=C(CF)c1ccc(Br)cc1' | Masked (White Box)
   -> [Debug] Upscaled TINY box 8 by 1.7x (257x174 -> 443x300)
/Users/zhaowenyuan/Projects/FlowFigTabMiner/flowfigtabminer/lib/python3.9/site-packages/paddle/utils/cpp_extension/extension_utils.py:712: UserWarning: No ccache found. Please be aware that recompiling all source files may be required. You can download and install ccache from: https://github.com/ccache/ccache/blob/master/doc/INSTALL.md
  warnings.warn(warning_message)
/Users/zhaowenyuan/Projects/FlowFigTabMiner/flowfigtabminer/lib/python3.9/site-packages/paddle/utils/cpp_extension/extension_utils.py:712: UserWarning: No ccache found. Please be aware that recompiling all source files may be required. You can download and install ccache from: https://github.com/ccache/ccache/blob/master/doc/INSTALL.md
  warnings.warn(warning_message)
/Users/zhaowenyuan/Projects/FlowFigTabMiner/flowfigtabminer/lib/python3.9/site-packages/paddle/utils/cpp_extension/extension_utils.py:712: UserWarning: No ccache found. Please be aware that recompiling all source files may be required. You can download and install ccache from: https://github.com/ccache/ccache/blob/master/doc/INSTALL.md
  warnings.warn(warning_message)
/Users/zhaowenyuan/Projects/FlowFigTabMiner/flowfigtabminer/lib/python3.9/site-packages/paddle/utils/cpp_extension/extension_utils.py:712: UserWarning: No ccache found. Please be aware that recompiling all source files may be required. You can download and install ccache from: https://github.com/ccache/ccache/blob/master/doc/INSTALL.md
  warnings.warn(warning_message)
/Users/zhaowenyuan/Projects/FlowFigTabMiner/flowfigtabminer/lib/python3.9/site-packages/paddle/utils/cpp_extension/extension_utils.py:712: UserWarning: No ccache found. Please be aware that recompiling all source files may be required. You can download and install ccache from: https://github.com/ccache/ccache/blob/master/doc/INSTALL.md
  warnings.warn(warning_message)
/Users/zhaowenyuan/Projects/FlowFigTabMiner/flowfigtabminer/lib/python3.9/site-packages/paddle/utils/cpp_extension/extension_utils.py:712: UserWarning: No ccache found. Please be aware that recompiling all source files may be required. You can download and install ccache from: https://github.com/ccache/ccache/blob/master/doc/INSTALL.md
  warnings.warn(warning_message)
/Users/zhaowenyuan/Projects/FlowFigTabMiner/flowfigtabminer/lib/python3.9/site-packages/paddle/utils/cpp_extension/extension_utils.py:712: UserWarning: No ccache found. Please be aware that recompiling all source files may be required. You can download and install ccache from: https://github.com/ccache/ccache/blob/master/doc/INSTALL.md
  warnings.warn(warning_message)
/Users/zhaowenyuan/Projects/FlowFigTabMiner/flowfigtabminer/lib/python3.9/site-packages/paddle/utils/cpp_extension/extension_utils.py:712: UserWarning: No ccache found. Please be aware that recompiling all source files may be required. You can download and install ccache from: https://github.com/ccache/ccache/blob/master/doc/INSTALL.md
  warnings.warn(warning_message)
/Users/zhaowenyuan/Projects/FlowFigTabMiner/flowfigtabminer/lib/python3.9/site-packages/paddle/utils/cpp_extension/extension_utils.py:712: UserWarning: No ccache found. Please be aware that recompiling all source files may be required. You can download and install ccache from: https://github.com/ccache/ccache/blob/master/doc/INSTALL.md
  warnings.warn(warning_message)
/Users/zhaowenyuan/Projects/FlowFigTabMiner/flowfigtabminer/lib/python3.9/site-packages/paddle/utils/cpp_extension/extension_utils.py:712: UserWarning: No ccache found. Please be aware that recompiling all source files may be required. You can download and install ccache from: https://github.com/ccache/ccache/blob/master/doc/INSTALL.md
  warnings.warn(warning_message)
/Users/zhaowenyuan/Projects/FlowFigTabMiner/flowfigtabminer/lib/python3.9/site-packages/paddle/utils/cpp_extension/extension_utils.py:712: UserWarning: No ccache found. Please be aware that recompiling all source files may be required. You can download and install ccache from: https://github.com/ccache/ccache/blob/master/doc/INSTALL.md
  warnings.warn(warning_message)
/Users/zhaowenyuan/Projects/FlowFigTabMiner/flowfigtabminer/lib/python3.9/site-packages/paddle/utils/cpp_extension/extension_utils.py:712: UserWarning: No ccache found. Please be aware that recompiling all source files may be required. You can download and install ccache from: https://github.com/ccache/ccache/blob/master/doc/INSTALL.md
  warnings.warn(warning_message)
/Users/zhaowenyuan/Projects/FlowFigTabMiner/flowfigtabminer/lib/python3.9/site-packages/paddle/utils/cpp_extension/extension_utils.py:712: UserWarning: No ccache found. Please be aware that recompiling all source files may be required. You can download and install ccache from: https://github.com/ccache/ccache/blob/master/doc/INSTALL.md
  warnings.warn(warning_message)
/Users/zhaowenyuan/Projects/FlowFigTabMiner/flowfigtabminer/lib/python3.9/site-packages/paddle/utils/cpp_extension/extension_utils.py:712: UserWarning: No ccache found. Please be aware that recompiling all source files may be required. You can download and install ccache from: https://github.com/ccache/ccache/blob/master/doc/INSTALL.md
  warnings.warn(warning_message)
/Users/zhaowenyuan/Projects/FlowFigTabMiner/flowfigtabminer/lib/python3.9/site-packages/paddle/utils/cpp_extension/extension_utils.py:712: UserWarning: No ccache found. Please be aware that recompiling all source files may be required. You can download and install ccache from: https://github.com/ccache/ccache/blob/master/doc/INSTALL.md
  warnings.warn(warning_message)
/Users/zhaowenyuan/Projects/FlowFigTabMiner/flowfigtabminer/lib/python3.9/site-packages/paddle/utils/cpp_extension/extension_utils.py:712: UserWarning: No ccache found. Please be aware that recompiling all source files may be required. You can download and install ccache from: https://github.com/ccache/ccache/blob/master/doc/INSTALL.md
  warnings.warn(warning_message)
/Users/zhaowenyuan/Projects/FlowFigTabMiner/flowfigtabminer/lib/python3.9/site-packages/urllib3/__init__.py:35: NotOpenSSLWarning: urllib3 v2 only supports OpenSSL 1.1.1+, currently the 'ssl' module is compiled with 'LibreSSL 2.8.3'. See: https://github.com/urllib3/urllib3/issues/3020
  warnings.warn(
/Users/zhaowenyuan/Projects/FlowFigTabMiner/flowfigtabminer/lib/python3.9/site-packages/urllib3/__init__.py:35: NotOpenSSLWarning: urllib3 v2 only supports OpenSSL 1.1.1+, currently the 'ssl' module is compiled with 'LibreSSL 2.8.3'. See: https://github.com/urllib3/urllib3/issues/3020
  warnings.warn(
/Users/zhaowenyuan/Projects/FlowFigTabMiner/flowfigtabminer/lib/python3.9/site-packages/urllib3/__init__.py:35: NotOpenSSLWarning: urllib3 v2 only supports OpenSSL 1.1.1+, currently the 'ssl' module is compiled with 'LibreSSL 2.8.3'. See: https://github.com/urllib3/urllib3/issues/3020
  warnings.warn(
/Users/zhaowenyuan/Projects/FlowFigTabMiner/flowfigtabminer/lib/python3.9/site-packages/urllib3/__init__.py:35: NotOpenSSLWarning: urllib3 v2 only supports OpenSSL 1.1.1+, currently the 'ssl' module is compiled with 'LibreSSL 2.8.3'. See: https://github.com/urllib3/urllib3/issues/3020
  warnings.warn(
/Users/zhaowenyuan/Projects/FlowFigTabMiner/flowfigtabminer/lib/python3.9/site-packages/urllib3/__init__.py:35: NotOpenSSLWarning: urllib3 v2 only supports OpenSSL 1.1.1+, currently the 'ssl' module is compiled with 'LibreSSL 2.8.3'. See: https://github.com/urllib3/urllib3/issues/3020
  warnings.warn(
/Users/zhaowenyuan/Projects/FlowFigTabMiner/flowfigtabminer/lib/python3.9/site-packages/urllib3/__init__.py:35: NotOpenSSLWarning: urllib3 v2 only supports OpenSSL 1.1.1+, currently the 'ssl' module is compiled with 'LibreSSL 2.8.3'. See: https://github.com/urllib3/urllib3/issues/3020
  warnings.warn(
/Users/zhaowenyuan/Projects/FlowFigTabMiner/flowfigtabminer/lib/python3.9/site-packages/urllib3/__init__.py:35: NotOpenSSLWarning: urllib3 v2 only supports OpenSSL 1.1.1+, currently the 'ssl' module is compiled with 'LibreSSL 2.8.3'. See: https://github.com/urllib3/urllib3/issues/3020
  warnings.warn(
/Users/zhaowenyuan/Projects/FlowFigTabMiner/flowfigtabminer/lib/python3.9/site-packages/urllib3/__init__.py:35: NotOpenSSLWarning: urllib3 v2 only supports OpenSSL 1.1.1+, currently the 'ssl' module is compiled with 'LibreSSL 2.8.3'. See: https://github.com/urllib3/urllib3/issues/3020
  warnings.warn(
/Users/zhaowenyuan/Projects/FlowFigTabMiner/flowfigtabminer/lib/python3.9/site-packages/urllib3/__init__.py:35: NotOpenSSLWarning: urllib3 v2 only supports OpenSSL 1.1.1+, currently the 'ssl' module is compiled with 'LibreSSL 2.8.3'. See: https://github.com/urllib3/urllib3/issues/3020
  warnings.warn(
/Users/zhaowenyuan/Projects/FlowFigTabMiner/flowfigtabminer/lib/python3.9/site-packages/urllib3/__init__.py:35: NotOpenSSLWarning: urllib3 v2 only supports OpenSSL 1.1.1+, currently the 'ssl' module is compiled with 'LibreSSL 2.8.3'. See: https://github.com/urllib3/urllib3/issues/3020
  warnings.warn(
/Users/zhaowenyuan/Projects/FlowFigTabMiner/flowfigtabminer/lib/python3.9/site-packages/urllib3/__init__.py:35: NotOpenSSLWarning: urllib3 v2 only supports OpenSSL 1.1.1+, currently the 'ssl' module is compiled with 'LibreSSL 2.8.3'. See: https://github.com/urllib3/urllib3/issues/3020
  warnings.warn(
/Users/zhaowenyuan/Projects/FlowFigTabMiner/flowfigtabminer/lib/python3.9/site-packages/urllib3/__init__.py:35: NotOpenSSLWarning: urllib3 v2 only supports OpenSSL 1.1.1+, currently the 'ssl' module is compiled with 'LibreSSL 2.8.3'. See: https://github.com/urllib3/urllib3/issues/3020
  warnings.warn(
/Users/zhaowenyuan/Projects/FlowFigTabMiner/flowfigtabminer/lib/python3.9/site-packages/urllib3/__init__.py:35: NotOpenSSLWarning: urllib3 v2 only supports OpenSSL 1.1.1+, currently the 'ssl' module is compiled with 'LibreSSL 2.8.3'. See: https://github.com/urllib3/urllib3/issues/3020
  warnings.warn(
/Users/zhaowenyuan/Projects/FlowFigTabMiner/flowfigtabminer/lib/python3.9/site-packages/urllib3/__init__.py:35: NotOpenSSLWarning: urllib3 v2 only supports OpenSSL 1.1.1+, currently the 'ssl' module is compiled with 'LibreSSL 2.8.3'. See: https://github.com/urllib3/urllib3/issues/3020
  warnings.warn(
[33mChecking connectivity to the model hosters, this may take a while. To bypass this check, set `DISABLE_MODEL_SOURCE_CHECK` to `True`.[0m
/Users/zhaowenyuan/Projects/FlowFigTabMiner/flowfigtabminer/lib/python3.9/site-packages/urllib3/__init__.py:35: NotOpenSSLWarning: urllib3 v2 only supports OpenSSL 1.1.1+, currently the 'ssl' module is compiled with 'LibreSSL 2.8.3'. See: https://github.com/urllib3/urllib3/issues/3020
  warnings.warn(
/Users/zhaowenyuan/Projects/FlowFigTabMiner/flowfigtabminer/lib/python3.9/site-packages/urllib3/__init__.py:35: NotOpenSSLWarning: urllib3 v2 only supports OpenSSL 1.1.1+, currently the 'ssl' module is compiled with 'LibreSSL 2.8.3'. See: https://github.com/urllib3/urllib3/issues/3020
  warnings.warn(
[33mChecking connectivity to the model hosters, this may take a while. To bypass this check, set `DISABLE_MODEL_SOURCE_CHECK` to `True`.[0m
[33mChecking connectivity to the model hosters, this may take a while. To bypass this check, set `DISABLE_MODEL_SOURCE_CHECK` to `True`.[0m
[33mChecking connectivity to the model hosters, this may take a while. To bypass this check, set `DISABLE_MODEL_SOURCE_CHECK` to `True`.[0m
[33mChecking connectivity to the model hosters, this may take a while. To bypass this check, set `DISABLE_MODEL_SOURCE_CHECK` to `True`.[0m
[33mChecking connectivity to the model hosters, this may take a while. To bypass this check, set `DISABLE_MODEL_SOURCE_CHECK` to `True`.[0m
[33mChecking connectivity to the model hosters, this may take a while. To bypass this check, set `DISABLE_MODEL_SOURCE_CHECK` to `True`.[0m
[33mChecking connectivity to the model hosters, this may take a while. To bypass this check, set `DISABLE_MODEL_SOURCE_CHECK` to `True`.[0m
[33mChecking connectivity to the model hosters, this may take a while. To bypass this check, set `DISABLE_MODEL_SOURCE_CHECK` to `True`.[0m
[33mChecking connectivity to the model hosters, this may take a while. To bypass this check, set `DISABLE_MODEL_SOURCE_CHECK` to `True`.[0m
[33mChecking connectivity to the model hosters, this may take a while. To bypass this check, set `DISABLE_MODEL_SOURCE_CHECK` to `True`.[0m
[33mChecking connectivity to the model hosters, this may take a while. To bypass this check, set `DISABLE_MODEL_SOURCE_CHECK` to `True`.[0m
[33mChecking connectivity to the model hosters, this may take a while. To bypass this check, set `DISABLE_MODEL_SOURCE_CHECK` to `True`.[0m
[33mChecking connectivity to the model hosters, this may take a while. To bypass this check, set `DISABLE_MODEL_SOURCE_CHECK` to `True`.[0m
[33mChecking connectivity to the model hosters, this may take a while. To bypass this check, set `DISABLE_MODEL_SOURCE_CHECK` to `True`.[0m
[33mChecking connectivity to the model hosters, this may take a while. To bypass this check, set `DISABLE_MODEL_SOURCE_CHECK` to `True`.[0m
/Users/zhaowenyuan/Projects/FlowFigTabMiner/flowfigtabminer/lib/python3.9/site-packages/onmt/modules/sparse_activations.py:48: FutureWarning: `torch.cuda.amp.custom_fwd(args...)` is deprecated. Please use `torch.amp.custom_fwd(args..., device_type='cuda')` instead.
  def forward(ctx, input, dim=0):
/Users/zhaowenyuan/Projects/FlowFigTabMiner/flowfigtabminer/lib/python3.9/site-packages/onmt/modules/sparse_activations.py:68: FutureWarning: `torch.cuda.amp.custom_bwd(args...)` is deprecated. Please use `torch.amp.custom_bwd(args..., device_type='cuda')` instead.
  def backward(ctx, grad_output):
/Users/zhaowenyuan/Projects/FlowFigTabMiner/flowfigtabminer/lib/python3.9/site-packages/onmt/modules/sparse_losses.py:13: FutureWarning: `torch.cuda.amp.custom_fwd(args...)` is deprecated. Please use `torch.amp.custom_fwd(args..., device_type='cuda')` instead.
  def forward(ctx, input, target):
/Users/zhaowenyuan/Projects/FlowFigTabMiner/flowfigtabminer/lib/python3.9/site-packages/onmt/modules/sparse_losses.py:37: FutureWarning: `torch.cuda.amp.custom_bwd(args...)` is deprecated. Please use `torch.amp.custom_bwd(args..., device_type='cuda')` instead.
  def backward(ctx, grad_output):
   -> Box 8: SMILES='N#Cc1ccc(C(=O)c2ccccc2)cc1' | Masked (White Box)
   -> [Debug] Upscaled TINY box 9 by 1.8x (261x168 -> 466x300)
/Users/zhaowenyuan/Projects/FlowFigTabMiner/flowfigtabminer/lib/python3.9/site-packages/paddle/utils/cpp_extension/extension_utils.py:712: UserWarning: No ccache found. Please be aware that recompiling all source files may be required. You can download and install ccache from: https://github.com/ccache/ccache/blob/master/doc/INSTALL.md
  warnings.warn(warning_message)
/Users/zhaowenyuan/Projects/FlowFigTabMiner/flowfigtabminer/lib/python3.9/site-packages/paddle/utils/cpp_extension/extension_utils.py:712: UserWarning: No ccache found. Please be aware that recompiling all source files may be required. You can download and install ccache from: https://github.com/ccache/ccache/blob/master/doc/INSTALL.md
  warnings.warn(warning_message)
/Users/zhaowenyuan/Projects/FlowFigTabMiner/flowfigtabminer/lib/python3.9/site-packages/paddle/utils/cpp_extension/extension_utils.py:712: UserWarning: No ccache found. Please be aware that recompiling all source files may be required. You can download and install ccache from: https://github.com/ccache/ccache/blob/master/doc/INSTALL.md
  warnings.warn(warning_message)
/Users/zhaowenyuan/Projects/FlowFigTabMiner/flowfigtabminer/lib/python3.9/site-packages/paddle/utils/cpp_extension/extension_utils.py:712: UserWarning: No ccache found. Please be aware that recompiling all source files may be required. You can download and install ccache from: https://github.com/ccache/ccache/blob/master/doc/INSTALL.md
  warnings.warn(warning_message)
/Users/zhaowenyuan/Projects/FlowFigTabMiner/flowfigtabminer/lib/python3.9/site-packages/paddle/utils/cpp_extension/extension_utils.py:712: UserWarning: No ccache found. Please be aware that recompiling all source files may be required. You can download and install ccache from: https://github.com/ccache/ccache/blob/master/doc/INSTALL.md
  warnings.warn(warning_message)
/Users/zhaowenyuan/Projects/FlowFigTabMiner/flowfigtabminer/lib/python3.9/site-packages/paddle/utils/cpp_extension/extension_utils.py:712: UserWarning: No ccache found. Please be aware that recompiling all source files may be required. You can download and install ccache from: https://github.com/ccache/ccache/blob/master/doc/INSTALL.md
  warnings.warn(warning_message)
/Users/zhaowenyuan/Projects/FlowFigTabMiner/flowfigtabminer/lib/python3.9/site-packages/paddle/utils/cpp_extension/extension_utils.py:712: UserWarning: No ccache found. Please be aware that recompiling all source files may be required. You can download and install ccache from: https://github.com/ccache/ccache/blob/master/doc/INSTALL.md
  warnings.warn(warning_message)
/Users/zhaowenyuan/Projects/FlowFigTabMiner/flowfigtabminer/lib/python3.9/site-packages/paddle/utils/cpp_extension/extension_utils.py:712: UserWarning: No ccache found. Please be aware that recompiling all source files may be required. You can download and install ccache from: https://github.com/ccache/ccache/blob/master/doc/INSTALL.md
  warnings.warn(warning_message)
/Users/zhaowenyuan/Projects/FlowFigTabMiner/flowfigtabminer/lib/python3.9/site-packages/paddle/utils/cpp_extension/extension_utils.py:712: UserWarning: No ccache found. Please be aware that recompiling all source files may be required. You can download and install ccache from: https://github.com/ccache/ccache/blob/master/doc/INSTALL.md
  warnings.warn(warning_message)
/Users/zhaowenyuan/Projects/FlowFigTabMiner/flowfigtabminer/lib/python3.9/site-packages/paddle/utils/cpp_extension/extension_utils.py:712: UserWarning: No ccache found. Please be aware that recompiling all source files may be required. You can download and install ccache from: https://github.com/ccache/ccache/blob/master/doc/INSTALL.md
  warnings.warn(warning_message)
/Users/zhaowenyuan/Projects/FlowFigTabMiner/flowfigtabminer/lib/python3.9/site-packages/paddle/utils/cpp_extension/extension_utils.py:712: UserWarning: No ccache found. Please be aware that recompiling all source files may be required. You can download and install ccache from: https://github.com/ccache/ccache/blob/master/doc/INSTALL.md
  warnings.warn(warning_message)
/Users/zhaowenyuan/Projects/FlowFigTabMiner/flowfigtabminer/lib/python3.9/site-packages/paddle/utils/cpp_extension/extension_utils.py:712: UserWarning: No ccache found. Please be aware that recompiling all source files may be required. You can download and install ccache from: https://github.com/ccache/ccache/blob/master/doc/INSTALL.md
  warnings.warn(warning_message)
/Users/zhaowenyuan/Projects/FlowFigTabMiner/flowfigtabminer/lib/python3.9/site-packages/paddle/utils/cpp_extension/extension_utils.py:712: UserWarning: No ccache found. Please be aware that recompiling all source files may be required. You can download and install ccache from: https://github.com/ccache/ccache/blob/master/doc/INSTALL.md
  warnings.warn(warning_message)
/Users/zhaowenyuan/Projects/FlowFigTabMiner/flowfigtabminer/lib/python3.9/site-packages/paddle/utils/cpp_extension/extension_utils.py:712: UserWarning: No ccache found. Please be aware that recompiling all source files may be required. You can download and install ccache from: https://github.com/ccache/ccache/blob/master/doc/INSTALL.md
  warnings.warn(warning_message)
/Users/zhaowenyuan/Projects/FlowFigTabMiner/flowfigtabminer/lib/python3.9/site-packages/paddle/utils/cpp_extension/extension_utils.py:712: UserWarning: No ccache found. Please be aware that recompiling all source files may be required. You can download and install ccache from: https://github.com/ccache/ccache/blob/master/doc/INSTALL.md
  warnings.warn(warning_message)
/Users/zhaowenyuan/Projects/FlowFigTabMiner/flowfigtabminer/lib/python3.9/site-packages/paddle/utils/cpp_extension/extension_utils.py:712: UserWarning: No ccache found. Please be aware that recompiling all source files may be required. You can download and install ccache from: https://github.com/ccache/ccache/blob/master/doc/INSTALL.md
  warnings.warn(warning_message)
/Users/zhaowenyuan/Projects/FlowFigTabMiner/flowfigtabminer/lib/python3.9/site-packages/urllib3/__init__.py:35: NotOpenSSLWarning: urllib3 v2 only supports OpenSSL 1.1.1+, currently the 'ssl' module is compiled with 'LibreSSL 2.8.3'. See: https://github.com/urllib3/urllib3/issues/3020
  warnings.warn(
/Users/zhaowenyuan/Projects/FlowFigTabMiner/flowfigtabminer/lib/python3.9/site-packages/urllib3/__init__.py:35: NotOpenSSLWarning: urllib3 v2 only supports OpenSSL 1.1.1+, currently the 'ssl' module is compiled with 'LibreSSL 2.8.3'. See: https://github.com/urllib3/urllib3/issues/3020
  warnings.warn(
/Users/zhaowenyuan/Projects/FlowFigTabMiner/flowfigtabminer/lib/python3.9/site-packages/urllib3/__init__.py:35: NotOpenSSLWarning: urllib3 v2 only supports OpenSSL 1.1.1+, currently the 'ssl' module is compiled with 'LibreSSL 2.8.3'. See: https://github.com/urllib3/urllib3/issues/3020
  warnings.warn(
/Users/zhaowenyuan/Projects/FlowFigTabMiner/flowfigtabminer/lib/python3.9/site-packages/urllib3/__init__.py:35: NotOpenSSLWarning: urllib3 v2 only supports OpenSSL 1.1.1+, currently the 'ssl' module is compiled with 'LibreSSL 2.8.3'. See: https://github.com/urllib3/urllib3/issues/3020
  warnings.warn(
/Users/zhaowenyuan/Projects/FlowFigTabMiner/flowfigtabminer/lib/python3.9/site-packages/urllib3/__init__.py:35: NotOpenSSLWarning: urllib3 v2 only supports OpenSSL 1.1.1+, currently the 'ssl' module is compiled with 'LibreSSL 2.8.3'. See: https://github.com/urllib3/urllib3/issues/3020
  warnings.warn(
/Users/zhaowenyuan/Projects/FlowFigTabMiner/flowfigtabminer/lib/python3.9/site-packages/urllib3/__init__.py:35: NotOpenSSLWarning: urllib3 v2 only supports OpenSSL 1.1.1+, currently the 'ssl' module is compiled with 'LibreSSL 2.8.3'. See: https://github.com/urllib3/urllib3/issues/3020
  warnings.warn(
/Users/zhaowenyuan/Projects/FlowFigTabMiner/flowfigtabminer/lib/python3.9/site-packages/urllib3/__init__.py:35: NotOpenSSLWarning: urllib3 v2 only supports OpenSSL 1.1.1+, currently the 'ssl' module is compiled with 'LibreSSL 2.8.3'. See: https://github.com/urllib3/urllib3/issues/3020
  warnings.warn(
/Users/zhaowenyuan/Projects/FlowFigTabMiner/flowfigtabminer/lib/python3.9/site-packages/urllib3/__init__.py:35: NotOpenSSLWarning: urllib3 v2 only supports OpenSSL 1.1.1+, currently the 'ssl' module is compiled with 'LibreSSL 2.8.3'. See: https://github.com/urllib3/urllib3/issues/3020
  warnings.warn(
/Users/zhaowenyuan/Projects/FlowFigTabMiner/flowfigtabminer/lib/python3.9/site-packages/urllib3/__init__.py:35: NotOpenSSLWarning: urllib3 v2 only supports OpenSSL 1.1.1+, currently the 'ssl' module is compiled with 'LibreSSL 2.8.3'. See: https://github.com/urllib3/urllib3/issues/3020
  warnings.warn(
/Users/zhaowenyuan/Projects/FlowFigTabMiner/flowfigtabminer/lib/python3.9/site-packages/urllib3/__init__.py:35: NotOpenSSLWarning: urllib3 v2 only supports OpenSSL 1.1.1+, currently the 'ssl' module is compiled with 'LibreSSL 2.8.3'. See: https://github.com/urllib3/urllib3/issues/3020
  warnings.warn(
/Users/zhaowenyuan/Projects/FlowFigTabMiner/flowfigtabminer/lib/python3.9/site-packages/urllib3/__init__.py:35: NotOpenSSLWarning: urllib3 v2 only supports OpenSSL 1.1.1+, currently the 'ssl' module is compiled with 'LibreSSL 2.8.3'. See: https://github.com/urllib3/urllib3/issues/3020
  warnings.warn(
/Users/zhaowenyuan/Projects/FlowFigTabMiner/flowfigtabminer/lib/python3.9/site-packages/urllib3/__init__.py:35: NotOpenSSLWarning: urllib3 v2 only supports OpenSSL 1.1.1+, currently the 'ssl' module is compiled with 'LibreSSL 2.8.3'. See: https://github.com/urllib3/urllib3/issues/3020
  warnings.warn(
/Users/zhaowenyuan/Projects/FlowFigTabMiner/flowfigtabminer/lib/python3.9/site-packages/urllib3/__init__.py:35: NotOpenSSLWarning: urllib3 v2 only supports OpenSSL 1.1.1+, currently the 'ssl' module is compiled with 'LibreSSL 2.8.3'. See: https://github.com/urllib3/urllib3/issues/3020
  warnings.warn(
/Users/zhaowenyuan/Projects/FlowFigTabMiner/flowfigtabminer/lib/python3.9/site-packages/urllib3/__init__.py:35: NotOpenSSLWarning: urllib3 v2 only supports OpenSSL 1.1.1+, currently the 'ssl' module is compiled with 'LibreSSL 2.8.3'. See: https://github.com/urllib3/urllib3/issues/3020
  warnings.warn(
/Users/zhaowenyuan/Projects/FlowFigTabMiner/flowfigtabminer/lib/python3.9/site-packages/urllib3/__init__.py:35: NotOpenSSLWarning: urllib3 v2 only supports OpenSSL 1.1.1+, currently the 'ssl' module is compiled with 'LibreSSL 2.8.3'. See: https://github.com/urllib3/urllib3/issues/3020
  warnings.warn(
/Users/zhaowenyuan/Projects/FlowFigTabMiner/flowfigtabminer/lib/python3.9/site-packages/urllib3/__init__.py:35: NotOpenSSLWarning: urllib3 v2 only supports OpenSSL 1.1.1+, currently the 'ssl' module is compiled with 'LibreSSL 2.8.3'. See: https://github.com/urllib3/urllib3/issues/3020
  warnings.warn(
[33mChecking connectivity to the model hosters, this may take a while. To bypass this check, set `DISABLE_MODEL_SOURCE_CHECK` to `True`.[0m
[33mChecking connectivity to the model hosters, this may take a while. To bypass this check, set `DISABLE_MODEL_SOURCE_CHECK` to `True`.[0m
[33mChecking connectivity to the model hosters, this may take a while. To bypass this check, set `DISABLE_MODEL_SOURCE_CHECK` to `True`.[0m
[33mChecking connectivity to the model hosters, this may take a while. To bypass this check, set `DISABLE_MODEL_SOURCE_CHECK` to `True`.[0m
[33mChecking connectivity to the model hosters, this may take a while. To bypass this check, set `DISABLE_MODEL_SOURCE_CHECK` to `True`.[0m
[33mChecking connectivity to the model hosters, this may take a while. To bypass this check, set `DISABLE_MODEL_SOURCE_CHECK` to `True`.[0m
[33mChecking connectivity to the model hosters, this may take a while. To bypass this check, set `DISABLE_MODEL_SOURCE_CHECK` to `True`.[0m
[33mChecking connectivity to the model hosters, this may take a while. To bypass this check, set `DISABLE_MODEL_SOURCE_CHECK` to `True`.[0m
[33mChecking connectivity to the model hosters, this may take a while. To bypass this check, set `DISABLE_MODEL_SOURCE_CHECK` to `True`.[0m
[33mChecking connectivity to the model hosters, this may take a while. To bypass this check, set `DISABLE_MODEL_SOURCE_CHECK` to `True`.[0m
[33mChecking connectivity to the model hosters, this may take a while. To bypass this check, set `DISABLE_MODEL_SOURCE_CHECK` to `True`.[0m
[33mChecking connectivity to the model hosters, this may take a while. To bypass this check, set `DISABLE_MODEL_SOURCE_CHECK` to `True`.[0m
[33mChecking connectivity to the model hosters, this may take a while. To bypass this check, set `DISABLE_MODEL_SOURCE_CHECK` to `True`.[0m
[33mChecking connectivity to the model hosters, this may take a while. To bypass this check, set `DISABLE_MODEL_SOURCE_CHECK` to `True`.[0m
[33mChecking connectivity to the model hosters, this may take a while. To bypass this check, set `DISABLE_MODEL_SOURCE_CHECK` to `True`.[0m
[33mChecking connectivity to the model hosters, this may take a while. To bypass this check, set `DISABLE_MODEL_SOURCE_CHECK` to `True`.[0m
/Users/zhaowenyuan/Projects/FlowFigTabMiner/flowfigtabminer/lib/python3.9/site-packages/onmt/modules/sparse_activations.py:48: FutureWarning: `torch.cuda.amp.custom_fwd(args...)` is deprecated. Please use `torch.amp.custom_fwd(args..., device_type='cuda')` instead.
  def forward(ctx, input, dim=0):
/Users/zhaowenyuan/Projects/FlowFigTabMiner/flowfigtabminer/lib/python3.9/site-packages/onmt/modules/sparse_activations.py:68: FutureWarning: `torch.cuda.amp.custom_bwd(args...)` is deprecated. Please use `torch.amp.custom_bwd(args..., device_type='cuda')` instead.
  def backward(ctx, grad_output):
/Users/zhaowenyuan/Projects/FlowFigTabMiner/flowfigtabminer/lib/python3.9/site-packages/onmt/modules/sparse_losses.py:13: FutureWarning: `torch.cuda.amp.custom_fwd(args...)` is deprecated. Please use `torch.amp.custom_fwd(args..., device_type='cuda')` instead.
  def forward(ctx, input, target):
/Users/zhaowenyuan/Projects/FlowFigTabMiner/flowfigtabminer/lib/python3.9/site-packages/onmt/modules/sparse_losses.py:37: FutureWarning: `torch.cuda.amp.custom_bwd(args...)` is deprecated. Please use `torch.amp.custom_bwd(args..., device_type='cuda')` instead.
  def backward(ctx, grad_output):
   -> Box 9: SMILES='CON(C)C(=O)c1cccc(C#N)c1' | Masked (White Box)
   -> [Debug] Upscaled TINY box 10 by 1.8x (259x167 -> 465x300)
/Users/zhaowenyuan/Projects/FlowFigTabMiner/flowfigtabminer/lib/python3.9/site-packages/paddle/utils/cpp_extension/extension_utils.py:712: UserWarning: No ccache found. Please be aware that recompiling all source files may be required. You can download and install ccache from: https://github.com/ccache/ccache/blob/master/doc/INSTALL.md
  warnings.warn(warning_message)
/Users/zhaowenyuan/Projects/FlowFigTabMiner/flowfigtabminer/lib/python3.9/site-packages/paddle/utils/cpp_extension/extension_utils.py:712: UserWarning: No ccache found. Please be aware that recompiling all source files may be required. You can download and install ccache from: https://github.com/ccache/ccache/blob/master/doc/INSTALL.md
  warnings.warn(warning_message)
/Users/zhaowenyuan/Projects/FlowFigTabMiner/flowfigtabminer/lib/python3.9/site-packages/paddle/utils/cpp_extension/extension_utils.py:712: UserWarning: No ccache found. Please be aware that recompiling all source files may be required. You can download and install ccache from: https://github.com/ccache/ccache/blob/master/doc/INSTALL.md
  warnings.warn(warning_message)
/Users/zhaowenyuan/Projects/FlowFigTabMiner/flowfigtabminer/lib/python3.9/site-packages/paddle/utils/cpp_extension/extension_utils.py:712: UserWarning: No ccache found. Please be aware that recompiling all source files may be required. You can download and install ccache from: https://github.com/ccache/ccache/blob/master/doc/INSTALL.md
  warnings.warn(warning_message)
/Users/zhaowenyuan/Projects/FlowFigTabMiner/flowfigtabminer/lib/python3.9/site-packages/paddle/utils/cpp_extension/extension_utils.py:712: UserWarning: No ccache found. Please be aware that recompiling all source files may be required. You can download and install ccache from: https://github.com/ccache/ccache/blob/master/doc/INSTALL.md
  warnings.warn(warning_message)
/Users/zhaowenyuan/Projects/FlowFigTabMiner/flowfigtabminer/lib/python3.9/site-packages/paddle/utils/cpp_extension/extension_utils.py:712: UserWarning: No ccache found. Please be aware that recompiling all source files may be required. You can download and install ccache from: https://github.com/ccache/ccache/blob/master/doc/INSTALL.md
  warnings.warn(warning_message)
/Users/zhaowenyuan/Projects/FlowFigTabMiner/flowfigtabminer/lib/python3.9/site-packages/paddle/utils/cpp_extension/extension_utils.py:712: UserWarning: No ccache found. Please be aware that recompiling all source files may be required. You can download and install ccache from: https://github.com/ccache/ccache/blob/master/doc/INSTALL.md
  warnings.warn(warning_message)
/Users/zhaowenyuan/Projects/FlowFigTabMiner/flowfigtabminer/lib/python3.9/site-packages/paddle/utils/cpp_extension/extension_utils.py:712: UserWarning: No ccache found. Please be aware that recompiling all source files may be required. You can download and install ccache from: https://github.com/ccache/ccache/blob/master/doc/INSTALL.md
  warnings.warn(warning_message)
/Users/zhaowenyuan/Projects/FlowFigTabMiner/flowfigtabminer/lib/python3.9/site-packages/paddle/utils/cpp_extension/extension_utils.py:712: UserWarning: No ccache found. Please be aware that recompiling all source files may be required. You can download and install ccache from: https://github.com/ccache/ccache/blob/master/doc/INSTALL.md
  warnings.warn(warning_message)
/Users/zhaowenyuan/Projects/FlowFigTabMiner/flowfigtabminer/lib/python3.9/site-packages/paddle/utils/cpp_extension/extension_utils.py:712: UserWarning: No ccache found. Please be aware that recompiling all source files may be required. You can download and install ccache from: https://github.com/ccache/ccache/blob/master/doc/INSTALL.md
  warnings.warn(warning_message)
/Users/zhaowenyuan/Projects/FlowFigTabMiner/flowfigtabminer/lib/python3.9/site-packages/paddle/utils/cpp_extension/extension_utils.py:712: UserWarning: No ccache found. Please be aware that recompiling all source files may be required. You can download and install ccache from: https://github.com/ccache/ccache/blob/master/doc/INSTALL.md
  warnings.warn(warning_message)
/Users/zhaowenyuan/Projects/FlowFigTabMiner/flowfigtabminer/lib/python3.9/site-packages/paddle/utils/cpp_extension/extension_utils.py:712: UserWarning: No ccache found. Please be aware that recompiling all source files may be required. You can download and install ccache from: https://github.com/ccache/ccache/blob/master/doc/INSTALL.md
  warnings.warn(warning_message)
/Users/zhaowenyuan/Projects/FlowFigTabMiner/flowfigtabminer/lib/python3.9/site-packages/paddle/utils/cpp_extension/extension_utils.py:712: UserWarning: No ccache found. Please be aware that recompiling all source files may be required. You can download and install ccache from: https://github.com/ccache/ccache/blob/master/doc/INSTALL.md
  warnings.warn(warning_message)
/Users/zhaowenyuan/Projects/FlowFigTabMiner/flowfigtabminer/lib/python3.9/site-packages/paddle/utils/cpp_extension/extension_utils.py:712: UserWarning: No ccache found. Please be aware that recompiling all source files may be required. You can download and install ccache from: https://github.com/ccache/ccache/blob/master/doc/INSTALL.md
  warnings.warn(warning_message)
/Users/zhaowenyuan/Projects/FlowFigTabMiner/flowfigtabminer/lib/python3.9/site-packages/paddle/utils/cpp_extension/extension_utils.py:712: UserWarning: No ccache found. Please be aware that recompiling all source files may be required. You can download and install ccache from: https://github.com/ccache/ccache/blob/master/doc/INSTALL.md
  warnings.warn(warning_message)
/Users/zhaowenyuan/Projects/FlowFigTabMiner/flowfigtabminer/lib/python3.9/site-packages/paddle/utils/cpp_extension/extension_utils.py:712: UserWarning: No ccache found. Please be aware that recompiling all source files may be required. You can download and install ccache from: https://github.com/ccache/ccache/blob/master/doc/INSTALL.md
  warnings.warn(warning_message)
/Users/zhaowenyuan/Projects/FlowFigTabMiner/flowfigtabminer/lib/python3.9/site-packages/urllib3/__init__.py:35: NotOpenSSLWarning: urllib3 v2 only supports OpenSSL 1.1.1+, currently the 'ssl' module is compiled with 'LibreSSL 2.8.3'. See: https://github.com/urllib3/urllib3/issues/3020
  warnings.warn(
/Users/zhaowenyuan/Projects/FlowFigTabMiner/flowfigtabminer/lib/python3.9/site-packages/urllib3/__init__.py:35: NotOpenSSLWarning: urllib3 v2 only supports OpenSSL 1.1.1+, currently the 'ssl' module is compiled with 'LibreSSL 2.8.3'. See: https://github.com/urllib3/urllib3/issues/3020
  warnings.warn(
/Users/zhaowenyuan/Projects/FlowFigTabMiner/flowfigtabminer/lib/python3.9/site-packages/urllib3/__init__.py:35: NotOpenSSLWarning: urllib3 v2 only supports OpenSSL 1.1.1+, currently the 'ssl' module is compiled with 'LibreSSL 2.8.3'. See: https://github.com/urllib3/urllib3/issues/3020
  warnings.warn(
/Users/zhaowenyuan/Projects/FlowFigTabMiner/flowfigtabminer/lib/python3.9/site-packages/urllib3/__init__.py:35: NotOpenSSLWarning: urllib3 v2 only supports OpenSSL 1.1.1+, currently the 'ssl' module is compiled with 'LibreSSL 2.8.3'. See: https://github.com/urllib3/urllib3/issues/3020
  warnings.warn(
/Users/zhaowenyuan/Projects/FlowFigTabMiner/flowfigtabminer/lib/python3.9/site-packages/urllib3/__init__.py:35: NotOpenSSLWarning: urllib3 v2 only supports OpenSSL 1.1.1+, currently the 'ssl' module is compiled with 'LibreSSL 2.8.3'. See: https://github.com/urllib3/urllib3/issues/3020
  warnings.warn(
/Users/zhaowenyuan/Projects/FlowFigTabMiner/flowfigtabminer/lib/python3.9/site-packages/urllib3/__init__.py:35: NotOpenSSLWarning: urllib3 v2 only supports OpenSSL 1.1.1+, currently the 'ssl' module is compiled with 'LibreSSL 2.8.3'. See: https://github.com/urllib3/urllib3/issues/3020
  warnings.warn(
/Users/zhaowenyuan/Projects/FlowFigTabMiner/flowfigtabminer/lib/python3.9/site-packages/urllib3/__init__.py:35: NotOpenSSLWarning: urllib3 v2 only supports OpenSSL 1.1.1+, currently the 'ssl' module is compiled with 'LibreSSL 2.8.3'. See: https://github.com/urllib3/urllib3/issues/3020
  warnings.warn(
/Users/zhaowenyuan/Projects/FlowFigTabMiner/flowfigtabminer/lib/python3.9/site-packages/urllib3/__init__.py:35: NotOpenSSLWarning: urllib3 v2 only supports OpenSSL 1.1.1+, currently the 'ssl' module is compiled with 'LibreSSL 2.8.3'. See: https://github.com/urllib3/urllib3/issues/3020
  warnings.warn(
[33mChecking connectivity to the model hosters, this may take a while. To bypass this check, set `DISABLE_MODEL_SOURCE_CHECK` to `True`.[0m
/Users/zhaowenyuan/Projects/FlowFigTabMiner/flowfigtabminer/lib/python3.9/site-packages/urllib3/__init__.py:35: NotOpenSSLWarning: urllib3 v2 only supports OpenSSL 1.1.1+, currently the 'ssl' module is compiled with 'LibreSSL 2.8.3'. See: https://github.com/urllib3/urllib3/issues/3020
  warnings.warn(
/Users/zhaowenyuan/Projects/FlowFigTabMiner/flowfigtabminer/lib/python3.9/site-packages/urllib3/__init__.py:35: NotOpenSSLWarning: urllib3 v2 only supports OpenSSL 1.1.1+, currently the 'ssl' module is compiled with 'LibreSSL 2.8.3'. See: https://github.com/urllib3/urllib3/issues/3020
  warnings.warn(
/Users/zhaowenyuan/Projects/FlowFigTabMiner/flowfigtabminer/lib/python3.9/site-packages/urllib3/__init__.py:35: NotOpenSSLWarning: urllib3 v2 only supports OpenSSL 1.1.1+, currently the 'ssl' module is compiled with 'LibreSSL 2.8.3'. See: https://github.com/urllib3/urllib3/issues/3020
  warnings.warn(
/Users/zhaowenyuan/Projects/FlowFigTabMiner/flowfigtabminer/lib/python3.9/site-packages/urllib3/__init__.py:35: NotOpenSSLWarning: urllib3 v2 only supports OpenSSL 1.1.1+, currently the 'ssl' module is compiled with 'LibreSSL 2.8.3'. See: https://github.com/urllib3/urllib3/issues/3020
  warnings.warn(
/Users/zhaowenyuan/Projects/FlowFigTabMiner/flowfigtabminer/lib/python3.9/site-packages/urllib3/__init__.py:35: NotOpenSSLWarning: urllib3 v2 only supports OpenSSL 1.1.1+, currently the 'ssl' module is compiled with 'LibreSSL 2.8.3'. See: https://github.com/urllib3/urllib3/issues/3020
  warnings.warn(
/Users/zhaowenyuan/Projects/FlowFigTabMiner/flowfigtabminer/lib/python3.9/site-packages/urllib3/__init__.py:35: NotOpenSSLWarning: urllib3 v2 only supports OpenSSL 1.1.1+, currently the 'ssl' module is compiled with 'LibreSSL 2.8.3'. See: https://github.com/urllib3/urllib3/issues/3020
  warnings.warn(
/Users/zhaowenyuan/Projects/FlowFigTabMiner/flowfigtabminer/lib/python3.9/site-packages/urllib3/__init__.py:35: NotOpenSSLWarning: urllib3 v2 only supports OpenSSL 1.1.1+, currently the 'ssl' module is compiled with 'LibreSSL 2.8.3'. See: https://github.com/urllib3/urllib3/issues/3020
  warnings.warn(
/Users/zhaowenyuan/Projects/FlowFigTabMiner/flowfigtabminer/lib/python3.9/site-packages/urllib3/__init__.py:35: NotOpenSSLWarning: urllib3 v2 only supports OpenSSL 1.1.1+, currently the 'ssl' module is compiled with 'LibreSSL 2.8.3'. See: https://github.com/urllib3/urllib3/issues/3020
  warnings.warn(
[33mChecking connectivity to the model hosters, this may take a while. To bypass this check, set `DISABLE_MODEL_SOURCE_CHECK` to `True`.[0m
[33mChecking connectivity to the model hosters, this may take a while. To bypass this check, set `DISABLE_MODEL_SOURCE_CHECK` to `True`.[0m
[33mChecking connectivity to the model hosters, this may take a while. To bypass this check, set `DISABLE_MODEL_SOURCE_CHECK` to `True`.[0m
[33mChecking connectivity to the model hosters, this may take a while. To bypass this check, set `DISABLE_MODEL_SOURCE_CHECK` to `True`.[0m
[33mChecking connectivity to the model hosters, this may take a while. To bypass this check, set `DISABLE_MODEL_SOURCE_CHECK` to `True`.[0m
[33mChecking connectivity to the model hosters, this may take a while. To bypass this check, set `DISABLE_MODEL_SOURCE_CHECK` to `True`.[0m
[33mChecking connectivity to the model hosters, this may take a while. To bypass this check, set `DISABLE_MODEL_SOURCE_CHECK` to `True`.[0m
[33mChecking connectivity to the model hosters, this may take a while. To bypass this check, set `DISABLE_MODEL_SOURCE_CHECK` to `True`.[0m
[33mChecking connectivity to the model hosters, this may take a while. To bypass this check, set `DISABLE_MODEL_SOURCE_CHECK` to `True`.[0m
[33mChecking connectivity to the model hosters, this may take a while. To bypass this check, set `DISABLE_MODEL_SOURCE_CHECK` to `True`.[0m
[33mChecking connectivity to the model hosters, this may take a while. To bypass this check, set `DISABLE_MODEL_SOURCE_CHECK` to `True`.[0m
[33mChecking connectivity to the model hosters, this may take a while. To bypass this check, set `DISABLE_MODEL_SOURCE_CHECK` to `True`.[0m
[33mChecking connectivity to the model hosters, this may take a while. To bypass this check, set `DISABLE_MODEL_SOURCE_CHECK` to `True`.[0m
[33mChecking connectivity to the model hosters, this may take a while. To bypass this check, set `DISABLE_MODEL_SOURCE_CHECK` to `True`.[0m
[33mChecking connectivity to the model hosters, this may take a while. To bypass this check, set `DISABLE_MODEL_SOURCE_CHECK` to `True`.[0m
/Users/zhaowenyuan/Projects/FlowFigTabMiner/flowfigtabminer/lib/python3.9/site-packages/onmt/modules/sparse_activations.py:48: FutureWarning: `torch.cuda.amp.custom_fwd(args...)` is deprecated. Please use `torch.amp.custom_fwd(args..., device_type='cuda')` instead.
  def forward(ctx, input, dim=0):
/Users/zhaowenyuan/Projects/FlowFigTabMiner/flowfigtabminer/lib/python3.9/site-packages/onmt/modules/sparse_activations.py:68: FutureWarning: `torch.cuda.amp.custom_bwd(args...)` is deprecated. Please use `torch.amp.custom_bwd(args..., device_type='cuda')` instead.
  def backward(ctx, grad_output):
/Users/zhaowenyuan/Projects/FlowFigTabMiner/flowfigtabminer/lib/python3.9/site-packages/onmt/modules/sparse_losses.py:13: FutureWarning: `torch.cuda.amp.custom_fwd(args...)` is deprecated. Please use `torch.amp.custom_fwd(args..., device_type='cuda')` instead.
  def forward(ctx, input, target):
/Users/zhaowenyuan/Projects/FlowFigTabMiner/flowfigtabminer/lib/python3.9/site-packages/onmt/modules/sparse_losses.py:37: FutureWarning: `torch.cuda.amp.custom_bwd(args...)` is deprecated. Please use `torch.amp.custom_bwd(args..., device_type='cuda')` instead.
  def backward(ctx, grad_output):
   -> Box 10: SMILES='CON(C)C(=O)c1cccc(Br)c1' | Masked (White Box)
   -> [Debug] Upscaled TINY box 11 by 1.8x (234x167 -> 420x300)
/Users/zhaowenyuan/Projects/FlowFigTabMiner/flowfigtabminer/lib/python3.9/site-packages/paddle/utils/cpp_extension/extension_utils.py:712: UserWarning: No ccache found. Please be aware that recompiling all source files may be required. You can download and install ccache from: https://github.com/ccache/ccache/blob/master/doc/INSTALL.md
  warnings.warn(warning_message)
/Users/zhaowenyuan/Projects/FlowFigTabMiner/flowfigtabminer/lib/python3.9/site-packages/paddle/utils/cpp_extension/extension_utils.py:712: UserWarning: No ccache found. Please be aware that recompiling all source files may be required. You can download and install ccache from: https://github.com/ccache/ccache/blob/master/doc/INSTALL.md
  warnings.warn(warning_message)
/Users/zhaowenyuan/Projects/FlowFigTabMiner/flowfigtabminer/lib/python3.9/site-packages/paddle/utils/cpp_extension/extension_utils.py:712: UserWarning: No ccache found. Please be aware that recompiling all source files may be required. You can download and install ccache from: https://github.com/ccache/ccache/blob/master/doc/INSTALL.md
  warnings.warn(warning_message)
/Users/zhaowenyuan/Projects/FlowFigTabMiner/flowfigtabminer/lib/python3.9/site-packages/paddle/utils/cpp_extension/extension_utils.py:712: UserWarning: No ccache found. Please be aware that recompiling all source files may be required. You can download and install ccache from: https://github.com/ccache/ccache/blob/master/doc/INSTALL.md
  warnings.warn(warning_message)
/Users/zhaowenyuan/Projects/FlowFigTabMiner/flowfigtabminer/lib/python3.9/site-packages/paddle/utils/cpp_extension/extension_utils.py:712: UserWarning: No ccache found. Please be aware that recompiling all source files may be required. You can download and install ccache from: https://github.com/ccache/ccache/blob/master/doc/INSTALL.md
  warnings.warn(warning_message)
/Users/zhaowenyuan/Projects/FlowFigTabMiner/flowfigtabminer/lib/python3.9/site-packages/paddle/utils/cpp_extension/extension_utils.py:712: UserWarning: No ccache found. Please be aware that recompiling all source files may be required. You can download and install ccache from: https://github.com/ccache/ccache/blob/master/doc/INSTALL.md
  warnings.warn(warning_message)
/Users/zhaowenyuan/Projects/FlowFigTabMiner/flowfigtabminer/lib/python3.9/site-packages/paddle/utils/cpp_extension/extension_utils.py:712: UserWarning: No ccache found. Please be aware that recompiling all source files may be required. You can download and install ccache from: https://github.com/ccache/ccache/blob/master/doc/INSTALL.md
  warnings.warn(warning_message)
/Users/zhaowenyuan/Projects/FlowFigTabMiner/flowfigtabminer/lib/python3.9/site-packages/paddle/utils/cpp_extension/extension_utils.py:712: UserWarning: No ccache found. Please be aware that recompiling all source files may be required. You can download and install ccache from: https://github.com/ccache/ccache/blob/master/doc/INSTALL.md
  warnings.warn(warning_message)
/Users/zhaowenyuan/Projects/FlowFigTabMiner/flowfigtabminer/lib/python3.9/site-packages/paddle/utils/cpp_extension/extension_utils.py:712: UserWarning: No ccache found. Please be aware that recompiling all source files may be required. You can download and install ccache from: https://github.com/ccache/ccache/blob/master/doc/INSTALL.md
  warnings.warn(warning_message)
/Users/zhaowenyuan/Projects/FlowFigTabMiner/flowfigtabminer/lib/python3.9/site-packages/paddle/utils/cpp_extension/extension_utils.py:712: UserWarning: No ccache found. Please be aware that recompiling all source files may be required. You can download and install ccache from: https://github.com/ccache/ccache/blob/master/doc/INSTALL.md
  warnings.warn(warning_message)
/Users/zhaowenyuan/Projects/FlowFigTabMiner/flowfigtabminer/lib/python3.9/site-packages/paddle/utils/cpp_extension/extension_utils.py:712: UserWarning: No ccache found. Please be aware that recompiling all source files may be required. You can download and install ccache from: https://github.com/ccache/ccache/blob/master/doc/INSTALL.md
  warnings.warn(warning_message)
/Users/zhaowenyuan/Projects/FlowFigTabMiner/flowfigtabminer/lib/python3.9/site-packages/paddle/utils/cpp_extension/extension_utils.py:712: UserWarning: No ccache found. Please be aware that recompiling all source files may be required. You can download and install ccache from: https://github.com/ccache/ccache/blob/master/doc/INSTALL.md
  warnings.warn(warning_message)
/Users/zhaowenyuan/Projects/FlowFigTabMiner/flowfigtabminer/lib/python3.9/site-packages/paddle/utils/cpp_extension/extension_utils.py:712: UserWarning: No ccache found. Please be aware that recompiling all source files may be required. You can download and install ccache from: https://github.com/ccache/ccache/blob/master/doc/INSTALL.md
  warnings.warn(warning_message)
/Users/zhaowenyuan/Projects/FlowFigTabMiner/flowfigtabminer/lib/python3.9/site-packages/paddle/utils/cpp_extension/extension_utils.py:712: UserWarning: No ccache found. Please be aware that recompiling all source files may be required. You can download and install ccache from: https://github.com/ccache/ccache/blob/master/doc/INSTALL.md
  warnings.warn(warning_message)
/Users/zhaowenyuan/Projects/FlowFigTabMiner/flowfigtabminer/lib/python3.9/site-packages/paddle/utils/cpp_extension/extension_utils.py:712: UserWarning: No ccache found. Please be aware that recompiling all source files may be required. You can download and install ccache from: https://github.com/ccache/ccache/blob/master/doc/INSTALL.md
  warnings.warn(warning_message)
/Users/zhaowenyuan/Projects/FlowFigTabMiner/flowfigtabminer/lib/python3.9/site-packages/paddle/utils/cpp_extension/extension_utils.py:712: UserWarning: No ccache found. Please be aware that recompiling all source files may be required. You can download and install ccache from: https://github.com/ccache/ccache/blob/master/doc/INSTALL.md
  warnings.warn(warning_message)
/Users/zhaowenyuan/Projects/FlowFigTabMiner/flowfigtabminer/lib/python3.9/site-packages/urllib3/__init__.py:35: NotOpenSSLWarning: urllib3 v2 only supports OpenSSL 1.1.1+, currently the 'ssl' module is compiled with 'LibreSSL 2.8.3'. See: https://github.com/urllib3/urllib3/issues/3020
  warnings.warn(
/Users/zhaowenyuan/Projects/FlowFigTabMiner/flowfigtabminer/lib/python3.9/site-packages/urllib3/__init__.py:35: NotOpenSSLWarning: urllib3 v2 only supports OpenSSL 1.1.1+, currently the 'ssl' module is compiled with 'LibreSSL 2.8.3'. See: https://github.com/urllib3/urllib3/issues/3020
  warnings.warn(
/Users/zhaowenyuan/Projects/FlowFigTabMiner/flowfigtabminer/lib/python3.9/site-packages/urllib3/__init__.py:35: NotOpenSSLWarning: urllib3 v2 only supports OpenSSL 1.1.1+, currently the 'ssl' module is compiled with 'LibreSSL 2.8.3'. See: https://github.com/urllib3/urllib3/issues/3020
  warnings.warn(
/Users/zhaowenyuan/Projects/FlowFigTabMiner/flowfigtabminer/lib/python3.9/site-packages/urllib3/__init__.py:35: NotOpenSSLWarning: urllib3 v2 only supports OpenSSL 1.1.1+, currently the 'ssl' module is compiled with 'LibreSSL 2.8.3'. See: https://github.com/urllib3/urllib3/issues/3020
  warnings.warn(
/Users/zhaowenyuan/Projects/FlowFigTabMiner/flowfigtabminer/lib/python3.9/site-packages/urllib3/__init__.py:35: NotOpenSSLWarning: urllib3 v2 only supports OpenSSL 1.1.1+, currently the 'ssl' module is compiled with 'LibreSSL 2.8.3'. See: https://github.com/urllib3/urllib3/issues/3020
  warnings.warn(
/Users/zhaowenyuan/Projects/FlowFigTabMiner/flowfigtabminer/lib/python3.9/site-packages/urllib3/__init__.py:35: NotOpenSSLWarning: urllib3 v2 only supports OpenSSL 1.1.1+, currently the 'ssl' module is compiled with 'LibreSSL 2.8.3'. See: https://github.com/urllib3/urllib3/issues/3020
  warnings.warn(
/Users/zhaowenyuan/Projects/FlowFigTabMiner/flowfigtabminer/lib/python3.9/site-packages/urllib3/__init__.py:35: NotOpenSSLWarning: urllib3 v2 only supports OpenSSL 1.1.1+, currently the 'ssl' module is compiled with 'LibreSSL 2.8.3'. See: https://github.com/urllib3/urllib3/issues/3020
  warnings.warn(
/Users/zhaowenyuan/Projects/FlowFigTabMiner/flowfigtabminer/lib/python3.9/site-packages/urllib3/__init__.py:35: NotOpenSSLWarning: urllib3 v2 only supports OpenSSL 1.1.1+, currently the 'ssl' module is compiled with 'LibreSSL 2.8.3'. See: https://github.com/urllib3/urllib3/issues/3020
  warnings.warn(
/Users/zhaowenyuan/Projects/FlowFigTabMiner/flowfigtabminer/lib/python3.9/site-packages/urllib3/__init__.py:35: NotOpenSSLWarning: urllib3 v2 only supports OpenSSL 1.1.1+, currently the 'ssl' module is compiled with 'LibreSSL 2.8.3'. See: https://github.com/urllib3/urllib3/issues/3020
  warnings.warn(
/Users/zhaowenyuan/Projects/FlowFigTabMiner/flowfigtabminer/lib/python3.9/site-packages/urllib3/__init__.py:35: NotOpenSSLWarning: urllib3 v2 only supports OpenSSL 1.1.1+, currently the 'ssl' module is compiled with 'LibreSSL 2.8.3'. See: https://github.com/urllib3/urllib3/issues/3020
  warnings.warn(
/Users/zhaowenyuan/Projects/FlowFigTabMiner/flowfigtabminer/lib/python3.9/site-packages/urllib3/__init__.py:35: NotOpenSSLWarning: urllib3 v2 only supports OpenSSL 1.1.1+, currently the 'ssl' module is compiled with 'LibreSSL 2.8.3'. See: https://github.com/urllib3/urllib3/issues/3020
  warnings.warn(
/Users/zhaowenyuan/Projects/FlowFigTabMiner/flowfigtabminer/lib/python3.9/site-packages/urllib3/__init__.py:35: NotOpenSSLWarning: urllib3 v2 only supports OpenSSL 1.1.1+, currently the 'ssl' module is compiled with 'LibreSSL 2.8.3'. See: https://github.com/urllib3/urllib3/issues/3020
  warnings.warn(
/Users/zhaowenyuan/Projects/FlowFigTabMiner/flowfigtabminer/lib/python3.9/site-packages/urllib3/__init__.py:35: NotOpenSSLWarning: urllib3 v2 only supports OpenSSL 1.1.1+, currently the 'ssl' module is compiled with 'LibreSSL 2.8.3'. See: https://github.com/urllib3/urllib3/issues/3020
  warnings.warn(
/Users/zhaowenyuan/Projects/FlowFigTabMiner/flowfigtabminer/lib/python3.9/site-packages/urllib3/__init__.py:35: NotOpenSSLWarning: urllib3 v2 only supports OpenSSL 1.1.1+, currently the 'ssl' module is compiled with 'LibreSSL 2.8.3'. See: https://github.com/urllib3/urllib3/issues/3020
  warnings.warn(
/Users/zhaowenyuan/Projects/FlowFigTabMiner/flowfigtabminer/lib/python3.9/site-packages/urllib3/__init__.py:35: NotOpenSSLWarning: urllib3 v2 only supports OpenSSL 1.1.1+, currently the 'ssl' module is compiled with 'LibreSSL 2.8.3'. See: https://github.com/urllib3/urllib3/issues/3020
  warnings.warn(
[33mChecking connectivity to the model hosters, this may take a while. To bypass this check, set `DISABLE_MODEL_SOURCE_CHECK` to `True`.[0m
/Users/zhaowenyuan/Projects/FlowFigTabMiner/flowfigtabminer/lib/python3.9/site-packages/urllib3/__init__.py:35: NotOpenSSLWarning: urllib3 v2 only supports OpenSSL 1.1.1+, currently the 'ssl' module is compiled with 'LibreSSL 2.8.3'. See: https://github.com/urllib3/urllib3/issues/3020
  warnings.warn(
[33mChecking connectivity to the model hosters, this may take a while. To bypass this check, set `DISABLE_MODEL_SOURCE_CHECK` to `True`.[0m
[33mChecking connectivity to the model hosters, this may take a while. To bypass this check, set `DISABLE_MODEL_SOURCE_CHECK` to `True`.[0m
[33mChecking connectivity to the model hosters, this may take a while. To bypass this check, set `DISABLE_MODEL_SOURCE_CHECK` to `True`.[0m
[33mChecking connectivity to the model hosters, this may take a while. To bypass this check, set `DISABLE_MODEL_SOURCE_CHECK` to `True`.[0m
[33mChecking connectivity to the model hosters, this may take a while. To bypass this check, set `DISABLE_MODEL_SOURCE_CHECK` to `True`.[0m
[33mChecking connectivity to the model hosters, this may take a while. To bypass this check, set `DISABLE_MODEL_SOURCE_CHECK` to `True`.[0m
[33mChecking connectivity to the model hosters, this may take a while. To bypass this check, set `DISABLE_MODEL_SOURCE_CHECK` to `True`.[0m
[33mChecking connectivity to the model hosters, this may take a while. To bypass this check, set `DISABLE_MODEL_SOURCE_CHECK` to `True`.[0m
[33mChecking connectivity to the model hosters, this may take a while. To bypass this check, set `DISABLE_MODEL_SOURCE_CHECK` to `True`.[0m
[33mChecking connectivity to the model hosters, this may take a while. To bypass this check, set `DISABLE_MODEL_SOURCE_CHECK` to `True`.[0m
[33mChecking connectivity to the model hosters, this may take a while. To bypass this check, set `DISABLE_MODEL_SOURCE_CHECK` to `True`.[0m
[33mChecking connectivity to the model hosters, this may take a while. To bypass this check, set `DISABLE_MODEL_SOURCE_CHECK` to `True`.[0m
[33mChecking connectivity to the model hosters, this may take a while. To bypass this check, set `DISABLE_MODEL_SOURCE_CHECK` to `True`.[0m
[33mChecking connectivity to the model hosters, this may take a while. To bypass this check, set `DISABLE_MODEL_SOURCE_CHECK` to `True`.[0m
[33mChecking connectivity to the model hosters, this may take a while. To bypass this check, set `DISABLE_MODEL_SOURCE_CHECK` to `True`.[0m
/Users/zhaowenyuan/Projects/FlowFigTabMiner/flowfigtabminer/lib/python3.9/site-packages/onmt/modules/sparse_activations.py:48: FutureWarning: `torch.cuda.amp.custom_fwd(args...)` is deprecated. Please use `torch.amp.custom_fwd(args..., device_type='cuda')` instead.
  def forward(ctx, input, dim=0):
/Users/zhaowenyuan/Projects/FlowFigTabMiner/flowfigtabminer/lib/python3.9/site-packages/onmt/modules/sparse_activations.py:68: FutureWarning: `torch.cuda.amp.custom_bwd(args...)` is deprecated. Please use `torch.amp.custom_bwd(args..., device_type='cuda')` instead.
  def backward(ctx, grad_output):
/Users/zhaowenyuan/Projects/FlowFigTabMiner/flowfigtabminer/lib/python3.9/site-packages/onmt/modules/sparse_losses.py:13: FutureWarning: `torch.cuda.amp.custom_fwd(args...)` is deprecated. Please use `torch.amp.custom_fwd(args..., device_type='cuda')` instead.
  def forward(ctx, input, target):
/Users/zhaowenyuan/Projects/FlowFigTabMiner/flowfigtabminer/lib/python3.9/site-packages/onmt/modules/sparse_losses.py:37: FutureWarning: `torch.cuda.amp.custom_bwd(args...)` is deprecated. Please use `torch.amp.custom_bwd(args..., device_type='cuda')` instead.
  def backward(ctx, grad_output):
   -> Box 11: SMILES='O=C(CF)c1cccc(Br)c1' | Masked (White Box)
   -> [Debug] Upscaled TINY box 12 by 1.8x (260x170 -> 458x300)
/Users/zhaowenyuan/Projects/FlowFigTabMiner/flowfigtabminer/lib/python3.9/site-packages/paddle/utils/cpp_extension/extension_utils.py:712: UserWarning: No ccache found. Please be aware that recompiling all source files may be required. You can download and install ccache from: https://github.com/ccache/ccache/blob/master/doc/INSTALL.md
  warnings.warn(warning_message)
/Users/zhaowenyuan/Projects/FlowFigTabMiner/flowfigtabminer/lib/python3.9/site-packages/paddle/utils/cpp_extension/extension_utils.py:712: UserWarning: No ccache found. Please be aware that recompiling all source files may be required. You can download and install ccache from: https://github.com/ccache/ccache/blob/master/doc/INSTALL.md
  warnings.warn(warning_message)
/Users/zhaowenyuan/Projects/FlowFigTabMiner/flowfigtabminer/lib/python3.9/site-packages/paddle/utils/cpp_extension/extension_utils.py:712: UserWarning: No ccache found. Please be aware that recompiling all source files may be required. You can download and install ccache from: https://github.com/ccache/ccache/blob/master/doc/INSTALL.md
  warnings.warn(warning_message)
/Users/zhaowenyuan/Projects/FlowFigTabMiner/flowfigtabminer/lib/python3.9/site-packages/paddle/utils/cpp_extension/extension_utils.py:712: UserWarning: No ccache found. Please be aware that recompiling all source files may be required. You can download and install ccache from: https://github.com/ccache/ccache/blob/master/doc/INSTALL.md
  warnings.warn(warning_message)
/Users/zhaowenyuan/Projects/FlowFigTabMiner/flowfigtabminer/lib/python3.9/site-packages/paddle/utils/cpp_extension/extension_utils.py:712: UserWarning: No ccache found. Please be aware that recompiling all source files may be required. You can download and install ccache from: https://github.com/ccache/ccache/blob/master/doc/INSTALL.md
  warnings.warn(warning_message)
/Users/zhaowenyuan/Projects/FlowFigTabMiner/flowfigtabminer/lib/python3.9/site-packages/paddle/utils/cpp_extension/extension_utils.py:712: UserWarning: No ccache found. Please be aware that recompiling all source files may be required. You can download and install ccache from: https://github.com/ccache/ccache/blob/master/doc/INSTALL.md
  warnings.warn(warning_message)
/Users/zhaowenyuan/Projects/FlowFigTabMiner/flowfigtabminer/lib/python3.9/site-packages/paddle/utils/cpp_extension/extension_utils.py:712: UserWarning: No ccache found. Please be aware that recompiling all source files may be required. You can download and install ccache from: https://github.com/ccache/ccache/blob/master/doc/INSTALL.md
  warnings.warn(warning_message)
/Users/zhaowenyuan/Projects/FlowFigTabMiner/flowfigtabminer/lib/python3.9/site-packages/paddle/utils/cpp_extension/extension_utils.py:712: UserWarning: No ccache found. Please be aware that recompiling all source files may be required. You can download and install ccache from: https://github.com/ccache/ccache/blob/master/doc/INSTALL.md
  warnings.warn(warning_message)
/Users/zhaowenyuan/Projects/FlowFigTabMiner/flowfigtabminer/lib/python3.9/site-packages/paddle/utils/cpp_extension/extension_utils.py:712: UserWarning: No ccache found. Please be aware that recompiling all source files may be required. You can download and install ccache from: https://github.com/ccache/ccache/blob/master/doc/INSTALL.md
  warnings.warn(warning_message)
/Users/zhaowenyuan/Projects/FlowFigTabMiner/flowfigtabminer/lib/python3.9/site-packages/paddle/utils/cpp_extension/extension_utils.py:712: UserWarning: No ccache found. Please be aware that recompiling all source files may be required. You can download and install ccache from: https://github.com/ccache/ccache/blob/master/doc/INSTALL.md
  warnings.warn(warning_message)
/Users/zhaowenyuan/Projects/FlowFigTabMiner/flowfigtabminer/lib/python3.9/site-packages/paddle/utils/cpp_extension/extension_utils.py:712: UserWarning: No ccache found. Please be aware that recompiling all source files may be required. You can download and install ccache from: https://github.com/ccache/ccache/blob/master/doc/INSTALL.md
  warnings.warn(warning_message)
/Users/zhaowenyuan/Projects/FlowFigTabMiner/flowfigtabminer/lib/python3.9/site-packages/paddle/utils/cpp_extension/extension_utils.py:712: UserWarning: No ccache found. Please be aware that recompiling all source files may be required. You can download and install ccache from: https://github.com/ccache/ccache/blob/master/doc/INSTALL.md
  warnings.warn(warning_message)
/Users/zhaowenyuan/Projects/FlowFigTabMiner/flowfigtabminer/lib/python3.9/site-packages/paddle/utils/cpp_extension/extension_utils.py:712: UserWarning: No ccache found. Please be aware that recompiling all source files may be required. You can download and install ccache from: https://github.com/ccache/ccache/blob/master/doc/INSTALL.md
  warnings.warn(warning_message)
/Users/zhaowenyuan/Projects/FlowFigTabMiner/flowfigtabminer/lib/python3.9/site-packages/paddle/utils/cpp_extension/extension_utils.py:712: UserWarning: No ccache found. Please be aware that recompiling all source files may be required. You can download and install ccache from: https://github.com/ccache/ccache/blob/master/doc/INSTALL.md
  warnings.warn(warning_message)
/Users/zhaowenyuan/Projects/FlowFigTabMiner/flowfigtabminer/lib/python3.9/site-packages/paddle/utils/cpp_extension/extension_utils.py:712: UserWarning: No ccache found. Please be aware that recompiling all source files may be required. You can download and install ccache from: https://github.com/ccache/ccache/blob/master/doc/INSTALL.md
  warnings.warn(warning_message)
/Users/zhaowenyuan/Projects/FlowFigTabMiner/flowfigtabminer/lib/python3.9/site-packages/paddle/utils/cpp_extension/extension_utils.py:712: UserWarning: No ccache found. Please be aware that recompiling all source files may be required. You can download and install ccache from: https://github.com/ccache/ccache/blob/master/doc/INSTALL.md
  warnings.warn(warning_message)
/Users/zhaowenyuan/Projects/FlowFigTabMiner/flowfigtabminer/lib/python3.9/site-packages/urllib3/__init__.py:35: NotOpenSSLWarning: urllib3 v2 only supports OpenSSL 1.1.1+, currently the 'ssl' module is compiled with 'LibreSSL 2.8.3'. See: https://github.com/urllib3/urllib3/issues/3020
  warnings.warn(
/Users/zhaowenyuan/Projects/FlowFigTabMiner/flowfigtabminer/lib/python3.9/site-packages/urllib3/__init__.py:35: NotOpenSSLWarning: urllib3 v2 only supports OpenSSL 1.1.1+, currently the 'ssl' module is compiled with 'LibreSSL 2.8.3'. See: https://github.com/urllib3/urllib3/issues/3020
  warnings.warn(
/Users/zhaowenyuan/Projects/FlowFigTabMiner/flowfigtabminer/lib/python3.9/site-packages/urllib3/__init__.py:35: NotOpenSSLWarning: urllib3 v2 only supports OpenSSL 1.1.1+, currently the 'ssl' module is compiled with 'LibreSSL 2.8.3'. See: https://github.com/urllib3/urllib3/issues/3020
  warnings.warn(
/Users/zhaowenyuan/Projects/FlowFigTabMiner/flowfigtabminer/lib/python3.9/site-packages/urllib3/__init__.py:35: NotOpenSSLWarning: urllib3 v2 only supports OpenSSL 1.1.1+, currently the 'ssl' module is compiled with 'LibreSSL 2.8.3'. See: https://github.com/urllib3/urllib3/issues/3020
  warnings.warn(
/Users/zhaowenyuan/Projects/FlowFigTabMiner/flowfigtabminer/lib/python3.9/site-packages/urllib3/__init__.py:35: NotOpenSSLWarning: urllib3 v2 only supports OpenSSL 1.1.1+, currently the 'ssl' module is compiled with 'LibreSSL 2.8.3'. See: https://github.com/urllib3/urllib3/issues/3020
  warnings.warn(
/Users/zhaowenyuan/Projects/FlowFigTabMiner/flowfigtabminer/lib/python3.9/site-packages/urllib3/__init__.py:35: NotOpenSSLWarning: urllib3 v2 only supports OpenSSL 1.1.1+, currently the 'ssl' module is compiled with 'LibreSSL 2.8.3'. See: https://github.com/urllib3/urllib3/issues/3020
  warnings.warn(
/Users/zhaowenyuan/Projects/FlowFigTabMiner/flowfigtabminer/lib/python3.9/site-packages/urllib3/__init__.py:35: NotOpenSSLWarning: urllib3 v2 only supports OpenSSL 1.1.1+, currently the 'ssl' module is compiled with 'LibreSSL 2.8.3'. See: https://github.com/urllib3/urllib3/issues/3020
  warnings.warn(
/Users/zhaowenyuan/Projects/FlowFigTabMiner/flowfigtabminer/lib/python3.9/site-packages/urllib3/__init__.py:35: NotOpenSSLWarning: urllib3 v2 only supports OpenSSL 1.1.1+, currently the 'ssl' module is compiled with 'LibreSSL 2.8.3'. See: https://github.com/urllib3/urllib3/issues/3020
  warnings.warn(
/Users/zhaowenyuan/Projects/FlowFigTabMiner/flowfigtabminer/lib/python3.9/site-packages/urllib3/__init__.py:35: NotOpenSSLWarning: urllib3 v2 only supports OpenSSL 1.1.1+, currently the 'ssl' module is compiled with 'LibreSSL 2.8.3'. See: https://github.com/urllib3/urllib3/issues/3020
  warnings.warn(
/Users/zhaowenyuan/Projects/FlowFigTabMiner/flowfigtabminer/lib/python3.9/site-packages/urllib3/__init__.py:35: NotOpenSSLWarning: urllib3 v2 only supports OpenSSL 1.1.1+, currently the 'ssl' module is compiled with 'LibreSSL 2.8.3'. See: https://github.com/urllib3/urllib3/issues/3020
  warnings.warn(
[33mChecking connectivity to the model hosters, this may take a while. To bypass this check, set `DISABLE_MODEL_SOURCE_CHECK` to `True`.[0m
/Users/zhaowenyuan/Projects/FlowFigTabMiner/flowfigtabminer/lib/python3.9/site-packages/urllib3/__init__.py:35: NotOpenSSLWarning: urllib3 v2 only supports OpenSSL 1.1.1+, currently the 'ssl' module is compiled with 'LibreSSL 2.8.3'. See: https://github.com/urllib3/urllib3/issues/3020
  warnings.warn(
/Users/zhaowenyuan/Projects/FlowFigTabMiner/flowfigtabminer/lib/python3.9/site-packages/urllib3/__init__.py:35: NotOpenSSLWarning: urllib3 v2 only supports OpenSSL 1.1.1+, currently the 'ssl' module is compiled with 'LibreSSL 2.8.3'. See: https://github.com/urllib3/urllib3/issues/3020
  warnings.warn(
/Users/zhaowenyuan/Projects/FlowFigTabMiner/flowfigtabminer/lib/python3.9/site-packages/urllib3/__init__.py:35: NotOpenSSLWarning: urllib3 v2 only supports OpenSSL 1.1.1+, currently the 'ssl' module is compiled with 'LibreSSL 2.8.3'. See: https://github.com/urllib3/urllib3/issues/3020
  warnings.warn(
/Users/zhaowenyuan/Projects/FlowFigTabMiner/flowfigtabminer/lib/python3.9/site-packages/urllib3/__init__.py:35: NotOpenSSLWarning: urllib3 v2 only supports OpenSSL 1.1.1+, currently the 'ssl' module is compiled with 'LibreSSL 2.8.3'. See: https://github.com/urllib3/urllib3/issues/3020
  warnings.warn(
/Users/zhaowenyuan/Projects/FlowFigTabMiner/flowfigtabminer/lib/python3.9/site-packages/urllib3/__init__.py:35: NotOpenSSLWarning: urllib3 v2 only supports OpenSSL 1.1.1+, currently the 'ssl' module is compiled with 'LibreSSL 2.8.3'. See: https://github.com/urllib3/urllib3/issues/3020
  warnings.warn(
/Users/zhaowenyuan/Projects/FlowFigTabMiner/flowfigtabminer/lib/python3.9/site-packages/urllib3/__init__.py:35: NotOpenSSLWarning: urllib3 v2 only supports OpenSSL 1.1.1+, currently the 'ssl' module is compiled with 'LibreSSL 2.8.3'. See: https://github.com/urllib3/urllib3/issues/3020
  warnings.warn(
[33mChecking connectivity to the model hosters, this may take a while. To bypass this check, set `DISABLE_MODEL_SOURCE_CHECK` to `True`.[0m
[33mChecking connectivity to the model hosters, this may take a while. To bypass this check, set `DISABLE_MODEL_SOURCE_CHECK` to `True`.[0m
[33mChecking connectivity to the model hosters, this may take a while. To bypass this check, set `DISABLE_MODEL_SOURCE_CHECK` to `True`.[0m
[33mChecking connectivity to the model hosters, this may take a while. To bypass this check, set `DISABLE_MODEL_SOURCE_CHECK` to `True`.[0m
[33mChecking connectivity to the model hosters, this may take a while. To bypass this check, set `DISABLE_MODEL_SOURCE_CHECK` to `True`.[0m
[33mChecking connectivity to the model hosters, this may take a while. To bypass this check, set `DISABLE_MODEL_SOURCE_CHECK` to `True`.[0m
[33mChecking connectivity to the model hosters, this may take a while. To bypass this check, set `DISABLE_MODEL_SOURCE_CHECK` to `True`.[0m
[33mChecking connectivity to the model hosters, this may take a while. To bypass this check, set `DISABLE_MODEL_SOURCE_CHECK` to `True`.[0m
[33mChecking connectivity to the model hosters, this may take a while. To bypass this check, set `DISABLE_MODEL_SOURCE_CHECK` to `True`.[0m
[33mChecking connectivity to the model hosters, this may take a while. To bypass this check, set `DISABLE_MODEL_SOURCE_CHECK` to `True`.[0m
[33mChecking connectivity to the model hosters, this may take a while. To bypass this check, set `DISABLE_MODEL_SOURCE_CHECK` to `True`.[0m
[33mChecking connectivity to the model hosters, this may take a while. To bypass this check, set `DISABLE_MODEL_SOURCE_CHECK` to `True`.[0m
[33mChecking connectivity to the model hosters, this may take a while. To bypass this check, set `DISABLE_MODEL_SOURCE_CHECK` to `True`.[0m
[33mChecking connectivity to the model hosters, this may take a while. To bypass this check, set `DISABLE_MODEL_SOURCE_CHECK` to `True`.[0m
[33mChecking connectivity to the model hosters, this may take a while. To bypass this check, set `DISABLE_MODEL_SOURCE_CHECK` to `True`.[0m
/Users/zhaowenyuan/Projects/FlowFigTabMiner/flowfigtabminer/lib/python3.9/site-packages/onmt/modules/sparse_activations.py:48: FutureWarning: `torch.cuda.amp.custom_fwd(args...)` is deprecated. Please use `torch.amp.custom_fwd(args..., device_type='cuda')` instead.
  def forward(ctx, input, dim=0):
/Users/zhaowenyuan/Projects/FlowFigTabMiner/flowfigtabminer/lib/python3.9/site-packages/onmt/modules/sparse_activations.py:68: FutureWarning: `torch.cuda.amp.custom_bwd(args...)` is deprecated. Please use `torch.amp.custom_bwd(args..., device_type='cuda')` instead.
  def backward(ctx, grad_output):
/Users/zhaowenyuan/Projects/FlowFigTabMiner/flowfigtabminer/lib/python3.9/site-packages/onmt/modules/sparse_losses.py:13: FutureWarning: `torch.cuda.amp.custom_fwd(args...)` is deprecated. Please use `torch.amp.custom_fwd(args..., device_type='cuda')` instead.
  def forward(ctx, input, target):
/Users/zhaowenyuan/Projects/FlowFigTabMiner/flowfigtabminer/lib/python3.9/site-packages/onmt/modules/sparse_losses.py:37: FutureWarning: `torch.cuda.amp.custom_bwd(args...)` is deprecated. Please use `torch.amp.custom_bwd(args..., device_type='cuda')` instead.
  def backward(ctx, grad_output):
   -> Box 12: SMILES='C=Cc1ccc(C(=O)c2ccccc2)cc1' | Masked (White Box)
   -> [Debug] Upscaled TINY box 13 by 1.7x (237x174 -> 408x300)
/Users/zhaowenyuan/Projects/FlowFigTabMiner/flowfigtabminer/lib/python3.9/site-packages/paddle/utils/cpp_extension/extension_utils.py:712: UserWarning: No ccache found. Please be aware that recompiling all source files may be required. You can download and install ccache from: https://github.com/ccache/ccache/blob/master/doc/INSTALL.md
  warnings.warn(warning_message)
/Users/zhaowenyuan/Projects/FlowFigTabMiner/flowfigtabminer/lib/python3.9/site-packages/paddle/utils/cpp_extension/extension_utils.py:712: UserWarning: No ccache found. Please be aware that recompiling all source files may be required. You can download and install ccache from: https://github.com/ccache/ccache/blob/master/doc/INSTALL.md
  warnings.warn(warning_message)
/Users/zhaowenyuan/Projects/FlowFigTabMiner/flowfigtabminer/lib/python3.9/site-packages/paddle/utils/cpp_extension/extension_utils.py:712: UserWarning: No ccache found. Please be aware that recompiling all source files may be required. You can download and install ccache from: https://github.com/ccache/ccache/blob/master/doc/INSTALL.md
  warnings.warn(warning_message)
/Users/zhaowenyuan/Projects/FlowFigTabMiner/flowfigtabminer/lib/python3.9/site-packages/paddle/utils/cpp_extension/extension_utils.py:712: UserWarning: No ccache found. Please be aware that recompiling all source files may be required. You can download and install ccache from: https://github.com/ccache/ccache/blob/master/doc/INSTALL.md
  warnings.warn(warning_message)
/Users/zhaowenyuan/Projects/FlowFigTabMiner/flowfigtabminer/lib/python3.9/site-packages/paddle/utils/cpp_extension/extension_utils.py:712: UserWarning: No ccache found. Please be aware that recompiling all source files may be required. You can download and install ccache from: https://github.com/ccache/ccache/blob/master/doc/INSTALL.md
  warnings.warn(warning_message)
/Users/zhaowenyuan/Projects/FlowFigTabMiner/flowfigtabminer/lib/python3.9/site-packages/paddle/utils/cpp_extension/extension_utils.py:712: UserWarning: No ccache found. Please be aware that recompiling all source files may be required. You can download and install ccache from: https://github.com/ccache/ccache/blob/master/doc/INSTALL.md
  warnings.warn(warning_message)
/Users/zhaowenyuan/Projects/FlowFigTabMiner/flowfigtabminer/lib/python3.9/site-packages/paddle/utils/cpp_extension/extension_utils.py:712: UserWarning: No ccache found. Please be aware that recompiling all source files may be required. You can download and install ccache from: https://github.com/ccache/ccache/blob/master/doc/INSTALL.md
  warnings.warn(warning_message)
/Users/zhaowenyuan/Projects/FlowFigTabMiner/flowfigtabminer/lib/python3.9/site-packages/paddle/utils/cpp_extension/extension_utils.py:712: UserWarning: No ccache found. Please be aware that recompiling all source files may be required. You can download and install ccache from: https://github.com/ccache/ccache/blob/master/doc/INSTALL.md
  warnings.warn(warning_message)
/Users/zhaowenyuan/Projects/FlowFigTabMiner/flowfigtabminer/lib/python3.9/site-packages/paddle/utils/cpp_extension/extension_utils.py:712: UserWarning: No ccache found. Please be aware that recompiling all source files may be required. You can download and install ccache from: https://github.com/ccache/ccache/blob/master/doc/INSTALL.md
  warnings.warn(warning_message)
/Users/zhaowenyuan/Projects/FlowFigTabMiner/flowfigtabminer/lib/python3.9/site-packages/paddle/utils/cpp_extension/extension_utils.py:712: UserWarning: No ccache found. Please be aware that recompiling all source files may be required. You can download and install ccache from: https://github.com/ccache/ccache/blob/master/doc/INSTALL.md
  warnings.warn(warning_message)
/Users/zhaowenyuan/Projects/FlowFigTabMiner/flowfigtabminer/lib/python3.9/site-packages/paddle/utils/cpp_extension/extension_utils.py:712: UserWarning: No ccache found. Please be aware that recompiling all source files may be required. You can download and install ccache from: https://github.com/ccache/ccache/blob/master/doc/INSTALL.md
  warnings.warn(warning_message)
/Users/zhaowenyuan/Projects/FlowFigTabMiner/flowfigtabminer/lib/python3.9/site-packages/paddle/utils/cpp_extension/extension_utils.py:712: UserWarning: No ccache found. Please be aware that recompiling all source files may be required. You can download and install ccache from: https://github.com/ccache/ccache/blob/master/doc/INSTALL.md
  warnings.warn(warning_message)
/Users/zhaowenyuan/Projects/FlowFigTabMiner/flowfigtabminer/lib/python3.9/site-packages/paddle/utils/cpp_extension/extension_utils.py:712: UserWarning: No ccache found. Please be aware that recompiling all source files may be required. You can download and install ccache from: https://github.com/ccache/ccache/blob/master/doc/INSTALL.md
  warnings.warn(warning_message)
/Users/zhaowenyuan/Projects/FlowFigTabMiner/flowfigtabminer/lib/python3.9/site-packages/paddle/utils/cpp_extension/extension_utils.py:712: UserWarning: No ccache found. Please be aware that recompiling all source files may be required. You can download and install ccache from: https://github.com/ccache/ccache/blob/master/doc/INSTALL.md
  warnings.warn(warning_message)
/Users/zhaowenyuan/Projects/FlowFigTabMiner/flowfigtabminer/lib/python3.9/site-packages/paddle/utils/cpp_extension/extension_utils.py:712: UserWarning: No ccache found. Please be aware that recompiling all source files may be required. You can download and install ccache from: https://github.com/ccache/ccache/blob/master/doc/INSTALL.md
  warnings.warn(warning_message)
/Users/zhaowenyuan/Projects/FlowFigTabMiner/flowfigtabminer/lib/python3.9/site-packages/paddle/utils/cpp_extension/extension_utils.py:712: UserWarning: No ccache found. Please be aware that recompiling all source files may be required. You can download and install ccache from: https://github.com/ccache/ccache/blob/master/doc/INSTALL.md
  warnings.warn(warning_message)
/Users/zhaowenyuan/Projects/FlowFigTabMiner/flowfigtabminer/lib/python3.9/site-packages/urllib3/__init__.py:35: NotOpenSSLWarning: urllib3 v2 only supports OpenSSL 1.1.1+, currently the 'ssl' module is compiled with 'LibreSSL 2.8.3'. See: https://github.com/urllib3/urllib3/issues/3020
  warnings.warn(
/Users/zhaowenyuan/Projects/FlowFigTabMiner/flowfigtabminer/lib/python3.9/site-packages/urllib3/__init__.py:35: NotOpenSSLWarning: urllib3 v2 only supports OpenSSL 1.1.1+, currently the 'ssl' module is compiled with 'LibreSSL 2.8.3'. See: https://github.com/urllib3/urllib3/issues/3020
  warnings.warn(
/Users/zhaowenyuan/Projects/FlowFigTabMiner/flowfigtabminer/lib/python3.9/site-packages/urllib3/__init__.py:35: NotOpenSSLWarning: urllib3 v2 only supports OpenSSL 1.1.1+, currently the 'ssl' module is compiled with 'LibreSSL 2.8.3'. See: https://github.com/urllib3/urllib3/issues/3020
  warnings.warn(
/Users/zhaowenyuan/Projects/FlowFigTabMiner/flowfigtabminer/lib/python3.9/site-packages/urllib3/__init__.py:35: NotOpenSSLWarning: urllib3 v2 only supports OpenSSL 1.1.1+, currently the 'ssl' module is compiled with 'LibreSSL 2.8.3'. See: https://github.com/urllib3/urllib3/issues/3020
  warnings.warn(
/Users/zhaowenyuan/Projects/FlowFigTabMiner/flowfigtabminer/lib/python3.9/site-packages/urllib3/__init__.py:35: NotOpenSSLWarning: urllib3 v2 only supports OpenSSL 1.1.1+, currently the 'ssl' module is compiled with 'LibreSSL 2.8.3'. See: https://github.com/urllib3/urllib3/issues/3020
  warnings.warn(
/Users/zhaowenyuan/Projects/FlowFigTabMiner/flowfigtabminer/lib/python3.9/site-packages/urllib3/__init__.py:35: NotOpenSSLWarning: urllib3 v2 only supports OpenSSL 1.1.1+, currently the 'ssl' module is compiled with 'LibreSSL 2.8.3'. See: https://github.com/urllib3/urllib3/issues/3020
  warnings.warn(
/Users/zhaowenyuan/Projects/FlowFigTabMiner/flowfigtabminer/lib/python3.9/site-packages/urllib3/__init__.py:35: NotOpenSSLWarning: urllib3 v2 only supports OpenSSL 1.1.1+, currently the 'ssl' module is compiled with 'LibreSSL 2.8.3'. See: https://github.com/urllib3/urllib3/issues/3020
  warnings.warn(
/Users/zhaowenyuan/Projects/FlowFigTabMiner/flowfigtabminer/lib/python3.9/site-packages/urllib3/__init__.py:35: NotOpenSSLWarning: urllib3 v2 only supports OpenSSL 1.1.1+, currently the 'ssl' module is compiled with 'LibreSSL 2.8.3'. See: https://github.com/urllib3/urllib3/issues/3020
  warnings.warn(
/Users/zhaowenyuan/Projects/FlowFigTabMiner/flowfigtabminer/lib/python3.9/site-packages/urllib3/__init__.py:35: NotOpenSSLWarning: urllib3 v2 only supports OpenSSL 1.1.1+, currently the 'ssl' module is compiled with 'LibreSSL 2.8.3'. See: https://github.com/urllib3/urllib3/issues/3020
  warnings.warn(
/Users/zhaowenyuan/Projects/FlowFigTabMiner/flowfigtabminer/lib/python3.9/site-packages/urllib3/__init__.py:35: NotOpenSSLWarning: urllib3 v2 only supports OpenSSL 1.1.1+, currently the 'ssl' module is compiled with 'LibreSSL 2.8.3'. See: https://github.com/urllib3/urllib3/issues/3020
  warnings.warn(
/Users/zhaowenyuan/Projects/FlowFigTabMiner/flowfigtabminer/lib/python3.9/site-packages/urllib3/__init__.py:35: NotOpenSSLWarning: urllib3 v2 only supports OpenSSL 1.1.1+, currently the 'ssl' module is compiled with 'LibreSSL 2.8.3'. See: https://github.com/urllib3/urllib3/issues/3020
  warnings.warn(
[33mChecking connectivity to the model hosters, this may take a while. To bypass this check, set `DISABLE_MODEL_SOURCE_CHECK` to `True`.[0m
/Users/zhaowenyuan/Projects/FlowFigTabMiner/flowfigtabminer/lib/python3.9/site-packages/urllib3/__init__.py:35: NotOpenSSLWarning: urllib3 v2 only supports OpenSSL 1.1.1+, currently the 'ssl' module is compiled with 'LibreSSL 2.8.3'. See: https://github.com/urllib3/urllib3/issues/3020
  warnings.warn(
/Users/zhaowenyuan/Projects/FlowFigTabMiner/flowfigtabminer/lib/python3.9/site-packages/urllib3/__init__.py:35: NotOpenSSLWarning: urllib3 v2 only supports OpenSSL 1.1.1+, currently the 'ssl' module is compiled with 'LibreSSL 2.8.3'. See: https://github.com/urllib3/urllib3/issues/3020
  warnings.warn(
/Users/zhaowenyuan/Projects/FlowFigTabMiner/flowfigtabminer/lib/python3.9/site-packages/urllib3/__init__.py:35: NotOpenSSLWarning: urllib3 v2 only supports OpenSSL 1.1.1+, currently the 'ssl' module is compiled with 'LibreSSL 2.8.3'. See: https://github.com/urllib3/urllib3/issues/3020
  warnings.warn(
/Users/zhaowenyuan/Projects/FlowFigTabMiner/flowfigtabminer/lib/python3.9/site-packages/urllib3/__init__.py:35: NotOpenSSLWarning: urllib3 v2 only supports OpenSSL 1.1.1+, currently the 'ssl' module is compiled with 'LibreSSL 2.8.3'. See: https://github.com/urllib3/urllib3/issues/3020
  warnings.warn(
/Users/zhaowenyuan/Projects/FlowFigTabMiner/flowfigtabminer/lib/python3.9/site-packages/urllib3/__init__.py:35: NotOpenSSLWarning: urllib3 v2 only supports OpenSSL 1.1.1+, currently the 'ssl' module is compiled with 'LibreSSL 2.8.3'. See: https://github.com/urllib3/urllib3/issues/3020
  warnings.warn(
[33mChecking connectivity to the model hosters, this may take a while. To bypass this check, set `DISABLE_MODEL_SOURCE_CHECK` to `True`.[0m
[33mChecking connectivity to the model hosters, this may take a while. To bypass this check, set `DISABLE_MODEL_SOURCE_CHECK` to `True`.[0m
[33mChecking connectivity to the model hosters, this may take a while. To bypass this check, set `DISABLE_MODEL_SOURCE_CHECK` to `True`.[0m
[33mChecking connectivity to the model hosters, this may take a while. To bypass this check, set `DISABLE_MODEL_SOURCE_CHECK` to `True`.[0m
[33mChecking connectivity to the model hosters, this may take a while. To bypass this check, set `DISABLE_MODEL_SOURCE_CHECK` to `True`.[0m
[33mChecking connectivity to the model hosters, this may take a while. To bypass this check, set `DISABLE_MODEL_SOURCE_CHECK` to `True`.[0m
[33mChecking connectivity to the model hosters, this may take a while. To bypass this check, set `DISABLE_MODEL_SOURCE_CHECK` to `True`.[0m
[33mChecking connectivity to the model hosters, this may take a while. To bypass this check, set `DISABLE_MODEL_SOURCE_CHECK` to `True`.[0m
[33mChecking connectivity to the model hosters, this may take a while. To bypass this check, set `DISABLE_MODEL_SOURCE_CHECK` to `True`.[0m
[33mChecking connectivity to the model hosters, this may take a while. To bypass this check, set `DISABLE_MODEL_SOURCE_CHECK` to `True`.[0m
[33mChecking connectivity to the model hosters, this may take a while. To bypass this check, set `DISABLE_MODEL_SOURCE_CHECK` to `True`.[0m
[33mChecking connectivity to the model hosters, this may take a while. To bypass this check, set `DISABLE_MODEL_SOURCE_CHECK` to `True`.[0m
[33mChecking connectivity to the model hosters, this may take a while. To bypass this check, set `DISABLE_MODEL_SOURCE_CHECK` to `True`.[0m
[33mChecking connectivity to the model hosters, this may take a while. To bypass this check, set `DISABLE_MODEL_SOURCE_CHECK` to `True`.[0m
[33mChecking connectivity to the model hosters, this may take a while. To bypass this check, set `DISABLE_MODEL_SOURCE_CHECK` to `True`.[0m
/Users/zhaowenyuan/Projects/FlowFigTabMiner/flowfigtabminer/lib/python3.9/site-packages/onmt/modules/sparse_activations.py:48: FutureWarning: `torch.cuda.amp.custom_fwd(args...)` is deprecated. Please use `torch.amp.custom_fwd(args..., device_type='cuda')` instead.
  def forward(ctx, input, dim=0):
/Users/zhaowenyuan/Projects/FlowFigTabMiner/flowfigtabminer/lib/python3.9/site-packages/onmt/modules/sparse_activations.py:68: FutureWarning: `torch.cuda.amp.custom_bwd(args...)` is deprecated. Please use `torch.amp.custom_bwd(args..., device_type='cuda')` instead.
  def backward(ctx, grad_output):
/Users/zhaowenyuan/Projects/FlowFigTabMiner/flowfigtabminer/lib/python3.9/site-packages/onmt/modules/sparse_losses.py:13: FutureWarning: `torch.cuda.amp.custom_fwd(args...)` is deprecated. Please use `torch.amp.custom_fwd(args..., device_type='cuda')` instead.
  def forward(ctx, input, target):
/Users/zhaowenyuan/Projects/FlowFigTabMiner/flowfigtabminer/lib/python3.9/site-packages/onmt/modules/sparse_losses.py:37: FutureWarning: `torch.cuda.amp.custom_bwd(args...)` is deprecated. Please use `torch.amp.custom_bwd(args..., device_type='cuda')` instead.
  def backward(ctx, grad_output):
   -> Box 13: SMILES='N#Cc1ccc(C(=O)CF)cc1' | Masked (White Box)
   -> [Debug] Upscaled TINY box 14 by 1.7x (262x174 -> 451x300)
/Users/zhaowenyuan/Projects/FlowFigTabMiner/flowfigtabminer/lib/python3.9/site-packages/paddle/utils/cpp_extension/extension_utils.py:712: UserWarning: No ccache found. Please be aware that recompiling all source files may be required. You can download and install ccache from: https://github.com/ccache/ccache/blob/master/doc/INSTALL.md
  warnings.warn(warning_message)
/Users/zhaowenyuan/Projects/FlowFigTabMiner/flowfigtabminer/lib/python3.9/site-packages/paddle/utils/cpp_extension/extension_utils.py:712: UserWarning: No ccache found. Please be aware that recompiling all source files may be required. You can download and install ccache from: https://github.com/ccache/ccache/blob/master/doc/INSTALL.md
  warnings.warn(warning_message)
/Users/zhaowenyuan/Projects/FlowFigTabMiner/flowfigtabminer/lib/python3.9/site-packages/paddle/utils/cpp_extension/extension_utils.py:712: UserWarning: No ccache found. Please be aware that recompiling all source files may be required. You can download and install ccache from: https://github.com/ccache/ccache/blob/master/doc/INSTALL.md
  warnings.warn(warning_message)
/Users/zhaowenyuan/Projects/FlowFigTabMiner/flowfigtabminer/lib/python3.9/site-packages/paddle/utils/cpp_extension/extension_utils.py:712: UserWarning: No ccache found. Please be aware that recompiling all source files may be required. You can download and install ccache from: https://github.com/ccache/ccache/blob/master/doc/INSTALL.md
  warnings.warn(warning_message)
/Users/zhaowenyuan/Projects/FlowFigTabMiner/flowfigtabminer/lib/python3.9/site-packages/paddle/utils/cpp_extension/extension_utils.py:712: UserWarning: No ccache found. Please be aware that recompiling all source files may be required. You can download and install ccache from: https://github.com/ccache/ccache/blob/master/doc/INSTALL.md
  warnings.warn(warning_message)
/Users/zhaowenyuan/Projects/FlowFigTabMiner/flowfigtabminer/lib/python3.9/site-packages/paddle/utils/cpp_extension/extension_utils.py:712: UserWarning: No ccache found. Please be aware that recompiling all source files may be required. You can download and install ccache from: https://github.com/ccache/ccache/blob/master/doc/INSTALL.md
  warnings.warn(warning_message)
/Users/zhaowenyuan/Projects/FlowFigTabMiner/flowfigtabminer/lib/python3.9/site-packages/paddle/utils/cpp_extension/extension_utils.py:712: UserWarning: No ccache found. Please be aware that recompiling all source files may be required. You can download and install ccache from: https://github.com/ccache/ccache/blob/master/doc/INSTALL.md
  warnings.warn(warning_message)
/Users/zhaowenyuan/Projects/FlowFigTabMiner/flowfigtabminer/lib/python3.9/site-packages/paddle/utils/cpp_extension/extension_utils.py:712: UserWarning: No ccache found. Please be aware that recompiling all source files may be required. You can download and install ccache from: https://github.com/ccache/ccache/blob/master/doc/INSTALL.md
  warnings.warn(warning_message)
/Users/zhaowenyuan/Projects/FlowFigTabMiner/flowfigtabminer/lib/python3.9/site-packages/paddle/utils/cpp_extension/extension_utils.py:712: UserWarning: No ccache found. Please be aware that recompiling all source files may be required. You can download and install ccache from: https://github.com/ccache/ccache/blob/master/doc/INSTALL.md
  warnings.warn(warning_message)
/Users/zhaowenyuan/Projects/FlowFigTabMiner/flowfigtabminer/lib/python3.9/site-packages/paddle/utils/cpp_extension/extension_utils.py:712: UserWarning: No ccache found. Please be aware that recompiling all source files may be required. You can download and install ccache from: https://github.com/ccache/ccache/blob/master/doc/INSTALL.md
  warnings.warn(warning_message)
/Users/zhaowenyuan/Projects/FlowFigTabMiner/flowfigtabminer/lib/python3.9/site-packages/paddle/utils/cpp_extension/extension_utils.py:712: UserWarning: No ccache found. Please be aware that recompiling all source files may be required. You can download and install ccache from: https://github.com/ccache/ccache/blob/master/doc/INSTALL.md
  warnings.warn(warning_message)
/Users/zhaowenyuan/Projects/FlowFigTabMiner/flowfigtabminer/lib/python3.9/site-packages/paddle/utils/cpp_extension/extension_utils.py:712: UserWarning: No ccache found. Please be aware that recompiling all source files may be required. You can download and install ccache from: https://github.com/ccache/ccache/blob/master/doc/INSTALL.md
  warnings.warn(warning_message)
/Users/zhaowenyuan/Projects/FlowFigTabMiner/flowfigtabminer/lib/python3.9/site-packages/paddle/utils/cpp_extension/extension_utils.py:712: UserWarning: No ccache found. Please be aware that recompiling all source files may be required. You can download and install ccache from: https://github.com/ccache/ccache/blob/master/doc/INSTALL.md
  warnings.warn(warning_message)
/Users/zhaowenyuan/Projects/FlowFigTabMiner/flowfigtabminer/lib/python3.9/site-packages/paddle/utils/cpp_extension/extension_utils.py:712: UserWarning: No ccache found. Please be aware that recompiling all source files may be required. You can download and install ccache from: https://github.com/ccache/ccache/blob/master/doc/INSTALL.md
  warnings.warn(warning_message)
/Users/zhaowenyuan/Projects/FlowFigTabMiner/flowfigtabminer/lib/python3.9/site-packages/paddle/utils/cpp_extension/extension_utils.py:712: UserWarning: No ccache found. Please be aware that recompiling all source files may be required. You can download and install ccache from: https://github.com/ccache/ccache/blob/master/doc/INSTALL.md
  warnings.warn(warning_message)
/Users/zhaowenyuan/Projects/FlowFigTabMiner/flowfigtabminer/lib/python3.9/site-packages/paddle/utils/cpp_extension/extension_utils.py:712: UserWarning: No ccache found. Please be aware that recompiling all source files may be required. You can download and install ccache from: https://github.com/ccache/ccache/blob/master/doc/INSTALL.md
  warnings.warn(warning_message)
/Users/zhaowenyuan/Projects/FlowFigTabMiner/flowfigtabminer/lib/python3.9/site-packages/urllib3/__init__.py:35: NotOpenSSLWarning: urllib3 v2 only supports OpenSSL 1.1.1+, currently the 'ssl' module is compiled with 'LibreSSL 2.8.3'. See: https://github.com/urllib3/urllib3/issues/3020
  warnings.warn(
/Users/zhaowenyuan/Projects/FlowFigTabMiner/flowfigtabminer/lib/python3.9/site-packages/urllib3/__init__.py:35: NotOpenSSLWarning: urllib3 v2 only supports OpenSSL 1.1.1+, currently the 'ssl' module is compiled with 'LibreSSL 2.8.3'. See: https://github.com/urllib3/urllib3/issues/3020
  warnings.warn(
/Users/zhaowenyuan/Projects/FlowFigTabMiner/flowfigtabminer/lib/python3.9/site-packages/urllib3/__init__.py:35: NotOpenSSLWarning: urllib3 v2 only supports OpenSSL 1.1.1+, currently the 'ssl' module is compiled with 'LibreSSL 2.8.3'. See: https://github.com/urllib3/urllib3/issues/3020
  warnings.warn(
/Users/zhaowenyuan/Projects/FlowFigTabMiner/flowfigtabminer/lib/python3.9/site-packages/urllib3/__init__.py:35: NotOpenSSLWarning: urllib3 v2 only supports OpenSSL 1.1.1+, currently the 'ssl' module is compiled with 'LibreSSL 2.8.3'. See: https://github.com/urllib3/urllib3/issues/3020
  warnings.warn(
/Users/zhaowenyuan/Projects/FlowFigTabMiner/flowfigtabminer/lib/python3.9/site-packages/urllib3/__init__.py:35: NotOpenSSLWarning: urllib3 v2 only supports OpenSSL 1.1.1+, currently the 'ssl' module is compiled with 'LibreSSL 2.8.3'. See: https://github.com/urllib3/urllib3/issues/3020
  warnings.warn(
/Users/zhaowenyuan/Projects/FlowFigTabMiner/flowfigtabminer/lib/python3.9/site-packages/urllib3/__init__.py:35: NotOpenSSLWarning: urllib3 v2 only supports OpenSSL 1.1.1+, currently the 'ssl' module is compiled with 'LibreSSL 2.8.3'. See: https://github.com/urllib3/urllib3/issues/3020
  warnings.warn(
/Users/zhaowenyuan/Projects/FlowFigTabMiner/flowfigtabminer/lib/python3.9/site-packages/urllib3/__init__.py:35: NotOpenSSLWarning: urllib3 v2 only supports OpenSSL 1.1.1+, currently the 'ssl' module is compiled with 'LibreSSL 2.8.3'. See: https://github.com/urllib3/urllib3/issues/3020
  warnings.warn(
/Users/zhaowenyuan/Projects/FlowFigTabMiner/flowfigtabminer/lib/python3.9/site-packages/urllib3/__init__.py:35: NotOpenSSLWarning: urllib3 v2 only supports OpenSSL 1.1.1+, currently the 'ssl' module is compiled with 'LibreSSL 2.8.3'. See: https://github.com/urllib3/urllib3/issues/3020
  warnings.warn(
/Users/zhaowenyuan/Projects/FlowFigTabMiner/flowfigtabminer/lib/python3.9/site-packages/urllib3/__init__.py:35: NotOpenSSLWarning: urllib3 v2 only supports OpenSSL 1.1.1+, currently the 'ssl' module is compiled with 'LibreSSL 2.8.3'. See: https://github.com/urllib3/urllib3/issues/3020
  warnings.warn(
/Users/zhaowenyuan/Projects/FlowFigTabMiner/flowfigtabminer/lib/python3.9/site-packages/urllib3/__init__.py:35: NotOpenSSLWarning: urllib3 v2 only supports OpenSSL 1.1.1+, currently the 'ssl' module is compiled with 'LibreSSL 2.8.3'. See: https://github.com/urllib3/urllib3/issues/3020
  warnings.warn(
/Users/zhaowenyuan/Projects/FlowFigTabMiner/flowfigtabminer/lib/python3.9/site-packages/urllib3/__init__.py:35: NotOpenSSLWarning: urllib3 v2 only supports OpenSSL 1.1.1+, currently the 'ssl' module is compiled with 'LibreSSL 2.8.3'. See: https://github.com/urllib3/urllib3/issues/3020
  warnings.warn(
/Users/zhaowenyuan/Projects/FlowFigTabMiner/flowfigtabminer/lib/python3.9/site-packages/urllib3/__init__.py:35: NotOpenSSLWarning: urllib3 v2 only supports OpenSSL 1.1.1+, currently the 'ssl' module is compiled with 'LibreSSL 2.8.3'. See: https://github.com/urllib3/urllib3/issues/3020
  warnings.warn(
/Users/zhaowenyuan/Projects/FlowFigTabMiner/flowfigtabminer/lib/python3.9/site-packages/urllib3/__init__.py:35: NotOpenSSLWarning: urllib3 v2 only supports OpenSSL 1.1.1+, currently the 'ssl' module is compiled with 'LibreSSL 2.8.3'. See: https://github.com/urllib3/urllib3/issues/3020
  warnings.warn(
/Users/zhaowenyuan/Projects/FlowFigTabMiner/flowfigtabminer/lib/python3.9/site-packages/urllib3/__init__.py:35: NotOpenSSLWarning: urllib3 v2 only supports OpenSSL 1.1.1+, currently the 'ssl' module is compiled with 'LibreSSL 2.8.3'. See: https://github.com/urllib3/urllib3/issues/3020
  warnings.warn(
/Users/zhaowenyuan/Projects/FlowFigTabMiner/flowfigtabminer/lib/python3.9/site-packages/urllib3/__init__.py:35: NotOpenSSLWarning: urllib3 v2 only supports OpenSSL 1.1.1+, currently the 'ssl' module is compiled with 'LibreSSL 2.8.3'. See: https://github.com/urllib3/urllib3/issues/3020
  warnings.warn(
/Users/zhaowenyuan/Projects/FlowFigTabMiner/flowfigtabminer/lib/python3.9/site-packages/urllib3/__init__.py:35: NotOpenSSLWarning: urllib3 v2 only supports OpenSSL 1.1.1+, currently the 'ssl' module is compiled with 'LibreSSL 2.8.3'. See: https://github.com/urllib3/urllib3/issues/3020
  warnings.warn(
[33mChecking connectivity to the model hosters, this may take a while. To bypass this check, set `DISABLE_MODEL_SOURCE_CHECK` to `True`.[0m
[33mChecking connectivity to the model hosters, this may take a while. To bypass this check, set `DISABLE_MODEL_SOURCE_CHECK` to `True`.[0m
[33mChecking connectivity to the model hosters, this may take a while. To bypass this check, set `DISABLE_MODEL_SOURCE_CHECK` to `True`.[0m
[33mChecking connectivity to the model hosters, this may take a while. To bypass this check, set `DISABLE_MODEL_SOURCE_CHECK` to `True`.[0m
[33mChecking connectivity to the model hosters, this may take a while. To bypass this check, set `DISABLE_MODEL_SOURCE_CHECK` to `True`.[0m
[33mChecking connectivity to the model hosters, this may take a while. To bypass this check, set `DISABLE_MODEL_SOURCE_CHECK` to `True`.[0m
[33mChecking connectivity to the model hosters, this may take a while. To bypass this check, set `DISABLE_MODEL_SOURCE_CHECK` to `True`.[0m
[33mChecking connectivity to the model hosters, this may take a while. To bypass this check, set `DISABLE_MODEL_SOURCE_CHECK` to `True`.[0m
[33mChecking connectivity to the model hosters, this may take a while. To bypass this check, set `DISABLE_MODEL_SOURCE_CHECK` to `True`.[0m
[33mChecking connectivity to the model hosters, this may take a while. To bypass this check, set `DISABLE_MODEL_SOURCE_CHECK` to `True`.[0m
[33mChecking connectivity to the model hosters, this may take a while. To bypass this check, set `DISABLE_MODEL_SOURCE_CHECK` to `True`.[0m
[33mChecking connectivity to the model hosters, this may take a while. To bypass this check, set `DISABLE_MODEL_SOURCE_CHECK` to `True`.[0m
[33mChecking connectivity to the model hosters, this may take a while. To bypass this check, set `DISABLE_MODEL_SOURCE_CHECK` to `True`.[0m
[33mChecking connectivity to the model hosters, this may take a while. To bypass this check, set `DISABLE_MODEL_SOURCE_CHECK` to `True`.[0m
[33mChecking connectivity to the model hosters, this may take a while. To bypass this check, set `DISABLE_MODEL_SOURCE_CHECK` to `True`.[0m
[33mChecking connectivity to the model hosters, this may take a while. To bypass this check, set `DISABLE_MODEL_SOURCE_CHECK` to `True`.[0m
/Users/zhaowenyuan/Projects/FlowFigTabMiner/flowfigtabminer/lib/python3.9/site-packages/onmt/modules/sparse_activations.py:48: FutureWarning: `torch.cuda.amp.custom_fwd(args...)` is deprecated. Please use `torch.amp.custom_fwd(args..., device_type='cuda')` instead.
  def forward(ctx, input, dim=0):
/Users/zhaowenyuan/Projects/FlowFigTabMiner/flowfigtabminer/lib/python3.9/site-packages/onmt/modules/sparse_activations.py:68: FutureWarning: `torch.cuda.amp.custom_bwd(args...)` is deprecated. Please use `torch.amp.custom_bwd(args..., device_type='cuda')` instead.
  def backward(ctx, grad_output):
/Users/zhaowenyuan/Projects/FlowFigTabMiner/flowfigtabminer/lib/python3.9/site-packages/onmt/modules/sparse_losses.py:13: FutureWarning: `torch.cuda.amp.custom_fwd(args...)` is deprecated. Please use `torch.amp.custom_fwd(args..., device_type='cuda')` instead.
  def forward(ctx, input, target):
/Users/zhaowenyuan/Projects/FlowFigTabMiner/flowfigtabminer/lib/python3.9/site-packages/onmt/modules/sparse_losses.py:37: FutureWarning: `torch.cuda.amp.custom_bwd(args...)` is deprecated. Please use `torch.amp.custom_bwd(args..., device_type='cuda')` instead.
  def backward(ctx, grad_output):
   -> Box 14: SMILES='CON(C)C(=O)c1ccc(C#N)cc1' | Masked (White Box)
   -> [Debug] Box 15 sufficient size (297x196). Skipped Upscaling.
/Users/zhaowenyuan/Projects/FlowFigTabMiner/flowfigtabminer/lib/python3.9/site-packages/paddle/utils/cpp_extension/extension_utils.py:712: UserWarning: No ccache found. Please be aware that recompiling all source files may be required. You can download and install ccache from: https://github.com/ccache/ccache/blob/master/doc/INSTALL.md
  warnings.warn(warning_message)
/Users/zhaowenyuan/Projects/FlowFigTabMiner/flowfigtabminer/lib/python3.9/site-packages/paddle/utils/cpp_extension/extension_utils.py:712: UserWarning: No ccache found. Please be aware that recompiling all source files may be required. You can download and install ccache from: https://github.com/ccache/ccache/blob/master/doc/INSTALL.md
  warnings.warn(warning_message)
/Users/zhaowenyuan/Projects/FlowFigTabMiner/flowfigtabminer/lib/python3.9/site-packages/paddle/utils/cpp_extension/extension_utils.py:712: UserWarning: No ccache found. Please be aware that recompiling all source files may be required. You can download and install ccache from: https://github.com/ccache/ccache/blob/master/doc/INSTALL.md
  warnings.warn(warning_message)
/Users/zhaowenyuan/Projects/FlowFigTabMiner/flowfigtabminer/lib/python3.9/site-packages/paddle/utils/cpp_extension/extension_utils.py:712: UserWarning: No ccache found. Please be aware that recompiling all source files may be required. You can download and install ccache from: https://github.com/ccache/ccache/blob/master/doc/INSTALL.md
  warnings.warn(warning_message)
/Users/zhaowenyuan/Projects/FlowFigTabMiner/flowfigtabminer/lib/python3.9/site-packages/paddle/utils/cpp_extension/extension_utils.py:712: UserWarning: No ccache found. Please be aware that recompiling all source files may be required. You can download and install ccache from: https://github.com/ccache/ccache/blob/master/doc/INSTALL.md
  warnings.warn(warning_message)
/Users/zhaowenyuan/Projects/FlowFigTabMiner/flowfigtabminer/lib/python3.9/site-packages/paddle/utils/cpp_extension/extension_utils.py:712: UserWarning: No ccache found. Please be aware that recompiling all source files may be required. You can download and install ccache from: https://github.com/ccache/ccache/blob/master/doc/INSTALL.md
  warnings.warn(warning_message)
/Users/zhaowenyuan/Projects/FlowFigTabMiner/flowfigtabminer/lib/python3.9/site-packages/paddle/utils/cpp_extension/extension_utils.py:712: UserWarning: No ccache found. Please be aware that recompiling all source files may be required. You can download and install ccache from: https://github.com/ccache/ccache/blob/master/doc/INSTALL.md
  warnings.warn(warning_message)
/Users/zhaowenyuan/Projects/FlowFigTabMiner/flowfigtabminer/lib/python3.9/site-packages/paddle/utils/cpp_extension/extension_utils.py:712: UserWarning: No ccache found. Please be aware that recompiling all source files may be required. You can download and install ccache from: https://github.com/ccache/ccache/blob/master/doc/INSTALL.md
  warnings.warn(warning_message)
/Users/zhaowenyuan/Projects/FlowFigTabMiner/flowfigtabminer/lib/python3.9/site-packages/paddle/utils/cpp_extension/extension_utils.py:712: UserWarning: No ccache found. Please be aware that recompiling all source files may be required. You can download and install ccache from: https://github.com/ccache/ccache/blob/master/doc/INSTALL.md
  warnings.warn(warning_message)
/Users/zhaowenyuan/Projects/FlowFigTabMiner/flowfigtabminer/lib/python3.9/site-packages/paddle/utils/cpp_extension/extension_utils.py:712: UserWarning: No ccache found. Please be aware that recompiling all source files may be required. You can download and install ccache from: https://github.com/ccache/ccache/blob/master/doc/INSTALL.md
  warnings.warn(warning_message)
/Users/zhaowenyuan/Projects/FlowFigTabMiner/flowfigtabminer/lib/python3.9/site-packages/paddle/utils/cpp_extension/extension_utils.py:712: UserWarning: No ccache found. Please be aware that recompiling all source files may be required. You can download and install ccache from: https://github.com/ccache/ccache/blob/master/doc/INSTALL.md
  warnings.warn(warning_message)
/Users/zhaowenyuan/Projects/FlowFigTabMiner/flowfigtabminer/lib/python3.9/site-packages/paddle/utils/cpp_extension/extension_utils.py:712: UserWarning: No ccache found. Please be aware that recompiling all source files may be required. You can download and install ccache from: https://github.com/ccache/ccache/blob/master/doc/INSTALL.md
  warnings.warn(warning_message)
/Users/zhaowenyuan/Projects/FlowFigTabMiner/flowfigtabminer/lib/python3.9/site-packages/paddle/utils/cpp_extension/extension_utils.py:712: UserWarning: No ccache found. Please be aware that recompiling all source files may be required. You can download and install ccache from: https://github.com/ccache/ccache/blob/master/doc/INSTALL.md
  warnings.warn(warning_message)
/Users/zhaowenyuan/Projects/FlowFigTabMiner/flowfigtabminer/lib/python3.9/site-packages/paddle/utils/cpp_extension/extension_utils.py:712: UserWarning: No ccache found. Please be aware that recompiling all source files may be required. You can download and install ccache from: https://github.com/ccache/ccache/blob/master/doc/INSTALL.md
  warnings.warn(warning_message)
/Users/zhaowenyuan/Projects/FlowFigTabMiner/flowfigtabminer/lib/python3.9/site-packages/paddle/utils/cpp_extension/extension_utils.py:712: UserWarning: No ccache found. Please be aware that recompiling all source files may be required. You can download and install ccache from: https://github.com/ccache/ccache/blob/master/doc/INSTALL.md
  warnings.warn(warning_message)
/Users/zhaowenyuan/Projects/FlowFigTabMiner/flowfigtabminer/lib/python3.9/site-packages/paddle/utils/cpp_extension/extension_utils.py:712: UserWarning: No ccache found. Please be aware that recompiling all source files may be required. You can download and install ccache from: https://github.com/ccache/ccache/blob/master/doc/INSTALL.md
  warnings.warn(warning_message)
/Users/zhaowenyuan/Projects/FlowFigTabMiner/flowfigtabminer/lib/python3.9/site-packages/urllib3/__init__.py:35: NotOpenSSLWarning: urllib3 v2 only supports OpenSSL 1.1.1+, currently the 'ssl' module is compiled with 'LibreSSL 2.8.3'. See: https://github.com/urllib3/urllib3/issues/3020
  warnings.warn(
/Users/zhaowenyuan/Projects/FlowFigTabMiner/flowfigtabminer/lib/python3.9/site-packages/urllib3/__init__.py:35: NotOpenSSLWarning: urllib3 v2 only supports OpenSSL 1.1.1+, currently the 'ssl' module is compiled with 'LibreSSL 2.8.3'. See: https://github.com/urllib3/urllib3/issues/3020
  warnings.warn(
/Users/zhaowenyuan/Projects/FlowFigTabMiner/flowfigtabminer/lib/python3.9/site-packages/urllib3/__init__.py:35: NotOpenSSLWarning: urllib3 v2 only supports OpenSSL 1.1.1+, currently the 'ssl' module is compiled with 'LibreSSL 2.8.3'. See: https://github.com/urllib3/urllib3/issues/3020
  warnings.warn(
/Users/zhaowenyuan/Projects/FlowFigTabMiner/flowfigtabminer/lib/python3.9/site-packages/urllib3/__init__.py:35: NotOpenSSLWarning: urllib3 v2 only supports OpenSSL 1.1.1+, currently the 'ssl' module is compiled with 'LibreSSL 2.8.3'. See: https://github.com/urllib3/urllib3/issues/3020
  warnings.warn(
/Users/zhaowenyuan/Projects/FlowFigTabMiner/flowfigtabminer/lib/python3.9/site-packages/urllib3/__init__.py:35: NotOpenSSLWarning: urllib3 v2 only supports OpenSSL 1.1.1+, currently the 'ssl' module is compiled with 'LibreSSL 2.8.3'. See: https://github.com/urllib3/urllib3/issues/3020
  warnings.warn(
/Users/zhaowenyuan/Projects/FlowFigTabMiner/flowfigtabminer/lib/python3.9/site-packages/urllib3/__init__.py:35: NotOpenSSLWarning: urllib3 v2 only supports OpenSSL 1.1.1+, currently the 'ssl' module is compiled with 'LibreSSL 2.8.3'. See: https://github.com/urllib3/urllib3/issues/3020
  warnings.warn(
/Users/zhaowenyuan/Projects/FlowFigTabMiner/flowfigtabminer/lib/python3.9/site-packages/urllib3/__init__.py:35: NotOpenSSLWarning: urllib3 v2 only supports OpenSSL 1.1.1+, currently the 'ssl' module is compiled with 'LibreSSL 2.8.3'. See: https://github.com/urllib3/urllib3/issues/3020
  warnings.warn(
/Users/zhaowenyuan/Projects/FlowFigTabMiner/flowfigtabminer/lib/python3.9/site-packages/urllib3/__init__.py:35: NotOpenSSLWarning: urllib3 v2 only supports OpenSSL 1.1.1+, currently the 'ssl' module is compiled with 'LibreSSL 2.8.3'. See: https://github.com/urllib3/urllib3/issues/3020
  warnings.warn(
/Users/zhaowenyuan/Projects/FlowFigTabMiner/flowfigtabminer/lib/python3.9/site-packages/urllib3/__init__.py:35: NotOpenSSLWarning: urllib3 v2 only supports OpenSSL 1.1.1+, currently the 'ssl' module is compiled with 'LibreSSL 2.8.3'. See: https://github.com/urllib3/urllib3/issues/3020
  warnings.warn(
/Users/zhaowenyuan/Projects/FlowFigTabMiner/flowfigtabminer/lib/python3.9/site-packages/urllib3/__init__.py:35: NotOpenSSLWarning: urllib3 v2 only supports OpenSSL 1.1.1+, currently the 'ssl' module is compiled with 'LibreSSL 2.8.3'. See: https://github.com/urllib3/urllib3/issues/3020
  warnings.warn(
[33mChecking connectivity to the model hosters, this may take a while. To bypass this check, set `DISABLE_MODEL_SOURCE_CHECK` to `True`.[0m
/Users/zhaowenyuan/Projects/FlowFigTabMiner/flowfigtabminer/lib/python3.9/site-packages/urllib3/__init__.py:35: NotOpenSSLWarning: urllib3 v2 only supports OpenSSL 1.1.1+, currently the 'ssl' module is compiled with 'LibreSSL 2.8.3'. See: https://github.com/urllib3/urllib3/issues/3020
  warnings.warn(
/Users/zhaowenyuan/Projects/FlowFigTabMiner/flowfigtabminer/lib/python3.9/site-packages/urllib3/__init__.py:35: NotOpenSSLWarning: urllib3 v2 only supports OpenSSL 1.1.1+, currently the 'ssl' module is compiled with 'LibreSSL 2.8.3'. See: https://github.com/urllib3/urllib3/issues/3020
  warnings.warn(
/Users/zhaowenyuan/Projects/FlowFigTabMiner/flowfigtabminer/lib/python3.9/site-packages/urllib3/__init__.py:35: NotOpenSSLWarning: urllib3 v2 only supports OpenSSL 1.1.1+, currently the 'ssl' module is compiled with 'LibreSSL 2.8.3'. See: https://github.com/urllib3/urllib3/issues/3020
  warnings.warn(
/Users/zhaowenyuan/Projects/FlowFigTabMiner/flowfigtabminer/lib/python3.9/site-packages/urllib3/__init__.py:35: NotOpenSSLWarning: urllib3 v2 only supports OpenSSL 1.1.1+, currently the 'ssl' module is compiled with 'LibreSSL 2.8.3'. See: https://github.com/urllib3/urllib3/issues/3020
  warnings.warn(
/Users/zhaowenyuan/Projects/FlowFigTabMiner/flowfigtabminer/lib/python3.9/site-packages/urllib3/__init__.py:35: NotOpenSSLWarning: urllib3 v2 only supports OpenSSL 1.1.1+, currently the 'ssl' module is compiled with 'LibreSSL 2.8.3'. See: https://github.com/urllib3/urllib3/issues/3020
  warnings.warn(
/Users/zhaowenyuan/Projects/FlowFigTabMiner/flowfigtabminer/lib/python3.9/site-packages/urllib3/__init__.py:35: NotOpenSSLWarning: urllib3 v2 only supports OpenSSL 1.1.1+, currently the 'ssl' module is compiled with 'LibreSSL 2.8.3'. See: https://github.com/urllib3/urllib3/issues/3020
  warnings.warn(
[33mChecking connectivity to the model hosters, this may take a while. To bypass this check, set `DISABLE_MODEL_SOURCE_CHECK` to `True`.[0m
[33mChecking connectivity to the model hosters, this may take a while. To bypass this check, set `DISABLE_MODEL_SOURCE_CHECK` to `True`.[0m
[33mChecking connectivity to the model hosters, this may take a while. To bypass this check, set `DISABLE_MODEL_SOURCE_CHECK` to `True`.[0m
[33mChecking connectivity to the model hosters, this may take a while. To bypass this check, set `DISABLE_MODEL_SOURCE_CHECK` to `True`.[0m
[33mChecking connectivity to the model hosters, this may take a while. To bypass this check, set `DISABLE_MODEL_SOURCE_CHECK` to `True`.[0m
[33mChecking connectivity to the model hosters, this may take a while. To bypass this check, set `DISABLE_MODEL_SOURCE_CHECK` to `True`.[0m
[33mChecking connectivity to the model hosters, this may take a while. To bypass this check, set `DISABLE_MODEL_SOURCE_CHECK` to `True`.[0m
[33mChecking connectivity to the model hosters, this may take a while. To bypass this check, set `DISABLE_MODEL_SOURCE_CHECK` to `True`.[0m
[33mChecking connectivity to the model hosters, this may take a while. To bypass this check, set `DISABLE_MODEL_SOURCE_CHECK` to `True`.[0m
[33mChecking connectivity to the model hosters, this may take a while. To bypass this check, set `DISABLE_MODEL_SOURCE_CHECK` to `True`.[0m
[33mChecking connectivity to the model hosters, this may take a while. To bypass this check, set `DISABLE_MODEL_SOURCE_CHECK` to `True`.[0m
[33mChecking connectivity to the model hosters, this may take a while. To bypass this check, set `DISABLE_MODEL_SOURCE_CHECK` to `True`.[0m
[33mChecking connectivity to the model hosters, this may take a while. To bypass this check, set `DISABLE_MODEL_SOURCE_CHECK` to `True`.[0m
[33mChecking connectivity to the model hosters, this may take a while. To bypass this check, set `DISABLE_MODEL_SOURCE_CHECK` to `True`.[0m
[33mChecking connectivity to the model hosters, this may take a while. To bypass this check, set `DISABLE_MODEL_SOURCE_CHECK` to `True`.[0m
/Users/zhaowenyuan/Projects/FlowFigTabMiner/flowfigtabminer/lib/python3.9/site-packages/onmt/modules/sparse_activations.py:48: FutureWarning: `torch.cuda.amp.custom_fwd(args...)` is deprecated. Please use `torch.amp.custom_fwd(args..., device_type='cuda')` instead.
  def forward(ctx, input, dim=0):
/Users/zhaowenyuan/Projects/FlowFigTabMiner/flowfigtabminer/lib/python3.9/site-packages/onmt/modules/sparse_activations.py:68: FutureWarning: `torch.cuda.amp.custom_bwd(args...)` is deprecated. Please use `torch.amp.custom_bwd(args..., device_type='cuda')` instead.
  def backward(ctx, grad_output):
/Users/zhaowenyuan/Projects/FlowFigTabMiner/flowfigtabminer/lib/python3.9/site-packages/onmt/modules/sparse_losses.py:13: FutureWarning: `torch.cuda.amp.custom_fwd(args...)` is deprecated. Please use `torch.amp.custom_fwd(args..., device_type='cuda')` instead.
  def forward(ctx, input, target):
/Users/zhaowenyuan/Projects/FlowFigTabMiner/flowfigtabminer/lib/python3.9/site-packages/onmt/modules/sparse_losses.py:37: FutureWarning: `torch.cuda.amp.custom_bwd(args...)` is deprecated. Please use `torch.amp.custom_bwd(args..., device_type='cuda')` instead.
  def backward(ctx, grad_output):
   -> Box 15: SMILES='COC(=O)c1ccc(C(=O)N(C)OC)cc1' | Masked (White Box)
   -> [Debug] Box 16 sufficient size (317x199). Skipped Upscaling.
/Users/zhaowenyuan/Projects/FlowFigTabMiner/flowfigtabminer/lib/python3.9/site-packages/paddle/utils/cpp_extension/extension_utils.py:712: UserWarning: No ccache found. Please be aware that recompiling all source files may be required. You can download and install ccache from: https://github.com/ccache/ccache/blob/master/doc/INSTALL.md
  warnings.warn(warning_message)
/Users/zhaowenyuan/Projects/FlowFigTabMiner/flowfigtabminer/lib/python3.9/site-packages/paddle/utils/cpp_extension/extension_utils.py:712: UserWarning: No ccache found. Please be aware that recompiling all source files may be required. You can download and install ccache from: https://github.com/ccache/ccache/blob/master/doc/INSTALL.md
  warnings.warn(warning_message)
/Users/zhaowenyuan/Projects/FlowFigTabMiner/flowfigtabminer/lib/python3.9/site-packages/paddle/utils/cpp_extension/extension_utils.py:712: UserWarning: No ccache found. Please be aware that recompiling all source files may be required. You can download and install ccache from: https://github.com/ccache/ccache/blob/master/doc/INSTALL.md
  warnings.warn(warning_message)
/Users/zhaowenyuan/Projects/FlowFigTabMiner/flowfigtabminer/lib/python3.9/site-packages/paddle/utils/cpp_extension/extension_utils.py:712: UserWarning: No ccache found. Please be aware that recompiling all source files may be required. You can download and install ccache from: https://github.com/ccache/ccache/blob/master/doc/INSTALL.md
  warnings.warn(warning_message)
/Users/zhaowenyuan/Projects/FlowFigTabMiner/flowfigtabminer/lib/python3.9/site-packages/paddle/utils/cpp_extension/extension_utils.py:712: UserWarning: No ccache found. Please be aware that recompiling all source files may be required. You can download and install ccache from: https://github.com/ccache/ccache/blob/master/doc/INSTALL.md
  warnings.warn(warning_message)
/Users/zhaowenyuan/Projects/FlowFigTabMiner/flowfigtabminer/lib/python3.9/site-packages/paddle/utils/cpp_extension/extension_utils.py:712: UserWarning: No ccache found. Please be aware that recompiling all source files may be required. You can download and install ccache from: https://github.com/ccache/ccache/blob/master/doc/INSTALL.md
  warnings.warn(warning_message)
/Users/zhaowenyuan/Projects/FlowFigTabMiner/flowfigtabminer/lib/python3.9/site-packages/paddle/utils/cpp_extension/extension_utils.py:712: UserWarning: No ccache found. Please be aware that recompiling all source files may be required. You can download and install ccache from: https://github.com/ccache/ccache/blob/master/doc/INSTALL.md
  warnings.warn(warning_message)
/Users/zhaowenyuan/Projects/FlowFigTabMiner/flowfigtabminer/lib/python3.9/site-packages/paddle/utils/cpp_extension/extension_utils.py:712: UserWarning: No ccache found. Please be aware that recompiling all source files may be required. You can download and install ccache from: https://github.com/ccache/ccache/blob/master/doc/INSTALL.md
  warnings.warn(warning_message)
/Users/zhaowenyuan/Projects/FlowFigTabMiner/flowfigtabminer/lib/python3.9/site-packages/paddle/utils/cpp_extension/extension_utils.py:712: UserWarning: No ccache found. Please be aware that recompiling all source files may be required. You can download and install ccache from: https://github.com/ccache/ccache/blob/master/doc/INSTALL.md
  warnings.warn(warning_message)
/Users/zhaowenyuan/Projects/FlowFigTabMiner/flowfigtabminer/lib/python3.9/site-packages/paddle/utils/cpp_extension/extension_utils.py:712: UserWarning: No ccache found. Please be aware that recompiling all source files may be required. You can download and install ccache from: https://github.com/ccache/ccache/blob/master/doc/INSTALL.md
  warnings.warn(warning_message)
/Users/zhaowenyuan/Projects/FlowFigTabMiner/flowfigtabminer/lib/python3.9/site-packages/paddle/utils/cpp_extension/extension_utils.py:712: UserWarning: No ccache found. Please be aware that recompiling all source files may be required. You can download and install ccache from: https://github.com/ccache/ccache/blob/master/doc/INSTALL.md
  warnings.warn(warning_message)
/Users/zhaowenyuan/Projects/FlowFigTabMiner/flowfigtabminer/lib/python3.9/site-packages/paddle/utils/cpp_extension/extension_utils.py:712: UserWarning: No ccache found. Please be aware that recompiling all source files may be required. You can download and install ccache from: https://github.com/ccache/ccache/blob/master/doc/INSTALL.md
  warnings.warn(warning_message)
/Users/zhaowenyuan/Projects/FlowFigTabMiner/flowfigtabminer/lib/python3.9/site-packages/paddle/utils/cpp_extension/extension_utils.py:712: UserWarning: No ccache found. Please be aware that recompiling all source files may be required. You can download and install ccache from: https://github.com/ccache/ccache/blob/master/doc/INSTALL.md
  warnings.warn(warning_message)
/Users/zhaowenyuan/Projects/FlowFigTabMiner/flowfigtabminer/lib/python3.9/site-packages/paddle/utils/cpp_extension/extension_utils.py:712: UserWarning: No ccache found. Please be aware that recompiling all source files may be required. You can download and install ccache from: https://github.com/ccache/ccache/blob/master/doc/INSTALL.md
  warnings.warn(warning_message)
/Users/zhaowenyuan/Projects/FlowFigTabMiner/flowfigtabminer/lib/python3.9/site-packages/paddle/utils/cpp_extension/extension_utils.py:712: UserWarning: No ccache found. Please be aware that recompiling all source files may be required. You can download and install ccache from: https://github.com/ccache/ccache/blob/master/doc/INSTALL.md
  warnings.warn(warning_message)
/Users/zhaowenyuan/Projects/FlowFigTabMiner/flowfigtabminer/lib/python3.9/site-packages/paddle/utils/cpp_extension/extension_utils.py:712: UserWarning: No ccache found. Please be aware that recompiling all source files may be required. You can download and install ccache from: https://github.com/ccache/ccache/blob/master/doc/INSTALL.md
  warnings.warn(warning_message)
/Users/zhaowenyuan/Projects/FlowFigTabMiner/flowfigtabminer/lib/python3.9/site-packages/urllib3/__init__.py:35: NotOpenSSLWarning: urllib3 v2 only supports OpenSSL 1.1.1+, currently the 'ssl' module is compiled with 'LibreSSL 2.8.3'. See: https://github.com/urllib3/urllib3/issues/3020
  warnings.warn(
/Users/zhaowenyuan/Projects/FlowFigTabMiner/flowfigtabminer/lib/python3.9/site-packages/urllib3/__init__.py:35: NotOpenSSLWarning: urllib3 v2 only supports OpenSSL 1.1.1+, currently the 'ssl' module is compiled with 'LibreSSL 2.8.3'. See: https://github.com/urllib3/urllib3/issues/3020
  warnings.warn(
/Users/zhaowenyuan/Projects/FlowFigTabMiner/flowfigtabminer/lib/python3.9/site-packages/urllib3/__init__.py:35: NotOpenSSLWarning: urllib3 v2 only supports OpenSSL 1.1.1+, currently the 'ssl' module is compiled with 'LibreSSL 2.8.3'. See: https://github.com/urllib3/urllib3/issues/3020
  warnings.warn(
/Users/zhaowenyuan/Projects/FlowFigTabMiner/flowfigtabminer/lib/python3.9/site-packages/urllib3/__init__.py:35: NotOpenSSLWarning: urllib3 v2 only supports OpenSSL 1.1.1+, currently the 'ssl' module is compiled with 'LibreSSL 2.8.3'. See: https://github.com/urllib3/urllib3/issues/3020
  warnings.warn(
/Users/zhaowenyuan/Projects/FlowFigTabMiner/flowfigtabminer/lib/python3.9/site-packages/urllib3/__init__.py:35: NotOpenSSLWarning: urllib3 v2 only supports OpenSSL 1.1.1+, currently the 'ssl' module is compiled with 'LibreSSL 2.8.3'. See: https://github.com/urllib3/urllib3/issues/3020
  warnings.warn(
/Users/zhaowenyuan/Projects/FlowFigTabMiner/flowfigtabminer/lib/python3.9/site-packages/urllib3/__init__.py:35: NotOpenSSLWarning: urllib3 v2 only supports OpenSSL 1.1.1+, currently the 'ssl' module is compiled with 'LibreSSL 2.8.3'. See: https://github.com/urllib3/urllib3/issues/3020
  warnings.warn(
/Users/zhaowenyuan/Projects/FlowFigTabMiner/flowfigtabminer/lib/python3.9/site-packages/urllib3/__init__.py:35: NotOpenSSLWarning: urllib3 v2 only supports OpenSSL 1.1.1+, currently the 'ssl' module is compiled with 'LibreSSL 2.8.3'. See: https://github.com/urllib3/urllib3/issues/3020
  warnings.warn(
/Users/zhaowenyuan/Projects/FlowFigTabMiner/flowfigtabminer/lib/python3.9/site-packages/urllib3/__init__.py:35: NotOpenSSLWarning: urllib3 v2 only supports OpenSSL 1.1.1+, currently the 'ssl' module is compiled with 'LibreSSL 2.8.3'. See: https://github.com/urllib3/urllib3/issues/3020
  warnings.warn(
/Users/zhaowenyuan/Projects/FlowFigTabMiner/flowfigtabminer/lib/python3.9/site-packages/urllib3/__init__.py:35: NotOpenSSLWarning: urllib3 v2 only supports OpenSSL 1.1.1+, currently the 'ssl' module is compiled with 'LibreSSL 2.8.3'. See: https://github.com/urllib3/urllib3/issues/3020
  warnings.warn(
/Users/zhaowenyuan/Projects/FlowFigTabMiner/flowfigtabminer/lib/python3.9/site-packages/urllib3/__init__.py:35: NotOpenSSLWarning: urllib3 v2 only supports OpenSSL 1.1.1+, currently the 'ssl' module is compiled with 'LibreSSL 2.8.3'. See: https://github.com/urllib3/urllib3/issues/3020
  warnings.warn(
/Users/zhaowenyuan/Projects/FlowFigTabMiner/flowfigtabminer/lib/python3.9/site-packages/urllib3/__init__.py:35: NotOpenSSLWarning: urllib3 v2 only supports OpenSSL 1.1.1+, currently the 'ssl' module is compiled with 'LibreSSL 2.8.3'. See: https://github.com/urllib3/urllib3/issues/3020
  warnings.warn(
/Users/zhaowenyuan/Projects/FlowFigTabMiner/flowfigtabminer/lib/python3.9/site-packages/urllib3/__init__.py:35: NotOpenSSLWarning: urllib3 v2 only supports OpenSSL 1.1.1+, currently the 'ssl' module is compiled with 'LibreSSL 2.8.3'. See: https://github.com/urllib3/urllib3/issues/3020
  warnings.warn(
/Users/zhaowenyuan/Projects/FlowFigTabMiner/flowfigtabminer/lib/python3.9/site-packages/urllib3/__init__.py:35: NotOpenSSLWarning: urllib3 v2 only supports OpenSSL 1.1.1+, currently the 'ssl' module is compiled with 'LibreSSL 2.8.3'. See: https://github.com/urllib3/urllib3/issues/3020
  warnings.warn(
/Users/zhaowenyuan/Projects/FlowFigTabMiner/flowfigtabminer/lib/python3.9/site-packages/urllib3/__init__.py:35: NotOpenSSLWarning: urllib3 v2 only supports OpenSSL 1.1.1+, currently the 'ssl' module is compiled with 'LibreSSL 2.8.3'. See: https://github.com/urllib3/urllib3/issues/3020
  warnings.warn(
[33mChecking connectivity to the model hosters, this may take a while. To bypass this check, set `DISABLE_MODEL_SOURCE_CHECK` to `True`.[0m
/Users/zhaowenyuan/Projects/FlowFigTabMiner/flowfigtabminer/lib/python3.9/site-packages/urllib3/__init__.py:35: NotOpenSSLWarning: urllib3 v2 only supports OpenSSL 1.1.1+, currently the 'ssl' module is compiled with 'LibreSSL 2.8.3'. See: https://github.com/urllib3/urllib3/issues/3020
  warnings.warn(
/Users/zhaowenyuan/Projects/FlowFigTabMiner/flowfigtabminer/lib/python3.9/site-packages/urllib3/__init__.py:35: NotOpenSSLWarning: urllib3 v2 only supports OpenSSL 1.1.1+, currently the 'ssl' module is compiled with 'LibreSSL 2.8.3'. See: https://github.com/urllib3/urllib3/issues/3020
  warnings.warn(
[33mChecking connectivity to the model hosters, this may take a while. To bypass this check, set `DISABLE_MODEL_SOURCE_CHECK` to `True`.[0m
[33mChecking connectivity to the model hosters, this may take a while. To bypass this check, set `DISABLE_MODEL_SOURCE_CHECK` to `True`.[0m
[33mChecking connectivity to the model hosters, this may take a while. To bypass this check, set `DISABLE_MODEL_SOURCE_CHECK` to `True`.[0m
[33mChecking connectivity to the model hosters, this may take a while. To bypass this check, set `DISABLE_MODEL_SOURCE_CHECK` to `True`.[0m
[33mChecking connectivity to the model hosters, this may take a while. To bypass this check, set `DISABLE_MODEL_SOURCE_CHECK` to `True`.[0m
[33mChecking connectivity to the model hosters, this may take a while. To bypass this check, set `DISABLE_MODEL_SOURCE_CHECK` to `True`.[0m
[33mChecking connectivity to the model hosters, this may take a while. To bypass this check, set `DISABLE_MODEL_SOURCE_CHECK` to `True`.[0m
[33mChecking connectivity to the model hosters, this may take a while. To bypass this check, set `DISABLE_MODEL_SOURCE_CHECK` to `True`.[0m
[33mChecking connectivity to the model hosters, this may take a while. To bypass this check, set `DISABLE_MODEL_SOURCE_CHECK` to `True`.[0m
[33mChecking connectivity to the model hosters, this may take a while. To bypass this check, set `DISABLE_MODEL_SOURCE_CHECK` to `True`.[0m
[33mChecking connectivity to the model hosters, this may take a while. To bypass this check, set `DISABLE_MODEL_SOURCE_CHECK` to `True`.[0m
[33mChecking connectivity to the model hosters, this may take a while. To bypass this check, set `DISABLE_MODEL_SOURCE_CHECK` to `True`.[0m
[33mChecking connectivity to the model hosters, this may take a while. To bypass this check, set `DISABLE_MODEL_SOURCE_CHECK` to `True`.[0m
[33mChecking connectivity to the model hosters, this may take a while. To bypass this check, set `DISABLE_MODEL_SOURCE_CHECK` to `True`.[0m
[33mChecking connectivity to the model hosters, this may take a while. To bypass this check, set `DISABLE_MODEL_SOURCE_CHECK` to `True`.[0m
/Users/zhaowenyuan/Projects/FlowFigTabMiner/flowfigtabminer/lib/python3.9/site-packages/onmt/modules/sparse_activations.py:48: FutureWarning: `torch.cuda.amp.custom_fwd(args...)` is deprecated. Please use `torch.amp.custom_fwd(args..., device_type='cuda')` instead.
  def forward(ctx, input, dim=0):
/Users/zhaowenyuan/Projects/FlowFigTabMiner/flowfigtabminer/lib/python3.9/site-packages/onmt/modules/sparse_activations.py:68: FutureWarning: `torch.cuda.amp.custom_bwd(args...)` is deprecated. Please use `torch.amp.custom_bwd(args..., device_type='cuda')` instead.
  def backward(ctx, grad_output):
/Users/zhaowenyuan/Projects/FlowFigTabMiner/flowfigtabminer/lib/python3.9/site-packages/onmt/modules/sparse_losses.py:13: FutureWarning: `torch.cuda.amp.custom_fwd(args...)` is deprecated. Please use `torch.amp.custom_fwd(args..., device_type='cuda')` instead.
  def forward(ctx, input, target):
/Users/zhaowenyuan/Projects/FlowFigTabMiner/flowfigtabminer/lib/python3.9/site-packages/onmt/modules/sparse_losses.py:37: FutureWarning: `torch.cuda.amp.custom_bwd(args...)` is deprecated. Please use `torch.amp.custom_bwd(args..., device_type='cuda')` instead.
  def backward(ctx, grad_output):
   -> Box 16: SMILES='CON(C)C(=O)c1ccc(C(=O)c2ccccc2)cc1' | Masked (White Box)
   -> [Debug] Box 17 sufficient size (311x210). Skipped Upscaling.
/Users/zhaowenyuan/Projects/FlowFigTabMiner/flowfigtabminer/lib/python3.9/site-packages/paddle/utils/cpp_extension/extension_utils.py:712: UserWarning: No ccache found. Please be aware that recompiling all source files may be required. You can download and install ccache from: https://github.com/ccache/ccache/blob/master/doc/INSTALL.md
  warnings.warn(warning_message)
/Users/zhaowenyuan/Projects/FlowFigTabMiner/flowfigtabminer/lib/python3.9/site-packages/paddle/utils/cpp_extension/extension_utils.py:712: UserWarning: No ccache found. Please be aware that recompiling all source files may be required. You can download and install ccache from: https://github.com/ccache/ccache/blob/master/doc/INSTALL.md
  warnings.warn(warning_message)
/Users/zhaowenyuan/Projects/FlowFigTabMiner/flowfigtabminer/lib/python3.9/site-packages/paddle/utils/cpp_extension/extension_utils.py:712: UserWarning: No ccache found. Please be aware that recompiling all source files may be required. You can download and install ccache from: https://github.com/ccache/ccache/blob/master/doc/INSTALL.md
  warnings.warn(warning_message)
/Users/zhaowenyuan/Projects/FlowFigTabMiner/flowfigtabminer/lib/python3.9/site-packages/paddle/utils/cpp_extension/extension_utils.py:712: UserWarning: No ccache found. Please be aware that recompiling all source files may be required. You can download and install ccache from: https://github.com/ccache/ccache/blob/master/doc/INSTALL.md
  warnings.warn(warning_message)
/Users/zhaowenyuan/Projects/FlowFigTabMiner/flowfigtabminer/lib/python3.9/site-packages/paddle/utils/cpp_extension/extension_utils.py:712: UserWarning: No ccache found. Please be aware that recompiling all source files may be required. You can download and install ccache from: https://github.com/ccache/ccache/blob/master/doc/INSTALL.md
  warnings.warn(warning_message)
/Users/zhaowenyuan/Projects/FlowFigTabMiner/flowfigtabminer/lib/python3.9/site-packages/paddle/utils/cpp_extension/extension_utils.py:712: UserWarning: No ccache found. Please be aware that recompiling all source files may be required. You can download and install ccache from: https://github.com/ccache/ccache/blob/master/doc/INSTALL.md
  warnings.warn(warning_message)
/Users/zhaowenyuan/Projects/FlowFigTabMiner/flowfigtabminer/lib/python3.9/site-packages/paddle/utils/cpp_extension/extension_utils.py:712: UserWarning: No ccache found. Please be aware that recompiling all source files may be required. You can download and install ccache from: https://github.com/ccache/ccache/blob/master/doc/INSTALL.md
  warnings.warn(warning_message)
/Users/zhaowenyuan/Projects/FlowFigTabMiner/flowfigtabminer/lib/python3.9/site-packages/paddle/utils/cpp_extension/extension_utils.py:712: UserWarning: No ccache found. Please be aware that recompiling all source files may be required. You can download and install ccache from: https://github.com/ccache/ccache/blob/master/doc/INSTALL.md
  warnings.warn(warning_message)
/Users/zhaowenyuan/Projects/FlowFigTabMiner/flowfigtabminer/lib/python3.9/site-packages/paddle/utils/cpp_extension/extension_utils.py:712: UserWarning: No ccache found. Please be aware that recompiling all source files may be required. You can download and install ccache from: https://github.com/ccache/ccache/blob/master/doc/INSTALL.md
  warnings.warn(warning_message)
/Users/zhaowenyuan/Projects/FlowFigTabMiner/flowfigtabminer/lib/python3.9/site-packages/paddle/utils/cpp_extension/extension_utils.py:712: UserWarning: No ccache found. Please be aware that recompiling all source files may be required. You can download and install ccache from: https://github.com/ccache/ccache/blob/master/doc/INSTALL.md
  warnings.warn(warning_message)
/Users/zhaowenyuan/Projects/FlowFigTabMiner/flowfigtabminer/lib/python3.9/site-packages/paddle/utils/cpp_extension/extension_utils.py:712: UserWarning: No ccache found. Please be aware that recompiling all source files may be required. You can download and install ccache from: https://github.com/ccache/ccache/blob/master/doc/INSTALL.md
  warnings.warn(warning_message)
/Users/zhaowenyuan/Projects/FlowFigTabMiner/flowfigtabminer/lib/python3.9/site-packages/paddle/utils/cpp_extension/extension_utils.py:712: UserWarning: No ccache found. Please be aware that recompiling all source files may be required. You can download and install ccache from: https://github.com/ccache/ccache/blob/master/doc/INSTALL.md
  warnings.warn(warning_message)
/Users/zhaowenyuan/Projects/FlowFigTabMiner/flowfigtabminer/lib/python3.9/site-packages/paddle/utils/cpp_extension/extension_utils.py:712: UserWarning: No ccache found. Please be aware that recompiling all source files may be required. You can download and install ccache from: https://github.com/ccache/ccache/blob/master/doc/INSTALL.md
  warnings.warn(warning_message)
/Users/zhaowenyuan/Projects/FlowFigTabMiner/flowfigtabminer/lib/python3.9/site-packages/paddle/utils/cpp_extension/extension_utils.py:712: UserWarning: No ccache found. Please be aware that recompiling all source files may be required. You can download and install ccache from: https://github.com/ccache/ccache/blob/master/doc/INSTALL.md
  warnings.warn(warning_message)
/Users/zhaowenyuan/Projects/FlowFigTabMiner/flowfigtabminer/lib/python3.9/site-packages/paddle/utils/cpp_extension/extension_utils.py:712: UserWarning: No ccache found. Please be aware that recompiling all source files may be required. You can download and install ccache from: https://github.com/ccache/ccache/blob/master/doc/INSTALL.md
  warnings.warn(warning_message)
/Users/zhaowenyuan/Projects/FlowFigTabMiner/flowfigtabminer/lib/python3.9/site-packages/paddle/utils/cpp_extension/extension_utils.py:712: UserWarning: No ccache found. Please be aware that recompiling all source files may be required. You can download and install ccache from: https://github.com/ccache/ccache/blob/master/doc/INSTALL.md
  warnings.warn(warning_message)
/Users/zhaowenyuan/Projects/FlowFigTabMiner/flowfigtabminer/lib/python3.9/site-packages/urllib3/__init__.py:35: NotOpenSSLWarning: urllib3 v2 only supports OpenSSL 1.1.1+, currently the 'ssl' module is compiled with 'LibreSSL 2.8.3'. See: https://github.com/urllib3/urllib3/issues/3020
  warnings.warn(
/Users/zhaowenyuan/Projects/FlowFigTabMiner/flowfigtabminer/lib/python3.9/site-packages/urllib3/__init__.py:35: NotOpenSSLWarning: urllib3 v2 only supports OpenSSL 1.1.1+, currently the 'ssl' module is compiled with 'LibreSSL 2.8.3'. See: https://github.com/urllib3/urllib3/issues/3020
  warnings.warn(
/Users/zhaowenyuan/Projects/FlowFigTabMiner/flowfigtabminer/lib/python3.9/site-packages/urllib3/__init__.py:35: NotOpenSSLWarning: urllib3 v2 only supports OpenSSL 1.1.1+, currently the 'ssl' module is compiled with 'LibreSSL 2.8.3'. See: https://github.com/urllib3/urllib3/issues/3020
  warnings.warn(
/Users/zhaowenyuan/Projects/FlowFigTabMiner/flowfigtabminer/lib/python3.9/site-packages/urllib3/__init__.py:35: NotOpenSSLWarning: urllib3 v2 only supports OpenSSL 1.1.1+, currently the 'ssl' module is compiled with 'LibreSSL 2.8.3'. See: https://github.com/urllib3/urllib3/issues/3020
  warnings.warn(
/Users/zhaowenyuan/Projects/FlowFigTabMiner/flowfigtabminer/lib/python3.9/site-packages/urllib3/__init__.py:35: NotOpenSSLWarning: urllib3 v2 only supports OpenSSL 1.1.1+, currently the 'ssl' module is compiled with 'LibreSSL 2.8.3'. See: https://github.com/urllib3/urllib3/issues/3020
  warnings.warn(
/Users/zhaowenyuan/Projects/FlowFigTabMiner/flowfigtabminer/lib/python3.9/site-packages/urllib3/__init__.py:35: NotOpenSSLWarning: urllib3 v2 only supports OpenSSL 1.1.1+, currently the 'ssl' module is compiled with 'LibreSSL 2.8.3'. See: https://github.com/urllib3/urllib3/issues/3020
  warnings.warn(
/Users/zhaowenyuan/Projects/FlowFigTabMiner/flowfigtabminer/lib/python3.9/site-packages/urllib3/__init__.py:35: NotOpenSSLWarning: urllib3 v2 only supports OpenSSL 1.1.1+, currently the 'ssl' module is compiled with 'LibreSSL 2.8.3'. See: https://github.com/urllib3/urllib3/issues/3020
  warnings.warn(
/Users/zhaowenyuan/Projects/FlowFigTabMiner/flowfigtabminer/lib/python3.9/site-packages/urllib3/__init__.py:35: NotOpenSSLWarning: urllib3 v2 only supports OpenSSL 1.1.1+, currently the 'ssl' module is compiled with 'LibreSSL 2.8.3'. See: https://github.com/urllib3/urllib3/issues/3020
  warnings.warn(
/Users/zhaowenyuan/Projects/FlowFigTabMiner/flowfigtabminer/lib/python3.9/site-packages/urllib3/__init__.py:35: NotOpenSSLWarning: urllib3 v2 only supports OpenSSL 1.1.1+, currently the 'ssl' module is compiled with 'LibreSSL 2.8.3'. See: https://github.com/urllib3/urllib3/issues/3020
  warnings.warn(
/Users/zhaowenyuan/Projects/FlowFigTabMiner/flowfigtabminer/lib/python3.9/site-packages/urllib3/__init__.py:35: NotOpenSSLWarning: urllib3 v2 only supports OpenSSL 1.1.1+, currently the 'ssl' module is compiled with 'LibreSSL 2.8.3'. See: https://github.com/urllib3/urllib3/issues/3020
  warnings.warn(
/Users/zhaowenyuan/Projects/FlowFigTabMiner/flowfigtabminer/lib/python3.9/site-packages/urllib3/__init__.py:35: NotOpenSSLWarning: urllib3 v2 only supports OpenSSL 1.1.1+, currently the 'ssl' module is compiled with 'LibreSSL 2.8.3'. See: https://github.com/urllib3/urllib3/issues/3020
  warnings.warn(
/Users/zhaowenyuan/Projects/FlowFigTabMiner/flowfigtabminer/lib/python3.9/site-packages/urllib3/__init__.py:35: NotOpenSSLWarning: urllib3 v2 only supports OpenSSL 1.1.1+, currently the 'ssl' module is compiled with 'LibreSSL 2.8.3'. See: https://github.com/urllib3/urllib3/issues/3020
  warnings.warn(
[33mChecking connectivity to the model hosters, this may take a while. To bypass this check, set `DISABLE_MODEL_SOURCE_CHECK` to `True`.[0m
/Users/zhaowenyuan/Projects/FlowFigTabMiner/flowfigtabminer/lib/python3.9/site-packages/urllib3/__init__.py:35: NotOpenSSLWarning: urllib3 v2 only supports OpenSSL 1.1.1+, currently the 'ssl' module is compiled with 'LibreSSL 2.8.3'. See: https://github.com/urllib3/urllib3/issues/3020
  warnings.warn(
/Users/zhaowenyuan/Projects/FlowFigTabMiner/flowfigtabminer/lib/python3.9/site-packages/urllib3/__init__.py:35: NotOpenSSLWarning: urllib3 v2 only supports OpenSSL 1.1.1+, currently the 'ssl' module is compiled with 'LibreSSL 2.8.3'. See: https://github.com/urllib3/urllib3/issues/3020
  warnings.warn(
/Users/zhaowenyuan/Projects/FlowFigTabMiner/flowfigtabminer/lib/python3.9/site-packages/urllib3/__init__.py:35: NotOpenSSLWarning: urllib3 v2 only supports OpenSSL 1.1.1+, currently the 'ssl' module is compiled with 'LibreSSL 2.8.3'. See: https://github.com/urllib3/urllib3/issues/3020
  warnings.warn(
/Users/zhaowenyuan/Projects/FlowFigTabMiner/flowfigtabminer/lib/python3.9/site-packages/urllib3/__init__.py:35: NotOpenSSLWarning: urllib3 v2 only supports OpenSSL 1.1.1+, currently the 'ssl' module is compiled with 'LibreSSL 2.8.3'. See: https://github.com/urllib3/urllib3/issues/3020
  warnings.warn(
[33mChecking connectivity to the model hosters, this may take a while. To bypass this check, set `DISABLE_MODEL_SOURCE_CHECK` to `True`.[0m
[33mChecking connectivity to the model hosters, this may take a while. To bypass this check, set `DISABLE_MODEL_SOURCE_CHECK` to `True`.[0m
[33mChecking connectivity to the model hosters, this may take a while. To bypass this check, set `DISABLE_MODEL_SOURCE_CHECK` to `True`.[0m
[33mChecking connectivity to the model hosters, this may take a while. To bypass this check, set `DISABLE_MODEL_SOURCE_CHECK` to `True`.[0m
[33mChecking connectivity to the model hosters, this may take a while. To bypass this check, set `DISABLE_MODEL_SOURCE_CHECK` to `True`.[0m
[33mChecking connectivity to the model hosters, this may take a while. To bypass this check, set `DISABLE_MODEL_SOURCE_CHECK` to `True`.[0m
[33mChecking connectivity to the model hosters, this may take a while. To bypass this check, set `DISABLE_MODEL_SOURCE_CHECK` to `True`.[0m
[33mChecking connectivity to the model hosters, this may take a while. To bypass this check, set `DISABLE_MODEL_SOURCE_CHECK` to `True`.[0m
[33mChecking connectivity to the model hosters, this may take a while. To bypass this check, set `DISABLE_MODEL_SOURCE_CHECK` to `True`.[0m
[33mChecking connectivity to the model hosters, this may take a while. To bypass this check, set `DISABLE_MODEL_SOURCE_CHECK` to `True`.[0m
[33mChecking connectivity to the model hosters, this may take a while. To bypass this check, set `DISABLE_MODEL_SOURCE_CHECK` to `True`.[0m
[33mChecking connectivity to the model hosters, this may take a while. To bypass this check, set `DISABLE_MODEL_SOURCE_CHECK` to `True`.[0m
[33mChecking connectivity to the model hosters, this may take a while. To bypass this check, set `DISABLE_MODEL_SOURCE_CHECK` to `True`.[0m
[33mChecking connectivity to the model hosters, this may take a while. To bypass this check, set `DISABLE_MODEL_SOURCE_CHECK` to `True`.[0m
[33mChecking connectivity to the model hosters, this may take a while. To bypass this check, set `DISABLE_MODEL_SOURCE_CHECK` to `True`.[0m
/Users/zhaowenyuan/Projects/FlowFigTabMiner/flowfigtabminer/lib/python3.9/site-packages/onmt/modules/sparse_activations.py:48: FutureWarning: `torch.cuda.amp.custom_fwd(args...)` is deprecated. Please use `torch.amp.custom_fwd(args..., device_type='cuda')` instead.
  def forward(ctx, input, dim=0):
/Users/zhaowenyuan/Projects/FlowFigTabMiner/flowfigtabminer/lib/python3.9/site-packages/onmt/modules/sparse_activations.py:68: FutureWarning: `torch.cuda.amp.custom_bwd(args...)` is deprecated. Please use `torch.amp.custom_bwd(args..., device_type='cuda')` instead.
  def backward(ctx, grad_output):
/Users/zhaowenyuan/Projects/FlowFigTabMiner/flowfigtabminer/lib/python3.9/site-packages/onmt/modules/sparse_losses.py:13: FutureWarning: `torch.cuda.amp.custom_fwd(args...)` is deprecated. Please use `torch.amp.custom_fwd(args..., device_type='cuda')` instead.
  def forward(ctx, input, target):
/Users/zhaowenyuan/Projects/FlowFigTabMiner/flowfigtabminer/lib/python3.9/site-packages/onmt/modules/sparse_losses.py:37: FutureWarning: `torch.cuda.amp.custom_bwd(args...)` is deprecated. Please use `torch.amp.custom_bwd(args..., device_type='cuda')` instead.
  def backward(ctx, grad_output):
   -> Box 17: SMILES='CON(C)C(=O)c1ccc(C(O)(CF)c2ccccc2)cc1' | Masked (White Box)
[2026-03-21 17:49:21,615] [    INFO] pipeline.py:195 -       -> Masked 18 molecules with white fills
Loading Table Structure model: microsoft/table-transformer-structure-recognition-v1.1-all on mps...
   TableStructure: Running inference on mps...
   TableStructure: Inference done.
[2026-03-21 17:49:23,661] [    INFO] pipeline.py:217 -    -> Detected 40 cells via TATR
[2026-03-21 17:49:23,673] [    INFO] pipeline.py:253 -    -> Mapping cells to molecule detections...
[2026-03-21 17:49:23,674] [    INFO] pipeline.py:299 -    -> 13 cells contain molecules, 27 cells need OCR
[2026-03-21 17:49:23,674] [    INFO] pipeline.py:302 -    -> Running OCR on text/number cells...
[2026-03-21 17:49:32,370] [    INFO] pipeline.py:349 -    -> Saved CSV to data/intermediate/example1/tables/page_4_table_2_extracted.csv
[2026-03-21 17:49:36,462] [    INFO] pipeline.py:411 -    -> Table marked not relevant by keyword filter (soft reject, CSV still written)
[2026-03-21 17:49:36,462] [    INFO] pipeline.py:439 -    -> Saved Evidence JSON to: data/intermediate/example1/tables/page_4_table_2/page_4_table_2_evidence.json
[2026-03-21 17:49:36,558] [    INFO] pipeline.py:125 - Processing Table: data/intermediate/example1/tables/page_4_table_0.png
Loading Table Segmentation YOLO model from models/yolo11m-tab-seg-0209-white/runs/detect/train/weights/best.pt...
Loading Table Segmentation YOLO model from models/yolo11m-tab-seg-0209-white/runs/detect/train/weights/best.pt...
   -> TableFilter Device: MPS
[2026-03-21 17:49:37,203] [    INFO] pipeline.py:151 -    -> Saving 3 component types to data/intermediate/example1/tables/page_4_table_0
[2026-03-21 17:49:37,210] [    INFO] pipeline.py:166 -    -> Using cropped table body: data/intermediate/example1/tables/page_4_table_0/page_4_table_0_body_main.png
Loading PaddleOCR...
[32mCreating model: ('PP-LCNet_x1_0_doc_ori', None)[0m
[32mModel files already exist. Using cached files. To redownload, please delete the directory manually: `/Users/zhaowenyuan/.paddlex/official_models/PP-LCNet_x1_0_doc_ori`.[0m
[32mCreating model: ('UVDoc', None)[0m
[32mModel files already exist. Using cached files. To redownload, please delete the directory manually: `/Users/zhaowenyuan/.paddlex/official_models/UVDoc`.[0m
[32mCreating model: ('PP-LCNet_x1_0_textline_ori', None)[0m
[32mModel files already exist. Using cached files. To redownload, please delete the directory manually: `/Users/zhaowenyuan/.paddlex/official_models/PP-LCNet_x1_0_textline_ori`.[0m
[32mCreating model: ('PP-OCRv5_server_det', None)[0m
[32mModel files already exist. Using cached files. To redownload, please delete the directory manually: `/Users/zhaowenyuan/.paddlex/official_models/PP-OCRv5_server_det`.[0m
[32mCreating model: ('en_PP-OCRv5_mobile_rec', None)[0m
[32mModel files already exist. Using cached files. To redownload, please delete the directory manually: `/Users/zhaowenyuan/.paddlex/official_models/en_PP-OCRv5_mobile_rec`.[0m
Loading MolNexTR...
MolNexTR Loaded Successfully.
[2026-03-21 17:49:37,435] [    INFO] pipeline.py:179 -    -> Detecting and masking molecules with YOLO...
Loading Molecule Detection Model from models/yolo11s-tab-molecule-0207/runs/detect/train/weights/best.pt...
Loading Molecule Detection Model from models/yolo11s-tab-molecule-0207/runs/detect/train/weights/best.pt...
   MoleculeProcessor: YOLO model loaded successfully from models/yolo11s-tab-molecule-0207/runs/detect/train/weights/best.pt (device: MPS)
   MoleculeProcessor: Starting YOLO inference on image 977x293...
   MoleculeProcessor: YOLO inference done. Found 0 boxes.
[2026-03-21 17:49:37,777] [    INFO] pipeline.py:200 -       -> No molecules detected in table
Loading Table Structure model: microsoft/table-transformer-structure-recognition-v1.1-all on mps...
   TableStructure: Running inference on mps...
   TableStructure: Inference done.
[2026-03-21 17:49:39,690] [    INFO] pipeline.py:217 -    -> Detected 35 cells via TATR
[2026-03-21 17:49:39,696] [    INFO] pipeline.py:253 -    -> Mapping cells to molecule detections...
[2026-03-21 17:49:39,696] [    INFO] pipeline.py:299 -    -> 0 cells contain molecules, 35 cells need OCR
[2026-03-21 17:49:39,696] [    INFO] pipeline.py:302 -    -> Running OCR on text/number cells...
[2026-03-21 17:49:50,343] [    INFO] pipeline.py:338 -    -> Header quality low, calling VLM for correction...
[2026-03-21 17:49:50,343] [    INFO] header_corrector.py:112 -    HeaderCorrector: estimated 3 header row(s) from TATR
[2026-03-21 17:49:58,703] [    INFO] header_corrector.py:150 -    HeaderCorrector: replaced 2 TATR header row(s) with VLM headers
[2026-03-21 17:49:58,706] [    INFO] pipeline.py:349 -    -> Saved CSV to data/intermediate/example1/tables/page_4_table_0_extracted.csv
[2026-03-21 17:50:01,310] [    INFO] pipeline.py:439 -    -> Saved Evidence JSON to: data/intermediate/example1/tables/page_4_table_0/page_4_table_0_evidence.json

=== Step 3.5: Tab-Scheme-Seg (Scheme Parsing) ===
[SchemeSegParser] Loaded model: models/tab-scheme-seg/best.pt (device: MPS)
Loading PaddleOCR...
[32mCreating model: ('PP-LCNet_x1_0_doc_ori', None)[0m
[32mModel files already exist. Using cached files. To redownload, please delete the directory manually: `/Users/zhaowenyuan/.paddlex/official_models/PP-LCNet_x1_0_doc_ori`.[0m
[32mCreating model: ('UVDoc', None)[0m
[32mModel files already exist. Using cached files. To redownload, please delete the directory manually: `/Users/zhaowenyuan/.paddlex/official_models/UVDoc`.[0m
[32mCreating model: ('PP-LCNet_x1_0_textline_ori', None)[0m
[32mModel files already exist. Using cached files. To redownload, please delete the directory manually: `/Users/zhaowenyuan/.paddlex/official_models/PP-LCNet_x1_0_textline_ori`.[0m
[32mCreating model: ('PP-OCRv5_server_det', None)[0m
[32mModel files already exist. Using cached files. To redownload, please delete the directory manually: `/Users/zhaowenyuan/.paddlex/official_models/PP-OCRv5_server_det`.[0m
[32mCreating model: ('en_PP-OCRv5_mobile_rec', None)[0m
[32mModel files already exist. Using cached files. To redownload, please delete the directory manually: `/Users/zhaowenyuan/.paddlex/official_models/en_PP-OCRv5_mobile_rec`.[0m
Loading MolNexTR...
MolNexTR Loaded Successfully.
   Processing scheme: page_4_table_0_table_scheme_0.png
   [SchemeSegParser] YOLO detected 11 boxes (min_conf=0.1)
      cls=1(molecule) conf=0.81 box=[351, 503, 627, 690]
      cls=1(molecule) conf=0.80 box=[699, 295, 1007, 477]
      cls=1(molecule) conf=0.77 box=[24, 291, 338, 483]
      cls=1(molecule) conf=0.75 box=[21, 505, 315, 691]
      cls=1(molecule) conf=0.69 box=[689, 500, 974, 692]
      cls=1(molecule) conf=0.60 box=[342, 291, 691, 478]
      cls=1(molecule) conf=0.58 box=[446, 81, 779, 255]
      cls=1(molecule) conf=0.37 box=[376, 5, 504, 90]
      cls=2(table-condition) conf=0.26 box=[282, 6, 351, 38]
      cls=3(table-mark) conf=0.14 box=[505, 446, 530, 475]
/Users/zhaowenyuan/Projects/FlowFigTabMiner/flowfigtabminer/lib/python3.9/site-packages/torch/_dynamo/eval_frame.py:929: UserWarning: torch.utils.checkpoint: the use_reentrant parameter should be passed explicitly. In version 2.5 we will raise an exception if use_reentrant is not passed. use_reentrant=False is recommended, but if you need to preserve the current default behavior, you can pass use_reentrant=True. Refer to docs for more details on the differences between the two variants.
  return fn(*args, **kwargs)
/Users/zhaowenyuan/Projects/FlowFigTabMiner/flowfigtabminer/lib/python3.9/site-packages/torch/utils/checkpoint.py:85: UserWarning: None of the inputs have requires_grad=True. Gradients will be None
  warnings.warn(
/Users/zhaowenyuan/Projects/FlowFigTabMiner/flowfigtabminer/lib/python3.9/site-packages/paddle/utils/cpp_extension/extension_utils.py:712: UserWarning: No ccache found. Please be aware that recompiling all source files may be required. You can download and install ccache from: https://github.com/ccache/ccache/blob/master/doc/INSTALL.md
  warnings.warn(warning_message)
/Users/zhaowenyuan/Projects/FlowFigTabMiner/flowfigtabminer/lib/python3.9/site-packages/paddle/utils/cpp_extension/extension_utils.py:712: UserWarning: No ccache found. Please be aware that recompiling all source files may be required. You can download and install ccache from: https://github.com/ccache/ccache/blob/master/doc/INSTALL.md
  warnings.warn(warning_message)
/Users/zhaowenyuan/Projects/FlowFigTabMiner/flowfigtabminer/lib/python3.9/site-packages/paddle/utils/cpp_extension/extension_utils.py:712: UserWarning: No ccache found. Please be aware that recompiling all source files may be required. You can download and install ccache from: https://github.com/ccache/ccache/blob/master/doc/INSTALL.md
  warnings.warn(warning_message)
/Users/zhaowenyuan/Projects/FlowFigTabMiner/flowfigtabminer/lib/python3.9/site-packages/paddle/utils/cpp_extension/extension_utils.py:712: UserWarning: No ccache found. Please be aware that recompiling all source files may be required. You can download and install ccache from: https://github.com/ccache/ccache/blob/master/doc/INSTALL.md
  warnings.warn(warning_message)
/Users/zhaowenyuan/Projects/FlowFigTabMiner/flowfigtabminer/lib/python3.9/site-packages/paddle/utils/cpp_extension/extension_utils.py:712: UserWarning: No ccache found. Please be aware that recompiling all source files may be required. You can download and install ccache from: https://github.com/ccache/ccache/blob/master/doc/INSTALL.md
  warnings.warn(warning_message)
/Users/zhaowenyuan/Projects/FlowFigTabMiner/flowfigtabminer/lib/python3.9/site-packages/paddle/utils/cpp_extension/extension_utils.py:712: UserWarning: No ccache found. Please be aware that recompiling all source files may be required. You can download and install ccache from: https://github.com/ccache/ccache/blob/master/doc/INSTALL.md
  warnings.warn(warning_message)
/Users/zhaowenyuan/Projects/FlowFigTabMiner/flowfigtabminer/lib/python3.9/site-packages/paddle/utils/cpp_extension/extension_utils.py:712: UserWarning: No ccache found. Please be aware that recompiling all source files may be required. You can download and install ccache from: https://github.com/ccache/ccache/blob/master/doc/INSTALL.md
  warnings.warn(warning_message)
/Users/zhaowenyuan/Projects/FlowFigTabMiner/flowfigtabminer/lib/python3.9/site-packages/paddle/utils/cpp_extension/extension_utils.py:712: UserWarning: No ccache found. Please be aware that recompiling all source files may be required. You can download and install ccache from: https://github.com/ccache/ccache/blob/master/doc/INSTALL.md
  warnings.warn(warning_message)
/Users/zhaowenyuan/Projects/FlowFigTabMiner/flowfigtabminer/lib/python3.9/site-packages/paddle/utils/cpp_extension/extension_utils.py:712: UserWarning: No ccache found. Please be aware that recompiling all source files may be required. You can download and install ccache from: https://github.com/ccache/ccache/blob/master/doc/INSTALL.md
  warnings.warn(warning_message)
/Users/zhaowenyuan/Projects/FlowFigTabMiner/flowfigtabminer/lib/python3.9/site-packages/paddle/utils/cpp_extension/extension_utils.py:712: UserWarning: No ccache found. Please be aware that recompiling all source files may be required. You can download and install ccache from: https://github.com/ccache/ccache/blob/master/doc/INSTALL.md
  warnings.warn(warning_message)
/Users/zhaowenyuan/Projects/FlowFigTabMiner/flowfigtabminer/lib/python3.9/site-packages/paddle/utils/cpp_extension/extension_utils.py:712: UserWarning: No ccache found. Please be aware that recompiling all source files may be required. You can download and install ccache from: https://github.com/ccache/ccache/blob/master/doc/INSTALL.md
  warnings.warn(warning_message)
/Users/zhaowenyuan/Projects/FlowFigTabMiner/flowfigtabminer/lib/python3.9/site-packages/paddle/utils/cpp_extension/extension_utils.py:712: UserWarning: No ccache found. Please be aware that recompiling all source files may be required. You can download and install ccache from: https://github.com/ccache/ccache/blob/master/doc/INSTALL.md
  warnings.warn(warning_message)
/Users/zhaowenyuan/Projects/FlowFigTabMiner/flowfigtabminer/lib/python3.9/site-packages/paddle/utils/cpp_extension/extension_utils.py:712: UserWarning: No ccache found. Please be aware that recompiling all source files may be required. You can download and install ccache from: https://github.com/ccache/ccache/blob/master/doc/INSTALL.md
  warnings.warn(warning_message)
/Users/zhaowenyuan/Projects/FlowFigTabMiner/flowfigtabminer/lib/python3.9/site-packages/paddle/utils/cpp_extension/extension_utils.py:712: UserWarning: No ccache found. Please be aware that recompiling all source files may be required. You can download and install ccache from: https://github.com/ccache/ccache/blob/master/doc/INSTALL.md
  warnings.warn(warning_message)
/Users/zhaowenyuan/Projects/FlowFigTabMiner/flowfigtabminer/lib/python3.9/site-packages/paddle/utils/cpp_extension/extension_utils.py:712: UserWarning: No ccache found. Please be aware that recompiling all source files may be required. You can download and install ccache from: https://github.com/ccache/ccache/blob/master/doc/INSTALL.md
  warnings.warn(warning_message)
/Users/zhaowenyuan/Projects/FlowFigTabMiner/flowfigtabminer/lib/python3.9/site-packages/paddle/utils/cpp_extension/extension_utils.py:712: UserWarning: No ccache found. Please be aware that recompiling all source files may be required. You can download and install ccache from: https://github.com/ccache/ccache/blob/master/doc/INSTALL.md
  warnings.warn(warning_message)
/Users/zhaowenyuan/Projects/FlowFigTabMiner/flowfigtabminer/lib/python3.9/site-packages/urllib3/__init__.py:35: NotOpenSSLWarning: urllib3 v2 only supports OpenSSL 1.1.1+, currently the 'ssl' module is compiled with 'LibreSSL 2.8.3'. See: https://github.com/urllib3/urllib3/issues/3020
  warnings.warn(
/Users/zhaowenyuan/Projects/FlowFigTabMiner/flowfigtabminer/lib/python3.9/site-packages/urllib3/__init__.py:35: NotOpenSSLWarning: urllib3 v2 only supports OpenSSL 1.1.1+, currently the 'ssl' module is compiled with 'LibreSSL 2.8.3'. See: https://github.com/urllib3/urllib3/issues/3020
  warnings.warn(
/Users/zhaowenyuan/Projects/FlowFigTabMiner/flowfigtabminer/lib/python3.9/site-packages/urllib3/__init__.py:35: NotOpenSSLWarning: urllib3 v2 only supports OpenSSL 1.1.1+, currently the 'ssl' module is compiled with 'LibreSSL 2.8.3'. See: https://github.com/urllib3/urllib3/issues/3020
  warnings.warn(
/Users/zhaowenyuan/Projects/FlowFigTabMiner/flowfigtabminer/lib/python3.9/site-packages/urllib3/__init__.py:35: NotOpenSSLWarning: urllib3 v2 only supports OpenSSL 1.1.1+, currently the 'ssl' module is compiled with 'LibreSSL 2.8.3'. See: https://github.com/urllib3/urllib3/issues/3020
  warnings.warn(
/Users/zhaowenyuan/Projects/FlowFigTabMiner/flowfigtabminer/lib/python3.9/site-packages/urllib3/__init__.py:35: NotOpenSSLWarning: urllib3 v2 only supports OpenSSL 1.1.1+, currently the 'ssl' module is compiled with 'LibreSSL 2.8.3'. See: https://github.com/urllib3/urllib3/issues/3020
  warnings.warn(
/Users/zhaowenyuan/Projects/FlowFigTabMiner/flowfigtabminer/lib/python3.9/site-packages/urllib3/__init__.py:35: NotOpenSSLWarning: urllib3 v2 only supports OpenSSL 1.1.1+, currently the 'ssl' module is compiled with 'LibreSSL 2.8.3'. See: https://github.com/urllib3/urllib3/issues/3020
  warnings.warn(
/Users/zhaowenyuan/Projects/FlowFigTabMiner/flowfigtabminer/lib/python3.9/site-packages/urllib3/__init__.py:35: NotOpenSSLWarning: urllib3 v2 only supports OpenSSL 1.1.1+, currently the 'ssl' module is compiled with 'LibreSSL 2.8.3'. See: https://github.com/urllib3/urllib3/issues/3020
  warnings.warn(
[33mChecking connectivity to the model hosters, this may take a while. To bypass this check, set `DISABLE_MODEL_SOURCE_CHECK` to `True`.[0m
/Users/zhaowenyuan/Projects/FlowFigTabMiner/flowfigtabminer/lib/python3.9/site-packages/urllib3/__init__.py:35: NotOpenSSLWarning: urllib3 v2 only supports OpenSSL 1.1.1+, currently the 'ssl' module is compiled with 'LibreSSL 2.8.3'. See: https://github.com/urllib3/urllib3/issues/3020
  warnings.warn(
/Users/zhaowenyuan/Projects/FlowFigTabMiner/flowfigtabminer/lib/python3.9/site-packages/urllib3/__init__.py:35: NotOpenSSLWarning: urllib3 v2 only supports OpenSSL 1.1.1+, currently the 'ssl' module is compiled with 'LibreSSL 2.8.3'. See: https://github.com/urllib3/urllib3/issues/3020
  warnings.warn(
/Users/zhaowenyuan/Projects/FlowFigTabMiner/flowfigtabminer/lib/python3.9/site-packages/urllib3/__init__.py:35: NotOpenSSLWarning: urllib3 v2 only supports OpenSSL 1.1.1+, currently the 'ssl' module is compiled with 'LibreSSL 2.8.3'. See: https://github.com/urllib3/urllib3/issues/3020
  warnings.warn(
/Users/zhaowenyuan/Projects/FlowFigTabMiner/flowfigtabminer/lib/python3.9/site-packages/urllib3/__init__.py:35: NotOpenSSLWarning: urllib3 v2 only supports OpenSSL 1.1.1+, currently the 'ssl' module is compiled with 'LibreSSL 2.8.3'. See: https://github.com/urllib3/urllib3/issues/3020
  warnings.warn(
/Users/zhaowenyuan/Projects/FlowFigTabMiner/flowfigtabminer/lib/python3.9/site-packages/urllib3/__init__.py:35: NotOpenSSLWarning: urllib3 v2 only supports OpenSSL 1.1.1+, currently the 'ssl' module is compiled with 'LibreSSL 2.8.3'. See: https://github.com/urllib3/urllib3/issues/3020
  warnings.warn(
/Users/zhaowenyuan/Projects/FlowFigTabMiner/flowfigtabminer/lib/python3.9/site-packages/urllib3/__init__.py:35: NotOpenSSLWarning: urllib3 v2 only supports OpenSSL 1.1.1+, currently the 'ssl' module is compiled with 'LibreSSL 2.8.3'. See: https://github.com/urllib3/urllib3/issues/3020
  warnings.warn(
/Users/zhaowenyuan/Projects/FlowFigTabMiner/flowfigtabminer/lib/python3.9/site-packages/urllib3/__init__.py:35: NotOpenSSLWarning: urllib3 v2 only supports OpenSSL 1.1.1+, currently the 'ssl' module is compiled with 'LibreSSL 2.8.3'. See: https://github.com/urllib3/urllib3/issues/3020
  warnings.warn(
/Users/zhaowenyuan/Projects/FlowFigTabMiner/flowfigtabminer/lib/python3.9/site-packages/urllib3/__init__.py:35: NotOpenSSLWarning: urllib3 v2 only supports OpenSSL 1.1.1+, currently the 'ssl' module is compiled with 'LibreSSL 2.8.3'. See: https://github.com/urllib3/urllib3/issues/3020
  warnings.warn(
/Users/zhaowenyuan/Projects/FlowFigTabMiner/flowfigtabminer/lib/python3.9/site-packages/urllib3/__init__.py:35: NotOpenSSLWarning: urllib3 v2 only supports OpenSSL 1.1.1+, currently the 'ssl' module is compiled with 'LibreSSL 2.8.3'. See: https://github.com/urllib3/urllib3/issues/3020
  warnings.warn(
[33mChecking connectivity to the model hosters, this may take a while. To bypass this check, set `DISABLE_MODEL_SOURCE_CHECK` to `True`.[0m
[33mChecking connectivity to the model hosters, this may take a while. To bypass this check, set `DISABLE_MODEL_SOURCE_CHECK` to `True`.[0m
[33mChecking connectivity to the model hosters, this may take a while. To bypass this check, set `DISABLE_MODEL_SOURCE_CHECK` to `True`.[0m
[33mChecking connectivity to the model hosters, this may take a while. To bypass this check, set `DISABLE_MODEL_SOURCE_CHECK` to `True`.[0m
[33mChecking connectivity to the model hosters, this may take a while. To bypass this check, set `DISABLE_MODEL_SOURCE_CHECK` to `True`.[0m
[33mChecking connectivity to the model hosters, this may take a while. To bypass this check, set `DISABLE_MODEL_SOURCE_CHECK` to `True`.[0m
[33mChecking connectivity to the model hosters, this may take a while. To bypass this check, set `DISABLE_MODEL_SOURCE_CHECK` to `True`.[0m
[33mChecking connectivity to the model hosters, this may take a while. To bypass this check, set `DISABLE_MODEL_SOURCE_CHECK` to `True`.[0m
[33mChecking connectivity to the model hosters, this may take a while. To bypass this check, set `DISABLE_MODEL_SOURCE_CHECK` to `True`.[0m
[33mChecking connectivity to the model hosters, this may take a while. To bypass this check, set `DISABLE_MODEL_SOURCE_CHECK` to `True`.[0m
[33mChecking connectivity to the model hosters, this may take a while. To bypass this check, set `DISABLE_MODEL_SOURCE_CHECK` to `True`.[0m
[33mChecking connectivity to the model hosters, this may take a while. To bypass this check, set `DISABLE_MODEL_SOURCE_CHECK` to `True`.[0m
[33mChecking connectivity to the model hosters, this may take a while. To bypass this check, set `DISABLE_MODEL_SOURCE_CHECK` to `True`.[0m
[33mChecking connectivity to the model hosters, this may take a while. To bypass this check, set `DISABLE_MODEL_SOURCE_CHECK` to `True`.[0m
[33mChecking connectivity to the model hosters, this may take a while. To bypass this check, set `DISABLE_MODEL_SOURCE_CHECK` to `True`.[0m
/Users/zhaowenyuan/Projects/FlowFigTabMiner/flowfigtabminer/lib/python3.9/site-packages/onmt/modules/sparse_activations.py:48: FutureWarning: `torch.cuda.amp.custom_fwd(args...)` is deprecated. Please use `torch.amp.custom_fwd(args..., device_type='cuda')` instead.
  def forward(ctx, input, dim=0):
/Users/zhaowenyuan/Projects/FlowFigTabMiner/flowfigtabminer/lib/python3.9/site-packages/onmt/modules/sparse_activations.py:68: FutureWarning: `torch.cuda.amp.custom_bwd(args...)` is deprecated. Please use `torch.amp.custom_bwd(args..., device_type='cuda')` instead.
  def backward(ctx, grad_output):
/Users/zhaowenyuan/Projects/FlowFigTabMiner/flowfigtabminer/lib/python3.9/site-packages/onmt/modules/sparse_losses.py:13: FutureWarning: `torch.cuda.amp.custom_fwd(args...)` is deprecated. Please use `torch.amp.custom_fwd(args..., device_type='cuda')` instead.
  def forward(ctx, input, target):
/Users/zhaowenyuan/Projects/FlowFigTabMiner/flowfigtabminer/lib/python3.9/site-packages/onmt/modules/sparse_losses.py:37: FutureWarning: `torch.cuda.amp.custom_bwd(args...)` is deprecated. Please use `torch.amp.custom_bwd(args..., device_type='cuda')` instead.
  def backward(ctx, grad_output):
/Users/zhaowenyuan/Projects/FlowFigTabMiner/flowfigtabminer/lib/python3.9/site-packages/paddle/utils/cpp_extension/extension_utils.py:712: UserWarning: No ccache found. Please be aware that recompiling all source files may be required. You can download and install ccache from: https://github.com/ccache/ccache/blob/master/doc/INSTALL.md
  warnings.warn(warning_message)
/Users/zhaowenyuan/Projects/FlowFigTabMiner/flowfigtabminer/lib/python3.9/site-packages/paddle/utils/cpp_extension/extension_utils.py:712: UserWarning: No ccache found. Please be aware that recompiling all source files may be required. You can download and install ccache from: https://github.com/ccache/ccache/blob/master/doc/INSTALL.md
  warnings.warn(warning_message)
/Users/zhaowenyuan/Projects/FlowFigTabMiner/flowfigtabminer/lib/python3.9/site-packages/paddle/utils/cpp_extension/extension_utils.py:712: UserWarning: No ccache found. Please be aware that recompiling all source files may be required. You can download and install ccache from: https://github.com/ccache/ccache/blob/master/doc/INSTALL.md
  warnings.warn(warning_message)
/Users/zhaowenyuan/Projects/FlowFigTabMiner/flowfigtabminer/lib/python3.9/site-packages/paddle/utils/cpp_extension/extension_utils.py:712: UserWarning: No ccache found. Please be aware that recompiling all source files may be required. You can download and install ccache from: https://github.com/ccache/ccache/blob/master/doc/INSTALL.md
  warnings.warn(warning_message)
/Users/zhaowenyuan/Projects/FlowFigTabMiner/flowfigtabminer/lib/python3.9/site-packages/paddle/utils/cpp_extension/extension_utils.py:712: UserWarning: No ccache found. Please be aware that recompiling all source files may be required. You can download and install ccache from: https://github.com/ccache/ccache/blob/master/doc/INSTALL.md
  warnings.warn(warning_message)
/Users/zhaowenyuan/Projects/FlowFigTabMiner/flowfigtabminer/lib/python3.9/site-packages/paddle/utils/cpp_extension/extension_utils.py:712: UserWarning: No ccache found. Please be aware that recompiling all source files may be required. You can download and install ccache from: https://github.com/ccache/ccache/blob/master/doc/INSTALL.md
  warnings.warn(warning_message)
/Users/zhaowenyuan/Projects/FlowFigTabMiner/flowfigtabminer/lib/python3.9/site-packages/paddle/utils/cpp_extension/extension_utils.py:712: UserWarning: No ccache found. Please be aware that recompiling all source files may be required. You can download and install ccache from: https://github.com/ccache/ccache/blob/master/doc/INSTALL.md
  warnings.warn(warning_message)
/Users/zhaowenyuan/Projects/FlowFigTabMiner/flowfigtabminer/lib/python3.9/site-packages/paddle/utils/cpp_extension/extension_utils.py:712: UserWarning: No ccache found. Please be aware that recompiling all source files may be required. You can download and install ccache from: https://github.com/ccache/ccache/blob/master/doc/INSTALL.md
  warnings.warn(warning_message)
/Users/zhaowenyuan/Projects/FlowFigTabMiner/flowfigtabminer/lib/python3.9/site-packages/paddle/utils/cpp_extension/extension_utils.py:712: UserWarning: No ccache found. Please be aware that recompiling all source files may be required. You can download and install ccache from: https://github.com/ccache/ccache/blob/master/doc/INSTALL.md
  warnings.warn(warning_message)
/Users/zhaowenyuan/Projects/FlowFigTabMiner/flowfigtabminer/lib/python3.9/site-packages/paddle/utils/cpp_extension/extension_utils.py:712: UserWarning: No ccache found. Please be aware that recompiling all source files may be required. You can download and install ccache from: https://github.com/ccache/ccache/blob/master/doc/INSTALL.md
  warnings.warn(warning_message)
/Users/zhaowenyuan/Projects/FlowFigTabMiner/flowfigtabminer/lib/python3.9/site-packages/paddle/utils/cpp_extension/extension_utils.py:712: UserWarning: No ccache found. Please be aware that recompiling all source files may be required. You can download and install ccache from: https://github.com/ccache/ccache/blob/master/doc/INSTALL.md
  warnings.warn(warning_message)
/Users/zhaowenyuan/Projects/FlowFigTabMiner/flowfigtabminer/lib/python3.9/site-packages/paddle/utils/cpp_extension/extension_utils.py:712: UserWarning: No ccache found. Please be aware that recompiling all source files may be required. You can download and install ccache from: https://github.com/ccache/ccache/blob/master/doc/INSTALL.md
  warnings.warn(warning_message)
/Users/zhaowenyuan/Projects/FlowFigTabMiner/flowfigtabminer/lib/python3.9/site-packages/paddle/utils/cpp_extension/extension_utils.py:712: UserWarning: No ccache found. Please be aware that recompiling all source files may be required. You can download and install ccache from: https://github.com/ccache/ccache/blob/master/doc/INSTALL.md
  warnings.warn(warning_message)
/Users/zhaowenyuan/Projects/FlowFigTabMiner/flowfigtabminer/lib/python3.9/site-packages/paddle/utils/cpp_extension/extension_utils.py:712: UserWarning: No ccache found. Please be aware that recompiling all source files may be required. You can download and install ccache from: https://github.com/ccache/ccache/blob/master/doc/INSTALL.md
  warnings.warn(warning_message)
/Users/zhaowenyuan/Projects/FlowFigTabMiner/flowfigtabminer/lib/python3.9/site-packages/paddle/utils/cpp_extension/extension_utils.py:712: UserWarning: No ccache found. Please be aware that recompiling all source files may be required. You can download and install ccache from: https://github.com/ccache/ccache/blob/master/doc/INSTALL.md
  warnings.warn(warning_message)
/Users/zhaowenyuan/Projects/FlowFigTabMiner/flowfigtabminer/lib/python3.9/site-packages/paddle/utils/cpp_extension/extension_utils.py:712: UserWarning: No ccache found. Please be aware that recompiling all source files may be required. You can download and install ccache from: https://github.com/ccache/ccache/blob/master/doc/INSTALL.md
  warnings.warn(warning_message)
/Users/zhaowenyuan/Projects/FlowFigTabMiner/flowfigtabminer/lib/python3.9/site-packages/urllib3/__init__.py:35: NotOpenSSLWarning: urllib3 v2 only supports OpenSSL 1.1.1+, currently the 'ssl' module is compiled with 'LibreSSL 2.8.3'. See: https://github.com/urllib3/urllib3/issues/3020
  warnings.warn(
/Users/zhaowenyuan/Projects/FlowFigTabMiner/flowfigtabminer/lib/python3.9/site-packages/urllib3/__init__.py:35: NotOpenSSLWarning: urllib3 v2 only supports OpenSSL 1.1.1+, currently the 'ssl' module is compiled with 'LibreSSL 2.8.3'. See: https://github.com/urllib3/urllib3/issues/3020
  warnings.warn(
/Users/zhaowenyuan/Projects/FlowFigTabMiner/flowfigtabminer/lib/python3.9/site-packages/urllib3/__init__.py:35: NotOpenSSLWarning: urllib3 v2 only supports OpenSSL 1.1.1+, currently the 'ssl' module is compiled with 'LibreSSL 2.8.3'. See: https://github.com/urllib3/urllib3/issues/3020
  warnings.warn(
/Users/zhaowenyuan/Projects/FlowFigTabMiner/flowfigtabminer/lib/python3.9/site-packages/urllib3/__init__.py:35: NotOpenSSLWarning: urllib3 v2 only supports OpenSSL 1.1.1+, currently the 'ssl' module is compiled with 'LibreSSL 2.8.3'. See: https://github.com/urllib3/urllib3/issues/3020
  warnings.warn(
/Users/zhaowenyuan/Projects/FlowFigTabMiner/flowfigtabminer/lib/python3.9/site-packages/urllib3/__init__.py:35: NotOpenSSLWarning: urllib3 v2 only supports OpenSSL 1.1.1+, currently the 'ssl' module is compiled with 'LibreSSL 2.8.3'. See: https://github.com/urllib3/urllib3/issues/3020
  warnings.warn(
/Users/zhaowenyuan/Projects/FlowFigTabMiner/flowfigtabminer/lib/python3.9/site-packages/urllib3/__init__.py:35: NotOpenSSLWarning: urllib3 v2 only supports OpenSSL 1.1.1+, currently the 'ssl' module is compiled with 'LibreSSL 2.8.3'. See: https://github.com/urllib3/urllib3/issues/3020
  warnings.warn(
/Users/zhaowenyuan/Projects/FlowFigTabMiner/flowfigtabminer/lib/python3.9/site-packages/urllib3/__init__.py:35: NotOpenSSLWarning: urllib3 v2 only supports OpenSSL 1.1.1+, currently the 'ssl' module is compiled with 'LibreSSL 2.8.3'. See: https://github.com/urllib3/urllib3/issues/3020
  warnings.warn(
/Users/zhaowenyuan/Projects/FlowFigTabMiner/flowfigtabminer/lib/python3.9/site-packages/urllib3/__init__.py:35: NotOpenSSLWarning: urllib3 v2 only supports OpenSSL 1.1.1+, currently the 'ssl' module is compiled with 'LibreSSL 2.8.3'. See: https://github.com/urllib3/urllib3/issues/3020
  warnings.warn(
/Users/zhaowenyuan/Projects/FlowFigTabMiner/flowfigtabminer/lib/python3.9/site-packages/urllib3/__init__.py:35: NotOpenSSLWarning: urllib3 v2 only supports OpenSSL 1.1.1+, currently the 'ssl' module is compiled with 'LibreSSL 2.8.3'. See: https://github.com/urllib3/urllib3/issues/3020
  warnings.warn(
/Users/zhaowenyuan/Projects/FlowFigTabMiner/flowfigtabminer/lib/python3.9/site-packages/urllib3/__init__.py:35: NotOpenSSLWarning: urllib3 v2 only supports OpenSSL 1.1.1+, currently the 'ssl' module is compiled with 'LibreSSL 2.8.3'. See: https://github.com/urllib3/urllib3/issues/3020
  warnings.warn(
/Users/zhaowenyuan/Projects/FlowFigTabMiner/flowfigtabminer/lib/python3.9/site-packages/urllib3/__init__.py:35: NotOpenSSLWarning: urllib3 v2 only supports OpenSSL 1.1.1+, currently the 'ssl' module is compiled with 'LibreSSL 2.8.3'. See: https://github.com/urllib3/urllib3/issues/3020
  warnings.warn(
/Users/zhaowenyuan/Projects/FlowFigTabMiner/flowfigtabminer/lib/python3.9/site-packages/urllib3/__init__.py:35: NotOpenSSLWarning: urllib3 v2 only supports OpenSSL 1.1.1+, currently the 'ssl' module is compiled with 'LibreSSL 2.8.3'. See: https://github.com/urllib3/urllib3/issues/3020
  warnings.warn(
/Users/zhaowenyuan/Projects/FlowFigTabMiner/flowfigtabminer/lib/python3.9/site-packages/urllib3/__init__.py:35: NotOpenSSLWarning: urllib3 v2 only supports OpenSSL 1.1.1+, currently the 'ssl' module is compiled with 'LibreSSL 2.8.3'. See: https://github.com/urllib3/urllib3/issues/3020
  warnings.warn(
/Users/zhaowenyuan/Projects/FlowFigTabMiner/flowfigtabminer/lib/python3.9/site-packages/urllib3/__init__.py:35: NotOpenSSLWarning: urllib3 v2 only supports OpenSSL 1.1.1+, currently the 'ssl' module is compiled with 'LibreSSL 2.8.3'. See: https://github.com/urllib3/urllib3/issues/3020
  warnings.warn(
/Users/zhaowenyuan/Projects/FlowFigTabMiner/flowfigtabminer/lib/python3.9/site-packages/urllib3/__init__.py:35: NotOpenSSLWarning: urllib3 v2 only supports OpenSSL 1.1.1+, currently the 'ssl' module is compiled with 'LibreSSL 2.8.3'. See: https://github.com/urllib3/urllib3/issues/3020
  warnings.warn(
/Users/zhaowenyuan/Projects/FlowFigTabMiner/flowfigtabminer/lib/python3.9/site-packages/urllib3/__init__.py:35: NotOpenSSLWarning: urllib3 v2 only supports OpenSSL 1.1.1+, currently the 'ssl' module is compiled with 'LibreSSL 2.8.3'. See: https://github.com/urllib3/urllib3/issues/3020
  warnings.warn(
[33mChecking connectivity to the model hosters, this may take a while. To bypass this check, set `DISABLE_MODEL_SOURCE_CHECK` to `True`.[0m
[33mChecking connectivity to the model hosters, this may take a while. To bypass this check, set `DISABLE_MODEL_SOURCE_CHECK` to `True`.[0m
[33mChecking connectivity to the model hosters, this may take a while. To bypass this check, set `DISABLE_MODEL_SOURCE_CHECK` to `True`.[0m
[33mChecking connectivity to the model hosters, this may take a while. To bypass this check, set `DISABLE_MODEL_SOURCE_CHECK` to `True`.[0m
[33mChecking connectivity to the model hosters, this may take a while. To bypass this check, set `DISABLE_MODEL_SOURCE_CHECK` to `True`.[0m
[33mChecking connectivity to the model hosters, this may take a while. To bypass this check, set `DISABLE_MODEL_SOURCE_CHECK` to `True`.[0m
[33mChecking connectivity to the model hosters, this may take a while. To bypass this check, set `DISABLE_MODEL_SOURCE_CHECK` to `True`.[0m
[33mChecking connectivity to the model hosters, this may take a while. To bypass this check, set `DISABLE_MODEL_SOURCE_CHECK` to `True`.[0m
[33mChecking connectivity to the model hosters, this may take a while. To bypass this check, set `DISABLE_MODEL_SOURCE_CHECK` to `True`.[0m
[33mChecking connectivity to the model hosters, this may take a while. To bypass this check, set `DISABLE_MODEL_SOURCE_CHECK` to `True`.[0m
[33mChecking connectivity to the model hosters, this may take a while. To bypass this check, set `DISABLE_MODEL_SOURCE_CHECK` to `True`.[0m
[33mChecking connectivity to the model hosters, this may take a while. To bypass this check, set `DISABLE_MODEL_SOURCE_CHECK` to `True`.[0m
[33mChecking connectivity to the model hosters, this may take a while. To bypass this check, set `DISABLE_MODEL_SOURCE_CHECK` to `True`.[0m
[33mChecking connectivity to the model hosters, this may take a while. To bypass this check, set `DISABLE_MODEL_SOURCE_CHECK` to `True`.[0m
[33mChecking connectivity to the model hosters, this may take a while. To bypass this check, set `DISABLE_MODEL_SOURCE_CHECK` to `True`.[0m
[33mChecking connectivity to the model hosters, this may take a while. To bypass this check, set `DISABLE_MODEL_SOURCE_CHECK` to `True`.[0m
/Users/zhaowenyuan/Projects/FlowFigTabMiner/flowfigtabminer/lib/python3.9/site-packages/onmt/modules/sparse_activations.py:48: FutureWarning: `torch.cuda.amp.custom_fwd(args...)` is deprecated. Please use `torch.amp.custom_fwd(args..., device_type='cuda')` instead.
  def forward(ctx, input, dim=0):
/Users/zhaowenyuan/Projects/FlowFigTabMiner/flowfigtabminer/lib/python3.9/site-packages/onmt/modules/sparse_activations.py:68: FutureWarning: `torch.cuda.amp.custom_bwd(args...)` is deprecated. Please use `torch.amp.custom_bwd(args..., device_type='cuda')` instead.
  def backward(ctx, grad_output):
/Users/zhaowenyuan/Projects/FlowFigTabMiner/flowfigtabminer/lib/python3.9/site-packages/onmt/modules/sparse_losses.py:13: FutureWarning: `torch.cuda.amp.custom_fwd(args...)` is deprecated. Please use `torch.amp.custom_fwd(args..., device_type='cuda')` instead.
  def forward(ctx, input, target):
/Users/zhaowenyuan/Projects/FlowFigTabMiner/flowfigtabminer/lib/python3.9/site-packages/onmt/modules/sparse_losses.py:37: FutureWarning: `torch.cuda.amp.custom_bwd(args...)` is deprecated. Please use `torch.amp.custom_bwd(args..., device_type='cuda')` instead.
  def backward(ctx, grad_output):
/Users/zhaowenyuan/Projects/FlowFigTabMiner/flowfigtabminer/lib/python3.9/site-packages/paddle/utils/cpp_extension/extension_utils.py:712: UserWarning: No ccache found. Please be aware that recompiling all source files may be required. You can download and install ccache from: https://github.com/ccache/ccache/blob/master/doc/INSTALL.md
  warnings.warn(warning_message)
/Users/zhaowenyuan/Projects/FlowFigTabMiner/flowfigtabminer/lib/python3.9/site-packages/paddle/utils/cpp_extension/extension_utils.py:712: UserWarning: No ccache found. Please be aware that recompiling all source files may be required. You can download and install ccache from: https://github.com/ccache/ccache/blob/master/doc/INSTALL.md
  warnings.warn(warning_message)
/Users/zhaowenyuan/Projects/FlowFigTabMiner/flowfigtabminer/lib/python3.9/site-packages/paddle/utils/cpp_extension/extension_utils.py:712: UserWarning: No ccache found. Please be aware that recompiling all source files may be required. You can download and install ccache from: https://github.com/ccache/ccache/blob/master/doc/INSTALL.md
  warnings.warn(warning_message)
/Users/zhaowenyuan/Projects/FlowFigTabMiner/flowfigtabminer/lib/python3.9/site-packages/paddle/utils/cpp_extension/extension_utils.py:712: UserWarning: No ccache found. Please be aware that recompiling all source files may be required. You can download and install ccache from: https://github.com/ccache/ccache/blob/master/doc/INSTALL.md
  warnings.warn(warning_message)
/Users/zhaowenyuan/Projects/FlowFigTabMiner/flowfigtabminer/lib/python3.9/site-packages/paddle/utils/cpp_extension/extension_utils.py:712: UserWarning: No ccache found. Please be aware that recompiling all source files may be required. You can download and install ccache from: https://github.com/ccache/ccache/blob/master/doc/INSTALL.md
  warnings.warn(warning_message)
/Users/zhaowenyuan/Projects/FlowFigTabMiner/flowfigtabminer/lib/python3.9/site-packages/paddle/utils/cpp_extension/extension_utils.py:712: UserWarning: No ccache found. Please be aware that recompiling all source files may be required. You can download and install ccache from: https://github.com/ccache/ccache/blob/master/doc/INSTALL.md
  warnings.warn(warning_message)
/Users/zhaowenyuan/Projects/FlowFigTabMiner/flowfigtabminer/lib/python3.9/site-packages/paddle/utils/cpp_extension/extension_utils.py:712: UserWarning: No ccache found. Please be aware that recompiling all source files may be required. You can download and install ccache from: https://github.com/ccache/ccache/blob/master/doc/INSTALL.md
  warnings.warn(warning_message)
/Users/zhaowenyuan/Projects/FlowFigTabMiner/flowfigtabminer/lib/python3.9/site-packages/paddle/utils/cpp_extension/extension_utils.py:712: UserWarning: No ccache found. Please be aware that recompiling all source files may be required. You can download and install ccache from: https://github.com/ccache/ccache/blob/master/doc/INSTALL.md
  warnings.warn(warning_message)
/Users/zhaowenyuan/Projects/FlowFigTabMiner/flowfigtabminer/lib/python3.9/site-packages/paddle/utils/cpp_extension/extension_utils.py:712: UserWarning: No ccache found. Please be aware that recompiling all source files may be required. You can download and install ccache from: https://github.com/ccache/ccache/blob/master/doc/INSTALL.md
  warnings.warn(warning_message)
/Users/zhaowenyuan/Projects/FlowFigTabMiner/flowfigtabminer/lib/python3.9/site-packages/paddle/utils/cpp_extension/extension_utils.py:712: UserWarning: No ccache found. Please be aware that recompiling all source files may be required. You can download and install ccache from: https://github.com/ccache/ccache/blob/master/doc/INSTALL.md
  warnings.warn(warning_message)
/Users/zhaowenyuan/Projects/FlowFigTabMiner/flowfigtabminer/lib/python3.9/site-packages/paddle/utils/cpp_extension/extension_utils.py:712: UserWarning: No ccache found. Please be aware that recompiling all source files may be required. You can download and install ccache from: https://github.com/ccache/ccache/blob/master/doc/INSTALL.md
  warnings.warn(warning_message)
/Users/zhaowenyuan/Projects/FlowFigTabMiner/flowfigtabminer/lib/python3.9/site-packages/paddle/utils/cpp_extension/extension_utils.py:712: UserWarning: No ccache found. Please be aware that recompiling all source files may be required. You can download and install ccache from: https://github.com/ccache/ccache/blob/master/doc/INSTALL.md
  warnings.warn(warning_message)
/Users/zhaowenyuan/Projects/FlowFigTabMiner/flowfigtabminer/lib/python3.9/site-packages/paddle/utils/cpp_extension/extension_utils.py:712: UserWarning: No ccache found. Please be aware that recompiling all source files may be required. You can download and install ccache from: https://github.com/ccache/ccache/blob/master/doc/INSTALL.md
  warnings.warn(warning_message)
/Users/zhaowenyuan/Projects/FlowFigTabMiner/flowfigtabminer/lib/python3.9/site-packages/paddle/utils/cpp_extension/extension_utils.py:712: UserWarning: No ccache found. Please be aware that recompiling all source files may be required. You can download and install ccache from: https://github.com/ccache/ccache/blob/master/doc/INSTALL.md
  warnings.warn(warning_message)
/Users/zhaowenyuan/Projects/FlowFigTabMiner/flowfigtabminer/lib/python3.9/site-packages/paddle/utils/cpp_extension/extension_utils.py:712: UserWarning: No ccache found. Please be aware that recompiling all source files may be required. You can download and install ccache from: https://github.com/ccache/ccache/blob/master/doc/INSTALL.md
  warnings.warn(warning_message)
/Users/zhaowenyuan/Projects/FlowFigTabMiner/flowfigtabminer/lib/python3.9/site-packages/paddle/utils/cpp_extension/extension_utils.py:712: UserWarning: No ccache found. Please be aware that recompiling all source files may be required. You can download and install ccache from: https://github.com/ccache/ccache/blob/master/doc/INSTALL.md
  warnings.warn(warning_message)
/Users/zhaowenyuan/Projects/FlowFigTabMiner/flowfigtabminer/lib/python3.9/site-packages/urllib3/__init__.py:35: NotOpenSSLWarning: urllib3 v2 only supports OpenSSL 1.1.1+, currently the 'ssl' module is compiled with 'LibreSSL 2.8.3'. See: https://github.com/urllib3/urllib3/issues/3020
  warnings.warn(
/Users/zhaowenyuan/Projects/FlowFigTabMiner/flowfigtabminer/lib/python3.9/site-packages/urllib3/__init__.py:35: NotOpenSSLWarning: urllib3 v2 only supports OpenSSL 1.1.1+, currently the 'ssl' module is compiled with 'LibreSSL 2.8.3'. See: https://github.com/urllib3/urllib3/issues/3020
  warnings.warn(
/Users/zhaowenyuan/Projects/FlowFigTabMiner/flowfigtabminer/lib/python3.9/site-packages/urllib3/__init__.py:35: NotOpenSSLWarning: urllib3 v2 only supports OpenSSL 1.1.1+, currently the 'ssl' module is compiled with 'LibreSSL 2.8.3'. See: https://github.com/urllib3/urllib3/issues/3020
  warnings.warn(
/Users/zhaowenyuan/Projects/FlowFigTabMiner/flowfigtabminer/lib/python3.9/site-packages/urllib3/__init__.py:35: NotOpenSSLWarning: urllib3 v2 only supports OpenSSL 1.1.1+, currently the 'ssl' module is compiled with 'LibreSSL 2.8.3'. See: https://github.com/urllib3/urllib3/issues/3020
  warnings.warn(
/Users/zhaowenyuan/Projects/FlowFigTabMiner/flowfigtabminer/lib/python3.9/site-packages/urllib3/__init__.py:35: NotOpenSSLWarning: urllib3 v2 only supports OpenSSL 1.1.1+, currently the 'ssl' module is compiled with 'LibreSSL 2.8.3'. See: https://github.com/urllib3/urllib3/issues/3020
  warnings.warn(
/Users/zhaowenyuan/Projects/FlowFigTabMiner/flowfigtabminer/lib/python3.9/site-packages/urllib3/__init__.py:35: NotOpenSSLWarning: urllib3 v2 only supports OpenSSL 1.1.1+, currently the 'ssl' module is compiled with 'LibreSSL 2.8.3'. See: https://github.com/urllib3/urllib3/issues/3020
  warnings.warn(
/Users/zhaowenyuan/Projects/FlowFigTabMiner/flowfigtabminer/lib/python3.9/site-packages/urllib3/__init__.py:35: NotOpenSSLWarning: urllib3 v2 only supports OpenSSL 1.1.1+, currently the 'ssl' module is compiled with 'LibreSSL 2.8.3'. See: https://github.com/urllib3/urllib3/issues/3020
  warnings.warn(
/Users/zhaowenyuan/Projects/FlowFigTabMiner/flowfigtabminer/lib/python3.9/site-packages/urllib3/__init__.py:35: NotOpenSSLWarning: urllib3 v2 only supports OpenSSL 1.1.1+, currently the 'ssl' module is compiled with 'LibreSSL 2.8.3'. See: https://github.com/urllib3/urllib3/issues/3020
  warnings.warn(
/Users/zhaowenyuan/Projects/FlowFigTabMiner/flowfigtabminer/lib/python3.9/site-packages/urllib3/__init__.py:35: NotOpenSSLWarning: urllib3 v2 only supports OpenSSL 1.1.1+, currently the 'ssl' module is compiled with 'LibreSSL 2.8.3'. See: https://github.com/urllib3/urllib3/issues/3020
  warnings.warn(
/Users/zhaowenyuan/Projects/FlowFigTabMiner/flowfigtabminer/lib/python3.9/site-packages/urllib3/__init__.py:35: NotOpenSSLWarning: urllib3 v2 only supports OpenSSL 1.1.1+, currently the 'ssl' module is compiled with 'LibreSSL 2.8.3'. See: https://github.com/urllib3/urllib3/issues/3020
  warnings.warn(
/Users/zhaowenyuan/Projects/FlowFigTabMiner/flowfigtabminer/lib/python3.9/site-packages/urllib3/__init__.py:35: NotOpenSSLWarning: urllib3 v2 only supports OpenSSL 1.1.1+, currently the 'ssl' module is compiled with 'LibreSSL 2.8.3'. See: https://github.com/urllib3/urllib3/issues/3020
  warnings.warn(
/Users/zhaowenyuan/Projects/FlowFigTabMiner/flowfigtabminer/lib/python3.9/site-packages/urllib3/__init__.py:35: NotOpenSSLWarning: urllib3 v2 only supports OpenSSL 1.1.1+, currently the 'ssl' module is compiled with 'LibreSSL 2.8.3'. See: https://github.com/urllib3/urllib3/issues/3020
  warnings.warn(
/Users/zhaowenyuan/Projects/FlowFigTabMiner/flowfigtabminer/lib/python3.9/site-packages/urllib3/__init__.py:35: NotOpenSSLWarning: urllib3 v2 only supports OpenSSL 1.1.1+, currently the 'ssl' module is compiled with 'LibreSSL 2.8.3'. See: https://github.com/urllib3/urllib3/issues/3020
  warnings.warn(
/Users/zhaowenyuan/Projects/FlowFigTabMiner/flowfigtabminer/lib/python3.9/site-packages/urllib3/__init__.py:35: NotOpenSSLWarning: urllib3 v2 only supports OpenSSL 1.1.1+, currently the 'ssl' module is compiled with 'LibreSSL 2.8.3'. See: https://github.com/urllib3/urllib3/issues/3020
  warnings.warn(
/Users/zhaowenyuan/Projects/FlowFigTabMiner/flowfigtabminer/lib/python3.9/site-packages/urllib3/__init__.py:35: NotOpenSSLWarning: urllib3 v2 only supports OpenSSL 1.1.1+, currently the 'ssl' module is compiled with 'LibreSSL 2.8.3'. See: https://github.com/urllib3/urllib3/issues/3020
  warnings.warn(
/Users/zhaowenyuan/Projects/FlowFigTabMiner/flowfigtabminer/lib/python3.9/site-packages/urllib3/__init__.py:35: NotOpenSSLWarning: urllib3 v2 only supports OpenSSL 1.1.1+, currently the 'ssl' module is compiled with 'LibreSSL 2.8.3'. See: https://github.com/urllib3/urllib3/issues/3020
  warnings.warn(
[33mChecking connectivity to the model hosters, this may take a while. To bypass this check, set `DISABLE_MODEL_SOURCE_CHECK` to `True`.[0m
[33mChecking connectivity to the model hosters, this may take a while. To bypass this check, set `DISABLE_MODEL_SOURCE_CHECK` to `True`.[0m
[33mChecking connectivity to the model hosters, this may take a while. To bypass this check, set `DISABLE_MODEL_SOURCE_CHECK` to `True`.[0m
[33mChecking connectivity to the model hosters, this may take a while. To bypass this check, set `DISABLE_MODEL_SOURCE_CHECK` to `True`.[0m
[33mChecking connectivity to the model hosters, this may take a while. To bypass this check, set `DISABLE_MODEL_SOURCE_CHECK` to `True`.[0m
[33mChecking connectivity to the model hosters, this may take a while. To bypass this check, set `DISABLE_MODEL_SOURCE_CHECK` to `True`.[0m
[33mChecking connectivity to the model hosters, this may take a while. To bypass this check, set `DISABLE_MODEL_SOURCE_CHECK` to `True`.[0m
[33mChecking connectivity to the model hosters, this may take a while. To bypass this check, set `DISABLE_MODEL_SOURCE_CHECK` to `True`.[0m
[33mChecking connectivity to the model hosters, this may take a while. To bypass this check, set `DISABLE_MODEL_SOURCE_CHECK` to `True`.[0m
[33mChecking connectivity to the model hosters, this may take a while. To bypass this check, set `DISABLE_MODEL_SOURCE_CHECK` to `True`.[0m
[33mChecking connectivity to the model hosters, this may take a while. To bypass this check, set `DISABLE_MODEL_SOURCE_CHECK` to `True`.[0m
[33mChecking connectivity to the model hosters, this may take a while. To bypass this check, set `DISABLE_MODEL_SOURCE_CHECK` to `True`.[0m
[33mChecking connectivity to the model hosters, this may take a while. To bypass this check, set `DISABLE_MODEL_SOURCE_CHECK` to `True`.[0m
[33mChecking connectivity to the model hosters, this may take a while. To bypass this check, set `DISABLE_MODEL_SOURCE_CHECK` to `True`.[0m
[33mChecking connectivity to the model hosters, this may take a while. To bypass this check, set `DISABLE_MODEL_SOURCE_CHECK` to `True`.[0m
[33mChecking connectivity to the model hosters, this may take a while. To bypass this check, set `DISABLE_MODEL_SOURCE_CHECK` to `True`.[0m
/Users/zhaowenyuan/Projects/FlowFigTabMiner/flowfigtabminer/lib/python3.9/site-packages/onmt/modules/sparse_activations.py:48: FutureWarning: `torch.cuda.amp.custom_fwd(args...)` is deprecated. Please use `torch.amp.custom_fwd(args..., device_type='cuda')` instead.
  def forward(ctx, input, dim=0):
/Users/zhaowenyuan/Projects/FlowFigTabMiner/flowfigtabminer/lib/python3.9/site-packages/onmt/modules/sparse_activations.py:68: FutureWarning: `torch.cuda.amp.custom_bwd(args...)` is deprecated. Please use `torch.amp.custom_bwd(args..., device_type='cuda')` instead.
  def backward(ctx, grad_output):
/Users/zhaowenyuan/Projects/FlowFigTabMiner/flowfigtabminer/lib/python3.9/site-packages/onmt/modules/sparse_losses.py:13: FutureWarning: `torch.cuda.amp.custom_fwd(args...)` is deprecated. Please use `torch.amp.custom_fwd(args..., device_type='cuda')` instead.
  def forward(ctx, input, target):
/Users/zhaowenyuan/Projects/FlowFigTabMiner/flowfigtabminer/lib/python3.9/site-packages/onmt/modules/sparse_losses.py:37: FutureWarning: `torch.cuda.amp.custom_bwd(args...)` is deprecated. Please use `torch.amp.custom_bwd(args..., device_type='cuda')` instead.
  def backward(ctx, grad_output):
/Users/zhaowenyuan/Projects/FlowFigTabMiner/flowfigtabminer/lib/python3.9/site-packages/paddle/utils/cpp_extension/extension_utils.py:712: UserWarning: No ccache found. Please be aware that recompiling all source files may be required. You can download and install ccache from: https://github.com/ccache/ccache/blob/master/doc/INSTALL.md
  warnings.warn(warning_message)
/Users/zhaowenyuan/Projects/FlowFigTabMiner/flowfigtabminer/lib/python3.9/site-packages/paddle/utils/cpp_extension/extension_utils.py:712: UserWarning: No ccache found. Please be aware that recompiling all source files may be required. You can download and install ccache from: https://github.com/ccache/ccache/blob/master/doc/INSTALL.md
  warnings.warn(warning_message)
/Users/zhaowenyuan/Projects/FlowFigTabMiner/flowfigtabminer/lib/python3.9/site-packages/paddle/utils/cpp_extension/extension_utils.py:712: UserWarning: No ccache found. Please be aware that recompiling all source files may be required. You can download and install ccache from: https://github.com/ccache/ccache/blob/master/doc/INSTALL.md
  warnings.warn(warning_message)
/Users/zhaowenyuan/Projects/FlowFigTabMiner/flowfigtabminer/lib/python3.9/site-packages/paddle/utils/cpp_extension/extension_utils.py:712: UserWarning: No ccache found. Please be aware that recompiling all source files may be required. You can download and install ccache from: https://github.com/ccache/ccache/blob/master/doc/INSTALL.md
  warnings.warn(warning_message)
/Users/zhaowenyuan/Projects/FlowFigTabMiner/flowfigtabminer/lib/python3.9/site-packages/paddle/utils/cpp_extension/extension_utils.py:712: UserWarning: No ccache found. Please be aware that recompiling all source files may be required. You can download and install ccache from: https://github.com/ccache/ccache/blob/master/doc/INSTALL.md
  warnings.warn(warning_message)
/Users/zhaowenyuan/Projects/FlowFigTabMiner/flowfigtabminer/lib/python3.9/site-packages/paddle/utils/cpp_extension/extension_utils.py:712: UserWarning: No ccache found. Please be aware that recompiling all source files may be required. You can download and install ccache from: https://github.com/ccache/ccache/blob/master/doc/INSTALL.md
  warnings.warn(warning_message)
/Users/zhaowenyuan/Projects/FlowFigTabMiner/flowfigtabminer/lib/python3.9/site-packages/paddle/utils/cpp_extension/extension_utils.py:712: UserWarning: No ccache found. Please be aware that recompiling all source files may be required. You can download and install ccache from: https://github.com/ccache/ccache/blob/master/doc/INSTALL.md
  warnings.warn(warning_message)
/Users/zhaowenyuan/Projects/FlowFigTabMiner/flowfigtabminer/lib/python3.9/site-packages/paddle/utils/cpp_extension/extension_utils.py:712: UserWarning: No ccache found. Please be aware that recompiling all source files may be required. You can download and install ccache from: https://github.com/ccache/ccache/blob/master/doc/INSTALL.md
  warnings.warn(warning_message)
/Users/zhaowenyuan/Projects/FlowFigTabMiner/flowfigtabminer/lib/python3.9/site-packages/paddle/utils/cpp_extension/extension_utils.py:712: UserWarning: No ccache found. Please be aware that recompiling all source files may be required. You can download and install ccache from: https://github.com/ccache/ccache/blob/master/doc/INSTALL.md
  warnings.warn(warning_message)
/Users/zhaowenyuan/Projects/FlowFigTabMiner/flowfigtabminer/lib/python3.9/site-packages/paddle/utils/cpp_extension/extension_utils.py:712: UserWarning: No ccache found. Please be aware that recompiling all source files may be required. You can download and install ccache from: https://github.com/ccache/ccache/blob/master/doc/INSTALL.md
  warnings.warn(warning_message)
/Users/zhaowenyuan/Projects/FlowFigTabMiner/flowfigtabminer/lib/python3.9/site-packages/paddle/utils/cpp_extension/extension_utils.py:712: UserWarning: No ccache found. Please be aware that recompiling all source files may be required. You can download and install ccache from: https://github.com/ccache/ccache/blob/master/doc/INSTALL.md
  warnings.warn(warning_message)
/Users/zhaowenyuan/Projects/FlowFigTabMiner/flowfigtabminer/lib/python3.9/site-packages/paddle/utils/cpp_extension/extension_utils.py:712: UserWarning: No ccache found. Please be aware that recompiling all source files may be required. You can download and install ccache from: https://github.com/ccache/ccache/blob/master/doc/INSTALL.md
  warnings.warn(warning_message)
/Users/zhaowenyuan/Projects/FlowFigTabMiner/flowfigtabminer/lib/python3.9/site-packages/paddle/utils/cpp_extension/extension_utils.py:712: UserWarning: No ccache found. Please be aware that recompiling all source files may be required. You can download and install ccache from: https://github.com/ccache/ccache/blob/master/doc/INSTALL.md
  warnings.warn(warning_message)
/Users/zhaowenyuan/Projects/FlowFigTabMiner/flowfigtabminer/lib/python3.9/site-packages/paddle/utils/cpp_extension/extension_utils.py:712: UserWarning: No ccache found. Please be aware that recompiling all source files may be required. You can download and install ccache from: https://github.com/ccache/ccache/blob/master/doc/INSTALL.md
  warnings.warn(warning_message)
/Users/zhaowenyuan/Projects/FlowFigTabMiner/flowfigtabminer/lib/python3.9/site-packages/paddle/utils/cpp_extension/extension_utils.py:712: UserWarning: No ccache found. Please be aware that recompiling all source files may be required. You can download and install ccache from: https://github.com/ccache/ccache/blob/master/doc/INSTALL.md
  warnings.warn(warning_message)
/Users/zhaowenyuan/Projects/FlowFigTabMiner/flowfigtabminer/lib/python3.9/site-packages/paddle/utils/cpp_extension/extension_utils.py:712: UserWarning: No ccache found. Please be aware that recompiling all source files may be required. You can download and install ccache from: https://github.com/ccache/ccache/blob/master/doc/INSTALL.md
  warnings.warn(warning_message)
/Users/zhaowenyuan/Projects/FlowFigTabMiner/flowfigtabminer/lib/python3.9/site-packages/urllib3/__init__.py:35: NotOpenSSLWarning: urllib3 v2 only supports OpenSSL 1.1.1+, currently the 'ssl' module is compiled with 'LibreSSL 2.8.3'. See: https://github.com/urllib3/urllib3/issues/3020
  warnings.warn(
/Users/zhaowenyuan/Projects/FlowFigTabMiner/flowfigtabminer/lib/python3.9/site-packages/urllib3/__init__.py:35: NotOpenSSLWarning: urllib3 v2 only supports OpenSSL 1.1.1+, currently the 'ssl' module is compiled with 'LibreSSL 2.8.3'. See: https://github.com/urllib3/urllib3/issues/3020
  warnings.warn(
/Users/zhaowenyuan/Projects/FlowFigTabMiner/flowfigtabminer/lib/python3.9/site-packages/urllib3/__init__.py:35: NotOpenSSLWarning: urllib3 v2 only supports OpenSSL 1.1.1+, currently the 'ssl' module is compiled with 'LibreSSL 2.8.3'. See: https://github.com/urllib3/urllib3/issues/3020
  warnings.warn(
/Users/zhaowenyuan/Projects/FlowFigTabMiner/flowfigtabminer/lib/python3.9/site-packages/urllib3/__init__.py:35: NotOpenSSLWarning: urllib3 v2 only supports OpenSSL 1.1.1+, currently the 'ssl' module is compiled with 'LibreSSL 2.8.3'. See: https://github.com/urllib3/urllib3/issues/3020
  warnings.warn(
/Users/zhaowenyuan/Projects/FlowFigTabMiner/flowfigtabminer/lib/python3.9/site-packages/urllib3/__init__.py:35: NotOpenSSLWarning: urllib3 v2 only supports OpenSSL 1.1.1+, currently the 'ssl' module is compiled with 'LibreSSL 2.8.3'. See: https://github.com/urllib3/urllib3/issues/3020
  warnings.warn(
/Users/zhaowenyuan/Projects/FlowFigTabMiner/flowfigtabminer/lib/python3.9/site-packages/urllib3/__init__.py:35: NotOpenSSLWarning: urllib3 v2 only supports OpenSSL 1.1.1+, currently the 'ssl' module is compiled with 'LibreSSL 2.8.3'. See: https://github.com/urllib3/urllib3/issues/3020
  warnings.warn(
/Users/zhaowenyuan/Projects/FlowFigTabMiner/flowfigtabminer/lib/python3.9/site-packages/urllib3/__init__.py:35: NotOpenSSLWarning: urllib3 v2 only supports OpenSSL 1.1.1+, currently the 'ssl' module is compiled with 'LibreSSL 2.8.3'. See: https://github.com/urllib3/urllib3/issues/3020
  warnings.warn(
/Users/zhaowenyuan/Projects/FlowFigTabMiner/flowfigtabminer/lib/python3.9/site-packages/urllib3/__init__.py:35: NotOpenSSLWarning: urllib3 v2 only supports OpenSSL 1.1.1+, currently the 'ssl' module is compiled with 'LibreSSL 2.8.3'. See: https://github.com/urllib3/urllib3/issues/3020
  warnings.warn(
/Users/zhaowenyuan/Projects/FlowFigTabMiner/flowfigtabminer/lib/python3.9/site-packages/urllib3/__init__.py:35: NotOpenSSLWarning: urllib3 v2 only supports OpenSSL 1.1.1+, currently the 'ssl' module is compiled with 'LibreSSL 2.8.3'. See: https://github.com/urllib3/urllib3/issues/3020
  warnings.warn(
/Users/zhaowenyuan/Projects/FlowFigTabMiner/flowfigtabminer/lib/python3.9/site-packages/urllib3/__init__.py:35: NotOpenSSLWarning: urllib3 v2 only supports OpenSSL 1.1.1+, currently the 'ssl' module is compiled with 'LibreSSL 2.8.3'. See: https://github.com/urllib3/urllib3/issues/3020
  warnings.warn(
/Users/zhaowenyuan/Projects/FlowFigTabMiner/flowfigtabminer/lib/python3.9/site-packages/urllib3/__init__.py:35: NotOpenSSLWarning: urllib3 v2 only supports OpenSSL 1.1.1+, currently the 'ssl' module is compiled with 'LibreSSL 2.8.3'. See: https://github.com/urllib3/urllib3/issues/3020
  warnings.warn(
/Users/zhaowenyuan/Projects/FlowFigTabMiner/flowfigtabminer/lib/python3.9/site-packages/urllib3/__init__.py:35: NotOpenSSLWarning: urllib3 v2 only supports OpenSSL 1.1.1+, currently the 'ssl' module is compiled with 'LibreSSL 2.8.3'. See: https://github.com/urllib3/urllib3/issues/3020
  warnings.warn(
/Users/zhaowenyuan/Projects/FlowFigTabMiner/flowfigtabminer/lib/python3.9/site-packages/urllib3/__init__.py:35: NotOpenSSLWarning: urllib3 v2 only supports OpenSSL 1.1.1+, currently the 'ssl' module is compiled with 'LibreSSL 2.8.3'. See: https://github.com/urllib3/urllib3/issues/3020
  warnings.warn(
/Users/zhaowenyuan/Projects/FlowFigTabMiner/flowfigtabminer/lib/python3.9/site-packages/urllib3/__init__.py:35: NotOpenSSLWarning: urllib3 v2 only supports OpenSSL 1.1.1+, currently the 'ssl' module is compiled with 'LibreSSL 2.8.3'. See: https://github.com/urllib3/urllib3/issues/3020
  warnings.warn(
/Users/zhaowenyuan/Projects/FlowFigTabMiner/flowfigtabminer/lib/python3.9/site-packages/urllib3/__init__.py:35: NotOpenSSLWarning: urllib3 v2 only supports OpenSSL 1.1.1+, currently the 'ssl' module is compiled with 'LibreSSL 2.8.3'. See: https://github.com/urllib3/urllib3/issues/3020
  warnings.warn(
/Users/zhaowenyuan/Projects/FlowFigTabMiner/flowfigtabminer/lib/python3.9/site-packages/urllib3/__init__.py:35: NotOpenSSLWarning: urllib3 v2 only supports OpenSSL 1.1.1+, currently the 'ssl' module is compiled with 'LibreSSL 2.8.3'. See: https://github.com/urllib3/urllib3/issues/3020
  warnings.warn(
[33mChecking connectivity to the model hosters, this may take a while. To bypass this check, set `DISABLE_MODEL_SOURCE_CHECK` to `True`.[0m
[33mChecking connectivity to the model hosters, this may take a while. To bypass this check, set `DISABLE_MODEL_SOURCE_CHECK` to `True`.[0m
[33mChecking connectivity to the model hosters, this may take a while. To bypass this check, set `DISABLE_MODEL_SOURCE_CHECK` to `True`.[0m
[33mChecking connectivity to the model hosters, this may take a while. To bypass this check, set `DISABLE_MODEL_SOURCE_CHECK` to `True`.[0m
[33mChecking connectivity to the model hosters, this may take a while. To bypass this check, set `DISABLE_MODEL_SOURCE_CHECK` to `True`.[0m
[33mChecking connectivity to the model hosters, this may take a while. To bypass this check, set `DISABLE_MODEL_SOURCE_CHECK` to `True`.[0m
[33mChecking connectivity to the model hosters, this may take a while. To bypass this check, set `DISABLE_MODEL_SOURCE_CHECK` to `True`.[0m
[33mChecking connectivity to the model hosters, this may take a while. To bypass this check, set `DISABLE_MODEL_SOURCE_CHECK` to `True`.[0m
[33mChecking connectivity to the model hosters, this may take a while. To bypass this check, set `DISABLE_MODEL_SOURCE_CHECK` to `True`.[0m
[33mChecking connectivity to the model hosters, this may take a while. To bypass this check, set `DISABLE_MODEL_SOURCE_CHECK` to `True`.[0m
[33mChecking connectivity to the model hosters, this may take a while. To bypass this check, set `DISABLE_MODEL_SOURCE_CHECK` to `True`.[0m
[33mChecking connectivity to the model hosters, this may take a while. To bypass this check, set `DISABLE_MODEL_SOURCE_CHECK` to `True`.[0m
[33mChecking connectivity to the model hosters, this may take a while. To bypass this check, set `DISABLE_MODEL_SOURCE_CHECK` to `True`.[0m
[33mChecking connectivity to the model hosters, this may take a while. To bypass this check, set `DISABLE_MODEL_SOURCE_CHECK` to `True`.[0m
[33mChecking connectivity to the model hosters, this may take a while. To bypass this check, set `DISABLE_MODEL_SOURCE_CHECK` to `True`.[0m
[33mChecking connectivity to the model hosters, this may take a while. To bypass this check, set `DISABLE_MODEL_SOURCE_CHECK` to `True`.[0m
/Users/zhaowenyuan/Projects/FlowFigTabMiner/flowfigtabminer/lib/python3.9/site-packages/onmt/modules/sparse_activations.py:48: FutureWarning: `torch.cuda.amp.custom_fwd(args...)` is deprecated. Please use `torch.amp.custom_fwd(args..., device_type='cuda')` instead.
  def forward(ctx, input, dim=0):
/Users/zhaowenyuan/Projects/FlowFigTabMiner/flowfigtabminer/lib/python3.9/site-packages/onmt/modules/sparse_activations.py:68: FutureWarning: `torch.cuda.amp.custom_bwd(args...)` is deprecated. Please use `torch.amp.custom_bwd(args..., device_type='cuda')` instead.
  def backward(ctx, grad_output):
/Users/zhaowenyuan/Projects/FlowFigTabMiner/flowfigtabminer/lib/python3.9/site-packages/onmt/modules/sparse_losses.py:13: FutureWarning: `torch.cuda.amp.custom_fwd(args...)` is deprecated. Please use `torch.amp.custom_fwd(args..., device_type='cuda')` instead.
  def forward(ctx, input, target):
/Users/zhaowenyuan/Projects/FlowFigTabMiner/flowfigtabminer/lib/python3.9/site-packages/onmt/modules/sparse_losses.py:37: FutureWarning: `torch.cuda.amp.custom_bwd(args...)` is deprecated. Please use `torch.amp.custom_bwd(args..., device_type='cuda')` instead.
  def backward(ctx, grad_output):
/Users/zhaowenyuan/Projects/FlowFigTabMiner/flowfigtabminer/lib/python3.9/site-packages/paddle/utils/cpp_extension/extension_utils.py:712: UserWarning: No ccache found. Please be aware that recompiling all source files may be required. You can download and install ccache from: https://github.com/ccache/ccache/blob/master/doc/INSTALL.md
  warnings.warn(warning_message)
/Users/zhaowenyuan/Projects/FlowFigTabMiner/flowfigtabminer/lib/python3.9/site-packages/paddle/utils/cpp_extension/extension_utils.py:712: UserWarning: No ccache found. Please be aware that recompiling all source files may be required. You can download and install ccache from: https://github.com/ccache/ccache/blob/master/doc/INSTALL.md
  warnings.warn(warning_message)
/Users/zhaowenyuan/Projects/FlowFigTabMiner/flowfigtabminer/lib/python3.9/site-packages/paddle/utils/cpp_extension/extension_utils.py:712: UserWarning: No ccache found. Please be aware that recompiling all source files may be required. You can download and install ccache from: https://github.com/ccache/ccache/blob/master/doc/INSTALL.md
  warnings.warn(warning_message)
/Users/zhaowenyuan/Projects/FlowFigTabMiner/flowfigtabminer/lib/python3.9/site-packages/paddle/utils/cpp_extension/extension_utils.py:712: UserWarning: No ccache found. Please be aware that recompiling all source files may be required. You can download and install ccache from: https://github.com/ccache/ccache/blob/master/doc/INSTALL.md
  warnings.warn(warning_message)
/Users/zhaowenyuan/Projects/FlowFigTabMiner/flowfigtabminer/lib/python3.9/site-packages/paddle/utils/cpp_extension/extension_utils.py:712: UserWarning: No ccache found. Please be aware that recompiling all source files may be required. You can download and install ccache from: https://github.com/ccache/ccache/blob/master/doc/INSTALL.md
  warnings.warn(warning_message)
/Users/zhaowenyuan/Projects/FlowFigTabMiner/flowfigtabminer/lib/python3.9/site-packages/paddle/utils/cpp_extension/extension_utils.py:712: UserWarning: No ccache found. Please be aware that recompiling all source files may be required. You can download and install ccache from: https://github.com/ccache/ccache/blob/master/doc/INSTALL.md
  warnings.warn(warning_message)
/Users/zhaowenyuan/Projects/FlowFigTabMiner/flowfigtabminer/lib/python3.9/site-packages/paddle/utils/cpp_extension/extension_utils.py:712: UserWarning: No ccache found. Please be aware that recompiling all source files may be required. You can download and install ccache from: https://github.com/ccache/ccache/blob/master/doc/INSTALL.md
  warnings.warn(warning_message)
/Users/zhaowenyuan/Projects/FlowFigTabMiner/flowfigtabminer/lib/python3.9/site-packages/paddle/utils/cpp_extension/extension_utils.py:712: UserWarning: No ccache found. Please be aware that recompiling all source files may be required. You can download and install ccache from: https://github.com/ccache/ccache/blob/master/doc/INSTALL.md
  warnings.warn(warning_message)
/Users/zhaowenyuan/Projects/FlowFigTabMiner/flowfigtabminer/lib/python3.9/site-packages/paddle/utils/cpp_extension/extension_utils.py:712: UserWarning: No ccache found. Please be aware that recompiling all source files may be required. You can download and install ccache from: https://github.com/ccache/ccache/blob/master/doc/INSTALL.md
  warnings.warn(warning_message)
/Users/zhaowenyuan/Projects/FlowFigTabMiner/flowfigtabminer/lib/python3.9/site-packages/paddle/utils/cpp_extension/extension_utils.py:712: UserWarning: No ccache found. Please be aware that recompiling all source files may be required. You can download and install ccache from: https://github.com/ccache/ccache/blob/master/doc/INSTALL.md
  warnings.warn(warning_message)
/Users/zhaowenyuan/Projects/FlowFigTabMiner/flowfigtabminer/lib/python3.9/site-packages/paddle/utils/cpp_extension/extension_utils.py:712: UserWarning: No ccache found. Please be aware that recompiling all source files may be required. You can download and install ccache from: https://github.com/ccache/ccache/blob/master/doc/INSTALL.md
  warnings.warn(warning_message)
/Users/zhaowenyuan/Projects/FlowFigTabMiner/flowfigtabminer/lib/python3.9/site-packages/paddle/utils/cpp_extension/extension_utils.py:712: UserWarning: No ccache found. Please be aware that recompiling all source files may be required. You can download and install ccache from: https://github.com/ccache/ccache/blob/master/doc/INSTALL.md
  warnings.warn(warning_message)
/Users/zhaowenyuan/Projects/FlowFigTabMiner/flowfigtabminer/lib/python3.9/site-packages/paddle/utils/cpp_extension/extension_utils.py:712: UserWarning: No ccache found. Please be aware that recompiling all source files may be required. You can download and install ccache from: https://github.com/ccache/ccache/blob/master/doc/INSTALL.md
  warnings.warn(warning_message)
/Users/zhaowenyuan/Projects/FlowFigTabMiner/flowfigtabminer/lib/python3.9/site-packages/paddle/utils/cpp_extension/extension_utils.py:712: UserWarning: No ccache found. Please be aware that recompiling all source files may be required. You can download and install ccache from: https://github.com/ccache/ccache/blob/master/doc/INSTALL.md
  warnings.warn(warning_message)
/Users/zhaowenyuan/Projects/FlowFigTabMiner/flowfigtabminer/lib/python3.9/site-packages/paddle/utils/cpp_extension/extension_utils.py:712: UserWarning: No ccache found. Please be aware that recompiling all source files may be required. You can download and install ccache from: https://github.com/ccache/ccache/blob/master/doc/INSTALL.md
  warnings.warn(warning_message)
/Users/zhaowenyuan/Projects/FlowFigTabMiner/flowfigtabminer/lib/python3.9/site-packages/paddle/utils/cpp_extension/extension_utils.py:712: UserWarning: No ccache found. Please be aware that recompiling all source files may be required. You can download and install ccache from: https://github.com/ccache/ccache/blob/master/doc/INSTALL.md
  warnings.warn(warning_message)
/Users/zhaowenyuan/Projects/FlowFigTabMiner/flowfigtabminer/lib/python3.9/site-packages/urllib3/__init__.py:35: NotOpenSSLWarning: urllib3 v2 only supports OpenSSL 1.1.1+, currently the 'ssl' module is compiled with 'LibreSSL 2.8.3'. See: https://github.com/urllib3/urllib3/issues/3020
  warnings.warn(
/Users/zhaowenyuan/Projects/FlowFigTabMiner/flowfigtabminer/lib/python3.9/site-packages/urllib3/__init__.py:35: NotOpenSSLWarning: urllib3 v2 only supports OpenSSL 1.1.1+, currently the 'ssl' module is compiled with 'LibreSSL 2.8.3'. See: https://github.com/urllib3/urllib3/issues/3020
  warnings.warn(
/Users/zhaowenyuan/Projects/FlowFigTabMiner/flowfigtabminer/lib/python3.9/site-packages/urllib3/__init__.py:35: NotOpenSSLWarning: urllib3 v2 only supports OpenSSL 1.1.1+, currently the 'ssl' module is compiled with 'LibreSSL 2.8.3'. See: https://github.com/urllib3/urllib3/issues/3020
  warnings.warn(
/Users/zhaowenyuan/Projects/FlowFigTabMiner/flowfigtabminer/lib/python3.9/site-packages/urllib3/__init__.py:35: NotOpenSSLWarning: urllib3 v2 only supports OpenSSL 1.1.1+, currently the 'ssl' module is compiled with 'LibreSSL 2.8.3'. See: https://github.com/urllib3/urllib3/issues/3020
  warnings.warn(
/Users/zhaowenyuan/Projects/FlowFigTabMiner/flowfigtabminer/lib/python3.9/site-packages/urllib3/__init__.py:35: NotOpenSSLWarning: urllib3 v2 only supports OpenSSL 1.1.1+, currently the 'ssl' module is compiled with 'LibreSSL 2.8.3'. See: https://github.com/urllib3/urllib3/issues/3020
  warnings.warn(
/Users/zhaowenyuan/Projects/FlowFigTabMiner/flowfigtabminer/lib/python3.9/site-packages/urllib3/__init__.py:35: NotOpenSSLWarning: urllib3 v2 only supports OpenSSL 1.1.1+, currently the 'ssl' module is compiled with 'LibreSSL 2.8.3'. See: https://github.com/urllib3/urllib3/issues/3020
  warnings.warn(
/Users/zhaowenyuan/Projects/FlowFigTabMiner/flowfigtabminer/lib/python3.9/site-packages/urllib3/__init__.py:35: NotOpenSSLWarning: urllib3 v2 only supports OpenSSL 1.1.1+, currently the 'ssl' module is compiled with 'LibreSSL 2.8.3'. See: https://github.com/urllib3/urllib3/issues/3020
  warnings.warn(
/Users/zhaowenyuan/Projects/FlowFigTabMiner/flowfigtabminer/lib/python3.9/site-packages/urllib3/__init__.py:35: NotOpenSSLWarning: urllib3 v2 only supports OpenSSL 1.1.1+, currently the 'ssl' module is compiled with 'LibreSSL 2.8.3'. See: https://github.com/urllib3/urllib3/issues/3020
  warnings.warn(
/Users/zhaowenyuan/Projects/FlowFigTabMiner/flowfigtabminer/lib/python3.9/site-packages/urllib3/__init__.py:35: NotOpenSSLWarning: urllib3 v2 only supports OpenSSL 1.1.1+, currently the 'ssl' module is compiled with 'LibreSSL 2.8.3'. See: https://github.com/urllib3/urllib3/issues/3020
  warnings.warn(
/Users/zhaowenyuan/Projects/FlowFigTabMiner/flowfigtabminer/lib/python3.9/site-packages/urllib3/__init__.py:35: NotOpenSSLWarning: urllib3 v2 only supports OpenSSL 1.1.1+, currently the 'ssl' module is compiled with 'LibreSSL 2.8.3'. See: https://github.com/urllib3/urllib3/issues/3020
  warnings.warn(
/Users/zhaowenyuan/Projects/FlowFigTabMiner/flowfigtabminer/lib/python3.9/site-packages/urllib3/__init__.py:35: NotOpenSSLWarning: urllib3 v2 only supports OpenSSL 1.1.1+, currently the 'ssl' module is compiled with 'LibreSSL 2.8.3'. See: https://github.com/urllib3/urllib3/issues/3020
  warnings.warn(
/Users/zhaowenyuan/Projects/FlowFigTabMiner/flowfigtabminer/lib/python3.9/site-packages/urllib3/__init__.py:35: NotOpenSSLWarning: urllib3 v2 only supports OpenSSL 1.1.1+, currently the 'ssl' module is compiled with 'LibreSSL 2.8.3'. See: https://github.com/urllib3/urllib3/issues/3020
  warnings.warn(
/Users/zhaowenyuan/Projects/FlowFigTabMiner/flowfigtabminer/lib/python3.9/site-packages/urllib3/__init__.py:35: NotOpenSSLWarning: urllib3 v2 only supports OpenSSL 1.1.1+, currently the 'ssl' module is compiled with 'LibreSSL 2.8.3'. See: https://github.com/urllib3/urllib3/issues/3020
  warnings.warn(
/Users/zhaowenyuan/Projects/FlowFigTabMiner/flowfigtabminer/lib/python3.9/site-packages/urllib3/__init__.py:35: NotOpenSSLWarning: urllib3 v2 only supports OpenSSL 1.1.1+, currently the 'ssl' module is compiled with 'LibreSSL 2.8.3'. See: https://github.com/urllib3/urllib3/issues/3020
  warnings.warn(
/Users/zhaowenyuan/Projects/FlowFigTabMiner/flowfigtabminer/lib/python3.9/site-packages/urllib3/__init__.py:35: NotOpenSSLWarning: urllib3 v2 only supports OpenSSL 1.1.1+, currently the 'ssl' module is compiled with 'LibreSSL 2.8.3'. See: https://github.com/urllib3/urllib3/issues/3020
  warnings.warn(
/Users/zhaowenyuan/Projects/FlowFigTabMiner/flowfigtabminer/lib/python3.9/site-packages/urllib3/__init__.py:35: NotOpenSSLWarning: urllib3 v2 only supports OpenSSL 1.1.1+, currently the 'ssl' module is compiled with 'LibreSSL 2.8.3'. See: https://github.com/urllib3/urllib3/issues/3020
  warnings.warn(
[33mChecking connectivity to the model hosters, this may take a while. To bypass this check, set `DISABLE_MODEL_SOURCE_CHECK` to `True`.[0m
[33mChecking connectivity to the model hosters, this may take a while. To bypass this check, set `DISABLE_MODEL_SOURCE_CHECK` to `True`.[0m
[33mChecking connectivity to the model hosters, this may take a while. To bypass this check, set `DISABLE_MODEL_SOURCE_CHECK` to `True`.[0m
[33mChecking connectivity to the model hosters, this may take a while. To bypass this check, set `DISABLE_MODEL_SOURCE_CHECK` to `True`.[0m
[33mChecking connectivity to the model hosters, this may take a while. To bypass this check, set `DISABLE_MODEL_SOURCE_CHECK` to `True`.[0m
[33mChecking connectivity to the model hosters, this may take a while. To bypass this check, set `DISABLE_MODEL_SOURCE_CHECK` to `True`.[0m
[33mChecking connectivity to the model hosters, this may take a while. To bypass this check, set `DISABLE_MODEL_SOURCE_CHECK` to `True`.[0m
[33mChecking connectivity to the model hosters, this may take a while. To bypass this check, set `DISABLE_MODEL_SOURCE_CHECK` to `True`.[0m
[33mChecking connectivity to the model hosters, this may take a while. To bypass this check, set `DISABLE_MODEL_SOURCE_CHECK` to `True`.[0m
[33mChecking connectivity to the model hosters, this may take a while. To bypass this check, set `DISABLE_MODEL_SOURCE_CHECK` to `True`.[0m
[33mChecking connectivity to the model hosters, this may take a while. To bypass this check, set `DISABLE_MODEL_SOURCE_CHECK` to `True`.[0m
[33mChecking connectivity to the model hosters, this may take a while. To bypass this check, set `DISABLE_MODEL_SOURCE_CHECK` to `True`.[0m
[33mChecking connectivity to the model hosters, this may take a while. To bypass this check, set `DISABLE_MODEL_SOURCE_CHECK` to `True`.[0m
[33mChecking connectivity to the model hosters, this may take a while. To bypass this check, set `DISABLE_MODEL_SOURCE_CHECK` to `True`.[0m
[33mChecking connectivity to the model hosters, this may take a while. To bypass this check, set `DISABLE_MODEL_SOURCE_CHECK` to `True`.[0m
[33mChecking connectivity to the model hosters, this may take a while. To bypass this check, set `DISABLE_MODEL_SOURCE_CHECK` to `True`.[0m
/Users/zhaowenyuan/Projects/FlowFigTabMiner/flowfigtabminer/lib/python3.9/site-packages/onmt/modules/sparse_activations.py:48: FutureWarning: `torch.cuda.amp.custom_fwd(args...)` is deprecated. Please use `torch.amp.custom_fwd(args..., device_type='cuda')` instead.
  def forward(ctx, input, dim=0):
/Users/zhaowenyuan/Projects/FlowFigTabMiner/flowfigtabminer/lib/python3.9/site-packages/onmt/modules/sparse_activations.py:68: FutureWarning: `torch.cuda.amp.custom_bwd(args...)` is deprecated. Please use `torch.amp.custom_bwd(args..., device_type='cuda')` instead.
  def backward(ctx, grad_output):
/Users/zhaowenyuan/Projects/FlowFigTabMiner/flowfigtabminer/lib/python3.9/site-packages/onmt/modules/sparse_losses.py:13: FutureWarning: `torch.cuda.amp.custom_fwd(args...)` is deprecated. Please use `torch.amp.custom_fwd(args..., device_type='cuda')` instead.
  def forward(ctx, input, target):
/Users/zhaowenyuan/Projects/FlowFigTabMiner/flowfigtabminer/lib/python3.9/site-packages/onmt/modules/sparse_losses.py:37: FutureWarning: `torch.cuda.amp.custom_bwd(args...)` is deprecated. Please use `torch.amp.custom_bwd(args..., device_type='cuda')` instead.
  def backward(ctx, grad_output):
/Users/zhaowenyuan/Projects/FlowFigTabMiner/flowfigtabminer/lib/python3.9/site-packages/paddle/utils/cpp_extension/extension_utils.py:712: UserWarning: No ccache found. Please be aware that recompiling all source files may be required. You can download and install ccache from: https://github.com/ccache/ccache/blob/master/doc/INSTALL.md
  warnings.warn(warning_message)
/Users/zhaowenyuan/Projects/FlowFigTabMiner/flowfigtabminer/lib/python3.9/site-packages/paddle/utils/cpp_extension/extension_utils.py:712: UserWarning: No ccache found. Please be aware that recompiling all source files may be required. You can download and install ccache from: https://github.com/ccache/ccache/blob/master/doc/INSTALL.md
  warnings.warn(warning_message)
/Users/zhaowenyuan/Projects/FlowFigTabMiner/flowfigtabminer/lib/python3.9/site-packages/paddle/utils/cpp_extension/extension_utils.py:712: UserWarning: No ccache found. Please be aware that recompiling all source files may be required. You can download and install ccache from: https://github.com/ccache/ccache/blob/master/doc/INSTALL.md
  warnings.warn(warning_message)
/Users/zhaowenyuan/Projects/FlowFigTabMiner/flowfigtabminer/lib/python3.9/site-packages/paddle/utils/cpp_extension/extension_utils.py:712: UserWarning: No ccache found. Please be aware that recompiling all source files may be required. You can download and install ccache from: https://github.com/ccache/ccache/blob/master/doc/INSTALL.md
  warnings.warn(warning_message)
/Users/zhaowenyuan/Projects/FlowFigTabMiner/flowfigtabminer/lib/python3.9/site-packages/paddle/utils/cpp_extension/extension_utils.py:712: UserWarning: No ccache found. Please be aware that recompiling all source files may be required. You can download and install ccache from: https://github.com/ccache/ccache/blob/master/doc/INSTALL.md
  warnings.warn(warning_message)
/Users/zhaowenyuan/Projects/FlowFigTabMiner/flowfigtabminer/lib/python3.9/site-packages/paddle/utils/cpp_extension/extension_utils.py:712: UserWarning: No ccache found. Please be aware that recompiling all source files may be required. You can download and install ccache from: https://github.com/ccache/ccache/blob/master/doc/INSTALL.md
  warnings.warn(warning_message)
/Users/zhaowenyuan/Projects/FlowFigTabMiner/flowfigtabminer/lib/python3.9/site-packages/paddle/utils/cpp_extension/extension_utils.py:712: UserWarning: No ccache found. Please be aware that recompiling all source files may be required. You can download and install ccache from: https://github.com/ccache/ccache/blob/master/doc/INSTALL.md
  warnings.warn(warning_message)
/Users/zhaowenyuan/Projects/FlowFigTabMiner/flowfigtabminer/lib/python3.9/site-packages/paddle/utils/cpp_extension/extension_utils.py:712: UserWarning: No ccache found. Please be aware that recompiling all source files may be required. You can download and install ccache from: https://github.com/ccache/ccache/blob/master/doc/INSTALL.md
  warnings.warn(warning_message)
/Users/zhaowenyuan/Projects/FlowFigTabMiner/flowfigtabminer/lib/python3.9/site-packages/paddle/utils/cpp_extension/extension_utils.py:712: UserWarning: No ccache found. Please be aware that recompiling all source files may be required. You can download and install ccache from: https://github.com/ccache/ccache/blob/master/doc/INSTALL.md
  warnings.warn(warning_message)
/Users/zhaowenyuan/Projects/FlowFigTabMiner/flowfigtabminer/lib/python3.9/site-packages/paddle/utils/cpp_extension/extension_utils.py:712: UserWarning: No ccache found. Please be aware that recompiling all source files may be required. You can download and install ccache from: https://github.com/ccache/ccache/blob/master/doc/INSTALL.md
  warnings.warn(warning_message)
/Users/zhaowenyuan/Projects/FlowFigTabMiner/flowfigtabminer/lib/python3.9/site-packages/paddle/utils/cpp_extension/extension_utils.py:712: UserWarning: No ccache found. Please be aware that recompiling all source files may be required. You can download and install ccache from: https://github.com/ccache/ccache/blob/master/doc/INSTALL.md
  warnings.warn(warning_message)
/Users/zhaowenyuan/Projects/FlowFigTabMiner/flowfigtabminer/lib/python3.9/site-packages/paddle/utils/cpp_extension/extension_utils.py:712: UserWarning: No ccache found. Please be aware that recompiling all source files may be required. You can download and install ccache from: https://github.com/ccache/ccache/blob/master/doc/INSTALL.md
  warnings.warn(warning_message)
/Users/zhaowenyuan/Projects/FlowFigTabMiner/flowfigtabminer/lib/python3.9/site-packages/paddle/utils/cpp_extension/extension_utils.py:712: UserWarning: No ccache found. Please be aware that recompiling all source files may be required. You can download and install ccache from: https://github.com/ccache/ccache/blob/master/doc/INSTALL.md
  warnings.warn(warning_message)
/Users/zhaowenyuan/Projects/FlowFigTabMiner/flowfigtabminer/lib/python3.9/site-packages/paddle/utils/cpp_extension/extension_utils.py:712: UserWarning: No ccache found. Please be aware that recompiling all source files may be required. You can download and install ccache from: https://github.com/ccache/ccache/blob/master/doc/INSTALL.md
  warnings.warn(warning_message)
/Users/zhaowenyuan/Projects/FlowFigTabMiner/flowfigtabminer/lib/python3.9/site-packages/paddle/utils/cpp_extension/extension_utils.py:712: UserWarning: No ccache found. Please be aware that recompiling all source files may be required. You can download and install ccache from: https://github.com/ccache/ccache/blob/master/doc/INSTALL.md
  warnings.warn(warning_message)
/Users/zhaowenyuan/Projects/FlowFigTabMiner/flowfigtabminer/lib/python3.9/site-packages/paddle/utils/cpp_extension/extension_utils.py:712: UserWarning: No ccache found. Please be aware that recompiling all source files may be required. You can download and install ccache from: https://github.com/ccache/ccache/blob/master/doc/INSTALL.md
  warnings.warn(warning_message)
/Users/zhaowenyuan/Projects/FlowFigTabMiner/flowfigtabminer/lib/python3.9/site-packages/urllib3/__init__.py:35: NotOpenSSLWarning: urllib3 v2 only supports OpenSSL 1.1.1+, currently the 'ssl' module is compiled with 'LibreSSL 2.8.3'. See: https://github.com/urllib3/urllib3/issues/3020
  warnings.warn(
/Users/zhaowenyuan/Projects/FlowFigTabMiner/flowfigtabminer/lib/python3.9/site-packages/urllib3/__init__.py:35: NotOpenSSLWarning: urllib3 v2 only supports OpenSSL 1.1.1+, currently the 'ssl' module is compiled with 'LibreSSL 2.8.3'. See: https://github.com/urllib3/urllib3/issues/3020
  warnings.warn(
/Users/zhaowenyuan/Projects/FlowFigTabMiner/flowfigtabminer/lib/python3.9/site-packages/urllib3/__init__.py:35: NotOpenSSLWarning: urllib3 v2 only supports OpenSSL 1.1.1+, currently the 'ssl' module is compiled with 'LibreSSL 2.8.3'. See: https://github.com/urllib3/urllib3/issues/3020
  warnings.warn(
/Users/zhaowenyuan/Projects/FlowFigTabMiner/flowfigtabminer/lib/python3.9/site-packages/urllib3/__init__.py:35: NotOpenSSLWarning: urllib3 v2 only supports OpenSSL 1.1.1+, currently the 'ssl' module is compiled with 'LibreSSL 2.8.3'. See: https://github.com/urllib3/urllib3/issues/3020
  warnings.warn(
/Users/zhaowenyuan/Projects/FlowFigTabMiner/flowfigtabminer/lib/python3.9/site-packages/urllib3/__init__.py:35: NotOpenSSLWarning: urllib3 v2 only supports OpenSSL 1.1.1+, currently the 'ssl' module is compiled with 'LibreSSL 2.8.3'. See: https://github.com/urllib3/urllib3/issues/3020
  warnings.warn(
/Users/zhaowenyuan/Projects/FlowFigTabMiner/flowfigtabminer/lib/python3.9/site-packages/urllib3/__init__.py:35: NotOpenSSLWarning: urllib3 v2 only supports OpenSSL 1.1.1+, currently the 'ssl' module is compiled with 'LibreSSL 2.8.3'. See: https://github.com/urllib3/urllib3/issues/3020
  warnings.warn(
/Users/zhaowenyuan/Projects/FlowFigTabMiner/flowfigtabminer/lib/python3.9/site-packages/urllib3/__init__.py:35: NotOpenSSLWarning: urllib3 v2 only supports OpenSSL 1.1.1+, currently the 'ssl' module is compiled with 'LibreSSL 2.8.3'. See: https://github.com/urllib3/urllib3/issues/3020
  warnings.warn(
/Users/zhaowenyuan/Projects/FlowFigTabMiner/flowfigtabminer/lib/python3.9/site-packages/urllib3/__init__.py:35: NotOpenSSLWarning: urllib3 v2 only supports OpenSSL 1.1.1+, currently the 'ssl' module is compiled with 'LibreSSL 2.8.3'. See: https://github.com/urllib3/urllib3/issues/3020
  warnings.warn(
/Users/zhaowenyuan/Projects/FlowFigTabMiner/flowfigtabminer/lib/python3.9/site-packages/urllib3/__init__.py:35: NotOpenSSLWarning: urllib3 v2 only supports OpenSSL 1.1.1+, currently the 'ssl' module is compiled with 'LibreSSL 2.8.3'. See: https://github.com/urllib3/urllib3/issues/3020
  warnings.warn(
/Users/zhaowenyuan/Projects/FlowFigTabMiner/flowfigtabminer/lib/python3.9/site-packages/urllib3/__init__.py:35: NotOpenSSLWarning: urllib3 v2 only supports OpenSSL 1.1.1+, currently the 'ssl' module is compiled with 'LibreSSL 2.8.3'. See: https://github.com/urllib3/urllib3/issues/3020
  warnings.warn(
/Users/zhaowenyuan/Projects/FlowFigTabMiner/flowfigtabminer/lib/python3.9/site-packages/urllib3/__init__.py:35: NotOpenSSLWarning: urllib3 v2 only supports OpenSSL 1.1.1+, currently the 'ssl' module is compiled with 'LibreSSL 2.8.3'. See: https://github.com/urllib3/urllib3/issues/3020
  warnings.warn(
/Users/zhaowenyuan/Projects/FlowFigTabMiner/flowfigtabminer/lib/python3.9/site-packages/urllib3/__init__.py:35: NotOpenSSLWarning: urllib3 v2 only supports OpenSSL 1.1.1+, currently the 'ssl' module is compiled with 'LibreSSL 2.8.3'. See: https://github.com/urllib3/urllib3/issues/3020
  warnings.warn(
/Users/zhaowenyuan/Projects/FlowFigTabMiner/flowfigtabminer/lib/python3.9/site-packages/urllib3/__init__.py:35: NotOpenSSLWarning: urllib3 v2 only supports OpenSSL 1.1.1+, currently the 'ssl' module is compiled with 'LibreSSL 2.8.3'. See: https://github.com/urllib3/urllib3/issues/3020
  warnings.warn(
/Users/zhaowenyuan/Projects/FlowFigTabMiner/flowfigtabminer/lib/python3.9/site-packages/urllib3/__init__.py:35: NotOpenSSLWarning: urllib3 v2 only supports OpenSSL 1.1.1+, currently the 'ssl' module is compiled with 'LibreSSL 2.8.3'. See: https://github.com/urllib3/urllib3/issues/3020
  warnings.warn(
/Users/zhaowenyuan/Projects/FlowFigTabMiner/flowfigtabminer/lib/python3.9/site-packages/urllib3/__init__.py:35: NotOpenSSLWarning: urllib3 v2 only supports OpenSSL 1.1.1+, currently the 'ssl' module is compiled with 'LibreSSL 2.8.3'. See: https://github.com/urllib3/urllib3/issues/3020
  warnings.warn(
/Users/zhaowenyuan/Projects/FlowFigTabMiner/flowfigtabminer/lib/python3.9/site-packages/urllib3/__init__.py:35: NotOpenSSLWarning: urllib3 v2 only supports OpenSSL 1.1.1+, currently the 'ssl' module is compiled with 'LibreSSL 2.8.3'. See: https://github.com/urllib3/urllib3/issues/3020
  warnings.warn(
[33mChecking connectivity to the model hosters, this may take a while. To bypass this check, set `DISABLE_MODEL_SOURCE_CHECK` to `True`.[0m
[33mChecking connectivity to the model hosters, this may take a while. To bypass this check, set `DISABLE_MODEL_SOURCE_CHECK` to `True`.[0m
[33mChecking connectivity to the model hosters, this may take a while. To bypass this check, set `DISABLE_MODEL_SOURCE_CHECK` to `True`.[0m
[33mChecking connectivity to the model hosters, this may take a while. To bypass this check, set `DISABLE_MODEL_SOURCE_CHECK` to `True`.[0m
[33mChecking connectivity to the model hosters, this may take a while. To bypass this check, set `DISABLE_MODEL_SOURCE_CHECK` to `True`.[0m
[33mChecking connectivity to the model hosters, this may take a while. To bypass this check, set `DISABLE_MODEL_SOURCE_CHECK` to `True`.[0m
[33mChecking connectivity to the model hosters, this may take a while. To bypass this check, set `DISABLE_MODEL_SOURCE_CHECK` to `True`.[0m
[33mChecking connectivity to the model hosters, this may take a while. To bypass this check, set `DISABLE_MODEL_SOURCE_CHECK` to `True`.[0m
[33mChecking connectivity to the model hosters, this may take a while. To bypass this check, set `DISABLE_MODEL_SOURCE_CHECK` to `True`.[0m
[33mChecking connectivity to the model hosters, this may take a while. To bypass this check, set `DISABLE_MODEL_SOURCE_CHECK` to `True`.[0m
[33mChecking connectivity to the model hosters, this may take a while. To bypass this check, set `DISABLE_MODEL_SOURCE_CHECK` to `True`.[0m
[33mChecking connectivity to the model hosters, this may take a while. To bypass this check, set `DISABLE_MODEL_SOURCE_CHECK` to `True`.[0m
[33mChecking connectivity to the model hosters, this may take a while. To bypass this check, set `DISABLE_MODEL_SOURCE_CHECK` to `True`.[0m
[33mChecking connectivity to the model hosters, this may take a while. To bypass this check, set `DISABLE_MODEL_SOURCE_CHECK` to `True`.[0m
[33mChecking connectivity to the model hosters, this may take a while. To bypass this check, set `DISABLE_MODEL_SOURCE_CHECK` to `True`.[0m
[33mChecking connectivity to the model hosters, this may take a while. To bypass this check, set `DISABLE_MODEL_SOURCE_CHECK` to `True`.[0m
/Users/zhaowenyuan/Projects/FlowFigTabMiner/flowfigtabminer/lib/python3.9/site-packages/onmt/modules/sparse_activations.py:48: FutureWarning: `torch.cuda.amp.custom_fwd(args...)` is deprecated. Please use `torch.amp.custom_fwd(args..., device_type='cuda')` instead.
  def forward(ctx, input, dim=0):
/Users/zhaowenyuan/Projects/FlowFigTabMiner/flowfigtabminer/lib/python3.9/site-packages/onmt/modules/sparse_activations.py:68: FutureWarning: `torch.cuda.amp.custom_bwd(args...)` is deprecated. Please use `torch.amp.custom_bwd(args..., device_type='cuda')` instead.
  def backward(ctx, grad_output):
/Users/zhaowenyuan/Projects/FlowFigTabMiner/flowfigtabminer/lib/python3.9/site-packages/onmt/modules/sparse_losses.py:13: FutureWarning: `torch.cuda.amp.custom_fwd(args...)` is deprecated. Please use `torch.amp.custom_fwd(args..., device_type='cuda')` instead.
  def forward(ctx, input, target):
/Users/zhaowenyuan/Projects/FlowFigTabMiner/flowfigtabminer/lib/python3.9/site-packages/onmt/modules/sparse_losses.py:37: FutureWarning: `torch.cuda.amp.custom_bwd(args...)` is deprecated. Please use `torch.amp.custom_bwd(args..., device_type='cuda')` instead.
  def backward(ctx, grad_output):
/Users/zhaowenyuan/Projects/FlowFigTabMiner/flowfigtabminer/lib/python3.9/site-packages/paddle/utils/cpp_extension/extension_utils.py:712: UserWarning: No ccache found. Please be aware that recompiling all source files may be required. You can download and install ccache from: https://github.com/ccache/ccache/blob/master/doc/INSTALL.md
  warnings.warn(warning_message)
/Users/zhaowenyuan/Projects/FlowFigTabMiner/flowfigtabminer/lib/python3.9/site-packages/paddle/utils/cpp_extension/extension_utils.py:712: UserWarning: No ccache found. Please be aware that recompiling all source files may be required. You can download and install ccache from: https://github.com/ccache/ccache/blob/master/doc/INSTALL.md
  warnings.warn(warning_message)
/Users/zhaowenyuan/Projects/FlowFigTabMiner/flowfigtabminer/lib/python3.9/site-packages/paddle/utils/cpp_extension/extension_utils.py:712: UserWarning: No ccache found. Please be aware that recompiling all source files may be required. You can download and install ccache from: https://github.com/ccache/ccache/blob/master/doc/INSTALL.md
  warnings.warn(warning_message)
/Users/zhaowenyuan/Projects/FlowFigTabMiner/flowfigtabminer/lib/python3.9/site-packages/paddle/utils/cpp_extension/extension_utils.py:712: UserWarning: No ccache found. Please be aware that recompiling all source files may be required. You can download and install ccache from: https://github.com/ccache/ccache/blob/master/doc/INSTALL.md
  warnings.warn(warning_message)
/Users/zhaowenyuan/Projects/FlowFigTabMiner/flowfigtabminer/lib/python3.9/site-packages/paddle/utils/cpp_extension/extension_utils.py:712: UserWarning: No ccache found. Please be aware that recompiling all source files may be required. You can download and install ccache from: https://github.com/ccache/ccache/blob/master/doc/INSTALL.md
  warnings.warn(warning_message)
/Users/zhaowenyuan/Projects/FlowFigTabMiner/flowfigtabminer/lib/python3.9/site-packages/paddle/utils/cpp_extension/extension_utils.py:712: UserWarning: No ccache found. Please be aware that recompiling all source files may be required. You can download and install ccache from: https://github.com/ccache/ccache/blob/master/doc/INSTALL.md
  warnings.warn(warning_message)
/Users/zhaowenyuan/Projects/FlowFigTabMiner/flowfigtabminer/lib/python3.9/site-packages/paddle/utils/cpp_extension/extension_utils.py:712: UserWarning: No ccache found. Please be aware that recompiling all source files may be required. You can download and install ccache from: https://github.com/ccache/ccache/blob/master/doc/INSTALL.md
  warnings.warn(warning_message)
/Users/zhaowenyuan/Projects/FlowFigTabMiner/flowfigtabminer/lib/python3.9/site-packages/paddle/utils/cpp_extension/extension_utils.py:712: UserWarning: No ccache found. Please be aware that recompiling all source files may be required. You can download and install ccache from: https://github.com/ccache/ccache/blob/master/doc/INSTALL.md
  warnings.warn(warning_message)
/Users/zhaowenyuan/Projects/FlowFigTabMiner/flowfigtabminer/lib/python3.9/site-packages/paddle/utils/cpp_extension/extension_utils.py:712: UserWarning: No ccache found. Please be aware that recompiling all source files may be required. You can download and install ccache from: https://github.com/ccache/ccache/blob/master/doc/INSTALL.md
  warnings.warn(warning_message)
/Users/zhaowenyuan/Projects/FlowFigTabMiner/flowfigtabminer/lib/python3.9/site-packages/paddle/utils/cpp_extension/extension_utils.py:712: UserWarning: No ccache found. Please be aware that recompiling all source files may be required. You can download and install ccache from: https://github.com/ccache/ccache/blob/master/doc/INSTALL.md
  warnings.warn(warning_message)
/Users/zhaowenyuan/Projects/FlowFigTabMiner/flowfigtabminer/lib/python3.9/site-packages/paddle/utils/cpp_extension/extension_utils.py:712: UserWarning: No ccache found. Please be aware that recompiling all source files may be required. You can download and install ccache from: https://github.com/ccache/ccache/blob/master/doc/INSTALL.md
  warnings.warn(warning_message)
/Users/zhaowenyuan/Projects/FlowFigTabMiner/flowfigtabminer/lib/python3.9/site-packages/paddle/utils/cpp_extension/extension_utils.py:712: UserWarning: No ccache found. Please be aware that recompiling all source files may be required. You can download and install ccache from: https://github.com/ccache/ccache/blob/master/doc/INSTALL.md
  warnings.warn(warning_message)
/Users/zhaowenyuan/Projects/FlowFigTabMiner/flowfigtabminer/lib/python3.9/site-packages/paddle/utils/cpp_extension/extension_utils.py:712: UserWarning: No ccache found. Please be aware that recompiling all source files may be required. You can download and install ccache from: https://github.com/ccache/ccache/blob/master/doc/INSTALL.md
  warnings.warn(warning_message)
/Users/zhaowenyuan/Projects/FlowFigTabMiner/flowfigtabminer/lib/python3.9/site-packages/paddle/utils/cpp_extension/extension_utils.py:712: UserWarning: No ccache found. Please be aware that recompiling all source files may be required. You can download and install ccache from: https://github.com/ccache/ccache/blob/master/doc/INSTALL.md
  warnings.warn(warning_message)
/Users/zhaowenyuan/Projects/FlowFigTabMiner/flowfigtabminer/lib/python3.9/site-packages/paddle/utils/cpp_extension/extension_utils.py:712: UserWarning: No ccache found. Please be aware that recompiling all source files may be required. You can download and install ccache from: https://github.com/ccache/ccache/blob/master/doc/INSTALL.md
  warnings.warn(warning_message)
/Users/zhaowenyuan/Projects/FlowFigTabMiner/flowfigtabminer/lib/python3.9/site-packages/paddle/utils/cpp_extension/extension_utils.py:712: UserWarning: No ccache found. Please be aware that recompiling all source files may be required. You can download and install ccache from: https://github.com/ccache/ccache/blob/master/doc/INSTALL.md
  warnings.warn(warning_message)
/Users/zhaowenyuan/Projects/FlowFigTabMiner/flowfigtabminer/lib/python3.9/site-packages/urllib3/__init__.py:35: NotOpenSSLWarning: urllib3 v2 only supports OpenSSL 1.1.1+, currently the 'ssl' module is compiled with 'LibreSSL 2.8.3'. See: https://github.com/urllib3/urllib3/issues/3020
  warnings.warn(
/Users/zhaowenyuan/Projects/FlowFigTabMiner/flowfigtabminer/lib/python3.9/site-packages/urllib3/__init__.py:35: NotOpenSSLWarning: urllib3 v2 only supports OpenSSL 1.1.1+, currently the 'ssl' module is compiled with 'LibreSSL 2.8.3'. See: https://github.com/urllib3/urllib3/issues/3020
  warnings.warn(
/Users/zhaowenyuan/Projects/FlowFigTabMiner/flowfigtabminer/lib/python3.9/site-packages/urllib3/__init__.py:35: NotOpenSSLWarning: urllib3 v2 only supports OpenSSL 1.1.1+, currently the 'ssl' module is compiled with 'LibreSSL 2.8.3'. See: https://github.com/urllib3/urllib3/issues/3020
  warnings.warn(
/Users/zhaowenyuan/Projects/FlowFigTabMiner/flowfigtabminer/lib/python3.9/site-packages/urllib3/__init__.py:35: NotOpenSSLWarning: urllib3 v2 only supports OpenSSL 1.1.1+, currently the 'ssl' module is compiled with 'LibreSSL 2.8.3'. See: https://github.com/urllib3/urllib3/issues/3020
  warnings.warn(
/Users/zhaowenyuan/Projects/FlowFigTabMiner/flowfigtabminer/lib/python3.9/site-packages/urllib3/__init__.py:35: NotOpenSSLWarning: urllib3 v2 only supports OpenSSL 1.1.1+, currently the 'ssl' module is compiled with 'LibreSSL 2.8.3'. See: https://github.com/urllib3/urllib3/issues/3020
  warnings.warn(
/Users/zhaowenyuan/Projects/FlowFigTabMiner/flowfigtabminer/lib/python3.9/site-packages/urllib3/__init__.py:35: NotOpenSSLWarning: urllib3 v2 only supports OpenSSL 1.1.1+, currently the 'ssl' module is compiled with 'LibreSSL 2.8.3'. See: https://github.com/urllib3/urllib3/issues/3020
  warnings.warn(
/Users/zhaowenyuan/Projects/FlowFigTabMiner/flowfigtabminer/lib/python3.9/site-packages/urllib3/__init__.py:35: NotOpenSSLWarning: urllib3 v2 only supports OpenSSL 1.1.1+, currently the 'ssl' module is compiled with 'LibreSSL 2.8.3'. See: https://github.com/urllib3/urllib3/issues/3020
  warnings.warn(
/Users/zhaowenyuan/Projects/FlowFigTabMiner/flowfigtabminer/lib/python3.9/site-packages/urllib3/__init__.py:35: NotOpenSSLWarning: urllib3 v2 only supports OpenSSL 1.1.1+, currently the 'ssl' module is compiled with 'LibreSSL 2.8.3'. See: https://github.com/urllib3/urllib3/issues/3020
  warnings.warn(
/Users/zhaowenyuan/Projects/FlowFigTabMiner/flowfigtabminer/lib/python3.9/site-packages/urllib3/__init__.py:35: NotOpenSSLWarning: urllib3 v2 only supports OpenSSL 1.1.1+, currently the 'ssl' module is compiled with 'LibreSSL 2.8.3'. See: https://github.com/urllib3/urllib3/issues/3020
  warnings.warn(
/Users/zhaowenyuan/Projects/FlowFigTabMiner/flowfigtabminer/lib/python3.9/site-packages/urllib3/__init__.py:35: NotOpenSSLWarning: urllib3 v2 only supports OpenSSL 1.1.1+, currently the 'ssl' module is compiled with 'LibreSSL 2.8.3'. See: https://github.com/urllib3/urllib3/issues/3020
  warnings.warn(
/Users/zhaowenyuan/Projects/FlowFigTabMiner/flowfigtabminer/lib/python3.9/site-packages/urllib3/__init__.py:35: NotOpenSSLWarning: urllib3 v2 only supports OpenSSL 1.1.1+, currently the 'ssl' module is compiled with 'LibreSSL 2.8.3'. See: https://github.com/urllib3/urllib3/issues/3020
  warnings.warn(
/Users/zhaowenyuan/Projects/FlowFigTabMiner/flowfigtabminer/lib/python3.9/site-packages/urllib3/__init__.py:35: NotOpenSSLWarning: urllib3 v2 only supports OpenSSL 1.1.1+, currently the 'ssl' module is compiled with 'LibreSSL 2.8.3'. See: https://github.com/urllib3/urllib3/issues/3020
  warnings.warn(
/Users/zhaowenyuan/Projects/FlowFigTabMiner/flowfigtabminer/lib/python3.9/site-packages/urllib3/__init__.py:35: NotOpenSSLWarning: urllib3 v2 only supports OpenSSL 1.1.1+, currently the 'ssl' module is compiled with 'LibreSSL 2.8.3'. See: https://github.com/urllib3/urllib3/issues/3020
  warnings.warn(
/Users/zhaowenyuan/Projects/FlowFigTabMiner/flowfigtabminer/lib/python3.9/site-packages/urllib3/__init__.py:35: NotOpenSSLWarning: urllib3 v2 only supports OpenSSL 1.1.1+, currently the 'ssl' module is compiled with 'LibreSSL 2.8.3'. See: https://github.com/urllib3/urllib3/issues/3020
  warnings.warn(
/Users/zhaowenyuan/Projects/FlowFigTabMiner/flowfigtabminer/lib/python3.9/site-packages/urllib3/__init__.py:35: NotOpenSSLWarning: urllib3 v2 only supports OpenSSL 1.1.1+, currently the 'ssl' module is compiled with 'LibreSSL 2.8.3'. See: https://github.com/urllib3/urllib3/issues/3020
  warnings.warn(
/Users/zhaowenyuan/Projects/FlowFigTabMiner/flowfigtabminer/lib/python3.9/site-packages/urllib3/__init__.py:35: NotOpenSSLWarning: urllib3 v2 only supports OpenSSL 1.1.1+, currently the 'ssl' module is compiled with 'LibreSSL 2.8.3'. See: https://github.com/urllib3/urllib3/issues/3020
  warnings.warn(
[33mChecking connectivity to the model hosters, this may take a while. To bypass this check, set `DISABLE_MODEL_SOURCE_CHECK` to `True`.[0m
[33mChecking connectivity to the model hosters, this may take a while. To bypass this check, set `DISABLE_MODEL_SOURCE_CHECK` to `True`.[0m
[33mChecking connectivity to the model hosters, this may take a while. To bypass this check, set `DISABLE_MODEL_SOURCE_CHECK` to `True`.[0m
[33mChecking connectivity to the model hosters, this may take a while. To bypass this check, set `DISABLE_MODEL_SOURCE_CHECK` to `True`.[0m
[33mChecking connectivity to the model hosters, this may take a while. To bypass this check, set `DISABLE_MODEL_SOURCE_CHECK` to `True`.[0m
[33mChecking connectivity to the model hosters, this may take a while. To bypass this check, set `DISABLE_MODEL_SOURCE_CHECK` to `True`.[0m
[33mChecking connectivity to the model hosters, this may take a while. To bypass this check, set `DISABLE_MODEL_SOURCE_CHECK` to `True`.[0m
[33mChecking connectivity to the model hosters, this may take a while. To bypass this check, set `DISABLE_MODEL_SOURCE_CHECK` to `True`.[0m
[33mChecking connectivity to the model hosters, this may take a while. To bypass this check, set `DISABLE_MODEL_SOURCE_CHECK` to `True`.[0m
[33mChecking connectivity to the model hosters, this may take a while. To bypass this check, set `DISABLE_MODEL_SOURCE_CHECK` to `True`.[0m
[33mChecking connectivity to the model hosters, this may take a while. To bypass this check, set `DISABLE_MODEL_SOURCE_CHECK` to `True`.[0m
[33mChecking connectivity to the model hosters, this may take a while. To bypass this check, set `DISABLE_MODEL_SOURCE_CHECK` to `True`.[0m
[33mChecking connectivity to the model hosters, this may take a while. To bypass this check, set `DISABLE_MODEL_SOURCE_CHECK` to `True`.[0m
[33mChecking connectivity to the model hosters, this may take a while. To bypass this check, set `DISABLE_MODEL_SOURCE_CHECK` to `True`.[0m
[33mChecking connectivity to the model hosters, this may take a while. To bypass this check, set `DISABLE_MODEL_SOURCE_CHECK` to `True`.[0m
[33mChecking connectivity to the model hosters, this may take a while. To bypass this check, set `DISABLE_MODEL_SOURCE_CHECK` to `True`.[0m
/Users/zhaowenyuan/Projects/FlowFigTabMiner/flowfigtabminer/lib/python3.9/site-packages/onmt/modules/sparse_activations.py:48: FutureWarning: `torch.cuda.amp.custom_fwd(args...)` is deprecated. Please use `torch.amp.custom_fwd(args..., device_type='cuda')` instead.
  def forward(ctx, input, dim=0):
/Users/zhaowenyuan/Projects/FlowFigTabMiner/flowfigtabminer/lib/python3.9/site-packages/onmt/modules/sparse_activations.py:68: FutureWarning: `torch.cuda.amp.custom_bwd(args...)` is deprecated. Please use `torch.amp.custom_bwd(args..., device_type='cuda')` instead.
  def backward(ctx, grad_output):
/Users/zhaowenyuan/Projects/FlowFigTabMiner/flowfigtabminer/lib/python3.9/site-packages/onmt/modules/sparse_losses.py:13: FutureWarning: `torch.cuda.amp.custom_fwd(args...)` is deprecated. Please use `torch.amp.custom_fwd(args..., device_type='cuda')` instead.
  def forward(ctx, input, target):
/Users/zhaowenyuan/Projects/FlowFigTabMiner/flowfigtabminer/lib/python3.9/site-packages/onmt/modules/sparse_losses.py:37: FutureWarning: `torch.cuda.amp.custom_bwd(args...)` is deprecated. Please use `torch.amp.custom_bwd(args..., device_type='cuda')` instead.
  def backward(ctx, grad_output):
/Users/zhaowenyuan/Projects/FlowFigTabMiner/flowfigtabminer/lib/python3.9/site-packages/paddle/utils/cpp_extension/extension_utils.py:712: UserWarning: No ccache found. Please be aware that recompiling all source files may be required. You can download and install ccache from: https://github.com/ccache/ccache/blob/master/doc/INSTALL.md
  warnings.warn(warning_message)
/Users/zhaowenyuan/Projects/FlowFigTabMiner/flowfigtabminer/lib/python3.9/site-packages/paddle/utils/cpp_extension/extension_utils.py:712: UserWarning: No ccache found. Please be aware that recompiling all source files may be required. You can download and install ccache from: https://github.com/ccache/ccache/blob/master/doc/INSTALL.md
  warnings.warn(warning_message)
/Users/zhaowenyuan/Projects/FlowFigTabMiner/flowfigtabminer/lib/python3.9/site-packages/paddle/utils/cpp_extension/extension_utils.py:712: UserWarning: No ccache found. Please be aware that recompiling all source files may be required. You can download and install ccache from: https://github.com/ccache/ccache/blob/master/doc/INSTALL.md
  warnings.warn(warning_message)
/Users/zhaowenyuan/Projects/FlowFigTabMiner/flowfigtabminer/lib/python3.9/site-packages/paddle/utils/cpp_extension/extension_utils.py:712: UserWarning: No ccache found. Please be aware that recompiling all source files may be required. You can download and install ccache from: https://github.com/ccache/ccache/blob/master/doc/INSTALL.md
  warnings.warn(warning_message)
/Users/zhaowenyuan/Projects/FlowFigTabMiner/flowfigtabminer/lib/python3.9/site-packages/paddle/utils/cpp_extension/extension_utils.py:712: UserWarning: No ccache found. Please be aware that recompiling all source files may be required. You can download and install ccache from: https://github.com/ccache/ccache/blob/master/doc/INSTALL.md
  warnings.warn(warning_message)
/Users/zhaowenyuan/Projects/FlowFigTabMiner/flowfigtabminer/lib/python3.9/site-packages/paddle/utils/cpp_extension/extension_utils.py:712: UserWarning: No ccache found. Please be aware that recompiling all source files may be required. You can download and install ccache from: https://github.com/ccache/ccache/blob/master/doc/INSTALL.md
  warnings.warn(warning_message)
/Users/zhaowenyuan/Projects/FlowFigTabMiner/flowfigtabminer/lib/python3.9/site-packages/paddle/utils/cpp_extension/extension_utils.py:712: UserWarning: No ccache found. Please be aware that recompiling all source files may be required. You can download and install ccache from: https://github.com/ccache/ccache/blob/master/doc/INSTALL.md
  warnings.warn(warning_message)
/Users/zhaowenyuan/Projects/FlowFigTabMiner/flowfigtabminer/lib/python3.9/site-packages/paddle/utils/cpp_extension/extension_utils.py:712: UserWarning: No ccache found. Please be aware that recompiling all source files may be required. You can download and install ccache from: https://github.com/ccache/ccache/blob/master/doc/INSTALL.md
  warnings.warn(warning_message)
/Users/zhaowenyuan/Projects/FlowFigTabMiner/flowfigtabminer/lib/python3.9/site-packages/paddle/utils/cpp_extension/extension_utils.py:712: UserWarning: No ccache found. Please be aware that recompiling all source files may be required. You can download and install ccache from: https://github.com/ccache/ccache/blob/master/doc/INSTALL.md
  warnings.warn(warning_message)
/Users/zhaowenyuan/Projects/FlowFigTabMiner/flowfigtabminer/lib/python3.9/site-packages/paddle/utils/cpp_extension/extension_utils.py:712: UserWarning: No ccache found. Please be aware that recompiling all source files may be required. You can download and install ccache from: https://github.com/ccache/ccache/blob/master/doc/INSTALL.md
  warnings.warn(warning_message)
/Users/zhaowenyuan/Projects/FlowFigTabMiner/flowfigtabminer/lib/python3.9/site-packages/paddle/utils/cpp_extension/extension_utils.py:712: UserWarning: No ccache found. Please be aware that recompiling all source files may be required. You can download and install ccache from: https://github.com/ccache/ccache/blob/master/doc/INSTALL.md
  warnings.warn(warning_message)
/Users/zhaowenyuan/Projects/FlowFigTabMiner/flowfigtabminer/lib/python3.9/site-packages/paddle/utils/cpp_extension/extension_utils.py:712: UserWarning: No ccache found. Please be aware that recompiling all source files may be required. You can download and install ccache from: https://github.com/ccache/ccache/blob/master/doc/INSTALL.md
  warnings.warn(warning_message)
/Users/zhaowenyuan/Projects/FlowFigTabMiner/flowfigtabminer/lib/python3.9/site-packages/paddle/utils/cpp_extension/extension_utils.py:712: UserWarning: No ccache found. Please be aware that recompiling all source files may be required. You can download and install ccache from: https://github.com/ccache/ccache/blob/master/doc/INSTALL.md
  warnings.warn(warning_message)
/Users/zhaowenyuan/Projects/FlowFigTabMiner/flowfigtabminer/lib/python3.9/site-packages/paddle/utils/cpp_extension/extension_utils.py:712: UserWarning: No ccache found. Please be aware that recompiling all source files may be required. You can download and install ccache from: https://github.com/ccache/ccache/blob/master/doc/INSTALL.md
  warnings.warn(warning_message)
/Users/zhaowenyuan/Projects/FlowFigTabMiner/flowfigtabminer/lib/python3.9/site-packages/paddle/utils/cpp_extension/extension_utils.py:712: UserWarning: No ccache found. Please be aware that recompiling all source files may be required. You can download and install ccache from: https://github.com/ccache/ccache/blob/master/doc/INSTALL.md
  warnings.warn(warning_message)
/Users/zhaowenyuan/Projects/FlowFigTabMiner/flowfigtabminer/lib/python3.9/site-packages/paddle/utils/cpp_extension/extension_utils.py:712: UserWarning: No ccache found. Please be aware that recompiling all source files may be required. You can download and install ccache from: https://github.com/ccache/ccache/blob/master/doc/INSTALL.md
  warnings.warn(warning_message)
/Users/zhaowenyuan/Projects/FlowFigTabMiner/flowfigtabminer/lib/python3.9/site-packages/urllib3/__init__.py:35: NotOpenSSLWarning: urllib3 v2 only supports OpenSSL 1.1.1+, currently the 'ssl' module is compiled with 'LibreSSL 2.8.3'. See: https://github.com/urllib3/urllib3/issues/3020
  warnings.warn(
/Users/zhaowenyuan/Projects/FlowFigTabMiner/flowfigtabminer/lib/python3.9/site-packages/urllib3/__init__.py:35: NotOpenSSLWarning: urllib3 v2 only supports OpenSSL 1.1.1+, currently the 'ssl' module is compiled with 'LibreSSL 2.8.3'. See: https://github.com/urllib3/urllib3/issues/3020
  warnings.warn(
/Users/zhaowenyuan/Projects/FlowFigTabMiner/flowfigtabminer/lib/python3.9/site-packages/urllib3/__init__.py:35: NotOpenSSLWarning: urllib3 v2 only supports OpenSSL 1.1.1+, currently the 'ssl' module is compiled with 'LibreSSL 2.8.3'. See: https://github.com/urllib3/urllib3/issues/3020
  warnings.warn(
/Users/zhaowenyuan/Projects/FlowFigTabMiner/flowfigtabminer/lib/python3.9/site-packages/urllib3/__init__.py:35: NotOpenSSLWarning: urllib3 v2 only supports OpenSSL 1.1.1+, currently the 'ssl' module is compiled with 'LibreSSL 2.8.3'. See: https://github.com/urllib3/urllib3/issues/3020
  warnings.warn(
/Users/zhaowenyuan/Projects/FlowFigTabMiner/flowfigtabminer/lib/python3.9/site-packages/urllib3/__init__.py:35: NotOpenSSLWarning: urllib3 v2 only supports OpenSSL 1.1.1+, currently the 'ssl' module is compiled with 'LibreSSL 2.8.3'. See: https://github.com/urllib3/urllib3/issues/3020
  warnings.warn(
/Users/zhaowenyuan/Projects/FlowFigTabMiner/flowfigtabminer/lib/python3.9/site-packages/urllib3/__init__.py:35: NotOpenSSLWarning: urllib3 v2 only supports OpenSSL 1.1.1+, currently the 'ssl' module is compiled with 'LibreSSL 2.8.3'. See: https://github.com/urllib3/urllib3/issues/3020
  warnings.warn(
/Users/zhaowenyuan/Projects/FlowFigTabMiner/flowfigtabminer/lib/python3.9/site-packages/urllib3/__init__.py:35: NotOpenSSLWarning: urllib3 v2 only supports OpenSSL 1.1.1+, currently the 'ssl' module is compiled with 'LibreSSL 2.8.3'. See: https://github.com/urllib3/urllib3/issues/3020
  warnings.warn(
/Users/zhaowenyuan/Projects/FlowFigTabMiner/flowfigtabminer/lib/python3.9/site-packages/urllib3/__init__.py:35: NotOpenSSLWarning: urllib3 v2 only supports OpenSSL 1.1.1+, currently the 'ssl' module is compiled with 'LibreSSL 2.8.3'. See: https://github.com/urllib3/urllib3/issues/3020
  warnings.warn(
/Users/zhaowenyuan/Projects/FlowFigTabMiner/flowfigtabminer/lib/python3.9/site-packages/urllib3/__init__.py:35: NotOpenSSLWarning: urllib3 v2 only supports OpenSSL 1.1.1+, currently the 'ssl' module is compiled with 'LibreSSL 2.8.3'. See: https://github.com/urllib3/urllib3/issues/3020
  warnings.warn(
/Users/zhaowenyuan/Projects/FlowFigTabMiner/flowfigtabminer/lib/python3.9/site-packages/urllib3/__init__.py:35: NotOpenSSLWarning: urllib3 v2 only supports OpenSSL 1.1.1+, currently the 'ssl' module is compiled with 'LibreSSL 2.8.3'. See: https://github.com/urllib3/urllib3/issues/3020
  warnings.warn(
/Users/zhaowenyuan/Projects/FlowFigTabMiner/flowfigtabminer/lib/python3.9/site-packages/urllib3/__init__.py:35: NotOpenSSLWarning: urllib3 v2 only supports OpenSSL 1.1.1+, currently the 'ssl' module is compiled with 'LibreSSL 2.8.3'. See: https://github.com/urllib3/urllib3/issues/3020
  warnings.warn(
/Users/zhaowenyuan/Projects/FlowFigTabMiner/flowfigtabminer/lib/python3.9/site-packages/urllib3/__init__.py:35: NotOpenSSLWarning: urllib3 v2 only supports OpenSSL 1.1.1+, currently the 'ssl' module is compiled with 'LibreSSL 2.8.3'. See: https://github.com/urllib3/urllib3/issues/3020
  warnings.warn(
/Users/zhaowenyuan/Projects/FlowFigTabMiner/flowfigtabminer/lib/python3.9/site-packages/urllib3/__init__.py:35: NotOpenSSLWarning: urllib3 v2 only supports OpenSSL 1.1.1+, currently the 'ssl' module is compiled with 'LibreSSL 2.8.3'. See: https://github.com/urllib3/urllib3/issues/3020
  warnings.warn(
/Users/zhaowenyuan/Projects/FlowFigTabMiner/flowfigtabminer/lib/python3.9/site-packages/urllib3/__init__.py:35: NotOpenSSLWarning: urllib3 v2 only supports OpenSSL 1.1.1+, currently the 'ssl' module is compiled with 'LibreSSL 2.8.3'. See: https://github.com/urllib3/urllib3/issues/3020
  warnings.warn(
/Users/zhaowenyuan/Projects/FlowFigTabMiner/flowfigtabminer/lib/python3.9/site-packages/urllib3/__init__.py:35: NotOpenSSLWarning: urllib3 v2 only supports OpenSSL 1.1.1+, currently the 'ssl' module is compiled with 'LibreSSL 2.8.3'. See: https://github.com/urllib3/urllib3/issues/3020
  warnings.warn(
/Users/zhaowenyuan/Projects/FlowFigTabMiner/flowfigtabminer/lib/python3.9/site-packages/urllib3/__init__.py:35: NotOpenSSLWarning: urllib3 v2 only supports OpenSSL 1.1.1+, currently the 'ssl' module is compiled with 'LibreSSL 2.8.3'. See: https://github.com/urllib3/urllib3/issues/3020
  warnings.warn(
[33mChecking connectivity to the model hosters, this may take a while. To bypass this check, set `DISABLE_MODEL_SOURCE_CHECK` to `True`.[0m
[33mChecking connectivity to the model hosters, this may take a while. To bypass this check, set `DISABLE_MODEL_SOURCE_CHECK` to `True`.[0m
[33mChecking connectivity to the model hosters, this may take a while. To bypass this check, set `DISABLE_MODEL_SOURCE_CHECK` to `True`.[0m
[33mChecking connectivity to the model hosters, this may take a while. To bypass this check, set `DISABLE_MODEL_SOURCE_CHECK` to `True`.[0m
[33mChecking connectivity to the model hosters, this may take a while. To bypass this check, set `DISABLE_MODEL_SOURCE_CHECK` to `True`.[0m
[33mChecking connectivity to the model hosters, this may take a while. To bypass this check, set `DISABLE_MODEL_SOURCE_CHECK` to `True`.[0m
[33mChecking connectivity to the model hosters, this may take a while. To bypass this check, set `DISABLE_MODEL_SOURCE_CHECK` to `True`.[0m
[33mChecking connectivity to the model hosters, this may take a while. To bypass this check, set `DISABLE_MODEL_SOURCE_CHECK` to `True`.[0m
[33mChecking connectivity to the model hosters, this may take a while. To bypass this check, set `DISABLE_MODEL_SOURCE_CHECK` to `True`.[0m
[33mChecking connectivity to the model hosters, this may take a while. To bypass this check, set `DISABLE_MODEL_SOURCE_CHECK` to `True`.[0m
[33mChecking connectivity to the model hosters, this may take a while. To bypass this check, set `DISABLE_MODEL_SOURCE_CHECK` to `True`.[0m
[33mChecking connectivity to the model hosters, this may take a while. To bypass this check, set `DISABLE_MODEL_SOURCE_CHECK` to `True`.[0m
[33mChecking connectivity to the model hosters, this may take a while. To bypass this check, set `DISABLE_MODEL_SOURCE_CHECK` to `True`.[0m
[33mChecking connectivity to the model hosters, this may take a while. To bypass this check, set `DISABLE_MODEL_SOURCE_CHECK` to `True`.[0m
[33mChecking connectivity to the model hosters, this may take a while. To bypass this check, set `DISABLE_MODEL_SOURCE_CHECK` to `True`.[0m
[33mChecking connectivity to the model hosters, this may take a while. To bypass this check, set `DISABLE_MODEL_SOURCE_CHECK` to `True`.[0m
/Users/zhaowenyuan/Projects/FlowFigTabMiner/flowfigtabminer/lib/python3.9/site-packages/onmt/modules/sparse_activations.py:48: FutureWarning: `torch.cuda.amp.custom_fwd(args...)` is deprecated. Please use `torch.amp.custom_fwd(args..., device_type='cuda')` instead.
  def forward(ctx, input, dim=0):
/Users/zhaowenyuan/Projects/FlowFigTabMiner/flowfigtabminer/lib/python3.9/site-packages/onmt/modules/sparse_activations.py:68: FutureWarning: `torch.cuda.amp.custom_bwd(args...)` is deprecated. Please use `torch.amp.custom_bwd(args..., device_type='cuda')` instead.
  def backward(ctx, grad_output):
/Users/zhaowenyuan/Projects/FlowFigTabMiner/flowfigtabminer/lib/python3.9/site-packages/onmt/modules/sparse_losses.py:13: FutureWarning: `torch.cuda.amp.custom_fwd(args...)` is deprecated. Please use `torch.amp.custom_fwd(args..., device_type='cuda')` instead.
  def forward(ctx, input, target):
/Users/zhaowenyuan/Projects/FlowFigTabMiner/flowfigtabminer/lib/python3.9/site-packages/onmt/modules/sparse_losses.py:37: FutureWarning: `torch.cuda.amp.custom_bwd(args...)` is deprecated. Please use `torch.amp.custom_bwd(args..., device_type='cuda')` instead.
  def backward(ctx, grad_output):
[32mCreating model: ('PP-LCNet_x1_0_doc_ori', None)[0m
[32mModel files already exist. Using cached files. To redownload, please delete the directory manually: `/Users/zhaowenyuan/.paddlex/official_models/PP-LCNet_x1_0_doc_ori`.[0m
[32mCreating model: ('UVDoc', None)[0m
[32mModel files already exist. Using cached files. To redownload, please delete the directory manually: `/Users/zhaowenyuan/.paddlex/official_models/UVDoc`.[0m
[32mCreating model: ('PP-OCRv5_server_det', None)[0m
[32mModel files already exist. Using cached files. To redownload, please delete the directory manually: `/Users/zhaowenyuan/.paddlex/official_models/PP-OCRv5_server_det`.[0m
[32mCreating model: ('en_PP-OCRv5_mobile_rec', None)[0m
[32mModel files already exist. Using cached files. To redownload, please delete the directory manually: `/Users/zhaowenyuan/.paddlex/official_models/en_PP-OCRv5_mobile_rec`.[0m
   [SchemeSegParser] 8 (unknown) -> CON(C)C(=O)c1ccc(C(=O)CF)cc1.[I-].[I-]...
   -> reactant_pool: 0 entries, product_pool: 0 entries, compound_pool: 1 entries
   -> Compound pool (1 total) -> data/intermediate/example1/compound_pool.json
   -> Scheme conditions saved -> data/intermediate/example1/scheme_conditions.txt

=== Step 4.5: Build Sub-Variable Libraries ===
[PDFParser] Loading cached text from data/input/example1_fulltext.txt
[LLMEngine] Initialized DashScope Native SDK (Model: qwen3.5-plus)
   [LocalVars] Loaded scheme_conditions.txt (4 chars)
[LocalVarsBuilder] Cache hit: page_2_figure_1_t0
[LocalVarsBuilder] Cache hit: page_2_figure_2_t0
[LocalVarsBuilder] Cache hit: page_4_table_0
[LocalVarsBuilder] Cache hit: page_4_table_2
[LocalVarsBuilder] Cache hit: page_3_table_0

=== Step 5: Global Assembly ===
[LLMEngine] Initialized DashScope Native SDK (Model: qwen3.5-plus)
[GlobalAssembly] Cache hit — skipping LLM (use --force-assembly to rerun): data/final_output/example1_final.json
   -> Saved Excel to data/final_output/example1_final.xlsx

=== Step 6: Post-Processing (Normalisation) ===
[PDFParser] Loading cached text from data/input/example1_fulltext.txt
[PostProcessor] example1: 93 records, DOI=10.1002/anie.202003831, year=2020
[PostProcessor] -> data/final_output/example1_normalized.json
[PostProcessor] -> Excel: data/final_output/example1_normalized.xlsx

=== Pipeline Complete ===
