/Users/zhaowenyuan/Projects/FlowFigTabMiner/flowfigtabminer/lib/python3.9/site-packages/urllib3/__init__.py:35: NotOpenSSLWarning: urllib3 v2 only supports OpenSSL 1.1.1+, currently the 'ssl' module is compiled with 'LibreSSL 2.8.3'. See: https://github.com/urllib3/urllib3/issues/3020
  warnings.warn(
Florence2LanguageForConditionalGeneration has generative capabilities, as `prepare_inputs_for_generation` is explicitly defined. However, it doesn't directly inherit from `GenerationMixin`. From 👉v4.50👈 onwards, `PreTrainedModel` will NOT inherit from `GenerationMixin`, and this model will lose the ability to call `generate` and other related functions.
  - If you're using `trust_remote_code=True`, you can get rid of this warning by loading the model with an auto class. See https://huggingface.co/docs/transformers/en/model_doc/auto#auto-classes
  - If you are the owner of the model architecture code, please modify your model class such that it inherits from `GenerationMixin` (after `PreTrainedModel`, otherwise you'll get an exception).
  - If you are not the owner of the model architecture class, please contact the model code owner to update it.
--- Phase 1: Input & Parsing for data/input/example.pdf ---
Loading TF-ID (Florence-2) model: yifeihu/TF-ID-base on mps...
PATCHING: Adding GenerationMixin to Florence2LanguageForConditionalGeneration bases for compatibility.
PATCHING: Initializing missing generation_config for language_model.
[PDFParser] Loading cached text from data/input/example_fulltext.txt
  --> Extracted 11 image regions.
--- Phase 1 Completed in 17.08s ---
/Users/zhaowenyuan/Projects/FlowFigTabMiner/flowfigtabminer/lib/python3.9/site-packages/urllib3/__init__.py:35: NotOpenSSLWarning: urllib3 v2 only supports OpenSSL 1.1.1+, currently the 'ssl' module is compiled with 'LibreSSL 2.8.3'. See: https://github.com/urllib3/urllib3/issues/3020
  warnings.warn(
[33mChecking connectivity to the model hosters, this may take a while. To bypass this check, set `DISABLE_MODEL_SOURCE_CHECK` to `True`.[0m
/Users/zhaowenyuan/Projects/FlowFigTabMiner/flowfigtabminer/lib/python3.9/site-packages/paddle/utils/cpp_extension/extension_utils.py:712: UserWarning: No ccache found. Please be aware that recompiling all source files may be required. You can download and install ccache from: https://github.com/ccache/ccache/blob/master/doc/INSTALL.md
  warnings.warn(warning_message)
[32mCreating model: ('PP-LCNet_x1_0_doc_ori', None)[0m
[32mModel files already exist. Using cached files. To redownload, please delete the directory manually: `/Users/zhaowenyuan/.paddlex/official_models/PP-LCNet_x1_0_doc_ori`.[0m
[32mCreating model: ('UVDoc', None)[0m
[32mModel files already exist. Using cached files. To redownload, please delete the directory manually: `/Users/zhaowenyuan/.paddlex/official_models/UVDoc`.[0m
[32mCreating model: ('PP-LCNet_x1_0_textline_ori', None)[0m
[32mModel files already exist. Using cached files. To redownload, please delete the directory manually: `/Users/zhaowenyuan/.paddlex/official_models/PP-LCNet_x1_0_textline_ori`.[0m
[32mCreating model: ('PP-OCRv5_server_det', None)[0m
[32mModel files already exist. Using cached files. To redownload, please delete the directory manually: `/Users/zhaowenyuan/.paddlex/official_models/PP-OCRv5_server_det`.[0m
[32mCreating model: ('en_PP-OCRv5_mobile_rec', None)[0m
[32mModel files already exist. Using cached files. To redownload, please delete the directory manually: `/Users/zhaowenyuan/.paddlex/official_models/en_PP-OCRv5_mobile_rec`.[0m
[2026-03-07 20:20:15,910] [    INFO] figure_processor.py:59 - Loading YOLO Micro: models/yolo11m-fig-scatter-0208/runs/detect/train/weights/best.pt
[2026-03-07 20:20:17,556] [    INFO] figure_processor.py:122 - Figure 'page_6_figure_1_t0': YOLO found 19 raw data points.
[2026-03-07 20:20:17,556] [    INFO] figure_processor.py:66 - Loading LegendMatcher...
[32mCreating model: ('PP-LCNet_x1_0_doc_ori', None)[0m
[32mModel files already exist. Using cached files. To redownload, please delete the directory manually: `/Users/zhaowenyuan/.paddlex/official_models/PP-LCNet_x1_0_doc_ori`.[0m
[32mCreating model: ('UVDoc', None)[0m
[32mModel files already exist. Using cached files. To redownload, please delete the directory manually: `/Users/zhaowenyuan/.paddlex/official_models/UVDoc`.[0m
[32mCreating model: ('PP-OCRv5_server_det', None)[0m
[32mModel files already exist. Using cached files. To redownload, please delete the directory manually: `/Users/zhaowenyuan/.paddlex/official_models/PP-OCRv5_server_det`.[0m
[32mCreating model: ('en_PP-OCRv5_mobile_rec', None)[0m
[32mModel files already exist. Using cached files. To redownload, please delete the directory manually: `/Users/zhaowenyuan/.paddlex/official_models/en_PP-OCRv5_mobile_rec`.[0m
[2026-03-07 20:20:20,370] [    INFO] figure_processor.py:128 - Figure 'page_6_figure_1_t0': LegendMatcher matched 19 points to series.
[2026-03-07 20:20:20,370] [    INFO] figure_processor.py:73 - Loading CoordinateMapper...
[32mCreating model: ('PP-LCNet_x1_0_doc_ori', None)[0m
[32mModel files already exist. Using cached files. To redownload, please delete the directory manually: `/Users/zhaowenyuan/.paddlex/official_models/PP-LCNet_x1_0_doc_ori`.[0m
[32mCreating model: ('UVDoc', None)[0m
[32mModel files already exist. Using cached files. To redownload, please delete the directory manually: `/Users/zhaowenyuan/.paddlex/official_models/UVDoc`.[0m
[32mCreating model: ('PP-OCRv5_server_det', None)[0m
[32mModel files already exist. Using cached files. To redownload, please delete the directory manually: `/Users/zhaowenyuan/.paddlex/official_models/PP-OCRv5_server_det`.[0m
[32mCreating model: ('en_PP-OCRv5_mobile_rec', None)[0m
[32mModel files already exist. Using cached files. To redownload, please delete the directory manually: `/Users/zhaowenyuan/.paddlex/official_models/en_PP-OCRv5_mobile_rec`.[0m
[2026-03-07 20:20:25,403] [    INFO] figure_processor.py:89 - Processing Figure: data/intermediate/example/figures/page_6_figure_0.png
[2026-03-07 20:20:44,965] [    INFO] figure_processor.py:122 - Figure 'page_6_figure_0_t0': YOLO found 17 raw data points.
[2026-03-07 20:20:47,435] [    INFO] figure_processor.py:128 - Figure 'page_6_figure_0_t0': LegendMatcher matched 17 points to series.
[2026-03-07 20:20:51,416] [    INFO] figure_processor.py:89 - Processing Figure: data/intermediate/example/figures/page_7_figure_1.png
[2026-03-07 20:21:04,958] [    INFO] figure_processor.py:122 - Figure 'page_7_figure_1_t0': YOLO found 19 raw data points.
[2026-03-07 20:21:04,958] [    INFO] figure_processor.py:128 - Figure 'page_7_figure_1_t0': LegendMatcher matched 19 points to series.
[2026-03-07 20:21:08,545] [    INFO] figure_processor.py:89 - Processing Figure: data/intermediate/example/figures/page_2_figure_0.png
[2026-03-07 20:21:08,938] [ WARNING] figure_processor.py:100 - Macro cleaning returned no results.
[2026-03-07 20:21:08,938] [    INFO] figure_processor.py:89 - Processing Figure: data/intermediate/example/figures/page_5_figure_0.png
[2026-03-07 20:21:23,531] [    INFO] figure_processor.py:122 - Figure 'page_5_figure_0_t0': YOLO found 16 raw data points.
[2026-03-07 20:21:26,104] [    INFO] figure_processor.py:128 - Figure 'page_5_figure_0_t0': LegendMatcher matched 16 points to series.
[2026-03-07 20:21:29,894] [    INFO] figure_processor.py:89 - Processing Figure: data/intermediate/example/figures/page_5_figure_1.png
[2026-03-07 20:21:41,796] [    INFO] figure_processor.py:122 - Figure 'page_5_figure_1_t0': YOLO found 16 raw data points.
[2026-03-07 20:21:44,402] [    INFO] figure_processor.py:128 - Figure 'page_5_figure_1_t0': LegendMatcher matched 16 points to series.
[2026-03-07 20:21:48,736] [    INFO] figure_processor.py:89 - Processing Figure: data/intermediate/example/figures/page_3_figure_0.png
[2026-03-07 20:21:49,168] [ WARNING] figure_processor.py:100 - Macro cleaning returned no results.
--- Phase 2: Figure Processing ---
  --> Found 7 raw figures.
Loading YOLO model from models/yolo11m-fig-seg-0207-nobreaknocharttext/runs/detect/train/weights/best.pt...
   -> Classes: {0: 'caption', 1: 'legend', 2: 'subfigure_marker', 3: 'target_image', 4: 'x_axis_title', 5: 'y_axis_title'}
   YOLO Processing: page_6_figure_1...
      -> Saved page_6_figure_1_t0_cleaned.png (masked 4 elements)
      [OCR Debug] page_6_figure_1_t0_x_axis_title_0.png -> 'flow rate (mL/min iquid'
      [OCR Debug] page_6_figure_1_t0_legend_0.png -> '3,4-dichloroaniline dechloroaniline dechloronitrobenzene azo'
      [OCR Debug] page_6_figure_1_t0_y_axis_title_1.png -> 'electivity of by products'
      [OCR Debug] page_6_figure_1_t0_y_axis_title_0.png -> ''
      [Filter Debug] Figure: page_6_figure_1_t0 | Relevant: True | Text Preview: flow rate (ml/min iquid electivity of by products 3,4-dichlo
Loading Stage 2 YOLO model from models/yolo11m-fig-scatter-0208/runs/detect/train/weights/best.pt...
      [DEBUG] Saved Master Legend to debug_master_legend.png
      [DEBUG] Master Legend Markers: 17
      [DEBUG] Master Legend Texts: 4
      [DEBUG] Proto '3,4-dichloroaniline': HSV=[ 90 ... 203]
      [DEBUG] Proto 'azo': HSV=[  0 ... 245]
      [DEBUG] Proto 'dechloronitrobenzen': HSV=[134 ... 214]
      [DEBUG] Proto 'dechloroaniline': HSV=[100 ... 243]
      [DEBUG] Proto 'dechloronitrobenzen': HSV=[134 ... 214]
      [DEBUG] Proto 'azo': HSV=[  0 ... 255]
      [DEBUG] Proto '3,4-dichloroaniline' Selected BEST from 1 candidates (Max Sat: 254).
      [DEBUG] Final Proto '3,4-dichloroaniline': HSV=[ 90 ... 203]
      [DEBUG] Proto 'azo' Selected BEST from 1 candidates (Max Sat: 184).
      [DEBUG] Final Proto 'azo': HSV=[  0 ... 245]
      [DEBUG] Proto 'dechloronitrobenzen' Selected BEST from 2 candidates (Max Sat: 240).
      [DEBUG] Final Proto 'dechloronitrobenzen': HSV=[134 ... 214]
      [DEBUG] Proto 'dechloroaniline' Selected BEST from 1 candidates (Max Sat: 224).
      [DEBUG] Final Proto 'dechloroaniline': HSV=[100 ... 243]
      [DEBUG] Point 0 HSV: [ 90 ... 205]
        -> Dist to '3,4-dichloroaniline': 0.20
        -> Dist to 'azo': 2.29
        -> Dist to 'dechloronitrobenzen': 1.11
        -> Dist to 'dechloroaniline': 0.32
        -> Assigned: 3,4-dichloroaniline
[Assembler] Assembling evidence for page_6_figure_1_t0...
      [Assembler] Local caption empty for page_6_figure_1_t0. Checking shared page context...
      [Fallback] Attempting to find shared caption for page_6_figure_1_t0...
      [Fallback Debug] Scanning: data/intermediate/example/macro_cleaned/page_6_figure_*_caption_*.png
      [Fallback Debug] Found 0 candidates: []
   YOLO Processing: page_6_figure_0...
      -> Saved page_6_figure_0_t0_cleaned.png (masked 4 elements)
      [OCR Debug] page_6_figure_0_t0_legend_0.png -> '-3,4-dichloroaniline dechloroaniline dechloronitrobenzene azo'
      [OCR Debug] page_6_figure_0_t0_x_axis_title_0.png -> 'emperature'
      [OCR Debug] page_6_figure_0_t0_y_axis_title_1.png -> 'ectivity of by products %)'
      [OCR Debug] page_6_figure_0_t0_y_axis_title_0.png -> 'Selectivity of main product (%'
      [Filter Debug] Figure: page_6_figure_0_t0 | Relevant: True | Text Preview: emperature ectivity of by products %) selectivity of main pr
      [DEBUG] Saved Master Legend to debug_master_legend.png
      [DEBUG] Master Legend Markers: 18
      [DEBUG] Master Legend Texts: 4
      [DEBUG] Proto '3,4-dichloroaniline': HSV=[ 90 ... 202]
      [DEBUG] Proto 'azo': HSV=[  0 ... 243]
      [DEBUG] Proto 'dechloronitrobenzen': HSV=[134 ... 214]
      [DEBUG] Proto 'dechloroaniline': HSV=[100 ... 245]
      [DEBUG] Proto 'dechloronitrobenzen': HSV=[134 ... 217]
      [DEBUG] Proto '3,4-dichloroaniline' Selected BEST from 1 candidates (Max Sat: 252).
      [DEBUG] Final Proto '3,4-dichloroaniline': HSV=[ 90 ... 202]
      [DEBUG] Proto 'azo' Selected BEST from 1 candidates (Max Sat: 187).
      [DEBUG] Final Proto 'azo': HSV=[  0 ... 243]
      [DEBUG] Proto 'dechloronitrobenzen' Selected BEST from 2 candidates (Max Sat: 243).
      [DEBUG] Final Proto 'dechloronitrobenzen': HSV=[134 ... 217]
      [DEBUG] Proto 'dechloroaniline' Selected BEST from 1 candidates (Max Sat: 226).
      [DEBUG] Final Proto 'dechloroaniline': HSV=[100 ... 245]
      [DEBUG] Point 0 HSV: [ 90 ... 205]
        -> Dist to '3,4-dichloroaniline': 0.22
        -> Dist to 'azo': 2.24
        -> Dist to 'dechloronitrobenzen': 1.17
        -> Dist to 'dechloroaniline': 0.37
        -> Assigned: 3,4-dichloroaniline
[Assembler] Assembling evidence for page_6_figure_0_t0...
      [Assembler] Local caption empty for page_6_figure_0_t0. Checking shared page context...
      [Fallback] Attempting to find shared caption for page_6_figure_0_t0...
      [Fallback Debug] Scanning: data/intermediate/example/macro_cleaned/page_6_figure_*_caption_*.png
      [Fallback Debug] Found 0 candidates: []
   YOLO Processing: page_7_figure_1...
      -> Saved page_7_figure_1_t0_cleaned.png (masked 2 elements)
      [OCR Debug] page_7_figure_1_t0_y_axis_title_0.png -> 'electivity (%'
      [OCR Debug] page_7_figure_1_t0_x_axis_title_0.png -> 'flow rate (mL/min iquid'
      [Filter Debug] Figure: page_7_figure_1_t0 | Relevant: True | Text Preview: flow rate (ml/min iquid electivity (%
[Assembler] Assembling evidence for page_7_figure_1_t0...
      [Assembler] Local caption empty for page_7_figure_1_t0. Checking shared page context...
      [Fallback] Attempting to find shared caption for page_7_figure_1_t0...
      [Fallback Debug] Scanning: data/intermediate/example/macro_cleaned/page_7_figure_*_caption_*.png
      [Fallback Debug] Found 0 candidates: []
   YOLO Processing: page_2_figure_0...
      -> No target_image detected. Skipping.
   YOLO Processing: page_5_figure_0...
      -> Saved page_5_figure_0_t0_cleaned.png (masked 4 elements)
      [OCR Debug] page_5_figure_0_t0_y_axis_title_0.png -> 'product vity of main'
      [OCR Debug] page_5_figure_0_t0_y_axis_title_1.png -> 'lectivity of by products (o)'
      [OCR Debug] page_5_figure_0_t0_x_axis_title_0.png -> '(MPa 'ressure'
      [OCR Debug] page_5_figure_0_t0_legend_0.png -> '3,4-dichloroaniline dechloroaniline dechloronitrobenzene azo'
      [Filter Debug] Figure: page_5_figure_0_t0 | Relevant: False | Text Preview: (mpa 'ressure product vity of main lectivity of by products 
      [DEBUG] Saved Master Legend to debug_master_legend.png
      [DEBUG] Master Legend Markers: 15
      [DEBUG] Master Legend Texts: 4
      [DEBUG] Proto '3,4-dichloroaniline': HSV=[ 90 ... 203]
      [DEBUG] Proto 'azo': HSV=[  0 ... 241]
      [DEBUG] Proto 'dechloronitrobenzen': HSV=[134 ... 215]
      [DEBUG] Proto 'dechloroaniline': HSV=[101 ... 246]
      [DEBUG] Proto 'dechloronitrobenzen': HSV=[134 ... 216]
      [DEBUG] Proto 'azo': HSV=[  0 ... 254]
      [DEBUG] Proto 'dechloronitrobenzen': HSV=[134 ... 210]
      [DEBUG] Proto '3,4-dichloroaniline' Selected BEST from 1 candidates (Max Sat: 254).
      [DEBUG] Final Proto '3,4-dichloroaniline': HSV=[ 90 ... 203]
      [DEBUG] Proto 'azo' Selected BEST from 1 candidates (Max Sat: 183).
      [DEBUG] Final Proto 'azo': HSV=[  0 ... 241]
      [DEBUG] Proto 'dechloronitrobenzen' Selected BEST from 3 candidates (Max Sat: 243).
      [DEBUG] Final Proto 'dechloronitrobenzen': HSV=[134 ... 216]
      [DEBUG] Proto 'dechloroaniline' Selected BEST from 1 candidates (Max Sat: 230).
      [DEBUG] Final Proto 'dechloroaniline': HSV=[101 ... 246]
      [DEBUG] Point 0 HSV: [ 90 ... 204]
        -> Dist to '3,4-dichloroaniline': 0.21
        -> Dist to 'azo': 2.28
        -> Dist to 'dechloronitrobenzen': 1.14
        -> Dist to 'dechloroaniline': 0.39
        -> Assigned: 3,4-dichloroaniline
[Assembler] Assembling evidence for page_5_figure_0_t0...
      [Assembler] Local caption empty for page_5_figure_0_t0. Checking shared page context...
      [Fallback] Attempting to find shared caption for page_5_figure_0_t0...
      [Fallback Debug] Scanning: data/intermediate/example/macro_cleaned/page_5_figure_*_caption_*.png
      [Fallback Debug] Found 0 candidates: []
   YOLO Processing: page_5_figure_1...
      -> Saved page_5_figure_1_t0_cleaned.png (masked 5 elements)
      [OCR Debug] page_5_figure_1_t0_legend_0.png -> 'dechloroaniline dechloronitrobenzene azo'
      [OCR Debug] page_5_figure_1_t0_legend_1.png -> '3,4-dichloroanilin'
      [OCR Debug] page_5_figure_1_t0_y_axis_title_0.png -> 'product ( main lectivity of r'
      [OCR Debug] page_5_figure_1_t0_y_axis_title_1.png -> 'lectivity of by products'
      [OCR Debug] page_5_figure_1_t0_x_axis_title_0.png -> 'flow rate (mL/min Gas'
      [Filter Debug] Figure: page_5_figure_1_t0 | Relevant: False | Text Preview: flow rate (ml/min gas product ( main lectivity of r lectivit
      [DEBUG] Saved Master Legend to debug_master_legend.png
      [DEBUG] Master Legend Markers: 22
      [DEBUG] Master Legend Texts: 4
      [DEBUG] Proto '3.4-dichloroaniline': HSV=[ 90 ... 203]
      [DEBUG] Proto 'azo': HSV=[  0 ... 243]
      [DEBUG] Proto 'dechloroaniline': HSV=[ 90 ... 215]
      [DEBUG] Proto 'dechloronitrobenzen': HSV=[134 ... 214]
      [DEBUG] Proto 'dechloroaniline': HSV=[101 ... 245]
      [DEBUG] Proto 'azo': HSV=[  0 ... 247]
      [DEBUG] Proto '3.4-dichloroaniline' Selected BEST from 1 candidates (Max Sat: 250).
      [DEBUG] Final Proto '3.4-dichloroaniline': HSV=[ 90 ... 203]
      [DEBUG] Proto 'azo' Selected BEST from 2 candidates (Max Sat: 191).
      [DEBUG] Final Proto 'azo': HSV=[  0 ... 247]
      [DEBUG] Proto 'dechloroaniline' Selected BEST from 2 candidates (Max Sat: 229).
      [DEBUG] Final Proto 'dechloroaniline': HSV=[101 ... 245]
      [DEBUG] Proto 'dechloronitrobenzen' Selected BEST from 1 candidates (Max Sat: 228).
      [DEBUG] Final Proto 'dechloronitrobenzen': HSV=[134 ... 214]
      [DEBUG] Point 0 HSV: [ 90 ... 202]
        -> Dist to '3.4-dichloroaniline': 0.25
        -> Dist to 'azo': 2.19
        -> Dist to 'dechloroaniline': 0.45
        -> Dist to 'dechloronitrobenzen': 1.12
        -> Assigned: 3.4-dichloroaniline
[Assembler] Assembling evidence for page_5_figure_1_t0...
      [Assembler] Local caption empty for page_5_figure_1_t0. Checking shared page context...
      [Fallback] Attempting to find shared caption for page_5_figure_1_t0...
      [Fallback Debug] Scanning: data/intermediate/example/macro_cleaned/page_5_figure_*_caption_*.png
      [Fallback Debug] Found 0 candidates: []
   YOLO Processing: page_3_figure_0...
      -> No target_image detected. Skipping.
  --> Processed 5 figures successfully.
--- Phase 2 Completed in 108.02s ---
/Users/zhaowenyuan/Projects/FlowFigTabMiner/flowfigtabminer/lib/python3.9/site-packages/urllib3/__init__.py:35: NotOpenSSLWarning: urllib3 v2 only supports OpenSSL 1.1.1+, currently the 'ssl' module is compiled with 'LibreSSL 2.8.3'. See: https://github.com/urllib3/urllib3/issues/3020
  warnings.warn(
[33mChecking connectivity to the model hosters, this may take a while. To bypass this check, set `DISABLE_MODEL_SOURCE_CHECK` to `True`.[0m
/Users/zhaowenyuan/Projects/FlowFigTabMiner/flowfigtabminer/lib/python3.9/site-packages/onmt/modules/sparse_activations.py:48: FutureWarning: `torch.cuda.amp.custom_fwd(args...)` is deprecated. Please use `torch.amp.custom_fwd(args..., device_type='cuda')` instead.
  def forward(ctx, input, dim=0):
/Users/zhaowenyuan/Projects/FlowFigTabMiner/flowfigtabminer/lib/python3.9/site-packages/onmt/modules/sparse_activations.py:68: FutureWarning: `torch.cuda.amp.custom_bwd(args...)` is deprecated. Please use `torch.amp.custom_bwd(args..., device_type='cuda')` instead.
  def backward(ctx, grad_output):
/Users/zhaowenyuan/Projects/FlowFigTabMiner/flowfigtabminer/lib/python3.9/site-packages/onmt/modules/sparse_losses.py:13: FutureWarning: `torch.cuda.amp.custom_fwd(args...)` is deprecated. Please use `torch.amp.custom_fwd(args..., device_type='cuda')` instead.
  def forward(ctx, input, target):
/Users/zhaowenyuan/Projects/FlowFigTabMiner/flowfigtabminer/lib/python3.9/site-packages/onmt/modules/sparse_losses.py:37: FutureWarning: `torch.cuda.amp.custom_bwd(args...)` is deprecated. Please use `torch.amp.custom_bwd(args..., device_type='cuda')` instead.
  def backward(ctx, grad_output):
Using a slow image processor as `use_fast` is unset and a slow processor was saved with this model. `use_fast=True` will be the default behavior in v4.52, even if the model was saved with a slow processor. This will result in minor differences in outputs. You'll still be able to use a slow processor with `use_fast=False`.
/Users/zhaowenyuan/Projects/FlowFigTabMiner/flowfigtabminer/lib/python3.9/site-packages/paddle/utils/cpp_extension/extension_utils.py:712: UserWarning: No ccache found. Please be aware that recompiling all source files may be required. You can download and install ccache from: https://github.com/ccache/ccache/blob/master/doc/INSTALL.md
  warnings.warn(warning_message)
[32mCreating model: ('PP-LCNet_x1_0_doc_ori', None)[0m
[32mModel files already exist. Using cached files. To redownload, please delete the directory manually: `/Users/zhaowenyuan/.paddlex/official_models/PP-LCNet_x1_0_doc_ori`.[0m
[32mCreating model: ('UVDoc', None)[0m
[32mModel files already exist. Using cached files. To redownload, please delete the directory manually: `/Users/zhaowenyuan/.paddlex/official_models/UVDoc`.[0m
[32mCreating model: ('PP-LCNet_x1_0_textline_ori', None)[0m
[32mModel files already exist. Using cached files. To redownload, please delete the directory manually: `/Users/zhaowenyuan/.paddlex/official_models/PP-LCNet_x1_0_textline_ori`.[0m
[32mCreating model: ('PP-OCRv5_server_det', None)[0m
[32mModel files already exist. Using cached files. To redownload, please delete the directory manually: `/Users/zhaowenyuan/.paddlex/official_models/PP-OCRv5_server_det`.[0m
[32mCreating model: ('en_PP-OCRv5_mobile_rec', None)[0m
[32mModel files already exist. Using cached files. To redownload, please delete the directory manually: `/Users/zhaowenyuan/.paddlex/official_models/en_PP-OCRv5_mobile_rec`.[0m
--- Phase 3: Table Processing ---
  --> Found 4 raw tables.
Loading Table Segmentation YOLO model from models/yolo11m-tab-seg-0209-white/runs/detect/train/weights/best.pt...
Loading Table Segmentation YOLO model from models/yolo11m-tab-seg-0209-white/runs/detect/train/weights/best.pt...
Loading Table Structure model: microsoft/table-transformer-structure-recognition-v1.1-all on cpu...
Loading Molecule Detection Model from models/yolo11s-tab-molecule-0207/runs/detect/train/weights/best.pt...
Loading Molecule Detection Model from models/yolo11s-tab-molecule-0207/runs/detect/train/weights/best.pt...
   MoleculeProcessor: YOLO model loaded successfully from models/yolo11s-tab-molecule-0207/runs/detect/train/weights/best.pt
Loading PaddleOCR...
Loading MolNexTR...
2026-03-07 20:22:03,760 - molnextr_singleton - INFO - Initializing MolNexTR singleton for the first time
[2026-03-07 20:22:03,760] [    INFO] molnextr.py:51 - Initializing MolNexTR singleton for the first time
2026-03-07 20:22:03,760 - molnextr_singleton - INFO - Detecting available hardware...
[2026-03-07 20:22:03,760] [    INFO] molnextr.py:76 - Detecting available hardware...
2026-03-07 20:22:03,760 - molnextr_singleton - INFO - System: Darwin Darwin Kernel Version 25.3.0: Wed Jan 28 20:49:24 PST 2026; root:xnu-12377.81.4~5/RELEASE_ARM64_T8132
[2026-03-07 20:22:03,760] [    INFO] molnextr.py:77 - System: Darwin Darwin Kernel Version 25.3.0: Wed Jan 28 20:49:24 PST 2026; root:xnu-12377.81.4~5/RELEASE_ARM64_T8132
2026-03-07 20:22:03,760 - molnextr_singleton - INFO - Machine: arm64
[2026-03-07 20:22:03,760] [    INFO] molnextr.py:78 - Machine: arm64
2026-03-07 20:22:03,760 - molnextr_singleton - INFO - PyTorch version: 2.8.0
[2026-03-07 20:22:03,760] [    INFO] molnextr.py:79 - PyTorch version: 2.8.0
2026-03-07 20:22:03,760 - molnextr_singleton - INFO - Apple Silicon detected
[2026-03-07 20:22:03,760] [    INFO] molnextr.py:88 - Apple Silicon detected
2026-03-07 20:22:03,837 - molnextr_singleton - INFO - MPS backend available: True
[2026-03-07 20:22:03,837] [    INFO] molnextr.py:90 - MPS backend available: True
2026-03-07 20:22:03,837 - molnextr_singleton - INFO - Running MPS device test...
[2026-03-07 20:22:03,837] [    INFO] molnextr.py:96 - Running MPS device test...
2026-03-07 20:22:03,844 - molnextr_singleton - INFO - ✅ Successfully initialized Apple Silicon acceleration via MPS backend
[2026-03-07 20:22:03,844] [    INFO] molnextr.py:100 - ✅ Successfully initialized Apple Silicon acceleration via MPS backend
2026-03-07 20:22:03,844 - molnextr_singleton - INFO - Checking for model at /Users/zhaowenyuan/Projects/FlowFigTabMiner/models/molnextr_model_best.pth
[2026-03-07 20:22:03,844] [    INFO] molnextr.py:134 - Checking for model at /Users/zhaowenyuan/Projects/FlowFigTabMiner/models/molnextr_model_best.pth
2026-03-07 20:22:03,845 - molnextr_singleton - INFO - ✅ Using model at /Users/zhaowenyuan/Projects/FlowFigTabMiner/models/molnextr_model_best.pth
[2026-03-07 20:22:03,845] [    INFO] molnextr.py:139 - ✅ Using model at /Users/zhaowenyuan/Projects/FlowFigTabMiner/models/molnextr_model_best.pth
2026-03-07 20:22:03,845 - molnextr_singleton - INFO - 🔄 Initializing MolNexTR model on Apple Silicon (MPS)
[2026-03-07 20:22:03,845] [    INFO] molnextr.py:142 - 🔄 Initializing MolNexTR model on Apple Silicon (MPS)
2026-03-07 20:22:03,845 - molnextr_singleton - INFO - Creating MolNexTR model with device mps...
[2026-03-07 20:22:03,845] [    INFO] molnextr.py:146 - Creating MolNexTR model with device mps...
/Users/zhaowenyuan/Projects/FlowFigTabMiner/flowfigtabminer/lib/python3.9/site-packages/torch/functional.py:554: UserWarning: torch.meshgrid: in an upcoming release, it will be required to pass the indexing argument. (Triggered internally at /Users/runner/work/pytorch/pytorch/pytorch/aten/src/ATen/native/TensorShape.cpp:4324.)
  return _VF.meshgrid(tensors, **kwargs)  # type: ignore[attr-defined]
2026-03-07 20:22:06,207 - molnextr_singleton - INFO - Configuring model for Apple Silicon...
[2026-03-07 20:22:06,207] [    INFO] molnextr.py:157 - Configuring model for Apple Silicon...
2026-03-07 20:22:06,207 - molnextr_singleton - INFO - Running model validation test...
[2026-03-07 20:22:06,207] [    INFO] molnextr.py:166 - Running model validation test...
2026-03-07 20:22:06,207 - molnextr_singleton - INFO - ✅ Model initialization successful
[2026-03-07 20:22:06,207] [    INFO] molnextr.py:172 - ✅ Model initialization successful
2026-03-07 20:22:06,207 - molnextr_singleton - INFO - MolNexTR singleton initialized successfully on Apple Silicon (MPS)
[2026-03-07 20:22:06,207] [    INFO] molnextr.py:54 - MolNexTR singleton initialized successfully on Apple Silicon (MPS)
MolNexTR Loaded Successfully.
Initializing Table Pipeline (Sequential Mode: False)...
Loading Cell Classifier (ResNet18) from models/cell_classifier_resnet.pt...
Warning: Cell Classifier weights not found at models/cell_classifier_resnet.pt. Using random weights (for dev/mock).
Processing Table: data/intermediate/example/tables/page_7_table_0.png
   -> Saving components to data/intermediate/example/./page_7_table_0...
   -> Using cropped table body: data/intermediate/example/./page_7_table_0/page_7_table_0_body_main.png
   -> Processing Molecules...
   MoleculeProcessor: Starting YOLO inference on image 976x211...
   MoleculeProcessor: YOLO inference done. Found 0 boxes.
      No molecules detected or model not loaded.
   TableStructure: Running inference on cpu...
   TableStructure: Inference done.
/Users/zhaowenyuan/Projects/FlowFigTabMiner/flowfigtabminer/lib/python3.9/site-packages/torch/_dynamo/eval_frame.py:929: UserWarning: torch.utils.checkpoint: the use_reentrant parameter should be passed explicitly. In version 2.5 we will raise an exception if use_reentrant is not passed. use_reentrant=False is recommended, but if you need to preserve the current default behavior, you can pass use_reentrant=True. Refer to docs for more details on the differences between the two variants.
  return fn(*args, **kwargs)
/Users/zhaowenyuan/Projects/FlowFigTabMiner/flowfigtabminer/lib/python3.9/site-packages/torch/utils/checkpoint.py:85: UserWarning: None of the inputs have requires_grad=True. Gradients will be None
  warnings.warn(
   -> Detected 11 cells.
   -> Classifying cells...
   -> Recognizing content...
/Users/zhaowenyuan/Projects/FlowFigTabMiner/flowfigtabminer/lib/python3.9/site-packages/urllib3/__init__.py:35: NotOpenSSLWarning: urllib3 v2 only supports OpenSSL 1.1.1+, currently the 'ssl' module is compiled with 'LibreSSL 2.8.3'. See: https://github.com/urllib3/urllib3/issues/3020
  warnings.warn(
/Users/zhaowenyuan/Projects/FlowFigTabMiner/flowfigtabminer/lib/python3.9/site-packages/urllib3/__init__.py:35: NotOpenSSLWarning: urllib3 v2 only supports OpenSSL 1.1.1+, currently the 'ssl' module is compiled with 'LibreSSL 2.8.3'. See: https://github.com/urllib3/urllib3/issues/3020
  warnings.warn(
/Users/zhaowenyuan/Projects/FlowFigTabMiner/flowfigtabminer/lib/python3.9/site-packages/urllib3/__init__.py:35: NotOpenSSLWarning: urllib3 v2 only supports OpenSSL 1.1.1+, currently the 'ssl' module is compiled with 'LibreSSL 2.8.3'. See: https://github.com/urllib3/urllib3/issues/3020
  warnings.warn(
/Users/zhaowenyuan/Projects/FlowFigTabMiner/flowfigtabminer/lib/python3.9/site-packages/urllib3/__init__.py:35: NotOpenSSLWarning: urllib3 v2 only supports OpenSSL 1.1.1+, currently the 'ssl' module is compiled with 'LibreSSL 2.8.3'. See: https://github.com/urllib3/urllib3/issues/3020
  warnings.warn(
/Users/zhaowenyuan/Projects/FlowFigTabMiner/flowfigtabminer/lib/python3.9/site-packages/urllib3/__init__.py:35: NotOpenSSLWarning: urllib3 v2 only supports OpenSSL 1.1.1+, currently the 'ssl' module is compiled with 'LibreSSL 2.8.3'. See: https://github.com/urllib3/urllib3/issues/3020
  warnings.warn(
/Users/zhaowenyuan/Projects/FlowFigTabMiner/flowfigtabminer/lib/python3.9/site-packages/urllib3/__init__.py:35: NotOpenSSLWarning: urllib3 v2 only supports OpenSSL 1.1.1+, currently the 'ssl' module is compiled with 'LibreSSL 2.8.3'. See: https://github.com/urllib3/urllib3/issues/3020
  warnings.warn(
/Users/zhaowenyuan/Projects/FlowFigTabMiner/flowfigtabminer/lib/python3.9/site-packages/urllib3/__init__.py:35: NotOpenSSLWarning: urllib3 v2 only supports OpenSSL 1.1.1+, currently the 'ssl' module is compiled with 'LibreSSL 2.8.3'. See: https://github.com/urllib3/urllib3/issues/3020
  warnings.warn(
/Users/zhaowenyuan/Projects/FlowFigTabMiner/flowfigtabminer/lib/python3.9/site-packages/urllib3/__init__.py:35: NotOpenSSLWarning: urllib3 v2 only supports OpenSSL 1.1.1+, currently the 'ssl' module is compiled with 'LibreSSL 2.8.3'. See: https://github.com/urllib3/urllib3/issues/3020
  warnings.warn(
/Users/zhaowenyuan/Projects/FlowFigTabMiner/flowfigtabminer/lib/python3.9/site-packages/urllib3/__init__.py:35: NotOpenSSLWarning: urllib3 v2 only supports OpenSSL 1.1.1+, currently the 'ssl' module is compiled with 'LibreSSL 2.8.3'. See: https://github.com/urllib3/urllib3/issues/3020
  warnings.warn(
/Users/zhaowenyuan/Projects/FlowFigTabMiner/flowfigtabminer/lib/python3.9/site-packages/urllib3/__init__.py:35: NotOpenSSLWarning: urllib3 v2 only supports OpenSSL 1.1.1+, currently the 'ssl' module is compiled with 'LibreSSL 2.8.3'. See: https://github.com/urllib3/urllib3/issues/3020
  warnings.warn(
/Users/zhaowenyuan/Projects/FlowFigTabMiner/flowfigtabminer/lib/python3.9/site-packages/urllib3/__init__.py:35: NotOpenSSLWarning: urllib3 v2 only supports OpenSSL 1.1.1+, currently the 'ssl' module is compiled with 'LibreSSL 2.8.3'. See: https://github.com/urllib3/urllib3/issues/3020
  warnings.warn(
/Users/zhaowenyuan/Projects/FlowFigTabMiner/flowfigtabminer/lib/python3.9/site-packages/urllib3/__init__.py:35: NotOpenSSLWarning: urllib3 v2 only supports OpenSSL 1.1.1+, currently the 'ssl' module is compiled with 'LibreSSL 2.8.3'. See: https://github.com/urllib3/urllib3/issues/3020
  warnings.warn(
/Users/zhaowenyuan/Projects/FlowFigTabMiner/flowfigtabminer/lib/python3.9/site-packages/urllib3/__init__.py:35: NotOpenSSLWarning: urllib3 v2 only supports OpenSSL 1.1.1+, currently the 'ssl' module is compiled with 'LibreSSL 2.8.3'. See: https://github.com/urllib3/urllib3/issues/3020
  warnings.warn(
/Users/zhaowenyuan/Projects/FlowFigTabMiner/flowfigtabminer/lib/python3.9/site-packages/urllib3/__init__.py:35: NotOpenSSLWarning: urllib3 v2 only supports OpenSSL 1.1.1+, currently the 'ssl' module is compiled with 'LibreSSL 2.8.3'. See: https://github.com/urllib3/urllib3/issues/3020
  warnings.warn(
/Users/zhaowenyuan/Projects/FlowFigTabMiner/flowfigtabminer/lib/python3.9/site-packages/urllib3/__init__.py:35: NotOpenSSLWarning: urllib3 v2 only supports OpenSSL 1.1.1+, currently the 'ssl' module is compiled with 'LibreSSL 2.8.3'. See: https://github.com/urllib3/urllib3/issues/3020
  warnings.warn(
/Users/zhaowenyuan/Projects/FlowFigTabMiner/flowfigtabminer/lib/python3.9/site-packages/urllib3/__init__.py:35: NotOpenSSLWarning: urllib3 v2 only supports OpenSSL 1.1.1+, currently the 'ssl' module is compiled with 'LibreSSL 2.8.3'. See: https://github.com/urllib3/urllib3/issues/3020
  warnings.warn(
[33mChecking connectivity to the model hosters, this may take a while. To bypass this check, set `DISABLE_MODEL_SOURCE_CHECK` to `True`.[0m
[33mChecking connectivity to the model hosters, this may take a while. To bypass this check, set `DISABLE_MODEL_SOURCE_CHECK` to `True`.[0m
[33mChecking connectivity to the model hosters, this may take a while. To bypass this check, set `DISABLE_MODEL_SOURCE_CHECK` to `True`.[0m
[33mChecking connectivity to the model hosters, this may take a while. To bypass this check, set `DISABLE_MODEL_SOURCE_CHECK` to `True`.[0m
[33mChecking connectivity to the model hosters, this may take a while. To bypass this check, set `DISABLE_MODEL_SOURCE_CHECK` to `True`.[0m
[33mChecking connectivity to the model hosters, this may take a while. To bypass this check, set `DISABLE_MODEL_SOURCE_CHECK` to `True`.[0m
[33mChecking connectivity to the model hosters, this may take a while. To bypass this check, set `DISABLE_MODEL_SOURCE_CHECK` to `True`.[0m
[33mChecking connectivity to the model hosters, this may take a while. To bypass this check, set `DISABLE_MODEL_SOURCE_CHECK` to `True`.[0m
[33mChecking connectivity to the model hosters, this may take a while. To bypass this check, set `DISABLE_MODEL_SOURCE_CHECK` to `True`.[0m
[33mChecking connectivity to the model hosters, this may take a while. To bypass this check, set `DISABLE_MODEL_SOURCE_CHECK` to `True`.[0m
[33mChecking connectivity to the model hosters, this may take a while. To bypass this check, set `DISABLE_MODEL_SOURCE_CHECK` to `True`.[0m
[33mChecking connectivity to the model hosters, this may take a while. To bypass this check, set `DISABLE_MODEL_SOURCE_CHECK` to `True`.[0m
[33mChecking connectivity to the model hosters, this may take a while. To bypass this check, set `DISABLE_MODEL_SOURCE_CHECK` to `True`.[0m
[33mChecking connectivity to the model hosters, this may take a while. To bypass this check, set `DISABLE_MODEL_SOURCE_CHECK` to `True`.[0m
[33mChecking connectivity to the model hosters, this may take a while. To bypass this check, set `DISABLE_MODEL_SOURCE_CHECK` to `True`.[0m
[33mChecking connectivity to the model hosters, this may take a while. To bypass this check, set `DISABLE_MODEL_SOURCE_CHECK` to `True`.[0m
/Users/zhaowenyuan/Projects/FlowFigTabMiner/flowfigtabminer/lib/python3.9/site-packages/onmt/modules/sparse_activations.py:48: FutureWarning: `torch.cuda.amp.custom_fwd(args...)` is deprecated. Please use `torch.amp.custom_fwd(args..., device_type='cuda')` instead.
  def forward(ctx, input, dim=0):
/Users/zhaowenyuan/Projects/FlowFigTabMiner/flowfigtabminer/lib/python3.9/site-packages/onmt/modules/sparse_activations.py:68: FutureWarning: `torch.cuda.amp.custom_bwd(args...)` is deprecated. Please use `torch.amp.custom_bwd(args..., device_type='cuda')` instead.
  def backward(ctx, grad_output):
/Users/zhaowenyuan/Projects/FlowFigTabMiner/flowfigtabminer/lib/python3.9/site-packages/onmt/modules/sparse_losses.py:13: FutureWarning: `torch.cuda.amp.custom_fwd(args...)` is deprecated. Please use `torch.amp.custom_fwd(args..., device_type='cuda')` instead.
  def forward(ctx, input, target):
/Users/zhaowenyuan/Projects/FlowFigTabMiner/flowfigtabminer/lib/python3.9/site-packages/onmt/modules/sparse_losses.py:37: FutureWarning: `torch.cuda.amp.custom_bwd(args...)` is deprecated. Please use `torch.amp.custom_bwd(args..., device_type='cuda')` instead.
  def backward(ctx, grad_output):
chiral_center_ids (from symbols): []
/Users/zhaowenyuan/Projects/FlowFigTabMiner/flowfigtabminer/lib/python3.9/site-packages/urllib3/__init__.py:35: NotOpenSSLWarning: urllib3 v2 only supports OpenSSL 1.1.1+, currently the 'ssl' module is compiled with 'LibreSSL 2.8.3'. See: https://github.com/urllib3/urllib3/issues/3020
  warnings.warn(
/Users/zhaowenyuan/Projects/FlowFigTabMiner/flowfigtabminer/lib/python3.9/site-packages/urllib3/__init__.py:35: NotOpenSSLWarning: urllib3 v2 only supports OpenSSL 1.1.1+, currently the 'ssl' module is compiled with 'LibreSSL 2.8.3'. See: https://github.com/urllib3/urllib3/issues/3020
  warnings.warn(
/Users/zhaowenyuan/Projects/FlowFigTabMiner/flowfigtabminer/lib/python3.9/site-packages/urllib3/__init__.py:35: NotOpenSSLWarning: urllib3 v2 only supports OpenSSL 1.1.1+, currently the 'ssl' module is compiled with 'LibreSSL 2.8.3'. See: https://github.com/urllib3/urllib3/issues/3020
  warnings.warn(
/Users/zhaowenyuan/Projects/FlowFigTabMiner/flowfigtabminer/lib/python3.9/site-packages/urllib3/__init__.py:35: NotOpenSSLWarning: urllib3 v2 only supports OpenSSL 1.1.1+, currently the 'ssl' module is compiled with 'LibreSSL 2.8.3'. See: https://github.com/urllib3/urllib3/issues/3020
  warnings.warn(
/Users/zhaowenyuan/Projects/FlowFigTabMiner/flowfigtabminer/lib/python3.9/site-packages/urllib3/__init__.py:35: NotOpenSSLWarning: urllib3 v2 only supports OpenSSL 1.1.1+, currently the 'ssl' module is compiled with 'LibreSSL 2.8.3'. See: https://github.com/urllib3/urllib3/issues/3020
  warnings.warn(
/Users/zhaowenyuan/Projects/FlowFigTabMiner/flowfigtabminer/lib/python3.9/site-packages/urllib3/__init__.py:35: NotOpenSSLWarning: urllib3 v2 only supports OpenSSL 1.1.1+, currently the 'ssl' module is compiled with 'LibreSSL 2.8.3'. See: https://github.com/urllib3/urllib3/issues/3020
  warnings.warn(
/Users/zhaowenyuan/Projects/FlowFigTabMiner/flowfigtabminer/lib/python3.9/site-packages/urllib3/__init__.py:35: NotOpenSSLWarning: urllib3 v2 only supports OpenSSL 1.1.1+, currently the 'ssl' module is compiled with 'LibreSSL 2.8.3'. See: https://github.com/urllib3/urllib3/issues/3020
  warnings.warn(
/Users/zhaowenyuan/Projects/FlowFigTabMiner/flowfigtabminer/lib/python3.9/site-packages/urllib3/__init__.py:35: NotOpenSSLWarning: urllib3 v2 only supports OpenSSL 1.1.1+, currently the 'ssl' module is compiled with 'LibreSSL 2.8.3'. See: https://github.com/urllib3/urllib3/issues/3020
  warnings.warn(
/Users/zhaowenyuan/Projects/FlowFigTabMiner/flowfigtabminer/lib/python3.9/site-packages/urllib3/__init__.py:35: NotOpenSSLWarning: urllib3 v2 only supports OpenSSL 1.1.1+, currently the 'ssl' module is compiled with 'LibreSSL 2.8.3'. See: https://github.com/urllib3/urllib3/issues/3020
  warnings.warn(
/Users/zhaowenyuan/Projects/FlowFigTabMiner/flowfigtabminer/lib/python3.9/site-packages/urllib3/__init__.py:35: NotOpenSSLWarning: urllib3 v2 only supports OpenSSL 1.1.1+, currently the 'ssl' module is compiled with 'LibreSSL 2.8.3'. See: https://github.com/urllib3/urllib3/issues/3020
  warnings.warn(
/Users/zhaowenyuan/Projects/FlowFigTabMiner/flowfigtabminer/lib/python3.9/site-packages/urllib3/__init__.py:35: NotOpenSSLWarning: urllib3 v2 only supports OpenSSL 1.1.1+, currently the 'ssl' module is compiled with 'LibreSSL 2.8.3'. See: https://github.com/urllib3/urllib3/issues/3020
  warnings.warn(
/Users/zhaowenyuan/Projects/FlowFigTabMiner/flowfigtabminer/lib/python3.9/site-packages/urllib3/__init__.py:35: NotOpenSSLWarning: urllib3 v2 only supports OpenSSL 1.1.1+, currently the 'ssl' module is compiled with 'LibreSSL 2.8.3'. See: https://github.com/urllib3/urllib3/issues/3020
  warnings.warn(
/Users/zhaowenyuan/Projects/FlowFigTabMiner/flowfigtabminer/lib/python3.9/site-packages/urllib3/__init__.py:35: NotOpenSSLWarning: urllib3 v2 only supports OpenSSL 1.1.1+, currently the 'ssl' module is compiled with 'LibreSSL 2.8.3'. See: https://github.com/urllib3/urllib3/issues/3020
  warnings.warn(
/Users/zhaowenyuan/Projects/FlowFigTabMiner/flowfigtabminer/lib/python3.9/site-packages/urllib3/__init__.py:35: NotOpenSSLWarning: urllib3 v2 only supports OpenSSL 1.1.1+, currently the 'ssl' module is compiled with 'LibreSSL 2.8.3'. See: https://github.com/urllib3/urllib3/issues/3020
  warnings.warn(
/Users/zhaowenyuan/Projects/FlowFigTabMiner/flowfigtabminer/lib/python3.9/site-packages/urllib3/__init__.py:35: NotOpenSSLWarning: urllib3 v2 only supports OpenSSL 1.1.1+, currently the 'ssl' module is compiled with 'LibreSSL 2.8.3'. See: https://github.com/urllib3/urllib3/issues/3020
  warnings.warn(
/Users/zhaowenyuan/Projects/FlowFigTabMiner/flowfigtabminer/lib/python3.9/site-packages/urllib3/__init__.py:35: NotOpenSSLWarning: urllib3 v2 only supports OpenSSL 1.1.1+, currently the 'ssl' module is compiled with 'LibreSSL 2.8.3'. See: https://github.com/urllib3/urllib3/issues/3020
  warnings.warn(
[33mChecking connectivity to the model hosters, this may take a while. To bypass this check, set `DISABLE_MODEL_SOURCE_CHECK` to `True`.[0m
[33mChecking connectivity to the model hosters, this may take a while. To bypass this check, set `DISABLE_MODEL_SOURCE_CHECK` to `True`.[0m
[33mChecking connectivity to the model hosters, this may take a while. To bypass this check, set `DISABLE_MODEL_SOURCE_CHECK` to `True`.[0m
[33mChecking connectivity to the model hosters, this may take a while. To bypass this check, set `DISABLE_MODEL_SOURCE_CHECK` to `True`.[0m
[33mChecking connectivity to the model hosters, this may take a while. To bypass this check, set `DISABLE_MODEL_SOURCE_CHECK` to `True`.[0m
[33mChecking connectivity to the model hosters, this may take a while. To bypass this check, set `DISABLE_MODEL_SOURCE_CHECK` to `True`.[0m
[33mChecking connectivity to the model hosters, this may take a while. To bypass this check, set `DISABLE_MODEL_SOURCE_CHECK` to `True`.[0m
[33mChecking connectivity to the model hosters, this may take a while. To bypass this check, set `DISABLE_MODEL_SOURCE_CHECK` to `True`.[0m
[33mChecking connectivity to the model hosters, this may take a while. To bypass this check, set `DISABLE_MODEL_SOURCE_CHECK` to `True`.[0m
[33mChecking connectivity to the model hosters, this may take a while. To bypass this check, set `DISABLE_MODEL_SOURCE_CHECK` to `True`.[0m
[33mChecking connectivity to the model hosters, this may take a while. To bypass this check, set `DISABLE_MODEL_SOURCE_CHECK` to `True`.[0m
[33mChecking connectivity to the model hosters, this may take a while. To bypass this check, set `DISABLE_MODEL_SOURCE_CHECK` to `True`.[0m
[33mChecking connectivity to the model hosters, this may take a while. To bypass this check, set `DISABLE_MODEL_SOURCE_CHECK` to `True`.[0m
[33mChecking connectivity to the model hosters, this may take a while. To bypass this check, set `DISABLE_MODEL_SOURCE_CHECK` to `True`.[0m
[33mChecking connectivity to the model hosters, this may take a while. To bypass this check, set `DISABLE_MODEL_SOURCE_CHECK` to `True`.[0m
[33mChecking connectivity to the model hosters, this may take a while. To bypass this check, set `DISABLE_MODEL_SOURCE_CHECK` to `True`.[0m
/Users/zhaowenyuan/Projects/FlowFigTabMiner/flowfigtabminer/lib/python3.9/site-packages/onmt/modules/sparse_activations.py:48: FutureWarning: `torch.cuda.amp.custom_fwd(args...)` is deprecated. Please use `torch.amp.custom_fwd(args..., device_type='cuda')` instead.
  def forward(ctx, input, dim=0):
/Users/zhaowenyuan/Projects/FlowFigTabMiner/flowfigtabminer/lib/python3.9/site-packages/onmt/modules/sparse_activations.py:68: FutureWarning: `torch.cuda.amp.custom_bwd(args...)` is deprecated. Please use `torch.amp.custom_bwd(args..., device_type='cuda')` instead.
  def backward(ctx, grad_output):
/Users/zhaowenyuan/Projects/FlowFigTabMiner/flowfigtabminer/lib/python3.9/site-packages/onmt/modules/sparse_losses.py:13: FutureWarning: `torch.cuda.amp.custom_fwd(args...)` is deprecated. Please use `torch.amp.custom_fwd(args..., device_type='cuda')` instead.
  def forward(ctx, input, target):
/Users/zhaowenyuan/Projects/FlowFigTabMiner/flowfigtabminer/lib/python3.9/site-packages/onmt/modules/sparse_losses.py:37: FutureWarning: `torch.cuda.amp.custom_bwd(args...)` is deprecated. Please use `torch.amp.custom_bwd(args..., device_type='cuda')` instead.
  def backward(ctx, grad_output):
chiral_center_ids (from symbols): []
/Users/zhaowenyuan/Projects/FlowFigTabMiner/flowfigtabminer/lib/python3.9/site-packages/urllib3/__init__.py:35: NotOpenSSLWarning: urllib3 v2 only supports OpenSSL 1.1.1+, currently the 'ssl' module is compiled with 'LibreSSL 2.8.3'. See: https://github.com/urllib3/urllib3/issues/3020
  warnings.warn(
/Users/zhaowenyuan/Projects/FlowFigTabMiner/flowfigtabminer/lib/python3.9/site-packages/urllib3/__init__.py:35: NotOpenSSLWarning: urllib3 v2 only supports OpenSSL 1.1.1+, currently the 'ssl' module is compiled with 'LibreSSL 2.8.3'. See: https://github.com/urllib3/urllib3/issues/3020
  warnings.warn(
/Users/zhaowenyuan/Projects/FlowFigTabMiner/flowfigtabminer/lib/python3.9/site-packages/urllib3/__init__.py:35: NotOpenSSLWarning: urllib3 v2 only supports OpenSSL 1.1.1+, currently the 'ssl' module is compiled with 'LibreSSL 2.8.3'. See: https://github.com/urllib3/urllib3/issues/3020
  warnings.warn(
/Users/zhaowenyuan/Projects/FlowFigTabMiner/flowfigtabminer/lib/python3.9/site-packages/urllib3/__init__.py:35: NotOpenSSLWarning: urllib3 v2 only supports OpenSSL 1.1.1+, currently the 'ssl' module is compiled with 'LibreSSL 2.8.3'. See: https://github.com/urllib3/urllib3/issues/3020
  warnings.warn(
/Users/zhaowenyuan/Projects/FlowFigTabMiner/flowfigtabminer/lib/python3.9/site-packages/urllib3/__init__.py:35: NotOpenSSLWarning: urllib3 v2 only supports OpenSSL 1.1.1+, currently the 'ssl' module is compiled with 'LibreSSL 2.8.3'. See: https://github.com/urllib3/urllib3/issues/3020
  warnings.warn(
/Users/zhaowenyuan/Projects/FlowFigTabMiner/flowfigtabminer/lib/python3.9/site-packages/urllib3/__init__.py:35: NotOpenSSLWarning: urllib3 v2 only supports OpenSSL 1.1.1+, currently the 'ssl' module is compiled with 'LibreSSL 2.8.3'. See: https://github.com/urllib3/urllib3/issues/3020
  warnings.warn(
/Users/zhaowenyuan/Projects/FlowFigTabMiner/flowfigtabminer/lib/python3.9/site-packages/urllib3/__init__.py:35: NotOpenSSLWarning: urllib3 v2 only supports OpenSSL 1.1.1+, currently the 'ssl' module is compiled with 'LibreSSL 2.8.3'. See: https://github.com/urllib3/urllib3/issues/3020
  warnings.warn(
/Users/zhaowenyuan/Projects/FlowFigTabMiner/flowfigtabminer/lib/python3.9/site-packages/urllib3/__init__.py:35: NotOpenSSLWarning: urllib3 v2 only supports OpenSSL 1.1.1+, currently the 'ssl' module is compiled with 'LibreSSL 2.8.3'. See: https://github.com/urllib3/urllib3/issues/3020
  warnings.warn(
/Users/zhaowenyuan/Projects/FlowFigTabMiner/flowfigtabminer/lib/python3.9/site-packages/urllib3/__init__.py:35: NotOpenSSLWarning: urllib3 v2 only supports OpenSSL 1.1.1+, currently the 'ssl' module is compiled with 'LibreSSL 2.8.3'. See: https://github.com/urllib3/urllib3/issues/3020
  warnings.warn(
/Users/zhaowenyuan/Projects/FlowFigTabMiner/flowfigtabminer/lib/python3.9/site-packages/urllib3/__init__.py:35: NotOpenSSLWarning: urllib3 v2 only supports OpenSSL 1.1.1+, currently the 'ssl' module is compiled with 'LibreSSL 2.8.3'. See: https://github.com/urllib3/urllib3/issues/3020
  warnings.warn(
/Users/zhaowenyuan/Projects/FlowFigTabMiner/flowfigtabminer/lib/python3.9/site-packages/urllib3/__init__.py:35: NotOpenSSLWarning: urllib3 v2 only supports OpenSSL 1.1.1+, currently the 'ssl' module is compiled with 'LibreSSL 2.8.3'. See: https://github.com/urllib3/urllib3/issues/3020
  warnings.warn(
/Users/zhaowenyuan/Projects/FlowFigTabMiner/flowfigtabminer/lib/python3.9/site-packages/urllib3/__init__.py:35: NotOpenSSLWarning: urllib3 v2 only supports OpenSSL 1.1.1+, currently the 'ssl' module is compiled with 'LibreSSL 2.8.3'. See: https://github.com/urllib3/urllib3/issues/3020
  warnings.warn(
/Users/zhaowenyuan/Projects/FlowFigTabMiner/flowfigtabminer/lib/python3.9/site-packages/urllib3/__init__.py:35: NotOpenSSLWarning: urllib3 v2 only supports OpenSSL 1.1.1+, currently the 'ssl' module is compiled with 'LibreSSL 2.8.3'. See: https://github.com/urllib3/urllib3/issues/3020
  warnings.warn(
/Users/zhaowenyuan/Projects/FlowFigTabMiner/flowfigtabminer/lib/python3.9/site-packages/urllib3/__init__.py:35: NotOpenSSLWarning: urllib3 v2 only supports OpenSSL 1.1.1+, currently the 'ssl' module is compiled with 'LibreSSL 2.8.3'. See: https://github.com/urllib3/urllib3/issues/3020
  warnings.warn(
/Users/zhaowenyuan/Projects/FlowFigTabMiner/flowfigtabminer/lib/python3.9/site-packages/urllib3/__init__.py:35: NotOpenSSLWarning: urllib3 v2 only supports OpenSSL 1.1.1+, currently the 'ssl' module is compiled with 'LibreSSL 2.8.3'. See: https://github.com/urllib3/urllib3/issues/3020
  warnings.warn(
/Users/zhaowenyuan/Projects/FlowFigTabMiner/flowfigtabminer/lib/python3.9/site-packages/urllib3/__init__.py:35: NotOpenSSLWarning: urllib3 v2 only supports OpenSSL 1.1.1+, currently the 'ssl' module is compiled with 'LibreSSL 2.8.3'. See: https://github.com/urllib3/urllib3/issues/3020
  warnings.warn(
[33mChecking connectivity to the model hosters, this may take a while. To bypass this check, set `DISABLE_MODEL_SOURCE_CHECK` to `True`.[0m
[33mChecking connectivity to the model hosters, this may take a while. To bypass this check, set `DISABLE_MODEL_SOURCE_CHECK` to `True`.[0m
[33mChecking connectivity to the model hosters, this may take a while. To bypass this check, set `DISABLE_MODEL_SOURCE_CHECK` to `True`.[0m
[33mChecking connectivity to the model hosters, this may take a while. To bypass this check, set `DISABLE_MODEL_SOURCE_CHECK` to `True`.[0m
[33mChecking connectivity to the model hosters, this may take a while. To bypass this check, set `DISABLE_MODEL_SOURCE_CHECK` to `True`.[0m
[33mChecking connectivity to the model hosters, this may take a while. To bypass this check, set `DISABLE_MODEL_SOURCE_CHECK` to `True`.[0m
[33mChecking connectivity to the model hosters, this may take a while. To bypass this check, set `DISABLE_MODEL_SOURCE_CHECK` to `True`.[0m
[33mChecking connectivity to the model hosters, this may take a while. To bypass this check, set `DISABLE_MODEL_SOURCE_CHECK` to `True`.[0m
[33mChecking connectivity to the model hosters, this may take a while. To bypass this check, set `DISABLE_MODEL_SOURCE_CHECK` to `True`.[0m
[33mChecking connectivity to the model hosters, this may take a while. To bypass this check, set `DISABLE_MODEL_SOURCE_CHECK` to `True`.[0m
[33mChecking connectivity to the model hosters, this may take a while. To bypass this check, set `DISABLE_MODEL_SOURCE_CHECK` to `True`.[0m
[33mChecking connectivity to the model hosters, this may take a while. To bypass this check, set `DISABLE_MODEL_SOURCE_CHECK` to `True`.[0m
[33mChecking connectivity to the model hosters, this may take a while. To bypass this check, set `DISABLE_MODEL_SOURCE_CHECK` to `True`.[0m
[33mChecking connectivity to the model hosters, this may take a while. To bypass this check, set `DISABLE_MODEL_SOURCE_CHECK` to `True`.[0m
[33mChecking connectivity to the model hosters, this may take a while. To bypass this check, set `DISABLE_MODEL_SOURCE_CHECK` to `True`.[0m
[33mChecking connectivity to the model hosters, this may take a while. To bypass this check, set `DISABLE_MODEL_SOURCE_CHECK` to `True`.[0m
/Users/zhaowenyuan/Projects/FlowFigTabMiner/flowfigtabminer/lib/python3.9/site-packages/onmt/modules/sparse_activations.py:48: FutureWarning: `torch.cuda.amp.custom_fwd(args...)` is deprecated. Please use `torch.amp.custom_fwd(args..., device_type='cuda')` instead.
  def forward(ctx, input, dim=0):
/Users/zhaowenyuan/Projects/FlowFigTabMiner/flowfigtabminer/lib/python3.9/site-packages/onmt/modules/sparse_activations.py:68: FutureWarning: `torch.cuda.amp.custom_bwd(args...)` is deprecated. Please use `torch.amp.custom_bwd(args..., device_type='cuda')` instead.
  def backward(ctx, grad_output):
/Users/zhaowenyuan/Projects/FlowFigTabMiner/flowfigtabminer/lib/python3.9/site-packages/onmt/modules/sparse_activations.py:48: FutureWarning: `torch.cuda.amp.custom_fwd(args...)` is deprecated. Please use `torch.amp.custom_fwd(args..., device_type='cuda')` instead.
  def forward(ctx, input, dim=0):
/Users/zhaowenyuan/Projects/FlowFigTabMiner/flowfigtabminer/lib/python3.9/site-packages/onmt/modules/sparse_activations.py:68: FutureWarning: `torch.cuda.amp.custom_bwd(args...)` is deprecated. Please use `torch.amp.custom_bwd(args..., device_type='cuda')` instead.
  def backward(ctx, grad_output):
/Users/zhaowenyuan/Projects/FlowFigTabMiner/flowfigtabminer/lib/python3.9/site-packages/onmt/modules/sparse_losses.py:13: FutureWarning: `torch.cuda.amp.custom_fwd(args...)` is deprecated. Please use `torch.amp.custom_fwd(args..., device_type='cuda')` instead.
  def forward(ctx, input, target):
/Users/zhaowenyuan/Projects/FlowFigTabMiner/flowfigtabminer/lib/python3.9/site-packages/onmt/modules/sparse_losses.py:13: FutureWarning: `torch.cuda.amp.custom_fwd(args...)` is deprecated. Please use `torch.amp.custom_fwd(args..., device_type='cuda')` instead.
  def forward(ctx, input, target):
/Users/zhaowenyuan/Projects/FlowFigTabMiner/flowfigtabminer/lib/python3.9/site-packages/onmt/modules/sparse_losses.py:37: FutureWarning: `torch.cuda.amp.custom_bwd(args...)` is deprecated. Please use `torch.amp.custom_bwd(args..., device_type='cuda')` instead.
  def backward(ctx, grad_output):
/Users/zhaowenyuan/Projects/FlowFigTabMiner/flowfigtabminer/lib/python3.9/site-packages/onmt/modules/sparse_losses.py:37: FutureWarning: `torch.cuda.amp.custom_bwd(args...)` is deprecated. Please use `torch.amp.custom_bwd(args..., device_type='cuda')` instead.
  def backward(ctx, grad_output):
chiral_center_ids (from symbols): []
/Users/zhaowenyuan/Projects/FlowFigTabMiner/flowfigtabminer/lib/python3.9/site-packages/urllib3/__init__.py:35: NotOpenSSLWarning: urllib3 v2 only supports OpenSSL 1.1.1+, currently the 'ssl' module is compiled with 'LibreSSL 2.8.3'. See: https://github.com/urllib3/urllib3/issues/3020
  warnings.warn(
/Users/zhaowenyuan/Projects/FlowFigTabMiner/flowfigtabminer/lib/python3.9/site-packages/urllib3/__init__.py:35: NotOpenSSLWarning: urllib3 v2 only supports OpenSSL 1.1.1+, currently the 'ssl' module is compiled with 'LibreSSL 2.8.3'. See: https://github.com/urllib3/urllib3/issues/3020
  warnings.warn(
/Users/zhaowenyuan/Projects/FlowFigTabMiner/flowfigtabminer/lib/python3.9/site-packages/urllib3/__init__.py:35: NotOpenSSLWarning: urllib3 v2 only supports OpenSSL 1.1.1+, currently the 'ssl' module is compiled with 'LibreSSL 2.8.3'. See: https://github.com/urllib3/urllib3/issues/3020
  warnings.warn(
/Users/zhaowenyuan/Projects/FlowFigTabMiner/flowfigtabminer/lib/python3.9/site-packages/urllib3/__init__.py:35: NotOpenSSLWarning: urllib3 v2 only supports OpenSSL 1.1.1+, currently the 'ssl' module is compiled with 'LibreSSL 2.8.3'. See: https://github.com/urllib3/urllib3/issues/3020
  warnings.warn(
/Users/zhaowenyuan/Projects/FlowFigTabMiner/flowfigtabminer/lib/python3.9/site-packages/urllib3/__init__.py:35: NotOpenSSLWarning: urllib3 v2 only supports OpenSSL 1.1.1+, currently the 'ssl' module is compiled with 'LibreSSL 2.8.3'. See: https://github.com/urllib3/urllib3/issues/3020
  warnings.warn(
/Users/zhaowenyuan/Projects/FlowFigTabMiner/flowfigtabminer/lib/python3.9/site-packages/urllib3/__init__.py:35: NotOpenSSLWarning: urllib3 v2 only supports OpenSSL 1.1.1+, currently the 'ssl' module is compiled with 'LibreSSL 2.8.3'. See: https://github.com/urllib3/urllib3/issues/3020
  warnings.warn(
/Users/zhaowenyuan/Projects/FlowFigTabMiner/flowfigtabminer/lib/python3.9/site-packages/urllib3/__init__.py:35: NotOpenSSLWarning: urllib3 v2 only supports OpenSSL 1.1.1+, currently the 'ssl' module is compiled with 'LibreSSL 2.8.3'. See: https://github.com/urllib3/urllib3/issues/3020
  warnings.warn(
/Users/zhaowenyuan/Projects/FlowFigTabMiner/flowfigtabminer/lib/python3.9/site-packages/urllib3/__init__.py:35: NotOpenSSLWarning: urllib3 v2 only supports OpenSSL 1.1.1+, currently the 'ssl' module is compiled with 'LibreSSL 2.8.3'. See: https://github.com/urllib3/urllib3/issues/3020
  warnings.warn(
/Users/zhaowenyuan/Projects/FlowFigTabMiner/flowfigtabminer/lib/python3.9/site-packages/urllib3/__init__.py:35: NotOpenSSLWarning: urllib3 v2 only supports OpenSSL 1.1.1+, currently the 'ssl' module is compiled with 'LibreSSL 2.8.3'. See: https://github.com/urllib3/urllib3/issues/3020
  warnings.warn(
/Users/zhaowenyuan/Projects/FlowFigTabMiner/flowfigtabminer/lib/python3.9/site-packages/urllib3/__init__.py:35: NotOpenSSLWarning: urllib3 v2 only supports OpenSSL 1.1.1+, currently the 'ssl' module is compiled with 'LibreSSL 2.8.3'. See: https://github.com/urllib3/urllib3/issues/3020
  warnings.warn(
/Users/zhaowenyuan/Projects/FlowFigTabMiner/flowfigtabminer/lib/python3.9/site-packages/urllib3/__init__.py:35: NotOpenSSLWarning: urllib3 v2 only supports OpenSSL 1.1.1+, currently the 'ssl' module is compiled with 'LibreSSL 2.8.3'. See: https://github.com/urllib3/urllib3/issues/3020
  warnings.warn(
/Users/zhaowenyuan/Projects/FlowFigTabMiner/flowfigtabminer/lib/python3.9/site-packages/urllib3/__init__.py:35: NotOpenSSLWarning: urllib3 v2 only supports OpenSSL 1.1.1+, currently the 'ssl' module is compiled with 'LibreSSL 2.8.3'. See: https://github.com/urllib3/urllib3/issues/3020
  warnings.warn(
/Users/zhaowenyuan/Projects/FlowFigTabMiner/flowfigtabminer/lib/python3.9/site-packages/urllib3/__init__.py:35: NotOpenSSLWarning: urllib3 v2 only supports OpenSSL 1.1.1+, currently the 'ssl' module is compiled with 'LibreSSL 2.8.3'. See: https://github.com/urllib3/urllib3/issues/3020
  warnings.warn(
/Users/zhaowenyuan/Projects/FlowFigTabMiner/flowfigtabminer/lib/python3.9/site-packages/urllib3/__init__.py:35: NotOpenSSLWarning: urllib3 v2 only supports OpenSSL 1.1.1+, currently the 'ssl' module is compiled with 'LibreSSL 2.8.3'. See: https://github.com/urllib3/urllib3/issues/3020
  warnings.warn(
/Users/zhaowenyuan/Projects/FlowFigTabMiner/flowfigtabminer/lib/python3.9/site-packages/urllib3/__init__.py:35: NotOpenSSLWarning: urllib3 v2 only supports OpenSSL 1.1.1+, currently the 'ssl' module is compiled with 'LibreSSL 2.8.3'. See: https://github.com/urllib3/urllib3/issues/3020
  warnings.warn(
/Users/zhaowenyuan/Projects/FlowFigTabMiner/flowfigtabminer/lib/python3.9/site-packages/urllib3/__init__.py:35: NotOpenSSLWarning: urllib3 v2 only supports OpenSSL 1.1.1+, currently the 'ssl' module is compiled with 'LibreSSL 2.8.3'. See: https://github.com/urllib3/urllib3/issues/3020
  warnings.warn(
[33mChecking connectivity to the model hosters, this may take a while. To bypass this check, set `DISABLE_MODEL_SOURCE_CHECK` to `True`.[0m
[33mChecking connectivity to the model hosters, this may take a while. To bypass this check, set `DISABLE_MODEL_SOURCE_CHECK` to `True`.[0m
[33mChecking connectivity to the model hosters, this may take a while. To bypass this check, set `DISABLE_MODEL_SOURCE_CHECK` to `True`.[0m
[33mChecking connectivity to the model hosters, this may take a while. To bypass this check, set `DISABLE_MODEL_SOURCE_CHECK` to `True`.[0m
[33mChecking connectivity to the model hosters, this may take a while. To bypass this check, set `DISABLE_MODEL_SOURCE_CHECK` to `True`.[0m
[33mChecking connectivity to the model hosters, this may take a while. To bypass this check, set `DISABLE_MODEL_SOURCE_CHECK` to `True`.[0m
[33mChecking connectivity to the model hosters, this may take a while. To bypass this check, set `DISABLE_MODEL_SOURCE_CHECK` to `True`.[0m
[33mChecking connectivity to the model hosters, this may take a while. To bypass this check, set `DISABLE_MODEL_SOURCE_CHECK` to `True`.[0m
[33mChecking connectivity to the model hosters, this may take a while. To bypass this check, set `DISABLE_MODEL_SOURCE_CHECK` to `True`.[0m
[33mChecking connectivity to the model hosters, this may take a while. To bypass this check, set `DISABLE_MODEL_SOURCE_CHECK` to `True`.[0m
[33mChecking connectivity to the model hosters, this may take a while. To bypass this check, set `DISABLE_MODEL_SOURCE_CHECK` to `True`.[0m
[33mChecking connectivity to the model hosters, this may take a while. To bypass this check, set `DISABLE_MODEL_SOURCE_CHECK` to `True`.[0m
[33mChecking connectivity to the model hosters, this may take a while. To bypass this check, set `DISABLE_MODEL_SOURCE_CHECK` to `True`.[0m
[33mChecking connectivity to the model hosters, this may take a while. To bypass this check, set `DISABLE_MODEL_SOURCE_CHECK` to `True`.[0m
[33mChecking connectivity to the model hosters, this may take a while. To bypass this check, set `DISABLE_MODEL_SOURCE_CHECK` to `True`.[0m
[33mChecking connectivity to the model hosters, this may take a while. To bypass this check, set `DISABLE_MODEL_SOURCE_CHECK` to `True`.[0m
/Users/zhaowenyuan/Projects/FlowFigTabMiner/flowfigtabminer/lib/python3.9/site-packages/onmt/modules/sparse_activations.py:48: FutureWarning: `torch.cuda.amp.custom_fwd(args...)` is deprecated. Please use `torch.amp.custom_fwd(args..., device_type='cuda')` instead.
  def forward(ctx, input, dim=0):
/Users/zhaowenyuan/Projects/FlowFigTabMiner/flowfigtabminer/lib/python3.9/site-packages/onmt/modules/sparse_activations.py:68: FutureWarning: `torch.cuda.amp.custom_bwd(args...)` is deprecated. Please use `torch.amp.custom_bwd(args..., device_type='cuda')` instead.
  def backward(ctx, grad_output):
/Users/zhaowenyuan/Projects/FlowFigTabMiner/flowfigtabminer/lib/python3.9/site-packages/onmt/modules/sparse_losses.py:13: FutureWarning: `torch.cuda.amp.custom_fwd(args...)` is deprecated. Please use `torch.amp.custom_fwd(args..., device_type='cuda')` instead.
  def forward(ctx, input, target):
/Users/zhaowenyuan/Projects/FlowFigTabMiner/flowfigtabminer/lib/python3.9/site-packages/onmt/modules/sparse_losses.py:37: FutureWarning: `torch.cuda.amp.custom_bwd(args...)` is deprecated. Please use `torch.amp.custom_bwd(args..., device_type='cuda')` instead.
  def backward(ctx, grad_output):
/Users/zhaowenyuan/Projects/FlowFigTabMiner/flowfigtabminer/lib/python3.9/site-packages/urllib3/__init__.py:35: NotOpenSSLWarning: urllib3 v2 only supports OpenSSL 1.1.1+, currently the 'ssl' module is compiled with 'LibreSSL 2.8.3'. See: https://github.com/urllib3/urllib3/issues/3020
  warnings.warn(
/Users/zhaowenyuan/Projects/FlowFigTabMiner/flowfigtabminer/lib/python3.9/site-packages/urllib3/__init__.py:35: NotOpenSSLWarning: urllib3 v2 only supports OpenSSL 1.1.1+, currently the 'ssl' module is compiled with 'LibreSSL 2.8.3'. See: https://github.com/urllib3/urllib3/issues/3020
  warnings.warn(
/Users/zhaowenyuan/Projects/FlowFigTabMiner/flowfigtabminer/lib/python3.9/site-packages/urllib3/__init__.py:35: NotOpenSSLWarning: urllib3 v2 only supports OpenSSL 1.1.1+, currently the 'ssl' module is compiled with 'LibreSSL 2.8.3'. See: https://github.com/urllib3/urllib3/issues/3020
  warnings.warn(
/Users/zhaowenyuan/Projects/FlowFigTabMiner/flowfigtabminer/lib/python3.9/site-packages/urllib3/__init__.py:35: NotOpenSSLWarning: urllib3 v2 only supports OpenSSL 1.1.1+, currently the 'ssl' module is compiled with 'LibreSSL 2.8.3'. See: https://github.com/urllib3/urllib3/issues/3020
  warnings.warn(
/Users/zhaowenyuan/Projects/FlowFigTabMiner/flowfigtabminer/lib/python3.9/site-packages/urllib3/__init__.py:35: NotOpenSSLWarning: urllib3 v2 only supports OpenSSL 1.1.1+, currently the 'ssl' module is compiled with 'LibreSSL 2.8.3'. See: https://github.com/urllib3/urllib3/issues/3020
  warnings.warn(
/Users/zhaowenyuan/Projects/FlowFigTabMiner/flowfigtabminer/lib/python3.9/site-packages/urllib3/__init__.py:35: NotOpenSSLWarning: urllib3 v2 only supports OpenSSL 1.1.1+, currently the 'ssl' module is compiled with 'LibreSSL 2.8.3'. See: https://github.com/urllib3/urllib3/issues/3020
  warnings.warn(
/Users/zhaowenyuan/Projects/FlowFigTabMiner/flowfigtabminer/lib/python3.9/site-packages/urllib3/__init__.py:35: NotOpenSSLWarning: urllib3 v2 only supports OpenSSL 1.1.1+, currently the 'ssl' module is compiled with 'LibreSSL 2.8.3'. See: https://github.com/urllib3/urllib3/issues/3020
  warnings.warn(
/Users/zhaowenyuan/Projects/FlowFigTabMiner/flowfigtabminer/lib/python3.9/site-packages/urllib3/__init__.py:35: NotOpenSSLWarning: urllib3 v2 only supports OpenSSL 1.1.1+, currently the 'ssl' module is compiled with 'LibreSSL 2.8.3'. See: https://github.com/urllib3/urllib3/issues/3020
  warnings.warn(
/Users/zhaowenyuan/Projects/FlowFigTabMiner/flowfigtabminer/lib/python3.9/site-packages/urllib3/__init__.py:35: NotOpenSSLWarning: urllib3 v2 only supports OpenSSL 1.1.1+, currently the 'ssl' module is compiled with 'LibreSSL 2.8.3'. See: https://github.com/urllib3/urllib3/issues/3020
  warnings.warn(
/Users/zhaowenyuan/Projects/FlowFigTabMiner/flowfigtabminer/lib/python3.9/site-packages/urllib3/__init__.py:35: NotOpenSSLWarning: urllib3 v2 only supports OpenSSL 1.1.1+, currently the 'ssl' module is compiled with 'LibreSSL 2.8.3'. See: https://github.com/urllib3/urllib3/issues/3020
  warnings.warn(
/Users/zhaowenyuan/Projects/FlowFigTabMiner/flowfigtabminer/lib/python3.9/site-packages/urllib3/__init__.py:35: NotOpenSSLWarning: urllib3 v2 only supports OpenSSL 1.1.1+, currently the 'ssl' module is compiled with 'LibreSSL 2.8.3'. See: https://github.com/urllib3/urllib3/issues/3020
  warnings.warn(
/Users/zhaowenyuan/Projects/FlowFigTabMiner/flowfigtabminer/lib/python3.9/site-packages/urllib3/__init__.py:35: NotOpenSSLWarning: urllib3 v2 only supports OpenSSL 1.1.1+, currently the 'ssl' module is compiled with 'LibreSSL 2.8.3'. See: https://github.com/urllib3/urllib3/issues/3020
  warnings.warn(
/Users/zhaowenyuan/Projects/FlowFigTabMiner/flowfigtabminer/lib/python3.9/site-packages/urllib3/__init__.py:35: NotOpenSSLWarning: urllib3 v2 only supports OpenSSL 1.1.1+, currently the 'ssl' module is compiled with 'LibreSSL 2.8.3'. See: https://github.com/urllib3/urllib3/issues/3020
  warnings.warn(
/Users/zhaowenyuan/Projects/FlowFigTabMiner/flowfigtabminer/lib/python3.9/site-packages/urllib3/__init__.py:35: NotOpenSSLWarning: urllib3 v2 only supports OpenSSL 1.1.1+, currently the 'ssl' module is compiled with 'LibreSSL 2.8.3'. See: https://github.com/urllib3/urllib3/issues/3020
  warnings.warn(
/Users/zhaowenyuan/Projects/FlowFigTabMiner/flowfigtabminer/lib/python3.9/site-packages/urllib3/__init__.py:35: NotOpenSSLWarning: urllib3 v2 only supports OpenSSL 1.1.1+, currently the 'ssl' module is compiled with 'LibreSSL 2.8.3'. See: https://github.com/urllib3/urllib3/issues/3020
  warnings.warn(
/Users/zhaowenyuan/Projects/FlowFigTabMiner/flowfigtabminer/lib/python3.9/site-packages/urllib3/__init__.py:35: NotOpenSSLWarning: urllib3 v2 only supports OpenSSL 1.1.1+, currently the 'ssl' module is compiled with 'LibreSSL 2.8.3'. See: https://github.com/urllib3/urllib3/issues/3020
  warnings.warn(
[33mChecking connectivity to the model hosters, this may take a while. To bypass this check, set `DISABLE_MODEL_SOURCE_CHECK` to `True`.[0m
[33mChecking connectivity to the model hosters, this may take a while. To bypass this check, set `DISABLE_MODEL_SOURCE_CHECK` to `True`.[0m
[33mChecking connectivity to the model hosters, this may take a while. To bypass this check, set `DISABLE_MODEL_SOURCE_CHECK` to `True`.[0m
[33mChecking connectivity to the model hosters, this may take a while. To bypass this check, set `DISABLE_MODEL_SOURCE_CHECK` to `True`.[0m
[33mChecking connectivity to the model hosters, this may take a while. To bypass this check, set `DISABLE_MODEL_SOURCE_CHECK` to `True`.[0m
[33mChecking connectivity to the model hosters, this may take a while. To bypass this check, set `DISABLE_MODEL_SOURCE_CHECK` to `True`.[0m
[33mChecking connectivity to the model hosters, this may take a while. To bypass this check, set `DISABLE_MODEL_SOURCE_CHECK` to `True`.[0m
[33mChecking connectivity to the model hosters, this may take a while. To bypass this check, set `DISABLE_MODEL_SOURCE_CHECK` to `True`.[0m
[33mChecking connectivity to the model hosters, this may take a while. To bypass this check, set `DISABLE_MODEL_SOURCE_CHECK` to `True`.[0m
[33mChecking connectivity to the model hosters, this may take a while. To bypass this check, set `DISABLE_MODEL_SOURCE_CHECK` to `True`.[0m
[33mChecking connectivity to the model hosters, this may take a while. To bypass this check, set `DISABLE_MODEL_SOURCE_CHECK` to `True`.[0m
[33mChecking connectivity to the model hosters, this may take a while. To bypass this check, set `DISABLE_MODEL_SOURCE_CHECK` to `True`.[0m
[33mChecking connectivity to the model hosters, this may take a while. To bypass this check, set `DISABLE_MODEL_SOURCE_CHECK` to `True`.[0m
[33mChecking connectivity to the model hosters, this may take a while. To bypass this check, set `DISABLE_MODEL_SOURCE_CHECK` to `True`.[0m
[33mChecking connectivity to the model hosters, this may take a while. To bypass this check, set `DISABLE_MODEL_SOURCE_CHECK` to `True`.[0m
[33mChecking connectivity to the model hosters, this may take a while. To bypass this check, set `DISABLE_MODEL_SOURCE_CHECK` to `True`.[0m
/Users/zhaowenyuan/Projects/FlowFigTabMiner/flowfigtabminer/lib/python3.9/site-packages/onmt/modules/sparse_activations.py:48: FutureWarning: `torch.cuda.amp.custom_fwd(args...)` is deprecated. Please use `torch.amp.custom_fwd(args..., device_type='cuda')` instead.
  def forward(ctx, input, dim=0):
/Users/zhaowenyuan/Projects/FlowFigTabMiner/flowfigtabminer/lib/python3.9/site-packages/onmt/modules/sparse_activations.py:68: FutureWarning: `torch.cuda.amp.custom_bwd(args...)` is deprecated. Please use `torch.amp.custom_bwd(args..., device_type='cuda')` instead.
  def backward(ctx, grad_output):
/Users/zhaowenyuan/Projects/FlowFigTabMiner/flowfigtabminer/lib/python3.9/site-packages/onmt/modules/sparse_losses.py:13: FutureWarning: `torch.cuda.amp.custom_fwd(args...)` is deprecated. Please use `torch.amp.custom_fwd(args..., device_type='cuda')` instead.
  def forward(ctx, input, target):
/Users/zhaowenyuan/Projects/FlowFigTabMiner/flowfigtabminer/lib/python3.9/site-packages/onmt/modules/sparse_losses.py:37: FutureWarning: `torch.cuda.amp.custom_bwd(args...)` is deprecated. Please use `torch.amp.custom_bwd(args..., device_type='cuda')` instead.
  def backward(ctx, grad_output):
chiral_center_ids (from symbols): []
/Users/zhaowenyuan/Projects/FlowFigTabMiner/flowfigtabminer/lib/python3.9/site-packages/urllib3/__init__.py:35: NotOpenSSLWarning: urllib3 v2 only supports OpenSSL 1.1.1+, currently the 'ssl' module is compiled with 'LibreSSL 2.8.3'. See: https://github.com/urllib3/urllib3/issues/3020
  warnings.warn(
/Users/zhaowenyuan/Projects/FlowFigTabMiner/flowfigtabminer/lib/python3.9/site-packages/urllib3/__init__.py:35: NotOpenSSLWarning: urllib3 v2 only supports OpenSSL 1.1.1+, currently the 'ssl' module is compiled with 'LibreSSL 2.8.3'. See: https://github.com/urllib3/urllib3/issues/3020
  warnings.warn(
/Users/zhaowenyuan/Projects/FlowFigTabMiner/flowfigtabminer/lib/python3.9/site-packages/urllib3/__init__.py:35: NotOpenSSLWarning: urllib3 v2 only supports OpenSSL 1.1.1+, currently the 'ssl' module is compiled with 'LibreSSL 2.8.3'. See: https://github.com/urllib3/urllib3/issues/3020
  warnings.warn(
/Users/zhaowenyuan/Projects/FlowFigTabMiner/flowfigtabminer/lib/python3.9/site-packages/urllib3/__init__.py:35: NotOpenSSLWarning: urllib3 v2 only supports OpenSSL 1.1.1+, currently the 'ssl' module is compiled with 'LibreSSL 2.8.3'. See: https://github.com/urllib3/urllib3/issues/3020
  warnings.warn(
/Users/zhaowenyuan/Projects/FlowFigTabMiner/flowfigtabminer/lib/python3.9/site-packages/urllib3/__init__.py:35: NotOpenSSLWarning: urllib3 v2 only supports OpenSSL 1.1.1+, currently the 'ssl' module is compiled with 'LibreSSL 2.8.3'. See: https://github.com/urllib3/urllib3/issues/3020
  warnings.warn(
/Users/zhaowenyuan/Projects/FlowFigTabMiner/flowfigtabminer/lib/python3.9/site-packages/urllib3/__init__.py:35: NotOpenSSLWarning: urllib3 v2 only supports OpenSSL 1.1.1+, currently the 'ssl' module is compiled with 'LibreSSL 2.8.3'. See: https://github.com/urllib3/urllib3/issues/3020
  warnings.warn(
/Users/zhaowenyuan/Projects/FlowFigTabMiner/flowfigtabminer/lib/python3.9/site-packages/urllib3/__init__.py:35: NotOpenSSLWarning: urllib3 v2 only supports OpenSSL 1.1.1+, currently the 'ssl' module is compiled with 'LibreSSL 2.8.3'. See: https://github.com/urllib3/urllib3/issues/3020
  warnings.warn(
/Users/zhaowenyuan/Projects/FlowFigTabMiner/flowfigtabminer/lib/python3.9/site-packages/urllib3/__init__.py:35: NotOpenSSLWarning: urllib3 v2 only supports OpenSSL 1.1.1+, currently the 'ssl' module is compiled with 'LibreSSL 2.8.3'. See: https://github.com/urllib3/urllib3/issues/3020
  warnings.warn(
/Users/zhaowenyuan/Projects/FlowFigTabMiner/flowfigtabminer/lib/python3.9/site-packages/urllib3/__init__.py:35: NotOpenSSLWarning: urllib3 v2 only supports OpenSSL 1.1.1+, currently the 'ssl' module is compiled with 'LibreSSL 2.8.3'. See: https://github.com/urllib3/urllib3/issues/3020
  warnings.warn(
/Users/zhaowenyuan/Projects/FlowFigTabMiner/flowfigtabminer/lib/python3.9/site-packages/urllib3/__init__.py:35: NotOpenSSLWarning: urllib3 v2 only supports OpenSSL 1.1.1+, currently the 'ssl' module is compiled with 'LibreSSL 2.8.3'. See: https://github.com/urllib3/urllib3/issues/3020
  warnings.warn(
/Users/zhaowenyuan/Projects/FlowFigTabMiner/flowfigtabminer/lib/python3.9/site-packages/urllib3/__init__.py:35: NotOpenSSLWarning: urllib3 v2 only supports OpenSSL 1.1.1+, currently the 'ssl' module is compiled with 'LibreSSL 2.8.3'. See: https://github.com/urllib3/urllib3/issues/3020
  warnings.warn(
/Users/zhaowenyuan/Projects/FlowFigTabMiner/flowfigtabminer/lib/python3.9/site-packages/urllib3/__init__.py:35: NotOpenSSLWarning: urllib3 v2 only supports OpenSSL 1.1.1+, currently the 'ssl' module is compiled with 'LibreSSL 2.8.3'. See: https://github.com/urllib3/urllib3/issues/3020
  warnings.warn(
/Users/zhaowenyuan/Projects/FlowFigTabMiner/flowfigtabminer/lib/python3.9/site-packages/urllib3/__init__.py:35: NotOpenSSLWarning: urllib3 v2 only supports OpenSSL 1.1.1+, currently the 'ssl' module is compiled with 'LibreSSL 2.8.3'. See: https://github.com/urllib3/urllib3/issues/3020
  warnings.warn(
/Users/zhaowenyuan/Projects/FlowFigTabMiner/flowfigtabminer/lib/python3.9/site-packages/urllib3/__init__.py:35: NotOpenSSLWarning: urllib3 v2 only supports OpenSSL 1.1.1+, currently the 'ssl' module is compiled with 'LibreSSL 2.8.3'. See: https://github.com/urllib3/urllib3/issues/3020
  warnings.warn(
/Users/zhaowenyuan/Projects/FlowFigTabMiner/flowfigtabminer/lib/python3.9/site-packages/urllib3/__init__.py:35: NotOpenSSLWarning: urllib3 v2 only supports OpenSSL 1.1.1+, currently the 'ssl' module is compiled with 'LibreSSL 2.8.3'. See: https://github.com/urllib3/urllib3/issues/3020
  warnings.warn(
/Users/zhaowenyuan/Projects/FlowFigTabMiner/flowfigtabminer/lib/python3.9/site-packages/urllib3/__init__.py:35: NotOpenSSLWarning: urllib3 v2 only supports OpenSSL 1.1.1+, currently the 'ssl' module is compiled with 'LibreSSL 2.8.3'. See: https://github.com/urllib3/urllib3/issues/3020
  warnings.warn(
[33mChecking connectivity to the model hosters, this may take a while. To bypass this check, set `DISABLE_MODEL_SOURCE_CHECK` to `True`.[0m
[33mChecking connectivity to the model hosters, this may take a while. To bypass this check, set `DISABLE_MODEL_SOURCE_CHECK` to `True`.[0m
[33mChecking connectivity to the model hosters, this may take a while. To bypass this check, set `DISABLE_MODEL_SOURCE_CHECK` to `True`.[0m
[33mChecking connectivity to the model hosters, this may take a while. To bypass this check, set `DISABLE_MODEL_SOURCE_CHECK` to `True`.[0m
[33mChecking connectivity to the model hosters, this may take a while. To bypass this check, set `DISABLE_MODEL_SOURCE_CHECK` to `True`.[0m
[33mChecking connectivity to the model hosters, this may take a while. To bypass this check, set `DISABLE_MODEL_SOURCE_CHECK` to `True`.[0m
[33mChecking connectivity to the model hosters, this may take a while. To bypass this check, set `DISABLE_MODEL_SOURCE_CHECK` to `True`.[0m
[33mChecking connectivity to the model hosters, this may take a while. To bypass this check, set `DISABLE_MODEL_SOURCE_CHECK` to `True`.[0m
[33mChecking connectivity to the model hosters, this may take a while. To bypass this check, set `DISABLE_MODEL_SOURCE_CHECK` to `True`.[0m
[33mChecking connectivity to the model hosters, this may take a while. To bypass this check, set `DISABLE_MODEL_SOURCE_CHECK` to `True`.[0m
[33mChecking connectivity to the model hosters, this may take a while. To bypass this check, set `DISABLE_MODEL_SOURCE_CHECK` to `True`.[0m
[33mChecking connectivity to the model hosters, this may take a while. To bypass this check, set `DISABLE_MODEL_SOURCE_CHECK` to `True`.[0m
[33mChecking connectivity to the model hosters, this may take a while. To bypass this check, set `DISABLE_MODEL_SOURCE_CHECK` to `True`.[0m
[33mChecking connectivity to the model hosters, this may take a while. To bypass this check, set `DISABLE_MODEL_SOURCE_CHECK` to `True`.[0m
[33mChecking connectivity to the model hosters, this may take a while. To bypass this check, set `DISABLE_MODEL_SOURCE_CHECK` to `True`.[0m
[33mChecking connectivity to the model hosters, this may take a while. To bypass this check, set `DISABLE_MODEL_SOURCE_CHECK` to `True`.[0m
/Users/zhaowenyuan/Projects/FlowFigTabMiner/flowfigtabminer/lib/python3.9/site-packages/onmt/modules/sparse_activations.py:48: FutureWarning: `torch.cuda.amp.custom_fwd(args...)` is deprecated. Please use `torch.amp.custom_fwd(args..., device_type='cuda')` instead.
  def forward(ctx, input, dim=0):
/Users/zhaowenyuan/Projects/FlowFigTabMiner/flowfigtabminer/lib/python3.9/site-packages/onmt/modules/sparse_activations.py:68: FutureWarning: `torch.cuda.amp.custom_bwd(args...)` is deprecated. Please use `torch.amp.custom_bwd(args..., device_type='cuda')` instead.
  def backward(ctx, grad_output):
/Users/zhaowenyuan/Projects/FlowFigTabMiner/flowfigtabminer/lib/python3.9/site-packages/onmt/modules/sparse_losses.py:13: FutureWarning: `torch.cuda.amp.custom_fwd(args...)` is deprecated. Please use `torch.amp.custom_fwd(args..., device_type='cuda')` instead.
  def forward(ctx, input, target):
/Users/zhaowenyuan/Projects/FlowFigTabMiner/flowfigtabminer/lib/python3.9/site-packages/onmt/modules/sparse_losses.py:37: FutureWarning: `torch.cuda.amp.custom_bwd(args...)` is deprecated. Please use `torch.amp.custom_bwd(args..., device_type='cuda')` instead.
  def backward(ctx, grad_output):
chiral_center_ids (from symbols): []
/Users/zhaowenyuan/Projects/FlowFigTabMiner/flowfigtabminer/lib/python3.9/site-packages/urllib3/__init__.py:35: NotOpenSSLWarning: urllib3 v2 only supports OpenSSL 1.1.1+, currently the 'ssl' module is compiled with 'LibreSSL 2.8.3'. See: https://github.com/urllib3/urllib3/issues/3020
  warnings.warn(
/Users/zhaowenyuan/Projects/FlowFigTabMiner/flowfigtabminer/lib/python3.9/site-packages/urllib3/__init__.py:35: NotOpenSSLWarning: urllib3 v2 only supports OpenSSL 1.1.1+, currently the 'ssl' module is compiled with 'LibreSSL 2.8.3'. See: https://github.com/urllib3/urllib3/issues/3020
  warnings.warn(
/Users/zhaowenyuan/Projects/FlowFigTabMiner/flowfigtabminer/lib/python3.9/site-packages/urllib3/__init__.py:35: NotOpenSSLWarning: urllib3 v2 only supports OpenSSL 1.1.1+, currently the 'ssl' module is compiled with 'LibreSSL 2.8.3'. See: https://github.com/urllib3/urllib3/issues/3020
  warnings.warn(
/Users/zhaowenyuan/Projects/FlowFigTabMiner/flowfigtabminer/lib/python3.9/site-packages/urllib3/__init__.py:35: NotOpenSSLWarning: urllib3 v2 only supports OpenSSL 1.1.1+, currently the 'ssl' module is compiled with 'LibreSSL 2.8.3'. See: https://github.com/urllib3/urllib3/issues/3020
  warnings.warn(
/Users/zhaowenyuan/Projects/FlowFigTabMiner/flowfigtabminer/lib/python3.9/site-packages/urllib3/__init__.py:35: NotOpenSSLWarning: urllib3 v2 only supports OpenSSL 1.1.1+, currently the 'ssl' module is compiled with 'LibreSSL 2.8.3'. See: https://github.com/urllib3/urllib3/issues/3020
  warnings.warn(
/Users/zhaowenyuan/Projects/FlowFigTabMiner/flowfigtabminer/lib/python3.9/site-packages/urllib3/__init__.py:35: NotOpenSSLWarning: urllib3 v2 only supports OpenSSL 1.1.1+, currently the 'ssl' module is compiled with 'LibreSSL 2.8.3'. See: https://github.com/urllib3/urllib3/issues/3020
  warnings.warn(
/Users/zhaowenyuan/Projects/FlowFigTabMiner/flowfigtabminer/lib/python3.9/site-packages/urllib3/__init__.py:35: NotOpenSSLWarning: urllib3 v2 only supports OpenSSL 1.1.1+, currently the 'ssl' module is compiled with 'LibreSSL 2.8.3'. See: https://github.com/urllib3/urllib3/issues/3020
  warnings.warn(
/Users/zhaowenyuan/Projects/FlowFigTabMiner/flowfigtabminer/lib/python3.9/site-packages/urllib3/__init__.py:35: NotOpenSSLWarning: urllib3 v2 only supports OpenSSL 1.1.1+, currently the 'ssl' module is compiled with 'LibreSSL 2.8.3'. See: https://github.com/urllib3/urllib3/issues/3020
  warnings.warn(
/Users/zhaowenyuan/Projects/FlowFigTabMiner/flowfigtabminer/lib/python3.9/site-packages/urllib3/__init__.py:35: NotOpenSSLWarning: urllib3 v2 only supports OpenSSL 1.1.1+, currently the 'ssl' module is compiled with 'LibreSSL 2.8.3'. See: https://github.com/urllib3/urllib3/issues/3020
  warnings.warn(
/Users/zhaowenyuan/Projects/FlowFigTabMiner/flowfigtabminer/lib/python3.9/site-packages/urllib3/__init__.py:35: NotOpenSSLWarning: urllib3 v2 only supports OpenSSL 1.1.1+, currently the 'ssl' module is compiled with 'LibreSSL 2.8.3'. See: https://github.com/urllib3/urllib3/issues/3020
  warnings.warn(
/Users/zhaowenyuan/Projects/FlowFigTabMiner/flowfigtabminer/lib/python3.9/site-packages/urllib3/__init__.py:35: NotOpenSSLWarning: urllib3 v2 only supports OpenSSL 1.1.1+, currently the 'ssl' module is compiled with 'LibreSSL 2.8.3'. See: https://github.com/urllib3/urllib3/issues/3020
  warnings.warn(
/Users/zhaowenyuan/Projects/FlowFigTabMiner/flowfigtabminer/lib/python3.9/site-packages/urllib3/__init__.py:35: NotOpenSSLWarning: urllib3 v2 only supports OpenSSL 1.1.1+, currently the 'ssl' module is compiled with 'LibreSSL 2.8.3'. See: https://github.com/urllib3/urllib3/issues/3020
  warnings.warn(
/Users/zhaowenyuan/Projects/FlowFigTabMiner/flowfigtabminer/lib/python3.9/site-packages/urllib3/__init__.py:35: NotOpenSSLWarning: urllib3 v2 only supports OpenSSL 1.1.1+, currently the 'ssl' module is compiled with 'LibreSSL 2.8.3'. See: https://github.com/urllib3/urllib3/issues/3020
  warnings.warn(
/Users/zhaowenyuan/Projects/FlowFigTabMiner/flowfigtabminer/lib/python3.9/site-packages/urllib3/__init__.py:35: NotOpenSSLWarning: urllib3 v2 only supports OpenSSL 1.1.1+, currently the 'ssl' module is compiled with 'LibreSSL 2.8.3'. See: https://github.com/urllib3/urllib3/issues/3020
  warnings.warn(
/Users/zhaowenyuan/Projects/FlowFigTabMiner/flowfigtabminer/lib/python3.9/site-packages/urllib3/__init__.py:35: NotOpenSSLWarning: urllib3 v2 only supports OpenSSL 1.1.1+, currently the 'ssl' module is compiled with 'LibreSSL 2.8.3'. See: https://github.com/urllib3/urllib3/issues/3020
  warnings.warn(
/Users/zhaowenyuan/Projects/FlowFigTabMiner/flowfigtabminer/lib/python3.9/site-packages/urllib3/__init__.py:35: NotOpenSSLWarning: urllib3 v2 only supports OpenSSL 1.1.1+, currently the 'ssl' module is compiled with 'LibreSSL 2.8.3'. See: https://github.com/urllib3/urllib3/issues/3020
  warnings.warn(
[33mChecking connectivity to the model hosters, this may take a while. To bypass this check, set `DISABLE_MODEL_SOURCE_CHECK` to `True`.[0m
[33mChecking connectivity to the model hosters, this may take a while. To bypass this check, set `DISABLE_MODEL_SOURCE_CHECK` to `True`.[0m
[33mChecking connectivity to the model hosters, this may take a while. To bypass this check, set `DISABLE_MODEL_SOURCE_CHECK` to `True`.[0m
[33mChecking connectivity to the model hosters, this may take a while. To bypass this check, set `DISABLE_MODEL_SOURCE_CHECK` to `True`.[0m
[33mChecking connectivity to the model hosters, this may take a while. To bypass this check, set `DISABLE_MODEL_SOURCE_CHECK` to `True`.[0m
[33mChecking connectivity to the model hosters, this may take a while. To bypass this check, set `DISABLE_MODEL_SOURCE_CHECK` to `True`.[0m
[33mChecking connectivity to the model hosters, this may take a while. To bypass this check, set `DISABLE_MODEL_SOURCE_CHECK` to `True`.[0m
[33mChecking connectivity to the model hosters, this may take a while. To bypass this check, set `DISABLE_MODEL_SOURCE_CHECK` to `True`.[0m
[33mChecking connectivity to the model hosters, this may take a while. To bypass this check, set `DISABLE_MODEL_SOURCE_CHECK` to `True`.[0m
[33mChecking connectivity to the model hosters, this may take a while. To bypass this check, set `DISABLE_MODEL_SOURCE_CHECK` to `True`.[0m
[33mChecking connectivity to the model hosters, this may take a while. To bypass this check, set `DISABLE_MODEL_SOURCE_CHECK` to `True`.[0m
[33mChecking connectivity to the model hosters, this may take a while. To bypass this check, set `DISABLE_MODEL_SOURCE_CHECK` to `True`.[0m
[33mChecking connectivity to the model hosters, this may take a while. To bypass this check, set `DISABLE_MODEL_SOURCE_CHECK` to `True`.[0m
[33mChecking connectivity to the model hosters, this may take a while. To bypass this check, set `DISABLE_MODEL_SOURCE_CHECK` to `True`.[0m
[33mChecking connectivity to the model hosters, this may take a while. To bypass this check, set `DISABLE_MODEL_SOURCE_CHECK` to `True`.[0m
[33mChecking connectivity to the model hosters, this may take a while. To bypass this check, set `DISABLE_MODEL_SOURCE_CHECK` to `True`.[0m
/Users/zhaowenyuan/Projects/FlowFigTabMiner/flowfigtabminer/lib/python3.9/site-packages/onmt/modules/sparse_activations.py:48: FutureWarning: `torch.cuda.amp.custom_fwd(args...)` is deprecated. Please use `torch.amp.custom_fwd(args..., device_type='cuda')` instead.
  def forward(ctx, input, dim=0):
/Users/zhaowenyuan/Projects/FlowFigTabMiner/flowfigtabminer/lib/python3.9/site-packages/onmt/modules/sparse_activations.py:68: FutureWarning: `torch.cuda.amp.custom_bwd(args...)` is deprecated. Please use `torch.amp.custom_bwd(args..., device_type='cuda')` instead.
  def backward(ctx, grad_output):
/Users/zhaowenyuan/Projects/FlowFigTabMiner/flowfigtabminer/lib/python3.9/site-packages/onmt/modules/sparse_losses.py:13: FutureWarning: `torch.cuda.amp.custom_fwd(args...)` is deprecated. Please use `torch.amp.custom_fwd(args..., device_type='cuda')` instead.
  def forward(ctx, input, target):
/Users/zhaowenyuan/Projects/FlowFigTabMiner/flowfigtabminer/lib/python3.9/site-packages/onmt/modules/sparse_losses.py:37: FutureWarning: `torch.cuda.amp.custom_bwd(args...)` is deprecated. Please use `torch.amp.custom_bwd(args..., device_type='cuda')` instead.
  def backward(ctx, grad_output):
chiral_center_ids (from symbols): []
/Users/zhaowenyuan/Projects/FlowFigTabMiner/flowfigtabminer/lib/python3.9/site-packages/urllib3/__init__.py:35: NotOpenSSLWarning: urllib3 v2 only supports OpenSSL 1.1.1+, currently the 'ssl' module is compiled with 'LibreSSL 2.8.3'. See: https://github.com/urllib3/urllib3/issues/3020
  warnings.warn(
/Users/zhaowenyuan/Projects/FlowFigTabMiner/flowfigtabminer/lib/python3.9/site-packages/urllib3/__init__.py:35: NotOpenSSLWarning: urllib3 v2 only supports OpenSSL 1.1.1+, currently the 'ssl' module is compiled with 'LibreSSL 2.8.3'. See: https://github.com/urllib3/urllib3/issues/3020
  warnings.warn(
/Users/zhaowenyuan/Projects/FlowFigTabMiner/flowfigtabminer/lib/python3.9/site-packages/urllib3/__init__.py:35: NotOpenSSLWarning: urllib3 v2 only supports OpenSSL 1.1.1+, currently the 'ssl' module is compiled with 'LibreSSL 2.8.3'. See: https://github.com/urllib3/urllib3/issues/3020
  warnings.warn(
/Users/zhaowenyuan/Projects/FlowFigTabMiner/flowfigtabminer/lib/python3.9/site-packages/urllib3/__init__.py:35: NotOpenSSLWarning: urllib3 v2 only supports OpenSSL 1.1.1+, currently the 'ssl' module is compiled with 'LibreSSL 2.8.3'. See: https://github.com/urllib3/urllib3/issues/3020
  warnings.warn(
/Users/zhaowenyuan/Projects/FlowFigTabMiner/flowfigtabminer/lib/python3.9/site-packages/urllib3/__init__.py:35: NotOpenSSLWarning: urllib3 v2 only supports OpenSSL 1.1.1+, currently the 'ssl' module is compiled with 'LibreSSL 2.8.3'. See: https://github.com/urllib3/urllib3/issues/3020
  warnings.warn(
/Users/zhaowenyuan/Projects/FlowFigTabMiner/flowfigtabminer/lib/python3.9/site-packages/urllib3/__init__.py:35: NotOpenSSLWarning: urllib3 v2 only supports OpenSSL 1.1.1+, currently the 'ssl' module is compiled with 'LibreSSL 2.8.3'. See: https://github.com/urllib3/urllib3/issues/3020
  warnings.warn(
/Users/zhaowenyuan/Projects/FlowFigTabMiner/flowfigtabminer/lib/python3.9/site-packages/urllib3/__init__.py:35: NotOpenSSLWarning: urllib3 v2 only supports OpenSSL 1.1.1+, currently the 'ssl' module is compiled with 'LibreSSL 2.8.3'. See: https://github.com/urllib3/urllib3/issues/3020
  warnings.warn(
/Users/zhaowenyuan/Projects/FlowFigTabMiner/flowfigtabminer/lib/python3.9/site-packages/urllib3/__init__.py:35: NotOpenSSLWarning: urllib3 v2 only supports OpenSSL 1.1.1+, currently the 'ssl' module is compiled with 'LibreSSL 2.8.3'. See: https://github.com/urllib3/urllib3/issues/3020
  warnings.warn(
/Users/zhaowenyuan/Projects/FlowFigTabMiner/flowfigtabminer/lib/python3.9/site-packages/urllib3/__init__.py:35: NotOpenSSLWarning: urllib3 v2 only supports OpenSSL 1.1.1+, currently the 'ssl' module is compiled with 'LibreSSL 2.8.3'. See: https://github.com/urllib3/urllib3/issues/3020
  warnings.warn(
/Users/zhaowenyuan/Projects/FlowFigTabMiner/flowfigtabminer/lib/python3.9/site-packages/urllib3/__init__.py:35: NotOpenSSLWarning: urllib3 v2 only supports OpenSSL 1.1.1+, currently the 'ssl' module is compiled with 'LibreSSL 2.8.3'. See: https://github.com/urllib3/urllib3/issues/3020
  warnings.warn(
/Users/zhaowenyuan/Projects/FlowFigTabMiner/flowfigtabminer/lib/python3.9/site-packages/urllib3/__init__.py:35: NotOpenSSLWarning: urllib3 v2 only supports OpenSSL 1.1.1+, currently the 'ssl' module is compiled with 'LibreSSL 2.8.3'. See: https://github.com/urllib3/urllib3/issues/3020
  warnings.warn(
/Users/zhaowenyuan/Projects/FlowFigTabMiner/flowfigtabminer/lib/python3.9/site-packages/urllib3/__init__.py:35: NotOpenSSLWarning: urllib3 v2 only supports OpenSSL 1.1.1+, currently the 'ssl' module is compiled with 'LibreSSL 2.8.3'. See: https://github.com/urllib3/urllib3/issues/3020
  warnings.warn(
/Users/zhaowenyuan/Projects/FlowFigTabMiner/flowfigtabminer/lib/python3.9/site-packages/urllib3/__init__.py:35: NotOpenSSLWarning: urllib3 v2 only supports OpenSSL 1.1.1+, currently the 'ssl' module is compiled with 'LibreSSL 2.8.3'. See: https://github.com/urllib3/urllib3/issues/3020
  warnings.warn(
/Users/zhaowenyuan/Projects/FlowFigTabMiner/flowfigtabminer/lib/python3.9/site-packages/urllib3/__init__.py:35: NotOpenSSLWarning: urllib3 v2 only supports OpenSSL 1.1.1+, currently the 'ssl' module is compiled with 'LibreSSL 2.8.3'. See: https://github.com/urllib3/urllib3/issues/3020
  warnings.warn(
/Users/zhaowenyuan/Projects/FlowFigTabMiner/flowfigtabminer/lib/python3.9/site-packages/urllib3/__init__.py:35: NotOpenSSLWarning: urllib3 v2 only supports OpenSSL 1.1.1+, currently the 'ssl' module is compiled with 'LibreSSL 2.8.3'. See: https://github.com/urllib3/urllib3/issues/3020
  warnings.warn(
/Users/zhaowenyuan/Projects/FlowFigTabMiner/flowfigtabminer/lib/python3.9/site-packages/urllib3/__init__.py:35: NotOpenSSLWarning: urllib3 v2 only supports OpenSSL 1.1.1+, currently the 'ssl' module is compiled with 'LibreSSL 2.8.3'. See: https://github.com/urllib3/urllib3/issues/3020
  warnings.warn(
[33mChecking connectivity to the model hosters, this may take a while. To bypass this check, set `DISABLE_MODEL_SOURCE_CHECK` to `True`.[0m
[33mChecking connectivity to the model hosters, this may take a while. To bypass this check, set `DISABLE_MODEL_SOURCE_CHECK` to `True`.[0m
[33mChecking connectivity to the model hosters, this may take a while. To bypass this check, set `DISABLE_MODEL_SOURCE_CHECK` to `True`.[0m
[33mChecking connectivity to the model hosters, this may take a while. To bypass this check, set `DISABLE_MODEL_SOURCE_CHECK` to `True`.[0m
[33mChecking connectivity to the model hosters, this may take a while. To bypass this check, set `DISABLE_MODEL_SOURCE_CHECK` to `True`.[0m
[33mChecking connectivity to the model hosters, this may take a while. To bypass this check, set `DISABLE_MODEL_SOURCE_CHECK` to `True`.[0m
[33mChecking connectivity to the model hosters, this may take a while. To bypass this check, set `DISABLE_MODEL_SOURCE_CHECK` to `True`.[0m
[33mChecking connectivity to the model hosters, this may take a while. To bypass this check, set `DISABLE_MODEL_SOURCE_CHECK` to `True`.[0m
[33mChecking connectivity to the model hosters, this may take a while. To bypass this check, set `DISABLE_MODEL_SOURCE_CHECK` to `True`.[0m
[33mChecking connectivity to the model hosters, this may take a while. To bypass this check, set `DISABLE_MODEL_SOURCE_CHECK` to `True`.[0m
[33mChecking connectivity to the model hosters, this may take a while. To bypass this check, set `DISABLE_MODEL_SOURCE_CHECK` to `True`.[0m
[33mChecking connectivity to the model hosters, this may take a while. To bypass this check, set `DISABLE_MODEL_SOURCE_CHECK` to `True`.[0m
[33mChecking connectivity to the model hosters, this may take a while. To bypass this check, set `DISABLE_MODEL_SOURCE_CHECK` to `True`.[0m
[33mChecking connectivity to the model hosters, this may take a while. To bypass this check, set `DISABLE_MODEL_SOURCE_CHECK` to `True`.[0m
[33mChecking connectivity to the model hosters, this may take a while. To bypass this check, set `DISABLE_MODEL_SOURCE_CHECK` to `True`.[0m
[33mChecking connectivity to the model hosters, this may take a while. To bypass this check, set `DISABLE_MODEL_SOURCE_CHECK` to `True`.[0m
/Users/zhaowenyuan/Projects/FlowFigTabMiner/flowfigtabminer/lib/python3.9/site-packages/onmt/modules/sparse_activations.py:48: FutureWarning: `torch.cuda.amp.custom_fwd(args...)` is deprecated. Please use `torch.amp.custom_fwd(args..., device_type='cuda')` instead.
  def forward(ctx, input, dim=0):
/Users/zhaowenyuan/Projects/FlowFigTabMiner/flowfigtabminer/lib/python3.9/site-packages/onmt/modules/sparse_activations.py:68: FutureWarning: `torch.cuda.amp.custom_bwd(args...)` is deprecated. Please use `torch.amp.custom_bwd(args..., device_type='cuda')` instead.
  def backward(ctx, grad_output):
/Users/zhaowenyuan/Projects/FlowFigTabMiner/flowfigtabminer/lib/python3.9/site-packages/onmt/modules/sparse_losses.py:13: FutureWarning: `torch.cuda.amp.custom_fwd(args...)` is deprecated. Please use `torch.amp.custom_fwd(args..., device_type='cuda')` instead.
  def forward(ctx, input, target):
/Users/zhaowenyuan/Projects/FlowFigTabMiner/flowfigtabminer/lib/python3.9/site-packages/onmt/modules/sparse_losses.py:37: FutureWarning: `torch.cuda.amp.custom_bwd(args...)` is deprecated. Please use `torch.amp.custom_bwd(args..., device_type='cuda')` instead.
  def backward(ctx, grad_output):
/Users/zhaowenyuan/Projects/FlowFigTabMiner/flowfigtabminer/lib/python3.9/site-packages/onmt/modules/sparse_activations.py:48: FutureWarning: `torch.cuda.amp.custom_fwd(args...)` is deprecated. Please use `torch.amp.custom_fwd(args..., device_type='cuda')` instead.
  def forward(ctx, input, dim=0):
/Users/zhaowenyuan/Projects/FlowFigTabMiner/flowfigtabminer/lib/python3.9/site-packages/onmt/modules/sparse_activations.py:68: FutureWarning: `torch.cuda.amp.custom_bwd(args...)` is deprecated. Please use `torch.amp.custom_bwd(args..., device_type='cuda')` instead.
  def backward(ctx, grad_output):
chiral_center_ids (from symbols): []
/Users/zhaowenyuan/Projects/FlowFigTabMiner/flowfigtabminer/lib/python3.9/site-packages/urllib3/__init__.py:35: NotOpenSSLWarning: urllib3 v2 only supports OpenSSL 1.1.1+, currently the 'ssl' module is compiled with 'LibreSSL 2.8.3'. See: https://github.com/urllib3/urllib3/issues/3020
  warnings.warn(
/Users/zhaowenyuan/Projects/FlowFigTabMiner/flowfigtabminer/lib/python3.9/site-packages/urllib3/__init__.py:35: NotOpenSSLWarning: urllib3 v2 only supports OpenSSL 1.1.1+, currently the 'ssl' module is compiled with 'LibreSSL 2.8.3'. See: https://github.com/urllib3/urllib3/issues/3020
  warnings.warn(
/Users/zhaowenyuan/Projects/FlowFigTabMiner/flowfigtabminer/lib/python3.9/site-packages/urllib3/__init__.py:35: NotOpenSSLWarning: urllib3 v2 only supports OpenSSL 1.1.1+, currently the 'ssl' module is compiled with 'LibreSSL 2.8.3'. See: https://github.com/urllib3/urllib3/issues/3020
  warnings.warn(
/Users/zhaowenyuan/Projects/FlowFigTabMiner/flowfigtabminer/lib/python3.9/site-packages/urllib3/__init__.py:35: NotOpenSSLWarning: urllib3 v2 only supports OpenSSL 1.1.1+, currently the 'ssl' module is compiled with 'LibreSSL 2.8.3'. See: https://github.com/urllib3/urllib3/issues/3020
  warnings.warn(
/Users/zhaowenyuan/Projects/FlowFigTabMiner/flowfigtabminer/lib/python3.9/site-packages/urllib3/__init__.py:35: NotOpenSSLWarning: urllib3 v2 only supports OpenSSL 1.1.1+, currently the 'ssl' module is compiled with 'LibreSSL 2.8.3'. See: https://github.com/urllib3/urllib3/issues/3020
  warnings.warn(
/Users/zhaowenyuan/Projects/FlowFigTabMiner/flowfigtabminer/lib/python3.9/site-packages/urllib3/__init__.py:35: NotOpenSSLWarning: urllib3 v2 only supports OpenSSL 1.1.1+, currently the 'ssl' module is compiled with 'LibreSSL 2.8.3'. See: https://github.com/urllib3/urllib3/issues/3020
  warnings.warn(
/Users/zhaowenyuan/Projects/FlowFigTabMiner/flowfigtabminer/lib/python3.9/site-packages/urllib3/__init__.py:35: NotOpenSSLWarning: urllib3 v2 only supports OpenSSL 1.1.1+, currently the 'ssl' module is compiled with 'LibreSSL 2.8.3'. See: https://github.com/urllib3/urllib3/issues/3020
  warnings.warn(
/Users/zhaowenyuan/Projects/FlowFigTabMiner/flowfigtabminer/lib/python3.9/site-packages/urllib3/__init__.py:35: NotOpenSSLWarning: urllib3 v2 only supports OpenSSL 1.1.1+, currently the 'ssl' module is compiled with 'LibreSSL 2.8.3'. See: https://github.com/urllib3/urllib3/issues/3020
  warnings.warn(
/Users/zhaowenyuan/Projects/FlowFigTabMiner/flowfigtabminer/lib/python3.9/site-packages/urllib3/__init__.py:35: NotOpenSSLWarning: urllib3 v2 only supports OpenSSL 1.1.1+, currently the 'ssl' module is compiled with 'LibreSSL 2.8.3'. See: https://github.com/urllib3/urllib3/issues/3020
  warnings.warn(
/Users/zhaowenyuan/Projects/FlowFigTabMiner/flowfigtabminer/lib/python3.9/site-packages/urllib3/__init__.py:35: NotOpenSSLWarning: urllib3 v2 only supports OpenSSL 1.1.1+, currently the 'ssl' module is compiled with 'LibreSSL 2.8.3'. See: https://github.com/urllib3/urllib3/issues/3020
  warnings.warn(
/Users/zhaowenyuan/Projects/FlowFigTabMiner/flowfigtabminer/lib/python3.9/site-packages/urllib3/__init__.py:35: NotOpenSSLWarning: urllib3 v2 only supports OpenSSL 1.1.1+, currently the 'ssl' module is compiled with 'LibreSSL 2.8.3'. See: https://github.com/urllib3/urllib3/issues/3020
  warnings.warn(
/Users/zhaowenyuan/Projects/FlowFigTabMiner/flowfigtabminer/lib/python3.9/site-packages/urllib3/__init__.py:35: NotOpenSSLWarning: urllib3 v2 only supports OpenSSL 1.1.1+, currently the 'ssl' module is compiled with 'LibreSSL 2.8.3'. See: https://github.com/urllib3/urllib3/issues/3020
  warnings.warn(
/Users/zhaowenyuan/Projects/FlowFigTabMiner/flowfigtabminer/lib/python3.9/site-packages/urllib3/__init__.py:35: NotOpenSSLWarning: urllib3 v2 only supports OpenSSL 1.1.1+, currently the 'ssl' module is compiled with 'LibreSSL 2.8.3'. See: https://github.com/urllib3/urllib3/issues/3020
  warnings.warn(
/Users/zhaowenyuan/Projects/FlowFigTabMiner/flowfigtabminer/lib/python3.9/site-packages/urllib3/__init__.py:35: NotOpenSSLWarning: urllib3 v2 only supports OpenSSL 1.1.1+, currently the 'ssl' module is compiled with 'LibreSSL 2.8.3'. See: https://github.com/urllib3/urllib3/issues/3020
  warnings.warn(
/Users/zhaowenyuan/Projects/FlowFigTabMiner/flowfigtabminer/lib/python3.9/site-packages/urllib3/__init__.py:35: NotOpenSSLWarning: urllib3 v2 only supports OpenSSL 1.1.1+, currently the 'ssl' module is compiled with 'LibreSSL 2.8.3'. See: https://github.com/urllib3/urllib3/issues/3020
  warnings.warn(
/Users/zhaowenyuan/Projects/FlowFigTabMiner/flowfigtabminer/lib/python3.9/site-packages/urllib3/__init__.py:35: NotOpenSSLWarning: urllib3 v2 only supports OpenSSL 1.1.1+, currently the 'ssl' module is compiled with 'LibreSSL 2.8.3'. See: https://github.com/urllib3/urllib3/issues/3020
  warnings.warn(
[33mChecking connectivity to the model hosters, this may take a while. To bypass this check, set `DISABLE_MODEL_SOURCE_CHECK` to `True`.[0m
[33mChecking connectivity to the model hosters, this may take a while. To bypass this check, set `DISABLE_MODEL_SOURCE_CHECK` to `True`.[0m
[33mChecking connectivity to the model hosters, this may take a while. To bypass this check, set `DISABLE_MODEL_SOURCE_CHECK` to `True`.[0m
[33mChecking connectivity to the model hosters, this may take a while. To bypass this check, set `DISABLE_MODEL_SOURCE_CHECK` to `True`.[0m
[33mChecking connectivity to the model hosters, this may take a while. To bypass this check, set `DISABLE_MODEL_SOURCE_CHECK` to `True`.[0m
[33mChecking connectivity to the model hosters, this may take a while. To bypass this check, set `DISABLE_MODEL_SOURCE_CHECK` to `True`.[0m
[33mChecking connectivity to the model hosters, this may take a while. To bypass this check, set `DISABLE_MODEL_SOURCE_CHECK` to `True`.[0m
[33mChecking connectivity to the model hosters, this may take a while. To bypass this check, set `DISABLE_MODEL_SOURCE_CHECK` to `True`.[0m
[33mChecking connectivity to the model hosters, this may take a while. To bypass this check, set `DISABLE_MODEL_SOURCE_CHECK` to `True`.[0m
[33mChecking connectivity to the model hosters, this may take a while. To bypass this check, set `DISABLE_MODEL_SOURCE_CHECK` to `True`.[0m
[33mChecking connectivity to the model hosters, this may take a while. To bypass this check, set `DISABLE_MODEL_SOURCE_CHECK` to `True`.[0m
[33mChecking connectivity to the model hosters, this may take a while. To bypass this check, set `DISABLE_MODEL_SOURCE_CHECK` to `True`.[0m
[33mChecking connectivity to the model hosters, this may take a while. To bypass this check, set `DISABLE_MODEL_SOURCE_CHECK` to `True`.[0m
[33mChecking connectivity to the model hosters, this may take a while. To bypass this check, set `DISABLE_MODEL_SOURCE_CHECK` to `True`.[0m
[33mChecking connectivity to the model hosters, this may take a while. To bypass this check, set `DISABLE_MODEL_SOURCE_CHECK` to `True`.[0m
[33mChecking connectivity to the model hosters, this may take a while. To bypass this check, set `DISABLE_MODEL_SOURCE_CHECK` to `True`.[0m
/Users/zhaowenyuan/Projects/FlowFigTabMiner/flowfigtabminer/lib/python3.9/site-packages/onmt/modules/sparse_activations.py:48: FutureWarning: `torch.cuda.amp.custom_fwd(args...)` is deprecated. Please use `torch.amp.custom_fwd(args..., device_type='cuda')` instead.
  def forward(ctx, input, dim=0):
/Users/zhaowenyuan/Projects/FlowFigTabMiner/flowfigtabminer/lib/python3.9/site-packages/onmt/modules/sparse_activations.py:68: FutureWarning: `torch.cuda.amp.custom_bwd(args...)` is deprecated. Please use `torch.amp.custom_bwd(args..., device_type='cuda')` instead.
  def backward(ctx, grad_output):
/Users/zhaowenyuan/Projects/FlowFigTabMiner/flowfigtabminer/lib/python3.9/site-packages/onmt/modules/sparse_losses.py:13: FutureWarning: `torch.cuda.amp.custom_fwd(args...)` is deprecated. Please use `torch.amp.custom_fwd(args..., device_type='cuda')` instead.
  def forward(ctx, input, target):
/Users/zhaowenyuan/Projects/FlowFigTabMiner/flowfigtabminer/lib/python3.9/site-packages/onmt/modules/sparse_losses.py:37: FutureWarning: `torch.cuda.amp.custom_bwd(args...)` is deprecated. Please use `torch.amp.custom_bwd(args..., device_type='cuda')` instead.
  def backward(ctx, grad_output):
chiral_center_ids (from symbols): []
/Users/zhaowenyuan/Projects/FlowFigTabMiner/flowfigtabminer/lib/python3.9/site-packages/urllib3/__init__.py:35: NotOpenSSLWarning: urllib3 v2 only supports OpenSSL 1.1.1+, currently the 'ssl' module is compiled with 'LibreSSL 2.8.3'. See: https://github.com/urllib3/urllib3/issues/3020
  warnings.warn(
/Users/zhaowenyuan/Projects/FlowFigTabMiner/flowfigtabminer/lib/python3.9/site-packages/urllib3/__init__.py:35: NotOpenSSLWarning: urllib3 v2 only supports OpenSSL 1.1.1+, currently the 'ssl' module is compiled with 'LibreSSL 2.8.3'. See: https://github.com/urllib3/urllib3/issues/3020
  warnings.warn(
/Users/zhaowenyuan/Projects/FlowFigTabMiner/flowfigtabminer/lib/python3.9/site-packages/urllib3/__init__.py:35: NotOpenSSLWarning: urllib3 v2 only supports OpenSSL 1.1.1+, currently the 'ssl' module is compiled with 'LibreSSL 2.8.3'. See: https://github.com/urllib3/urllib3/issues/3020
  warnings.warn(
/Users/zhaowenyuan/Projects/FlowFigTabMiner/flowfigtabminer/lib/python3.9/site-packages/urllib3/__init__.py:35: NotOpenSSLWarning: urllib3 v2 only supports OpenSSL 1.1.1+, currently the 'ssl' module is compiled with 'LibreSSL 2.8.3'. See: https://github.com/urllib3/urllib3/issues/3020
  warnings.warn(
/Users/zhaowenyuan/Projects/FlowFigTabMiner/flowfigtabminer/lib/python3.9/site-packages/urllib3/__init__.py:35: NotOpenSSLWarning: urllib3 v2 only supports OpenSSL 1.1.1+, currently the 'ssl' module is compiled with 'LibreSSL 2.8.3'. See: https://github.com/urllib3/urllib3/issues/3020
  warnings.warn(
/Users/zhaowenyuan/Projects/FlowFigTabMiner/flowfigtabminer/lib/python3.9/site-packages/urllib3/__init__.py:35: NotOpenSSLWarning: urllib3 v2 only supports OpenSSL 1.1.1+, currently the 'ssl' module is compiled with 'LibreSSL 2.8.3'. See: https://github.com/urllib3/urllib3/issues/3020
  warnings.warn(
/Users/zhaowenyuan/Projects/FlowFigTabMiner/flowfigtabminer/lib/python3.9/site-packages/urllib3/__init__.py:35: NotOpenSSLWarning: urllib3 v2 only supports OpenSSL 1.1.1+, currently the 'ssl' module is compiled with 'LibreSSL 2.8.3'. See: https://github.com/urllib3/urllib3/issues/3020
  warnings.warn(
/Users/zhaowenyuan/Projects/FlowFigTabMiner/flowfigtabminer/lib/python3.9/site-packages/urllib3/__init__.py:35: NotOpenSSLWarning: urllib3 v2 only supports OpenSSL 1.1.1+, currently the 'ssl' module is compiled with 'LibreSSL 2.8.3'. See: https://github.com/urllib3/urllib3/issues/3020
  warnings.warn(
/Users/zhaowenyuan/Projects/FlowFigTabMiner/flowfigtabminer/lib/python3.9/site-packages/urllib3/__init__.py:35: NotOpenSSLWarning: urllib3 v2 only supports OpenSSL 1.1.1+, currently the 'ssl' module is compiled with 'LibreSSL 2.8.3'. See: https://github.com/urllib3/urllib3/issues/3020
  warnings.warn(
/Users/zhaowenyuan/Projects/FlowFigTabMiner/flowfigtabminer/lib/python3.9/site-packages/urllib3/__init__.py:35: NotOpenSSLWarning: urllib3 v2 only supports OpenSSL 1.1.1+, currently the 'ssl' module is compiled with 'LibreSSL 2.8.3'. See: https://github.com/urllib3/urllib3/issues/3020
  warnings.warn(
/Users/zhaowenyuan/Projects/FlowFigTabMiner/flowfigtabminer/lib/python3.9/site-packages/urllib3/__init__.py:35: NotOpenSSLWarning: urllib3 v2 only supports OpenSSL 1.1.1+, currently the 'ssl' module is compiled with 'LibreSSL 2.8.3'. See: https://github.com/urllib3/urllib3/issues/3020
  warnings.warn(
/Users/zhaowenyuan/Projects/FlowFigTabMiner/flowfigtabminer/lib/python3.9/site-packages/urllib3/__init__.py:35: NotOpenSSLWarning: urllib3 v2 only supports OpenSSL 1.1.1+, currently the 'ssl' module is compiled with 'LibreSSL 2.8.3'. See: https://github.com/urllib3/urllib3/issues/3020
  warnings.warn(
/Users/zhaowenyuan/Projects/FlowFigTabMiner/flowfigtabminer/lib/python3.9/site-packages/urllib3/__init__.py:35: NotOpenSSLWarning: urllib3 v2 only supports OpenSSL 1.1.1+, currently the 'ssl' module is compiled with 'LibreSSL 2.8.3'. See: https://github.com/urllib3/urllib3/issues/3020
  warnings.warn(
/Users/zhaowenyuan/Projects/FlowFigTabMiner/flowfigtabminer/lib/python3.9/site-packages/urllib3/__init__.py:35: NotOpenSSLWarning: urllib3 v2 only supports OpenSSL 1.1.1+, currently the 'ssl' module is compiled with 'LibreSSL 2.8.3'. See: https://github.com/urllib3/urllib3/issues/3020
  warnings.warn(
/Users/zhaowenyuan/Projects/FlowFigTabMiner/flowfigtabminer/lib/python3.9/site-packages/urllib3/__init__.py:35: NotOpenSSLWarning: urllib3 v2 only supports OpenSSL 1.1.1+, currently the 'ssl' module is compiled with 'LibreSSL 2.8.3'. See: https://github.com/urllib3/urllib3/issues/3020
  warnings.warn(
/Users/zhaowenyuan/Projects/FlowFigTabMiner/flowfigtabminer/lib/python3.9/site-packages/urllib3/__init__.py:35: NotOpenSSLWarning: urllib3 v2 only supports OpenSSL 1.1.1+, currently the 'ssl' module is compiled with 'LibreSSL 2.8.3'. See: https://github.com/urllib3/urllib3/issues/3020
  warnings.warn(
[33mChecking connectivity to the model hosters, this may take a while. To bypass this check, set `DISABLE_MODEL_SOURCE_CHECK` to `True`.[0m
[33mChecking connectivity to the model hosters, this may take a while. To bypass this check, set `DISABLE_MODEL_SOURCE_CHECK` to `True`.[0m
[33mChecking connectivity to the model hosters, this may take a while. To bypass this check, set `DISABLE_MODEL_SOURCE_CHECK` to `True`.[0m
[33mChecking connectivity to the model hosters, this may take a while. To bypass this check, set `DISABLE_MODEL_SOURCE_CHECK` to `True`.[0m
[33mChecking connectivity to the model hosters, this may take a while. To bypass this check, set `DISABLE_MODEL_SOURCE_CHECK` to `True`.[0m
[33mChecking connectivity to the model hosters, this may take a while. To bypass this check, set `DISABLE_MODEL_SOURCE_CHECK` to `True`.[0m
[33mChecking connectivity to the model hosters, this may take a while. To bypass this check, set `DISABLE_MODEL_SOURCE_CHECK` to `True`.[0m
[33mChecking connectivity to the model hosters, this may take a while. To bypass this check, set `DISABLE_MODEL_SOURCE_CHECK` to `True`.[0m
[33mChecking connectivity to the model hosters, this may take a while. To bypass this check, set `DISABLE_MODEL_SOURCE_CHECK` to `True`.[0m
[33mChecking connectivity to the model hosters, this may take a while. To bypass this check, set `DISABLE_MODEL_SOURCE_CHECK` to `True`.[0m
[33mChecking connectivity to the model hosters, this may take a while. To bypass this check, set `DISABLE_MODEL_SOURCE_CHECK` to `True`.[0m
[33mChecking connectivity to the model hosters, this may take a while. To bypass this check, set `DISABLE_MODEL_SOURCE_CHECK` to `True`.[0m
[33mChecking connectivity to the model hosters, this may take a while. To bypass this check, set `DISABLE_MODEL_SOURCE_CHECK` to `True`.[0m
[33mChecking connectivity to the model hosters, this may take a while. To bypass this check, set `DISABLE_MODEL_SOURCE_CHECK` to `True`.[0m
[33mChecking connectivity to the model hosters, this may take a while. To bypass this check, set `DISABLE_MODEL_SOURCE_CHECK` to `True`.[0m
[33mChecking connectivity to the model hosters, this may take a while. To bypass this check, set `DISABLE_MODEL_SOURCE_CHECK` to `True`.[0m
/Users/zhaowenyuan/Projects/FlowFigTabMiner/flowfigtabminer/lib/python3.9/site-packages/onmt/modules/sparse_activations.py:48: FutureWarning: `torch.cuda.amp.custom_fwd(args...)` is deprecated. Please use `torch.amp.custom_fwd(args..., device_type='cuda')` instead.
  def forward(ctx, input, dim=0):
/Users/zhaowenyuan/Projects/FlowFigTabMiner/flowfigtabminer/lib/python3.9/site-packages/onmt/modules/sparse_activations.py:68: FutureWarning: `torch.cuda.amp.custom_bwd(args...)` is deprecated. Please use `torch.amp.custom_bwd(args..., device_type='cuda')` instead.
  def backward(ctx, grad_output):
/Users/zhaowenyuan/Projects/FlowFigTabMiner/flowfigtabminer/lib/python3.9/site-packages/onmt/modules/sparse_activations.py:48: FutureWarning: `torch.cuda.amp.custom_fwd(args...)` is deprecated. Please use `torch.amp.custom_fwd(args..., device_type='cuda')` instead.
  def forward(ctx, input, dim=0):
/Users/zhaowenyuan/Projects/FlowFigTabMiner/flowfigtabminer/lib/python3.9/site-packages/onmt/modules/sparse_activations.py:68: FutureWarning: `torch.cuda.amp.custom_bwd(args...)` is deprecated. Please use `torch.amp.custom_bwd(args..., device_type='cuda')` instead.
  def backward(ctx, grad_output):
/Users/zhaowenyuan/Projects/FlowFigTabMiner/flowfigtabminer/lib/python3.9/site-packages/onmt/modules/sparse_losses.py:13: FutureWarning: `torch.cuda.amp.custom_fwd(args...)` is deprecated. Please use `torch.amp.custom_fwd(args..., device_type='cuda')` instead.
  def forward(ctx, input, target):
/Users/zhaowenyuan/Projects/FlowFigTabMiner/flowfigtabminer/lib/python3.9/site-packages/onmt/modules/sparse_losses.py:37: FutureWarning: `torch.cuda.amp.custom_bwd(args...)` is deprecated. Please use `torch.amp.custom_bwd(args..., device_type='cuda')` instead.
  def backward(ctx, grad_output):
/Users/zhaowenyuan/Projects/FlowFigTabMiner/flowfigtabminer/lib/python3.9/site-packages/onmt/modules/sparse_losses.py:13: FutureWarning: `torch.cuda.amp.custom_fwd(args...)` is deprecated. Please use `torch.amp.custom_fwd(args..., device_type='cuda')` instead.
  def forward(ctx, input, target):
/Users/zhaowenyuan/Projects/FlowFigTabMiner/flowfigtabminer/lib/python3.9/site-packages/onmt/modules/sparse_losses.py:37: FutureWarning: `torch.cuda.amp.custom_bwd(args...)` is deprecated. Please use `torch.amp.custom_bwd(args..., device_type='cuda')` instead.
  def backward(ctx, grad_output):
chiral_center_ids (from symbols): []
/Users/zhaowenyuan/Projects/FlowFigTabMiner/flowfigtabminer/lib/python3.9/site-packages/urllib3/__init__.py:35: NotOpenSSLWarning: urllib3 v2 only supports OpenSSL 1.1.1+, currently the 'ssl' module is compiled with 'LibreSSL 2.8.3'. See: https://github.com/urllib3/urllib3/issues/3020
  warnings.warn(
/Users/zhaowenyuan/Projects/FlowFigTabMiner/flowfigtabminer/lib/python3.9/site-packages/urllib3/__init__.py:35: NotOpenSSLWarning: urllib3 v2 only supports OpenSSL 1.1.1+, currently the 'ssl' module is compiled with 'LibreSSL 2.8.3'. See: https://github.com/urllib3/urllib3/issues/3020
  warnings.warn(
/Users/zhaowenyuan/Projects/FlowFigTabMiner/flowfigtabminer/lib/python3.9/site-packages/urllib3/__init__.py:35: NotOpenSSLWarning: urllib3 v2 only supports OpenSSL 1.1.1+, currently the 'ssl' module is compiled with 'LibreSSL 2.8.3'. See: https://github.com/urllib3/urllib3/issues/3020
  warnings.warn(
/Users/zhaowenyuan/Projects/FlowFigTabMiner/flowfigtabminer/lib/python3.9/site-packages/urllib3/__init__.py:35: NotOpenSSLWarning: urllib3 v2 only supports OpenSSL 1.1.1+, currently the 'ssl' module is compiled with 'LibreSSL 2.8.3'. See: https://github.com/urllib3/urllib3/issues/3020
  warnings.warn(
/Users/zhaowenyuan/Projects/FlowFigTabMiner/flowfigtabminer/lib/python3.9/site-packages/urllib3/__init__.py:35: NotOpenSSLWarning: urllib3 v2 only supports OpenSSL 1.1.1+, currently the 'ssl' module is compiled with 'LibreSSL 2.8.3'. See: https://github.com/urllib3/urllib3/issues/3020
  warnings.warn(
/Users/zhaowenyuan/Projects/FlowFigTabMiner/flowfigtabminer/lib/python3.9/site-packages/urllib3/__init__.py:35: NotOpenSSLWarning: urllib3 v2 only supports OpenSSL 1.1.1+, currently the 'ssl' module is compiled with 'LibreSSL 2.8.3'. See: https://github.com/urllib3/urllib3/issues/3020
  warnings.warn(
/Users/zhaowenyuan/Projects/FlowFigTabMiner/flowfigtabminer/lib/python3.9/site-packages/urllib3/__init__.py:35: NotOpenSSLWarning: urllib3 v2 only supports OpenSSL 1.1.1+, currently the 'ssl' module is compiled with 'LibreSSL 2.8.3'. See: https://github.com/urllib3/urllib3/issues/3020
  warnings.warn(
/Users/zhaowenyuan/Projects/FlowFigTabMiner/flowfigtabminer/lib/python3.9/site-packages/urllib3/__init__.py:35: NotOpenSSLWarning: urllib3 v2 only supports OpenSSL 1.1.1+, currently the 'ssl' module is compiled with 'LibreSSL 2.8.3'. See: https://github.com/urllib3/urllib3/issues/3020
  warnings.warn(
/Users/zhaowenyuan/Projects/FlowFigTabMiner/flowfigtabminer/lib/python3.9/site-packages/urllib3/__init__.py:35: NotOpenSSLWarning: urllib3 v2 only supports OpenSSL 1.1.1+, currently the 'ssl' module is compiled with 'LibreSSL 2.8.3'. See: https://github.com/urllib3/urllib3/issues/3020
  warnings.warn(
/Users/zhaowenyuan/Projects/FlowFigTabMiner/flowfigtabminer/lib/python3.9/site-packages/urllib3/__init__.py:35: NotOpenSSLWarning: urllib3 v2 only supports OpenSSL 1.1.1+, currently the 'ssl' module is compiled with 'LibreSSL 2.8.3'. See: https://github.com/urllib3/urllib3/issues/3020
  warnings.warn(
/Users/zhaowenyuan/Projects/FlowFigTabMiner/flowfigtabminer/lib/python3.9/site-packages/urllib3/__init__.py:35: NotOpenSSLWarning: urllib3 v2 only supports OpenSSL 1.1.1+, currently the 'ssl' module is compiled with 'LibreSSL 2.8.3'. See: https://github.com/urllib3/urllib3/issues/3020
  warnings.warn(
/Users/zhaowenyuan/Projects/FlowFigTabMiner/flowfigtabminer/lib/python3.9/site-packages/urllib3/__init__.py:35: NotOpenSSLWarning: urllib3 v2 only supports OpenSSL 1.1.1+, currently the 'ssl' module is compiled with 'LibreSSL 2.8.3'. See: https://github.com/urllib3/urllib3/issues/3020
  warnings.warn(
/Users/zhaowenyuan/Projects/FlowFigTabMiner/flowfigtabminer/lib/python3.9/site-packages/urllib3/__init__.py:35: NotOpenSSLWarning: urllib3 v2 only supports OpenSSL 1.1.1+, currently the 'ssl' module is compiled with 'LibreSSL 2.8.3'. See: https://github.com/urllib3/urllib3/issues/3020
  warnings.warn(
/Users/zhaowenyuan/Projects/FlowFigTabMiner/flowfigtabminer/lib/python3.9/site-packages/urllib3/__init__.py:35: NotOpenSSLWarning: urllib3 v2 only supports OpenSSL 1.1.1+, currently the 'ssl' module is compiled with 'LibreSSL 2.8.3'. See: https://github.com/urllib3/urllib3/issues/3020
  warnings.warn(
/Users/zhaowenyuan/Projects/FlowFigTabMiner/flowfigtabminer/lib/python3.9/site-packages/urllib3/__init__.py:35: NotOpenSSLWarning: urllib3 v2 only supports OpenSSL 1.1.1+, currently the 'ssl' module is compiled with 'LibreSSL 2.8.3'. See: https://github.com/urllib3/urllib3/issues/3020
  warnings.warn(
/Users/zhaowenyuan/Projects/FlowFigTabMiner/flowfigtabminer/lib/python3.9/site-packages/urllib3/__init__.py:35: NotOpenSSLWarning: urllib3 v2 only supports OpenSSL 1.1.1+, currently the 'ssl' module is compiled with 'LibreSSL 2.8.3'. See: https://github.com/urllib3/urllib3/issues/3020
  warnings.warn(
[33mChecking connectivity to the model hosters, this may take a while. To bypass this check, set `DISABLE_MODEL_SOURCE_CHECK` to `True`.[0m
[33mChecking connectivity to the model hosters, this may take a while. To bypass this check, set `DISABLE_MODEL_SOURCE_CHECK` to `True`.[0m
[33mChecking connectivity to the model hosters, this may take a while. To bypass this check, set `DISABLE_MODEL_SOURCE_CHECK` to `True`.[0m
[33mChecking connectivity to the model hosters, this may take a while. To bypass this check, set `DISABLE_MODEL_SOURCE_CHECK` to `True`.[0m
[33mChecking connectivity to the model hosters, this may take a while. To bypass this check, set `DISABLE_MODEL_SOURCE_CHECK` to `True`.[0m
[33mChecking connectivity to the model hosters, this may take a while. To bypass this check, set `DISABLE_MODEL_SOURCE_CHECK` to `True`.[0m
[33mChecking connectivity to the model hosters, this may take a while. To bypass this check, set `DISABLE_MODEL_SOURCE_CHECK` to `True`.[0m
[33mChecking connectivity to the model hosters, this may take a while. To bypass this check, set `DISABLE_MODEL_SOURCE_CHECK` to `True`.[0m
[33mChecking connectivity to the model hosters, this may take a while. To bypass this check, set `DISABLE_MODEL_SOURCE_CHECK` to `True`.[0m
[33mChecking connectivity to the model hosters, this may take a while. To bypass this check, set `DISABLE_MODEL_SOURCE_CHECK` to `True`.[0m
[33mChecking connectivity to the model hosters, this may take a while. To bypass this check, set `DISABLE_MODEL_SOURCE_CHECK` to `True`.[0m
[33mChecking connectivity to the model hosters, this may take a while. To bypass this check, set `DISABLE_MODEL_SOURCE_CHECK` to `True`.[0m
[33mChecking connectivity to the model hosters, this may take a while. To bypass this check, set `DISABLE_MODEL_SOURCE_CHECK` to `True`.[0m
[33mChecking connectivity to the model hosters, this may take a while. To bypass this check, set `DISABLE_MODEL_SOURCE_CHECK` to `True`.[0m
[33mChecking connectivity to the model hosters, this may take a while. To bypass this check, set `DISABLE_MODEL_SOURCE_CHECK` to `True`.[0m
[33mChecking connectivity to the model hosters, this may take a while. To bypass this check, set `DISABLE_MODEL_SOURCE_CHECK` to `True`.[0m
/Users/zhaowenyuan/Projects/FlowFigTabMiner/flowfigtabminer/lib/python3.9/site-packages/onmt/modules/sparse_activations.py:48: FutureWarning: `torch.cuda.amp.custom_fwd(args...)` is deprecated. Please use `torch.amp.custom_fwd(args..., device_type='cuda')` instead.
  def forward(ctx, input, dim=0):
/Users/zhaowenyuan/Projects/FlowFigTabMiner/flowfigtabminer/lib/python3.9/site-packages/onmt/modules/sparse_activations.py:68: FutureWarning: `torch.cuda.amp.custom_bwd(args...)` is deprecated. Please use `torch.amp.custom_bwd(args..., device_type='cuda')` instead.
  def backward(ctx, grad_output):
/Users/zhaowenyuan/Projects/FlowFigTabMiner/flowfigtabminer/lib/python3.9/site-packages/onmt/modules/sparse_losses.py:13: FutureWarning: `torch.cuda.amp.custom_fwd(args...)` is deprecated. Please use `torch.amp.custom_fwd(args..., device_type='cuda')` instead.
  def forward(ctx, input, target):
/Users/zhaowenyuan/Projects/FlowFigTabMiner/flowfigtabminer/lib/python3.9/site-packages/onmt/modules/sparse_losses.py:37: FutureWarning: `torch.cuda.amp.custom_bwd(args...)` is deprecated. Please use `torch.amp.custom_bwd(args..., device_type='cuda')` instead.
  def backward(ctx, grad_output):
chiral_center_ids (from symbols): []
[2026-03-07 20:24:51,509] [    INFO] table_processor.py:96 - Processing Table: data/intermediate/example/tables/page_1_table_0.png
[2026-03-07 20:24:52,374] [    INFO] table_processor.py:96 - Processing Table: data/intermediate/example/tables/page_8_table_0.png
   -> Saved CSV to data/intermediate/example/./page_7_table_0_extracted.csv
   -> Saved Evidence JSON to: data/intermediate/example/./page_7_table_0/page_7_table_0_evidence.json
   -> Saved Evidence JSON to: data/intermediate/example/./page_7_table_0/page_7_table_0_evidence.json
Processing Table: data/intermediate/example/tables/page_1_table_0.png
   -> Rejected by Table Filter (Conf: 0.0).
Processing Table: data/intermediate/example/tables/page_8_table_0.png
   -> Saving components to data/intermediate/example/./page_8_table_0...
   -> Using cropped table body: data/intermediate/example/./page_8_table_0/page_8_table_0_body_main.png
   -> Processing Molecules...
   MoleculeProcessor: Starting YOLO inference on image 2001x1119...
   MoleculeProcessor: YOLO inference done. Found 5 boxes.
   -> Detected 5 potential molecules.
   -> Saved Molecule YOLO debug viz to data/intermediate/example/./page_8_table_0/page_8_table_0_body_main_debug_yolo.png
   -> [Debug] Box 0 sufficient size (345x336). Skipped Upscaling.
/Users/zhaowenyuan/Projects/FlowFigTabMiner/flowfigtabminer/lib/python3.9/site-packages/urllib3/__init__.py:35: NotOpenSSLWarning: urllib3 v2 only supports OpenSSL 1.1.1+, currently the 'ssl' module is compiled with 'LibreSSL 2.8.3'. See: https://github.com/urllib3/urllib3/issues/3020
  warnings.warn(
/Users/zhaowenyuan/Projects/FlowFigTabMiner/flowfigtabminer/lib/python3.9/site-packages/urllib3/__init__.py:35: NotOpenSSLWarning: urllib3 v2 only supports OpenSSL 1.1.1+, currently the 'ssl' module is compiled with 'LibreSSL 2.8.3'. See: https://github.com/urllib3/urllib3/issues/3020
  warnings.warn(
/Users/zhaowenyuan/Projects/FlowFigTabMiner/flowfigtabminer/lib/python3.9/site-packages/urllib3/__init__.py:35: NotOpenSSLWarning: urllib3 v2 only supports OpenSSL 1.1.1+, currently the 'ssl' module is compiled with 'LibreSSL 2.8.3'. See: https://github.com/urllib3/urllib3/issues/3020
  warnings.warn(
/Users/zhaowenyuan/Projects/FlowFigTabMiner/flowfigtabminer/lib/python3.9/site-packages/urllib3/__init__.py:35: NotOpenSSLWarning: urllib3 v2 only supports OpenSSL 1.1.1+, currently the 'ssl' module is compiled with 'LibreSSL 2.8.3'. See: https://github.com/urllib3/urllib3/issues/3020
  warnings.warn(
/Users/zhaowenyuan/Projects/FlowFigTabMiner/flowfigtabminer/lib/python3.9/site-packages/urllib3/__init__.py:35: NotOpenSSLWarning: urllib3 v2 only supports OpenSSL 1.1.1+, currently the 'ssl' module is compiled with 'LibreSSL 2.8.3'. See: https://github.com/urllib3/urllib3/issues/3020
  warnings.warn(
/Users/zhaowenyuan/Projects/FlowFigTabMiner/flowfigtabminer/lib/python3.9/site-packages/urllib3/__init__.py:35: NotOpenSSLWarning: urllib3 v2 only supports OpenSSL 1.1.1+, currently the 'ssl' module is compiled with 'LibreSSL 2.8.3'. See: https://github.com/urllib3/urllib3/issues/3020
  warnings.warn(
/Users/zhaowenyuan/Projects/FlowFigTabMiner/flowfigtabminer/lib/python3.9/site-packages/urllib3/__init__.py:35: NotOpenSSLWarning: urllib3 v2 only supports OpenSSL 1.1.1+, currently the 'ssl' module is compiled with 'LibreSSL 2.8.3'. See: https://github.com/urllib3/urllib3/issues/3020
  warnings.warn(
/Users/zhaowenyuan/Projects/FlowFigTabMiner/flowfigtabminer/lib/python3.9/site-packages/urllib3/__init__.py:35: NotOpenSSLWarning: urllib3 v2 only supports OpenSSL 1.1.1+, currently the 'ssl' module is compiled with 'LibreSSL 2.8.3'. See: https://github.com/urllib3/urllib3/issues/3020
  warnings.warn(
/Users/zhaowenyuan/Projects/FlowFigTabMiner/flowfigtabminer/lib/python3.9/site-packages/urllib3/__init__.py:35: NotOpenSSLWarning: urllib3 v2 only supports OpenSSL 1.1.1+, currently the 'ssl' module is compiled with 'LibreSSL 2.8.3'. See: https://github.com/urllib3/urllib3/issues/3020
  warnings.warn(
/Users/zhaowenyuan/Projects/FlowFigTabMiner/flowfigtabminer/lib/python3.9/site-packages/urllib3/__init__.py:35: NotOpenSSLWarning: urllib3 v2 only supports OpenSSL 1.1.1+, currently the 'ssl' module is compiled with 'LibreSSL 2.8.3'. See: https://github.com/urllib3/urllib3/issues/3020
  warnings.warn(
/Users/zhaowenyuan/Projects/FlowFigTabMiner/flowfigtabminer/lib/python3.9/site-packages/urllib3/__init__.py:35: NotOpenSSLWarning: urllib3 v2 only supports OpenSSL 1.1.1+, currently the 'ssl' module is compiled with 'LibreSSL 2.8.3'. See: https://github.com/urllib3/urllib3/issues/3020
  warnings.warn(
/Users/zhaowenyuan/Projects/FlowFigTabMiner/flowfigtabminer/lib/python3.9/site-packages/urllib3/__init__.py:35: NotOpenSSLWarning: urllib3 v2 only supports OpenSSL 1.1.1+, currently the 'ssl' module is compiled with 'LibreSSL 2.8.3'. See: https://github.com/urllib3/urllib3/issues/3020
  warnings.warn(
/Users/zhaowenyuan/Projects/FlowFigTabMiner/flowfigtabminer/lib/python3.9/site-packages/urllib3/__init__.py:35: NotOpenSSLWarning: urllib3 v2 only supports OpenSSL 1.1.1+, currently the 'ssl' module is compiled with 'LibreSSL 2.8.3'. See: https://github.com/urllib3/urllib3/issues/3020
  warnings.warn(
/Users/zhaowenyuan/Projects/FlowFigTabMiner/flowfigtabminer/lib/python3.9/site-packages/urllib3/__init__.py:35: NotOpenSSLWarning: urllib3 v2 only supports OpenSSL 1.1.1+, currently the 'ssl' module is compiled with 'LibreSSL 2.8.3'. See: https://github.com/urllib3/urllib3/issues/3020
  warnings.warn(
/Users/zhaowenyuan/Projects/FlowFigTabMiner/flowfigtabminer/lib/python3.9/site-packages/urllib3/__init__.py:35: NotOpenSSLWarning: urllib3 v2 only supports OpenSSL 1.1.1+, currently the 'ssl' module is compiled with 'LibreSSL 2.8.3'. See: https://github.com/urllib3/urllib3/issues/3020
  warnings.warn(
/Users/zhaowenyuan/Projects/FlowFigTabMiner/flowfigtabminer/lib/python3.9/site-packages/urllib3/__init__.py:35: NotOpenSSLWarning: urllib3 v2 only supports OpenSSL 1.1.1+, currently the 'ssl' module is compiled with 'LibreSSL 2.8.3'. See: https://github.com/urllib3/urllib3/issues/3020
  warnings.warn(
[33mChecking connectivity to the model hosters, this may take a while. To bypass this check, set `DISABLE_MODEL_SOURCE_CHECK` to `True`.[0m
[33mChecking connectivity to the model hosters, this may take a while. To bypass this check, set `DISABLE_MODEL_SOURCE_CHECK` to `True`.[0m
[33mChecking connectivity to the model hosters, this may take a while. To bypass this check, set `DISABLE_MODEL_SOURCE_CHECK` to `True`.[0m
[33mChecking connectivity to the model hosters, this may take a while. To bypass this check, set `DISABLE_MODEL_SOURCE_CHECK` to `True`.[0m
[33mChecking connectivity to the model hosters, this may take a while. To bypass this check, set `DISABLE_MODEL_SOURCE_CHECK` to `True`.[0m
[33mChecking connectivity to the model hosters, this may take a while. To bypass this check, set `DISABLE_MODEL_SOURCE_CHECK` to `True`.[0m
[33mChecking connectivity to the model hosters, this may take a while. To bypass this check, set `DISABLE_MODEL_SOURCE_CHECK` to `True`.[0m
[33mChecking connectivity to the model hosters, this may take a while. To bypass this check, set `DISABLE_MODEL_SOURCE_CHECK` to `True`.[0m
[33mChecking connectivity to the model hosters, this may take a while. To bypass this check, set `DISABLE_MODEL_SOURCE_CHECK` to `True`.[0m
[33mChecking connectivity to the model hosters, this may take a while. To bypass this check, set `DISABLE_MODEL_SOURCE_CHECK` to `True`.[0m
[33mChecking connectivity to the model hosters, this may take a while. To bypass this check, set `DISABLE_MODEL_SOURCE_CHECK` to `True`.[0m
[33mChecking connectivity to the model hosters, this may take a while. To bypass this check, set `DISABLE_MODEL_SOURCE_CHECK` to `True`.[0m
[33mChecking connectivity to the model hosters, this may take a while. To bypass this check, set `DISABLE_MODEL_SOURCE_CHECK` to `True`.[0m
[33mChecking connectivity to the model hosters, this may take a while. To bypass this check, set `DISABLE_MODEL_SOURCE_CHECK` to `True`.[0m
[33mChecking connectivity to the model hosters, this may take a while. To bypass this check, set `DISABLE_MODEL_SOURCE_CHECK` to `True`.[0m
[33mChecking connectivity to the model hosters, this may take a while. To bypass this check, set `DISABLE_MODEL_SOURCE_CHECK` to `True`.[0m
/Users/zhaowenyuan/Projects/FlowFigTabMiner/flowfigtabminer/lib/python3.9/site-packages/onmt/modules/sparse_activations.py:48: FutureWarning: `torch.cuda.amp.custom_fwd(args...)` is deprecated. Please use `torch.amp.custom_fwd(args..., device_type='cuda')` instead.
  def forward(ctx, input, dim=0):
/Users/zhaowenyuan/Projects/FlowFigTabMiner/flowfigtabminer/lib/python3.9/site-packages/onmt/modules/sparse_activations.py:68: FutureWarning: `torch.cuda.amp.custom_bwd(args...)` is deprecated. Please use `torch.amp.custom_bwd(args..., device_type='cuda')` instead.
  def backward(ctx, grad_output):
/Users/zhaowenyuan/Projects/FlowFigTabMiner/flowfigtabminer/lib/python3.9/site-packages/onmt/modules/sparse_losses.py:13: FutureWarning: `torch.cuda.amp.custom_fwd(args...)` is deprecated. Please use `torch.amp.custom_fwd(args..., device_type='cuda')` instead.
  def forward(ctx, input, target):
/Users/zhaowenyuan/Projects/FlowFigTabMiner/flowfigtabminer/lib/python3.9/site-packages/onmt/modules/sparse_losses.py:37: FutureWarning: `torch.cuda.amp.custom_bwd(args...)` is deprecated. Please use `torch.amp.custom_bwd(args..., device_type='cuda')` instead.
  def backward(ctx, grad_output):
chiral_center_ids (from symbols): []
   -> Box 0: SMILES='O=[N+]([O-])c1cc(Cl)ccc1Cl' | Masked (White Box)
   -> [Debug] Box 1 sufficient size (340x228). Skipped Upscaling.
/Users/zhaowenyuan/Projects/FlowFigTabMiner/flowfigtabminer/lib/python3.9/site-packages/urllib3/__init__.py:35: NotOpenSSLWarning: urllib3 v2 only supports OpenSSL 1.1.1+, currently the 'ssl' module is compiled with 'LibreSSL 2.8.3'. See: https://github.com/urllib3/urllib3/issues/3020
  warnings.warn(
/Users/zhaowenyuan/Projects/FlowFigTabMiner/flowfigtabminer/lib/python3.9/site-packages/urllib3/__init__.py:35: NotOpenSSLWarning: urllib3 v2 only supports OpenSSL 1.1.1+, currently the 'ssl' module is compiled with 'LibreSSL 2.8.3'. See: https://github.com/urllib3/urllib3/issues/3020
  warnings.warn(
/Users/zhaowenyuan/Projects/FlowFigTabMiner/flowfigtabminer/lib/python3.9/site-packages/urllib3/__init__.py:35: NotOpenSSLWarning: urllib3 v2 only supports OpenSSL 1.1.1+, currently the 'ssl' module is compiled with 'LibreSSL 2.8.3'. See: https://github.com/urllib3/urllib3/issues/3020
  warnings.warn(
/Users/zhaowenyuan/Projects/FlowFigTabMiner/flowfigtabminer/lib/python3.9/site-packages/urllib3/__init__.py:35: NotOpenSSLWarning: urllib3 v2 only supports OpenSSL 1.1.1+, currently the 'ssl' module is compiled with 'LibreSSL 2.8.3'. See: https://github.com/urllib3/urllib3/issues/3020
  warnings.warn(
/Users/zhaowenyuan/Projects/FlowFigTabMiner/flowfigtabminer/lib/python3.9/site-packages/urllib3/__init__.py:35: NotOpenSSLWarning: urllib3 v2 only supports OpenSSL 1.1.1+, currently the 'ssl' module is compiled with 'LibreSSL 2.8.3'. See: https://github.com/urllib3/urllib3/issues/3020
  warnings.warn(
/Users/zhaowenyuan/Projects/FlowFigTabMiner/flowfigtabminer/lib/python3.9/site-packages/urllib3/__init__.py:35: NotOpenSSLWarning: urllib3 v2 only supports OpenSSL 1.1.1+, currently the 'ssl' module is compiled with 'LibreSSL 2.8.3'. See: https://github.com/urllib3/urllib3/issues/3020
  warnings.warn(
/Users/zhaowenyuan/Projects/FlowFigTabMiner/flowfigtabminer/lib/python3.9/site-packages/urllib3/__init__.py:35: NotOpenSSLWarning: urllib3 v2 only supports OpenSSL 1.1.1+, currently the 'ssl' module is compiled with 'LibreSSL 2.8.3'. See: https://github.com/urllib3/urllib3/issues/3020
  warnings.warn(
/Users/zhaowenyuan/Projects/FlowFigTabMiner/flowfigtabminer/lib/python3.9/site-packages/urllib3/__init__.py:35: NotOpenSSLWarning: urllib3 v2 only supports OpenSSL 1.1.1+, currently the 'ssl' module is compiled with 'LibreSSL 2.8.3'. See: https://github.com/urllib3/urllib3/issues/3020
  warnings.warn(
/Users/zhaowenyuan/Projects/FlowFigTabMiner/flowfigtabminer/lib/python3.9/site-packages/urllib3/__init__.py:35: NotOpenSSLWarning: urllib3 v2 only supports OpenSSL 1.1.1+, currently the 'ssl' module is compiled with 'LibreSSL 2.8.3'. See: https://github.com/urllib3/urllib3/issues/3020
  warnings.warn(
/Users/zhaowenyuan/Projects/FlowFigTabMiner/flowfigtabminer/lib/python3.9/site-packages/urllib3/__init__.py:35: NotOpenSSLWarning: urllib3 v2 only supports OpenSSL 1.1.1+, currently the 'ssl' module is compiled with 'LibreSSL 2.8.3'. See: https://github.com/urllib3/urllib3/issues/3020
  warnings.warn(
/Users/zhaowenyuan/Projects/FlowFigTabMiner/flowfigtabminer/lib/python3.9/site-packages/urllib3/__init__.py:35: NotOpenSSLWarning: urllib3 v2 only supports OpenSSL 1.1.1+, currently the 'ssl' module is compiled with 'LibreSSL 2.8.3'. See: https://github.com/urllib3/urllib3/issues/3020
  warnings.warn(
/Users/zhaowenyuan/Projects/FlowFigTabMiner/flowfigtabminer/lib/python3.9/site-packages/urllib3/__init__.py:35: NotOpenSSLWarning: urllib3 v2 only supports OpenSSL 1.1.1+, currently the 'ssl' module is compiled with 'LibreSSL 2.8.3'. See: https://github.com/urllib3/urllib3/issues/3020
  warnings.warn(
/Users/zhaowenyuan/Projects/FlowFigTabMiner/flowfigtabminer/lib/python3.9/site-packages/urllib3/__init__.py:35: NotOpenSSLWarning: urllib3 v2 only supports OpenSSL 1.1.1+, currently the 'ssl' module is compiled with 'LibreSSL 2.8.3'. See: https://github.com/urllib3/urllib3/issues/3020
  warnings.warn(
/Users/zhaowenyuan/Projects/FlowFigTabMiner/flowfigtabminer/lib/python3.9/site-packages/urllib3/__init__.py:35: NotOpenSSLWarning: urllib3 v2 only supports OpenSSL 1.1.1+, currently the 'ssl' module is compiled with 'LibreSSL 2.8.3'. See: https://github.com/urllib3/urllib3/issues/3020
  warnings.warn(
/Users/zhaowenyuan/Projects/FlowFigTabMiner/flowfigtabminer/lib/python3.9/site-packages/urllib3/__init__.py:35: NotOpenSSLWarning: urllib3 v2 only supports OpenSSL 1.1.1+, currently the 'ssl' module is compiled with 'LibreSSL 2.8.3'. See: https://github.com/urllib3/urllib3/issues/3020
  warnings.warn(
/Users/zhaowenyuan/Projects/FlowFigTabMiner/flowfigtabminer/lib/python3.9/site-packages/urllib3/__init__.py:35: NotOpenSSLWarning: urllib3 v2 only supports OpenSSL 1.1.1+, currently the 'ssl' module is compiled with 'LibreSSL 2.8.3'. See: https://github.com/urllib3/urllib3/issues/3020
  warnings.warn(
[33mChecking connectivity to the model hosters, this may take a while. To bypass this check, set `DISABLE_MODEL_SOURCE_CHECK` to `True`.[0m
[33mChecking connectivity to the model hosters, this may take a while. To bypass this check, set `DISABLE_MODEL_SOURCE_CHECK` to `True`.[0m
[33mChecking connectivity to the model hosters, this may take a while. To bypass this check, set `DISABLE_MODEL_SOURCE_CHECK` to `True`.[0m
[33mChecking connectivity to the model hosters, this may take a while. To bypass this check, set `DISABLE_MODEL_SOURCE_CHECK` to `True`.[0m
[33mChecking connectivity to the model hosters, this may take a while. To bypass this check, set `DISABLE_MODEL_SOURCE_CHECK` to `True`.[0m
[33mChecking connectivity to the model hosters, this may take a while. To bypass this check, set `DISABLE_MODEL_SOURCE_CHECK` to `True`.[0m
[33mChecking connectivity to the model hosters, this may take a while. To bypass this check, set `DISABLE_MODEL_SOURCE_CHECK` to `True`.[0m
[33mChecking connectivity to the model hosters, this may take a while. To bypass this check, set `DISABLE_MODEL_SOURCE_CHECK` to `True`.[0m
[33mChecking connectivity to the model hosters, this may take a while. To bypass this check, set `DISABLE_MODEL_SOURCE_CHECK` to `True`.[0m
[33mChecking connectivity to the model hosters, this may take a while. To bypass this check, set `DISABLE_MODEL_SOURCE_CHECK` to `True`.[0m
[33mChecking connectivity to the model hosters, this may take a while. To bypass this check, set `DISABLE_MODEL_SOURCE_CHECK` to `True`.[0m
[33mChecking connectivity to the model hosters, this may take a while. To bypass this check, set `DISABLE_MODEL_SOURCE_CHECK` to `True`.[0m
[33mChecking connectivity to the model hosters, this may take a while. To bypass this check, set `DISABLE_MODEL_SOURCE_CHECK` to `True`.[0m
[33mChecking connectivity to the model hosters, this may take a while. To bypass this check, set `DISABLE_MODEL_SOURCE_CHECK` to `True`.[0m
[33mChecking connectivity to the model hosters, this may take a while. To bypass this check, set `DISABLE_MODEL_SOURCE_CHECK` to `True`.[0m
[33mChecking connectivity to the model hosters, this may take a while. To bypass this check, set `DISABLE_MODEL_SOURCE_CHECK` to `True`.[0m
/Users/zhaowenyuan/Projects/FlowFigTabMiner/flowfigtabminer/lib/python3.9/site-packages/onmt/modules/sparse_activations.py:48: FutureWarning: `torch.cuda.amp.custom_fwd(args...)` is deprecated. Please use `torch.amp.custom_fwd(args..., device_type='cuda')` instead.
  def forward(ctx, input, dim=0):
/Users/zhaowenyuan/Projects/FlowFigTabMiner/flowfigtabminer/lib/python3.9/site-packages/onmt/modules/sparse_activations.py:68: FutureWarning: `torch.cuda.amp.custom_bwd(args...)` is deprecated. Please use `torch.amp.custom_bwd(args..., device_type='cuda')` instead.
  def backward(ctx, grad_output):
/Users/zhaowenyuan/Projects/FlowFigTabMiner/flowfigtabminer/lib/python3.9/site-packages/onmt/modules/sparse_losses.py:13: FutureWarning: `torch.cuda.amp.custom_fwd(args...)` is deprecated. Please use `torch.amp.custom_fwd(args..., device_type='cuda')` instead.
  def forward(ctx, input, target):
/Users/zhaowenyuan/Projects/FlowFigTabMiner/flowfigtabminer/lib/python3.9/site-packages/onmt/modules/sparse_losses.py:37: FutureWarning: `torch.cuda.amp.custom_bwd(args...)` is deprecated. Please use `torch.amp.custom_bwd(args..., device_type='cuda')` instead.
  def backward(ctx, grad_output):
chiral_center_ids (from symbols): []
   -> Box 1: SMILES='O=[N+]([O-])c1ccc(Cl)cc1Cl' | Masked (White Box)
   -> [Debug] Box 2 sufficient size (334x216). Skipped Upscaling.
/Users/zhaowenyuan/Projects/FlowFigTabMiner/flowfigtabminer/lib/python3.9/site-packages/urllib3/__init__.py:35: NotOpenSSLWarning: urllib3 v2 only supports OpenSSL 1.1.1+, currently the 'ssl' module is compiled with 'LibreSSL 2.8.3'. See: https://github.com/urllib3/urllib3/issues/3020
  warnings.warn(
/Users/zhaowenyuan/Projects/FlowFigTabMiner/flowfigtabminer/lib/python3.9/site-packages/urllib3/__init__.py:35: NotOpenSSLWarning: urllib3 v2 only supports OpenSSL 1.1.1+, currently the 'ssl' module is compiled with 'LibreSSL 2.8.3'. See: https://github.com/urllib3/urllib3/issues/3020
  warnings.warn(
/Users/zhaowenyuan/Projects/FlowFigTabMiner/flowfigtabminer/lib/python3.9/site-packages/urllib3/__init__.py:35: NotOpenSSLWarning: urllib3 v2 only supports OpenSSL 1.1.1+, currently the 'ssl' module is compiled with 'LibreSSL 2.8.3'. See: https://github.com/urllib3/urllib3/issues/3020
  warnings.warn(
/Users/zhaowenyuan/Projects/FlowFigTabMiner/flowfigtabminer/lib/python3.9/site-packages/urllib3/__init__.py:35: NotOpenSSLWarning: urllib3 v2 only supports OpenSSL 1.1.1+, currently the 'ssl' module is compiled with 'LibreSSL 2.8.3'. See: https://github.com/urllib3/urllib3/issues/3020
  warnings.warn(
/Users/zhaowenyuan/Projects/FlowFigTabMiner/flowfigtabminer/lib/python3.9/site-packages/urllib3/__init__.py:35: NotOpenSSLWarning: urllib3 v2 only supports OpenSSL 1.1.1+, currently the 'ssl' module is compiled with 'LibreSSL 2.8.3'. See: https://github.com/urllib3/urllib3/issues/3020
  warnings.warn(
/Users/zhaowenyuan/Projects/FlowFigTabMiner/flowfigtabminer/lib/python3.9/site-packages/urllib3/__init__.py:35: NotOpenSSLWarning: urllib3 v2 only supports OpenSSL 1.1.1+, currently the 'ssl' module is compiled with 'LibreSSL 2.8.3'. See: https://github.com/urllib3/urllib3/issues/3020
  warnings.warn(
/Users/zhaowenyuan/Projects/FlowFigTabMiner/flowfigtabminer/lib/python3.9/site-packages/urllib3/__init__.py:35: NotOpenSSLWarning: urllib3 v2 only supports OpenSSL 1.1.1+, currently the 'ssl' module is compiled with 'LibreSSL 2.8.3'. See: https://github.com/urllib3/urllib3/issues/3020
  warnings.warn(
/Users/zhaowenyuan/Projects/FlowFigTabMiner/flowfigtabminer/lib/python3.9/site-packages/urllib3/__init__.py:35: NotOpenSSLWarning: urllib3 v2 only supports OpenSSL 1.1.1+, currently the 'ssl' module is compiled with 'LibreSSL 2.8.3'. See: https://github.com/urllib3/urllib3/issues/3020
  warnings.warn(
/Users/zhaowenyuan/Projects/FlowFigTabMiner/flowfigtabminer/lib/python3.9/site-packages/urllib3/__init__.py:35: NotOpenSSLWarning: urllib3 v2 only supports OpenSSL 1.1.1+, currently the 'ssl' module is compiled with 'LibreSSL 2.8.3'. See: https://github.com/urllib3/urllib3/issues/3020
  warnings.warn(
/Users/zhaowenyuan/Projects/FlowFigTabMiner/flowfigtabminer/lib/python3.9/site-packages/urllib3/__init__.py:35: NotOpenSSLWarning: urllib3 v2 only supports OpenSSL 1.1.1+, currently the 'ssl' module is compiled with 'LibreSSL 2.8.3'. See: https://github.com/urllib3/urllib3/issues/3020
  warnings.warn(
/Users/zhaowenyuan/Projects/FlowFigTabMiner/flowfigtabminer/lib/python3.9/site-packages/urllib3/__init__.py:35: NotOpenSSLWarning: urllib3 v2 only supports OpenSSL 1.1.1+, currently the 'ssl' module is compiled with 'LibreSSL 2.8.3'. See: https://github.com/urllib3/urllib3/issues/3020
  warnings.warn(
/Users/zhaowenyuan/Projects/FlowFigTabMiner/flowfigtabminer/lib/python3.9/site-packages/urllib3/__init__.py:35: NotOpenSSLWarning: urllib3 v2 only supports OpenSSL 1.1.1+, currently the 'ssl' module is compiled with 'LibreSSL 2.8.3'. See: https://github.com/urllib3/urllib3/issues/3020
  warnings.warn(
/Users/zhaowenyuan/Projects/FlowFigTabMiner/flowfigtabminer/lib/python3.9/site-packages/urllib3/__init__.py:35: NotOpenSSLWarning: urllib3 v2 only supports OpenSSL 1.1.1+, currently the 'ssl' module is compiled with 'LibreSSL 2.8.3'. See: https://github.com/urllib3/urllib3/issues/3020
  warnings.warn(
/Users/zhaowenyuan/Projects/FlowFigTabMiner/flowfigtabminer/lib/python3.9/site-packages/urllib3/__init__.py:35: NotOpenSSLWarning: urllib3 v2 only supports OpenSSL 1.1.1+, currently the 'ssl' module is compiled with 'LibreSSL 2.8.3'. See: https://github.com/urllib3/urllib3/issues/3020
  warnings.warn(
/Users/zhaowenyuan/Projects/FlowFigTabMiner/flowfigtabminer/lib/python3.9/site-packages/urllib3/__init__.py:35: NotOpenSSLWarning: urllib3 v2 only supports OpenSSL 1.1.1+, currently the 'ssl' module is compiled with 'LibreSSL 2.8.3'. See: https://github.com/urllib3/urllib3/issues/3020
  warnings.warn(
/Users/zhaowenyuan/Projects/FlowFigTabMiner/flowfigtabminer/lib/python3.9/site-packages/urllib3/__init__.py:35: NotOpenSSLWarning: urllib3 v2 only supports OpenSSL 1.1.1+, currently the 'ssl' module is compiled with 'LibreSSL 2.8.3'. See: https://github.com/urllib3/urllib3/issues/3020
  warnings.warn(
[33mChecking connectivity to the model hosters, this may take a while. To bypass this check, set `DISABLE_MODEL_SOURCE_CHECK` to `True`.[0m
[33mChecking connectivity to the model hosters, this may take a while. To bypass this check, set `DISABLE_MODEL_SOURCE_CHECK` to `True`.[0m
[33mChecking connectivity to the model hosters, this may take a while. To bypass this check, set `DISABLE_MODEL_SOURCE_CHECK` to `True`.[0m
[33mChecking connectivity to the model hosters, this may take a while. To bypass this check, set `DISABLE_MODEL_SOURCE_CHECK` to `True`.[0m
[33mChecking connectivity to the model hosters, this may take a while. To bypass this check, set `DISABLE_MODEL_SOURCE_CHECK` to `True`.[0m
[33mChecking connectivity to the model hosters, this may take a while. To bypass this check, set `DISABLE_MODEL_SOURCE_CHECK` to `True`.[0m
[33mChecking connectivity to the model hosters, this may take a while. To bypass this check, set `DISABLE_MODEL_SOURCE_CHECK` to `True`.[0m
[33mChecking connectivity to the model hosters, this may take a while. To bypass this check, set `DISABLE_MODEL_SOURCE_CHECK` to `True`.[0m
[33mChecking connectivity to the model hosters, this may take a while. To bypass this check, set `DISABLE_MODEL_SOURCE_CHECK` to `True`.[0m
[33mChecking connectivity to the model hosters, this may take a while. To bypass this check, set `DISABLE_MODEL_SOURCE_CHECK` to `True`.[0m
[33mChecking connectivity to the model hosters, this may take a while. To bypass this check, set `DISABLE_MODEL_SOURCE_CHECK` to `True`.[0m
[33mChecking connectivity to the model hosters, this may take a while. To bypass this check, set `DISABLE_MODEL_SOURCE_CHECK` to `True`.[0m
[33mChecking connectivity to the model hosters, this may take a while. To bypass this check, set `DISABLE_MODEL_SOURCE_CHECK` to `True`.[0m
[33mChecking connectivity to the model hosters, this may take a while. To bypass this check, set `DISABLE_MODEL_SOURCE_CHECK` to `True`.[0m
[33mChecking connectivity to the model hosters, this may take a while. To bypass this check, set `DISABLE_MODEL_SOURCE_CHECK` to `True`.[0m
[33mChecking connectivity to the model hosters, this may take a while. To bypass this check, set `DISABLE_MODEL_SOURCE_CHECK` to `True`.[0m
/Users/zhaowenyuan/Projects/FlowFigTabMiner/flowfigtabminer/lib/python3.9/site-packages/onmt/modules/sparse_activations.py:48: FutureWarning: `torch.cuda.amp.custom_fwd(args...)` is deprecated. Please use `torch.amp.custom_fwd(args..., device_type='cuda')` instead.
  def forward(ctx, input, dim=0):
/Users/zhaowenyuan/Projects/FlowFigTabMiner/flowfigtabminer/lib/python3.9/site-packages/onmt/modules/sparse_activations.py:68: FutureWarning: `torch.cuda.amp.custom_bwd(args...)` is deprecated. Please use `torch.amp.custom_bwd(args..., device_type='cuda')` instead.
  def backward(ctx, grad_output):
/Users/zhaowenyuan/Projects/FlowFigTabMiner/flowfigtabminer/lib/python3.9/site-packages/onmt/modules/sparse_losses.py:13: FutureWarning: `torch.cuda.amp.custom_fwd(args...)` is deprecated. Please use `torch.amp.custom_fwd(args..., device_type='cuda')` instead.
  def forward(ctx, input, target):
/Users/zhaowenyuan/Projects/FlowFigTabMiner/flowfigtabminer/lib/python3.9/site-packages/onmt/modules/sparse_losses.py:37: FutureWarning: `torch.cuda.amp.custom_bwd(args...)` is deprecated. Please use `torch.amp.custom_bwd(args..., device_type='cuda')` instead.
  def backward(ctx, grad_output):
chiral_center_ids (from symbols): []
   -> Box 2: SMILES='COc1ccc(Cl)cc1[N+](=O)[O-]' | Masked (White Box)
   -> [Debug] Box 3 sufficient size (329x267). Skipped Upscaling.
/Users/zhaowenyuan/Projects/FlowFigTabMiner/flowfigtabminer/lib/python3.9/site-packages/urllib3/__init__.py:35: NotOpenSSLWarning: urllib3 v2 only supports OpenSSL 1.1.1+, currently the 'ssl' module is compiled with 'LibreSSL 2.8.3'. See: https://github.com/urllib3/urllib3/issues/3020
  warnings.warn(
/Users/zhaowenyuan/Projects/FlowFigTabMiner/flowfigtabminer/lib/python3.9/site-packages/urllib3/__init__.py:35: NotOpenSSLWarning: urllib3 v2 only supports OpenSSL 1.1.1+, currently the 'ssl' module is compiled with 'LibreSSL 2.8.3'. See: https://github.com/urllib3/urllib3/issues/3020
  warnings.warn(
/Users/zhaowenyuan/Projects/FlowFigTabMiner/flowfigtabminer/lib/python3.9/site-packages/urllib3/__init__.py:35: NotOpenSSLWarning: urllib3 v2 only supports OpenSSL 1.1.1+, currently the 'ssl' module is compiled with 'LibreSSL 2.8.3'. See: https://github.com/urllib3/urllib3/issues/3020
  warnings.warn(
/Users/zhaowenyuan/Projects/FlowFigTabMiner/flowfigtabminer/lib/python3.9/site-packages/urllib3/__init__.py:35: NotOpenSSLWarning: urllib3 v2 only supports OpenSSL 1.1.1+, currently the 'ssl' module is compiled with 'LibreSSL 2.8.3'. See: https://github.com/urllib3/urllib3/issues/3020
  warnings.warn(
/Users/zhaowenyuan/Projects/FlowFigTabMiner/flowfigtabminer/lib/python3.9/site-packages/urllib3/__init__.py:35: NotOpenSSLWarning: urllib3 v2 only supports OpenSSL 1.1.1+, currently the 'ssl' module is compiled with 'LibreSSL 2.8.3'. See: https://github.com/urllib3/urllib3/issues/3020
  warnings.warn(
/Users/zhaowenyuan/Projects/FlowFigTabMiner/flowfigtabminer/lib/python3.9/site-packages/urllib3/__init__.py:35: NotOpenSSLWarning: urllib3 v2 only supports OpenSSL 1.1.1+, currently the 'ssl' module is compiled with 'LibreSSL 2.8.3'. See: https://github.com/urllib3/urllib3/issues/3020
  warnings.warn(
/Users/zhaowenyuan/Projects/FlowFigTabMiner/flowfigtabminer/lib/python3.9/site-packages/urllib3/__init__.py:35: NotOpenSSLWarning: urllib3 v2 only supports OpenSSL 1.1.1+, currently the 'ssl' module is compiled with 'LibreSSL 2.8.3'. See: https://github.com/urllib3/urllib3/issues/3020
  warnings.warn(
/Users/zhaowenyuan/Projects/FlowFigTabMiner/flowfigtabminer/lib/python3.9/site-packages/urllib3/__init__.py:35: NotOpenSSLWarning: urllib3 v2 only supports OpenSSL 1.1.1+, currently the 'ssl' module is compiled with 'LibreSSL 2.8.3'. See: https://github.com/urllib3/urllib3/issues/3020
  warnings.warn(
/Users/zhaowenyuan/Projects/FlowFigTabMiner/flowfigtabminer/lib/python3.9/site-packages/urllib3/__init__.py:35: NotOpenSSLWarning: urllib3 v2 only supports OpenSSL 1.1.1+, currently the 'ssl' module is compiled with 'LibreSSL 2.8.3'. See: https://github.com/urllib3/urllib3/issues/3020
  warnings.warn(
/Users/zhaowenyuan/Projects/FlowFigTabMiner/flowfigtabminer/lib/python3.9/site-packages/urllib3/__init__.py:35: NotOpenSSLWarning: urllib3 v2 only supports OpenSSL 1.1.1+, currently the 'ssl' module is compiled with 'LibreSSL 2.8.3'. See: https://github.com/urllib3/urllib3/issues/3020
  warnings.warn(
/Users/zhaowenyuan/Projects/FlowFigTabMiner/flowfigtabminer/lib/python3.9/site-packages/urllib3/__init__.py:35: NotOpenSSLWarning: urllib3 v2 only supports OpenSSL 1.1.1+, currently the 'ssl' module is compiled with 'LibreSSL 2.8.3'. See: https://github.com/urllib3/urllib3/issues/3020
  warnings.warn(
/Users/zhaowenyuan/Projects/FlowFigTabMiner/flowfigtabminer/lib/python3.9/site-packages/urllib3/__init__.py:35: NotOpenSSLWarning: urllib3 v2 only supports OpenSSL 1.1.1+, currently the 'ssl' module is compiled with 'LibreSSL 2.8.3'. See: https://github.com/urllib3/urllib3/issues/3020
  warnings.warn(
/Users/zhaowenyuan/Projects/FlowFigTabMiner/flowfigtabminer/lib/python3.9/site-packages/urllib3/__init__.py:35: NotOpenSSLWarning: urllib3 v2 only supports OpenSSL 1.1.1+, currently the 'ssl' module is compiled with 'LibreSSL 2.8.3'. See: https://github.com/urllib3/urllib3/issues/3020
  warnings.warn(
/Users/zhaowenyuan/Projects/FlowFigTabMiner/flowfigtabminer/lib/python3.9/site-packages/urllib3/__init__.py:35: NotOpenSSLWarning: urllib3 v2 only supports OpenSSL 1.1.1+, currently the 'ssl' module is compiled with 'LibreSSL 2.8.3'. See: https://github.com/urllib3/urllib3/issues/3020
  warnings.warn(
/Users/zhaowenyuan/Projects/FlowFigTabMiner/flowfigtabminer/lib/python3.9/site-packages/urllib3/__init__.py:35: NotOpenSSLWarning: urllib3 v2 only supports OpenSSL 1.1.1+, currently the 'ssl' module is compiled with 'LibreSSL 2.8.3'. See: https://github.com/urllib3/urllib3/issues/3020
  warnings.warn(
/Users/zhaowenyuan/Projects/FlowFigTabMiner/flowfigtabminer/lib/python3.9/site-packages/urllib3/__init__.py:35: NotOpenSSLWarning: urllib3 v2 only supports OpenSSL 1.1.1+, currently the 'ssl' module is compiled with 'LibreSSL 2.8.3'. See: https://github.com/urllib3/urllib3/issues/3020
  warnings.warn(
[33mChecking connectivity to the model hosters, this may take a while. To bypass this check, set `DISABLE_MODEL_SOURCE_CHECK` to `True`.[0m
[33mChecking connectivity to the model hosters, this may take a while. To bypass this check, set `DISABLE_MODEL_SOURCE_CHECK` to `True`.[0m
[33mChecking connectivity to the model hosters, this may take a while. To bypass this check, set `DISABLE_MODEL_SOURCE_CHECK` to `True`.[0m
[33mChecking connectivity to the model hosters, this may take a while. To bypass this check, set `DISABLE_MODEL_SOURCE_CHECK` to `True`.[0m
[33mChecking connectivity to the model hosters, this may take a while. To bypass this check, set `DISABLE_MODEL_SOURCE_CHECK` to `True`.[0m
[33mChecking connectivity to the model hosters, this may take a while. To bypass this check, set `DISABLE_MODEL_SOURCE_CHECK` to `True`.[0m
[33mChecking connectivity to the model hosters, this may take a while. To bypass this check, set `DISABLE_MODEL_SOURCE_CHECK` to `True`.[0m
[33mChecking connectivity to the model hosters, this may take a while. To bypass this check, set `DISABLE_MODEL_SOURCE_CHECK` to `True`.[0m
[33mChecking connectivity to the model hosters, this may take a while. To bypass this check, set `DISABLE_MODEL_SOURCE_CHECK` to `True`.[0m
[33mChecking connectivity to the model hosters, this may take a while. To bypass this check, set `DISABLE_MODEL_SOURCE_CHECK` to `True`.[0m
[33mChecking connectivity to the model hosters, this may take a while. To bypass this check, set `DISABLE_MODEL_SOURCE_CHECK` to `True`.[0m
[33mChecking connectivity to the model hosters, this may take a while. To bypass this check, set `DISABLE_MODEL_SOURCE_CHECK` to `True`.[0m
[33mChecking connectivity to the model hosters, this may take a while. To bypass this check, set `DISABLE_MODEL_SOURCE_CHECK` to `True`.[0m
[33mChecking connectivity to the model hosters, this may take a while. To bypass this check, set `DISABLE_MODEL_SOURCE_CHECK` to `True`.[0m
[33mChecking connectivity to the model hosters, this may take a while. To bypass this check, set `DISABLE_MODEL_SOURCE_CHECK` to `True`.[0m
[33mChecking connectivity to the model hosters, this may take a while. To bypass this check, set `DISABLE_MODEL_SOURCE_CHECK` to `True`.[0m
/Users/zhaowenyuan/Projects/FlowFigTabMiner/flowfigtabminer/lib/python3.9/site-packages/onmt/modules/sparse_activations.py:48: FutureWarning: `torch.cuda.amp.custom_fwd(args...)` is deprecated. Please use `torch.amp.custom_fwd(args..., device_type='cuda')` instead.
  def forward(ctx, input, dim=0):
/Users/zhaowenyuan/Projects/FlowFigTabMiner/flowfigtabminer/lib/python3.9/site-packages/onmt/modules/sparse_activations.py:68: FutureWarning: `torch.cuda.amp.custom_bwd(args...)` is deprecated. Please use `torch.amp.custom_bwd(args..., device_type='cuda')` instead.
  def backward(ctx, grad_output):
/Users/zhaowenyuan/Projects/FlowFigTabMiner/flowfigtabminer/lib/python3.9/site-packages/onmt/modules/sparse_losses.py:13: FutureWarning: `torch.cuda.amp.custom_fwd(args...)` is deprecated. Please use `torch.amp.custom_fwd(args..., device_type='cuda')` instead.
  def forward(ctx, input, target):
/Users/zhaowenyuan/Projects/FlowFigTabMiner/flowfigtabminer/lib/python3.9/site-packages/onmt/modules/sparse_losses.py:37: FutureWarning: `torch.cuda.amp.custom_bwd(args...)` is deprecated. Please use `torch.amp.custom_bwd(args..., device_type='cuda')` instead.
  def backward(ctx, grad_output):
chiral_center_ids (from symbols): []
   -> Box 3: SMILES='COc1ccc(Cl)c([N+](=O)[O-])c1' | Masked (White Box)
   -> [Debug] Upscaled TINY box 4 by 1.7x (337x176 -> 574x300)
/Users/zhaowenyuan/Projects/FlowFigTabMiner/flowfigtabminer/lib/python3.9/site-packages/urllib3/__init__.py:35: NotOpenSSLWarning: urllib3 v2 only supports OpenSSL 1.1.1+, currently the 'ssl' module is compiled with 'LibreSSL 2.8.3'. See: https://github.com/urllib3/urllib3/issues/3020
  warnings.warn(
/Users/zhaowenyuan/Projects/FlowFigTabMiner/flowfigtabminer/lib/python3.9/site-packages/urllib3/__init__.py:35: NotOpenSSLWarning: urllib3 v2 only supports OpenSSL 1.1.1+, currently the 'ssl' module is compiled with 'LibreSSL 2.8.3'. See: https://github.com/urllib3/urllib3/issues/3020
  warnings.warn(
/Users/zhaowenyuan/Projects/FlowFigTabMiner/flowfigtabminer/lib/python3.9/site-packages/urllib3/__init__.py:35: NotOpenSSLWarning: urllib3 v2 only supports OpenSSL 1.1.1+, currently the 'ssl' module is compiled with 'LibreSSL 2.8.3'. See: https://github.com/urllib3/urllib3/issues/3020
  warnings.warn(
/Users/zhaowenyuan/Projects/FlowFigTabMiner/flowfigtabminer/lib/python3.9/site-packages/urllib3/__init__.py:35: NotOpenSSLWarning: urllib3 v2 only supports OpenSSL 1.1.1+, currently the 'ssl' module is compiled with 'LibreSSL 2.8.3'. See: https://github.com/urllib3/urllib3/issues/3020
  warnings.warn(
/Users/zhaowenyuan/Projects/FlowFigTabMiner/flowfigtabminer/lib/python3.9/site-packages/urllib3/__init__.py:35: NotOpenSSLWarning: urllib3 v2 only supports OpenSSL 1.1.1+, currently the 'ssl' module is compiled with 'LibreSSL 2.8.3'. See: https://github.com/urllib3/urllib3/issues/3020
  warnings.warn(
/Users/zhaowenyuan/Projects/FlowFigTabMiner/flowfigtabminer/lib/python3.9/site-packages/urllib3/__init__.py:35: NotOpenSSLWarning: urllib3 v2 only supports OpenSSL 1.1.1+, currently the 'ssl' module is compiled with 'LibreSSL 2.8.3'. See: https://github.com/urllib3/urllib3/issues/3020
  warnings.warn(
/Users/zhaowenyuan/Projects/FlowFigTabMiner/flowfigtabminer/lib/python3.9/site-packages/urllib3/__init__.py:35: NotOpenSSLWarning: urllib3 v2 only supports OpenSSL 1.1.1+, currently the 'ssl' module is compiled with 'LibreSSL 2.8.3'. See: https://github.com/urllib3/urllib3/issues/3020
  warnings.warn(
/Users/zhaowenyuan/Projects/FlowFigTabMiner/flowfigtabminer/lib/python3.9/site-packages/urllib3/__init__.py:35: NotOpenSSLWarning: urllib3 v2 only supports OpenSSL 1.1.1+, currently the 'ssl' module is compiled with 'LibreSSL 2.8.3'. See: https://github.com/urllib3/urllib3/issues/3020
  warnings.warn(
/Users/zhaowenyuan/Projects/FlowFigTabMiner/flowfigtabminer/lib/python3.9/site-packages/urllib3/__init__.py:35: NotOpenSSLWarning: urllib3 v2 only supports OpenSSL 1.1.1+, currently the 'ssl' module is compiled with 'LibreSSL 2.8.3'. See: https://github.com/urllib3/urllib3/issues/3020
  warnings.warn(
/Users/zhaowenyuan/Projects/FlowFigTabMiner/flowfigtabminer/lib/python3.9/site-packages/urllib3/__init__.py:35: NotOpenSSLWarning: urllib3 v2 only supports OpenSSL 1.1.1+, currently the 'ssl' module is compiled with 'LibreSSL 2.8.3'. See: https://github.com/urllib3/urllib3/issues/3020
  warnings.warn(
/Users/zhaowenyuan/Projects/FlowFigTabMiner/flowfigtabminer/lib/python3.9/site-packages/urllib3/__init__.py:35: NotOpenSSLWarning: urllib3 v2 only supports OpenSSL 1.1.1+, currently the 'ssl' module is compiled with 'LibreSSL 2.8.3'. See: https://github.com/urllib3/urllib3/issues/3020
  warnings.warn(
/Users/zhaowenyuan/Projects/FlowFigTabMiner/flowfigtabminer/lib/python3.9/site-packages/urllib3/__init__.py:35: NotOpenSSLWarning: urllib3 v2 only supports OpenSSL 1.1.1+, currently the 'ssl' module is compiled with 'LibreSSL 2.8.3'. See: https://github.com/urllib3/urllib3/issues/3020
  warnings.warn(
/Users/zhaowenyuan/Projects/FlowFigTabMiner/flowfigtabminer/lib/python3.9/site-packages/urllib3/__init__.py:35: NotOpenSSLWarning: urllib3 v2 only supports OpenSSL 1.1.1+, currently the 'ssl' module is compiled with 'LibreSSL 2.8.3'. See: https://github.com/urllib3/urllib3/issues/3020
  warnings.warn(
/Users/zhaowenyuan/Projects/FlowFigTabMiner/flowfigtabminer/lib/python3.9/site-packages/urllib3/__init__.py:35: NotOpenSSLWarning: urllib3 v2 only supports OpenSSL 1.1.1+, currently the 'ssl' module is compiled with 'LibreSSL 2.8.3'. See: https://github.com/urllib3/urllib3/issues/3020
  warnings.warn(
/Users/zhaowenyuan/Projects/FlowFigTabMiner/flowfigtabminer/lib/python3.9/site-packages/urllib3/__init__.py:35: NotOpenSSLWarning: urllib3 v2 only supports OpenSSL 1.1.1+, currently the 'ssl' module is compiled with 'LibreSSL 2.8.3'. See: https://github.com/urllib3/urllib3/issues/3020
  warnings.warn(
/Users/zhaowenyuan/Projects/FlowFigTabMiner/flowfigtabminer/lib/python3.9/site-packages/urllib3/__init__.py:35: NotOpenSSLWarning: urllib3 v2 only supports OpenSSL 1.1.1+, currently the 'ssl' module is compiled with 'LibreSSL 2.8.3'. See: https://github.com/urllib3/urllib3/issues/3020
  warnings.warn(
[33mChecking connectivity to the model hosters, this may take a while. To bypass this check, set `DISABLE_MODEL_SOURCE_CHECK` to `True`.[0m
[33mChecking connectivity to the model hosters, this may take a while. To bypass this check, set `DISABLE_MODEL_SOURCE_CHECK` to `True`.[0m
[33mChecking connectivity to the model hosters, this may take a while. To bypass this check, set `DISABLE_MODEL_SOURCE_CHECK` to `True`.[0m
[33mChecking connectivity to the model hosters, this may take a while. To bypass this check, set `DISABLE_MODEL_SOURCE_CHECK` to `True`.[0m
[33mChecking connectivity to the model hosters, this may take a while. To bypass this check, set `DISABLE_MODEL_SOURCE_CHECK` to `True`.[0m
[33mChecking connectivity to the model hosters, this may take a while. To bypass this check, set `DISABLE_MODEL_SOURCE_CHECK` to `True`.[0m
[33mChecking connectivity to the model hosters, this may take a while. To bypass this check, set `DISABLE_MODEL_SOURCE_CHECK` to `True`.[0m
[33mChecking connectivity to the model hosters, this may take a while. To bypass this check, set `DISABLE_MODEL_SOURCE_CHECK` to `True`.[0m
[33mChecking connectivity to the model hosters, this may take a while. To bypass this check, set `DISABLE_MODEL_SOURCE_CHECK` to `True`.[0m
[33mChecking connectivity to the model hosters, this may take a while. To bypass this check, set `DISABLE_MODEL_SOURCE_CHECK` to `True`.[0m
[33mChecking connectivity to the model hosters, this may take a while. To bypass this check, set `DISABLE_MODEL_SOURCE_CHECK` to `True`.[0m
[33mChecking connectivity to the model hosters, this may take a while. To bypass this check, set `DISABLE_MODEL_SOURCE_CHECK` to `True`.[0m
[33mChecking connectivity to the model hosters, this may take a while. To bypass this check, set `DISABLE_MODEL_SOURCE_CHECK` to `True`.[0m
[33mChecking connectivity to the model hosters, this may take a while. To bypass this check, set `DISABLE_MODEL_SOURCE_CHECK` to `True`.[0m
[33mChecking connectivity to the model hosters, this may take a while. To bypass this check, set `DISABLE_MODEL_SOURCE_CHECK` to `True`.[0m
[33mChecking connectivity to the model hosters, this may take a while. To bypass this check, set `DISABLE_MODEL_SOURCE_CHECK` to `True`.[0m
/Users/zhaowenyuan/Projects/FlowFigTabMiner/flowfigtabminer/lib/python3.9/site-packages/onmt/modules/sparse_activations.py:48: FutureWarning: `torch.cuda.amp.custom_fwd(args...)` is deprecated. Please use `torch.amp.custom_fwd(args..., device_type='cuda')` instead.
  def forward(ctx, input, dim=0):
/Users/zhaowenyuan/Projects/FlowFigTabMiner/flowfigtabminer/lib/python3.9/site-packages/onmt/modules/sparse_activations.py:68: FutureWarning: `torch.cuda.amp.custom_bwd(args...)` is deprecated. Please use `torch.amp.custom_bwd(args..., device_type='cuda')` instead.
  def backward(ctx, grad_output):
/Users/zhaowenyuan/Projects/FlowFigTabMiner/flowfigtabminer/lib/python3.9/site-packages/onmt/modules/sparse_losses.py:13: FutureWarning: `torch.cuda.amp.custom_fwd(args...)` is deprecated. Please use `torch.amp.custom_fwd(args..., device_type='cuda')` instead.
  def forward(ctx, input, target):
/Users/zhaowenyuan/Projects/FlowFigTabMiner/flowfigtabminer/lib/python3.9/site-packages/onmt/modules/sparse_losses.py:37: FutureWarning: `torch.cuda.amp.custom_bwd(args...)` is deprecated. Please use `torch.amp.custom_bwd(args..., device_type='cuda')` instead.
  def backward(ctx, grad_output):
   -> Box 4: SMILES='CC1CC2=C34([N+](=O)[O-])C5=CC(Cl)=C2C3=C51[N+]4(=O)[O-]' | Masked (White Box)
      Replaced 5 molecules with White Masks (for Structure Rec).
   TableStructure: Running inference on cpu...
   TableStructure: Inference done.
   -> Detected 45 cells.
   -> Classifying cells...
   -> Recognizing content...
/Users/zhaowenyuan/Projects/FlowFigTabMiner/flowfigtabminer/lib/python3.9/site-packages/urllib3/__init__.py:35: NotOpenSSLWarning: urllib3 v2 only supports OpenSSL 1.1.1+, currently the 'ssl' module is compiled with 'LibreSSL 2.8.3'. See: https://github.com/urllib3/urllib3/issues/3020
  warnings.warn(
/Users/zhaowenyuan/Projects/FlowFigTabMiner/flowfigtabminer/lib/python3.9/site-packages/urllib3/__init__.py:35: NotOpenSSLWarning: urllib3 v2 only supports OpenSSL 1.1.1+, currently the 'ssl' module is compiled with 'LibreSSL 2.8.3'. See: https://github.com/urllib3/urllib3/issues/3020
  warnings.warn(
/Users/zhaowenyuan/Projects/FlowFigTabMiner/flowfigtabminer/lib/python3.9/site-packages/urllib3/__init__.py:35: NotOpenSSLWarning: urllib3 v2 only supports OpenSSL 1.1.1+, currently the 'ssl' module is compiled with 'LibreSSL 2.8.3'. See: https://github.com/urllib3/urllib3/issues/3020
  warnings.warn(
/Users/zhaowenyuan/Projects/FlowFigTabMiner/flowfigtabminer/lib/python3.9/site-packages/urllib3/__init__.py:35: NotOpenSSLWarning: urllib3 v2 only supports OpenSSL 1.1.1+, currently the 'ssl' module is compiled with 'LibreSSL 2.8.3'. See: https://github.com/urllib3/urllib3/issues/3020
  warnings.warn(
/Users/zhaowenyuan/Projects/FlowFigTabMiner/flowfigtabminer/lib/python3.9/site-packages/urllib3/__init__.py:35: NotOpenSSLWarning: urllib3 v2 only supports OpenSSL 1.1.1+, currently the 'ssl' module is compiled with 'LibreSSL 2.8.3'. See: https://github.com/urllib3/urllib3/issues/3020
  warnings.warn(
/Users/zhaowenyuan/Projects/FlowFigTabMiner/flowfigtabminer/lib/python3.9/site-packages/urllib3/__init__.py:35: NotOpenSSLWarning: urllib3 v2 only supports OpenSSL 1.1.1+, currently the 'ssl' module is compiled with 'LibreSSL 2.8.3'. See: https://github.com/urllib3/urllib3/issues/3020
  warnings.warn(
/Users/zhaowenyuan/Projects/FlowFigTabMiner/flowfigtabminer/lib/python3.9/site-packages/urllib3/__init__.py:35: NotOpenSSLWarning: urllib3 v2 only supports OpenSSL 1.1.1+, currently the 'ssl' module is compiled with 'LibreSSL 2.8.3'. See: https://github.com/urllib3/urllib3/issues/3020
  warnings.warn(
/Users/zhaowenyuan/Projects/FlowFigTabMiner/flowfigtabminer/lib/python3.9/site-packages/urllib3/__init__.py:35: NotOpenSSLWarning: urllib3 v2 only supports OpenSSL 1.1.1+, currently the 'ssl' module is compiled with 'LibreSSL 2.8.3'. See: https://github.com/urllib3/urllib3/issues/3020
  warnings.warn(
/Users/zhaowenyuan/Projects/FlowFigTabMiner/flowfigtabminer/lib/python3.9/site-packages/urllib3/__init__.py:35: NotOpenSSLWarning: urllib3 v2 only supports OpenSSL 1.1.1+, currently the 'ssl' module is compiled with 'LibreSSL 2.8.3'. See: https://github.com/urllib3/urllib3/issues/3020
  warnings.warn(
/Users/zhaowenyuan/Projects/FlowFigTabMiner/flowfigtabminer/lib/python3.9/site-packages/urllib3/__init__.py:35: NotOpenSSLWarning: urllib3 v2 only supports OpenSSL 1.1.1+, currently the 'ssl' module is compiled with 'LibreSSL 2.8.3'. See: https://github.com/urllib3/urllib3/issues/3020
  warnings.warn(
/Users/zhaowenyuan/Projects/FlowFigTabMiner/flowfigtabminer/lib/python3.9/site-packages/urllib3/__init__.py:35: NotOpenSSLWarning: urllib3 v2 only supports OpenSSL 1.1.1+, currently the 'ssl' module is compiled with 'LibreSSL 2.8.3'. See: https://github.com/urllib3/urllib3/issues/3020
  warnings.warn(
/Users/zhaowenyuan/Projects/FlowFigTabMiner/flowfigtabminer/lib/python3.9/site-packages/urllib3/__init__.py:35: NotOpenSSLWarning: urllib3 v2 only supports OpenSSL 1.1.1+, currently the 'ssl' module is compiled with 'LibreSSL 2.8.3'. See: https://github.com/urllib3/urllib3/issues/3020
  warnings.warn(
/Users/zhaowenyuan/Projects/FlowFigTabMiner/flowfigtabminer/lib/python3.9/site-packages/urllib3/__init__.py:35: NotOpenSSLWarning: urllib3 v2 only supports OpenSSL 1.1.1+, currently the 'ssl' module is compiled with 'LibreSSL 2.8.3'. See: https://github.com/urllib3/urllib3/issues/3020
  warnings.warn(
/Users/zhaowenyuan/Projects/FlowFigTabMiner/flowfigtabminer/lib/python3.9/site-packages/urllib3/__init__.py:35: NotOpenSSLWarning: urllib3 v2 only supports OpenSSL 1.1.1+, currently the 'ssl' module is compiled with 'LibreSSL 2.8.3'. See: https://github.com/urllib3/urllib3/issues/3020
  warnings.warn(
/Users/zhaowenyuan/Projects/FlowFigTabMiner/flowfigtabminer/lib/python3.9/site-packages/urllib3/__init__.py:35: NotOpenSSLWarning: urllib3 v2 only supports OpenSSL 1.1.1+, currently the 'ssl' module is compiled with 'LibreSSL 2.8.3'. See: https://github.com/urllib3/urllib3/issues/3020
  warnings.warn(
/Users/zhaowenyuan/Projects/FlowFigTabMiner/flowfigtabminer/lib/python3.9/site-packages/urllib3/__init__.py:35: NotOpenSSLWarning: urllib3 v2 only supports OpenSSL 1.1.1+, currently the 'ssl' module is compiled with 'LibreSSL 2.8.3'. See: https://github.com/urllib3/urllib3/issues/3020
  warnings.warn(
[33mChecking connectivity to the model hosters, this may take a while. To bypass this check, set `DISABLE_MODEL_SOURCE_CHECK` to `True`.[0m
[33mChecking connectivity to the model hosters, this may take a while. To bypass this check, set `DISABLE_MODEL_SOURCE_CHECK` to `True`.[0m
[33mChecking connectivity to the model hosters, this may take a while. To bypass this check, set `DISABLE_MODEL_SOURCE_CHECK` to `True`.[0m
[33mChecking connectivity to the model hosters, this may take a while. To bypass this check, set `DISABLE_MODEL_SOURCE_CHECK` to `True`.[0m
[33mChecking connectivity to the model hosters, this may take a while. To bypass this check, set `DISABLE_MODEL_SOURCE_CHECK` to `True`.[0m
[33mChecking connectivity to the model hosters, this may take a while. To bypass this check, set `DISABLE_MODEL_SOURCE_CHECK` to `True`.[0m
[33mChecking connectivity to the model hosters, this may take a while. To bypass this check, set `DISABLE_MODEL_SOURCE_CHECK` to `True`.[0m
[33mChecking connectivity to the model hosters, this may take a while. To bypass this check, set `DISABLE_MODEL_SOURCE_CHECK` to `True`.[0m
[33mChecking connectivity to the model hosters, this may take a while. To bypass this check, set `DISABLE_MODEL_SOURCE_CHECK` to `True`.[0m
[33mChecking connectivity to the model hosters, this may take a while. To bypass this check, set `DISABLE_MODEL_SOURCE_CHECK` to `True`.[0m
[33mChecking connectivity to the model hosters, this may take a while. To bypass this check, set `DISABLE_MODEL_SOURCE_CHECK` to `True`.[0m
[33mChecking connectivity to the model hosters, this may take a while. To bypass this check, set `DISABLE_MODEL_SOURCE_CHECK` to `True`.[0m
[33mChecking connectivity to the model hosters, this may take a while. To bypass this check, set `DISABLE_MODEL_SOURCE_CHECK` to `True`.[0m
[33mChecking connectivity to the model hosters, this may take a while. To bypass this check, set `DISABLE_MODEL_SOURCE_CHECK` to `True`.[0m
[33mChecking connectivity to the model hosters, this may take a while. To bypass this check, set `DISABLE_MODEL_SOURCE_CHECK` to `True`.[0m
[33mChecking connectivity to the model hosters, this may take a while. To bypass this check, set `DISABLE_MODEL_SOURCE_CHECK` to `True`.[0m
/Users/zhaowenyuan/Projects/FlowFigTabMiner/flowfigtabminer/lib/python3.9/site-packages/onmt/modules/sparse_activations.py:48: FutureWarning: `torch.cuda.amp.custom_fwd(args...)` is deprecated. Please use `torch.amp.custom_fwd(args..., device_type='cuda')` instead.
  def forward(ctx, input, dim=0):
/Users/zhaowenyuan/Projects/FlowFigTabMiner/flowfigtabminer/lib/python3.9/site-packages/onmt/modules/sparse_activations.py:68: FutureWarning: `torch.cuda.amp.custom_bwd(args...)` is deprecated. Please use `torch.amp.custom_bwd(args..., device_type='cuda')` instead.
  def backward(ctx, grad_output):
/Users/zhaowenyuan/Projects/FlowFigTabMiner/flowfigtabminer/lib/python3.9/site-packages/onmt/modules/sparse_losses.py:13: FutureWarning: `torch.cuda.amp.custom_fwd(args...)` is deprecated. Please use `torch.amp.custom_fwd(args..., device_type='cuda')` instead.
  def forward(ctx, input, target):
/Users/zhaowenyuan/Projects/FlowFigTabMiner/flowfigtabminer/lib/python3.9/site-packages/onmt/modules/sparse_losses.py:37: FutureWarning: `torch.cuda.amp.custom_bwd(args...)` is deprecated. Please use `torch.amp.custom_bwd(args..., device_type='cuda')` instead.
  def backward(ctx, grad_output):
chiral_center_ids (from symbols): []
/Users/zhaowenyuan/Projects/FlowFigTabMiner/flowfigtabminer/lib/python3.9/site-packages/urllib3/__init__.py:35: NotOpenSSLWarning: urllib3 v2 only supports OpenSSL 1.1.1+, currently the 'ssl' module is compiled with 'LibreSSL 2.8.3'. See: https://github.com/urllib3/urllib3/issues/3020
  warnings.warn(
/Users/zhaowenyuan/Projects/FlowFigTabMiner/flowfigtabminer/lib/python3.9/site-packages/urllib3/__init__.py:35: NotOpenSSLWarning: urllib3 v2 only supports OpenSSL 1.1.1+, currently the 'ssl' module is compiled with 'LibreSSL 2.8.3'. See: https://github.com/urllib3/urllib3/issues/3020
  warnings.warn(
/Users/zhaowenyuan/Projects/FlowFigTabMiner/flowfigtabminer/lib/python3.9/site-packages/urllib3/__init__.py:35: NotOpenSSLWarning: urllib3 v2 only supports OpenSSL 1.1.1+, currently the 'ssl' module is compiled with 'LibreSSL 2.8.3'. See: https://github.com/urllib3/urllib3/issues/3020
  warnings.warn(
/Users/zhaowenyuan/Projects/FlowFigTabMiner/flowfigtabminer/lib/python3.9/site-packages/urllib3/__init__.py:35: NotOpenSSLWarning: urllib3 v2 only supports OpenSSL 1.1.1+, currently the 'ssl' module is compiled with 'LibreSSL 2.8.3'. See: https://github.com/urllib3/urllib3/issues/3020
  warnings.warn(
/Users/zhaowenyuan/Projects/FlowFigTabMiner/flowfigtabminer/lib/python3.9/site-packages/urllib3/__init__.py:35: NotOpenSSLWarning: urllib3 v2 only supports OpenSSL 1.1.1+, currently the 'ssl' module is compiled with 'LibreSSL 2.8.3'. See: https://github.com/urllib3/urllib3/issues/3020
  warnings.warn(
/Users/zhaowenyuan/Projects/FlowFigTabMiner/flowfigtabminer/lib/python3.9/site-packages/urllib3/__init__.py:35: NotOpenSSLWarning: urllib3 v2 only supports OpenSSL 1.1.1+, currently the 'ssl' module is compiled with 'LibreSSL 2.8.3'. See: https://github.com/urllib3/urllib3/issues/3020
  warnings.warn(
/Users/zhaowenyuan/Projects/FlowFigTabMiner/flowfigtabminer/lib/python3.9/site-packages/urllib3/__init__.py:35: NotOpenSSLWarning: urllib3 v2 only supports OpenSSL 1.1.1+, currently the 'ssl' module is compiled with 'LibreSSL 2.8.3'. See: https://github.com/urllib3/urllib3/issues/3020
  warnings.warn(
/Users/zhaowenyuan/Projects/FlowFigTabMiner/flowfigtabminer/lib/python3.9/site-packages/urllib3/__init__.py:35: NotOpenSSLWarning: urllib3 v2 only supports OpenSSL 1.1.1+, currently the 'ssl' module is compiled with 'LibreSSL 2.8.3'. See: https://github.com/urllib3/urllib3/issues/3020
  warnings.warn(
/Users/zhaowenyuan/Projects/FlowFigTabMiner/flowfigtabminer/lib/python3.9/site-packages/urllib3/__init__.py:35: NotOpenSSLWarning: urllib3 v2 only supports OpenSSL 1.1.1+, currently the 'ssl' module is compiled with 'LibreSSL 2.8.3'. See: https://github.com/urllib3/urllib3/issues/3020
  warnings.warn(
/Users/zhaowenyuan/Projects/FlowFigTabMiner/flowfigtabminer/lib/python3.9/site-packages/urllib3/__init__.py:35: NotOpenSSLWarning: urllib3 v2 only supports OpenSSL 1.1.1+, currently the 'ssl' module is compiled with 'LibreSSL 2.8.3'. See: https://github.com/urllib3/urllib3/issues/3020
  warnings.warn(
/Users/zhaowenyuan/Projects/FlowFigTabMiner/flowfigtabminer/lib/python3.9/site-packages/urllib3/__init__.py:35: NotOpenSSLWarning: urllib3 v2 only supports OpenSSL 1.1.1+, currently the 'ssl' module is compiled with 'LibreSSL 2.8.3'. See: https://github.com/urllib3/urllib3/issues/3020
  warnings.warn(
/Users/zhaowenyuan/Projects/FlowFigTabMiner/flowfigtabminer/lib/python3.9/site-packages/urllib3/__init__.py:35: NotOpenSSLWarning: urllib3 v2 only supports OpenSSL 1.1.1+, currently the 'ssl' module is compiled with 'LibreSSL 2.8.3'. See: https://github.com/urllib3/urllib3/issues/3020
  warnings.warn(
/Users/zhaowenyuan/Projects/FlowFigTabMiner/flowfigtabminer/lib/python3.9/site-packages/urllib3/__init__.py:35: NotOpenSSLWarning: urllib3 v2 only supports OpenSSL 1.1.1+, currently the 'ssl' module is compiled with 'LibreSSL 2.8.3'. See: https://github.com/urllib3/urllib3/issues/3020
  warnings.warn(
/Users/zhaowenyuan/Projects/FlowFigTabMiner/flowfigtabminer/lib/python3.9/site-packages/urllib3/__init__.py:35: NotOpenSSLWarning: urllib3 v2 only supports OpenSSL 1.1.1+, currently the 'ssl' module is compiled with 'LibreSSL 2.8.3'. See: https://github.com/urllib3/urllib3/issues/3020
  warnings.warn(
/Users/zhaowenyuan/Projects/FlowFigTabMiner/flowfigtabminer/lib/python3.9/site-packages/urllib3/__init__.py:35: NotOpenSSLWarning: urllib3 v2 only supports OpenSSL 1.1.1+, currently the 'ssl' module is compiled with 'LibreSSL 2.8.3'. See: https://github.com/urllib3/urllib3/issues/3020
  warnings.warn(
/Users/zhaowenyuan/Projects/FlowFigTabMiner/flowfigtabminer/lib/python3.9/site-packages/urllib3/__init__.py:35: NotOpenSSLWarning: urllib3 v2 only supports OpenSSL 1.1.1+, currently the 'ssl' module is compiled with 'LibreSSL 2.8.3'. See: https://github.com/urllib3/urllib3/issues/3020
  warnings.warn(
[33mChecking connectivity to the model hosters, this may take a while. To bypass this check, set `DISABLE_MODEL_SOURCE_CHECK` to `True`.[0m
[33mChecking connectivity to the model hosters, this may take a while. To bypass this check, set `DISABLE_MODEL_SOURCE_CHECK` to `True`.[0m
[33mChecking connectivity to the model hosters, this may take a while. To bypass this check, set `DISABLE_MODEL_SOURCE_CHECK` to `True`.[0m
[33mChecking connectivity to the model hosters, this may take a while. To bypass this check, set `DISABLE_MODEL_SOURCE_CHECK` to `True`.[0m
[33mChecking connectivity to the model hosters, this may take a while. To bypass this check, set `DISABLE_MODEL_SOURCE_CHECK` to `True`.[0m
[33mChecking connectivity to the model hosters, this may take a while. To bypass this check, set `DISABLE_MODEL_SOURCE_CHECK` to `True`.[0m
[33mChecking connectivity to the model hosters, this may take a while. To bypass this check, set `DISABLE_MODEL_SOURCE_CHECK` to `True`.[0m
[33mChecking connectivity to the model hosters, this may take a while. To bypass this check, set `DISABLE_MODEL_SOURCE_CHECK` to `True`.[0m
[33mChecking connectivity to the model hosters, this may take a while. To bypass this check, set `DISABLE_MODEL_SOURCE_CHECK` to `True`.[0m
[33mChecking connectivity to the model hosters, this may take a while. To bypass this check, set `DISABLE_MODEL_SOURCE_CHECK` to `True`.[0m
[33mChecking connectivity to the model hosters, this may take a while. To bypass this check, set `DISABLE_MODEL_SOURCE_CHECK` to `True`.[0m
[33mChecking connectivity to the model hosters, this may take a while. To bypass this check, set `DISABLE_MODEL_SOURCE_CHECK` to `True`.[0m
[33mChecking connectivity to the model hosters, this may take a while. To bypass this check, set `DISABLE_MODEL_SOURCE_CHECK` to `True`.[0m
[33mChecking connectivity to the model hosters, this may take a while. To bypass this check, set `DISABLE_MODEL_SOURCE_CHECK` to `True`.[0m
[33mChecking connectivity to the model hosters, this may take a while. To bypass this check, set `DISABLE_MODEL_SOURCE_CHECK` to `True`.[0m
[33mChecking connectivity to the model hosters, this may take a while. To bypass this check, set `DISABLE_MODEL_SOURCE_CHECK` to `True`.[0m
/Users/zhaowenyuan/Projects/FlowFigTabMiner/flowfigtabminer/lib/python3.9/site-packages/onmt/modules/sparse_activations.py:48: FutureWarning: `torch.cuda.amp.custom_fwd(args...)` is deprecated. Please use `torch.amp.custom_fwd(args..., device_type='cuda')` instead.
  def forward(ctx, input, dim=0):
/Users/zhaowenyuan/Projects/FlowFigTabMiner/flowfigtabminer/lib/python3.9/site-packages/onmt/modules/sparse_activations.py:68: FutureWarning: `torch.cuda.amp.custom_bwd(args...)` is deprecated. Please use `torch.amp.custom_bwd(args..., device_type='cuda')` instead.
  def backward(ctx, grad_output):
/Users/zhaowenyuan/Projects/FlowFigTabMiner/flowfigtabminer/lib/python3.9/site-packages/onmt/modules/sparse_losses.py:13: FutureWarning: `torch.cuda.amp.custom_fwd(args...)` is deprecated. Please use `torch.amp.custom_fwd(args..., device_type='cuda')` instead.
  def forward(ctx, input, target):
/Users/zhaowenyuan/Projects/FlowFigTabMiner/flowfigtabminer/lib/python3.9/site-packages/onmt/modules/sparse_losses.py:37: FutureWarning: `torch.cuda.amp.custom_bwd(args...)` is deprecated. Please use `torch.amp.custom_bwd(args..., device_type='cuda')` instead.
  def backward(ctx, grad_output):
chiral_center_ids (from symbols): []
/Users/zhaowenyuan/Projects/FlowFigTabMiner/flowfigtabminer/lib/python3.9/site-packages/urllib3/__init__.py:35: NotOpenSSLWarning: urllib3 v2 only supports OpenSSL 1.1.1+, currently the 'ssl' module is compiled with 'LibreSSL 2.8.3'. See: https://github.com/urllib3/urllib3/issues/3020
  warnings.warn(
/Users/zhaowenyuan/Projects/FlowFigTabMiner/flowfigtabminer/lib/python3.9/site-packages/urllib3/__init__.py:35: NotOpenSSLWarning: urllib3 v2 only supports OpenSSL 1.1.1+, currently the 'ssl' module is compiled with 'LibreSSL 2.8.3'. See: https://github.com/urllib3/urllib3/issues/3020
  warnings.warn(
/Users/zhaowenyuan/Projects/FlowFigTabMiner/flowfigtabminer/lib/python3.9/site-packages/urllib3/__init__.py:35: NotOpenSSLWarning: urllib3 v2 only supports OpenSSL 1.1.1+, currently the 'ssl' module is compiled with 'LibreSSL 2.8.3'. See: https://github.com/urllib3/urllib3/issues/3020
  warnings.warn(
/Users/zhaowenyuan/Projects/FlowFigTabMiner/flowfigtabminer/lib/python3.9/site-packages/urllib3/__init__.py:35: NotOpenSSLWarning: urllib3 v2 only supports OpenSSL 1.1.1+, currently the 'ssl' module is compiled with 'LibreSSL 2.8.3'. See: https://github.com/urllib3/urllib3/issues/3020
  warnings.warn(
/Users/zhaowenyuan/Projects/FlowFigTabMiner/flowfigtabminer/lib/python3.9/site-packages/urllib3/__init__.py:35: NotOpenSSLWarning: urllib3 v2 only supports OpenSSL 1.1.1+, currently the 'ssl' module is compiled with 'LibreSSL 2.8.3'. See: https://github.com/urllib3/urllib3/issues/3020
  warnings.warn(
/Users/zhaowenyuan/Projects/FlowFigTabMiner/flowfigtabminer/lib/python3.9/site-packages/urllib3/__init__.py:35: NotOpenSSLWarning: urllib3 v2 only supports OpenSSL 1.1.1+, currently the 'ssl' module is compiled with 'LibreSSL 2.8.3'. See: https://github.com/urllib3/urllib3/issues/3020
  warnings.warn(
/Users/zhaowenyuan/Projects/FlowFigTabMiner/flowfigtabminer/lib/python3.9/site-packages/urllib3/__init__.py:35: NotOpenSSLWarning: urllib3 v2 only supports OpenSSL 1.1.1+, currently the 'ssl' module is compiled with 'LibreSSL 2.8.3'. See: https://github.com/urllib3/urllib3/issues/3020
  warnings.warn(
/Users/zhaowenyuan/Projects/FlowFigTabMiner/flowfigtabminer/lib/python3.9/site-packages/urllib3/__init__.py:35: NotOpenSSLWarning: urllib3 v2 only supports OpenSSL 1.1.1+, currently the 'ssl' module is compiled with 'LibreSSL 2.8.3'. See: https://github.com/urllib3/urllib3/issues/3020
  warnings.warn(
/Users/zhaowenyuan/Projects/FlowFigTabMiner/flowfigtabminer/lib/python3.9/site-packages/urllib3/__init__.py:35: NotOpenSSLWarning: urllib3 v2 only supports OpenSSL 1.1.1+, currently the 'ssl' module is compiled with 'LibreSSL 2.8.3'. See: https://github.com/urllib3/urllib3/issues/3020
  warnings.warn(
/Users/zhaowenyuan/Projects/FlowFigTabMiner/flowfigtabminer/lib/python3.9/site-packages/urllib3/__init__.py:35: NotOpenSSLWarning: urllib3 v2 only supports OpenSSL 1.1.1+, currently the 'ssl' module is compiled with 'LibreSSL 2.8.3'. See: https://github.com/urllib3/urllib3/issues/3020
  warnings.warn(
/Users/zhaowenyuan/Projects/FlowFigTabMiner/flowfigtabminer/lib/python3.9/site-packages/urllib3/__init__.py:35: NotOpenSSLWarning: urllib3 v2 only supports OpenSSL 1.1.1+, currently the 'ssl' module is compiled with 'LibreSSL 2.8.3'. See: https://github.com/urllib3/urllib3/issues/3020
  warnings.warn(
/Users/zhaowenyuan/Projects/FlowFigTabMiner/flowfigtabminer/lib/python3.9/site-packages/urllib3/__init__.py:35: NotOpenSSLWarning: urllib3 v2 only supports OpenSSL 1.1.1+, currently the 'ssl' module is compiled with 'LibreSSL 2.8.3'. See: https://github.com/urllib3/urllib3/issues/3020
  warnings.warn(
/Users/zhaowenyuan/Projects/FlowFigTabMiner/flowfigtabminer/lib/python3.9/site-packages/urllib3/__init__.py:35: NotOpenSSLWarning: urllib3 v2 only supports OpenSSL 1.1.1+, currently the 'ssl' module is compiled with 'LibreSSL 2.8.3'. See: https://github.com/urllib3/urllib3/issues/3020
  warnings.warn(
/Users/zhaowenyuan/Projects/FlowFigTabMiner/flowfigtabminer/lib/python3.9/site-packages/urllib3/__init__.py:35: NotOpenSSLWarning: urllib3 v2 only supports OpenSSL 1.1.1+, currently the 'ssl' module is compiled with 'LibreSSL 2.8.3'. See: https://github.com/urllib3/urllib3/issues/3020
  warnings.warn(
/Users/zhaowenyuan/Projects/FlowFigTabMiner/flowfigtabminer/lib/python3.9/site-packages/urllib3/__init__.py:35: NotOpenSSLWarning: urllib3 v2 only supports OpenSSL 1.1.1+, currently the 'ssl' module is compiled with 'LibreSSL 2.8.3'. See: https://github.com/urllib3/urllib3/issues/3020
  warnings.warn(
/Users/zhaowenyuan/Projects/FlowFigTabMiner/flowfigtabminer/lib/python3.9/site-packages/urllib3/__init__.py:35: NotOpenSSLWarning: urllib3 v2 only supports OpenSSL 1.1.1+, currently the 'ssl' module is compiled with 'LibreSSL 2.8.3'. See: https://github.com/urllib3/urllib3/issues/3020
  warnings.warn(
[33mChecking connectivity to the model hosters, this may take a while. To bypass this check, set `DISABLE_MODEL_SOURCE_CHECK` to `True`.[0m
[33mChecking connectivity to the model hosters, this may take a while. To bypass this check, set `DISABLE_MODEL_SOURCE_CHECK` to `True`.[0m
[33mChecking connectivity to the model hosters, this may take a while. To bypass this check, set `DISABLE_MODEL_SOURCE_CHECK` to `True`.[0m
[33mChecking connectivity to the model hosters, this may take a while. To bypass this check, set `DISABLE_MODEL_SOURCE_CHECK` to `True`.[0m
[33mChecking connectivity to the model hosters, this may take a while. To bypass this check, set `DISABLE_MODEL_SOURCE_CHECK` to `True`.[0m
[33mChecking connectivity to the model hosters, this may take a while. To bypass this check, set `DISABLE_MODEL_SOURCE_CHECK` to `True`.[0m
[33mChecking connectivity to the model hosters, this may take a while. To bypass this check, set `DISABLE_MODEL_SOURCE_CHECK` to `True`.[0m
[33mChecking connectivity to the model hosters, this may take a while. To bypass this check, set `DISABLE_MODEL_SOURCE_CHECK` to `True`.[0m
[33mChecking connectivity to the model hosters, this may take a while. To bypass this check, set `DISABLE_MODEL_SOURCE_CHECK` to `True`.[0m
[33mChecking connectivity to the model hosters, this may take a while. To bypass this check, set `DISABLE_MODEL_SOURCE_CHECK` to `True`.[0m
[33mChecking connectivity to the model hosters, this may take a while. To bypass this check, set `DISABLE_MODEL_SOURCE_CHECK` to `True`.[0m
[33mChecking connectivity to the model hosters, this may take a while. To bypass this check, set `DISABLE_MODEL_SOURCE_CHECK` to `True`.[0m
[33mChecking connectivity to the model hosters, this may take a while. To bypass this check, set `DISABLE_MODEL_SOURCE_CHECK` to `True`.[0m
[33mChecking connectivity to the model hosters, this may take a while. To bypass this check, set `DISABLE_MODEL_SOURCE_CHECK` to `True`.[0m
[33mChecking connectivity to the model hosters, this may take a while. To bypass this check, set `DISABLE_MODEL_SOURCE_CHECK` to `True`.[0m
[33mChecking connectivity to the model hosters, this may take a while. To bypass this check, set `DISABLE_MODEL_SOURCE_CHECK` to `True`.[0m
/Users/zhaowenyuan/Projects/FlowFigTabMiner/flowfigtabminer/lib/python3.9/site-packages/onmt/modules/sparse_activations.py:48: FutureWarning: `torch.cuda.amp.custom_fwd(args...)` is deprecated. Please use `torch.amp.custom_fwd(args..., device_type='cuda')` instead.
  def forward(ctx, input, dim=0):
/Users/zhaowenyuan/Projects/FlowFigTabMiner/flowfigtabminer/lib/python3.9/site-packages/onmt/modules/sparse_activations.py:68: FutureWarning: `torch.cuda.amp.custom_bwd(args...)` is deprecated. Please use `torch.amp.custom_bwd(args..., device_type='cuda')` instead.
  def backward(ctx, grad_output):
/Users/zhaowenyuan/Projects/FlowFigTabMiner/flowfigtabminer/lib/python3.9/site-packages/onmt/modules/sparse_losses.py:13: FutureWarning: `torch.cuda.amp.custom_fwd(args...)` is deprecated. Please use `torch.amp.custom_fwd(args..., device_type='cuda')` instead.
  def forward(ctx, input, target):
/Users/zhaowenyuan/Projects/FlowFigTabMiner/flowfigtabminer/lib/python3.9/site-packages/onmt/modules/sparse_losses.py:37: FutureWarning: `torch.cuda.amp.custom_bwd(args...)` is deprecated. Please use `torch.amp.custom_bwd(args..., device_type='cuda')` instead.
  def backward(ctx, grad_output):
chiral_center_ids (from symbols): []
/Users/zhaowenyuan/Projects/FlowFigTabMiner/flowfigtabminer/lib/python3.9/site-packages/urllib3/__init__.py:35: NotOpenSSLWarning: urllib3 v2 only supports OpenSSL 1.1.1+, currently the 'ssl' module is compiled with 'LibreSSL 2.8.3'. See: https://github.com/urllib3/urllib3/issues/3020
  warnings.warn(
/Users/zhaowenyuan/Projects/FlowFigTabMiner/flowfigtabminer/lib/python3.9/site-packages/urllib3/__init__.py:35: NotOpenSSLWarning: urllib3 v2 only supports OpenSSL 1.1.1+, currently the 'ssl' module is compiled with 'LibreSSL 2.8.3'. See: https://github.com/urllib3/urllib3/issues/3020
  warnings.warn(
/Users/zhaowenyuan/Projects/FlowFigTabMiner/flowfigtabminer/lib/python3.9/site-packages/urllib3/__init__.py:35: NotOpenSSLWarning: urllib3 v2 only supports OpenSSL 1.1.1+, currently the 'ssl' module is compiled with 'LibreSSL 2.8.3'. See: https://github.com/urllib3/urllib3/issues/3020
  warnings.warn(
/Users/zhaowenyuan/Projects/FlowFigTabMiner/flowfigtabminer/lib/python3.9/site-packages/urllib3/__init__.py:35: NotOpenSSLWarning: urllib3 v2 only supports OpenSSL 1.1.1+, currently the 'ssl' module is compiled with 'LibreSSL 2.8.3'. See: https://github.com/urllib3/urllib3/issues/3020
  warnings.warn(
/Users/zhaowenyuan/Projects/FlowFigTabMiner/flowfigtabminer/lib/python3.9/site-packages/urllib3/__init__.py:35: NotOpenSSLWarning: urllib3 v2 only supports OpenSSL 1.1.1+, currently the 'ssl' module is compiled with 'LibreSSL 2.8.3'. See: https://github.com/urllib3/urllib3/issues/3020
  warnings.warn(
/Users/zhaowenyuan/Projects/FlowFigTabMiner/flowfigtabminer/lib/python3.9/site-packages/urllib3/__init__.py:35: NotOpenSSLWarning: urllib3 v2 only supports OpenSSL 1.1.1+, currently the 'ssl' module is compiled with 'LibreSSL 2.8.3'. See: https://github.com/urllib3/urllib3/issues/3020
  warnings.warn(
/Users/zhaowenyuan/Projects/FlowFigTabMiner/flowfigtabminer/lib/python3.9/site-packages/urllib3/__init__.py:35: NotOpenSSLWarning: urllib3 v2 only supports OpenSSL 1.1.1+, currently the 'ssl' module is compiled with 'LibreSSL 2.8.3'. See: https://github.com/urllib3/urllib3/issues/3020
  warnings.warn(
/Users/zhaowenyuan/Projects/FlowFigTabMiner/flowfigtabminer/lib/python3.9/site-packages/urllib3/__init__.py:35: NotOpenSSLWarning: urllib3 v2 only supports OpenSSL 1.1.1+, currently the 'ssl' module is compiled with 'LibreSSL 2.8.3'. See: https://github.com/urllib3/urllib3/issues/3020
  warnings.warn(
/Users/zhaowenyuan/Projects/FlowFigTabMiner/flowfigtabminer/lib/python3.9/site-packages/urllib3/__init__.py:35: NotOpenSSLWarning: urllib3 v2 only supports OpenSSL 1.1.1+, currently the 'ssl' module is compiled with 'LibreSSL 2.8.3'. See: https://github.com/urllib3/urllib3/issues/3020
  warnings.warn(
/Users/zhaowenyuan/Projects/FlowFigTabMiner/flowfigtabminer/lib/python3.9/site-packages/urllib3/__init__.py:35: NotOpenSSLWarning: urllib3 v2 only supports OpenSSL 1.1.1+, currently the 'ssl' module is compiled with 'LibreSSL 2.8.3'. See: https://github.com/urllib3/urllib3/issues/3020
  warnings.warn(
/Users/zhaowenyuan/Projects/FlowFigTabMiner/flowfigtabminer/lib/python3.9/site-packages/urllib3/__init__.py:35: NotOpenSSLWarning: urllib3 v2 only supports OpenSSL 1.1.1+, currently the 'ssl' module is compiled with 'LibreSSL 2.8.3'. See: https://github.com/urllib3/urllib3/issues/3020
  warnings.warn(
/Users/zhaowenyuan/Projects/FlowFigTabMiner/flowfigtabminer/lib/python3.9/site-packages/urllib3/__init__.py:35: NotOpenSSLWarning: urllib3 v2 only supports OpenSSL 1.1.1+, currently the 'ssl' module is compiled with 'LibreSSL 2.8.3'. See: https://github.com/urllib3/urllib3/issues/3020
  warnings.warn(
/Users/zhaowenyuan/Projects/FlowFigTabMiner/flowfigtabminer/lib/python3.9/site-packages/urllib3/__init__.py:35: NotOpenSSLWarning: urllib3 v2 only supports OpenSSL 1.1.1+, currently the 'ssl' module is compiled with 'LibreSSL 2.8.3'. See: https://github.com/urllib3/urllib3/issues/3020
  warnings.warn(
/Users/zhaowenyuan/Projects/FlowFigTabMiner/flowfigtabminer/lib/python3.9/site-packages/urllib3/__init__.py:35: NotOpenSSLWarning: urllib3 v2 only supports OpenSSL 1.1.1+, currently the 'ssl' module is compiled with 'LibreSSL 2.8.3'. See: https://github.com/urllib3/urllib3/issues/3020
  warnings.warn(
/Users/zhaowenyuan/Projects/FlowFigTabMiner/flowfigtabminer/lib/python3.9/site-packages/urllib3/__init__.py:35: NotOpenSSLWarning: urllib3 v2 only supports OpenSSL 1.1.1+, currently the 'ssl' module is compiled with 'LibreSSL 2.8.3'. See: https://github.com/urllib3/urllib3/issues/3020
  warnings.warn(
/Users/zhaowenyuan/Projects/FlowFigTabMiner/flowfigtabminer/lib/python3.9/site-packages/urllib3/__init__.py:35: NotOpenSSLWarning: urllib3 v2 only supports OpenSSL 1.1.1+, currently the 'ssl' module is compiled with 'LibreSSL 2.8.3'. See: https://github.com/urllib3/urllib3/issues/3020
  warnings.warn(
[33mChecking connectivity to the model hosters, this may take a while. To bypass this check, set `DISABLE_MODEL_SOURCE_CHECK` to `True`.[0m
[33mChecking connectivity to the model hosters, this may take a while. To bypass this check, set `DISABLE_MODEL_SOURCE_CHECK` to `True`.[0m
[33mChecking connectivity to the model hosters, this may take a while. To bypass this check, set `DISABLE_MODEL_SOURCE_CHECK` to `True`.[0m
[33mChecking connectivity to the model hosters, this may take a while. To bypass this check, set `DISABLE_MODEL_SOURCE_CHECK` to `True`.[0m
[33mChecking connectivity to the model hosters, this may take a while. To bypass this check, set `DISABLE_MODEL_SOURCE_CHECK` to `True`.[0m
[33mChecking connectivity to the model hosters, this may take a while. To bypass this check, set `DISABLE_MODEL_SOURCE_CHECK` to `True`.[0m
[33mChecking connectivity to the model hosters, this may take a while. To bypass this check, set `DISABLE_MODEL_SOURCE_CHECK` to `True`.[0m
[33mChecking connectivity to the model hosters, this may take a while. To bypass this check, set `DISABLE_MODEL_SOURCE_CHECK` to `True`.[0m
[33mChecking connectivity to the model hosters, this may take a while. To bypass this check, set `DISABLE_MODEL_SOURCE_CHECK` to `True`.[0m
[33mChecking connectivity to the model hosters, this may take a while. To bypass this check, set `DISABLE_MODEL_SOURCE_CHECK` to `True`.[0m
[33mChecking connectivity to the model hosters, this may take a while. To bypass this check, set `DISABLE_MODEL_SOURCE_CHECK` to `True`.[0m
[33mChecking connectivity to the model hosters, this may take a while. To bypass this check, set `DISABLE_MODEL_SOURCE_CHECK` to `True`.[0m
[33mChecking connectivity to the model hosters, this may take a while. To bypass this check, set `DISABLE_MODEL_SOURCE_CHECK` to `True`.[0m
[33mChecking connectivity to the model hosters, this may take a while. To bypass this check, set `DISABLE_MODEL_SOURCE_CHECK` to `True`.[0m
[33mChecking connectivity to the model hosters, this may take a while. To bypass this check, set `DISABLE_MODEL_SOURCE_CHECK` to `True`.[0m
[33mChecking connectivity to the model hosters, this may take a while. To bypass this check, set `DISABLE_MODEL_SOURCE_CHECK` to `True`.[0m
/Users/zhaowenyuan/Projects/FlowFigTabMiner/flowfigtabminer/lib/python3.9/site-packages/onmt/modules/sparse_activations.py:48: FutureWarning: `torch.cuda.amp.custom_fwd(args...)` is deprecated. Please use `torch.amp.custom_fwd(args..., device_type='cuda')` instead.
  def forward(ctx, input, dim=0):
/Users/zhaowenyuan/Projects/FlowFigTabMiner/flowfigtabminer/lib/python3.9/site-packages/onmt/modules/sparse_activations.py:68: FutureWarning: `torch.cuda.amp.custom_bwd(args...)` is deprecated. Please use `torch.amp.custom_bwd(args..., device_type='cuda')` instead.
  def backward(ctx, grad_output):
/Users/zhaowenyuan/Projects/FlowFigTabMiner/flowfigtabminer/lib/python3.9/site-packages/onmt/modules/sparse_losses.py:13: FutureWarning: `torch.cuda.amp.custom_fwd(args...)` is deprecated. Please use `torch.amp.custom_fwd(args..., device_type='cuda')` instead.
  def forward(ctx, input, target):
/Users/zhaowenyuan/Projects/FlowFigTabMiner/flowfigtabminer/lib/python3.9/site-packages/onmt/modules/sparse_losses.py:37: FutureWarning: `torch.cuda.amp.custom_bwd(args...)` is deprecated. Please use `torch.amp.custom_bwd(args..., device_type='cuda')` instead.
  def backward(ctx, grad_output):
chiral_center_ids (from symbols): []
/Users/zhaowenyuan/Projects/FlowFigTabMiner/flowfigtabminer/lib/python3.9/site-packages/urllib3/__init__.py:35: NotOpenSSLWarning: urllib3 v2 only supports OpenSSL 1.1.1+, currently the 'ssl' module is compiled with 'LibreSSL 2.8.3'. See: https://github.com/urllib3/urllib3/issues/3020
  warnings.warn(
/Users/zhaowenyuan/Projects/FlowFigTabMiner/flowfigtabminer/lib/python3.9/site-packages/urllib3/__init__.py:35: NotOpenSSLWarning: urllib3 v2 only supports OpenSSL 1.1.1+, currently the 'ssl' module is compiled with 'LibreSSL 2.8.3'. See: https://github.com/urllib3/urllib3/issues/3020
  warnings.warn(
/Users/zhaowenyuan/Projects/FlowFigTabMiner/flowfigtabminer/lib/python3.9/site-packages/urllib3/__init__.py:35: NotOpenSSLWarning: urllib3 v2 only supports OpenSSL 1.1.1+, currently the 'ssl' module is compiled with 'LibreSSL 2.8.3'. See: https://github.com/urllib3/urllib3/issues/3020
  warnings.warn(
/Users/zhaowenyuan/Projects/FlowFigTabMiner/flowfigtabminer/lib/python3.9/site-packages/urllib3/__init__.py:35: NotOpenSSLWarning: urllib3 v2 only supports OpenSSL 1.1.1+, currently the 'ssl' module is compiled with 'LibreSSL 2.8.3'. See: https://github.com/urllib3/urllib3/issues/3020
  warnings.warn(
/Users/zhaowenyuan/Projects/FlowFigTabMiner/flowfigtabminer/lib/python3.9/site-packages/urllib3/__init__.py:35: NotOpenSSLWarning: urllib3 v2 only supports OpenSSL 1.1.1+, currently the 'ssl' module is compiled with 'LibreSSL 2.8.3'. See: https://github.com/urllib3/urllib3/issues/3020
  warnings.warn(
/Users/zhaowenyuan/Projects/FlowFigTabMiner/flowfigtabminer/lib/python3.9/site-packages/urllib3/__init__.py:35: NotOpenSSLWarning: urllib3 v2 only supports OpenSSL 1.1.1+, currently the 'ssl' module is compiled with 'LibreSSL 2.8.3'. See: https://github.com/urllib3/urllib3/issues/3020
  warnings.warn(
/Users/zhaowenyuan/Projects/FlowFigTabMiner/flowfigtabminer/lib/python3.9/site-packages/urllib3/__init__.py:35: NotOpenSSLWarning: urllib3 v2 only supports OpenSSL 1.1.1+, currently the 'ssl' module is compiled with 'LibreSSL 2.8.3'. See: https://github.com/urllib3/urllib3/issues/3020
  warnings.warn(
/Users/zhaowenyuan/Projects/FlowFigTabMiner/flowfigtabminer/lib/python3.9/site-packages/urllib3/__init__.py:35: NotOpenSSLWarning: urllib3 v2 only supports OpenSSL 1.1.1+, currently the 'ssl' module is compiled with 'LibreSSL 2.8.3'. See: https://github.com/urllib3/urllib3/issues/3020
  warnings.warn(
/Users/zhaowenyuan/Projects/FlowFigTabMiner/flowfigtabminer/lib/python3.9/site-packages/urllib3/__init__.py:35: NotOpenSSLWarning: urllib3 v2 only supports OpenSSL 1.1.1+, currently the 'ssl' module is compiled with 'LibreSSL 2.8.3'. See: https://github.com/urllib3/urllib3/issues/3020
  warnings.warn(
/Users/zhaowenyuan/Projects/FlowFigTabMiner/flowfigtabminer/lib/python3.9/site-packages/urllib3/__init__.py:35: NotOpenSSLWarning: urllib3 v2 only supports OpenSSL 1.1.1+, currently the 'ssl' module is compiled with 'LibreSSL 2.8.3'. See: https://github.com/urllib3/urllib3/issues/3020
  warnings.warn(
/Users/zhaowenyuan/Projects/FlowFigTabMiner/flowfigtabminer/lib/python3.9/site-packages/urllib3/__init__.py:35: NotOpenSSLWarning: urllib3 v2 only supports OpenSSL 1.1.1+, currently the 'ssl' module is compiled with 'LibreSSL 2.8.3'. See: https://github.com/urllib3/urllib3/issues/3020
  warnings.warn(
/Users/zhaowenyuan/Projects/FlowFigTabMiner/flowfigtabminer/lib/python3.9/site-packages/urllib3/__init__.py:35: NotOpenSSLWarning: urllib3 v2 only supports OpenSSL 1.1.1+, currently the 'ssl' module is compiled with 'LibreSSL 2.8.3'. See: https://github.com/urllib3/urllib3/issues/3020
  warnings.warn(
/Users/zhaowenyuan/Projects/FlowFigTabMiner/flowfigtabminer/lib/python3.9/site-packages/urllib3/__init__.py:35: NotOpenSSLWarning: urllib3 v2 only supports OpenSSL 1.1.1+, currently the 'ssl' module is compiled with 'LibreSSL 2.8.3'. See: https://github.com/urllib3/urllib3/issues/3020
  warnings.warn(
/Users/zhaowenyuan/Projects/FlowFigTabMiner/flowfigtabminer/lib/python3.9/site-packages/urllib3/__init__.py:35: NotOpenSSLWarning: urllib3 v2 only supports OpenSSL 1.1.1+, currently the 'ssl' module is compiled with 'LibreSSL 2.8.3'. See: https://github.com/urllib3/urllib3/issues/3020
  warnings.warn(
/Users/zhaowenyuan/Projects/FlowFigTabMiner/flowfigtabminer/lib/python3.9/site-packages/urllib3/__init__.py:35: NotOpenSSLWarning: urllib3 v2 only supports OpenSSL 1.1.1+, currently the 'ssl' module is compiled with 'LibreSSL 2.8.3'. See: https://github.com/urllib3/urllib3/issues/3020
  warnings.warn(
/Users/zhaowenyuan/Projects/FlowFigTabMiner/flowfigtabminer/lib/python3.9/site-packages/urllib3/__init__.py:35: NotOpenSSLWarning: urllib3 v2 only supports OpenSSL 1.1.1+, currently the 'ssl' module is compiled with 'LibreSSL 2.8.3'. See: https://github.com/urllib3/urllib3/issues/3020
  warnings.warn(
[33mChecking connectivity to the model hosters, this may take a while. To bypass this check, set `DISABLE_MODEL_SOURCE_CHECK` to `True`.[0m
[33mChecking connectivity to the model hosters, this may take a while. To bypass this check, set `DISABLE_MODEL_SOURCE_CHECK` to `True`.[0m
[33mChecking connectivity to the model hosters, this may take a while. To bypass this check, set `DISABLE_MODEL_SOURCE_CHECK` to `True`.[0m
[33mChecking connectivity to the model hosters, this may take a while. To bypass this check, set `DISABLE_MODEL_SOURCE_CHECK` to `True`.[0m
[33mChecking connectivity to the model hosters, this may take a while. To bypass this check, set `DISABLE_MODEL_SOURCE_CHECK` to `True`.[0m
[33mChecking connectivity to the model hosters, this may take a while. To bypass this check, set `DISABLE_MODEL_SOURCE_CHECK` to `True`.[0m
[33mChecking connectivity to the model hosters, this may take a while. To bypass this check, set `DISABLE_MODEL_SOURCE_CHECK` to `True`.[0m
[33mChecking connectivity to the model hosters, this may take a while. To bypass this check, set `DISABLE_MODEL_SOURCE_CHECK` to `True`.[0m
[33mChecking connectivity to the model hosters, this may take a while. To bypass this check, set `DISABLE_MODEL_SOURCE_CHECK` to `True`.[0m
[33mChecking connectivity to the model hosters, this may take a while. To bypass this check, set `DISABLE_MODEL_SOURCE_CHECK` to `True`.[0m
[33mChecking connectivity to the model hosters, this may take a while. To bypass this check, set `DISABLE_MODEL_SOURCE_CHECK` to `True`.[0m
[33mChecking connectivity to the model hosters, this may take a while. To bypass this check, set `DISABLE_MODEL_SOURCE_CHECK` to `True`.[0m
[33mChecking connectivity to the model hosters, this may take a while. To bypass this check, set `DISABLE_MODEL_SOURCE_CHECK` to `True`.[0m
[33mChecking connectivity to the model hosters, this may take a while. To bypass this check, set `DISABLE_MODEL_SOURCE_CHECK` to `True`.[0m
[33mChecking connectivity to the model hosters, this may take a while. To bypass this check, set `DISABLE_MODEL_SOURCE_CHECK` to `True`.[0m
[33mChecking connectivity to the model hosters, this may take a while. To bypass this check, set `DISABLE_MODEL_SOURCE_CHECK` to `True`.[0m
/Users/zhaowenyuan/Projects/FlowFigTabMiner/flowfigtabminer/lib/python3.9/site-packages/onmt/modules/sparse_activations.py:48: FutureWarning: `torch.cuda.amp.custom_fwd(args...)` is deprecated. Please use `torch.amp.custom_fwd(args..., device_type='cuda')` instead.
  def forward(ctx, input, dim=0):
/Users/zhaowenyuan/Projects/FlowFigTabMiner/flowfigtabminer/lib/python3.9/site-packages/onmt/modules/sparse_activations.py:68: FutureWarning: `torch.cuda.amp.custom_bwd(args...)` is deprecated. Please use `torch.amp.custom_bwd(args..., device_type='cuda')` instead.
  def backward(ctx, grad_output):
/Users/zhaowenyuan/Projects/FlowFigTabMiner/flowfigtabminer/lib/python3.9/site-packages/onmt/modules/sparse_losses.py:13: FutureWarning: `torch.cuda.amp.custom_fwd(args...)` is deprecated. Please use `torch.amp.custom_fwd(args..., device_type='cuda')` instead.
  def forward(ctx, input, target):
/Users/zhaowenyuan/Projects/FlowFigTabMiner/flowfigtabminer/lib/python3.9/site-packages/onmt/modules/sparse_losses.py:37: FutureWarning: `torch.cuda.amp.custom_bwd(args...)` is deprecated. Please use `torch.amp.custom_bwd(args..., device_type='cuda')` instead.
  def backward(ctx, grad_output):
chiral_center_ids (from symbols): []
/Users/zhaowenyuan/Projects/FlowFigTabMiner/flowfigtabminer/lib/python3.9/site-packages/urllib3/__init__.py:35: NotOpenSSLWarning: urllib3 v2 only supports OpenSSL 1.1.1+, currently the 'ssl' module is compiled with 'LibreSSL 2.8.3'. See: https://github.com/urllib3/urllib3/issues/3020
  warnings.warn(
/Users/zhaowenyuan/Projects/FlowFigTabMiner/flowfigtabminer/lib/python3.9/site-packages/urllib3/__init__.py:35: NotOpenSSLWarning: urllib3 v2 only supports OpenSSL 1.1.1+, currently the 'ssl' module is compiled with 'LibreSSL 2.8.3'. See: https://github.com/urllib3/urllib3/issues/3020
  warnings.warn(
/Users/zhaowenyuan/Projects/FlowFigTabMiner/flowfigtabminer/lib/python3.9/site-packages/urllib3/__init__.py:35: NotOpenSSLWarning: urllib3 v2 only supports OpenSSL 1.1.1+, currently the 'ssl' module is compiled with 'LibreSSL 2.8.3'. See: https://github.com/urllib3/urllib3/issues/3020
  warnings.warn(
/Users/zhaowenyuan/Projects/FlowFigTabMiner/flowfigtabminer/lib/python3.9/site-packages/urllib3/__init__.py:35: NotOpenSSLWarning: urllib3 v2 only supports OpenSSL 1.1.1+, currently the 'ssl' module is compiled with 'LibreSSL 2.8.3'. See: https://github.com/urllib3/urllib3/issues/3020
  warnings.warn(
/Users/zhaowenyuan/Projects/FlowFigTabMiner/flowfigtabminer/lib/python3.9/site-packages/urllib3/__init__.py:35: NotOpenSSLWarning: urllib3 v2 only supports OpenSSL 1.1.1+, currently the 'ssl' module is compiled with 'LibreSSL 2.8.3'. See: https://github.com/urllib3/urllib3/issues/3020
  warnings.warn(
/Users/zhaowenyuan/Projects/FlowFigTabMiner/flowfigtabminer/lib/python3.9/site-packages/urllib3/__init__.py:35: NotOpenSSLWarning: urllib3 v2 only supports OpenSSL 1.1.1+, currently the 'ssl' module is compiled with 'LibreSSL 2.8.3'. See: https://github.com/urllib3/urllib3/issues/3020
  warnings.warn(
/Users/zhaowenyuan/Projects/FlowFigTabMiner/flowfigtabminer/lib/python3.9/site-packages/urllib3/__init__.py:35: NotOpenSSLWarning: urllib3 v2 only supports OpenSSL 1.1.1+, currently the 'ssl' module is compiled with 'LibreSSL 2.8.3'. See: https://github.com/urllib3/urllib3/issues/3020
  warnings.warn(
/Users/zhaowenyuan/Projects/FlowFigTabMiner/flowfigtabminer/lib/python3.9/site-packages/urllib3/__init__.py:35: NotOpenSSLWarning: urllib3 v2 only supports OpenSSL 1.1.1+, currently the 'ssl' module is compiled with 'LibreSSL 2.8.3'. See: https://github.com/urllib3/urllib3/issues/3020
  warnings.warn(
/Users/zhaowenyuan/Projects/FlowFigTabMiner/flowfigtabminer/lib/python3.9/site-packages/urllib3/__init__.py:35: NotOpenSSLWarning: urllib3 v2 only supports OpenSSL 1.1.1+, currently the 'ssl' module is compiled with 'LibreSSL 2.8.3'. See: https://github.com/urllib3/urllib3/issues/3020
  warnings.warn(
/Users/zhaowenyuan/Projects/FlowFigTabMiner/flowfigtabminer/lib/python3.9/site-packages/urllib3/__init__.py:35: NotOpenSSLWarning: urllib3 v2 only supports OpenSSL 1.1.1+, currently the 'ssl' module is compiled with 'LibreSSL 2.8.3'. See: https://github.com/urllib3/urllib3/issues/3020
  warnings.warn(
/Users/zhaowenyuan/Projects/FlowFigTabMiner/flowfigtabminer/lib/python3.9/site-packages/urllib3/__init__.py:35: NotOpenSSLWarning: urllib3 v2 only supports OpenSSL 1.1.1+, currently the 'ssl' module is compiled with 'LibreSSL 2.8.3'. See: https://github.com/urllib3/urllib3/issues/3020
  warnings.warn(
/Users/zhaowenyuan/Projects/FlowFigTabMiner/flowfigtabminer/lib/python3.9/site-packages/urllib3/__init__.py:35: NotOpenSSLWarning: urllib3 v2 only supports OpenSSL 1.1.1+, currently the 'ssl' module is compiled with 'LibreSSL 2.8.3'. See: https://github.com/urllib3/urllib3/issues/3020
  warnings.warn(
/Users/zhaowenyuan/Projects/FlowFigTabMiner/flowfigtabminer/lib/python3.9/site-packages/urllib3/__init__.py:35: NotOpenSSLWarning: urllib3 v2 only supports OpenSSL 1.1.1+, currently the 'ssl' module is compiled with 'LibreSSL 2.8.3'. See: https://github.com/urllib3/urllib3/issues/3020
  warnings.warn(
/Users/zhaowenyuan/Projects/FlowFigTabMiner/flowfigtabminer/lib/python3.9/site-packages/urllib3/__init__.py:35: NotOpenSSLWarning: urllib3 v2 only supports OpenSSL 1.1.1+, currently the 'ssl' module is compiled with 'LibreSSL 2.8.3'. See: https://github.com/urllib3/urllib3/issues/3020
  warnings.warn(
/Users/zhaowenyuan/Projects/FlowFigTabMiner/flowfigtabminer/lib/python3.9/site-packages/urllib3/__init__.py:35: NotOpenSSLWarning: urllib3 v2 only supports OpenSSL 1.1.1+, currently the 'ssl' module is compiled with 'LibreSSL 2.8.3'. See: https://github.com/urllib3/urllib3/issues/3020
  warnings.warn(
/Users/zhaowenyuan/Projects/FlowFigTabMiner/flowfigtabminer/lib/python3.9/site-packages/urllib3/__init__.py:35: NotOpenSSLWarning: urllib3 v2 only supports OpenSSL 1.1.1+, currently the 'ssl' module is compiled with 'LibreSSL 2.8.3'. See: https://github.com/urllib3/urllib3/issues/3020
  warnings.warn(
[33mChecking connectivity to the model hosters, this may take a while. To bypass this check, set `DISABLE_MODEL_SOURCE_CHECK` to `True`.[0m
[33mChecking connectivity to the model hosters, this may take a while. To bypass this check, set `DISABLE_MODEL_SOURCE_CHECK` to `True`.[0m
[33mChecking connectivity to the model hosters, this may take a while. To bypass this check, set `DISABLE_MODEL_SOURCE_CHECK` to `True`.[0m
[33mChecking connectivity to the model hosters, this may take a while. To bypass this check, set `DISABLE_MODEL_SOURCE_CHECK` to `True`.[0m
[33mChecking connectivity to the model hosters, this may take a while. To bypass this check, set `DISABLE_MODEL_SOURCE_CHECK` to `True`.[0m
[33mChecking connectivity to the model hosters, this may take a while. To bypass this check, set `DISABLE_MODEL_SOURCE_CHECK` to `True`.[0m
[33mChecking connectivity to the model hosters, this may take a while. To bypass this check, set `DISABLE_MODEL_SOURCE_CHECK` to `True`.[0m
[33mChecking connectivity to the model hosters, this may take a while. To bypass this check, set `DISABLE_MODEL_SOURCE_CHECK` to `True`.[0m
[33mChecking connectivity to the model hosters, this may take a while. To bypass this check, set `DISABLE_MODEL_SOURCE_CHECK` to `True`.[0m
[33mChecking connectivity to the model hosters, this may take a while. To bypass this check, set `DISABLE_MODEL_SOURCE_CHECK` to `True`.[0m
[33mChecking connectivity to the model hosters, this may take a while. To bypass this check, set `DISABLE_MODEL_SOURCE_CHECK` to `True`.[0m
[33mChecking connectivity to the model hosters, this may take a while. To bypass this check, set `DISABLE_MODEL_SOURCE_CHECK` to `True`.[0m
[33mChecking connectivity to the model hosters, this may take a while. To bypass this check, set `DISABLE_MODEL_SOURCE_CHECK` to `True`.[0m
[33mChecking connectivity to the model hosters, this may take a while. To bypass this check, set `DISABLE_MODEL_SOURCE_CHECK` to `True`.[0m
[33mChecking connectivity to the model hosters, this may take a while. To bypass this check, set `DISABLE_MODEL_SOURCE_CHECK` to `True`.[0m
[33mChecking connectivity to the model hosters, this may take a while. To bypass this check, set `DISABLE_MODEL_SOURCE_CHECK` to `True`.[0m
/Users/zhaowenyuan/Projects/FlowFigTabMiner/flowfigtabminer/lib/python3.9/site-packages/onmt/modules/sparse_activations.py:48: FutureWarning: `torch.cuda.amp.custom_fwd(args...)` is deprecated. Please use `torch.amp.custom_fwd(args..., device_type='cuda')` instead.
  def forward(ctx, input, dim=0):
/Users/zhaowenyuan/Projects/FlowFigTabMiner/flowfigtabminer/lib/python3.9/site-packages/onmt/modules/sparse_activations.py:68: FutureWarning: `torch.cuda.amp.custom_bwd(args...)` is deprecated. Please use `torch.amp.custom_bwd(args..., device_type='cuda')` instead.
  def backward(ctx, grad_output):
/Users/zhaowenyuan/Projects/FlowFigTabMiner/flowfigtabminer/lib/python3.9/site-packages/onmt/modules/sparse_losses.py:13: FutureWarning: `torch.cuda.amp.custom_fwd(args...)` is deprecated. Please use `torch.amp.custom_fwd(args..., device_type='cuda')` instead.
  def forward(ctx, input, target):
/Users/zhaowenyuan/Projects/FlowFigTabMiner/flowfigtabminer/lib/python3.9/site-packages/onmt/modules/sparse_losses.py:37: FutureWarning: `torch.cuda.amp.custom_bwd(args...)` is deprecated. Please use `torch.amp.custom_bwd(args..., device_type='cuda')` instead.
  def backward(ctx, grad_output):
chiral_center_ids (from symbols): []
/Users/zhaowenyuan/Projects/FlowFigTabMiner/flowfigtabminer/lib/python3.9/site-packages/urllib3/__init__.py:35: NotOpenSSLWarning: urllib3 v2 only supports OpenSSL 1.1.1+, currently the 'ssl' module is compiled with 'LibreSSL 2.8.3'. See: https://github.com/urllib3/urllib3/issues/3020
  warnings.warn(
/Users/zhaowenyuan/Projects/FlowFigTabMiner/flowfigtabminer/lib/python3.9/site-packages/urllib3/__init__.py:35: NotOpenSSLWarning: urllib3 v2 only supports OpenSSL 1.1.1+, currently the 'ssl' module is compiled with 'LibreSSL 2.8.3'. See: https://github.com/urllib3/urllib3/issues/3020
  warnings.warn(
/Users/zhaowenyuan/Projects/FlowFigTabMiner/flowfigtabminer/lib/python3.9/site-packages/urllib3/__init__.py:35: NotOpenSSLWarning: urllib3 v2 only supports OpenSSL 1.1.1+, currently the 'ssl' module is compiled with 'LibreSSL 2.8.3'. See: https://github.com/urllib3/urllib3/issues/3020
  warnings.warn(
/Users/zhaowenyuan/Projects/FlowFigTabMiner/flowfigtabminer/lib/python3.9/site-packages/urllib3/__init__.py:35: NotOpenSSLWarning: urllib3 v2 only supports OpenSSL 1.1.1+, currently the 'ssl' module is compiled with 'LibreSSL 2.8.3'. See: https://github.com/urllib3/urllib3/issues/3020
  warnings.warn(
/Users/zhaowenyuan/Projects/FlowFigTabMiner/flowfigtabminer/lib/python3.9/site-packages/urllib3/__init__.py:35: NotOpenSSLWarning: urllib3 v2 only supports OpenSSL 1.1.1+, currently the 'ssl' module is compiled with 'LibreSSL 2.8.3'. See: https://github.com/urllib3/urllib3/issues/3020
  warnings.warn(
/Users/zhaowenyuan/Projects/FlowFigTabMiner/flowfigtabminer/lib/python3.9/site-packages/urllib3/__init__.py:35: NotOpenSSLWarning: urllib3 v2 only supports OpenSSL 1.1.1+, currently the 'ssl' module is compiled with 'LibreSSL 2.8.3'. See: https://github.com/urllib3/urllib3/issues/3020
  warnings.warn(
/Users/zhaowenyuan/Projects/FlowFigTabMiner/flowfigtabminer/lib/python3.9/site-packages/urllib3/__init__.py:35: NotOpenSSLWarning: urllib3 v2 only supports OpenSSL 1.1.1+, currently the 'ssl' module is compiled with 'LibreSSL 2.8.3'. See: https://github.com/urllib3/urllib3/issues/3020
  warnings.warn(
/Users/zhaowenyuan/Projects/FlowFigTabMiner/flowfigtabminer/lib/python3.9/site-packages/urllib3/__init__.py:35: NotOpenSSLWarning: urllib3 v2 only supports OpenSSL 1.1.1+, currently the 'ssl' module is compiled with 'LibreSSL 2.8.3'. See: https://github.com/urllib3/urllib3/issues/3020
  warnings.warn(
/Users/zhaowenyuan/Projects/FlowFigTabMiner/flowfigtabminer/lib/python3.9/site-packages/urllib3/__init__.py:35: NotOpenSSLWarning: urllib3 v2 only supports OpenSSL 1.1.1+, currently the 'ssl' module is compiled with 'LibreSSL 2.8.3'. See: https://github.com/urllib3/urllib3/issues/3020
  warnings.warn(
/Users/zhaowenyuan/Projects/FlowFigTabMiner/flowfigtabminer/lib/python3.9/site-packages/urllib3/__init__.py:35: NotOpenSSLWarning: urllib3 v2 only supports OpenSSL 1.1.1+, currently the 'ssl' module is compiled with 'LibreSSL 2.8.3'. See: https://github.com/urllib3/urllib3/issues/3020
  warnings.warn(
/Users/zhaowenyuan/Projects/FlowFigTabMiner/flowfigtabminer/lib/python3.9/site-packages/urllib3/__init__.py:35: NotOpenSSLWarning: urllib3 v2 only supports OpenSSL 1.1.1+, currently the 'ssl' module is compiled with 'LibreSSL 2.8.3'. See: https://github.com/urllib3/urllib3/issues/3020
  warnings.warn(
/Users/zhaowenyuan/Projects/FlowFigTabMiner/flowfigtabminer/lib/python3.9/site-packages/urllib3/__init__.py:35: NotOpenSSLWarning: urllib3 v2 only supports OpenSSL 1.1.1+, currently the 'ssl' module is compiled with 'LibreSSL 2.8.3'. See: https://github.com/urllib3/urllib3/issues/3020
  warnings.warn(
/Users/zhaowenyuan/Projects/FlowFigTabMiner/flowfigtabminer/lib/python3.9/site-packages/urllib3/__init__.py:35: NotOpenSSLWarning: urllib3 v2 only supports OpenSSL 1.1.1+, currently the 'ssl' module is compiled with 'LibreSSL 2.8.3'. See: https://github.com/urllib3/urllib3/issues/3020
  warnings.warn(
/Users/zhaowenyuan/Projects/FlowFigTabMiner/flowfigtabminer/lib/python3.9/site-packages/urllib3/__init__.py:35: NotOpenSSLWarning: urllib3 v2 only supports OpenSSL 1.1.1+, currently the 'ssl' module is compiled with 'LibreSSL 2.8.3'. See: https://github.com/urllib3/urllib3/issues/3020
  warnings.warn(
/Users/zhaowenyuan/Projects/FlowFigTabMiner/flowfigtabminer/lib/python3.9/site-packages/urllib3/__init__.py:35: NotOpenSSLWarning: urllib3 v2 only supports OpenSSL 1.1.1+, currently the 'ssl' module is compiled with 'LibreSSL 2.8.3'. See: https://github.com/urllib3/urllib3/issues/3020
  warnings.warn(
/Users/zhaowenyuan/Projects/FlowFigTabMiner/flowfigtabminer/lib/python3.9/site-packages/urllib3/__init__.py:35: NotOpenSSLWarning: urllib3 v2 only supports OpenSSL 1.1.1+, currently the 'ssl' module is compiled with 'LibreSSL 2.8.3'. See: https://github.com/urllib3/urllib3/issues/3020
  warnings.warn(
[33mChecking connectivity to the model hosters, this may take a while. To bypass this check, set `DISABLE_MODEL_SOURCE_CHECK` to `True`.[0m
[33mChecking connectivity to the model hosters, this may take a while. To bypass this check, set `DISABLE_MODEL_SOURCE_CHECK` to `True`.[0m
[33mChecking connectivity to the model hosters, this may take a while. To bypass this check, set `DISABLE_MODEL_SOURCE_CHECK` to `True`.[0m
[33mChecking connectivity to the model hosters, this may take a while. To bypass this check, set `DISABLE_MODEL_SOURCE_CHECK` to `True`.[0m
[33mChecking connectivity to the model hosters, this may take a while. To bypass this check, set `DISABLE_MODEL_SOURCE_CHECK` to `True`.[0m
[33mChecking connectivity to the model hosters, this may take a while. To bypass this check, set `DISABLE_MODEL_SOURCE_CHECK` to `True`.[0m
[33mChecking connectivity to the model hosters, this may take a while. To bypass this check, set `DISABLE_MODEL_SOURCE_CHECK` to `True`.[0m
[33mChecking connectivity to the model hosters, this may take a while. To bypass this check, set `DISABLE_MODEL_SOURCE_CHECK` to `True`.[0m
[33mChecking connectivity to the model hosters, this may take a while. To bypass this check, set `DISABLE_MODEL_SOURCE_CHECK` to `True`.[0m
[33mChecking connectivity to the model hosters, this may take a while. To bypass this check, set `DISABLE_MODEL_SOURCE_CHECK` to `True`.[0m
[33mChecking connectivity to the model hosters, this may take a while. To bypass this check, set `DISABLE_MODEL_SOURCE_CHECK` to `True`.[0m
[33mChecking connectivity to the model hosters, this may take a while. To bypass this check, set `DISABLE_MODEL_SOURCE_CHECK` to `True`.[0m
[33mChecking connectivity to the model hosters, this may take a while. To bypass this check, set `DISABLE_MODEL_SOURCE_CHECK` to `True`.[0m
[33mChecking connectivity to the model hosters, this may take a while. To bypass this check, set `DISABLE_MODEL_SOURCE_CHECK` to `True`.[0m
[33mChecking connectivity to the model hosters, this may take a while. To bypass this check, set `DISABLE_MODEL_SOURCE_CHECK` to `True`.[0m
[33mChecking connectivity to the model hosters, this may take a while. To bypass this check, set `DISABLE_MODEL_SOURCE_CHECK` to `True`.[0m
/Users/zhaowenyuan/Projects/FlowFigTabMiner/flowfigtabminer/lib/python3.9/site-packages/onmt/modules/sparse_activations.py:48: FutureWarning: `torch.cuda.amp.custom_fwd(args...)` is deprecated. Please use `torch.amp.custom_fwd(args..., device_type='cuda')` instead.
  def forward(ctx, input, dim=0):
/Users/zhaowenyuan/Projects/FlowFigTabMiner/flowfigtabminer/lib/python3.9/site-packages/onmt/modules/sparse_activations.py:68: FutureWarning: `torch.cuda.amp.custom_bwd(args...)` is deprecated. Please use `torch.amp.custom_bwd(args..., device_type='cuda')` instead.
  def backward(ctx, grad_output):
/Users/zhaowenyuan/Projects/FlowFigTabMiner/flowfigtabminer/lib/python3.9/site-packages/onmt/modules/sparse_activations.py:48: FutureWarning: `torch.cuda.amp.custom_fwd(args...)` is deprecated. Please use `torch.amp.custom_fwd(args..., device_type='cuda')` instead.
  def forward(ctx, input, dim=0):
/Users/zhaowenyuan/Projects/FlowFigTabMiner/flowfigtabminer/lib/python3.9/site-packages/onmt/modules/sparse_activations.py:68: FutureWarning: `torch.cuda.amp.custom_bwd(args...)` is deprecated. Please use `torch.amp.custom_bwd(args..., device_type='cuda')` instead.
  def backward(ctx, grad_output):
/Users/zhaowenyuan/Projects/FlowFigTabMiner/flowfigtabminer/lib/python3.9/site-packages/onmt/modules/sparse_losses.py:13: FutureWarning: `torch.cuda.amp.custom_fwd(args...)` is deprecated. Please use `torch.amp.custom_fwd(args..., device_type='cuda')` instead.
  def forward(ctx, input, target):
/Users/zhaowenyuan/Projects/FlowFigTabMiner/flowfigtabminer/lib/python3.9/site-packages/onmt/modules/sparse_losses.py:37: FutureWarning: `torch.cuda.amp.custom_bwd(args...)` is deprecated. Please use `torch.amp.custom_bwd(args..., device_type='cuda')` instead.
  def backward(ctx, grad_output):
/Users/zhaowenyuan/Projects/FlowFigTabMiner/flowfigtabminer/lib/python3.9/site-packages/onmt/modules/sparse_losses.py:13: FutureWarning: `torch.cuda.amp.custom_fwd(args...)` is deprecated. Please use `torch.amp.custom_fwd(args..., device_type='cuda')` instead.
  def forward(ctx, input, target):
/Users/zhaowenyuan/Projects/FlowFigTabMiner/flowfigtabminer/lib/python3.9/site-packages/onmt/modules/sparse_losses.py:37: FutureWarning: `torch.cuda.amp.custom_bwd(args...)` is deprecated. Please use `torch.amp.custom_bwd(args..., device_type='cuda')` instead.
  def backward(ctx, grad_output):
/Users/zhaowenyuan/Projects/FlowFigTabMiner/flowfigtabminer/lib/python3.9/site-packages/urllib3/__init__.py:35: NotOpenSSLWarning: urllib3 v2 only supports OpenSSL 1.1.1+, currently the 'ssl' module is compiled with 'LibreSSL 2.8.3'. See: https://github.com/urllib3/urllib3/issues/3020
  warnings.warn(
/Users/zhaowenyuan/Projects/FlowFigTabMiner/flowfigtabminer/lib/python3.9/site-packages/urllib3/__init__.py:35: NotOpenSSLWarning: urllib3 v2 only supports OpenSSL 1.1.1+, currently the 'ssl' module is compiled with 'LibreSSL 2.8.3'. See: https://github.com/urllib3/urllib3/issues/3020
  warnings.warn(
/Users/zhaowenyuan/Projects/FlowFigTabMiner/flowfigtabminer/lib/python3.9/site-packages/urllib3/__init__.py:35: NotOpenSSLWarning: urllib3 v2 only supports OpenSSL 1.1.1+, currently the 'ssl' module is compiled with 'LibreSSL 2.8.3'. See: https://github.com/urllib3/urllib3/issues/3020
  warnings.warn(
/Users/zhaowenyuan/Projects/FlowFigTabMiner/flowfigtabminer/lib/python3.9/site-packages/urllib3/__init__.py:35: NotOpenSSLWarning: urllib3 v2 only supports OpenSSL 1.1.1+, currently the 'ssl' module is compiled with 'LibreSSL 2.8.3'. See: https://github.com/urllib3/urllib3/issues/3020
  warnings.warn(
/Users/zhaowenyuan/Projects/FlowFigTabMiner/flowfigtabminer/lib/python3.9/site-packages/urllib3/__init__.py:35: NotOpenSSLWarning: urllib3 v2 only supports OpenSSL 1.1.1+, currently the 'ssl' module is compiled with 'LibreSSL 2.8.3'. See: https://github.com/urllib3/urllib3/issues/3020
  warnings.warn(
/Users/zhaowenyuan/Projects/FlowFigTabMiner/flowfigtabminer/lib/python3.9/site-packages/urllib3/__init__.py:35: NotOpenSSLWarning: urllib3 v2 only supports OpenSSL 1.1.1+, currently the 'ssl' module is compiled with 'LibreSSL 2.8.3'. See: https://github.com/urllib3/urllib3/issues/3020
  warnings.warn(
/Users/zhaowenyuan/Projects/FlowFigTabMiner/flowfigtabminer/lib/python3.9/site-packages/urllib3/__init__.py:35: NotOpenSSLWarning: urllib3 v2 only supports OpenSSL 1.1.1+, currently the 'ssl' module is compiled with 'LibreSSL 2.8.3'. See: https://github.com/urllib3/urllib3/issues/3020
  warnings.warn(
/Users/zhaowenyuan/Projects/FlowFigTabMiner/flowfigtabminer/lib/python3.9/site-packages/urllib3/__init__.py:35: NotOpenSSLWarning: urllib3 v2 only supports OpenSSL 1.1.1+, currently the 'ssl' module is compiled with 'LibreSSL 2.8.3'. See: https://github.com/urllib3/urllib3/issues/3020
  warnings.warn(
/Users/zhaowenyuan/Projects/FlowFigTabMiner/flowfigtabminer/lib/python3.9/site-packages/urllib3/__init__.py:35: NotOpenSSLWarning: urllib3 v2 only supports OpenSSL 1.1.1+, currently the 'ssl' module is compiled with 'LibreSSL 2.8.3'. See: https://github.com/urllib3/urllib3/issues/3020
  warnings.warn(
/Users/zhaowenyuan/Projects/FlowFigTabMiner/flowfigtabminer/lib/python3.9/site-packages/urllib3/__init__.py:35: NotOpenSSLWarning: urllib3 v2 only supports OpenSSL 1.1.1+, currently the 'ssl' module is compiled with 'LibreSSL 2.8.3'. See: https://github.com/urllib3/urllib3/issues/3020
  warnings.warn(
/Users/zhaowenyuan/Projects/FlowFigTabMiner/flowfigtabminer/lib/python3.9/site-packages/urllib3/__init__.py:35: NotOpenSSLWarning: urllib3 v2 only supports OpenSSL 1.1.1+, currently the 'ssl' module is compiled with 'LibreSSL 2.8.3'. See: https://github.com/urllib3/urllib3/issues/3020
  warnings.warn(
/Users/zhaowenyuan/Projects/FlowFigTabMiner/flowfigtabminer/lib/python3.9/site-packages/urllib3/__init__.py:35: NotOpenSSLWarning: urllib3 v2 only supports OpenSSL 1.1.1+, currently the 'ssl' module is compiled with 'LibreSSL 2.8.3'. See: https://github.com/urllib3/urllib3/issues/3020
  warnings.warn(
/Users/zhaowenyuan/Projects/FlowFigTabMiner/flowfigtabminer/lib/python3.9/site-packages/urllib3/__init__.py:35: NotOpenSSLWarning: urllib3 v2 only supports OpenSSL 1.1.1+, currently the 'ssl' module is compiled with 'LibreSSL 2.8.3'. See: https://github.com/urllib3/urllib3/issues/3020
  warnings.warn(
/Users/zhaowenyuan/Projects/FlowFigTabMiner/flowfigtabminer/lib/python3.9/site-packages/urllib3/__init__.py:35: NotOpenSSLWarning: urllib3 v2 only supports OpenSSL 1.1.1+, currently the 'ssl' module is compiled with 'LibreSSL 2.8.3'. See: https://github.com/urllib3/urllib3/issues/3020
  warnings.warn(
/Users/zhaowenyuan/Projects/FlowFigTabMiner/flowfigtabminer/lib/python3.9/site-packages/urllib3/__init__.py:35: NotOpenSSLWarning: urllib3 v2 only supports OpenSSL 1.1.1+, currently the 'ssl' module is compiled with 'LibreSSL 2.8.3'. See: https://github.com/urllib3/urllib3/issues/3020
  warnings.warn(
/Users/zhaowenyuan/Projects/FlowFigTabMiner/flowfigtabminer/lib/python3.9/site-packages/urllib3/__init__.py:35: NotOpenSSLWarning: urllib3 v2 only supports OpenSSL 1.1.1+, currently the 'ssl' module is compiled with 'LibreSSL 2.8.3'. See: https://github.com/urllib3/urllib3/issues/3020
  warnings.warn(
[33mChecking connectivity to the model hosters, this may take a while. To bypass this check, set `DISABLE_MODEL_SOURCE_CHECK` to `True`.[0m
[33mChecking connectivity to the model hosters, this may take a while. To bypass this check, set `DISABLE_MODEL_SOURCE_CHECK` to `True`.[0m
[33mChecking connectivity to the model hosters, this may take a while. To bypass this check, set `DISABLE_MODEL_SOURCE_CHECK` to `True`.[0m
[33mChecking connectivity to the model hosters, this may take a while. To bypass this check, set `DISABLE_MODEL_SOURCE_CHECK` to `True`.[0m
[33mChecking connectivity to the model hosters, this may take a while. To bypass this check, set `DISABLE_MODEL_SOURCE_CHECK` to `True`.[0m
[33mChecking connectivity to the model hosters, this may take a while. To bypass this check, set `DISABLE_MODEL_SOURCE_CHECK` to `True`.[0m
[33mChecking connectivity to the model hosters, this may take a while. To bypass this check, set `DISABLE_MODEL_SOURCE_CHECK` to `True`.[0m
[33mChecking connectivity to the model hosters, this may take a while. To bypass this check, set `DISABLE_MODEL_SOURCE_CHECK` to `True`.[0m
[33mChecking connectivity to the model hosters, this may take a while. To bypass this check, set `DISABLE_MODEL_SOURCE_CHECK` to `True`.[0m
[33mChecking connectivity to the model hosters, this may take a while. To bypass this check, set `DISABLE_MODEL_SOURCE_CHECK` to `True`.[0m
[33mChecking connectivity to the model hosters, this may take a while. To bypass this check, set `DISABLE_MODEL_SOURCE_CHECK` to `True`.[0m
[33mChecking connectivity to the model hosters, this may take a while. To bypass this check, set `DISABLE_MODEL_SOURCE_CHECK` to `True`.[0m
[33mChecking connectivity to the model hosters, this may take a while. To bypass this check, set `DISABLE_MODEL_SOURCE_CHECK` to `True`.[0m
[33mChecking connectivity to the model hosters, this may take a while. To bypass this check, set `DISABLE_MODEL_SOURCE_CHECK` to `True`.[0m
[33mChecking connectivity to the model hosters, this may take a while. To bypass this check, set `DISABLE_MODEL_SOURCE_CHECK` to `True`.[0m
[33mChecking connectivity to the model hosters, this may take a while. To bypass this check, set `DISABLE_MODEL_SOURCE_CHECK` to `True`.[0m
/Users/zhaowenyuan/Projects/FlowFigTabMiner/flowfigtabminer/lib/python3.9/site-packages/onmt/modules/sparse_activations.py:48: FutureWarning: `torch.cuda.amp.custom_fwd(args...)` is deprecated. Please use `torch.amp.custom_fwd(args..., device_type='cuda')` instead.
  def forward(ctx, input, dim=0):
/Users/zhaowenyuan/Projects/FlowFigTabMiner/flowfigtabminer/lib/python3.9/site-packages/onmt/modules/sparse_activations.py:68: FutureWarning: `torch.cuda.amp.custom_bwd(args...)` is deprecated. Please use `torch.amp.custom_bwd(args..., device_type='cuda')` instead.
  def backward(ctx, grad_output):
/Users/zhaowenyuan/Projects/FlowFigTabMiner/flowfigtabminer/lib/python3.9/site-packages/onmt/modules/sparse_activations.py:48: FutureWarning: `torch.cuda.amp.custom_fwd(args...)` is deprecated. Please use `torch.amp.custom_fwd(args..., device_type='cuda')` instead.
  def forward(ctx, input, dim=0):
/Users/zhaowenyuan/Projects/FlowFigTabMiner/flowfigtabminer/lib/python3.9/site-packages/onmt/modules/sparse_activations.py:68: FutureWarning: `torch.cuda.amp.custom_bwd(args...)` is deprecated. Please use `torch.amp.custom_bwd(args..., device_type='cuda')` instead.
  def backward(ctx, grad_output):
/Users/zhaowenyuan/Projects/FlowFigTabMiner/flowfigtabminer/lib/python3.9/site-packages/onmt/modules/sparse_losses.py:13: FutureWarning: `torch.cuda.amp.custom_fwd(args...)` is deprecated. Please use `torch.amp.custom_fwd(args..., device_type='cuda')` instead.
  def forward(ctx, input, target):
/Users/zhaowenyuan/Projects/FlowFigTabMiner/flowfigtabminer/lib/python3.9/site-packages/onmt/modules/sparse_losses.py:37: FutureWarning: `torch.cuda.amp.custom_bwd(args...)` is deprecated. Please use `torch.amp.custom_bwd(args..., device_type='cuda')` instead.
  def backward(ctx, grad_output):
/Users/zhaowenyuan/Projects/FlowFigTabMiner/flowfigtabminer/lib/python3.9/site-packages/onmt/modules/sparse_losses.py:13: FutureWarning: `torch.cuda.amp.custom_fwd(args...)` is deprecated. Please use `torch.amp.custom_fwd(args..., device_type='cuda')` instead.
  def forward(ctx, input, target):
/Users/zhaowenyuan/Projects/FlowFigTabMiner/flowfigtabminer/lib/python3.9/site-packages/onmt/modules/sparse_losses.py:37: FutureWarning: `torch.cuda.amp.custom_bwd(args...)` is deprecated. Please use `torch.amp.custom_bwd(args..., device_type='cuda')` instead.
  def backward(ctx, grad_output):
chiral_center_ids (from symbols): []
/Users/zhaowenyuan/Projects/FlowFigTabMiner/flowfigtabminer/lib/python3.9/site-packages/urllib3/__init__.py:35: NotOpenSSLWarning: urllib3 v2 only supports OpenSSL 1.1.1+, currently the 'ssl' module is compiled with 'LibreSSL 2.8.3'. See: https://github.com/urllib3/urllib3/issues/3020
  warnings.warn(
/Users/zhaowenyuan/Projects/FlowFigTabMiner/flowfigtabminer/lib/python3.9/site-packages/urllib3/__init__.py:35: NotOpenSSLWarning: urllib3 v2 only supports OpenSSL 1.1.1+, currently the 'ssl' module is compiled with 'LibreSSL 2.8.3'. See: https://github.com/urllib3/urllib3/issues/3020
  warnings.warn(
/Users/zhaowenyuan/Projects/FlowFigTabMiner/flowfigtabminer/lib/python3.9/site-packages/urllib3/__init__.py:35: NotOpenSSLWarning: urllib3 v2 only supports OpenSSL 1.1.1+, currently the 'ssl' module is compiled with 'LibreSSL 2.8.3'. See: https://github.com/urllib3/urllib3/issues/3020
  warnings.warn(
/Users/zhaowenyuan/Projects/FlowFigTabMiner/flowfigtabminer/lib/python3.9/site-packages/urllib3/__init__.py:35: NotOpenSSLWarning: urllib3 v2 only supports OpenSSL 1.1.1+, currently the 'ssl' module is compiled with 'LibreSSL 2.8.3'. See: https://github.com/urllib3/urllib3/issues/3020
  warnings.warn(
/Users/zhaowenyuan/Projects/FlowFigTabMiner/flowfigtabminer/lib/python3.9/site-packages/urllib3/__init__.py:35: NotOpenSSLWarning: urllib3 v2 only supports OpenSSL 1.1.1+, currently the 'ssl' module is compiled with 'LibreSSL 2.8.3'. See: https://github.com/urllib3/urllib3/issues/3020
  warnings.warn(
/Users/zhaowenyuan/Projects/FlowFigTabMiner/flowfigtabminer/lib/python3.9/site-packages/urllib3/__init__.py:35: NotOpenSSLWarning: urllib3 v2 only supports OpenSSL 1.1.1+, currently the 'ssl' module is compiled with 'LibreSSL 2.8.3'. See: https://github.com/urllib3/urllib3/issues/3020
  warnings.warn(
/Users/zhaowenyuan/Projects/FlowFigTabMiner/flowfigtabminer/lib/python3.9/site-packages/urllib3/__init__.py:35: NotOpenSSLWarning: urllib3 v2 only supports OpenSSL 1.1.1+, currently the 'ssl' module is compiled with 'LibreSSL 2.8.3'. See: https://github.com/urllib3/urllib3/issues/3020
  warnings.warn(
/Users/zhaowenyuan/Projects/FlowFigTabMiner/flowfigtabminer/lib/python3.9/site-packages/urllib3/__init__.py:35: NotOpenSSLWarning: urllib3 v2 only supports OpenSSL 1.1.1+, currently the 'ssl' module is compiled with 'LibreSSL 2.8.3'. See: https://github.com/urllib3/urllib3/issues/3020
  warnings.warn(
/Users/zhaowenyuan/Projects/FlowFigTabMiner/flowfigtabminer/lib/python3.9/site-packages/urllib3/__init__.py:35: NotOpenSSLWarning: urllib3 v2 only supports OpenSSL 1.1.1+, currently the 'ssl' module is compiled with 'LibreSSL 2.8.3'. See: https://github.com/urllib3/urllib3/issues/3020
  warnings.warn(
/Users/zhaowenyuan/Projects/FlowFigTabMiner/flowfigtabminer/lib/python3.9/site-packages/urllib3/__init__.py:35: NotOpenSSLWarning: urllib3 v2 only supports OpenSSL 1.1.1+, currently the 'ssl' module is compiled with 'LibreSSL 2.8.3'. See: https://github.com/urllib3/urllib3/issues/3020
  warnings.warn(
/Users/zhaowenyuan/Projects/FlowFigTabMiner/flowfigtabminer/lib/python3.9/site-packages/urllib3/__init__.py:35: NotOpenSSLWarning: urllib3 v2 only supports OpenSSL 1.1.1+, currently the 'ssl' module is compiled with 'LibreSSL 2.8.3'. See: https://github.com/urllib3/urllib3/issues/3020
  warnings.warn(
/Users/zhaowenyuan/Projects/FlowFigTabMiner/flowfigtabminer/lib/python3.9/site-packages/urllib3/__init__.py:35: NotOpenSSLWarning: urllib3 v2 only supports OpenSSL 1.1.1+, currently the 'ssl' module is compiled with 'LibreSSL 2.8.3'. See: https://github.com/urllib3/urllib3/issues/3020
  warnings.warn(
/Users/zhaowenyuan/Projects/FlowFigTabMiner/flowfigtabminer/lib/python3.9/site-packages/urllib3/__init__.py:35: NotOpenSSLWarning: urllib3 v2 only supports OpenSSL 1.1.1+, currently the 'ssl' module is compiled with 'LibreSSL 2.8.3'. See: https://github.com/urllib3/urllib3/issues/3020
  warnings.warn(
/Users/zhaowenyuan/Projects/FlowFigTabMiner/flowfigtabminer/lib/python3.9/site-packages/urllib3/__init__.py:35: NotOpenSSLWarning: urllib3 v2 only supports OpenSSL 1.1.1+, currently the 'ssl' module is compiled with 'LibreSSL 2.8.3'. See: https://github.com/urllib3/urllib3/issues/3020
  warnings.warn(
/Users/zhaowenyuan/Projects/FlowFigTabMiner/flowfigtabminer/lib/python3.9/site-packages/urllib3/__init__.py:35: NotOpenSSLWarning: urllib3 v2 only supports OpenSSL 1.1.1+, currently the 'ssl' module is compiled with 'LibreSSL 2.8.3'. See: https://github.com/urllib3/urllib3/issues/3020
  warnings.warn(
/Users/zhaowenyuan/Projects/FlowFigTabMiner/flowfigtabminer/lib/python3.9/site-packages/urllib3/__init__.py:35: NotOpenSSLWarning: urllib3 v2 only supports OpenSSL 1.1.1+, currently the 'ssl' module is compiled with 'LibreSSL 2.8.3'. See: https://github.com/urllib3/urllib3/issues/3020
  warnings.warn(
[33mChecking connectivity to the model hosters, this may take a while. To bypass this check, set `DISABLE_MODEL_SOURCE_CHECK` to `True`.[0m
[33mChecking connectivity to the model hosters, this may take a while. To bypass this check, set `DISABLE_MODEL_SOURCE_CHECK` to `True`.[0m
[33mChecking connectivity to the model hosters, this may take a while. To bypass this check, set `DISABLE_MODEL_SOURCE_CHECK` to `True`.[0m
[33mChecking connectivity to the model hosters, this may take a while. To bypass this check, set `DISABLE_MODEL_SOURCE_CHECK` to `True`.[0m
[33mChecking connectivity to the model hosters, this may take a while. To bypass this check, set `DISABLE_MODEL_SOURCE_CHECK` to `True`.[0m
[33mChecking connectivity to the model hosters, this may take a while. To bypass this check, set `DISABLE_MODEL_SOURCE_CHECK` to `True`.[0m
[33mChecking connectivity to the model hosters, this may take a while. To bypass this check, set `DISABLE_MODEL_SOURCE_CHECK` to `True`.[0m
[33mChecking connectivity to the model hosters, this may take a while. To bypass this check, set `DISABLE_MODEL_SOURCE_CHECK` to `True`.[0m
[33mChecking connectivity to the model hosters, this may take a while. To bypass this check, set `DISABLE_MODEL_SOURCE_CHECK` to `True`.[0m
[33mChecking connectivity to the model hosters, this may take a while. To bypass this check, set `DISABLE_MODEL_SOURCE_CHECK` to `True`.[0m
[33mChecking connectivity to the model hosters, this may take a while. To bypass this check, set `DISABLE_MODEL_SOURCE_CHECK` to `True`.[0m
[33mChecking connectivity to the model hosters, this may take a while. To bypass this check, set `DISABLE_MODEL_SOURCE_CHECK` to `True`.[0m
[33mChecking connectivity to the model hosters, this may take a while. To bypass this check, set `DISABLE_MODEL_SOURCE_CHECK` to `True`.[0m
[33mChecking connectivity to the model hosters, this may take a while. To bypass this check, set `DISABLE_MODEL_SOURCE_CHECK` to `True`.[0m
[33mChecking connectivity to the model hosters, this may take a while. To bypass this check, set `DISABLE_MODEL_SOURCE_CHECK` to `True`.[0m
[33mChecking connectivity to the model hosters, this may take a while. To bypass this check, set `DISABLE_MODEL_SOURCE_CHECK` to `True`.[0m
/Users/zhaowenyuan/Projects/FlowFigTabMiner/flowfigtabminer/lib/python3.9/site-packages/onmt/modules/sparse_activations.py:48: FutureWarning: `torch.cuda.amp.custom_fwd(args...)` is deprecated. Please use `torch.amp.custom_fwd(args..., device_type='cuda')` instead.
  def forward(ctx, input, dim=0):
/Users/zhaowenyuan/Projects/FlowFigTabMiner/flowfigtabminer/lib/python3.9/site-packages/onmt/modules/sparse_activations.py:68: FutureWarning: `torch.cuda.amp.custom_bwd(args...)` is deprecated. Please use `torch.amp.custom_bwd(args..., device_type='cuda')` instead.
  def backward(ctx, grad_output):
/Users/zhaowenyuan/Projects/FlowFigTabMiner/flowfigtabminer/lib/python3.9/site-packages/onmt/modules/sparse_losses.py:13: FutureWarning: `torch.cuda.amp.custom_fwd(args...)` is deprecated. Please use `torch.amp.custom_fwd(args..., device_type='cuda')` instead.
  def forward(ctx, input, target):
/Users/zhaowenyuan/Projects/FlowFigTabMiner/flowfigtabminer/lib/python3.9/site-packages/onmt/modules/sparse_losses.py:37: FutureWarning: `torch.cuda.amp.custom_bwd(args...)` is deprecated. Please use `torch.amp.custom_bwd(args..., device_type='cuda')` instead.
  def backward(ctx, grad_output):
/Users/zhaowenyuan/Projects/FlowFigTabMiner/flowfigtabminer/lib/python3.9/site-packages/onmt/modules/sparse_activations.py:48: FutureWarning: `torch.cuda.amp.custom_fwd(args...)` is deprecated. Please use `torch.amp.custom_fwd(args..., device_type='cuda')` instead.
  def forward(ctx, input, dim=0):
/Users/zhaowenyuan/Projects/FlowFigTabMiner/flowfigtabminer/lib/python3.9/site-packages/onmt/modules/sparse_activations.py:68: FutureWarning: `torch.cuda.amp.custom_bwd(args...)` is deprecated. Please use `torch.amp.custom_bwd(args..., device_type='cuda')` instead.
  def backward(ctx, grad_output):
/Users/zhaowenyuan/Projects/FlowFigTabMiner/flowfigtabminer/lib/python3.9/site-packages/onmt/modules/sparse_losses.py:13: FutureWarning: `torch.cuda.amp.custom_fwd(args...)` is deprecated. Please use `torch.amp.custom_fwd(args..., device_type='cuda')` instead.
  def forward(ctx, input, target):
/Users/zhaowenyuan/Projects/FlowFigTabMiner/flowfigtabminer/lib/python3.9/site-packages/onmt/modules/sparse_losses.py:37: FutureWarning: `torch.cuda.amp.custom_bwd(args...)` is deprecated. Please use `torch.amp.custom_bwd(args..., device_type='cuda')` instead.
  def backward(ctx, grad_output):
chiral_center_ids (from symbols): []
/Users/zhaowenyuan/Projects/FlowFigTabMiner/flowfigtabminer/lib/python3.9/site-packages/urllib3/__init__.py:35: NotOpenSSLWarning: urllib3 v2 only supports OpenSSL 1.1.1+, currently the 'ssl' module is compiled with 'LibreSSL 2.8.3'. See: https://github.com/urllib3/urllib3/issues/3020
  warnings.warn(
/Users/zhaowenyuan/Projects/FlowFigTabMiner/flowfigtabminer/lib/python3.9/site-packages/urllib3/__init__.py:35: NotOpenSSLWarning: urllib3 v2 only supports OpenSSL 1.1.1+, currently the 'ssl' module is compiled with 'LibreSSL 2.8.3'. See: https://github.com/urllib3/urllib3/issues/3020
  warnings.warn(
/Users/zhaowenyuan/Projects/FlowFigTabMiner/flowfigtabminer/lib/python3.9/site-packages/urllib3/__init__.py:35: NotOpenSSLWarning: urllib3 v2 only supports OpenSSL 1.1.1+, currently the 'ssl' module is compiled with 'LibreSSL 2.8.3'. See: https://github.com/urllib3/urllib3/issues/3020
  warnings.warn(
/Users/zhaowenyuan/Projects/FlowFigTabMiner/flowfigtabminer/lib/python3.9/site-packages/urllib3/__init__.py:35: NotOpenSSLWarning: urllib3 v2 only supports OpenSSL 1.1.1+, currently the 'ssl' module is compiled with 'LibreSSL 2.8.3'. See: https://github.com/urllib3/urllib3/issues/3020
  warnings.warn(
/Users/zhaowenyuan/Projects/FlowFigTabMiner/flowfigtabminer/lib/python3.9/site-packages/urllib3/__init__.py:35: NotOpenSSLWarning: urllib3 v2 only supports OpenSSL 1.1.1+, currently the 'ssl' module is compiled with 'LibreSSL 2.8.3'. See: https://github.com/urllib3/urllib3/issues/3020
  warnings.warn(
/Users/zhaowenyuan/Projects/FlowFigTabMiner/flowfigtabminer/lib/python3.9/site-packages/urllib3/__init__.py:35: NotOpenSSLWarning: urllib3 v2 only supports OpenSSL 1.1.1+, currently the 'ssl' module is compiled with 'LibreSSL 2.8.3'. See: https://github.com/urllib3/urllib3/issues/3020
  warnings.warn(
/Users/zhaowenyuan/Projects/FlowFigTabMiner/flowfigtabminer/lib/python3.9/site-packages/urllib3/__init__.py:35: NotOpenSSLWarning: urllib3 v2 only supports OpenSSL 1.1.1+, currently the 'ssl' module is compiled with 'LibreSSL 2.8.3'. See: https://github.com/urllib3/urllib3/issues/3020
  warnings.warn(
/Users/zhaowenyuan/Projects/FlowFigTabMiner/flowfigtabminer/lib/python3.9/site-packages/urllib3/__init__.py:35: NotOpenSSLWarning: urllib3 v2 only supports OpenSSL 1.1.1+, currently the 'ssl' module is compiled with 'LibreSSL 2.8.3'. See: https://github.com/urllib3/urllib3/issues/3020
  warnings.warn(
/Users/zhaowenyuan/Projects/FlowFigTabMiner/flowfigtabminer/lib/python3.9/site-packages/urllib3/__init__.py:35: NotOpenSSLWarning: urllib3 v2 only supports OpenSSL 1.1.1+, currently the 'ssl' module is compiled with 'LibreSSL 2.8.3'. See: https://github.com/urllib3/urllib3/issues/3020
  warnings.warn(
/Users/zhaowenyuan/Projects/FlowFigTabMiner/flowfigtabminer/lib/python3.9/site-packages/urllib3/__init__.py:35: NotOpenSSLWarning: urllib3 v2 only supports OpenSSL 1.1.1+, currently the 'ssl' module is compiled with 'LibreSSL 2.8.3'. See: https://github.com/urllib3/urllib3/issues/3020
  warnings.warn(
/Users/zhaowenyuan/Projects/FlowFigTabMiner/flowfigtabminer/lib/python3.9/site-packages/urllib3/__init__.py:35: NotOpenSSLWarning: urllib3 v2 only supports OpenSSL 1.1.1+, currently the 'ssl' module is compiled with 'LibreSSL 2.8.3'. See: https://github.com/urllib3/urllib3/issues/3020
  warnings.warn(
/Users/zhaowenyuan/Projects/FlowFigTabMiner/flowfigtabminer/lib/python3.9/site-packages/urllib3/__init__.py:35: NotOpenSSLWarning: urllib3 v2 only supports OpenSSL 1.1.1+, currently the 'ssl' module is compiled with 'LibreSSL 2.8.3'. See: https://github.com/urllib3/urllib3/issues/3020
  warnings.warn(
/Users/zhaowenyuan/Projects/FlowFigTabMiner/flowfigtabminer/lib/python3.9/site-packages/urllib3/__init__.py:35: NotOpenSSLWarning: urllib3 v2 only supports OpenSSL 1.1.1+, currently the 'ssl' module is compiled with 'LibreSSL 2.8.3'. See: https://github.com/urllib3/urllib3/issues/3020
  warnings.warn(
/Users/zhaowenyuan/Projects/FlowFigTabMiner/flowfigtabminer/lib/python3.9/site-packages/urllib3/__init__.py:35: NotOpenSSLWarning: urllib3 v2 only supports OpenSSL 1.1.1+, currently the 'ssl' module is compiled with 'LibreSSL 2.8.3'. See: https://github.com/urllib3/urllib3/issues/3020
  warnings.warn(
/Users/zhaowenyuan/Projects/FlowFigTabMiner/flowfigtabminer/lib/python3.9/site-packages/urllib3/__init__.py:35: NotOpenSSLWarning: urllib3 v2 only supports OpenSSL 1.1.1+, currently the 'ssl' module is compiled with 'LibreSSL 2.8.3'. See: https://github.com/urllib3/urllib3/issues/3020
  warnings.warn(
/Users/zhaowenyuan/Projects/FlowFigTabMiner/flowfigtabminer/lib/python3.9/site-packages/urllib3/__init__.py:35: NotOpenSSLWarning: urllib3 v2 only supports OpenSSL 1.1.1+, currently the 'ssl' module is compiled with 'LibreSSL 2.8.3'. See: https://github.com/urllib3/urllib3/issues/3020
  warnings.warn(
[33mChecking connectivity to the model hosters, this may take a while. To bypass this check, set `DISABLE_MODEL_SOURCE_CHECK` to `True`.[0m
[33mChecking connectivity to the model hosters, this may take a while. To bypass this check, set `DISABLE_MODEL_SOURCE_CHECK` to `True`.[0m
[33mChecking connectivity to the model hosters, this may take a while. To bypass this check, set `DISABLE_MODEL_SOURCE_CHECK` to `True`.[0m
[33mChecking connectivity to the model hosters, this may take a while. To bypass this check, set `DISABLE_MODEL_SOURCE_CHECK` to `True`.[0m
[33mChecking connectivity to the model hosters, this may take a while. To bypass this check, set `DISABLE_MODEL_SOURCE_CHECK` to `True`.[0m
[33mChecking connectivity to the model hosters, this may take a while. To bypass this check, set `DISABLE_MODEL_SOURCE_CHECK` to `True`.[0m
[33mChecking connectivity to the model hosters, this may take a while. To bypass this check, set `DISABLE_MODEL_SOURCE_CHECK` to `True`.[0m
[33mChecking connectivity to the model hosters, this may take a while. To bypass this check, set `DISABLE_MODEL_SOURCE_CHECK` to `True`.[0m
[33mChecking connectivity to the model hosters, this may take a while. To bypass this check, set `DISABLE_MODEL_SOURCE_CHECK` to `True`.[0m
[33mChecking connectivity to the model hosters, this may take a while. To bypass this check, set `DISABLE_MODEL_SOURCE_CHECK` to `True`.[0m
[33mChecking connectivity to the model hosters, this may take a while. To bypass this check, set `DISABLE_MODEL_SOURCE_CHECK` to `True`.[0m
[33mChecking connectivity to the model hosters, this may take a while. To bypass this check, set `DISABLE_MODEL_SOURCE_CHECK` to `True`.[0m
[33mChecking connectivity to the model hosters, this may take a while. To bypass this check, set `DISABLE_MODEL_SOURCE_CHECK` to `True`.[0m
[33mChecking connectivity to the model hosters, this may take a while. To bypass this check, set `DISABLE_MODEL_SOURCE_CHECK` to `True`.[0m
[33mChecking connectivity to the model hosters, this may take a while. To bypass this check, set `DISABLE_MODEL_SOURCE_CHECK` to `True`.[0m
[33mChecking connectivity to the model hosters, this may take a while. To bypass this check, set `DISABLE_MODEL_SOURCE_CHECK` to `True`.[0m
/Users/zhaowenyuan/Projects/FlowFigTabMiner/flowfigtabminer/lib/python3.9/site-packages/onmt/modules/sparse_activations.py:48: FutureWarning: `torch.cuda.amp.custom_fwd(args...)` is deprecated. Please use `torch.amp.custom_fwd(args..., device_type='cuda')` instead.
  def forward(ctx, input, dim=0):
/Users/zhaowenyuan/Projects/FlowFigTabMiner/flowfigtabminer/lib/python3.9/site-packages/onmt/modules/sparse_activations.py:68: FutureWarning: `torch.cuda.amp.custom_bwd(args...)` is deprecated. Please use `torch.amp.custom_bwd(args..., device_type='cuda')` instead.
  def backward(ctx, grad_output):
/Users/zhaowenyuan/Projects/FlowFigTabMiner/flowfigtabminer/lib/python3.9/site-packages/onmt/modules/sparse_losses.py:13: FutureWarning: `torch.cuda.amp.custom_fwd(args...)` is deprecated. Please use `torch.amp.custom_fwd(args..., device_type='cuda')` instead.
  def forward(ctx, input, target):
/Users/zhaowenyuan/Projects/FlowFigTabMiner/flowfigtabminer/lib/python3.9/site-packages/onmt/modules/sparse_losses.py:37: FutureWarning: `torch.cuda.amp.custom_bwd(args...)` is deprecated. Please use `torch.amp.custom_bwd(args..., device_type='cuda')` instead.
  def backward(ctx, grad_output):
chiral_center_ids (from symbols): []
/Users/zhaowenyuan/Projects/FlowFigTabMiner/flowfigtabminer/lib/python3.9/site-packages/urllib3/__init__.py:35: NotOpenSSLWarning: urllib3 v2 only supports OpenSSL 1.1.1+, currently the 'ssl' module is compiled with 'LibreSSL 2.8.3'. See: https://github.com/urllib3/urllib3/issues/3020
  warnings.warn(
/Users/zhaowenyuan/Projects/FlowFigTabMiner/flowfigtabminer/lib/python3.9/site-packages/urllib3/__init__.py:35: NotOpenSSLWarning: urllib3 v2 only supports OpenSSL 1.1.1+, currently the 'ssl' module is compiled with 'LibreSSL 2.8.3'. See: https://github.com/urllib3/urllib3/issues/3020
  warnings.warn(
/Users/zhaowenyuan/Projects/FlowFigTabMiner/flowfigtabminer/lib/python3.9/site-packages/urllib3/__init__.py:35: NotOpenSSLWarning: urllib3 v2 only supports OpenSSL 1.1.1+, currently the 'ssl' module is compiled with 'LibreSSL 2.8.3'. See: https://github.com/urllib3/urllib3/issues/3020
  warnings.warn(
/Users/zhaowenyuan/Projects/FlowFigTabMiner/flowfigtabminer/lib/python3.9/site-packages/urllib3/__init__.py:35: NotOpenSSLWarning: urllib3 v2 only supports OpenSSL 1.1.1+, currently the 'ssl' module is compiled with 'LibreSSL 2.8.3'. See: https://github.com/urllib3/urllib3/issues/3020
  warnings.warn(
/Users/zhaowenyuan/Projects/FlowFigTabMiner/flowfigtabminer/lib/python3.9/site-packages/urllib3/__init__.py:35: NotOpenSSLWarning: urllib3 v2 only supports OpenSSL 1.1.1+, currently the 'ssl' module is compiled with 'LibreSSL 2.8.3'. See: https://github.com/urllib3/urllib3/issues/3020
  warnings.warn(
/Users/zhaowenyuan/Projects/FlowFigTabMiner/flowfigtabminer/lib/python3.9/site-packages/urllib3/__init__.py:35: NotOpenSSLWarning: urllib3 v2 only supports OpenSSL 1.1.1+, currently the 'ssl' module is compiled with 'LibreSSL 2.8.3'. See: https://github.com/urllib3/urllib3/issues/3020
  warnings.warn(
/Users/zhaowenyuan/Projects/FlowFigTabMiner/flowfigtabminer/lib/python3.9/site-packages/urllib3/__init__.py:35: NotOpenSSLWarning: urllib3 v2 only supports OpenSSL 1.1.1+, currently the 'ssl' module is compiled with 'LibreSSL 2.8.3'. See: https://github.com/urllib3/urllib3/issues/3020
  warnings.warn(
/Users/zhaowenyuan/Projects/FlowFigTabMiner/flowfigtabminer/lib/python3.9/site-packages/urllib3/__init__.py:35: NotOpenSSLWarning: urllib3 v2 only supports OpenSSL 1.1.1+, currently the 'ssl' module is compiled with 'LibreSSL 2.8.3'. See: https://github.com/urllib3/urllib3/issues/3020
  warnings.warn(
/Users/zhaowenyuan/Projects/FlowFigTabMiner/flowfigtabminer/lib/python3.9/site-packages/urllib3/__init__.py:35: NotOpenSSLWarning: urllib3 v2 only supports OpenSSL 1.1.1+, currently the 'ssl' module is compiled with 'LibreSSL 2.8.3'. See: https://github.com/urllib3/urllib3/issues/3020
  warnings.warn(
/Users/zhaowenyuan/Projects/FlowFigTabMiner/flowfigtabminer/lib/python3.9/site-packages/urllib3/__init__.py:35: NotOpenSSLWarning: urllib3 v2 only supports OpenSSL 1.1.1+, currently the 'ssl' module is compiled with 'LibreSSL 2.8.3'. See: https://github.com/urllib3/urllib3/issues/3020
  warnings.warn(
/Users/zhaowenyuan/Projects/FlowFigTabMiner/flowfigtabminer/lib/python3.9/site-packages/urllib3/__init__.py:35: NotOpenSSLWarning: urllib3 v2 only supports OpenSSL 1.1.1+, currently the 'ssl' module is compiled with 'LibreSSL 2.8.3'. See: https://github.com/urllib3/urllib3/issues/3020
  warnings.warn(
/Users/zhaowenyuan/Projects/FlowFigTabMiner/flowfigtabminer/lib/python3.9/site-packages/urllib3/__init__.py:35: NotOpenSSLWarning: urllib3 v2 only supports OpenSSL 1.1.1+, currently the 'ssl' module is compiled with 'LibreSSL 2.8.3'. See: https://github.com/urllib3/urllib3/issues/3020
  warnings.warn(
/Users/zhaowenyuan/Projects/FlowFigTabMiner/flowfigtabminer/lib/python3.9/site-packages/urllib3/__init__.py:35: NotOpenSSLWarning: urllib3 v2 only supports OpenSSL 1.1.1+, currently the 'ssl' module is compiled with 'LibreSSL 2.8.3'. See: https://github.com/urllib3/urllib3/issues/3020
  warnings.warn(
/Users/zhaowenyuan/Projects/FlowFigTabMiner/flowfigtabminer/lib/python3.9/site-packages/urllib3/__init__.py:35: NotOpenSSLWarning: urllib3 v2 only supports OpenSSL 1.1.1+, currently the 'ssl' module is compiled with 'LibreSSL 2.8.3'. See: https://github.com/urllib3/urllib3/issues/3020
  warnings.warn(
/Users/zhaowenyuan/Projects/FlowFigTabMiner/flowfigtabminer/lib/python3.9/site-packages/urllib3/__init__.py:35: NotOpenSSLWarning: urllib3 v2 only supports OpenSSL 1.1.1+, currently the 'ssl' module is compiled with 'LibreSSL 2.8.3'. See: https://github.com/urllib3/urllib3/issues/3020
  warnings.warn(
/Users/zhaowenyuan/Projects/FlowFigTabMiner/flowfigtabminer/lib/python3.9/site-packages/urllib3/__init__.py:35: NotOpenSSLWarning: urllib3 v2 only supports OpenSSL 1.1.1+, currently the 'ssl' module is compiled with 'LibreSSL 2.8.3'. See: https://github.com/urllib3/urllib3/issues/3020
  warnings.warn(
[33mChecking connectivity to the model hosters, this may take a while. To bypass this check, set `DISABLE_MODEL_SOURCE_CHECK` to `True`.[0m
[33mChecking connectivity to the model hosters, this may take a while. To bypass this check, set `DISABLE_MODEL_SOURCE_CHECK` to `True`.[0m
[33mChecking connectivity to the model hosters, this may take a while. To bypass this check, set `DISABLE_MODEL_SOURCE_CHECK` to `True`.[0m
[33mChecking connectivity to the model hosters, this may take a while. To bypass this check, set `DISABLE_MODEL_SOURCE_CHECK` to `True`.[0m
[33mChecking connectivity to the model hosters, this may take a while. To bypass this check, set `DISABLE_MODEL_SOURCE_CHECK` to `True`.[0m
[33mChecking connectivity to the model hosters, this may take a while. To bypass this check, set `DISABLE_MODEL_SOURCE_CHECK` to `True`.[0m
[33mChecking connectivity to the model hosters, this may take a while. To bypass this check, set `DISABLE_MODEL_SOURCE_CHECK` to `True`.[0m
[33mChecking connectivity to the model hosters, this may take a while. To bypass this check, set `DISABLE_MODEL_SOURCE_CHECK` to `True`.[0m
[33mChecking connectivity to the model hosters, this may take a while. To bypass this check, set `DISABLE_MODEL_SOURCE_CHECK` to `True`.[0m
[33mChecking connectivity to the model hosters, this may take a while. To bypass this check, set `DISABLE_MODEL_SOURCE_CHECK` to `True`.[0m
[33mChecking connectivity to the model hosters, this may take a while. To bypass this check, set `DISABLE_MODEL_SOURCE_CHECK` to `True`.[0m
[33mChecking connectivity to the model hosters, this may take a while. To bypass this check, set `DISABLE_MODEL_SOURCE_CHECK` to `True`.[0m
[33mChecking connectivity to the model hosters, this may take a while. To bypass this check, set `DISABLE_MODEL_SOURCE_CHECK` to `True`.[0m
[33mChecking connectivity to the model hosters, this may take a while. To bypass this check, set `DISABLE_MODEL_SOURCE_CHECK` to `True`.[0m
[33mChecking connectivity to the model hosters, this may take a while. To bypass this check, set `DISABLE_MODEL_SOURCE_CHECK` to `True`.[0m
[33mChecking connectivity to the model hosters, this may take a while. To bypass this check, set `DISABLE_MODEL_SOURCE_CHECK` to `True`.[0m
/Users/zhaowenyuan/Projects/FlowFigTabMiner/flowfigtabminer/lib/python3.9/site-packages/onmt/modules/sparse_activations.py:48: FutureWarning: `torch.cuda.amp.custom_fwd(args...)` is deprecated. Please use `torch.amp.custom_fwd(args..., device_type='cuda')` instead.
  def forward(ctx, input, dim=0):
/Users/zhaowenyuan/Projects/FlowFigTabMiner/flowfigtabminer/lib/python3.9/site-packages/onmt/modules/sparse_activations.py:68: FutureWarning: `torch.cuda.amp.custom_bwd(args...)` is deprecated. Please use `torch.amp.custom_bwd(args..., device_type='cuda')` instead.
  def backward(ctx, grad_output):
/Users/zhaowenyuan/Projects/FlowFigTabMiner/flowfigtabminer/lib/python3.9/site-packages/onmt/modules/sparse_losses.py:13: FutureWarning: `torch.cuda.amp.custom_fwd(args...)` is deprecated. Please use `torch.amp.custom_fwd(args..., device_type='cuda')` instead.
  def forward(ctx, input, target):
/Users/zhaowenyuan/Projects/FlowFigTabMiner/flowfigtabminer/lib/python3.9/site-packages/onmt/modules/sparse_losses.py:37: FutureWarning: `torch.cuda.amp.custom_bwd(args...)` is deprecated. Please use `torch.amp.custom_bwd(args..., device_type='cuda')` instead.
  def backward(ctx, grad_output):
chiral_center_ids (from symbols): []
/Users/zhaowenyuan/Projects/FlowFigTabMiner/flowfigtabminer/lib/python3.9/site-packages/urllib3/__init__.py:35: NotOpenSSLWarning: urllib3 v2 only supports OpenSSL 1.1.1+, currently the 'ssl' module is compiled with 'LibreSSL 2.8.3'. See: https://github.com/urllib3/urllib3/issues/3020
  warnings.warn(
/Users/zhaowenyuan/Projects/FlowFigTabMiner/flowfigtabminer/lib/python3.9/site-packages/urllib3/__init__.py:35: NotOpenSSLWarning: urllib3 v2 only supports OpenSSL 1.1.1+, currently the 'ssl' module is compiled with 'LibreSSL 2.8.3'. See: https://github.com/urllib3/urllib3/issues/3020
  warnings.warn(
/Users/zhaowenyuan/Projects/FlowFigTabMiner/flowfigtabminer/lib/python3.9/site-packages/urllib3/__init__.py:35: NotOpenSSLWarning: urllib3 v2 only supports OpenSSL 1.1.1+, currently the 'ssl' module is compiled with 'LibreSSL 2.8.3'. See: https://github.com/urllib3/urllib3/issues/3020
  warnings.warn(
/Users/zhaowenyuan/Projects/FlowFigTabMiner/flowfigtabminer/lib/python3.9/site-packages/urllib3/__init__.py:35: NotOpenSSLWarning: urllib3 v2 only supports OpenSSL 1.1.1+, currently the 'ssl' module is compiled with 'LibreSSL 2.8.3'. See: https://github.com/urllib3/urllib3/issues/3020
  warnings.warn(
/Users/zhaowenyuan/Projects/FlowFigTabMiner/flowfigtabminer/lib/python3.9/site-packages/urllib3/__init__.py:35: NotOpenSSLWarning: urllib3 v2 only supports OpenSSL 1.1.1+, currently the 'ssl' module is compiled with 'LibreSSL 2.8.3'. See: https://github.com/urllib3/urllib3/issues/3020
  warnings.warn(
/Users/zhaowenyuan/Projects/FlowFigTabMiner/flowfigtabminer/lib/python3.9/site-packages/urllib3/__init__.py:35: NotOpenSSLWarning: urllib3 v2 only supports OpenSSL 1.1.1+, currently the 'ssl' module is compiled with 'LibreSSL 2.8.3'. See: https://github.com/urllib3/urllib3/issues/3020
  warnings.warn(
/Users/zhaowenyuan/Projects/FlowFigTabMiner/flowfigtabminer/lib/python3.9/site-packages/urllib3/__init__.py:35: NotOpenSSLWarning: urllib3 v2 only supports OpenSSL 1.1.1+, currently the 'ssl' module is compiled with 'LibreSSL 2.8.3'. See: https://github.com/urllib3/urllib3/issues/3020
  warnings.warn(
/Users/zhaowenyuan/Projects/FlowFigTabMiner/flowfigtabminer/lib/python3.9/site-packages/urllib3/__init__.py:35: NotOpenSSLWarning: urllib3 v2 only supports OpenSSL 1.1.1+, currently the 'ssl' module is compiled with 'LibreSSL 2.8.3'. See: https://github.com/urllib3/urllib3/issues/3020
  warnings.warn(
/Users/zhaowenyuan/Projects/FlowFigTabMiner/flowfigtabminer/lib/python3.9/site-packages/urllib3/__init__.py:35: NotOpenSSLWarning: urllib3 v2 only supports OpenSSL 1.1.1+, currently the 'ssl' module is compiled with 'LibreSSL 2.8.3'. See: https://github.com/urllib3/urllib3/issues/3020
  warnings.warn(
/Users/zhaowenyuan/Projects/FlowFigTabMiner/flowfigtabminer/lib/python3.9/site-packages/urllib3/__init__.py:35: NotOpenSSLWarning: urllib3 v2 only supports OpenSSL 1.1.1+, currently the 'ssl' module is compiled with 'LibreSSL 2.8.3'. See: https://github.com/urllib3/urllib3/issues/3020
  warnings.warn(
/Users/zhaowenyuan/Projects/FlowFigTabMiner/flowfigtabminer/lib/python3.9/site-packages/urllib3/__init__.py:35: NotOpenSSLWarning: urllib3 v2 only supports OpenSSL 1.1.1+, currently the 'ssl' module is compiled with 'LibreSSL 2.8.3'. See: https://github.com/urllib3/urllib3/issues/3020
  warnings.warn(
/Users/zhaowenyuan/Projects/FlowFigTabMiner/flowfigtabminer/lib/python3.9/site-packages/urllib3/__init__.py:35: NotOpenSSLWarning: urllib3 v2 only supports OpenSSL 1.1.1+, currently the 'ssl' module is compiled with 'LibreSSL 2.8.3'. See: https://github.com/urllib3/urllib3/issues/3020
  warnings.warn(
/Users/zhaowenyuan/Projects/FlowFigTabMiner/flowfigtabminer/lib/python3.9/site-packages/urllib3/__init__.py:35: NotOpenSSLWarning: urllib3 v2 only supports OpenSSL 1.1.1+, currently the 'ssl' module is compiled with 'LibreSSL 2.8.3'. See: https://github.com/urllib3/urllib3/issues/3020
  warnings.warn(
/Users/zhaowenyuan/Projects/FlowFigTabMiner/flowfigtabminer/lib/python3.9/site-packages/urllib3/__init__.py:35: NotOpenSSLWarning: urllib3 v2 only supports OpenSSL 1.1.1+, currently the 'ssl' module is compiled with 'LibreSSL 2.8.3'. See: https://github.com/urllib3/urllib3/issues/3020
  warnings.warn(
/Users/zhaowenyuan/Projects/FlowFigTabMiner/flowfigtabminer/lib/python3.9/site-packages/urllib3/__init__.py:35: NotOpenSSLWarning: urllib3 v2 only supports OpenSSL 1.1.1+, currently the 'ssl' module is compiled with 'LibreSSL 2.8.3'. See: https://github.com/urllib3/urllib3/issues/3020
  warnings.warn(
/Users/zhaowenyuan/Projects/FlowFigTabMiner/flowfigtabminer/lib/python3.9/site-packages/urllib3/__init__.py:35: NotOpenSSLWarning: urllib3 v2 only supports OpenSSL 1.1.1+, currently the 'ssl' module is compiled with 'LibreSSL 2.8.3'. See: https://github.com/urllib3/urllib3/issues/3020
  warnings.warn(
[33mChecking connectivity to the model hosters, this may take a while. To bypass this check, set `DISABLE_MODEL_SOURCE_CHECK` to `True`.[0m
[33mChecking connectivity to the model hosters, this may take a while. To bypass this check, set `DISABLE_MODEL_SOURCE_CHECK` to `True`.[0m
[33mChecking connectivity to the model hosters, this may take a while. To bypass this check, set `DISABLE_MODEL_SOURCE_CHECK` to `True`.[0m
[33mChecking connectivity to the model hosters, this may take a while. To bypass this check, set `DISABLE_MODEL_SOURCE_CHECK` to `True`.[0m
[33mChecking connectivity to the model hosters, this may take a while. To bypass this check, set `DISABLE_MODEL_SOURCE_CHECK` to `True`.[0m
[33mChecking connectivity to the model hosters, this may take a while. To bypass this check, set `DISABLE_MODEL_SOURCE_CHECK` to `True`.[0m
[33mChecking connectivity to the model hosters, this may take a while. To bypass this check, set `DISABLE_MODEL_SOURCE_CHECK` to `True`.[0m
[33mChecking connectivity to the model hosters, this may take a while. To bypass this check, set `DISABLE_MODEL_SOURCE_CHECK` to `True`.[0m
[33mChecking connectivity to the model hosters, this may take a while. To bypass this check, set `DISABLE_MODEL_SOURCE_CHECK` to `True`.[0m
[33mChecking connectivity to the model hosters, this may take a while. To bypass this check, set `DISABLE_MODEL_SOURCE_CHECK` to `True`.[0m
[33mChecking connectivity to the model hosters, this may take a while. To bypass this check, set `DISABLE_MODEL_SOURCE_CHECK` to `True`.[0m
[33mChecking connectivity to the model hosters, this may take a while. To bypass this check, set `DISABLE_MODEL_SOURCE_CHECK` to `True`.[0m
[33mChecking connectivity to the model hosters, this may take a while. To bypass this check, set `DISABLE_MODEL_SOURCE_CHECK` to `True`.[0m
[33mChecking connectivity to the model hosters, this may take a while. To bypass this check, set `DISABLE_MODEL_SOURCE_CHECK` to `True`.[0m
[33mChecking connectivity to the model hosters, this may take a while. To bypass this check, set `DISABLE_MODEL_SOURCE_CHECK` to `True`.[0m
[33mChecking connectivity to the model hosters, this may take a while. To bypass this check, set `DISABLE_MODEL_SOURCE_CHECK` to `True`.[0m
/Users/zhaowenyuan/Projects/FlowFigTabMiner/flowfigtabminer/lib/python3.9/site-packages/onmt/modules/sparse_activations.py:48: FutureWarning: `torch.cuda.amp.custom_fwd(args...)` is deprecated. Please use `torch.amp.custom_fwd(args..., device_type='cuda')` instead.
  def forward(ctx, input, dim=0):
/Users/zhaowenyuan/Projects/FlowFigTabMiner/flowfigtabminer/lib/python3.9/site-packages/onmt/modules/sparse_activations.py:68: FutureWarning: `torch.cuda.amp.custom_bwd(args...)` is deprecated. Please use `torch.amp.custom_bwd(args..., device_type='cuda')` instead.
  def backward(ctx, grad_output):
/Users/zhaowenyuan/Projects/FlowFigTabMiner/flowfigtabminer/lib/python3.9/site-packages/onmt/modules/sparse_losses.py:13: FutureWarning: `torch.cuda.amp.custom_fwd(args...)` is deprecated. Please use `torch.amp.custom_fwd(args..., device_type='cuda')` instead.
  def forward(ctx, input, target):
/Users/zhaowenyuan/Projects/FlowFigTabMiner/flowfigtabminer/lib/python3.9/site-packages/onmt/modules/sparse_losses.py:37: FutureWarning: `torch.cuda.amp.custom_bwd(args...)` is deprecated. Please use `torch.amp.custom_bwd(args..., device_type='cuda')` instead.
  def backward(ctx, grad_output):
chiral_center_ids (from symbols): []
/Users/zhaowenyuan/Projects/FlowFigTabMiner/flowfigtabminer/lib/python3.9/site-packages/urllib3/__init__.py:35: NotOpenSSLWarning: urllib3 v2 only supports OpenSSL 1.1.1+, currently the 'ssl' module is compiled with 'LibreSSL 2.8.3'. See: https://github.com/urllib3/urllib3/issues/3020
  warnings.warn(
/Users/zhaowenyuan/Projects/FlowFigTabMiner/flowfigtabminer/lib/python3.9/site-packages/urllib3/__init__.py:35: NotOpenSSLWarning: urllib3 v2 only supports OpenSSL 1.1.1+, currently the 'ssl' module is compiled with 'LibreSSL 2.8.3'. See: https://github.com/urllib3/urllib3/issues/3020
  warnings.warn(
/Users/zhaowenyuan/Projects/FlowFigTabMiner/flowfigtabminer/lib/python3.9/site-packages/urllib3/__init__.py:35: NotOpenSSLWarning: urllib3 v2 only supports OpenSSL 1.1.1+, currently the 'ssl' module is compiled with 'LibreSSL 2.8.3'. See: https://github.com/urllib3/urllib3/issues/3020
  warnings.warn(
/Users/zhaowenyuan/Projects/FlowFigTabMiner/flowfigtabminer/lib/python3.9/site-packages/urllib3/__init__.py:35: NotOpenSSLWarning: urllib3 v2 only supports OpenSSL 1.1.1+, currently the 'ssl' module is compiled with 'LibreSSL 2.8.3'. See: https://github.com/urllib3/urllib3/issues/3020
  warnings.warn(
/Users/zhaowenyuan/Projects/FlowFigTabMiner/flowfigtabminer/lib/python3.9/site-packages/urllib3/__init__.py:35: NotOpenSSLWarning: urllib3 v2 only supports OpenSSL 1.1.1+, currently the 'ssl' module is compiled with 'LibreSSL 2.8.3'. See: https://github.com/urllib3/urllib3/issues/3020
  warnings.warn(
/Users/zhaowenyuan/Projects/FlowFigTabMiner/flowfigtabminer/lib/python3.9/site-packages/urllib3/__init__.py:35: NotOpenSSLWarning: urllib3 v2 only supports OpenSSL 1.1.1+, currently the 'ssl' module is compiled with 'LibreSSL 2.8.3'. See: https://github.com/urllib3/urllib3/issues/3020
  warnings.warn(
/Users/zhaowenyuan/Projects/FlowFigTabMiner/flowfigtabminer/lib/python3.9/site-packages/urllib3/__init__.py:35: NotOpenSSLWarning: urllib3 v2 only supports OpenSSL 1.1.1+, currently the 'ssl' module is compiled with 'LibreSSL 2.8.3'. See: https://github.com/urllib3/urllib3/issues/3020
  warnings.warn(
/Users/zhaowenyuan/Projects/FlowFigTabMiner/flowfigtabminer/lib/python3.9/site-packages/urllib3/__init__.py:35: NotOpenSSLWarning: urllib3 v2 only supports OpenSSL 1.1.1+, currently the 'ssl' module is compiled with 'LibreSSL 2.8.3'. See: https://github.com/urllib3/urllib3/issues/3020
  warnings.warn(
/Users/zhaowenyuan/Projects/FlowFigTabMiner/flowfigtabminer/lib/python3.9/site-packages/urllib3/__init__.py:35: NotOpenSSLWarning: urllib3 v2 only supports OpenSSL 1.1.1+, currently the 'ssl' module is compiled with 'LibreSSL 2.8.3'. See: https://github.com/urllib3/urllib3/issues/3020
  warnings.warn(
/Users/zhaowenyuan/Projects/FlowFigTabMiner/flowfigtabminer/lib/python3.9/site-packages/urllib3/__init__.py:35: NotOpenSSLWarning: urllib3 v2 only supports OpenSSL 1.1.1+, currently the 'ssl' module is compiled with 'LibreSSL 2.8.3'. See: https://github.com/urllib3/urllib3/issues/3020
  warnings.warn(
/Users/zhaowenyuan/Projects/FlowFigTabMiner/flowfigtabminer/lib/python3.9/site-packages/urllib3/__init__.py:35: NotOpenSSLWarning: urllib3 v2 only supports OpenSSL 1.1.1+, currently the 'ssl' module is compiled with 'LibreSSL 2.8.3'. See: https://github.com/urllib3/urllib3/issues/3020
  warnings.warn(
/Users/zhaowenyuan/Projects/FlowFigTabMiner/flowfigtabminer/lib/python3.9/site-packages/urllib3/__init__.py:35: NotOpenSSLWarning: urllib3 v2 only supports OpenSSL 1.1.1+, currently the 'ssl' module is compiled with 'LibreSSL 2.8.3'. See: https://github.com/urllib3/urllib3/issues/3020
  warnings.warn(
/Users/zhaowenyuan/Projects/FlowFigTabMiner/flowfigtabminer/lib/python3.9/site-packages/urllib3/__init__.py:35: NotOpenSSLWarning: urllib3 v2 only supports OpenSSL 1.1.1+, currently the 'ssl' module is compiled with 'LibreSSL 2.8.3'. See: https://github.com/urllib3/urllib3/issues/3020
  warnings.warn(
/Users/zhaowenyuan/Projects/FlowFigTabMiner/flowfigtabminer/lib/python3.9/site-packages/urllib3/__init__.py:35: NotOpenSSLWarning: urllib3 v2 only supports OpenSSL 1.1.1+, currently the 'ssl' module is compiled with 'LibreSSL 2.8.3'. See: https://github.com/urllib3/urllib3/issues/3020
  warnings.warn(
/Users/zhaowenyuan/Projects/FlowFigTabMiner/flowfigtabminer/lib/python3.9/site-packages/urllib3/__init__.py:35: NotOpenSSLWarning: urllib3 v2 only supports OpenSSL 1.1.1+, currently the 'ssl' module is compiled with 'LibreSSL 2.8.3'. See: https://github.com/urllib3/urllib3/issues/3020
  warnings.warn(
/Users/zhaowenyuan/Projects/FlowFigTabMiner/flowfigtabminer/lib/python3.9/site-packages/urllib3/__init__.py:35: NotOpenSSLWarning: urllib3 v2 only supports OpenSSL 1.1.1+, currently the 'ssl' module is compiled with 'LibreSSL 2.8.3'. See: https://github.com/urllib3/urllib3/issues/3020
  warnings.warn(
[33mChecking connectivity to the model hosters, this may take a while. To bypass this check, set `DISABLE_MODEL_SOURCE_CHECK` to `True`.[0m
[33mChecking connectivity to the model hosters, this may take a while. To bypass this check, set `DISABLE_MODEL_SOURCE_CHECK` to `True`.[0m
[33mChecking connectivity to the model hosters, this may take a while. To bypass this check, set `DISABLE_MODEL_SOURCE_CHECK` to `True`.[0m
[33mChecking connectivity to the model hosters, this may take a while. To bypass this check, set `DISABLE_MODEL_SOURCE_CHECK` to `True`.[0m
[33mChecking connectivity to the model hosters, this may take a while. To bypass this check, set `DISABLE_MODEL_SOURCE_CHECK` to `True`.[0m
[33mChecking connectivity to the model hosters, this may take a while. To bypass this check, set `DISABLE_MODEL_SOURCE_CHECK` to `True`.[0m
[33mChecking connectivity to the model hosters, this may take a while. To bypass this check, set `DISABLE_MODEL_SOURCE_CHECK` to `True`.[0m
[33mChecking connectivity to the model hosters, this may take a while. To bypass this check, set `DISABLE_MODEL_SOURCE_CHECK` to `True`.[0m
[33mChecking connectivity to the model hosters, this may take a while. To bypass this check, set `DISABLE_MODEL_SOURCE_CHECK` to `True`.[0m
[33mChecking connectivity to the model hosters, this may take a while. To bypass this check, set `DISABLE_MODEL_SOURCE_CHECK` to `True`.[0m
[33mChecking connectivity to the model hosters, this may take a while. To bypass this check, set `DISABLE_MODEL_SOURCE_CHECK` to `True`.[0m
[33mChecking connectivity to the model hosters, this may take a while. To bypass this check, set `DISABLE_MODEL_SOURCE_CHECK` to `True`.[0m
[33mChecking connectivity to the model hosters, this may take a while. To bypass this check, set `DISABLE_MODEL_SOURCE_CHECK` to `True`.[0m
[33mChecking connectivity to the model hosters, this may take a while. To bypass this check, set `DISABLE_MODEL_SOURCE_CHECK` to `True`.[0m
[33mChecking connectivity to the model hosters, this may take a while. To bypass this check, set `DISABLE_MODEL_SOURCE_CHECK` to `True`.[0m
[33mChecking connectivity to the model hosters, this may take a while. To bypass this check, set `DISABLE_MODEL_SOURCE_CHECK` to `True`.[0m
/Users/zhaowenyuan/Projects/FlowFigTabMiner/flowfigtabminer/lib/python3.9/site-packages/onmt/modules/sparse_activations.py:48: FutureWarning: `torch.cuda.amp.custom_fwd(args...)` is deprecated. Please use `torch.amp.custom_fwd(args..., device_type='cuda')` instead.
  def forward(ctx, input, dim=0):
/Users/zhaowenyuan/Projects/FlowFigTabMiner/flowfigtabminer/lib/python3.9/site-packages/onmt/modules/sparse_activations.py:68: FutureWarning: `torch.cuda.amp.custom_bwd(args...)` is deprecated. Please use `torch.amp.custom_bwd(args..., device_type='cuda')` instead.
  def backward(ctx, grad_output):
/Users/zhaowenyuan/Projects/FlowFigTabMiner/flowfigtabminer/lib/python3.9/site-packages/onmt/modules/sparse_losses.py:13: FutureWarning: `torch.cuda.amp.custom_fwd(args...)` is deprecated. Please use `torch.amp.custom_fwd(args..., device_type='cuda')` instead.
  def forward(ctx, input, target):
/Users/zhaowenyuan/Projects/FlowFigTabMiner/flowfigtabminer/lib/python3.9/site-packages/onmt/modules/sparse_losses.py:37: FutureWarning: `torch.cuda.amp.custom_bwd(args...)` is deprecated. Please use `torch.amp.custom_bwd(args..., device_type='cuda')` instead.
  def backward(ctx, grad_output):
chiral_center_ids (from symbols): []
/Users/zhaowenyuan/Projects/FlowFigTabMiner/flowfigtabminer/lib/python3.9/site-packages/urllib3/__init__.py:35: NotOpenSSLWarning: urllib3 v2 only supports OpenSSL 1.1.1+, currently the 'ssl' module is compiled with 'LibreSSL 2.8.3'. See: https://github.com/urllib3/urllib3/issues/3020
  warnings.warn(
/Users/zhaowenyuan/Projects/FlowFigTabMiner/flowfigtabminer/lib/python3.9/site-packages/urllib3/__init__.py:35: NotOpenSSLWarning: urllib3 v2 only supports OpenSSL 1.1.1+, currently the 'ssl' module is compiled with 'LibreSSL 2.8.3'. See: https://github.com/urllib3/urllib3/issues/3020
  warnings.warn(
/Users/zhaowenyuan/Projects/FlowFigTabMiner/flowfigtabminer/lib/python3.9/site-packages/urllib3/__init__.py:35: NotOpenSSLWarning: urllib3 v2 only supports OpenSSL 1.1.1+, currently the 'ssl' module is compiled with 'LibreSSL 2.8.3'. See: https://github.com/urllib3/urllib3/issues/3020
  warnings.warn(
/Users/zhaowenyuan/Projects/FlowFigTabMiner/flowfigtabminer/lib/python3.9/site-packages/urllib3/__init__.py:35: NotOpenSSLWarning: urllib3 v2 only supports OpenSSL 1.1.1+, currently the 'ssl' module is compiled with 'LibreSSL 2.8.3'. See: https://github.com/urllib3/urllib3/issues/3020
  warnings.warn(
/Users/zhaowenyuan/Projects/FlowFigTabMiner/flowfigtabminer/lib/python3.9/site-packages/urllib3/__init__.py:35: NotOpenSSLWarning: urllib3 v2 only supports OpenSSL 1.1.1+, currently the 'ssl' module is compiled with 'LibreSSL 2.8.3'. See: https://github.com/urllib3/urllib3/issues/3020
  warnings.warn(
/Users/zhaowenyuan/Projects/FlowFigTabMiner/flowfigtabminer/lib/python3.9/site-packages/urllib3/__init__.py:35: NotOpenSSLWarning: urllib3 v2 only supports OpenSSL 1.1.1+, currently the 'ssl' module is compiled with 'LibreSSL 2.8.3'. See: https://github.com/urllib3/urllib3/issues/3020
  warnings.warn(
/Users/zhaowenyuan/Projects/FlowFigTabMiner/flowfigtabminer/lib/python3.9/site-packages/urllib3/__init__.py:35: NotOpenSSLWarning: urllib3 v2 only supports OpenSSL 1.1.1+, currently the 'ssl' module is compiled with 'LibreSSL 2.8.3'. See: https://github.com/urllib3/urllib3/issues/3020
  warnings.warn(
/Users/zhaowenyuan/Projects/FlowFigTabMiner/flowfigtabminer/lib/python3.9/site-packages/urllib3/__init__.py:35: NotOpenSSLWarning: urllib3 v2 only supports OpenSSL 1.1.1+, currently the 'ssl' module is compiled with 'LibreSSL 2.8.3'. See: https://github.com/urllib3/urllib3/issues/3020
  warnings.warn(
/Users/zhaowenyuan/Projects/FlowFigTabMiner/flowfigtabminer/lib/python3.9/site-packages/urllib3/__init__.py:35: NotOpenSSLWarning: urllib3 v2 only supports OpenSSL 1.1.1+, currently the 'ssl' module is compiled with 'LibreSSL 2.8.3'. See: https://github.com/urllib3/urllib3/issues/3020
  warnings.warn(
/Users/zhaowenyuan/Projects/FlowFigTabMiner/flowfigtabminer/lib/python3.9/site-packages/urllib3/__init__.py:35: NotOpenSSLWarning: urllib3 v2 only supports OpenSSL 1.1.1+, currently the 'ssl' module is compiled with 'LibreSSL 2.8.3'. See: https://github.com/urllib3/urllib3/issues/3020
  warnings.warn(
/Users/zhaowenyuan/Projects/FlowFigTabMiner/flowfigtabminer/lib/python3.9/site-packages/urllib3/__init__.py:35: NotOpenSSLWarning: urllib3 v2 only supports OpenSSL 1.1.1+, currently the 'ssl' module is compiled with 'LibreSSL 2.8.3'. See: https://github.com/urllib3/urllib3/issues/3020
  warnings.warn(
/Users/zhaowenyuan/Projects/FlowFigTabMiner/flowfigtabminer/lib/python3.9/site-packages/urllib3/__init__.py:35: NotOpenSSLWarning: urllib3 v2 only supports OpenSSL 1.1.1+, currently the 'ssl' module is compiled with 'LibreSSL 2.8.3'. See: https://github.com/urllib3/urllib3/issues/3020
  warnings.warn(
/Users/zhaowenyuan/Projects/FlowFigTabMiner/flowfigtabminer/lib/python3.9/site-packages/urllib3/__init__.py:35: NotOpenSSLWarning: urllib3 v2 only supports OpenSSL 1.1.1+, currently the 'ssl' module is compiled with 'LibreSSL 2.8.3'. See: https://github.com/urllib3/urllib3/issues/3020
  warnings.warn(
/Users/zhaowenyuan/Projects/FlowFigTabMiner/flowfigtabminer/lib/python3.9/site-packages/urllib3/__init__.py:35: NotOpenSSLWarning: urllib3 v2 only supports OpenSSL 1.1.1+, currently the 'ssl' module is compiled with 'LibreSSL 2.8.3'. See: https://github.com/urllib3/urllib3/issues/3020
  warnings.warn(
/Users/zhaowenyuan/Projects/FlowFigTabMiner/flowfigtabminer/lib/python3.9/site-packages/urllib3/__init__.py:35: NotOpenSSLWarning: urllib3 v2 only supports OpenSSL 1.1.1+, currently the 'ssl' module is compiled with 'LibreSSL 2.8.3'. See: https://github.com/urllib3/urllib3/issues/3020
  warnings.warn(
/Users/zhaowenyuan/Projects/FlowFigTabMiner/flowfigtabminer/lib/python3.9/site-packages/urllib3/__init__.py:35: NotOpenSSLWarning: urllib3 v2 only supports OpenSSL 1.1.1+, currently the 'ssl' module is compiled with 'LibreSSL 2.8.3'. See: https://github.com/urllib3/urllib3/issues/3020
  warnings.warn(
[33mChecking connectivity to the model hosters, this may take a while. To bypass this check, set `DISABLE_MODEL_SOURCE_CHECK` to `True`.[0m
[33mChecking connectivity to the model hosters, this may take a while. To bypass this check, set `DISABLE_MODEL_SOURCE_CHECK` to `True`.[0m
[33mChecking connectivity to the model hosters, this may take a while. To bypass this check, set `DISABLE_MODEL_SOURCE_CHECK` to `True`.[0m
[33mChecking connectivity to the model hosters, this may take a while. To bypass this check, set `DISABLE_MODEL_SOURCE_CHECK` to `True`.[0m
[33mChecking connectivity to the model hosters, this may take a while. To bypass this check, set `DISABLE_MODEL_SOURCE_CHECK` to `True`.[0m
[33mChecking connectivity to the model hosters, this may take a while. To bypass this check, set `DISABLE_MODEL_SOURCE_CHECK` to `True`.[0m
[33mChecking connectivity to the model hosters, this may take a while. To bypass this check, set `DISABLE_MODEL_SOURCE_CHECK` to `True`.[0m
[33mChecking connectivity to the model hosters, this may take a while. To bypass this check, set `DISABLE_MODEL_SOURCE_CHECK` to `True`.[0m
[33mChecking connectivity to the model hosters, this may take a while. To bypass this check, set `DISABLE_MODEL_SOURCE_CHECK` to `True`.[0m
[33mChecking connectivity to the model hosters, this may take a while. To bypass this check, set `DISABLE_MODEL_SOURCE_CHECK` to `True`.[0m
[33mChecking connectivity to the model hosters, this may take a while. To bypass this check, set `DISABLE_MODEL_SOURCE_CHECK` to `True`.[0m
[33mChecking connectivity to the model hosters, this may take a while. To bypass this check, set `DISABLE_MODEL_SOURCE_CHECK` to `True`.[0m
[33mChecking connectivity to the model hosters, this may take a while. To bypass this check, set `DISABLE_MODEL_SOURCE_CHECK` to `True`.[0m
[33mChecking connectivity to the model hosters, this may take a while. To bypass this check, set `DISABLE_MODEL_SOURCE_CHECK` to `True`.[0m
[33mChecking connectivity to the model hosters, this may take a while. To bypass this check, set `DISABLE_MODEL_SOURCE_CHECK` to `True`.[0m
[33mChecking connectivity to the model hosters, this may take a while. To bypass this check, set `DISABLE_MODEL_SOURCE_CHECK` to `True`.[0m
/Users/zhaowenyuan/Projects/FlowFigTabMiner/flowfigtabminer/lib/python3.9/site-packages/onmt/modules/sparse_activations.py:48: FutureWarning: `torch.cuda.amp.custom_fwd(args...)` is deprecated. Please use `torch.amp.custom_fwd(args..., device_type='cuda')` instead.
  def forward(ctx, input, dim=0):
/Users/zhaowenyuan/Projects/FlowFigTabMiner/flowfigtabminer/lib/python3.9/site-packages/onmt/modules/sparse_activations.py:68: FutureWarning: `torch.cuda.amp.custom_bwd(args...)` is deprecated. Please use `torch.amp.custom_bwd(args..., device_type='cuda')` instead.
  def backward(ctx, grad_output):
/Users/zhaowenyuan/Projects/FlowFigTabMiner/flowfigtabminer/lib/python3.9/site-packages/onmt/modules/sparse_losses.py:13: FutureWarning: `torch.cuda.amp.custom_fwd(args...)` is deprecated. Please use `torch.amp.custom_fwd(args..., device_type='cuda')` instead.
  def forward(ctx, input, target):
/Users/zhaowenyuan/Projects/FlowFigTabMiner/flowfigtabminer/lib/python3.9/site-packages/onmt/modules/sparse_losses.py:37: FutureWarning: `torch.cuda.amp.custom_bwd(args...)` is deprecated. Please use `torch.amp.custom_bwd(args..., device_type='cuda')` instead.
  def backward(ctx, grad_output):
chiral_center_ids (from symbols): []
/Users/zhaowenyuan/Projects/FlowFigTabMiner/flowfigtabminer/lib/python3.9/site-packages/urllib3/__init__.py:35: NotOpenSSLWarning: urllib3 v2 only supports OpenSSL 1.1.1+, currently the 'ssl' module is compiled with 'LibreSSL 2.8.3'. See: https://github.com/urllib3/urllib3/issues/3020
  warnings.warn(
/Users/zhaowenyuan/Projects/FlowFigTabMiner/flowfigtabminer/lib/python3.9/site-packages/urllib3/__init__.py:35: NotOpenSSLWarning: urllib3 v2 only supports OpenSSL 1.1.1+, currently the 'ssl' module is compiled with 'LibreSSL 2.8.3'. See: https://github.com/urllib3/urllib3/issues/3020
  warnings.warn(
/Users/zhaowenyuan/Projects/FlowFigTabMiner/flowfigtabminer/lib/python3.9/site-packages/urllib3/__init__.py:35: NotOpenSSLWarning: urllib3 v2 only supports OpenSSL 1.1.1+, currently the 'ssl' module is compiled with 'LibreSSL 2.8.3'. See: https://github.com/urllib3/urllib3/issues/3020
  warnings.warn(
/Users/zhaowenyuan/Projects/FlowFigTabMiner/flowfigtabminer/lib/python3.9/site-packages/urllib3/__init__.py:35: NotOpenSSLWarning: urllib3 v2 only supports OpenSSL 1.1.1+, currently the 'ssl' module is compiled with 'LibreSSL 2.8.3'. See: https://github.com/urllib3/urllib3/issues/3020
  warnings.warn(
/Users/zhaowenyuan/Projects/FlowFigTabMiner/flowfigtabminer/lib/python3.9/site-packages/urllib3/__init__.py:35: NotOpenSSLWarning: urllib3 v2 only supports OpenSSL 1.1.1+, currently the 'ssl' module is compiled with 'LibreSSL 2.8.3'. See: https://github.com/urllib3/urllib3/issues/3020
  warnings.warn(
/Users/zhaowenyuan/Projects/FlowFigTabMiner/flowfigtabminer/lib/python3.9/site-packages/urllib3/__init__.py:35: NotOpenSSLWarning: urllib3 v2 only supports OpenSSL 1.1.1+, currently the 'ssl' module is compiled with 'LibreSSL 2.8.3'. See: https://github.com/urllib3/urllib3/issues/3020
  warnings.warn(
/Users/zhaowenyuan/Projects/FlowFigTabMiner/flowfigtabminer/lib/python3.9/site-packages/urllib3/__init__.py:35: NotOpenSSLWarning: urllib3 v2 only supports OpenSSL 1.1.1+, currently the 'ssl' module is compiled with 'LibreSSL 2.8.3'. See: https://github.com/urllib3/urllib3/issues/3020
  warnings.warn(
/Users/zhaowenyuan/Projects/FlowFigTabMiner/flowfigtabminer/lib/python3.9/site-packages/urllib3/__init__.py:35: NotOpenSSLWarning: urllib3 v2 only supports OpenSSL 1.1.1+, currently the 'ssl' module is compiled with 'LibreSSL 2.8.3'. See: https://github.com/urllib3/urllib3/issues/3020
  warnings.warn(
/Users/zhaowenyuan/Projects/FlowFigTabMiner/flowfigtabminer/lib/python3.9/site-packages/urllib3/__init__.py:35: NotOpenSSLWarning: urllib3 v2 only supports OpenSSL 1.1.1+, currently the 'ssl' module is compiled with 'LibreSSL 2.8.3'. See: https://github.com/urllib3/urllib3/issues/3020
  warnings.warn(
/Users/zhaowenyuan/Projects/FlowFigTabMiner/flowfigtabminer/lib/python3.9/site-packages/urllib3/__init__.py:35: NotOpenSSLWarning: urllib3 v2 only supports OpenSSL 1.1.1+, currently the 'ssl' module is compiled with 'LibreSSL 2.8.3'. See: https://github.com/urllib3/urllib3/issues/3020
  warnings.warn(
/Users/zhaowenyuan/Projects/FlowFigTabMiner/flowfigtabminer/lib/python3.9/site-packages/urllib3/__init__.py:35: NotOpenSSLWarning: urllib3 v2 only supports OpenSSL 1.1.1+, currently the 'ssl' module is compiled with 'LibreSSL 2.8.3'. See: https://github.com/urllib3/urllib3/issues/3020
  warnings.warn(
/Users/zhaowenyuan/Projects/FlowFigTabMiner/flowfigtabminer/lib/python3.9/site-packages/urllib3/__init__.py:35: NotOpenSSLWarning: urllib3 v2 only supports OpenSSL 1.1.1+, currently the 'ssl' module is compiled with 'LibreSSL 2.8.3'. See: https://github.com/urllib3/urllib3/issues/3020
  warnings.warn(
/Users/zhaowenyuan/Projects/FlowFigTabMiner/flowfigtabminer/lib/python3.9/site-packages/urllib3/__init__.py:35: NotOpenSSLWarning: urllib3 v2 only supports OpenSSL 1.1.1+, currently the 'ssl' module is compiled with 'LibreSSL 2.8.3'. See: https://github.com/urllib3/urllib3/issues/3020
  warnings.warn(
/Users/zhaowenyuan/Projects/FlowFigTabMiner/flowfigtabminer/lib/python3.9/site-packages/urllib3/__init__.py:35: NotOpenSSLWarning: urllib3 v2 only supports OpenSSL 1.1.1+, currently the 'ssl' module is compiled with 'LibreSSL 2.8.3'. See: https://github.com/urllib3/urllib3/issues/3020
  warnings.warn(
/Users/zhaowenyuan/Projects/FlowFigTabMiner/flowfigtabminer/lib/python3.9/site-packages/urllib3/__init__.py:35: NotOpenSSLWarning: urllib3 v2 only supports OpenSSL 1.1.1+, currently the 'ssl' module is compiled with 'LibreSSL 2.8.3'. See: https://github.com/urllib3/urllib3/issues/3020
  warnings.warn(
/Users/zhaowenyuan/Projects/FlowFigTabMiner/flowfigtabminer/lib/python3.9/site-packages/urllib3/__init__.py:35: NotOpenSSLWarning: urllib3 v2 only supports OpenSSL 1.1.1+, currently the 'ssl' module is compiled with 'LibreSSL 2.8.3'. See: https://github.com/urllib3/urllib3/issues/3020
  warnings.warn(
[33mChecking connectivity to the model hosters, this may take a while. To bypass this check, set `DISABLE_MODEL_SOURCE_CHECK` to `True`.[0m
[33mChecking connectivity to the model hosters, this may take a while. To bypass this check, set `DISABLE_MODEL_SOURCE_CHECK` to `True`.[0m
[33mChecking connectivity to the model hosters, this may take a while. To bypass this check, set `DISABLE_MODEL_SOURCE_CHECK` to `True`.[0m
[33mChecking connectivity to the model hosters, this may take a while. To bypass this check, set `DISABLE_MODEL_SOURCE_CHECK` to `True`.[0m
[33mChecking connectivity to the model hosters, this may take a while. To bypass this check, set `DISABLE_MODEL_SOURCE_CHECK` to `True`.[0m
[33mChecking connectivity to the model hosters, this may take a while. To bypass this check, set `DISABLE_MODEL_SOURCE_CHECK` to `True`.[0m
[33mChecking connectivity to the model hosters, this may take a while. To bypass this check, set `DISABLE_MODEL_SOURCE_CHECK` to `True`.[0m
[33mChecking connectivity to the model hosters, this may take a while. To bypass this check, set `DISABLE_MODEL_SOURCE_CHECK` to `True`.[0m
[33mChecking connectivity to the model hosters, this may take a while. To bypass this check, set `DISABLE_MODEL_SOURCE_CHECK` to `True`.[0m
[33mChecking connectivity to the model hosters, this may take a while. To bypass this check, set `DISABLE_MODEL_SOURCE_CHECK` to `True`.[0m
[33mChecking connectivity to the model hosters, this may take a while. To bypass this check, set `DISABLE_MODEL_SOURCE_CHECK` to `True`.[0m
[33mChecking connectivity to the model hosters, this may take a while. To bypass this check, set `DISABLE_MODEL_SOURCE_CHECK` to `True`.[0m
[33mChecking connectivity to the model hosters, this may take a while. To bypass this check, set `DISABLE_MODEL_SOURCE_CHECK` to `True`.[0m
[33mChecking connectivity to the model hosters, this may take a while. To bypass this check, set `DISABLE_MODEL_SOURCE_CHECK` to `True`.[0m
[33mChecking connectivity to the model hosters, this may take a while. To bypass this check, set `DISABLE_MODEL_SOURCE_CHECK` to `True`.[0m
[33mChecking connectivity to the model hosters, this may take a while. To bypass this check, set `DISABLE_MODEL_SOURCE_CHECK` to `True`.[0m
/Users/zhaowenyuan/Projects/FlowFigTabMiner/flowfigtabminer/lib/python3.9/site-packages/onmt/modules/sparse_activations.py:48: FutureWarning: `torch.cuda.amp.custom_fwd(args...)` is deprecated. Please use `torch.amp.custom_fwd(args..., device_type='cuda')` instead.
  def forward(ctx, input, dim=0):
/Users/zhaowenyuan/Projects/FlowFigTabMiner/flowfigtabminer/lib/python3.9/site-packages/onmt/modules/sparse_activations.py:68: FutureWarning: `torch.cuda.amp.custom_bwd(args...)` is deprecated. Please use `torch.amp.custom_bwd(args..., device_type='cuda')` instead.
  def backward(ctx, grad_output):
/Users/zhaowenyuan/Projects/FlowFigTabMiner/flowfigtabminer/lib/python3.9/site-packages/onmt/modules/sparse_losses.py:13: FutureWarning: `torch.cuda.amp.custom_fwd(args...)` is deprecated. Please use `torch.amp.custom_fwd(args..., device_type='cuda')` instead.
  def forward(ctx, input, target):
/Users/zhaowenyuan/Projects/FlowFigTabMiner/flowfigtabminer/lib/python3.9/site-packages/onmt/modules/sparse_losses.py:37: FutureWarning: `torch.cuda.amp.custom_bwd(args...)` is deprecated. Please use `torch.amp.custom_bwd(args..., device_type='cuda')` instead.
  def backward(ctx, grad_output):
chiral_center_ids (from symbols): []
/Users/zhaowenyuan/Projects/FlowFigTabMiner/flowfigtabminer/lib/python3.9/site-packages/urllib3/__init__.py:35: NotOpenSSLWarning: urllib3 v2 only supports OpenSSL 1.1.1+, currently the 'ssl' module is compiled with 'LibreSSL 2.8.3'. See: https://github.com/urllib3/urllib3/issues/3020
  warnings.warn(
/Users/zhaowenyuan/Projects/FlowFigTabMiner/flowfigtabminer/lib/python3.9/site-packages/urllib3/__init__.py:35: NotOpenSSLWarning: urllib3 v2 only supports OpenSSL 1.1.1+, currently the 'ssl' module is compiled with 'LibreSSL 2.8.3'. See: https://github.com/urllib3/urllib3/issues/3020
  warnings.warn(
/Users/zhaowenyuan/Projects/FlowFigTabMiner/flowfigtabminer/lib/python3.9/site-packages/urllib3/__init__.py:35: NotOpenSSLWarning: urllib3 v2 only supports OpenSSL 1.1.1+, currently the 'ssl' module is compiled with 'LibreSSL 2.8.3'. See: https://github.com/urllib3/urllib3/issues/3020
  warnings.warn(
/Users/zhaowenyuan/Projects/FlowFigTabMiner/flowfigtabminer/lib/python3.9/site-packages/urllib3/__init__.py:35: NotOpenSSLWarning: urllib3 v2 only supports OpenSSL 1.1.1+, currently the 'ssl' module is compiled with 'LibreSSL 2.8.3'. See: https://github.com/urllib3/urllib3/issues/3020
  warnings.warn(
/Users/zhaowenyuan/Projects/FlowFigTabMiner/flowfigtabminer/lib/python3.9/site-packages/urllib3/__init__.py:35: NotOpenSSLWarning: urllib3 v2 only supports OpenSSL 1.1.1+, currently the 'ssl' module is compiled with 'LibreSSL 2.8.3'. See: https://github.com/urllib3/urllib3/issues/3020
  warnings.warn(
/Users/zhaowenyuan/Projects/FlowFigTabMiner/flowfigtabminer/lib/python3.9/site-packages/urllib3/__init__.py:35: NotOpenSSLWarning: urllib3 v2 only supports OpenSSL 1.1.1+, currently the 'ssl' module is compiled with 'LibreSSL 2.8.3'. See: https://github.com/urllib3/urllib3/issues/3020
  warnings.warn(
/Users/zhaowenyuan/Projects/FlowFigTabMiner/flowfigtabminer/lib/python3.9/site-packages/urllib3/__init__.py:35: NotOpenSSLWarning: urllib3 v2 only supports OpenSSL 1.1.1+, currently the 'ssl' module is compiled with 'LibreSSL 2.8.3'. See: https://github.com/urllib3/urllib3/issues/3020
  warnings.warn(
/Users/zhaowenyuan/Projects/FlowFigTabMiner/flowfigtabminer/lib/python3.9/site-packages/urllib3/__init__.py:35: NotOpenSSLWarning: urllib3 v2 only supports OpenSSL 1.1.1+, currently the 'ssl' module is compiled with 'LibreSSL 2.8.3'. See: https://github.com/urllib3/urllib3/issues/3020
  warnings.warn(
/Users/zhaowenyuan/Projects/FlowFigTabMiner/flowfigtabminer/lib/python3.9/site-packages/urllib3/__init__.py:35: NotOpenSSLWarning: urllib3 v2 only supports OpenSSL 1.1.1+, currently the 'ssl' module is compiled with 'LibreSSL 2.8.3'. See: https://github.com/urllib3/urllib3/issues/3020
  warnings.warn(
/Users/zhaowenyuan/Projects/FlowFigTabMiner/flowfigtabminer/lib/python3.9/site-packages/urllib3/__init__.py:35: NotOpenSSLWarning: urllib3 v2 only supports OpenSSL 1.1.1+, currently the 'ssl' module is compiled with 'LibreSSL 2.8.3'. See: https://github.com/urllib3/urllib3/issues/3020
  warnings.warn(
/Users/zhaowenyuan/Projects/FlowFigTabMiner/flowfigtabminer/lib/python3.9/site-packages/urllib3/__init__.py:35: NotOpenSSLWarning: urllib3 v2 only supports OpenSSL 1.1.1+, currently the 'ssl' module is compiled with 'LibreSSL 2.8.3'. See: https://github.com/urllib3/urllib3/issues/3020
  warnings.warn(
/Users/zhaowenyuan/Projects/FlowFigTabMiner/flowfigtabminer/lib/python3.9/site-packages/urllib3/__init__.py:35: NotOpenSSLWarning: urllib3 v2 only supports OpenSSL 1.1.1+, currently the 'ssl' module is compiled with 'LibreSSL 2.8.3'. See: https://github.com/urllib3/urllib3/issues/3020
  warnings.warn(
/Users/zhaowenyuan/Projects/FlowFigTabMiner/flowfigtabminer/lib/python3.9/site-packages/urllib3/__init__.py:35: NotOpenSSLWarning: urllib3 v2 only supports OpenSSL 1.1.1+, currently the 'ssl' module is compiled with 'LibreSSL 2.8.3'. See: https://github.com/urllib3/urllib3/issues/3020
  warnings.warn(
/Users/zhaowenyuan/Projects/FlowFigTabMiner/flowfigtabminer/lib/python3.9/site-packages/urllib3/__init__.py:35: NotOpenSSLWarning: urllib3 v2 only supports OpenSSL 1.1.1+, currently the 'ssl' module is compiled with 'LibreSSL 2.8.3'. See: https://github.com/urllib3/urllib3/issues/3020
  warnings.warn(
/Users/zhaowenyuan/Projects/FlowFigTabMiner/flowfigtabminer/lib/python3.9/site-packages/urllib3/__init__.py:35: NotOpenSSLWarning: urllib3 v2 only supports OpenSSL 1.1.1+, currently the 'ssl' module is compiled with 'LibreSSL 2.8.3'. See: https://github.com/urllib3/urllib3/issues/3020
  warnings.warn(
/Users/zhaowenyuan/Projects/FlowFigTabMiner/flowfigtabminer/lib/python3.9/site-packages/urllib3/__init__.py:35: NotOpenSSLWarning: urllib3 v2 only supports OpenSSL 1.1.1+, currently the 'ssl' module is compiled with 'LibreSSL 2.8.3'. See: https://github.com/urllib3/urllib3/issues/3020
  warnings.warn(
[33mChecking connectivity to the model hosters, this may take a while. To bypass this check, set `DISABLE_MODEL_SOURCE_CHECK` to `True`.[0m
[33mChecking connectivity to the model hosters, this may take a while. To bypass this check, set `DISABLE_MODEL_SOURCE_CHECK` to `True`.[0m
[33mChecking connectivity to the model hosters, this may take a while. To bypass this check, set `DISABLE_MODEL_SOURCE_CHECK` to `True`.[0m
[33mChecking connectivity to the model hosters, this may take a while. To bypass this check, set `DISABLE_MODEL_SOURCE_CHECK` to `True`.[0m
[33mChecking connectivity to the model hosters, this may take a while. To bypass this check, set `DISABLE_MODEL_SOURCE_CHECK` to `True`.[0m
[33mChecking connectivity to the model hosters, this may take a while. To bypass this check, set `DISABLE_MODEL_SOURCE_CHECK` to `True`.[0m
[33mChecking connectivity to the model hosters, this may take a while. To bypass this check, set `DISABLE_MODEL_SOURCE_CHECK` to `True`.[0m
[33mChecking connectivity to the model hosters, this may take a while. To bypass this check, set `DISABLE_MODEL_SOURCE_CHECK` to `True`.[0m
[33mChecking connectivity to the model hosters, this may take a while. To bypass this check, set `DISABLE_MODEL_SOURCE_CHECK` to `True`.[0m
[33mChecking connectivity to the model hosters, this may take a while. To bypass this check, set `DISABLE_MODEL_SOURCE_CHECK` to `True`.[0m
[33mChecking connectivity to the model hosters, this may take a while. To bypass this check, set `DISABLE_MODEL_SOURCE_CHECK` to `True`.[0m
[33mChecking connectivity to the model hosters, this may take a while. To bypass this check, set `DISABLE_MODEL_SOURCE_CHECK` to `True`.[0m
[33mChecking connectivity to the model hosters, this may take a while. To bypass this check, set `DISABLE_MODEL_SOURCE_CHECK` to `True`.[0m
[33mChecking connectivity to the model hosters, this may take a while. To bypass this check, set `DISABLE_MODEL_SOURCE_CHECK` to `True`.[0m
[33mChecking connectivity to the model hosters, this may take a while. To bypass this check, set `DISABLE_MODEL_SOURCE_CHECK` to `True`.[0m
[33mChecking connectivity to the model hosters, this may take a while. To bypass this check, set `DISABLE_MODEL_SOURCE_CHECK` to `True`.[0m
/Users/zhaowenyuan/Projects/FlowFigTabMiner/flowfigtabminer/lib/python3.9/site-packages/onmt/modules/sparse_activations.py:48: FutureWarning: `torch.cuda.amp.custom_fwd(args...)` is deprecated. Please use `torch.amp.custom_fwd(args..., device_type='cuda')` instead.
  def forward(ctx, input, dim=0):
/Users/zhaowenyuan/Projects/FlowFigTabMiner/flowfigtabminer/lib/python3.9/site-packages/onmt/modules/sparse_activations.py:48: FutureWarning: `torch.cuda.amp.custom_fwd(args...)` is deprecated. Please use `torch.amp.custom_fwd(args..., device_type='cuda')` instead.
  def forward(ctx, input, dim=0):
/Users/zhaowenyuan/Projects/FlowFigTabMiner/flowfigtabminer/lib/python3.9/site-packages/onmt/modules/sparse_activations.py:68: FutureWarning: `torch.cuda.amp.custom_bwd(args...)` is deprecated. Please use `torch.amp.custom_bwd(args..., device_type='cuda')` instead.
  def backward(ctx, grad_output):
/Users/zhaowenyuan/Projects/FlowFigTabMiner/flowfigtabminer/lib/python3.9/site-packages/onmt/modules/sparse_activations.py:68: FutureWarning: `torch.cuda.amp.custom_bwd(args...)` is deprecated. Please use `torch.amp.custom_bwd(args..., device_type='cuda')` instead.
  def backward(ctx, grad_output):
/Users/zhaowenyuan/Projects/FlowFigTabMiner/flowfigtabminer/lib/python3.9/site-packages/onmt/modules/sparse_losses.py:13: FutureWarning: `torch.cuda.amp.custom_fwd(args...)` is deprecated. Please use `torch.amp.custom_fwd(args..., device_type='cuda')` instead.
  def forward(ctx, input, target):
/Users/zhaowenyuan/Projects/FlowFigTabMiner/flowfigtabminer/lib/python3.9/site-packages/onmt/modules/sparse_losses.py:37: FutureWarning: `torch.cuda.amp.custom_bwd(args...)` is deprecated. Please use `torch.amp.custom_bwd(args..., device_type='cuda')` instead.
  def backward(ctx, grad_output):
/Users/zhaowenyuan/Projects/FlowFigTabMiner/flowfigtabminer/lib/python3.9/site-packages/onmt/modules/sparse_losses.py:13: FutureWarning: `torch.cuda.amp.custom_fwd(args...)` is deprecated. Please use `torch.amp.custom_fwd(args..., device_type='cuda')` instead.
  def forward(ctx, input, target):
/Users/zhaowenyuan/Projects/FlowFigTabMiner/flowfigtabminer/lib/python3.9/site-packages/onmt/modules/sparse_losses.py:37: FutureWarning: `torch.cuda.amp.custom_bwd(args...)` is deprecated. Please use `torch.amp.custom_bwd(args..., device_type='cuda')` instead.
  def backward(ctx, grad_output):
chiral_center_ids (from symbols): []
/Users/zhaowenyuan/Projects/FlowFigTabMiner/flowfigtabminer/lib/python3.9/site-packages/urllib3/__init__.py:35: NotOpenSSLWarning: urllib3 v2 only supports OpenSSL 1.1.1+, currently the 'ssl' module is compiled with 'LibreSSL 2.8.3'. See: https://github.com/urllib3/urllib3/issues/3020
  warnings.warn(
/Users/zhaowenyuan/Projects/FlowFigTabMiner/flowfigtabminer/lib/python3.9/site-packages/urllib3/__init__.py:35: NotOpenSSLWarning: urllib3 v2 only supports OpenSSL 1.1.1+, currently the 'ssl' module is compiled with 'LibreSSL 2.8.3'. See: https://github.com/urllib3/urllib3/issues/3020
  warnings.warn(
/Users/zhaowenyuan/Projects/FlowFigTabMiner/flowfigtabminer/lib/python3.9/site-packages/urllib3/__init__.py:35: NotOpenSSLWarning: urllib3 v2 only supports OpenSSL 1.1.1+, currently the 'ssl' module is compiled with 'LibreSSL 2.8.3'. See: https://github.com/urllib3/urllib3/issues/3020
  warnings.warn(
/Users/zhaowenyuan/Projects/FlowFigTabMiner/flowfigtabminer/lib/python3.9/site-packages/urllib3/__init__.py:35: NotOpenSSLWarning: urllib3 v2 only supports OpenSSL 1.1.1+, currently the 'ssl' module is compiled with 'LibreSSL 2.8.3'. See: https://github.com/urllib3/urllib3/issues/3020
  warnings.warn(
/Users/zhaowenyuan/Projects/FlowFigTabMiner/flowfigtabminer/lib/python3.9/site-packages/urllib3/__init__.py:35: NotOpenSSLWarning: urllib3 v2 only supports OpenSSL 1.1.1+, currently the 'ssl' module is compiled with 'LibreSSL 2.8.3'. See: https://github.com/urllib3/urllib3/issues/3020
  warnings.warn(
/Users/zhaowenyuan/Projects/FlowFigTabMiner/flowfigtabminer/lib/python3.9/site-packages/urllib3/__init__.py:35: NotOpenSSLWarning: urllib3 v2 only supports OpenSSL 1.1.1+, currently the 'ssl' module is compiled with 'LibreSSL 2.8.3'. See: https://github.com/urllib3/urllib3/issues/3020
  warnings.warn(
/Users/zhaowenyuan/Projects/FlowFigTabMiner/flowfigtabminer/lib/python3.9/site-packages/urllib3/__init__.py:35: NotOpenSSLWarning: urllib3 v2 only supports OpenSSL 1.1.1+, currently the 'ssl' module is compiled with 'LibreSSL 2.8.3'. See: https://github.com/urllib3/urllib3/issues/3020
  warnings.warn(
/Users/zhaowenyuan/Projects/FlowFigTabMiner/flowfigtabminer/lib/python3.9/site-packages/urllib3/__init__.py:35: NotOpenSSLWarning: urllib3 v2 only supports OpenSSL 1.1.1+, currently the 'ssl' module is compiled with 'LibreSSL 2.8.3'. See: https://github.com/urllib3/urllib3/issues/3020
  warnings.warn(
/Users/zhaowenyuan/Projects/FlowFigTabMiner/flowfigtabminer/lib/python3.9/site-packages/urllib3/__init__.py:35: NotOpenSSLWarning: urllib3 v2 only supports OpenSSL 1.1.1+, currently the 'ssl' module is compiled with 'LibreSSL 2.8.3'. See: https://github.com/urllib3/urllib3/issues/3020
  warnings.warn(
/Users/zhaowenyuan/Projects/FlowFigTabMiner/flowfigtabminer/lib/python3.9/site-packages/urllib3/__init__.py:35: NotOpenSSLWarning: urllib3 v2 only supports OpenSSL 1.1.1+, currently the 'ssl' module is compiled with 'LibreSSL 2.8.3'. See: https://github.com/urllib3/urllib3/issues/3020
  warnings.warn(
/Users/zhaowenyuan/Projects/FlowFigTabMiner/flowfigtabminer/lib/python3.9/site-packages/urllib3/__init__.py:35: NotOpenSSLWarning: urllib3 v2 only supports OpenSSL 1.1.1+, currently the 'ssl' module is compiled with 'LibreSSL 2.8.3'. See: https://github.com/urllib3/urllib3/issues/3020
  warnings.warn(
/Users/zhaowenyuan/Projects/FlowFigTabMiner/flowfigtabminer/lib/python3.9/site-packages/urllib3/__init__.py:35: NotOpenSSLWarning: urllib3 v2 only supports OpenSSL 1.1.1+, currently the 'ssl' module is compiled with 'LibreSSL 2.8.3'. See: https://github.com/urllib3/urllib3/issues/3020
  warnings.warn(
/Users/zhaowenyuan/Projects/FlowFigTabMiner/flowfigtabminer/lib/python3.9/site-packages/urllib3/__init__.py:35: NotOpenSSLWarning: urllib3 v2 only supports OpenSSL 1.1.1+, currently the 'ssl' module is compiled with 'LibreSSL 2.8.3'. See: https://github.com/urllib3/urllib3/issues/3020
  warnings.warn(
/Users/zhaowenyuan/Projects/FlowFigTabMiner/flowfigtabminer/lib/python3.9/site-packages/urllib3/__init__.py:35: NotOpenSSLWarning: urllib3 v2 only supports OpenSSL 1.1.1+, currently the 'ssl' module is compiled with 'LibreSSL 2.8.3'. See: https://github.com/urllib3/urllib3/issues/3020
  warnings.warn(
/Users/zhaowenyuan/Projects/FlowFigTabMiner/flowfigtabminer/lib/python3.9/site-packages/urllib3/__init__.py:35: NotOpenSSLWarning: urllib3 v2 only supports OpenSSL 1.1.1+, currently the 'ssl' module is compiled with 'LibreSSL 2.8.3'. See: https://github.com/urllib3/urllib3/issues/3020
  warnings.warn(
/Users/zhaowenyuan/Projects/FlowFigTabMiner/flowfigtabminer/lib/python3.9/site-packages/urllib3/__init__.py:35: NotOpenSSLWarning: urllib3 v2 only supports OpenSSL 1.1.1+, currently the 'ssl' module is compiled with 'LibreSSL 2.8.3'. See: https://github.com/urllib3/urllib3/issues/3020
  warnings.warn(
[33mChecking connectivity to the model hosters, this may take a while. To bypass this check, set `DISABLE_MODEL_SOURCE_CHECK` to `True`.[0m
[33mChecking connectivity to the model hosters, this may take a while. To bypass this check, set `DISABLE_MODEL_SOURCE_CHECK` to `True`.[0m
[33mChecking connectivity to the model hosters, this may take a while. To bypass this check, set `DISABLE_MODEL_SOURCE_CHECK` to `True`.[0m
[33mChecking connectivity to the model hosters, this may take a while. To bypass this check, set `DISABLE_MODEL_SOURCE_CHECK` to `True`.[0m
[33mChecking connectivity to the model hosters, this may take a while. To bypass this check, set `DISABLE_MODEL_SOURCE_CHECK` to `True`.[0m
[33mChecking connectivity to the model hosters, this may take a while. To bypass this check, set `DISABLE_MODEL_SOURCE_CHECK` to `True`.[0m
[33mChecking connectivity to the model hosters, this may take a while. To bypass this check, set `DISABLE_MODEL_SOURCE_CHECK` to `True`.[0m
[33mChecking connectivity to the model hosters, this may take a while. To bypass this check, set `DISABLE_MODEL_SOURCE_CHECK` to `True`.[0m
[33mChecking connectivity to the model hosters, this may take a while. To bypass this check, set `DISABLE_MODEL_SOURCE_CHECK` to `True`.[0m
[33mChecking connectivity to the model hosters, this may take a while. To bypass this check, set `DISABLE_MODEL_SOURCE_CHECK` to `True`.[0m
[33mChecking connectivity to the model hosters, this may take a while. To bypass this check, set `DISABLE_MODEL_SOURCE_CHECK` to `True`.[0m
[33mChecking connectivity to the model hosters, this may take a while. To bypass this check, set `DISABLE_MODEL_SOURCE_CHECK` to `True`.[0m
[33mChecking connectivity to the model hosters, this may take a while. To bypass this check, set `DISABLE_MODEL_SOURCE_CHECK` to `True`.[0m
[33mChecking connectivity to the model hosters, this may take a while. To bypass this check, set `DISABLE_MODEL_SOURCE_CHECK` to `True`.[0m
[33mChecking connectivity to the model hosters, this may take a while. To bypass this check, set `DISABLE_MODEL_SOURCE_CHECK` to `True`.[0m
[33mChecking connectivity to the model hosters, this may take a while. To bypass this check, set `DISABLE_MODEL_SOURCE_CHECK` to `True`.[0m
/Users/zhaowenyuan/Projects/FlowFigTabMiner/flowfigtabminer/lib/python3.9/site-packages/onmt/modules/sparse_activations.py:48: FutureWarning: `torch.cuda.amp.custom_fwd(args...)` is deprecated. Please use `torch.amp.custom_fwd(args..., device_type='cuda')` instead.
  def forward(ctx, input, dim=0):
/Users/zhaowenyuan/Projects/FlowFigTabMiner/flowfigtabminer/lib/python3.9/site-packages/onmt/modules/sparse_activations.py:68: FutureWarning: `torch.cuda.amp.custom_bwd(args...)` is deprecated. Please use `torch.amp.custom_bwd(args..., device_type='cuda')` instead.
  def backward(ctx, grad_output):
/Users/zhaowenyuan/Projects/FlowFigTabMiner/flowfigtabminer/lib/python3.9/site-packages/onmt/modules/sparse_losses.py:13: FutureWarning: `torch.cuda.amp.custom_fwd(args...)` is deprecated. Please use `torch.amp.custom_fwd(args..., device_type='cuda')` instead.
  def forward(ctx, input, target):
/Users/zhaowenyuan/Projects/FlowFigTabMiner/flowfigtabminer/lib/python3.9/site-packages/onmt/modules/sparse_losses.py:37: FutureWarning: `torch.cuda.amp.custom_bwd(args...)` is deprecated. Please use `torch.amp.custom_bwd(args..., device_type='cuda')` instead.
  def backward(ctx, grad_output):
chiral_center_ids (from symbols): []
/Users/zhaowenyuan/Projects/FlowFigTabMiner/flowfigtabminer/lib/python3.9/site-packages/urllib3/__init__.py:35: NotOpenSSLWarning: urllib3 v2 only supports OpenSSL 1.1.1+, currently the 'ssl' module is compiled with 'LibreSSL 2.8.3'. See: https://github.com/urllib3/urllib3/issues/3020
  warnings.warn(
/Users/zhaowenyuan/Projects/FlowFigTabMiner/flowfigtabminer/lib/python3.9/site-packages/urllib3/__init__.py:35: NotOpenSSLWarning: urllib3 v2 only supports OpenSSL 1.1.1+, currently the 'ssl' module is compiled with 'LibreSSL 2.8.3'. See: https://github.com/urllib3/urllib3/issues/3020
  warnings.warn(
/Users/zhaowenyuan/Projects/FlowFigTabMiner/flowfigtabminer/lib/python3.9/site-packages/urllib3/__init__.py:35: NotOpenSSLWarning: urllib3 v2 only supports OpenSSL 1.1.1+, currently the 'ssl' module is compiled with 'LibreSSL 2.8.3'. See: https://github.com/urllib3/urllib3/issues/3020
  warnings.warn(
/Users/zhaowenyuan/Projects/FlowFigTabMiner/flowfigtabminer/lib/python3.9/site-packages/urllib3/__init__.py:35: NotOpenSSLWarning: urllib3 v2 only supports OpenSSL 1.1.1+, currently the 'ssl' module is compiled with 'LibreSSL 2.8.3'. See: https://github.com/urllib3/urllib3/issues/3020
  warnings.warn(
/Users/zhaowenyuan/Projects/FlowFigTabMiner/flowfigtabminer/lib/python3.9/site-packages/urllib3/__init__.py:35: NotOpenSSLWarning: urllib3 v2 only supports OpenSSL 1.1.1+, currently the 'ssl' module is compiled with 'LibreSSL 2.8.3'. See: https://github.com/urllib3/urllib3/issues/3020
  warnings.warn(
/Users/zhaowenyuan/Projects/FlowFigTabMiner/flowfigtabminer/lib/python3.9/site-packages/urllib3/__init__.py:35: NotOpenSSLWarning: urllib3 v2 only supports OpenSSL 1.1.1+, currently the 'ssl' module is compiled with 'LibreSSL 2.8.3'. See: https://github.com/urllib3/urllib3/issues/3020
  warnings.warn(
/Users/zhaowenyuan/Projects/FlowFigTabMiner/flowfigtabminer/lib/python3.9/site-packages/urllib3/__init__.py:35: NotOpenSSLWarning: urllib3 v2 only supports OpenSSL 1.1.1+, currently the 'ssl' module is compiled with 'LibreSSL 2.8.3'. See: https://github.com/urllib3/urllib3/issues/3020
  warnings.warn(
/Users/zhaowenyuan/Projects/FlowFigTabMiner/flowfigtabminer/lib/python3.9/site-packages/urllib3/__init__.py:35: NotOpenSSLWarning: urllib3 v2 only supports OpenSSL 1.1.1+, currently the 'ssl' module is compiled with 'LibreSSL 2.8.3'. See: https://github.com/urllib3/urllib3/issues/3020
  warnings.warn(
/Users/zhaowenyuan/Projects/FlowFigTabMiner/flowfigtabminer/lib/python3.9/site-packages/urllib3/__init__.py:35: NotOpenSSLWarning: urllib3 v2 only supports OpenSSL 1.1.1+, currently the 'ssl' module is compiled with 'LibreSSL 2.8.3'. See: https://github.com/urllib3/urllib3/issues/3020
  warnings.warn(
/Users/zhaowenyuan/Projects/FlowFigTabMiner/flowfigtabminer/lib/python3.9/site-packages/urllib3/__init__.py:35: NotOpenSSLWarning: urllib3 v2 only supports OpenSSL 1.1.1+, currently the 'ssl' module is compiled with 'LibreSSL 2.8.3'. See: https://github.com/urllib3/urllib3/issues/3020
  warnings.warn(
/Users/zhaowenyuan/Projects/FlowFigTabMiner/flowfigtabminer/lib/python3.9/site-packages/urllib3/__init__.py:35: NotOpenSSLWarning: urllib3 v2 only supports OpenSSL 1.1.1+, currently the 'ssl' module is compiled with 'LibreSSL 2.8.3'. See: https://github.com/urllib3/urllib3/issues/3020
  warnings.warn(
/Users/zhaowenyuan/Projects/FlowFigTabMiner/flowfigtabminer/lib/python3.9/site-packages/urllib3/__init__.py:35: NotOpenSSLWarning: urllib3 v2 only supports OpenSSL 1.1.1+, currently the 'ssl' module is compiled with 'LibreSSL 2.8.3'. See: https://github.com/urllib3/urllib3/issues/3020
  warnings.warn(
/Users/zhaowenyuan/Projects/FlowFigTabMiner/flowfigtabminer/lib/python3.9/site-packages/urllib3/__init__.py:35: NotOpenSSLWarning: urllib3 v2 only supports OpenSSL 1.1.1+, currently the 'ssl' module is compiled with 'LibreSSL 2.8.3'. See: https://github.com/urllib3/urllib3/issues/3020
  warnings.warn(
/Users/zhaowenyuan/Projects/FlowFigTabMiner/flowfigtabminer/lib/python3.9/site-packages/urllib3/__init__.py:35: NotOpenSSLWarning: urllib3 v2 only supports OpenSSL 1.1.1+, currently the 'ssl' module is compiled with 'LibreSSL 2.8.3'. See: https://github.com/urllib3/urllib3/issues/3020
  warnings.warn(
/Users/zhaowenyuan/Projects/FlowFigTabMiner/flowfigtabminer/lib/python3.9/site-packages/urllib3/__init__.py:35: NotOpenSSLWarning: urllib3 v2 only supports OpenSSL 1.1.1+, currently the 'ssl' module is compiled with 'LibreSSL 2.8.3'. See: https://github.com/urllib3/urllib3/issues/3020
  warnings.warn(
/Users/zhaowenyuan/Projects/FlowFigTabMiner/flowfigtabminer/lib/python3.9/site-packages/urllib3/__init__.py:35: NotOpenSSLWarning: urllib3 v2 only supports OpenSSL 1.1.1+, currently the 'ssl' module is compiled with 'LibreSSL 2.8.3'. See: https://github.com/urllib3/urllib3/issues/3020
  warnings.warn(
[33mChecking connectivity to the model hosters, this may take a while. To bypass this check, set `DISABLE_MODEL_SOURCE_CHECK` to `True`.[0m
[33mChecking connectivity to the model hosters, this may take a while. To bypass this check, set `DISABLE_MODEL_SOURCE_CHECK` to `True`.[0m
[33mChecking connectivity to the model hosters, this may take a while. To bypass this check, set `DISABLE_MODEL_SOURCE_CHECK` to `True`.[0m
[33mChecking connectivity to the model hosters, this may take a while. To bypass this check, set `DISABLE_MODEL_SOURCE_CHECK` to `True`.[0m
[33mChecking connectivity to the model hosters, this may take a while. To bypass this check, set `DISABLE_MODEL_SOURCE_CHECK` to `True`.[0m
[33mChecking connectivity to the model hosters, this may take a while. To bypass this check, set `DISABLE_MODEL_SOURCE_CHECK` to `True`.[0m
[33mChecking connectivity to the model hosters, this may take a while. To bypass this check, set `DISABLE_MODEL_SOURCE_CHECK` to `True`.[0m
[33mChecking connectivity to the model hosters, this may take a while. To bypass this check, set `DISABLE_MODEL_SOURCE_CHECK` to `True`.[0m
[33mChecking connectivity to the model hosters, this may take a while. To bypass this check, set `DISABLE_MODEL_SOURCE_CHECK` to `True`.[0m
[33mChecking connectivity to the model hosters, this may take a while. To bypass this check, set `DISABLE_MODEL_SOURCE_CHECK` to `True`.[0m
[33mChecking connectivity to the model hosters, this may take a while. To bypass this check, set `DISABLE_MODEL_SOURCE_CHECK` to `True`.[0m
[33mChecking connectivity to the model hosters, this may take a while. To bypass this check, set `DISABLE_MODEL_SOURCE_CHECK` to `True`.[0m
[33mChecking connectivity to the model hosters, this may take a while. To bypass this check, set `DISABLE_MODEL_SOURCE_CHECK` to `True`.[0m
[33mChecking connectivity to the model hosters, this may take a while. To bypass this check, set `DISABLE_MODEL_SOURCE_CHECK` to `True`.[0m
[33mChecking connectivity to the model hosters, this may take a while. To bypass this check, set `DISABLE_MODEL_SOURCE_CHECK` to `True`.[0m
[33mChecking connectivity to the model hosters, this may take a while. To bypass this check, set `DISABLE_MODEL_SOURCE_CHECK` to `True`.[0m
/Users/zhaowenyuan/Projects/FlowFigTabMiner/flowfigtabminer/lib/python3.9/site-packages/onmt/modules/sparse_activations.py:48: FutureWarning: `torch.cuda.amp.custom_fwd(args...)` is deprecated. Please use `torch.amp.custom_fwd(args..., device_type='cuda')` instead.
  def forward(ctx, input, dim=0):
/Users/zhaowenyuan/Projects/FlowFigTabMiner/flowfigtabminer/lib/python3.9/site-packages/onmt/modules/sparse_activations.py:68: FutureWarning: `torch.cuda.amp.custom_bwd(args...)` is deprecated. Please use `torch.amp.custom_bwd(args..., device_type='cuda')` instead.
  def backward(ctx, grad_output):
/Users/zhaowenyuan/Projects/FlowFigTabMiner/flowfigtabminer/lib/python3.9/site-packages/onmt/modules/sparse_losses.py:13: FutureWarning: `torch.cuda.amp.custom_fwd(args...)` is deprecated. Please use `torch.amp.custom_fwd(args..., device_type='cuda')` instead.
  def forward(ctx, input, target):
/Users/zhaowenyuan/Projects/FlowFigTabMiner/flowfigtabminer/lib/python3.9/site-packages/onmt/modules/sparse_losses.py:37: FutureWarning: `torch.cuda.amp.custom_bwd(args...)` is deprecated. Please use `torch.amp.custom_bwd(args..., device_type='cuda')` instead.
  def backward(ctx, grad_output):
chiral_center_ids (from symbols): []
/Users/zhaowenyuan/Projects/FlowFigTabMiner/flowfigtabminer/lib/python3.9/site-packages/urllib3/__init__.py:35: NotOpenSSLWarning: urllib3 v2 only supports OpenSSL 1.1.1+, currently the 'ssl' module is compiled with 'LibreSSL 2.8.3'. See: https://github.com/urllib3/urllib3/issues/3020
  warnings.warn(
/Users/zhaowenyuan/Projects/FlowFigTabMiner/flowfigtabminer/lib/python3.9/site-packages/urllib3/__init__.py:35: NotOpenSSLWarning: urllib3 v2 only supports OpenSSL 1.1.1+, currently the 'ssl' module is compiled with 'LibreSSL 2.8.3'. See: https://github.com/urllib3/urllib3/issues/3020
  warnings.warn(
/Users/zhaowenyuan/Projects/FlowFigTabMiner/flowfigtabminer/lib/python3.9/site-packages/urllib3/__init__.py:35: NotOpenSSLWarning: urllib3 v2 only supports OpenSSL 1.1.1+, currently the 'ssl' module is compiled with 'LibreSSL 2.8.3'. See: https://github.com/urllib3/urllib3/issues/3020
  warnings.warn(
/Users/zhaowenyuan/Projects/FlowFigTabMiner/flowfigtabminer/lib/python3.9/site-packages/urllib3/__init__.py:35: NotOpenSSLWarning: urllib3 v2 only supports OpenSSL 1.1.1+, currently the 'ssl' module is compiled with 'LibreSSL 2.8.3'. See: https://github.com/urllib3/urllib3/issues/3020
  warnings.warn(
/Users/zhaowenyuan/Projects/FlowFigTabMiner/flowfigtabminer/lib/python3.9/site-packages/urllib3/__init__.py:35: NotOpenSSLWarning: urllib3 v2 only supports OpenSSL 1.1.1+, currently the 'ssl' module is compiled with 'LibreSSL 2.8.3'. See: https://github.com/urllib3/urllib3/issues/3020
  warnings.warn(
/Users/zhaowenyuan/Projects/FlowFigTabMiner/flowfigtabminer/lib/python3.9/site-packages/urllib3/__init__.py:35: NotOpenSSLWarning: urllib3 v2 only supports OpenSSL 1.1.1+, currently the 'ssl' module is compiled with 'LibreSSL 2.8.3'. See: https://github.com/urllib3/urllib3/issues/3020
  warnings.warn(
/Users/zhaowenyuan/Projects/FlowFigTabMiner/flowfigtabminer/lib/python3.9/site-packages/urllib3/__init__.py:35: NotOpenSSLWarning: urllib3 v2 only supports OpenSSL 1.1.1+, currently the 'ssl' module is compiled with 'LibreSSL 2.8.3'. See: https://github.com/urllib3/urllib3/issues/3020
  warnings.warn(
/Users/zhaowenyuan/Projects/FlowFigTabMiner/flowfigtabminer/lib/python3.9/site-packages/urllib3/__init__.py:35: NotOpenSSLWarning: urllib3 v2 only supports OpenSSL 1.1.1+, currently the 'ssl' module is compiled with 'LibreSSL 2.8.3'. See: https://github.com/urllib3/urllib3/issues/3020
  warnings.warn(
/Users/zhaowenyuan/Projects/FlowFigTabMiner/flowfigtabminer/lib/python3.9/site-packages/urllib3/__init__.py:35: NotOpenSSLWarning: urllib3 v2 only supports OpenSSL 1.1.1+, currently the 'ssl' module is compiled with 'LibreSSL 2.8.3'. See: https://github.com/urllib3/urllib3/issues/3020
  warnings.warn(
/Users/zhaowenyuan/Projects/FlowFigTabMiner/flowfigtabminer/lib/python3.9/site-packages/urllib3/__init__.py:35: NotOpenSSLWarning: urllib3 v2 only supports OpenSSL 1.1.1+, currently the 'ssl' module is compiled with 'LibreSSL 2.8.3'. See: https://github.com/urllib3/urllib3/issues/3020
  warnings.warn(
/Users/zhaowenyuan/Projects/FlowFigTabMiner/flowfigtabminer/lib/python3.9/site-packages/urllib3/__init__.py:35: NotOpenSSLWarning: urllib3 v2 only supports OpenSSL 1.1.1+, currently the 'ssl' module is compiled with 'LibreSSL 2.8.3'. See: https://github.com/urllib3/urllib3/issues/3020
  warnings.warn(
/Users/zhaowenyuan/Projects/FlowFigTabMiner/flowfigtabminer/lib/python3.9/site-packages/urllib3/__init__.py:35: NotOpenSSLWarning: urllib3 v2 only supports OpenSSL 1.1.1+, currently the 'ssl' module is compiled with 'LibreSSL 2.8.3'. See: https://github.com/urllib3/urllib3/issues/3020
  warnings.warn(
/Users/zhaowenyuan/Projects/FlowFigTabMiner/flowfigtabminer/lib/python3.9/site-packages/urllib3/__init__.py:35: NotOpenSSLWarning: urllib3 v2 only supports OpenSSL 1.1.1+, currently the 'ssl' module is compiled with 'LibreSSL 2.8.3'. See: https://github.com/urllib3/urllib3/issues/3020
  warnings.warn(
/Users/zhaowenyuan/Projects/FlowFigTabMiner/flowfigtabminer/lib/python3.9/site-packages/urllib3/__init__.py:35: NotOpenSSLWarning: urllib3 v2 only supports OpenSSL 1.1.1+, currently the 'ssl' module is compiled with 'LibreSSL 2.8.3'. See: https://github.com/urllib3/urllib3/issues/3020
  warnings.warn(
/Users/zhaowenyuan/Projects/FlowFigTabMiner/flowfigtabminer/lib/python3.9/site-packages/urllib3/__init__.py:35: NotOpenSSLWarning: urllib3 v2 only supports OpenSSL 1.1.1+, currently the 'ssl' module is compiled with 'LibreSSL 2.8.3'. See: https://github.com/urllib3/urllib3/issues/3020
  warnings.warn(
/Users/zhaowenyuan/Projects/FlowFigTabMiner/flowfigtabminer/lib/python3.9/site-packages/urllib3/__init__.py:35: NotOpenSSLWarning: urllib3 v2 only supports OpenSSL 1.1.1+, currently the 'ssl' module is compiled with 'LibreSSL 2.8.3'. See: https://github.com/urllib3/urllib3/issues/3020
  warnings.warn(
[33mChecking connectivity to the model hosters, this may take a while. To bypass this check, set `DISABLE_MODEL_SOURCE_CHECK` to `True`.[0m
[33mChecking connectivity to the model hosters, this may take a while. To bypass this check, set `DISABLE_MODEL_SOURCE_CHECK` to `True`.[0m
[33mChecking connectivity to the model hosters, this may take a while. To bypass this check, set `DISABLE_MODEL_SOURCE_CHECK` to `True`.[0m
[33mChecking connectivity to the model hosters, this may take a while. To bypass this check, set `DISABLE_MODEL_SOURCE_CHECK` to `True`.[0m
[33mChecking connectivity to the model hosters, this may take a while. To bypass this check, set `DISABLE_MODEL_SOURCE_CHECK` to `True`.[0m
[33mChecking connectivity to the model hosters, this may take a while. To bypass this check, set `DISABLE_MODEL_SOURCE_CHECK` to `True`.[0m
[33mChecking connectivity to the model hosters, this may take a while. To bypass this check, set `DISABLE_MODEL_SOURCE_CHECK` to `True`.[0m
[33mChecking connectivity to the model hosters, this may take a while. To bypass this check, set `DISABLE_MODEL_SOURCE_CHECK` to `True`.[0m
[33mChecking connectivity to the model hosters, this may take a while. To bypass this check, set `DISABLE_MODEL_SOURCE_CHECK` to `True`.[0m
[33mChecking connectivity to the model hosters, this may take a while. To bypass this check, set `DISABLE_MODEL_SOURCE_CHECK` to `True`.[0m
[33mChecking connectivity to the model hosters, this may take a while. To bypass this check, set `DISABLE_MODEL_SOURCE_CHECK` to `True`.[0m
[33mChecking connectivity to the model hosters, this may take a while. To bypass this check, set `DISABLE_MODEL_SOURCE_CHECK` to `True`.[0m
[33mChecking connectivity to the model hosters, this may take a while. To bypass this check, set `DISABLE_MODEL_SOURCE_CHECK` to `True`.[0m
[33mChecking connectivity to the model hosters, this may take a while. To bypass this check, set `DISABLE_MODEL_SOURCE_CHECK` to `True`.[0m
[33mChecking connectivity to the model hosters, this may take a while. To bypass this check, set `DISABLE_MODEL_SOURCE_CHECK` to `True`.[0m
[33mChecking connectivity to the model hosters, this may take a while. To bypass this check, set `DISABLE_MODEL_SOURCE_CHECK` to `True`.[0m
/Users/zhaowenyuan/Projects/FlowFigTabMiner/flowfigtabminer/lib/python3.9/site-packages/onmt/modules/sparse_activations.py:48: FutureWarning: `torch.cuda.amp.custom_fwd(args...)` is deprecated. Please use `torch.amp.custom_fwd(args..., device_type='cuda')` instead.
  def forward(ctx, input, dim=0):
/Users/zhaowenyuan/Projects/FlowFigTabMiner/flowfigtabminer/lib/python3.9/site-packages/onmt/modules/sparse_activations.py:68: FutureWarning: `torch.cuda.amp.custom_bwd(args...)` is deprecated. Please use `torch.amp.custom_bwd(args..., device_type='cuda')` instead.
  def backward(ctx, grad_output):
/Users/zhaowenyuan/Projects/FlowFigTabMiner/flowfigtabminer/lib/python3.9/site-packages/onmt/modules/sparse_losses.py:13: FutureWarning: `torch.cuda.amp.custom_fwd(args...)` is deprecated. Please use `torch.amp.custom_fwd(args..., device_type='cuda')` instead.
  def forward(ctx, input, target):
/Users/zhaowenyuan/Projects/FlowFigTabMiner/flowfigtabminer/lib/python3.9/site-packages/onmt/modules/sparse_losses.py:37: FutureWarning: `torch.cuda.amp.custom_bwd(args...)` is deprecated. Please use `torch.amp.custom_bwd(args..., device_type='cuda')` instead.
  def backward(ctx, grad_output):
chiral_center_ids (from symbols): []
/Users/zhaowenyuan/Projects/FlowFigTabMiner/flowfigtabminer/lib/python3.9/site-packages/urllib3/__init__.py:35: NotOpenSSLWarning: urllib3 v2 only supports OpenSSL 1.1.1+, currently the 'ssl' module is compiled with 'LibreSSL 2.8.3'. See: https://github.com/urllib3/urllib3/issues/3020
  warnings.warn(
/Users/zhaowenyuan/Projects/FlowFigTabMiner/flowfigtabminer/lib/python3.9/site-packages/urllib3/__init__.py:35: NotOpenSSLWarning: urllib3 v2 only supports OpenSSL 1.1.1+, currently the 'ssl' module is compiled with 'LibreSSL 2.8.3'. See: https://github.com/urllib3/urllib3/issues/3020
  warnings.warn(
/Users/zhaowenyuan/Projects/FlowFigTabMiner/flowfigtabminer/lib/python3.9/site-packages/urllib3/__init__.py:35: NotOpenSSLWarning: urllib3 v2 only supports OpenSSL 1.1.1+, currently the 'ssl' module is compiled with 'LibreSSL 2.8.3'. See: https://github.com/urllib3/urllib3/issues/3020
  warnings.warn(
/Users/zhaowenyuan/Projects/FlowFigTabMiner/flowfigtabminer/lib/python3.9/site-packages/urllib3/__init__.py:35: NotOpenSSLWarning: urllib3 v2 only supports OpenSSL 1.1.1+, currently the 'ssl' module is compiled with 'LibreSSL 2.8.3'. See: https://github.com/urllib3/urllib3/issues/3020
  warnings.warn(
/Users/zhaowenyuan/Projects/FlowFigTabMiner/flowfigtabminer/lib/python3.9/site-packages/urllib3/__init__.py:35: NotOpenSSLWarning: urllib3 v2 only supports OpenSSL 1.1.1+, currently the 'ssl' module is compiled with 'LibreSSL 2.8.3'. See: https://github.com/urllib3/urllib3/issues/3020
  warnings.warn(
/Users/zhaowenyuan/Projects/FlowFigTabMiner/flowfigtabminer/lib/python3.9/site-packages/urllib3/__init__.py:35: NotOpenSSLWarning: urllib3 v2 only supports OpenSSL 1.1.1+, currently the 'ssl' module is compiled with 'LibreSSL 2.8.3'. See: https://github.com/urllib3/urllib3/issues/3020
  warnings.warn(
/Users/zhaowenyuan/Projects/FlowFigTabMiner/flowfigtabminer/lib/python3.9/site-packages/urllib3/__init__.py:35: NotOpenSSLWarning: urllib3 v2 only supports OpenSSL 1.1.1+, currently the 'ssl' module is compiled with 'LibreSSL 2.8.3'. See: https://github.com/urllib3/urllib3/issues/3020
  warnings.warn(
/Users/zhaowenyuan/Projects/FlowFigTabMiner/flowfigtabminer/lib/python3.9/site-packages/urllib3/__init__.py:35: NotOpenSSLWarning: urllib3 v2 only supports OpenSSL 1.1.1+, currently the 'ssl' module is compiled with 'LibreSSL 2.8.3'. See: https://github.com/urllib3/urllib3/issues/3020
  warnings.warn(
/Users/zhaowenyuan/Projects/FlowFigTabMiner/flowfigtabminer/lib/python3.9/site-packages/urllib3/__init__.py:35: NotOpenSSLWarning: urllib3 v2 only supports OpenSSL 1.1.1+, currently the 'ssl' module is compiled with 'LibreSSL 2.8.3'. See: https://github.com/urllib3/urllib3/issues/3020
  warnings.warn(
/Users/zhaowenyuan/Projects/FlowFigTabMiner/flowfigtabminer/lib/python3.9/site-packages/urllib3/__init__.py:35: NotOpenSSLWarning: urllib3 v2 only supports OpenSSL 1.1.1+, currently the 'ssl' module is compiled with 'LibreSSL 2.8.3'. See: https://github.com/urllib3/urllib3/issues/3020
  warnings.warn(
/Users/zhaowenyuan/Projects/FlowFigTabMiner/flowfigtabminer/lib/python3.9/site-packages/urllib3/__init__.py:35: NotOpenSSLWarning: urllib3 v2 only supports OpenSSL 1.1.1+, currently the 'ssl' module is compiled with 'LibreSSL 2.8.3'. See: https://github.com/urllib3/urllib3/issues/3020
  warnings.warn(
/Users/zhaowenyuan/Projects/FlowFigTabMiner/flowfigtabminer/lib/python3.9/site-packages/urllib3/__init__.py:35: NotOpenSSLWarning: urllib3 v2 only supports OpenSSL 1.1.1+, currently the 'ssl' module is compiled with 'LibreSSL 2.8.3'. See: https://github.com/urllib3/urllib3/issues/3020
  warnings.warn(
/Users/zhaowenyuan/Projects/FlowFigTabMiner/flowfigtabminer/lib/python3.9/site-packages/urllib3/__init__.py:35: NotOpenSSLWarning: urllib3 v2 only supports OpenSSL 1.1.1+, currently the 'ssl' module is compiled with 'LibreSSL 2.8.3'. See: https://github.com/urllib3/urllib3/issues/3020
  warnings.warn(
/Users/zhaowenyuan/Projects/FlowFigTabMiner/flowfigtabminer/lib/python3.9/site-packages/urllib3/__init__.py:35: NotOpenSSLWarning: urllib3 v2 only supports OpenSSL 1.1.1+, currently the 'ssl' module is compiled with 'LibreSSL 2.8.3'. See: https://github.com/urllib3/urllib3/issues/3020
  warnings.warn(
/Users/zhaowenyuan/Projects/FlowFigTabMiner/flowfigtabminer/lib/python3.9/site-packages/urllib3/__init__.py:35: NotOpenSSLWarning: urllib3 v2 only supports OpenSSL 1.1.1+, currently the 'ssl' module is compiled with 'LibreSSL 2.8.3'. See: https://github.com/urllib3/urllib3/issues/3020
  warnings.warn(
/Users/zhaowenyuan/Projects/FlowFigTabMiner/flowfigtabminer/lib/python3.9/site-packages/urllib3/__init__.py:35: NotOpenSSLWarning: urllib3 v2 only supports OpenSSL 1.1.1+, currently the 'ssl' module is compiled with 'LibreSSL 2.8.3'. See: https://github.com/urllib3/urllib3/issues/3020
  warnings.warn(
[33mChecking connectivity to the model hosters, this may take a while. To bypass this check, set `DISABLE_MODEL_SOURCE_CHECK` to `True`.[0m
[33mChecking connectivity to the model hosters, this may take a while. To bypass this check, set `DISABLE_MODEL_SOURCE_CHECK` to `True`.[0m
[33mChecking connectivity to the model hosters, this may take a while. To bypass this check, set `DISABLE_MODEL_SOURCE_CHECK` to `True`.[0m
[33mChecking connectivity to the model hosters, this may take a while. To bypass this check, set `DISABLE_MODEL_SOURCE_CHECK` to `True`.[0m
[33mChecking connectivity to the model hosters, this may take a while. To bypass this check, set `DISABLE_MODEL_SOURCE_CHECK` to `True`.[0m
[33mChecking connectivity to the model hosters, this may take a while. To bypass this check, set `DISABLE_MODEL_SOURCE_CHECK` to `True`.[0m
[33mChecking connectivity to the model hosters, this may take a while. To bypass this check, set `DISABLE_MODEL_SOURCE_CHECK` to `True`.[0m
[33mChecking connectivity to the model hosters, this may take a while. To bypass this check, set `DISABLE_MODEL_SOURCE_CHECK` to `True`.[0m
[33mChecking connectivity to the model hosters, this may take a while. To bypass this check, set `DISABLE_MODEL_SOURCE_CHECK` to `True`.[0m
[33mChecking connectivity to the model hosters, this may take a while. To bypass this check, set `DISABLE_MODEL_SOURCE_CHECK` to `True`.[0m
[33mChecking connectivity to the model hosters, this may take a while. To bypass this check, set `DISABLE_MODEL_SOURCE_CHECK` to `True`.[0m
[33mChecking connectivity to the model hosters, this may take a while. To bypass this check, set `DISABLE_MODEL_SOURCE_CHECK` to `True`.[0m
[33mChecking connectivity to the model hosters, this may take a while. To bypass this check, set `DISABLE_MODEL_SOURCE_CHECK` to `True`.[0m
[33mChecking connectivity to the model hosters, this may take a while. To bypass this check, set `DISABLE_MODEL_SOURCE_CHECK` to `True`.[0m
[33mChecking connectivity to the model hosters, this may take a while. To bypass this check, set `DISABLE_MODEL_SOURCE_CHECK` to `True`.[0m
[33mChecking connectivity to the model hosters, this may take a while. To bypass this check, set `DISABLE_MODEL_SOURCE_CHECK` to `True`.[0m
/Users/zhaowenyuan/Projects/FlowFigTabMiner/flowfigtabminer/lib/python3.9/site-packages/onmt/modules/sparse_activations.py:48: FutureWarning: `torch.cuda.amp.custom_fwd(args...)` is deprecated. Please use `torch.amp.custom_fwd(args..., device_type='cuda')` instead.
  def forward(ctx, input, dim=0):
/Users/zhaowenyuan/Projects/FlowFigTabMiner/flowfigtabminer/lib/python3.9/site-packages/onmt/modules/sparse_activations.py:68: FutureWarning: `torch.cuda.amp.custom_bwd(args...)` is deprecated. Please use `torch.amp.custom_bwd(args..., device_type='cuda')` instead.
  def backward(ctx, grad_output):
/Users/zhaowenyuan/Projects/FlowFigTabMiner/flowfigtabminer/lib/python3.9/site-packages/onmt/modules/sparse_losses.py:13: FutureWarning: `torch.cuda.amp.custom_fwd(args...)` is deprecated. Please use `torch.amp.custom_fwd(args..., device_type='cuda')` instead.
  def forward(ctx, input, target):
/Users/zhaowenyuan/Projects/FlowFigTabMiner/flowfigtabminer/lib/python3.9/site-packages/onmt/modules/sparse_losses.py:37: FutureWarning: `torch.cuda.amp.custom_bwd(args...)` is deprecated. Please use `torch.amp.custom_bwd(args..., device_type='cuda')` instead.
  def backward(ctx, grad_output):
/Users/zhaowenyuan/Projects/FlowFigTabMiner/flowfigtabminer/lib/python3.9/site-packages/onmt/modules/sparse_activations.py:48: FutureWarning: `torch.cuda.amp.custom_fwd(args...)` is deprecated. Please use `torch.amp.custom_fwd(args..., device_type='cuda')` instead.
  def forward(ctx, input, dim=0):
/Users/zhaowenyuan/Projects/FlowFigTabMiner/flowfigtabminer/lib/python3.9/site-packages/onmt/modules/sparse_activations.py:68: FutureWarning: `torch.cuda.amp.custom_bwd(args...)` is deprecated. Please use `torch.amp.custom_bwd(args..., device_type='cuda')` instead.
  def backward(ctx, grad_output):
/Users/zhaowenyuan/Projects/FlowFigTabMiner/flowfigtabminer/lib/python3.9/site-packages/onmt/modules/sparse_losses.py:13: FutureWarning: `torch.cuda.amp.custom_fwd(args...)` is deprecated. Please use `torch.amp.custom_fwd(args..., device_type='cuda')` instead.
  def forward(ctx, input, target):
/Users/zhaowenyuan/Projects/FlowFigTabMiner/flowfigtabminer/lib/python3.9/site-packages/onmt/modules/sparse_losses.py:37: FutureWarning: `torch.cuda.amp.custom_bwd(args...)` is deprecated. Please use `torch.amp.custom_bwd(args..., device_type='cuda')` instead.
  def backward(ctx, grad_output):
/Users/zhaowenyuan/Projects/FlowFigTabMiner/flowfigtabminer/lib/python3.9/site-packages/onmt/modules/sparse_activations.py:48: FutureWarning: `torch.cuda.amp.custom_fwd(args...)` is deprecated. Please use `torch.amp.custom_fwd(args..., device_type='cuda')` instead.
  def forward(ctx, input, dim=0):
/Users/zhaowenyuan/Projects/FlowFigTabMiner/flowfigtabminer/lib/python3.9/site-packages/onmt/modules/sparse_activations.py:68: FutureWarning: `torch.cuda.amp.custom_bwd(args...)` is deprecated. Please use `torch.amp.custom_bwd(args..., device_type='cuda')` instead.
  def backward(ctx, grad_output):
/Users/zhaowenyuan/Projects/FlowFigTabMiner/flowfigtabminer/lib/python3.9/site-packages/onmt/modules/sparse_losses.py:13: FutureWarning: `torch.cuda.amp.custom_fwd(args...)` is deprecated. Please use `torch.amp.custom_fwd(args..., device_type='cuda')` instead.
  def forward(ctx, input, target):
/Users/zhaowenyuan/Projects/FlowFigTabMiner/flowfigtabminer/lib/python3.9/site-packages/onmt/modules/sparse_losses.py:37: FutureWarning: `torch.cuda.amp.custom_bwd(args...)` is deprecated. Please use `torch.amp.custom_bwd(args..., device_type='cuda')` instead.
  def backward(ctx, grad_output):
/Users/zhaowenyuan/Projects/FlowFigTabMiner/flowfigtabminer/lib/python3.9/site-packages/onmt/modules/sparse_activations.py:48: FutureWarning: `torch.cuda.amp.custom_fwd(args...)` is deprecated. Please use `torch.amp.custom_fwd(args..., device_type='cuda')` instead.
  def forward(ctx, input, dim=0):
/Users/zhaowenyuan/Projects/FlowFigTabMiner/flowfigtabminer/lib/python3.9/site-packages/onmt/modules/sparse_activations.py:68: FutureWarning: `torch.cuda.amp.custom_bwd(args...)` is deprecated. Please use `torch.amp.custom_bwd(args..., device_type='cuda')` instead.
  def backward(ctx, grad_output):
/Users/zhaowenyuan/Projects/FlowFigTabMiner/flowfigtabminer/lib/python3.9/site-packages/onmt/modules/sparse_losses.py:13: FutureWarning: `torch.cuda.amp.custom_fwd(args...)` is deprecated. Please use `torch.amp.custom_fwd(args..., device_type='cuda')` instead.
  def forward(ctx, input, target):
/Users/zhaowenyuan/Projects/FlowFigTabMiner/flowfigtabminer/lib/python3.9/site-packages/onmt/modules/sparse_losses.py:37: FutureWarning: `torch.cuda.amp.custom_bwd(args...)` is deprecated. Please use `torch.amp.custom_bwd(args..., device_type='cuda')` instead.
  def backward(ctx, grad_output):
/Users/zhaowenyuan/Projects/FlowFigTabMiner/flowfigtabminer/lib/python3.9/site-packages/onmt/modules/sparse_activations.py:48: FutureWarning: `torch.cuda.amp.custom_fwd(args...)` is deprecated. Please use `torch.amp.custom_fwd(args..., device_type='cuda')` instead.
  def forward(ctx, input, dim=0):
/Users/zhaowenyuan/Projects/FlowFigTabMiner/flowfigtabminer/lib/python3.9/site-packages/onmt/modules/sparse_activations.py:68: FutureWarning: `torch.cuda.amp.custom_bwd(args...)` is deprecated. Please use `torch.amp.custom_bwd(args..., device_type='cuda')` instead.
  def backward(ctx, grad_output):
/Users/zhaowenyuan/Projects/FlowFigTabMiner/flowfigtabminer/lib/python3.9/site-packages/onmt/modules/sparse_losses.py:13: FutureWarning: `torch.cuda.amp.custom_fwd(args...)` is deprecated. Please use `torch.amp.custom_fwd(args..., device_type='cuda')` instead.
  def forward(ctx, input, target):
/Users/zhaowenyuan/Projects/FlowFigTabMiner/flowfigtabminer/lib/python3.9/site-packages/onmt/modules/sparse_losses.py:37: FutureWarning: `torch.cuda.amp.custom_bwd(args...)` is deprecated. Please use `torch.amp.custom_bwd(args..., device_type='cuda')` instead.
  def backward(ctx, grad_output):
/Users/zhaowenyuan/Projects/FlowFigTabMiner/flowfigtabminer/lib/python3.9/site-packages/onmt/modules/sparse_activations.py:48: FutureWarning: `torch.cuda.amp.custom_fwd(args...)` is deprecated. Please use `torch.amp.custom_fwd(args..., device_type='cuda')` instead.
  def forward(ctx, input, dim=0):
/Users/zhaowenyuan/Projects/FlowFigTabMiner/flowfigtabminer/lib/python3.9/site-packages/onmt/modules/sparse_activations.py:68: FutureWarning: `torch.cuda.amp.custom_bwd(args...)` is deprecated. Please use `torch.amp.custom_bwd(args..., device_type='cuda')` instead.
  def backward(ctx, grad_output):
/Users/zhaowenyuan/Projects/FlowFigTabMiner/flowfigtabminer/lib/python3.9/site-packages/onmt/modules/sparse_activations.py:48: FutureWarning: `torch.cuda.amp.custom_fwd(args...)` is deprecated. Please use `torch.amp.custom_fwd(args..., device_type='cuda')` instead.
  def forward(ctx, input, dim=0):
/Users/zhaowenyuan/Projects/FlowFigTabMiner/flowfigtabminer/lib/python3.9/site-packages/onmt/modules/sparse_activations.py:68: FutureWarning: `torch.cuda.amp.custom_bwd(args...)` is deprecated. Please use `torch.amp.custom_bwd(args..., device_type='cuda')` instead.
  def backward(ctx, grad_output):
/Users/zhaowenyuan/Projects/FlowFigTabMiner/flowfigtabminer/lib/python3.9/site-packages/onmt/modules/sparse_losses.py:13: FutureWarning: `torch.cuda.amp.custom_fwd(args...)` is deprecated. Please use `torch.amp.custom_fwd(args..., device_type='cuda')` instead.
  def forward(ctx, input, target):
/Users/zhaowenyuan/Projects/FlowFigTabMiner/flowfigtabminer/lib/python3.9/site-packages/onmt/modules/sparse_losses.py:37: FutureWarning: `torch.cuda.amp.custom_bwd(args...)` is deprecated. Please use `torch.amp.custom_bwd(args..., device_type='cuda')` instead.
  def backward(ctx, grad_output):
/Users/zhaowenyuan/Projects/FlowFigTabMiner/flowfigtabminer/lib/python3.9/site-packages/onmt/modules/sparse_losses.py:13: FutureWarning: `torch.cuda.amp.custom_fwd(args...)` is deprecated. Please use `torch.amp.custom_fwd(args..., device_type='cuda')` instead.
  def forward(ctx, input, target):
/Users/zhaowenyuan/Projects/FlowFigTabMiner/flowfigtabminer/lib/python3.9/site-packages/onmt/modules/sparse_losses.py:37: FutureWarning: `torch.cuda.amp.custom_bwd(args...)` is deprecated. Please use `torch.amp.custom_bwd(args..., device_type='cuda')` instead.
  def backward(ctx, grad_output):
/Users/zhaowenyuan/Projects/FlowFigTabMiner/flowfigtabminer/lib/python3.9/site-packages/onmt/modules/sparse_activations.py:48: FutureWarning: `torch.cuda.amp.custom_fwd(args...)` is deprecated. Please use `torch.amp.custom_fwd(args..., device_type='cuda')` instead.
  def forward(ctx, input, dim=0):
/Users/zhaowenyuan/Projects/FlowFigTabMiner/flowfigtabminer/lib/python3.9/site-packages/onmt/modules/sparse_activations.py:68: FutureWarning: `torch.cuda.amp.custom_bwd(args...)` is deprecated. Please use `torch.amp.custom_bwd(args..., device_type='cuda')` instead.
  def backward(ctx, grad_output):
/Users/zhaowenyuan/Projects/FlowFigTabMiner/flowfigtabminer/lib/python3.9/site-packages/onmt/modules/sparse_activations.py:48: FutureWarning: `torch.cuda.amp.custom_fwd(args...)` is deprecated. Please use `torch.amp.custom_fwd(args..., device_type='cuda')` instead.
  def forward(ctx, input, dim=0):
/Users/zhaowenyuan/Projects/FlowFigTabMiner/flowfigtabminer/lib/python3.9/site-packages/onmt/modules/sparse_activations.py:68: FutureWarning: `torch.cuda.amp.custom_bwd(args...)` is deprecated. Please use `torch.amp.custom_bwd(args..., device_type='cuda')` instead.
  def backward(ctx, grad_output):
/Users/zhaowenyuan/Projects/FlowFigTabMiner/flowfigtabminer/lib/python3.9/site-packages/onmt/modules/sparse_activations.py:48: FutureWarning: `torch.cuda.amp.custom_fwd(args...)` is deprecated. Please use `torch.amp.custom_fwd(args..., device_type='cuda')` instead.
  def forward(ctx, input, dim=0):
/Users/zhaowenyuan/Projects/FlowFigTabMiner/flowfigtabminer/lib/python3.9/site-packages/onmt/modules/sparse_activations.py:68: FutureWarning: `torch.cuda.amp.custom_bwd(args...)` is deprecated. Please use `torch.amp.custom_bwd(args..., device_type='cuda')` instead.
  def backward(ctx, grad_output):
/Users/zhaowenyuan/Projects/FlowFigTabMiner/flowfigtabminer/lib/python3.9/site-packages/onmt/modules/sparse_losses.py:13: FutureWarning: `torch.cuda.amp.custom_fwd(args...)` is deprecated. Please use `torch.amp.custom_fwd(args..., device_type='cuda')` instead.
  def forward(ctx, input, target):
/Users/zhaowenyuan/Projects/FlowFigTabMiner/flowfigtabminer/lib/python3.9/site-packages/onmt/modules/sparse_losses.py:37: FutureWarning: `torch.cuda.amp.custom_bwd(args...)` is deprecated. Please use `torch.amp.custom_bwd(args..., device_type='cuda')` instead.
  def backward(ctx, grad_output):
/Users/zhaowenyuan/Projects/FlowFigTabMiner/flowfigtabminer/lib/python3.9/site-packages/onmt/modules/sparse_losses.py:13: FutureWarning: `torch.cuda.amp.custom_fwd(args...)` is deprecated. Please use `torch.amp.custom_fwd(args..., device_type='cuda')` instead.
  def forward(ctx, input, target):
/Users/zhaowenyuan/Projects/FlowFigTabMiner/flowfigtabminer/lib/python3.9/site-packages/onmt/modules/sparse_losses.py:37: FutureWarning: `torch.cuda.amp.custom_bwd(args...)` is deprecated. Please use `torch.amp.custom_bwd(args..., device_type='cuda')` instead.
  def backward(ctx, grad_output):
/Users/zhaowenyuan/Projects/FlowFigTabMiner/flowfigtabminer/lib/python3.9/site-packages/onmt/modules/sparse_losses.py:13: FutureWarning: `torch.cuda.amp.custom_fwd(args...)` is deprecated. Please use `torch.amp.custom_fwd(args..., device_type='cuda')` instead.
  def forward(ctx, input, target):
/Users/zhaowenyuan/Projects/FlowFigTabMiner/flowfigtabminer/lib/python3.9/site-packages/onmt/modules/sparse_losses.py:37: FutureWarning: `torch.cuda.amp.custom_bwd(args...)` is deprecated. Please use `torch.amp.custom_bwd(args..., device_type='cuda')` instead.
  def backward(ctx, grad_output):
/Users/zhaowenyuan/Projects/FlowFigTabMiner/flowfigtabminer/lib/python3.9/site-packages/urllib3/__init__.py:35: NotOpenSSLWarning: urllib3 v2 only supports OpenSSL 1.1.1+, currently the 'ssl' module is compiled with 'LibreSSL 2.8.3'. See: https://github.com/urllib3/urllib3/issues/3020
  warnings.warn(
/Users/zhaowenyuan/Projects/FlowFigTabMiner/flowfigtabminer/lib/python3.9/site-packages/urllib3/__init__.py:35: NotOpenSSLWarning: urllib3 v2 only supports OpenSSL 1.1.1+, currently the 'ssl' module is compiled with 'LibreSSL 2.8.3'. See: https://github.com/urllib3/urllib3/issues/3020
  warnings.warn(
/Users/zhaowenyuan/Projects/FlowFigTabMiner/flowfigtabminer/lib/python3.9/site-packages/urllib3/__init__.py:35: NotOpenSSLWarning: urllib3 v2 only supports OpenSSL 1.1.1+, currently the 'ssl' module is compiled with 'LibreSSL 2.8.3'. See: https://github.com/urllib3/urllib3/issues/3020
  warnings.warn(
/Users/zhaowenyuan/Projects/FlowFigTabMiner/flowfigtabminer/lib/python3.9/site-packages/urllib3/__init__.py:35: NotOpenSSLWarning: urllib3 v2 only supports OpenSSL 1.1.1+, currently the 'ssl' module is compiled with 'LibreSSL 2.8.3'. See: https://github.com/urllib3/urllib3/issues/3020
  warnings.warn(
/Users/zhaowenyuan/Projects/FlowFigTabMiner/flowfigtabminer/lib/python3.9/site-packages/urllib3/__init__.py:35: NotOpenSSLWarning: urllib3 v2 only supports OpenSSL 1.1.1+, currently the 'ssl' module is compiled with 'LibreSSL 2.8.3'. See: https://github.com/urllib3/urllib3/issues/3020
  warnings.warn(
/Users/zhaowenyuan/Projects/FlowFigTabMiner/flowfigtabminer/lib/python3.9/site-packages/urllib3/__init__.py:35: NotOpenSSLWarning: urllib3 v2 only supports OpenSSL 1.1.1+, currently the 'ssl' module is compiled with 'LibreSSL 2.8.3'. See: https://github.com/urllib3/urllib3/issues/3020
  warnings.warn(
/Users/zhaowenyuan/Projects/FlowFigTabMiner/flowfigtabminer/lib/python3.9/site-packages/urllib3/__init__.py:35: NotOpenSSLWarning: urllib3 v2 only supports OpenSSL 1.1.1+, currently the 'ssl' module is compiled with 'LibreSSL 2.8.3'. See: https://github.com/urllib3/urllib3/issues/3020
  warnings.warn(
/Users/zhaowenyuan/Projects/FlowFigTabMiner/flowfigtabminer/lib/python3.9/site-packages/urllib3/__init__.py:35: NotOpenSSLWarning: urllib3 v2 only supports OpenSSL 1.1.1+, currently the 'ssl' module is compiled with 'LibreSSL 2.8.3'. See: https://github.com/urllib3/urllib3/issues/3020
  warnings.warn(
/Users/zhaowenyuan/Projects/FlowFigTabMiner/flowfigtabminer/lib/python3.9/site-packages/urllib3/__init__.py:35: NotOpenSSLWarning: urllib3 v2 only supports OpenSSL 1.1.1+, currently the 'ssl' module is compiled with 'LibreSSL 2.8.3'. See: https://github.com/urllib3/urllib3/issues/3020
  warnings.warn(
/Users/zhaowenyuan/Projects/FlowFigTabMiner/flowfigtabminer/lib/python3.9/site-packages/urllib3/__init__.py:35: NotOpenSSLWarning: urllib3 v2 only supports OpenSSL 1.1.1+, currently the 'ssl' module is compiled with 'LibreSSL 2.8.3'. See: https://github.com/urllib3/urllib3/issues/3020
  warnings.warn(
/Users/zhaowenyuan/Projects/FlowFigTabMiner/flowfigtabminer/lib/python3.9/site-packages/urllib3/__init__.py:35: NotOpenSSLWarning: urllib3 v2 only supports OpenSSL 1.1.1+, currently the 'ssl' module is compiled with 'LibreSSL 2.8.3'. See: https://github.com/urllib3/urllib3/issues/3020
  warnings.warn(
/Users/zhaowenyuan/Projects/FlowFigTabMiner/flowfigtabminer/lib/python3.9/site-packages/urllib3/__init__.py:35: NotOpenSSLWarning: urllib3 v2 only supports OpenSSL 1.1.1+, currently the 'ssl' module is compiled with 'LibreSSL 2.8.3'. See: https://github.com/urllib3/urllib3/issues/3020
  warnings.warn(
/Users/zhaowenyuan/Projects/FlowFigTabMiner/flowfigtabminer/lib/python3.9/site-packages/urllib3/__init__.py:35: NotOpenSSLWarning: urllib3 v2 only supports OpenSSL 1.1.1+, currently the 'ssl' module is compiled with 'LibreSSL 2.8.3'. See: https://github.com/urllib3/urllib3/issues/3020
  warnings.warn(
/Users/zhaowenyuan/Projects/FlowFigTabMiner/flowfigtabminer/lib/python3.9/site-packages/urllib3/__init__.py:35: NotOpenSSLWarning: urllib3 v2 only supports OpenSSL 1.1.1+, currently the 'ssl' module is compiled with 'LibreSSL 2.8.3'. See: https://github.com/urllib3/urllib3/issues/3020
  warnings.warn(
/Users/zhaowenyuan/Projects/FlowFigTabMiner/flowfigtabminer/lib/python3.9/site-packages/urllib3/__init__.py:35: NotOpenSSLWarning: urllib3 v2 only supports OpenSSL 1.1.1+, currently the 'ssl' module is compiled with 'LibreSSL 2.8.3'. See: https://github.com/urllib3/urllib3/issues/3020
  warnings.warn(
/Users/zhaowenyuan/Projects/FlowFigTabMiner/flowfigtabminer/lib/python3.9/site-packages/urllib3/__init__.py:35: NotOpenSSLWarning: urllib3 v2 only supports OpenSSL 1.1.1+, currently the 'ssl' module is compiled with 'LibreSSL 2.8.3'. See: https://github.com/urllib3/urllib3/issues/3020
  warnings.warn(
[33mChecking connectivity to the model hosters, this may take a while. To bypass this check, set `DISABLE_MODEL_SOURCE_CHECK` to `True`.[0m
[33mChecking connectivity to the model hosters, this may take a while. To bypass this check, set `DISABLE_MODEL_SOURCE_CHECK` to `True`.[0m
[33mChecking connectivity to the model hosters, this may take a while. To bypass this check, set `DISABLE_MODEL_SOURCE_CHECK` to `True`.[0m
[33mChecking connectivity to the model hosters, this may take a while. To bypass this check, set `DISABLE_MODEL_SOURCE_CHECK` to `True`.[0m
[33mChecking connectivity to the model hosters, this may take a while. To bypass this check, set `DISABLE_MODEL_SOURCE_CHECK` to `True`.[0m
[33mChecking connectivity to the model hosters, this may take a while. To bypass this check, set `DISABLE_MODEL_SOURCE_CHECK` to `True`.[0m
[33mChecking connectivity to the model hosters, this may take a while. To bypass this check, set `DISABLE_MODEL_SOURCE_CHECK` to `True`.[0m
[33mChecking connectivity to the model hosters, this may take a while. To bypass this check, set `DISABLE_MODEL_SOURCE_CHECK` to `True`.[0m
[33mChecking connectivity to the model hosters, this may take a while. To bypass this check, set `DISABLE_MODEL_SOURCE_CHECK` to `True`.[0m
[33mChecking connectivity to the model hosters, this may take a while. To bypass this check, set `DISABLE_MODEL_SOURCE_CHECK` to `True`.[0m
[33mChecking connectivity to the model hosters, this may take a while. To bypass this check, set `DISABLE_MODEL_SOURCE_CHECK` to `True`.[0m
[33mChecking connectivity to the model hosters, this may take a while. To bypass this check, set `DISABLE_MODEL_SOURCE_CHECK` to `True`.[0m
[33mChecking connectivity to the model hosters, this may take a while. To bypass this check, set `DISABLE_MODEL_SOURCE_CHECK` to `True`.[0m
[33mChecking connectivity to the model hosters, this may take a while. To bypass this check, set `DISABLE_MODEL_SOURCE_CHECK` to `True`.[0m
[33mChecking connectivity to the model hosters, this may take a while. To bypass this check, set `DISABLE_MODEL_SOURCE_CHECK` to `True`.[0m
[33mChecking connectivity to the model hosters, this may take a while. To bypass this check, set `DISABLE_MODEL_SOURCE_CHECK` to `True`.[0m
/Users/zhaowenyuan/Projects/FlowFigTabMiner/flowfigtabminer/lib/python3.9/site-packages/onmt/modules/sparse_activations.py:48: FutureWarning: `torch.cuda.amp.custom_fwd(args...)` is deprecated. Please use `torch.amp.custom_fwd(args..., device_type='cuda')` instead.
  def forward(ctx, input, dim=0):
/Users/zhaowenyuan/Projects/FlowFigTabMiner/flowfigtabminer/lib/python3.9/site-packages/onmt/modules/sparse_activations.py:68: FutureWarning: `torch.cuda.amp.custom_bwd(args...)` is deprecated. Please use `torch.amp.custom_bwd(args..., device_type='cuda')` instead.
  def backward(ctx, grad_output):
/Users/zhaowenyuan/Projects/FlowFigTabMiner/flowfigtabminer/lib/python3.9/site-packages/onmt/modules/sparse_losses.py:13: FutureWarning: `torch.cuda.amp.custom_fwd(args...)` is deprecated. Please use `torch.amp.custom_fwd(args..., device_type='cuda')` instead.
  def forward(ctx, input, target):
/Users/zhaowenyuan/Projects/FlowFigTabMiner/flowfigtabminer/lib/python3.9/site-packages/onmt/modules/sparse_losses.py:37: FutureWarning: `torch.cuda.amp.custom_bwd(args...)` is deprecated. Please use `torch.amp.custom_bwd(args..., device_type='cuda')` instead.
  def backward(ctx, grad_output):
chiral_center_ids (from symbols): []
/Users/zhaowenyuan/Projects/FlowFigTabMiner/flowfigtabminer/lib/python3.9/site-packages/urllib3/__init__.py:35: NotOpenSSLWarning: urllib3 v2 only supports OpenSSL 1.1.1+, currently the 'ssl' module is compiled with 'LibreSSL 2.8.3'. See: https://github.com/urllib3/urllib3/issues/3020
  warnings.warn(
/Users/zhaowenyuan/Projects/FlowFigTabMiner/flowfigtabminer/lib/python3.9/site-packages/urllib3/__init__.py:35: NotOpenSSLWarning: urllib3 v2 only supports OpenSSL 1.1.1+, currently the 'ssl' module is compiled with 'LibreSSL 2.8.3'. See: https://github.com/urllib3/urllib3/issues/3020
  warnings.warn(
/Users/zhaowenyuan/Projects/FlowFigTabMiner/flowfigtabminer/lib/python3.9/site-packages/urllib3/__init__.py:35: NotOpenSSLWarning: urllib3 v2 only supports OpenSSL 1.1.1+, currently the 'ssl' module is compiled with 'LibreSSL 2.8.3'. See: https://github.com/urllib3/urllib3/issues/3020
  warnings.warn(
/Users/zhaowenyuan/Projects/FlowFigTabMiner/flowfigtabminer/lib/python3.9/site-packages/urllib3/__init__.py:35: NotOpenSSLWarning: urllib3 v2 only supports OpenSSL 1.1.1+, currently the 'ssl' module is compiled with 'LibreSSL 2.8.3'. See: https://github.com/urllib3/urllib3/issues/3020
  warnings.warn(
/Users/zhaowenyuan/Projects/FlowFigTabMiner/flowfigtabminer/lib/python3.9/site-packages/urllib3/__init__.py:35: NotOpenSSLWarning: urllib3 v2 only supports OpenSSL 1.1.1+, currently the 'ssl' module is compiled with 'LibreSSL 2.8.3'. See: https://github.com/urllib3/urllib3/issues/3020
  warnings.warn(
/Users/zhaowenyuan/Projects/FlowFigTabMiner/flowfigtabminer/lib/python3.9/site-packages/urllib3/__init__.py:35: NotOpenSSLWarning: urllib3 v2 only supports OpenSSL 1.1.1+, currently the 'ssl' module is compiled with 'LibreSSL 2.8.3'. See: https://github.com/urllib3/urllib3/issues/3020
  warnings.warn(
/Users/zhaowenyuan/Projects/FlowFigTabMiner/flowfigtabminer/lib/python3.9/site-packages/urllib3/__init__.py:35: NotOpenSSLWarning: urllib3 v2 only supports OpenSSL 1.1.1+, currently the 'ssl' module is compiled with 'LibreSSL 2.8.3'. See: https://github.com/urllib3/urllib3/issues/3020
  warnings.warn(
/Users/zhaowenyuan/Projects/FlowFigTabMiner/flowfigtabminer/lib/python3.9/site-packages/urllib3/__init__.py:35: NotOpenSSLWarning: urllib3 v2 only supports OpenSSL 1.1.1+, currently the 'ssl' module is compiled with 'LibreSSL 2.8.3'. See: https://github.com/urllib3/urllib3/issues/3020
  warnings.warn(
/Users/zhaowenyuan/Projects/FlowFigTabMiner/flowfigtabminer/lib/python3.9/site-packages/urllib3/__init__.py:35: NotOpenSSLWarning: urllib3 v2 only supports OpenSSL 1.1.1+, currently the 'ssl' module is compiled with 'LibreSSL 2.8.3'. See: https://github.com/urllib3/urllib3/issues/3020
  warnings.warn(
/Users/zhaowenyuan/Projects/FlowFigTabMiner/flowfigtabminer/lib/python3.9/site-packages/urllib3/__init__.py:35: NotOpenSSLWarning: urllib3 v2 only supports OpenSSL 1.1.1+, currently the 'ssl' module is compiled with 'LibreSSL 2.8.3'. See: https://github.com/urllib3/urllib3/issues/3020
  warnings.warn(
/Users/zhaowenyuan/Projects/FlowFigTabMiner/flowfigtabminer/lib/python3.9/site-packages/urllib3/__init__.py:35: NotOpenSSLWarning: urllib3 v2 only supports OpenSSL 1.1.1+, currently the 'ssl' module is compiled with 'LibreSSL 2.8.3'. See: https://github.com/urllib3/urllib3/issues/3020
  warnings.warn(
/Users/zhaowenyuan/Projects/FlowFigTabMiner/flowfigtabminer/lib/python3.9/site-packages/urllib3/__init__.py:35: NotOpenSSLWarning: urllib3 v2 only supports OpenSSL 1.1.1+, currently the 'ssl' module is compiled with 'LibreSSL 2.8.3'. See: https://github.com/urllib3/urllib3/issues/3020
  warnings.warn(
/Users/zhaowenyuan/Projects/FlowFigTabMiner/flowfigtabminer/lib/python3.9/site-packages/urllib3/__init__.py:35: NotOpenSSLWarning: urllib3 v2 only supports OpenSSL 1.1.1+, currently the 'ssl' module is compiled with 'LibreSSL 2.8.3'. See: https://github.com/urllib3/urllib3/issues/3020
  warnings.warn(
/Users/zhaowenyuan/Projects/FlowFigTabMiner/flowfigtabminer/lib/python3.9/site-packages/urllib3/__init__.py:35: NotOpenSSLWarning: urllib3 v2 only supports OpenSSL 1.1.1+, currently the 'ssl' module is compiled with 'LibreSSL 2.8.3'. See: https://github.com/urllib3/urllib3/issues/3020
  warnings.warn(
/Users/zhaowenyuan/Projects/FlowFigTabMiner/flowfigtabminer/lib/python3.9/site-packages/urllib3/__init__.py:35: NotOpenSSLWarning: urllib3 v2 only supports OpenSSL 1.1.1+, currently the 'ssl' module is compiled with 'LibreSSL 2.8.3'. See: https://github.com/urllib3/urllib3/issues/3020
  warnings.warn(
/Users/zhaowenyuan/Projects/FlowFigTabMiner/flowfigtabminer/lib/python3.9/site-packages/urllib3/__init__.py:35: NotOpenSSLWarning: urllib3 v2 only supports OpenSSL 1.1.1+, currently the 'ssl' module is compiled with 'LibreSSL 2.8.3'. See: https://github.com/urllib3/urllib3/issues/3020
  warnings.warn(
[33mChecking connectivity to the model hosters, this may take a while. To bypass this check, set `DISABLE_MODEL_SOURCE_CHECK` to `True`.[0m
[33mChecking connectivity to the model hosters, this may take a while. To bypass this check, set `DISABLE_MODEL_SOURCE_CHECK` to `True`.[0m
[33mChecking connectivity to the model hosters, this may take a while. To bypass this check, set `DISABLE_MODEL_SOURCE_CHECK` to `True`.[0m
[33mChecking connectivity to the model hosters, this may take a while. To bypass this check, set `DISABLE_MODEL_SOURCE_CHECK` to `True`.[0m
[33mChecking connectivity to the model hosters, this may take a while. To bypass this check, set `DISABLE_MODEL_SOURCE_CHECK` to `True`.[0m
[33mChecking connectivity to the model hosters, this may take a while. To bypass this check, set `DISABLE_MODEL_SOURCE_CHECK` to `True`.[0m
[33mChecking connectivity to the model hosters, this may take a while. To bypass this check, set `DISABLE_MODEL_SOURCE_CHECK` to `True`.[0m
[33mChecking connectivity to the model hosters, this may take a while. To bypass this check, set `DISABLE_MODEL_SOURCE_CHECK` to `True`.[0m
[33mChecking connectivity to the model hosters, this may take a while. To bypass this check, set `DISABLE_MODEL_SOURCE_CHECK` to `True`.[0m
[33mChecking connectivity to the model hosters, this may take a while. To bypass this check, set `DISABLE_MODEL_SOURCE_CHECK` to `True`.[0m
[33mChecking connectivity to the model hosters, this may take a while. To bypass this check, set `DISABLE_MODEL_SOURCE_CHECK` to `True`.[0m
[33mChecking connectivity to the model hosters, this may take a while. To bypass this check, set `DISABLE_MODEL_SOURCE_CHECK` to `True`.[0m
[33mChecking connectivity to the model hosters, this may take a while. To bypass this check, set `DISABLE_MODEL_SOURCE_CHECK` to `True`.[0m
[33mChecking connectivity to the model hosters, this may take a while. To bypass this check, set `DISABLE_MODEL_SOURCE_CHECK` to `True`.[0m
[33mChecking connectivity to the model hosters, this may take a while. To bypass this check, set `DISABLE_MODEL_SOURCE_CHECK` to `True`.[0m
[33mChecking connectivity to the model hosters, this may take a while. To bypass this check, set `DISABLE_MODEL_SOURCE_CHECK` to `True`.[0m
/Users/zhaowenyuan/Projects/FlowFigTabMiner/flowfigtabminer/lib/python3.9/site-packages/onmt/modules/sparse_activations.py:48: FutureWarning: `torch.cuda.amp.custom_fwd(args...)` is deprecated. Please use `torch.amp.custom_fwd(args..., device_type='cuda')` instead.
  def forward(ctx, input, dim=0):
/Users/zhaowenyuan/Projects/FlowFigTabMiner/flowfigtabminer/lib/python3.9/site-packages/onmt/modules/sparse_activations.py:68: FutureWarning: `torch.cuda.amp.custom_bwd(args...)` is deprecated. Please use `torch.amp.custom_bwd(args..., device_type='cuda')` instead.
  def backward(ctx, grad_output):
/Users/zhaowenyuan/Projects/FlowFigTabMiner/flowfigtabminer/lib/python3.9/site-packages/onmt/modules/sparse_losses.py:13: FutureWarning: `torch.cuda.amp.custom_fwd(args...)` is deprecated. Please use `torch.amp.custom_fwd(args..., device_type='cuda')` instead.
  def forward(ctx, input, target):
/Users/zhaowenyuan/Projects/FlowFigTabMiner/flowfigtabminer/lib/python3.9/site-packages/onmt/modules/sparse_losses.py:37: FutureWarning: `torch.cuda.amp.custom_bwd(args...)` is deprecated. Please use `torch.amp.custom_bwd(args..., device_type='cuda')` instead.
  def backward(ctx, grad_output):
chiral_center_ids (from symbols): []
/Users/zhaowenyuan/Projects/FlowFigTabMiner/flowfigtabminer/lib/python3.9/site-packages/urllib3/__init__.py:35: NotOpenSSLWarning: urllib3 v2 only supports OpenSSL 1.1.1+, currently the 'ssl' module is compiled with 'LibreSSL 2.8.3'. See: https://github.com/urllib3/urllib3/issues/3020
  warnings.warn(
/Users/zhaowenyuan/Projects/FlowFigTabMiner/flowfigtabminer/lib/python3.9/site-packages/urllib3/__init__.py:35: NotOpenSSLWarning: urllib3 v2 only supports OpenSSL 1.1.1+, currently the 'ssl' module is compiled with 'LibreSSL 2.8.3'. See: https://github.com/urllib3/urllib3/issues/3020
  warnings.warn(
/Users/zhaowenyuan/Projects/FlowFigTabMiner/flowfigtabminer/lib/python3.9/site-packages/urllib3/__init__.py:35: NotOpenSSLWarning: urllib3 v2 only supports OpenSSL 1.1.1+, currently the 'ssl' module is compiled with 'LibreSSL 2.8.3'. See: https://github.com/urllib3/urllib3/issues/3020
  warnings.warn(
/Users/zhaowenyuan/Projects/FlowFigTabMiner/flowfigtabminer/lib/python3.9/site-packages/urllib3/__init__.py:35: NotOpenSSLWarning: urllib3 v2 only supports OpenSSL 1.1.1+, currently the 'ssl' module is compiled with 'LibreSSL 2.8.3'. See: https://github.com/urllib3/urllib3/issues/3020
  warnings.warn(
/Users/zhaowenyuan/Projects/FlowFigTabMiner/flowfigtabminer/lib/python3.9/site-packages/urllib3/__init__.py:35: NotOpenSSLWarning: urllib3 v2 only supports OpenSSL 1.1.1+, currently the 'ssl' module is compiled with 'LibreSSL 2.8.3'. See: https://github.com/urllib3/urllib3/issues/3020
  warnings.warn(
/Users/zhaowenyuan/Projects/FlowFigTabMiner/flowfigtabminer/lib/python3.9/site-packages/urllib3/__init__.py:35: NotOpenSSLWarning: urllib3 v2 only supports OpenSSL 1.1.1+, currently the 'ssl' module is compiled with 'LibreSSL 2.8.3'. See: https://github.com/urllib3/urllib3/issues/3020
  warnings.warn(
/Users/zhaowenyuan/Projects/FlowFigTabMiner/flowfigtabminer/lib/python3.9/site-packages/urllib3/__init__.py:35: NotOpenSSLWarning: urllib3 v2 only supports OpenSSL 1.1.1+, currently the 'ssl' module is compiled with 'LibreSSL 2.8.3'. See: https://github.com/urllib3/urllib3/issues/3020
  warnings.warn(
/Users/zhaowenyuan/Projects/FlowFigTabMiner/flowfigtabminer/lib/python3.9/site-packages/urllib3/__init__.py:35: NotOpenSSLWarning: urllib3 v2 only supports OpenSSL 1.1.1+, currently the 'ssl' module is compiled with 'LibreSSL 2.8.3'. See: https://github.com/urllib3/urllib3/issues/3020
  warnings.warn(
/Users/zhaowenyuan/Projects/FlowFigTabMiner/flowfigtabminer/lib/python3.9/site-packages/urllib3/__init__.py:35: NotOpenSSLWarning: urllib3 v2 only supports OpenSSL 1.1.1+, currently the 'ssl' module is compiled with 'LibreSSL 2.8.3'. See: https://github.com/urllib3/urllib3/issues/3020
  warnings.warn(
/Users/zhaowenyuan/Projects/FlowFigTabMiner/flowfigtabminer/lib/python3.9/site-packages/urllib3/__init__.py:35: NotOpenSSLWarning: urllib3 v2 only supports OpenSSL 1.1.1+, currently the 'ssl' module is compiled with 'LibreSSL 2.8.3'. See: https://github.com/urllib3/urllib3/issues/3020
  warnings.warn(
/Users/zhaowenyuan/Projects/FlowFigTabMiner/flowfigtabminer/lib/python3.9/site-packages/urllib3/__init__.py:35: NotOpenSSLWarning: urllib3 v2 only supports OpenSSL 1.1.1+, currently the 'ssl' module is compiled with 'LibreSSL 2.8.3'. See: https://github.com/urllib3/urllib3/issues/3020
  warnings.warn(
/Users/zhaowenyuan/Projects/FlowFigTabMiner/flowfigtabminer/lib/python3.9/site-packages/urllib3/__init__.py:35: NotOpenSSLWarning: urllib3 v2 only supports OpenSSL 1.1.1+, currently the 'ssl' module is compiled with 'LibreSSL 2.8.3'. See: https://github.com/urllib3/urllib3/issues/3020
  warnings.warn(
/Users/zhaowenyuan/Projects/FlowFigTabMiner/flowfigtabminer/lib/python3.9/site-packages/urllib3/__init__.py:35: NotOpenSSLWarning: urllib3 v2 only supports OpenSSL 1.1.1+, currently the 'ssl' module is compiled with 'LibreSSL 2.8.3'. See: https://github.com/urllib3/urllib3/issues/3020
  warnings.warn(
/Users/zhaowenyuan/Projects/FlowFigTabMiner/flowfigtabminer/lib/python3.9/site-packages/urllib3/__init__.py:35: NotOpenSSLWarning: urllib3 v2 only supports OpenSSL 1.1.1+, currently the 'ssl' module is compiled with 'LibreSSL 2.8.3'. See: https://github.com/urllib3/urllib3/issues/3020
  warnings.warn(
/Users/zhaowenyuan/Projects/FlowFigTabMiner/flowfigtabminer/lib/python3.9/site-packages/urllib3/__init__.py:35: NotOpenSSLWarning: urllib3 v2 only supports OpenSSL 1.1.1+, currently the 'ssl' module is compiled with 'LibreSSL 2.8.3'. See: https://github.com/urllib3/urllib3/issues/3020
  warnings.warn(
/Users/zhaowenyuan/Projects/FlowFigTabMiner/flowfigtabminer/lib/python3.9/site-packages/urllib3/__init__.py:35: NotOpenSSLWarning: urllib3 v2 only supports OpenSSL 1.1.1+, currently the 'ssl' module is compiled with 'LibreSSL 2.8.3'. See: https://github.com/urllib3/urllib3/issues/3020
  warnings.warn(
[33mChecking connectivity to the model hosters, this may take a while. To bypass this check, set `DISABLE_MODEL_SOURCE_CHECK` to `True`.[0m
[33mChecking connectivity to the model hosters, this may take a while. To bypass this check, set `DISABLE_MODEL_SOURCE_CHECK` to `True`.[0m
[33mChecking connectivity to the model hosters, this may take a while. To bypass this check, set `DISABLE_MODEL_SOURCE_CHECK` to `True`.[0m
[33mChecking connectivity to the model hosters, this may take a while. To bypass this check, set `DISABLE_MODEL_SOURCE_CHECK` to `True`.[0m
[33mChecking connectivity to the model hosters, this may take a while. To bypass this check, set `DISABLE_MODEL_SOURCE_CHECK` to `True`.[0m
[33mChecking connectivity to the model hosters, this may take a while. To bypass this check, set `DISABLE_MODEL_SOURCE_CHECK` to `True`.[0m
[33mChecking connectivity to the model hosters, this may take a while. To bypass this check, set `DISABLE_MODEL_SOURCE_CHECK` to `True`.[0m
[33mChecking connectivity to the model hosters, this may take a while. To bypass this check, set `DISABLE_MODEL_SOURCE_CHECK` to `True`.[0m
[33mChecking connectivity to the model hosters, this may take a while. To bypass this check, set `DISABLE_MODEL_SOURCE_CHECK` to `True`.[0m
[33mChecking connectivity to the model hosters, this may take a while. To bypass this check, set `DISABLE_MODEL_SOURCE_CHECK` to `True`.[0m
[33mChecking connectivity to the model hosters, this may take a while. To bypass this check, set `DISABLE_MODEL_SOURCE_CHECK` to `True`.[0m
[33mChecking connectivity to the model hosters, this may take a while. To bypass this check, set `DISABLE_MODEL_SOURCE_CHECK` to `True`.[0m
[33mChecking connectivity to the model hosters, this may take a while. To bypass this check, set `DISABLE_MODEL_SOURCE_CHECK` to `True`.[0m
[33mChecking connectivity to the model hosters, this may take a while. To bypass this check, set `DISABLE_MODEL_SOURCE_CHECK` to `True`.[0m
[33mChecking connectivity to the model hosters, this may take a while. To bypass this check, set `DISABLE_MODEL_SOURCE_CHECK` to `True`.[0m
[33mChecking connectivity to the model hosters, this may take a while. To bypass this check, set `DISABLE_MODEL_SOURCE_CHECK` to `True`.[0m
/Users/zhaowenyuan/Projects/FlowFigTabMiner/flowfigtabminer/lib/python3.9/site-packages/onmt/modules/sparse_activations.py:48: FutureWarning: `torch.cuda.amp.custom_fwd(args...)` is deprecated. Please use `torch.amp.custom_fwd(args..., device_type='cuda')` instead.
  def forward(ctx, input, dim=0):
/Users/zhaowenyuan/Projects/FlowFigTabMiner/flowfigtabminer/lib/python3.9/site-packages/onmt/modules/sparse_activations.py:68: FutureWarning: `torch.cuda.amp.custom_bwd(args...)` is deprecated. Please use `torch.amp.custom_bwd(args..., device_type='cuda')` instead.
  def backward(ctx, grad_output):
/Users/zhaowenyuan/Projects/FlowFigTabMiner/flowfigtabminer/lib/python3.9/site-packages/onmt/modules/sparse_losses.py:13: FutureWarning: `torch.cuda.amp.custom_fwd(args...)` is deprecated. Please use `torch.amp.custom_fwd(args..., device_type='cuda')` instead.
  def forward(ctx, input, target):
/Users/zhaowenyuan/Projects/FlowFigTabMiner/flowfigtabminer/lib/python3.9/site-packages/onmt/modules/sparse_losses.py:37: FutureWarning: `torch.cuda.amp.custom_bwd(args...)` is deprecated. Please use `torch.amp.custom_bwd(args..., device_type='cuda')` instead.
  def backward(ctx, grad_output):
/Users/zhaowenyuan/Projects/FlowFigTabMiner/flowfigtabminer/lib/python3.9/site-packages/onmt/modules/sparse_activations.py:48: FutureWarning: `torch.cuda.amp.custom_fwd(args...)` is deprecated. Please use `torch.amp.custom_fwd(args..., device_type='cuda')` instead.
  def forward(ctx, input, dim=0):
/Users/zhaowenyuan/Projects/FlowFigTabMiner/flowfigtabminer/lib/python3.9/site-packages/onmt/modules/sparse_activations.py:68: FutureWarning: `torch.cuda.amp.custom_bwd(args...)` is deprecated. Please use `torch.amp.custom_bwd(args..., device_type='cuda')` instead.
  def backward(ctx, grad_output):
/Users/zhaowenyuan/Projects/FlowFigTabMiner/flowfigtabminer/lib/python3.9/site-packages/urllib3/__init__.py:35: NotOpenSSLWarning: urllib3 v2 only supports OpenSSL 1.1.1+, currently the 'ssl' module is compiled with 'LibreSSL 2.8.3'. See: https://github.com/urllib3/urllib3/issues/3020
  warnings.warn(
/Users/zhaowenyuan/Projects/FlowFigTabMiner/flowfigtabminer/lib/python3.9/site-packages/urllib3/__init__.py:35: NotOpenSSLWarning: urllib3 v2 only supports OpenSSL 1.1.1+, currently the 'ssl' module is compiled with 'LibreSSL 2.8.3'. See: https://github.com/urllib3/urllib3/issues/3020
  warnings.warn(
/Users/zhaowenyuan/Projects/FlowFigTabMiner/flowfigtabminer/lib/python3.9/site-packages/urllib3/__init__.py:35: NotOpenSSLWarning: urllib3 v2 only supports OpenSSL 1.1.1+, currently the 'ssl' module is compiled with 'LibreSSL 2.8.3'. See: https://github.com/urllib3/urllib3/issues/3020
  warnings.warn(
/Users/zhaowenyuan/Projects/FlowFigTabMiner/flowfigtabminer/lib/python3.9/site-packages/urllib3/__init__.py:35: NotOpenSSLWarning: urllib3 v2 only supports OpenSSL 1.1.1+, currently the 'ssl' module is compiled with 'LibreSSL 2.8.3'. See: https://github.com/urllib3/urllib3/issues/3020
  warnings.warn(
/Users/zhaowenyuan/Projects/FlowFigTabMiner/flowfigtabminer/lib/python3.9/site-packages/urllib3/__init__.py:35: NotOpenSSLWarning: urllib3 v2 only supports OpenSSL 1.1.1+, currently the 'ssl' module is compiled with 'LibreSSL 2.8.3'. See: https://github.com/urllib3/urllib3/issues/3020
  warnings.warn(
/Users/zhaowenyuan/Projects/FlowFigTabMiner/flowfigtabminer/lib/python3.9/site-packages/urllib3/__init__.py:35: NotOpenSSLWarning: urllib3 v2 only supports OpenSSL 1.1.1+, currently the 'ssl' module is compiled with 'LibreSSL 2.8.3'. See: https://github.com/urllib3/urllib3/issues/3020
  warnings.warn(
/Users/zhaowenyuan/Projects/FlowFigTabMiner/flowfigtabminer/lib/python3.9/site-packages/urllib3/__init__.py:35: NotOpenSSLWarning: urllib3 v2 only supports OpenSSL 1.1.1+, currently the 'ssl' module is compiled with 'LibreSSL 2.8.3'. See: https://github.com/urllib3/urllib3/issues/3020
  warnings.warn(
/Users/zhaowenyuan/Projects/FlowFigTabMiner/flowfigtabminer/lib/python3.9/site-packages/urllib3/__init__.py:35: NotOpenSSLWarning: urllib3 v2 only supports OpenSSL 1.1.1+, currently the 'ssl' module is compiled with 'LibreSSL 2.8.3'. See: https://github.com/urllib3/urllib3/issues/3020
  warnings.warn(
/Users/zhaowenyuan/Projects/FlowFigTabMiner/flowfigtabminer/lib/python3.9/site-packages/urllib3/__init__.py:35: NotOpenSSLWarning: urllib3 v2 only supports OpenSSL 1.1.1+, currently the 'ssl' module is compiled with 'LibreSSL 2.8.3'. See: https://github.com/urllib3/urllib3/issues/3020
  warnings.warn(
/Users/zhaowenyuan/Projects/FlowFigTabMiner/flowfigtabminer/lib/python3.9/site-packages/urllib3/__init__.py:35: NotOpenSSLWarning: urllib3 v2 only supports OpenSSL 1.1.1+, currently the 'ssl' module is compiled with 'LibreSSL 2.8.3'. See: https://github.com/urllib3/urllib3/issues/3020
  warnings.warn(
/Users/zhaowenyuan/Projects/FlowFigTabMiner/flowfigtabminer/lib/python3.9/site-packages/urllib3/__init__.py:35: NotOpenSSLWarning: urllib3 v2 only supports OpenSSL 1.1.1+, currently the 'ssl' module is compiled with 'LibreSSL 2.8.3'. See: https://github.com/urllib3/urllib3/issues/3020
  warnings.warn(
/Users/zhaowenyuan/Projects/FlowFigTabMiner/flowfigtabminer/lib/python3.9/site-packages/urllib3/__init__.py:35: NotOpenSSLWarning: urllib3 v2 only supports OpenSSL 1.1.1+, currently the 'ssl' module is compiled with 'LibreSSL 2.8.3'. See: https://github.com/urllib3/urllib3/issues/3020
  warnings.warn(
/Users/zhaowenyuan/Projects/FlowFigTabMiner/flowfigtabminer/lib/python3.9/site-packages/urllib3/__init__.py:35: NotOpenSSLWarning: urllib3 v2 only supports OpenSSL 1.1.1+, currently the 'ssl' module is compiled with 'LibreSSL 2.8.3'. See: https://github.com/urllib3/urllib3/issues/3020
  warnings.warn(
/Users/zhaowenyuan/Projects/FlowFigTabMiner/flowfigtabminer/lib/python3.9/site-packages/urllib3/__init__.py:35: NotOpenSSLWarning: urllib3 v2 only supports OpenSSL 1.1.1+, currently the 'ssl' module is compiled with 'LibreSSL 2.8.3'. See: https://github.com/urllib3/urllib3/issues/3020
  warnings.warn(
/Users/zhaowenyuan/Projects/FlowFigTabMiner/flowfigtabminer/lib/python3.9/site-packages/urllib3/__init__.py:35: NotOpenSSLWarning: urllib3 v2 only supports OpenSSL 1.1.1+, currently the 'ssl' module is compiled with 'LibreSSL 2.8.3'. See: https://github.com/urllib3/urllib3/issues/3020
  warnings.warn(
/Users/zhaowenyuan/Projects/FlowFigTabMiner/flowfigtabminer/lib/python3.9/site-packages/urllib3/__init__.py:35: NotOpenSSLWarning: urllib3 v2 only supports OpenSSL 1.1.1+, currently the 'ssl' module is compiled with 'LibreSSL 2.8.3'. See: https://github.com/urllib3/urllib3/issues/3020
  warnings.warn(
[33mChecking connectivity to the model hosters, this may take a while. To bypass this check, set `DISABLE_MODEL_SOURCE_CHECK` to `True`.[0m
[33mChecking connectivity to the model hosters, this may take a while. To bypass this check, set `DISABLE_MODEL_SOURCE_CHECK` to `True`.[0m
[33mChecking connectivity to the model hosters, this may take a while. To bypass this check, set `DISABLE_MODEL_SOURCE_CHECK` to `True`.[0m
[33mChecking connectivity to the model hosters, this may take a while. To bypass this check, set `DISABLE_MODEL_SOURCE_CHECK` to `True`.[0m
[33mChecking connectivity to the model hosters, this may take a while. To bypass this check, set `DISABLE_MODEL_SOURCE_CHECK` to `True`.[0m
[33mChecking connectivity to the model hosters, this may take a while. To bypass this check, set `DISABLE_MODEL_SOURCE_CHECK` to `True`.[0m
[33mChecking connectivity to the model hosters, this may take a while. To bypass this check, set `DISABLE_MODEL_SOURCE_CHECK` to `True`.[0m
[33mChecking connectivity to the model hosters, this may take a while. To bypass this check, set `DISABLE_MODEL_SOURCE_CHECK` to `True`.[0m
[33mChecking connectivity to the model hosters, this may take a while. To bypass this check, set `DISABLE_MODEL_SOURCE_CHECK` to `True`.[0m
[33mChecking connectivity to the model hosters, this may take a while. To bypass this check, set `DISABLE_MODEL_SOURCE_CHECK` to `True`.[0m
[33mChecking connectivity to the model hosters, this may take a while. To bypass this check, set `DISABLE_MODEL_SOURCE_CHECK` to `True`.[0m
[33mChecking connectivity to the model hosters, this may take a while. To bypass this check, set `DISABLE_MODEL_SOURCE_CHECK` to `True`.[0m
[33mChecking connectivity to the model hosters, this may take a while. To bypass this check, set `DISABLE_MODEL_SOURCE_CHECK` to `True`.[0m
[33mChecking connectivity to the model hosters, this may take a while. To bypass this check, set `DISABLE_MODEL_SOURCE_CHECK` to `True`.[0m
[33mChecking connectivity to the model hosters, this may take a while. To bypass this check, set `DISABLE_MODEL_SOURCE_CHECK` to `True`.[0m
[33mChecking connectivity to the model hosters, this may take a while. To bypass this check, set `DISABLE_MODEL_SOURCE_CHECK` to `True`.[0m
/Users/zhaowenyuan/Projects/FlowFigTabMiner/flowfigtabminer/lib/python3.9/site-packages/onmt/modules/sparse_activations.py:48: FutureWarning: `torch.cuda.amp.custom_fwd(args...)` is deprecated. Please use `torch.amp.custom_fwd(args..., device_type='cuda')` instead.
  def forward(ctx, input, dim=0):
/Users/zhaowenyuan/Projects/FlowFigTabMiner/flowfigtabminer/lib/python3.9/site-packages/onmt/modules/sparse_activations.py:48: FutureWarning: `torch.cuda.amp.custom_fwd(args...)` is deprecated. Please use `torch.amp.custom_fwd(args..., device_type='cuda')` instead.
  def forward(ctx, input, dim=0):
/Users/zhaowenyuan/Projects/FlowFigTabMiner/flowfigtabminer/lib/python3.9/site-packages/onmt/modules/sparse_activations.py:68: FutureWarning: `torch.cuda.amp.custom_bwd(args...)` is deprecated. Please use `torch.amp.custom_bwd(args..., device_type='cuda')` instead.
  def backward(ctx, grad_output):
/Users/zhaowenyuan/Projects/FlowFigTabMiner/flowfigtabminer/lib/python3.9/site-packages/onmt/modules/sparse_activations.py:68: FutureWarning: `torch.cuda.amp.custom_bwd(args...)` is deprecated. Please use `torch.amp.custom_bwd(args..., device_type='cuda')` instead.
  def backward(ctx, grad_output):
/Users/zhaowenyuan/Projects/FlowFigTabMiner/flowfigtabminer/lib/python3.9/site-packages/onmt/modules/sparse_losses.py:13: FutureWarning: `torch.cuda.amp.custom_fwd(args...)` is deprecated. Please use `torch.amp.custom_fwd(args..., device_type='cuda')` instead.
  def forward(ctx, input, target):
/Users/zhaowenyuan/Projects/FlowFigTabMiner/flowfigtabminer/lib/python3.9/site-packages/onmt/modules/sparse_losses.py:13: FutureWarning: `torch.cuda.amp.custom_fwd(args...)` is deprecated. Please use `torch.amp.custom_fwd(args..., device_type='cuda')` instead.
  def forward(ctx, input, target):
/Users/zhaowenyuan/Projects/FlowFigTabMiner/flowfigtabminer/lib/python3.9/site-packages/onmt/modules/sparse_losses.py:37: FutureWarning: `torch.cuda.amp.custom_bwd(args...)` is deprecated. Please use `torch.amp.custom_bwd(args..., device_type='cuda')` instead.
  def backward(ctx, grad_output):
/Users/zhaowenyuan/Projects/FlowFigTabMiner/flowfigtabminer/lib/python3.9/site-packages/onmt/modules/sparse_losses.py:37: FutureWarning: `torch.cuda.amp.custom_bwd(args...)` is deprecated. Please use `torch.amp.custom_bwd(args..., device_type='cuda')` instead.
  def backward(ctx, grad_output):
chiral_center_ids (from symbols): []
/Users/zhaowenyuan/Projects/FlowFigTabMiner/flowfigtabminer/lib/python3.9/site-packages/urllib3/__init__.py:35: NotOpenSSLWarning: urllib3 v2 only supports OpenSSL 1.1.1+, currently the 'ssl' module is compiled with 'LibreSSL 2.8.3'. See: https://github.com/urllib3/urllib3/issues/3020
  warnings.warn(
/Users/zhaowenyuan/Projects/FlowFigTabMiner/flowfigtabminer/lib/python3.9/site-packages/urllib3/__init__.py:35: NotOpenSSLWarning: urllib3 v2 only supports OpenSSL 1.1.1+, currently the 'ssl' module is compiled with 'LibreSSL 2.8.3'. See: https://github.com/urllib3/urllib3/issues/3020
  warnings.warn(
/Users/zhaowenyuan/Projects/FlowFigTabMiner/flowfigtabminer/lib/python3.9/site-packages/urllib3/__init__.py:35: NotOpenSSLWarning: urllib3 v2 only supports OpenSSL 1.1.1+, currently the 'ssl' module is compiled with 'LibreSSL 2.8.3'. See: https://github.com/urllib3/urllib3/issues/3020
  warnings.warn(
/Users/zhaowenyuan/Projects/FlowFigTabMiner/flowfigtabminer/lib/python3.9/site-packages/urllib3/__init__.py:35: NotOpenSSLWarning: urllib3 v2 only supports OpenSSL 1.1.1+, currently the 'ssl' module is compiled with 'LibreSSL 2.8.3'. See: https://github.com/urllib3/urllib3/issues/3020
  warnings.warn(
/Users/zhaowenyuan/Projects/FlowFigTabMiner/flowfigtabminer/lib/python3.9/site-packages/urllib3/__init__.py:35: NotOpenSSLWarning: urllib3 v2 only supports OpenSSL 1.1.1+, currently the 'ssl' module is compiled with 'LibreSSL 2.8.3'. See: https://github.com/urllib3/urllib3/issues/3020
  warnings.warn(
/Users/zhaowenyuan/Projects/FlowFigTabMiner/flowfigtabminer/lib/python3.9/site-packages/urllib3/__init__.py:35: NotOpenSSLWarning: urllib3 v2 only supports OpenSSL 1.1.1+, currently the 'ssl' module is compiled with 'LibreSSL 2.8.3'. See: https://github.com/urllib3/urllib3/issues/3020
  warnings.warn(
/Users/zhaowenyuan/Projects/FlowFigTabMiner/flowfigtabminer/lib/python3.9/site-packages/urllib3/__init__.py:35: NotOpenSSLWarning: urllib3 v2 only supports OpenSSL 1.1.1+, currently the 'ssl' module is compiled with 'LibreSSL 2.8.3'. See: https://github.com/urllib3/urllib3/issues/3020
  warnings.warn(
/Users/zhaowenyuan/Projects/FlowFigTabMiner/flowfigtabminer/lib/python3.9/site-packages/urllib3/__init__.py:35: NotOpenSSLWarning: urllib3 v2 only supports OpenSSL 1.1.1+, currently the 'ssl' module is compiled with 'LibreSSL 2.8.3'. See: https://github.com/urllib3/urllib3/issues/3020
  warnings.warn(
/Users/zhaowenyuan/Projects/FlowFigTabMiner/flowfigtabminer/lib/python3.9/site-packages/urllib3/__init__.py:35: NotOpenSSLWarning: urllib3 v2 only supports OpenSSL 1.1.1+, currently the 'ssl' module is compiled with 'LibreSSL 2.8.3'. See: https://github.com/urllib3/urllib3/issues/3020
  warnings.warn(
/Users/zhaowenyuan/Projects/FlowFigTabMiner/flowfigtabminer/lib/python3.9/site-packages/urllib3/__init__.py:35: NotOpenSSLWarning: urllib3 v2 only supports OpenSSL 1.1.1+, currently the 'ssl' module is compiled with 'LibreSSL 2.8.3'. See: https://github.com/urllib3/urllib3/issues/3020
  warnings.warn(
/Users/zhaowenyuan/Projects/FlowFigTabMiner/flowfigtabminer/lib/python3.9/site-packages/urllib3/__init__.py:35: NotOpenSSLWarning: urllib3 v2 only supports OpenSSL 1.1.1+, currently the 'ssl' module is compiled with 'LibreSSL 2.8.3'. See: https://github.com/urllib3/urllib3/issues/3020
  warnings.warn(
/Users/zhaowenyuan/Projects/FlowFigTabMiner/flowfigtabminer/lib/python3.9/site-packages/urllib3/__init__.py:35: NotOpenSSLWarning: urllib3 v2 only supports OpenSSL 1.1.1+, currently the 'ssl' module is compiled with 'LibreSSL 2.8.3'. See: https://github.com/urllib3/urllib3/issues/3020
  warnings.warn(
/Users/zhaowenyuan/Projects/FlowFigTabMiner/flowfigtabminer/lib/python3.9/site-packages/urllib3/__init__.py:35: NotOpenSSLWarning: urllib3 v2 only supports OpenSSL 1.1.1+, currently the 'ssl' module is compiled with 'LibreSSL 2.8.3'. See: https://github.com/urllib3/urllib3/issues/3020
  warnings.warn(
/Users/zhaowenyuan/Projects/FlowFigTabMiner/flowfigtabminer/lib/python3.9/site-packages/urllib3/__init__.py:35: NotOpenSSLWarning: urllib3 v2 only supports OpenSSL 1.1.1+, currently the 'ssl' module is compiled with 'LibreSSL 2.8.3'. See: https://github.com/urllib3/urllib3/issues/3020
  warnings.warn(
/Users/zhaowenyuan/Projects/FlowFigTabMiner/flowfigtabminer/lib/python3.9/site-packages/urllib3/__init__.py:35: NotOpenSSLWarning: urllib3 v2 only supports OpenSSL 1.1.1+, currently the 'ssl' module is compiled with 'LibreSSL 2.8.3'. See: https://github.com/urllib3/urllib3/issues/3020
  warnings.warn(
/Users/zhaowenyuan/Projects/FlowFigTabMiner/flowfigtabminer/lib/python3.9/site-packages/urllib3/__init__.py:35: NotOpenSSLWarning: urllib3 v2 only supports OpenSSL 1.1.1+, currently the 'ssl' module is compiled with 'LibreSSL 2.8.3'. See: https://github.com/urllib3/urllib3/issues/3020
  warnings.warn(
[33mChecking connectivity to the model hosters, this may take a while. To bypass this check, set `DISABLE_MODEL_SOURCE_CHECK` to `True`.[0m
[33mChecking connectivity to the model hosters, this may take a while. To bypass this check, set `DISABLE_MODEL_SOURCE_CHECK` to `True`.[0m
[33mChecking connectivity to the model hosters, this may take a while. To bypass this check, set `DISABLE_MODEL_SOURCE_CHECK` to `True`.[0m
[33mChecking connectivity to the model hosters, this may take a while. To bypass this check, set `DISABLE_MODEL_SOURCE_CHECK` to `True`.[0m
[33mChecking connectivity to the model hosters, this may take a while. To bypass this check, set `DISABLE_MODEL_SOURCE_CHECK` to `True`.[0m
[33mChecking connectivity to the model hosters, this may take a while. To bypass this check, set `DISABLE_MODEL_SOURCE_CHECK` to `True`.[0m
[33mChecking connectivity to the model hosters, this may take a while. To bypass this check, set `DISABLE_MODEL_SOURCE_CHECK` to `True`.[0m
[33mChecking connectivity to the model hosters, this may take a while. To bypass this check, set `DISABLE_MODEL_SOURCE_CHECK` to `True`.[0m
[33mChecking connectivity to the model hosters, this may take a while. To bypass this check, set `DISABLE_MODEL_SOURCE_CHECK` to `True`.[0m
[33mChecking connectivity to the model hosters, this may take a while. To bypass this check, set `DISABLE_MODEL_SOURCE_CHECK` to `True`.[0m
[33mChecking connectivity to the model hosters, this may take a while. To bypass this check, set `DISABLE_MODEL_SOURCE_CHECK` to `True`.[0m
[33mChecking connectivity to the model hosters, this may take a while. To bypass this check, set `DISABLE_MODEL_SOURCE_CHECK` to `True`.[0m
[33mChecking connectivity to the model hosters, this may take a while. To bypass this check, set `DISABLE_MODEL_SOURCE_CHECK` to `True`.[0m
[33mChecking connectivity to the model hosters, this may take a while. To bypass this check, set `DISABLE_MODEL_SOURCE_CHECK` to `True`.[0m
[33mChecking connectivity to the model hosters, this may take a while. To bypass this check, set `DISABLE_MODEL_SOURCE_CHECK` to `True`.[0m
[33mChecking connectivity to the model hosters, this may take a while. To bypass this check, set `DISABLE_MODEL_SOURCE_CHECK` to `True`.[0m
/Users/zhaowenyuan/Projects/FlowFigTabMiner/flowfigtabminer/lib/python3.9/site-packages/onmt/modules/sparse_activations.py:48: FutureWarning: `torch.cuda.amp.custom_fwd(args...)` is deprecated. Please use `torch.amp.custom_fwd(args..., device_type='cuda')` instead.
  def forward(ctx, input, dim=0):
/Users/zhaowenyuan/Projects/FlowFigTabMiner/flowfigtabminer/lib/python3.9/site-packages/onmt/modules/sparse_activations.py:68: FutureWarning: `torch.cuda.amp.custom_bwd(args...)` is deprecated. Please use `torch.amp.custom_bwd(args..., device_type='cuda')` instead.
  def backward(ctx, grad_output):
/Users/zhaowenyuan/Projects/FlowFigTabMiner/flowfigtabminer/lib/python3.9/site-packages/onmt/modules/sparse_losses.py:13: FutureWarning: `torch.cuda.amp.custom_fwd(args...)` is deprecated. Please use `torch.amp.custom_fwd(args..., device_type='cuda')` instead.
  def forward(ctx, input, target):
/Users/zhaowenyuan/Projects/FlowFigTabMiner/flowfigtabminer/lib/python3.9/site-packages/onmt/modules/sparse_losses.py:37: FutureWarning: `torch.cuda.amp.custom_bwd(args...)` is deprecated. Please use `torch.amp.custom_bwd(args..., device_type='cuda')` instead.
  def backward(ctx, grad_output):
chiral_center_ids (from symbols): []
/Users/zhaowenyuan/Projects/FlowFigTabMiner/flowfigtabminer/lib/python3.9/site-packages/urllib3/__init__.py:35: NotOpenSSLWarning: urllib3 v2 only supports OpenSSL 1.1.1+, currently the 'ssl' module is compiled with 'LibreSSL 2.8.3'. See: https://github.com/urllib3/urllib3/issues/3020
  warnings.warn(
/Users/zhaowenyuan/Projects/FlowFigTabMiner/flowfigtabminer/lib/python3.9/site-packages/urllib3/__init__.py:35: NotOpenSSLWarning: urllib3 v2 only supports OpenSSL 1.1.1+, currently the 'ssl' module is compiled with 'LibreSSL 2.8.3'. See: https://github.com/urllib3/urllib3/issues/3020
  warnings.warn(
/Users/zhaowenyuan/Projects/FlowFigTabMiner/flowfigtabminer/lib/python3.9/site-packages/urllib3/__init__.py:35: NotOpenSSLWarning: urllib3 v2 only supports OpenSSL 1.1.1+, currently the 'ssl' module is compiled with 'LibreSSL 2.8.3'. See: https://github.com/urllib3/urllib3/issues/3020
  warnings.warn(
/Users/zhaowenyuan/Projects/FlowFigTabMiner/flowfigtabminer/lib/python3.9/site-packages/urllib3/__init__.py:35: NotOpenSSLWarning: urllib3 v2 only supports OpenSSL 1.1.1+, currently the 'ssl' module is compiled with 'LibreSSL 2.8.3'. See: https://github.com/urllib3/urllib3/issues/3020
  warnings.warn(
/Users/zhaowenyuan/Projects/FlowFigTabMiner/flowfigtabminer/lib/python3.9/site-packages/urllib3/__init__.py:35: NotOpenSSLWarning: urllib3 v2 only supports OpenSSL 1.1.1+, currently the 'ssl' module is compiled with 'LibreSSL 2.8.3'. See: https://github.com/urllib3/urllib3/issues/3020
  warnings.warn(
/Users/zhaowenyuan/Projects/FlowFigTabMiner/flowfigtabminer/lib/python3.9/site-packages/urllib3/__init__.py:35: NotOpenSSLWarning: urllib3 v2 only supports OpenSSL 1.1.1+, currently the 'ssl' module is compiled with 'LibreSSL 2.8.3'. See: https://github.com/urllib3/urllib3/issues/3020
  warnings.warn(
/Users/zhaowenyuan/Projects/FlowFigTabMiner/flowfigtabminer/lib/python3.9/site-packages/urllib3/__init__.py:35: NotOpenSSLWarning: urllib3 v2 only supports OpenSSL 1.1.1+, currently the 'ssl' module is compiled with 'LibreSSL 2.8.3'. See: https://github.com/urllib3/urllib3/issues/3020
  warnings.warn(
/Users/zhaowenyuan/Projects/FlowFigTabMiner/flowfigtabminer/lib/python3.9/site-packages/urllib3/__init__.py:35: NotOpenSSLWarning: urllib3 v2 only supports OpenSSL 1.1.1+, currently the 'ssl' module is compiled with 'LibreSSL 2.8.3'. See: https://github.com/urllib3/urllib3/issues/3020
  warnings.warn(
/Users/zhaowenyuan/Projects/FlowFigTabMiner/flowfigtabminer/lib/python3.9/site-packages/urllib3/__init__.py:35: NotOpenSSLWarning: urllib3 v2 only supports OpenSSL 1.1.1+, currently the 'ssl' module is compiled with 'LibreSSL 2.8.3'. See: https://github.com/urllib3/urllib3/issues/3020
  warnings.warn(
/Users/zhaowenyuan/Projects/FlowFigTabMiner/flowfigtabminer/lib/python3.9/site-packages/urllib3/__init__.py:35: NotOpenSSLWarning: urllib3 v2 only supports OpenSSL 1.1.1+, currently the 'ssl' module is compiled with 'LibreSSL 2.8.3'. See: https://github.com/urllib3/urllib3/issues/3020
  warnings.warn(
/Users/zhaowenyuan/Projects/FlowFigTabMiner/flowfigtabminer/lib/python3.9/site-packages/urllib3/__init__.py:35: NotOpenSSLWarning: urllib3 v2 only supports OpenSSL 1.1.1+, currently the 'ssl' module is compiled with 'LibreSSL 2.8.3'. See: https://github.com/urllib3/urllib3/issues/3020
  warnings.warn(
/Users/zhaowenyuan/Projects/FlowFigTabMiner/flowfigtabminer/lib/python3.9/site-packages/urllib3/__init__.py:35: NotOpenSSLWarning: urllib3 v2 only supports OpenSSL 1.1.1+, currently the 'ssl' module is compiled with 'LibreSSL 2.8.3'. See: https://github.com/urllib3/urllib3/issues/3020
  warnings.warn(
/Users/zhaowenyuan/Projects/FlowFigTabMiner/flowfigtabminer/lib/python3.9/site-packages/urllib3/__init__.py:35: NotOpenSSLWarning: urllib3 v2 only supports OpenSSL 1.1.1+, currently the 'ssl' module is compiled with 'LibreSSL 2.8.3'. See: https://github.com/urllib3/urllib3/issues/3020
  warnings.warn(
/Users/zhaowenyuan/Projects/FlowFigTabMiner/flowfigtabminer/lib/python3.9/site-packages/urllib3/__init__.py:35: NotOpenSSLWarning: urllib3 v2 only supports OpenSSL 1.1.1+, currently the 'ssl' module is compiled with 'LibreSSL 2.8.3'. See: https://github.com/urllib3/urllib3/issues/3020
  warnings.warn(
/Users/zhaowenyuan/Projects/FlowFigTabMiner/flowfigtabminer/lib/python3.9/site-packages/urllib3/__init__.py:35: NotOpenSSLWarning: urllib3 v2 only supports OpenSSL 1.1.1+, currently the 'ssl' module is compiled with 'LibreSSL 2.8.3'. See: https://github.com/urllib3/urllib3/issues/3020
  warnings.warn(
/Users/zhaowenyuan/Projects/FlowFigTabMiner/flowfigtabminer/lib/python3.9/site-packages/urllib3/__init__.py:35: NotOpenSSLWarning: urllib3 v2 only supports OpenSSL 1.1.1+, currently the 'ssl' module is compiled with 'LibreSSL 2.8.3'. See: https://github.com/urllib3/urllib3/issues/3020
  warnings.warn(
[33mChecking connectivity to the model hosters, this may take a while. To bypass this check, set `DISABLE_MODEL_SOURCE_CHECK` to `True`.[0m
[33mChecking connectivity to the model hosters, this may take a while. To bypass this check, set `DISABLE_MODEL_SOURCE_CHECK` to `True`.[0m
[33mChecking connectivity to the model hosters, this may take a while. To bypass this check, set `DISABLE_MODEL_SOURCE_CHECK` to `True`.[0m
[33mChecking connectivity to the model hosters, this may take a while. To bypass this check, set `DISABLE_MODEL_SOURCE_CHECK` to `True`.[0m
[33mChecking connectivity to the model hosters, this may take a while. To bypass this check, set `DISABLE_MODEL_SOURCE_CHECK` to `True`.[0m
[33mChecking connectivity to the model hosters, this may take a while. To bypass this check, set `DISABLE_MODEL_SOURCE_CHECK` to `True`.[0m
[33mChecking connectivity to the model hosters, this may take a while. To bypass this check, set `DISABLE_MODEL_SOURCE_CHECK` to `True`.[0m
[33mChecking connectivity to the model hosters, this may take a while. To bypass this check, set `DISABLE_MODEL_SOURCE_CHECK` to `True`.[0m
[33mChecking connectivity to the model hosters, this may take a while. To bypass this check, set `DISABLE_MODEL_SOURCE_CHECK` to `True`.[0m
[33mChecking connectivity to the model hosters, this may take a while. To bypass this check, set `DISABLE_MODEL_SOURCE_CHECK` to `True`.[0m
[33mChecking connectivity to the model hosters, this may take a while. To bypass this check, set `DISABLE_MODEL_SOURCE_CHECK` to `True`.[0m
[33mChecking connectivity to the model hosters, this may take a while. To bypass this check, set `DISABLE_MODEL_SOURCE_CHECK` to `True`.[0m
[33mChecking connectivity to the model hosters, this may take a while. To bypass this check, set `DISABLE_MODEL_SOURCE_CHECK` to `True`.[0m
[33mChecking connectivity to the model hosters, this may take a while. To bypass this check, set `DISABLE_MODEL_SOURCE_CHECK` to `True`.[0m
[33mChecking connectivity to the model hosters, this may take a while. To bypass this check, set `DISABLE_MODEL_SOURCE_CHECK` to `True`.[0m
[33mChecking connectivity to the model hosters, this may take a while. To bypass this check, set `DISABLE_MODEL_SOURCE_CHECK` to `True`.[0m
/Users/zhaowenyuan/Projects/FlowFigTabMiner/flowfigtabminer/lib/python3.9/site-packages/onmt/modules/sparse_activations.py:48: FutureWarning: `torch.cuda.amp.custom_fwd(args...)` is deprecated. Please use `torch.amp.custom_fwd(args..., device_type='cuda')` instead.
  def forward(ctx, input, dim=0):
/Users/zhaowenyuan/Projects/FlowFigTabMiner/flowfigtabminer/lib/python3.9/site-packages/onmt/modules/sparse_activations.py:68: FutureWarning: `torch.cuda.amp.custom_bwd(args...)` is deprecated. Please use `torch.amp.custom_bwd(args..., device_type='cuda')` instead.
  def backward(ctx, grad_output):
/Users/zhaowenyuan/Projects/FlowFigTabMiner/flowfigtabminer/lib/python3.9/site-packages/onmt/modules/sparse_losses.py:13: FutureWarning: `torch.cuda.amp.custom_fwd(args...)` is deprecated. Please use `torch.amp.custom_fwd(args..., device_type='cuda')` instead.
  def forward(ctx, input, target):
/Users/zhaowenyuan/Projects/FlowFigTabMiner/flowfigtabminer/lib/python3.9/site-packages/onmt/modules/sparse_losses.py:37: FutureWarning: `torch.cuda.amp.custom_bwd(args...)` is deprecated. Please use `torch.amp.custom_bwd(args..., device_type='cuda')` instead.
  def backward(ctx, grad_output):
/Users/zhaowenyuan/Projects/FlowFigTabMiner/flowfigtabminer/lib/python3.9/site-packages/onmt/modules/sparse_activations.py:48: FutureWarning: `torch.cuda.amp.custom_fwd(args...)` is deprecated. Please use `torch.amp.custom_fwd(args..., device_type='cuda')` instead.
  def forward(ctx, input, dim=0):
/Users/zhaowenyuan/Projects/FlowFigTabMiner/flowfigtabminer/lib/python3.9/site-packages/onmt/modules/sparse_activations.py:68: FutureWarning: `torch.cuda.amp.custom_bwd(args...)` is deprecated. Please use `torch.amp.custom_bwd(args..., device_type='cuda')` instead.
  def backward(ctx, grad_output):
/Users/zhaowenyuan/Projects/FlowFigTabMiner/flowfigtabminer/lib/python3.9/site-packages/onmt/modules/sparse_losses.py:13: FutureWarning: `torch.cuda.amp.custom_fwd(args...)` is deprecated. Please use `torch.amp.custom_fwd(args..., device_type='cuda')` instead.
  def forward(ctx, input, target):
/Users/zhaowenyuan/Projects/FlowFigTabMiner/flowfigtabminer/lib/python3.9/site-packages/onmt/modules/sparse_losses.py:37: FutureWarning: `torch.cuda.amp.custom_bwd(args...)` is deprecated. Please use `torch.amp.custom_bwd(args..., device_type='cuda')` instead.
  def backward(ctx, grad_output):
/Users/zhaowenyuan/Projects/FlowFigTabMiner/flowfigtabminer/lib/python3.9/site-packages/onmt/modules/sparse_activations.py:48: FutureWarning: `torch.cuda.amp.custom_fwd(args...)` is deprecated. Please use `torch.amp.custom_fwd(args..., device_type='cuda')` instead.
  def forward(ctx, input, dim=0):
/Users/zhaowenyuan/Projects/FlowFigTabMiner/flowfigtabminer/lib/python3.9/site-packages/onmt/modules/sparse_activations.py:68: FutureWarning: `torch.cuda.amp.custom_bwd(args...)` is deprecated. Please use `torch.amp.custom_bwd(args..., device_type='cuda')` instead.
  def backward(ctx, grad_output):
/Users/zhaowenyuan/Projects/FlowFigTabMiner/flowfigtabminer/lib/python3.9/site-packages/onmt/modules/sparse_losses.py:13: FutureWarning: `torch.cuda.amp.custom_fwd(args...)` is deprecated. Please use `torch.amp.custom_fwd(args..., device_type='cuda')` instead.
  def forward(ctx, input, target):
/Users/zhaowenyuan/Projects/FlowFigTabMiner/flowfigtabminer/lib/python3.9/site-packages/onmt/modules/sparse_losses.py:37: FutureWarning: `torch.cuda.amp.custom_bwd(args...)` is deprecated. Please use `torch.amp.custom_bwd(args..., device_type='cuda')` instead.
  def backward(ctx, grad_output):
/Users/zhaowenyuan/Projects/FlowFigTabMiner/flowfigtabminer/lib/python3.9/site-packages/urllib3/__init__.py:35: NotOpenSSLWarning: urllib3 v2 only supports OpenSSL 1.1.1+, currently the 'ssl' module is compiled with 'LibreSSL 2.8.3'. See: https://github.com/urllib3/urllib3/issues/3020
  warnings.warn(
/Users/zhaowenyuan/Projects/FlowFigTabMiner/flowfigtabminer/lib/python3.9/site-packages/urllib3/__init__.py:35: NotOpenSSLWarning: urllib3 v2 only supports OpenSSL 1.1.1+, currently the 'ssl' module is compiled with 'LibreSSL 2.8.3'. See: https://github.com/urllib3/urllib3/issues/3020
  warnings.warn(
/Users/zhaowenyuan/Projects/FlowFigTabMiner/flowfigtabminer/lib/python3.9/site-packages/urllib3/__init__.py:35: NotOpenSSLWarning: urllib3 v2 only supports OpenSSL 1.1.1+, currently the 'ssl' module is compiled with 'LibreSSL 2.8.3'. See: https://github.com/urllib3/urllib3/issues/3020
  warnings.warn(
/Users/zhaowenyuan/Projects/FlowFigTabMiner/flowfigtabminer/lib/python3.9/site-packages/urllib3/__init__.py:35: NotOpenSSLWarning: urllib3 v2 only supports OpenSSL 1.1.1+, currently the 'ssl' module is compiled with 'LibreSSL 2.8.3'. See: https://github.com/urllib3/urllib3/issues/3020
  warnings.warn(
/Users/zhaowenyuan/Projects/FlowFigTabMiner/flowfigtabminer/lib/python3.9/site-packages/urllib3/__init__.py:35: NotOpenSSLWarning: urllib3 v2 only supports OpenSSL 1.1.1+, currently the 'ssl' module is compiled with 'LibreSSL 2.8.3'. See: https://github.com/urllib3/urllib3/issues/3020
  warnings.warn(
/Users/zhaowenyuan/Projects/FlowFigTabMiner/flowfigtabminer/lib/python3.9/site-packages/urllib3/__init__.py:35: NotOpenSSLWarning: urllib3 v2 only supports OpenSSL 1.1.1+, currently the 'ssl' module is compiled with 'LibreSSL 2.8.3'. See: https://github.com/urllib3/urllib3/issues/3020
  warnings.warn(
/Users/zhaowenyuan/Projects/FlowFigTabMiner/flowfigtabminer/lib/python3.9/site-packages/urllib3/__init__.py:35: NotOpenSSLWarning: urllib3 v2 only supports OpenSSL 1.1.1+, currently the 'ssl' module is compiled with 'LibreSSL 2.8.3'. See: https://github.com/urllib3/urllib3/issues/3020
  warnings.warn(
/Users/zhaowenyuan/Projects/FlowFigTabMiner/flowfigtabminer/lib/python3.9/site-packages/urllib3/__init__.py:35: NotOpenSSLWarning: urllib3 v2 only supports OpenSSL 1.1.1+, currently the 'ssl' module is compiled with 'LibreSSL 2.8.3'. See: https://github.com/urllib3/urllib3/issues/3020
  warnings.warn(
/Users/zhaowenyuan/Projects/FlowFigTabMiner/flowfigtabminer/lib/python3.9/site-packages/urllib3/__init__.py:35: NotOpenSSLWarning: urllib3 v2 only supports OpenSSL 1.1.1+, currently the 'ssl' module is compiled with 'LibreSSL 2.8.3'. See: https://github.com/urllib3/urllib3/issues/3020
  warnings.warn(
/Users/zhaowenyuan/Projects/FlowFigTabMiner/flowfigtabminer/lib/python3.9/site-packages/urllib3/__init__.py:35: NotOpenSSLWarning: urllib3 v2 only supports OpenSSL 1.1.1+, currently the 'ssl' module is compiled with 'LibreSSL 2.8.3'. See: https://github.com/urllib3/urllib3/issues/3020
  warnings.warn(
/Users/zhaowenyuan/Projects/FlowFigTabMiner/flowfigtabminer/lib/python3.9/site-packages/urllib3/__init__.py:35: NotOpenSSLWarning: urllib3 v2 only supports OpenSSL 1.1.1+, currently the 'ssl' module is compiled with 'LibreSSL 2.8.3'. See: https://github.com/urllib3/urllib3/issues/3020
  warnings.warn(
/Users/zhaowenyuan/Projects/FlowFigTabMiner/flowfigtabminer/lib/python3.9/site-packages/urllib3/__init__.py:35: NotOpenSSLWarning: urllib3 v2 only supports OpenSSL 1.1.1+, currently the 'ssl' module is compiled with 'LibreSSL 2.8.3'. See: https://github.com/urllib3/urllib3/issues/3020
  warnings.warn(
/Users/zhaowenyuan/Projects/FlowFigTabMiner/flowfigtabminer/lib/python3.9/site-packages/urllib3/__init__.py:35: NotOpenSSLWarning: urllib3 v2 only supports OpenSSL 1.1.1+, currently the 'ssl' module is compiled with 'LibreSSL 2.8.3'. See: https://github.com/urllib3/urllib3/issues/3020
  warnings.warn(
/Users/zhaowenyuan/Projects/FlowFigTabMiner/flowfigtabminer/lib/python3.9/site-packages/urllib3/__init__.py:35: NotOpenSSLWarning: urllib3 v2 only supports OpenSSL 1.1.1+, currently the 'ssl' module is compiled with 'LibreSSL 2.8.3'. See: https://github.com/urllib3/urllib3/issues/3020
  warnings.warn(
/Users/zhaowenyuan/Projects/FlowFigTabMiner/flowfigtabminer/lib/python3.9/site-packages/urllib3/__init__.py:35: NotOpenSSLWarning: urllib3 v2 only supports OpenSSL 1.1.1+, currently the 'ssl' module is compiled with 'LibreSSL 2.8.3'. See: https://github.com/urllib3/urllib3/issues/3020
  warnings.warn(
/Users/zhaowenyuan/Projects/FlowFigTabMiner/flowfigtabminer/lib/python3.9/site-packages/urllib3/__init__.py:35: NotOpenSSLWarning: urllib3 v2 only supports OpenSSL 1.1.1+, currently the 'ssl' module is compiled with 'LibreSSL 2.8.3'. See: https://github.com/urllib3/urllib3/issues/3020
  warnings.warn(
[33mChecking connectivity to the model hosters, this may take a while. To bypass this check, set `DISABLE_MODEL_SOURCE_CHECK` to `True`.[0m
[33mChecking connectivity to the model hosters, this may take a while. To bypass this check, set `DISABLE_MODEL_SOURCE_CHECK` to `True`.[0m
[33mChecking connectivity to the model hosters, this may take a while. To bypass this check, set `DISABLE_MODEL_SOURCE_CHECK` to `True`.[0m
[33mChecking connectivity to the model hosters, this may take a while. To bypass this check, set `DISABLE_MODEL_SOURCE_CHECK` to `True`.[0m
[33mChecking connectivity to the model hosters, this may take a while. To bypass this check, set `DISABLE_MODEL_SOURCE_CHECK` to `True`.[0m
[33mChecking connectivity to the model hosters, this may take a while. To bypass this check, set `DISABLE_MODEL_SOURCE_CHECK` to `True`.[0m
[33mChecking connectivity to the model hosters, this may take a while. To bypass this check, set `DISABLE_MODEL_SOURCE_CHECK` to `True`.[0m
[33mChecking connectivity to the model hosters, this may take a while. To bypass this check, set `DISABLE_MODEL_SOURCE_CHECK` to `True`.[0m
[33mChecking connectivity to the model hosters, this may take a while. To bypass this check, set `DISABLE_MODEL_SOURCE_CHECK` to `True`.[0m
[33mChecking connectivity to the model hosters, this may take a while. To bypass this check, set `DISABLE_MODEL_SOURCE_CHECK` to `True`.[0m
[33mChecking connectivity to the model hosters, this may take a while. To bypass this check, set `DISABLE_MODEL_SOURCE_CHECK` to `True`.[0m
[33mChecking connectivity to the model hosters, this may take a while. To bypass this check, set `DISABLE_MODEL_SOURCE_CHECK` to `True`.[0m
[33mChecking connectivity to the model hosters, this may take a while. To bypass this check, set `DISABLE_MODEL_SOURCE_CHECK` to `True`.[0m
[33mChecking connectivity to the model hosters, this may take a while. To bypass this check, set `DISABLE_MODEL_SOURCE_CHECK` to `True`.[0m
[33mChecking connectivity to the model hosters, this may take a while. To bypass this check, set `DISABLE_MODEL_SOURCE_CHECK` to `True`.[0m
[33mChecking connectivity to the model hosters, this may take a while. To bypass this check, set `DISABLE_MODEL_SOURCE_CHECK` to `True`.[0m
/Users/zhaowenyuan/Projects/FlowFigTabMiner/flowfigtabminer/lib/python3.9/site-packages/onmt/modules/sparse_activations.py:48: FutureWarning: `torch.cuda.amp.custom_fwd(args...)` is deprecated. Please use `torch.amp.custom_fwd(args..., device_type='cuda')` instead.
  def forward(ctx, input, dim=0):
/Users/zhaowenyuan/Projects/FlowFigTabMiner/flowfigtabminer/lib/python3.9/site-packages/onmt/modules/sparse_activations.py:68: FutureWarning: `torch.cuda.amp.custom_bwd(args...)` is deprecated. Please use `torch.amp.custom_bwd(args..., device_type='cuda')` instead.
  def backward(ctx, grad_output):
/Users/zhaowenyuan/Projects/FlowFigTabMiner/flowfigtabminer/lib/python3.9/site-packages/onmt/modules/sparse_losses.py:13: FutureWarning: `torch.cuda.amp.custom_fwd(args...)` is deprecated. Please use `torch.amp.custom_fwd(args..., device_type='cuda')` instead.
  def forward(ctx, input, target):
/Users/zhaowenyuan/Projects/FlowFigTabMiner/flowfigtabminer/lib/python3.9/site-packages/onmt/modules/sparse_losses.py:37: FutureWarning: `torch.cuda.amp.custom_bwd(args...)` is deprecated. Please use `torch.amp.custom_bwd(args..., device_type='cuda')` instead.
  def backward(ctx, grad_output):
chiral_center_ids (from symbols): []
/Users/zhaowenyuan/Projects/FlowFigTabMiner/flowfigtabminer/lib/python3.9/site-packages/urllib3/__init__.py:35: NotOpenSSLWarning: urllib3 v2 only supports OpenSSL 1.1.1+, currently the 'ssl' module is compiled with 'LibreSSL 2.8.3'. See: https://github.com/urllib3/urllib3/issues/3020
  warnings.warn(
/Users/zhaowenyuan/Projects/FlowFigTabMiner/flowfigtabminer/lib/python3.9/site-packages/urllib3/__init__.py:35: NotOpenSSLWarning: urllib3 v2 only supports OpenSSL 1.1.1+, currently the 'ssl' module is compiled with 'LibreSSL 2.8.3'. See: https://github.com/urllib3/urllib3/issues/3020
  warnings.warn(
/Users/zhaowenyuan/Projects/FlowFigTabMiner/flowfigtabminer/lib/python3.9/site-packages/urllib3/__init__.py:35: NotOpenSSLWarning: urllib3 v2 only supports OpenSSL 1.1.1+, currently the 'ssl' module is compiled with 'LibreSSL 2.8.3'. See: https://github.com/urllib3/urllib3/issues/3020
  warnings.warn(
/Users/zhaowenyuan/Projects/FlowFigTabMiner/flowfigtabminer/lib/python3.9/site-packages/urllib3/__init__.py:35: NotOpenSSLWarning: urllib3 v2 only supports OpenSSL 1.1.1+, currently the 'ssl' module is compiled with 'LibreSSL 2.8.3'. See: https://github.com/urllib3/urllib3/issues/3020
  warnings.warn(
/Users/zhaowenyuan/Projects/FlowFigTabMiner/flowfigtabminer/lib/python3.9/site-packages/urllib3/__init__.py:35: NotOpenSSLWarning: urllib3 v2 only supports OpenSSL 1.1.1+, currently the 'ssl' module is compiled with 'LibreSSL 2.8.3'. See: https://github.com/urllib3/urllib3/issues/3020
  warnings.warn(
/Users/zhaowenyuan/Projects/FlowFigTabMiner/flowfigtabminer/lib/python3.9/site-packages/urllib3/__init__.py:35: NotOpenSSLWarning: urllib3 v2 only supports OpenSSL 1.1.1+, currently the 'ssl' module is compiled with 'LibreSSL 2.8.3'. See: https://github.com/urllib3/urllib3/issues/3020
  warnings.warn(
/Users/zhaowenyuan/Projects/FlowFigTabMiner/flowfigtabminer/lib/python3.9/site-packages/urllib3/__init__.py:35: NotOpenSSLWarning: urllib3 v2 only supports OpenSSL 1.1.1+, currently the 'ssl' module is compiled with 'LibreSSL 2.8.3'. See: https://github.com/urllib3/urllib3/issues/3020
  warnings.warn(
/Users/zhaowenyuan/Projects/FlowFigTabMiner/flowfigtabminer/lib/python3.9/site-packages/urllib3/__init__.py:35: NotOpenSSLWarning: urllib3 v2 only supports OpenSSL 1.1.1+, currently the 'ssl' module is compiled with 'LibreSSL 2.8.3'. See: https://github.com/urllib3/urllib3/issues/3020
  warnings.warn(
/Users/zhaowenyuan/Projects/FlowFigTabMiner/flowfigtabminer/lib/python3.9/site-packages/urllib3/__init__.py:35: NotOpenSSLWarning: urllib3 v2 only supports OpenSSL 1.1.1+, currently the 'ssl' module is compiled with 'LibreSSL 2.8.3'. See: https://github.com/urllib3/urllib3/issues/3020
  warnings.warn(
/Users/zhaowenyuan/Projects/FlowFigTabMiner/flowfigtabminer/lib/python3.9/site-packages/urllib3/__init__.py:35: NotOpenSSLWarning: urllib3 v2 only supports OpenSSL 1.1.1+, currently the 'ssl' module is compiled with 'LibreSSL 2.8.3'. See: https://github.com/urllib3/urllib3/issues/3020
  warnings.warn(
/Users/zhaowenyuan/Projects/FlowFigTabMiner/flowfigtabminer/lib/python3.9/site-packages/urllib3/__init__.py:35: NotOpenSSLWarning: urllib3 v2 only supports OpenSSL 1.1.1+, currently the 'ssl' module is compiled with 'LibreSSL 2.8.3'. See: https://github.com/urllib3/urllib3/issues/3020
  warnings.warn(
/Users/zhaowenyuan/Projects/FlowFigTabMiner/flowfigtabminer/lib/python3.9/site-packages/urllib3/__init__.py:35: NotOpenSSLWarning: urllib3 v2 only supports OpenSSL 1.1.1+, currently the 'ssl' module is compiled with 'LibreSSL 2.8.3'. See: https://github.com/urllib3/urllib3/issues/3020
  warnings.warn(
/Users/zhaowenyuan/Projects/FlowFigTabMiner/flowfigtabminer/lib/python3.9/site-packages/urllib3/__init__.py:35: NotOpenSSLWarning: urllib3 v2 only supports OpenSSL 1.1.1+, currently the 'ssl' module is compiled with 'LibreSSL 2.8.3'. See: https://github.com/urllib3/urllib3/issues/3020
  warnings.warn(
/Users/zhaowenyuan/Projects/FlowFigTabMiner/flowfigtabminer/lib/python3.9/site-packages/urllib3/__init__.py:35: NotOpenSSLWarning: urllib3 v2 only supports OpenSSL 1.1.1+, currently the 'ssl' module is compiled with 'LibreSSL 2.8.3'. See: https://github.com/urllib3/urllib3/issues/3020
  warnings.warn(
/Users/zhaowenyuan/Projects/FlowFigTabMiner/flowfigtabminer/lib/python3.9/site-packages/urllib3/__init__.py:35: NotOpenSSLWarning: urllib3 v2 only supports OpenSSL 1.1.1+, currently the 'ssl' module is compiled with 'LibreSSL 2.8.3'. See: https://github.com/urllib3/urllib3/issues/3020
  warnings.warn(
/Users/zhaowenyuan/Projects/FlowFigTabMiner/flowfigtabminer/lib/python3.9/site-packages/urllib3/__init__.py:35: NotOpenSSLWarning: urllib3 v2 only supports OpenSSL 1.1.1+, currently the 'ssl' module is compiled with 'LibreSSL 2.8.3'. See: https://github.com/urllib3/urllib3/issues/3020
  warnings.warn(
[33mChecking connectivity to the model hosters, this may take a while. To bypass this check, set `DISABLE_MODEL_SOURCE_CHECK` to `True`.[0m
[33mChecking connectivity to the model hosters, this may take a while. To bypass this check, set `DISABLE_MODEL_SOURCE_CHECK` to `True`.[0m
[33mChecking connectivity to the model hosters, this may take a while. To bypass this check, set `DISABLE_MODEL_SOURCE_CHECK` to `True`.[0m
[33mChecking connectivity to the model hosters, this may take a while. To bypass this check, set `DISABLE_MODEL_SOURCE_CHECK` to `True`.[0m
[33mChecking connectivity to the model hosters, this may take a while. To bypass this check, set `DISABLE_MODEL_SOURCE_CHECK` to `True`.[0m
[33mChecking connectivity to the model hosters, this may take a while. To bypass this check, set `DISABLE_MODEL_SOURCE_CHECK` to `True`.[0m
[33mChecking connectivity to the model hosters, this may take a while. To bypass this check, set `DISABLE_MODEL_SOURCE_CHECK` to `True`.[0m
[33mChecking connectivity to the model hosters, this may take a while. To bypass this check, set `DISABLE_MODEL_SOURCE_CHECK` to `True`.[0m
[33mChecking connectivity to the model hosters, this may take a while. To bypass this check, set `DISABLE_MODEL_SOURCE_CHECK` to `True`.[0m
[33mChecking connectivity to the model hosters, this may take a while. To bypass this check, set `DISABLE_MODEL_SOURCE_CHECK` to `True`.[0m
[33mChecking connectivity to the model hosters, this may take a while. To bypass this check, set `DISABLE_MODEL_SOURCE_CHECK` to `True`.[0m
[33mChecking connectivity to the model hosters, this may take a while. To bypass this check, set `DISABLE_MODEL_SOURCE_CHECK` to `True`.[0m
[33mChecking connectivity to the model hosters, this may take a while. To bypass this check, set `DISABLE_MODEL_SOURCE_CHECK` to `True`.[0m
[33mChecking connectivity to the model hosters, this may take a while. To bypass this check, set `DISABLE_MODEL_SOURCE_CHECK` to `True`.[0m
[33mChecking connectivity to the model hosters, this may take a while. To bypass this check, set `DISABLE_MODEL_SOURCE_CHECK` to `True`.[0m
[33mChecking connectivity to the model hosters, this may take a while. To bypass this check, set `DISABLE_MODEL_SOURCE_CHECK` to `True`.[0m
/Users/zhaowenyuan/Projects/FlowFigTabMiner/flowfigtabminer/lib/python3.9/site-packages/onmt/modules/sparse_activations.py:48: FutureWarning: `torch.cuda.amp.custom_fwd(args...)` is deprecated. Please use `torch.amp.custom_fwd(args..., device_type='cuda')` instead.
  def forward(ctx, input, dim=0):
/Users/zhaowenyuan/Projects/FlowFigTabMiner/flowfigtabminer/lib/python3.9/site-packages/onmt/modules/sparse_activations.py:68: FutureWarning: `torch.cuda.amp.custom_bwd(args...)` is deprecated. Please use `torch.amp.custom_bwd(args..., device_type='cuda')` instead.
  def backward(ctx, grad_output):
/Users/zhaowenyuan/Projects/FlowFigTabMiner/flowfigtabminer/lib/python3.9/site-packages/onmt/modules/sparse_losses.py:13: FutureWarning: `torch.cuda.amp.custom_fwd(args...)` is deprecated. Please use `torch.amp.custom_fwd(args..., device_type='cuda')` instead.
  def forward(ctx, input, target):
/Users/zhaowenyuan/Projects/FlowFigTabMiner/flowfigtabminer/lib/python3.9/site-packages/onmt/modules/sparse_losses.py:37: FutureWarning: `torch.cuda.amp.custom_bwd(args...)` is deprecated. Please use `torch.amp.custom_bwd(args..., device_type='cuda')` instead.
  def backward(ctx, grad_output):
chiral_center_ids (from symbols): []
/Users/zhaowenyuan/Projects/FlowFigTabMiner/flowfigtabminer/lib/python3.9/site-packages/urllib3/__init__.py:35: NotOpenSSLWarning: urllib3 v2 only supports OpenSSL 1.1.1+, currently the 'ssl' module is compiled with 'LibreSSL 2.8.3'. See: https://github.com/urllib3/urllib3/issues/3020
  warnings.warn(
/Users/zhaowenyuan/Projects/FlowFigTabMiner/flowfigtabminer/lib/python3.9/site-packages/urllib3/__init__.py:35: NotOpenSSLWarning: urllib3 v2 only supports OpenSSL 1.1.1+, currently the 'ssl' module is compiled with 'LibreSSL 2.8.3'. See: https://github.com/urllib3/urllib3/issues/3020
  warnings.warn(
/Users/zhaowenyuan/Projects/FlowFigTabMiner/flowfigtabminer/lib/python3.9/site-packages/urllib3/__init__.py:35: NotOpenSSLWarning: urllib3 v2 only supports OpenSSL 1.1.1+, currently the 'ssl' module is compiled with 'LibreSSL 2.8.3'. See: https://github.com/urllib3/urllib3/issues/3020
  warnings.warn(
/Users/zhaowenyuan/Projects/FlowFigTabMiner/flowfigtabminer/lib/python3.9/site-packages/urllib3/__init__.py:35: NotOpenSSLWarning: urllib3 v2 only supports OpenSSL 1.1.1+, currently the 'ssl' module is compiled with 'LibreSSL 2.8.3'. See: https://github.com/urllib3/urllib3/issues/3020
  warnings.warn(
/Users/zhaowenyuan/Projects/FlowFigTabMiner/flowfigtabminer/lib/python3.9/site-packages/urllib3/__init__.py:35: NotOpenSSLWarning: urllib3 v2 only supports OpenSSL 1.1.1+, currently the 'ssl' module is compiled with 'LibreSSL 2.8.3'. See: https://github.com/urllib3/urllib3/issues/3020
  warnings.warn(
/Users/zhaowenyuan/Projects/FlowFigTabMiner/flowfigtabminer/lib/python3.9/site-packages/urllib3/__init__.py:35: NotOpenSSLWarning: urllib3 v2 only supports OpenSSL 1.1.1+, currently the 'ssl' module is compiled with 'LibreSSL 2.8.3'. See: https://github.com/urllib3/urllib3/issues/3020
  warnings.warn(
/Users/zhaowenyuan/Projects/FlowFigTabMiner/flowfigtabminer/lib/python3.9/site-packages/urllib3/__init__.py:35: NotOpenSSLWarning: urllib3 v2 only supports OpenSSL 1.1.1+, currently the 'ssl' module is compiled with 'LibreSSL 2.8.3'. See: https://github.com/urllib3/urllib3/issues/3020
  warnings.warn(
/Users/zhaowenyuan/Projects/FlowFigTabMiner/flowfigtabminer/lib/python3.9/site-packages/urllib3/__init__.py:35: NotOpenSSLWarning: urllib3 v2 only supports OpenSSL 1.1.1+, currently the 'ssl' module is compiled with 'LibreSSL 2.8.3'. See: https://github.com/urllib3/urllib3/issues/3020
  warnings.warn(
/Users/zhaowenyuan/Projects/FlowFigTabMiner/flowfigtabminer/lib/python3.9/site-packages/urllib3/__init__.py:35: NotOpenSSLWarning: urllib3 v2 only supports OpenSSL 1.1.1+, currently the 'ssl' module is compiled with 'LibreSSL 2.8.3'. See: https://github.com/urllib3/urllib3/issues/3020
  warnings.warn(
/Users/zhaowenyuan/Projects/FlowFigTabMiner/flowfigtabminer/lib/python3.9/site-packages/urllib3/__init__.py:35: NotOpenSSLWarning: urllib3 v2 only supports OpenSSL 1.1.1+, currently the 'ssl' module is compiled with 'LibreSSL 2.8.3'. See: https://github.com/urllib3/urllib3/issues/3020
  warnings.warn(
/Users/zhaowenyuan/Projects/FlowFigTabMiner/flowfigtabminer/lib/python3.9/site-packages/urllib3/__init__.py:35: NotOpenSSLWarning: urllib3 v2 only supports OpenSSL 1.1.1+, currently the 'ssl' module is compiled with 'LibreSSL 2.8.3'. See: https://github.com/urllib3/urllib3/issues/3020
  warnings.warn(
/Users/zhaowenyuan/Projects/FlowFigTabMiner/flowfigtabminer/lib/python3.9/site-packages/urllib3/__init__.py:35: NotOpenSSLWarning: urllib3 v2 only supports OpenSSL 1.1.1+, currently the 'ssl' module is compiled with 'LibreSSL 2.8.3'. See: https://github.com/urllib3/urllib3/issues/3020
  warnings.warn(
/Users/zhaowenyuan/Projects/FlowFigTabMiner/flowfigtabminer/lib/python3.9/site-packages/urllib3/__init__.py:35: NotOpenSSLWarning: urllib3 v2 only supports OpenSSL 1.1.1+, currently the 'ssl' module is compiled with 'LibreSSL 2.8.3'. See: https://github.com/urllib3/urllib3/issues/3020
  warnings.warn(
/Users/zhaowenyuan/Projects/FlowFigTabMiner/flowfigtabminer/lib/python3.9/site-packages/urllib3/__init__.py:35: NotOpenSSLWarning: urllib3 v2 only supports OpenSSL 1.1.1+, currently the 'ssl' module is compiled with 'LibreSSL 2.8.3'. See: https://github.com/urllib3/urllib3/issues/3020
  warnings.warn(
/Users/zhaowenyuan/Projects/FlowFigTabMiner/flowfigtabminer/lib/python3.9/site-packages/urllib3/__init__.py:35: NotOpenSSLWarning: urllib3 v2 only supports OpenSSL 1.1.1+, currently the 'ssl' module is compiled with 'LibreSSL 2.8.3'. See: https://github.com/urllib3/urllib3/issues/3020
  warnings.warn(
/Users/zhaowenyuan/Projects/FlowFigTabMiner/flowfigtabminer/lib/python3.9/site-packages/urllib3/__init__.py:35: NotOpenSSLWarning: urllib3 v2 only supports OpenSSL 1.1.1+, currently the 'ssl' module is compiled with 'LibreSSL 2.8.3'. See: https://github.com/urllib3/urllib3/issues/3020
  warnings.warn(
[33mChecking connectivity to the model hosters, this may take a while. To bypass this check, set `DISABLE_MODEL_SOURCE_CHECK` to `True`.[0m
[33mChecking connectivity to the model hosters, this may take a while. To bypass this check, set `DISABLE_MODEL_SOURCE_CHECK` to `True`.[0m
[33mChecking connectivity to the model hosters, this may take a while. To bypass this check, set `DISABLE_MODEL_SOURCE_CHECK` to `True`.[0m
[33mChecking connectivity to the model hosters, this may take a while. To bypass this check, set `DISABLE_MODEL_SOURCE_CHECK` to `True`.[0m
[33mChecking connectivity to the model hosters, this may take a while. To bypass this check, set `DISABLE_MODEL_SOURCE_CHECK` to `True`.[0m
[33mChecking connectivity to the model hosters, this may take a while. To bypass this check, set `DISABLE_MODEL_SOURCE_CHECK` to `True`.[0m
[33mChecking connectivity to the model hosters, this may take a while. To bypass this check, set `DISABLE_MODEL_SOURCE_CHECK` to `True`.[0m
[33mChecking connectivity to the model hosters, this may take a while. To bypass this check, set `DISABLE_MODEL_SOURCE_CHECK` to `True`.[0m
[33mChecking connectivity to the model hosters, this may take a while. To bypass this check, set `DISABLE_MODEL_SOURCE_CHECK` to `True`.[0m
[33mChecking connectivity to the model hosters, this may take a while. To bypass this check, set `DISABLE_MODEL_SOURCE_CHECK` to `True`.[0m
[33mChecking connectivity to the model hosters, this may take a while. To bypass this check, set `DISABLE_MODEL_SOURCE_CHECK` to `True`.[0m
[33mChecking connectivity to the model hosters, this may take a while. To bypass this check, set `DISABLE_MODEL_SOURCE_CHECK` to `True`.[0m
[33mChecking connectivity to the model hosters, this may take a while. To bypass this check, set `DISABLE_MODEL_SOURCE_CHECK` to `True`.[0m
[33mChecking connectivity to the model hosters, this may take a while. To bypass this check, set `DISABLE_MODEL_SOURCE_CHECK` to `True`.[0m
[33mChecking connectivity to the model hosters, this may take a while. To bypass this check, set `DISABLE_MODEL_SOURCE_CHECK` to `True`.[0m
[33mChecking connectivity to the model hosters, this may take a while. To bypass this check, set `DISABLE_MODEL_SOURCE_CHECK` to `True`.[0m
/Users/zhaowenyuan/Projects/FlowFigTabMiner/flowfigtabminer/lib/python3.9/site-packages/onmt/modules/sparse_activations.py:48: FutureWarning: `torch.cuda.amp.custom_fwd(args...)` is deprecated. Please use `torch.amp.custom_fwd(args..., device_type='cuda')` instead.
  def forward(ctx, input, dim=0):
/Users/zhaowenyuan/Projects/FlowFigTabMiner/flowfigtabminer/lib/python3.9/site-packages/onmt/modules/sparse_activations.py:68: FutureWarning: `torch.cuda.amp.custom_bwd(args...)` is deprecated. Please use `torch.amp.custom_bwd(args..., device_type='cuda')` instead.
  def backward(ctx, grad_output):
/Users/zhaowenyuan/Projects/FlowFigTabMiner/flowfigtabminer/lib/python3.9/site-packages/onmt/modules/sparse_losses.py:13: FutureWarning: `torch.cuda.amp.custom_fwd(args...)` is deprecated. Please use `torch.amp.custom_fwd(args..., device_type='cuda')` instead.
  def forward(ctx, input, target):
/Users/zhaowenyuan/Projects/FlowFigTabMiner/flowfigtabminer/lib/python3.9/site-packages/onmt/modules/sparse_losses.py:37: FutureWarning: `torch.cuda.amp.custom_bwd(args...)` is deprecated. Please use `torch.amp.custom_bwd(args..., device_type='cuda')` instead.
  def backward(ctx, grad_output):
chiral_center_ids (from symbols): []
/Users/zhaowenyuan/Projects/FlowFigTabMiner/flowfigtabminer/lib/python3.9/site-packages/urllib3/__init__.py:35: NotOpenSSLWarning: urllib3 v2 only supports OpenSSL 1.1.1+, currently the 'ssl' module is compiled with 'LibreSSL 2.8.3'. See: https://github.com/urllib3/urllib3/issues/3020
  warnings.warn(
/Users/zhaowenyuan/Projects/FlowFigTabMiner/flowfigtabminer/lib/python3.9/site-packages/urllib3/__init__.py:35: NotOpenSSLWarning: urllib3 v2 only supports OpenSSL 1.1.1+, currently the 'ssl' module is compiled with 'LibreSSL 2.8.3'. See: https://github.com/urllib3/urllib3/issues/3020
  warnings.warn(
/Users/zhaowenyuan/Projects/FlowFigTabMiner/flowfigtabminer/lib/python3.9/site-packages/urllib3/__init__.py:35: NotOpenSSLWarning: urllib3 v2 only supports OpenSSL 1.1.1+, currently the 'ssl' module is compiled with 'LibreSSL 2.8.3'. See: https://github.com/urllib3/urllib3/issues/3020
  warnings.warn(
/Users/zhaowenyuan/Projects/FlowFigTabMiner/flowfigtabminer/lib/python3.9/site-packages/urllib3/__init__.py:35: NotOpenSSLWarning: urllib3 v2 only supports OpenSSL 1.1.1+, currently the 'ssl' module is compiled with 'LibreSSL 2.8.3'. See: https://github.com/urllib3/urllib3/issues/3020
  warnings.warn(
/Users/zhaowenyuan/Projects/FlowFigTabMiner/flowfigtabminer/lib/python3.9/site-packages/urllib3/__init__.py:35: NotOpenSSLWarning: urllib3 v2 only supports OpenSSL 1.1.1+, currently the 'ssl' module is compiled with 'LibreSSL 2.8.3'. See: https://github.com/urllib3/urllib3/issues/3020
  warnings.warn(
/Users/zhaowenyuan/Projects/FlowFigTabMiner/flowfigtabminer/lib/python3.9/site-packages/urllib3/__init__.py:35: NotOpenSSLWarning: urllib3 v2 only supports OpenSSL 1.1.1+, currently the 'ssl' module is compiled with 'LibreSSL 2.8.3'. See: https://github.com/urllib3/urllib3/issues/3020
  warnings.warn(
/Users/zhaowenyuan/Projects/FlowFigTabMiner/flowfigtabminer/lib/python3.9/site-packages/urllib3/__init__.py:35: NotOpenSSLWarning: urllib3 v2 only supports OpenSSL 1.1.1+, currently the 'ssl' module is compiled with 'LibreSSL 2.8.3'. See: https://github.com/urllib3/urllib3/issues/3020
  warnings.warn(
/Users/zhaowenyuan/Projects/FlowFigTabMiner/flowfigtabminer/lib/python3.9/site-packages/urllib3/__init__.py:35: NotOpenSSLWarning: urllib3 v2 only supports OpenSSL 1.1.1+, currently the 'ssl' module is compiled with 'LibreSSL 2.8.3'. See: https://github.com/urllib3/urllib3/issues/3020
  warnings.warn(
/Users/zhaowenyuan/Projects/FlowFigTabMiner/flowfigtabminer/lib/python3.9/site-packages/urllib3/__init__.py:35: NotOpenSSLWarning: urllib3 v2 only supports OpenSSL 1.1.1+, currently the 'ssl' module is compiled with 'LibreSSL 2.8.3'. See: https://github.com/urllib3/urllib3/issues/3020
  warnings.warn(
/Users/zhaowenyuan/Projects/FlowFigTabMiner/flowfigtabminer/lib/python3.9/site-packages/urllib3/__init__.py:35: NotOpenSSLWarning: urllib3 v2 only supports OpenSSL 1.1.1+, currently the 'ssl' module is compiled with 'LibreSSL 2.8.3'. See: https://github.com/urllib3/urllib3/issues/3020
  warnings.warn(
/Users/zhaowenyuan/Projects/FlowFigTabMiner/flowfigtabminer/lib/python3.9/site-packages/urllib3/__init__.py:35: NotOpenSSLWarning: urllib3 v2 only supports OpenSSL 1.1.1+, currently the 'ssl' module is compiled with 'LibreSSL 2.8.3'. See: https://github.com/urllib3/urllib3/issues/3020
  warnings.warn(
/Users/zhaowenyuan/Projects/FlowFigTabMiner/flowfigtabminer/lib/python3.9/site-packages/urllib3/__init__.py:35: NotOpenSSLWarning: urllib3 v2 only supports OpenSSL 1.1.1+, currently the 'ssl' module is compiled with 'LibreSSL 2.8.3'. See: https://github.com/urllib3/urllib3/issues/3020
  warnings.warn(
/Users/zhaowenyuan/Projects/FlowFigTabMiner/flowfigtabminer/lib/python3.9/site-packages/urllib3/__init__.py:35: NotOpenSSLWarning: urllib3 v2 only supports OpenSSL 1.1.1+, currently the 'ssl' module is compiled with 'LibreSSL 2.8.3'. See: https://github.com/urllib3/urllib3/issues/3020
  warnings.warn(
/Users/zhaowenyuan/Projects/FlowFigTabMiner/flowfigtabminer/lib/python3.9/site-packages/urllib3/__init__.py:35: NotOpenSSLWarning: urllib3 v2 only supports OpenSSL 1.1.1+, currently the 'ssl' module is compiled with 'LibreSSL 2.8.3'. See: https://github.com/urllib3/urllib3/issues/3020
  warnings.warn(
/Users/zhaowenyuan/Projects/FlowFigTabMiner/flowfigtabminer/lib/python3.9/site-packages/urllib3/__init__.py:35: NotOpenSSLWarning: urllib3 v2 only supports OpenSSL 1.1.1+, currently the 'ssl' module is compiled with 'LibreSSL 2.8.3'. See: https://github.com/urllib3/urllib3/issues/3020
  warnings.warn(
/Users/zhaowenyuan/Projects/FlowFigTabMiner/flowfigtabminer/lib/python3.9/site-packages/urllib3/__init__.py:35: NotOpenSSLWarning: urllib3 v2 only supports OpenSSL 1.1.1+, currently the 'ssl' module is compiled with 'LibreSSL 2.8.3'. See: https://github.com/urllib3/urllib3/issues/3020
  warnings.warn(
[33mChecking connectivity to the model hosters, this may take a while. To bypass this check, set `DISABLE_MODEL_SOURCE_CHECK` to `True`.[0m
[33mChecking connectivity to the model hosters, this may take a while. To bypass this check, set `DISABLE_MODEL_SOURCE_CHECK` to `True`.[0m
[33mChecking connectivity to the model hosters, this may take a while. To bypass this check, set `DISABLE_MODEL_SOURCE_CHECK` to `True`.[0m
[33mChecking connectivity to the model hosters, this may take a while. To bypass this check, set `DISABLE_MODEL_SOURCE_CHECK` to `True`.[0m
[33mChecking connectivity to the model hosters, this may take a while. To bypass this check, set `DISABLE_MODEL_SOURCE_CHECK` to `True`.[0m
[33mChecking connectivity to the model hosters, this may take a while. To bypass this check, set `DISABLE_MODEL_SOURCE_CHECK` to `True`.[0m
[33mChecking connectivity to the model hosters, this may take a while. To bypass this check, set `DISABLE_MODEL_SOURCE_CHECK` to `True`.[0m
[33mChecking connectivity to the model hosters, this may take a while. To bypass this check, set `DISABLE_MODEL_SOURCE_CHECK` to `True`.[0m
[33mChecking connectivity to the model hosters, this may take a while. To bypass this check, set `DISABLE_MODEL_SOURCE_CHECK` to `True`.[0m
[33mChecking connectivity to the model hosters, this may take a while. To bypass this check, set `DISABLE_MODEL_SOURCE_CHECK` to `True`.[0m
[33mChecking connectivity to the model hosters, this may take a while. To bypass this check, set `DISABLE_MODEL_SOURCE_CHECK` to `True`.[0m
[33mChecking connectivity to the model hosters, this may take a while. To bypass this check, set `DISABLE_MODEL_SOURCE_CHECK` to `True`.[0m
[33mChecking connectivity to the model hosters, this may take a while. To bypass this check, set `DISABLE_MODEL_SOURCE_CHECK` to `True`.[0m
[33mChecking connectivity to the model hosters, this may take a while. To bypass this check, set `DISABLE_MODEL_SOURCE_CHECK` to `True`.[0m
[33mChecking connectivity to the model hosters, this may take a while. To bypass this check, set `DISABLE_MODEL_SOURCE_CHECK` to `True`.[0m
[33mChecking connectivity to the model hosters, this may take a while. To bypass this check, set `DISABLE_MODEL_SOURCE_CHECK` to `True`.[0m
/Users/zhaowenyuan/Projects/FlowFigTabMiner/flowfigtabminer/lib/python3.9/site-packages/onmt/modules/sparse_activations.py:48: FutureWarning: `torch.cuda.amp.custom_fwd(args...)` is deprecated. Please use `torch.amp.custom_fwd(args..., device_type='cuda')` instead.
  def forward(ctx, input, dim=0):
/Users/zhaowenyuan/Projects/FlowFigTabMiner/flowfigtabminer/lib/python3.9/site-packages/onmt/modules/sparse_activations.py:68: FutureWarning: `torch.cuda.amp.custom_bwd(args...)` is deprecated. Please use `torch.amp.custom_bwd(args..., device_type='cuda')` instead.
  def backward(ctx, grad_output):
/Users/zhaowenyuan/Projects/FlowFigTabMiner/flowfigtabminer/lib/python3.9/site-packages/onmt/modules/sparse_losses.py:13: FutureWarning: `torch.cuda.amp.custom_fwd(args...)` is deprecated. Please use `torch.amp.custom_fwd(args..., device_type='cuda')` instead.
  def forward(ctx, input, target):
/Users/zhaowenyuan/Projects/FlowFigTabMiner/flowfigtabminer/lib/python3.9/site-packages/onmt/modules/sparse_losses.py:37: FutureWarning: `torch.cuda.amp.custom_bwd(args...)` is deprecated. Please use `torch.amp.custom_bwd(args..., device_type='cuda')` instead.
  def backward(ctx, grad_output):
chiral_center_ids (from symbols): []
/Users/zhaowenyuan/Projects/FlowFigTabMiner/flowfigtabminer/lib/python3.9/site-packages/urllib3/__init__.py:35: NotOpenSSLWarning: urllib3 v2 only supports OpenSSL 1.1.1+, currently the 'ssl' module is compiled with 'LibreSSL 2.8.3'. See: https://github.com/urllib3/urllib3/issues/3020
  warnings.warn(
/Users/zhaowenyuan/Projects/FlowFigTabMiner/flowfigtabminer/lib/python3.9/site-packages/urllib3/__init__.py:35: NotOpenSSLWarning: urllib3 v2 only supports OpenSSL 1.1.1+, currently the 'ssl' module is compiled with 'LibreSSL 2.8.3'. See: https://github.com/urllib3/urllib3/issues/3020
  warnings.warn(
/Users/zhaowenyuan/Projects/FlowFigTabMiner/flowfigtabminer/lib/python3.9/site-packages/urllib3/__init__.py:35: NotOpenSSLWarning: urllib3 v2 only supports OpenSSL 1.1.1+, currently the 'ssl' module is compiled with 'LibreSSL 2.8.3'. See: https://github.com/urllib3/urllib3/issues/3020
  warnings.warn(
/Users/zhaowenyuan/Projects/FlowFigTabMiner/flowfigtabminer/lib/python3.9/site-packages/urllib3/__init__.py:35: NotOpenSSLWarning: urllib3 v2 only supports OpenSSL 1.1.1+, currently the 'ssl' module is compiled with 'LibreSSL 2.8.3'. See: https://github.com/urllib3/urllib3/issues/3020
  warnings.warn(
/Users/zhaowenyuan/Projects/FlowFigTabMiner/flowfigtabminer/lib/python3.9/site-packages/urllib3/__init__.py:35: NotOpenSSLWarning: urllib3 v2 only supports OpenSSL 1.1.1+, currently the 'ssl' module is compiled with 'LibreSSL 2.8.3'. See: https://github.com/urllib3/urllib3/issues/3020
  warnings.warn(
/Users/zhaowenyuan/Projects/FlowFigTabMiner/flowfigtabminer/lib/python3.9/site-packages/urllib3/__init__.py:35: NotOpenSSLWarning: urllib3 v2 only supports OpenSSL 1.1.1+, currently the 'ssl' module is compiled with 'LibreSSL 2.8.3'. See: https://github.com/urllib3/urllib3/issues/3020
  warnings.warn(
/Users/zhaowenyuan/Projects/FlowFigTabMiner/flowfigtabminer/lib/python3.9/site-packages/urllib3/__init__.py:35: NotOpenSSLWarning: urllib3 v2 only supports OpenSSL 1.1.1+, currently the 'ssl' module is compiled with 'LibreSSL 2.8.3'. See: https://github.com/urllib3/urllib3/issues/3020
  warnings.warn(
/Users/zhaowenyuan/Projects/FlowFigTabMiner/flowfigtabminer/lib/python3.9/site-packages/urllib3/__init__.py:35: NotOpenSSLWarning: urllib3 v2 only supports OpenSSL 1.1.1+, currently the 'ssl' module is compiled with 'LibreSSL 2.8.3'. See: https://github.com/urllib3/urllib3/issues/3020
  warnings.warn(
/Users/zhaowenyuan/Projects/FlowFigTabMiner/flowfigtabminer/lib/python3.9/site-packages/urllib3/__init__.py:35: NotOpenSSLWarning: urllib3 v2 only supports OpenSSL 1.1.1+, currently the 'ssl' module is compiled with 'LibreSSL 2.8.3'. See: https://github.com/urllib3/urllib3/issues/3020
  warnings.warn(
/Users/zhaowenyuan/Projects/FlowFigTabMiner/flowfigtabminer/lib/python3.9/site-packages/urllib3/__init__.py:35: NotOpenSSLWarning: urllib3 v2 only supports OpenSSL 1.1.1+, currently the 'ssl' module is compiled with 'LibreSSL 2.8.3'. See: https://github.com/urllib3/urllib3/issues/3020
  warnings.warn(
/Users/zhaowenyuan/Projects/FlowFigTabMiner/flowfigtabminer/lib/python3.9/site-packages/urllib3/__init__.py:35: NotOpenSSLWarning: urllib3 v2 only supports OpenSSL 1.1.1+, currently the 'ssl' module is compiled with 'LibreSSL 2.8.3'. See: https://github.com/urllib3/urllib3/issues/3020
  warnings.warn(
/Users/zhaowenyuan/Projects/FlowFigTabMiner/flowfigtabminer/lib/python3.9/site-packages/urllib3/__init__.py:35: NotOpenSSLWarning: urllib3 v2 only supports OpenSSL 1.1.1+, currently the 'ssl' module is compiled with 'LibreSSL 2.8.3'. See: https://github.com/urllib3/urllib3/issues/3020
  warnings.warn(
/Users/zhaowenyuan/Projects/FlowFigTabMiner/flowfigtabminer/lib/python3.9/site-packages/urllib3/__init__.py:35: NotOpenSSLWarning: urllib3 v2 only supports OpenSSL 1.1.1+, currently the 'ssl' module is compiled with 'LibreSSL 2.8.3'. See: https://github.com/urllib3/urllib3/issues/3020
  warnings.warn(
/Users/zhaowenyuan/Projects/FlowFigTabMiner/flowfigtabminer/lib/python3.9/site-packages/urllib3/__init__.py:35: NotOpenSSLWarning: urllib3 v2 only supports OpenSSL 1.1.1+, currently the 'ssl' module is compiled with 'LibreSSL 2.8.3'. See: https://github.com/urllib3/urllib3/issues/3020
  warnings.warn(
/Users/zhaowenyuan/Projects/FlowFigTabMiner/flowfigtabminer/lib/python3.9/site-packages/urllib3/__init__.py:35: NotOpenSSLWarning: urllib3 v2 only supports OpenSSL 1.1.1+, currently the 'ssl' module is compiled with 'LibreSSL 2.8.3'. See: https://github.com/urllib3/urllib3/issues/3020
  warnings.warn(
/Users/zhaowenyuan/Projects/FlowFigTabMiner/flowfigtabminer/lib/python3.9/site-packages/urllib3/__init__.py:35: NotOpenSSLWarning: urllib3 v2 only supports OpenSSL 1.1.1+, currently the 'ssl' module is compiled with 'LibreSSL 2.8.3'. See: https://github.com/urllib3/urllib3/issues/3020
  warnings.warn(
[33mChecking connectivity to the model hosters, this may take a while. To bypass this check, set `DISABLE_MODEL_SOURCE_CHECK` to `True`.[0m
[33mChecking connectivity to the model hosters, this may take a while. To bypass this check, set `DISABLE_MODEL_SOURCE_CHECK` to `True`.[0m
[33mChecking connectivity to the model hosters, this may take a while. To bypass this check, set `DISABLE_MODEL_SOURCE_CHECK` to `True`.[0m
[33mChecking connectivity to the model hosters, this may take a while. To bypass this check, set `DISABLE_MODEL_SOURCE_CHECK` to `True`.[0m
[33mChecking connectivity to the model hosters, this may take a while. To bypass this check, set `DISABLE_MODEL_SOURCE_CHECK` to `True`.[0m
[33mChecking connectivity to the model hosters, this may take a while. To bypass this check, set `DISABLE_MODEL_SOURCE_CHECK` to `True`.[0m
[33mChecking connectivity to the model hosters, this may take a while. To bypass this check, set `DISABLE_MODEL_SOURCE_CHECK` to `True`.[0m
[33mChecking connectivity to the model hosters, this may take a while. To bypass this check, set `DISABLE_MODEL_SOURCE_CHECK` to `True`.[0m
[33mChecking connectivity to the model hosters, this may take a while. To bypass this check, set `DISABLE_MODEL_SOURCE_CHECK` to `True`.[0m
[33mChecking connectivity to the model hosters, this may take a while. To bypass this check, set `DISABLE_MODEL_SOURCE_CHECK` to `True`.[0m
[33mChecking connectivity to the model hosters, this may take a while. To bypass this check, set `DISABLE_MODEL_SOURCE_CHECK` to `True`.[0m
[33mChecking connectivity to the model hosters, this may take a while. To bypass this check, set `DISABLE_MODEL_SOURCE_CHECK` to `True`.[0m
[33mChecking connectivity to the model hosters, this may take a while. To bypass this check, set `DISABLE_MODEL_SOURCE_CHECK` to `True`.[0m
[33mChecking connectivity to the model hosters, this may take a while. To bypass this check, set `DISABLE_MODEL_SOURCE_CHECK` to `True`.[0m
[33mChecking connectivity to the model hosters, this may take a while. To bypass this check, set `DISABLE_MODEL_SOURCE_CHECK` to `True`.[0m
[33mChecking connectivity to the model hosters, this may take a while. To bypass this check, set `DISABLE_MODEL_SOURCE_CHECK` to `True`.[0m
/Users/zhaowenyuan/Projects/FlowFigTabMiner/flowfigtabminer/lib/python3.9/site-packages/onmt/modules/sparse_activations.py:48: FutureWarning: `torch.cuda.amp.custom_fwd(args...)` is deprecated. Please use `torch.amp.custom_fwd(args..., device_type='cuda')` instead.
  def forward(ctx, input, dim=0):
/Users/zhaowenyuan/Projects/FlowFigTabMiner/flowfigtabminer/lib/python3.9/site-packages/onmt/modules/sparse_activations.py:68: FutureWarning: `torch.cuda.amp.custom_bwd(args...)` is deprecated. Please use `torch.amp.custom_bwd(args..., device_type='cuda')` instead.
  def backward(ctx, grad_output):
/Users/zhaowenyuan/Projects/FlowFigTabMiner/flowfigtabminer/lib/python3.9/site-packages/onmt/modules/sparse_losses.py:13: FutureWarning: `torch.cuda.amp.custom_fwd(args...)` is deprecated. Please use `torch.amp.custom_fwd(args..., device_type='cuda')` instead.
  def forward(ctx, input, target):
/Users/zhaowenyuan/Projects/FlowFigTabMiner/flowfigtabminer/lib/python3.9/site-packages/onmt/modules/sparse_losses.py:37: FutureWarning: `torch.cuda.amp.custom_bwd(args...)` is deprecated. Please use `torch.amp.custom_bwd(args..., device_type='cuda')` instead.
  def backward(ctx, grad_output):
/Users/zhaowenyuan/Projects/FlowFigTabMiner/flowfigtabminer/lib/python3.9/site-packages/onmt/modules/sparse_activations.py:48: FutureWarning: `torch.cuda.amp.custom_fwd(args...)` is deprecated. Please use `torch.amp.custom_fwd(args..., device_type='cuda')` instead.
  def forward(ctx, input, dim=0):
/Users/zhaowenyuan/Projects/FlowFigTabMiner/flowfigtabminer/lib/python3.9/site-packages/onmt/modules/sparse_activations.py:68: FutureWarning: `torch.cuda.amp.custom_bwd(args...)` is deprecated. Please use `torch.amp.custom_bwd(args..., device_type='cuda')` instead.
  def backward(ctx, grad_output):
/Users/zhaowenyuan/Projects/FlowFigTabMiner/flowfigtabminer/lib/python3.9/site-packages/urllib3/__init__.py:35: NotOpenSSLWarning: urllib3 v2 only supports OpenSSL 1.1.1+, currently the 'ssl' module is compiled with 'LibreSSL 2.8.3'. See: https://github.com/urllib3/urllib3/issues/3020
  warnings.warn(
/Users/zhaowenyuan/Projects/FlowFigTabMiner/flowfigtabminer/lib/python3.9/site-packages/urllib3/__init__.py:35: NotOpenSSLWarning: urllib3 v2 only supports OpenSSL 1.1.1+, currently the 'ssl' module is compiled with 'LibreSSL 2.8.3'. See: https://github.com/urllib3/urllib3/issues/3020
  warnings.warn(
/Users/zhaowenyuan/Projects/FlowFigTabMiner/flowfigtabminer/lib/python3.9/site-packages/urllib3/__init__.py:35: NotOpenSSLWarning: urllib3 v2 only supports OpenSSL 1.1.1+, currently the 'ssl' module is compiled with 'LibreSSL 2.8.3'. See: https://github.com/urllib3/urllib3/issues/3020
  warnings.warn(
/Users/zhaowenyuan/Projects/FlowFigTabMiner/flowfigtabminer/lib/python3.9/site-packages/urllib3/__init__.py:35: NotOpenSSLWarning: urllib3 v2 only supports OpenSSL 1.1.1+, currently the 'ssl' module is compiled with 'LibreSSL 2.8.3'. See: https://github.com/urllib3/urllib3/issues/3020
  warnings.warn(
/Users/zhaowenyuan/Projects/FlowFigTabMiner/flowfigtabminer/lib/python3.9/site-packages/urllib3/__init__.py:35: NotOpenSSLWarning: urllib3 v2 only supports OpenSSL 1.1.1+, currently the 'ssl' module is compiled with 'LibreSSL 2.8.3'. See: https://github.com/urllib3/urllib3/issues/3020
  warnings.warn(
/Users/zhaowenyuan/Projects/FlowFigTabMiner/flowfigtabminer/lib/python3.9/site-packages/urllib3/__init__.py:35: NotOpenSSLWarning: urllib3 v2 only supports OpenSSL 1.1.1+, currently the 'ssl' module is compiled with 'LibreSSL 2.8.3'. See: https://github.com/urllib3/urllib3/issues/3020
  warnings.warn(
/Users/zhaowenyuan/Projects/FlowFigTabMiner/flowfigtabminer/lib/python3.9/site-packages/urllib3/__init__.py:35: NotOpenSSLWarning: urllib3 v2 only supports OpenSSL 1.1.1+, currently the 'ssl' module is compiled with 'LibreSSL 2.8.3'. See: https://github.com/urllib3/urllib3/issues/3020
  warnings.warn(
/Users/zhaowenyuan/Projects/FlowFigTabMiner/flowfigtabminer/lib/python3.9/site-packages/urllib3/__init__.py:35: NotOpenSSLWarning: urllib3 v2 only supports OpenSSL 1.1.1+, currently the 'ssl' module is compiled with 'LibreSSL 2.8.3'. See: https://github.com/urllib3/urllib3/issues/3020
  warnings.warn(
/Users/zhaowenyuan/Projects/FlowFigTabMiner/flowfigtabminer/lib/python3.9/site-packages/urllib3/__init__.py:35: NotOpenSSLWarning: urllib3 v2 only supports OpenSSL 1.1.1+, currently the 'ssl' module is compiled with 'LibreSSL 2.8.3'. See: https://github.com/urllib3/urllib3/issues/3020
  warnings.warn(
/Users/zhaowenyuan/Projects/FlowFigTabMiner/flowfigtabminer/lib/python3.9/site-packages/urllib3/__init__.py:35: NotOpenSSLWarning: urllib3 v2 only supports OpenSSL 1.1.1+, currently the 'ssl' module is compiled with 'LibreSSL 2.8.3'. See: https://github.com/urllib3/urllib3/issues/3020
  warnings.warn(
/Users/zhaowenyuan/Projects/FlowFigTabMiner/flowfigtabminer/lib/python3.9/site-packages/urllib3/__init__.py:35: NotOpenSSLWarning: urllib3 v2 only supports OpenSSL 1.1.1+, currently the 'ssl' module is compiled with 'LibreSSL 2.8.3'. See: https://github.com/urllib3/urllib3/issues/3020
  warnings.warn(
/Users/zhaowenyuan/Projects/FlowFigTabMiner/flowfigtabminer/lib/python3.9/site-packages/urllib3/__init__.py:35: NotOpenSSLWarning: urllib3 v2 only supports OpenSSL 1.1.1+, currently the 'ssl' module is compiled with 'LibreSSL 2.8.3'. See: https://github.com/urllib3/urllib3/issues/3020
  warnings.warn(
/Users/zhaowenyuan/Projects/FlowFigTabMiner/flowfigtabminer/lib/python3.9/site-packages/urllib3/__init__.py:35: NotOpenSSLWarning: urllib3 v2 only supports OpenSSL 1.1.1+, currently the 'ssl' module is compiled with 'LibreSSL 2.8.3'. See: https://github.com/urllib3/urllib3/issues/3020
  warnings.warn(
/Users/zhaowenyuan/Projects/FlowFigTabMiner/flowfigtabminer/lib/python3.9/site-packages/urllib3/__init__.py:35: NotOpenSSLWarning: urllib3 v2 only supports OpenSSL 1.1.1+, currently the 'ssl' module is compiled with 'LibreSSL 2.8.3'. See: https://github.com/urllib3/urllib3/issues/3020
  warnings.warn(
/Users/zhaowenyuan/Projects/FlowFigTabMiner/flowfigtabminer/lib/python3.9/site-packages/urllib3/__init__.py:35: NotOpenSSLWarning: urllib3 v2 only supports OpenSSL 1.1.1+, currently the 'ssl' module is compiled with 'LibreSSL 2.8.3'. See: https://github.com/urllib3/urllib3/issues/3020
  warnings.warn(
/Users/zhaowenyuan/Projects/FlowFigTabMiner/flowfigtabminer/lib/python3.9/site-packages/urllib3/__init__.py:35: NotOpenSSLWarning: urllib3 v2 only supports OpenSSL 1.1.1+, currently the 'ssl' module is compiled with 'LibreSSL 2.8.3'. See: https://github.com/urllib3/urllib3/issues/3020
  warnings.warn(
[33mChecking connectivity to the model hosters, this may take a while. To bypass this check, set `DISABLE_MODEL_SOURCE_CHECK` to `True`.[0m
[33mChecking connectivity to the model hosters, this may take a while. To bypass this check, set `DISABLE_MODEL_SOURCE_CHECK` to `True`.[0m
[33mChecking connectivity to the model hosters, this may take a while. To bypass this check, set `DISABLE_MODEL_SOURCE_CHECK` to `True`.[0m
[33mChecking connectivity to the model hosters, this may take a while. To bypass this check, set `DISABLE_MODEL_SOURCE_CHECK` to `True`.[0m
[33mChecking connectivity to the model hosters, this may take a while. To bypass this check, set `DISABLE_MODEL_SOURCE_CHECK` to `True`.[0m
[33mChecking connectivity to the model hosters, this may take a while. To bypass this check, set `DISABLE_MODEL_SOURCE_CHECK` to `True`.[0m
[33mChecking connectivity to the model hosters, this may take a while. To bypass this check, set `DISABLE_MODEL_SOURCE_CHECK` to `True`.[0m
[33mChecking connectivity to the model hosters, this may take a while. To bypass this check, set `DISABLE_MODEL_SOURCE_CHECK` to `True`.[0m
[33mChecking connectivity to the model hosters, this may take a while. To bypass this check, set `DISABLE_MODEL_SOURCE_CHECK` to `True`.[0m
[33mChecking connectivity to the model hosters, this may take a while. To bypass this check, set `DISABLE_MODEL_SOURCE_CHECK` to `True`.[0m
[33mChecking connectivity to the model hosters, this may take a while. To bypass this check, set `DISABLE_MODEL_SOURCE_CHECK` to `True`.[0m
[33mChecking connectivity to the model hosters, this may take a while. To bypass this check, set `DISABLE_MODEL_SOURCE_CHECK` to `True`.[0m
[33mChecking connectivity to the model hosters, this may take a while. To bypass this check, set `DISABLE_MODEL_SOURCE_CHECK` to `True`.[0m
[33mChecking connectivity to the model hosters, this may take a while. To bypass this check, set `DISABLE_MODEL_SOURCE_CHECK` to `True`.[0m
[33mChecking connectivity to the model hosters, this may take a while. To bypass this check, set `DISABLE_MODEL_SOURCE_CHECK` to `True`.[0m
[33mChecking connectivity to the model hosters, this may take a while. To bypass this check, set `DISABLE_MODEL_SOURCE_CHECK` to `True`.[0m
/Users/zhaowenyuan/Projects/FlowFigTabMiner/flowfigtabminer/lib/python3.9/site-packages/onmt/modules/sparse_activations.py:48: FutureWarning: `torch.cuda.amp.custom_fwd(args...)` is deprecated. Please use `torch.amp.custom_fwd(args..., device_type='cuda')` instead.
  def forward(ctx, input, dim=0):
/Users/zhaowenyuan/Projects/FlowFigTabMiner/flowfigtabminer/lib/python3.9/site-packages/onmt/modules/sparse_activations.py:68: FutureWarning: `torch.cuda.amp.custom_bwd(args...)` is deprecated. Please use `torch.amp.custom_bwd(args..., device_type='cuda')` instead.
  def backward(ctx, grad_output):
/Users/zhaowenyuan/Projects/FlowFigTabMiner/flowfigtabminer/lib/python3.9/site-packages/onmt/modules/sparse_losses.py:13: FutureWarning: `torch.cuda.amp.custom_fwd(args...)` is deprecated. Please use `torch.amp.custom_fwd(args..., device_type='cuda')` instead.
  def forward(ctx, input, target):
/Users/zhaowenyuan/Projects/FlowFigTabMiner/flowfigtabminer/lib/python3.9/site-packages/onmt/modules/sparse_losses.py:37: FutureWarning: `torch.cuda.amp.custom_bwd(args...)` is deprecated. Please use `torch.amp.custom_bwd(args..., device_type='cuda')` instead.
  def backward(ctx, grad_output):
chiral_center_ids (from symbols): []
/Users/zhaowenyuan/Projects/FlowFigTabMiner/flowfigtabminer/lib/python3.9/site-packages/urllib3/__init__.py:35: NotOpenSSLWarning: urllib3 v2 only supports OpenSSL 1.1.1+, currently the 'ssl' module is compiled with 'LibreSSL 2.8.3'. See: https://github.com/urllib3/urllib3/issues/3020
  warnings.warn(
/Users/zhaowenyuan/Projects/FlowFigTabMiner/flowfigtabminer/lib/python3.9/site-packages/urllib3/__init__.py:35: NotOpenSSLWarning: urllib3 v2 only supports OpenSSL 1.1.1+, currently the 'ssl' module is compiled with 'LibreSSL 2.8.3'. See: https://github.com/urllib3/urllib3/issues/3020
  warnings.warn(
/Users/zhaowenyuan/Projects/FlowFigTabMiner/flowfigtabminer/lib/python3.9/site-packages/urllib3/__init__.py:35: NotOpenSSLWarning: urllib3 v2 only supports OpenSSL 1.1.1+, currently the 'ssl' module is compiled with 'LibreSSL 2.8.3'. See: https://github.com/urllib3/urllib3/issues/3020
  warnings.warn(
/Users/zhaowenyuan/Projects/FlowFigTabMiner/flowfigtabminer/lib/python3.9/site-packages/urllib3/__init__.py:35: NotOpenSSLWarning: urllib3 v2 only supports OpenSSL 1.1.1+, currently the 'ssl' module is compiled with 'LibreSSL 2.8.3'. See: https://github.com/urllib3/urllib3/issues/3020
  warnings.warn(
/Users/zhaowenyuan/Projects/FlowFigTabMiner/flowfigtabminer/lib/python3.9/site-packages/urllib3/__init__.py:35: NotOpenSSLWarning: urllib3 v2 only supports OpenSSL 1.1.1+, currently the 'ssl' module is compiled with 'LibreSSL 2.8.3'. See: https://github.com/urllib3/urllib3/issues/3020
  warnings.warn(
/Users/zhaowenyuan/Projects/FlowFigTabMiner/flowfigtabminer/lib/python3.9/site-packages/urllib3/__init__.py:35: NotOpenSSLWarning: urllib3 v2 only supports OpenSSL 1.1.1+, currently the 'ssl' module is compiled with 'LibreSSL 2.8.3'. See: https://github.com/urllib3/urllib3/issues/3020
  warnings.warn(
/Users/zhaowenyuan/Projects/FlowFigTabMiner/flowfigtabminer/lib/python3.9/site-packages/urllib3/__init__.py:35: NotOpenSSLWarning: urllib3 v2 only supports OpenSSL 1.1.1+, currently the 'ssl' module is compiled with 'LibreSSL 2.8.3'. See: https://github.com/urllib3/urllib3/issues/3020
  warnings.warn(
/Users/zhaowenyuan/Projects/FlowFigTabMiner/flowfigtabminer/lib/python3.9/site-packages/urllib3/__init__.py:35: NotOpenSSLWarning: urllib3 v2 only supports OpenSSL 1.1.1+, currently the 'ssl' module is compiled with 'LibreSSL 2.8.3'. See: https://github.com/urllib3/urllib3/issues/3020
  warnings.warn(
/Users/zhaowenyuan/Projects/FlowFigTabMiner/flowfigtabminer/lib/python3.9/site-packages/urllib3/__init__.py:35: NotOpenSSLWarning: urllib3 v2 only supports OpenSSL 1.1.1+, currently the 'ssl' module is compiled with 'LibreSSL 2.8.3'. See: https://github.com/urllib3/urllib3/issues/3020
  warnings.warn(
/Users/zhaowenyuan/Projects/FlowFigTabMiner/flowfigtabminer/lib/python3.9/site-packages/urllib3/__init__.py:35: NotOpenSSLWarning: urllib3 v2 only supports OpenSSL 1.1.1+, currently the 'ssl' module is compiled with 'LibreSSL 2.8.3'. See: https://github.com/urllib3/urllib3/issues/3020
  warnings.warn(
/Users/zhaowenyuan/Projects/FlowFigTabMiner/flowfigtabminer/lib/python3.9/site-packages/urllib3/__init__.py:35: NotOpenSSLWarning: urllib3 v2 only supports OpenSSL 1.1.1+, currently the 'ssl' module is compiled with 'LibreSSL 2.8.3'. See: https://github.com/urllib3/urllib3/issues/3020
  warnings.warn(
/Users/zhaowenyuan/Projects/FlowFigTabMiner/flowfigtabminer/lib/python3.9/site-packages/urllib3/__init__.py:35: NotOpenSSLWarning: urllib3 v2 only supports OpenSSL 1.1.1+, currently the 'ssl' module is compiled with 'LibreSSL 2.8.3'. See: https://github.com/urllib3/urllib3/issues/3020
  warnings.warn(
/Users/zhaowenyuan/Projects/FlowFigTabMiner/flowfigtabminer/lib/python3.9/site-packages/urllib3/__init__.py:35: NotOpenSSLWarning: urllib3 v2 only supports OpenSSL 1.1.1+, currently the 'ssl' module is compiled with 'LibreSSL 2.8.3'. See: https://github.com/urllib3/urllib3/issues/3020
  warnings.warn(
/Users/zhaowenyuan/Projects/FlowFigTabMiner/flowfigtabminer/lib/python3.9/site-packages/urllib3/__init__.py:35: NotOpenSSLWarning: urllib3 v2 only supports OpenSSL 1.1.1+, currently the 'ssl' module is compiled with 'LibreSSL 2.8.3'. See: https://github.com/urllib3/urllib3/issues/3020
  warnings.warn(
/Users/zhaowenyuan/Projects/FlowFigTabMiner/flowfigtabminer/lib/python3.9/site-packages/urllib3/__init__.py:35: NotOpenSSLWarning: urllib3 v2 only supports OpenSSL 1.1.1+, currently the 'ssl' module is compiled with 'LibreSSL 2.8.3'. See: https://github.com/urllib3/urllib3/issues/3020
  warnings.warn(
/Users/zhaowenyuan/Projects/FlowFigTabMiner/flowfigtabminer/lib/python3.9/site-packages/urllib3/__init__.py:35: NotOpenSSLWarning: urllib3 v2 only supports OpenSSL 1.1.1+, currently the 'ssl' module is compiled with 'LibreSSL 2.8.3'. See: https://github.com/urllib3/urllib3/issues/3020
  warnings.warn(
[33mChecking connectivity to the model hosters, this may take a while. To bypass this check, set `DISABLE_MODEL_SOURCE_CHECK` to `True`.[0m
[33mChecking connectivity to the model hosters, this may take a while. To bypass this check, set `DISABLE_MODEL_SOURCE_CHECK` to `True`.[0m
[33mChecking connectivity to the model hosters, this may take a while. To bypass this check, set `DISABLE_MODEL_SOURCE_CHECK` to `True`.[0m
[33mChecking connectivity to the model hosters, this may take a while. To bypass this check, set `DISABLE_MODEL_SOURCE_CHECK` to `True`.[0m
[33mChecking connectivity to the model hosters, this may take a while. To bypass this check, set `DISABLE_MODEL_SOURCE_CHECK` to `True`.[0m
[33mChecking connectivity to the model hosters, this may take a while. To bypass this check, set `DISABLE_MODEL_SOURCE_CHECK` to `True`.[0m
[33mChecking connectivity to the model hosters, this may take a while. To bypass this check, set `DISABLE_MODEL_SOURCE_CHECK` to `True`.[0m
[33mChecking connectivity to the model hosters, this may take a while. To bypass this check, set `DISABLE_MODEL_SOURCE_CHECK` to `True`.[0m
[33mChecking connectivity to the model hosters, this may take a while. To bypass this check, set `DISABLE_MODEL_SOURCE_CHECK` to `True`.[0m
[33mChecking connectivity to the model hosters, this may take a while. To bypass this check, set `DISABLE_MODEL_SOURCE_CHECK` to `True`.[0m
[33mChecking connectivity to the model hosters, this may take a while. To bypass this check, set `DISABLE_MODEL_SOURCE_CHECK` to `True`.[0m
[33mChecking connectivity to the model hosters, this may take a while. To bypass this check, set `DISABLE_MODEL_SOURCE_CHECK` to `True`.[0m
[33mChecking connectivity to the model hosters, this may take a while. To bypass this check, set `DISABLE_MODEL_SOURCE_CHECK` to `True`.[0m
[33mChecking connectivity to the model hosters, this may take a while. To bypass this check, set `DISABLE_MODEL_SOURCE_CHECK` to `True`.[0m
[33mChecking connectivity to the model hosters, this may take a while. To bypass this check, set `DISABLE_MODEL_SOURCE_CHECK` to `True`.[0m
[33mChecking connectivity to the model hosters, this may take a while. To bypass this check, set `DISABLE_MODEL_SOURCE_CHECK` to `True`.[0m
/Users/zhaowenyuan/Projects/FlowFigTabMiner/flowfigtabminer/lib/python3.9/site-packages/onmt/modules/sparse_activations.py:48: FutureWarning: `torch.cuda.amp.custom_fwd(args...)` is deprecated. Please use `torch.amp.custom_fwd(args..., device_type='cuda')` instead.
  def forward(ctx, input, dim=0):
/Users/zhaowenyuan/Projects/FlowFigTabMiner/flowfigtabminer/lib/python3.9/site-packages/onmt/modules/sparse_activations.py:68: FutureWarning: `torch.cuda.amp.custom_bwd(args...)` is deprecated. Please use `torch.amp.custom_bwd(args..., device_type='cuda')` instead.
  def backward(ctx, grad_output):
/Users/zhaowenyuan/Projects/FlowFigTabMiner/flowfigtabminer/lib/python3.9/site-packages/onmt/modules/sparse_losses.py:13: FutureWarning: `torch.cuda.amp.custom_fwd(args...)` is deprecated. Please use `torch.amp.custom_fwd(args..., device_type='cuda')` instead.
  def forward(ctx, input, target):
/Users/zhaowenyuan/Projects/FlowFigTabMiner/flowfigtabminer/lib/python3.9/site-packages/onmt/modules/sparse_losses.py:37: FutureWarning: `torch.cuda.amp.custom_bwd(args...)` is deprecated. Please use `torch.amp.custom_bwd(args..., device_type='cuda')` instead.
  def backward(ctx, grad_output):
chiral_center_ids (from symbols): []
/Users/zhaowenyuan/Projects/FlowFigTabMiner/flowfigtabminer/lib/python3.9/site-packages/urllib3/__init__.py:35: NotOpenSSLWarning: urllib3 v2 only supports OpenSSL 1.1.1+, currently the 'ssl' module is compiled with 'LibreSSL 2.8.3'. See: https://github.com/urllib3/urllib3/issues/3020
  warnings.warn(
/Users/zhaowenyuan/Projects/FlowFigTabMiner/flowfigtabminer/lib/python3.9/site-packages/urllib3/__init__.py:35: NotOpenSSLWarning: urllib3 v2 only supports OpenSSL 1.1.1+, currently the 'ssl' module is compiled with 'LibreSSL 2.8.3'. See: https://github.com/urllib3/urllib3/issues/3020
  warnings.warn(
/Users/zhaowenyuan/Projects/FlowFigTabMiner/flowfigtabminer/lib/python3.9/site-packages/urllib3/__init__.py:35: NotOpenSSLWarning: urllib3 v2 only supports OpenSSL 1.1.1+, currently the 'ssl' module is compiled with 'LibreSSL 2.8.3'. See: https://github.com/urllib3/urllib3/issues/3020
  warnings.warn(
/Users/zhaowenyuan/Projects/FlowFigTabMiner/flowfigtabminer/lib/python3.9/site-packages/urllib3/__init__.py:35: NotOpenSSLWarning: urllib3 v2 only supports OpenSSL 1.1.1+, currently the 'ssl' module is compiled with 'LibreSSL 2.8.3'. See: https://github.com/urllib3/urllib3/issues/3020
  warnings.warn(
/Users/zhaowenyuan/Projects/FlowFigTabMiner/flowfigtabminer/lib/python3.9/site-packages/urllib3/__init__.py:35: NotOpenSSLWarning: urllib3 v2 only supports OpenSSL 1.1.1+, currently the 'ssl' module is compiled with 'LibreSSL 2.8.3'. See: https://github.com/urllib3/urllib3/issues/3020
  warnings.warn(
/Users/zhaowenyuan/Projects/FlowFigTabMiner/flowfigtabminer/lib/python3.9/site-packages/urllib3/__init__.py:35: NotOpenSSLWarning: urllib3 v2 only supports OpenSSL 1.1.1+, currently the 'ssl' module is compiled with 'LibreSSL 2.8.3'. See: https://github.com/urllib3/urllib3/issues/3020
  warnings.warn(
/Users/zhaowenyuan/Projects/FlowFigTabMiner/flowfigtabminer/lib/python3.9/site-packages/urllib3/__init__.py:35: NotOpenSSLWarning: urllib3 v2 only supports OpenSSL 1.1.1+, currently the 'ssl' module is compiled with 'LibreSSL 2.8.3'. See: https://github.com/urllib3/urllib3/issues/3020
  warnings.warn(
/Users/zhaowenyuan/Projects/FlowFigTabMiner/flowfigtabminer/lib/python3.9/site-packages/urllib3/__init__.py:35: NotOpenSSLWarning: urllib3 v2 only supports OpenSSL 1.1.1+, currently the 'ssl' module is compiled with 'LibreSSL 2.8.3'. See: https://github.com/urllib3/urllib3/issues/3020
  warnings.warn(
/Users/zhaowenyuan/Projects/FlowFigTabMiner/flowfigtabminer/lib/python3.9/site-packages/urllib3/__init__.py:35: NotOpenSSLWarning: urllib3 v2 only supports OpenSSL 1.1.1+, currently the 'ssl' module is compiled with 'LibreSSL 2.8.3'. See: https://github.com/urllib3/urllib3/issues/3020
  warnings.warn(
/Users/zhaowenyuan/Projects/FlowFigTabMiner/flowfigtabminer/lib/python3.9/site-packages/urllib3/__init__.py:35: NotOpenSSLWarning: urllib3 v2 only supports OpenSSL 1.1.1+, currently the 'ssl' module is compiled with 'LibreSSL 2.8.3'. See: https://github.com/urllib3/urllib3/issues/3020
  warnings.warn(
/Users/zhaowenyuan/Projects/FlowFigTabMiner/flowfigtabminer/lib/python3.9/site-packages/urllib3/__init__.py:35: NotOpenSSLWarning: urllib3 v2 only supports OpenSSL 1.1.1+, currently the 'ssl' module is compiled with 'LibreSSL 2.8.3'. See: https://github.com/urllib3/urllib3/issues/3020
  warnings.warn(
/Users/zhaowenyuan/Projects/FlowFigTabMiner/flowfigtabminer/lib/python3.9/site-packages/urllib3/__init__.py:35: NotOpenSSLWarning: urllib3 v2 only supports OpenSSL 1.1.1+, currently the 'ssl' module is compiled with 'LibreSSL 2.8.3'. See: https://github.com/urllib3/urllib3/issues/3020
  warnings.warn(
/Users/zhaowenyuan/Projects/FlowFigTabMiner/flowfigtabminer/lib/python3.9/site-packages/urllib3/__init__.py:35: NotOpenSSLWarning: urllib3 v2 only supports OpenSSL 1.1.1+, currently the 'ssl' module is compiled with 'LibreSSL 2.8.3'. See: https://github.com/urllib3/urllib3/issues/3020
  warnings.warn(
/Users/zhaowenyuan/Projects/FlowFigTabMiner/flowfigtabminer/lib/python3.9/site-packages/urllib3/__init__.py:35: NotOpenSSLWarning: urllib3 v2 only supports OpenSSL 1.1.1+, currently the 'ssl' module is compiled with 'LibreSSL 2.8.3'. See: https://github.com/urllib3/urllib3/issues/3020
  warnings.warn(
/Users/zhaowenyuan/Projects/FlowFigTabMiner/flowfigtabminer/lib/python3.9/site-packages/urllib3/__init__.py:35: NotOpenSSLWarning: urllib3 v2 only supports OpenSSL 1.1.1+, currently the 'ssl' module is compiled with 'LibreSSL 2.8.3'. See: https://github.com/urllib3/urllib3/issues/3020
  warnings.warn(
/Users/zhaowenyuan/Projects/FlowFigTabMiner/flowfigtabminer/lib/python3.9/site-packages/urllib3/__init__.py:35: NotOpenSSLWarning: urllib3 v2 only supports OpenSSL 1.1.1+, currently the 'ssl' module is compiled with 'LibreSSL 2.8.3'. See: https://github.com/urllib3/urllib3/issues/3020
  warnings.warn(
[33mChecking connectivity to the model hosters, this may take a while. To bypass this check, set `DISABLE_MODEL_SOURCE_CHECK` to `True`.[0m
[33mChecking connectivity to the model hosters, this may take a while. To bypass this check, set `DISABLE_MODEL_SOURCE_CHECK` to `True`.[0m
[33mChecking connectivity to the model hosters, this may take a while. To bypass this check, set `DISABLE_MODEL_SOURCE_CHECK` to `True`.[0m
[33mChecking connectivity to the model hosters, this may take a while. To bypass this check, set `DISABLE_MODEL_SOURCE_CHECK` to `True`.[0m
[33mChecking connectivity to the model hosters, this may take a while. To bypass this check, set `DISABLE_MODEL_SOURCE_CHECK` to `True`.[0m
[33mChecking connectivity to the model hosters, this may take a while. To bypass this check, set `DISABLE_MODEL_SOURCE_CHECK` to `True`.[0m
[33mChecking connectivity to the model hosters, this may take a while. To bypass this check, set `DISABLE_MODEL_SOURCE_CHECK` to `True`.[0m
[33mChecking connectivity to the model hosters, this may take a while. To bypass this check, set `DISABLE_MODEL_SOURCE_CHECK` to `True`.[0m
[33mChecking connectivity to the model hosters, this may take a while. To bypass this check, set `DISABLE_MODEL_SOURCE_CHECK` to `True`.[0m
[33mChecking connectivity to the model hosters, this may take a while. To bypass this check, set `DISABLE_MODEL_SOURCE_CHECK` to `True`.[0m
[33mChecking connectivity to the model hosters, this may take a while. To bypass this check, set `DISABLE_MODEL_SOURCE_CHECK` to `True`.[0m
[33mChecking connectivity to the model hosters, this may take a while. To bypass this check, set `DISABLE_MODEL_SOURCE_CHECK` to `True`.[0m
[33mChecking connectivity to the model hosters, this may take a while. To bypass this check, set `DISABLE_MODEL_SOURCE_CHECK` to `True`.[0m
[33mChecking connectivity to the model hosters, this may take a while. To bypass this check, set `DISABLE_MODEL_SOURCE_CHECK` to `True`.[0m
[33mChecking connectivity to the model hosters, this may take a while. To bypass this check, set `DISABLE_MODEL_SOURCE_CHECK` to `True`.[0m
[33mChecking connectivity to the model hosters, this may take a while. To bypass this check, set `DISABLE_MODEL_SOURCE_CHECK` to `True`.[0m
/Users/zhaowenyuan/Projects/FlowFigTabMiner/flowfigtabminer/lib/python3.9/site-packages/onmt/modules/sparse_activations.py:48: FutureWarning: `torch.cuda.amp.custom_fwd(args...)` is deprecated. Please use `torch.amp.custom_fwd(args..., device_type='cuda')` instead.
  def forward(ctx, input, dim=0):
/Users/zhaowenyuan/Projects/FlowFigTabMiner/flowfigtabminer/lib/python3.9/site-packages/onmt/modules/sparse_activations.py:68: FutureWarning: `torch.cuda.amp.custom_bwd(args...)` is deprecated. Please use `torch.amp.custom_bwd(args..., device_type='cuda')` instead.
  def backward(ctx, grad_output):
/Users/zhaowenyuan/Projects/FlowFigTabMiner/flowfigtabminer/lib/python3.9/site-packages/onmt/modules/sparse_losses.py:13: FutureWarning: `torch.cuda.amp.custom_fwd(args...)` is deprecated. Please use `torch.amp.custom_fwd(args..., device_type='cuda')` instead.
  def forward(ctx, input, target):
/Users/zhaowenyuan/Projects/FlowFigTabMiner/flowfigtabminer/lib/python3.9/site-packages/onmt/modules/sparse_losses.py:37: FutureWarning: `torch.cuda.amp.custom_bwd(args...)` is deprecated. Please use `torch.amp.custom_bwd(args..., device_type='cuda')` instead.
  def backward(ctx, grad_output):
chiral_center_ids (from symbols): []
/Users/zhaowenyuan/Projects/FlowFigTabMiner/flowfigtabminer/lib/python3.9/site-packages/urllib3/__init__.py:35: NotOpenSSLWarning: urllib3 v2 only supports OpenSSL 1.1.1+, currently the 'ssl' module is compiled with 'LibreSSL 2.8.3'. See: https://github.com/urllib3/urllib3/issues/3020
  warnings.warn(
/Users/zhaowenyuan/Projects/FlowFigTabMiner/flowfigtabminer/lib/python3.9/site-packages/urllib3/__init__.py:35: NotOpenSSLWarning: urllib3 v2 only supports OpenSSL 1.1.1+, currently the 'ssl' module is compiled with 'LibreSSL 2.8.3'. See: https://github.com/urllib3/urllib3/issues/3020
  warnings.warn(
/Users/zhaowenyuan/Projects/FlowFigTabMiner/flowfigtabminer/lib/python3.9/site-packages/urllib3/__init__.py:35: NotOpenSSLWarning: urllib3 v2 only supports OpenSSL 1.1.1+, currently the 'ssl' module is compiled with 'LibreSSL 2.8.3'. See: https://github.com/urllib3/urllib3/issues/3020
  warnings.warn(
/Users/zhaowenyuan/Projects/FlowFigTabMiner/flowfigtabminer/lib/python3.9/site-packages/urllib3/__init__.py:35: NotOpenSSLWarning: urllib3 v2 only supports OpenSSL 1.1.1+, currently the 'ssl' module is compiled with 'LibreSSL 2.8.3'. See: https://github.com/urllib3/urllib3/issues/3020
  warnings.warn(
/Users/zhaowenyuan/Projects/FlowFigTabMiner/flowfigtabminer/lib/python3.9/site-packages/urllib3/__init__.py:35: NotOpenSSLWarning: urllib3 v2 only supports OpenSSL 1.1.1+, currently the 'ssl' module is compiled with 'LibreSSL 2.8.3'. See: https://github.com/urllib3/urllib3/issues/3020
  warnings.warn(
/Users/zhaowenyuan/Projects/FlowFigTabMiner/flowfigtabminer/lib/python3.9/site-packages/urllib3/__init__.py:35: NotOpenSSLWarning: urllib3 v2 only supports OpenSSL 1.1.1+, currently the 'ssl' module is compiled with 'LibreSSL 2.8.3'. See: https://github.com/urllib3/urllib3/issues/3020
  warnings.warn(
/Users/zhaowenyuan/Projects/FlowFigTabMiner/flowfigtabminer/lib/python3.9/site-packages/urllib3/__init__.py:35: NotOpenSSLWarning: urllib3 v2 only supports OpenSSL 1.1.1+, currently the 'ssl' module is compiled with 'LibreSSL 2.8.3'. See: https://github.com/urllib3/urllib3/issues/3020
  warnings.warn(
/Users/zhaowenyuan/Projects/FlowFigTabMiner/flowfigtabminer/lib/python3.9/site-packages/urllib3/__init__.py:35: NotOpenSSLWarning: urllib3 v2 only supports OpenSSL 1.1.1+, currently the 'ssl' module is compiled with 'LibreSSL 2.8.3'. See: https://github.com/urllib3/urllib3/issues/3020
  warnings.warn(
/Users/zhaowenyuan/Projects/FlowFigTabMiner/flowfigtabminer/lib/python3.9/site-packages/urllib3/__init__.py:35: NotOpenSSLWarning: urllib3 v2 only supports OpenSSL 1.1.1+, currently the 'ssl' module is compiled with 'LibreSSL 2.8.3'. See: https://github.com/urllib3/urllib3/issues/3020
  warnings.warn(
/Users/zhaowenyuan/Projects/FlowFigTabMiner/flowfigtabminer/lib/python3.9/site-packages/urllib3/__init__.py:35: NotOpenSSLWarning: urllib3 v2 only supports OpenSSL 1.1.1+, currently the 'ssl' module is compiled with 'LibreSSL 2.8.3'. See: https://github.com/urllib3/urllib3/issues/3020
  warnings.warn(
/Users/zhaowenyuan/Projects/FlowFigTabMiner/flowfigtabminer/lib/python3.9/site-packages/urllib3/__init__.py:35: NotOpenSSLWarning: urllib3 v2 only supports OpenSSL 1.1.1+, currently the 'ssl' module is compiled with 'LibreSSL 2.8.3'. See: https://github.com/urllib3/urllib3/issues/3020
  warnings.warn(
/Users/zhaowenyuan/Projects/FlowFigTabMiner/flowfigtabminer/lib/python3.9/site-packages/urllib3/__init__.py:35: NotOpenSSLWarning: urllib3 v2 only supports OpenSSL 1.1.1+, currently the 'ssl' module is compiled with 'LibreSSL 2.8.3'. See: https://github.com/urllib3/urllib3/issues/3020
  warnings.warn(
/Users/zhaowenyuan/Projects/FlowFigTabMiner/flowfigtabminer/lib/python3.9/site-packages/urllib3/__init__.py:35: NotOpenSSLWarning: urllib3 v2 only supports OpenSSL 1.1.1+, currently the 'ssl' module is compiled with 'LibreSSL 2.8.3'. See: https://github.com/urllib3/urllib3/issues/3020
  warnings.warn(
/Users/zhaowenyuan/Projects/FlowFigTabMiner/flowfigtabminer/lib/python3.9/site-packages/urllib3/__init__.py:35: NotOpenSSLWarning: urllib3 v2 only supports OpenSSL 1.1.1+, currently the 'ssl' module is compiled with 'LibreSSL 2.8.3'. See: https://github.com/urllib3/urllib3/issues/3020
  warnings.warn(
/Users/zhaowenyuan/Projects/FlowFigTabMiner/flowfigtabminer/lib/python3.9/site-packages/urllib3/__init__.py:35: NotOpenSSLWarning: urllib3 v2 only supports OpenSSL 1.1.1+, currently the 'ssl' module is compiled with 'LibreSSL 2.8.3'. See: https://github.com/urllib3/urllib3/issues/3020
  warnings.warn(
/Users/zhaowenyuan/Projects/FlowFigTabMiner/flowfigtabminer/lib/python3.9/site-packages/urllib3/__init__.py:35: NotOpenSSLWarning: urllib3 v2 only supports OpenSSL 1.1.1+, currently the 'ssl' module is compiled with 'LibreSSL 2.8.3'. See: https://github.com/urllib3/urllib3/issues/3020
  warnings.warn(
[33mChecking connectivity to the model hosters, this may take a while. To bypass this check, set `DISABLE_MODEL_SOURCE_CHECK` to `True`.[0m
[33mChecking connectivity to the model hosters, this may take a while. To bypass this check, set `DISABLE_MODEL_SOURCE_CHECK` to `True`.[0m
[33mChecking connectivity to the model hosters, this may take a while. To bypass this check, set `DISABLE_MODEL_SOURCE_CHECK` to `True`.[0m
[33mChecking connectivity to the model hosters, this may take a while. To bypass this check, set `DISABLE_MODEL_SOURCE_CHECK` to `True`.[0m
[33mChecking connectivity to the model hosters, this may take a while. To bypass this check, set `DISABLE_MODEL_SOURCE_CHECK` to `True`.[0m
[33mChecking connectivity to the model hosters, this may take a while. To bypass this check, set `DISABLE_MODEL_SOURCE_CHECK` to `True`.[0m
[33mChecking connectivity to the model hosters, this may take a while. To bypass this check, set `DISABLE_MODEL_SOURCE_CHECK` to `True`.[0m
[33mChecking connectivity to the model hosters, this may take a while. To bypass this check, set `DISABLE_MODEL_SOURCE_CHECK` to `True`.[0m
[33mChecking connectivity to the model hosters, this may take a while. To bypass this check, set `DISABLE_MODEL_SOURCE_CHECK` to `True`.[0m
[33mChecking connectivity to the model hosters, this may take a while. To bypass this check, set `DISABLE_MODEL_SOURCE_CHECK` to `True`.[0m
[33mChecking connectivity to the model hosters, this may take a while. To bypass this check, set `DISABLE_MODEL_SOURCE_CHECK` to `True`.[0m
[33mChecking connectivity to the model hosters, this may take a while. To bypass this check, set `DISABLE_MODEL_SOURCE_CHECK` to `True`.[0m
[33mChecking connectivity to the model hosters, this may take a while. To bypass this check, set `DISABLE_MODEL_SOURCE_CHECK` to `True`.[0m
[33mChecking connectivity to the model hosters, this may take a while. To bypass this check, set `DISABLE_MODEL_SOURCE_CHECK` to `True`.[0m
[33mChecking connectivity to the model hosters, this may take a while. To bypass this check, set `DISABLE_MODEL_SOURCE_CHECK` to `True`.[0m
[33mChecking connectivity to the model hosters, this may take a while. To bypass this check, set `DISABLE_MODEL_SOURCE_CHECK` to `True`.[0m
/Users/zhaowenyuan/Projects/FlowFigTabMiner/flowfigtabminer/lib/python3.9/site-packages/onmt/modules/sparse_activations.py:48: FutureWarning: `torch.cuda.amp.custom_fwd(args...)` is deprecated. Please use `torch.amp.custom_fwd(args..., device_type='cuda')` instead.
  def forward(ctx, input, dim=0):
/Users/zhaowenyuan/Projects/FlowFigTabMiner/flowfigtabminer/lib/python3.9/site-packages/onmt/modules/sparse_activations.py:68: FutureWarning: `torch.cuda.amp.custom_bwd(args...)` is deprecated. Please use `torch.amp.custom_bwd(args..., device_type='cuda')` instead.
  def backward(ctx, grad_output):
/Users/zhaowenyuan/Projects/FlowFigTabMiner/flowfigtabminer/lib/python3.9/site-packages/onmt/modules/sparse_losses.py:13: FutureWarning: `torch.cuda.amp.custom_fwd(args...)` is deprecated. Please use `torch.amp.custom_fwd(args..., device_type='cuda')` instead.
  def forward(ctx, input, target):
/Users/zhaowenyuan/Projects/FlowFigTabMiner/flowfigtabminer/lib/python3.9/site-packages/onmt/modules/sparse_losses.py:37: FutureWarning: `torch.cuda.amp.custom_bwd(args...)` is deprecated. Please use `torch.amp.custom_bwd(args..., device_type='cuda')` instead.
  def backward(ctx, grad_output):
chiral_center_ids (from symbols): []
/Users/zhaowenyuan/Projects/FlowFigTabMiner/flowfigtabminer/lib/python3.9/site-packages/urllib3/__init__.py:35: NotOpenSSLWarning: urllib3 v2 only supports OpenSSL 1.1.1+, currently the 'ssl' module is compiled with 'LibreSSL 2.8.3'. See: https://github.com/urllib3/urllib3/issues/3020
  warnings.warn(
/Users/zhaowenyuan/Projects/FlowFigTabMiner/flowfigtabminer/lib/python3.9/site-packages/urllib3/__init__.py:35: NotOpenSSLWarning: urllib3 v2 only supports OpenSSL 1.1.1+, currently the 'ssl' module is compiled with 'LibreSSL 2.8.3'. See: https://github.com/urllib3/urllib3/issues/3020
  warnings.warn(
/Users/zhaowenyuan/Projects/FlowFigTabMiner/flowfigtabminer/lib/python3.9/site-packages/urllib3/__init__.py:35: NotOpenSSLWarning: urllib3 v2 only supports OpenSSL 1.1.1+, currently the 'ssl' module is compiled with 'LibreSSL 2.8.3'. See: https://github.com/urllib3/urllib3/issues/3020
  warnings.warn(
/Users/zhaowenyuan/Projects/FlowFigTabMiner/flowfigtabminer/lib/python3.9/site-packages/urllib3/__init__.py:35: NotOpenSSLWarning: urllib3 v2 only supports OpenSSL 1.1.1+, currently the 'ssl' module is compiled with 'LibreSSL 2.8.3'. See: https://github.com/urllib3/urllib3/issues/3020
  warnings.warn(
/Users/zhaowenyuan/Projects/FlowFigTabMiner/flowfigtabminer/lib/python3.9/site-packages/urllib3/__init__.py:35: NotOpenSSLWarning: urllib3 v2 only supports OpenSSL 1.1.1+, currently the 'ssl' module is compiled with 'LibreSSL 2.8.3'. See: https://github.com/urllib3/urllib3/issues/3020
  warnings.warn(
/Users/zhaowenyuan/Projects/FlowFigTabMiner/flowfigtabminer/lib/python3.9/site-packages/urllib3/__init__.py:35: NotOpenSSLWarning: urllib3 v2 only supports OpenSSL 1.1.1+, currently the 'ssl' module is compiled with 'LibreSSL 2.8.3'. See: https://github.com/urllib3/urllib3/issues/3020
  warnings.warn(
/Users/zhaowenyuan/Projects/FlowFigTabMiner/flowfigtabminer/lib/python3.9/site-packages/urllib3/__init__.py:35: NotOpenSSLWarning: urllib3 v2 only supports OpenSSL 1.1.1+, currently the 'ssl' module is compiled with 'LibreSSL 2.8.3'. See: https://github.com/urllib3/urllib3/issues/3020
  warnings.warn(
/Users/zhaowenyuan/Projects/FlowFigTabMiner/flowfigtabminer/lib/python3.9/site-packages/urllib3/__init__.py:35: NotOpenSSLWarning: urllib3 v2 only supports OpenSSL 1.1.1+, currently the 'ssl' module is compiled with 'LibreSSL 2.8.3'. See: https://github.com/urllib3/urllib3/issues/3020
  warnings.warn(
/Users/zhaowenyuan/Projects/FlowFigTabMiner/flowfigtabminer/lib/python3.9/site-packages/urllib3/__init__.py:35: NotOpenSSLWarning: urllib3 v2 only supports OpenSSL 1.1.1+, currently the 'ssl' module is compiled with 'LibreSSL 2.8.3'. See: https://github.com/urllib3/urllib3/issues/3020
  warnings.warn(
/Users/zhaowenyuan/Projects/FlowFigTabMiner/flowfigtabminer/lib/python3.9/site-packages/urllib3/__init__.py:35: NotOpenSSLWarning: urllib3 v2 only supports OpenSSL 1.1.1+, currently the 'ssl' module is compiled with 'LibreSSL 2.8.3'. See: https://github.com/urllib3/urllib3/issues/3020
  warnings.warn(
/Users/zhaowenyuan/Projects/FlowFigTabMiner/flowfigtabminer/lib/python3.9/site-packages/urllib3/__init__.py:35: NotOpenSSLWarning: urllib3 v2 only supports OpenSSL 1.1.1+, currently the 'ssl' module is compiled with 'LibreSSL 2.8.3'. See: https://github.com/urllib3/urllib3/issues/3020
  warnings.warn(
/Users/zhaowenyuan/Projects/FlowFigTabMiner/flowfigtabminer/lib/python3.9/site-packages/urllib3/__init__.py:35: NotOpenSSLWarning: urllib3 v2 only supports OpenSSL 1.1.1+, currently the 'ssl' module is compiled with 'LibreSSL 2.8.3'. See: https://github.com/urllib3/urllib3/issues/3020
  warnings.warn(
/Users/zhaowenyuan/Projects/FlowFigTabMiner/flowfigtabminer/lib/python3.9/site-packages/urllib3/__init__.py:35: NotOpenSSLWarning: urllib3 v2 only supports OpenSSL 1.1.1+, currently the 'ssl' module is compiled with 'LibreSSL 2.8.3'. See: https://github.com/urllib3/urllib3/issues/3020
  warnings.warn(
/Users/zhaowenyuan/Projects/FlowFigTabMiner/flowfigtabminer/lib/python3.9/site-packages/urllib3/__init__.py:35: NotOpenSSLWarning: urllib3 v2 only supports OpenSSL 1.1.1+, currently the 'ssl' module is compiled with 'LibreSSL 2.8.3'. See: https://github.com/urllib3/urllib3/issues/3020
  warnings.warn(
/Users/zhaowenyuan/Projects/FlowFigTabMiner/flowfigtabminer/lib/python3.9/site-packages/urllib3/__init__.py:35: NotOpenSSLWarning: urllib3 v2 only supports OpenSSL 1.1.1+, currently the 'ssl' module is compiled with 'LibreSSL 2.8.3'. See: https://github.com/urllib3/urllib3/issues/3020
  warnings.warn(
/Users/zhaowenyuan/Projects/FlowFigTabMiner/flowfigtabminer/lib/python3.9/site-packages/urllib3/__init__.py:35: NotOpenSSLWarning: urllib3 v2 only supports OpenSSL 1.1.1+, currently the 'ssl' module is compiled with 'LibreSSL 2.8.3'. See: https://github.com/urllib3/urllib3/issues/3020
  warnings.warn(
[33mChecking connectivity to the model hosters, this may take a while. To bypass this check, set `DISABLE_MODEL_SOURCE_CHECK` to `True`.[0m
[33mChecking connectivity to the model hosters, this may take a while. To bypass this check, set `DISABLE_MODEL_SOURCE_CHECK` to `True`.[0m
[33mChecking connectivity to the model hosters, this may take a while. To bypass this check, set `DISABLE_MODEL_SOURCE_CHECK` to `True`.[0m
[33mChecking connectivity to the model hosters, this may take a while. To bypass this check, set `DISABLE_MODEL_SOURCE_CHECK` to `True`.[0m
[33mChecking connectivity to the model hosters, this may take a while. To bypass this check, set `DISABLE_MODEL_SOURCE_CHECK` to `True`.[0m
[33mChecking connectivity to the model hosters, this may take a while. To bypass this check, set `DISABLE_MODEL_SOURCE_CHECK` to `True`.[0m
[33mChecking connectivity to the model hosters, this may take a while. To bypass this check, set `DISABLE_MODEL_SOURCE_CHECK` to `True`.[0m
[33mChecking connectivity to the model hosters, this may take a while. To bypass this check, set `DISABLE_MODEL_SOURCE_CHECK` to `True`.[0m
[33mChecking connectivity to the model hosters, this may take a while. To bypass this check, set `DISABLE_MODEL_SOURCE_CHECK` to `True`.[0m
[33mChecking connectivity to the model hosters, this may take a while. To bypass this check, set `DISABLE_MODEL_SOURCE_CHECK` to `True`.[0m
[33mChecking connectivity to the model hosters, this may take a while. To bypass this check, set `DISABLE_MODEL_SOURCE_CHECK` to `True`.[0m
[33mChecking connectivity to the model hosters, this may take a while. To bypass this check, set `DISABLE_MODEL_SOURCE_CHECK` to `True`.[0m
[33mChecking connectivity to the model hosters, this may take a while. To bypass this check, set `DISABLE_MODEL_SOURCE_CHECK` to `True`.[0m
[33mChecking connectivity to the model hosters, this may take a while. To bypass this check, set `DISABLE_MODEL_SOURCE_CHECK` to `True`.[0m
[33mChecking connectivity to the model hosters, this may take a while. To bypass this check, set `DISABLE_MODEL_SOURCE_CHECK` to `True`.[0m
[33mChecking connectivity to the model hosters, this may take a while. To bypass this check, set `DISABLE_MODEL_SOURCE_CHECK` to `True`.[0m
/Users/zhaowenyuan/Projects/FlowFigTabMiner/flowfigtabminer/lib/python3.9/site-packages/onmt/modules/sparse_activations.py:48: FutureWarning: `torch.cuda.amp.custom_fwd(args...)` is deprecated. Please use `torch.amp.custom_fwd(args..., device_type='cuda')` instead.
  def forward(ctx, input, dim=0):
/Users/zhaowenyuan/Projects/FlowFigTabMiner/flowfigtabminer/lib/python3.9/site-packages/onmt/modules/sparse_activations.py:68: FutureWarning: `torch.cuda.amp.custom_bwd(args...)` is deprecated. Please use `torch.amp.custom_bwd(args..., device_type='cuda')` instead.
  def backward(ctx, grad_output):
/Users/zhaowenyuan/Projects/FlowFigTabMiner/flowfigtabminer/lib/python3.9/site-packages/onmt/modules/sparse_activations.py:48: FutureWarning: `torch.cuda.amp.custom_fwd(args...)` is deprecated. Please use `torch.amp.custom_fwd(args..., device_type='cuda')` instead.
  def forward(ctx, input, dim=0):
/Users/zhaowenyuan/Projects/FlowFigTabMiner/flowfigtabminer/lib/python3.9/site-packages/onmt/modules/sparse_activations.py:68: FutureWarning: `torch.cuda.amp.custom_bwd(args...)` is deprecated. Please use `torch.amp.custom_bwd(args..., device_type='cuda')` instead.
  def backward(ctx, grad_output):
/Users/zhaowenyuan/Projects/FlowFigTabMiner/flowfigtabminer/lib/python3.9/site-packages/onmt/modules/sparse_losses.py:13: FutureWarning: `torch.cuda.amp.custom_fwd(args...)` is deprecated. Please use `torch.amp.custom_fwd(args..., device_type='cuda')` instead.
  def forward(ctx, input, target):
/Users/zhaowenyuan/Projects/FlowFigTabMiner/flowfigtabminer/lib/python3.9/site-packages/onmt/modules/sparse_losses.py:37: FutureWarning: `torch.cuda.amp.custom_bwd(args...)` is deprecated. Please use `torch.amp.custom_bwd(args..., device_type='cuda')` instead.
  def backward(ctx, grad_output):
/Users/zhaowenyuan/Projects/FlowFigTabMiner/flowfigtabminer/lib/python3.9/site-packages/onmt/modules/sparse_losses.py:13: FutureWarning: `torch.cuda.amp.custom_fwd(args...)` is deprecated. Please use `torch.amp.custom_fwd(args..., device_type='cuda')` instead.
  def forward(ctx, input, target):
/Users/zhaowenyuan/Projects/FlowFigTabMiner/flowfigtabminer/lib/python3.9/site-packages/onmt/modules/sparse_losses.py:37: FutureWarning: `torch.cuda.amp.custom_bwd(args...)` is deprecated. Please use `torch.amp.custom_bwd(args..., device_type='cuda')` instead.
  def backward(ctx, grad_output):
chiral_center_ids (from symbols): []
/Users/zhaowenyuan/Projects/FlowFigTabMiner/flowfigtabminer/lib/python3.9/site-packages/urllib3/__init__.py:35: NotOpenSSLWarning: urllib3 v2 only supports OpenSSL 1.1.1+, currently the 'ssl' module is compiled with 'LibreSSL 2.8.3'. See: https://github.com/urllib3/urllib3/issues/3020
  warnings.warn(
/Users/zhaowenyuan/Projects/FlowFigTabMiner/flowfigtabminer/lib/python3.9/site-packages/urllib3/__init__.py:35: NotOpenSSLWarning: urllib3 v2 only supports OpenSSL 1.1.1+, currently the 'ssl' module is compiled with 'LibreSSL 2.8.3'. See: https://github.com/urllib3/urllib3/issues/3020
  warnings.warn(
/Users/zhaowenyuan/Projects/FlowFigTabMiner/flowfigtabminer/lib/python3.9/site-packages/urllib3/__init__.py:35: NotOpenSSLWarning: urllib3 v2 only supports OpenSSL 1.1.1+, currently the 'ssl' module is compiled with 'LibreSSL 2.8.3'. See: https://github.com/urllib3/urllib3/issues/3020
  warnings.warn(
/Users/zhaowenyuan/Projects/FlowFigTabMiner/flowfigtabminer/lib/python3.9/site-packages/urllib3/__init__.py:35: NotOpenSSLWarning: urllib3 v2 only supports OpenSSL 1.1.1+, currently the 'ssl' module is compiled with 'LibreSSL 2.8.3'. See: https://github.com/urllib3/urllib3/issues/3020
  warnings.warn(
/Users/zhaowenyuan/Projects/FlowFigTabMiner/flowfigtabminer/lib/python3.9/site-packages/urllib3/__init__.py:35: NotOpenSSLWarning: urllib3 v2 only supports OpenSSL 1.1.1+, currently the 'ssl' module is compiled with 'LibreSSL 2.8.3'. See: https://github.com/urllib3/urllib3/issues/3020
  warnings.warn(
/Users/zhaowenyuan/Projects/FlowFigTabMiner/flowfigtabminer/lib/python3.9/site-packages/urllib3/__init__.py:35: NotOpenSSLWarning: urllib3 v2 only supports OpenSSL 1.1.1+, currently the 'ssl' module is compiled with 'LibreSSL 2.8.3'. See: https://github.com/urllib3/urllib3/issues/3020
  warnings.warn(
/Users/zhaowenyuan/Projects/FlowFigTabMiner/flowfigtabminer/lib/python3.9/site-packages/urllib3/__init__.py:35: NotOpenSSLWarning: urllib3 v2 only supports OpenSSL 1.1.1+, currently the 'ssl' module is compiled with 'LibreSSL 2.8.3'. See: https://github.com/urllib3/urllib3/issues/3020
  warnings.warn(
/Users/zhaowenyuan/Projects/FlowFigTabMiner/flowfigtabminer/lib/python3.9/site-packages/urllib3/__init__.py:35: NotOpenSSLWarning: urllib3 v2 only supports OpenSSL 1.1.1+, currently the 'ssl' module is compiled with 'LibreSSL 2.8.3'. See: https://github.com/urllib3/urllib3/issues/3020
  warnings.warn(
/Users/zhaowenyuan/Projects/FlowFigTabMiner/flowfigtabminer/lib/python3.9/site-packages/urllib3/__init__.py:35: NotOpenSSLWarning: urllib3 v2 only supports OpenSSL 1.1.1+, currently the 'ssl' module is compiled with 'LibreSSL 2.8.3'. See: https://github.com/urllib3/urllib3/issues/3020
  warnings.warn(
/Users/zhaowenyuan/Projects/FlowFigTabMiner/flowfigtabminer/lib/python3.9/site-packages/urllib3/__init__.py:35: NotOpenSSLWarning: urllib3 v2 only supports OpenSSL 1.1.1+, currently the 'ssl' module is compiled with 'LibreSSL 2.8.3'. See: https://github.com/urllib3/urllib3/issues/3020
  warnings.warn(
/Users/zhaowenyuan/Projects/FlowFigTabMiner/flowfigtabminer/lib/python3.9/site-packages/urllib3/__init__.py:35: NotOpenSSLWarning: urllib3 v2 only supports OpenSSL 1.1.1+, currently the 'ssl' module is compiled with 'LibreSSL 2.8.3'. See: https://github.com/urllib3/urllib3/issues/3020
  warnings.warn(
/Users/zhaowenyuan/Projects/FlowFigTabMiner/flowfigtabminer/lib/python3.9/site-packages/urllib3/__init__.py:35: NotOpenSSLWarning: urllib3 v2 only supports OpenSSL 1.1.1+, currently the 'ssl' module is compiled with 'LibreSSL 2.8.3'. See: https://github.com/urllib3/urllib3/issues/3020
  warnings.warn(
/Users/zhaowenyuan/Projects/FlowFigTabMiner/flowfigtabminer/lib/python3.9/site-packages/urllib3/__init__.py:35: NotOpenSSLWarning: urllib3 v2 only supports OpenSSL 1.1.1+, currently the 'ssl' module is compiled with 'LibreSSL 2.8.3'. See: https://github.com/urllib3/urllib3/issues/3020
  warnings.warn(
/Users/zhaowenyuan/Projects/FlowFigTabMiner/flowfigtabminer/lib/python3.9/site-packages/urllib3/__init__.py:35: NotOpenSSLWarning: urllib3 v2 only supports OpenSSL 1.1.1+, currently the 'ssl' module is compiled with 'LibreSSL 2.8.3'. See: https://github.com/urllib3/urllib3/issues/3020
  warnings.warn(
/Users/zhaowenyuan/Projects/FlowFigTabMiner/flowfigtabminer/lib/python3.9/site-packages/urllib3/__init__.py:35: NotOpenSSLWarning: urllib3 v2 only supports OpenSSL 1.1.1+, currently the 'ssl' module is compiled with 'LibreSSL 2.8.3'. See: https://github.com/urllib3/urllib3/issues/3020
  warnings.warn(
/Users/zhaowenyuan/Projects/FlowFigTabMiner/flowfigtabminer/lib/python3.9/site-packages/urllib3/__init__.py:35: NotOpenSSLWarning: urllib3 v2 only supports OpenSSL 1.1.1+, currently the 'ssl' module is compiled with 'LibreSSL 2.8.3'. See: https://github.com/urllib3/urllib3/issues/3020
  warnings.warn(
[33mChecking connectivity to the model hosters, this may take a while. To bypass this check, set `DISABLE_MODEL_SOURCE_CHECK` to `True`.[0m
[33mChecking connectivity to the model hosters, this may take a while. To bypass this check, set `DISABLE_MODEL_SOURCE_CHECK` to `True`.[0m
[33mChecking connectivity to the model hosters, this may take a while. To bypass this check, set `DISABLE_MODEL_SOURCE_CHECK` to `True`.[0m
[33mChecking connectivity to the model hosters, this may take a while. To bypass this check, set `DISABLE_MODEL_SOURCE_CHECK` to `True`.[0m
[33mChecking connectivity to the model hosters, this may take a while. To bypass this check, set `DISABLE_MODEL_SOURCE_CHECK` to `True`.[0m
[33mChecking connectivity to the model hosters, this may take a while. To bypass this check, set `DISABLE_MODEL_SOURCE_CHECK` to `True`.[0m
[33mChecking connectivity to the model hosters, this may take a while. To bypass this check, set `DISABLE_MODEL_SOURCE_CHECK` to `True`.[0m
[33mChecking connectivity to the model hosters, this may take a while. To bypass this check, set `DISABLE_MODEL_SOURCE_CHECK` to `True`.[0m
[33mChecking connectivity to the model hosters, this may take a while. To bypass this check, set `DISABLE_MODEL_SOURCE_CHECK` to `True`.[0m
[33mChecking connectivity to the model hosters, this may take a while. To bypass this check, set `DISABLE_MODEL_SOURCE_CHECK` to `True`.[0m
[33mChecking connectivity to the model hosters, this may take a while. To bypass this check, set `DISABLE_MODEL_SOURCE_CHECK` to `True`.[0m
[33mChecking connectivity to the model hosters, this may take a while. To bypass this check, set `DISABLE_MODEL_SOURCE_CHECK` to `True`.[0m
[33mChecking connectivity to the model hosters, this may take a while. To bypass this check, set `DISABLE_MODEL_SOURCE_CHECK` to `True`.[0m
[33mChecking connectivity to the model hosters, this may take a while. To bypass this check, set `DISABLE_MODEL_SOURCE_CHECK` to `True`.[0m
[33mChecking connectivity to the model hosters, this may take a while. To bypass this check, set `DISABLE_MODEL_SOURCE_CHECK` to `True`.[0m
[33mChecking connectivity to the model hosters, this may take a while. To bypass this check, set `DISABLE_MODEL_SOURCE_CHECK` to `True`.[0m
/Users/zhaowenyuan/Projects/FlowFigTabMiner/flowfigtabminer/lib/python3.9/site-packages/onmt/modules/sparse_activations.py:48: FutureWarning: `torch.cuda.amp.custom_fwd(args...)` is deprecated. Please use `torch.amp.custom_fwd(args..., device_type='cuda')` instead.
  def forward(ctx, input, dim=0):
/Users/zhaowenyuan/Projects/FlowFigTabMiner/flowfigtabminer/lib/python3.9/site-packages/onmt/modules/sparse_activations.py:68: FutureWarning: `torch.cuda.amp.custom_bwd(args...)` is deprecated. Please use `torch.amp.custom_bwd(args..., device_type='cuda')` instead.
  def backward(ctx, grad_output):
/Users/zhaowenyuan/Projects/FlowFigTabMiner/flowfigtabminer/lib/python3.9/site-packages/onmt/modules/sparse_losses.py:13: FutureWarning: `torch.cuda.amp.custom_fwd(args...)` is deprecated. Please use `torch.amp.custom_fwd(args..., device_type='cuda')` instead.
  def forward(ctx, input, target):
/Users/zhaowenyuan/Projects/FlowFigTabMiner/flowfigtabminer/lib/python3.9/site-packages/onmt/modules/sparse_losses.py:37: FutureWarning: `torch.cuda.amp.custom_bwd(args...)` is deprecated. Please use `torch.amp.custom_bwd(args..., device_type='cuda')` instead.
  def backward(ctx, grad_output):
chiral_center_ids (from symbols): []
/Users/zhaowenyuan/Projects/FlowFigTabMiner/flowfigtabminer/lib/python3.9/site-packages/urllib3/__init__.py:35: NotOpenSSLWarning: urllib3 v2 only supports OpenSSL 1.1.1+, currently the 'ssl' module is compiled with 'LibreSSL 2.8.3'. See: https://github.com/urllib3/urllib3/issues/3020
  warnings.warn(
/Users/zhaowenyuan/Projects/FlowFigTabMiner/flowfigtabminer/lib/python3.9/site-packages/urllib3/__init__.py:35: NotOpenSSLWarning: urllib3 v2 only supports OpenSSL 1.1.1+, currently the 'ssl' module is compiled with 'LibreSSL 2.8.3'. See: https://github.com/urllib3/urllib3/issues/3020
  warnings.warn(
/Users/zhaowenyuan/Projects/FlowFigTabMiner/flowfigtabminer/lib/python3.9/site-packages/urllib3/__init__.py:35: NotOpenSSLWarning: urllib3 v2 only supports OpenSSL 1.1.1+, currently the 'ssl' module is compiled with 'LibreSSL 2.8.3'. See: https://github.com/urllib3/urllib3/issues/3020
  warnings.warn(
/Users/zhaowenyuan/Projects/FlowFigTabMiner/flowfigtabminer/lib/python3.9/site-packages/urllib3/__init__.py:35: NotOpenSSLWarning: urllib3 v2 only supports OpenSSL 1.1.1+, currently the 'ssl' module is compiled with 'LibreSSL 2.8.3'. See: https://github.com/urllib3/urllib3/issues/3020
  warnings.warn(
/Users/zhaowenyuan/Projects/FlowFigTabMiner/flowfigtabminer/lib/python3.9/site-packages/urllib3/__init__.py:35: NotOpenSSLWarning: urllib3 v2 only supports OpenSSL 1.1.1+, currently the 'ssl' module is compiled with 'LibreSSL 2.8.3'. See: https://github.com/urllib3/urllib3/issues/3020
  warnings.warn(
/Users/zhaowenyuan/Projects/FlowFigTabMiner/flowfigtabminer/lib/python3.9/site-packages/urllib3/__init__.py:35: NotOpenSSLWarning: urllib3 v2 only supports OpenSSL 1.1.1+, currently the 'ssl' module is compiled with 'LibreSSL 2.8.3'. See: https://github.com/urllib3/urllib3/issues/3020
  warnings.warn(
/Users/zhaowenyuan/Projects/FlowFigTabMiner/flowfigtabminer/lib/python3.9/site-packages/urllib3/__init__.py:35: NotOpenSSLWarning: urllib3 v2 only supports OpenSSL 1.1.1+, currently the 'ssl' module is compiled with 'LibreSSL 2.8.3'. See: https://github.com/urllib3/urllib3/issues/3020
  warnings.warn(
/Users/zhaowenyuan/Projects/FlowFigTabMiner/flowfigtabminer/lib/python3.9/site-packages/urllib3/__init__.py:35: NotOpenSSLWarning: urllib3 v2 only supports OpenSSL 1.1.1+, currently the 'ssl' module is compiled with 'LibreSSL 2.8.3'. See: https://github.com/urllib3/urllib3/issues/3020
  warnings.warn(
/Users/zhaowenyuan/Projects/FlowFigTabMiner/flowfigtabminer/lib/python3.9/site-packages/urllib3/__init__.py:35: NotOpenSSLWarning: urllib3 v2 only supports OpenSSL 1.1.1+, currently the 'ssl' module is compiled with 'LibreSSL 2.8.3'. See: https://github.com/urllib3/urllib3/issues/3020
  warnings.warn(
/Users/zhaowenyuan/Projects/FlowFigTabMiner/flowfigtabminer/lib/python3.9/site-packages/urllib3/__init__.py:35: NotOpenSSLWarning: urllib3 v2 only supports OpenSSL 1.1.1+, currently the 'ssl' module is compiled with 'LibreSSL 2.8.3'. See: https://github.com/urllib3/urllib3/issues/3020
  warnings.warn(
/Users/zhaowenyuan/Projects/FlowFigTabMiner/flowfigtabminer/lib/python3.9/site-packages/urllib3/__init__.py:35: NotOpenSSLWarning: urllib3 v2 only supports OpenSSL 1.1.1+, currently the 'ssl' module is compiled with 'LibreSSL 2.8.3'. See: https://github.com/urllib3/urllib3/issues/3020
  warnings.warn(
/Users/zhaowenyuan/Projects/FlowFigTabMiner/flowfigtabminer/lib/python3.9/site-packages/urllib3/__init__.py:35: NotOpenSSLWarning: urllib3 v2 only supports OpenSSL 1.1.1+, currently the 'ssl' module is compiled with 'LibreSSL 2.8.3'. See: https://github.com/urllib3/urllib3/issues/3020
  warnings.warn(
/Users/zhaowenyuan/Projects/FlowFigTabMiner/flowfigtabminer/lib/python3.9/site-packages/urllib3/__init__.py:35: NotOpenSSLWarning: urllib3 v2 only supports OpenSSL 1.1.1+, currently the 'ssl' module is compiled with 'LibreSSL 2.8.3'. See: https://github.com/urllib3/urllib3/issues/3020
  warnings.warn(
/Users/zhaowenyuan/Projects/FlowFigTabMiner/flowfigtabminer/lib/python3.9/site-packages/urllib3/__init__.py:35: NotOpenSSLWarning: urllib3 v2 only supports OpenSSL 1.1.1+, currently the 'ssl' module is compiled with 'LibreSSL 2.8.3'. See: https://github.com/urllib3/urllib3/issues/3020
  warnings.warn(
/Users/zhaowenyuan/Projects/FlowFigTabMiner/flowfigtabminer/lib/python3.9/site-packages/urllib3/__init__.py:35: NotOpenSSLWarning: urllib3 v2 only supports OpenSSL 1.1.1+, currently the 'ssl' module is compiled with 'LibreSSL 2.8.3'. See: https://github.com/urllib3/urllib3/issues/3020
  warnings.warn(
/Users/zhaowenyuan/Projects/FlowFigTabMiner/flowfigtabminer/lib/python3.9/site-packages/urllib3/__init__.py:35: NotOpenSSLWarning: urllib3 v2 only supports OpenSSL 1.1.1+, currently the 'ssl' module is compiled with 'LibreSSL 2.8.3'. See: https://github.com/urllib3/urllib3/issues/3020
  warnings.warn(
[33mChecking connectivity to the model hosters, this may take a while. To bypass this check, set `DISABLE_MODEL_SOURCE_CHECK` to `True`.[0m
[33mChecking connectivity to the model hosters, this may take a while. To bypass this check, set `DISABLE_MODEL_SOURCE_CHECK` to `True`.[0m
[33mChecking connectivity to the model hosters, this may take a while. To bypass this check, set `DISABLE_MODEL_SOURCE_CHECK` to `True`.[0m
[33mChecking connectivity to the model hosters, this may take a while. To bypass this check, set `DISABLE_MODEL_SOURCE_CHECK` to `True`.[0m
[33mChecking connectivity to the model hosters, this may take a while. To bypass this check, set `DISABLE_MODEL_SOURCE_CHECK` to `True`.[0m
[33mChecking connectivity to the model hosters, this may take a while. To bypass this check, set `DISABLE_MODEL_SOURCE_CHECK` to `True`.[0m
[33mChecking connectivity to the model hosters, this may take a while. To bypass this check, set `DISABLE_MODEL_SOURCE_CHECK` to `True`.[0m
[33mChecking connectivity to the model hosters, this may take a while. To bypass this check, set `DISABLE_MODEL_SOURCE_CHECK` to `True`.[0m
[33mChecking connectivity to the model hosters, this may take a while. To bypass this check, set `DISABLE_MODEL_SOURCE_CHECK` to `True`.[0m
[33mChecking connectivity to the model hosters, this may take a while. To bypass this check, set `DISABLE_MODEL_SOURCE_CHECK` to `True`.[0m
[33mChecking connectivity to the model hosters, this may take a while. To bypass this check, set `DISABLE_MODEL_SOURCE_CHECK` to `True`.[0m
[33mChecking connectivity to the model hosters, this may take a while. To bypass this check, set `DISABLE_MODEL_SOURCE_CHECK` to `True`.[0m
[33mChecking connectivity to the model hosters, this may take a while. To bypass this check, set `DISABLE_MODEL_SOURCE_CHECK` to `True`.[0m
[33mChecking connectivity to the model hosters, this may take a while. To bypass this check, set `DISABLE_MODEL_SOURCE_CHECK` to `True`.[0m
[33mChecking connectivity to the model hosters, this may take a while. To bypass this check, set `DISABLE_MODEL_SOURCE_CHECK` to `True`.[0m
[33mChecking connectivity to the model hosters, this may take a while. To bypass this check, set `DISABLE_MODEL_SOURCE_CHECK` to `True`.[0m
/Users/zhaowenyuan/Projects/FlowFigTabMiner/flowfigtabminer/lib/python3.9/site-packages/onmt/modules/sparse_activations.py:48: FutureWarning: `torch.cuda.amp.custom_fwd(args...)` is deprecated. Please use `torch.amp.custom_fwd(args..., device_type='cuda')` instead.
  def forward(ctx, input, dim=0):
/Users/zhaowenyuan/Projects/FlowFigTabMiner/flowfigtabminer/lib/python3.9/site-packages/onmt/modules/sparse_activations.py:68: FutureWarning: `torch.cuda.amp.custom_bwd(args...)` is deprecated. Please use `torch.amp.custom_bwd(args..., device_type='cuda')` instead.
  def backward(ctx, grad_output):
/Users/zhaowenyuan/Projects/FlowFigTabMiner/flowfigtabminer/lib/python3.9/site-packages/onmt/modules/sparse_losses.py:13: FutureWarning: `torch.cuda.amp.custom_fwd(args...)` is deprecated. Please use `torch.amp.custom_fwd(args..., device_type='cuda')` instead.
  def forward(ctx, input, target):
/Users/zhaowenyuan/Projects/FlowFigTabMiner/flowfigtabminer/lib/python3.9/site-packages/onmt/modules/sparse_losses.py:37: FutureWarning: `torch.cuda.amp.custom_bwd(args...)` is deprecated. Please use `torch.amp.custom_bwd(args..., device_type='cuda')` instead.
  def backward(ctx, grad_output):
chiral_center_ids (from symbols): []
/Users/zhaowenyuan/Projects/FlowFigTabMiner/flowfigtabminer/lib/python3.9/site-packages/urllib3/__init__.py:35: NotOpenSSLWarning: urllib3 v2 only supports OpenSSL 1.1.1+, currently the 'ssl' module is compiled with 'LibreSSL 2.8.3'. See: https://github.com/urllib3/urllib3/issues/3020
  warnings.warn(
/Users/zhaowenyuan/Projects/FlowFigTabMiner/flowfigtabminer/lib/python3.9/site-packages/urllib3/__init__.py:35: NotOpenSSLWarning: urllib3 v2 only supports OpenSSL 1.1.1+, currently the 'ssl' module is compiled with 'LibreSSL 2.8.3'. See: https://github.com/urllib3/urllib3/issues/3020
  warnings.warn(
/Users/zhaowenyuan/Projects/FlowFigTabMiner/flowfigtabminer/lib/python3.9/site-packages/urllib3/__init__.py:35: NotOpenSSLWarning: urllib3 v2 only supports OpenSSL 1.1.1+, currently the 'ssl' module is compiled with 'LibreSSL 2.8.3'. See: https://github.com/urllib3/urllib3/issues/3020
  warnings.warn(
/Users/zhaowenyuan/Projects/FlowFigTabMiner/flowfigtabminer/lib/python3.9/site-packages/urllib3/__init__.py:35: NotOpenSSLWarning: urllib3 v2 only supports OpenSSL 1.1.1+, currently the 'ssl' module is compiled with 'LibreSSL 2.8.3'. See: https://github.com/urllib3/urllib3/issues/3020
  warnings.warn(
/Users/zhaowenyuan/Projects/FlowFigTabMiner/flowfigtabminer/lib/python3.9/site-packages/urllib3/__init__.py:35: NotOpenSSLWarning: urllib3 v2 only supports OpenSSL 1.1.1+, currently the 'ssl' module is compiled with 'LibreSSL 2.8.3'. See: https://github.com/urllib3/urllib3/issues/3020
  warnings.warn(
/Users/zhaowenyuan/Projects/FlowFigTabMiner/flowfigtabminer/lib/python3.9/site-packages/urllib3/__init__.py:35: NotOpenSSLWarning: urllib3 v2 only supports OpenSSL 1.1.1+, currently the 'ssl' module is compiled with 'LibreSSL 2.8.3'. See: https://github.com/urllib3/urllib3/issues/3020
  warnings.warn(
/Users/zhaowenyuan/Projects/FlowFigTabMiner/flowfigtabminer/lib/python3.9/site-packages/urllib3/__init__.py:35: NotOpenSSLWarning: urllib3 v2 only supports OpenSSL 1.1.1+, currently the 'ssl' module is compiled with 'LibreSSL 2.8.3'. See: https://github.com/urllib3/urllib3/issues/3020
  warnings.warn(
/Users/zhaowenyuan/Projects/FlowFigTabMiner/flowfigtabminer/lib/python3.9/site-packages/urllib3/__init__.py:35: NotOpenSSLWarning: urllib3 v2 only supports OpenSSL 1.1.1+, currently the 'ssl' module is compiled with 'LibreSSL 2.8.3'. See: https://github.com/urllib3/urllib3/issues/3020
  warnings.warn(
/Users/zhaowenyuan/Projects/FlowFigTabMiner/flowfigtabminer/lib/python3.9/site-packages/urllib3/__init__.py:35: NotOpenSSLWarning: urllib3 v2 only supports OpenSSL 1.1.1+, currently the 'ssl' module is compiled with 'LibreSSL 2.8.3'. See: https://github.com/urllib3/urllib3/issues/3020
  warnings.warn(
/Users/zhaowenyuan/Projects/FlowFigTabMiner/flowfigtabminer/lib/python3.9/site-packages/urllib3/__init__.py:35: NotOpenSSLWarning: urllib3 v2 only supports OpenSSL 1.1.1+, currently the 'ssl' module is compiled with 'LibreSSL 2.8.3'. See: https://github.com/urllib3/urllib3/issues/3020
  warnings.warn(
/Users/zhaowenyuan/Projects/FlowFigTabMiner/flowfigtabminer/lib/python3.9/site-packages/urllib3/__init__.py:35: NotOpenSSLWarning: urllib3 v2 only supports OpenSSL 1.1.1+, currently the 'ssl' module is compiled with 'LibreSSL 2.8.3'. See: https://github.com/urllib3/urllib3/issues/3020
  warnings.warn(
/Users/zhaowenyuan/Projects/FlowFigTabMiner/flowfigtabminer/lib/python3.9/site-packages/urllib3/__init__.py:35: NotOpenSSLWarning: urllib3 v2 only supports OpenSSL 1.1.1+, currently the 'ssl' module is compiled with 'LibreSSL 2.8.3'. See: https://github.com/urllib3/urllib3/issues/3020
  warnings.warn(
/Users/zhaowenyuan/Projects/FlowFigTabMiner/flowfigtabminer/lib/python3.9/site-packages/urllib3/__init__.py:35: NotOpenSSLWarning: urllib3 v2 only supports OpenSSL 1.1.1+, currently the 'ssl' module is compiled with 'LibreSSL 2.8.3'. See: https://github.com/urllib3/urllib3/issues/3020
  warnings.warn(
/Users/zhaowenyuan/Projects/FlowFigTabMiner/flowfigtabminer/lib/python3.9/site-packages/urllib3/__init__.py:35: NotOpenSSLWarning: urllib3 v2 only supports OpenSSL 1.1.1+, currently the 'ssl' module is compiled with 'LibreSSL 2.8.3'. See: https://github.com/urllib3/urllib3/issues/3020
  warnings.warn(
/Users/zhaowenyuan/Projects/FlowFigTabMiner/flowfigtabminer/lib/python3.9/site-packages/urllib3/__init__.py:35: NotOpenSSLWarning: urllib3 v2 only supports OpenSSL 1.1.1+, currently the 'ssl' module is compiled with 'LibreSSL 2.8.3'. See: https://github.com/urllib3/urllib3/issues/3020
  warnings.warn(
/Users/zhaowenyuan/Projects/FlowFigTabMiner/flowfigtabminer/lib/python3.9/site-packages/urllib3/__init__.py:35: NotOpenSSLWarning: urllib3 v2 only supports OpenSSL 1.1.1+, currently the 'ssl' module is compiled with 'LibreSSL 2.8.3'. See: https://github.com/urllib3/urllib3/issues/3020
  warnings.warn(
[33mChecking connectivity to the model hosters, this may take a while. To bypass this check, set `DISABLE_MODEL_SOURCE_CHECK` to `True`.[0m
[33mChecking connectivity to the model hosters, this may take a while. To bypass this check, set `DISABLE_MODEL_SOURCE_CHECK` to `True`.[0m
[33mChecking connectivity to the model hosters, this may take a while. To bypass this check, set `DISABLE_MODEL_SOURCE_CHECK` to `True`.[0m
[33mChecking connectivity to the model hosters, this may take a while. To bypass this check, set `DISABLE_MODEL_SOURCE_CHECK` to `True`.[0m
[33mChecking connectivity to the model hosters, this may take a while. To bypass this check, set `DISABLE_MODEL_SOURCE_CHECK` to `True`.[0m
[33mChecking connectivity to the model hosters, this may take a while. To bypass this check, set `DISABLE_MODEL_SOURCE_CHECK` to `True`.[0m
[33mChecking connectivity to the model hosters, this may take a while. To bypass this check, set `DISABLE_MODEL_SOURCE_CHECK` to `True`.[0m
[33mChecking connectivity to the model hosters, this may take a while. To bypass this check, set `DISABLE_MODEL_SOURCE_CHECK` to `True`.[0m
[33mChecking connectivity to the model hosters, this may take a while. To bypass this check, set `DISABLE_MODEL_SOURCE_CHECK` to `True`.[0m
[33mChecking connectivity to the model hosters, this may take a while. To bypass this check, set `DISABLE_MODEL_SOURCE_CHECK` to `True`.[0m
[33mChecking connectivity to the model hosters, this may take a while. To bypass this check, set `DISABLE_MODEL_SOURCE_CHECK` to `True`.[0m
[33mChecking connectivity to the model hosters, this may take a while. To bypass this check, set `DISABLE_MODEL_SOURCE_CHECK` to `True`.[0m
[33mChecking connectivity to the model hosters, this may take a while. To bypass this check, set `DISABLE_MODEL_SOURCE_CHECK` to `True`.[0m
[33mChecking connectivity to the model hosters, this may take a while. To bypass this check, set `DISABLE_MODEL_SOURCE_CHECK` to `True`.[0m
[33mChecking connectivity to the model hosters, this may take a while. To bypass this check, set `DISABLE_MODEL_SOURCE_CHECK` to `True`.[0m
[33mChecking connectivity to the model hosters, this may take a while. To bypass this check, set `DISABLE_MODEL_SOURCE_CHECK` to `True`.[0m
/Users/zhaowenyuan/Projects/FlowFigTabMiner/flowfigtabminer/lib/python3.9/site-packages/onmt/modules/sparse_activations.py:48: FutureWarning: `torch.cuda.amp.custom_fwd(args...)` is deprecated. Please use `torch.amp.custom_fwd(args..., device_type='cuda')` instead.
  def forward(ctx, input, dim=0):
/Users/zhaowenyuan/Projects/FlowFigTabMiner/flowfigtabminer/lib/python3.9/site-packages/onmt/modules/sparse_activations.py:68: FutureWarning: `torch.cuda.amp.custom_bwd(args...)` is deprecated. Please use `torch.amp.custom_bwd(args..., device_type='cuda')` instead.
  def backward(ctx, grad_output):
/Users/zhaowenyuan/Projects/FlowFigTabMiner/flowfigtabminer/lib/python3.9/site-packages/onmt/modules/sparse_activations.py:48: FutureWarning: `torch.cuda.amp.custom_fwd(args...)` is deprecated. Please use `torch.amp.custom_fwd(args..., device_type='cuda')` instead.
  def forward(ctx, input, dim=0):
/Users/zhaowenyuan/Projects/FlowFigTabMiner/flowfigtabminer/lib/python3.9/site-packages/onmt/modules/sparse_activations.py:68: FutureWarning: `torch.cuda.amp.custom_bwd(args...)` is deprecated. Please use `torch.amp.custom_bwd(args..., device_type='cuda')` instead.
  def backward(ctx, grad_output):
/Users/zhaowenyuan/Projects/FlowFigTabMiner/flowfigtabminer/lib/python3.9/site-packages/onmt/modules/sparse_losses.py:13: FutureWarning: `torch.cuda.amp.custom_fwd(args...)` is deprecated. Please use `torch.amp.custom_fwd(args..., device_type='cuda')` instead.
  def forward(ctx, input, target):
/Users/zhaowenyuan/Projects/FlowFigTabMiner/flowfigtabminer/lib/python3.9/site-packages/onmt/modules/sparse_losses.py:37: FutureWarning: `torch.cuda.amp.custom_bwd(args...)` is deprecated. Please use `torch.amp.custom_bwd(args..., device_type='cuda')` instead.
  def backward(ctx, grad_output):
/Users/zhaowenyuan/Projects/FlowFigTabMiner/flowfigtabminer/lib/python3.9/site-packages/onmt/modules/sparse_losses.py:13: FutureWarning: `torch.cuda.amp.custom_fwd(args...)` is deprecated. Please use `torch.amp.custom_fwd(args..., device_type='cuda')` instead.
  def forward(ctx, input, target):
/Users/zhaowenyuan/Projects/FlowFigTabMiner/flowfigtabminer/lib/python3.9/site-packages/onmt/modules/sparse_losses.py:37: FutureWarning: `torch.cuda.amp.custom_bwd(args...)` is deprecated. Please use `torch.amp.custom_bwd(args..., device_type='cuda')` instead.
  def backward(ctx, grad_output):
chiral_center_ids (from symbols): []
/Users/zhaowenyuan/Projects/FlowFigTabMiner/flowfigtabminer/lib/python3.9/site-packages/urllib3/__init__.py:35: NotOpenSSLWarning: urllib3 v2 only supports OpenSSL 1.1.1+, currently the 'ssl' module is compiled with 'LibreSSL 2.8.3'. See: https://github.com/urllib3/urllib3/issues/3020
  warnings.warn(
/Users/zhaowenyuan/Projects/FlowFigTabMiner/flowfigtabminer/lib/python3.9/site-packages/urllib3/__init__.py:35: NotOpenSSLWarning: urllib3 v2 only supports OpenSSL 1.1.1+, currently the 'ssl' module is compiled with 'LibreSSL 2.8.3'. See: https://github.com/urllib3/urllib3/issues/3020
  warnings.warn(
/Users/zhaowenyuan/Projects/FlowFigTabMiner/flowfigtabminer/lib/python3.9/site-packages/urllib3/__init__.py:35: NotOpenSSLWarning: urllib3 v2 only supports OpenSSL 1.1.1+, currently the 'ssl' module is compiled with 'LibreSSL 2.8.3'. See: https://github.com/urllib3/urllib3/issues/3020
  warnings.warn(
/Users/zhaowenyuan/Projects/FlowFigTabMiner/flowfigtabminer/lib/python3.9/site-packages/urllib3/__init__.py:35: NotOpenSSLWarning: urllib3 v2 only supports OpenSSL 1.1.1+, currently the 'ssl' module is compiled with 'LibreSSL 2.8.3'. See: https://github.com/urllib3/urllib3/issues/3020
  warnings.warn(
/Users/zhaowenyuan/Projects/FlowFigTabMiner/flowfigtabminer/lib/python3.9/site-packages/urllib3/__init__.py:35: NotOpenSSLWarning: urllib3 v2 only supports OpenSSL 1.1.1+, currently the 'ssl' module is compiled with 'LibreSSL 2.8.3'. See: https://github.com/urllib3/urllib3/issues/3020
  warnings.warn(
/Users/zhaowenyuan/Projects/FlowFigTabMiner/flowfigtabminer/lib/python3.9/site-packages/urllib3/__init__.py:35: NotOpenSSLWarning: urllib3 v2 only supports OpenSSL 1.1.1+, currently the 'ssl' module is compiled with 'LibreSSL 2.8.3'. See: https://github.com/urllib3/urllib3/issues/3020
  warnings.warn(
/Users/zhaowenyuan/Projects/FlowFigTabMiner/flowfigtabminer/lib/python3.9/site-packages/urllib3/__init__.py:35: NotOpenSSLWarning: urllib3 v2 only supports OpenSSL 1.1.1+, currently the 'ssl' module is compiled with 'LibreSSL 2.8.3'. See: https://github.com/urllib3/urllib3/issues/3020
  warnings.warn(
/Users/zhaowenyuan/Projects/FlowFigTabMiner/flowfigtabminer/lib/python3.9/site-packages/urllib3/__init__.py:35: NotOpenSSLWarning: urllib3 v2 only supports OpenSSL 1.1.1+, currently the 'ssl' module is compiled with 'LibreSSL 2.8.3'. See: https://github.com/urllib3/urllib3/issues/3020
  warnings.warn(
/Users/zhaowenyuan/Projects/FlowFigTabMiner/flowfigtabminer/lib/python3.9/site-packages/urllib3/__init__.py:35: NotOpenSSLWarning: urllib3 v2 only supports OpenSSL 1.1.1+, currently the 'ssl' module is compiled with 'LibreSSL 2.8.3'. See: https://github.com/urllib3/urllib3/issues/3020
  warnings.warn(
/Users/zhaowenyuan/Projects/FlowFigTabMiner/flowfigtabminer/lib/python3.9/site-packages/urllib3/__init__.py:35: NotOpenSSLWarning: urllib3 v2 only supports OpenSSL 1.1.1+, currently the 'ssl' module is compiled with 'LibreSSL 2.8.3'. See: https://github.com/urllib3/urllib3/issues/3020
  warnings.warn(
/Users/zhaowenyuan/Projects/FlowFigTabMiner/flowfigtabminer/lib/python3.9/site-packages/urllib3/__init__.py:35: NotOpenSSLWarning: urllib3 v2 only supports OpenSSL 1.1.1+, currently the 'ssl' module is compiled with 'LibreSSL 2.8.3'. See: https://github.com/urllib3/urllib3/issues/3020
  warnings.warn(
/Users/zhaowenyuan/Projects/FlowFigTabMiner/flowfigtabminer/lib/python3.9/site-packages/urllib3/__init__.py:35: NotOpenSSLWarning: urllib3 v2 only supports OpenSSL 1.1.1+, currently the 'ssl' module is compiled with 'LibreSSL 2.8.3'. See: https://github.com/urllib3/urllib3/issues/3020
  warnings.warn(
/Users/zhaowenyuan/Projects/FlowFigTabMiner/flowfigtabminer/lib/python3.9/site-packages/urllib3/__init__.py:35: NotOpenSSLWarning: urllib3 v2 only supports OpenSSL 1.1.1+, currently the 'ssl' module is compiled with 'LibreSSL 2.8.3'. See: https://github.com/urllib3/urllib3/issues/3020
  warnings.warn(
/Users/zhaowenyuan/Projects/FlowFigTabMiner/flowfigtabminer/lib/python3.9/site-packages/urllib3/__init__.py:35: NotOpenSSLWarning: urllib3 v2 only supports OpenSSL 1.1.1+, currently the 'ssl' module is compiled with 'LibreSSL 2.8.3'. See: https://github.com/urllib3/urllib3/issues/3020
  warnings.warn(
/Users/zhaowenyuan/Projects/FlowFigTabMiner/flowfigtabminer/lib/python3.9/site-packages/urllib3/__init__.py:35: NotOpenSSLWarning: urllib3 v2 only supports OpenSSL 1.1.1+, currently the 'ssl' module is compiled with 'LibreSSL 2.8.3'. See: https://github.com/urllib3/urllib3/issues/3020
  warnings.warn(
/Users/zhaowenyuan/Projects/FlowFigTabMiner/flowfigtabminer/lib/python3.9/site-packages/urllib3/__init__.py:35: NotOpenSSLWarning: urllib3 v2 only supports OpenSSL 1.1.1+, currently the 'ssl' module is compiled with 'LibreSSL 2.8.3'. See: https://github.com/urllib3/urllib3/issues/3020
  warnings.warn(
[33mChecking connectivity to the model hosters, this may take a while. To bypass this check, set `DISABLE_MODEL_SOURCE_CHECK` to `True`.[0m
[33mChecking connectivity to the model hosters, this may take a while. To bypass this check, set `DISABLE_MODEL_SOURCE_CHECK` to `True`.[0m
[33mChecking connectivity to the model hosters, this may take a while. To bypass this check, set `DISABLE_MODEL_SOURCE_CHECK` to `True`.[0m
[33mChecking connectivity to the model hosters, this may take a while. To bypass this check, set `DISABLE_MODEL_SOURCE_CHECK` to `True`.[0m
[33mChecking connectivity to the model hosters, this may take a while. To bypass this check, set `DISABLE_MODEL_SOURCE_CHECK` to `True`.[0m
[33mChecking connectivity to the model hosters, this may take a while. To bypass this check, set `DISABLE_MODEL_SOURCE_CHECK` to `True`.[0m
[33mChecking connectivity to the model hosters, this may take a while. To bypass this check, set `DISABLE_MODEL_SOURCE_CHECK` to `True`.[0m
[33mChecking connectivity to the model hosters, this may take a while. To bypass this check, set `DISABLE_MODEL_SOURCE_CHECK` to `True`.[0m
[33mChecking connectivity to the model hosters, this may take a while. To bypass this check, set `DISABLE_MODEL_SOURCE_CHECK` to `True`.[0m
[33mChecking connectivity to the model hosters, this may take a while. To bypass this check, set `DISABLE_MODEL_SOURCE_CHECK` to `True`.[0m
[33mChecking connectivity to the model hosters, this may take a while. To bypass this check, set `DISABLE_MODEL_SOURCE_CHECK` to `True`.[0m
[33mChecking connectivity to the model hosters, this may take a while. To bypass this check, set `DISABLE_MODEL_SOURCE_CHECK` to `True`.[0m
[33mChecking connectivity to the model hosters, this may take a while. To bypass this check, set `DISABLE_MODEL_SOURCE_CHECK` to `True`.[0m
[33mChecking connectivity to the model hosters, this may take a while. To bypass this check, set `DISABLE_MODEL_SOURCE_CHECK` to `True`.[0m
[33mChecking connectivity to the model hosters, this may take a while. To bypass this check, set `DISABLE_MODEL_SOURCE_CHECK` to `True`.[0m
[33mChecking connectivity to the model hosters, this may take a while. To bypass this check, set `DISABLE_MODEL_SOURCE_CHECK` to `True`.[0m
/Users/zhaowenyuan/Projects/FlowFigTabMiner/flowfigtabminer/lib/python3.9/site-packages/onmt/modules/sparse_activations.py:48: FutureWarning: `torch.cuda.amp.custom_fwd(args...)` is deprecated. Please use `torch.amp.custom_fwd(args..., device_type='cuda')` instead.
  def forward(ctx, input, dim=0):
/Users/zhaowenyuan/Projects/FlowFigTabMiner/flowfigtabminer/lib/python3.9/site-packages/onmt/modules/sparse_activations.py:68: FutureWarning: `torch.cuda.amp.custom_bwd(args...)` is deprecated. Please use `torch.amp.custom_bwd(args..., device_type='cuda')` instead.
  def backward(ctx, grad_output):
/Users/zhaowenyuan/Projects/FlowFigTabMiner/flowfigtabminer/lib/python3.9/site-packages/onmt/modules/sparse_losses.py:13: FutureWarning: `torch.cuda.amp.custom_fwd(args...)` is deprecated. Please use `torch.amp.custom_fwd(args..., device_type='cuda')` instead.
  def forward(ctx, input, target):
/Users/zhaowenyuan/Projects/FlowFigTabMiner/flowfigtabminer/lib/python3.9/site-packages/onmt/modules/sparse_losses.py:37: FutureWarning: `torch.cuda.amp.custom_bwd(args...)` is deprecated. Please use `torch.amp.custom_bwd(args..., device_type='cuda')` instead.
  def backward(ctx, grad_output):
chiral_center_ids (from symbols): []
[2026-03-07 20:35:43,602] [    INFO] table_processor.py:96 - Processing Table: data/intermediate/example/tables/page_4_table_0.png
   -> Saved CSV to data/intermediate/example/./page_8_table_0_extracted.csv
   --> Table rejected by keyword filter: 'table3eacionconiionsresidencetime22minsolventmetha...'
Processing Table: data/intermediate/example/tables/page_4_table_0.png
   -> Saving components to data/intermediate/example/./page_4_table_0...
   -> Using cropped table body: data/intermediate/example/./page_4_table_0/page_4_table_0_body_main.png
   -> Processing Molecules...
   MoleculeProcessor: Starting YOLO inference on image 984x948...
   MoleculeProcessor: YOLO inference done. Found 0 boxes.
      No molecules detected or model not loaded.
   TableStructure: Running inference on cpu...
   TableStructure: Inference done.
   -> Detected 90 cells.
   -> Classifying cells...
   -> Recognizing content...
/Users/zhaowenyuan/Projects/FlowFigTabMiner/flowfigtabminer/lib/python3.9/site-packages/urllib3/__init__.py:35: NotOpenSSLWarning: urllib3 v2 only supports OpenSSL 1.1.1+, currently the 'ssl' module is compiled with 'LibreSSL 2.8.3'. See: https://github.com/urllib3/urllib3/issues/3020
  warnings.warn(
/Users/zhaowenyuan/Projects/FlowFigTabMiner/flowfigtabminer/lib/python3.9/site-packages/urllib3/__init__.py:35: NotOpenSSLWarning: urllib3 v2 only supports OpenSSL 1.1.1+, currently the 'ssl' module is compiled with 'LibreSSL 2.8.3'. See: https://github.com/urllib3/urllib3/issues/3020
  warnings.warn(
/Users/zhaowenyuan/Projects/FlowFigTabMiner/flowfigtabminer/lib/python3.9/site-packages/urllib3/__init__.py:35: NotOpenSSLWarning: urllib3 v2 only supports OpenSSL 1.1.1+, currently the 'ssl' module is compiled with 'LibreSSL 2.8.3'. See: https://github.com/urllib3/urllib3/issues/3020
  warnings.warn(
/Users/zhaowenyuan/Projects/FlowFigTabMiner/flowfigtabminer/lib/python3.9/site-packages/urllib3/__init__.py:35: NotOpenSSLWarning: urllib3 v2 only supports OpenSSL 1.1.1+, currently the 'ssl' module is compiled with 'LibreSSL 2.8.3'. See: https://github.com/urllib3/urllib3/issues/3020
  warnings.warn(
/Users/zhaowenyuan/Projects/FlowFigTabMiner/flowfigtabminer/lib/python3.9/site-packages/urllib3/__init__.py:35: NotOpenSSLWarning: urllib3 v2 only supports OpenSSL 1.1.1+, currently the 'ssl' module is compiled with 'LibreSSL 2.8.3'. See: https://github.com/urllib3/urllib3/issues/3020
  warnings.warn(
/Users/zhaowenyuan/Projects/FlowFigTabMiner/flowfigtabminer/lib/python3.9/site-packages/urllib3/__init__.py:35: NotOpenSSLWarning: urllib3 v2 only supports OpenSSL 1.1.1+, currently the 'ssl' module is compiled with 'LibreSSL 2.8.3'. See: https://github.com/urllib3/urllib3/issues/3020
  warnings.warn(
/Users/zhaowenyuan/Projects/FlowFigTabMiner/flowfigtabminer/lib/python3.9/site-packages/urllib3/__init__.py:35: NotOpenSSLWarning: urllib3 v2 only supports OpenSSL 1.1.1+, currently the 'ssl' module is compiled with 'LibreSSL 2.8.3'. See: https://github.com/urllib3/urllib3/issues/3020
  warnings.warn(
/Users/zhaowenyuan/Projects/FlowFigTabMiner/flowfigtabminer/lib/python3.9/site-packages/urllib3/__init__.py:35: NotOpenSSLWarning: urllib3 v2 only supports OpenSSL 1.1.1+, currently the 'ssl' module is compiled with 'LibreSSL 2.8.3'. See: https://github.com/urllib3/urllib3/issues/3020
  warnings.warn(
/Users/zhaowenyuan/Projects/FlowFigTabMiner/flowfigtabminer/lib/python3.9/site-packages/urllib3/__init__.py:35: NotOpenSSLWarning: urllib3 v2 only supports OpenSSL 1.1.1+, currently the 'ssl' module is compiled with 'LibreSSL 2.8.3'. See: https://github.com/urllib3/urllib3/issues/3020
  warnings.warn(
/Users/zhaowenyuan/Projects/FlowFigTabMiner/flowfigtabminer/lib/python3.9/site-packages/urllib3/__init__.py:35: NotOpenSSLWarning: urllib3 v2 only supports OpenSSL 1.1.1+, currently the 'ssl' module is compiled with 'LibreSSL 2.8.3'. See: https://github.com/urllib3/urllib3/issues/3020
  warnings.warn(
/Users/zhaowenyuan/Projects/FlowFigTabMiner/flowfigtabminer/lib/python3.9/site-packages/urllib3/__init__.py:35: NotOpenSSLWarning: urllib3 v2 only supports OpenSSL 1.1.1+, currently the 'ssl' module is compiled with 'LibreSSL 2.8.3'. See: https://github.com/urllib3/urllib3/issues/3020
  warnings.warn(
/Users/zhaowenyuan/Projects/FlowFigTabMiner/flowfigtabminer/lib/python3.9/site-packages/urllib3/__init__.py:35: NotOpenSSLWarning: urllib3 v2 only supports OpenSSL 1.1.1+, currently the 'ssl' module is compiled with 'LibreSSL 2.8.3'. See: https://github.com/urllib3/urllib3/issues/3020
  warnings.warn(
/Users/zhaowenyuan/Projects/FlowFigTabMiner/flowfigtabminer/lib/python3.9/site-packages/urllib3/__init__.py:35: NotOpenSSLWarning: urllib3 v2 only supports OpenSSL 1.1.1+, currently the 'ssl' module is compiled with 'LibreSSL 2.8.3'. See: https://github.com/urllib3/urllib3/issues/3020
  warnings.warn(
/Users/zhaowenyuan/Projects/FlowFigTabMiner/flowfigtabminer/lib/python3.9/site-packages/urllib3/__init__.py:35: NotOpenSSLWarning: urllib3 v2 only supports OpenSSL 1.1.1+, currently the 'ssl' module is compiled with 'LibreSSL 2.8.3'. See: https://github.com/urllib3/urllib3/issues/3020
  warnings.warn(
/Users/zhaowenyuan/Projects/FlowFigTabMiner/flowfigtabminer/lib/python3.9/site-packages/urllib3/__init__.py:35: NotOpenSSLWarning: urllib3 v2 only supports OpenSSL 1.1.1+, currently the 'ssl' module is compiled with 'LibreSSL 2.8.3'. See: https://github.com/urllib3/urllib3/issues/3020
  warnings.warn(
/Users/zhaowenyuan/Projects/FlowFigTabMiner/flowfigtabminer/lib/python3.9/site-packages/urllib3/__init__.py:35: NotOpenSSLWarning: urllib3 v2 only supports OpenSSL 1.1.1+, currently the 'ssl' module is compiled with 'LibreSSL 2.8.3'. See: https://github.com/urllib3/urllib3/issues/3020
  warnings.warn(
[33mChecking connectivity to the model hosters, this may take a while. To bypass this check, set `DISABLE_MODEL_SOURCE_CHECK` to `True`.[0m
[33mChecking connectivity to the model hosters, this may take a while. To bypass this check, set `DISABLE_MODEL_SOURCE_CHECK` to `True`.[0m
[33mChecking connectivity to the model hosters, this may take a while. To bypass this check, set `DISABLE_MODEL_SOURCE_CHECK` to `True`.[0m
[33mChecking connectivity to the model hosters, this may take a while. To bypass this check, set `DISABLE_MODEL_SOURCE_CHECK` to `True`.[0m
[33mChecking connectivity to the model hosters, this may take a while. To bypass this check, set `DISABLE_MODEL_SOURCE_CHECK` to `True`.[0m
[33mChecking connectivity to the model hosters, this may take a while. To bypass this check, set `DISABLE_MODEL_SOURCE_CHECK` to `True`.[0m
[33mChecking connectivity to the model hosters, this may take a while. To bypass this check, set `DISABLE_MODEL_SOURCE_CHECK` to `True`.[0m
[33mChecking connectivity to the model hosters, this may take a while. To bypass this check, set `DISABLE_MODEL_SOURCE_CHECK` to `True`.[0m
[33mChecking connectivity to the model hosters, this may take a while. To bypass this check, set `DISABLE_MODEL_SOURCE_CHECK` to `True`.[0m
[33mChecking connectivity to the model hosters, this may take a while. To bypass this check, set `DISABLE_MODEL_SOURCE_CHECK` to `True`.[0m
[33mChecking connectivity to the model hosters, this may take a while. To bypass this check, set `DISABLE_MODEL_SOURCE_CHECK` to `True`.[0m
[33mChecking connectivity to the model hosters, this may take a while. To bypass this check, set `DISABLE_MODEL_SOURCE_CHECK` to `True`.[0m
[33mChecking connectivity to the model hosters, this may take a while. To bypass this check, set `DISABLE_MODEL_SOURCE_CHECK` to `True`.[0m
[33mChecking connectivity to the model hosters, this may take a while. To bypass this check, set `DISABLE_MODEL_SOURCE_CHECK` to `True`.[0m
[33mChecking connectivity to the model hosters, this may take a while. To bypass this check, set `DISABLE_MODEL_SOURCE_CHECK` to `True`.[0m
[33mChecking connectivity to the model hosters, this may take a while. To bypass this check, set `DISABLE_MODEL_SOURCE_CHECK` to `True`.[0m
/Users/zhaowenyuan/Projects/FlowFigTabMiner/flowfigtabminer/lib/python3.9/site-packages/onmt/modules/sparse_activations.py:48: FutureWarning: `torch.cuda.amp.custom_fwd(args...)` is deprecated. Please use `torch.amp.custom_fwd(args..., device_type='cuda')` instead.
  def forward(ctx, input, dim=0):
/Users/zhaowenyuan/Projects/FlowFigTabMiner/flowfigtabminer/lib/python3.9/site-packages/onmt/modules/sparse_activations.py:68: FutureWarning: `torch.cuda.amp.custom_bwd(args...)` is deprecated. Please use `torch.amp.custom_bwd(args..., device_type='cuda')` instead.
  def backward(ctx, grad_output):
/Users/zhaowenyuan/Projects/FlowFigTabMiner/flowfigtabminer/lib/python3.9/site-packages/onmt/modules/sparse_activations.py:48: FutureWarning: `torch.cuda.amp.custom_fwd(args...)` is deprecated. Please use `torch.amp.custom_fwd(args..., device_type='cuda')` instead.
  def forward(ctx, input, dim=0):
/Users/zhaowenyuan/Projects/FlowFigTabMiner/flowfigtabminer/lib/python3.9/site-packages/onmt/modules/sparse_activations.py:68: FutureWarning: `torch.cuda.amp.custom_bwd(args...)` is deprecated. Please use `torch.amp.custom_bwd(args..., device_type='cuda')` instead.
  def backward(ctx, grad_output):
/Users/zhaowenyuan/Projects/FlowFigTabMiner/flowfigtabminer/lib/python3.9/site-packages/onmt/modules/sparse_losses.py:13: FutureWarning: `torch.cuda.amp.custom_fwd(args...)` is deprecated. Please use `torch.amp.custom_fwd(args..., device_type='cuda')` instead.
  def forward(ctx, input, target):
/Users/zhaowenyuan/Projects/FlowFigTabMiner/flowfigtabminer/lib/python3.9/site-packages/onmt/modules/sparse_losses.py:37: FutureWarning: `torch.cuda.amp.custom_bwd(args...)` is deprecated. Please use `torch.amp.custom_bwd(args..., device_type='cuda')` instead.
  def backward(ctx, grad_output):
/Users/zhaowenyuan/Projects/FlowFigTabMiner/flowfigtabminer/lib/python3.9/site-packages/onmt/modules/sparse_losses.py:13: FutureWarning: `torch.cuda.amp.custom_fwd(args...)` is deprecated. Please use `torch.amp.custom_fwd(args..., device_type='cuda')` instead.
  def forward(ctx, input, target):
/Users/zhaowenyuan/Projects/FlowFigTabMiner/flowfigtabminer/lib/python3.9/site-packages/onmt/modules/sparse_losses.py:37: FutureWarning: `torch.cuda.amp.custom_bwd(args...)` is deprecated. Please use `torch.amp.custom_bwd(args..., device_type='cuda')` instead.
  def backward(ctx, grad_output):
chiral_center_ids (from symbols): []
/Users/zhaowenyuan/Projects/FlowFigTabMiner/flowfigtabminer/lib/python3.9/site-packages/urllib3/__init__.py:35: NotOpenSSLWarning: urllib3 v2 only supports OpenSSL 1.1.1+, currently the 'ssl' module is compiled with 'LibreSSL 2.8.3'. See: https://github.com/urllib3/urllib3/issues/3020
  warnings.warn(
/Users/zhaowenyuan/Projects/FlowFigTabMiner/flowfigtabminer/lib/python3.9/site-packages/urllib3/__init__.py:35: NotOpenSSLWarning: urllib3 v2 only supports OpenSSL 1.1.1+, currently the 'ssl' module is compiled with 'LibreSSL 2.8.3'. See: https://github.com/urllib3/urllib3/issues/3020
  warnings.warn(
/Users/zhaowenyuan/Projects/FlowFigTabMiner/flowfigtabminer/lib/python3.9/site-packages/urllib3/__init__.py:35: NotOpenSSLWarning: urllib3 v2 only supports OpenSSL 1.1.1+, currently the 'ssl' module is compiled with 'LibreSSL 2.8.3'. See: https://github.com/urllib3/urllib3/issues/3020
  warnings.warn(
/Users/zhaowenyuan/Projects/FlowFigTabMiner/flowfigtabminer/lib/python3.9/site-packages/urllib3/__init__.py:35: NotOpenSSLWarning: urllib3 v2 only supports OpenSSL 1.1.1+, currently the 'ssl' module is compiled with 'LibreSSL 2.8.3'. See: https://github.com/urllib3/urllib3/issues/3020
  warnings.warn(
/Users/zhaowenyuan/Projects/FlowFigTabMiner/flowfigtabminer/lib/python3.9/site-packages/urllib3/__init__.py:35: NotOpenSSLWarning: urllib3 v2 only supports OpenSSL 1.1.1+, currently the 'ssl' module is compiled with 'LibreSSL 2.8.3'. See: https://github.com/urllib3/urllib3/issues/3020
  warnings.warn(
/Users/zhaowenyuan/Projects/FlowFigTabMiner/flowfigtabminer/lib/python3.9/site-packages/urllib3/__init__.py:35: NotOpenSSLWarning: urllib3 v2 only supports OpenSSL 1.1.1+, currently the 'ssl' module is compiled with 'LibreSSL 2.8.3'. See: https://github.com/urllib3/urllib3/issues/3020
  warnings.warn(
/Users/zhaowenyuan/Projects/FlowFigTabMiner/flowfigtabminer/lib/python3.9/site-packages/urllib3/__init__.py:35: NotOpenSSLWarning: urllib3 v2 only supports OpenSSL 1.1.1+, currently the 'ssl' module is compiled with 'LibreSSL 2.8.3'. See: https://github.com/urllib3/urllib3/issues/3020
  warnings.warn(
/Users/zhaowenyuan/Projects/FlowFigTabMiner/flowfigtabminer/lib/python3.9/site-packages/urllib3/__init__.py:35: NotOpenSSLWarning: urllib3 v2 only supports OpenSSL 1.1.1+, currently the 'ssl' module is compiled with 'LibreSSL 2.8.3'. See: https://github.com/urllib3/urllib3/issues/3020
  warnings.warn(
/Users/zhaowenyuan/Projects/FlowFigTabMiner/flowfigtabminer/lib/python3.9/site-packages/urllib3/__init__.py:35: NotOpenSSLWarning: urllib3 v2 only supports OpenSSL 1.1.1+, currently the 'ssl' module is compiled with 'LibreSSL 2.8.3'. See: https://github.com/urllib3/urllib3/issues/3020
  warnings.warn(
/Users/zhaowenyuan/Projects/FlowFigTabMiner/flowfigtabminer/lib/python3.9/site-packages/urllib3/__init__.py:35: NotOpenSSLWarning: urllib3 v2 only supports OpenSSL 1.1.1+, currently the 'ssl' module is compiled with 'LibreSSL 2.8.3'. See: https://github.com/urllib3/urllib3/issues/3020
  warnings.warn(
/Users/zhaowenyuan/Projects/FlowFigTabMiner/flowfigtabminer/lib/python3.9/site-packages/urllib3/__init__.py:35: NotOpenSSLWarning: urllib3 v2 only supports OpenSSL 1.1.1+, currently the 'ssl' module is compiled with 'LibreSSL 2.8.3'. See: https://github.com/urllib3/urllib3/issues/3020
  warnings.warn(
/Users/zhaowenyuan/Projects/FlowFigTabMiner/flowfigtabminer/lib/python3.9/site-packages/urllib3/__init__.py:35: NotOpenSSLWarning: urllib3 v2 only supports OpenSSL 1.1.1+, currently the 'ssl' module is compiled with 'LibreSSL 2.8.3'. See: https://github.com/urllib3/urllib3/issues/3020
  warnings.warn(
/Users/zhaowenyuan/Projects/FlowFigTabMiner/flowfigtabminer/lib/python3.9/site-packages/urllib3/__init__.py:35: NotOpenSSLWarning: urllib3 v2 only supports OpenSSL 1.1.1+, currently the 'ssl' module is compiled with 'LibreSSL 2.8.3'. See: https://github.com/urllib3/urllib3/issues/3020
  warnings.warn(
/Users/zhaowenyuan/Projects/FlowFigTabMiner/flowfigtabminer/lib/python3.9/site-packages/urllib3/__init__.py:35: NotOpenSSLWarning: urllib3 v2 only supports OpenSSL 1.1.1+, currently the 'ssl' module is compiled with 'LibreSSL 2.8.3'. See: https://github.com/urllib3/urllib3/issues/3020
  warnings.warn(
/Users/zhaowenyuan/Projects/FlowFigTabMiner/flowfigtabminer/lib/python3.9/site-packages/urllib3/__init__.py:35: NotOpenSSLWarning: urllib3 v2 only supports OpenSSL 1.1.1+, currently the 'ssl' module is compiled with 'LibreSSL 2.8.3'. See: https://github.com/urllib3/urllib3/issues/3020
  warnings.warn(
/Users/zhaowenyuan/Projects/FlowFigTabMiner/flowfigtabminer/lib/python3.9/site-packages/urllib3/__init__.py:35: NotOpenSSLWarning: urllib3 v2 only supports OpenSSL 1.1.1+, currently the 'ssl' module is compiled with 'LibreSSL 2.8.3'. See: https://github.com/urllib3/urllib3/issues/3020
  warnings.warn(
[33mChecking connectivity to the model hosters, this may take a while. To bypass this check, set `DISABLE_MODEL_SOURCE_CHECK` to `True`.[0m
[33mChecking connectivity to the model hosters, this may take a while. To bypass this check, set `DISABLE_MODEL_SOURCE_CHECK` to `True`.[0m
[33mChecking connectivity to the model hosters, this may take a while. To bypass this check, set `DISABLE_MODEL_SOURCE_CHECK` to `True`.[0m
[33mChecking connectivity to the model hosters, this may take a while. To bypass this check, set `DISABLE_MODEL_SOURCE_CHECK` to `True`.[0m
[33mChecking connectivity to the model hosters, this may take a while. To bypass this check, set `DISABLE_MODEL_SOURCE_CHECK` to `True`.[0m
[33mChecking connectivity to the model hosters, this may take a while. To bypass this check, set `DISABLE_MODEL_SOURCE_CHECK` to `True`.[0m
[33mChecking connectivity to the model hosters, this may take a while. To bypass this check, set `DISABLE_MODEL_SOURCE_CHECK` to `True`.[0m
[33mChecking connectivity to the model hosters, this may take a while. To bypass this check, set `DISABLE_MODEL_SOURCE_CHECK` to `True`.[0m
[33mChecking connectivity to the model hosters, this may take a while. To bypass this check, set `DISABLE_MODEL_SOURCE_CHECK` to `True`.[0m
[33mChecking connectivity to the model hosters, this may take a while. To bypass this check, set `DISABLE_MODEL_SOURCE_CHECK` to `True`.[0m
[33mChecking connectivity to the model hosters, this may take a while. To bypass this check, set `DISABLE_MODEL_SOURCE_CHECK` to `True`.[0m
[33mChecking connectivity to the model hosters, this may take a while. To bypass this check, set `DISABLE_MODEL_SOURCE_CHECK` to `True`.[0m
[33mChecking connectivity to the model hosters, this may take a while. To bypass this check, set `DISABLE_MODEL_SOURCE_CHECK` to `True`.[0m
[33mChecking connectivity to the model hosters, this may take a while. To bypass this check, set `DISABLE_MODEL_SOURCE_CHECK` to `True`.[0m
[33mChecking connectivity to the model hosters, this may take a while. To bypass this check, set `DISABLE_MODEL_SOURCE_CHECK` to `True`.[0m
[33mChecking connectivity to the model hosters, this may take a while. To bypass this check, set `DISABLE_MODEL_SOURCE_CHECK` to `True`.[0m
/Users/zhaowenyuan/Projects/FlowFigTabMiner/flowfigtabminer/lib/python3.9/site-packages/onmt/modules/sparse_activations.py:48: FutureWarning: `torch.cuda.amp.custom_fwd(args...)` is deprecated. Please use `torch.amp.custom_fwd(args..., device_type='cuda')` instead.
  def forward(ctx, input, dim=0):
/Users/zhaowenyuan/Projects/FlowFigTabMiner/flowfigtabminer/lib/python3.9/site-packages/onmt/modules/sparse_activations.py:68: FutureWarning: `torch.cuda.amp.custom_bwd(args...)` is deprecated. Please use `torch.amp.custom_bwd(args..., device_type='cuda')` instead.
  def backward(ctx, grad_output):
/Users/zhaowenyuan/Projects/FlowFigTabMiner/flowfigtabminer/lib/python3.9/site-packages/onmt/modules/sparse_losses.py:13: FutureWarning: `torch.cuda.amp.custom_fwd(args...)` is deprecated. Please use `torch.amp.custom_fwd(args..., device_type='cuda')` instead.
  def forward(ctx, input, target):
/Users/zhaowenyuan/Projects/FlowFigTabMiner/flowfigtabminer/lib/python3.9/site-packages/onmt/modules/sparse_losses.py:37: FutureWarning: `torch.cuda.amp.custom_bwd(args...)` is deprecated. Please use `torch.amp.custom_bwd(args..., device_type='cuda')` instead.
  def backward(ctx, grad_output):
chiral_center_ids (from symbols): []
/Users/zhaowenyuan/Projects/FlowFigTabMiner/flowfigtabminer/lib/python3.9/site-packages/urllib3/__init__.py:35: NotOpenSSLWarning: urllib3 v2 only supports OpenSSL 1.1.1+, currently the 'ssl' module is compiled with 'LibreSSL 2.8.3'. See: https://github.com/urllib3/urllib3/issues/3020
  warnings.warn(
/Users/zhaowenyuan/Projects/FlowFigTabMiner/flowfigtabminer/lib/python3.9/site-packages/urllib3/__init__.py:35: NotOpenSSLWarning: urllib3 v2 only supports OpenSSL 1.1.1+, currently the 'ssl' module is compiled with 'LibreSSL 2.8.3'. See: https://github.com/urllib3/urllib3/issues/3020
  warnings.warn(
/Users/zhaowenyuan/Projects/FlowFigTabMiner/flowfigtabminer/lib/python3.9/site-packages/urllib3/__init__.py:35: NotOpenSSLWarning: urllib3 v2 only supports OpenSSL 1.1.1+, currently the 'ssl' module is compiled with 'LibreSSL 2.8.3'. See: https://github.com/urllib3/urllib3/issues/3020
  warnings.warn(
/Users/zhaowenyuan/Projects/FlowFigTabMiner/flowfigtabminer/lib/python3.9/site-packages/urllib3/__init__.py:35: NotOpenSSLWarning: urllib3 v2 only supports OpenSSL 1.1.1+, currently the 'ssl' module is compiled with 'LibreSSL 2.8.3'. See: https://github.com/urllib3/urllib3/issues/3020
  warnings.warn(
/Users/zhaowenyuan/Projects/FlowFigTabMiner/flowfigtabminer/lib/python3.9/site-packages/urllib3/__init__.py:35: NotOpenSSLWarning: urllib3 v2 only supports OpenSSL 1.1.1+, currently the 'ssl' module is compiled with 'LibreSSL 2.8.3'. See: https://github.com/urllib3/urllib3/issues/3020
  warnings.warn(
/Users/zhaowenyuan/Projects/FlowFigTabMiner/flowfigtabminer/lib/python3.9/site-packages/urllib3/__init__.py:35: NotOpenSSLWarning: urllib3 v2 only supports OpenSSL 1.1.1+, currently the 'ssl' module is compiled with 'LibreSSL 2.8.3'. See: https://github.com/urllib3/urllib3/issues/3020
  warnings.warn(
/Users/zhaowenyuan/Projects/FlowFigTabMiner/flowfigtabminer/lib/python3.9/site-packages/urllib3/__init__.py:35: NotOpenSSLWarning: urllib3 v2 only supports OpenSSL 1.1.1+, currently the 'ssl' module is compiled with 'LibreSSL 2.8.3'. See: https://github.com/urllib3/urllib3/issues/3020
  warnings.warn(
/Users/zhaowenyuan/Projects/FlowFigTabMiner/flowfigtabminer/lib/python3.9/site-packages/urllib3/__init__.py:35: NotOpenSSLWarning: urllib3 v2 only supports OpenSSL 1.1.1+, currently the 'ssl' module is compiled with 'LibreSSL 2.8.3'. See: https://github.com/urllib3/urllib3/issues/3020
  warnings.warn(
/Users/zhaowenyuan/Projects/FlowFigTabMiner/flowfigtabminer/lib/python3.9/site-packages/urllib3/__init__.py:35: NotOpenSSLWarning: urllib3 v2 only supports OpenSSL 1.1.1+, currently the 'ssl' module is compiled with 'LibreSSL 2.8.3'. See: https://github.com/urllib3/urllib3/issues/3020
  warnings.warn(
/Users/zhaowenyuan/Projects/FlowFigTabMiner/flowfigtabminer/lib/python3.9/site-packages/urllib3/__init__.py:35: NotOpenSSLWarning: urllib3 v2 only supports OpenSSL 1.1.1+, currently the 'ssl' module is compiled with 'LibreSSL 2.8.3'. See: https://github.com/urllib3/urllib3/issues/3020
  warnings.warn(
/Users/zhaowenyuan/Projects/FlowFigTabMiner/flowfigtabminer/lib/python3.9/site-packages/urllib3/__init__.py:35: NotOpenSSLWarning: urllib3 v2 only supports OpenSSL 1.1.1+, currently the 'ssl' module is compiled with 'LibreSSL 2.8.3'. See: https://github.com/urllib3/urllib3/issues/3020
  warnings.warn(
/Users/zhaowenyuan/Projects/FlowFigTabMiner/flowfigtabminer/lib/python3.9/site-packages/urllib3/__init__.py:35: NotOpenSSLWarning: urllib3 v2 only supports OpenSSL 1.1.1+, currently the 'ssl' module is compiled with 'LibreSSL 2.8.3'. See: https://github.com/urllib3/urllib3/issues/3020
  warnings.warn(
/Users/zhaowenyuan/Projects/FlowFigTabMiner/flowfigtabminer/lib/python3.9/site-packages/urllib3/__init__.py:35: NotOpenSSLWarning: urllib3 v2 only supports OpenSSL 1.1.1+, currently the 'ssl' module is compiled with 'LibreSSL 2.8.3'. See: https://github.com/urllib3/urllib3/issues/3020
  warnings.warn(
/Users/zhaowenyuan/Projects/FlowFigTabMiner/flowfigtabminer/lib/python3.9/site-packages/urllib3/__init__.py:35: NotOpenSSLWarning: urllib3 v2 only supports OpenSSL 1.1.1+, currently the 'ssl' module is compiled with 'LibreSSL 2.8.3'. See: https://github.com/urllib3/urllib3/issues/3020
  warnings.warn(
/Users/zhaowenyuan/Projects/FlowFigTabMiner/flowfigtabminer/lib/python3.9/site-packages/urllib3/__init__.py:35: NotOpenSSLWarning: urllib3 v2 only supports OpenSSL 1.1.1+, currently the 'ssl' module is compiled with 'LibreSSL 2.8.3'. See: https://github.com/urllib3/urllib3/issues/3020
  warnings.warn(
/Users/zhaowenyuan/Projects/FlowFigTabMiner/flowfigtabminer/lib/python3.9/site-packages/urllib3/__init__.py:35: NotOpenSSLWarning: urllib3 v2 only supports OpenSSL 1.1.1+, currently the 'ssl' module is compiled with 'LibreSSL 2.8.3'. See: https://github.com/urllib3/urllib3/issues/3020
  warnings.warn(
[33mChecking connectivity to the model hosters, this may take a while. To bypass this check, set `DISABLE_MODEL_SOURCE_CHECK` to `True`.[0m
[33mChecking connectivity to the model hosters, this may take a while. To bypass this check, set `DISABLE_MODEL_SOURCE_CHECK` to `True`.[0m
[33mChecking connectivity to the model hosters, this may take a while. To bypass this check, set `DISABLE_MODEL_SOURCE_CHECK` to `True`.[0m
[33mChecking connectivity to the model hosters, this may take a while. To bypass this check, set `DISABLE_MODEL_SOURCE_CHECK` to `True`.[0m
[33mChecking connectivity to the model hosters, this may take a while. To bypass this check, set `DISABLE_MODEL_SOURCE_CHECK` to `True`.[0m
[33mChecking connectivity to the model hosters, this may take a while. To bypass this check, set `DISABLE_MODEL_SOURCE_CHECK` to `True`.[0m
[33mChecking connectivity to the model hosters, this may take a while. To bypass this check, set `DISABLE_MODEL_SOURCE_CHECK` to `True`.[0m
[33mChecking connectivity to the model hosters, this may take a while. To bypass this check, set `DISABLE_MODEL_SOURCE_CHECK` to `True`.[0m
[33mChecking connectivity to the model hosters, this may take a while. To bypass this check, set `DISABLE_MODEL_SOURCE_CHECK` to `True`.[0m
[33mChecking connectivity to the model hosters, this may take a while. To bypass this check, set `DISABLE_MODEL_SOURCE_CHECK` to `True`.[0m
[33mChecking connectivity to the model hosters, this may take a while. To bypass this check, set `DISABLE_MODEL_SOURCE_CHECK` to `True`.[0m
[33mChecking connectivity to the model hosters, this may take a while. To bypass this check, set `DISABLE_MODEL_SOURCE_CHECK` to `True`.[0m
[33mChecking connectivity to the model hosters, this may take a while. To bypass this check, set `DISABLE_MODEL_SOURCE_CHECK` to `True`.[0m
[33mChecking connectivity to the model hosters, this may take a while. To bypass this check, set `DISABLE_MODEL_SOURCE_CHECK` to `True`.[0m
[33mChecking connectivity to the model hosters, this may take a while. To bypass this check, set `DISABLE_MODEL_SOURCE_CHECK` to `True`.[0m
[33mChecking connectivity to the model hosters, this may take a while. To bypass this check, set `DISABLE_MODEL_SOURCE_CHECK` to `True`.[0m
/Users/zhaowenyuan/Projects/FlowFigTabMiner/flowfigtabminer/lib/python3.9/site-packages/onmt/modules/sparse_activations.py:48: FutureWarning: `torch.cuda.amp.custom_fwd(args...)` is deprecated. Please use `torch.amp.custom_fwd(args..., device_type='cuda')` instead.
  def forward(ctx, input, dim=0):
/Users/zhaowenyuan/Projects/FlowFigTabMiner/flowfigtabminer/lib/python3.9/site-packages/onmt/modules/sparse_activations.py:68: FutureWarning: `torch.cuda.amp.custom_bwd(args...)` is deprecated. Please use `torch.amp.custom_bwd(args..., device_type='cuda')` instead.
  def backward(ctx, grad_output):
/Users/zhaowenyuan/Projects/FlowFigTabMiner/flowfigtabminer/lib/python3.9/site-packages/onmt/modules/sparse_losses.py:13: FutureWarning: `torch.cuda.amp.custom_fwd(args...)` is deprecated. Please use `torch.amp.custom_fwd(args..., device_type='cuda')` instead.
  def forward(ctx, input, target):
/Users/zhaowenyuan/Projects/FlowFigTabMiner/flowfigtabminer/lib/python3.9/site-packages/onmt/modules/sparse_losses.py:37: FutureWarning: `torch.cuda.amp.custom_bwd(args...)` is deprecated. Please use `torch.amp.custom_bwd(args..., device_type='cuda')` instead.
  def backward(ctx, grad_output):
chiral_center_ids (from symbols): []
/Users/zhaowenyuan/Projects/FlowFigTabMiner/flowfigtabminer/lib/python3.9/site-packages/urllib3/__init__.py:35: NotOpenSSLWarning: urllib3 v2 only supports OpenSSL 1.1.1+, currently the 'ssl' module is compiled with 'LibreSSL 2.8.3'. See: https://github.com/urllib3/urllib3/issues/3020
  warnings.warn(
/Users/zhaowenyuan/Projects/FlowFigTabMiner/flowfigtabminer/lib/python3.9/site-packages/urllib3/__init__.py:35: NotOpenSSLWarning: urllib3 v2 only supports OpenSSL 1.1.1+, currently the 'ssl' module is compiled with 'LibreSSL 2.8.3'. See: https://github.com/urllib3/urllib3/issues/3020
  warnings.warn(
/Users/zhaowenyuan/Projects/FlowFigTabMiner/flowfigtabminer/lib/python3.9/site-packages/urllib3/__init__.py:35: NotOpenSSLWarning: urllib3 v2 only supports OpenSSL 1.1.1+, currently the 'ssl' module is compiled with 'LibreSSL 2.8.3'. See: https://github.com/urllib3/urllib3/issues/3020
  warnings.warn(
/Users/zhaowenyuan/Projects/FlowFigTabMiner/flowfigtabminer/lib/python3.9/site-packages/urllib3/__init__.py:35: NotOpenSSLWarning: urllib3 v2 only supports OpenSSL 1.1.1+, currently the 'ssl' module is compiled with 'LibreSSL 2.8.3'. See: https://github.com/urllib3/urllib3/issues/3020
  warnings.warn(
/Users/zhaowenyuan/Projects/FlowFigTabMiner/flowfigtabminer/lib/python3.9/site-packages/urllib3/__init__.py:35: NotOpenSSLWarning: urllib3 v2 only supports OpenSSL 1.1.1+, currently the 'ssl' module is compiled with 'LibreSSL 2.8.3'. See: https://github.com/urllib3/urllib3/issues/3020
  warnings.warn(
/Users/zhaowenyuan/Projects/FlowFigTabMiner/flowfigtabminer/lib/python3.9/site-packages/urllib3/__init__.py:35: NotOpenSSLWarning: urllib3 v2 only supports OpenSSL 1.1.1+, currently the 'ssl' module is compiled with 'LibreSSL 2.8.3'. See: https://github.com/urllib3/urllib3/issues/3020
  warnings.warn(
/Users/zhaowenyuan/Projects/FlowFigTabMiner/flowfigtabminer/lib/python3.9/site-packages/urllib3/__init__.py:35: NotOpenSSLWarning: urllib3 v2 only supports OpenSSL 1.1.1+, currently the 'ssl' module is compiled with 'LibreSSL 2.8.3'. See: https://github.com/urllib3/urllib3/issues/3020
  warnings.warn(
/Users/zhaowenyuan/Projects/FlowFigTabMiner/flowfigtabminer/lib/python3.9/site-packages/urllib3/__init__.py:35: NotOpenSSLWarning: urllib3 v2 only supports OpenSSL 1.1.1+, currently the 'ssl' module is compiled with 'LibreSSL 2.8.3'. See: https://github.com/urllib3/urllib3/issues/3020
  warnings.warn(
/Users/zhaowenyuan/Projects/FlowFigTabMiner/flowfigtabminer/lib/python3.9/site-packages/urllib3/__init__.py:35: NotOpenSSLWarning: urllib3 v2 only supports OpenSSL 1.1.1+, currently the 'ssl' module is compiled with 'LibreSSL 2.8.3'. See: https://github.com/urllib3/urllib3/issues/3020
  warnings.warn(
/Users/zhaowenyuan/Projects/FlowFigTabMiner/flowfigtabminer/lib/python3.9/site-packages/urllib3/__init__.py:35: NotOpenSSLWarning: urllib3 v2 only supports OpenSSL 1.1.1+, currently the 'ssl' module is compiled with 'LibreSSL 2.8.3'. See: https://github.com/urllib3/urllib3/issues/3020
  warnings.warn(
/Users/zhaowenyuan/Projects/FlowFigTabMiner/flowfigtabminer/lib/python3.9/site-packages/urllib3/__init__.py:35: NotOpenSSLWarning: urllib3 v2 only supports OpenSSL 1.1.1+, currently the 'ssl' module is compiled with 'LibreSSL 2.8.3'. See: https://github.com/urllib3/urllib3/issues/3020
  warnings.warn(
/Users/zhaowenyuan/Projects/FlowFigTabMiner/flowfigtabminer/lib/python3.9/site-packages/urllib3/__init__.py:35: NotOpenSSLWarning: urllib3 v2 only supports OpenSSL 1.1.1+, currently the 'ssl' module is compiled with 'LibreSSL 2.8.3'. See: https://github.com/urllib3/urllib3/issues/3020
  warnings.warn(
/Users/zhaowenyuan/Projects/FlowFigTabMiner/flowfigtabminer/lib/python3.9/site-packages/urllib3/__init__.py:35: NotOpenSSLWarning: urllib3 v2 only supports OpenSSL 1.1.1+, currently the 'ssl' module is compiled with 'LibreSSL 2.8.3'. See: https://github.com/urllib3/urllib3/issues/3020
  warnings.warn(
/Users/zhaowenyuan/Projects/FlowFigTabMiner/flowfigtabminer/lib/python3.9/site-packages/urllib3/__init__.py:35: NotOpenSSLWarning: urllib3 v2 only supports OpenSSL 1.1.1+, currently the 'ssl' module is compiled with 'LibreSSL 2.8.3'. See: https://github.com/urllib3/urllib3/issues/3020
  warnings.warn(
/Users/zhaowenyuan/Projects/FlowFigTabMiner/flowfigtabminer/lib/python3.9/site-packages/urllib3/__init__.py:35: NotOpenSSLWarning: urllib3 v2 only supports OpenSSL 1.1.1+, currently the 'ssl' module is compiled with 'LibreSSL 2.8.3'. See: https://github.com/urllib3/urllib3/issues/3020
  warnings.warn(
/Users/zhaowenyuan/Projects/FlowFigTabMiner/flowfigtabminer/lib/python3.9/site-packages/urllib3/__init__.py:35: NotOpenSSLWarning: urllib3 v2 only supports OpenSSL 1.1.1+, currently the 'ssl' module is compiled with 'LibreSSL 2.8.3'. See: https://github.com/urllib3/urllib3/issues/3020
  warnings.warn(
[33mChecking connectivity to the model hosters, this may take a while. To bypass this check, set `DISABLE_MODEL_SOURCE_CHECK` to `True`.[0m
[33mChecking connectivity to the model hosters, this may take a while. To bypass this check, set `DISABLE_MODEL_SOURCE_CHECK` to `True`.[0m
[33mChecking connectivity to the model hosters, this may take a while. To bypass this check, set `DISABLE_MODEL_SOURCE_CHECK` to `True`.[0m
[33mChecking connectivity to the model hosters, this may take a while. To bypass this check, set `DISABLE_MODEL_SOURCE_CHECK` to `True`.[0m
[33mChecking connectivity to the model hosters, this may take a while. To bypass this check, set `DISABLE_MODEL_SOURCE_CHECK` to `True`.[0m
[33mChecking connectivity to the model hosters, this may take a while. To bypass this check, set `DISABLE_MODEL_SOURCE_CHECK` to `True`.[0m
[33mChecking connectivity to the model hosters, this may take a while. To bypass this check, set `DISABLE_MODEL_SOURCE_CHECK` to `True`.[0m
[33mChecking connectivity to the model hosters, this may take a while. To bypass this check, set `DISABLE_MODEL_SOURCE_CHECK` to `True`.[0m
[33mChecking connectivity to the model hosters, this may take a while. To bypass this check, set `DISABLE_MODEL_SOURCE_CHECK` to `True`.[0m
[33mChecking connectivity to the model hosters, this may take a while. To bypass this check, set `DISABLE_MODEL_SOURCE_CHECK` to `True`.[0m
[33mChecking connectivity to the model hosters, this may take a while. To bypass this check, set `DISABLE_MODEL_SOURCE_CHECK` to `True`.[0m
[33mChecking connectivity to the model hosters, this may take a while. To bypass this check, set `DISABLE_MODEL_SOURCE_CHECK` to `True`.[0m
[33mChecking connectivity to the model hosters, this may take a while. To bypass this check, set `DISABLE_MODEL_SOURCE_CHECK` to `True`.[0m
[33mChecking connectivity to the model hosters, this may take a while. To bypass this check, set `DISABLE_MODEL_SOURCE_CHECK` to `True`.[0m
[33mChecking connectivity to the model hosters, this may take a while. To bypass this check, set `DISABLE_MODEL_SOURCE_CHECK` to `True`.[0m
[33mChecking connectivity to the model hosters, this may take a while. To bypass this check, set `DISABLE_MODEL_SOURCE_CHECK` to `True`.[0m
/Users/zhaowenyuan/Projects/FlowFigTabMiner/flowfigtabminer/lib/python3.9/site-packages/onmt/modules/sparse_activations.py:48: FutureWarning: `torch.cuda.amp.custom_fwd(args...)` is deprecated. Please use `torch.amp.custom_fwd(args..., device_type='cuda')` instead.
  def forward(ctx, input, dim=0):
/Users/zhaowenyuan/Projects/FlowFigTabMiner/flowfigtabminer/lib/python3.9/site-packages/onmt/modules/sparse_activations.py:68: FutureWarning: `torch.cuda.amp.custom_bwd(args...)` is deprecated. Please use `torch.amp.custom_bwd(args..., device_type='cuda')` instead.
  def backward(ctx, grad_output):
/Users/zhaowenyuan/Projects/FlowFigTabMiner/flowfigtabminer/lib/python3.9/site-packages/onmt/modules/sparse_losses.py:13: FutureWarning: `torch.cuda.amp.custom_fwd(args...)` is deprecated. Please use `torch.amp.custom_fwd(args..., device_type='cuda')` instead.
  def forward(ctx, input, target):
/Users/zhaowenyuan/Projects/FlowFigTabMiner/flowfigtabminer/lib/python3.9/site-packages/onmt/modules/sparse_losses.py:37: FutureWarning: `torch.cuda.amp.custom_bwd(args...)` is deprecated. Please use `torch.amp.custom_bwd(args..., device_type='cuda')` instead.
  def backward(ctx, grad_output):
chiral_center_ids (from symbols): []
/Users/zhaowenyuan/Projects/FlowFigTabMiner/flowfigtabminer/lib/python3.9/site-packages/urllib3/__init__.py:35: NotOpenSSLWarning: urllib3 v2 only supports OpenSSL 1.1.1+, currently the 'ssl' module is compiled with 'LibreSSL 2.8.3'. See: https://github.com/urllib3/urllib3/issues/3020
  warnings.warn(
/Users/zhaowenyuan/Projects/FlowFigTabMiner/flowfigtabminer/lib/python3.9/site-packages/urllib3/__init__.py:35: NotOpenSSLWarning: urllib3 v2 only supports OpenSSL 1.1.1+, currently the 'ssl' module is compiled with 'LibreSSL 2.8.3'. See: https://github.com/urllib3/urllib3/issues/3020
  warnings.warn(
/Users/zhaowenyuan/Projects/FlowFigTabMiner/flowfigtabminer/lib/python3.9/site-packages/urllib3/__init__.py:35: NotOpenSSLWarning: urllib3 v2 only supports OpenSSL 1.1.1+, currently the 'ssl' module is compiled with 'LibreSSL 2.8.3'. See: https://github.com/urllib3/urllib3/issues/3020
  warnings.warn(
/Users/zhaowenyuan/Projects/FlowFigTabMiner/flowfigtabminer/lib/python3.9/site-packages/urllib3/__init__.py:35: NotOpenSSLWarning: urllib3 v2 only supports OpenSSL 1.1.1+, currently the 'ssl' module is compiled with 'LibreSSL 2.8.3'. See: https://github.com/urllib3/urllib3/issues/3020
  warnings.warn(
/Users/zhaowenyuan/Projects/FlowFigTabMiner/flowfigtabminer/lib/python3.9/site-packages/urllib3/__init__.py:35: NotOpenSSLWarning: urllib3 v2 only supports OpenSSL 1.1.1+, currently the 'ssl' module is compiled with 'LibreSSL 2.8.3'. See: https://github.com/urllib3/urllib3/issues/3020
  warnings.warn(
/Users/zhaowenyuan/Projects/FlowFigTabMiner/flowfigtabminer/lib/python3.9/site-packages/urllib3/__init__.py:35: NotOpenSSLWarning: urllib3 v2 only supports OpenSSL 1.1.1+, currently the 'ssl' module is compiled with 'LibreSSL 2.8.3'. See: https://github.com/urllib3/urllib3/issues/3020
  warnings.warn(
/Users/zhaowenyuan/Projects/FlowFigTabMiner/flowfigtabminer/lib/python3.9/site-packages/urllib3/__init__.py:35: NotOpenSSLWarning: urllib3 v2 only supports OpenSSL 1.1.1+, currently the 'ssl' module is compiled with 'LibreSSL 2.8.3'. See: https://github.com/urllib3/urllib3/issues/3020
  warnings.warn(
/Users/zhaowenyuan/Projects/FlowFigTabMiner/flowfigtabminer/lib/python3.9/site-packages/urllib3/__init__.py:35: NotOpenSSLWarning: urllib3 v2 only supports OpenSSL 1.1.1+, currently the 'ssl' module is compiled with 'LibreSSL 2.8.3'. See: https://github.com/urllib3/urllib3/issues/3020
  warnings.warn(
/Users/zhaowenyuan/Projects/FlowFigTabMiner/flowfigtabminer/lib/python3.9/site-packages/urllib3/__init__.py:35: NotOpenSSLWarning: urllib3 v2 only supports OpenSSL 1.1.1+, currently the 'ssl' module is compiled with 'LibreSSL 2.8.3'. See: https://github.com/urllib3/urllib3/issues/3020
  warnings.warn(
/Users/zhaowenyuan/Projects/FlowFigTabMiner/flowfigtabminer/lib/python3.9/site-packages/urllib3/__init__.py:35: NotOpenSSLWarning: urllib3 v2 only supports OpenSSL 1.1.1+, currently the 'ssl' module is compiled with 'LibreSSL 2.8.3'. See: https://github.com/urllib3/urllib3/issues/3020
  warnings.warn(
/Users/zhaowenyuan/Projects/FlowFigTabMiner/flowfigtabminer/lib/python3.9/site-packages/urllib3/__init__.py:35: NotOpenSSLWarning: urllib3 v2 only supports OpenSSL 1.1.1+, currently the 'ssl' module is compiled with 'LibreSSL 2.8.3'. See: https://github.com/urllib3/urllib3/issues/3020
  warnings.warn(
/Users/zhaowenyuan/Projects/FlowFigTabMiner/flowfigtabminer/lib/python3.9/site-packages/urllib3/__init__.py:35: NotOpenSSLWarning: urllib3 v2 only supports OpenSSL 1.1.1+, currently the 'ssl' module is compiled with 'LibreSSL 2.8.3'. See: https://github.com/urllib3/urllib3/issues/3020
  warnings.warn(
/Users/zhaowenyuan/Projects/FlowFigTabMiner/flowfigtabminer/lib/python3.9/site-packages/urllib3/__init__.py:35: NotOpenSSLWarning: urllib3 v2 only supports OpenSSL 1.1.1+, currently the 'ssl' module is compiled with 'LibreSSL 2.8.3'. See: https://github.com/urllib3/urllib3/issues/3020
  warnings.warn(
/Users/zhaowenyuan/Projects/FlowFigTabMiner/flowfigtabminer/lib/python3.9/site-packages/urllib3/__init__.py:35: NotOpenSSLWarning: urllib3 v2 only supports OpenSSL 1.1.1+, currently the 'ssl' module is compiled with 'LibreSSL 2.8.3'. See: https://github.com/urllib3/urllib3/issues/3020
  warnings.warn(
/Users/zhaowenyuan/Projects/FlowFigTabMiner/flowfigtabminer/lib/python3.9/site-packages/urllib3/__init__.py:35: NotOpenSSLWarning: urllib3 v2 only supports OpenSSL 1.1.1+, currently the 'ssl' module is compiled with 'LibreSSL 2.8.3'. See: https://github.com/urllib3/urllib3/issues/3020
  warnings.warn(
/Users/zhaowenyuan/Projects/FlowFigTabMiner/flowfigtabminer/lib/python3.9/site-packages/urllib3/__init__.py:35: NotOpenSSLWarning: urllib3 v2 only supports OpenSSL 1.1.1+, currently the 'ssl' module is compiled with 'LibreSSL 2.8.3'. See: https://github.com/urllib3/urllib3/issues/3020
  warnings.warn(
[33mChecking connectivity to the model hosters, this may take a while. To bypass this check, set `DISABLE_MODEL_SOURCE_CHECK` to `True`.[0m
[33mChecking connectivity to the model hosters, this may take a while. To bypass this check, set `DISABLE_MODEL_SOURCE_CHECK` to `True`.[0m
[33mChecking connectivity to the model hosters, this may take a while. To bypass this check, set `DISABLE_MODEL_SOURCE_CHECK` to `True`.[0m
[33mChecking connectivity to the model hosters, this may take a while. To bypass this check, set `DISABLE_MODEL_SOURCE_CHECK` to `True`.[0m
[33mChecking connectivity to the model hosters, this may take a while. To bypass this check, set `DISABLE_MODEL_SOURCE_CHECK` to `True`.[0m
[33mChecking connectivity to the model hosters, this may take a while. To bypass this check, set `DISABLE_MODEL_SOURCE_CHECK` to `True`.[0m
[33mChecking connectivity to the model hosters, this may take a while. To bypass this check, set `DISABLE_MODEL_SOURCE_CHECK` to `True`.[0m
[33mChecking connectivity to the model hosters, this may take a while. To bypass this check, set `DISABLE_MODEL_SOURCE_CHECK` to `True`.[0m
[33mChecking connectivity to the model hosters, this may take a while. To bypass this check, set `DISABLE_MODEL_SOURCE_CHECK` to `True`.[0m
[33mChecking connectivity to the model hosters, this may take a while. To bypass this check, set `DISABLE_MODEL_SOURCE_CHECK` to `True`.[0m
[33mChecking connectivity to the model hosters, this may take a while. To bypass this check, set `DISABLE_MODEL_SOURCE_CHECK` to `True`.[0m
[33mChecking connectivity to the model hosters, this may take a while. To bypass this check, set `DISABLE_MODEL_SOURCE_CHECK` to `True`.[0m
[33mChecking connectivity to the model hosters, this may take a while. To bypass this check, set `DISABLE_MODEL_SOURCE_CHECK` to `True`.[0m
[33mChecking connectivity to the model hosters, this may take a while. To bypass this check, set `DISABLE_MODEL_SOURCE_CHECK` to `True`.[0m
[33mChecking connectivity to the model hosters, this may take a while. To bypass this check, set `DISABLE_MODEL_SOURCE_CHECK` to `True`.[0m
[33mChecking connectivity to the model hosters, this may take a while. To bypass this check, set `DISABLE_MODEL_SOURCE_CHECK` to `True`.[0m
/Users/zhaowenyuan/Projects/FlowFigTabMiner/flowfigtabminer/lib/python3.9/site-packages/onmt/modules/sparse_activations.py:48: FutureWarning: `torch.cuda.amp.custom_fwd(args...)` is deprecated. Please use `torch.amp.custom_fwd(args..., device_type='cuda')` instead.
  def forward(ctx, input, dim=0):
/Users/zhaowenyuan/Projects/FlowFigTabMiner/flowfigtabminer/lib/python3.9/site-packages/onmt/modules/sparse_activations.py:68: FutureWarning: `torch.cuda.amp.custom_bwd(args...)` is deprecated. Please use `torch.amp.custom_bwd(args..., device_type='cuda')` instead.
  def backward(ctx, grad_output):
/Users/zhaowenyuan/Projects/FlowFigTabMiner/flowfigtabminer/lib/python3.9/site-packages/onmt/modules/sparse_losses.py:13: FutureWarning: `torch.cuda.amp.custom_fwd(args...)` is deprecated. Please use `torch.amp.custom_fwd(args..., device_type='cuda')` instead.
  def forward(ctx, input, target):
/Users/zhaowenyuan/Projects/FlowFigTabMiner/flowfigtabminer/lib/python3.9/site-packages/onmt/modules/sparse_losses.py:37: FutureWarning: `torch.cuda.amp.custom_bwd(args...)` is deprecated. Please use `torch.amp.custom_bwd(args..., device_type='cuda')` instead.
  def backward(ctx, grad_output):
chiral_center_ids (from symbols): []
/Users/zhaowenyuan/Projects/FlowFigTabMiner/flowfigtabminer/lib/python3.9/site-packages/urllib3/__init__.py:35: NotOpenSSLWarning: urllib3 v2 only supports OpenSSL 1.1.1+, currently the 'ssl' module is compiled with 'LibreSSL 2.8.3'. See: https://github.com/urllib3/urllib3/issues/3020
  warnings.warn(
/Users/zhaowenyuan/Projects/FlowFigTabMiner/flowfigtabminer/lib/python3.9/site-packages/urllib3/__init__.py:35: NotOpenSSLWarning: urllib3 v2 only supports OpenSSL 1.1.1+, currently the 'ssl' module is compiled with 'LibreSSL 2.8.3'. See: https://github.com/urllib3/urllib3/issues/3020
  warnings.warn(
/Users/zhaowenyuan/Projects/FlowFigTabMiner/flowfigtabminer/lib/python3.9/site-packages/urllib3/__init__.py:35: NotOpenSSLWarning: urllib3 v2 only supports OpenSSL 1.1.1+, currently the 'ssl' module is compiled with 'LibreSSL 2.8.3'. See: https://github.com/urllib3/urllib3/issues/3020
  warnings.warn(
/Users/zhaowenyuan/Projects/FlowFigTabMiner/flowfigtabminer/lib/python3.9/site-packages/urllib3/__init__.py:35: NotOpenSSLWarning: urllib3 v2 only supports OpenSSL 1.1.1+, currently the 'ssl' module is compiled with 'LibreSSL 2.8.3'. See: https://github.com/urllib3/urllib3/issues/3020
  warnings.warn(
/Users/zhaowenyuan/Projects/FlowFigTabMiner/flowfigtabminer/lib/python3.9/site-packages/urllib3/__init__.py:35: NotOpenSSLWarning: urllib3 v2 only supports OpenSSL 1.1.1+, currently the 'ssl' module is compiled with 'LibreSSL 2.8.3'. See: https://github.com/urllib3/urllib3/issues/3020
  warnings.warn(
/Users/zhaowenyuan/Projects/FlowFigTabMiner/flowfigtabminer/lib/python3.9/site-packages/urllib3/__init__.py:35: NotOpenSSLWarning: urllib3 v2 only supports OpenSSL 1.1.1+, currently the 'ssl' module is compiled with 'LibreSSL 2.8.3'. See: https://github.com/urllib3/urllib3/issues/3020
  warnings.warn(
/Users/zhaowenyuan/Projects/FlowFigTabMiner/flowfigtabminer/lib/python3.9/site-packages/urllib3/__init__.py:35: NotOpenSSLWarning: urllib3 v2 only supports OpenSSL 1.1.1+, currently the 'ssl' module is compiled with 'LibreSSL 2.8.3'. See: https://github.com/urllib3/urllib3/issues/3020
  warnings.warn(
/Users/zhaowenyuan/Projects/FlowFigTabMiner/flowfigtabminer/lib/python3.9/site-packages/urllib3/__init__.py:35: NotOpenSSLWarning: urllib3 v2 only supports OpenSSL 1.1.1+, currently the 'ssl' module is compiled with 'LibreSSL 2.8.3'. See: https://github.com/urllib3/urllib3/issues/3020
  warnings.warn(
/Users/zhaowenyuan/Projects/FlowFigTabMiner/flowfigtabminer/lib/python3.9/site-packages/urllib3/__init__.py:35: NotOpenSSLWarning: urllib3 v2 only supports OpenSSL 1.1.1+, currently the 'ssl' module is compiled with 'LibreSSL 2.8.3'. See: https://github.com/urllib3/urllib3/issues/3020
  warnings.warn(
/Users/zhaowenyuan/Projects/FlowFigTabMiner/flowfigtabminer/lib/python3.9/site-packages/urllib3/__init__.py:35: NotOpenSSLWarning: urllib3 v2 only supports OpenSSL 1.1.1+, currently the 'ssl' module is compiled with 'LibreSSL 2.8.3'. See: https://github.com/urllib3/urllib3/issues/3020
  warnings.warn(
/Users/zhaowenyuan/Projects/FlowFigTabMiner/flowfigtabminer/lib/python3.9/site-packages/urllib3/__init__.py:35: NotOpenSSLWarning: urllib3 v2 only supports OpenSSL 1.1.1+, currently the 'ssl' module is compiled with 'LibreSSL 2.8.3'. See: https://github.com/urllib3/urllib3/issues/3020
  warnings.warn(
/Users/zhaowenyuan/Projects/FlowFigTabMiner/flowfigtabminer/lib/python3.9/site-packages/urllib3/__init__.py:35: NotOpenSSLWarning: urllib3 v2 only supports OpenSSL 1.1.1+, currently the 'ssl' module is compiled with 'LibreSSL 2.8.3'. See: https://github.com/urllib3/urllib3/issues/3020
  warnings.warn(
/Users/zhaowenyuan/Projects/FlowFigTabMiner/flowfigtabminer/lib/python3.9/site-packages/urllib3/__init__.py:35: NotOpenSSLWarning: urllib3 v2 only supports OpenSSL 1.1.1+, currently the 'ssl' module is compiled with 'LibreSSL 2.8.3'. See: https://github.com/urllib3/urllib3/issues/3020
  warnings.warn(
/Users/zhaowenyuan/Projects/FlowFigTabMiner/flowfigtabminer/lib/python3.9/site-packages/urllib3/__init__.py:35: NotOpenSSLWarning: urllib3 v2 only supports OpenSSL 1.1.1+, currently the 'ssl' module is compiled with 'LibreSSL 2.8.3'. See: https://github.com/urllib3/urllib3/issues/3020
  warnings.warn(
/Users/zhaowenyuan/Projects/FlowFigTabMiner/flowfigtabminer/lib/python3.9/site-packages/urllib3/__init__.py:35: NotOpenSSLWarning: urllib3 v2 only supports OpenSSL 1.1.1+, currently the 'ssl' module is compiled with 'LibreSSL 2.8.3'. See: https://github.com/urllib3/urllib3/issues/3020
  warnings.warn(
/Users/zhaowenyuan/Projects/FlowFigTabMiner/flowfigtabminer/lib/python3.9/site-packages/urllib3/__init__.py:35: NotOpenSSLWarning: urllib3 v2 only supports OpenSSL 1.1.1+, currently the 'ssl' module is compiled with 'LibreSSL 2.8.3'. See: https://github.com/urllib3/urllib3/issues/3020
  warnings.warn(
[33mChecking connectivity to the model hosters, this may take a while. To bypass this check, set `DISABLE_MODEL_SOURCE_CHECK` to `True`.[0m
[33mChecking connectivity to the model hosters, this may take a while. To bypass this check, set `DISABLE_MODEL_SOURCE_CHECK` to `True`.[0m
[33mChecking connectivity to the model hosters, this may take a while. To bypass this check, set `DISABLE_MODEL_SOURCE_CHECK` to `True`.[0m
[33mChecking connectivity to the model hosters, this may take a while. To bypass this check, set `DISABLE_MODEL_SOURCE_CHECK` to `True`.[0m
[33mChecking connectivity to the model hosters, this may take a while. To bypass this check, set `DISABLE_MODEL_SOURCE_CHECK` to `True`.[0m
[33mChecking connectivity to the model hosters, this may take a while. To bypass this check, set `DISABLE_MODEL_SOURCE_CHECK` to `True`.[0m
[33mChecking connectivity to the model hosters, this may take a while. To bypass this check, set `DISABLE_MODEL_SOURCE_CHECK` to `True`.[0m
[33mChecking connectivity to the model hosters, this may take a while. To bypass this check, set `DISABLE_MODEL_SOURCE_CHECK` to `True`.[0m
[33mChecking connectivity to the model hosters, this may take a while. To bypass this check, set `DISABLE_MODEL_SOURCE_CHECK` to `True`.[0m
[33mChecking connectivity to the model hosters, this may take a while. To bypass this check, set `DISABLE_MODEL_SOURCE_CHECK` to `True`.[0m
[33mChecking connectivity to the model hosters, this may take a while. To bypass this check, set `DISABLE_MODEL_SOURCE_CHECK` to `True`.[0m
[33mChecking connectivity to the model hosters, this may take a while. To bypass this check, set `DISABLE_MODEL_SOURCE_CHECK` to `True`.[0m
[33mChecking connectivity to the model hosters, this may take a while. To bypass this check, set `DISABLE_MODEL_SOURCE_CHECK` to `True`.[0m
[33mChecking connectivity to the model hosters, this may take a while. To bypass this check, set `DISABLE_MODEL_SOURCE_CHECK` to `True`.[0m
[33mChecking connectivity to the model hosters, this may take a while. To bypass this check, set `DISABLE_MODEL_SOURCE_CHECK` to `True`.[0m
[33mChecking connectivity to the model hosters, this may take a while. To bypass this check, set `DISABLE_MODEL_SOURCE_CHECK` to `True`.[0m
/Users/zhaowenyuan/Projects/FlowFigTabMiner/flowfigtabminer/lib/python3.9/site-packages/onmt/modules/sparse_activations.py:48: FutureWarning: `torch.cuda.amp.custom_fwd(args...)` is deprecated. Please use `torch.amp.custom_fwd(args..., device_type='cuda')` instead.
  def forward(ctx, input, dim=0):
/Users/zhaowenyuan/Projects/FlowFigTabMiner/flowfigtabminer/lib/python3.9/site-packages/onmt/modules/sparse_activations.py:68: FutureWarning: `torch.cuda.amp.custom_bwd(args...)` is deprecated. Please use `torch.amp.custom_bwd(args..., device_type='cuda')` instead.
  def backward(ctx, grad_output):
/Users/zhaowenyuan/Projects/FlowFigTabMiner/flowfigtabminer/lib/python3.9/site-packages/onmt/modules/sparse_losses.py:13: FutureWarning: `torch.cuda.amp.custom_fwd(args...)` is deprecated. Please use `torch.amp.custom_fwd(args..., device_type='cuda')` instead.
  def forward(ctx, input, target):
/Users/zhaowenyuan/Projects/FlowFigTabMiner/flowfigtabminer/lib/python3.9/site-packages/onmt/modules/sparse_losses.py:37: FutureWarning: `torch.cuda.amp.custom_bwd(args...)` is deprecated. Please use `torch.amp.custom_bwd(args..., device_type='cuda')` instead.
  def backward(ctx, grad_output):
chiral_center_ids (from symbols): []
/Users/zhaowenyuan/Projects/FlowFigTabMiner/flowfigtabminer/lib/python3.9/site-packages/urllib3/__init__.py:35: NotOpenSSLWarning: urllib3 v2 only supports OpenSSL 1.1.1+, currently the 'ssl' module is compiled with 'LibreSSL 2.8.3'. See: https://github.com/urllib3/urllib3/issues/3020
  warnings.warn(
/Users/zhaowenyuan/Projects/FlowFigTabMiner/flowfigtabminer/lib/python3.9/site-packages/urllib3/__init__.py:35: NotOpenSSLWarning: urllib3 v2 only supports OpenSSL 1.1.1+, currently the 'ssl' module is compiled with 'LibreSSL 2.8.3'. See: https://github.com/urllib3/urllib3/issues/3020
  warnings.warn(
/Users/zhaowenyuan/Projects/FlowFigTabMiner/flowfigtabminer/lib/python3.9/site-packages/urllib3/__init__.py:35: NotOpenSSLWarning: urllib3 v2 only supports OpenSSL 1.1.1+, currently the 'ssl' module is compiled with 'LibreSSL 2.8.3'. See: https://github.com/urllib3/urllib3/issues/3020
  warnings.warn(
/Users/zhaowenyuan/Projects/FlowFigTabMiner/flowfigtabminer/lib/python3.9/site-packages/urllib3/__init__.py:35: NotOpenSSLWarning: urllib3 v2 only supports OpenSSL 1.1.1+, currently the 'ssl' module is compiled with 'LibreSSL 2.8.3'. See: https://github.com/urllib3/urllib3/issues/3020
  warnings.warn(
/Users/zhaowenyuan/Projects/FlowFigTabMiner/flowfigtabminer/lib/python3.9/site-packages/urllib3/__init__.py:35: NotOpenSSLWarning: urllib3 v2 only supports OpenSSL 1.1.1+, currently the 'ssl' module is compiled with 'LibreSSL 2.8.3'. See: https://github.com/urllib3/urllib3/issues/3020
  warnings.warn(
/Users/zhaowenyuan/Projects/FlowFigTabMiner/flowfigtabminer/lib/python3.9/site-packages/urllib3/__init__.py:35: NotOpenSSLWarning: urllib3 v2 only supports OpenSSL 1.1.1+, currently the 'ssl' module is compiled with 'LibreSSL 2.8.3'. See: https://github.com/urllib3/urllib3/issues/3020
  warnings.warn(
/Users/zhaowenyuan/Projects/FlowFigTabMiner/flowfigtabminer/lib/python3.9/site-packages/urllib3/__init__.py:35: NotOpenSSLWarning: urllib3 v2 only supports OpenSSL 1.1.1+, currently the 'ssl' module is compiled with 'LibreSSL 2.8.3'. See: https://github.com/urllib3/urllib3/issues/3020
  warnings.warn(
/Users/zhaowenyuan/Projects/FlowFigTabMiner/flowfigtabminer/lib/python3.9/site-packages/urllib3/__init__.py:35: NotOpenSSLWarning: urllib3 v2 only supports OpenSSL 1.1.1+, currently the 'ssl' module is compiled with 'LibreSSL 2.8.3'. See: https://github.com/urllib3/urllib3/issues/3020
  warnings.warn(
/Users/zhaowenyuan/Projects/FlowFigTabMiner/flowfigtabminer/lib/python3.9/site-packages/urllib3/__init__.py:35: NotOpenSSLWarning: urllib3 v2 only supports OpenSSL 1.1.1+, currently the 'ssl' module is compiled with 'LibreSSL 2.8.3'. See: https://github.com/urllib3/urllib3/issues/3020
  warnings.warn(
/Users/zhaowenyuan/Projects/FlowFigTabMiner/flowfigtabminer/lib/python3.9/site-packages/urllib3/__init__.py:35: NotOpenSSLWarning: urllib3 v2 only supports OpenSSL 1.1.1+, currently the 'ssl' module is compiled with 'LibreSSL 2.8.3'. See: https://github.com/urllib3/urllib3/issues/3020
  warnings.warn(
/Users/zhaowenyuan/Projects/FlowFigTabMiner/flowfigtabminer/lib/python3.9/site-packages/urllib3/__init__.py:35: NotOpenSSLWarning: urllib3 v2 only supports OpenSSL 1.1.1+, currently the 'ssl' module is compiled with 'LibreSSL 2.8.3'. See: https://github.com/urllib3/urllib3/issues/3020
  warnings.warn(
/Users/zhaowenyuan/Projects/FlowFigTabMiner/flowfigtabminer/lib/python3.9/site-packages/urllib3/__init__.py:35: NotOpenSSLWarning: urllib3 v2 only supports OpenSSL 1.1.1+, currently the 'ssl' module is compiled with 'LibreSSL 2.8.3'. See: https://github.com/urllib3/urllib3/issues/3020
  warnings.warn(
/Users/zhaowenyuan/Projects/FlowFigTabMiner/flowfigtabminer/lib/python3.9/site-packages/urllib3/__init__.py:35: NotOpenSSLWarning: urllib3 v2 only supports OpenSSL 1.1.1+, currently the 'ssl' module is compiled with 'LibreSSL 2.8.3'. See: https://github.com/urllib3/urllib3/issues/3020
  warnings.warn(
/Users/zhaowenyuan/Projects/FlowFigTabMiner/flowfigtabminer/lib/python3.9/site-packages/urllib3/__init__.py:35: NotOpenSSLWarning: urllib3 v2 only supports OpenSSL 1.1.1+, currently the 'ssl' module is compiled with 'LibreSSL 2.8.3'. See: https://github.com/urllib3/urllib3/issues/3020
  warnings.warn(
/Users/zhaowenyuan/Projects/FlowFigTabMiner/flowfigtabminer/lib/python3.9/site-packages/urllib3/__init__.py:35: NotOpenSSLWarning: urllib3 v2 only supports OpenSSL 1.1.1+, currently the 'ssl' module is compiled with 'LibreSSL 2.8.3'. See: https://github.com/urllib3/urllib3/issues/3020
  warnings.warn(
/Users/zhaowenyuan/Projects/FlowFigTabMiner/flowfigtabminer/lib/python3.9/site-packages/urllib3/__init__.py:35: NotOpenSSLWarning: urllib3 v2 only supports OpenSSL 1.1.1+, currently the 'ssl' module is compiled with 'LibreSSL 2.8.3'. See: https://github.com/urllib3/urllib3/issues/3020
  warnings.warn(
[33mChecking connectivity to the model hosters, this may take a while. To bypass this check, set `DISABLE_MODEL_SOURCE_CHECK` to `True`.[0m
[33mChecking connectivity to the model hosters, this may take a while. To bypass this check, set `DISABLE_MODEL_SOURCE_CHECK` to `True`.[0m
[33mChecking connectivity to the model hosters, this may take a while. To bypass this check, set `DISABLE_MODEL_SOURCE_CHECK` to `True`.[0m
[33mChecking connectivity to the model hosters, this may take a while. To bypass this check, set `DISABLE_MODEL_SOURCE_CHECK` to `True`.[0m
[33mChecking connectivity to the model hosters, this may take a while. To bypass this check, set `DISABLE_MODEL_SOURCE_CHECK` to `True`.[0m
[33mChecking connectivity to the model hosters, this may take a while. To bypass this check, set `DISABLE_MODEL_SOURCE_CHECK` to `True`.[0m
[33mChecking connectivity to the model hosters, this may take a while. To bypass this check, set `DISABLE_MODEL_SOURCE_CHECK` to `True`.[0m
[33mChecking connectivity to the model hosters, this may take a while. To bypass this check, set `DISABLE_MODEL_SOURCE_CHECK` to `True`.[0m
[33mChecking connectivity to the model hosters, this may take a while. To bypass this check, set `DISABLE_MODEL_SOURCE_CHECK` to `True`.[0m
[33mChecking connectivity to the model hosters, this may take a while. To bypass this check, set `DISABLE_MODEL_SOURCE_CHECK` to `True`.[0m
[33mChecking connectivity to the model hosters, this may take a while. To bypass this check, set `DISABLE_MODEL_SOURCE_CHECK` to `True`.[0m
[33mChecking connectivity to the model hosters, this may take a while. To bypass this check, set `DISABLE_MODEL_SOURCE_CHECK` to `True`.[0m
[33mChecking connectivity to the model hosters, this may take a while. To bypass this check, set `DISABLE_MODEL_SOURCE_CHECK` to `True`.[0m
[33mChecking connectivity to the model hosters, this may take a while. To bypass this check, set `DISABLE_MODEL_SOURCE_CHECK` to `True`.[0m
[33mChecking connectivity to the model hosters, this may take a while. To bypass this check, set `DISABLE_MODEL_SOURCE_CHECK` to `True`.[0m
[33mChecking connectivity to the model hosters, this may take a while. To bypass this check, set `DISABLE_MODEL_SOURCE_CHECK` to `True`.[0m
/Users/zhaowenyuan/Projects/FlowFigTabMiner/flowfigtabminer/lib/python3.9/site-packages/onmt/modules/sparse_activations.py:48: FutureWarning: `torch.cuda.amp.custom_fwd(args...)` is deprecated. Please use `torch.amp.custom_fwd(args..., device_type='cuda')` instead.
  def forward(ctx, input, dim=0):
/Users/zhaowenyuan/Projects/FlowFigTabMiner/flowfigtabminer/lib/python3.9/site-packages/onmt/modules/sparse_activations.py:48: FutureWarning: `torch.cuda.amp.custom_fwd(args...)` is deprecated. Please use `torch.amp.custom_fwd(args..., device_type='cuda')` instead.
  def forward(ctx, input, dim=0):
/Users/zhaowenyuan/Projects/FlowFigTabMiner/flowfigtabminer/lib/python3.9/site-packages/onmt/modules/sparse_activations.py:68: FutureWarning: `torch.cuda.amp.custom_bwd(args...)` is deprecated. Please use `torch.amp.custom_bwd(args..., device_type='cuda')` instead.
  def backward(ctx, grad_output):
/Users/zhaowenyuan/Projects/FlowFigTabMiner/flowfigtabminer/lib/python3.9/site-packages/onmt/modules/sparse_activations.py:68: FutureWarning: `torch.cuda.amp.custom_bwd(args...)` is deprecated. Please use `torch.amp.custom_bwd(args..., device_type='cuda')` instead.
  def backward(ctx, grad_output):
/Users/zhaowenyuan/Projects/FlowFigTabMiner/flowfigtabminer/lib/python3.9/site-packages/onmt/modules/sparse_losses.py:13: FutureWarning: `torch.cuda.amp.custom_fwd(args...)` is deprecated. Please use `torch.amp.custom_fwd(args..., device_type='cuda')` instead.
  def forward(ctx, input, target):
/Users/zhaowenyuan/Projects/FlowFigTabMiner/flowfigtabminer/lib/python3.9/site-packages/onmt/modules/sparse_losses.py:37: FutureWarning: `torch.cuda.amp.custom_bwd(args...)` is deprecated. Please use `torch.amp.custom_bwd(args..., device_type='cuda')` instead.
  def backward(ctx, grad_output):
/Users/zhaowenyuan/Projects/FlowFigTabMiner/flowfigtabminer/lib/python3.9/site-packages/onmt/modules/sparse_losses.py:13: FutureWarning: `torch.cuda.amp.custom_fwd(args...)` is deprecated. Please use `torch.amp.custom_fwd(args..., device_type='cuda')` instead.
  def forward(ctx, input, target):
/Users/zhaowenyuan/Projects/FlowFigTabMiner/flowfigtabminer/lib/python3.9/site-packages/onmt/modules/sparse_losses.py:37: FutureWarning: `torch.cuda.amp.custom_bwd(args...)` is deprecated. Please use `torch.amp.custom_bwd(args..., device_type='cuda')` instead.
  def backward(ctx, grad_output):
chiral_center_ids (from symbols): []
/Users/zhaowenyuan/Projects/FlowFigTabMiner/flowfigtabminer/lib/python3.9/site-packages/urllib3/__init__.py:35: NotOpenSSLWarning: urllib3 v2 only supports OpenSSL 1.1.1+, currently the 'ssl' module is compiled with 'LibreSSL 2.8.3'. See: https://github.com/urllib3/urllib3/issues/3020
  warnings.warn(
/Users/zhaowenyuan/Projects/FlowFigTabMiner/flowfigtabminer/lib/python3.9/site-packages/urllib3/__init__.py:35: NotOpenSSLWarning: urllib3 v2 only supports OpenSSL 1.1.1+, currently the 'ssl' module is compiled with 'LibreSSL 2.8.3'. See: https://github.com/urllib3/urllib3/issues/3020
  warnings.warn(
/Users/zhaowenyuan/Projects/FlowFigTabMiner/flowfigtabminer/lib/python3.9/site-packages/urllib3/__init__.py:35: NotOpenSSLWarning: urllib3 v2 only supports OpenSSL 1.1.1+, currently the 'ssl' module is compiled with 'LibreSSL 2.8.3'. See: https://github.com/urllib3/urllib3/issues/3020
  warnings.warn(
/Users/zhaowenyuan/Projects/FlowFigTabMiner/flowfigtabminer/lib/python3.9/site-packages/urllib3/__init__.py:35: NotOpenSSLWarning: urllib3 v2 only supports OpenSSL 1.1.1+, currently the 'ssl' module is compiled with 'LibreSSL 2.8.3'. See: https://github.com/urllib3/urllib3/issues/3020
  warnings.warn(
/Users/zhaowenyuan/Projects/FlowFigTabMiner/flowfigtabminer/lib/python3.9/site-packages/urllib3/__init__.py:35: NotOpenSSLWarning: urllib3 v2 only supports OpenSSL 1.1.1+, currently the 'ssl' module is compiled with 'LibreSSL 2.8.3'. See: https://github.com/urllib3/urllib3/issues/3020
  warnings.warn(
/Users/zhaowenyuan/Projects/FlowFigTabMiner/flowfigtabminer/lib/python3.9/site-packages/urllib3/__init__.py:35: NotOpenSSLWarning: urllib3 v2 only supports OpenSSL 1.1.1+, currently the 'ssl' module is compiled with 'LibreSSL 2.8.3'. See: https://github.com/urllib3/urllib3/issues/3020
  warnings.warn(
/Users/zhaowenyuan/Projects/FlowFigTabMiner/flowfigtabminer/lib/python3.9/site-packages/urllib3/__init__.py:35: NotOpenSSLWarning: urllib3 v2 only supports OpenSSL 1.1.1+, currently the 'ssl' module is compiled with 'LibreSSL 2.8.3'. See: https://github.com/urllib3/urllib3/issues/3020
  warnings.warn(
/Users/zhaowenyuan/Projects/FlowFigTabMiner/flowfigtabminer/lib/python3.9/site-packages/urllib3/__init__.py:35: NotOpenSSLWarning: urllib3 v2 only supports OpenSSL 1.1.1+, currently the 'ssl' module is compiled with 'LibreSSL 2.8.3'. See: https://github.com/urllib3/urllib3/issues/3020
  warnings.warn(
/Users/zhaowenyuan/Projects/FlowFigTabMiner/flowfigtabminer/lib/python3.9/site-packages/urllib3/__init__.py:35: NotOpenSSLWarning: urllib3 v2 only supports OpenSSL 1.1.1+, currently the 'ssl' module is compiled with 'LibreSSL 2.8.3'. See: https://github.com/urllib3/urllib3/issues/3020
  warnings.warn(
/Users/zhaowenyuan/Projects/FlowFigTabMiner/flowfigtabminer/lib/python3.9/site-packages/urllib3/__init__.py:35: NotOpenSSLWarning: urllib3 v2 only supports OpenSSL 1.1.1+, currently the 'ssl' module is compiled with 'LibreSSL 2.8.3'. See: https://github.com/urllib3/urllib3/issues/3020
  warnings.warn(
/Users/zhaowenyuan/Projects/FlowFigTabMiner/flowfigtabminer/lib/python3.9/site-packages/urllib3/__init__.py:35: NotOpenSSLWarning: urllib3 v2 only supports OpenSSL 1.1.1+, currently the 'ssl' module is compiled with 'LibreSSL 2.8.3'. See: https://github.com/urllib3/urllib3/issues/3020
  warnings.warn(
/Users/zhaowenyuan/Projects/FlowFigTabMiner/flowfigtabminer/lib/python3.9/site-packages/urllib3/__init__.py:35: NotOpenSSLWarning: urllib3 v2 only supports OpenSSL 1.1.1+, currently the 'ssl' module is compiled with 'LibreSSL 2.8.3'. See: https://github.com/urllib3/urllib3/issues/3020
  warnings.warn(
/Users/zhaowenyuan/Projects/FlowFigTabMiner/flowfigtabminer/lib/python3.9/site-packages/urllib3/__init__.py:35: NotOpenSSLWarning: urllib3 v2 only supports OpenSSL 1.1.1+, currently the 'ssl' module is compiled with 'LibreSSL 2.8.3'. See: https://github.com/urllib3/urllib3/issues/3020
  warnings.warn(
/Users/zhaowenyuan/Projects/FlowFigTabMiner/flowfigtabminer/lib/python3.9/site-packages/urllib3/__init__.py:35: NotOpenSSLWarning: urllib3 v2 only supports OpenSSL 1.1.1+, currently the 'ssl' module is compiled with 'LibreSSL 2.8.3'. See: https://github.com/urllib3/urllib3/issues/3020
  warnings.warn(
/Users/zhaowenyuan/Projects/FlowFigTabMiner/flowfigtabminer/lib/python3.9/site-packages/urllib3/__init__.py:35: NotOpenSSLWarning: urllib3 v2 only supports OpenSSL 1.1.1+, currently the 'ssl' module is compiled with 'LibreSSL 2.8.3'. See: https://github.com/urllib3/urllib3/issues/3020
  warnings.warn(
/Users/zhaowenyuan/Projects/FlowFigTabMiner/flowfigtabminer/lib/python3.9/site-packages/urllib3/__init__.py:35: NotOpenSSLWarning: urllib3 v2 only supports OpenSSL 1.1.1+, currently the 'ssl' module is compiled with 'LibreSSL 2.8.3'. See: https://github.com/urllib3/urllib3/issues/3020
  warnings.warn(
[33mChecking connectivity to the model hosters, this may take a while. To bypass this check, set `DISABLE_MODEL_SOURCE_CHECK` to `True`.[0m
[33mChecking connectivity to the model hosters, this may take a while. To bypass this check, set `DISABLE_MODEL_SOURCE_CHECK` to `True`.[0m
[33mChecking connectivity to the model hosters, this may take a while. To bypass this check, set `DISABLE_MODEL_SOURCE_CHECK` to `True`.[0m
[33mChecking connectivity to the model hosters, this may take a while. To bypass this check, set `DISABLE_MODEL_SOURCE_CHECK` to `True`.[0m
[33mChecking connectivity to the model hosters, this may take a while. To bypass this check, set `DISABLE_MODEL_SOURCE_CHECK` to `True`.[0m
[33mChecking connectivity to the model hosters, this may take a while. To bypass this check, set `DISABLE_MODEL_SOURCE_CHECK` to `True`.[0m
[33mChecking connectivity to the model hosters, this may take a while. To bypass this check, set `DISABLE_MODEL_SOURCE_CHECK` to `True`.[0m
[33mChecking connectivity to the model hosters, this may take a while. To bypass this check, set `DISABLE_MODEL_SOURCE_CHECK` to `True`.[0m
[33mChecking connectivity to the model hosters, this may take a while. To bypass this check, set `DISABLE_MODEL_SOURCE_CHECK` to `True`.[0m
[33mChecking connectivity to the model hosters, this may take a while. To bypass this check, set `DISABLE_MODEL_SOURCE_CHECK` to `True`.[0m
[33mChecking connectivity to the model hosters, this may take a while. To bypass this check, set `DISABLE_MODEL_SOURCE_CHECK` to `True`.[0m
[33mChecking connectivity to the model hosters, this may take a while. To bypass this check, set `DISABLE_MODEL_SOURCE_CHECK` to `True`.[0m
[33mChecking connectivity to the model hosters, this may take a while. To bypass this check, set `DISABLE_MODEL_SOURCE_CHECK` to `True`.[0m
[33mChecking connectivity to the model hosters, this may take a while. To bypass this check, set `DISABLE_MODEL_SOURCE_CHECK` to `True`.[0m
[33mChecking connectivity to the model hosters, this may take a while. To bypass this check, set `DISABLE_MODEL_SOURCE_CHECK` to `True`.[0m
[33mChecking connectivity to the model hosters, this may take a while. To bypass this check, set `DISABLE_MODEL_SOURCE_CHECK` to `True`.[0m
/Users/zhaowenyuan/Projects/FlowFigTabMiner/flowfigtabminer/lib/python3.9/site-packages/onmt/modules/sparse_activations.py:48: FutureWarning: `torch.cuda.amp.custom_fwd(args...)` is deprecated. Please use `torch.amp.custom_fwd(args..., device_type='cuda')` instead.
  def forward(ctx, input, dim=0):
/Users/zhaowenyuan/Projects/FlowFigTabMiner/flowfigtabminer/lib/python3.9/site-packages/onmt/modules/sparse_activations.py:48: FutureWarning: `torch.cuda.amp.custom_fwd(args...)` is deprecated. Please use `torch.amp.custom_fwd(args..., device_type='cuda')` instead.
  def forward(ctx, input, dim=0):
/Users/zhaowenyuan/Projects/FlowFigTabMiner/flowfigtabminer/lib/python3.9/site-packages/onmt/modules/sparse_activations.py:68: FutureWarning: `torch.cuda.amp.custom_bwd(args...)` is deprecated. Please use `torch.amp.custom_bwd(args..., device_type='cuda')` instead.
  def backward(ctx, grad_output):
/Users/zhaowenyuan/Projects/FlowFigTabMiner/flowfigtabminer/lib/python3.9/site-packages/onmt/modules/sparse_activations.py:68: FutureWarning: `torch.cuda.amp.custom_bwd(args...)` is deprecated. Please use `torch.amp.custom_bwd(args..., device_type='cuda')` instead.
  def backward(ctx, grad_output):
/Users/zhaowenyuan/Projects/FlowFigTabMiner/flowfigtabminer/lib/python3.9/site-packages/onmt/modules/sparse_losses.py:13: FutureWarning: `torch.cuda.amp.custom_fwd(args...)` is deprecated. Please use `torch.amp.custom_fwd(args..., device_type='cuda')` instead.
  def forward(ctx, input, target):
/Users/zhaowenyuan/Projects/FlowFigTabMiner/flowfigtabminer/lib/python3.9/site-packages/onmt/modules/sparse_losses.py:37: FutureWarning: `torch.cuda.amp.custom_bwd(args...)` is deprecated. Please use `torch.amp.custom_bwd(args..., device_type='cuda')` instead.
  def backward(ctx, grad_output):
/Users/zhaowenyuan/Projects/FlowFigTabMiner/flowfigtabminer/lib/python3.9/site-packages/onmt/modules/sparse_losses.py:13: FutureWarning: `torch.cuda.amp.custom_fwd(args...)` is deprecated. Please use `torch.amp.custom_fwd(args..., device_type='cuda')` instead.
  def forward(ctx, input, target):
/Users/zhaowenyuan/Projects/FlowFigTabMiner/flowfigtabminer/lib/python3.9/site-packages/onmt/modules/sparse_losses.py:37: FutureWarning: `torch.cuda.amp.custom_bwd(args...)` is deprecated. Please use `torch.amp.custom_bwd(args..., device_type='cuda')` instead.
  def backward(ctx, grad_output):
chiral_center_ids (from symbols): []
/Users/zhaowenyuan/Projects/FlowFigTabMiner/flowfigtabminer/lib/python3.9/site-packages/urllib3/__init__.py:35: NotOpenSSLWarning: urllib3 v2 only supports OpenSSL 1.1.1+, currently the 'ssl' module is compiled with 'LibreSSL 2.8.3'. See: https://github.com/urllib3/urllib3/issues/3020
  warnings.warn(
/Users/zhaowenyuan/Projects/FlowFigTabMiner/flowfigtabminer/lib/python3.9/site-packages/urllib3/__init__.py:35: NotOpenSSLWarning: urllib3 v2 only supports OpenSSL 1.1.1+, currently the 'ssl' module is compiled with 'LibreSSL 2.8.3'. See: https://github.com/urllib3/urllib3/issues/3020
  warnings.warn(
/Users/zhaowenyuan/Projects/FlowFigTabMiner/flowfigtabminer/lib/python3.9/site-packages/urllib3/__init__.py:35: NotOpenSSLWarning: urllib3 v2 only supports OpenSSL 1.1.1+, currently the 'ssl' module is compiled with 'LibreSSL 2.8.3'. See: https://github.com/urllib3/urllib3/issues/3020
  warnings.warn(
/Users/zhaowenyuan/Projects/FlowFigTabMiner/flowfigtabminer/lib/python3.9/site-packages/urllib3/__init__.py:35: NotOpenSSLWarning: urllib3 v2 only supports OpenSSL 1.1.1+, currently the 'ssl' module is compiled with 'LibreSSL 2.8.3'. See: https://github.com/urllib3/urllib3/issues/3020
  warnings.warn(
/Users/zhaowenyuan/Projects/FlowFigTabMiner/flowfigtabminer/lib/python3.9/site-packages/urllib3/__init__.py:35: NotOpenSSLWarning: urllib3 v2 only supports OpenSSL 1.1.1+, currently the 'ssl' module is compiled with 'LibreSSL 2.8.3'. See: https://github.com/urllib3/urllib3/issues/3020
  warnings.warn(
/Users/zhaowenyuan/Projects/FlowFigTabMiner/flowfigtabminer/lib/python3.9/site-packages/urllib3/__init__.py:35: NotOpenSSLWarning: urllib3 v2 only supports OpenSSL 1.1.1+, currently the 'ssl' module is compiled with 'LibreSSL 2.8.3'. See: https://github.com/urllib3/urllib3/issues/3020
  warnings.warn(
/Users/zhaowenyuan/Projects/FlowFigTabMiner/flowfigtabminer/lib/python3.9/site-packages/urllib3/__init__.py:35: NotOpenSSLWarning: urllib3 v2 only supports OpenSSL 1.1.1+, currently the 'ssl' module is compiled with 'LibreSSL 2.8.3'. See: https://github.com/urllib3/urllib3/issues/3020
  warnings.warn(
/Users/zhaowenyuan/Projects/FlowFigTabMiner/flowfigtabminer/lib/python3.9/site-packages/urllib3/__init__.py:35: NotOpenSSLWarning: urllib3 v2 only supports OpenSSL 1.1.1+, currently the 'ssl' module is compiled with 'LibreSSL 2.8.3'. See: https://github.com/urllib3/urllib3/issues/3020
  warnings.warn(
/Users/zhaowenyuan/Projects/FlowFigTabMiner/flowfigtabminer/lib/python3.9/site-packages/urllib3/__init__.py:35: NotOpenSSLWarning: urllib3 v2 only supports OpenSSL 1.1.1+, currently the 'ssl' module is compiled with 'LibreSSL 2.8.3'. See: https://github.com/urllib3/urllib3/issues/3020
  warnings.warn(
/Users/zhaowenyuan/Projects/FlowFigTabMiner/flowfigtabminer/lib/python3.9/site-packages/urllib3/__init__.py:35: NotOpenSSLWarning: urllib3 v2 only supports OpenSSL 1.1.1+, currently the 'ssl' module is compiled with 'LibreSSL 2.8.3'. See: https://github.com/urllib3/urllib3/issues/3020
  warnings.warn(
/Users/zhaowenyuan/Projects/FlowFigTabMiner/flowfigtabminer/lib/python3.9/site-packages/urllib3/__init__.py:35: NotOpenSSLWarning: urllib3 v2 only supports OpenSSL 1.1.1+, currently the 'ssl' module is compiled with 'LibreSSL 2.8.3'. See: https://github.com/urllib3/urllib3/issues/3020
  warnings.warn(
/Users/zhaowenyuan/Projects/FlowFigTabMiner/flowfigtabminer/lib/python3.9/site-packages/urllib3/__init__.py:35: NotOpenSSLWarning: urllib3 v2 only supports OpenSSL 1.1.1+, currently the 'ssl' module is compiled with 'LibreSSL 2.8.3'. See: https://github.com/urllib3/urllib3/issues/3020
  warnings.warn(
/Users/zhaowenyuan/Projects/FlowFigTabMiner/flowfigtabminer/lib/python3.9/site-packages/urllib3/__init__.py:35: NotOpenSSLWarning: urllib3 v2 only supports OpenSSL 1.1.1+, currently the 'ssl' module is compiled with 'LibreSSL 2.8.3'. See: https://github.com/urllib3/urllib3/issues/3020
  warnings.warn(
/Users/zhaowenyuan/Projects/FlowFigTabMiner/flowfigtabminer/lib/python3.9/site-packages/urllib3/__init__.py:35: NotOpenSSLWarning: urllib3 v2 only supports OpenSSL 1.1.1+, currently the 'ssl' module is compiled with 'LibreSSL 2.8.3'. See: https://github.com/urllib3/urllib3/issues/3020
  warnings.warn(
/Users/zhaowenyuan/Projects/FlowFigTabMiner/flowfigtabminer/lib/python3.9/site-packages/urllib3/__init__.py:35: NotOpenSSLWarning: urllib3 v2 only supports OpenSSL 1.1.1+, currently the 'ssl' module is compiled with 'LibreSSL 2.8.3'. See: https://github.com/urllib3/urllib3/issues/3020
  warnings.warn(
/Users/zhaowenyuan/Projects/FlowFigTabMiner/flowfigtabminer/lib/python3.9/site-packages/urllib3/__init__.py:35: NotOpenSSLWarning: urllib3 v2 only supports OpenSSL 1.1.1+, currently the 'ssl' module is compiled with 'LibreSSL 2.8.3'. See: https://github.com/urllib3/urllib3/issues/3020
  warnings.warn(
[33mChecking connectivity to the model hosters, this may take a while. To bypass this check, set `DISABLE_MODEL_SOURCE_CHECK` to `True`.[0m
[33mChecking connectivity to the model hosters, this may take a while. To bypass this check, set `DISABLE_MODEL_SOURCE_CHECK` to `True`.[0m
[33mChecking connectivity to the model hosters, this may take a while. To bypass this check, set `DISABLE_MODEL_SOURCE_CHECK` to `True`.[0m
[33mChecking connectivity to the model hosters, this may take a while. To bypass this check, set `DISABLE_MODEL_SOURCE_CHECK` to `True`.[0m
[33mChecking connectivity to the model hosters, this may take a while. To bypass this check, set `DISABLE_MODEL_SOURCE_CHECK` to `True`.[0m
[33mChecking connectivity to the model hosters, this may take a while. To bypass this check, set `DISABLE_MODEL_SOURCE_CHECK` to `True`.[0m
[33mChecking connectivity to the model hosters, this may take a while. To bypass this check, set `DISABLE_MODEL_SOURCE_CHECK` to `True`.[0m
[33mChecking connectivity to the model hosters, this may take a while. To bypass this check, set `DISABLE_MODEL_SOURCE_CHECK` to `True`.[0m
[33mChecking connectivity to the model hosters, this may take a while. To bypass this check, set `DISABLE_MODEL_SOURCE_CHECK` to `True`.[0m
[33mChecking connectivity to the model hosters, this may take a while. To bypass this check, set `DISABLE_MODEL_SOURCE_CHECK` to `True`.[0m
[33mChecking connectivity to the model hosters, this may take a while. To bypass this check, set `DISABLE_MODEL_SOURCE_CHECK` to `True`.[0m
[33mChecking connectivity to the model hosters, this may take a while. To bypass this check, set `DISABLE_MODEL_SOURCE_CHECK` to `True`.[0m
[33mChecking connectivity to the model hosters, this may take a while. To bypass this check, set `DISABLE_MODEL_SOURCE_CHECK` to `True`.[0m
[33mChecking connectivity to the model hosters, this may take a while. To bypass this check, set `DISABLE_MODEL_SOURCE_CHECK` to `True`.[0m
[33mChecking connectivity to the model hosters, this may take a while. To bypass this check, set `DISABLE_MODEL_SOURCE_CHECK` to `True`.[0m
[33mChecking connectivity to the model hosters, this may take a while. To bypass this check, set `DISABLE_MODEL_SOURCE_CHECK` to `True`.[0m
/Users/zhaowenyuan/Projects/FlowFigTabMiner/flowfigtabminer/lib/python3.9/site-packages/onmt/modules/sparse_activations.py:48: FutureWarning: `torch.cuda.amp.custom_fwd(args...)` is deprecated. Please use `torch.amp.custom_fwd(args..., device_type='cuda')` instead.
  def forward(ctx, input, dim=0):
/Users/zhaowenyuan/Projects/FlowFigTabMiner/flowfigtabminer/lib/python3.9/site-packages/onmt/modules/sparse_activations.py:68: FutureWarning: `torch.cuda.amp.custom_bwd(args...)` is deprecated. Please use `torch.amp.custom_bwd(args..., device_type='cuda')` instead.
  def backward(ctx, grad_output):
/Users/zhaowenyuan/Projects/FlowFigTabMiner/flowfigtabminer/lib/python3.9/site-packages/onmt/modules/sparse_losses.py:13: FutureWarning: `torch.cuda.amp.custom_fwd(args...)` is deprecated. Please use `torch.amp.custom_fwd(args..., device_type='cuda')` instead.
  def forward(ctx, input, target):
/Users/zhaowenyuan/Projects/FlowFigTabMiner/flowfigtabminer/lib/python3.9/site-packages/onmt/modules/sparse_losses.py:37: FutureWarning: `torch.cuda.amp.custom_bwd(args...)` is deprecated. Please use `torch.amp.custom_bwd(args..., device_type='cuda')` instead.
  def backward(ctx, grad_output):
chiral_center_ids (from symbols): []
/Users/zhaowenyuan/Projects/FlowFigTabMiner/flowfigtabminer/lib/python3.9/site-packages/urllib3/__init__.py:35: NotOpenSSLWarning: urllib3 v2 only supports OpenSSL 1.1.1+, currently the 'ssl' module is compiled with 'LibreSSL 2.8.3'. See: https://github.com/urllib3/urllib3/issues/3020
  warnings.warn(
/Users/zhaowenyuan/Projects/FlowFigTabMiner/flowfigtabminer/lib/python3.9/site-packages/urllib3/__init__.py:35: NotOpenSSLWarning: urllib3 v2 only supports OpenSSL 1.1.1+, currently the 'ssl' module is compiled with 'LibreSSL 2.8.3'. See: https://github.com/urllib3/urllib3/issues/3020
  warnings.warn(
/Users/zhaowenyuan/Projects/FlowFigTabMiner/flowfigtabminer/lib/python3.9/site-packages/urllib3/__init__.py:35: NotOpenSSLWarning: urllib3 v2 only supports OpenSSL 1.1.1+, currently the 'ssl' module is compiled with 'LibreSSL 2.8.3'. See: https://github.com/urllib3/urllib3/issues/3020
  warnings.warn(
/Users/zhaowenyuan/Projects/FlowFigTabMiner/flowfigtabminer/lib/python3.9/site-packages/urllib3/__init__.py:35: NotOpenSSLWarning: urllib3 v2 only supports OpenSSL 1.1.1+, currently the 'ssl' module is compiled with 'LibreSSL 2.8.3'. See: https://github.com/urllib3/urllib3/issues/3020
  warnings.warn(
/Users/zhaowenyuan/Projects/FlowFigTabMiner/flowfigtabminer/lib/python3.9/site-packages/urllib3/__init__.py:35: NotOpenSSLWarning: urllib3 v2 only supports OpenSSL 1.1.1+, currently the 'ssl' module is compiled with 'LibreSSL 2.8.3'. See: https://github.com/urllib3/urllib3/issues/3020
  warnings.warn(
/Users/zhaowenyuan/Projects/FlowFigTabMiner/flowfigtabminer/lib/python3.9/site-packages/urllib3/__init__.py:35: NotOpenSSLWarning: urllib3 v2 only supports OpenSSL 1.1.1+, currently the 'ssl' module is compiled with 'LibreSSL 2.8.3'. See: https://github.com/urllib3/urllib3/issues/3020
  warnings.warn(
/Users/zhaowenyuan/Projects/FlowFigTabMiner/flowfigtabminer/lib/python3.9/site-packages/urllib3/__init__.py:35: NotOpenSSLWarning: urllib3 v2 only supports OpenSSL 1.1.1+, currently the 'ssl' module is compiled with 'LibreSSL 2.8.3'. See: https://github.com/urllib3/urllib3/issues/3020
  warnings.warn(
/Users/zhaowenyuan/Projects/FlowFigTabMiner/flowfigtabminer/lib/python3.9/site-packages/urllib3/__init__.py:35: NotOpenSSLWarning: urllib3 v2 only supports OpenSSL 1.1.1+, currently the 'ssl' module is compiled with 'LibreSSL 2.8.3'. See: https://github.com/urllib3/urllib3/issues/3020
  warnings.warn(
/Users/zhaowenyuan/Projects/FlowFigTabMiner/flowfigtabminer/lib/python3.9/site-packages/urllib3/__init__.py:35: NotOpenSSLWarning: urllib3 v2 only supports OpenSSL 1.1.1+, currently the 'ssl' module is compiled with 'LibreSSL 2.8.3'. See: https://github.com/urllib3/urllib3/issues/3020
  warnings.warn(
/Users/zhaowenyuan/Projects/FlowFigTabMiner/flowfigtabminer/lib/python3.9/site-packages/urllib3/__init__.py:35: NotOpenSSLWarning: urllib3 v2 only supports OpenSSL 1.1.1+, currently the 'ssl' module is compiled with 'LibreSSL 2.8.3'. See: https://github.com/urllib3/urllib3/issues/3020
  warnings.warn(
/Users/zhaowenyuan/Projects/FlowFigTabMiner/flowfigtabminer/lib/python3.9/site-packages/urllib3/__init__.py:35: NotOpenSSLWarning: urllib3 v2 only supports OpenSSL 1.1.1+, currently the 'ssl' module is compiled with 'LibreSSL 2.8.3'. See: https://github.com/urllib3/urllib3/issues/3020
  warnings.warn(
/Users/zhaowenyuan/Projects/FlowFigTabMiner/flowfigtabminer/lib/python3.9/site-packages/urllib3/__init__.py:35: NotOpenSSLWarning: urllib3 v2 only supports OpenSSL 1.1.1+, currently the 'ssl' module is compiled with 'LibreSSL 2.8.3'. See: https://github.com/urllib3/urllib3/issues/3020
  warnings.warn(
/Users/zhaowenyuan/Projects/FlowFigTabMiner/flowfigtabminer/lib/python3.9/site-packages/urllib3/__init__.py:35: NotOpenSSLWarning: urllib3 v2 only supports OpenSSL 1.1.1+, currently the 'ssl' module is compiled with 'LibreSSL 2.8.3'. See: https://github.com/urllib3/urllib3/issues/3020
  warnings.warn(
/Users/zhaowenyuan/Projects/FlowFigTabMiner/flowfigtabminer/lib/python3.9/site-packages/urllib3/__init__.py:35: NotOpenSSLWarning: urllib3 v2 only supports OpenSSL 1.1.1+, currently the 'ssl' module is compiled with 'LibreSSL 2.8.3'. See: https://github.com/urllib3/urllib3/issues/3020
  warnings.warn(
/Users/zhaowenyuan/Projects/FlowFigTabMiner/flowfigtabminer/lib/python3.9/site-packages/urllib3/__init__.py:35: NotOpenSSLWarning: urllib3 v2 only supports OpenSSL 1.1.1+, currently the 'ssl' module is compiled with 'LibreSSL 2.8.3'. See: https://github.com/urllib3/urllib3/issues/3020
  warnings.warn(
/Users/zhaowenyuan/Projects/FlowFigTabMiner/flowfigtabminer/lib/python3.9/site-packages/urllib3/__init__.py:35: NotOpenSSLWarning: urllib3 v2 only supports OpenSSL 1.1.1+, currently the 'ssl' module is compiled with 'LibreSSL 2.8.3'. See: https://github.com/urllib3/urllib3/issues/3020
  warnings.warn(
[33mChecking connectivity to the model hosters, this may take a while. To bypass this check, set `DISABLE_MODEL_SOURCE_CHECK` to `True`.[0m
[33mChecking connectivity to the model hosters, this may take a while. To bypass this check, set `DISABLE_MODEL_SOURCE_CHECK` to `True`.[0m
[33mChecking connectivity to the model hosters, this may take a while. To bypass this check, set `DISABLE_MODEL_SOURCE_CHECK` to `True`.[0m
[33mChecking connectivity to the model hosters, this may take a while. To bypass this check, set `DISABLE_MODEL_SOURCE_CHECK` to `True`.[0m
[33mChecking connectivity to the model hosters, this may take a while. To bypass this check, set `DISABLE_MODEL_SOURCE_CHECK` to `True`.[0m
[33mChecking connectivity to the model hosters, this may take a while. To bypass this check, set `DISABLE_MODEL_SOURCE_CHECK` to `True`.[0m
[33mChecking connectivity to the model hosters, this may take a while. To bypass this check, set `DISABLE_MODEL_SOURCE_CHECK` to `True`.[0m
[33mChecking connectivity to the model hosters, this may take a while. To bypass this check, set `DISABLE_MODEL_SOURCE_CHECK` to `True`.[0m
[33mChecking connectivity to the model hosters, this may take a while. To bypass this check, set `DISABLE_MODEL_SOURCE_CHECK` to `True`.[0m
[33mChecking connectivity to the model hosters, this may take a while. To bypass this check, set `DISABLE_MODEL_SOURCE_CHECK` to `True`.[0m
[33mChecking connectivity to the model hosters, this may take a while. To bypass this check, set `DISABLE_MODEL_SOURCE_CHECK` to `True`.[0m
[33mChecking connectivity to the model hosters, this may take a while. To bypass this check, set `DISABLE_MODEL_SOURCE_CHECK` to `True`.[0m
[33mChecking connectivity to the model hosters, this may take a while. To bypass this check, set `DISABLE_MODEL_SOURCE_CHECK` to `True`.[0m
[33mChecking connectivity to the model hosters, this may take a while. To bypass this check, set `DISABLE_MODEL_SOURCE_CHECK` to `True`.[0m
[33mChecking connectivity to the model hosters, this may take a while. To bypass this check, set `DISABLE_MODEL_SOURCE_CHECK` to `True`.[0m
[33mChecking connectivity to the model hosters, this may take a while. To bypass this check, set `DISABLE_MODEL_SOURCE_CHECK` to `True`.[0m
/Users/zhaowenyuan/Projects/FlowFigTabMiner/flowfigtabminer/lib/python3.9/site-packages/onmt/modules/sparse_activations.py:48: FutureWarning: `torch.cuda.amp.custom_fwd(args...)` is deprecated. Please use `torch.amp.custom_fwd(args..., device_type='cuda')` instead.
  def forward(ctx, input, dim=0):
/Users/zhaowenyuan/Projects/FlowFigTabMiner/flowfigtabminer/lib/python3.9/site-packages/onmt/modules/sparse_activations.py:68: FutureWarning: `torch.cuda.amp.custom_bwd(args...)` is deprecated. Please use `torch.amp.custom_bwd(args..., device_type='cuda')` instead.
  def backward(ctx, grad_output):
/Users/zhaowenyuan/Projects/FlowFigTabMiner/flowfigtabminer/lib/python3.9/site-packages/onmt/modules/sparse_activations.py:48: FutureWarning: `torch.cuda.amp.custom_fwd(args...)` is deprecated. Please use `torch.amp.custom_fwd(args..., device_type='cuda')` instead.
  def forward(ctx, input, dim=0):
/Users/zhaowenyuan/Projects/FlowFigTabMiner/flowfigtabminer/lib/python3.9/site-packages/onmt/modules/sparse_activations.py:68: FutureWarning: `torch.cuda.amp.custom_bwd(args...)` is deprecated. Please use `torch.amp.custom_bwd(args..., device_type='cuda')` instead.
  def backward(ctx, grad_output):
/Users/zhaowenyuan/Projects/FlowFigTabMiner/flowfigtabminer/lib/python3.9/site-packages/onmt/modules/sparse_losses.py:13: FutureWarning: `torch.cuda.amp.custom_fwd(args...)` is deprecated. Please use `torch.amp.custom_fwd(args..., device_type='cuda')` instead.
  def forward(ctx, input, target):
/Users/zhaowenyuan/Projects/FlowFigTabMiner/flowfigtabminer/lib/python3.9/site-packages/onmt/modules/sparse_losses.py:37: FutureWarning: `torch.cuda.amp.custom_bwd(args...)` is deprecated. Please use `torch.amp.custom_bwd(args..., device_type='cuda')` instead.
  def backward(ctx, grad_output):
/Users/zhaowenyuan/Projects/FlowFigTabMiner/flowfigtabminer/lib/python3.9/site-packages/onmt/modules/sparse_losses.py:13: FutureWarning: `torch.cuda.amp.custom_fwd(args...)` is deprecated. Please use `torch.amp.custom_fwd(args..., device_type='cuda')` instead.
  def forward(ctx, input, target):
/Users/zhaowenyuan/Projects/FlowFigTabMiner/flowfigtabminer/lib/python3.9/site-packages/onmt/modules/sparse_losses.py:37: FutureWarning: `torch.cuda.amp.custom_bwd(args...)` is deprecated. Please use `torch.amp.custom_bwd(args..., device_type='cuda')` instead.
  def backward(ctx, grad_output):
chiral_center_ids (from symbols): []
/Users/zhaowenyuan/Projects/FlowFigTabMiner/flowfigtabminer/lib/python3.9/site-packages/urllib3/__init__.py:35: NotOpenSSLWarning: urllib3 v2 only supports OpenSSL 1.1.1+, currently the 'ssl' module is compiled with 'LibreSSL 2.8.3'. See: https://github.com/urllib3/urllib3/issues/3020
  warnings.warn(
/Users/zhaowenyuan/Projects/FlowFigTabMiner/flowfigtabminer/lib/python3.9/site-packages/urllib3/__init__.py:35: NotOpenSSLWarning: urllib3 v2 only supports OpenSSL 1.1.1+, currently the 'ssl' module is compiled with 'LibreSSL 2.8.3'. See: https://github.com/urllib3/urllib3/issues/3020
  warnings.warn(
/Users/zhaowenyuan/Projects/FlowFigTabMiner/flowfigtabminer/lib/python3.9/site-packages/urllib3/__init__.py:35: NotOpenSSLWarning: urllib3 v2 only supports OpenSSL 1.1.1+, currently the 'ssl' module is compiled with 'LibreSSL 2.8.3'. See: https://github.com/urllib3/urllib3/issues/3020
  warnings.warn(
/Users/zhaowenyuan/Projects/FlowFigTabMiner/flowfigtabminer/lib/python3.9/site-packages/urllib3/__init__.py:35: NotOpenSSLWarning: urllib3 v2 only supports OpenSSL 1.1.1+, currently the 'ssl' module is compiled with 'LibreSSL 2.8.3'. See: https://github.com/urllib3/urllib3/issues/3020
  warnings.warn(
/Users/zhaowenyuan/Projects/FlowFigTabMiner/flowfigtabminer/lib/python3.9/site-packages/urllib3/__init__.py:35: NotOpenSSLWarning: urllib3 v2 only supports OpenSSL 1.1.1+, currently the 'ssl' module is compiled with 'LibreSSL 2.8.3'. See: https://github.com/urllib3/urllib3/issues/3020
  warnings.warn(
/Users/zhaowenyuan/Projects/FlowFigTabMiner/flowfigtabminer/lib/python3.9/site-packages/urllib3/__init__.py:35: NotOpenSSLWarning: urllib3 v2 only supports OpenSSL 1.1.1+, currently the 'ssl' module is compiled with 'LibreSSL 2.8.3'. See: https://github.com/urllib3/urllib3/issues/3020
  warnings.warn(
/Users/zhaowenyuan/Projects/FlowFigTabMiner/flowfigtabminer/lib/python3.9/site-packages/urllib3/__init__.py:35: NotOpenSSLWarning: urllib3 v2 only supports OpenSSL 1.1.1+, currently the 'ssl' module is compiled with 'LibreSSL 2.8.3'. See: https://github.com/urllib3/urllib3/issues/3020
  warnings.warn(
/Users/zhaowenyuan/Projects/FlowFigTabMiner/flowfigtabminer/lib/python3.9/site-packages/urllib3/__init__.py:35: NotOpenSSLWarning: urllib3 v2 only supports OpenSSL 1.1.1+, currently the 'ssl' module is compiled with 'LibreSSL 2.8.3'. See: https://github.com/urllib3/urllib3/issues/3020
  warnings.warn(
/Users/zhaowenyuan/Projects/FlowFigTabMiner/flowfigtabminer/lib/python3.9/site-packages/urllib3/__init__.py:35: NotOpenSSLWarning: urllib3 v2 only supports OpenSSL 1.1.1+, currently the 'ssl' module is compiled with 'LibreSSL 2.8.3'. See: https://github.com/urllib3/urllib3/issues/3020
  warnings.warn(
/Users/zhaowenyuan/Projects/FlowFigTabMiner/flowfigtabminer/lib/python3.9/site-packages/urllib3/__init__.py:35: NotOpenSSLWarning: urllib3 v2 only supports OpenSSL 1.1.1+, currently the 'ssl' module is compiled with 'LibreSSL 2.8.3'. See: https://github.com/urllib3/urllib3/issues/3020
  warnings.warn(
/Users/zhaowenyuan/Projects/FlowFigTabMiner/flowfigtabminer/lib/python3.9/site-packages/urllib3/__init__.py:35: NotOpenSSLWarning: urllib3 v2 only supports OpenSSL 1.1.1+, currently the 'ssl' module is compiled with 'LibreSSL 2.8.3'. See: https://github.com/urllib3/urllib3/issues/3020
  warnings.warn(
/Users/zhaowenyuan/Projects/FlowFigTabMiner/flowfigtabminer/lib/python3.9/site-packages/urllib3/__init__.py:35: NotOpenSSLWarning: urllib3 v2 only supports OpenSSL 1.1.1+, currently the 'ssl' module is compiled with 'LibreSSL 2.8.3'. See: https://github.com/urllib3/urllib3/issues/3020
  warnings.warn(
/Users/zhaowenyuan/Projects/FlowFigTabMiner/flowfigtabminer/lib/python3.9/site-packages/urllib3/__init__.py:35: NotOpenSSLWarning: urllib3 v2 only supports OpenSSL 1.1.1+, currently the 'ssl' module is compiled with 'LibreSSL 2.8.3'. See: https://github.com/urllib3/urllib3/issues/3020
  warnings.warn(
/Users/zhaowenyuan/Projects/FlowFigTabMiner/flowfigtabminer/lib/python3.9/site-packages/urllib3/__init__.py:35: NotOpenSSLWarning: urllib3 v2 only supports OpenSSL 1.1.1+, currently the 'ssl' module is compiled with 'LibreSSL 2.8.3'. See: https://github.com/urllib3/urllib3/issues/3020
  warnings.warn(
/Users/zhaowenyuan/Projects/FlowFigTabMiner/flowfigtabminer/lib/python3.9/site-packages/urllib3/__init__.py:35: NotOpenSSLWarning: urllib3 v2 only supports OpenSSL 1.1.1+, currently the 'ssl' module is compiled with 'LibreSSL 2.8.3'. See: https://github.com/urllib3/urllib3/issues/3020
  warnings.warn(
/Users/zhaowenyuan/Projects/FlowFigTabMiner/flowfigtabminer/lib/python3.9/site-packages/urllib3/__init__.py:35: NotOpenSSLWarning: urllib3 v2 only supports OpenSSL 1.1.1+, currently the 'ssl' module is compiled with 'LibreSSL 2.8.3'. See: https://github.com/urllib3/urllib3/issues/3020
  warnings.warn(
[33mChecking connectivity to the model hosters, this may take a while. To bypass this check, set `DISABLE_MODEL_SOURCE_CHECK` to `True`.[0m
[33mChecking connectivity to the model hosters, this may take a while. To bypass this check, set `DISABLE_MODEL_SOURCE_CHECK` to `True`.[0m
[33mChecking connectivity to the model hosters, this may take a while. To bypass this check, set `DISABLE_MODEL_SOURCE_CHECK` to `True`.[0m
[33mChecking connectivity to the model hosters, this may take a while. To bypass this check, set `DISABLE_MODEL_SOURCE_CHECK` to `True`.[0m
[33mChecking connectivity to the model hosters, this may take a while. To bypass this check, set `DISABLE_MODEL_SOURCE_CHECK` to `True`.[0m
[33mChecking connectivity to the model hosters, this may take a while. To bypass this check, set `DISABLE_MODEL_SOURCE_CHECK` to `True`.[0m
[33mChecking connectivity to the model hosters, this may take a while. To bypass this check, set `DISABLE_MODEL_SOURCE_CHECK` to `True`.[0m
[33mChecking connectivity to the model hosters, this may take a while. To bypass this check, set `DISABLE_MODEL_SOURCE_CHECK` to `True`.[0m
[33mChecking connectivity to the model hosters, this may take a while. To bypass this check, set `DISABLE_MODEL_SOURCE_CHECK` to `True`.[0m
[33mChecking connectivity to the model hosters, this may take a while. To bypass this check, set `DISABLE_MODEL_SOURCE_CHECK` to `True`.[0m
[33mChecking connectivity to the model hosters, this may take a while. To bypass this check, set `DISABLE_MODEL_SOURCE_CHECK` to `True`.[0m
[33mChecking connectivity to the model hosters, this may take a while. To bypass this check, set `DISABLE_MODEL_SOURCE_CHECK` to `True`.[0m
[33mChecking connectivity to the model hosters, this may take a while. To bypass this check, set `DISABLE_MODEL_SOURCE_CHECK` to `True`.[0m
[33mChecking connectivity to the model hosters, this may take a while. To bypass this check, set `DISABLE_MODEL_SOURCE_CHECK` to `True`.[0m
[33mChecking connectivity to the model hosters, this may take a while. To bypass this check, set `DISABLE_MODEL_SOURCE_CHECK` to `True`.[0m
[33mChecking connectivity to the model hosters, this may take a while. To bypass this check, set `DISABLE_MODEL_SOURCE_CHECK` to `True`.[0m
/Users/zhaowenyuan/Projects/FlowFigTabMiner/flowfigtabminer/lib/python3.9/site-packages/onmt/modules/sparse_activations.py:48: FutureWarning: `torch.cuda.amp.custom_fwd(args...)` is deprecated. Please use `torch.amp.custom_fwd(args..., device_type='cuda')` instead.
  def forward(ctx, input, dim=0):
/Users/zhaowenyuan/Projects/FlowFigTabMiner/flowfigtabminer/lib/python3.9/site-packages/onmt/modules/sparse_activations.py:68: FutureWarning: `torch.cuda.amp.custom_bwd(args...)` is deprecated. Please use `torch.amp.custom_bwd(args..., device_type='cuda')` instead.
  def backward(ctx, grad_output):
/Users/zhaowenyuan/Projects/FlowFigTabMiner/flowfigtabminer/lib/python3.9/site-packages/onmt/modules/sparse_losses.py:13: FutureWarning: `torch.cuda.amp.custom_fwd(args...)` is deprecated. Please use `torch.amp.custom_fwd(args..., device_type='cuda')` instead.
  def forward(ctx, input, target):
/Users/zhaowenyuan/Projects/FlowFigTabMiner/flowfigtabminer/lib/python3.9/site-packages/onmt/modules/sparse_losses.py:37: FutureWarning: `torch.cuda.amp.custom_bwd(args...)` is deprecated. Please use `torch.amp.custom_bwd(args..., device_type='cuda')` instead.
  def backward(ctx, grad_output):
chiral_center_ids (from symbols): []
/Users/zhaowenyuan/Projects/FlowFigTabMiner/flowfigtabminer/lib/python3.9/site-packages/urllib3/__init__.py:35: NotOpenSSLWarning: urllib3 v2 only supports OpenSSL 1.1.1+, currently the 'ssl' module is compiled with 'LibreSSL 2.8.3'. See: https://github.com/urllib3/urllib3/issues/3020
  warnings.warn(
/Users/zhaowenyuan/Projects/FlowFigTabMiner/flowfigtabminer/lib/python3.9/site-packages/urllib3/__init__.py:35: NotOpenSSLWarning: urllib3 v2 only supports OpenSSL 1.1.1+, currently the 'ssl' module is compiled with 'LibreSSL 2.8.3'. See: https://github.com/urllib3/urllib3/issues/3020
  warnings.warn(
/Users/zhaowenyuan/Projects/FlowFigTabMiner/flowfigtabminer/lib/python3.9/site-packages/urllib3/__init__.py:35: NotOpenSSLWarning: urllib3 v2 only supports OpenSSL 1.1.1+, currently the 'ssl' module is compiled with 'LibreSSL 2.8.3'. See: https://github.com/urllib3/urllib3/issues/3020
  warnings.warn(
/Users/zhaowenyuan/Projects/FlowFigTabMiner/flowfigtabminer/lib/python3.9/site-packages/urllib3/__init__.py:35: NotOpenSSLWarning: urllib3 v2 only supports OpenSSL 1.1.1+, currently the 'ssl' module is compiled with 'LibreSSL 2.8.3'. See: https://github.com/urllib3/urllib3/issues/3020
  warnings.warn(
/Users/zhaowenyuan/Projects/FlowFigTabMiner/flowfigtabminer/lib/python3.9/site-packages/urllib3/__init__.py:35: NotOpenSSLWarning: urllib3 v2 only supports OpenSSL 1.1.1+, currently the 'ssl' module is compiled with 'LibreSSL 2.8.3'. See: https://github.com/urllib3/urllib3/issues/3020
  warnings.warn(
/Users/zhaowenyuan/Projects/FlowFigTabMiner/flowfigtabminer/lib/python3.9/site-packages/urllib3/__init__.py:35: NotOpenSSLWarning: urllib3 v2 only supports OpenSSL 1.1.1+, currently the 'ssl' module is compiled with 'LibreSSL 2.8.3'. See: https://github.com/urllib3/urllib3/issues/3020
  warnings.warn(
/Users/zhaowenyuan/Projects/FlowFigTabMiner/flowfigtabminer/lib/python3.9/site-packages/urllib3/__init__.py:35: NotOpenSSLWarning: urllib3 v2 only supports OpenSSL 1.1.1+, currently the 'ssl' module is compiled with 'LibreSSL 2.8.3'. See: https://github.com/urllib3/urllib3/issues/3020
  warnings.warn(
/Users/zhaowenyuan/Projects/FlowFigTabMiner/flowfigtabminer/lib/python3.9/site-packages/urllib3/__init__.py:35: NotOpenSSLWarning: urllib3 v2 only supports OpenSSL 1.1.1+, currently the 'ssl' module is compiled with 'LibreSSL 2.8.3'. See: https://github.com/urllib3/urllib3/issues/3020
  warnings.warn(
/Users/zhaowenyuan/Projects/FlowFigTabMiner/flowfigtabminer/lib/python3.9/site-packages/urllib3/__init__.py:35: NotOpenSSLWarning: urllib3 v2 only supports OpenSSL 1.1.1+, currently the 'ssl' module is compiled with 'LibreSSL 2.8.3'. See: https://github.com/urllib3/urllib3/issues/3020
  warnings.warn(
/Users/zhaowenyuan/Projects/FlowFigTabMiner/flowfigtabminer/lib/python3.9/site-packages/urllib3/__init__.py:35: NotOpenSSLWarning: urllib3 v2 only supports OpenSSL 1.1.1+, currently the 'ssl' module is compiled with 'LibreSSL 2.8.3'. See: https://github.com/urllib3/urllib3/issues/3020
  warnings.warn(
/Users/zhaowenyuan/Projects/FlowFigTabMiner/flowfigtabminer/lib/python3.9/site-packages/urllib3/__init__.py:35: NotOpenSSLWarning: urllib3 v2 only supports OpenSSL 1.1.1+, currently the 'ssl' module is compiled with 'LibreSSL 2.8.3'. See: https://github.com/urllib3/urllib3/issues/3020
  warnings.warn(
/Users/zhaowenyuan/Projects/FlowFigTabMiner/flowfigtabminer/lib/python3.9/site-packages/urllib3/__init__.py:35: NotOpenSSLWarning: urllib3 v2 only supports OpenSSL 1.1.1+, currently the 'ssl' module is compiled with 'LibreSSL 2.8.3'. See: https://github.com/urllib3/urllib3/issues/3020
  warnings.warn(
/Users/zhaowenyuan/Projects/FlowFigTabMiner/flowfigtabminer/lib/python3.9/site-packages/urllib3/__init__.py:35: NotOpenSSLWarning: urllib3 v2 only supports OpenSSL 1.1.1+, currently the 'ssl' module is compiled with 'LibreSSL 2.8.3'. See: https://github.com/urllib3/urllib3/issues/3020
  warnings.warn(
/Users/zhaowenyuan/Projects/FlowFigTabMiner/flowfigtabminer/lib/python3.9/site-packages/urllib3/__init__.py:35: NotOpenSSLWarning: urllib3 v2 only supports OpenSSL 1.1.1+, currently the 'ssl' module is compiled with 'LibreSSL 2.8.3'. See: https://github.com/urllib3/urllib3/issues/3020
  warnings.warn(
/Users/zhaowenyuan/Projects/FlowFigTabMiner/flowfigtabminer/lib/python3.9/site-packages/urllib3/__init__.py:35: NotOpenSSLWarning: urllib3 v2 only supports OpenSSL 1.1.1+, currently the 'ssl' module is compiled with 'LibreSSL 2.8.3'. See: https://github.com/urllib3/urllib3/issues/3020
  warnings.warn(
/Users/zhaowenyuan/Projects/FlowFigTabMiner/flowfigtabminer/lib/python3.9/site-packages/urllib3/__init__.py:35: NotOpenSSLWarning: urllib3 v2 only supports OpenSSL 1.1.1+, currently the 'ssl' module is compiled with 'LibreSSL 2.8.3'. See: https://github.com/urllib3/urllib3/issues/3020
  warnings.warn(
[33mChecking connectivity to the model hosters, this may take a while. To bypass this check, set `DISABLE_MODEL_SOURCE_CHECK` to `True`.[0m
[33mChecking connectivity to the model hosters, this may take a while. To bypass this check, set `DISABLE_MODEL_SOURCE_CHECK` to `True`.[0m
[33mChecking connectivity to the model hosters, this may take a while. To bypass this check, set `DISABLE_MODEL_SOURCE_CHECK` to `True`.[0m
[33mChecking connectivity to the model hosters, this may take a while. To bypass this check, set `DISABLE_MODEL_SOURCE_CHECK` to `True`.[0m
[33mChecking connectivity to the model hosters, this may take a while. To bypass this check, set `DISABLE_MODEL_SOURCE_CHECK` to `True`.[0m
[33mChecking connectivity to the model hosters, this may take a while. To bypass this check, set `DISABLE_MODEL_SOURCE_CHECK` to `True`.[0m
[33mChecking connectivity to the model hosters, this may take a while. To bypass this check, set `DISABLE_MODEL_SOURCE_CHECK` to `True`.[0m
[33mChecking connectivity to the model hosters, this may take a while. To bypass this check, set `DISABLE_MODEL_SOURCE_CHECK` to `True`.[0m
[33mChecking connectivity to the model hosters, this may take a while. To bypass this check, set `DISABLE_MODEL_SOURCE_CHECK` to `True`.[0m
[33mChecking connectivity to the model hosters, this may take a while. To bypass this check, set `DISABLE_MODEL_SOURCE_CHECK` to `True`.[0m
[33mChecking connectivity to the model hosters, this may take a while. To bypass this check, set `DISABLE_MODEL_SOURCE_CHECK` to `True`.[0m
[33mChecking connectivity to the model hosters, this may take a while. To bypass this check, set `DISABLE_MODEL_SOURCE_CHECK` to `True`.[0m
[33mChecking connectivity to the model hosters, this may take a while. To bypass this check, set `DISABLE_MODEL_SOURCE_CHECK` to `True`.[0m
[33mChecking connectivity to the model hosters, this may take a while. To bypass this check, set `DISABLE_MODEL_SOURCE_CHECK` to `True`.[0m
[33mChecking connectivity to the model hosters, this may take a while. To bypass this check, set `DISABLE_MODEL_SOURCE_CHECK` to `True`.[0m
[33mChecking connectivity to the model hosters, this may take a while. To bypass this check, set `DISABLE_MODEL_SOURCE_CHECK` to `True`.[0m
/Users/zhaowenyuan/Projects/FlowFigTabMiner/flowfigtabminer/lib/python3.9/site-packages/onmt/modules/sparse_activations.py:48: FutureWarning: `torch.cuda.amp.custom_fwd(args...)` is deprecated. Please use `torch.amp.custom_fwd(args..., device_type='cuda')` instead.
  def forward(ctx, input, dim=0):
/Users/zhaowenyuan/Projects/FlowFigTabMiner/flowfigtabminer/lib/python3.9/site-packages/onmt/modules/sparse_activations.py:68: FutureWarning: `torch.cuda.amp.custom_bwd(args...)` is deprecated. Please use `torch.amp.custom_bwd(args..., device_type='cuda')` instead.
  def backward(ctx, grad_output):
/Users/zhaowenyuan/Projects/FlowFigTabMiner/flowfigtabminer/lib/python3.9/site-packages/onmt/modules/sparse_losses.py:13: FutureWarning: `torch.cuda.amp.custom_fwd(args...)` is deprecated. Please use `torch.amp.custom_fwd(args..., device_type='cuda')` instead.
  def forward(ctx, input, target):
/Users/zhaowenyuan/Projects/FlowFigTabMiner/flowfigtabminer/lib/python3.9/site-packages/onmt/modules/sparse_losses.py:37: FutureWarning: `torch.cuda.amp.custom_bwd(args...)` is deprecated. Please use `torch.amp.custom_bwd(args..., device_type='cuda')` instead.
  def backward(ctx, grad_output):
chiral_center_ids (from symbols): []
/Users/zhaowenyuan/Projects/FlowFigTabMiner/flowfigtabminer/lib/python3.9/site-packages/urllib3/__init__.py:35: NotOpenSSLWarning: urllib3 v2 only supports OpenSSL 1.1.1+, currently the 'ssl' module is compiled with 'LibreSSL 2.8.3'. See: https://github.com/urllib3/urllib3/issues/3020
  warnings.warn(
/Users/zhaowenyuan/Projects/FlowFigTabMiner/flowfigtabminer/lib/python3.9/site-packages/urllib3/__init__.py:35: NotOpenSSLWarning: urllib3 v2 only supports OpenSSL 1.1.1+, currently the 'ssl' module is compiled with 'LibreSSL 2.8.3'. See: https://github.com/urllib3/urllib3/issues/3020
  warnings.warn(
/Users/zhaowenyuan/Projects/FlowFigTabMiner/flowfigtabminer/lib/python3.9/site-packages/urllib3/__init__.py:35: NotOpenSSLWarning: urllib3 v2 only supports OpenSSL 1.1.1+, currently the 'ssl' module is compiled with 'LibreSSL 2.8.3'. See: https://github.com/urllib3/urllib3/issues/3020
  warnings.warn(
/Users/zhaowenyuan/Projects/FlowFigTabMiner/flowfigtabminer/lib/python3.9/site-packages/urllib3/__init__.py:35: NotOpenSSLWarning: urllib3 v2 only supports OpenSSL 1.1.1+, currently the 'ssl' module is compiled with 'LibreSSL 2.8.3'. See: https://github.com/urllib3/urllib3/issues/3020
  warnings.warn(
/Users/zhaowenyuan/Projects/FlowFigTabMiner/flowfigtabminer/lib/python3.9/site-packages/urllib3/__init__.py:35: NotOpenSSLWarning: urllib3 v2 only supports OpenSSL 1.1.1+, currently the 'ssl' module is compiled with 'LibreSSL 2.8.3'. See: https://github.com/urllib3/urllib3/issues/3020
  warnings.warn(
/Users/zhaowenyuan/Projects/FlowFigTabMiner/flowfigtabminer/lib/python3.9/site-packages/urllib3/__init__.py:35: NotOpenSSLWarning: urllib3 v2 only supports OpenSSL 1.1.1+, currently the 'ssl' module is compiled with 'LibreSSL 2.8.3'. See: https://github.com/urllib3/urllib3/issues/3020
  warnings.warn(
/Users/zhaowenyuan/Projects/FlowFigTabMiner/flowfigtabminer/lib/python3.9/site-packages/urllib3/__init__.py:35: NotOpenSSLWarning: urllib3 v2 only supports OpenSSL 1.1.1+, currently the 'ssl' module is compiled with 'LibreSSL 2.8.3'. See: https://github.com/urllib3/urllib3/issues/3020
  warnings.warn(
/Users/zhaowenyuan/Projects/FlowFigTabMiner/flowfigtabminer/lib/python3.9/site-packages/urllib3/__init__.py:35: NotOpenSSLWarning: urllib3 v2 only supports OpenSSL 1.1.1+, currently the 'ssl' module is compiled with 'LibreSSL 2.8.3'. See: https://github.com/urllib3/urllib3/issues/3020
  warnings.warn(
/Users/zhaowenyuan/Projects/FlowFigTabMiner/flowfigtabminer/lib/python3.9/site-packages/urllib3/__init__.py:35: NotOpenSSLWarning: urllib3 v2 only supports OpenSSL 1.1.1+, currently the 'ssl' module is compiled with 'LibreSSL 2.8.3'. See: https://github.com/urllib3/urllib3/issues/3020
  warnings.warn(
/Users/zhaowenyuan/Projects/FlowFigTabMiner/flowfigtabminer/lib/python3.9/site-packages/urllib3/__init__.py:35: NotOpenSSLWarning: urllib3 v2 only supports OpenSSL 1.1.1+, currently the 'ssl' module is compiled with 'LibreSSL 2.8.3'. See: https://github.com/urllib3/urllib3/issues/3020
  warnings.warn(
/Users/zhaowenyuan/Projects/FlowFigTabMiner/flowfigtabminer/lib/python3.9/site-packages/urllib3/__init__.py:35: NotOpenSSLWarning: urllib3 v2 only supports OpenSSL 1.1.1+, currently the 'ssl' module is compiled with 'LibreSSL 2.8.3'. See: https://github.com/urllib3/urllib3/issues/3020
  warnings.warn(
/Users/zhaowenyuan/Projects/FlowFigTabMiner/flowfigtabminer/lib/python3.9/site-packages/urllib3/__init__.py:35: NotOpenSSLWarning: urllib3 v2 only supports OpenSSL 1.1.1+, currently the 'ssl' module is compiled with 'LibreSSL 2.8.3'. See: https://github.com/urllib3/urllib3/issues/3020
  warnings.warn(
/Users/zhaowenyuan/Projects/FlowFigTabMiner/flowfigtabminer/lib/python3.9/site-packages/urllib3/__init__.py:35: NotOpenSSLWarning: urllib3 v2 only supports OpenSSL 1.1.1+, currently the 'ssl' module is compiled with 'LibreSSL 2.8.3'. See: https://github.com/urllib3/urllib3/issues/3020
  warnings.warn(
/Users/zhaowenyuan/Projects/FlowFigTabMiner/flowfigtabminer/lib/python3.9/site-packages/urllib3/__init__.py:35: NotOpenSSLWarning: urllib3 v2 only supports OpenSSL 1.1.1+, currently the 'ssl' module is compiled with 'LibreSSL 2.8.3'. See: https://github.com/urllib3/urllib3/issues/3020
  warnings.warn(
/Users/zhaowenyuan/Projects/FlowFigTabMiner/flowfigtabminer/lib/python3.9/site-packages/urllib3/__init__.py:35: NotOpenSSLWarning: urllib3 v2 only supports OpenSSL 1.1.1+, currently the 'ssl' module is compiled with 'LibreSSL 2.8.3'. See: https://github.com/urllib3/urllib3/issues/3020
  warnings.warn(
/Users/zhaowenyuan/Projects/FlowFigTabMiner/flowfigtabminer/lib/python3.9/site-packages/urllib3/__init__.py:35: NotOpenSSLWarning: urllib3 v2 only supports OpenSSL 1.1.1+, currently the 'ssl' module is compiled with 'LibreSSL 2.8.3'. See: https://github.com/urllib3/urllib3/issues/3020
  warnings.warn(
[33mChecking connectivity to the model hosters, this may take a while. To bypass this check, set `DISABLE_MODEL_SOURCE_CHECK` to `True`.[0m
[33mChecking connectivity to the model hosters, this may take a while. To bypass this check, set `DISABLE_MODEL_SOURCE_CHECK` to `True`.[0m
[33mChecking connectivity to the model hosters, this may take a while. To bypass this check, set `DISABLE_MODEL_SOURCE_CHECK` to `True`.[0m
[33mChecking connectivity to the model hosters, this may take a while. To bypass this check, set `DISABLE_MODEL_SOURCE_CHECK` to `True`.[0m
[33mChecking connectivity to the model hosters, this may take a while. To bypass this check, set `DISABLE_MODEL_SOURCE_CHECK` to `True`.[0m
[33mChecking connectivity to the model hosters, this may take a while. To bypass this check, set `DISABLE_MODEL_SOURCE_CHECK` to `True`.[0m
[33mChecking connectivity to the model hosters, this may take a while. To bypass this check, set `DISABLE_MODEL_SOURCE_CHECK` to `True`.[0m
[33mChecking connectivity to the model hosters, this may take a while. To bypass this check, set `DISABLE_MODEL_SOURCE_CHECK` to `True`.[0m
[33mChecking connectivity to the model hosters, this may take a while. To bypass this check, set `DISABLE_MODEL_SOURCE_CHECK` to `True`.[0m
[33mChecking connectivity to the model hosters, this may take a while. To bypass this check, set `DISABLE_MODEL_SOURCE_CHECK` to `True`.[0m
[33mChecking connectivity to the model hosters, this may take a while. To bypass this check, set `DISABLE_MODEL_SOURCE_CHECK` to `True`.[0m
[33mChecking connectivity to the model hosters, this may take a while. To bypass this check, set `DISABLE_MODEL_SOURCE_CHECK` to `True`.[0m
[33mChecking connectivity to the model hosters, this may take a while. To bypass this check, set `DISABLE_MODEL_SOURCE_CHECK` to `True`.[0m
[33mChecking connectivity to the model hosters, this may take a while. To bypass this check, set `DISABLE_MODEL_SOURCE_CHECK` to `True`.[0m
[33mChecking connectivity to the model hosters, this may take a while. To bypass this check, set `DISABLE_MODEL_SOURCE_CHECK` to `True`.[0m
[33mChecking connectivity to the model hosters, this may take a while. To bypass this check, set `DISABLE_MODEL_SOURCE_CHECK` to `True`.[0m
/Users/zhaowenyuan/Projects/FlowFigTabMiner/flowfigtabminer/lib/python3.9/site-packages/onmt/modules/sparse_activations.py:48: FutureWarning: `torch.cuda.amp.custom_fwd(args...)` is deprecated. Please use `torch.amp.custom_fwd(args..., device_type='cuda')` instead.
  def forward(ctx, input, dim=0):
/Users/zhaowenyuan/Projects/FlowFigTabMiner/flowfigtabminer/lib/python3.9/site-packages/onmt/modules/sparse_activations.py:68: FutureWarning: `torch.cuda.amp.custom_bwd(args...)` is deprecated. Please use `torch.amp.custom_bwd(args..., device_type='cuda')` instead.
  def backward(ctx, grad_output):
/Users/zhaowenyuan/Projects/FlowFigTabMiner/flowfigtabminer/lib/python3.9/site-packages/onmt/modules/sparse_losses.py:13: FutureWarning: `torch.cuda.amp.custom_fwd(args...)` is deprecated. Please use `torch.amp.custom_fwd(args..., device_type='cuda')` instead.
  def forward(ctx, input, target):
/Users/zhaowenyuan/Projects/FlowFigTabMiner/flowfigtabminer/lib/python3.9/site-packages/onmt/modules/sparse_losses.py:37: FutureWarning: `torch.cuda.amp.custom_bwd(args...)` is deprecated. Please use `torch.amp.custom_bwd(args..., device_type='cuda')` instead.
  def backward(ctx, grad_output):
chiral_center_ids (from symbols): []
/Users/zhaowenyuan/Projects/FlowFigTabMiner/flowfigtabminer/lib/python3.9/site-packages/urllib3/__init__.py:35: NotOpenSSLWarning: urllib3 v2 only supports OpenSSL 1.1.1+, currently the 'ssl' module is compiled with 'LibreSSL 2.8.3'. See: https://github.com/urllib3/urllib3/issues/3020
  warnings.warn(
/Users/zhaowenyuan/Projects/FlowFigTabMiner/flowfigtabminer/lib/python3.9/site-packages/urllib3/__init__.py:35: NotOpenSSLWarning: urllib3 v2 only supports OpenSSL 1.1.1+, currently the 'ssl' module is compiled with 'LibreSSL 2.8.3'. See: https://github.com/urllib3/urllib3/issues/3020
  warnings.warn(
/Users/zhaowenyuan/Projects/FlowFigTabMiner/flowfigtabminer/lib/python3.9/site-packages/urllib3/__init__.py:35: NotOpenSSLWarning: urllib3 v2 only supports OpenSSL 1.1.1+, currently the 'ssl' module is compiled with 'LibreSSL 2.8.3'. See: https://github.com/urllib3/urllib3/issues/3020
  warnings.warn(
/Users/zhaowenyuan/Projects/FlowFigTabMiner/flowfigtabminer/lib/python3.9/site-packages/urllib3/__init__.py:35: NotOpenSSLWarning: urllib3 v2 only supports OpenSSL 1.1.1+, currently the 'ssl' module is compiled with 'LibreSSL 2.8.3'. See: https://github.com/urllib3/urllib3/issues/3020
  warnings.warn(
/Users/zhaowenyuan/Projects/FlowFigTabMiner/flowfigtabminer/lib/python3.9/site-packages/urllib3/__init__.py:35: NotOpenSSLWarning: urllib3 v2 only supports OpenSSL 1.1.1+, currently the 'ssl' module is compiled with 'LibreSSL 2.8.3'. See: https://github.com/urllib3/urllib3/issues/3020
  warnings.warn(
/Users/zhaowenyuan/Projects/FlowFigTabMiner/flowfigtabminer/lib/python3.9/site-packages/urllib3/__init__.py:35: NotOpenSSLWarning: urllib3 v2 only supports OpenSSL 1.1.1+, currently the 'ssl' module is compiled with 'LibreSSL 2.8.3'. See: https://github.com/urllib3/urllib3/issues/3020
  warnings.warn(
/Users/zhaowenyuan/Projects/FlowFigTabMiner/flowfigtabminer/lib/python3.9/site-packages/urllib3/__init__.py:35: NotOpenSSLWarning: urllib3 v2 only supports OpenSSL 1.1.1+, currently the 'ssl' module is compiled with 'LibreSSL 2.8.3'. See: https://github.com/urllib3/urllib3/issues/3020
  warnings.warn(
/Users/zhaowenyuan/Projects/FlowFigTabMiner/flowfigtabminer/lib/python3.9/site-packages/urllib3/__init__.py:35: NotOpenSSLWarning: urllib3 v2 only supports OpenSSL 1.1.1+, currently the 'ssl' module is compiled with 'LibreSSL 2.8.3'. See: https://github.com/urllib3/urllib3/issues/3020
  warnings.warn(
/Users/zhaowenyuan/Projects/FlowFigTabMiner/flowfigtabminer/lib/python3.9/site-packages/urllib3/__init__.py:35: NotOpenSSLWarning: urllib3 v2 only supports OpenSSL 1.1.1+, currently the 'ssl' module is compiled with 'LibreSSL 2.8.3'. See: https://github.com/urllib3/urllib3/issues/3020
  warnings.warn(
/Users/zhaowenyuan/Projects/FlowFigTabMiner/flowfigtabminer/lib/python3.9/site-packages/urllib3/__init__.py:35: NotOpenSSLWarning: urllib3 v2 only supports OpenSSL 1.1.1+, currently the 'ssl' module is compiled with 'LibreSSL 2.8.3'. See: https://github.com/urllib3/urllib3/issues/3020
  warnings.warn(
/Users/zhaowenyuan/Projects/FlowFigTabMiner/flowfigtabminer/lib/python3.9/site-packages/urllib3/__init__.py:35: NotOpenSSLWarning: urllib3 v2 only supports OpenSSL 1.1.1+, currently the 'ssl' module is compiled with 'LibreSSL 2.8.3'. See: https://github.com/urllib3/urllib3/issues/3020
  warnings.warn(
/Users/zhaowenyuan/Projects/FlowFigTabMiner/flowfigtabminer/lib/python3.9/site-packages/urllib3/__init__.py:35: NotOpenSSLWarning: urllib3 v2 only supports OpenSSL 1.1.1+, currently the 'ssl' module is compiled with 'LibreSSL 2.8.3'. See: https://github.com/urllib3/urllib3/issues/3020
  warnings.warn(
/Users/zhaowenyuan/Projects/FlowFigTabMiner/flowfigtabminer/lib/python3.9/site-packages/urllib3/__init__.py:35: NotOpenSSLWarning: urllib3 v2 only supports OpenSSL 1.1.1+, currently the 'ssl' module is compiled with 'LibreSSL 2.8.3'. See: https://github.com/urllib3/urllib3/issues/3020
  warnings.warn(
/Users/zhaowenyuan/Projects/FlowFigTabMiner/flowfigtabminer/lib/python3.9/site-packages/urllib3/__init__.py:35: NotOpenSSLWarning: urllib3 v2 only supports OpenSSL 1.1.1+, currently the 'ssl' module is compiled with 'LibreSSL 2.8.3'. See: https://github.com/urllib3/urllib3/issues/3020
  warnings.warn(
/Users/zhaowenyuan/Projects/FlowFigTabMiner/flowfigtabminer/lib/python3.9/site-packages/urllib3/__init__.py:35: NotOpenSSLWarning: urllib3 v2 only supports OpenSSL 1.1.1+, currently the 'ssl' module is compiled with 'LibreSSL 2.8.3'. See: https://github.com/urllib3/urllib3/issues/3020
  warnings.warn(
/Users/zhaowenyuan/Projects/FlowFigTabMiner/flowfigtabminer/lib/python3.9/site-packages/urllib3/__init__.py:35: NotOpenSSLWarning: urllib3 v2 only supports OpenSSL 1.1.1+, currently the 'ssl' module is compiled with 'LibreSSL 2.8.3'. See: https://github.com/urllib3/urllib3/issues/3020
  warnings.warn(
[33mChecking connectivity to the model hosters, this may take a while. To bypass this check, set `DISABLE_MODEL_SOURCE_CHECK` to `True`.[0m
[33mChecking connectivity to the model hosters, this may take a while. To bypass this check, set `DISABLE_MODEL_SOURCE_CHECK` to `True`.[0m
[33mChecking connectivity to the model hosters, this may take a while. To bypass this check, set `DISABLE_MODEL_SOURCE_CHECK` to `True`.[0m
[33mChecking connectivity to the model hosters, this may take a while. To bypass this check, set `DISABLE_MODEL_SOURCE_CHECK` to `True`.[0m
[33mChecking connectivity to the model hosters, this may take a while. To bypass this check, set `DISABLE_MODEL_SOURCE_CHECK` to `True`.[0m
[33mChecking connectivity to the model hosters, this may take a while. To bypass this check, set `DISABLE_MODEL_SOURCE_CHECK` to `True`.[0m
[33mChecking connectivity to the model hosters, this may take a while. To bypass this check, set `DISABLE_MODEL_SOURCE_CHECK` to `True`.[0m
[33mChecking connectivity to the model hosters, this may take a while. To bypass this check, set `DISABLE_MODEL_SOURCE_CHECK` to `True`.[0m
[33mChecking connectivity to the model hosters, this may take a while. To bypass this check, set `DISABLE_MODEL_SOURCE_CHECK` to `True`.[0m
[33mChecking connectivity to the model hosters, this may take a while. To bypass this check, set `DISABLE_MODEL_SOURCE_CHECK` to `True`.[0m
[33mChecking connectivity to the model hosters, this may take a while. To bypass this check, set `DISABLE_MODEL_SOURCE_CHECK` to `True`.[0m
[33mChecking connectivity to the model hosters, this may take a while. To bypass this check, set `DISABLE_MODEL_SOURCE_CHECK` to `True`.[0m
[33mChecking connectivity to the model hosters, this may take a while. To bypass this check, set `DISABLE_MODEL_SOURCE_CHECK` to `True`.[0m
[33mChecking connectivity to the model hosters, this may take a while. To bypass this check, set `DISABLE_MODEL_SOURCE_CHECK` to `True`.[0m
[33mChecking connectivity to the model hosters, this may take a while. To bypass this check, set `DISABLE_MODEL_SOURCE_CHECK` to `True`.[0m
[33mChecking connectivity to the model hosters, this may take a while. To bypass this check, set `DISABLE_MODEL_SOURCE_CHECK` to `True`.[0m
/Users/zhaowenyuan/Projects/FlowFigTabMiner/flowfigtabminer/lib/python3.9/site-packages/onmt/modules/sparse_activations.py:48: FutureWarning: `torch.cuda.amp.custom_fwd(args...)` is deprecated. Please use `torch.amp.custom_fwd(args..., device_type='cuda')` instead.
  def forward(ctx, input, dim=0):
/Users/zhaowenyuan/Projects/FlowFigTabMiner/flowfigtabminer/lib/python3.9/site-packages/onmt/modules/sparse_activations.py:68: FutureWarning: `torch.cuda.amp.custom_bwd(args...)` is deprecated. Please use `torch.amp.custom_bwd(args..., device_type='cuda')` instead.
  def backward(ctx, grad_output):
/Users/zhaowenyuan/Projects/FlowFigTabMiner/flowfigtabminer/lib/python3.9/site-packages/onmt/modules/sparse_losses.py:13: FutureWarning: `torch.cuda.amp.custom_fwd(args...)` is deprecated. Please use `torch.amp.custom_fwd(args..., device_type='cuda')` instead.
  def forward(ctx, input, target):
/Users/zhaowenyuan/Projects/FlowFigTabMiner/flowfigtabminer/lib/python3.9/site-packages/onmt/modules/sparse_losses.py:37: FutureWarning: `torch.cuda.amp.custom_bwd(args...)` is deprecated. Please use `torch.amp.custom_bwd(args..., device_type='cuda')` instead.
  def backward(ctx, grad_output):
chiral_center_ids (from symbols): []
/Users/zhaowenyuan/Projects/FlowFigTabMiner/flowfigtabminer/lib/python3.9/site-packages/urllib3/__init__.py:35: NotOpenSSLWarning: urllib3 v2 only supports OpenSSL 1.1.1+, currently the 'ssl' module is compiled with 'LibreSSL 2.8.3'. See: https://github.com/urllib3/urllib3/issues/3020
  warnings.warn(
/Users/zhaowenyuan/Projects/FlowFigTabMiner/flowfigtabminer/lib/python3.9/site-packages/urllib3/__init__.py:35: NotOpenSSLWarning: urllib3 v2 only supports OpenSSL 1.1.1+, currently the 'ssl' module is compiled with 'LibreSSL 2.8.3'. See: https://github.com/urllib3/urllib3/issues/3020
  warnings.warn(
/Users/zhaowenyuan/Projects/FlowFigTabMiner/flowfigtabminer/lib/python3.9/site-packages/urllib3/__init__.py:35: NotOpenSSLWarning: urllib3 v2 only supports OpenSSL 1.1.1+, currently the 'ssl' module is compiled with 'LibreSSL 2.8.3'. See: https://github.com/urllib3/urllib3/issues/3020
  warnings.warn(
/Users/zhaowenyuan/Projects/FlowFigTabMiner/flowfigtabminer/lib/python3.9/site-packages/urllib3/__init__.py:35: NotOpenSSLWarning: urllib3 v2 only supports OpenSSL 1.1.1+, currently the 'ssl' module is compiled with 'LibreSSL 2.8.3'. See: https://github.com/urllib3/urllib3/issues/3020
  warnings.warn(
/Users/zhaowenyuan/Projects/FlowFigTabMiner/flowfigtabminer/lib/python3.9/site-packages/urllib3/__init__.py:35: NotOpenSSLWarning: urllib3 v2 only supports OpenSSL 1.1.1+, currently the 'ssl' module is compiled with 'LibreSSL 2.8.3'. See: https://github.com/urllib3/urllib3/issues/3020
  warnings.warn(
/Users/zhaowenyuan/Projects/FlowFigTabMiner/flowfigtabminer/lib/python3.9/site-packages/urllib3/__init__.py:35: NotOpenSSLWarning: urllib3 v2 only supports OpenSSL 1.1.1+, currently the 'ssl' module is compiled with 'LibreSSL 2.8.3'. See: https://github.com/urllib3/urllib3/issues/3020
  warnings.warn(
/Users/zhaowenyuan/Projects/FlowFigTabMiner/flowfigtabminer/lib/python3.9/site-packages/urllib3/__init__.py:35: NotOpenSSLWarning: urllib3 v2 only supports OpenSSL 1.1.1+, currently the 'ssl' module is compiled with 'LibreSSL 2.8.3'. See: https://github.com/urllib3/urllib3/issues/3020
  warnings.warn(
/Users/zhaowenyuan/Projects/FlowFigTabMiner/flowfigtabminer/lib/python3.9/site-packages/urllib3/__init__.py:35: NotOpenSSLWarning: urllib3 v2 only supports OpenSSL 1.1.1+, currently the 'ssl' module is compiled with 'LibreSSL 2.8.3'. See: https://github.com/urllib3/urllib3/issues/3020
  warnings.warn(
/Users/zhaowenyuan/Projects/FlowFigTabMiner/flowfigtabminer/lib/python3.9/site-packages/urllib3/__init__.py:35: NotOpenSSLWarning: urllib3 v2 only supports OpenSSL 1.1.1+, currently the 'ssl' module is compiled with 'LibreSSL 2.8.3'. See: https://github.com/urllib3/urllib3/issues/3020
  warnings.warn(
/Users/zhaowenyuan/Projects/FlowFigTabMiner/flowfigtabminer/lib/python3.9/site-packages/urllib3/__init__.py:35: NotOpenSSLWarning: urllib3 v2 only supports OpenSSL 1.1.1+, currently the 'ssl' module is compiled with 'LibreSSL 2.8.3'. See: https://github.com/urllib3/urllib3/issues/3020
  warnings.warn(
/Users/zhaowenyuan/Projects/FlowFigTabMiner/flowfigtabminer/lib/python3.9/site-packages/urllib3/__init__.py:35: NotOpenSSLWarning: urllib3 v2 only supports OpenSSL 1.1.1+, currently the 'ssl' module is compiled with 'LibreSSL 2.8.3'. See: https://github.com/urllib3/urllib3/issues/3020
  warnings.warn(
/Users/zhaowenyuan/Projects/FlowFigTabMiner/flowfigtabminer/lib/python3.9/site-packages/urllib3/__init__.py:35: NotOpenSSLWarning: urllib3 v2 only supports OpenSSL 1.1.1+, currently the 'ssl' module is compiled with 'LibreSSL 2.8.3'. See: https://github.com/urllib3/urllib3/issues/3020
  warnings.warn(
/Users/zhaowenyuan/Projects/FlowFigTabMiner/flowfigtabminer/lib/python3.9/site-packages/urllib3/__init__.py:35: NotOpenSSLWarning: urllib3 v2 only supports OpenSSL 1.1.1+, currently the 'ssl' module is compiled with 'LibreSSL 2.8.3'. See: https://github.com/urllib3/urllib3/issues/3020
  warnings.warn(
/Users/zhaowenyuan/Projects/FlowFigTabMiner/flowfigtabminer/lib/python3.9/site-packages/urllib3/__init__.py:35: NotOpenSSLWarning: urllib3 v2 only supports OpenSSL 1.1.1+, currently the 'ssl' module is compiled with 'LibreSSL 2.8.3'. See: https://github.com/urllib3/urllib3/issues/3020
  warnings.warn(
/Users/zhaowenyuan/Projects/FlowFigTabMiner/flowfigtabminer/lib/python3.9/site-packages/urllib3/__init__.py:35: NotOpenSSLWarning: urllib3 v2 only supports OpenSSL 1.1.1+, currently the 'ssl' module is compiled with 'LibreSSL 2.8.3'. See: https://github.com/urllib3/urllib3/issues/3020
  warnings.warn(
/Users/zhaowenyuan/Projects/FlowFigTabMiner/flowfigtabminer/lib/python3.9/site-packages/urllib3/__init__.py:35: NotOpenSSLWarning: urllib3 v2 only supports OpenSSL 1.1.1+, currently the 'ssl' module is compiled with 'LibreSSL 2.8.3'. See: https://github.com/urllib3/urllib3/issues/3020
  warnings.warn(
[33mChecking connectivity to the model hosters, this may take a while. To bypass this check, set `DISABLE_MODEL_SOURCE_CHECK` to `True`.[0m
[33mChecking connectivity to the model hosters, this may take a while. To bypass this check, set `DISABLE_MODEL_SOURCE_CHECK` to `True`.[0m
[33mChecking connectivity to the model hosters, this may take a while. To bypass this check, set `DISABLE_MODEL_SOURCE_CHECK` to `True`.[0m
[33mChecking connectivity to the model hosters, this may take a while. To bypass this check, set `DISABLE_MODEL_SOURCE_CHECK` to `True`.[0m
[33mChecking connectivity to the model hosters, this may take a while. To bypass this check, set `DISABLE_MODEL_SOURCE_CHECK` to `True`.[0m
[33mChecking connectivity to the model hosters, this may take a while. To bypass this check, set `DISABLE_MODEL_SOURCE_CHECK` to `True`.[0m
[33mChecking connectivity to the model hosters, this may take a while. To bypass this check, set `DISABLE_MODEL_SOURCE_CHECK` to `True`.[0m
[33mChecking connectivity to the model hosters, this may take a while. To bypass this check, set `DISABLE_MODEL_SOURCE_CHECK` to `True`.[0m
[33mChecking connectivity to the model hosters, this may take a while. To bypass this check, set `DISABLE_MODEL_SOURCE_CHECK` to `True`.[0m
[33mChecking connectivity to the model hosters, this may take a while. To bypass this check, set `DISABLE_MODEL_SOURCE_CHECK` to `True`.[0m
[33mChecking connectivity to the model hosters, this may take a while. To bypass this check, set `DISABLE_MODEL_SOURCE_CHECK` to `True`.[0m
[33mChecking connectivity to the model hosters, this may take a while. To bypass this check, set `DISABLE_MODEL_SOURCE_CHECK` to `True`.[0m
[33mChecking connectivity to the model hosters, this may take a while. To bypass this check, set `DISABLE_MODEL_SOURCE_CHECK` to `True`.[0m
[33mChecking connectivity to the model hosters, this may take a while. To bypass this check, set `DISABLE_MODEL_SOURCE_CHECK` to `True`.[0m
[33mChecking connectivity to the model hosters, this may take a while. To bypass this check, set `DISABLE_MODEL_SOURCE_CHECK` to `True`.[0m
[33mChecking connectivity to the model hosters, this may take a while. To bypass this check, set `DISABLE_MODEL_SOURCE_CHECK` to `True`.[0m
/Users/zhaowenyuan/Projects/FlowFigTabMiner/flowfigtabminer/lib/python3.9/site-packages/onmt/modules/sparse_activations.py:48: FutureWarning: `torch.cuda.amp.custom_fwd(args...)` is deprecated. Please use `torch.amp.custom_fwd(args..., device_type='cuda')` instead.
  def forward(ctx, input, dim=0):
/Users/zhaowenyuan/Projects/FlowFigTabMiner/flowfigtabminer/lib/python3.9/site-packages/onmt/modules/sparse_activations.py:68: FutureWarning: `torch.cuda.amp.custom_bwd(args...)` is deprecated. Please use `torch.amp.custom_bwd(args..., device_type='cuda')` instead.
  def backward(ctx, grad_output):
/Users/zhaowenyuan/Projects/FlowFigTabMiner/flowfigtabminer/lib/python3.9/site-packages/onmt/modules/sparse_activations.py:48: FutureWarning: `torch.cuda.amp.custom_fwd(args...)` is deprecated. Please use `torch.amp.custom_fwd(args..., device_type='cuda')` instead.
  def forward(ctx, input, dim=0):
/Users/zhaowenyuan/Projects/FlowFigTabMiner/flowfigtabminer/lib/python3.9/site-packages/onmt/modules/sparse_activations.py:68: FutureWarning: `torch.cuda.amp.custom_bwd(args...)` is deprecated. Please use `torch.amp.custom_bwd(args..., device_type='cuda')` instead.
  def backward(ctx, grad_output):
/Users/zhaowenyuan/Projects/FlowFigTabMiner/flowfigtabminer/lib/python3.9/site-packages/onmt/modules/sparse_losses.py:13: FutureWarning: `torch.cuda.amp.custom_fwd(args...)` is deprecated. Please use `torch.amp.custom_fwd(args..., device_type='cuda')` instead.
  def forward(ctx, input, target):
/Users/zhaowenyuan/Projects/FlowFigTabMiner/flowfigtabminer/lib/python3.9/site-packages/onmt/modules/sparse_losses.py:37: FutureWarning: `torch.cuda.amp.custom_bwd(args...)` is deprecated. Please use `torch.amp.custom_bwd(args..., device_type='cuda')` instead.
  def backward(ctx, grad_output):
/Users/zhaowenyuan/Projects/FlowFigTabMiner/flowfigtabminer/lib/python3.9/site-packages/onmt/modules/sparse_losses.py:13: FutureWarning: `torch.cuda.amp.custom_fwd(args...)` is deprecated. Please use `torch.amp.custom_fwd(args..., device_type='cuda')` instead.
  def forward(ctx, input, target):
/Users/zhaowenyuan/Projects/FlowFigTabMiner/flowfigtabminer/lib/python3.9/site-packages/onmt/modules/sparse_losses.py:37: FutureWarning: `torch.cuda.amp.custom_bwd(args...)` is deprecated. Please use `torch.amp.custom_bwd(args..., device_type='cuda')` instead.
  def backward(ctx, grad_output):
/Users/zhaowenyuan/Projects/FlowFigTabMiner/flowfigtabminer/lib/python3.9/site-packages/onmt/modules/sparse_activations.py:48: FutureWarning: `torch.cuda.amp.custom_fwd(args...)` is deprecated. Please use `torch.amp.custom_fwd(args..., device_type='cuda')` instead.
  def forward(ctx, input, dim=0):
/Users/zhaowenyuan/Projects/FlowFigTabMiner/flowfigtabminer/lib/python3.9/site-packages/onmt/modules/sparse_activations.py:68: FutureWarning: `torch.cuda.amp.custom_bwd(args...)` is deprecated. Please use `torch.amp.custom_bwd(args..., device_type='cuda')` instead.
  def backward(ctx, grad_output):
/Users/zhaowenyuan/Projects/FlowFigTabMiner/flowfigtabminer/lib/python3.9/site-packages/onmt/modules/sparse_losses.py:13: FutureWarning: `torch.cuda.amp.custom_fwd(args...)` is deprecated. Please use `torch.amp.custom_fwd(args..., device_type='cuda')` instead.
  def forward(ctx, input, target):
/Users/zhaowenyuan/Projects/FlowFigTabMiner/flowfigtabminer/lib/python3.9/site-packages/onmt/modules/sparse_losses.py:37: FutureWarning: `torch.cuda.amp.custom_bwd(args...)` is deprecated. Please use `torch.amp.custom_bwd(args..., device_type='cuda')` instead.
  def backward(ctx, grad_output):
chiral_center_ids (from symbols): []
/Users/zhaowenyuan/Projects/FlowFigTabMiner/flowfigtabminer/lib/python3.9/site-packages/urllib3/__init__.py:35: NotOpenSSLWarning: urllib3 v2 only supports OpenSSL 1.1.1+, currently the 'ssl' module is compiled with 'LibreSSL 2.8.3'. See: https://github.com/urllib3/urllib3/issues/3020
  warnings.warn(
/Users/zhaowenyuan/Projects/FlowFigTabMiner/flowfigtabminer/lib/python3.9/site-packages/urllib3/__init__.py:35: NotOpenSSLWarning: urllib3 v2 only supports OpenSSL 1.1.1+, currently the 'ssl' module is compiled with 'LibreSSL 2.8.3'. See: https://github.com/urllib3/urllib3/issues/3020
  warnings.warn(
/Users/zhaowenyuan/Projects/FlowFigTabMiner/flowfigtabminer/lib/python3.9/site-packages/urllib3/__init__.py:35: NotOpenSSLWarning: urllib3 v2 only supports OpenSSL 1.1.1+, currently the 'ssl' module is compiled with 'LibreSSL 2.8.3'. See: https://github.com/urllib3/urllib3/issues/3020
  warnings.warn(
/Users/zhaowenyuan/Projects/FlowFigTabMiner/flowfigtabminer/lib/python3.9/site-packages/urllib3/__init__.py:35: NotOpenSSLWarning: urllib3 v2 only supports OpenSSL 1.1.1+, currently the 'ssl' module is compiled with 'LibreSSL 2.8.3'. See: https://github.com/urllib3/urllib3/issues/3020
  warnings.warn(
/Users/zhaowenyuan/Projects/FlowFigTabMiner/flowfigtabminer/lib/python3.9/site-packages/urllib3/__init__.py:35: NotOpenSSLWarning: urllib3 v2 only supports OpenSSL 1.1.1+, currently the 'ssl' module is compiled with 'LibreSSL 2.8.3'. See: https://github.com/urllib3/urllib3/issues/3020
  warnings.warn(
/Users/zhaowenyuan/Projects/FlowFigTabMiner/flowfigtabminer/lib/python3.9/site-packages/urllib3/__init__.py:35: NotOpenSSLWarning: urllib3 v2 only supports OpenSSL 1.1.1+, currently the 'ssl' module is compiled with 'LibreSSL 2.8.3'. See: https://github.com/urllib3/urllib3/issues/3020
  warnings.warn(
/Users/zhaowenyuan/Projects/FlowFigTabMiner/flowfigtabminer/lib/python3.9/site-packages/urllib3/__init__.py:35: NotOpenSSLWarning: urllib3 v2 only supports OpenSSL 1.1.1+, currently the 'ssl' module is compiled with 'LibreSSL 2.8.3'. See: https://github.com/urllib3/urllib3/issues/3020
  warnings.warn(
/Users/zhaowenyuan/Projects/FlowFigTabMiner/flowfigtabminer/lib/python3.9/site-packages/urllib3/__init__.py:35: NotOpenSSLWarning: urllib3 v2 only supports OpenSSL 1.1.1+, currently the 'ssl' module is compiled with 'LibreSSL 2.8.3'. See: https://github.com/urllib3/urllib3/issues/3020
  warnings.warn(
/Users/zhaowenyuan/Projects/FlowFigTabMiner/flowfigtabminer/lib/python3.9/site-packages/urllib3/__init__.py:35: NotOpenSSLWarning: urllib3 v2 only supports OpenSSL 1.1.1+, currently the 'ssl' module is compiled with 'LibreSSL 2.8.3'. See: https://github.com/urllib3/urllib3/issues/3020
  warnings.warn(
/Users/zhaowenyuan/Projects/FlowFigTabMiner/flowfigtabminer/lib/python3.9/site-packages/urllib3/__init__.py:35: NotOpenSSLWarning: urllib3 v2 only supports OpenSSL 1.1.1+, currently the 'ssl' module is compiled with 'LibreSSL 2.8.3'. See: https://github.com/urllib3/urllib3/issues/3020
  warnings.warn(
/Users/zhaowenyuan/Projects/FlowFigTabMiner/flowfigtabminer/lib/python3.9/site-packages/urllib3/__init__.py:35: NotOpenSSLWarning: urllib3 v2 only supports OpenSSL 1.1.1+, currently the 'ssl' module is compiled with 'LibreSSL 2.8.3'. See: https://github.com/urllib3/urllib3/issues/3020
  warnings.warn(
/Users/zhaowenyuan/Projects/FlowFigTabMiner/flowfigtabminer/lib/python3.9/site-packages/urllib3/__init__.py:35: NotOpenSSLWarning: urllib3 v2 only supports OpenSSL 1.1.1+, currently the 'ssl' module is compiled with 'LibreSSL 2.8.3'. See: https://github.com/urllib3/urllib3/issues/3020
  warnings.warn(
/Users/zhaowenyuan/Projects/FlowFigTabMiner/flowfigtabminer/lib/python3.9/site-packages/urllib3/__init__.py:35: NotOpenSSLWarning: urllib3 v2 only supports OpenSSL 1.1.1+, currently the 'ssl' module is compiled with 'LibreSSL 2.8.3'. See: https://github.com/urllib3/urllib3/issues/3020
  warnings.warn(
/Users/zhaowenyuan/Projects/FlowFigTabMiner/flowfigtabminer/lib/python3.9/site-packages/urllib3/__init__.py:35: NotOpenSSLWarning: urllib3 v2 only supports OpenSSL 1.1.1+, currently the 'ssl' module is compiled with 'LibreSSL 2.8.3'. See: https://github.com/urllib3/urllib3/issues/3020
  warnings.warn(
/Users/zhaowenyuan/Projects/FlowFigTabMiner/flowfigtabminer/lib/python3.9/site-packages/urllib3/__init__.py:35: NotOpenSSLWarning: urllib3 v2 only supports OpenSSL 1.1.1+, currently the 'ssl' module is compiled with 'LibreSSL 2.8.3'. See: https://github.com/urllib3/urllib3/issues/3020
  warnings.warn(
/Users/zhaowenyuan/Projects/FlowFigTabMiner/flowfigtabminer/lib/python3.9/site-packages/urllib3/__init__.py:35: NotOpenSSLWarning: urllib3 v2 only supports OpenSSL 1.1.1+, currently the 'ssl' module is compiled with 'LibreSSL 2.8.3'. See: https://github.com/urllib3/urllib3/issues/3020
  warnings.warn(
[33mChecking connectivity to the model hosters, this may take a while. To bypass this check, set `DISABLE_MODEL_SOURCE_CHECK` to `True`.[0m
[33mChecking connectivity to the model hosters, this may take a while. To bypass this check, set `DISABLE_MODEL_SOURCE_CHECK` to `True`.[0m
[33mChecking connectivity to the model hosters, this may take a while. To bypass this check, set `DISABLE_MODEL_SOURCE_CHECK` to `True`.[0m
[33mChecking connectivity to the model hosters, this may take a while. To bypass this check, set `DISABLE_MODEL_SOURCE_CHECK` to `True`.[0m
[33mChecking connectivity to the model hosters, this may take a while. To bypass this check, set `DISABLE_MODEL_SOURCE_CHECK` to `True`.[0m
[33mChecking connectivity to the model hosters, this may take a while. To bypass this check, set `DISABLE_MODEL_SOURCE_CHECK` to `True`.[0m
[33mChecking connectivity to the model hosters, this may take a while. To bypass this check, set `DISABLE_MODEL_SOURCE_CHECK` to `True`.[0m
[33mChecking connectivity to the model hosters, this may take a while. To bypass this check, set `DISABLE_MODEL_SOURCE_CHECK` to `True`.[0m
[33mChecking connectivity to the model hosters, this may take a while. To bypass this check, set `DISABLE_MODEL_SOURCE_CHECK` to `True`.[0m
[33mChecking connectivity to the model hosters, this may take a while. To bypass this check, set `DISABLE_MODEL_SOURCE_CHECK` to `True`.[0m
[33mChecking connectivity to the model hosters, this may take a while. To bypass this check, set `DISABLE_MODEL_SOURCE_CHECK` to `True`.[0m
[33mChecking connectivity to the model hosters, this may take a while. To bypass this check, set `DISABLE_MODEL_SOURCE_CHECK` to `True`.[0m
[33mChecking connectivity to the model hosters, this may take a while. To bypass this check, set `DISABLE_MODEL_SOURCE_CHECK` to `True`.[0m
[33mChecking connectivity to the model hosters, this may take a while. To bypass this check, set `DISABLE_MODEL_SOURCE_CHECK` to `True`.[0m
[33mChecking connectivity to the model hosters, this may take a while. To bypass this check, set `DISABLE_MODEL_SOURCE_CHECK` to `True`.[0m
[33mChecking connectivity to the model hosters, this may take a while. To bypass this check, set `DISABLE_MODEL_SOURCE_CHECK` to `True`.[0m
/Users/zhaowenyuan/Projects/FlowFigTabMiner/flowfigtabminer/lib/python3.9/site-packages/onmt/modules/sparse_activations.py:48: FutureWarning: `torch.cuda.amp.custom_fwd(args...)` is deprecated. Please use `torch.amp.custom_fwd(args..., device_type='cuda')` instead.
  def forward(ctx, input, dim=0):
/Users/zhaowenyuan/Projects/FlowFigTabMiner/flowfigtabminer/lib/python3.9/site-packages/onmt/modules/sparse_activations.py:48: FutureWarning: `torch.cuda.amp.custom_fwd(args...)` is deprecated. Please use `torch.amp.custom_fwd(args..., device_type='cuda')` instead.
  def forward(ctx, input, dim=0):
/Users/zhaowenyuan/Projects/FlowFigTabMiner/flowfigtabminer/lib/python3.9/site-packages/onmt/modules/sparse_activations.py:68: FutureWarning: `torch.cuda.amp.custom_bwd(args...)` is deprecated. Please use `torch.amp.custom_bwd(args..., device_type='cuda')` instead.
  def backward(ctx, grad_output):
/Users/zhaowenyuan/Projects/FlowFigTabMiner/flowfigtabminer/lib/python3.9/site-packages/onmt/modules/sparse_activations.py:68: FutureWarning: `torch.cuda.amp.custom_bwd(args...)` is deprecated. Please use `torch.amp.custom_bwd(args..., device_type='cuda')` instead.
  def backward(ctx, grad_output):
/Users/zhaowenyuan/Projects/FlowFigTabMiner/flowfigtabminer/lib/python3.9/site-packages/onmt/modules/sparse_losses.py:13: FutureWarning: `torch.cuda.amp.custom_fwd(args...)` is deprecated. Please use `torch.amp.custom_fwd(args..., device_type='cuda')` instead.
  def forward(ctx, input, target):
/Users/zhaowenyuan/Projects/FlowFigTabMiner/flowfigtabminer/lib/python3.9/site-packages/onmt/modules/sparse_losses.py:37: FutureWarning: `torch.cuda.amp.custom_bwd(args...)` is deprecated. Please use `torch.amp.custom_bwd(args..., device_type='cuda')` instead.
  def backward(ctx, grad_output):
/Users/zhaowenyuan/Projects/FlowFigTabMiner/flowfigtabminer/lib/python3.9/site-packages/onmt/modules/sparse_losses.py:13: FutureWarning: `torch.cuda.amp.custom_fwd(args...)` is deprecated. Please use `torch.amp.custom_fwd(args..., device_type='cuda')` instead.
  def forward(ctx, input, target):
/Users/zhaowenyuan/Projects/FlowFigTabMiner/flowfigtabminer/lib/python3.9/site-packages/onmt/modules/sparse_losses.py:37: FutureWarning: `torch.cuda.amp.custom_bwd(args...)` is deprecated. Please use `torch.amp.custom_bwd(args..., device_type='cuda')` instead.
  def backward(ctx, grad_output):
/Users/zhaowenyuan/Projects/FlowFigTabMiner/flowfigtabminer/lib/python3.9/site-packages/onmt/modules/sparse_activations.py:48: FutureWarning: `torch.cuda.amp.custom_fwd(args...)` is deprecated. Please use `torch.amp.custom_fwd(args..., device_type='cuda')` instead.
  def forward(ctx, input, dim=0):
/Users/zhaowenyuan/Projects/FlowFigTabMiner/flowfigtabminer/lib/python3.9/site-packages/onmt/modules/sparse_activations.py:48: FutureWarning: `torch.cuda.amp.custom_fwd(args...)` is deprecated. Please use `torch.amp.custom_fwd(args..., device_type='cuda')` instead.
  def forward(ctx, input, dim=0):
/Users/zhaowenyuan/Projects/FlowFigTabMiner/flowfigtabminer/lib/python3.9/site-packages/onmt/modules/sparse_activations.py:68: FutureWarning: `torch.cuda.amp.custom_bwd(args...)` is deprecated. Please use `torch.amp.custom_bwd(args..., device_type='cuda')` instead.
  def backward(ctx, grad_output):
/Users/zhaowenyuan/Projects/FlowFigTabMiner/flowfigtabminer/lib/python3.9/site-packages/onmt/modules/sparse_activations.py:68: FutureWarning: `torch.cuda.amp.custom_bwd(args...)` is deprecated. Please use `torch.amp.custom_bwd(args..., device_type='cuda')` instead.
  def backward(ctx, grad_output):
/Users/zhaowenyuan/Projects/FlowFigTabMiner/flowfigtabminer/lib/python3.9/site-packages/onmt/modules/sparse_losses.py:13: FutureWarning: `torch.cuda.amp.custom_fwd(args...)` is deprecated. Please use `torch.amp.custom_fwd(args..., device_type='cuda')` instead.
  def forward(ctx, input, target):
/Users/zhaowenyuan/Projects/FlowFigTabMiner/flowfigtabminer/lib/python3.9/site-packages/onmt/modules/sparse_losses.py:37: FutureWarning: `torch.cuda.amp.custom_bwd(args...)` is deprecated. Please use `torch.amp.custom_bwd(args..., device_type='cuda')` instead.
  def backward(ctx, grad_output):
/Users/zhaowenyuan/Projects/FlowFigTabMiner/flowfigtabminer/lib/python3.9/site-packages/onmt/modules/sparse_losses.py:13: FutureWarning: `torch.cuda.amp.custom_fwd(args...)` is deprecated. Please use `torch.amp.custom_fwd(args..., device_type='cuda')` instead.
  def forward(ctx, input, target):
/Users/zhaowenyuan/Projects/FlowFigTabMiner/flowfigtabminer/lib/python3.9/site-packages/onmt/modules/sparse_losses.py:37: FutureWarning: `torch.cuda.amp.custom_bwd(args...)` is deprecated. Please use `torch.amp.custom_bwd(args..., device_type='cuda')` instead.
  def backward(ctx, grad_output):
chiral_center_ids (from symbols): []
/Users/zhaowenyuan/Projects/FlowFigTabMiner/flowfigtabminer/lib/python3.9/site-packages/urllib3/__init__.py:35: NotOpenSSLWarning: urllib3 v2 only supports OpenSSL 1.1.1+, currently the 'ssl' module is compiled with 'LibreSSL 2.8.3'. See: https://github.com/urllib3/urllib3/issues/3020
  warnings.warn(
/Users/zhaowenyuan/Projects/FlowFigTabMiner/flowfigtabminer/lib/python3.9/site-packages/urllib3/__init__.py:35: NotOpenSSLWarning: urllib3 v2 only supports OpenSSL 1.1.1+, currently the 'ssl' module is compiled with 'LibreSSL 2.8.3'. See: https://github.com/urllib3/urllib3/issues/3020
  warnings.warn(
/Users/zhaowenyuan/Projects/FlowFigTabMiner/flowfigtabminer/lib/python3.9/site-packages/urllib3/__init__.py:35: NotOpenSSLWarning: urllib3 v2 only supports OpenSSL 1.1.1+, currently the 'ssl' module is compiled with 'LibreSSL 2.8.3'. See: https://github.com/urllib3/urllib3/issues/3020
  warnings.warn(
/Users/zhaowenyuan/Projects/FlowFigTabMiner/flowfigtabminer/lib/python3.9/site-packages/urllib3/__init__.py:35: NotOpenSSLWarning: urllib3 v2 only supports OpenSSL 1.1.1+, currently the 'ssl' module is compiled with 'LibreSSL 2.8.3'. See: https://github.com/urllib3/urllib3/issues/3020
  warnings.warn(
/Users/zhaowenyuan/Projects/FlowFigTabMiner/flowfigtabminer/lib/python3.9/site-packages/urllib3/__init__.py:35: NotOpenSSLWarning: urllib3 v2 only supports OpenSSL 1.1.1+, currently the 'ssl' module is compiled with 'LibreSSL 2.8.3'. See: https://github.com/urllib3/urllib3/issues/3020
  warnings.warn(
/Users/zhaowenyuan/Projects/FlowFigTabMiner/flowfigtabminer/lib/python3.9/site-packages/urllib3/__init__.py:35: NotOpenSSLWarning: urllib3 v2 only supports OpenSSL 1.1.1+, currently the 'ssl' module is compiled with 'LibreSSL 2.8.3'. See: https://github.com/urllib3/urllib3/issues/3020
  warnings.warn(
/Users/zhaowenyuan/Projects/FlowFigTabMiner/flowfigtabminer/lib/python3.9/site-packages/urllib3/__init__.py:35: NotOpenSSLWarning: urllib3 v2 only supports OpenSSL 1.1.1+, currently the 'ssl' module is compiled with 'LibreSSL 2.8.3'. See: https://github.com/urllib3/urllib3/issues/3020
  warnings.warn(
/Users/zhaowenyuan/Projects/FlowFigTabMiner/flowfigtabminer/lib/python3.9/site-packages/urllib3/__init__.py:35: NotOpenSSLWarning: urllib3 v2 only supports OpenSSL 1.1.1+, currently the 'ssl' module is compiled with 'LibreSSL 2.8.3'. See: https://github.com/urllib3/urllib3/issues/3020
  warnings.warn(
/Users/zhaowenyuan/Projects/FlowFigTabMiner/flowfigtabminer/lib/python3.9/site-packages/urllib3/__init__.py:35: NotOpenSSLWarning: urllib3 v2 only supports OpenSSL 1.1.1+, currently the 'ssl' module is compiled with 'LibreSSL 2.8.3'. See: https://github.com/urllib3/urllib3/issues/3020
  warnings.warn(
/Users/zhaowenyuan/Projects/FlowFigTabMiner/flowfigtabminer/lib/python3.9/site-packages/urllib3/__init__.py:35: NotOpenSSLWarning: urllib3 v2 only supports OpenSSL 1.1.1+, currently the 'ssl' module is compiled with 'LibreSSL 2.8.3'. See: https://github.com/urllib3/urllib3/issues/3020
  warnings.warn(
/Users/zhaowenyuan/Projects/FlowFigTabMiner/flowfigtabminer/lib/python3.9/site-packages/urllib3/__init__.py:35: NotOpenSSLWarning: urllib3 v2 only supports OpenSSL 1.1.1+, currently the 'ssl' module is compiled with 'LibreSSL 2.8.3'. See: https://github.com/urllib3/urllib3/issues/3020
  warnings.warn(
/Users/zhaowenyuan/Projects/FlowFigTabMiner/flowfigtabminer/lib/python3.9/site-packages/urllib3/__init__.py:35: NotOpenSSLWarning: urllib3 v2 only supports OpenSSL 1.1.1+, currently the 'ssl' module is compiled with 'LibreSSL 2.8.3'. See: https://github.com/urllib3/urllib3/issues/3020
  warnings.warn(
/Users/zhaowenyuan/Projects/FlowFigTabMiner/flowfigtabminer/lib/python3.9/site-packages/urllib3/__init__.py:35: NotOpenSSLWarning: urllib3 v2 only supports OpenSSL 1.1.1+, currently the 'ssl' module is compiled with 'LibreSSL 2.8.3'. See: https://github.com/urllib3/urllib3/issues/3020
  warnings.warn(
/Users/zhaowenyuan/Projects/FlowFigTabMiner/flowfigtabminer/lib/python3.9/site-packages/urllib3/__init__.py:35: NotOpenSSLWarning: urllib3 v2 only supports OpenSSL 1.1.1+, currently the 'ssl' module is compiled with 'LibreSSL 2.8.3'. See: https://github.com/urllib3/urllib3/issues/3020
  warnings.warn(
/Users/zhaowenyuan/Projects/FlowFigTabMiner/flowfigtabminer/lib/python3.9/site-packages/urllib3/__init__.py:35: NotOpenSSLWarning: urllib3 v2 only supports OpenSSL 1.1.1+, currently the 'ssl' module is compiled with 'LibreSSL 2.8.3'. See: https://github.com/urllib3/urllib3/issues/3020
  warnings.warn(
/Users/zhaowenyuan/Projects/FlowFigTabMiner/flowfigtabminer/lib/python3.9/site-packages/urllib3/__init__.py:35: NotOpenSSLWarning: urllib3 v2 only supports OpenSSL 1.1.1+, currently the 'ssl' module is compiled with 'LibreSSL 2.8.3'. See: https://github.com/urllib3/urllib3/issues/3020
  warnings.warn(
[33mChecking connectivity to the model hosters, this may take a while. To bypass this check, set `DISABLE_MODEL_SOURCE_CHECK` to `True`.[0m
[33mChecking connectivity to the model hosters, this may take a while. To bypass this check, set `DISABLE_MODEL_SOURCE_CHECK` to `True`.[0m
[33mChecking connectivity to the model hosters, this may take a while. To bypass this check, set `DISABLE_MODEL_SOURCE_CHECK` to `True`.[0m
[33mChecking connectivity to the model hosters, this may take a while. To bypass this check, set `DISABLE_MODEL_SOURCE_CHECK` to `True`.[0m
[33mChecking connectivity to the model hosters, this may take a while. To bypass this check, set `DISABLE_MODEL_SOURCE_CHECK` to `True`.[0m
[33mChecking connectivity to the model hosters, this may take a while. To bypass this check, set `DISABLE_MODEL_SOURCE_CHECK` to `True`.[0m
[33mChecking connectivity to the model hosters, this may take a while. To bypass this check, set `DISABLE_MODEL_SOURCE_CHECK` to `True`.[0m
[33mChecking connectivity to the model hosters, this may take a while. To bypass this check, set `DISABLE_MODEL_SOURCE_CHECK` to `True`.[0m
[33mChecking connectivity to the model hosters, this may take a while. To bypass this check, set `DISABLE_MODEL_SOURCE_CHECK` to `True`.[0m
[33mChecking connectivity to the model hosters, this may take a while. To bypass this check, set `DISABLE_MODEL_SOURCE_CHECK` to `True`.[0m
[33mChecking connectivity to the model hosters, this may take a while. To bypass this check, set `DISABLE_MODEL_SOURCE_CHECK` to `True`.[0m
[33mChecking connectivity to the model hosters, this may take a while. To bypass this check, set `DISABLE_MODEL_SOURCE_CHECK` to `True`.[0m
[33mChecking connectivity to the model hosters, this may take a while. To bypass this check, set `DISABLE_MODEL_SOURCE_CHECK` to `True`.[0m
[33mChecking connectivity to the model hosters, this may take a while. To bypass this check, set `DISABLE_MODEL_SOURCE_CHECK` to `True`.[0m
[33mChecking connectivity to the model hosters, this may take a while. To bypass this check, set `DISABLE_MODEL_SOURCE_CHECK` to `True`.[0m
[33mChecking connectivity to the model hosters, this may take a while. To bypass this check, set `DISABLE_MODEL_SOURCE_CHECK` to `True`.[0m
/Users/zhaowenyuan/Projects/FlowFigTabMiner/flowfigtabminer/lib/python3.9/site-packages/onmt/modules/sparse_activations.py:48: FutureWarning: `torch.cuda.amp.custom_fwd(args...)` is deprecated. Please use `torch.amp.custom_fwd(args..., device_type='cuda')` instead.
  def forward(ctx, input, dim=0):
/Users/zhaowenyuan/Projects/FlowFigTabMiner/flowfigtabminer/lib/python3.9/site-packages/onmt/modules/sparse_activations.py:68: FutureWarning: `torch.cuda.amp.custom_bwd(args...)` is deprecated. Please use `torch.amp.custom_bwd(args..., device_type='cuda')` instead.
  def backward(ctx, grad_output):
/Users/zhaowenyuan/Projects/FlowFigTabMiner/flowfigtabminer/lib/python3.9/site-packages/onmt/modules/sparse_activations.py:48: FutureWarning: `torch.cuda.amp.custom_fwd(args...)` is deprecated. Please use `torch.amp.custom_fwd(args..., device_type='cuda')` instead.
  def forward(ctx, input, dim=0):
/Users/zhaowenyuan/Projects/FlowFigTabMiner/flowfigtabminer/lib/python3.9/site-packages/onmt/modules/sparse_activations.py:68: FutureWarning: `torch.cuda.amp.custom_bwd(args...)` is deprecated. Please use `torch.amp.custom_bwd(args..., device_type='cuda')` instead.
  def backward(ctx, grad_output):
/Users/zhaowenyuan/Projects/FlowFigTabMiner/flowfigtabminer/lib/python3.9/site-packages/onmt/modules/sparse_losses.py:13: FutureWarning: `torch.cuda.amp.custom_fwd(args...)` is deprecated. Please use `torch.amp.custom_fwd(args..., device_type='cuda')` instead.
  def forward(ctx, input, target):
/Users/zhaowenyuan/Projects/FlowFigTabMiner/flowfigtabminer/lib/python3.9/site-packages/onmt/modules/sparse_losses.py:37: FutureWarning: `torch.cuda.amp.custom_bwd(args...)` is deprecated. Please use `torch.amp.custom_bwd(args..., device_type='cuda')` instead.
  def backward(ctx, grad_output):
/Users/zhaowenyuan/Projects/FlowFigTabMiner/flowfigtabminer/lib/python3.9/site-packages/onmt/modules/sparse_losses.py:13: FutureWarning: `torch.cuda.amp.custom_fwd(args...)` is deprecated. Please use `torch.amp.custom_fwd(args..., device_type='cuda')` instead.
  def forward(ctx, input, target):
/Users/zhaowenyuan/Projects/FlowFigTabMiner/flowfigtabminer/lib/python3.9/site-packages/onmt/modules/sparse_losses.py:37: FutureWarning: `torch.cuda.amp.custom_bwd(args...)` is deprecated. Please use `torch.amp.custom_bwd(args..., device_type='cuda')` instead.
  def backward(ctx, grad_output):
chiral_center_ids (from symbols): []
/Users/zhaowenyuan/Projects/FlowFigTabMiner/flowfigtabminer/lib/python3.9/site-packages/urllib3/__init__.py:35: NotOpenSSLWarning: urllib3 v2 only supports OpenSSL 1.1.1+, currently the 'ssl' module is compiled with 'LibreSSL 2.8.3'. See: https://github.com/urllib3/urllib3/issues/3020
  warnings.warn(
/Users/zhaowenyuan/Projects/FlowFigTabMiner/flowfigtabminer/lib/python3.9/site-packages/urllib3/__init__.py:35: NotOpenSSLWarning: urllib3 v2 only supports OpenSSL 1.1.1+, currently the 'ssl' module is compiled with 'LibreSSL 2.8.3'. See: https://github.com/urllib3/urllib3/issues/3020
  warnings.warn(
/Users/zhaowenyuan/Projects/FlowFigTabMiner/flowfigtabminer/lib/python3.9/site-packages/urllib3/__init__.py:35: NotOpenSSLWarning: urllib3 v2 only supports OpenSSL 1.1.1+, currently the 'ssl' module is compiled with 'LibreSSL 2.8.3'. See: https://github.com/urllib3/urllib3/issues/3020
  warnings.warn(
/Users/zhaowenyuan/Projects/FlowFigTabMiner/flowfigtabminer/lib/python3.9/site-packages/urllib3/__init__.py:35: NotOpenSSLWarning: urllib3 v2 only supports OpenSSL 1.1.1+, currently the 'ssl' module is compiled with 'LibreSSL 2.8.3'. See: https://github.com/urllib3/urllib3/issues/3020
  warnings.warn(
/Users/zhaowenyuan/Projects/FlowFigTabMiner/flowfigtabminer/lib/python3.9/site-packages/urllib3/__init__.py:35: NotOpenSSLWarning: urllib3 v2 only supports OpenSSL 1.1.1+, currently the 'ssl' module is compiled with 'LibreSSL 2.8.3'. See: https://github.com/urllib3/urllib3/issues/3020
  warnings.warn(
/Users/zhaowenyuan/Projects/FlowFigTabMiner/flowfigtabminer/lib/python3.9/site-packages/urllib3/__init__.py:35: NotOpenSSLWarning: urllib3 v2 only supports OpenSSL 1.1.1+, currently the 'ssl' module is compiled with 'LibreSSL 2.8.3'. See: https://github.com/urllib3/urllib3/issues/3020
  warnings.warn(
/Users/zhaowenyuan/Projects/FlowFigTabMiner/flowfigtabminer/lib/python3.9/site-packages/urllib3/__init__.py:35: NotOpenSSLWarning: urllib3 v2 only supports OpenSSL 1.1.1+, currently the 'ssl' module is compiled with 'LibreSSL 2.8.3'. See: https://github.com/urllib3/urllib3/issues/3020
  warnings.warn(
/Users/zhaowenyuan/Projects/FlowFigTabMiner/flowfigtabminer/lib/python3.9/site-packages/urllib3/__init__.py:35: NotOpenSSLWarning: urllib3 v2 only supports OpenSSL 1.1.1+, currently the 'ssl' module is compiled with 'LibreSSL 2.8.3'. See: https://github.com/urllib3/urllib3/issues/3020
  warnings.warn(
/Users/zhaowenyuan/Projects/FlowFigTabMiner/flowfigtabminer/lib/python3.9/site-packages/urllib3/__init__.py:35: NotOpenSSLWarning: urllib3 v2 only supports OpenSSL 1.1.1+, currently the 'ssl' module is compiled with 'LibreSSL 2.8.3'. See: https://github.com/urllib3/urllib3/issues/3020
  warnings.warn(
/Users/zhaowenyuan/Projects/FlowFigTabMiner/flowfigtabminer/lib/python3.9/site-packages/urllib3/__init__.py:35: NotOpenSSLWarning: urllib3 v2 only supports OpenSSL 1.1.1+, currently the 'ssl' module is compiled with 'LibreSSL 2.8.3'. See: https://github.com/urllib3/urllib3/issues/3020
  warnings.warn(
/Users/zhaowenyuan/Projects/FlowFigTabMiner/flowfigtabminer/lib/python3.9/site-packages/urllib3/__init__.py:35: NotOpenSSLWarning: urllib3 v2 only supports OpenSSL 1.1.1+, currently the 'ssl' module is compiled with 'LibreSSL 2.8.3'. See: https://github.com/urllib3/urllib3/issues/3020
  warnings.warn(
/Users/zhaowenyuan/Projects/FlowFigTabMiner/flowfigtabminer/lib/python3.9/site-packages/urllib3/__init__.py:35: NotOpenSSLWarning: urllib3 v2 only supports OpenSSL 1.1.1+, currently the 'ssl' module is compiled with 'LibreSSL 2.8.3'. See: https://github.com/urllib3/urllib3/issues/3020
  warnings.warn(
/Users/zhaowenyuan/Projects/FlowFigTabMiner/flowfigtabminer/lib/python3.9/site-packages/urllib3/__init__.py:35: NotOpenSSLWarning: urllib3 v2 only supports OpenSSL 1.1.1+, currently the 'ssl' module is compiled with 'LibreSSL 2.8.3'. See: https://github.com/urllib3/urllib3/issues/3020
  warnings.warn(
/Users/zhaowenyuan/Projects/FlowFigTabMiner/flowfigtabminer/lib/python3.9/site-packages/urllib3/__init__.py:35: NotOpenSSLWarning: urllib3 v2 only supports OpenSSL 1.1.1+, currently the 'ssl' module is compiled with 'LibreSSL 2.8.3'. See: https://github.com/urllib3/urllib3/issues/3020
  warnings.warn(
/Users/zhaowenyuan/Projects/FlowFigTabMiner/flowfigtabminer/lib/python3.9/site-packages/urllib3/__init__.py:35: NotOpenSSLWarning: urllib3 v2 only supports OpenSSL 1.1.1+, currently the 'ssl' module is compiled with 'LibreSSL 2.8.3'. See: https://github.com/urllib3/urllib3/issues/3020
  warnings.warn(
/Users/zhaowenyuan/Projects/FlowFigTabMiner/flowfigtabminer/lib/python3.9/site-packages/urllib3/__init__.py:35: NotOpenSSLWarning: urllib3 v2 only supports OpenSSL 1.1.1+, currently the 'ssl' module is compiled with 'LibreSSL 2.8.3'. See: https://github.com/urllib3/urllib3/issues/3020
  warnings.warn(
[33mChecking connectivity to the model hosters, this may take a while. To bypass this check, set `DISABLE_MODEL_SOURCE_CHECK` to `True`.[0m
[33mChecking connectivity to the model hosters, this may take a while. To bypass this check, set `DISABLE_MODEL_SOURCE_CHECK` to `True`.[0m
[33mChecking connectivity to the model hosters, this may take a while. To bypass this check, set `DISABLE_MODEL_SOURCE_CHECK` to `True`.[0m
[33mChecking connectivity to the model hosters, this may take a while. To bypass this check, set `DISABLE_MODEL_SOURCE_CHECK` to `True`.[0m
[33mChecking connectivity to the model hosters, this may take a while. To bypass this check, set `DISABLE_MODEL_SOURCE_CHECK` to `True`.[0m
[33mChecking connectivity to the model hosters, this may take a while. To bypass this check, set `DISABLE_MODEL_SOURCE_CHECK` to `True`.[0m
[33mChecking connectivity to the model hosters, this may take a while. To bypass this check, set `DISABLE_MODEL_SOURCE_CHECK` to `True`.[0m
[33mChecking connectivity to the model hosters, this may take a while. To bypass this check, set `DISABLE_MODEL_SOURCE_CHECK` to `True`.[0m
[33mChecking connectivity to the model hosters, this may take a while. To bypass this check, set `DISABLE_MODEL_SOURCE_CHECK` to `True`.[0m
[33mChecking connectivity to the model hosters, this may take a while. To bypass this check, set `DISABLE_MODEL_SOURCE_CHECK` to `True`.[0m
[33mChecking connectivity to the model hosters, this may take a while. To bypass this check, set `DISABLE_MODEL_SOURCE_CHECK` to `True`.[0m
[33mChecking connectivity to the model hosters, this may take a while. To bypass this check, set `DISABLE_MODEL_SOURCE_CHECK` to `True`.[0m
[33mChecking connectivity to the model hosters, this may take a while. To bypass this check, set `DISABLE_MODEL_SOURCE_CHECK` to `True`.[0m
[33mChecking connectivity to the model hosters, this may take a while. To bypass this check, set `DISABLE_MODEL_SOURCE_CHECK` to `True`.[0m
[33mChecking connectivity to the model hosters, this may take a while. To bypass this check, set `DISABLE_MODEL_SOURCE_CHECK` to `True`.[0m
[33mChecking connectivity to the model hosters, this may take a while. To bypass this check, set `DISABLE_MODEL_SOURCE_CHECK` to `True`.[0m
/Users/zhaowenyuan/Projects/FlowFigTabMiner/flowfigtabminer/lib/python3.9/site-packages/onmt/modules/sparse_activations.py:48: FutureWarning: `torch.cuda.amp.custom_fwd(args...)` is deprecated. Please use `torch.amp.custom_fwd(args..., device_type='cuda')` instead.
  def forward(ctx, input, dim=0):
/Users/zhaowenyuan/Projects/FlowFigTabMiner/flowfigtabminer/lib/python3.9/site-packages/onmt/modules/sparse_activations.py:68: FutureWarning: `torch.cuda.amp.custom_bwd(args...)` is deprecated. Please use `torch.amp.custom_bwd(args..., device_type='cuda')` instead.
  def backward(ctx, grad_output):
/Users/zhaowenyuan/Projects/FlowFigTabMiner/flowfigtabminer/lib/python3.9/site-packages/onmt/modules/sparse_losses.py:13: FutureWarning: `torch.cuda.amp.custom_fwd(args...)` is deprecated. Please use `torch.amp.custom_fwd(args..., device_type='cuda')` instead.
  def forward(ctx, input, target):
/Users/zhaowenyuan/Projects/FlowFigTabMiner/flowfigtabminer/lib/python3.9/site-packages/onmt/modules/sparse_losses.py:37: FutureWarning: `torch.cuda.amp.custom_bwd(args...)` is deprecated. Please use `torch.amp.custom_bwd(args..., device_type='cuda')` instead.
  def backward(ctx, grad_output):
chiral_center_ids (from symbols): []
/Users/zhaowenyuan/Projects/FlowFigTabMiner/flowfigtabminer/lib/python3.9/site-packages/urllib3/__init__.py:35: NotOpenSSLWarning: urllib3 v2 only supports OpenSSL 1.1.1+, currently the 'ssl' module is compiled with 'LibreSSL 2.8.3'. See: https://github.com/urllib3/urllib3/issues/3020
  warnings.warn(
/Users/zhaowenyuan/Projects/FlowFigTabMiner/flowfigtabminer/lib/python3.9/site-packages/urllib3/__init__.py:35: NotOpenSSLWarning: urllib3 v2 only supports OpenSSL 1.1.1+, currently the 'ssl' module is compiled with 'LibreSSL 2.8.3'. See: https://github.com/urllib3/urllib3/issues/3020
  warnings.warn(
/Users/zhaowenyuan/Projects/FlowFigTabMiner/flowfigtabminer/lib/python3.9/site-packages/urllib3/__init__.py:35: NotOpenSSLWarning: urllib3 v2 only supports OpenSSL 1.1.1+, currently the 'ssl' module is compiled with 'LibreSSL 2.8.3'. See: https://github.com/urllib3/urllib3/issues/3020
  warnings.warn(
/Users/zhaowenyuan/Projects/FlowFigTabMiner/flowfigtabminer/lib/python3.9/site-packages/urllib3/__init__.py:35: NotOpenSSLWarning: urllib3 v2 only supports OpenSSL 1.1.1+, currently the 'ssl' module is compiled with 'LibreSSL 2.8.3'. See: https://github.com/urllib3/urllib3/issues/3020
  warnings.warn(
/Users/zhaowenyuan/Projects/FlowFigTabMiner/flowfigtabminer/lib/python3.9/site-packages/urllib3/__init__.py:35: NotOpenSSLWarning: urllib3 v2 only supports OpenSSL 1.1.1+, currently the 'ssl' module is compiled with 'LibreSSL 2.8.3'. See: https://github.com/urllib3/urllib3/issues/3020
  warnings.warn(
/Users/zhaowenyuan/Projects/FlowFigTabMiner/flowfigtabminer/lib/python3.9/site-packages/urllib3/__init__.py:35: NotOpenSSLWarning: urllib3 v2 only supports OpenSSL 1.1.1+, currently the 'ssl' module is compiled with 'LibreSSL 2.8.3'. See: https://github.com/urllib3/urllib3/issues/3020
  warnings.warn(
/Users/zhaowenyuan/Projects/FlowFigTabMiner/flowfigtabminer/lib/python3.9/site-packages/urllib3/__init__.py:35: NotOpenSSLWarning: urllib3 v2 only supports OpenSSL 1.1.1+, currently the 'ssl' module is compiled with 'LibreSSL 2.8.3'. See: https://github.com/urllib3/urllib3/issues/3020
  warnings.warn(
/Users/zhaowenyuan/Projects/FlowFigTabMiner/flowfigtabminer/lib/python3.9/site-packages/urllib3/__init__.py:35: NotOpenSSLWarning: urllib3 v2 only supports OpenSSL 1.1.1+, currently the 'ssl' module is compiled with 'LibreSSL 2.8.3'. See: https://github.com/urllib3/urllib3/issues/3020
  warnings.warn(
/Users/zhaowenyuan/Projects/FlowFigTabMiner/flowfigtabminer/lib/python3.9/site-packages/urllib3/__init__.py:35: NotOpenSSLWarning: urllib3 v2 only supports OpenSSL 1.1.1+, currently the 'ssl' module is compiled with 'LibreSSL 2.8.3'. See: https://github.com/urllib3/urllib3/issues/3020
  warnings.warn(
/Users/zhaowenyuan/Projects/FlowFigTabMiner/flowfigtabminer/lib/python3.9/site-packages/urllib3/__init__.py:35: NotOpenSSLWarning: urllib3 v2 only supports OpenSSL 1.1.1+, currently the 'ssl' module is compiled with 'LibreSSL 2.8.3'. See: https://github.com/urllib3/urllib3/issues/3020
  warnings.warn(
/Users/zhaowenyuan/Projects/FlowFigTabMiner/flowfigtabminer/lib/python3.9/site-packages/urllib3/__init__.py:35: NotOpenSSLWarning: urllib3 v2 only supports OpenSSL 1.1.1+, currently the 'ssl' module is compiled with 'LibreSSL 2.8.3'. See: https://github.com/urllib3/urllib3/issues/3020
  warnings.warn(
/Users/zhaowenyuan/Projects/FlowFigTabMiner/flowfigtabminer/lib/python3.9/site-packages/urllib3/__init__.py:35: NotOpenSSLWarning: urllib3 v2 only supports OpenSSL 1.1.1+, currently the 'ssl' module is compiled with 'LibreSSL 2.8.3'. See: https://github.com/urllib3/urllib3/issues/3020
  warnings.warn(
/Users/zhaowenyuan/Projects/FlowFigTabMiner/flowfigtabminer/lib/python3.9/site-packages/urllib3/__init__.py:35: NotOpenSSLWarning: urllib3 v2 only supports OpenSSL 1.1.1+, currently the 'ssl' module is compiled with 'LibreSSL 2.8.3'. See: https://github.com/urllib3/urllib3/issues/3020
  warnings.warn(
/Users/zhaowenyuan/Projects/FlowFigTabMiner/flowfigtabminer/lib/python3.9/site-packages/urllib3/__init__.py:35: NotOpenSSLWarning: urllib3 v2 only supports OpenSSL 1.1.1+, currently the 'ssl' module is compiled with 'LibreSSL 2.8.3'. See: https://github.com/urllib3/urllib3/issues/3020
  warnings.warn(
/Users/zhaowenyuan/Projects/FlowFigTabMiner/flowfigtabminer/lib/python3.9/site-packages/urllib3/__init__.py:35: NotOpenSSLWarning: urllib3 v2 only supports OpenSSL 1.1.1+, currently the 'ssl' module is compiled with 'LibreSSL 2.8.3'. See: https://github.com/urllib3/urllib3/issues/3020
  warnings.warn(
/Users/zhaowenyuan/Projects/FlowFigTabMiner/flowfigtabminer/lib/python3.9/site-packages/urllib3/__init__.py:35: NotOpenSSLWarning: urllib3 v2 only supports OpenSSL 1.1.1+, currently the 'ssl' module is compiled with 'LibreSSL 2.8.3'. See: https://github.com/urllib3/urllib3/issues/3020
  warnings.warn(
[33mChecking connectivity to the model hosters, this may take a while. To bypass this check, set `DISABLE_MODEL_SOURCE_CHECK` to `True`.[0m
[33mChecking connectivity to the model hosters, this may take a while. To bypass this check, set `DISABLE_MODEL_SOURCE_CHECK` to `True`.[0m
[33mChecking connectivity to the model hosters, this may take a while. To bypass this check, set `DISABLE_MODEL_SOURCE_CHECK` to `True`.[0m
[33mChecking connectivity to the model hosters, this may take a while. To bypass this check, set `DISABLE_MODEL_SOURCE_CHECK` to `True`.[0m
[33mChecking connectivity to the model hosters, this may take a while. To bypass this check, set `DISABLE_MODEL_SOURCE_CHECK` to `True`.[0m
[33mChecking connectivity to the model hosters, this may take a while. To bypass this check, set `DISABLE_MODEL_SOURCE_CHECK` to `True`.[0m
[33mChecking connectivity to the model hosters, this may take a while. To bypass this check, set `DISABLE_MODEL_SOURCE_CHECK` to `True`.[0m
[33mChecking connectivity to the model hosters, this may take a while. To bypass this check, set `DISABLE_MODEL_SOURCE_CHECK` to `True`.[0m
[33mChecking connectivity to the model hosters, this may take a while. To bypass this check, set `DISABLE_MODEL_SOURCE_CHECK` to `True`.[0m
[33mChecking connectivity to the model hosters, this may take a while. To bypass this check, set `DISABLE_MODEL_SOURCE_CHECK` to `True`.[0m
[33mChecking connectivity to the model hosters, this may take a while. To bypass this check, set `DISABLE_MODEL_SOURCE_CHECK` to `True`.[0m
[33mChecking connectivity to the model hosters, this may take a while. To bypass this check, set `DISABLE_MODEL_SOURCE_CHECK` to `True`.[0m
[33mChecking connectivity to the model hosters, this may take a while. To bypass this check, set `DISABLE_MODEL_SOURCE_CHECK` to `True`.[0m
[33mChecking connectivity to the model hosters, this may take a while. To bypass this check, set `DISABLE_MODEL_SOURCE_CHECK` to `True`.[0m
[33mChecking connectivity to the model hosters, this may take a while. To bypass this check, set `DISABLE_MODEL_SOURCE_CHECK` to `True`.[0m
[33mChecking connectivity to the model hosters, this may take a while. To bypass this check, set `DISABLE_MODEL_SOURCE_CHECK` to `True`.[0m
/Users/zhaowenyuan/Projects/FlowFigTabMiner/flowfigtabminer/lib/python3.9/site-packages/onmt/modules/sparse_activations.py:48: FutureWarning: `torch.cuda.amp.custom_fwd(args...)` is deprecated. Please use `torch.amp.custom_fwd(args..., device_type='cuda')` instead.
  def forward(ctx, input, dim=0):
/Users/zhaowenyuan/Projects/FlowFigTabMiner/flowfigtabminer/lib/python3.9/site-packages/onmt/modules/sparse_activations.py:68: FutureWarning: `torch.cuda.amp.custom_bwd(args...)` is deprecated. Please use `torch.amp.custom_bwd(args..., device_type='cuda')` instead.
  def backward(ctx, grad_output):
/Users/zhaowenyuan/Projects/FlowFigTabMiner/flowfigtabminer/lib/python3.9/site-packages/onmt/modules/sparse_losses.py:13: FutureWarning: `torch.cuda.amp.custom_fwd(args...)` is deprecated. Please use `torch.amp.custom_fwd(args..., device_type='cuda')` instead.
  def forward(ctx, input, target):
/Users/zhaowenyuan/Projects/FlowFigTabMiner/flowfigtabminer/lib/python3.9/site-packages/onmt/modules/sparse_losses.py:37: FutureWarning: `torch.cuda.amp.custom_bwd(args...)` is deprecated. Please use `torch.amp.custom_bwd(args..., device_type='cuda')` instead.
  def backward(ctx, grad_output):
chiral_center_ids (from symbols): []
/Users/zhaowenyuan/Projects/FlowFigTabMiner/flowfigtabminer/lib/python3.9/site-packages/urllib3/__init__.py:35: NotOpenSSLWarning: urllib3 v2 only supports OpenSSL 1.1.1+, currently the 'ssl' module is compiled with 'LibreSSL 2.8.3'. See: https://github.com/urllib3/urllib3/issues/3020
  warnings.warn(
/Users/zhaowenyuan/Projects/FlowFigTabMiner/flowfigtabminer/lib/python3.9/site-packages/urllib3/__init__.py:35: NotOpenSSLWarning: urllib3 v2 only supports OpenSSL 1.1.1+, currently the 'ssl' module is compiled with 'LibreSSL 2.8.3'. See: https://github.com/urllib3/urllib3/issues/3020
  warnings.warn(
/Users/zhaowenyuan/Projects/FlowFigTabMiner/flowfigtabminer/lib/python3.9/site-packages/urllib3/__init__.py:35: NotOpenSSLWarning: urllib3 v2 only supports OpenSSL 1.1.1+, currently the 'ssl' module is compiled with 'LibreSSL 2.8.3'. See: https://github.com/urllib3/urllib3/issues/3020
  warnings.warn(
/Users/zhaowenyuan/Projects/FlowFigTabMiner/flowfigtabminer/lib/python3.9/site-packages/urllib3/__init__.py:35: NotOpenSSLWarning: urllib3 v2 only supports OpenSSL 1.1.1+, currently the 'ssl' module is compiled with 'LibreSSL 2.8.3'. See: https://github.com/urllib3/urllib3/issues/3020
  warnings.warn(
/Users/zhaowenyuan/Projects/FlowFigTabMiner/flowfigtabminer/lib/python3.9/site-packages/urllib3/__init__.py:35: NotOpenSSLWarning: urllib3 v2 only supports OpenSSL 1.1.1+, currently the 'ssl' module is compiled with 'LibreSSL 2.8.3'. See: https://github.com/urllib3/urllib3/issues/3020
  warnings.warn(
/Users/zhaowenyuan/Projects/FlowFigTabMiner/flowfigtabminer/lib/python3.9/site-packages/urllib3/__init__.py:35: NotOpenSSLWarning: urllib3 v2 only supports OpenSSL 1.1.1+, currently the 'ssl' module is compiled with 'LibreSSL 2.8.3'. See: https://github.com/urllib3/urllib3/issues/3020
  warnings.warn(
/Users/zhaowenyuan/Projects/FlowFigTabMiner/flowfigtabminer/lib/python3.9/site-packages/urllib3/__init__.py:35: NotOpenSSLWarning: urllib3 v2 only supports OpenSSL 1.1.1+, currently the 'ssl' module is compiled with 'LibreSSL 2.8.3'. See: https://github.com/urllib3/urllib3/issues/3020
  warnings.warn(
/Users/zhaowenyuan/Projects/FlowFigTabMiner/flowfigtabminer/lib/python3.9/site-packages/urllib3/__init__.py:35: NotOpenSSLWarning: urllib3 v2 only supports OpenSSL 1.1.1+, currently the 'ssl' module is compiled with 'LibreSSL 2.8.3'. See: https://github.com/urllib3/urllib3/issues/3020
  warnings.warn(
/Users/zhaowenyuan/Projects/FlowFigTabMiner/flowfigtabminer/lib/python3.9/site-packages/urllib3/__init__.py:35: NotOpenSSLWarning: urllib3 v2 only supports OpenSSL 1.1.1+, currently the 'ssl' module is compiled with 'LibreSSL 2.8.3'. See: https://github.com/urllib3/urllib3/issues/3020
  warnings.warn(
/Users/zhaowenyuan/Projects/FlowFigTabMiner/flowfigtabminer/lib/python3.9/site-packages/urllib3/__init__.py:35: NotOpenSSLWarning: urllib3 v2 only supports OpenSSL 1.1.1+, currently the 'ssl' module is compiled with 'LibreSSL 2.8.3'. See: https://github.com/urllib3/urllib3/issues/3020
  warnings.warn(
/Users/zhaowenyuan/Projects/FlowFigTabMiner/flowfigtabminer/lib/python3.9/site-packages/urllib3/__init__.py:35: NotOpenSSLWarning: urllib3 v2 only supports OpenSSL 1.1.1+, currently the 'ssl' module is compiled with 'LibreSSL 2.8.3'. See: https://github.com/urllib3/urllib3/issues/3020
  warnings.warn(
/Users/zhaowenyuan/Projects/FlowFigTabMiner/flowfigtabminer/lib/python3.9/site-packages/urllib3/__init__.py:35: NotOpenSSLWarning: urllib3 v2 only supports OpenSSL 1.1.1+, currently the 'ssl' module is compiled with 'LibreSSL 2.8.3'. See: https://github.com/urllib3/urllib3/issues/3020
  warnings.warn(
/Users/zhaowenyuan/Projects/FlowFigTabMiner/flowfigtabminer/lib/python3.9/site-packages/urllib3/__init__.py:35: NotOpenSSLWarning: urllib3 v2 only supports OpenSSL 1.1.1+, currently the 'ssl' module is compiled with 'LibreSSL 2.8.3'. See: https://github.com/urllib3/urllib3/issues/3020
  warnings.warn(
/Users/zhaowenyuan/Projects/FlowFigTabMiner/flowfigtabminer/lib/python3.9/site-packages/urllib3/__init__.py:35: NotOpenSSLWarning: urllib3 v2 only supports OpenSSL 1.1.1+, currently the 'ssl' module is compiled with 'LibreSSL 2.8.3'. See: https://github.com/urllib3/urllib3/issues/3020
  warnings.warn(
/Users/zhaowenyuan/Projects/FlowFigTabMiner/flowfigtabminer/lib/python3.9/site-packages/urllib3/__init__.py:35: NotOpenSSLWarning: urllib3 v2 only supports OpenSSL 1.1.1+, currently the 'ssl' module is compiled with 'LibreSSL 2.8.3'. See: https://github.com/urllib3/urllib3/issues/3020
  warnings.warn(
/Users/zhaowenyuan/Projects/FlowFigTabMiner/flowfigtabminer/lib/python3.9/site-packages/urllib3/__init__.py:35: NotOpenSSLWarning: urllib3 v2 only supports OpenSSL 1.1.1+, currently the 'ssl' module is compiled with 'LibreSSL 2.8.3'. See: https://github.com/urllib3/urllib3/issues/3020
  warnings.warn(
[33mChecking connectivity to the model hosters, this may take a while. To bypass this check, set `DISABLE_MODEL_SOURCE_CHECK` to `True`.[0m
[33mChecking connectivity to the model hosters, this may take a while. To bypass this check, set `DISABLE_MODEL_SOURCE_CHECK` to `True`.[0m
[33mChecking connectivity to the model hosters, this may take a while. To bypass this check, set `DISABLE_MODEL_SOURCE_CHECK` to `True`.[0m
[33mChecking connectivity to the model hosters, this may take a while. To bypass this check, set `DISABLE_MODEL_SOURCE_CHECK` to `True`.[0m
[33mChecking connectivity to the model hosters, this may take a while. To bypass this check, set `DISABLE_MODEL_SOURCE_CHECK` to `True`.[0m
[33mChecking connectivity to the model hosters, this may take a while. To bypass this check, set `DISABLE_MODEL_SOURCE_CHECK` to `True`.[0m
[33mChecking connectivity to the model hosters, this may take a while. To bypass this check, set `DISABLE_MODEL_SOURCE_CHECK` to `True`.[0m
[33mChecking connectivity to the model hosters, this may take a while. To bypass this check, set `DISABLE_MODEL_SOURCE_CHECK` to `True`.[0m
[33mChecking connectivity to the model hosters, this may take a while. To bypass this check, set `DISABLE_MODEL_SOURCE_CHECK` to `True`.[0m
[33mChecking connectivity to the model hosters, this may take a while. To bypass this check, set `DISABLE_MODEL_SOURCE_CHECK` to `True`.[0m
[33mChecking connectivity to the model hosters, this may take a while. To bypass this check, set `DISABLE_MODEL_SOURCE_CHECK` to `True`.[0m
[33mChecking connectivity to the model hosters, this may take a while. To bypass this check, set `DISABLE_MODEL_SOURCE_CHECK` to `True`.[0m
[33mChecking connectivity to the model hosters, this may take a while. To bypass this check, set `DISABLE_MODEL_SOURCE_CHECK` to `True`.[0m
[33mChecking connectivity to the model hosters, this may take a while. To bypass this check, set `DISABLE_MODEL_SOURCE_CHECK` to `True`.[0m
[33mChecking connectivity to the model hosters, this may take a while. To bypass this check, set `DISABLE_MODEL_SOURCE_CHECK` to `True`.[0m
[33mChecking connectivity to the model hosters, this may take a while. To bypass this check, set `DISABLE_MODEL_SOURCE_CHECK` to `True`.[0m
/Users/zhaowenyuan/Projects/FlowFigTabMiner/flowfigtabminer/lib/python3.9/site-packages/onmt/modules/sparse_activations.py:48: FutureWarning: `torch.cuda.amp.custom_fwd(args...)` is deprecated. Please use `torch.amp.custom_fwd(args..., device_type='cuda')` instead.
  def forward(ctx, input, dim=0):
/Users/zhaowenyuan/Projects/FlowFigTabMiner/flowfigtabminer/lib/python3.9/site-packages/onmt/modules/sparse_activations.py:68: FutureWarning: `torch.cuda.amp.custom_bwd(args...)` is deprecated. Please use `torch.amp.custom_bwd(args..., device_type='cuda')` instead.
  def backward(ctx, grad_output):
/Users/zhaowenyuan/Projects/FlowFigTabMiner/flowfigtabminer/lib/python3.9/site-packages/onmt/modules/sparse_losses.py:13: FutureWarning: `torch.cuda.amp.custom_fwd(args...)` is deprecated. Please use `torch.amp.custom_fwd(args..., device_type='cuda')` instead.
  def forward(ctx, input, target):
/Users/zhaowenyuan/Projects/FlowFigTabMiner/flowfigtabminer/lib/python3.9/site-packages/onmt/modules/sparse_losses.py:37: FutureWarning: `torch.cuda.amp.custom_bwd(args...)` is deprecated. Please use `torch.amp.custom_bwd(args..., device_type='cuda')` instead.
  def backward(ctx, grad_output):
chiral_center_ids (from symbols): []
/Users/zhaowenyuan/Projects/FlowFigTabMiner/flowfigtabminer/lib/python3.9/site-packages/urllib3/__init__.py:35: NotOpenSSLWarning: urllib3 v2 only supports OpenSSL 1.1.1+, currently the 'ssl' module is compiled with 'LibreSSL 2.8.3'. See: https://github.com/urllib3/urllib3/issues/3020
  warnings.warn(
/Users/zhaowenyuan/Projects/FlowFigTabMiner/flowfigtabminer/lib/python3.9/site-packages/urllib3/__init__.py:35: NotOpenSSLWarning: urllib3 v2 only supports OpenSSL 1.1.1+, currently the 'ssl' module is compiled with 'LibreSSL 2.8.3'. See: https://github.com/urllib3/urllib3/issues/3020
  warnings.warn(
/Users/zhaowenyuan/Projects/FlowFigTabMiner/flowfigtabminer/lib/python3.9/site-packages/urllib3/__init__.py:35: NotOpenSSLWarning: urllib3 v2 only supports OpenSSL 1.1.1+, currently the 'ssl' module is compiled with 'LibreSSL 2.8.3'. See: https://github.com/urllib3/urllib3/issues/3020
  warnings.warn(
/Users/zhaowenyuan/Projects/FlowFigTabMiner/flowfigtabminer/lib/python3.9/site-packages/urllib3/__init__.py:35: NotOpenSSLWarning: urllib3 v2 only supports OpenSSL 1.1.1+, currently the 'ssl' module is compiled with 'LibreSSL 2.8.3'. See: https://github.com/urllib3/urllib3/issues/3020
  warnings.warn(
/Users/zhaowenyuan/Projects/FlowFigTabMiner/flowfigtabminer/lib/python3.9/site-packages/urllib3/__init__.py:35: NotOpenSSLWarning: urllib3 v2 only supports OpenSSL 1.1.1+, currently the 'ssl' module is compiled with 'LibreSSL 2.8.3'. See: https://github.com/urllib3/urllib3/issues/3020
  warnings.warn(
/Users/zhaowenyuan/Projects/FlowFigTabMiner/flowfigtabminer/lib/python3.9/site-packages/urllib3/__init__.py:35: NotOpenSSLWarning: urllib3 v2 only supports OpenSSL 1.1.1+, currently the 'ssl' module is compiled with 'LibreSSL 2.8.3'. See: https://github.com/urllib3/urllib3/issues/3020
  warnings.warn(
/Users/zhaowenyuan/Projects/FlowFigTabMiner/flowfigtabminer/lib/python3.9/site-packages/urllib3/__init__.py:35: NotOpenSSLWarning: urllib3 v2 only supports OpenSSL 1.1.1+, currently the 'ssl' module is compiled with 'LibreSSL 2.8.3'. See: https://github.com/urllib3/urllib3/issues/3020
  warnings.warn(
/Users/zhaowenyuan/Projects/FlowFigTabMiner/flowfigtabminer/lib/python3.9/site-packages/urllib3/__init__.py:35: NotOpenSSLWarning: urllib3 v2 only supports OpenSSL 1.1.1+, currently the 'ssl' module is compiled with 'LibreSSL 2.8.3'. See: https://github.com/urllib3/urllib3/issues/3020
  warnings.warn(
/Users/zhaowenyuan/Projects/FlowFigTabMiner/flowfigtabminer/lib/python3.9/site-packages/urllib3/__init__.py:35: NotOpenSSLWarning: urllib3 v2 only supports OpenSSL 1.1.1+, currently the 'ssl' module is compiled with 'LibreSSL 2.8.3'. See: https://github.com/urllib3/urllib3/issues/3020
  warnings.warn(
/Users/zhaowenyuan/Projects/FlowFigTabMiner/flowfigtabminer/lib/python3.9/site-packages/urllib3/__init__.py:35: NotOpenSSLWarning: urllib3 v2 only supports OpenSSL 1.1.1+, currently the 'ssl' module is compiled with 'LibreSSL 2.8.3'. See: https://github.com/urllib3/urllib3/issues/3020
  warnings.warn(
/Users/zhaowenyuan/Projects/FlowFigTabMiner/flowfigtabminer/lib/python3.9/site-packages/urllib3/__init__.py:35: NotOpenSSLWarning: urllib3 v2 only supports OpenSSL 1.1.1+, currently the 'ssl' module is compiled with 'LibreSSL 2.8.3'. See: https://github.com/urllib3/urllib3/issues/3020
  warnings.warn(
/Users/zhaowenyuan/Projects/FlowFigTabMiner/flowfigtabminer/lib/python3.9/site-packages/urllib3/__init__.py:35: NotOpenSSLWarning: urllib3 v2 only supports OpenSSL 1.1.1+, currently the 'ssl' module is compiled with 'LibreSSL 2.8.3'. See: https://github.com/urllib3/urllib3/issues/3020
  warnings.warn(
/Users/zhaowenyuan/Projects/FlowFigTabMiner/flowfigtabminer/lib/python3.9/site-packages/urllib3/__init__.py:35: NotOpenSSLWarning: urllib3 v2 only supports OpenSSL 1.1.1+, currently the 'ssl' module is compiled with 'LibreSSL 2.8.3'. See: https://github.com/urllib3/urllib3/issues/3020
  warnings.warn(
/Users/zhaowenyuan/Projects/FlowFigTabMiner/flowfigtabminer/lib/python3.9/site-packages/urllib3/__init__.py:35: NotOpenSSLWarning: urllib3 v2 only supports OpenSSL 1.1.1+, currently the 'ssl' module is compiled with 'LibreSSL 2.8.3'. See: https://github.com/urllib3/urllib3/issues/3020
  warnings.warn(
/Users/zhaowenyuan/Projects/FlowFigTabMiner/flowfigtabminer/lib/python3.9/site-packages/urllib3/__init__.py:35: NotOpenSSLWarning: urllib3 v2 only supports OpenSSL 1.1.1+, currently the 'ssl' module is compiled with 'LibreSSL 2.8.3'. See: https://github.com/urllib3/urllib3/issues/3020
  warnings.warn(
/Users/zhaowenyuan/Projects/FlowFigTabMiner/flowfigtabminer/lib/python3.9/site-packages/urllib3/__init__.py:35: NotOpenSSLWarning: urllib3 v2 only supports OpenSSL 1.1.1+, currently the 'ssl' module is compiled with 'LibreSSL 2.8.3'. See: https://github.com/urllib3/urllib3/issues/3020
  warnings.warn(
[33mChecking connectivity to the model hosters, this may take a while. To bypass this check, set `DISABLE_MODEL_SOURCE_CHECK` to `True`.[0m
[33mChecking connectivity to the model hosters, this may take a while. To bypass this check, set `DISABLE_MODEL_SOURCE_CHECK` to `True`.[0m
[33mChecking connectivity to the model hosters, this may take a while. To bypass this check, set `DISABLE_MODEL_SOURCE_CHECK` to `True`.[0m
[33mChecking connectivity to the model hosters, this may take a while. To bypass this check, set `DISABLE_MODEL_SOURCE_CHECK` to `True`.[0m
[33mChecking connectivity to the model hosters, this may take a while. To bypass this check, set `DISABLE_MODEL_SOURCE_CHECK` to `True`.[0m
[33mChecking connectivity to the model hosters, this may take a while. To bypass this check, set `DISABLE_MODEL_SOURCE_CHECK` to `True`.[0m
[33mChecking connectivity to the model hosters, this may take a while. To bypass this check, set `DISABLE_MODEL_SOURCE_CHECK` to `True`.[0m
[33mChecking connectivity to the model hosters, this may take a while. To bypass this check, set `DISABLE_MODEL_SOURCE_CHECK` to `True`.[0m
[33mChecking connectivity to the model hosters, this may take a while. To bypass this check, set `DISABLE_MODEL_SOURCE_CHECK` to `True`.[0m
[33mChecking connectivity to the model hosters, this may take a while. To bypass this check, set `DISABLE_MODEL_SOURCE_CHECK` to `True`.[0m
[33mChecking connectivity to the model hosters, this may take a while. To bypass this check, set `DISABLE_MODEL_SOURCE_CHECK` to `True`.[0m
[33mChecking connectivity to the model hosters, this may take a while. To bypass this check, set `DISABLE_MODEL_SOURCE_CHECK` to `True`.[0m
[33mChecking connectivity to the model hosters, this may take a while. To bypass this check, set `DISABLE_MODEL_SOURCE_CHECK` to `True`.[0m
[33mChecking connectivity to the model hosters, this may take a while. To bypass this check, set `DISABLE_MODEL_SOURCE_CHECK` to `True`.[0m
[33mChecking connectivity to the model hosters, this may take a while. To bypass this check, set `DISABLE_MODEL_SOURCE_CHECK` to `True`.[0m
[33mChecking connectivity to the model hosters, this may take a while. To bypass this check, set `DISABLE_MODEL_SOURCE_CHECK` to `True`.[0m
/Users/zhaowenyuan/Projects/FlowFigTabMiner/flowfigtabminer/lib/python3.9/site-packages/onmt/modules/sparse_activations.py:48: FutureWarning: `torch.cuda.amp.custom_fwd(args...)` is deprecated. Please use `torch.amp.custom_fwd(args..., device_type='cuda')` instead.
  def forward(ctx, input, dim=0):
/Users/zhaowenyuan/Projects/FlowFigTabMiner/flowfigtabminer/lib/python3.9/site-packages/onmt/modules/sparse_activations.py:68: FutureWarning: `torch.cuda.amp.custom_bwd(args...)` is deprecated. Please use `torch.amp.custom_bwd(args..., device_type='cuda')` instead.
  def backward(ctx, grad_output):
/Users/zhaowenyuan/Projects/FlowFigTabMiner/flowfigtabminer/lib/python3.9/site-packages/onmt/modules/sparse_activations.py:48: FutureWarning: `torch.cuda.amp.custom_fwd(args...)` is deprecated. Please use `torch.amp.custom_fwd(args..., device_type='cuda')` instead.
  def forward(ctx, input, dim=0):
/Users/zhaowenyuan/Projects/FlowFigTabMiner/flowfigtabminer/lib/python3.9/site-packages/onmt/modules/sparse_activations.py:68: FutureWarning: `torch.cuda.amp.custom_bwd(args...)` is deprecated. Please use `torch.amp.custom_bwd(args..., device_type='cuda')` instead.
  def backward(ctx, grad_output):
/Users/zhaowenyuan/Projects/FlowFigTabMiner/flowfigtabminer/lib/python3.9/site-packages/onmt/modules/sparse_losses.py:13: FutureWarning: `torch.cuda.amp.custom_fwd(args...)` is deprecated. Please use `torch.amp.custom_fwd(args..., device_type='cuda')` instead.
  def forward(ctx, input, target):
/Users/zhaowenyuan/Projects/FlowFigTabMiner/flowfigtabminer/lib/python3.9/site-packages/onmt/modules/sparse_losses.py:37: FutureWarning: `torch.cuda.amp.custom_bwd(args...)` is deprecated. Please use `torch.amp.custom_bwd(args..., device_type='cuda')` instead.
  def backward(ctx, grad_output):
/Users/zhaowenyuan/Projects/FlowFigTabMiner/flowfigtabminer/lib/python3.9/site-packages/onmt/modules/sparse_losses.py:13: FutureWarning: `torch.cuda.amp.custom_fwd(args...)` is deprecated. Please use `torch.amp.custom_fwd(args..., device_type='cuda')` instead.
  def forward(ctx, input, target):
/Users/zhaowenyuan/Projects/FlowFigTabMiner/flowfigtabminer/lib/python3.9/site-packages/onmt/modules/sparse_losses.py:37: FutureWarning: `torch.cuda.amp.custom_bwd(args...)` is deprecated. Please use `torch.amp.custom_bwd(args..., device_type='cuda')` instead.
  def backward(ctx, grad_output):
chiral_center_ids (from symbols): []
/Users/zhaowenyuan/Projects/FlowFigTabMiner/flowfigtabminer/lib/python3.9/site-packages/urllib3/__init__.py:35: NotOpenSSLWarning: urllib3 v2 only supports OpenSSL 1.1.1+, currently the 'ssl' module is compiled with 'LibreSSL 2.8.3'. See: https://github.com/urllib3/urllib3/issues/3020
  warnings.warn(
/Users/zhaowenyuan/Projects/FlowFigTabMiner/flowfigtabminer/lib/python3.9/site-packages/urllib3/__init__.py:35: NotOpenSSLWarning: urllib3 v2 only supports OpenSSL 1.1.1+, currently the 'ssl' module is compiled with 'LibreSSL 2.8.3'. See: https://github.com/urllib3/urllib3/issues/3020
  warnings.warn(
/Users/zhaowenyuan/Projects/FlowFigTabMiner/flowfigtabminer/lib/python3.9/site-packages/urllib3/__init__.py:35: NotOpenSSLWarning: urllib3 v2 only supports OpenSSL 1.1.1+, currently the 'ssl' module is compiled with 'LibreSSL 2.8.3'. See: https://github.com/urllib3/urllib3/issues/3020
  warnings.warn(
/Users/zhaowenyuan/Projects/FlowFigTabMiner/flowfigtabminer/lib/python3.9/site-packages/urllib3/__init__.py:35: NotOpenSSLWarning: urllib3 v2 only supports OpenSSL 1.1.1+, currently the 'ssl' module is compiled with 'LibreSSL 2.8.3'. See: https://github.com/urllib3/urllib3/issues/3020
  warnings.warn(
/Users/zhaowenyuan/Projects/FlowFigTabMiner/flowfigtabminer/lib/python3.9/site-packages/urllib3/__init__.py:35: NotOpenSSLWarning: urllib3 v2 only supports OpenSSL 1.1.1+, currently the 'ssl' module is compiled with 'LibreSSL 2.8.3'. See: https://github.com/urllib3/urllib3/issues/3020
  warnings.warn(
/Users/zhaowenyuan/Projects/FlowFigTabMiner/flowfigtabminer/lib/python3.9/site-packages/urllib3/__init__.py:35: NotOpenSSLWarning: urllib3 v2 only supports OpenSSL 1.1.1+, currently the 'ssl' module is compiled with 'LibreSSL 2.8.3'. See: https://github.com/urllib3/urllib3/issues/3020
  warnings.warn(
/Users/zhaowenyuan/Projects/FlowFigTabMiner/flowfigtabminer/lib/python3.9/site-packages/urllib3/__init__.py:35: NotOpenSSLWarning: urllib3 v2 only supports OpenSSL 1.1.1+, currently the 'ssl' module is compiled with 'LibreSSL 2.8.3'. See: https://github.com/urllib3/urllib3/issues/3020
  warnings.warn(
/Users/zhaowenyuan/Projects/FlowFigTabMiner/flowfigtabminer/lib/python3.9/site-packages/urllib3/__init__.py:35: NotOpenSSLWarning: urllib3 v2 only supports OpenSSL 1.1.1+, currently the 'ssl' module is compiled with 'LibreSSL 2.8.3'. See: https://github.com/urllib3/urllib3/issues/3020
  warnings.warn(
/Users/zhaowenyuan/Projects/FlowFigTabMiner/flowfigtabminer/lib/python3.9/site-packages/urllib3/__init__.py:35: NotOpenSSLWarning: urllib3 v2 only supports OpenSSL 1.1.1+, currently the 'ssl' module is compiled with 'LibreSSL 2.8.3'. See: https://github.com/urllib3/urllib3/issues/3020
  warnings.warn(
/Users/zhaowenyuan/Projects/FlowFigTabMiner/flowfigtabminer/lib/python3.9/site-packages/urllib3/__init__.py:35: NotOpenSSLWarning: urllib3 v2 only supports OpenSSL 1.1.1+, currently the 'ssl' module is compiled with 'LibreSSL 2.8.3'. See: https://github.com/urllib3/urllib3/issues/3020
  warnings.warn(
/Users/zhaowenyuan/Projects/FlowFigTabMiner/flowfigtabminer/lib/python3.9/site-packages/urllib3/__init__.py:35: NotOpenSSLWarning: urllib3 v2 only supports OpenSSL 1.1.1+, currently the 'ssl' module is compiled with 'LibreSSL 2.8.3'. See: https://github.com/urllib3/urllib3/issues/3020
  warnings.warn(
/Users/zhaowenyuan/Projects/FlowFigTabMiner/flowfigtabminer/lib/python3.9/site-packages/urllib3/__init__.py:35: NotOpenSSLWarning: urllib3 v2 only supports OpenSSL 1.1.1+, currently the 'ssl' module is compiled with 'LibreSSL 2.8.3'. See: https://github.com/urllib3/urllib3/issues/3020
  warnings.warn(
/Users/zhaowenyuan/Projects/FlowFigTabMiner/flowfigtabminer/lib/python3.9/site-packages/urllib3/__init__.py:35: NotOpenSSLWarning: urllib3 v2 only supports OpenSSL 1.1.1+, currently the 'ssl' module is compiled with 'LibreSSL 2.8.3'. See: https://github.com/urllib3/urllib3/issues/3020
  warnings.warn(
/Users/zhaowenyuan/Projects/FlowFigTabMiner/flowfigtabminer/lib/python3.9/site-packages/urllib3/__init__.py:35: NotOpenSSLWarning: urllib3 v2 only supports OpenSSL 1.1.1+, currently the 'ssl' module is compiled with 'LibreSSL 2.8.3'. See: https://github.com/urllib3/urllib3/issues/3020
  warnings.warn(
/Users/zhaowenyuan/Projects/FlowFigTabMiner/flowfigtabminer/lib/python3.9/site-packages/urllib3/__init__.py:35: NotOpenSSLWarning: urllib3 v2 only supports OpenSSL 1.1.1+, currently the 'ssl' module is compiled with 'LibreSSL 2.8.3'. See: https://github.com/urllib3/urllib3/issues/3020
  warnings.warn(
/Users/zhaowenyuan/Projects/FlowFigTabMiner/flowfigtabminer/lib/python3.9/site-packages/urllib3/__init__.py:35: NotOpenSSLWarning: urllib3 v2 only supports OpenSSL 1.1.1+, currently the 'ssl' module is compiled with 'LibreSSL 2.8.3'. See: https://github.com/urllib3/urllib3/issues/3020
  warnings.warn(
[33mChecking connectivity to the model hosters, this may take a while. To bypass this check, set `DISABLE_MODEL_SOURCE_CHECK` to `True`.[0m
[33mChecking connectivity to the model hosters, this may take a while. To bypass this check, set `DISABLE_MODEL_SOURCE_CHECK` to `True`.[0m
[33mChecking connectivity to the model hosters, this may take a while. To bypass this check, set `DISABLE_MODEL_SOURCE_CHECK` to `True`.[0m
[33mChecking connectivity to the model hosters, this may take a while. To bypass this check, set `DISABLE_MODEL_SOURCE_CHECK` to `True`.[0m
[33mChecking connectivity to the model hosters, this may take a while. To bypass this check, set `DISABLE_MODEL_SOURCE_CHECK` to `True`.[0m
[33mChecking connectivity to the model hosters, this may take a while. To bypass this check, set `DISABLE_MODEL_SOURCE_CHECK` to `True`.[0m
[33mChecking connectivity to the model hosters, this may take a while. To bypass this check, set `DISABLE_MODEL_SOURCE_CHECK` to `True`.[0m
[33mChecking connectivity to the model hosters, this may take a while. To bypass this check, set `DISABLE_MODEL_SOURCE_CHECK` to `True`.[0m
[33mChecking connectivity to the model hosters, this may take a while. To bypass this check, set `DISABLE_MODEL_SOURCE_CHECK` to `True`.[0m
[33mChecking connectivity to the model hosters, this may take a while. To bypass this check, set `DISABLE_MODEL_SOURCE_CHECK` to `True`.[0m
[33mChecking connectivity to the model hosters, this may take a while. To bypass this check, set `DISABLE_MODEL_SOURCE_CHECK` to `True`.[0m
[33mChecking connectivity to the model hosters, this may take a while. To bypass this check, set `DISABLE_MODEL_SOURCE_CHECK` to `True`.[0m
[33mChecking connectivity to the model hosters, this may take a while. To bypass this check, set `DISABLE_MODEL_SOURCE_CHECK` to `True`.[0m
[33mChecking connectivity to the model hosters, this may take a while. To bypass this check, set `DISABLE_MODEL_SOURCE_CHECK` to `True`.[0m
[33mChecking connectivity to the model hosters, this may take a while. To bypass this check, set `DISABLE_MODEL_SOURCE_CHECK` to `True`.[0m
[33mChecking connectivity to the model hosters, this may take a while. To bypass this check, set `DISABLE_MODEL_SOURCE_CHECK` to `True`.[0m
/Users/zhaowenyuan/Projects/FlowFigTabMiner/flowfigtabminer/lib/python3.9/site-packages/onmt/modules/sparse_activations.py:48: FutureWarning: `torch.cuda.amp.custom_fwd(args...)` is deprecated. Please use `torch.amp.custom_fwd(args..., device_type='cuda')` instead.
  def forward(ctx, input, dim=0):
/Users/zhaowenyuan/Projects/FlowFigTabMiner/flowfigtabminer/lib/python3.9/site-packages/onmt/modules/sparse_activations.py:68: FutureWarning: `torch.cuda.amp.custom_bwd(args...)` is deprecated. Please use `torch.amp.custom_bwd(args..., device_type='cuda')` instead.
  def backward(ctx, grad_output):
/Users/zhaowenyuan/Projects/FlowFigTabMiner/flowfigtabminer/lib/python3.9/site-packages/onmt/modules/sparse_losses.py:13: FutureWarning: `torch.cuda.amp.custom_fwd(args...)` is deprecated. Please use `torch.amp.custom_fwd(args..., device_type='cuda')` instead.
  def forward(ctx, input, target):
/Users/zhaowenyuan/Projects/FlowFigTabMiner/flowfigtabminer/lib/python3.9/site-packages/onmt/modules/sparse_losses.py:37: FutureWarning: `torch.cuda.amp.custom_bwd(args...)` is deprecated. Please use `torch.amp.custom_bwd(args..., device_type='cuda')` instead.
  def backward(ctx, grad_output):
chiral_center_ids (from symbols): []
/Users/zhaowenyuan/Projects/FlowFigTabMiner/flowfigtabminer/lib/python3.9/site-packages/urllib3/__init__.py:35: NotOpenSSLWarning: urllib3 v2 only supports OpenSSL 1.1.1+, currently the 'ssl' module is compiled with 'LibreSSL 2.8.3'. See: https://github.com/urllib3/urllib3/issues/3020
  warnings.warn(
/Users/zhaowenyuan/Projects/FlowFigTabMiner/flowfigtabminer/lib/python3.9/site-packages/urllib3/__init__.py:35: NotOpenSSLWarning: urllib3 v2 only supports OpenSSL 1.1.1+, currently the 'ssl' module is compiled with 'LibreSSL 2.8.3'. See: https://github.com/urllib3/urllib3/issues/3020
  warnings.warn(
/Users/zhaowenyuan/Projects/FlowFigTabMiner/flowfigtabminer/lib/python3.9/site-packages/urllib3/__init__.py:35: NotOpenSSLWarning: urllib3 v2 only supports OpenSSL 1.1.1+, currently the 'ssl' module is compiled with 'LibreSSL 2.8.3'. See: https://github.com/urllib3/urllib3/issues/3020
  warnings.warn(
/Users/zhaowenyuan/Projects/FlowFigTabMiner/flowfigtabminer/lib/python3.9/site-packages/urllib3/__init__.py:35: NotOpenSSLWarning: urllib3 v2 only supports OpenSSL 1.1.1+, currently the 'ssl' module is compiled with 'LibreSSL 2.8.3'. See: https://github.com/urllib3/urllib3/issues/3020
  warnings.warn(
/Users/zhaowenyuan/Projects/FlowFigTabMiner/flowfigtabminer/lib/python3.9/site-packages/urllib3/__init__.py:35: NotOpenSSLWarning: urllib3 v2 only supports OpenSSL 1.1.1+, currently the 'ssl' module is compiled with 'LibreSSL 2.8.3'. See: https://github.com/urllib3/urllib3/issues/3020
  warnings.warn(
/Users/zhaowenyuan/Projects/FlowFigTabMiner/flowfigtabminer/lib/python3.9/site-packages/urllib3/__init__.py:35: NotOpenSSLWarning: urllib3 v2 only supports OpenSSL 1.1.1+, currently the 'ssl' module is compiled with 'LibreSSL 2.8.3'. See: https://github.com/urllib3/urllib3/issues/3020
  warnings.warn(
/Users/zhaowenyuan/Projects/FlowFigTabMiner/flowfigtabminer/lib/python3.9/site-packages/urllib3/__init__.py:35: NotOpenSSLWarning: urllib3 v2 only supports OpenSSL 1.1.1+, currently the 'ssl' module is compiled with 'LibreSSL 2.8.3'. See: https://github.com/urllib3/urllib3/issues/3020
  warnings.warn(
/Users/zhaowenyuan/Projects/FlowFigTabMiner/flowfigtabminer/lib/python3.9/site-packages/urllib3/__init__.py:35: NotOpenSSLWarning: urllib3 v2 only supports OpenSSL 1.1.1+, currently the 'ssl' module is compiled with 'LibreSSL 2.8.3'. See: https://github.com/urllib3/urllib3/issues/3020
  warnings.warn(
/Users/zhaowenyuan/Projects/FlowFigTabMiner/flowfigtabminer/lib/python3.9/site-packages/urllib3/__init__.py:35: NotOpenSSLWarning: urllib3 v2 only supports OpenSSL 1.1.1+, currently the 'ssl' module is compiled with 'LibreSSL 2.8.3'. See: https://github.com/urllib3/urllib3/issues/3020
  warnings.warn(
/Users/zhaowenyuan/Projects/FlowFigTabMiner/flowfigtabminer/lib/python3.9/site-packages/urllib3/__init__.py:35: NotOpenSSLWarning: urllib3 v2 only supports OpenSSL 1.1.1+, currently the 'ssl' module is compiled with 'LibreSSL 2.8.3'. See: https://github.com/urllib3/urllib3/issues/3020
  warnings.warn(
/Users/zhaowenyuan/Projects/FlowFigTabMiner/flowfigtabminer/lib/python3.9/site-packages/urllib3/__init__.py:35: NotOpenSSLWarning: urllib3 v2 only supports OpenSSL 1.1.1+, currently the 'ssl' module is compiled with 'LibreSSL 2.8.3'. See: https://github.com/urllib3/urllib3/issues/3020
  warnings.warn(
/Users/zhaowenyuan/Projects/FlowFigTabMiner/flowfigtabminer/lib/python3.9/site-packages/urllib3/__init__.py:35: NotOpenSSLWarning: urllib3 v2 only supports OpenSSL 1.1.1+, currently the 'ssl' module is compiled with 'LibreSSL 2.8.3'. See: https://github.com/urllib3/urllib3/issues/3020
  warnings.warn(
/Users/zhaowenyuan/Projects/FlowFigTabMiner/flowfigtabminer/lib/python3.9/site-packages/urllib3/__init__.py:35: NotOpenSSLWarning: urllib3 v2 only supports OpenSSL 1.1.1+, currently the 'ssl' module is compiled with 'LibreSSL 2.8.3'. See: https://github.com/urllib3/urllib3/issues/3020
  warnings.warn(
/Users/zhaowenyuan/Projects/FlowFigTabMiner/flowfigtabminer/lib/python3.9/site-packages/urllib3/__init__.py:35: NotOpenSSLWarning: urllib3 v2 only supports OpenSSL 1.1.1+, currently the 'ssl' module is compiled with 'LibreSSL 2.8.3'. See: https://github.com/urllib3/urllib3/issues/3020
  warnings.warn(
/Users/zhaowenyuan/Projects/FlowFigTabMiner/flowfigtabminer/lib/python3.9/site-packages/urllib3/__init__.py:35: NotOpenSSLWarning: urllib3 v2 only supports OpenSSL 1.1.1+, currently the 'ssl' module is compiled with 'LibreSSL 2.8.3'. See: https://github.com/urllib3/urllib3/issues/3020
  warnings.warn(
/Users/zhaowenyuan/Projects/FlowFigTabMiner/flowfigtabminer/lib/python3.9/site-packages/urllib3/__init__.py:35: NotOpenSSLWarning: urllib3 v2 only supports OpenSSL 1.1.1+, currently the 'ssl' module is compiled with 'LibreSSL 2.8.3'. See: https://github.com/urllib3/urllib3/issues/3020
  warnings.warn(
[33mChecking connectivity to the model hosters, this may take a while. To bypass this check, set `DISABLE_MODEL_SOURCE_CHECK` to `True`.[0m
[33mChecking connectivity to the model hosters, this may take a while. To bypass this check, set `DISABLE_MODEL_SOURCE_CHECK` to `True`.[0m
[33mChecking connectivity to the model hosters, this may take a while. To bypass this check, set `DISABLE_MODEL_SOURCE_CHECK` to `True`.[0m
[33mChecking connectivity to the model hosters, this may take a while. To bypass this check, set `DISABLE_MODEL_SOURCE_CHECK` to `True`.[0m
[33mChecking connectivity to the model hosters, this may take a while. To bypass this check, set `DISABLE_MODEL_SOURCE_CHECK` to `True`.[0m
[33mChecking connectivity to the model hosters, this may take a while. To bypass this check, set `DISABLE_MODEL_SOURCE_CHECK` to `True`.[0m
[33mChecking connectivity to the model hosters, this may take a while. To bypass this check, set `DISABLE_MODEL_SOURCE_CHECK` to `True`.[0m
[33mChecking connectivity to the model hosters, this may take a while. To bypass this check, set `DISABLE_MODEL_SOURCE_CHECK` to `True`.[0m
[33mChecking connectivity to the model hosters, this may take a while. To bypass this check, set `DISABLE_MODEL_SOURCE_CHECK` to `True`.[0m
[33mChecking connectivity to the model hosters, this may take a while. To bypass this check, set `DISABLE_MODEL_SOURCE_CHECK` to `True`.[0m
[33mChecking connectivity to the model hosters, this may take a while. To bypass this check, set `DISABLE_MODEL_SOURCE_CHECK` to `True`.[0m
[33mChecking connectivity to the model hosters, this may take a while. To bypass this check, set `DISABLE_MODEL_SOURCE_CHECK` to `True`.[0m
[33mChecking connectivity to the model hosters, this may take a while. To bypass this check, set `DISABLE_MODEL_SOURCE_CHECK` to `True`.[0m
[33mChecking connectivity to the model hosters, this may take a while. To bypass this check, set `DISABLE_MODEL_SOURCE_CHECK` to `True`.[0m
[33mChecking connectivity to the model hosters, this may take a while. To bypass this check, set `DISABLE_MODEL_SOURCE_CHECK` to `True`.[0m
[33mChecking connectivity to the model hosters, this may take a while. To bypass this check, set `DISABLE_MODEL_SOURCE_CHECK` to `True`.[0m
/Users/zhaowenyuan/Projects/FlowFigTabMiner/flowfigtabminer/lib/python3.9/site-packages/onmt/modules/sparse_activations.py:48: FutureWarning: `torch.cuda.amp.custom_fwd(args...)` is deprecated. Please use `torch.amp.custom_fwd(args..., device_type='cuda')` instead.
  def forward(ctx, input, dim=0):
/Users/zhaowenyuan/Projects/FlowFigTabMiner/flowfigtabminer/lib/python3.9/site-packages/onmt/modules/sparse_activations.py:48: FutureWarning: `torch.cuda.amp.custom_fwd(args...)` is deprecated. Please use `torch.amp.custom_fwd(args..., device_type='cuda')` instead.
  def forward(ctx, input, dim=0):
/Users/zhaowenyuan/Projects/FlowFigTabMiner/flowfigtabminer/lib/python3.9/site-packages/onmt/modules/sparse_activations.py:68: FutureWarning: `torch.cuda.amp.custom_bwd(args...)` is deprecated. Please use `torch.amp.custom_bwd(args..., device_type='cuda')` instead.
  def backward(ctx, grad_output):
/Users/zhaowenyuan/Projects/FlowFigTabMiner/flowfigtabminer/lib/python3.9/site-packages/onmt/modules/sparse_activations.py:68: FutureWarning: `torch.cuda.amp.custom_bwd(args...)` is deprecated. Please use `torch.amp.custom_bwd(args..., device_type='cuda')` instead.
  def backward(ctx, grad_output):
/Users/zhaowenyuan/Projects/FlowFigTabMiner/flowfigtabminer/lib/python3.9/site-packages/onmt/modules/sparse_losses.py:13: FutureWarning: `torch.cuda.amp.custom_fwd(args...)` is deprecated. Please use `torch.amp.custom_fwd(args..., device_type='cuda')` instead.
  def forward(ctx, input, target):
/Users/zhaowenyuan/Projects/FlowFigTabMiner/flowfigtabminer/lib/python3.9/site-packages/onmt/modules/sparse_losses.py:13: FutureWarning: `torch.cuda.amp.custom_fwd(args...)` is deprecated. Please use `torch.amp.custom_fwd(args..., device_type='cuda')` instead.
  def forward(ctx, input, target):
/Users/zhaowenyuan/Projects/FlowFigTabMiner/flowfigtabminer/lib/python3.9/site-packages/onmt/modules/sparse_losses.py:37: FutureWarning: `torch.cuda.amp.custom_bwd(args...)` is deprecated. Please use `torch.amp.custom_bwd(args..., device_type='cuda')` instead.
  def backward(ctx, grad_output):
/Users/zhaowenyuan/Projects/FlowFigTabMiner/flowfigtabminer/lib/python3.9/site-packages/onmt/modules/sparse_losses.py:37: FutureWarning: `torch.cuda.amp.custom_bwd(args...)` is deprecated. Please use `torch.amp.custom_bwd(args..., device_type='cuda')` instead.
  def backward(ctx, grad_output):
chiral_center_ids (from symbols): []
/Users/zhaowenyuan/Projects/FlowFigTabMiner/flowfigtabminer/lib/python3.9/site-packages/urllib3/__init__.py:35: NotOpenSSLWarning: urllib3 v2 only supports OpenSSL 1.1.1+, currently the 'ssl' module is compiled with 'LibreSSL 2.8.3'. See: https://github.com/urllib3/urllib3/issues/3020
  warnings.warn(
/Users/zhaowenyuan/Projects/FlowFigTabMiner/flowfigtabminer/lib/python3.9/site-packages/urllib3/__init__.py:35: NotOpenSSLWarning: urllib3 v2 only supports OpenSSL 1.1.1+, currently the 'ssl' module is compiled with 'LibreSSL 2.8.3'. See: https://github.com/urllib3/urllib3/issues/3020
  warnings.warn(
/Users/zhaowenyuan/Projects/FlowFigTabMiner/flowfigtabminer/lib/python3.9/site-packages/urllib3/__init__.py:35: NotOpenSSLWarning: urllib3 v2 only supports OpenSSL 1.1.1+, currently the 'ssl' module is compiled with 'LibreSSL 2.8.3'. See: https://github.com/urllib3/urllib3/issues/3020
  warnings.warn(
/Users/zhaowenyuan/Projects/FlowFigTabMiner/flowfigtabminer/lib/python3.9/site-packages/urllib3/__init__.py:35: NotOpenSSLWarning: urllib3 v2 only supports OpenSSL 1.1.1+, currently the 'ssl' module is compiled with 'LibreSSL 2.8.3'. See: https://github.com/urllib3/urllib3/issues/3020
  warnings.warn(
/Users/zhaowenyuan/Projects/FlowFigTabMiner/flowfigtabminer/lib/python3.9/site-packages/urllib3/__init__.py:35: NotOpenSSLWarning: urllib3 v2 only supports OpenSSL 1.1.1+, currently the 'ssl' module is compiled with 'LibreSSL 2.8.3'. See: https://github.com/urllib3/urllib3/issues/3020
  warnings.warn(
/Users/zhaowenyuan/Projects/FlowFigTabMiner/flowfigtabminer/lib/python3.9/site-packages/urllib3/__init__.py:35: NotOpenSSLWarning: urllib3 v2 only supports OpenSSL 1.1.1+, currently the 'ssl' module is compiled with 'LibreSSL 2.8.3'. See: https://github.com/urllib3/urllib3/issues/3020
  warnings.warn(
/Users/zhaowenyuan/Projects/FlowFigTabMiner/flowfigtabminer/lib/python3.9/site-packages/urllib3/__init__.py:35: NotOpenSSLWarning: urllib3 v2 only supports OpenSSL 1.1.1+, currently the 'ssl' module is compiled with 'LibreSSL 2.8.3'. See: https://github.com/urllib3/urllib3/issues/3020
  warnings.warn(
/Users/zhaowenyuan/Projects/FlowFigTabMiner/flowfigtabminer/lib/python3.9/site-packages/urllib3/__init__.py:35: NotOpenSSLWarning: urllib3 v2 only supports OpenSSL 1.1.1+, currently the 'ssl' module is compiled with 'LibreSSL 2.8.3'. See: https://github.com/urllib3/urllib3/issues/3020
  warnings.warn(
/Users/zhaowenyuan/Projects/FlowFigTabMiner/flowfigtabminer/lib/python3.9/site-packages/urllib3/__init__.py:35: NotOpenSSLWarning: urllib3 v2 only supports OpenSSL 1.1.1+, currently the 'ssl' module is compiled with 'LibreSSL 2.8.3'. See: https://github.com/urllib3/urllib3/issues/3020
  warnings.warn(
/Users/zhaowenyuan/Projects/FlowFigTabMiner/flowfigtabminer/lib/python3.9/site-packages/urllib3/__init__.py:35: NotOpenSSLWarning: urllib3 v2 only supports OpenSSL 1.1.1+, currently the 'ssl' module is compiled with 'LibreSSL 2.8.3'. See: https://github.com/urllib3/urllib3/issues/3020
  warnings.warn(
/Users/zhaowenyuan/Projects/FlowFigTabMiner/flowfigtabminer/lib/python3.9/site-packages/urllib3/__init__.py:35: NotOpenSSLWarning: urllib3 v2 only supports OpenSSL 1.1.1+, currently the 'ssl' module is compiled with 'LibreSSL 2.8.3'. See: https://github.com/urllib3/urllib3/issues/3020
  warnings.warn(
/Users/zhaowenyuan/Projects/FlowFigTabMiner/flowfigtabminer/lib/python3.9/site-packages/urllib3/__init__.py:35: NotOpenSSLWarning: urllib3 v2 only supports OpenSSL 1.1.1+, currently the 'ssl' module is compiled with 'LibreSSL 2.8.3'. See: https://github.com/urllib3/urllib3/issues/3020
  warnings.warn(
/Users/zhaowenyuan/Projects/FlowFigTabMiner/flowfigtabminer/lib/python3.9/site-packages/urllib3/__init__.py:35: NotOpenSSLWarning: urllib3 v2 only supports OpenSSL 1.1.1+, currently the 'ssl' module is compiled with 'LibreSSL 2.8.3'. See: https://github.com/urllib3/urllib3/issues/3020
  warnings.warn(
/Users/zhaowenyuan/Projects/FlowFigTabMiner/flowfigtabminer/lib/python3.9/site-packages/urllib3/__init__.py:35: NotOpenSSLWarning: urllib3 v2 only supports OpenSSL 1.1.1+, currently the 'ssl' module is compiled with 'LibreSSL 2.8.3'. See: https://github.com/urllib3/urllib3/issues/3020
  warnings.warn(
/Users/zhaowenyuan/Projects/FlowFigTabMiner/flowfigtabminer/lib/python3.9/site-packages/urllib3/__init__.py:35: NotOpenSSLWarning: urllib3 v2 only supports OpenSSL 1.1.1+, currently the 'ssl' module is compiled with 'LibreSSL 2.8.3'. See: https://github.com/urllib3/urllib3/issues/3020
  warnings.warn(
/Users/zhaowenyuan/Projects/FlowFigTabMiner/flowfigtabminer/lib/python3.9/site-packages/urllib3/__init__.py:35: NotOpenSSLWarning: urllib3 v2 only supports OpenSSL 1.1.1+, currently the 'ssl' module is compiled with 'LibreSSL 2.8.3'. See: https://github.com/urllib3/urllib3/issues/3020
  warnings.warn(
[33mChecking connectivity to the model hosters, this may take a while. To bypass this check, set `DISABLE_MODEL_SOURCE_CHECK` to `True`.[0m
[33mChecking connectivity to the model hosters, this may take a while. To bypass this check, set `DISABLE_MODEL_SOURCE_CHECK` to `True`.[0m
[33mChecking connectivity to the model hosters, this may take a while. To bypass this check, set `DISABLE_MODEL_SOURCE_CHECK` to `True`.[0m
[33mChecking connectivity to the model hosters, this may take a while. To bypass this check, set `DISABLE_MODEL_SOURCE_CHECK` to `True`.[0m
[33mChecking connectivity to the model hosters, this may take a while. To bypass this check, set `DISABLE_MODEL_SOURCE_CHECK` to `True`.[0m
[33mChecking connectivity to the model hosters, this may take a while. To bypass this check, set `DISABLE_MODEL_SOURCE_CHECK` to `True`.[0m
[33mChecking connectivity to the model hosters, this may take a while. To bypass this check, set `DISABLE_MODEL_SOURCE_CHECK` to `True`.[0m
[33mChecking connectivity to the model hosters, this may take a while. To bypass this check, set `DISABLE_MODEL_SOURCE_CHECK` to `True`.[0m
[33mChecking connectivity to the model hosters, this may take a while. To bypass this check, set `DISABLE_MODEL_SOURCE_CHECK` to `True`.[0m
[33mChecking connectivity to the model hosters, this may take a while. To bypass this check, set `DISABLE_MODEL_SOURCE_CHECK` to `True`.[0m
[33mChecking connectivity to the model hosters, this may take a while. To bypass this check, set `DISABLE_MODEL_SOURCE_CHECK` to `True`.[0m
[33mChecking connectivity to the model hosters, this may take a while. To bypass this check, set `DISABLE_MODEL_SOURCE_CHECK` to `True`.[0m
[33mChecking connectivity to the model hosters, this may take a while. To bypass this check, set `DISABLE_MODEL_SOURCE_CHECK` to `True`.[0m
[33mChecking connectivity to the model hosters, this may take a while. To bypass this check, set `DISABLE_MODEL_SOURCE_CHECK` to `True`.[0m
[33mChecking connectivity to the model hosters, this may take a while. To bypass this check, set `DISABLE_MODEL_SOURCE_CHECK` to `True`.[0m
[33mChecking connectivity to the model hosters, this may take a while. To bypass this check, set `DISABLE_MODEL_SOURCE_CHECK` to `True`.[0m
/Users/zhaowenyuan/Projects/FlowFigTabMiner/flowfigtabminer/lib/python3.9/site-packages/onmt/modules/sparse_activations.py:48: FutureWarning: `torch.cuda.amp.custom_fwd(args...)` is deprecated. Please use `torch.amp.custom_fwd(args..., device_type='cuda')` instead.
  def forward(ctx, input, dim=0):
/Users/zhaowenyuan/Projects/FlowFigTabMiner/flowfigtabminer/lib/python3.9/site-packages/onmt/modules/sparse_activations.py:68: FutureWarning: `torch.cuda.amp.custom_bwd(args...)` is deprecated. Please use `torch.amp.custom_bwd(args..., device_type='cuda')` instead.
  def backward(ctx, grad_output):
/Users/zhaowenyuan/Projects/FlowFigTabMiner/flowfigtabminer/lib/python3.9/site-packages/onmt/modules/sparse_losses.py:13: FutureWarning: `torch.cuda.amp.custom_fwd(args...)` is deprecated. Please use `torch.amp.custom_fwd(args..., device_type='cuda')` instead.
  def forward(ctx, input, target):
/Users/zhaowenyuan/Projects/FlowFigTabMiner/flowfigtabminer/lib/python3.9/site-packages/onmt/modules/sparse_losses.py:37: FutureWarning: `torch.cuda.amp.custom_bwd(args...)` is deprecated. Please use `torch.amp.custom_bwd(args..., device_type='cuda')` instead.
  def backward(ctx, grad_output):
chiral_center_ids (from symbols): []
/Users/zhaowenyuan/Projects/FlowFigTabMiner/flowfigtabminer/lib/python3.9/site-packages/urllib3/__init__.py:35: NotOpenSSLWarning: urllib3 v2 only supports OpenSSL 1.1.1+, currently the 'ssl' module is compiled with 'LibreSSL 2.8.3'. See: https://github.com/urllib3/urllib3/issues/3020
  warnings.warn(
/Users/zhaowenyuan/Projects/FlowFigTabMiner/flowfigtabminer/lib/python3.9/site-packages/urllib3/__init__.py:35: NotOpenSSLWarning: urllib3 v2 only supports OpenSSL 1.1.1+, currently the 'ssl' module is compiled with 'LibreSSL 2.8.3'. See: https://github.com/urllib3/urllib3/issues/3020
  warnings.warn(
/Users/zhaowenyuan/Projects/FlowFigTabMiner/flowfigtabminer/lib/python3.9/site-packages/urllib3/__init__.py:35: NotOpenSSLWarning: urllib3 v2 only supports OpenSSL 1.1.1+, currently the 'ssl' module is compiled with 'LibreSSL 2.8.3'. See: https://github.com/urllib3/urllib3/issues/3020
  warnings.warn(
/Users/zhaowenyuan/Projects/FlowFigTabMiner/flowfigtabminer/lib/python3.9/site-packages/urllib3/__init__.py:35: NotOpenSSLWarning: urllib3 v2 only supports OpenSSL 1.1.1+, currently the 'ssl' module is compiled with 'LibreSSL 2.8.3'. See: https://github.com/urllib3/urllib3/issues/3020
  warnings.warn(
/Users/zhaowenyuan/Projects/FlowFigTabMiner/flowfigtabminer/lib/python3.9/site-packages/urllib3/__init__.py:35: NotOpenSSLWarning: urllib3 v2 only supports OpenSSL 1.1.1+, currently the 'ssl' module is compiled with 'LibreSSL 2.8.3'. See: https://github.com/urllib3/urllib3/issues/3020
  warnings.warn(
/Users/zhaowenyuan/Projects/FlowFigTabMiner/flowfigtabminer/lib/python3.9/site-packages/urllib3/__init__.py:35: NotOpenSSLWarning: urllib3 v2 only supports OpenSSL 1.1.1+, currently the 'ssl' module is compiled with 'LibreSSL 2.8.3'. See: https://github.com/urllib3/urllib3/issues/3020
  warnings.warn(
/Users/zhaowenyuan/Projects/FlowFigTabMiner/flowfigtabminer/lib/python3.9/site-packages/urllib3/__init__.py:35: NotOpenSSLWarning: urllib3 v2 only supports OpenSSL 1.1.1+, currently the 'ssl' module is compiled with 'LibreSSL 2.8.3'. See: https://github.com/urllib3/urllib3/issues/3020
  warnings.warn(
/Users/zhaowenyuan/Projects/FlowFigTabMiner/flowfigtabminer/lib/python3.9/site-packages/urllib3/__init__.py:35: NotOpenSSLWarning: urllib3 v2 only supports OpenSSL 1.1.1+, currently the 'ssl' module is compiled with 'LibreSSL 2.8.3'. See: https://github.com/urllib3/urllib3/issues/3020
  warnings.warn(
/Users/zhaowenyuan/Projects/FlowFigTabMiner/flowfigtabminer/lib/python3.9/site-packages/urllib3/__init__.py:35: NotOpenSSLWarning: urllib3 v2 only supports OpenSSL 1.1.1+, currently the 'ssl' module is compiled with 'LibreSSL 2.8.3'. See: https://github.com/urllib3/urllib3/issues/3020
  warnings.warn(
/Users/zhaowenyuan/Projects/FlowFigTabMiner/flowfigtabminer/lib/python3.9/site-packages/urllib3/__init__.py:35: NotOpenSSLWarning: urllib3 v2 only supports OpenSSL 1.1.1+, currently the 'ssl' module is compiled with 'LibreSSL 2.8.3'. See: https://github.com/urllib3/urllib3/issues/3020
  warnings.warn(
/Users/zhaowenyuan/Projects/FlowFigTabMiner/flowfigtabminer/lib/python3.9/site-packages/urllib3/__init__.py:35: NotOpenSSLWarning: urllib3 v2 only supports OpenSSL 1.1.1+, currently the 'ssl' module is compiled with 'LibreSSL 2.8.3'. See: https://github.com/urllib3/urllib3/issues/3020
  warnings.warn(
/Users/zhaowenyuan/Projects/FlowFigTabMiner/flowfigtabminer/lib/python3.9/site-packages/urllib3/__init__.py:35: NotOpenSSLWarning: urllib3 v2 only supports OpenSSL 1.1.1+, currently the 'ssl' module is compiled with 'LibreSSL 2.8.3'. See: https://github.com/urllib3/urllib3/issues/3020
  warnings.warn(
/Users/zhaowenyuan/Projects/FlowFigTabMiner/flowfigtabminer/lib/python3.9/site-packages/urllib3/__init__.py:35: NotOpenSSLWarning: urllib3 v2 only supports OpenSSL 1.1.1+, currently the 'ssl' module is compiled with 'LibreSSL 2.8.3'. See: https://github.com/urllib3/urllib3/issues/3020
  warnings.warn(
/Users/zhaowenyuan/Projects/FlowFigTabMiner/flowfigtabminer/lib/python3.9/site-packages/urllib3/__init__.py:35: NotOpenSSLWarning: urllib3 v2 only supports OpenSSL 1.1.1+, currently the 'ssl' module is compiled with 'LibreSSL 2.8.3'. See: https://github.com/urllib3/urllib3/issues/3020
  warnings.warn(
/Users/zhaowenyuan/Projects/FlowFigTabMiner/flowfigtabminer/lib/python3.9/site-packages/urllib3/__init__.py:35: NotOpenSSLWarning: urllib3 v2 only supports OpenSSL 1.1.1+, currently the 'ssl' module is compiled with 'LibreSSL 2.8.3'. See: https://github.com/urllib3/urllib3/issues/3020
  warnings.warn(
/Users/zhaowenyuan/Projects/FlowFigTabMiner/flowfigtabminer/lib/python3.9/site-packages/urllib3/__init__.py:35: NotOpenSSLWarning: urllib3 v2 only supports OpenSSL 1.1.1+, currently the 'ssl' module is compiled with 'LibreSSL 2.8.3'. See: https://github.com/urllib3/urllib3/issues/3020
  warnings.warn(
[33mChecking connectivity to the model hosters, this may take a while. To bypass this check, set `DISABLE_MODEL_SOURCE_CHECK` to `True`.[0m
[33mChecking connectivity to the model hosters, this may take a while. To bypass this check, set `DISABLE_MODEL_SOURCE_CHECK` to `True`.[0m
[33mChecking connectivity to the model hosters, this may take a while. To bypass this check, set `DISABLE_MODEL_SOURCE_CHECK` to `True`.[0m
[33mChecking connectivity to the model hosters, this may take a while. To bypass this check, set `DISABLE_MODEL_SOURCE_CHECK` to `True`.[0m
[33mChecking connectivity to the model hosters, this may take a while. To bypass this check, set `DISABLE_MODEL_SOURCE_CHECK` to `True`.[0m
[33mChecking connectivity to the model hosters, this may take a while. To bypass this check, set `DISABLE_MODEL_SOURCE_CHECK` to `True`.[0m
[33mChecking connectivity to the model hosters, this may take a while. To bypass this check, set `DISABLE_MODEL_SOURCE_CHECK` to `True`.[0m
[33mChecking connectivity to the model hosters, this may take a while. To bypass this check, set `DISABLE_MODEL_SOURCE_CHECK` to `True`.[0m
[33mChecking connectivity to the model hosters, this may take a while. To bypass this check, set `DISABLE_MODEL_SOURCE_CHECK` to `True`.[0m
[33mChecking connectivity to the model hosters, this may take a while. To bypass this check, set `DISABLE_MODEL_SOURCE_CHECK` to `True`.[0m
[33mChecking connectivity to the model hosters, this may take a while. To bypass this check, set `DISABLE_MODEL_SOURCE_CHECK` to `True`.[0m
[33mChecking connectivity to the model hosters, this may take a while. To bypass this check, set `DISABLE_MODEL_SOURCE_CHECK` to `True`.[0m
[33mChecking connectivity to the model hosters, this may take a while. To bypass this check, set `DISABLE_MODEL_SOURCE_CHECK` to `True`.[0m
[33mChecking connectivity to the model hosters, this may take a while. To bypass this check, set `DISABLE_MODEL_SOURCE_CHECK` to `True`.[0m
[33mChecking connectivity to the model hosters, this may take a while. To bypass this check, set `DISABLE_MODEL_SOURCE_CHECK` to `True`.[0m
[33mChecking connectivity to the model hosters, this may take a while. To bypass this check, set `DISABLE_MODEL_SOURCE_CHECK` to `True`.[0m
/Users/zhaowenyuan/Projects/FlowFigTabMiner/flowfigtabminer/lib/python3.9/site-packages/onmt/modules/sparse_activations.py:48: FutureWarning: `torch.cuda.amp.custom_fwd(args...)` is deprecated. Please use `torch.amp.custom_fwd(args..., device_type='cuda')` instead.
  def forward(ctx, input, dim=0):
/Users/zhaowenyuan/Projects/FlowFigTabMiner/flowfigtabminer/lib/python3.9/site-packages/onmt/modules/sparse_activations.py:68: FutureWarning: `torch.cuda.amp.custom_bwd(args...)` is deprecated. Please use `torch.amp.custom_bwd(args..., device_type='cuda')` instead.
  def backward(ctx, grad_output):
/Users/zhaowenyuan/Projects/FlowFigTabMiner/flowfigtabminer/lib/python3.9/site-packages/onmt/modules/sparse_losses.py:13: FutureWarning: `torch.cuda.amp.custom_fwd(args...)` is deprecated. Please use `torch.amp.custom_fwd(args..., device_type='cuda')` instead.
  def forward(ctx, input, target):
/Users/zhaowenyuan/Projects/FlowFigTabMiner/flowfigtabminer/lib/python3.9/site-packages/onmt/modules/sparse_losses.py:37: FutureWarning: `torch.cuda.amp.custom_bwd(args...)` is deprecated. Please use `torch.amp.custom_bwd(args..., device_type='cuda')` instead.
  def backward(ctx, grad_output):
chiral_center_ids (from symbols): []
/Users/zhaowenyuan/Projects/FlowFigTabMiner/flowfigtabminer/lib/python3.9/site-packages/urllib3/__init__.py:35: NotOpenSSLWarning: urllib3 v2 only supports OpenSSL 1.1.1+, currently the 'ssl' module is compiled with 'LibreSSL 2.8.3'. See: https://github.com/urllib3/urllib3/issues/3020
  warnings.warn(
/Users/zhaowenyuan/Projects/FlowFigTabMiner/flowfigtabminer/lib/python3.9/site-packages/urllib3/__init__.py:35: NotOpenSSLWarning: urllib3 v2 only supports OpenSSL 1.1.1+, currently the 'ssl' module is compiled with 'LibreSSL 2.8.3'. See: https://github.com/urllib3/urllib3/issues/3020
  warnings.warn(
/Users/zhaowenyuan/Projects/FlowFigTabMiner/flowfigtabminer/lib/python3.9/site-packages/urllib3/__init__.py:35: NotOpenSSLWarning: urllib3 v2 only supports OpenSSL 1.1.1+, currently the 'ssl' module is compiled with 'LibreSSL 2.8.3'. See: https://github.com/urllib3/urllib3/issues/3020
  warnings.warn(
/Users/zhaowenyuan/Projects/FlowFigTabMiner/flowfigtabminer/lib/python3.9/site-packages/urllib3/__init__.py:35: NotOpenSSLWarning: urllib3 v2 only supports OpenSSL 1.1.1+, currently the 'ssl' module is compiled with 'LibreSSL 2.8.3'. See: https://github.com/urllib3/urllib3/issues/3020
  warnings.warn(
/Users/zhaowenyuan/Projects/FlowFigTabMiner/flowfigtabminer/lib/python3.9/site-packages/urllib3/__init__.py:35: NotOpenSSLWarning: urllib3 v2 only supports OpenSSL 1.1.1+, currently the 'ssl' module is compiled with 'LibreSSL 2.8.3'. See: https://github.com/urllib3/urllib3/issues/3020
  warnings.warn(
/Users/zhaowenyuan/Projects/FlowFigTabMiner/flowfigtabminer/lib/python3.9/site-packages/urllib3/__init__.py:35: NotOpenSSLWarning: urllib3 v2 only supports OpenSSL 1.1.1+, currently the 'ssl' module is compiled with 'LibreSSL 2.8.3'. See: https://github.com/urllib3/urllib3/issues/3020
  warnings.warn(
/Users/zhaowenyuan/Projects/FlowFigTabMiner/flowfigtabminer/lib/python3.9/site-packages/urllib3/__init__.py:35: NotOpenSSLWarning: urllib3 v2 only supports OpenSSL 1.1.1+, currently the 'ssl' module is compiled with 'LibreSSL 2.8.3'. See: https://github.com/urllib3/urllib3/issues/3020
  warnings.warn(
/Users/zhaowenyuan/Projects/FlowFigTabMiner/flowfigtabminer/lib/python3.9/site-packages/urllib3/__init__.py:35: NotOpenSSLWarning: urllib3 v2 only supports OpenSSL 1.1.1+, currently the 'ssl' module is compiled with 'LibreSSL 2.8.3'. See: https://github.com/urllib3/urllib3/issues/3020
  warnings.warn(
/Users/zhaowenyuan/Projects/FlowFigTabMiner/flowfigtabminer/lib/python3.9/site-packages/urllib3/__init__.py:35: NotOpenSSLWarning: urllib3 v2 only supports OpenSSL 1.1.1+, currently the 'ssl' module is compiled with 'LibreSSL 2.8.3'. See: https://github.com/urllib3/urllib3/issues/3020
  warnings.warn(
/Users/zhaowenyuan/Projects/FlowFigTabMiner/flowfigtabminer/lib/python3.9/site-packages/urllib3/__init__.py:35: NotOpenSSLWarning: urllib3 v2 only supports OpenSSL 1.1.1+, currently the 'ssl' module is compiled with 'LibreSSL 2.8.3'. See: https://github.com/urllib3/urllib3/issues/3020
  warnings.warn(
/Users/zhaowenyuan/Projects/FlowFigTabMiner/flowfigtabminer/lib/python3.9/site-packages/urllib3/__init__.py:35: NotOpenSSLWarning: urllib3 v2 only supports OpenSSL 1.1.1+, currently the 'ssl' module is compiled with 'LibreSSL 2.8.3'. See: https://github.com/urllib3/urllib3/issues/3020
  warnings.warn(
/Users/zhaowenyuan/Projects/FlowFigTabMiner/flowfigtabminer/lib/python3.9/site-packages/urllib3/__init__.py:35: NotOpenSSLWarning: urllib3 v2 only supports OpenSSL 1.1.1+, currently the 'ssl' module is compiled with 'LibreSSL 2.8.3'. See: https://github.com/urllib3/urllib3/issues/3020
  warnings.warn(
/Users/zhaowenyuan/Projects/FlowFigTabMiner/flowfigtabminer/lib/python3.9/site-packages/urllib3/__init__.py:35: NotOpenSSLWarning: urllib3 v2 only supports OpenSSL 1.1.1+, currently the 'ssl' module is compiled with 'LibreSSL 2.8.3'. See: https://github.com/urllib3/urllib3/issues/3020
  warnings.warn(
/Users/zhaowenyuan/Projects/FlowFigTabMiner/flowfigtabminer/lib/python3.9/site-packages/urllib3/__init__.py:35: NotOpenSSLWarning: urllib3 v2 only supports OpenSSL 1.1.1+, currently the 'ssl' module is compiled with 'LibreSSL 2.8.3'. See: https://github.com/urllib3/urllib3/issues/3020
  warnings.warn(
/Users/zhaowenyuan/Projects/FlowFigTabMiner/flowfigtabminer/lib/python3.9/site-packages/urllib3/__init__.py:35: NotOpenSSLWarning: urllib3 v2 only supports OpenSSL 1.1.1+, currently the 'ssl' module is compiled with 'LibreSSL 2.8.3'. See: https://github.com/urllib3/urllib3/issues/3020
  warnings.warn(
/Users/zhaowenyuan/Projects/FlowFigTabMiner/flowfigtabminer/lib/python3.9/site-packages/urllib3/__init__.py:35: NotOpenSSLWarning: urllib3 v2 only supports OpenSSL 1.1.1+, currently the 'ssl' module is compiled with 'LibreSSL 2.8.3'. See: https://github.com/urllib3/urllib3/issues/3020
  warnings.warn(
[33mChecking connectivity to the model hosters, this may take a while. To bypass this check, set `DISABLE_MODEL_SOURCE_CHECK` to `True`.[0m
[33mChecking connectivity to the model hosters, this may take a while. To bypass this check, set `DISABLE_MODEL_SOURCE_CHECK` to `True`.[0m
[33mChecking connectivity to the model hosters, this may take a while. To bypass this check, set `DISABLE_MODEL_SOURCE_CHECK` to `True`.[0m
[33mChecking connectivity to the model hosters, this may take a while. To bypass this check, set `DISABLE_MODEL_SOURCE_CHECK` to `True`.[0m
[33mChecking connectivity to the model hosters, this may take a while. To bypass this check, set `DISABLE_MODEL_SOURCE_CHECK` to `True`.[0m
[33mChecking connectivity to the model hosters, this may take a while. To bypass this check, set `DISABLE_MODEL_SOURCE_CHECK` to `True`.[0m
[33mChecking connectivity to the model hosters, this may take a while. To bypass this check, set `DISABLE_MODEL_SOURCE_CHECK` to `True`.[0m
[33mChecking connectivity to the model hosters, this may take a while. To bypass this check, set `DISABLE_MODEL_SOURCE_CHECK` to `True`.[0m
[33mChecking connectivity to the model hosters, this may take a while. To bypass this check, set `DISABLE_MODEL_SOURCE_CHECK` to `True`.[0m
[33mChecking connectivity to the model hosters, this may take a while. To bypass this check, set `DISABLE_MODEL_SOURCE_CHECK` to `True`.[0m
[33mChecking connectivity to the model hosters, this may take a while. To bypass this check, set `DISABLE_MODEL_SOURCE_CHECK` to `True`.[0m
[33mChecking connectivity to the model hosters, this may take a while. To bypass this check, set `DISABLE_MODEL_SOURCE_CHECK` to `True`.[0m
[33mChecking connectivity to the model hosters, this may take a while. To bypass this check, set `DISABLE_MODEL_SOURCE_CHECK` to `True`.[0m
[33mChecking connectivity to the model hosters, this may take a while. To bypass this check, set `DISABLE_MODEL_SOURCE_CHECK` to `True`.[0m
[33mChecking connectivity to the model hosters, this may take a while. To bypass this check, set `DISABLE_MODEL_SOURCE_CHECK` to `True`.[0m
[33mChecking connectivity to the model hosters, this may take a while. To bypass this check, set `DISABLE_MODEL_SOURCE_CHECK` to `True`.[0m
/Users/zhaowenyuan/Projects/FlowFigTabMiner/flowfigtabminer/lib/python3.9/site-packages/onmt/modules/sparse_activations.py:48: FutureWarning: `torch.cuda.amp.custom_fwd(args...)` is deprecated. Please use `torch.amp.custom_fwd(args..., device_type='cuda')` instead.
  def forward(ctx, input, dim=0):
/Users/zhaowenyuan/Projects/FlowFigTabMiner/flowfigtabminer/lib/python3.9/site-packages/onmt/modules/sparse_activations.py:68: FutureWarning: `torch.cuda.amp.custom_bwd(args...)` is deprecated. Please use `torch.amp.custom_bwd(args..., device_type='cuda')` instead.
  def backward(ctx, grad_output):
/Users/zhaowenyuan/Projects/FlowFigTabMiner/flowfigtabminer/lib/python3.9/site-packages/onmt/modules/sparse_losses.py:13: FutureWarning: `torch.cuda.amp.custom_fwd(args...)` is deprecated. Please use `torch.amp.custom_fwd(args..., device_type='cuda')` instead.
  def forward(ctx, input, target):
/Users/zhaowenyuan/Projects/FlowFigTabMiner/flowfigtabminer/lib/python3.9/site-packages/onmt/modules/sparse_losses.py:37: FutureWarning: `torch.cuda.amp.custom_bwd(args...)` is deprecated. Please use `torch.amp.custom_bwd(args..., device_type='cuda')` instead.
  def backward(ctx, grad_output):
chiral_center_ids (from symbols): []
/Users/zhaowenyuan/Projects/FlowFigTabMiner/flowfigtabminer/lib/python3.9/site-packages/urllib3/__init__.py:35: NotOpenSSLWarning: urllib3 v2 only supports OpenSSL 1.1.1+, currently the 'ssl' module is compiled with 'LibreSSL 2.8.3'. See: https://github.com/urllib3/urllib3/issues/3020
  warnings.warn(
/Users/zhaowenyuan/Projects/FlowFigTabMiner/flowfigtabminer/lib/python3.9/site-packages/urllib3/__init__.py:35: NotOpenSSLWarning: urllib3 v2 only supports OpenSSL 1.1.1+, currently the 'ssl' module is compiled with 'LibreSSL 2.8.3'. See: https://github.com/urllib3/urllib3/issues/3020
  warnings.warn(
/Users/zhaowenyuan/Projects/FlowFigTabMiner/flowfigtabminer/lib/python3.9/site-packages/urllib3/__init__.py:35: NotOpenSSLWarning: urllib3 v2 only supports OpenSSL 1.1.1+, currently the 'ssl' module is compiled with 'LibreSSL 2.8.3'. See: https://github.com/urllib3/urllib3/issues/3020
  warnings.warn(
/Users/zhaowenyuan/Projects/FlowFigTabMiner/flowfigtabminer/lib/python3.9/site-packages/urllib3/__init__.py:35: NotOpenSSLWarning: urllib3 v2 only supports OpenSSL 1.1.1+, currently the 'ssl' module is compiled with 'LibreSSL 2.8.3'. See: https://github.com/urllib3/urllib3/issues/3020
  warnings.warn(
/Users/zhaowenyuan/Projects/FlowFigTabMiner/flowfigtabminer/lib/python3.9/site-packages/urllib3/__init__.py:35: NotOpenSSLWarning: urllib3 v2 only supports OpenSSL 1.1.1+, currently the 'ssl' module is compiled with 'LibreSSL 2.8.3'. See: https://github.com/urllib3/urllib3/issues/3020
  warnings.warn(
/Users/zhaowenyuan/Projects/FlowFigTabMiner/flowfigtabminer/lib/python3.9/site-packages/urllib3/__init__.py:35: NotOpenSSLWarning: urllib3 v2 only supports OpenSSL 1.1.1+, currently the 'ssl' module is compiled with 'LibreSSL 2.8.3'. See: https://github.com/urllib3/urllib3/issues/3020
  warnings.warn(
/Users/zhaowenyuan/Projects/FlowFigTabMiner/flowfigtabminer/lib/python3.9/site-packages/urllib3/__init__.py:35: NotOpenSSLWarning: urllib3 v2 only supports OpenSSL 1.1.1+, currently the 'ssl' module is compiled with 'LibreSSL 2.8.3'. See: https://github.com/urllib3/urllib3/issues/3020
  warnings.warn(
/Users/zhaowenyuan/Projects/FlowFigTabMiner/flowfigtabminer/lib/python3.9/site-packages/urllib3/__init__.py:35: NotOpenSSLWarning: urllib3 v2 only supports OpenSSL 1.1.1+, currently the 'ssl' module is compiled with 'LibreSSL 2.8.3'. See: https://github.com/urllib3/urllib3/issues/3020
  warnings.warn(
/Users/zhaowenyuan/Projects/FlowFigTabMiner/flowfigtabminer/lib/python3.9/site-packages/urllib3/__init__.py:35: NotOpenSSLWarning: urllib3 v2 only supports OpenSSL 1.1.1+, currently the 'ssl' module is compiled with 'LibreSSL 2.8.3'. See: https://github.com/urllib3/urllib3/issues/3020
  warnings.warn(
/Users/zhaowenyuan/Projects/FlowFigTabMiner/flowfigtabminer/lib/python3.9/site-packages/urllib3/__init__.py:35: NotOpenSSLWarning: urllib3 v2 only supports OpenSSL 1.1.1+, currently the 'ssl' module is compiled with 'LibreSSL 2.8.3'. See: https://github.com/urllib3/urllib3/issues/3020
  warnings.warn(
/Users/zhaowenyuan/Projects/FlowFigTabMiner/flowfigtabminer/lib/python3.9/site-packages/urllib3/__init__.py:35: NotOpenSSLWarning: urllib3 v2 only supports OpenSSL 1.1.1+, currently the 'ssl' module is compiled with 'LibreSSL 2.8.3'. See: https://github.com/urllib3/urllib3/issues/3020
  warnings.warn(
/Users/zhaowenyuan/Projects/FlowFigTabMiner/flowfigtabminer/lib/python3.9/site-packages/urllib3/__init__.py:35: NotOpenSSLWarning: urllib3 v2 only supports OpenSSL 1.1.1+, currently the 'ssl' module is compiled with 'LibreSSL 2.8.3'. See: https://github.com/urllib3/urllib3/issues/3020
  warnings.warn(
/Users/zhaowenyuan/Projects/FlowFigTabMiner/flowfigtabminer/lib/python3.9/site-packages/urllib3/__init__.py:35: NotOpenSSLWarning: urllib3 v2 only supports OpenSSL 1.1.1+, currently the 'ssl' module is compiled with 'LibreSSL 2.8.3'. See: https://github.com/urllib3/urllib3/issues/3020
  warnings.warn(
/Users/zhaowenyuan/Projects/FlowFigTabMiner/flowfigtabminer/lib/python3.9/site-packages/urllib3/__init__.py:35: NotOpenSSLWarning: urllib3 v2 only supports OpenSSL 1.1.1+, currently the 'ssl' module is compiled with 'LibreSSL 2.8.3'. See: https://github.com/urllib3/urllib3/issues/3020
  warnings.warn(
/Users/zhaowenyuan/Projects/FlowFigTabMiner/flowfigtabminer/lib/python3.9/site-packages/urllib3/__init__.py:35: NotOpenSSLWarning: urllib3 v2 only supports OpenSSL 1.1.1+, currently the 'ssl' module is compiled with 'LibreSSL 2.8.3'. See: https://github.com/urllib3/urllib3/issues/3020
  warnings.warn(
/Users/zhaowenyuan/Projects/FlowFigTabMiner/flowfigtabminer/lib/python3.9/site-packages/urllib3/__init__.py:35: NotOpenSSLWarning: urllib3 v2 only supports OpenSSL 1.1.1+, currently the 'ssl' module is compiled with 'LibreSSL 2.8.3'. See: https://github.com/urllib3/urllib3/issues/3020
  warnings.warn(
[33mChecking connectivity to the model hosters, this may take a while. To bypass this check, set `DISABLE_MODEL_SOURCE_CHECK` to `True`.[0m
[33mChecking connectivity to the model hosters, this may take a while. To bypass this check, set `DISABLE_MODEL_SOURCE_CHECK` to `True`.[0m
[33mChecking connectivity to the model hosters, this may take a while. To bypass this check, set `DISABLE_MODEL_SOURCE_CHECK` to `True`.[0m
[33mChecking connectivity to the model hosters, this may take a while. To bypass this check, set `DISABLE_MODEL_SOURCE_CHECK` to `True`.[0m
[33mChecking connectivity to the model hosters, this may take a while. To bypass this check, set `DISABLE_MODEL_SOURCE_CHECK` to `True`.[0m
[33mChecking connectivity to the model hosters, this may take a while. To bypass this check, set `DISABLE_MODEL_SOURCE_CHECK` to `True`.[0m
[33mChecking connectivity to the model hosters, this may take a while. To bypass this check, set `DISABLE_MODEL_SOURCE_CHECK` to `True`.[0m
[33mChecking connectivity to the model hosters, this may take a while. To bypass this check, set `DISABLE_MODEL_SOURCE_CHECK` to `True`.[0m
[33mChecking connectivity to the model hosters, this may take a while. To bypass this check, set `DISABLE_MODEL_SOURCE_CHECK` to `True`.[0m
[33mChecking connectivity to the model hosters, this may take a while. To bypass this check, set `DISABLE_MODEL_SOURCE_CHECK` to `True`.[0m
[33mChecking connectivity to the model hosters, this may take a while. To bypass this check, set `DISABLE_MODEL_SOURCE_CHECK` to `True`.[0m
[33mChecking connectivity to the model hosters, this may take a while. To bypass this check, set `DISABLE_MODEL_SOURCE_CHECK` to `True`.[0m
[33mChecking connectivity to the model hosters, this may take a while. To bypass this check, set `DISABLE_MODEL_SOURCE_CHECK` to `True`.[0m
[33mChecking connectivity to the model hosters, this may take a while. To bypass this check, set `DISABLE_MODEL_SOURCE_CHECK` to `True`.[0m
[33mChecking connectivity to the model hosters, this may take a while. To bypass this check, set `DISABLE_MODEL_SOURCE_CHECK` to `True`.[0m
[33mChecking connectivity to the model hosters, this may take a while. To bypass this check, set `DISABLE_MODEL_SOURCE_CHECK` to `True`.[0m
/Users/zhaowenyuan/Projects/FlowFigTabMiner/flowfigtabminer/lib/python3.9/site-packages/onmt/modules/sparse_activations.py:48: FutureWarning: `torch.cuda.amp.custom_fwd(args...)` is deprecated. Please use `torch.amp.custom_fwd(args..., device_type='cuda')` instead.
  def forward(ctx, input, dim=0):
/Users/zhaowenyuan/Projects/FlowFigTabMiner/flowfigtabminer/lib/python3.9/site-packages/onmt/modules/sparse_activations.py:68: FutureWarning: `torch.cuda.amp.custom_bwd(args...)` is deprecated. Please use `torch.amp.custom_bwd(args..., device_type='cuda')` instead.
  def backward(ctx, grad_output):
/Users/zhaowenyuan/Projects/FlowFigTabMiner/flowfigtabminer/lib/python3.9/site-packages/onmt/modules/sparse_losses.py:13: FutureWarning: `torch.cuda.amp.custom_fwd(args...)` is deprecated. Please use `torch.amp.custom_fwd(args..., device_type='cuda')` instead.
  def forward(ctx, input, target):
/Users/zhaowenyuan/Projects/FlowFigTabMiner/flowfigtabminer/lib/python3.9/site-packages/onmt/modules/sparse_losses.py:37: FutureWarning: `torch.cuda.amp.custom_bwd(args...)` is deprecated. Please use `torch.amp.custom_bwd(args..., device_type='cuda')` instead.
  def backward(ctx, grad_output):
chiral_center_ids (from symbols): []
/Users/zhaowenyuan/Projects/FlowFigTabMiner/flowfigtabminer/lib/python3.9/site-packages/urllib3/__init__.py:35: NotOpenSSLWarning: urllib3 v2 only supports OpenSSL 1.1.1+, currently the 'ssl' module is compiled with 'LibreSSL 2.8.3'. See: https://github.com/urllib3/urllib3/issues/3020
  warnings.warn(
/Users/zhaowenyuan/Projects/FlowFigTabMiner/flowfigtabminer/lib/python3.9/site-packages/urllib3/__init__.py:35: NotOpenSSLWarning: urllib3 v2 only supports OpenSSL 1.1.1+, currently the 'ssl' module is compiled with 'LibreSSL 2.8.3'. See: https://github.com/urllib3/urllib3/issues/3020
  warnings.warn(
/Users/zhaowenyuan/Projects/FlowFigTabMiner/flowfigtabminer/lib/python3.9/site-packages/urllib3/__init__.py:35: NotOpenSSLWarning: urllib3 v2 only supports OpenSSL 1.1.1+, currently the 'ssl' module is compiled with 'LibreSSL 2.8.3'. See: https://github.com/urllib3/urllib3/issues/3020
  warnings.warn(
/Users/zhaowenyuan/Projects/FlowFigTabMiner/flowfigtabminer/lib/python3.9/site-packages/urllib3/__init__.py:35: NotOpenSSLWarning: urllib3 v2 only supports OpenSSL 1.1.1+, currently the 'ssl' module is compiled with 'LibreSSL 2.8.3'. See: https://github.com/urllib3/urllib3/issues/3020
  warnings.warn(
/Users/zhaowenyuan/Projects/FlowFigTabMiner/flowfigtabminer/lib/python3.9/site-packages/urllib3/__init__.py:35: NotOpenSSLWarning: urllib3 v2 only supports OpenSSL 1.1.1+, currently the 'ssl' module is compiled with 'LibreSSL 2.8.3'. See: https://github.com/urllib3/urllib3/issues/3020
  warnings.warn(
/Users/zhaowenyuan/Projects/FlowFigTabMiner/flowfigtabminer/lib/python3.9/site-packages/urllib3/__init__.py:35: NotOpenSSLWarning: urllib3 v2 only supports OpenSSL 1.1.1+, currently the 'ssl' module is compiled with 'LibreSSL 2.8.3'. See: https://github.com/urllib3/urllib3/issues/3020
  warnings.warn(
/Users/zhaowenyuan/Projects/FlowFigTabMiner/flowfigtabminer/lib/python3.9/site-packages/urllib3/__init__.py:35: NotOpenSSLWarning: urllib3 v2 only supports OpenSSL 1.1.1+, currently the 'ssl' module is compiled with 'LibreSSL 2.8.3'. See: https://github.com/urllib3/urllib3/issues/3020
  warnings.warn(
/Users/zhaowenyuan/Projects/FlowFigTabMiner/flowfigtabminer/lib/python3.9/site-packages/urllib3/__init__.py:35: NotOpenSSLWarning: urllib3 v2 only supports OpenSSL 1.1.1+, currently the 'ssl' module is compiled with 'LibreSSL 2.8.3'. See: https://github.com/urllib3/urllib3/issues/3020
  warnings.warn(
/Users/zhaowenyuan/Projects/FlowFigTabMiner/flowfigtabminer/lib/python3.9/site-packages/urllib3/__init__.py:35: NotOpenSSLWarning: urllib3 v2 only supports OpenSSL 1.1.1+, currently the 'ssl' module is compiled with 'LibreSSL 2.8.3'. See: https://github.com/urllib3/urllib3/issues/3020
  warnings.warn(
/Users/zhaowenyuan/Projects/FlowFigTabMiner/flowfigtabminer/lib/python3.9/site-packages/urllib3/__init__.py:35: NotOpenSSLWarning: urllib3 v2 only supports OpenSSL 1.1.1+, currently the 'ssl' module is compiled with 'LibreSSL 2.8.3'. See: https://github.com/urllib3/urllib3/issues/3020
  warnings.warn(
/Users/zhaowenyuan/Projects/FlowFigTabMiner/flowfigtabminer/lib/python3.9/site-packages/urllib3/__init__.py:35: NotOpenSSLWarning: urllib3 v2 only supports OpenSSL 1.1.1+, currently the 'ssl' module is compiled with 'LibreSSL 2.8.3'. See: https://github.com/urllib3/urllib3/issues/3020
  warnings.warn(
/Users/zhaowenyuan/Projects/FlowFigTabMiner/flowfigtabminer/lib/python3.9/site-packages/urllib3/__init__.py:35: NotOpenSSLWarning: urllib3 v2 only supports OpenSSL 1.1.1+, currently the 'ssl' module is compiled with 'LibreSSL 2.8.3'. See: https://github.com/urllib3/urllib3/issues/3020
  warnings.warn(
/Users/zhaowenyuan/Projects/FlowFigTabMiner/flowfigtabminer/lib/python3.9/site-packages/urllib3/__init__.py:35: NotOpenSSLWarning: urllib3 v2 only supports OpenSSL 1.1.1+, currently the 'ssl' module is compiled with 'LibreSSL 2.8.3'. See: https://github.com/urllib3/urllib3/issues/3020
  warnings.warn(
/Users/zhaowenyuan/Projects/FlowFigTabMiner/flowfigtabminer/lib/python3.9/site-packages/urllib3/__init__.py:35: NotOpenSSLWarning: urllib3 v2 only supports OpenSSL 1.1.1+, currently the 'ssl' module is compiled with 'LibreSSL 2.8.3'. See: https://github.com/urllib3/urllib3/issues/3020
  warnings.warn(
/Users/zhaowenyuan/Projects/FlowFigTabMiner/flowfigtabminer/lib/python3.9/site-packages/urllib3/__init__.py:35: NotOpenSSLWarning: urllib3 v2 only supports OpenSSL 1.1.1+, currently the 'ssl' module is compiled with 'LibreSSL 2.8.3'. See: https://github.com/urllib3/urllib3/issues/3020
  warnings.warn(
/Users/zhaowenyuan/Projects/FlowFigTabMiner/flowfigtabminer/lib/python3.9/site-packages/urllib3/__init__.py:35: NotOpenSSLWarning: urllib3 v2 only supports OpenSSL 1.1.1+, currently the 'ssl' module is compiled with 'LibreSSL 2.8.3'. See: https://github.com/urllib3/urllib3/issues/3020
  warnings.warn(
[33mChecking connectivity to the model hosters, this may take a while. To bypass this check, set `DISABLE_MODEL_SOURCE_CHECK` to `True`.[0m
[33mChecking connectivity to the model hosters, this may take a while. To bypass this check, set `DISABLE_MODEL_SOURCE_CHECK` to `True`.[0m
[33mChecking connectivity to the model hosters, this may take a while. To bypass this check, set `DISABLE_MODEL_SOURCE_CHECK` to `True`.[0m
[33mChecking connectivity to the model hosters, this may take a while. To bypass this check, set `DISABLE_MODEL_SOURCE_CHECK` to `True`.[0m
[33mChecking connectivity to the model hosters, this may take a while. To bypass this check, set `DISABLE_MODEL_SOURCE_CHECK` to `True`.[0m
[33mChecking connectivity to the model hosters, this may take a while. To bypass this check, set `DISABLE_MODEL_SOURCE_CHECK` to `True`.[0m
[33mChecking connectivity to the model hosters, this may take a while. To bypass this check, set `DISABLE_MODEL_SOURCE_CHECK` to `True`.[0m
[33mChecking connectivity to the model hosters, this may take a while. To bypass this check, set `DISABLE_MODEL_SOURCE_CHECK` to `True`.[0m
[33mChecking connectivity to the model hosters, this may take a while. To bypass this check, set `DISABLE_MODEL_SOURCE_CHECK` to `True`.[0m
[33mChecking connectivity to the model hosters, this may take a while. To bypass this check, set `DISABLE_MODEL_SOURCE_CHECK` to `True`.[0m
[33mChecking connectivity to the model hosters, this may take a while. To bypass this check, set `DISABLE_MODEL_SOURCE_CHECK` to `True`.[0m
[33mChecking connectivity to the model hosters, this may take a while. To bypass this check, set `DISABLE_MODEL_SOURCE_CHECK` to `True`.[0m
[33mChecking connectivity to the model hosters, this may take a while. To bypass this check, set `DISABLE_MODEL_SOURCE_CHECK` to `True`.[0m
[33mChecking connectivity to the model hosters, this may take a while. To bypass this check, set `DISABLE_MODEL_SOURCE_CHECK` to `True`.[0m
[33mChecking connectivity to the model hosters, this may take a while. To bypass this check, set `DISABLE_MODEL_SOURCE_CHECK` to `True`.[0m
[33mChecking connectivity to the model hosters, this may take a while. To bypass this check, set `DISABLE_MODEL_SOURCE_CHECK` to `True`.[0m
/Users/zhaowenyuan/Projects/FlowFigTabMiner/flowfigtabminer/lib/python3.9/site-packages/onmt/modules/sparse_activations.py:48: FutureWarning: `torch.cuda.amp.custom_fwd(args...)` is deprecated. Please use `torch.amp.custom_fwd(args..., device_type='cuda')` instead.
  def forward(ctx, input, dim=0):
/Users/zhaowenyuan/Projects/FlowFigTabMiner/flowfigtabminer/lib/python3.9/site-packages/onmt/modules/sparse_activations.py:48: FutureWarning: `torch.cuda.amp.custom_fwd(args...)` is deprecated. Please use `torch.amp.custom_fwd(args..., device_type='cuda')` instead.
  def forward(ctx, input, dim=0):
/Users/zhaowenyuan/Projects/FlowFigTabMiner/flowfigtabminer/lib/python3.9/site-packages/onmt/modules/sparse_activations.py:68: FutureWarning: `torch.cuda.amp.custom_bwd(args...)` is deprecated. Please use `torch.amp.custom_bwd(args..., device_type='cuda')` instead.
  def backward(ctx, grad_output):
/Users/zhaowenyuan/Projects/FlowFigTabMiner/flowfigtabminer/lib/python3.9/site-packages/onmt/modules/sparse_activations.py:68: FutureWarning: `torch.cuda.amp.custom_bwd(args...)` is deprecated. Please use `torch.amp.custom_bwd(args..., device_type='cuda')` instead.
  def backward(ctx, grad_output):
/Users/zhaowenyuan/Projects/FlowFigTabMiner/flowfigtabminer/lib/python3.9/site-packages/onmt/modules/sparse_losses.py:13: FutureWarning: `torch.cuda.amp.custom_fwd(args...)` is deprecated. Please use `torch.amp.custom_fwd(args..., device_type='cuda')` instead.
  def forward(ctx, input, target):
/Users/zhaowenyuan/Projects/FlowFigTabMiner/flowfigtabminer/lib/python3.9/site-packages/onmt/modules/sparse_losses.py:13: FutureWarning: `torch.cuda.amp.custom_fwd(args...)` is deprecated. Please use `torch.amp.custom_fwd(args..., device_type='cuda')` instead.
  def forward(ctx, input, target):
/Users/zhaowenyuan/Projects/FlowFigTabMiner/flowfigtabminer/lib/python3.9/site-packages/onmt/modules/sparse_losses.py:37: FutureWarning: `torch.cuda.amp.custom_bwd(args...)` is deprecated. Please use `torch.amp.custom_bwd(args..., device_type='cuda')` instead.
  def backward(ctx, grad_output):
/Users/zhaowenyuan/Projects/FlowFigTabMiner/flowfigtabminer/lib/python3.9/site-packages/onmt/modules/sparse_losses.py:37: FutureWarning: `torch.cuda.amp.custom_bwd(args...)` is deprecated. Please use `torch.amp.custom_bwd(args..., device_type='cuda')` instead.
  def backward(ctx, grad_output):
chiral_center_ids (from symbols): []
/Users/zhaowenyuan/Projects/FlowFigTabMiner/flowfigtabminer/lib/python3.9/site-packages/urllib3/__init__.py:35: NotOpenSSLWarning: urllib3 v2 only supports OpenSSL 1.1.1+, currently the 'ssl' module is compiled with 'LibreSSL 2.8.3'. See: https://github.com/urllib3/urllib3/issues/3020
  warnings.warn(
/Users/zhaowenyuan/Projects/FlowFigTabMiner/flowfigtabminer/lib/python3.9/site-packages/urllib3/__init__.py:35: NotOpenSSLWarning: urllib3 v2 only supports OpenSSL 1.1.1+, currently the 'ssl' module is compiled with 'LibreSSL 2.8.3'. See: https://github.com/urllib3/urllib3/issues/3020
  warnings.warn(
/Users/zhaowenyuan/Projects/FlowFigTabMiner/flowfigtabminer/lib/python3.9/site-packages/urllib3/__init__.py:35: NotOpenSSLWarning: urllib3 v2 only supports OpenSSL 1.1.1+, currently the 'ssl' module is compiled with 'LibreSSL 2.8.3'. See: https://github.com/urllib3/urllib3/issues/3020
  warnings.warn(
/Users/zhaowenyuan/Projects/FlowFigTabMiner/flowfigtabminer/lib/python3.9/site-packages/urllib3/__init__.py:35: NotOpenSSLWarning: urllib3 v2 only supports OpenSSL 1.1.1+, currently the 'ssl' module is compiled with 'LibreSSL 2.8.3'. See: https://github.com/urllib3/urllib3/issues/3020
  warnings.warn(
/Users/zhaowenyuan/Projects/FlowFigTabMiner/flowfigtabminer/lib/python3.9/site-packages/urllib3/__init__.py:35: NotOpenSSLWarning: urllib3 v2 only supports OpenSSL 1.1.1+, currently the 'ssl' module is compiled with 'LibreSSL 2.8.3'. See: https://github.com/urllib3/urllib3/issues/3020
  warnings.warn(
/Users/zhaowenyuan/Projects/FlowFigTabMiner/flowfigtabminer/lib/python3.9/site-packages/urllib3/__init__.py:35: NotOpenSSLWarning: urllib3 v2 only supports OpenSSL 1.1.1+, currently the 'ssl' module is compiled with 'LibreSSL 2.8.3'. See: https://github.com/urllib3/urllib3/issues/3020
  warnings.warn(
/Users/zhaowenyuan/Projects/FlowFigTabMiner/flowfigtabminer/lib/python3.9/site-packages/urllib3/__init__.py:35: NotOpenSSLWarning: urllib3 v2 only supports OpenSSL 1.1.1+, currently the 'ssl' module is compiled with 'LibreSSL 2.8.3'. See: https://github.com/urllib3/urllib3/issues/3020
  warnings.warn(
/Users/zhaowenyuan/Projects/FlowFigTabMiner/flowfigtabminer/lib/python3.9/site-packages/urllib3/__init__.py:35: NotOpenSSLWarning: urllib3 v2 only supports OpenSSL 1.1.1+, currently the 'ssl' module is compiled with 'LibreSSL 2.8.3'. See: https://github.com/urllib3/urllib3/issues/3020
  warnings.warn(
/Users/zhaowenyuan/Projects/FlowFigTabMiner/flowfigtabminer/lib/python3.9/site-packages/urllib3/__init__.py:35: NotOpenSSLWarning: urllib3 v2 only supports OpenSSL 1.1.1+, currently the 'ssl' module is compiled with 'LibreSSL 2.8.3'. See: https://github.com/urllib3/urllib3/issues/3020
  warnings.warn(
/Users/zhaowenyuan/Projects/FlowFigTabMiner/flowfigtabminer/lib/python3.9/site-packages/urllib3/__init__.py:35: NotOpenSSLWarning: urllib3 v2 only supports OpenSSL 1.1.1+, currently the 'ssl' module is compiled with 'LibreSSL 2.8.3'. See: https://github.com/urllib3/urllib3/issues/3020
  warnings.warn(
/Users/zhaowenyuan/Projects/FlowFigTabMiner/flowfigtabminer/lib/python3.9/site-packages/urllib3/__init__.py:35: NotOpenSSLWarning: urllib3 v2 only supports OpenSSL 1.1.1+, currently the 'ssl' module is compiled with 'LibreSSL 2.8.3'. See: https://github.com/urllib3/urllib3/issues/3020
  warnings.warn(
/Users/zhaowenyuan/Projects/FlowFigTabMiner/flowfigtabminer/lib/python3.9/site-packages/urllib3/__init__.py:35: NotOpenSSLWarning: urllib3 v2 only supports OpenSSL 1.1.1+, currently the 'ssl' module is compiled with 'LibreSSL 2.8.3'. See: https://github.com/urllib3/urllib3/issues/3020
  warnings.warn(
/Users/zhaowenyuan/Projects/FlowFigTabMiner/flowfigtabminer/lib/python3.9/site-packages/urllib3/__init__.py:35: NotOpenSSLWarning: urllib3 v2 only supports OpenSSL 1.1.1+, currently the 'ssl' module is compiled with 'LibreSSL 2.8.3'. See: https://github.com/urllib3/urllib3/issues/3020
  warnings.warn(
/Users/zhaowenyuan/Projects/FlowFigTabMiner/flowfigtabminer/lib/python3.9/site-packages/urllib3/__init__.py:35: NotOpenSSLWarning: urllib3 v2 only supports OpenSSL 1.1.1+, currently the 'ssl' module is compiled with 'LibreSSL 2.8.3'. See: https://github.com/urllib3/urllib3/issues/3020
  warnings.warn(
/Users/zhaowenyuan/Projects/FlowFigTabMiner/flowfigtabminer/lib/python3.9/site-packages/urllib3/__init__.py:35: NotOpenSSLWarning: urllib3 v2 only supports OpenSSL 1.1.1+, currently the 'ssl' module is compiled with 'LibreSSL 2.8.3'. See: https://github.com/urllib3/urllib3/issues/3020
  warnings.warn(
/Users/zhaowenyuan/Projects/FlowFigTabMiner/flowfigtabminer/lib/python3.9/site-packages/urllib3/__init__.py:35: NotOpenSSLWarning: urllib3 v2 only supports OpenSSL 1.1.1+, currently the 'ssl' module is compiled with 'LibreSSL 2.8.3'. See: https://github.com/urllib3/urllib3/issues/3020
  warnings.warn(
[33mChecking connectivity to the model hosters, this may take a while. To bypass this check, set `DISABLE_MODEL_SOURCE_CHECK` to `True`.[0m
[33mChecking connectivity to the model hosters, this may take a while. To bypass this check, set `DISABLE_MODEL_SOURCE_CHECK` to `True`.[0m
[33mChecking connectivity to the model hosters, this may take a while. To bypass this check, set `DISABLE_MODEL_SOURCE_CHECK` to `True`.[0m
[33mChecking connectivity to the model hosters, this may take a while. To bypass this check, set `DISABLE_MODEL_SOURCE_CHECK` to `True`.[0m
[33mChecking connectivity to the model hosters, this may take a while. To bypass this check, set `DISABLE_MODEL_SOURCE_CHECK` to `True`.[0m
[33mChecking connectivity to the model hosters, this may take a while. To bypass this check, set `DISABLE_MODEL_SOURCE_CHECK` to `True`.[0m
[33mChecking connectivity to the model hosters, this may take a while. To bypass this check, set `DISABLE_MODEL_SOURCE_CHECK` to `True`.[0m
[33mChecking connectivity to the model hosters, this may take a while. To bypass this check, set `DISABLE_MODEL_SOURCE_CHECK` to `True`.[0m
[33mChecking connectivity to the model hosters, this may take a while. To bypass this check, set `DISABLE_MODEL_SOURCE_CHECK` to `True`.[0m
[33mChecking connectivity to the model hosters, this may take a while. To bypass this check, set `DISABLE_MODEL_SOURCE_CHECK` to `True`.[0m
[33mChecking connectivity to the model hosters, this may take a while. To bypass this check, set `DISABLE_MODEL_SOURCE_CHECK` to `True`.[0m
[33mChecking connectivity to the model hosters, this may take a while. To bypass this check, set `DISABLE_MODEL_SOURCE_CHECK` to `True`.[0m
[33mChecking connectivity to the model hosters, this may take a while. To bypass this check, set `DISABLE_MODEL_SOURCE_CHECK` to `True`.[0m
[33mChecking connectivity to the model hosters, this may take a while. To bypass this check, set `DISABLE_MODEL_SOURCE_CHECK` to `True`.[0m
[33mChecking connectivity to the model hosters, this may take a while. To bypass this check, set `DISABLE_MODEL_SOURCE_CHECK` to `True`.[0m
[33mChecking connectivity to the model hosters, this may take a while. To bypass this check, set `DISABLE_MODEL_SOURCE_CHECK` to `True`.[0m
/Users/zhaowenyuan/Projects/FlowFigTabMiner/flowfigtabminer/lib/python3.9/site-packages/onmt/modules/sparse_activations.py:48: FutureWarning: `torch.cuda.amp.custom_fwd(args...)` is deprecated. Please use `torch.amp.custom_fwd(args..., device_type='cuda')` instead.
  def forward(ctx, input, dim=0):
/Users/zhaowenyuan/Projects/FlowFigTabMiner/flowfigtabminer/lib/python3.9/site-packages/onmt/modules/sparse_activations.py:68: FutureWarning: `torch.cuda.amp.custom_bwd(args...)` is deprecated. Please use `torch.amp.custom_bwd(args..., device_type='cuda')` instead.
  def backward(ctx, grad_output):
/Users/zhaowenyuan/Projects/FlowFigTabMiner/flowfigtabminer/lib/python3.9/site-packages/onmt/modules/sparse_losses.py:13: FutureWarning: `torch.cuda.amp.custom_fwd(args...)` is deprecated. Please use `torch.amp.custom_fwd(args..., device_type='cuda')` instead.
  def forward(ctx, input, target):
/Users/zhaowenyuan/Projects/FlowFigTabMiner/flowfigtabminer/lib/python3.9/site-packages/onmt/modules/sparse_losses.py:37: FutureWarning: `torch.cuda.amp.custom_bwd(args...)` is deprecated. Please use `torch.amp.custom_bwd(args..., device_type='cuda')` instead.
  def backward(ctx, grad_output):
chiral_center_ids (from symbols): []
/Users/zhaowenyuan/Projects/FlowFigTabMiner/flowfigtabminer/lib/python3.9/site-packages/urllib3/__init__.py:35: NotOpenSSLWarning: urllib3 v2 only supports OpenSSL 1.1.1+, currently the 'ssl' module is compiled with 'LibreSSL 2.8.3'. See: https://github.com/urllib3/urllib3/issues/3020
  warnings.warn(
/Users/zhaowenyuan/Projects/FlowFigTabMiner/flowfigtabminer/lib/python3.9/site-packages/urllib3/__init__.py:35: NotOpenSSLWarning: urllib3 v2 only supports OpenSSL 1.1.1+, currently the 'ssl' module is compiled with 'LibreSSL 2.8.3'. See: https://github.com/urllib3/urllib3/issues/3020
  warnings.warn(
/Users/zhaowenyuan/Projects/FlowFigTabMiner/flowfigtabminer/lib/python3.9/site-packages/urllib3/__init__.py:35: NotOpenSSLWarning: urllib3 v2 only supports OpenSSL 1.1.1+, currently the 'ssl' module is compiled with 'LibreSSL 2.8.3'. See: https://github.com/urllib3/urllib3/issues/3020
  warnings.warn(
/Users/zhaowenyuan/Projects/FlowFigTabMiner/flowfigtabminer/lib/python3.9/site-packages/urllib3/__init__.py:35: NotOpenSSLWarning: urllib3 v2 only supports OpenSSL 1.1.1+, currently the 'ssl' module is compiled with 'LibreSSL 2.8.3'. See: https://github.com/urllib3/urllib3/issues/3020
  warnings.warn(
/Users/zhaowenyuan/Projects/FlowFigTabMiner/flowfigtabminer/lib/python3.9/site-packages/urllib3/__init__.py:35: NotOpenSSLWarning: urllib3 v2 only supports OpenSSL 1.1.1+, currently the 'ssl' module is compiled with 'LibreSSL 2.8.3'. See: https://github.com/urllib3/urllib3/issues/3020
  warnings.warn(
/Users/zhaowenyuan/Projects/FlowFigTabMiner/flowfigtabminer/lib/python3.9/site-packages/urllib3/__init__.py:35: NotOpenSSLWarning: urllib3 v2 only supports OpenSSL 1.1.1+, currently the 'ssl' module is compiled with 'LibreSSL 2.8.3'. See: https://github.com/urllib3/urllib3/issues/3020
  warnings.warn(
/Users/zhaowenyuan/Projects/FlowFigTabMiner/flowfigtabminer/lib/python3.9/site-packages/urllib3/__init__.py:35: NotOpenSSLWarning: urllib3 v2 only supports OpenSSL 1.1.1+, currently the 'ssl' module is compiled with 'LibreSSL 2.8.3'. See: https://github.com/urllib3/urllib3/issues/3020
  warnings.warn(
/Users/zhaowenyuan/Projects/FlowFigTabMiner/flowfigtabminer/lib/python3.9/site-packages/urllib3/__init__.py:35: NotOpenSSLWarning: urllib3 v2 only supports OpenSSL 1.1.1+, currently the 'ssl' module is compiled with 'LibreSSL 2.8.3'. See: https://github.com/urllib3/urllib3/issues/3020
  warnings.warn(
/Users/zhaowenyuan/Projects/FlowFigTabMiner/flowfigtabminer/lib/python3.9/site-packages/urllib3/__init__.py:35: NotOpenSSLWarning: urllib3 v2 only supports OpenSSL 1.1.1+, currently the 'ssl' module is compiled with 'LibreSSL 2.8.3'. See: https://github.com/urllib3/urllib3/issues/3020
  warnings.warn(
/Users/zhaowenyuan/Projects/FlowFigTabMiner/flowfigtabminer/lib/python3.9/site-packages/urllib3/__init__.py:35: NotOpenSSLWarning: urllib3 v2 only supports OpenSSL 1.1.1+, currently the 'ssl' module is compiled with 'LibreSSL 2.8.3'. See: https://github.com/urllib3/urllib3/issues/3020
  warnings.warn(
/Users/zhaowenyuan/Projects/FlowFigTabMiner/flowfigtabminer/lib/python3.9/site-packages/urllib3/__init__.py:35: NotOpenSSLWarning: urllib3 v2 only supports OpenSSL 1.1.1+, currently the 'ssl' module is compiled with 'LibreSSL 2.8.3'. See: https://github.com/urllib3/urllib3/issues/3020
  warnings.warn(
/Users/zhaowenyuan/Projects/FlowFigTabMiner/flowfigtabminer/lib/python3.9/site-packages/urllib3/__init__.py:35: NotOpenSSLWarning: urllib3 v2 only supports OpenSSL 1.1.1+, currently the 'ssl' module is compiled with 'LibreSSL 2.8.3'. See: https://github.com/urllib3/urllib3/issues/3020
  warnings.warn(
/Users/zhaowenyuan/Projects/FlowFigTabMiner/flowfigtabminer/lib/python3.9/site-packages/urllib3/__init__.py:35: NotOpenSSLWarning: urllib3 v2 only supports OpenSSL 1.1.1+, currently the 'ssl' module is compiled with 'LibreSSL 2.8.3'. See: https://github.com/urllib3/urllib3/issues/3020
  warnings.warn(
/Users/zhaowenyuan/Projects/FlowFigTabMiner/flowfigtabminer/lib/python3.9/site-packages/urllib3/__init__.py:35: NotOpenSSLWarning: urllib3 v2 only supports OpenSSL 1.1.1+, currently the 'ssl' module is compiled with 'LibreSSL 2.8.3'. See: https://github.com/urllib3/urllib3/issues/3020
  warnings.warn(
/Users/zhaowenyuan/Projects/FlowFigTabMiner/flowfigtabminer/lib/python3.9/site-packages/urllib3/__init__.py:35: NotOpenSSLWarning: urllib3 v2 only supports OpenSSL 1.1.1+, currently the 'ssl' module is compiled with 'LibreSSL 2.8.3'. See: https://github.com/urllib3/urllib3/issues/3020
  warnings.warn(
/Users/zhaowenyuan/Projects/FlowFigTabMiner/flowfigtabminer/lib/python3.9/site-packages/urllib3/__init__.py:35: NotOpenSSLWarning: urllib3 v2 only supports OpenSSL 1.1.1+, currently the 'ssl' module is compiled with 'LibreSSL 2.8.3'. See: https://github.com/urllib3/urllib3/issues/3020
  warnings.warn(
[33mChecking connectivity to the model hosters, this may take a while. To bypass this check, set `DISABLE_MODEL_SOURCE_CHECK` to `True`.[0m
[33mChecking connectivity to the model hosters, this may take a while. To bypass this check, set `DISABLE_MODEL_SOURCE_CHECK` to `True`.[0m
[33mChecking connectivity to the model hosters, this may take a while. To bypass this check, set `DISABLE_MODEL_SOURCE_CHECK` to `True`.[0m
[33mChecking connectivity to the model hosters, this may take a while. To bypass this check, set `DISABLE_MODEL_SOURCE_CHECK` to `True`.[0m
[33mChecking connectivity to the model hosters, this may take a while. To bypass this check, set `DISABLE_MODEL_SOURCE_CHECK` to `True`.[0m
[33mChecking connectivity to the model hosters, this may take a while. To bypass this check, set `DISABLE_MODEL_SOURCE_CHECK` to `True`.[0m
[33mChecking connectivity to the model hosters, this may take a while. To bypass this check, set `DISABLE_MODEL_SOURCE_CHECK` to `True`.[0m
[33mChecking connectivity to the model hosters, this may take a while. To bypass this check, set `DISABLE_MODEL_SOURCE_CHECK` to `True`.[0m
[33mChecking connectivity to the model hosters, this may take a while. To bypass this check, set `DISABLE_MODEL_SOURCE_CHECK` to `True`.[0m
[33mChecking connectivity to the model hosters, this may take a while. To bypass this check, set `DISABLE_MODEL_SOURCE_CHECK` to `True`.[0m
[33mChecking connectivity to the model hosters, this may take a while. To bypass this check, set `DISABLE_MODEL_SOURCE_CHECK` to `True`.[0m
[33mChecking connectivity to the model hosters, this may take a while. To bypass this check, set `DISABLE_MODEL_SOURCE_CHECK` to `True`.[0m
[33mChecking connectivity to the model hosters, this may take a while. To bypass this check, set `DISABLE_MODEL_SOURCE_CHECK` to `True`.[0m
[33mChecking connectivity to the model hosters, this may take a while. To bypass this check, set `DISABLE_MODEL_SOURCE_CHECK` to `True`.[0m
[33mChecking connectivity to the model hosters, this may take a while. To bypass this check, set `DISABLE_MODEL_SOURCE_CHECK` to `True`.[0m
[33mChecking connectivity to the model hosters, this may take a while. To bypass this check, set `DISABLE_MODEL_SOURCE_CHECK` to `True`.[0m
/Users/zhaowenyuan/Projects/FlowFigTabMiner/flowfigtabminer/lib/python3.9/site-packages/onmt/modules/sparse_activations.py:48: FutureWarning: `torch.cuda.amp.custom_fwd(args...)` is deprecated. Please use `torch.amp.custom_fwd(args..., device_type='cuda')` instead.
  def forward(ctx, input, dim=0):
/Users/zhaowenyuan/Projects/FlowFigTabMiner/flowfigtabminer/lib/python3.9/site-packages/onmt/modules/sparse_activations.py:68: FutureWarning: `torch.cuda.amp.custom_bwd(args...)` is deprecated. Please use `torch.amp.custom_bwd(args..., device_type='cuda')` instead.
  def backward(ctx, grad_output):
/Users/zhaowenyuan/Projects/FlowFigTabMiner/flowfigtabminer/lib/python3.9/site-packages/onmt/modules/sparse_losses.py:13: FutureWarning: `torch.cuda.amp.custom_fwd(args...)` is deprecated. Please use `torch.amp.custom_fwd(args..., device_type='cuda')` instead.
  def forward(ctx, input, target):
/Users/zhaowenyuan/Projects/FlowFigTabMiner/flowfigtabminer/lib/python3.9/site-packages/onmt/modules/sparse_losses.py:37: FutureWarning: `torch.cuda.amp.custom_bwd(args...)` is deprecated. Please use `torch.amp.custom_bwd(args..., device_type='cuda')` instead.
  def backward(ctx, grad_output):
chiral_center_ids (from symbols): []
/Users/zhaowenyuan/Projects/FlowFigTabMiner/flowfigtabminer/lib/python3.9/site-packages/urllib3/__init__.py:35: NotOpenSSLWarning: urllib3 v2 only supports OpenSSL 1.1.1+, currently the 'ssl' module is compiled with 'LibreSSL 2.8.3'. See: https://github.com/urllib3/urllib3/issues/3020
  warnings.warn(
/Users/zhaowenyuan/Projects/FlowFigTabMiner/flowfigtabminer/lib/python3.9/site-packages/urllib3/__init__.py:35: NotOpenSSLWarning: urllib3 v2 only supports OpenSSL 1.1.1+, currently the 'ssl' module is compiled with 'LibreSSL 2.8.3'. See: https://github.com/urllib3/urllib3/issues/3020
  warnings.warn(
/Users/zhaowenyuan/Projects/FlowFigTabMiner/flowfigtabminer/lib/python3.9/site-packages/urllib3/__init__.py:35: NotOpenSSLWarning: urllib3 v2 only supports OpenSSL 1.1.1+, currently the 'ssl' module is compiled with 'LibreSSL 2.8.3'. See: https://github.com/urllib3/urllib3/issues/3020
  warnings.warn(
/Users/zhaowenyuan/Projects/FlowFigTabMiner/flowfigtabminer/lib/python3.9/site-packages/urllib3/__init__.py:35: NotOpenSSLWarning: urllib3 v2 only supports OpenSSL 1.1.1+, currently the 'ssl' module is compiled with 'LibreSSL 2.8.3'. See: https://github.com/urllib3/urllib3/issues/3020
  warnings.warn(
/Users/zhaowenyuan/Projects/FlowFigTabMiner/flowfigtabminer/lib/python3.9/site-packages/urllib3/__init__.py:35: NotOpenSSLWarning: urllib3 v2 only supports OpenSSL 1.1.1+, currently the 'ssl' module is compiled with 'LibreSSL 2.8.3'. See: https://github.com/urllib3/urllib3/issues/3020
  warnings.warn(
/Users/zhaowenyuan/Projects/FlowFigTabMiner/flowfigtabminer/lib/python3.9/site-packages/urllib3/__init__.py:35: NotOpenSSLWarning: urllib3 v2 only supports OpenSSL 1.1.1+, currently the 'ssl' module is compiled with 'LibreSSL 2.8.3'. See: https://github.com/urllib3/urllib3/issues/3020
  warnings.warn(
/Users/zhaowenyuan/Projects/FlowFigTabMiner/flowfigtabminer/lib/python3.9/site-packages/urllib3/__init__.py:35: NotOpenSSLWarning: urllib3 v2 only supports OpenSSL 1.1.1+, currently the 'ssl' module is compiled with 'LibreSSL 2.8.3'. See: https://github.com/urllib3/urllib3/issues/3020
  warnings.warn(
/Users/zhaowenyuan/Projects/FlowFigTabMiner/flowfigtabminer/lib/python3.9/site-packages/urllib3/__init__.py:35: NotOpenSSLWarning: urllib3 v2 only supports OpenSSL 1.1.1+, currently the 'ssl' module is compiled with 'LibreSSL 2.8.3'. See: https://github.com/urllib3/urllib3/issues/3020
  warnings.warn(
/Users/zhaowenyuan/Projects/FlowFigTabMiner/flowfigtabminer/lib/python3.9/site-packages/urllib3/__init__.py:35: NotOpenSSLWarning: urllib3 v2 only supports OpenSSL 1.1.1+, currently the 'ssl' module is compiled with 'LibreSSL 2.8.3'. See: https://github.com/urllib3/urllib3/issues/3020
  warnings.warn(
/Users/zhaowenyuan/Projects/FlowFigTabMiner/flowfigtabminer/lib/python3.9/site-packages/urllib3/__init__.py:35: NotOpenSSLWarning: urllib3 v2 only supports OpenSSL 1.1.1+, currently the 'ssl' module is compiled with 'LibreSSL 2.8.3'. See: https://github.com/urllib3/urllib3/issues/3020
  warnings.warn(
/Users/zhaowenyuan/Projects/FlowFigTabMiner/flowfigtabminer/lib/python3.9/site-packages/urllib3/__init__.py:35: NotOpenSSLWarning: urllib3 v2 only supports OpenSSL 1.1.1+, currently the 'ssl' module is compiled with 'LibreSSL 2.8.3'. See: https://github.com/urllib3/urllib3/issues/3020
  warnings.warn(
/Users/zhaowenyuan/Projects/FlowFigTabMiner/flowfigtabminer/lib/python3.9/site-packages/urllib3/__init__.py:35: NotOpenSSLWarning: urllib3 v2 only supports OpenSSL 1.1.1+, currently the 'ssl' module is compiled with 'LibreSSL 2.8.3'. See: https://github.com/urllib3/urllib3/issues/3020
  warnings.warn(
/Users/zhaowenyuan/Projects/FlowFigTabMiner/flowfigtabminer/lib/python3.9/site-packages/urllib3/__init__.py:35: NotOpenSSLWarning: urllib3 v2 only supports OpenSSL 1.1.1+, currently the 'ssl' module is compiled with 'LibreSSL 2.8.3'. See: https://github.com/urllib3/urllib3/issues/3020
  warnings.warn(
/Users/zhaowenyuan/Projects/FlowFigTabMiner/flowfigtabminer/lib/python3.9/site-packages/urllib3/__init__.py:35: NotOpenSSLWarning: urllib3 v2 only supports OpenSSL 1.1.1+, currently the 'ssl' module is compiled with 'LibreSSL 2.8.3'. See: https://github.com/urllib3/urllib3/issues/3020
  warnings.warn(
/Users/zhaowenyuan/Projects/FlowFigTabMiner/flowfigtabminer/lib/python3.9/site-packages/urllib3/__init__.py:35: NotOpenSSLWarning: urllib3 v2 only supports OpenSSL 1.1.1+, currently the 'ssl' module is compiled with 'LibreSSL 2.8.3'. See: https://github.com/urllib3/urllib3/issues/3020
  warnings.warn(
/Users/zhaowenyuan/Projects/FlowFigTabMiner/flowfigtabminer/lib/python3.9/site-packages/urllib3/__init__.py:35: NotOpenSSLWarning: urllib3 v2 only supports OpenSSL 1.1.1+, currently the 'ssl' module is compiled with 'LibreSSL 2.8.3'. See: https://github.com/urllib3/urllib3/issues/3020
  warnings.warn(
[33mChecking connectivity to the model hosters, this may take a while. To bypass this check, set `DISABLE_MODEL_SOURCE_CHECK` to `True`.[0m
[33mChecking connectivity to the model hosters, this may take a while. To bypass this check, set `DISABLE_MODEL_SOURCE_CHECK` to `True`.[0m
[33mChecking connectivity to the model hosters, this may take a while. To bypass this check, set `DISABLE_MODEL_SOURCE_CHECK` to `True`.[0m
[33mChecking connectivity to the model hosters, this may take a while. To bypass this check, set `DISABLE_MODEL_SOURCE_CHECK` to `True`.[0m
[33mChecking connectivity to the model hosters, this may take a while. To bypass this check, set `DISABLE_MODEL_SOURCE_CHECK` to `True`.[0m
[33mChecking connectivity to the model hosters, this may take a while. To bypass this check, set `DISABLE_MODEL_SOURCE_CHECK` to `True`.[0m
[33mChecking connectivity to the model hosters, this may take a while. To bypass this check, set `DISABLE_MODEL_SOURCE_CHECK` to `True`.[0m
[33mChecking connectivity to the model hosters, this may take a while. To bypass this check, set `DISABLE_MODEL_SOURCE_CHECK` to `True`.[0m
[33mChecking connectivity to the model hosters, this may take a while. To bypass this check, set `DISABLE_MODEL_SOURCE_CHECK` to `True`.[0m
[33mChecking connectivity to the model hosters, this may take a while. To bypass this check, set `DISABLE_MODEL_SOURCE_CHECK` to `True`.[0m
[33mChecking connectivity to the model hosters, this may take a while. To bypass this check, set `DISABLE_MODEL_SOURCE_CHECK` to `True`.[0m
[33mChecking connectivity to the model hosters, this may take a while. To bypass this check, set `DISABLE_MODEL_SOURCE_CHECK` to `True`.[0m
[33mChecking connectivity to the model hosters, this may take a while. To bypass this check, set `DISABLE_MODEL_SOURCE_CHECK` to `True`.[0m
[33mChecking connectivity to the model hosters, this may take a while. To bypass this check, set `DISABLE_MODEL_SOURCE_CHECK` to `True`.[0m
[33mChecking connectivity to the model hosters, this may take a while. To bypass this check, set `DISABLE_MODEL_SOURCE_CHECK` to `True`.[0m
[33mChecking connectivity to the model hosters, this may take a while. To bypass this check, set `DISABLE_MODEL_SOURCE_CHECK` to `True`.[0m
/Users/zhaowenyuan/Projects/FlowFigTabMiner/flowfigtabminer/lib/python3.9/site-packages/onmt/modules/sparse_activations.py:48: FutureWarning: `torch.cuda.amp.custom_fwd(args...)` is deprecated. Please use `torch.amp.custom_fwd(args..., device_type='cuda')` instead.
  def forward(ctx, input, dim=0):
/Users/zhaowenyuan/Projects/FlowFigTabMiner/flowfigtabminer/lib/python3.9/site-packages/onmt/modules/sparse_activations.py:68: FutureWarning: `torch.cuda.amp.custom_bwd(args...)` is deprecated. Please use `torch.amp.custom_bwd(args..., device_type='cuda')` instead.
  def backward(ctx, grad_output):
/Users/zhaowenyuan/Projects/FlowFigTabMiner/flowfigtabminer/lib/python3.9/site-packages/onmt/modules/sparse_losses.py:13: FutureWarning: `torch.cuda.amp.custom_fwd(args...)` is deprecated. Please use `torch.amp.custom_fwd(args..., device_type='cuda')` instead.
  def forward(ctx, input, target):
/Users/zhaowenyuan/Projects/FlowFigTabMiner/flowfigtabminer/lib/python3.9/site-packages/onmt/modules/sparse_losses.py:37: FutureWarning: `torch.cuda.amp.custom_bwd(args...)` is deprecated. Please use `torch.amp.custom_bwd(args..., device_type='cuda')` instead.
  def backward(ctx, grad_output):
chiral_center_ids (from symbols): []
/Users/zhaowenyuan/Projects/FlowFigTabMiner/flowfigtabminer/lib/python3.9/site-packages/urllib3/__init__.py:35: NotOpenSSLWarning: urllib3 v2 only supports OpenSSL 1.1.1+, currently the 'ssl' module is compiled with 'LibreSSL 2.8.3'. See: https://github.com/urllib3/urllib3/issues/3020
  warnings.warn(
/Users/zhaowenyuan/Projects/FlowFigTabMiner/flowfigtabminer/lib/python3.9/site-packages/urllib3/__init__.py:35: NotOpenSSLWarning: urllib3 v2 only supports OpenSSL 1.1.1+, currently the 'ssl' module is compiled with 'LibreSSL 2.8.3'. See: https://github.com/urllib3/urllib3/issues/3020
  warnings.warn(
/Users/zhaowenyuan/Projects/FlowFigTabMiner/flowfigtabminer/lib/python3.9/site-packages/urllib3/__init__.py:35: NotOpenSSLWarning: urllib3 v2 only supports OpenSSL 1.1.1+, currently the 'ssl' module is compiled with 'LibreSSL 2.8.3'. See: https://github.com/urllib3/urllib3/issues/3020
  warnings.warn(
/Users/zhaowenyuan/Projects/FlowFigTabMiner/flowfigtabminer/lib/python3.9/site-packages/urllib3/__init__.py:35: NotOpenSSLWarning: urllib3 v2 only supports OpenSSL 1.1.1+, currently the 'ssl' module is compiled with 'LibreSSL 2.8.3'. See: https://github.com/urllib3/urllib3/issues/3020
  warnings.warn(
/Users/zhaowenyuan/Projects/FlowFigTabMiner/flowfigtabminer/lib/python3.9/site-packages/urllib3/__init__.py:35: NotOpenSSLWarning: urllib3 v2 only supports OpenSSL 1.1.1+, currently the 'ssl' module is compiled with 'LibreSSL 2.8.3'. See: https://github.com/urllib3/urllib3/issues/3020
  warnings.warn(
/Users/zhaowenyuan/Projects/FlowFigTabMiner/flowfigtabminer/lib/python3.9/site-packages/urllib3/__init__.py:35: NotOpenSSLWarning: urllib3 v2 only supports OpenSSL 1.1.1+, currently the 'ssl' module is compiled with 'LibreSSL 2.8.3'. See: https://github.com/urllib3/urllib3/issues/3020
  warnings.warn(
/Users/zhaowenyuan/Projects/FlowFigTabMiner/flowfigtabminer/lib/python3.9/site-packages/urllib3/__init__.py:35: NotOpenSSLWarning: urllib3 v2 only supports OpenSSL 1.1.1+, currently the 'ssl' module is compiled with 'LibreSSL 2.8.3'. See: https://github.com/urllib3/urllib3/issues/3020
  warnings.warn(
/Users/zhaowenyuan/Projects/FlowFigTabMiner/flowfigtabminer/lib/python3.9/site-packages/urllib3/__init__.py:35: NotOpenSSLWarning: urllib3 v2 only supports OpenSSL 1.1.1+, currently the 'ssl' module is compiled with 'LibreSSL 2.8.3'. See: https://github.com/urllib3/urllib3/issues/3020
  warnings.warn(
/Users/zhaowenyuan/Projects/FlowFigTabMiner/flowfigtabminer/lib/python3.9/site-packages/urllib3/__init__.py:35: NotOpenSSLWarning: urllib3 v2 only supports OpenSSL 1.1.1+, currently the 'ssl' module is compiled with 'LibreSSL 2.8.3'. See: https://github.com/urllib3/urllib3/issues/3020
  warnings.warn(
/Users/zhaowenyuan/Projects/FlowFigTabMiner/flowfigtabminer/lib/python3.9/site-packages/urllib3/__init__.py:35: NotOpenSSLWarning: urllib3 v2 only supports OpenSSL 1.1.1+, currently the 'ssl' module is compiled with 'LibreSSL 2.8.3'. See: https://github.com/urllib3/urllib3/issues/3020
  warnings.warn(
/Users/zhaowenyuan/Projects/FlowFigTabMiner/flowfigtabminer/lib/python3.9/site-packages/urllib3/__init__.py:35: NotOpenSSLWarning: urllib3 v2 only supports OpenSSL 1.1.1+, currently the 'ssl' module is compiled with 'LibreSSL 2.8.3'. See: https://github.com/urllib3/urllib3/issues/3020
  warnings.warn(
/Users/zhaowenyuan/Projects/FlowFigTabMiner/flowfigtabminer/lib/python3.9/site-packages/urllib3/__init__.py:35: NotOpenSSLWarning: urllib3 v2 only supports OpenSSL 1.1.1+, currently the 'ssl' module is compiled with 'LibreSSL 2.8.3'. See: https://github.com/urllib3/urllib3/issues/3020
  warnings.warn(
/Users/zhaowenyuan/Projects/FlowFigTabMiner/flowfigtabminer/lib/python3.9/site-packages/urllib3/__init__.py:35: NotOpenSSLWarning: urllib3 v2 only supports OpenSSL 1.1.1+, currently the 'ssl' module is compiled with 'LibreSSL 2.8.3'. See: https://github.com/urllib3/urllib3/issues/3020
  warnings.warn(
/Users/zhaowenyuan/Projects/FlowFigTabMiner/flowfigtabminer/lib/python3.9/site-packages/urllib3/__init__.py:35: NotOpenSSLWarning: urllib3 v2 only supports OpenSSL 1.1.1+, currently the 'ssl' module is compiled with 'LibreSSL 2.8.3'. See: https://github.com/urllib3/urllib3/issues/3020
  warnings.warn(
/Users/zhaowenyuan/Projects/FlowFigTabMiner/flowfigtabminer/lib/python3.9/site-packages/urllib3/__init__.py:35: NotOpenSSLWarning: urllib3 v2 only supports OpenSSL 1.1.1+, currently the 'ssl' module is compiled with 'LibreSSL 2.8.3'. See: https://github.com/urllib3/urllib3/issues/3020
  warnings.warn(
/Users/zhaowenyuan/Projects/FlowFigTabMiner/flowfigtabminer/lib/python3.9/site-packages/urllib3/__init__.py:35: NotOpenSSLWarning: urllib3 v2 only supports OpenSSL 1.1.1+, currently the 'ssl' module is compiled with 'LibreSSL 2.8.3'. See: https://github.com/urllib3/urllib3/issues/3020
  warnings.warn(
[33mChecking connectivity to the model hosters, this may take a while. To bypass this check, set `DISABLE_MODEL_SOURCE_CHECK` to `True`.[0m
[33mChecking connectivity to the model hosters, this may take a while. To bypass this check, set `DISABLE_MODEL_SOURCE_CHECK` to `True`.[0m
[33mChecking connectivity to the model hosters, this may take a while. To bypass this check, set `DISABLE_MODEL_SOURCE_CHECK` to `True`.[0m
[33mChecking connectivity to the model hosters, this may take a while. To bypass this check, set `DISABLE_MODEL_SOURCE_CHECK` to `True`.[0m
[33mChecking connectivity to the model hosters, this may take a while. To bypass this check, set `DISABLE_MODEL_SOURCE_CHECK` to `True`.[0m
[33mChecking connectivity to the model hosters, this may take a while. To bypass this check, set `DISABLE_MODEL_SOURCE_CHECK` to `True`.[0m
[33mChecking connectivity to the model hosters, this may take a while. To bypass this check, set `DISABLE_MODEL_SOURCE_CHECK` to `True`.[0m
[33mChecking connectivity to the model hosters, this may take a while. To bypass this check, set `DISABLE_MODEL_SOURCE_CHECK` to `True`.[0m
[33mChecking connectivity to the model hosters, this may take a while. To bypass this check, set `DISABLE_MODEL_SOURCE_CHECK` to `True`.[0m
[33mChecking connectivity to the model hosters, this may take a while. To bypass this check, set `DISABLE_MODEL_SOURCE_CHECK` to `True`.[0m
[33mChecking connectivity to the model hosters, this may take a while. To bypass this check, set `DISABLE_MODEL_SOURCE_CHECK` to `True`.[0m
[33mChecking connectivity to the model hosters, this may take a while. To bypass this check, set `DISABLE_MODEL_SOURCE_CHECK` to `True`.[0m
[33mChecking connectivity to the model hosters, this may take a while. To bypass this check, set `DISABLE_MODEL_SOURCE_CHECK` to `True`.[0m
[33mChecking connectivity to the model hosters, this may take a while. To bypass this check, set `DISABLE_MODEL_SOURCE_CHECK` to `True`.[0m
[33mChecking connectivity to the model hosters, this may take a while. To bypass this check, set `DISABLE_MODEL_SOURCE_CHECK` to `True`.[0m
[33mChecking connectivity to the model hosters, this may take a while. To bypass this check, set `DISABLE_MODEL_SOURCE_CHECK` to `True`.[0m
/Users/zhaowenyuan/Projects/FlowFigTabMiner/flowfigtabminer/lib/python3.9/site-packages/onmt/modules/sparse_activations.py:48: FutureWarning: `torch.cuda.amp.custom_fwd(args...)` is deprecated. Please use `torch.amp.custom_fwd(args..., device_type='cuda')` instead.
  def forward(ctx, input, dim=0):
/Users/zhaowenyuan/Projects/FlowFigTabMiner/flowfigtabminer/lib/python3.9/site-packages/onmt/modules/sparse_activations.py:68: FutureWarning: `torch.cuda.amp.custom_bwd(args...)` is deprecated. Please use `torch.amp.custom_bwd(args..., device_type='cuda')` instead.
  def backward(ctx, grad_output):
/Users/zhaowenyuan/Projects/FlowFigTabMiner/flowfigtabminer/lib/python3.9/site-packages/onmt/modules/sparse_activations.py:48: FutureWarning: `torch.cuda.amp.custom_fwd(args...)` is deprecated. Please use `torch.amp.custom_fwd(args..., device_type='cuda')` instead.
  def forward(ctx, input, dim=0):
/Users/zhaowenyuan/Projects/FlowFigTabMiner/flowfigtabminer/lib/python3.9/site-packages/onmt/modules/sparse_activations.py:68: FutureWarning: `torch.cuda.amp.custom_bwd(args...)` is deprecated. Please use `torch.amp.custom_bwd(args..., device_type='cuda')` instead.
  def backward(ctx, grad_output):
/Users/zhaowenyuan/Projects/FlowFigTabMiner/flowfigtabminer/lib/python3.9/site-packages/onmt/modules/sparse_losses.py:13: FutureWarning: `torch.cuda.amp.custom_fwd(args...)` is deprecated. Please use `torch.amp.custom_fwd(args..., device_type='cuda')` instead.
  def forward(ctx, input, target):
/Users/zhaowenyuan/Projects/FlowFigTabMiner/flowfigtabminer/lib/python3.9/site-packages/onmt/modules/sparse_losses.py:37: FutureWarning: `torch.cuda.amp.custom_bwd(args...)` is deprecated. Please use `torch.amp.custom_bwd(args..., device_type='cuda')` instead.
  def backward(ctx, grad_output):
/Users/zhaowenyuan/Projects/FlowFigTabMiner/flowfigtabminer/lib/python3.9/site-packages/onmt/modules/sparse_losses.py:13: FutureWarning: `torch.cuda.amp.custom_fwd(args...)` is deprecated. Please use `torch.amp.custom_fwd(args..., device_type='cuda')` instead.
  def forward(ctx, input, target):
/Users/zhaowenyuan/Projects/FlowFigTabMiner/flowfigtabminer/lib/python3.9/site-packages/onmt/modules/sparse_losses.py:37: FutureWarning: `torch.cuda.amp.custom_bwd(args...)` is deprecated. Please use `torch.amp.custom_bwd(args..., device_type='cuda')` instead.
  def backward(ctx, grad_output):
chiral_center_ids (from symbols): []
/Users/zhaowenyuan/Projects/FlowFigTabMiner/flowfigtabminer/lib/python3.9/site-packages/urllib3/__init__.py:35: NotOpenSSLWarning: urllib3 v2 only supports OpenSSL 1.1.1+, currently the 'ssl' module is compiled with 'LibreSSL 2.8.3'. See: https://github.com/urllib3/urllib3/issues/3020
  warnings.warn(
/Users/zhaowenyuan/Projects/FlowFigTabMiner/flowfigtabminer/lib/python3.9/site-packages/urllib3/__init__.py:35: NotOpenSSLWarning: urllib3 v2 only supports OpenSSL 1.1.1+, currently the 'ssl' module is compiled with 'LibreSSL 2.8.3'. See: https://github.com/urllib3/urllib3/issues/3020
  warnings.warn(
/Users/zhaowenyuan/Projects/FlowFigTabMiner/flowfigtabminer/lib/python3.9/site-packages/urllib3/__init__.py:35: NotOpenSSLWarning: urllib3 v2 only supports OpenSSL 1.1.1+, currently the 'ssl' module is compiled with 'LibreSSL 2.8.3'. See: https://github.com/urllib3/urllib3/issues/3020
  warnings.warn(
/Users/zhaowenyuan/Projects/FlowFigTabMiner/flowfigtabminer/lib/python3.9/site-packages/urllib3/__init__.py:35: NotOpenSSLWarning: urllib3 v2 only supports OpenSSL 1.1.1+, currently the 'ssl' module is compiled with 'LibreSSL 2.8.3'. See: https://github.com/urllib3/urllib3/issues/3020
  warnings.warn(
/Users/zhaowenyuan/Projects/FlowFigTabMiner/flowfigtabminer/lib/python3.9/site-packages/urllib3/__init__.py:35: NotOpenSSLWarning: urllib3 v2 only supports OpenSSL 1.1.1+, currently the 'ssl' module is compiled with 'LibreSSL 2.8.3'. See: https://github.com/urllib3/urllib3/issues/3020
  warnings.warn(
/Users/zhaowenyuan/Projects/FlowFigTabMiner/flowfigtabminer/lib/python3.9/site-packages/urllib3/__init__.py:35: NotOpenSSLWarning: urllib3 v2 only supports OpenSSL 1.1.1+, currently the 'ssl' module is compiled with 'LibreSSL 2.8.3'. See: https://github.com/urllib3/urllib3/issues/3020
  warnings.warn(
/Users/zhaowenyuan/Projects/FlowFigTabMiner/flowfigtabminer/lib/python3.9/site-packages/urllib3/__init__.py:35: NotOpenSSLWarning: urllib3 v2 only supports OpenSSL 1.1.1+, currently the 'ssl' module is compiled with 'LibreSSL 2.8.3'. See: https://github.com/urllib3/urllib3/issues/3020
  warnings.warn(
/Users/zhaowenyuan/Projects/FlowFigTabMiner/flowfigtabminer/lib/python3.9/site-packages/urllib3/__init__.py:35: NotOpenSSLWarning: urllib3 v2 only supports OpenSSL 1.1.1+, currently the 'ssl' module is compiled with 'LibreSSL 2.8.3'. See: https://github.com/urllib3/urllib3/issues/3020
  warnings.warn(
/Users/zhaowenyuan/Projects/FlowFigTabMiner/flowfigtabminer/lib/python3.9/site-packages/urllib3/__init__.py:35: NotOpenSSLWarning: urllib3 v2 only supports OpenSSL 1.1.1+, currently the 'ssl' module is compiled with 'LibreSSL 2.8.3'. See: https://github.com/urllib3/urllib3/issues/3020
  warnings.warn(
/Users/zhaowenyuan/Projects/FlowFigTabMiner/flowfigtabminer/lib/python3.9/site-packages/urllib3/__init__.py:35: NotOpenSSLWarning: urllib3 v2 only supports OpenSSL 1.1.1+, currently the 'ssl' module is compiled with 'LibreSSL 2.8.3'. See: https://github.com/urllib3/urllib3/issues/3020
  warnings.warn(
/Users/zhaowenyuan/Projects/FlowFigTabMiner/flowfigtabminer/lib/python3.9/site-packages/urllib3/__init__.py:35: NotOpenSSLWarning: urllib3 v2 only supports OpenSSL 1.1.1+, currently the 'ssl' module is compiled with 'LibreSSL 2.8.3'. See: https://github.com/urllib3/urllib3/issues/3020
  warnings.warn(
/Users/zhaowenyuan/Projects/FlowFigTabMiner/flowfigtabminer/lib/python3.9/site-packages/urllib3/__init__.py:35: NotOpenSSLWarning: urllib3 v2 only supports OpenSSL 1.1.1+, currently the 'ssl' module is compiled with 'LibreSSL 2.8.3'. See: https://github.com/urllib3/urllib3/issues/3020
  warnings.warn(
/Users/zhaowenyuan/Projects/FlowFigTabMiner/flowfigtabminer/lib/python3.9/site-packages/urllib3/__init__.py:35: NotOpenSSLWarning: urllib3 v2 only supports OpenSSL 1.1.1+, currently the 'ssl' module is compiled with 'LibreSSL 2.8.3'. See: https://github.com/urllib3/urllib3/issues/3020
  warnings.warn(
/Users/zhaowenyuan/Projects/FlowFigTabMiner/flowfigtabminer/lib/python3.9/site-packages/urllib3/__init__.py:35: NotOpenSSLWarning: urllib3 v2 only supports OpenSSL 1.1.1+, currently the 'ssl' module is compiled with 'LibreSSL 2.8.3'. See: https://github.com/urllib3/urllib3/issues/3020
  warnings.warn(
/Users/zhaowenyuan/Projects/FlowFigTabMiner/flowfigtabminer/lib/python3.9/site-packages/urllib3/__init__.py:35: NotOpenSSLWarning: urllib3 v2 only supports OpenSSL 1.1.1+, currently the 'ssl' module is compiled with 'LibreSSL 2.8.3'. See: https://github.com/urllib3/urllib3/issues/3020
  warnings.warn(
/Users/zhaowenyuan/Projects/FlowFigTabMiner/flowfigtabminer/lib/python3.9/site-packages/urllib3/__init__.py:35: NotOpenSSLWarning: urllib3 v2 only supports OpenSSL 1.1.1+, currently the 'ssl' module is compiled with 'LibreSSL 2.8.3'. See: https://github.com/urllib3/urllib3/issues/3020
  warnings.warn(
[33mChecking connectivity to the model hosters, this may take a while. To bypass this check, set `DISABLE_MODEL_SOURCE_CHECK` to `True`.[0m
[33mChecking connectivity to the model hosters, this may take a while. To bypass this check, set `DISABLE_MODEL_SOURCE_CHECK` to `True`.[0m
[33mChecking connectivity to the model hosters, this may take a while. To bypass this check, set `DISABLE_MODEL_SOURCE_CHECK` to `True`.[0m
[33mChecking connectivity to the model hosters, this may take a while. To bypass this check, set `DISABLE_MODEL_SOURCE_CHECK` to `True`.[0m
[33mChecking connectivity to the model hosters, this may take a while. To bypass this check, set `DISABLE_MODEL_SOURCE_CHECK` to `True`.[0m
[33mChecking connectivity to the model hosters, this may take a while. To bypass this check, set `DISABLE_MODEL_SOURCE_CHECK` to `True`.[0m
[33mChecking connectivity to the model hosters, this may take a while. To bypass this check, set `DISABLE_MODEL_SOURCE_CHECK` to `True`.[0m
[33mChecking connectivity to the model hosters, this may take a while. To bypass this check, set `DISABLE_MODEL_SOURCE_CHECK` to `True`.[0m
[33mChecking connectivity to the model hosters, this may take a while. To bypass this check, set `DISABLE_MODEL_SOURCE_CHECK` to `True`.[0m
[33mChecking connectivity to the model hosters, this may take a while. To bypass this check, set `DISABLE_MODEL_SOURCE_CHECK` to `True`.[0m
[33mChecking connectivity to the model hosters, this may take a while. To bypass this check, set `DISABLE_MODEL_SOURCE_CHECK` to `True`.[0m
[33mChecking connectivity to the model hosters, this may take a while. To bypass this check, set `DISABLE_MODEL_SOURCE_CHECK` to `True`.[0m
[33mChecking connectivity to the model hosters, this may take a while. To bypass this check, set `DISABLE_MODEL_SOURCE_CHECK` to `True`.[0m
[33mChecking connectivity to the model hosters, this may take a while. To bypass this check, set `DISABLE_MODEL_SOURCE_CHECK` to `True`.[0m
[33mChecking connectivity to the model hosters, this may take a while. To bypass this check, set `DISABLE_MODEL_SOURCE_CHECK` to `True`.[0m
[33mChecking connectivity to the model hosters, this may take a while. To bypass this check, set `DISABLE_MODEL_SOURCE_CHECK` to `True`.[0m
/Users/zhaowenyuan/Projects/FlowFigTabMiner/flowfigtabminer/lib/python3.9/site-packages/onmt/modules/sparse_activations.py:48: FutureWarning: `torch.cuda.amp.custom_fwd(args...)` is deprecated. Please use `torch.amp.custom_fwd(args..., device_type='cuda')` instead.
  def forward(ctx, input, dim=0):
/Users/zhaowenyuan/Projects/FlowFigTabMiner/flowfigtabminer/lib/python3.9/site-packages/onmt/modules/sparse_activations.py:68: FutureWarning: `torch.cuda.amp.custom_bwd(args...)` is deprecated. Please use `torch.amp.custom_bwd(args..., device_type='cuda')` instead.
  def backward(ctx, grad_output):
/Users/zhaowenyuan/Projects/FlowFigTabMiner/flowfigtabminer/lib/python3.9/site-packages/onmt/modules/sparse_losses.py:13: FutureWarning: `torch.cuda.amp.custom_fwd(args...)` is deprecated. Please use `torch.amp.custom_fwd(args..., device_type='cuda')` instead.
  def forward(ctx, input, target):
/Users/zhaowenyuan/Projects/FlowFigTabMiner/flowfigtabminer/lib/python3.9/site-packages/onmt/modules/sparse_losses.py:37: FutureWarning: `torch.cuda.amp.custom_bwd(args...)` is deprecated. Please use `torch.amp.custom_bwd(args..., device_type='cuda')` instead.
  def backward(ctx, grad_output):
chiral_center_ids (from symbols): []
/Users/zhaowenyuan/Projects/FlowFigTabMiner/flowfigtabminer/lib/python3.9/site-packages/urllib3/__init__.py:35: NotOpenSSLWarning: urllib3 v2 only supports OpenSSL 1.1.1+, currently the 'ssl' module is compiled with 'LibreSSL 2.8.3'. See: https://github.com/urllib3/urllib3/issues/3020
  warnings.warn(
/Users/zhaowenyuan/Projects/FlowFigTabMiner/flowfigtabminer/lib/python3.9/site-packages/urllib3/__init__.py:35: NotOpenSSLWarning: urllib3 v2 only supports OpenSSL 1.1.1+, currently the 'ssl' module is compiled with 'LibreSSL 2.8.3'. See: https://github.com/urllib3/urllib3/issues/3020
  warnings.warn(
/Users/zhaowenyuan/Projects/FlowFigTabMiner/flowfigtabminer/lib/python3.9/site-packages/urllib3/__init__.py:35: NotOpenSSLWarning: urllib3 v2 only supports OpenSSL 1.1.1+, currently the 'ssl' module is compiled with 'LibreSSL 2.8.3'. See: https://github.com/urllib3/urllib3/issues/3020
  warnings.warn(
/Users/zhaowenyuan/Projects/FlowFigTabMiner/flowfigtabminer/lib/python3.9/site-packages/urllib3/__init__.py:35: NotOpenSSLWarning: urllib3 v2 only supports OpenSSL 1.1.1+, currently the 'ssl' module is compiled with 'LibreSSL 2.8.3'. See: https://github.com/urllib3/urllib3/issues/3020
  warnings.warn(
/Users/zhaowenyuan/Projects/FlowFigTabMiner/flowfigtabminer/lib/python3.9/site-packages/urllib3/__init__.py:35: NotOpenSSLWarning: urllib3 v2 only supports OpenSSL 1.1.1+, currently the 'ssl' module is compiled with 'LibreSSL 2.8.3'. See: https://github.com/urllib3/urllib3/issues/3020
  warnings.warn(
/Users/zhaowenyuan/Projects/FlowFigTabMiner/flowfigtabminer/lib/python3.9/site-packages/urllib3/__init__.py:35: NotOpenSSLWarning: urllib3 v2 only supports OpenSSL 1.1.1+, currently the 'ssl' module is compiled with 'LibreSSL 2.8.3'. See: https://github.com/urllib3/urllib3/issues/3020
  warnings.warn(
/Users/zhaowenyuan/Projects/FlowFigTabMiner/flowfigtabminer/lib/python3.9/site-packages/urllib3/__init__.py:35: NotOpenSSLWarning: urllib3 v2 only supports OpenSSL 1.1.1+, currently the 'ssl' module is compiled with 'LibreSSL 2.8.3'. See: https://github.com/urllib3/urllib3/issues/3020
  warnings.warn(
/Users/zhaowenyuan/Projects/FlowFigTabMiner/flowfigtabminer/lib/python3.9/site-packages/urllib3/__init__.py:35: NotOpenSSLWarning: urllib3 v2 only supports OpenSSL 1.1.1+, currently the 'ssl' module is compiled with 'LibreSSL 2.8.3'. See: https://github.com/urllib3/urllib3/issues/3020
  warnings.warn(
/Users/zhaowenyuan/Projects/FlowFigTabMiner/flowfigtabminer/lib/python3.9/site-packages/urllib3/__init__.py:35: NotOpenSSLWarning: urllib3 v2 only supports OpenSSL 1.1.1+, currently the 'ssl' module is compiled with 'LibreSSL 2.8.3'. See: https://github.com/urllib3/urllib3/issues/3020
  warnings.warn(
/Users/zhaowenyuan/Projects/FlowFigTabMiner/flowfigtabminer/lib/python3.9/site-packages/urllib3/__init__.py:35: NotOpenSSLWarning: urllib3 v2 only supports OpenSSL 1.1.1+, currently the 'ssl' module is compiled with 'LibreSSL 2.8.3'. See: https://github.com/urllib3/urllib3/issues/3020
  warnings.warn(
/Users/zhaowenyuan/Projects/FlowFigTabMiner/flowfigtabminer/lib/python3.9/site-packages/urllib3/__init__.py:35: NotOpenSSLWarning: urllib3 v2 only supports OpenSSL 1.1.1+, currently the 'ssl' module is compiled with 'LibreSSL 2.8.3'. See: https://github.com/urllib3/urllib3/issues/3020
  warnings.warn(
/Users/zhaowenyuan/Projects/FlowFigTabMiner/flowfigtabminer/lib/python3.9/site-packages/urllib3/__init__.py:35: NotOpenSSLWarning: urllib3 v2 only supports OpenSSL 1.1.1+, currently the 'ssl' module is compiled with 'LibreSSL 2.8.3'. See: https://github.com/urllib3/urllib3/issues/3020
  warnings.warn(
/Users/zhaowenyuan/Projects/FlowFigTabMiner/flowfigtabminer/lib/python3.9/site-packages/urllib3/__init__.py:35: NotOpenSSLWarning: urllib3 v2 only supports OpenSSL 1.1.1+, currently the 'ssl' module is compiled with 'LibreSSL 2.8.3'. See: https://github.com/urllib3/urllib3/issues/3020
  warnings.warn(
/Users/zhaowenyuan/Projects/FlowFigTabMiner/flowfigtabminer/lib/python3.9/site-packages/urllib3/__init__.py:35: NotOpenSSLWarning: urllib3 v2 only supports OpenSSL 1.1.1+, currently the 'ssl' module is compiled with 'LibreSSL 2.8.3'. See: https://github.com/urllib3/urllib3/issues/3020
  warnings.warn(
/Users/zhaowenyuan/Projects/FlowFigTabMiner/flowfigtabminer/lib/python3.9/site-packages/urllib3/__init__.py:35: NotOpenSSLWarning: urllib3 v2 only supports OpenSSL 1.1.1+, currently the 'ssl' module is compiled with 'LibreSSL 2.8.3'. See: https://github.com/urllib3/urllib3/issues/3020
  warnings.warn(
/Users/zhaowenyuan/Projects/FlowFigTabMiner/flowfigtabminer/lib/python3.9/site-packages/urllib3/__init__.py:35: NotOpenSSLWarning: urllib3 v2 only supports OpenSSL 1.1.1+, currently the 'ssl' module is compiled with 'LibreSSL 2.8.3'. See: https://github.com/urllib3/urllib3/issues/3020
  warnings.warn(
[33mChecking connectivity to the model hosters, this may take a while. To bypass this check, set `DISABLE_MODEL_SOURCE_CHECK` to `True`.[0m
[33mChecking connectivity to the model hosters, this may take a while. To bypass this check, set `DISABLE_MODEL_SOURCE_CHECK` to `True`.[0m
[33mChecking connectivity to the model hosters, this may take a while. To bypass this check, set `DISABLE_MODEL_SOURCE_CHECK` to `True`.[0m
[33mChecking connectivity to the model hosters, this may take a while. To bypass this check, set `DISABLE_MODEL_SOURCE_CHECK` to `True`.[0m
[33mChecking connectivity to the model hosters, this may take a while. To bypass this check, set `DISABLE_MODEL_SOURCE_CHECK` to `True`.[0m
[33mChecking connectivity to the model hosters, this may take a while. To bypass this check, set `DISABLE_MODEL_SOURCE_CHECK` to `True`.[0m
[33mChecking connectivity to the model hosters, this may take a while. To bypass this check, set `DISABLE_MODEL_SOURCE_CHECK` to `True`.[0m
[33mChecking connectivity to the model hosters, this may take a while. To bypass this check, set `DISABLE_MODEL_SOURCE_CHECK` to `True`.[0m
[33mChecking connectivity to the model hosters, this may take a while. To bypass this check, set `DISABLE_MODEL_SOURCE_CHECK` to `True`.[0m
[33mChecking connectivity to the model hosters, this may take a while. To bypass this check, set `DISABLE_MODEL_SOURCE_CHECK` to `True`.[0m
[33mChecking connectivity to the model hosters, this may take a while. To bypass this check, set `DISABLE_MODEL_SOURCE_CHECK` to `True`.[0m
[33mChecking connectivity to the model hosters, this may take a while. To bypass this check, set `DISABLE_MODEL_SOURCE_CHECK` to `True`.[0m
[33mChecking connectivity to the model hosters, this may take a while. To bypass this check, set `DISABLE_MODEL_SOURCE_CHECK` to `True`.[0m
[33mChecking connectivity to the model hosters, this may take a while. To bypass this check, set `DISABLE_MODEL_SOURCE_CHECK` to `True`.[0m
[33mChecking connectivity to the model hosters, this may take a while. To bypass this check, set `DISABLE_MODEL_SOURCE_CHECK` to `True`.[0m
[33mChecking connectivity to the model hosters, this may take a while. To bypass this check, set `DISABLE_MODEL_SOURCE_CHECK` to `True`.[0m
/Users/zhaowenyuan/Projects/FlowFigTabMiner/flowfigtabminer/lib/python3.9/site-packages/onmt/modules/sparse_activations.py:48: FutureWarning: `torch.cuda.amp.custom_fwd(args...)` is deprecated. Please use `torch.amp.custom_fwd(args..., device_type='cuda')` instead.
  def forward(ctx, input, dim=0):
/Users/zhaowenyuan/Projects/FlowFigTabMiner/flowfigtabminer/lib/python3.9/site-packages/onmt/modules/sparse_activations.py:68: FutureWarning: `torch.cuda.amp.custom_bwd(args...)` is deprecated. Please use `torch.amp.custom_bwd(args..., device_type='cuda')` instead.
  def backward(ctx, grad_output):
/Users/zhaowenyuan/Projects/FlowFigTabMiner/flowfigtabminer/lib/python3.9/site-packages/onmt/modules/sparse_activations.py:48: FutureWarning: `torch.cuda.amp.custom_fwd(args...)` is deprecated. Please use `torch.amp.custom_fwd(args..., device_type='cuda')` instead.
  def forward(ctx, input, dim=0):
/Users/zhaowenyuan/Projects/FlowFigTabMiner/flowfigtabminer/lib/python3.9/site-packages/onmt/modules/sparse_activations.py:68: FutureWarning: `torch.cuda.amp.custom_bwd(args...)` is deprecated. Please use `torch.amp.custom_bwd(args..., device_type='cuda')` instead.
  def backward(ctx, grad_output):
/Users/zhaowenyuan/Projects/FlowFigTabMiner/flowfigtabminer/lib/python3.9/site-packages/onmt/modules/sparse_losses.py:13: FutureWarning: `torch.cuda.amp.custom_fwd(args...)` is deprecated. Please use `torch.amp.custom_fwd(args..., device_type='cuda')` instead.
  def forward(ctx, input, target):
/Users/zhaowenyuan/Projects/FlowFigTabMiner/flowfigtabminer/lib/python3.9/site-packages/onmt/modules/sparse_losses.py:37: FutureWarning: `torch.cuda.amp.custom_bwd(args...)` is deprecated. Please use `torch.amp.custom_bwd(args..., device_type='cuda')` instead.
  def backward(ctx, grad_output):
/Users/zhaowenyuan/Projects/FlowFigTabMiner/flowfigtabminer/lib/python3.9/site-packages/onmt/modules/sparse_losses.py:13: FutureWarning: `torch.cuda.amp.custom_fwd(args...)` is deprecated. Please use `torch.amp.custom_fwd(args..., device_type='cuda')` instead.
  def forward(ctx, input, target):
/Users/zhaowenyuan/Projects/FlowFigTabMiner/flowfigtabminer/lib/python3.9/site-packages/onmt/modules/sparse_losses.py:37: FutureWarning: `torch.cuda.amp.custom_bwd(args...)` is deprecated. Please use `torch.amp.custom_bwd(args..., device_type='cuda')` instead.
  def backward(ctx, grad_output):
chiral_center_ids (from symbols): []
/Users/zhaowenyuan/Projects/FlowFigTabMiner/flowfigtabminer/lib/python3.9/site-packages/urllib3/__init__.py:35: NotOpenSSLWarning: urllib3 v2 only supports OpenSSL 1.1.1+, currently the 'ssl' module is compiled with 'LibreSSL 2.8.3'. See: https://github.com/urllib3/urllib3/issues/3020
  warnings.warn(
/Users/zhaowenyuan/Projects/FlowFigTabMiner/flowfigtabminer/lib/python3.9/site-packages/urllib3/__init__.py:35: NotOpenSSLWarning: urllib3 v2 only supports OpenSSL 1.1.1+, currently the 'ssl' module is compiled with 'LibreSSL 2.8.3'. See: https://github.com/urllib3/urllib3/issues/3020
  warnings.warn(
/Users/zhaowenyuan/Projects/FlowFigTabMiner/flowfigtabminer/lib/python3.9/site-packages/urllib3/__init__.py:35: NotOpenSSLWarning: urllib3 v2 only supports OpenSSL 1.1.1+, currently the 'ssl' module is compiled with 'LibreSSL 2.8.3'. See: https://github.com/urllib3/urllib3/issues/3020
  warnings.warn(
/Users/zhaowenyuan/Projects/FlowFigTabMiner/flowfigtabminer/lib/python3.9/site-packages/urllib3/__init__.py:35: NotOpenSSLWarning: urllib3 v2 only supports OpenSSL 1.1.1+, currently the 'ssl' module is compiled with 'LibreSSL 2.8.3'. See: https://github.com/urllib3/urllib3/issues/3020
  warnings.warn(
/Users/zhaowenyuan/Projects/FlowFigTabMiner/flowfigtabminer/lib/python3.9/site-packages/urllib3/__init__.py:35: NotOpenSSLWarning: urllib3 v2 only supports OpenSSL 1.1.1+, currently the 'ssl' module is compiled with 'LibreSSL 2.8.3'. See: https://github.com/urllib3/urllib3/issues/3020
  warnings.warn(
/Users/zhaowenyuan/Projects/FlowFigTabMiner/flowfigtabminer/lib/python3.9/site-packages/urllib3/__init__.py:35: NotOpenSSLWarning: urllib3 v2 only supports OpenSSL 1.1.1+, currently the 'ssl' module is compiled with 'LibreSSL 2.8.3'. See: https://github.com/urllib3/urllib3/issues/3020
  warnings.warn(
/Users/zhaowenyuan/Projects/FlowFigTabMiner/flowfigtabminer/lib/python3.9/site-packages/urllib3/__init__.py:35: NotOpenSSLWarning: urllib3 v2 only supports OpenSSL 1.1.1+, currently the 'ssl' module is compiled with 'LibreSSL 2.8.3'. See: https://github.com/urllib3/urllib3/issues/3020
  warnings.warn(
/Users/zhaowenyuan/Projects/FlowFigTabMiner/flowfigtabminer/lib/python3.9/site-packages/urllib3/__init__.py:35: NotOpenSSLWarning: urllib3 v2 only supports OpenSSL 1.1.1+, currently the 'ssl' module is compiled with 'LibreSSL 2.8.3'. See: https://github.com/urllib3/urllib3/issues/3020
  warnings.warn(
/Users/zhaowenyuan/Projects/FlowFigTabMiner/flowfigtabminer/lib/python3.9/site-packages/urllib3/__init__.py:35: NotOpenSSLWarning: urllib3 v2 only supports OpenSSL 1.1.1+, currently the 'ssl' module is compiled with 'LibreSSL 2.8.3'. See: https://github.com/urllib3/urllib3/issues/3020
  warnings.warn(
/Users/zhaowenyuan/Projects/FlowFigTabMiner/flowfigtabminer/lib/python3.9/site-packages/urllib3/__init__.py:35: NotOpenSSLWarning: urllib3 v2 only supports OpenSSL 1.1.1+, currently the 'ssl' module is compiled with 'LibreSSL 2.8.3'. See: https://github.com/urllib3/urllib3/issues/3020
  warnings.warn(
/Users/zhaowenyuan/Projects/FlowFigTabMiner/flowfigtabminer/lib/python3.9/site-packages/urllib3/__init__.py:35: NotOpenSSLWarning: urllib3 v2 only supports OpenSSL 1.1.1+, currently the 'ssl' module is compiled with 'LibreSSL 2.8.3'. See: https://github.com/urllib3/urllib3/issues/3020
  warnings.warn(
/Users/zhaowenyuan/Projects/FlowFigTabMiner/flowfigtabminer/lib/python3.9/site-packages/urllib3/__init__.py:35: NotOpenSSLWarning: urllib3 v2 only supports OpenSSL 1.1.1+, currently the 'ssl' module is compiled with 'LibreSSL 2.8.3'. See: https://github.com/urllib3/urllib3/issues/3020
  warnings.warn(
/Users/zhaowenyuan/Projects/FlowFigTabMiner/flowfigtabminer/lib/python3.9/site-packages/urllib3/__init__.py:35: NotOpenSSLWarning: urllib3 v2 only supports OpenSSL 1.1.1+, currently the 'ssl' module is compiled with 'LibreSSL 2.8.3'. See: https://github.com/urllib3/urllib3/issues/3020
  warnings.warn(
/Users/zhaowenyuan/Projects/FlowFigTabMiner/flowfigtabminer/lib/python3.9/site-packages/urllib3/__init__.py:35: NotOpenSSLWarning: urllib3 v2 only supports OpenSSL 1.1.1+, currently the 'ssl' module is compiled with 'LibreSSL 2.8.3'. See: https://github.com/urllib3/urllib3/issues/3020
  warnings.warn(
/Users/zhaowenyuan/Projects/FlowFigTabMiner/flowfigtabminer/lib/python3.9/site-packages/urllib3/__init__.py:35: NotOpenSSLWarning: urllib3 v2 only supports OpenSSL 1.1.1+, currently the 'ssl' module is compiled with 'LibreSSL 2.8.3'. See: https://github.com/urllib3/urllib3/issues/3020
  warnings.warn(
/Users/zhaowenyuan/Projects/FlowFigTabMiner/flowfigtabminer/lib/python3.9/site-packages/urllib3/__init__.py:35: NotOpenSSLWarning: urllib3 v2 only supports OpenSSL 1.1.1+, currently the 'ssl' module is compiled with 'LibreSSL 2.8.3'. See: https://github.com/urllib3/urllib3/issues/3020
  warnings.warn(
[33mChecking connectivity to the model hosters, this may take a while. To bypass this check, set `DISABLE_MODEL_SOURCE_CHECK` to `True`.[0m
[33mChecking connectivity to the model hosters, this may take a while. To bypass this check, set `DISABLE_MODEL_SOURCE_CHECK` to `True`.[0m
[33mChecking connectivity to the model hosters, this may take a while. To bypass this check, set `DISABLE_MODEL_SOURCE_CHECK` to `True`.[0m
[33mChecking connectivity to the model hosters, this may take a while. To bypass this check, set `DISABLE_MODEL_SOURCE_CHECK` to `True`.[0m
[33mChecking connectivity to the model hosters, this may take a while. To bypass this check, set `DISABLE_MODEL_SOURCE_CHECK` to `True`.[0m
[33mChecking connectivity to the model hosters, this may take a while. To bypass this check, set `DISABLE_MODEL_SOURCE_CHECK` to `True`.[0m
[33mChecking connectivity to the model hosters, this may take a while. To bypass this check, set `DISABLE_MODEL_SOURCE_CHECK` to `True`.[0m
[33mChecking connectivity to the model hosters, this may take a while. To bypass this check, set `DISABLE_MODEL_SOURCE_CHECK` to `True`.[0m
[33mChecking connectivity to the model hosters, this may take a while. To bypass this check, set `DISABLE_MODEL_SOURCE_CHECK` to `True`.[0m
[33mChecking connectivity to the model hosters, this may take a while. To bypass this check, set `DISABLE_MODEL_SOURCE_CHECK` to `True`.[0m
[33mChecking connectivity to the model hosters, this may take a while. To bypass this check, set `DISABLE_MODEL_SOURCE_CHECK` to `True`.[0m
[33mChecking connectivity to the model hosters, this may take a while. To bypass this check, set `DISABLE_MODEL_SOURCE_CHECK` to `True`.[0m
[33mChecking connectivity to the model hosters, this may take a while. To bypass this check, set `DISABLE_MODEL_SOURCE_CHECK` to `True`.[0m
[33mChecking connectivity to the model hosters, this may take a while. To bypass this check, set `DISABLE_MODEL_SOURCE_CHECK` to `True`.[0m
[33mChecking connectivity to the model hosters, this may take a while. To bypass this check, set `DISABLE_MODEL_SOURCE_CHECK` to `True`.[0m
[33mChecking connectivity to the model hosters, this may take a while. To bypass this check, set `DISABLE_MODEL_SOURCE_CHECK` to `True`.[0m
/Users/zhaowenyuan/Projects/FlowFigTabMiner/flowfigtabminer/lib/python3.9/site-packages/onmt/modules/sparse_activations.py:48: FutureWarning: `torch.cuda.amp.custom_fwd(args...)` is deprecated. Please use `torch.amp.custom_fwd(args..., device_type='cuda')` instead.
  def forward(ctx, input, dim=0):
/Users/zhaowenyuan/Projects/FlowFigTabMiner/flowfigtabminer/lib/python3.9/site-packages/onmt/modules/sparse_activations.py:68: FutureWarning: `torch.cuda.amp.custom_bwd(args...)` is deprecated. Please use `torch.amp.custom_bwd(args..., device_type='cuda')` instead.
  def backward(ctx, grad_output):
/Users/zhaowenyuan/Projects/FlowFigTabMiner/flowfigtabminer/lib/python3.9/site-packages/onmt/modules/sparse_losses.py:13: FutureWarning: `torch.cuda.amp.custom_fwd(args...)` is deprecated. Please use `torch.amp.custom_fwd(args..., device_type='cuda')` instead.
  def forward(ctx, input, target):
/Users/zhaowenyuan/Projects/FlowFigTabMiner/flowfigtabminer/lib/python3.9/site-packages/onmt/modules/sparse_losses.py:37: FutureWarning: `torch.cuda.amp.custom_bwd(args...)` is deprecated. Please use `torch.amp.custom_bwd(args..., device_type='cuda')` instead.
  def backward(ctx, grad_output):
chiral_center_ids (from symbols): []
/Users/zhaowenyuan/Projects/FlowFigTabMiner/flowfigtabminer/lib/python3.9/site-packages/urllib3/__init__.py:35: NotOpenSSLWarning: urllib3 v2 only supports OpenSSL 1.1.1+, currently the 'ssl' module is compiled with 'LibreSSL 2.8.3'. See: https://github.com/urllib3/urllib3/issues/3020
  warnings.warn(
/Users/zhaowenyuan/Projects/FlowFigTabMiner/flowfigtabminer/lib/python3.9/site-packages/urllib3/__init__.py:35: NotOpenSSLWarning: urllib3 v2 only supports OpenSSL 1.1.1+, currently the 'ssl' module is compiled with 'LibreSSL 2.8.3'. See: https://github.com/urllib3/urllib3/issues/3020
  warnings.warn(
/Users/zhaowenyuan/Projects/FlowFigTabMiner/flowfigtabminer/lib/python3.9/site-packages/urllib3/__init__.py:35: NotOpenSSLWarning: urllib3 v2 only supports OpenSSL 1.1.1+, currently the 'ssl' module is compiled with 'LibreSSL 2.8.3'. See: https://github.com/urllib3/urllib3/issues/3020
  warnings.warn(
/Users/zhaowenyuan/Projects/FlowFigTabMiner/flowfigtabminer/lib/python3.9/site-packages/urllib3/__init__.py:35: NotOpenSSLWarning: urllib3 v2 only supports OpenSSL 1.1.1+, currently the 'ssl' module is compiled with 'LibreSSL 2.8.3'. See: https://github.com/urllib3/urllib3/issues/3020
  warnings.warn(
/Users/zhaowenyuan/Projects/FlowFigTabMiner/flowfigtabminer/lib/python3.9/site-packages/urllib3/__init__.py:35: NotOpenSSLWarning: urllib3 v2 only supports OpenSSL 1.1.1+, currently the 'ssl' module is compiled with 'LibreSSL 2.8.3'. See: https://github.com/urllib3/urllib3/issues/3020
  warnings.warn(
/Users/zhaowenyuan/Projects/FlowFigTabMiner/flowfigtabminer/lib/python3.9/site-packages/urllib3/__init__.py:35: NotOpenSSLWarning: urllib3 v2 only supports OpenSSL 1.1.1+, currently the 'ssl' module is compiled with 'LibreSSL 2.8.3'. See: https://github.com/urllib3/urllib3/issues/3020
  warnings.warn(
/Users/zhaowenyuan/Projects/FlowFigTabMiner/flowfigtabminer/lib/python3.9/site-packages/urllib3/__init__.py:35: NotOpenSSLWarning: urllib3 v2 only supports OpenSSL 1.1.1+, currently the 'ssl' module is compiled with 'LibreSSL 2.8.3'. See: https://github.com/urllib3/urllib3/issues/3020
  warnings.warn(
/Users/zhaowenyuan/Projects/FlowFigTabMiner/flowfigtabminer/lib/python3.9/site-packages/urllib3/__init__.py:35: NotOpenSSLWarning: urllib3 v2 only supports OpenSSL 1.1.1+, currently the 'ssl' module is compiled with 'LibreSSL 2.8.3'. See: https://github.com/urllib3/urllib3/issues/3020
  warnings.warn(
/Users/zhaowenyuan/Projects/FlowFigTabMiner/flowfigtabminer/lib/python3.9/site-packages/urllib3/__init__.py:35: NotOpenSSLWarning: urllib3 v2 only supports OpenSSL 1.1.1+, currently the 'ssl' module is compiled with 'LibreSSL 2.8.3'. See: https://github.com/urllib3/urllib3/issues/3020
  warnings.warn(
/Users/zhaowenyuan/Projects/FlowFigTabMiner/flowfigtabminer/lib/python3.9/site-packages/urllib3/__init__.py:35: NotOpenSSLWarning: urllib3 v2 only supports OpenSSL 1.1.1+, currently the 'ssl' module is compiled with 'LibreSSL 2.8.3'. See: https://github.com/urllib3/urllib3/issues/3020
  warnings.warn(
/Users/zhaowenyuan/Projects/FlowFigTabMiner/flowfigtabminer/lib/python3.9/site-packages/urllib3/__init__.py:35: NotOpenSSLWarning: urllib3 v2 only supports OpenSSL 1.1.1+, currently the 'ssl' module is compiled with 'LibreSSL 2.8.3'. See: https://github.com/urllib3/urllib3/issues/3020
  warnings.warn(
/Users/zhaowenyuan/Projects/FlowFigTabMiner/flowfigtabminer/lib/python3.9/site-packages/urllib3/__init__.py:35: NotOpenSSLWarning: urllib3 v2 only supports OpenSSL 1.1.1+, currently the 'ssl' module is compiled with 'LibreSSL 2.8.3'. See: https://github.com/urllib3/urllib3/issues/3020
  warnings.warn(
/Users/zhaowenyuan/Projects/FlowFigTabMiner/flowfigtabminer/lib/python3.9/site-packages/urllib3/__init__.py:35: NotOpenSSLWarning: urllib3 v2 only supports OpenSSL 1.1.1+, currently the 'ssl' module is compiled with 'LibreSSL 2.8.3'. See: https://github.com/urllib3/urllib3/issues/3020
  warnings.warn(
/Users/zhaowenyuan/Projects/FlowFigTabMiner/flowfigtabminer/lib/python3.9/site-packages/urllib3/__init__.py:35: NotOpenSSLWarning: urllib3 v2 only supports OpenSSL 1.1.1+, currently the 'ssl' module is compiled with 'LibreSSL 2.8.3'. See: https://github.com/urllib3/urllib3/issues/3020
  warnings.warn(
/Users/zhaowenyuan/Projects/FlowFigTabMiner/flowfigtabminer/lib/python3.9/site-packages/urllib3/__init__.py:35: NotOpenSSLWarning: urllib3 v2 only supports OpenSSL 1.1.1+, currently the 'ssl' module is compiled with 'LibreSSL 2.8.3'. See: https://github.com/urllib3/urllib3/issues/3020
  warnings.warn(
/Users/zhaowenyuan/Projects/FlowFigTabMiner/flowfigtabminer/lib/python3.9/site-packages/urllib3/__init__.py:35: NotOpenSSLWarning: urllib3 v2 only supports OpenSSL 1.1.1+, currently the 'ssl' module is compiled with 'LibreSSL 2.8.3'. See: https://github.com/urllib3/urllib3/issues/3020
  warnings.warn(
[33mChecking connectivity to the model hosters, this may take a while. To bypass this check, set `DISABLE_MODEL_SOURCE_CHECK` to `True`.[0m
[33mChecking connectivity to the model hosters, this may take a while. To bypass this check, set `DISABLE_MODEL_SOURCE_CHECK` to `True`.[0m
[33mChecking connectivity to the model hosters, this may take a while. To bypass this check, set `DISABLE_MODEL_SOURCE_CHECK` to `True`.[0m
[33mChecking connectivity to the model hosters, this may take a while. To bypass this check, set `DISABLE_MODEL_SOURCE_CHECK` to `True`.[0m
[33mChecking connectivity to the model hosters, this may take a while. To bypass this check, set `DISABLE_MODEL_SOURCE_CHECK` to `True`.[0m
[33mChecking connectivity to the model hosters, this may take a while. To bypass this check, set `DISABLE_MODEL_SOURCE_CHECK` to `True`.[0m
[33mChecking connectivity to the model hosters, this may take a while. To bypass this check, set `DISABLE_MODEL_SOURCE_CHECK` to `True`.[0m
[33mChecking connectivity to the model hosters, this may take a while. To bypass this check, set `DISABLE_MODEL_SOURCE_CHECK` to `True`.[0m
[33mChecking connectivity to the model hosters, this may take a while. To bypass this check, set `DISABLE_MODEL_SOURCE_CHECK` to `True`.[0m
[33mChecking connectivity to the model hosters, this may take a while. To bypass this check, set `DISABLE_MODEL_SOURCE_CHECK` to `True`.[0m
[33mChecking connectivity to the model hosters, this may take a while. To bypass this check, set `DISABLE_MODEL_SOURCE_CHECK` to `True`.[0m
[33mChecking connectivity to the model hosters, this may take a while. To bypass this check, set `DISABLE_MODEL_SOURCE_CHECK` to `True`.[0m
[33mChecking connectivity to the model hosters, this may take a while. To bypass this check, set `DISABLE_MODEL_SOURCE_CHECK` to `True`.[0m
[33mChecking connectivity to the model hosters, this may take a while. To bypass this check, set `DISABLE_MODEL_SOURCE_CHECK` to `True`.[0m
[33mChecking connectivity to the model hosters, this may take a while. To bypass this check, set `DISABLE_MODEL_SOURCE_CHECK` to `True`.[0m
[33mChecking connectivity to the model hosters, this may take a while. To bypass this check, set `DISABLE_MODEL_SOURCE_CHECK` to `True`.[0m
/Users/zhaowenyuan/Projects/FlowFigTabMiner/flowfigtabminer/lib/python3.9/site-packages/onmt/modules/sparse_activations.py:48: FutureWarning: `torch.cuda.amp.custom_fwd(args...)` is deprecated. Please use `torch.amp.custom_fwd(args..., device_type='cuda')` instead.
  def forward(ctx, input, dim=0):
/Users/zhaowenyuan/Projects/FlowFigTabMiner/flowfigtabminer/lib/python3.9/site-packages/onmt/modules/sparse_activations.py:68: FutureWarning: `torch.cuda.amp.custom_bwd(args...)` is deprecated. Please use `torch.amp.custom_bwd(args..., device_type='cuda')` instead.
  def backward(ctx, grad_output):
/Users/zhaowenyuan/Projects/FlowFigTabMiner/flowfigtabminer/lib/python3.9/site-packages/onmt/modules/sparse_losses.py:13: FutureWarning: `torch.cuda.amp.custom_fwd(args...)` is deprecated. Please use `torch.amp.custom_fwd(args..., device_type='cuda')` instead.
  def forward(ctx, input, target):
/Users/zhaowenyuan/Projects/FlowFigTabMiner/flowfigtabminer/lib/python3.9/site-packages/onmt/modules/sparse_losses.py:37: FutureWarning: `torch.cuda.amp.custom_bwd(args...)` is deprecated. Please use `torch.amp.custom_bwd(args..., device_type='cuda')` instead.
  def backward(ctx, grad_output):
chiral_center_ids (from symbols): []
/Users/zhaowenyuan/Projects/FlowFigTabMiner/flowfigtabminer/lib/python3.9/site-packages/urllib3/__init__.py:35: NotOpenSSLWarning: urllib3 v2 only supports OpenSSL 1.1.1+, currently the 'ssl' module is compiled with 'LibreSSL 2.8.3'. See: https://github.com/urllib3/urllib3/issues/3020
  warnings.warn(
/Users/zhaowenyuan/Projects/FlowFigTabMiner/flowfigtabminer/lib/python3.9/site-packages/urllib3/__init__.py:35: NotOpenSSLWarning: urllib3 v2 only supports OpenSSL 1.1.1+, currently the 'ssl' module is compiled with 'LibreSSL 2.8.3'. See: https://github.com/urllib3/urllib3/issues/3020
  warnings.warn(
/Users/zhaowenyuan/Projects/FlowFigTabMiner/flowfigtabminer/lib/python3.9/site-packages/urllib3/__init__.py:35: NotOpenSSLWarning: urllib3 v2 only supports OpenSSL 1.1.1+, currently the 'ssl' module is compiled with 'LibreSSL 2.8.3'. See: https://github.com/urllib3/urllib3/issues/3020
  warnings.warn(
/Users/zhaowenyuan/Projects/FlowFigTabMiner/flowfigtabminer/lib/python3.9/site-packages/urllib3/__init__.py:35: NotOpenSSLWarning: urllib3 v2 only supports OpenSSL 1.1.1+, currently the 'ssl' module is compiled with 'LibreSSL 2.8.3'. See: https://github.com/urllib3/urllib3/issues/3020
  warnings.warn(
/Users/zhaowenyuan/Projects/FlowFigTabMiner/flowfigtabminer/lib/python3.9/site-packages/urllib3/__init__.py:35: NotOpenSSLWarning: urllib3 v2 only supports OpenSSL 1.1.1+, currently the 'ssl' module is compiled with 'LibreSSL 2.8.3'. See: https://github.com/urllib3/urllib3/issues/3020
  warnings.warn(
/Users/zhaowenyuan/Projects/FlowFigTabMiner/flowfigtabminer/lib/python3.9/site-packages/urllib3/__init__.py:35: NotOpenSSLWarning: urllib3 v2 only supports OpenSSL 1.1.1+, currently the 'ssl' module is compiled with 'LibreSSL 2.8.3'. See: https://github.com/urllib3/urllib3/issues/3020
  warnings.warn(
/Users/zhaowenyuan/Projects/FlowFigTabMiner/flowfigtabminer/lib/python3.9/site-packages/urllib3/__init__.py:35: NotOpenSSLWarning: urllib3 v2 only supports OpenSSL 1.1.1+, currently the 'ssl' module is compiled with 'LibreSSL 2.8.3'. See: https://github.com/urllib3/urllib3/issues/3020
  warnings.warn(
/Users/zhaowenyuan/Projects/FlowFigTabMiner/flowfigtabminer/lib/python3.9/site-packages/urllib3/__init__.py:35: NotOpenSSLWarning: urllib3 v2 only supports OpenSSL 1.1.1+, currently the 'ssl' module is compiled with 'LibreSSL 2.8.3'. See: https://github.com/urllib3/urllib3/issues/3020
  warnings.warn(
/Users/zhaowenyuan/Projects/FlowFigTabMiner/flowfigtabminer/lib/python3.9/site-packages/urllib3/__init__.py:35: NotOpenSSLWarning: urllib3 v2 only supports OpenSSL 1.1.1+, currently the 'ssl' module is compiled with 'LibreSSL 2.8.3'. See: https://github.com/urllib3/urllib3/issues/3020
  warnings.warn(
/Users/zhaowenyuan/Projects/FlowFigTabMiner/flowfigtabminer/lib/python3.9/site-packages/urllib3/__init__.py:35: NotOpenSSLWarning: urllib3 v2 only supports OpenSSL 1.1.1+, currently the 'ssl' module is compiled with 'LibreSSL 2.8.3'. See: https://github.com/urllib3/urllib3/issues/3020
  warnings.warn(
/Users/zhaowenyuan/Projects/FlowFigTabMiner/flowfigtabminer/lib/python3.9/site-packages/urllib3/__init__.py:35: NotOpenSSLWarning: urllib3 v2 only supports OpenSSL 1.1.1+, currently the 'ssl' module is compiled with 'LibreSSL 2.8.3'. See: https://github.com/urllib3/urllib3/issues/3020
  warnings.warn(
/Users/zhaowenyuan/Projects/FlowFigTabMiner/flowfigtabminer/lib/python3.9/site-packages/urllib3/__init__.py:35: NotOpenSSLWarning: urllib3 v2 only supports OpenSSL 1.1.1+, currently the 'ssl' module is compiled with 'LibreSSL 2.8.3'. See: https://github.com/urllib3/urllib3/issues/3020
  warnings.warn(
/Users/zhaowenyuan/Projects/FlowFigTabMiner/flowfigtabminer/lib/python3.9/site-packages/urllib3/__init__.py:35: NotOpenSSLWarning: urllib3 v2 only supports OpenSSL 1.1.1+, currently the 'ssl' module is compiled with 'LibreSSL 2.8.3'. See: https://github.com/urllib3/urllib3/issues/3020
  warnings.warn(
/Users/zhaowenyuan/Projects/FlowFigTabMiner/flowfigtabminer/lib/python3.9/site-packages/urllib3/__init__.py:35: NotOpenSSLWarning: urllib3 v2 only supports OpenSSL 1.1.1+, currently the 'ssl' module is compiled with 'LibreSSL 2.8.3'. See: https://github.com/urllib3/urllib3/issues/3020
  warnings.warn(
/Users/zhaowenyuan/Projects/FlowFigTabMiner/flowfigtabminer/lib/python3.9/site-packages/urllib3/__init__.py:35: NotOpenSSLWarning: urllib3 v2 only supports OpenSSL 1.1.1+, currently the 'ssl' module is compiled with 'LibreSSL 2.8.3'. See: https://github.com/urllib3/urllib3/issues/3020
  warnings.warn(
/Users/zhaowenyuan/Projects/FlowFigTabMiner/flowfigtabminer/lib/python3.9/site-packages/urllib3/__init__.py:35: NotOpenSSLWarning: urllib3 v2 only supports OpenSSL 1.1.1+, currently the 'ssl' module is compiled with 'LibreSSL 2.8.3'. See: https://github.com/urllib3/urllib3/issues/3020
  warnings.warn(
[33mChecking connectivity to the model hosters, this may take a while. To bypass this check, set `DISABLE_MODEL_SOURCE_CHECK` to `True`.[0m
[33mChecking connectivity to the model hosters, this may take a while. To bypass this check, set `DISABLE_MODEL_SOURCE_CHECK` to `True`.[0m
[33mChecking connectivity to the model hosters, this may take a while. To bypass this check, set `DISABLE_MODEL_SOURCE_CHECK` to `True`.[0m
[33mChecking connectivity to the model hosters, this may take a while. To bypass this check, set `DISABLE_MODEL_SOURCE_CHECK` to `True`.[0m
[33mChecking connectivity to the model hosters, this may take a while. To bypass this check, set `DISABLE_MODEL_SOURCE_CHECK` to `True`.[0m
[33mChecking connectivity to the model hosters, this may take a while. To bypass this check, set `DISABLE_MODEL_SOURCE_CHECK` to `True`.[0m
[33mChecking connectivity to the model hosters, this may take a while. To bypass this check, set `DISABLE_MODEL_SOURCE_CHECK` to `True`.[0m
[33mChecking connectivity to the model hosters, this may take a while. To bypass this check, set `DISABLE_MODEL_SOURCE_CHECK` to `True`.[0m
[33mChecking connectivity to the model hosters, this may take a while. To bypass this check, set `DISABLE_MODEL_SOURCE_CHECK` to `True`.[0m
[33mChecking connectivity to the model hosters, this may take a while. To bypass this check, set `DISABLE_MODEL_SOURCE_CHECK` to `True`.[0m
[33mChecking connectivity to the model hosters, this may take a while. To bypass this check, set `DISABLE_MODEL_SOURCE_CHECK` to `True`.[0m
[33mChecking connectivity to the model hosters, this may take a while. To bypass this check, set `DISABLE_MODEL_SOURCE_CHECK` to `True`.[0m
[33mChecking connectivity to the model hosters, this may take a while. To bypass this check, set `DISABLE_MODEL_SOURCE_CHECK` to `True`.[0m
[33mChecking connectivity to the model hosters, this may take a while. To bypass this check, set `DISABLE_MODEL_SOURCE_CHECK` to `True`.[0m
[33mChecking connectivity to the model hosters, this may take a while. To bypass this check, set `DISABLE_MODEL_SOURCE_CHECK` to `True`.[0m
[33mChecking connectivity to the model hosters, this may take a while. To bypass this check, set `DISABLE_MODEL_SOURCE_CHECK` to `True`.[0m
/Users/zhaowenyuan/Projects/FlowFigTabMiner/flowfigtabminer/lib/python3.9/site-packages/onmt/modules/sparse_activations.py:48: FutureWarning: `torch.cuda.amp.custom_fwd(args...)` is deprecated. Please use `torch.amp.custom_fwd(args..., device_type='cuda')` instead.
  def forward(ctx, input, dim=0):
/Users/zhaowenyuan/Projects/FlowFigTabMiner/flowfigtabminer/lib/python3.9/site-packages/onmt/modules/sparse_activations.py:68: FutureWarning: `torch.cuda.amp.custom_bwd(args...)` is deprecated. Please use `torch.amp.custom_bwd(args..., device_type='cuda')` instead.
  def backward(ctx, grad_output):
/Users/zhaowenyuan/Projects/FlowFigTabMiner/flowfigtabminer/lib/python3.9/site-packages/onmt/modules/sparse_losses.py:13: FutureWarning: `torch.cuda.amp.custom_fwd(args...)` is deprecated. Please use `torch.amp.custom_fwd(args..., device_type='cuda')` instead.
  def forward(ctx, input, target):
/Users/zhaowenyuan/Projects/FlowFigTabMiner/flowfigtabminer/lib/python3.9/site-packages/onmt/modules/sparse_losses.py:37: FutureWarning: `torch.cuda.amp.custom_bwd(args...)` is deprecated. Please use `torch.amp.custom_bwd(args..., device_type='cuda')` instead.
  def backward(ctx, grad_output):
chiral_center_ids (from symbols): []
/Users/zhaowenyuan/Projects/FlowFigTabMiner/flowfigtabminer/lib/python3.9/site-packages/urllib3/__init__.py:35: NotOpenSSLWarning: urllib3 v2 only supports OpenSSL 1.1.1+, currently the 'ssl' module is compiled with 'LibreSSL 2.8.3'. See: https://github.com/urllib3/urllib3/issues/3020
  warnings.warn(
/Users/zhaowenyuan/Projects/FlowFigTabMiner/flowfigtabminer/lib/python3.9/site-packages/urllib3/__init__.py:35: NotOpenSSLWarning: urllib3 v2 only supports OpenSSL 1.1.1+, currently the 'ssl' module is compiled with 'LibreSSL 2.8.3'. See: https://github.com/urllib3/urllib3/issues/3020
  warnings.warn(
/Users/zhaowenyuan/Projects/FlowFigTabMiner/flowfigtabminer/lib/python3.9/site-packages/urllib3/__init__.py:35: NotOpenSSLWarning: urllib3 v2 only supports OpenSSL 1.1.1+, currently the 'ssl' module is compiled with 'LibreSSL 2.8.3'. See: https://github.com/urllib3/urllib3/issues/3020
  warnings.warn(
/Users/zhaowenyuan/Projects/FlowFigTabMiner/flowfigtabminer/lib/python3.9/site-packages/urllib3/__init__.py:35: NotOpenSSLWarning: urllib3 v2 only supports OpenSSL 1.1.1+, currently the 'ssl' module is compiled with 'LibreSSL 2.8.3'. See: https://github.com/urllib3/urllib3/issues/3020
  warnings.warn(
/Users/zhaowenyuan/Projects/FlowFigTabMiner/flowfigtabminer/lib/python3.9/site-packages/urllib3/__init__.py:35: NotOpenSSLWarning: urllib3 v2 only supports OpenSSL 1.1.1+, currently the 'ssl' module is compiled with 'LibreSSL 2.8.3'. See: https://github.com/urllib3/urllib3/issues/3020
  warnings.warn(
/Users/zhaowenyuan/Projects/FlowFigTabMiner/flowfigtabminer/lib/python3.9/site-packages/urllib3/__init__.py:35: NotOpenSSLWarning: urllib3 v2 only supports OpenSSL 1.1.1+, currently the 'ssl' module is compiled with 'LibreSSL 2.8.3'. See: https://github.com/urllib3/urllib3/issues/3020
  warnings.warn(
/Users/zhaowenyuan/Projects/FlowFigTabMiner/flowfigtabminer/lib/python3.9/site-packages/urllib3/__init__.py:35: NotOpenSSLWarning: urllib3 v2 only supports OpenSSL 1.1.1+, currently the 'ssl' module is compiled with 'LibreSSL 2.8.3'. See: https://github.com/urllib3/urllib3/issues/3020
  warnings.warn(
/Users/zhaowenyuan/Projects/FlowFigTabMiner/flowfigtabminer/lib/python3.9/site-packages/urllib3/__init__.py:35: NotOpenSSLWarning: urllib3 v2 only supports OpenSSL 1.1.1+, currently the 'ssl' module is compiled with 'LibreSSL 2.8.3'. See: https://github.com/urllib3/urllib3/issues/3020
  warnings.warn(
/Users/zhaowenyuan/Projects/FlowFigTabMiner/flowfigtabminer/lib/python3.9/site-packages/urllib3/__init__.py:35: NotOpenSSLWarning: urllib3 v2 only supports OpenSSL 1.1.1+, currently the 'ssl' module is compiled with 'LibreSSL 2.8.3'. See: https://github.com/urllib3/urllib3/issues/3020
  warnings.warn(
/Users/zhaowenyuan/Projects/FlowFigTabMiner/flowfigtabminer/lib/python3.9/site-packages/urllib3/__init__.py:35: NotOpenSSLWarning: urllib3 v2 only supports OpenSSL 1.1.1+, currently the 'ssl' module is compiled with 'LibreSSL 2.8.3'. See: https://github.com/urllib3/urllib3/issues/3020
  warnings.warn(
/Users/zhaowenyuan/Projects/FlowFigTabMiner/flowfigtabminer/lib/python3.9/site-packages/urllib3/__init__.py:35: NotOpenSSLWarning: urllib3 v2 only supports OpenSSL 1.1.1+, currently the 'ssl' module is compiled with 'LibreSSL 2.8.3'. See: https://github.com/urllib3/urllib3/issues/3020
  warnings.warn(
/Users/zhaowenyuan/Projects/FlowFigTabMiner/flowfigtabminer/lib/python3.9/site-packages/urllib3/__init__.py:35: NotOpenSSLWarning: urllib3 v2 only supports OpenSSL 1.1.1+, currently the 'ssl' module is compiled with 'LibreSSL 2.8.3'. See: https://github.com/urllib3/urllib3/issues/3020
  warnings.warn(
/Users/zhaowenyuan/Projects/FlowFigTabMiner/flowfigtabminer/lib/python3.9/site-packages/urllib3/__init__.py:35: NotOpenSSLWarning: urllib3 v2 only supports OpenSSL 1.1.1+, currently the 'ssl' module is compiled with 'LibreSSL 2.8.3'. See: https://github.com/urllib3/urllib3/issues/3020
  warnings.warn(
/Users/zhaowenyuan/Projects/FlowFigTabMiner/flowfigtabminer/lib/python3.9/site-packages/urllib3/__init__.py:35: NotOpenSSLWarning: urllib3 v2 only supports OpenSSL 1.1.1+, currently the 'ssl' module is compiled with 'LibreSSL 2.8.3'. See: https://github.com/urllib3/urllib3/issues/3020
  warnings.warn(
/Users/zhaowenyuan/Projects/FlowFigTabMiner/flowfigtabminer/lib/python3.9/site-packages/urllib3/__init__.py:35: NotOpenSSLWarning: urllib3 v2 only supports OpenSSL 1.1.1+, currently the 'ssl' module is compiled with 'LibreSSL 2.8.3'. See: https://github.com/urllib3/urllib3/issues/3020
  warnings.warn(
/Users/zhaowenyuan/Projects/FlowFigTabMiner/flowfigtabminer/lib/python3.9/site-packages/urllib3/__init__.py:35: NotOpenSSLWarning: urllib3 v2 only supports OpenSSL 1.1.1+, currently the 'ssl' module is compiled with 'LibreSSL 2.8.3'. See: https://github.com/urllib3/urllib3/issues/3020
  warnings.warn(
[33mChecking connectivity to the model hosters, this may take a while. To bypass this check, set `DISABLE_MODEL_SOURCE_CHECK` to `True`.[0m
[33mChecking connectivity to the model hosters, this may take a while. To bypass this check, set `DISABLE_MODEL_SOURCE_CHECK` to `True`.[0m
[33mChecking connectivity to the model hosters, this may take a while. To bypass this check, set `DISABLE_MODEL_SOURCE_CHECK` to `True`.[0m
[33mChecking connectivity to the model hosters, this may take a while. To bypass this check, set `DISABLE_MODEL_SOURCE_CHECK` to `True`.[0m
[33mChecking connectivity to the model hosters, this may take a while. To bypass this check, set `DISABLE_MODEL_SOURCE_CHECK` to `True`.[0m
[33mChecking connectivity to the model hosters, this may take a while. To bypass this check, set `DISABLE_MODEL_SOURCE_CHECK` to `True`.[0m
[33mChecking connectivity to the model hosters, this may take a while. To bypass this check, set `DISABLE_MODEL_SOURCE_CHECK` to `True`.[0m
[33mChecking connectivity to the model hosters, this may take a while. To bypass this check, set `DISABLE_MODEL_SOURCE_CHECK` to `True`.[0m
[33mChecking connectivity to the model hosters, this may take a while. To bypass this check, set `DISABLE_MODEL_SOURCE_CHECK` to `True`.[0m
[33mChecking connectivity to the model hosters, this may take a while. To bypass this check, set `DISABLE_MODEL_SOURCE_CHECK` to `True`.[0m
[33mChecking connectivity to the model hosters, this may take a while. To bypass this check, set `DISABLE_MODEL_SOURCE_CHECK` to `True`.[0m
[33mChecking connectivity to the model hosters, this may take a while. To bypass this check, set `DISABLE_MODEL_SOURCE_CHECK` to `True`.[0m
[33mChecking connectivity to the model hosters, this may take a while. To bypass this check, set `DISABLE_MODEL_SOURCE_CHECK` to `True`.[0m
[33mChecking connectivity to the model hosters, this may take a while. To bypass this check, set `DISABLE_MODEL_SOURCE_CHECK` to `True`.[0m
[33mChecking connectivity to the model hosters, this may take a while. To bypass this check, set `DISABLE_MODEL_SOURCE_CHECK` to `True`.[0m
[33mChecking connectivity to the model hosters, this may take a while. To bypass this check, set `DISABLE_MODEL_SOURCE_CHECK` to `True`.[0m
/Users/zhaowenyuan/Projects/FlowFigTabMiner/flowfigtabminer/lib/python3.9/site-packages/onmt/modules/sparse_activations.py:48: FutureWarning: `torch.cuda.amp.custom_fwd(args...)` is deprecated. Please use `torch.amp.custom_fwd(args..., device_type='cuda')` instead.
  def forward(ctx, input, dim=0):
/Users/zhaowenyuan/Projects/FlowFigTabMiner/flowfigtabminer/lib/python3.9/site-packages/onmt/modules/sparse_activations.py:68: FutureWarning: `torch.cuda.amp.custom_bwd(args...)` is deprecated. Please use `torch.amp.custom_bwd(args..., device_type='cuda')` instead.
  def backward(ctx, grad_output):
/Users/zhaowenyuan/Projects/FlowFigTabMiner/flowfigtabminer/lib/python3.9/site-packages/onmt/modules/sparse_losses.py:13: FutureWarning: `torch.cuda.amp.custom_fwd(args...)` is deprecated. Please use `torch.amp.custom_fwd(args..., device_type='cuda')` instead.
  def forward(ctx, input, target):
/Users/zhaowenyuan/Projects/FlowFigTabMiner/flowfigtabminer/lib/python3.9/site-packages/onmt/modules/sparse_losses.py:37: FutureWarning: `torch.cuda.amp.custom_bwd(args...)` is deprecated. Please use `torch.amp.custom_bwd(args..., device_type='cuda')` instead.
  def backward(ctx, grad_output):
chiral_center_ids (from symbols): []
/Users/zhaowenyuan/Projects/FlowFigTabMiner/flowfigtabminer/lib/python3.9/site-packages/urllib3/__init__.py:35: NotOpenSSLWarning: urllib3 v2 only supports OpenSSL 1.1.1+, currently the 'ssl' module is compiled with 'LibreSSL 2.8.3'. See: https://github.com/urllib3/urllib3/issues/3020
  warnings.warn(
/Users/zhaowenyuan/Projects/FlowFigTabMiner/flowfigtabminer/lib/python3.9/site-packages/urllib3/__init__.py:35: NotOpenSSLWarning: urllib3 v2 only supports OpenSSL 1.1.1+, currently the 'ssl' module is compiled with 'LibreSSL 2.8.3'. See: https://github.com/urllib3/urllib3/issues/3020
  warnings.warn(
/Users/zhaowenyuan/Projects/FlowFigTabMiner/flowfigtabminer/lib/python3.9/site-packages/urllib3/__init__.py:35: NotOpenSSLWarning: urllib3 v2 only supports OpenSSL 1.1.1+, currently the 'ssl' module is compiled with 'LibreSSL 2.8.3'. See: https://github.com/urllib3/urllib3/issues/3020
  warnings.warn(
/Users/zhaowenyuan/Projects/FlowFigTabMiner/flowfigtabminer/lib/python3.9/site-packages/urllib3/__init__.py:35: NotOpenSSLWarning: urllib3 v2 only supports OpenSSL 1.1.1+, currently the 'ssl' module is compiled with 'LibreSSL 2.8.3'. See: https://github.com/urllib3/urllib3/issues/3020
  warnings.warn(
/Users/zhaowenyuan/Projects/FlowFigTabMiner/flowfigtabminer/lib/python3.9/site-packages/urllib3/__init__.py:35: NotOpenSSLWarning: urllib3 v2 only supports OpenSSL 1.1.1+, currently the 'ssl' module is compiled with 'LibreSSL 2.8.3'. See: https://github.com/urllib3/urllib3/issues/3020
  warnings.warn(
/Users/zhaowenyuan/Projects/FlowFigTabMiner/flowfigtabminer/lib/python3.9/site-packages/urllib3/__init__.py:35: NotOpenSSLWarning: urllib3 v2 only supports OpenSSL 1.1.1+, currently the 'ssl' module is compiled with 'LibreSSL 2.8.3'. See: https://github.com/urllib3/urllib3/issues/3020
  warnings.warn(
/Users/zhaowenyuan/Projects/FlowFigTabMiner/flowfigtabminer/lib/python3.9/site-packages/urllib3/__init__.py:35: NotOpenSSLWarning: urllib3 v2 only supports OpenSSL 1.1.1+, currently the 'ssl' module is compiled with 'LibreSSL 2.8.3'. See: https://github.com/urllib3/urllib3/issues/3020
  warnings.warn(
/Users/zhaowenyuan/Projects/FlowFigTabMiner/flowfigtabminer/lib/python3.9/site-packages/urllib3/__init__.py:35: NotOpenSSLWarning: urllib3 v2 only supports OpenSSL 1.1.1+, currently the 'ssl' module is compiled with 'LibreSSL 2.8.3'. See: https://github.com/urllib3/urllib3/issues/3020
  warnings.warn(
/Users/zhaowenyuan/Projects/FlowFigTabMiner/flowfigtabminer/lib/python3.9/site-packages/urllib3/__init__.py:35: NotOpenSSLWarning: urllib3 v2 only supports OpenSSL 1.1.1+, currently the 'ssl' module is compiled with 'LibreSSL 2.8.3'. See: https://github.com/urllib3/urllib3/issues/3020
  warnings.warn(
/Users/zhaowenyuan/Projects/FlowFigTabMiner/flowfigtabminer/lib/python3.9/site-packages/urllib3/__init__.py:35: NotOpenSSLWarning: urllib3 v2 only supports OpenSSL 1.1.1+, currently the 'ssl' module is compiled with 'LibreSSL 2.8.3'. See: https://github.com/urllib3/urllib3/issues/3020
  warnings.warn(
/Users/zhaowenyuan/Projects/FlowFigTabMiner/flowfigtabminer/lib/python3.9/site-packages/urllib3/__init__.py:35: NotOpenSSLWarning: urllib3 v2 only supports OpenSSL 1.1.1+, currently the 'ssl' module is compiled with 'LibreSSL 2.8.3'. See: https://github.com/urllib3/urllib3/issues/3020
  warnings.warn(
/Users/zhaowenyuan/Projects/FlowFigTabMiner/flowfigtabminer/lib/python3.9/site-packages/urllib3/__init__.py:35: NotOpenSSLWarning: urllib3 v2 only supports OpenSSL 1.1.1+, currently the 'ssl' module is compiled with 'LibreSSL 2.8.3'. See: https://github.com/urllib3/urllib3/issues/3020
  warnings.warn(
/Users/zhaowenyuan/Projects/FlowFigTabMiner/flowfigtabminer/lib/python3.9/site-packages/urllib3/__init__.py:35: NotOpenSSLWarning: urllib3 v2 only supports OpenSSL 1.1.1+, currently the 'ssl' module is compiled with 'LibreSSL 2.8.3'. See: https://github.com/urllib3/urllib3/issues/3020
  warnings.warn(
/Users/zhaowenyuan/Projects/FlowFigTabMiner/flowfigtabminer/lib/python3.9/site-packages/urllib3/__init__.py:35: NotOpenSSLWarning: urllib3 v2 only supports OpenSSL 1.1.1+, currently the 'ssl' module is compiled with 'LibreSSL 2.8.3'. See: https://github.com/urllib3/urllib3/issues/3020
  warnings.warn(
/Users/zhaowenyuan/Projects/FlowFigTabMiner/flowfigtabminer/lib/python3.9/site-packages/urllib3/__init__.py:35: NotOpenSSLWarning: urllib3 v2 only supports OpenSSL 1.1.1+, currently the 'ssl' module is compiled with 'LibreSSL 2.8.3'. See: https://github.com/urllib3/urllib3/issues/3020
  warnings.warn(
/Users/zhaowenyuan/Projects/FlowFigTabMiner/flowfigtabminer/lib/python3.9/site-packages/urllib3/__init__.py:35: NotOpenSSLWarning: urllib3 v2 only supports OpenSSL 1.1.1+, currently the 'ssl' module is compiled with 'LibreSSL 2.8.3'. See: https://github.com/urllib3/urllib3/issues/3020
  warnings.warn(
[33mChecking connectivity to the model hosters, this may take a while. To bypass this check, set `DISABLE_MODEL_SOURCE_CHECK` to `True`.[0m
[33mChecking connectivity to the model hosters, this may take a while. To bypass this check, set `DISABLE_MODEL_SOURCE_CHECK` to `True`.[0m
[33mChecking connectivity to the model hosters, this may take a while. To bypass this check, set `DISABLE_MODEL_SOURCE_CHECK` to `True`.[0m
[33mChecking connectivity to the model hosters, this may take a while. To bypass this check, set `DISABLE_MODEL_SOURCE_CHECK` to `True`.[0m
[33mChecking connectivity to the model hosters, this may take a while. To bypass this check, set `DISABLE_MODEL_SOURCE_CHECK` to `True`.[0m
[33mChecking connectivity to the model hosters, this may take a while. To bypass this check, set `DISABLE_MODEL_SOURCE_CHECK` to `True`.[0m
[33mChecking connectivity to the model hosters, this may take a while. To bypass this check, set `DISABLE_MODEL_SOURCE_CHECK` to `True`.[0m
[33mChecking connectivity to the model hosters, this may take a while. To bypass this check, set `DISABLE_MODEL_SOURCE_CHECK` to `True`.[0m
[33mChecking connectivity to the model hosters, this may take a while. To bypass this check, set `DISABLE_MODEL_SOURCE_CHECK` to `True`.[0m
[33mChecking connectivity to the model hosters, this may take a while. To bypass this check, set `DISABLE_MODEL_SOURCE_CHECK` to `True`.[0m
[33mChecking connectivity to the model hosters, this may take a while. To bypass this check, set `DISABLE_MODEL_SOURCE_CHECK` to `True`.[0m
[33mChecking connectivity to the model hosters, this may take a while. To bypass this check, set `DISABLE_MODEL_SOURCE_CHECK` to `True`.[0m
[33mChecking connectivity to the model hosters, this may take a while. To bypass this check, set `DISABLE_MODEL_SOURCE_CHECK` to `True`.[0m
[33mChecking connectivity to the model hosters, this may take a while. To bypass this check, set `DISABLE_MODEL_SOURCE_CHECK` to `True`.[0m
[33mChecking connectivity to the model hosters, this may take a while. To bypass this check, set `DISABLE_MODEL_SOURCE_CHECK` to `True`.[0m
[33mChecking connectivity to the model hosters, this may take a while. To bypass this check, set `DISABLE_MODEL_SOURCE_CHECK` to `True`.[0m
/Users/zhaowenyuan/Projects/FlowFigTabMiner/flowfigtabminer/lib/python3.9/site-packages/onmt/modules/sparse_activations.py:48: FutureWarning: `torch.cuda.amp.custom_fwd(args...)` is deprecated. Please use `torch.amp.custom_fwd(args..., device_type='cuda')` instead.
  def forward(ctx, input, dim=0):
/Users/zhaowenyuan/Projects/FlowFigTabMiner/flowfigtabminer/lib/python3.9/site-packages/onmt/modules/sparse_activations.py:48: FutureWarning: `torch.cuda.amp.custom_fwd(args...)` is deprecated. Please use `torch.amp.custom_fwd(args..., device_type='cuda')` instead.
  def forward(ctx, input, dim=0):
/Users/zhaowenyuan/Projects/FlowFigTabMiner/flowfigtabminer/lib/python3.9/site-packages/onmt/modules/sparse_activations.py:68: FutureWarning: `torch.cuda.amp.custom_bwd(args...)` is deprecated. Please use `torch.amp.custom_bwd(args..., device_type='cuda')` instead.
  def backward(ctx, grad_output):
/Users/zhaowenyuan/Projects/FlowFigTabMiner/flowfigtabminer/lib/python3.9/site-packages/onmt/modules/sparse_activations.py:68: FutureWarning: `torch.cuda.amp.custom_bwd(args...)` is deprecated. Please use `torch.amp.custom_bwd(args..., device_type='cuda')` instead.
  def backward(ctx, grad_output):
/Users/zhaowenyuan/Projects/FlowFigTabMiner/flowfigtabminer/lib/python3.9/site-packages/onmt/modules/sparse_losses.py:13: FutureWarning: `torch.cuda.amp.custom_fwd(args...)` is deprecated. Please use `torch.amp.custom_fwd(args..., device_type='cuda')` instead.
  def forward(ctx, input, target):
/Users/zhaowenyuan/Projects/FlowFigTabMiner/flowfigtabminer/lib/python3.9/site-packages/onmt/modules/sparse_losses.py:37: FutureWarning: `torch.cuda.amp.custom_bwd(args...)` is deprecated. Please use `torch.amp.custom_bwd(args..., device_type='cuda')` instead.
  def backward(ctx, grad_output):
/Users/zhaowenyuan/Projects/FlowFigTabMiner/flowfigtabminer/lib/python3.9/site-packages/onmt/modules/sparse_losses.py:13: FutureWarning: `torch.cuda.amp.custom_fwd(args...)` is deprecated. Please use `torch.amp.custom_fwd(args..., device_type='cuda')` instead.
  def forward(ctx, input, target):
/Users/zhaowenyuan/Projects/FlowFigTabMiner/flowfigtabminer/lib/python3.9/site-packages/onmt/modules/sparse_losses.py:37: FutureWarning: `torch.cuda.amp.custom_bwd(args...)` is deprecated. Please use `torch.amp.custom_bwd(args..., device_type='cuda')` instead.
  def backward(ctx, grad_output):
chiral_center_ids (from symbols): []
/Users/zhaowenyuan/Projects/FlowFigTabMiner/flowfigtabminer/lib/python3.9/site-packages/urllib3/__init__.py:35: NotOpenSSLWarning: urllib3 v2 only supports OpenSSL 1.1.1+, currently the 'ssl' module is compiled with 'LibreSSL 2.8.3'. See: https://github.com/urllib3/urllib3/issues/3020
  warnings.warn(
/Users/zhaowenyuan/Projects/FlowFigTabMiner/flowfigtabminer/lib/python3.9/site-packages/urllib3/__init__.py:35: NotOpenSSLWarning: urllib3 v2 only supports OpenSSL 1.1.1+, currently the 'ssl' module is compiled with 'LibreSSL 2.8.3'. See: https://github.com/urllib3/urllib3/issues/3020
  warnings.warn(
/Users/zhaowenyuan/Projects/FlowFigTabMiner/flowfigtabminer/lib/python3.9/site-packages/urllib3/__init__.py:35: NotOpenSSLWarning: urllib3 v2 only supports OpenSSL 1.1.1+, currently the 'ssl' module is compiled with 'LibreSSL 2.8.3'. See: https://github.com/urllib3/urllib3/issues/3020
  warnings.warn(
/Users/zhaowenyuan/Projects/FlowFigTabMiner/flowfigtabminer/lib/python3.9/site-packages/urllib3/__init__.py:35: NotOpenSSLWarning: urllib3 v2 only supports OpenSSL 1.1.1+, currently the 'ssl' module is compiled with 'LibreSSL 2.8.3'. See: https://github.com/urllib3/urllib3/issues/3020
  warnings.warn(
/Users/zhaowenyuan/Projects/FlowFigTabMiner/flowfigtabminer/lib/python3.9/site-packages/urllib3/__init__.py:35: NotOpenSSLWarning: urllib3 v2 only supports OpenSSL 1.1.1+, currently the 'ssl' module is compiled with 'LibreSSL 2.8.3'. See: https://github.com/urllib3/urllib3/issues/3020
  warnings.warn(
/Users/zhaowenyuan/Projects/FlowFigTabMiner/flowfigtabminer/lib/python3.9/site-packages/urllib3/__init__.py:35: NotOpenSSLWarning: urllib3 v2 only supports OpenSSL 1.1.1+, currently the 'ssl' module is compiled with 'LibreSSL 2.8.3'. See: https://github.com/urllib3/urllib3/issues/3020
  warnings.warn(
/Users/zhaowenyuan/Projects/FlowFigTabMiner/flowfigtabminer/lib/python3.9/site-packages/urllib3/__init__.py:35: NotOpenSSLWarning: urllib3 v2 only supports OpenSSL 1.1.1+, currently the 'ssl' module is compiled with 'LibreSSL 2.8.3'. See: https://github.com/urllib3/urllib3/issues/3020
  warnings.warn(
/Users/zhaowenyuan/Projects/FlowFigTabMiner/flowfigtabminer/lib/python3.9/site-packages/urllib3/__init__.py:35: NotOpenSSLWarning: urllib3 v2 only supports OpenSSL 1.1.1+, currently the 'ssl' module is compiled with 'LibreSSL 2.8.3'. See: https://github.com/urllib3/urllib3/issues/3020
  warnings.warn(
/Users/zhaowenyuan/Projects/FlowFigTabMiner/flowfigtabminer/lib/python3.9/site-packages/urllib3/__init__.py:35: NotOpenSSLWarning: urllib3 v2 only supports OpenSSL 1.1.1+, currently the 'ssl' module is compiled with 'LibreSSL 2.8.3'. See: https://github.com/urllib3/urllib3/issues/3020
  warnings.warn(
/Users/zhaowenyuan/Projects/FlowFigTabMiner/flowfigtabminer/lib/python3.9/site-packages/urllib3/__init__.py:35: NotOpenSSLWarning: urllib3 v2 only supports OpenSSL 1.1.1+, currently the 'ssl' module is compiled with 'LibreSSL 2.8.3'. See: https://github.com/urllib3/urllib3/issues/3020
  warnings.warn(
/Users/zhaowenyuan/Projects/FlowFigTabMiner/flowfigtabminer/lib/python3.9/site-packages/urllib3/__init__.py:35: NotOpenSSLWarning: urllib3 v2 only supports OpenSSL 1.1.1+, currently the 'ssl' module is compiled with 'LibreSSL 2.8.3'. See: https://github.com/urllib3/urllib3/issues/3020
  warnings.warn(
/Users/zhaowenyuan/Projects/FlowFigTabMiner/flowfigtabminer/lib/python3.9/site-packages/urllib3/__init__.py:35: NotOpenSSLWarning: urllib3 v2 only supports OpenSSL 1.1.1+, currently the 'ssl' module is compiled with 'LibreSSL 2.8.3'. See: https://github.com/urllib3/urllib3/issues/3020
  warnings.warn(
/Users/zhaowenyuan/Projects/FlowFigTabMiner/flowfigtabminer/lib/python3.9/site-packages/urllib3/__init__.py:35: NotOpenSSLWarning: urllib3 v2 only supports OpenSSL 1.1.1+, currently the 'ssl' module is compiled with 'LibreSSL 2.8.3'. See: https://github.com/urllib3/urllib3/issues/3020
  warnings.warn(
/Users/zhaowenyuan/Projects/FlowFigTabMiner/flowfigtabminer/lib/python3.9/site-packages/urllib3/__init__.py:35: NotOpenSSLWarning: urllib3 v2 only supports OpenSSL 1.1.1+, currently the 'ssl' module is compiled with 'LibreSSL 2.8.3'. See: https://github.com/urllib3/urllib3/issues/3020
  warnings.warn(
/Users/zhaowenyuan/Projects/FlowFigTabMiner/flowfigtabminer/lib/python3.9/site-packages/urllib3/__init__.py:35: NotOpenSSLWarning: urllib3 v2 only supports OpenSSL 1.1.1+, currently the 'ssl' module is compiled with 'LibreSSL 2.8.3'. See: https://github.com/urllib3/urllib3/issues/3020
  warnings.warn(
/Users/zhaowenyuan/Projects/FlowFigTabMiner/flowfigtabminer/lib/python3.9/site-packages/urllib3/__init__.py:35: NotOpenSSLWarning: urllib3 v2 only supports OpenSSL 1.1.1+, currently the 'ssl' module is compiled with 'LibreSSL 2.8.3'. See: https://github.com/urllib3/urllib3/issues/3020
  warnings.warn(
[33mChecking connectivity to the model hosters, this may take a while. To bypass this check, set `DISABLE_MODEL_SOURCE_CHECK` to `True`.[0m
[33mChecking connectivity to the model hosters, this may take a while. To bypass this check, set `DISABLE_MODEL_SOURCE_CHECK` to `True`.[0m
[33mChecking connectivity to the model hosters, this may take a while. To bypass this check, set `DISABLE_MODEL_SOURCE_CHECK` to `True`.[0m
[33mChecking connectivity to the model hosters, this may take a while. To bypass this check, set `DISABLE_MODEL_SOURCE_CHECK` to `True`.[0m
[33mChecking connectivity to the model hosters, this may take a while. To bypass this check, set `DISABLE_MODEL_SOURCE_CHECK` to `True`.[0m
[33mChecking connectivity to the model hosters, this may take a while. To bypass this check, set `DISABLE_MODEL_SOURCE_CHECK` to `True`.[0m
[33mChecking connectivity to the model hosters, this may take a while. To bypass this check, set `DISABLE_MODEL_SOURCE_CHECK` to `True`.[0m
[33mChecking connectivity to the model hosters, this may take a while. To bypass this check, set `DISABLE_MODEL_SOURCE_CHECK` to `True`.[0m
[33mChecking connectivity to the model hosters, this may take a while. To bypass this check, set `DISABLE_MODEL_SOURCE_CHECK` to `True`.[0m
[33mChecking connectivity to the model hosters, this may take a while. To bypass this check, set `DISABLE_MODEL_SOURCE_CHECK` to `True`.[0m
[33mChecking connectivity to the model hosters, this may take a while. To bypass this check, set `DISABLE_MODEL_SOURCE_CHECK` to `True`.[0m
[33mChecking connectivity to the model hosters, this may take a while. To bypass this check, set `DISABLE_MODEL_SOURCE_CHECK` to `True`.[0m
[33mChecking connectivity to the model hosters, this may take a while. To bypass this check, set `DISABLE_MODEL_SOURCE_CHECK` to `True`.[0m
[33mChecking connectivity to the model hosters, this may take a while. To bypass this check, set `DISABLE_MODEL_SOURCE_CHECK` to `True`.[0m
[33mChecking connectivity to the model hosters, this may take a while. To bypass this check, set `DISABLE_MODEL_SOURCE_CHECK` to `True`.[0m
[33mChecking connectivity to the model hosters, this may take a while. To bypass this check, set `DISABLE_MODEL_SOURCE_CHECK` to `True`.[0m
/Users/zhaowenyuan/Projects/FlowFigTabMiner/flowfigtabminer/lib/python3.9/site-packages/onmt/modules/sparse_activations.py:48: FutureWarning: `torch.cuda.amp.custom_fwd(args...)` is deprecated. Please use `torch.amp.custom_fwd(args..., device_type='cuda')` instead.
  def forward(ctx, input, dim=0):
/Users/zhaowenyuan/Projects/FlowFigTabMiner/flowfigtabminer/lib/python3.9/site-packages/onmt/modules/sparse_activations.py:68: FutureWarning: `torch.cuda.amp.custom_bwd(args...)` is deprecated. Please use `torch.amp.custom_bwd(args..., device_type='cuda')` instead.
  def backward(ctx, grad_output):
/Users/zhaowenyuan/Projects/FlowFigTabMiner/flowfigtabminer/lib/python3.9/site-packages/onmt/modules/sparse_losses.py:13: FutureWarning: `torch.cuda.amp.custom_fwd(args...)` is deprecated. Please use `torch.amp.custom_fwd(args..., device_type='cuda')` instead.
  def forward(ctx, input, target):
/Users/zhaowenyuan/Projects/FlowFigTabMiner/flowfigtabminer/lib/python3.9/site-packages/onmt/modules/sparse_losses.py:37: FutureWarning: `torch.cuda.amp.custom_bwd(args...)` is deprecated. Please use `torch.amp.custom_bwd(args..., device_type='cuda')` instead.
  def backward(ctx, grad_output):
chiral_center_ids (from symbols): []
/Users/zhaowenyuan/Projects/FlowFigTabMiner/flowfigtabminer/lib/python3.9/site-packages/urllib3/__init__.py:35: NotOpenSSLWarning: urllib3 v2 only supports OpenSSL 1.1.1+, currently the 'ssl' module is compiled with 'LibreSSL 2.8.3'. See: https://github.com/urllib3/urllib3/issues/3020
  warnings.warn(
/Users/zhaowenyuan/Projects/FlowFigTabMiner/flowfigtabminer/lib/python3.9/site-packages/urllib3/__init__.py:35: NotOpenSSLWarning: urllib3 v2 only supports OpenSSL 1.1.1+, currently the 'ssl' module is compiled with 'LibreSSL 2.8.3'. See: https://github.com/urllib3/urllib3/issues/3020
  warnings.warn(
/Users/zhaowenyuan/Projects/FlowFigTabMiner/flowfigtabminer/lib/python3.9/site-packages/urllib3/__init__.py:35: NotOpenSSLWarning: urllib3 v2 only supports OpenSSL 1.1.1+, currently the 'ssl' module is compiled with 'LibreSSL 2.8.3'. See: https://github.com/urllib3/urllib3/issues/3020
  warnings.warn(
/Users/zhaowenyuan/Projects/FlowFigTabMiner/flowfigtabminer/lib/python3.9/site-packages/urllib3/__init__.py:35: NotOpenSSLWarning: urllib3 v2 only supports OpenSSL 1.1.1+, currently the 'ssl' module is compiled with 'LibreSSL 2.8.3'. See: https://github.com/urllib3/urllib3/issues/3020
  warnings.warn(
/Users/zhaowenyuan/Projects/FlowFigTabMiner/flowfigtabminer/lib/python3.9/site-packages/urllib3/__init__.py:35: NotOpenSSLWarning: urllib3 v2 only supports OpenSSL 1.1.1+, currently the 'ssl' module is compiled with 'LibreSSL 2.8.3'. See: https://github.com/urllib3/urllib3/issues/3020
  warnings.warn(
/Users/zhaowenyuan/Projects/FlowFigTabMiner/flowfigtabminer/lib/python3.9/site-packages/urllib3/__init__.py:35: NotOpenSSLWarning: urllib3 v2 only supports OpenSSL 1.1.1+, currently the 'ssl' module is compiled with 'LibreSSL 2.8.3'. See: https://github.com/urllib3/urllib3/issues/3020
  warnings.warn(
/Users/zhaowenyuan/Projects/FlowFigTabMiner/flowfigtabminer/lib/python3.9/site-packages/urllib3/__init__.py:35: NotOpenSSLWarning: urllib3 v2 only supports OpenSSL 1.1.1+, currently the 'ssl' module is compiled with 'LibreSSL 2.8.3'. See: https://github.com/urllib3/urllib3/issues/3020
  warnings.warn(
/Users/zhaowenyuan/Projects/FlowFigTabMiner/flowfigtabminer/lib/python3.9/site-packages/urllib3/__init__.py:35: NotOpenSSLWarning: urllib3 v2 only supports OpenSSL 1.1.1+, currently the 'ssl' module is compiled with 'LibreSSL 2.8.3'. See: https://github.com/urllib3/urllib3/issues/3020
  warnings.warn(
/Users/zhaowenyuan/Projects/FlowFigTabMiner/flowfigtabminer/lib/python3.9/site-packages/urllib3/__init__.py:35: NotOpenSSLWarning: urllib3 v2 only supports OpenSSL 1.1.1+, currently the 'ssl' module is compiled with 'LibreSSL 2.8.3'. See: https://github.com/urllib3/urllib3/issues/3020
  warnings.warn(
/Users/zhaowenyuan/Projects/FlowFigTabMiner/flowfigtabminer/lib/python3.9/site-packages/urllib3/__init__.py:35: NotOpenSSLWarning: urllib3 v2 only supports OpenSSL 1.1.1+, currently the 'ssl' module is compiled with 'LibreSSL 2.8.3'. See: https://github.com/urllib3/urllib3/issues/3020
  warnings.warn(
/Users/zhaowenyuan/Projects/FlowFigTabMiner/flowfigtabminer/lib/python3.9/site-packages/urllib3/__init__.py:35: NotOpenSSLWarning: urllib3 v2 only supports OpenSSL 1.1.1+, currently the 'ssl' module is compiled with 'LibreSSL 2.8.3'. See: https://github.com/urllib3/urllib3/issues/3020
  warnings.warn(
/Users/zhaowenyuan/Projects/FlowFigTabMiner/flowfigtabminer/lib/python3.9/site-packages/urllib3/__init__.py:35: NotOpenSSLWarning: urllib3 v2 only supports OpenSSL 1.1.1+, currently the 'ssl' module is compiled with 'LibreSSL 2.8.3'. See: https://github.com/urllib3/urllib3/issues/3020
  warnings.warn(
/Users/zhaowenyuan/Projects/FlowFigTabMiner/flowfigtabminer/lib/python3.9/site-packages/urllib3/__init__.py:35: NotOpenSSLWarning: urllib3 v2 only supports OpenSSL 1.1.1+, currently the 'ssl' module is compiled with 'LibreSSL 2.8.3'. See: https://github.com/urllib3/urllib3/issues/3020
  warnings.warn(
/Users/zhaowenyuan/Projects/FlowFigTabMiner/flowfigtabminer/lib/python3.9/site-packages/urllib3/__init__.py:35: NotOpenSSLWarning: urllib3 v2 only supports OpenSSL 1.1.1+, currently the 'ssl' module is compiled with 'LibreSSL 2.8.3'. See: https://github.com/urllib3/urllib3/issues/3020
  warnings.warn(
/Users/zhaowenyuan/Projects/FlowFigTabMiner/flowfigtabminer/lib/python3.9/site-packages/urllib3/__init__.py:35: NotOpenSSLWarning: urllib3 v2 only supports OpenSSL 1.1.1+, currently the 'ssl' module is compiled with 'LibreSSL 2.8.3'. See: https://github.com/urllib3/urllib3/issues/3020
  warnings.warn(
/Users/zhaowenyuan/Projects/FlowFigTabMiner/flowfigtabminer/lib/python3.9/site-packages/urllib3/__init__.py:35: NotOpenSSLWarning: urllib3 v2 only supports OpenSSL 1.1.1+, currently the 'ssl' module is compiled with 'LibreSSL 2.8.3'. See: https://github.com/urllib3/urllib3/issues/3020
  warnings.warn(
[33mChecking connectivity to the model hosters, this may take a while. To bypass this check, set `DISABLE_MODEL_SOURCE_CHECK` to `True`.[0m
[33mChecking connectivity to the model hosters, this may take a while. To bypass this check, set `DISABLE_MODEL_SOURCE_CHECK` to `True`.[0m
[33mChecking connectivity to the model hosters, this may take a while. To bypass this check, set `DISABLE_MODEL_SOURCE_CHECK` to `True`.[0m
[33mChecking connectivity to the model hosters, this may take a while. To bypass this check, set `DISABLE_MODEL_SOURCE_CHECK` to `True`.[0m
[33mChecking connectivity to the model hosters, this may take a while. To bypass this check, set `DISABLE_MODEL_SOURCE_CHECK` to `True`.[0m
[33mChecking connectivity to the model hosters, this may take a while. To bypass this check, set `DISABLE_MODEL_SOURCE_CHECK` to `True`.[0m
[33mChecking connectivity to the model hosters, this may take a while. To bypass this check, set `DISABLE_MODEL_SOURCE_CHECK` to `True`.[0m
[33mChecking connectivity to the model hosters, this may take a while. To bypass this check, set `DISABLE_MODEL_SOURCE_CHECK` to `True`.[0m
[33mChecking connectivity to the model hosters, this may take a while. To bypass this check, set `DISABLE_MODEL_SOURCE_CHECK` to `True`.[0m
[33mChecking connectivity to the model hosters, this may take a while. To bypass this check, set `DISABLE_MODEL_SOURCE_CHECK` to `True`.[0m
[33mChecking connectivity to the model hosters, this may take a while. To bypass this check, set `DISABLE_MODEL_SOURCE_CHECK` to `True`.[0m
[33mChecking connectivity to the model hosters, this may take a while. To bypass this check, set `DISABLE_MODEL_SOURCE_CHECK` to `True`.[0m
[33mChecking connectivity to the model hosters, this may take a while. To bypass this check, set `DISABLE_MODEL_SOURCE_CHECK` to `True`.[0m
[33mChecking connectivity to the model hosters, this may take a while. To bypass this check, set `DISABLE_MODEL_SOURCE_CHECK` to `True`.[0m
[33mChecking connectivity to the model hosters, this may take a while. To bypass this check, set `DISABLE_MODEL_SOURCE_CHECK` to `True`.[0m
[33mChecking connectivity to the model hosters, this may take a while. To bypass this check, set `DISABLE_MODEL_SOURCE_CHECK` to `True`.[0m
/Users/zhaowenyuan/Projects/FlowFigTabMiner/flowfigtabminer/lib/python3.9/site-packages/onmt/modules/sparse_activations.py:48: FutureWarning: `torch.cuda.amp.custom_fwd(args...)` is deprecated. Please use `torch.amp.custom_fwd(args..., device_type='cuda')` instead.
  def forward(ctx, input, dim=0):
/Users/zhaowenyuan/Projects/FlowFigTabMiner/flowfigtabminer/lib/python3.9/site-packages/onmt/modules/sparse_activations.py:68: FutureWarning: `torch.cuda.amp.custom_bwd(args...)` is deprecated. Please use `torch.amp.custom_bwd(args..., device_type='cuda')` instead.
  def backward(ctx, grad_output):
/Users/zhaowenyuan/Projects/FlowFigTabMiner/flowfigtabminer/lib/python3.9/site-packages/onmt/modules/sparse_activations.py:48: FutureWarning: `torch.cuda.amp.custom_fwd(args...)` is deprecated. Please use `torch.amp.custom_fwd(args..., device_type='cuda')` instead.
  def forward(ctx, input, dim=0):
/Users/zhaowenyuan/Projects/FlowFigTabMiner/flowfigtabminer/lib/python3.9/site-packages/onmt/modules/sparse_activations.py:68: FutureWarning: `torch.cuda.amp.custom_bwd(args...)` is deprecated. Please use `torch.amp.custom_bwd(args..., device_type='cuda')` instead.
  def backward(ctx, grad_output):
/Users/zhaowenyuan/Projects/FlowFigTabMiner/flowfigtabminer/lib/python3.9/site-packages/onmt/modules/sparse_losses.py:13: FutureWarning: `torch.cuda.amp.custom_fwd(args...)` is deprecated. Please use `torch.amp.custom_fwd(args..., device_type='cuda')` instead.
  def forward(ctx, input, target):
/Users/zhaowenyuan/Projects/FlowFigTabMiner/flowfigtabminer/lib/python3.9/site-packages/onmt/modules/sparse_losses.py:13: FutureWarning: `torch.cuda.amp.custom_fwd(args...)` is deprecated. Please use `torch.amp.custom_fwd(args..., device_type='cuda')` instead.
  def forward(ctx, input, target):
/Users/zhaowenyuan/Projects/FlowFigTabMiner/flowfigtabminer/lib/python3.9/site-packages/onmt/modules/sparse_losses.py:37: FutureWarning: `torch.cuda.amp.custom_bwd(args...)` is deprecated. Please use `torch.amp.custom_bwd(args..., device_type='cuda')` instead.
  def backward(ctx, grad_output):
/Users/zhaowenyuan/Projects/FlowFigTabMiner/flowfigtabminer/lib/python3.9/site-packages/onmt/modules/sparse_losses.py:37: FutureWarning: `torch.cuda.amp.custom_bwd(args...)` is deprecated. Please use `torch.amp.custom_bwd(args..., device_type='cuda')` instead.
  def backward(ctx, grad_output):
/Users/zhaowenyuan/Projects/FlowFigTabMiner/flowfigtabminer/lib/python3.9/site-packages/onmt/modules/sparse_activations.py:48: FutureWarning: `torch.cuda.amp.custom_fwd(args...)` is deprecated. Please use `torch.amp.custom_fwd(args..., device_type='cuda')` instead.
  def forward(ctx, input, dim=0):
/Users/zhaowenyuan/Projects/FlowFigTabMiner/flowfigtabminer/lib/python3.9/site-packages/onmt/modules/sparse_activations.py:68: FutureWarning: `torch.cuda.amp.custom_bwd(args...)` is deprecated. Please use `torch.amp.custom_bwd(args..., device_type='cuda')` instead.
  def backward(ctx, grad_output):
/Users/zhaowenyuan/Projects/FlowFigTabMiner/flowfigtabminer/lib/python3.9/site-packages/onmt/modules/sparse_losses.py:13: FutureWarning: `torch.cuda.amp.custom_fwd(args...)` is deprecated. Please use `torch.amp.custom_fwd(args..., device_type='cuda')` instead.
  def forward(ctx, input, target):
/Users/zhaowenyuan/Projects/FlowFigTabMiner/flowfigtabminer/lib/python3.9/site-packages/onmt/modules/sparse_losses.py:37: FutureWarning: `torch.cuda.amp.custom_bwd(args...)` is deprecated. Please use `torch.amp.custom_bwd(args..., device_type='cuda')` instead.
  def backward(ctx, grad_output):
chiral_center_ids (from symbols): []
/Users/zhaowenyuan/Projects/FlowFigTabMiner/flowfigtabminer/lib/python3.9/site-packages/urllib3/__init__.py:35: NotOpenSSLWarning: urllib3 v2 only supports OpenSSL 1.1.1+, currently the 'ssl' module is compiled with 'LibreSSL 2.8.3'. See: https://github.com/urllib3/urllib3/issues/3020
  warnings.warn(
/Users/zhaowenyuan/Projects/FlowFigTabMiner/flowfigtabminer/lib/python3.9/site-packages/urllib3/__init__.py:35: NotOpenSSLWarning: urllib3 v2 only supports OpenSSL 1.1.1+, currently the 'ssl' module is compiled with 'LibreSSL 2.8.3'. See: https://github.com/urllib3/urllib3/issues/3020
  warnings.warn(
/Users/zhaowenyuan/Projects/FlowFigTabMiner/flowfigtabminer/lib/python3.9/site-packages/urllib3/__init__.py:35: NotOpenSSLWarning: urllib3 v2 only supports OpenSSL 1.1.1+, currently the 'ssl' module is compiled with 'LibreSSL 2.8.3'. See: https://github.com/urllib3/urllib3/issues/3020
  warnings.warn(
/Users/zhaowenyuan/Projects/FlowFigTabMiner/flowfigtabminer/lib/python3.9/site-packages/urllib3/__init__.py:35: NotOpenSSLWarning: urllib3 v2 only supports OpenSSL 1.1.1+, currently the 'ssl' module is compiled with 'LibreSSL 2.8.3'. See: https://github.com/urllib3/urllib3/issues/3020
  warnings.warn(
/Users/zhaowenyuan/Projects/FlowFigTabMiner/flowfigtabminer/lib/python3.9/site-packages/urllib3/__init__.py:35: NotOpenSSLWarning: urllib3 v2 only supports OpenSSL 1.1.1+, currently the 'ssl' module is compiled with 'LibreSSL 2.8.3'. See: https://github.com/urllib3/urllib3/issues/3020
  warnings.warn(
/Users/zhaowenyuan/Projects/FlowFigTabMiner/flowfigtabminer/lib/python3.9/site-packages/urllib3/__init__.py:35: NotOpenSSLWarning: urllib3 v2 only supports OpenSSL 1.1.1+, currently the 'ssl' module is compiled with 'LibreSSL 2.8.3'. See: https://github.com/urllib3/urllib3/issues/3020
  warnings.warn(
/Users/zhaowenyuan/Projects/FlowFigTabMiner/flowfigtabminer/lib/python3.9/site-packages/urllib3/__init__.py:35: NotOpenSSLWarning: urllib3 v2 only supports OpenSSL 1.1.1+, currently the 'ssl' module is compiled with 'LibreSSL 2.8.3'. See: https://github.com/urllib3/urllib3/issues/3020
  warnings.warn(
/Users/zhaowenyuan/Projects/FlowFigTabMiner/flowfigtabminer/lib/python3.9/site-packages/urllib3/__init__.py:35: NotOpenSSLWarning: urllib3 v2 only supports OpenSSL 1.1.1+, currently the 'ssl' module is compiled with 'LibreSSL 2.8.3'. See: https://github.com/urllib3/urllib3/issues/3020
  warnings.warn(
/Users/zhaowenyuan/Projects/FlowFigTabMiner/flowfigtabminer/lib/python3.9/site-packages/urllib3/__init__.py:35: NotOpenSSLWarning: urllib3 v2 only supports OpenSSL 1.1.1+, currently the 'ssl' module is compiled with 'LibreSSL 2.8.3'. See: https://github.com/urllib3/urllib3/issues/3020
  warnings.warn(
/Users/zhaowenyuan/Projects/FlowFigTabMiner/flowfigtabminer/lib/python3.9/site-packages/urllib3/__init__.py:35: NotOpenSSLWarning: urllib3 v2 only supports OpenSSL 1.1.1+, currently the 'ssl' module is compiled with 'LibreSSL 2.8.3'. See: https://github.com/urllib3/urllib3/issues/3020
  warnings.warn(
/Users/zhaowenyuan/Projects/FlowFigTabMiner/flowfigtabminer/lib/python3.9/site-packages/urllib3/__init__.py:35: NotOpenSSLWarning: urllib3 v2 only supports OpenSSL 1.1.1+, currently the 'ssl' module is compiled with 'LibreSSL 2.8.3'. See: https://github.com/urllib3/urllib3/issues/3020
  warnings.warn(
/Users/zhaowenyuan/Projects/FlowFigTabMiner/flowfigtabminer/lib/python3.9/site-packages/urllib3/__init__.py:35: NotOpenSSLWarning: urllib3 v2 only supports OpenSSL 1.1.1+, currently the 'ssl' module is compiled with 'LibreSSL 2.8.3'. See: https://github.com/urllib3/urllib3/issues/3020
  warnings.warn(
/Users/zhaowenyuan/Projects/FlowFigTabMiner/flowfigtabminer/lib/python3.9/site-packages/urllib3/__init__.py:35: NotOpenSSLWarning: urllib3 v2 only supports OpenSSL 1.1.1+, currently the 'ssl' module is compiled with 'LibreSSL 2.8.3'. See: https://github.com/urllib3/urllib3/issues/3020
  warnings.warn(
/Users/zhaowenyuan/Projects/FlowFigTabMiner/flowfigtabminer/lib/python3.9/site-packages/urllib3/__init__.py:35: NotOpenSSLWarning: urllib3 v2 only supports OpenSSL 1.1.1+, currently the 'ssl' module is compiled with 'LibreSSL 2.8.3'. See: https://github.com/urllib3/urllib3/issues/3020
  warnings.warn(
/Users/zhaowenyuan/Projects/FlowFigTabMiner/flowfigtabminer/lib/python3.9/site-packages/urllib3/__init__.py:35: NotOpenSSLWarning: urllib3 v2 only supports OpenSSL 1.1.1+, currently the 'ssl' module is compiled with 'LibreSSL 2.8.3'. See: https://github.com/urllib3/urllib3/issues/3020
  warnings.warn(
/Users/zhaowenyuan/Projects/FlowFigTabMiner/flowfigtabminer/lib/python3.9/site-packages/urllib3/__init__.py:35: NotOpenSSLWarning: urllib3 v2 only supports OpenSSL 1.1.1+, currently the 'ssl' module is compiled with 'LibreSSL 2.8.3'. See: https://github.com/urllib3/urllib3/issues/3020
  warnings.warn(
[33mChecking connectivity to the model hosters, this may take a while. To bypass this check, set `DISABLE_MODEL_SOURCE_CHECK` to `True`.[0m
[33mChecking connectivity to the model hosters, this may take a while. To bypass this check, set `DISABLE_MODEL_SOURCE_CHECK` to `True`.[0m
[33mChecking connectivity to the model hosters, this may take a while. To bypass this check, set `DISABLE_MODEL_SOURCE_CHECK` to `True`.[0m
[33mChecking connectivity to the model hosters, this may take a while. To bypass this check, set `DISABLE_MODEL_SOURCE_CHECK` to `True`.[0m
[33mChecking connectivity to the model hosters, this may take a while. To bypass this check, set `DISABLE_MODEL_SOURCE_CHECK` to `True`.[0m
[33mChecking connectivity to the model hosters, this may take a while. To bypass this check, set `DISABLE_MODEL_SOURCE_CHECK` to `True`.[0m
[33mChecking connectivity to the model hosters, this may take a while. To bypass this check, set `DISABLE_MODEL_SOURCE_CHECK` to `True`.[0m
[33mChecking connectivity to the model hosters, this may take a while. To bypass this check, set `DISABLE_MODEL_SOURCE_CHECK` to `True`.[0m
[33mChecking connectivity to the model hosters, this may take a while. To bypass this check, set `DISABLE_MODEL_SOURCE_CHECK` to `True`.[0m
[33mChecking connectivity to the model hosters, this may take a while. To bypass this check, set `DISABLE_MODEL_SOURCE_CHECK` to `True`.[0m
[33mChecking connectivity to the model hosters, this may take a while. To bypass this check, set `DISABLE_MODEL_SOURCE_CHECK` to `True`.[0m
[33mChecking connectivity to the model hosters, this may take a while. To bypass this check, set `DISABLE_MODEL_SOURCE_CHECK` to `True`.[0m
[33mChecking connectivity to the model hosters, this may take a while. To bypass this check, set `DISABLE_MODEL_SOURCE_CHECK` to `True`.[0m
[33mChecking connectivity to the model hosters, this may take a while. To bypass this check, set `DISABLE_MODEL_SOURCE_CHECK` to `True`.[0m
[33mChecking connectivity to the model hosters, this may take a while. To bypass this check, set `DISABLE_MODEL_SOURCE_CHECK` to `True`.[0m
[33mChecking connectivity to the model hosters, this may take a while. To bypass this check, set `DISABLE_MODEL_SOURCE_CHECK` to `True`.[0m
/Users/zhaowenyuan/Projects/FlowFigTabMiner/flowfigtabminer/lib/python3.9/site-packages/onmt/modules/sparse_activations.py:48: FutureWarning: `torch.cuda.amp.custom_fwd(args...)` is deprecated. Please use `torch.amp.custom_fwd(args..., device_type='cuda')` instead.
  def forward(ctx, input, dim=0):
/Users/zhaowenyuan/Projects/FlowFigTabMiner/flowfigtabminer/lib/python3.9/site-packages/onmt/modules/sparse_activations.py:68: FutureWarning: `torch.cuda.amp.custom_bwd(args...)` is deprecated. Please use `torch.amp.custom_bwd(args..., device_type='cuda')` instead.
  def backward(ctx, grad_output):
/Users/zhaowenyuan/Projects/FlowFigTabMiner/flowfigtabminer/lib/python3.9/site-packages/onmt/modules/sparse_losses.py:13: FutureWarning: `torch.cuda.amp.custom_fwd(args...)` is deprecated. Please use `torch.amp.custom_fwd(args..., device_type='cuda')` instead.
  def forward(ctx, input, target):
/Users/zhaowenyuan/Projects/FlowFigTabMiner/flowfigtabminer/lib/python3.9/site-packages/onmt/modules/sparse_losses.py:37: FutureWarning: `torch.cuda.amp.custom_bwd(args...)` is deprecated. Please use `torch.amp.custom_bwd(args..., device_type='cuda')` instead.
  def backward(ctx, grad_output):
chiral_center_ids (from symbols): []
/Users/zhaowenyuan/Projects/FlowFigTabMiner/flowfigtabminer/lib/python3.9/site-packages/urllib3/__init__.py:35: NotOpenSSLWarning: urllib3 v2 only supports OpenSSL 1.1.1+, currently the 'ssl' module is compiled with 'LibreSSL 2.8.3'. See: https://github.com/urllib3/urllib3/issues/3020
  warnings.warn(
/Users/zhaowenyuan/Projects/FlowFigTabMiner/flowfigtabminer/lib/python3.9/site-packages/urllib3/__init__.py:35: NotOpenSSLWarning: urllib3 v2 only supports OpenSSL 1.1.1+, currently the 'ssl' module is compiled with 'LibreSSL 2.8.3'. See: https://github.com/urllib3/urllib3/issues/3020
  warnings.warn(
/Users/zhaowenyuan/Projects/FlowFigTabMiner/flowfigtabminer/lib/python3.9/site-packages/urllib3/__init__.py:35: NotOpenSSLWarning: urllib3 v2 only supports OpenSSL 1.1.1+, currently the 'ssl' module is compiled with 'LibreSSL 2.8.3'. See: https://github.com/urllib3/urllib3/issues/3020
  warnings.warn(
/Users/zhaowenyuan/Projects/FlowFigTabMiner/flowfigtabminer/lib/python3.9/site-packages/urllib3/__init__.py:35: NotOpenSSLWarning: urllib3 v2 only supports OpenSSL 1.1.1+, currently the 'ssl' module is compiled with 'LibreSSL 2.8.3'. See: https://github.com/urllib3/urllib3/issues/3020
  warnings.warn(
/Users/zhaowenyuan/Projects/FlowFigTabMiner/flowfigtabminer/lib/python3.9/site-packages/urllib3/__init__.py:35: NotOpenSSLWarning: urllib3 v2 only supports OpenSSL 1.1.1+, currently the 'ssl' module is compiled with 'LibreSSL 2.8.3'. See: https://github.com/urllib3/urllib3/issues/3020
  warnings.warn(
/Users/zhaowenyuan/Projects/FlowFigTabMiner/flowfigtabminer/lib/python3.9/site-packages/urllib3/__init__.py:35: NotOpenSSLWarning: urllib3 v2 only supports OpenSSL 1.1.1+, currently the 'ssl' module is compiled with 'LibreSSL 2.8.3'. See: https://github.com/urllib3/urllib3/issues/3020
  warnings.warn(
/Users/zhaowenyuan/Projects/FlowFigTabMiner/flowfigtabminer/lib/python3.9/site-packages/urllib3/__init__.py:35: NotOpenSSLWarning: urllib3 v2 only supports OpenSSL 1.1.1+, currently the 'ssl' module is compiled with 'LibreSSL 2.8.3'. See: https://github.com/urllib3/urllib3/issues/3020
  warnings.warn(
/Users/zhaowenyuan/Projects/FlowFigTabMiner/flowfigtabminer/lib/python3.9/site-packages/urllib3/__init__.py:35: NotOpenSSLWarning: urllib3 v2 only supports OpenSSL 1.1.1+, currently the 'ssl' module is compiled with 'LibreSSL 2.8.3'. See: https://github.com/urllib3/urllib3/issues/3020
  warnings.warn(
/Users/zhaowenyuan/Projects/FlowFigTabMiner/flowfigtabminer/lib/python3.9/site-packages/urllib3/__init__.py:35: NotOpenSSLWarning: urllib3 v2 only supports OpenSSL 1.1.1+, currently the 'ssl' module is compiled with 'LibreSSL 2.8.3'. See: https://github.com/urllib3/urllib3/issues/3020
  warnings.warn(
/Users/zhaowenyuan/Projects/FlowFigTabMiner/flowfigtabminer/lib/python3.9/site-packages/urllib3/__init__.py:35: NotOpenSSLWarning: urllib3 v2 only supports OpenSSL 1.1.1+, currently the 'ssl' module is compiled with 'LibreSSL 2.8.3'. See: https://github.com/urllib3/urllib3/issues/3020
  warnings.warn(
/Users/zhaowenyuan/Projects/FlowFigTabMiner/flowfigtabminer/lib/python3.9/site-packages/urllib3/__init__.py:35: NotOpenSSLWarning: urllib3 v2 only supports OpenSSL 1.1.1+, currently the 'ssl' module is compiled with 'LibreSSL 2.8.3'. See: https://github.com/urllib3/urllib3/issues/3020
  warnings.warn(
/Users/zhaowenyuan/Projects/FlowFigTabMiner/flowfigtabminer/lib/python3.9/site-packages/urllib3/__init__.py:35: NotOpenSSLWarning: urllib3 v2 only supports OpenSSL 1.1.1+, currently the 'ssl' module is compiled with 'LibreSSL 2.8.3'. See: https://github.com/urllib3/urllib3/issues/3020
  warnings.warn(
/Users/zhaowenyuan/Projects/FlowFigTabMiner/flowfigtabminer/lib/python3.9/site-packages/urllib3/__init__.py:35: NotOpenSSLWarning: urllib3 v2 only supports OpenSSL 1.1.1+, currently the 'ssl' module is compiled with 'LibreSSL 2.8.3'. See: https://github.com/urllib3/urllib3/issues/3020
  warnings.warn(
/Users/zhaowenyuan/Projects/FlowFigTabMiner/flowfigtabminer/lib/python3.9/site-packages/urllib3/__init__.py:35: NotOpenSSLWarning: urllib3 v2 only supports OpenSSL 1.1.1+, currently the 'ssl' module is compiled with 'LibreSSL 2.8.3'. See: https://github.com/urllib3/urllib3/issues/3020
  warnings.warn(
/Users/zhaowenyuan/Projects/FlowFigTabMiner/flowfigtabminer/lib/python3.9/site-packages/urllib3/__init__.py:35: NotOpenSSLWarning: urllib3 v2 only supports OpenSSL 1.1.1+, currently the 'ssl' module is compiled with 'LibreSSL 2.8.3'. See: https://github.com/urllib3/urllib3/issues/3020
  warnings.warn(
/Users/zhaowenyuan/Projects/FlowFigTabMiner/flowfigtabminer/lib/python3.9/site-packages/urllib3/__init__.py:35: NotOpenSSLWarning: urllib3 v2 only supports OpenSSL 1.1.1+, currently the 'ssl' module is compiled with 'LibreSSL 2.8.3'. See: https://github.com/urllib3/urllib3/issues/3020
  warnings.warn(
[33mChecking connectivity to the model hosters, this may take a while. To bypass this check, set `DISABLE_MODEL_SOURCE_CHECK` to `True`.[0m
[33mChecking connectivity to the model hosters, this may take a while. To bypass this check, set `DISABLE_MODEL_SOURCE_CHECK` to `True`.[0m
[33mChecking connectivity to the model hosters, this may take a while. To bypass this check, set `DISABLE_MODEL_SOURCE_CHECK` to `True`.[0m
[33mChecking connectivity to the model hosters, this may take a while. To bypass this check, set `DISABLE_MODEL_SOURCE_CHECK` to `True`.[0m
[33mChecking connectivity to the model hosters, this may take a while. To bypass this check, set `DISABLE_MODEL_SOURCE_CHECK` to `True`.[0m
[33mChecking connectivity to the model hosters, this may take a while. To bypass this check, set `DISABLE_MODEL_SOURCE_CHECK` to `True`.[0m
[33mChecking connectivity to the model hosters, this may take a while. To bypass this check, set `DISABLE_MODEL_SOURCE_CHECK` to `True`.[0m
[33mChecking connectivity to the model hosters, this may take a while. To bypass this check, set `DISABLE_MODEL_SOURCE_CHECK` to `True`.[0m
[33mChecking connectivity to the model hosters, this may take a while. To bypass this check, set `DISABLE_MODEL_SOURCE_CHECK` to `True`.[0m
[33mChecking connectivity to the model hosters, this may take a while. To bypass this check, set `DISABLE_MODEL_SOURCE_CHECK` to `True`.[0m
[33mChecking connectivity to the model hosters, this may take a while. To bypass this check, set `DISABLE_MODEL_SOURCE_CHECK` to `True`.[0m
[33mChecking connectivity to the model hosters, this may take a while. To bypass this check, set `DISABLE_MODEL_SOURCE_CHECK` to `True`.[0m
[33mChecking connectivity to the model hosters, this may take a while. To bypass this check, set `DISABLE_MODEL_SOURCE_CHECK` to `True`.[0m
[33mChecking connectivity to the model hosters, this may take a while. To bypass this check, set `DISABLE_MODEL_SOURCE_CHECK` to `True`.[0m
[33mChecking connectivity to the model hosters, this may take a while. To bypass this check, set `DISABLE_MODEL_SOURCE_CHECK` to `True`.[0m
[33mChecking connectivity to the model hosters, this may take a while. To bypass this check, set `DISABLE_MODEL_SOURCE_CHECK` to `True`.[0m
/Users/zhaowenyuan/Projects/FlowFigTabMiner/flowfigtabminer/lib/python3.9/site-packages/onmt/modules/sparse_activations.py:48: FutureWarning: `torch.cuda.amp.custom_fwd(args...)` is deprecated. Please use `torch.amp.custom_fwd(args..., device_type='cuda')` instead.
  def forward(ctx, input, dim=0):
/Users/zhaowenyuan/Projects/FlowFigTabMiner/flowfigtabminer/lib/python3.9/site-packages/onmt/modules/sparse_activations.py:68: FutureWarning: `torch.cuda.amp.custom_bwd(args...)` is deprecated. Please use `torch.amp.custom_bwd(args..., device_type='cuda')` instead.
  def backward(ctx, grad_output):
/Users/zhaowenyuan/Projects/FlowFigTabMiner/flowfigtabminer/lib/python3.9/site-packages/onmt/modules/sparse_losses.py:13: FutureWarning: `torch.cuda.amp.custom_fwd(args...)` is deprecated. Please use `torch.amp.custom_fwd(args..., device_type='cuda')` instead.
  def forward(ctx, input, target):
/Users/zhaowenyuan/Projects/FlowFigTabMiner/flowfigtabminer/lib/python3.9/site-packages/onmt/modules/sparse_losses.py:37: FutureWarning: `torch.cuda.amp.custom_bwd(args...)` is deprecated. Please use `torch.amp.custom_bwd(args..., device_type='cuda')` instead.
  def backward(ctx, grad_output):
chiral_center_ids (from symbols): []
/Users/zhaowenyuan/Projects/FlowFigTabMiner/flowfigtabminer/lib/python3.9/site-packages/urllib3/__init__.py:35: NotOpenSSLWarning: urllib3 v2 only supports OpenSSL 1.1.1+, currently the 'ssl' module is compiled with 'LibreSSL 2.8.3'. See: https://github.com/urllib3/urllib3/issues/3020
  warnings.warn(
/Users/zhaowenyuan/Projects/FlowFigTabMiner/flowfigtabminer/lib/python3.9/site-packages/urllib3/__init__.py:35: NotOpenSSLWarning: urllib3 v2 only supports OpenSSL 1.1.1+, currently the 'ssl' module is compiled with 'LibreSSL 2.8.3'. See: https://github.com/urllib3/urllib3/issues/3020
  warnings.warn(
/Users/zhaowenyuan/Projects/FlowFigTabMiner/flowfigtabminer/lib/python3.9/site-packages/urllib3/__init__.py:35: NotOpenSSLWarning: urllib3 v2 only supports OpenSSL 1.1.1+, currently the 'ssl' module is compiled with 'LibreSSL 2.8.3'. See: https://github.com/urllib3/urllib3/issues/3020
  warnings.warn(
/Users/zhaowenyuan/Projects/FlowFigTabMiner/flowfigtabminer/lib/python3.9/site-packages/urllib3/__init__.py:35: NotOpenSSLWarning: urllib3 v2 only supports OpenSSL 1.1.1+, currently the 'ssl' module is compiled with 'LibreSSL 2.8.3'. See: https://github.com/urllib3/urllib3/issues/3020
  warnings.warn(
/Users/zhaowenyuan/Projects/FlowFigTabMiner/flowfigtabminer/lib/python3.9/site-packages/urllib3/__init__.py:35: NotOpenSSLWarning: urllib3 v2 only supports OpenSSL 1.1.1+, currently the 'ssl' module is compiled with 'LibreSSL 2.8.3'. See: https://github.com/urllib3/urllib3/issues/3020
  warnings.warn(
/Users/zhaowenyuan/Projects/FlowFigTabMiner/flowfigtabminer/lib/python3.9/site-packages/urllib3/__init__.py:35: NotOpenSSLWarning: urllib3 v2 only supports OpenSSL 1.1.1+, currently the 'ssl' module is compiled with 'LibreSSL 2.8.3'. See: https://github.com/urllib3/urllib3/issues/3020
  warnings.warn(
/Users/zhaowenyuan/Projects/FlowFigTabMiner/flowfigtabminer/lib/python3.9/site-packages/urllib3/__init__.py:35: NotOpenSSLWarning: urllib3 v2 only supports OpenSSL 1.1.1+, currently the 'ssl' module is compiled with 'LibreSSL 2.8.3'. See: https://github.com/urllib3/urllib3/issues/3020
  warnings.warn(
/Users/zhaowenyuan/Projects/FlowFigTabMiner/flowfigtabminer/lib/python3.9/site-packages/urllib3/__init__.py:35: NotOpenSSLWarning: urllib3 v2 only supports OpenSSL 1.1.1+, currently the 'ssl' module is compiled with 'LibreSSL 2.8.3'. See: https://github.com/urllib3/urllib3/issues/3020
  warnings.warn(
/Users/zhaowenyuan/Projects/FlowFigTabMiner/flowfigtabminer/lib/python3.9/site-packages/urllib3/__init__.py:35: NotOpenSSLWarning: urllib3 v2 only supports OpenSSL 1.1.1+, currently the 'ssl' module is compiled with 'LibreSSL 2.8.3'. See: https://github.com/urllib3/urllib3/issues/3020
  warnings.warn(
/Users/zhaowenyuan/Projects/FlowFigTabMiner/flowfigtabminer/lib/python3.9/site-packages/urllib3/__init__.py:35: NotOpenSSLWarning: urllib3 v2 only supports OpenSSL 1.1.1+, currently the 'ssl' module is compiled with 'LibreSSL 2.8.3'. See: https://github.com/urllib3/urllib3/issues/3020
  warnings.warn(
/Users/zhaowenyuan/Projects/FlowFigTabMiner/flowfigtabminer/lib/python3.9/site-packages/urllib3/__init__.py:35: NotOpenSSLWarning: urllib3 v2 only supports OpenSSL 1.1.1+, currently the 'ssl' module is compiled with 'LibreSSL 2.8.3'. See: https://github.com/urllib3/urllib3/issues/3020
  warnings.warn(
/Users/zhaowenyuan/Projects/FlowFigTabMiner/flowfigtabminer/lib/python3.9/site-packages/urllib3/__init__.py:35: NotOpenSSLWarning: urllib3 v2 only supports OpenSSL 1.1.1+, currently the 'ssl' module is compiled with 'LibreSSL 2.8.3'. See: https://github.com/urllib3/urllib3/issues/3020
  warnings.warn(
/Users/zhaowenyuan/Projects/FlowFigTabMiner/flowfigtabminer/lib/python3.9/site-packages/urllib3/__init__.py:35: NotOpenSSLWarning: urllib3 v2 only supports OpenSSL 1.1.1+, currently the 'ssl' module is compiled with 'LibreSSL 2.8.3'. See: https://github.com/urllib3/urllib3/issues/3020
  warnings.warn(
/Users/zhaowenyuan/Projects/FlowFigTabMiner/flowfigtabminer/lib/python3.9/site-packages/urllib3/__init__.py:35: NotOpenSSLWarning: urllib3 v2 only supports OpenSSL 1.1.1+, currently the 'ssl' module is compiled with 'LibreSSL 2.8.3'. See: https://github.com/urllib3/urllib3/issues/3020
  warnings.warn(
/Users/zhaowenyuan/Projects/FlowFigTabMiner/flowfigtabminer/lib/python3.9/site-packages/urllib3/__init__.py:35: NotOpenSSLWarning: urllib3 v2 only supports OpenSSL 1.1.1+, currently the 'ssl' module is compiled with 'LibreSSL 2.8.3'. See: https://github.com/urllib3/urllib3/issues/3020
  warnings.warn(
/Users/zhaowenyuan/Projects/FlowFigTabMiner/flowfigtabminer/lib/python3.9/site-packages/urllib3/__init__.py:35: NotOpenSSLWarning: urllib3 v2 only supports OpenSSL 1.1.1+, currently the 'ssl' module is compiled with 'LibreSSL 2.8.3'. See: https://github.com/urllib3/urllib3/issues/3020
  warnings.warn(
[33mChecking connectivity to the model hosters, this may take a while. To bypass this check, set `DISABLE_MODEL_SOURCE_CHECK` to `True`.[0m
[33mChecking connectivity to the model hosters, this may take a while. To bypass this check, set `DISABLE_MODEL_SOURCE_CHECK` to `True`.[0m
[33mChecking connectivity to the model hosters, this may take a while. To bypass this check, set `DISABLE_MODEL_SOURCE_CHECK` to `True`.[0m
[33mChecking connectivity to the model hosters, this may take a while. To bypass this check, set `DISABLE_MODEL_SOURCE_CHECK` to `True`.[0m
[33mChecking connectivity to the model hosters, this may take a while. To bypass this check, set `DISABLE_MODEL_SOURCE_CHECK` to `True`.[0m
[33mChecking connectivity to the model hosters, this may take a while. To bypass this check, set `DISABLE_MODEL_SOURCE_CHECK` to `True`.[0m
[33mChecking connectivity to the model hosters, this may take a while. To bypass this check, set `DISABLE_MODEL_SOURCE_CHECK` to `True`.[0m
[33mChecking connectivity to the model hosters, this may take a while. To bypass this check, set `DISABLE_MODEL_SOURCE_CHECK` to `True`.[0m
[33mChecking connectivity to the model hosters, this may take a while. To bypass this check, set `DISABLE_MODEL_SOURCE_CHECK` to `True`.[0m
[33mChecking connectivity to the model hosters, this may take a while. To bypass this check, set `DISABLE_MODEL_SOURCE_CHECK` to `True`.[0m
[33mChecking connectivity to the model hosters, this may take a while. To bypass this check, set `DISABLE_MODEL_SOURCE_CHECK` to `True`.[0m
[33mChecking connectivity to the model hosters, this may take a while. To bypass this check, set `DISABLE_MODEL_SOURCE_CHECK` to `True`.[0m
[33mChecking connectivity to the model hosters, this may take a while. To bypass this check, set `DISABLE_MODEL_SOURCE_CHECK` to `True`.[0m
[33mChecking connectivity to the model hosters, this may take a while. To bypass this check, set `DISABLE_MODEL_SOURCE_CHECK` to `True`.[0m
[33mChecking connectivity to the model hosters, this may take a while. To bypass this check, set `DISABLE_MODEL_SOURCE_CHECK` to `True`.[0m
[33mChecking connectivity to the model hosters, this may take a while. To bypass this check, set `DISABLE_MODEL_SOURCE_CHECK` to `True`.[0m
/Users/zhaowenyuan/Projects/FlowFigTabMiner/flowfigtabminer/lib/python3.9/site-packages/onmt/modules/sparse_activations.py:48: FutureWarning: `torch.cuda.amp.custom_fwd(args...)` is deprecated. Please use `torch.amp.custom_fwd(args..., device_type='cuda')` instead.
  def forward(ctx, input, dim=0):
/Users/zhaowenyuan/Projects/FlowFigTabMiner/flowfigtabminer/lib/python3.9/site-packages/onmt/modules/sparse_activations.py:68: FutureWarning: `torch.cuda.amp.custom_bwd(args...)` is deprecated. Please use `torch.amp.custom_bwd(args..., device_type='cuda')` instead.
  def backward(ctx, grad_output):
/Users/zhaowenyuan/Projects/FlowFigTabMiner/flowfigtabminer/lib/python3.9/site-packages/onmt/modules/sparse_activations.py:48: FutureWarning: `torch.cuda.amp.custom_fwd(args...)` is deprecated. Please use `torch.amp.custom_fwd(args..., device_type='cuda')` instead.
  def forward(ctx, input, dim=0):
/Users/zhaowenyuan/Projects/FlowFigTabMiner/flowfigtabminer/lib/python3.9/site-packages/onmt/modules/sparse_activations.py:68: FutureWarning: `torch.cuda.amp.custom_bwd(args...)` is deprecated. Please use `torch.amp.custom_bwd(args..., device_type='cuda')` instead.
  def backward(ctx, grad_output):
/Users/zhaowenyuan/Projects/FlowFigTabMiner/flowfigtabminer/lib/python3.9/site-packages/onmt/modules/sparse_losses.py:13: FutureWarning: `torch.cuda.amp.custom_fwd(args...)` is deprecated. Please use `torch.amp.custom_fwd(args..., device_type='cuda')` instead.
  def forward(ctx, input, target):
/Users/zhaowenyuan/Projects/FlowFigTabMiner/flowfigtabminer/lib/python3.9/site-packages/onmt/modules/sparse_losses.py:37: FutureWarning: `torch.cuda.amp.custom_bwd(args...)` is deprecated. Please use `torch.amp.custom_bwd(args..., device_type='cuda')` instead.
  def backward(ctx, grad_output):
/Users/zhaowenyuan/Projects/FlowFigTabMiner/flowfigtabminer/lib/python3.9/site-packages/onmt/modules/sparse_losses.py:13: FutureWarning: `torch.cuda.amp.custom_fwd(args...)` is deprecated. Please use `torch.amp.custom_fwd(args..., device_type='cuda')` instead.
  def forward(ctx, input, target):
/Users/zhaowenyuan/Projects/FlowFigTabMiner/flowfigtabminer/lib/python3.9/site-packages/onmt/modules/sparse_losses.py:37: FutureWarning: `torch.cuda.amp.custom_bwd(args...)` is deprecated. Please use `torch.amp.custom_bwd(args..., device_type='cuda')` instead.
  def backward(ctx, grad_output):
chiral_center_ids (from symbols): []
/Users/zhaowenyuan/Projects/FlowFigTabMiner/flowfigtabminer/lib/python3.9/site-packages/urllib3/__init__.py:35: NotOpenSSLWarning: urllib3 v2 only supports OpenSSL 1.1.1+, currently the 'ssl' module is compiled with 'LibreSSL 2.8.3'. See: https://github.com/urllib3/urllib3/issues/3020
  warnings.warn(
/Users/zhaowenyuan/Projects/FlowFigTabMiner/flowfigtabminer/lib/python3.9/site-packages/urllib3/__init__.py:35: NotOpenSSLWarning: urllib3 v2 only supports OpenSSL 1.1.1+, currently the 'ssl' module is compiled with 'LibreSSL 2.8.3'. See: https://github.com/urllib3/urllib3/issues/3020
  warnings.warn(
/Users/zhaowenyuan/Projects/FlowFigTabMiner/flowfigtabminer/lib/python3.9/site-packages/urllib3/__init__.py:35: NotOpenSSLWarning: urllib3 v2 only supports OpenSSL 1.1.1+, currently the 'ssl' module is compiled with 'LibreSSL 2.8.3'. See: https://github.com/urllib3/urllib3/issues/3020
  warnings.warn(
/Users/zhaowenyuan/Projects/FlowFigTabMiner/flowfigtabminer/lib/python3.9/site-packages/urllib3/__init__.py:35: NotOpenSSLWarning: urllib3 v2 only supports OpenSSL 1.1.1+, currently the 'ssl' module is compiled with 'LibreSSL 2.8.3'. See: https://github.com/urllib3/urllib3/issues/3020
  warnings.warn(
/Users/zhaowenyuan/Projects/FlowFigTabMiner/flowfigtabminer/lib/python3.9/site-packages/urllib3/__init__.py:35: NotOpenSSLWarning: urllib3 v2 only supports OpenSSL 1.1.1+, currently the 'ssl' module is compiled with 'LibreSSL 2.8.3'. See: https://github.com/urllib3/urllib3/issues/3020
  warnings.warn(
/Users/zhaowenyuan/Projects/FlowFigTabMiner/flowfigtabminer/lib/python3.9/site-packages/urllib3/__init__.py:35: NotOpenSSLWarning: urllib3 v2 only supports OpenSSL 1.1.1+, currently the 'ssl' module is compiled with 'LibreSSL 2.8.3'. See: https://github.com/urllib3/urllib3/issues/3020
  warnings.warn(
/Users/zhaowenyuan/Projects/FlowFigTabMiner/flowfigtabminer/lib/python3.9/site-packages/urllib3/__init__.py:35: NotOpenSSLWarning: urllib3 v2 only supports OpenSSL 1.1.1+, currently the 'ssl' module is compiled with 'LibreSSL 2.8.3'. See: https://github.com/urllib3/urllib3/issues/3020
  warnings.warn(
/Users/zhaowenyuan/Projects/FlowFigTabMiner/flowfigtabminer/lib/python3.9/site-packages/urllib3/__init__.py:35: NotOpenSSLWarning: urllib3 v2 only supports OpenSSL 1.1.1+, currently the 'ssl' module is compiled with 'LibreSSL 2.8.3'. See: https://github.com/urllib3/urllib3/issues/3020
  warnings.warn(
/Users/zhaowenyuan/Projects/FlowFigTabMiner/flowfigtabminer/lib/python3.9/site-packages/urllib3/__init__.py:35: NotOpenSSLWarning: urllib3 v2 only supports OpenSSL 1.1.1+, currently the 'ssl' module is compiled with 'LibreSSL 2.8.3'. See: https://github.com/urllib3/urllib3/issues/3020
  warnings.warn(
/Users/zhaowenyuan/Projects/FlowFigTabMiner/flowfigtabminer/lib/python3.9/site-packages/urllib3/__init__.py:35: NotOpenSSLWarning: urllib3 v2 only supports OpenSSL 1.1.1+, currently the 'ssl' module is compiled with 'LibreSSL 2.8.3'. See: https://github.com/urllib3/urllib3/issues/3020
  warnings.warn(
/Users/zhaowenyuan/Projects/FlowFigTabMiner/flowfigtabminer/lib/python3.9/site-packages/urllib3/__init__.py:35: NotOpenSSLWarning: urllib3 v2 only supports OpenSSL 1.1.1+, currently the 'ssl' module is compiled with 'LibreSSL 2.8.3'. See: https://github.com/urllib3/urllib3/issues/3020
  warnings.warn(
/Users/zhaowenyuan/Projects/FlowFigTabMiner/flowfigtabminer/lib/python3.9/site-packages/urllib3/__init__.py:35: NotOpenSSLWarning: urllib3 v2 only supports OpenSSL 1.1.1+, currently the 'ssl' module is compiled with 'LibreSSL 2.8.3'. See: https://github.com/urllib3/urllib3/issues/3020
  warnings.warn(
/Users/zhaowenyuan/Projects/FlowFigTabMiner/flowfigtabminer/lib/python3.9/site-packages/urllib3/__init__.py:35: NotOpenSSLWarning: urllib3 v2 only supports OpenSSL 1.1.1+, currently the 'ssl' module is compiled with 'LibreSSL 2.8.3'. See: https://github.com/urllib3/urllib3/issues/3020
  warnings.warn(
/Users/zhaowenyuan/Projects/FlowFigTabMiner/flowfigtabminer/lib/python3.9/site-packages/urllib3/__init__.py:35: NotOpenSSLWarning: urllib3 v2 only supports OpenSSL 1.1.1+, currently the 'ssl' module is compiled with 'LibreSSL 2.8.3'. See: https://github.com/urllib3/urllib3/issues/3020
  warnings.warn(
/Users/zhaowenyuan/Projects/FlowFigTabMiner/flowfigtabminer/lib/python3.9/site-packages/urllib3/__init__.py:35: NotOpenSSLWarning: urllib3 v2 only supports OpenSSL 1.1.1+, currently the 'ssl' module is compiled with 'LibreSSL 2.8.3'. See: https://github.com/urllib3/urllib3/issues/3020
  warnings.warn(
/Users/zhaowenyuan/Projects/FlowFigTabMiner/flowfigtabminer/lib/python3.9/site-packages/urllib3/__init__.py:35: NotOpenSSLWarning: urllib3 v2 only supports OpenSSL 1.1.1+, currently the 'ssl' module is compiled with 'LibreSSL 2.8.3'. See: https://github.com/urllib3/urllib3/issues/3020
  warnings.warn(
[33mChecking connectivity to the model hosters, this may take a while. To bypass this check, set `DISABLE_MODEL_SOURCE_CHECK` to `True`.[0m
[33mChecking connectivity to the model hosters, this may take a while. To bypass this check, set `DISABLE_MODEL_SOURCE_CHECK` to `True`.[0m
[33mChecking connectivity to the model hosters, this may take a while. To bypass this check, set `DISABLE_MODEL_SOURCE_CHECK` to `True`.[0m
[33mChecking connectivity to the model hosters, this may take a while. To bypass this check, set `DISABLE_MODEL_SOURCE_CHECK` to `True`.[0m
[33mChecking connectivity to the model hosters, this may take a while. To bypass this check, set `DISABLE_MODEL_SOURCE_CHECK` to `True`.[0m
[33mChecking connectivity to the model hosters, this may take a while. To bypass this check, set `DISABLE_MODEL_SOURCE_CHECK` to `True`.[0m
[33mChecking connectivity to the model hosters, this may take a while. To bypass this check, set `DISABLE_MODEL_SOURCE_CHECK` to `True`.[0m
[33mChecking connectivity to the model hosters, this may take a while. To bypass this check, set `DISABLE_MODEL_SOURCE_CHECK` to `True`.[0m
[33mChecking connectivity to the model hosters, this may take a while. To bypass this check, set `DISABLE_MODEL_SOURCE_CHECK` to `True`.[0m
[33mChecking connectivity to the model hosters, this may take a while. To bypass this check, set `DISABLE_MODEL_SOURCE_CHECK` to `True`.[0m
[33mChecking connectivity to the model hosters, this may take a while. To bypass this check, set `DISABLE_MODEL_SOURCE_CHECK` to `True`.[0m
[33mChecking connectivity to the model hosters, this may take a while. To bypass this check, set `DISABLE_MODEL_SOURCE_CHECK` to `True`.[0m
[33mChecking connectivity to the model hosters, this may take a while. To bypass this check, set `DISABLE_MODEL_SOURCE_CHECK` to `True`.[0m
[33mChecking connectivity to the model hosters, this may take a while. To bypass this check, set `DISABLE_MODEL_SOURCE_CHECK` to `True`.[0m
[33mChecking connectivity to the model hosters, this may take a while. To bypass this check, set `DISABLE_MODEL_SOURCE_CHECK` to `True`.[0m
[33mChecking connectivity to the model hosters, this may take a while. To bypass this check, set `DISABLE_MODEL_SOURCE_CHECK` to `True`.[0m
/Users/zhaowenyuan/Projects/FlowFigTabMiner/flowfigtabminer/lib/python3.9/site-packages/onmt/modules/sparse_activations.py:48: FutureWarning: `torch.cuda.amp.custom_fwd(args...)` is deprecated. Please use `torch.amp.custom_fwd(args..., device_type='cuda')` instead.
  def forward(ctx, input, dim=0):
/Users/zhaowenyuan/Projects/FlowFigTabMiner/flowfigtabminer/lib/python3.9/site-packages/onmt/modules/sparse_activations.py:68: FutureWarning: `torch.cuda.amp.custom_bwd(args...)` is deprecated. Please use `torch.amp.custom_bwd(args..., device_type='cuda')` instead.
  def backward(ctx, grad_output):
/Users/zhaowenyuan/Projects/FlowFigTabMiner/flowfigtabminer/lib/python3.9/site-packages/onmt/modules/sparse_losses.py:13: FutureWarning: `torch.cuda.amp.custom_fwd(args...)` is deprecated. Please use `torch.amp.custom_fwd(args..., device_type='cuda')` instead.
  def forward(ctx, input, target):
/Users/zhaowenyuan/Projects/FlowFigTabMiner/flowfigtabminer/lib/python3.9/site-packages/onmt/modules/sparse_losses.py:37: FutureWarning: `torch.cuda.amp.custom_bwd(args...)` is deprecated. Please use `torch.amp.custom_bwd(args..., device_type='cuda')` instead.
  def backward(ctx, grad_output):
chiral_center_ids (from symbols): []
/Users/zhaowenyuan/Projects/FlowFigTabMiner/flowfigtabminer/lib/python3.9/site-packages/urllib3/__init__.py:35: NotOpenSSLWarning: urllib3 v2 only supports OpenSSL 1.1.1+, currently the 'ssl' module is compiled with 'LibreSSL 2.8.3'. See: https://github.com/urllib3/urllib3/issues/3020
  warnings.warn(
/Users/zhaowenyuan/Projects/FlowFigTabMiner/flowfigtabminer/lib/python3.9/site-packages/urllib3/__init__.py:35: NotOpenSSLWarning: urllib3 v2 only supports OpenSSL 1.1.1+, currently the 'ssl' module is compiled with 'LibreSSL 2.8.3'. See: https://github.com/urllib3/urllib3/issues/3020
  warnings.warn(
/Users/zhaowenyuan/Projects/FlowFigTabMiner/flowfigtabminer/lib/python3.9/site-packages/urllib3/__init__.py:35: NotOpenSSLWarning: urllib3 v2 only supports OpenSSL 1.1.1+, currently the 'ssl' module is compiled with 'LibreSSL 2.8.3'. See: https://github.com/urllib3/urllib3/issues/3020
  warnings.warn(
/Users/zhaowenyuan/Projects/FlowFigTabMiner/flowfigtabminer/lib/python3.9/site-packages/urllib3/__init__.py:35: NotOpenSSLWarning: urllib3 v2 only supports OpenSSL 1.1.1+, currently the 'ssl' module is compiled with 'LibreSSL 2.8.3'. See: https://github.com/urllib3/urllib3/issues/3020
  warnings.warn(
/Users/zhaowenyuan/Projects/FlowFigTabMiner/flowfigtabminer/lib/python3.9/site-packages/urllib3/__init__.py:35: NotOpenSSLWarning: urllib3 v2 only supports OpenSSL 1.1.1+, currently the 'ssl' module is compiled with 'LibreSSL 2.8.3'. See: https://github.com/urllib3/urllib3/issues/3020
  warnings.warn(
/Users/zhaowenyuan/Projects/FlowFigTabMiner/flowfigtabminer/lib/python3.9/site-packages/urllib3/__init__.py:35: NotOpenSSLWarning: urllib3 v2 only supports OpenSSL 1.1.1+, currently the 'ssl' module is compiled with 'LibreSSL 2.8.3'. See: https://github.com/urllib3/urllib3/issues/3020
  warnings.warn(
/Users/zhaowenyuan/Projects/FlowFigTabMiner/flowfigtabminer/lib/python3.9/site-packages/urllib3/__init__.py:35: NotOpenSSLWarning: urllib3 v2 only supports OpenSSL 1.1.1+, currently the 'ssl' module is compiled with 'LibreSSL 2.8.3'. See: https://github.com/urllib3/urllib3/issues/3020
  warnings.warn(
/Users/zhaowenyuan/Projects/FlowFigTabMiner/flowfigtabminer/lib/python3.9/site-packages/urllib3/__init__.py:35: NotOpenSSLWarning: urllib3 v2 only supports OpenSSL 1.1.1+, currently the 'ssl' module is compiled with 'LibreSSL 2.8.3'. See: https://github.com/urllib3/urllib3/issues/3020
  warnings.warn(
/Users/zhaowenyuan/Projects/FlowFigTabMiner/flowfigtabminer/lib/python3.9/site-packages/urllib3/__init__.py:35: NotOpenSSLWarning: urllib3 v2 only supports OpenSSL 1.1.1+, currently the 'ssl' module is compiled with 'LibreSSL 2.8.3'. See: https://github.com/urllib3/urllib3/issues/3020
  warnings.warn(
/Users/zhaowenyuan/Projects/FlowFigTabMiner/flowfigtabminer/lib/python3.9/site-packages/urllib3/__init__.py:35: NotOpenSSLWarning: urllib3 v2 only supports OpenSSL 1.1.1+, currently the 'ssl' module is compiled with 'LibreSSL 2.8.3'. See: https://github.com/urllib3/urllib3/issues/3020
  warnings.warn(
/Users/zhaowenyuan/Projects/FlowFigTabMiner/flowfigtabminer/lib/python3.9/site-packages/urllib3/__init__.py:35: NotOpenSSLWarning: urllib3 v2 only supports OpenSSL 1.1.1+, currently the 'ssl' module is compiled with 'LibreSSL 2.8.3'. See: https://github.com/urllib3/urllib3/issues/3020
  warnings.warn(
/Users/zhaowenyuan/Projects/FlowFigTabMiner/flowfigtabminer/lib/python3.9/site-packages/urllib3/__init__.py:35: NotOpenSSLWarning: urllib3 v2 only supports OpenSSL 1.1.1+, currently the 'ssl' module is compiled with 'LibreSSL 2.8.3'. See: https://github.com/urllib3/urllib3/issues/3020
  warnings.warn(
/Users/zhaowenyuan/Projects/FlowFigTabMiner/flowfigtabminer/lib/python3.9/site-packages/urllib3/__init__.py:35: NotOpenSSLWarning: urllib3 v2 only supports OpenSSL 1.1.1+, currently the 'ssl' module is compiled with 'LibreSSL 2.8.3'. See: https://github.com/urllib3/urllib3/issues/3020
  warnings.warn(
/Users/zhaowenyuan/Projects/FlowFigTabMiner/flowfigtabminer/lib/python3.9/site-packages/urllib3/__init__.py:35: NotOpenSSLWarning: urllib3 v2 only supports OpenSSL 1.1.1+, currently the 'ssl' module is compiled with 'LibreSSL 2.8.3'. See: https://github.com/urllib3/urllib3/issues/3020
  warnings.warn(
/Users/zhaowenyuan/Projects/FlowFigTabMiner/flowfigtabminer/lib/python3.9/site-packages/urllib3/__init__.py:35: NotOpenSSLWarning: urllib3 v2 only supports OpenSSL 1.1.1+, currently the 'ssl' module is compiled with 'LibreSSL 2.8.3'. See: https://github.com/urllib3/urllib3/issues/3020
  warnings.warn(
/Users/zhaowenyuan/Projects/FlowFigTabMiner/flowfigtabminer/lib/python3.9/site-packages/urllib3/__init__.py:35: NotOpenSSLWarning: urllib3 v2 only supports OpenSSL 1.1.1+, currently the 'ssl' module is compiled with 'LibreSSL 2.8.3'. See: https://github.com/urllib3/urllib3/issues/3020
  warnings.warn(
[33mChecking connectivity to the model hosters, this may take a while. To bypass this check, set `DISABLE_MODEL_SOURCE_CHECK` to `True`.[0m
[33mChecking connectivity to the model hosters, this may take a while. To bypass this check, set `DISABLE_MODEL_SOURCE_CHECK` to `True`.[0m
[33mChecking connectivity to the model hosters, this may take a while. To bypass this check, set `DISABLE_MODEL_SOURCE_CHECK` to `True`.[0m
[33mChecking connectivity to the model hosters, this may take a while. To bypass this check, set `DISABLE_MODEL_SOURCE_CHECK` to `True`.[0m
[33mChecking connectivity to the model hosters, this may take a while. To bypass this check, set `DISABLE_MODEL_SOURCE_CHECK` to `True`.[0m
[33mChecking connectivity to the model hosters, this may take a while. To bypass this check, set `DISABLE_MODEL_SOURCE_CHECK` to `True`.[0m
[33mChecking connectivity to the model hosters, this may take a while. To bypass this check, set `DISABLE_MODEL_SOURCE_CHECK` to `True`.[0m
[33mChecking connectivity to the model hosters, this may take a while. To bypass this check, set `DISABLE_MODEL_SOURCE_CHECK` to `True`.[0m
[33mChecking connectivity to the model hosters, this may take a while. To bypass this check, set `DISABLE_MODEL_SOURCE_CHECK` to `True`.[0m
[33mChecking connectivity to the model hosters, this may take a while. To bypass this check, set `DISABLE_MODEL_SOURCE_CHECK` to `True`.[0m
[33mChecking connectivity to the model hosters, this may take a while. To bypass this check, set `DISABLE_MODEL_SOURCE_CHECK` to `True`.[0m
[33mChecking connectivity to the model hosters, this may take a while. To bypass this check, set `DISABLE_MODEL_SOURCE_CHECK` to `True`.[0m
[33mChecking connectivity to the model hosters, this may take a while. To bypass this check, set `DISABLE_MODEL_SOURCE_CHECK` to `True`.[0m
[33mChecking connectivity to the model hosters, this may take a while. To bypass this check, set `DISABLE_MODEL_SOURCE_CHECK` to `True`.[0m
[33mChecking connectivity to the model hosters, this may take a while. To bypass this check, set `DISABLE_MODEL_SOURCE_CHECK` to `True`.[0m
[33mChecking connectivity to the model hosters, this may take a while. To bypass this check, set `DISABLE_MODEL_SOURCE_CHECK` to `True`.[0m
/Users/zhaowenyuan/Projects/FlowFigTabMiner/flowfigtabminer/lib/python3.9/site-packages/onmt/modules/sparse_activations.py:48: FutureWarning: `torch.cuda.amp.custom_fwd(args...)` is deprecated. Please use `torch.amp.custom_fwd(args..., device_type='cuda')` instead.
  def forward(ctx, input, dim=0):
/Users/zhaowenyuan/Projects/FlowFigTabMiner/flowfigtabminer/lib/python3.9/site-packages/onmt/modules/sparse_activations.py:68: FutureWarning: `torch.cuda.amp.custom_bwd(args...)` is deprecated. Please use `torch.amp.custom_bwd(args..., device_type='cuda')` instead.
  def backward(ctx, grad_output):
/Users/zhaowenyuan/Projects/FlowFigTabMiner/flowfigtabminer/lib/python3.9/site-packages/onmt/modules/sparse_losses.py:13: FutureWarning: `torch.cuda.amp.custom_fwd(args...)` is deprecated. Please use `torch.amp.custom_fwd(args..., device_type='cuda')` instead.
  def forward(ctx, input, target):
/Users/zhaowenyuan/Projects/FlowFigTabMiner/flowfigtabminer/lib/python3.9/site-packages/onmt/modules/sparse_losses.py:37: FutureWarning: `torch.cuda.amp.custom_bwd(args...)` is deprecated. Please use `torch.amp.custom_bwd(args..., device_type='cuda')` instead.
  def backward(ctx, grad_output):
chiral_center_ids (from symbols): []
/Users/zhaowenyuan/Projects/FlowFigTabMiner/flowfigtabminer/lib/python3.9/site-packages/urllib3/__init__.py:35: NotOpenSSLWarning: urllib3 v2 only supports OpenSSL 1.1.1+, currently the 'ssl' module is compiled with 'LibreSSL 2.8.3'. See: https://github.com/urllib3/urllib3/issues/3020
  warnings.warn(
/Users/zhaowenyuan/Projects/FlowFigTabMiner/flowfigtabminer/lib/python3.9/site-packages/urllib3/__init__.py:35: NotOpenSSLWarning: urllib3 v2 only supports OpenSSL 1.1.1+, currently the 'ssl' module is compiled with 'LibreSSL 2.8.3'. See: https://github.com/urllib3/urllib3/issues/3020
  warnings.warn(
/Users/zhaowenyuan/Projects/FlowFigTabMiner/flowfigtabminer/lib/python3.9/site-packages/urllib3/__init__.py:35: NotOpenSSLWarning: urllib3 v2 only supports OpenSSL 1.1.1+, currently the 'ssl' module is compiled with 'LibreSSL 2.8.3'. See: https://github.com/urllib3/urllib3/issues/3020
  warnings.warn(
/Users/zhaowenyuan/Projects/FlowFigTabMiner/flowfigtabminer/lib/python3.9/site-packages/urllib3/__init__.py:35: NotOpenSSLWarning: urllib3 v2 only supports OpenSSL 1.1.1+, currently the 'ssl' module is compiled with 'LibreSSL 2.8.3'. See: https://github.com/urllib3/urllib3/issues/3020
  warnings.warn(
/Users/zhaowenyuan/Projects/FlowFigTabMiner/flowfigtabminer/lib/python3.9/site-packages/urllib3/__init__.py:35: NotOpenSSLWarning: urllib3 v2 only supports OpenSSL 1.1.1+, currently the 'ssl' module is compiled with 'LibreSSL 2.8.3'. See: https://github.com/urllib3/urllib3/issues/3020
  warnings.warn(
/Users/zhaowenyuan/Projects/FlowFigTabMiner/flowfigtabminer/lib/python3.9/site-packages/urllib3/__init__.py:35: NotOpenSSLWarning: urllib3 v2 only supports OpenSSL 1.1.1+, currently the 'ssl' module is compiled with 'LibreSSL 2.8.3'. See: https://github.com/urllib3/urllib3/issues/3020
  warnings.warn(
/Users/zhaowenyuan/Projects/FlowFigTabMiner/flowfigtabminer/lib/python3.9/site-packages/urllib3/__init__.py:35: NotOpenSSLWarning: urllib3 v2 only supports OpenSSL 1.1.1+, currently the 'ssl' module is compiled with 'LibreSSL 2.8.3'. See: https://github.com/urllib3/urllib3/issues/3020
  warnings.warn(
/Users/zhaowenyuan/Projects/FlowFigTabMiner/flowfigtabminer/lib/python3.9/site-packages/urllib3/__init__.py:35: NotOpenSSLWarning: urllib3 v2 only supports OpenSSL 1.1.1+, currently the 'ssl' module is compiled with 'LibreSSL 2.8.3'. See: https://github.com/urllib3/urllib3/issues/3020
  warnings.warn(
/Users/zhaowenyuan/Projects/FlowFigTabMiner/flowfigtabminer/lib/python3.9/site-packages/urllib3/__init__.py:35: NotOpenSSLWarning: urllib3 v2 only supports OpenSSL 1.1.1+, currently the 'ssl' module is compiled with 'LibreSSL 2.8.3'. See: https://github.com/urllib3/urllib3/issues/3020
  warnings.warn(
/Users/zhaowenyuan/Projects/FlowFigTabMiner/flowfigtabminer/lib/python3.9/site-packages/urllib3/__init__.py:35: NotOpenSSLWarning: urllib3 v2 only supports OpenSSL 1.1.1+, currently the 'ssl' module is compiled with 'LibreSSL 2.8.3'. See: https://github.com/urllib3/urllib3/issues/3020
  warnings.warn(
/Users/zhaowenyuan/Projects/FlowFigTabMiner/flowfigtabminer/lib/python3.9/site-packages/urllib3/__init__.py:35: NotOpenSSLWarning: urllib3 v2 only supports OpenSSL 1.1.1+, currently the 'ssl' module is compiled with 'LibreSSL 2.8.3'. See: https://github.com/urllib3/urllib3/issues/3020
  warnings.warn(
/Users/zhaowenyuan/Projects/FlowFigTabMiner/flowfigtabminer/lib/python3.9/site-packages/urllib3/__init__.py:35: NotOpenSSLWarning: urllib3 v2 only supports OpenSSL 1.1.1+, currently the 'ssl' module is compiled with 'LibreSSL 2.8.3'. See: https://github.com/urllib3/urllib3/issues/3020
  warnings.warn(
/Users/zhaowenyuan/Projects/FlowFigTabMiner/flowfigtabminer/lib/python3.9/site-packages/urllib3/__init__.py:35: NotOpenSSLWarning: urllib3 v2 only supports OpenSSL 1.1.1+, currently the 'ssl' module is compiled with 'LibreSSL 2.8.3'. See: https://github.com/urllib3/urllib3/issues/3020
  warnings.warn(
/Users/zhaowenyuan/Projects/FlowFigTabMiner/flowfigtabminer/lib/python3.9/site-packages/urllib3/__init__.py:35: NotOpenSSLWarning: urllib3 v2 only supports OpenSSL 1.1.1+, currently the 'ssl' module is compiled with 'LibreSSL 2.8.3'. See: https://github.com/urllib3/urllib3/issues/3020
  warnings.warn(
/Users/zhaowenyuan/Projects/FlowFigTabMiner/flowfigtabminer/lib/python3.9/site-packages/urllib3/__init__.py:35: NotOpenSSLWarning: urllib3 v2 only supports OpenSSL 1.1.1+, currently the 'ssl' module is compiled with 'LibreSSL 2.8.3'. See: https://github.com/urllib3/urllib3/issues/3020
  warnings.warn(
/Users/zhaowenyuan/Projects/FlowFigTabMiner/flowfigtabminer/lib/python3.9/site-packages/urllib3/__init__.py:35: NotOpenSSLWarning: urllib3 v2 only supports OpenSSL 1.1.1+, currently the 'ssl' module is compiled with 'LibreSSL 2.8.3'. See: https://github.com/urllib3/urllib3/issues/3020
  warnings.warn(
[33mChecking connectivity to the model hosters, this may take a while. To bypass this check, set `DISABLE_MODEL_SOURCE_CHECK` to `True`.[0m
[33mChecking connectivity to the model hosters, this may take a while. To bypass this check, set `DISABLE_MODEL_SOURCE_CHECK` to `True`.[0m
[33mChecking connectivity to the model hosters, this may take a while. To bypass this check, set `DISABLE_MODEL_SOURCE_CHECK` to `True`.[0m
[33mChecking connectivity to the model hosters, this may take a while. To bypass this check, set `DISABLE_MODEL_SOURCE_CHECK` to `True`.[0m
[33mChecking connectivity to the model hosters, this may take a while. To bypass this check, set `DISABLE_MODEL_SOURCE_CHECK` to `True`.[0m
[33mChecking connectivity to the model hosters, this may take a while. To bypass this check, set `DISABLE_MODEL_SOURCE_CHECK` to `True`.[0m
[33mChecking connectivity to the model hosters, this may take a while. To bypass this check, set `DISABLE_MODEL_SOURCE_CHECK` to `True`.[0m
[33mChecking connectivity to the model hosters, this may take a while. To bypass this check, set `DISABLE_MODEL_SOURCE_CHECK` to `True`.[0m
[33mChecking connectivity to the model hosters, this may take a while. To bypass this check, set `DISABLE_MODEL_SOURCE_CHECK` to `True`.[0m
[33mChecking connectivity to the model hosters, this may take a while. To bypass this check, set `DISABLE_MODEL_SOURCE_CHECK` to `True`.[0m
[33mChecking connectivity to the model hosters, this may take a while. To bypass this check, set `DISABLE_MODEL_SOURCE_CHECK` to `True`.[0m
[33mChecking connectivity to the model hosters, this may take a while. To bypass this check, set `DISABLE_MODEL_SOURCE_CHECK` to `True`.[0m
[33mChecking connectivity to the model hosters, this may take a while. To bypass this check, set `DISABLE_MODEL_SOURCE_CHECK` to `True`.[0m
[33mChecking connectivity to the model hosters, this may take a while. To bypass this check, set `DISABLE_MODEL_SOURCE_CHECK` to `True`.[0m
[33mChecking connectivity to the model hosters, this may take a while. To bypass this check, set `DISABLE_MODEL_SOURCE_CHECK` to `True`.[0m
[33mChecking connectivity to the model hosters, this may take a while. To bypass this check, set `DISABLE_MODEL_SOURCE_CHECK` to `True`.[0m
/Users/zhaowenyuan/Projects/FlowFigTabMiner/flowfigtabminer/lib/python3.9/site-packages/onmt/modules/sparse_activations.py:48: FutureWarning: `torch.cuda.amp.custom_fwd(args...)` is deprecated. Please use `torch.amp.custom_fwd(args..., device_type='cuda')` instead.
  def forward(ctx, input, dim=0):
/Users/zhaowenyuan/Projects/FlowFigTabMiner/flowfigtabminer/lib/python3.9/site-packages/onmt/modules/sparse_activations.py:68: FutureWarning: `torch.cuda.amp.custom_bwd(args...)` is deprecated. Please use `torch.amp.custom_bwd(args..., device_type='cuda')` instead.
  def backward(ctx, grad_output):
/Users/zhaowenyuan/Projects/FlowFigTabMiner/flowfigtabminer/lib/python3.9/site-packages/onmt/modules/sparse_losses.py:13: FutureWarning: `torch.cuda.amp.custom_fwd(args...)` is deprecated. Please use `torch.amp.custom_fwd(args..., device_type='cuda')` instead.
  def forward(ctx, input, target):
/Users/zhaowenyuan/Projects/FlowFigTabMiner/flowfigtabminer/lib/python3.9/site-packages/onmt/modules/sparse_losses.py:37: FutureWarning: `torch.cuda.amp.custom_bwd(args...)` is deprecated. Please use `torch.amp.custom_bwd(args..., device_type='cuda')` instead.
  def backward(ctx, grad_output):
chiral_center_ids (from symbols): []
