paper,yield_pct,reaction_class,solvent,reactor_type,paper_doi,paper_year,tR_step,tR1_s,tR2_s,T1_C,T2_C,substrate1,organolithium_reagent,intermediate,substrate2_electrophile,electrophile_type,product_final,conc_substrate_M,conc_orgLi_M,equiv_orgLi,conc_electrophile_M,substrate1_smiles,organolithium_smiles,intermediate_smiles,substrate2_smiles,product_smiles,vlm_tR1_s_original,vlm_tR2_s_original,yield_yolo,data_note
three-component-coupling-based-on-flash-chemistry-carbolithiation-of-benzyne-with-functionalized-aryllithiums-followed,30.0,C-C coupling,,,10.1021/ja5071762,2014.0,tR1,0.0099,,-50.0,,dihalobenzene (benzyne precursor),PhLi,aryllithium (via carbolithiation of benzyne),,synthetic,alcohol product,,,,,Ic1ccccc1I,[Li]c1ccccc1,,,,0.01,,30.0,
three-component-coupling-based-on-flash-chemistry-carbolithiation-of-benzyne-with-functionalized-aryllithiums-followed,51.0,C-C coupling,,,10.1021/ja5071762,2014.0,tR1,0.0385,,-50.0,,dihalobenzene (benzyne precursor),PhLi,aryllithium (via carbolithiation of benzyne),,synthetic,alcohol product,,,,,Ic1ccccc1I,[Li]c1ccccc1,,,,0.0316,,51.0,
three-component-coupling-based-on-flash-chemistry-carbolithiation-of-benzyne-with-functionalized-aryllithiums-followed,60.0,C-C coupling,,,10.1021/ja5071762,2014.0,tR1,0.164,,-50.0,,dihalobenzene (benzyne precursor),PhLi,aryllithium (via carbolithiation of benzyne),,synthetic,alcohol product,,,,,Ic1ccccc1I,[Li]c1ccccc1,,,,0.1,,60.0,
three-component-coupling-based-on-flash-chemistry-carbolithiation-of-benzyne-with-functionalized-aryllithiums-followed,37.0,C-C coupling,,,10.1021/ja5071762,2014.0,tR1,0.3091,,-50.0,,dihalobenzene (benzyne precursor),PhLi,aryllithium (via carbolithiation of benzyne),,synthetic,alcohol product,,,,,Ic1ccccc1I,[Li]c1ccccc1,,,,0.316,,37.0,
three-component-coupling-based-on-flash-chemistry-carbolithiation-of-benzyne-with-functionalized-aryllithiums-followed,15.0,C-C coupling,,,10.1021/ja5071762,2014.0,tR1,0.6689,,-50.0,,dihalobenzene (benzyne precursor),PhLi,aryllithium (via carbolithiation of benzyne),,synthetic,alcohol product,,,,,Ic1ccccc1I,[Li]c1ccccc1,,,,1.0,,15.0,
three-component-coupling-based-on-flash-chemistry-carbolithiation-of-benzyne-with-functionalized-aryllithiums-followed,3.0,C-C coupling,,,10.1021/ja5071762,2014.0,tR1,1.3122,,-50.0,,dihalobenzene (benzyne precursor),PhLi,aryllithium (via carbolithiation of benzyne),,synthetic,alcohol product,,,,,Ic1ccccc1I,[Li]c1ccccc1,,,,3.16,,3.0,
three-component-coupling-based-on-flash-chemistry-carbolithiation-of-benzyne-with-functionalized-aryllithiums-followed,0.0,C-C coupling,,,10.1021/ja5071762,2014.0,tR1,2.5513,,-50.0,,dihalobenzene (benzyne precursor),PhLi,aryllithium (via carbolithiation of benzyne),,synthetic,alcohol product,,,,,Ic1ccccc1I,[Li]c1ccccc1,,,,10.0,,0.0,
three-component-coupling-based-on-flash-chemistry-carbolithiation-of-benzyne-with-functionalized-aryllithiums-followed,31.0,C-C coupling,,,10.1021/ja5071762,2014.0,tR1,0.0099,,-60.0,,dihalobenzene (benzyne precursor),PhLi,aryllithium (via carbolithiation of benzyne),,synthetic,alcohol product,,,,,Ic1ccccc1I,[Li]c1ccccc1,,,,0.01,,31.0,
three-component-coupling-based-on-flash-chemistry-carbolithiation-of-benzyne-with-functionalized-aryllithiums-followed,38.0,C-C coupling,,,10.1021/ja5071762,2014.0,tR1,0.0385,,-60.0,,dihalobenzene (benzyne precursor),PhLi,aryllithium (via carbolithiation of benzyne),,synthetic,alcohol product,,,,,Ic1ccccc1I,[Li]c1ccccc1,,,,0.0316,,38.0,
three-component-coupling-based-on-flash-chemistry-carbolithiation-of-benzyne-with-functionalized-aryllithiums-followed,62.0,C-C coupling,,,10.1021/ja5071762,2014.0,tR1,0.164,,-60.0,,dihalobenzene (benzyne precursor),PhLi,aryllithium (via carbolithiation of benzyne),,synthetic,alcohol product,,,,,Ic1ccccc1I,[Li]c1ccccc1,,,,0.1,,62.0,
three-component-coupling-based-on-flash-chemistry-carbolithiation-of-benzyne-with-functionalized-aryllithiums-followed,74.0,C-C coupling,,,10.1021/ja5071762,2014.0,tR1,0.3091,,-60.0,,dihalobenzene (benzyne precursor),PhLi,aryllithium (via carbolithiation of benzyne),,synthetic,alcohol product,,,,,Ic1ccccc1I,[Li]c1ccccc1,,,,0.316,,74.0,
three-component-coupling-based-on-flash-chemistry-carbolithiation-of-benzyne-with-functionalized-aryllithiums-followed,71.0,C-C coupling,,,10.1021/ja5071762,2014.0,tR1,0.6689,,-60.0,,dihalobenzene (benzyne precursor),PhLi,aryllithium (via carbolithiation of benzyne),,synthetic,alcohol product,,,,,Ic1ccccc1I,[Li]c1ccccc1,,,,1.0,,71.0,
three-component-coupling-based-on-flash-chemistry-carbolithiation-of-benzyne-with-functionalized-aryllithiums-followed,46.0,C-C coupling,,,10.1021/ja5071762,2014.0,tR1,1.3122,,-60.0,,dihalobenzene (benzyne precursor),PhLi,aryllithium (via carbolithiation of benzyne),,synthetic,alcohol product,,,,,Ic1ccccc1I,[Li]c1ccccc1,,,,3.16,,46.0,
three-component-coupling-based-on-flash-chemistry-carbolithiation-of-benzyne-with-functionalized-aryllithiums-followed,22.0,C-C coupling,,,10.1021/ja5071762,2014.0,tR1,2.5513,,-60.0,,dihalobenzene (benzyne precursor),PhLi,aryllithium (via carbolithiation of benzyne),,synthetic,alcohol product,,,,,Ic1ccccc1I,[Li]c1ccccc1,,,,10.0,,22.0,
three-component-coupling-based-on-flash-chemistry-carbolithiation-of-benzyne-with-functionalized-aryllithiums-followed,26.0,C-C coupling,,,10.1021/ja5071762,2014.0,tR1,0.0099,,-70.0,,dihalobenzene (benzyne precursor),PhLi,aryllithium (via carbolithiation of benzyne),,synthetic,alcohol product,,,,,Ic1ccccc1I,[Li]c1ccccc1,,,,0.01,,26.0,
three-component-coupling-based-on-flash-chemistry-carbolithiation-of-benzyne-with-functionalized-aryllithiums-followed,29.0,C-C coupling,,,10.1021/ja5071762,2014.0,tR1,0.0385,,-70.0,,dihalobenzene (benzyne precursor),PhLi,aryllithium (via carbolithiation of benzyne),,synthetic,alcohol product,,,,,Ic1ccccc1I,[Li]c1ccccc1,,,,0.0316,,29.0,
three-component-coupling-based-on-flash-chemistry-carbolithiation-of-benzyne-with-functionalized-aryllithiums-followed,41.0,C-C coupling,,,10.1021/ja5071762,2014.0,tR1,0.164,,-70.0,,dihalobenzene (benzyne precursor),PhLi,aryllithium (via carbolithiation of benzyne),,synthetic,alcohol product,,,,,Ic1ccccc1I,[Li]c1ccccc1,,,,0.1,,41.0,
three-component-coupling-based-on-flash-chemistry-carbolithiation-of-benzyne-with-functionalized-aryllithiums-followed,49.0,C-C coupling,,,10.1021/ja5071762,2014.0,tR1,0.3091,,-70.0,,dihalobenzene (benzyne precursor),PhLi,aryllithium (via carbolithiation of benzyne),,synthetic,alcohol product,,,,,Ic1ccccc1I,[Li]c1ccccc1,,,,0.316,,49.0,
three-component-coupling-based-on-flash-chemistry-carbolithiation-of-benzyne-with-functionalized-aryllithiums-followed,68.0,C-C coupling,,,10.1021/ja5071762,2014.0,tR1,0.6689,,-70.0,,dihalobenzene (benzyne precursor),PhLi,aryllithium (via carbolithiation of benzyne),,synthetic,alcohol product,,,,,Ic1ccccc1I,[Li]c1ccccc1,,,,1.0,,68.0,
three-component-coupling-based-on-flash-chemistry-carbolithiation-of-benzyne-with-functionalized-aryllithiums-followed,80.0,C-C coupling,,,10.1021/ja5071762,2014.0,tR1,1.3122,,-70.0,,dihalobenzene (benzyne precursor),PhLi,aryllithium (via carbolithiation of benzyne),,synthetic,alcohol product,,,,,Ic1ccccc1I,[Li]c1ccccc1,,,,3.16,,80.0,
three-component-coupling-based-on-flash-chemistry-carbolithiation-of-benzyne-with-functionalized-aryllithiums-followed,74.0,C-C coupling,,,10.1021/ja5071762,2014.0,tR1,2.5513,,-70.0,,dihalobenzene (benzyne precursor),PhLi,aryllithium (via carbolithiation of benzyne),,synthetic,alcohol product,,,,,Ic1ccccc1I,[Li]c1ccccc1,,,,10.0,,74.0,
three-component-coupling-based-on-flash-chemistry-carbolithiation-of-benzyne-with-functionalized-aryllithiums-followed,19.0,C-C coupling,,,10.1021/ja5071762,2014.0,tR1,0.0099,,-78.0,,dihalobenzene (benzyne precursor),PhLi,aryllithium (via carbolithiation of benzyne),,synthetic,alcohol product,,,,,Ic1ccccc1I,[Li]c1ccccc1,,,,0.01,,19.0,
three-component-coupling-based-on-flash-chemistry-carbolithiation-of-benzyne-with-functionalized-aryllithiums-followed,14.0,C-C coupling,,,10.1021/ja5071762,2014.0,tR1,0.0385,,-78.0,,dihalobenzene (benzyne precursor),PhLi,aryllithium (via carbolithiation of benzyne),,synthetic,alcohol product,,,,,Ic1ccccc1I,[Li]c1ccccc1,,,,0.0316,,,
three-component-coupling-based-on-flash-chemistry-carbolithiation-of-benzyne-with-functionalized-aryllithiums-followed,17.0,C-C coupling,,,10.1021/ja5071762,2014.0,tR1,0.164,,-78.0,,dihalobenzene (benzyne precursor),PhLi,aryllithium (via carbolithiation of benzyne),,synthetic,alcohol product,,,,,Ic1ccccc1I,[Li]c1ccccc1,,,,0.1,,17.0,
three-component-coupling-based-on-flash-chemistry-carbolithiation-of-benzyne-with-functionalized-aryllithiums-followed,27.0,C-C coupling,,,10.1021/ja5071762,2014.0,tR1,0.3091,,-78.0,,dihalobenzene (benzyne precursor),PhLi,aryllithium (via carbolithiation of benzyne),,synthetic,alcohol product,,,,,Ic1ccccc1I,[Li]c1ccccc1,,,,0.316,,27.0,
three-component-coupling-based-on-flash-chemistry-carbolithiation-of-benzyne-with-functionalized-aryllithiums-followed,36.0,C-C coupling,,,10.1021/ja5071762,2014.0,tR1,0.6689,,-78.0,,dihalobenzene (benzyne precursor),PhLi,aryllithium (via carbolithiation of benzyne),,synthetic,alcohol product,,,,,Ic1ccccc1I,[Li]c1ccccc1,,,,1.0,,36.0,
three-component-coupling-based-on-flash-chemistry-carbolithiation-of-benzyne-with-functionalized-aryllithiums-followed,52.0,C-C coupling,,,10.1021/ja5071762,2014.0,tR1,1.3122,,-78.0,,dihalobenzene (benzyne precursor),PhLi,aryllithium (via carbolithiation of benzyne),,synthetic,alcohol product,,,,,Ic1ccccc1I,[Li]c1ccccc1,,,,3.16,,52.0,
three-component-coupling-based-on-flash-chemistry-carbolithiation-of-benzyne-with-functionalized-aryllithiums-followed,76.0,C-C coupling,,,10.1021/ja5071762,2014.0,tR1,2.5513,,-78.0,,dihalobenzene (benzyne precursor),PhLi,aryllithium (via carbolithiation of benzyne),,synthetic,alcohol product,,,,,Ic1ccccc1I,[Li]c1ccccc1,,,,10.0,,76.0,
three-component-coupling-based-on-flash-chemistry-carbolithiation-of-benzyne-with-functionalized-aryllithiums-followed,0.0,C-C coupling,,,10.1021/ja5071762,2014.0,tR1,5.9611,,-50.0,,dihalobenzene (benzyne precursor),PhLi,aryllithium (via carbolithiation of benzyne),,synthetic,alcohol product,,,,,Ic1ccccc1I,[Li]c1ccccc1,,,,31.6,,0.0,
three-component-coupling-based-on-flash-chemistry-carbolithiation-of-benzyne-with-functionalized-aryllithiums-followed,9.0,C-C coupling,,,10.1021/ja5071762,2014.0,tR1,5.9611,,-60.0,,dihalobenzene (benzyne precursor),PhLi,aryllithium (via carbolithiation of benzyne),,synthetic,alcohol product,,,,,Ic1ccccc1I,[Li]c1ccccc1,,,,31.6,,9.0,
three-component-coupling-based-on-flash-chemistry-carbolithiation-of-benzyne-with-functionalized-aryllithiums-followed,60.0,C-C coupling,,,10.1021/ja5071762,2014.0,tR1,5.9611,,-70.0,,dihalobenzene (benzyne precursor),PhLi,aryllithium (via carbolithiation of benzyne),,synthetic,alcohol product,,,,,Ic1ccccc1I,[Li]c1ccccc1,,,,31.6,,60.0,
three-component-coupling-based-on-flash-chemistry-carbolithiation-of-benzyne-with-functionalized-aryllithiums-followed,81.0,C-C coupling,,,10.1021/ja5071762,2014.0,tR1,5.9611,,-78.0,,dihalobenzene (benzyne precursor),PhLi,aryllithium (via carbolithiation of benzyne),,synthetic,alcohol product,,,,,Ic1ccccc1I,[Li]c1ccccc1,,,,31.6,,81.0,
three-component-coupling-based-on-flash-chemistry-carbolithiation-of-benzyne-with-functionalized-aryllithiums-followed,58.0,C-C coupling,,,10.1021/ja5071762,2014.0,tR1,0.0099,,-50.0,,"1,2-diiodobenzene",PhLi,"(I, Li substituents on benzene ring)",PhCHO (benzaldehyde),synthetic,alcohol product,,,,,Ic1ccccc1I,[Li]c1ccccc1,Ic1ccccc1[Li],O=Cc1ccccc1,,0.01,,58.0,
three-component-coupling-based-on-flash-chemistry-carbolithiation-of-benzyne-with-functionalized-aryllithiums-followed,17.0,C-C coupling,,,10.1021/ja5071762,2014.0,tR1,0.0385,,-50.0,,"1,2-diiodobenzene",PhLi,"(I, Li substituents on benzene ring)",PhCHO (benzaldehyde),synthetic,alcohol product,,,,,Ic1ccccc1I,[Li]c1ccccc1,Ic1ccccc1[Li],O=Cc1ccccc1,,0.0316,,17.0,
three-component-coupling-based-on-flash-chemistry-carbolithiation-of-benzyne-with-functionalized-aryllithiums-followed,0.0,C-C coupling,,,10.1021/ja5071762,2014.0,tR1,0.164,,-50.0,,"1,2-diiodobenzene",PhLi,"(I, Li substituents on benzene ring)",PhCHO (benzaldehyde),synthetic,alcohol product,,,,,Ic1ccccc1I,[Li]c1ccccc1,Ic1ccccc1[Li],O=Cc1ccccc1,,0.1,,0.0,
three-component-coupling-based-on-flash-chemistry-carbolithiation-of-benzyne-with-functionalized-aryllithiums-followed,0.0,C-C coupling,,,10.1021/ja5071762,2014.0,tR1,0.3091,,-50.0,,"1,2-diiodobenzene",PhLi,"(I, Li substituents on benzene ring)",PhCHO (benzaldehyde),synthetic,alcohol product,,,,,Ic1ccccc1I,[Li]c1ccccc1,Ic1ccccc1[Li],O=Cc1ccccc1,,0.316,,0.0,
three-component-coupling-based-on-flash-chemistry-carbolithiation-of-benzyne-with-functionalized-aryllithiums-followed,0.0,C-C coupling,,,10.1021/ja5071762,2014.0,tR1,0.6689,,-50.0,,"1,2-diiodobenzene",PhLi,"(I, Li substituents on benzene ring)",PhCHO (benzaldehyde),synthetic,alcohol product,,,,,Ic1ccccc1I,[Li]c1ccccc1,Ic1ccccc1[Li],O=Cc1ccccc1,,1.0,,0.0,
three-component-coupling-based-on-flash-chemistry-carbolithiation-of-benzyne-with-functionalized-aryllithiums-followed,80.0,C-C coupling,,,10.1021/ja5071762,2014.0,tR1,0.0099,,-60.0,,"1,2-diiodobenzene",PhLi,"(I, Li substituents on benzene ring)",PhCHO (benzaldehyde),synthetic,alcohol product,,,,,Ic1ccccc1I,[Li]c1ccccc1,Ic1ccccc1[Li],O=Cc1ccccc1,,0.01,,80.0,
three-component-coupling-based-on-flash-chemistry-carbolithiation-of-benzyne-with-functionalized-aryllithiums-followed,59.0,C-C coupling,,,10.1021/ja5071762,2014.0,tR1,0.0385,,-60.0,,"1,2-diiodobenzene",PhLi,"(I, Li substituents on benzene ring)",PhCHO (benzaldehyde),synthetic,alcohol product,,,,,Ic1ccccc1I,[Li]c1ccccc1,Ic1ccccc1[Li],O=Cc1ccccc1,,0.0316,,59.0,
three-component-coupling-based-on-flash-chemistry-carbolithiation-of-benzyne-with-functionalized-aryllithiums-followed,10.0,C-C coupling,,,10.1021/ja5071762,2014.0,tR1,0.164,,-60.0,,"1,2-diiodobenzene",PhLi,"(I, Li substituents on benzene ring)",PhCHO (benzaldehyde),synthetic,alcohol product,,,,,Ic1ccccc1I,[Li]c1ccccc1,Ic1ccccc1[Li],O=Cc1ccccc1,,0.1,,10.0,
three-component-coupling-based-on-flash-chemistry-carbolithiation-of-benzyne-with-functionalized-aryllithiums-followed,0.0,C-C coupling,,,10.1021/ja5071762,2014.0,tR1,0.3091,,-60.0,,"1,2-diiodobenzene",PhLi,"(I, Li substituents on benzene ring)",PhCHO (benzaldehyde),synthetic,alcohol product,,,,,Ic1ccccc1I,[Li]c1ccccc1,Ic1ccccc1[Li],O=Cc1ccccc1,,0.316,,0.0,
three-component-coupling-based-on-flash-chemistry-carbolithiation-of-benzyne-with-functionalized-aryllithiums-followed,0.0,C-C coupling,,,10.1021/ja5071762,2014.0,tR1,0.6689,,-60.0,,"1,2-diiodobenzene",PhLi,"(I, Li substituents on benzene ring)",PhCHO (benzaldehyde),synthetic,alcohol product,,,,,Ic1ccccc1I,[Li]c1ccccc1,Ic1ccccc1[Li],O=Cc1ccccc1,,1.0,,0.0,
three-component-coupling-based-on-flash-chemistry-carbolithiation-of-benzyne-with-functionalized-aryllithiums-followed,0.0,C-C coupling,,,10.1021/ja5071762,2014.0,tR1,1.3122,,-60.0,,"1,2-diiodobenzene",PhLi,"(I, Li substituents on benzene ring)",PhCHO (benzaldehyde),synthetic,alcohol product,,,,,Ic1ccccc1I,[Li]c1ccccc1,Ic1ccccc1[Li],O=Cc1ccccc1,,3.16,,0.0,
three-component-coupling-based-on-flash-chemistry-carbolithiation-of-benzyne-with-functionalized-aryllithiums-followed,81.0,C-C coupling,,,10.1021/ja5071762,2014.0,tR1,0.0099,,-70.0,,"1,2-diiodobenzene",PhLi,"(I, Li substituents on benzene ring)",PhCHO (benzaldehyde),synthetic,alcohol product,,,,,Ic1ccccc1I,[Li]c1ccccc1,Ic1ccccc1[Li],O=Cc1ccccc1,,0.01,,81.0,
three-component-coupling-based-on-flash-chemistry-carbolithiation-of-benzyne-with-functionalized-aryllithiums-followed,75.0,C-C coupling,,,10.1021/ja5071762,2014.0,tR1,0.0385,,-70.0,,"1,2-diiodobenzene",PhLi,"(I, Li substituents on benzene ring)",PhCHO (benzaldehyde),synthetic,alcohol product,,,,,Ic1ccccc1I,[Li]c1ccccc1,Ic1ccccc1[Li],O=Cc1ccccc1,,0.0316,,75.0,
three-component-coupling-based-on-flash-chemistry-carbolithiation-of-benzyne-with-functionalized-aryllithiums-followed,55.0,C-C coupling,,,10.1021/ja5071762,2014.0,tR1,0.164,,-70.0,,"1,2-diiodobenzene",PhLi,"(I, Li substituents on benzene ring)",PhCHO (benzaldehyde),synthetic,alcohol product,,,,,Ic1ccccc1I,[Li]c1ccccc1,Ic1ccccc1[Li],O=Cc1ccccc1,,0.1,,55.0,
three-component-coupling-based-on-flash-chemistry-carbolithiation-of-benzyne-with-functionalized-aryllithiums-followed,36.0,C-C coupling,,,10.1021/ja5071762,2014.0,tR1,0.3091,,-70.0,,"1,2-diiodobenzene",PhLi,"(I, Li substituents on benzene ring)",PhCHO (benzaldehyde),synthetic,alcohol product,,,,,Ic1ccccc1I,[Li]c1ccccc1,Ic1ccccc1[Li],O=Cc1ccccc1,,0.316,,36.0,
three-component-coupling-based-on-flash-chemistry-carbolithiation-of-benzyne-with-functionalized-aryllithiums-followed,14.0,C-C coupling,,,10.1021/ja5071762,2014.0,tR1,0.6689,,-70.0,,"1,2-diiodobenzene",PhLi,"(I, Li substituents on benzene ring)",PhCHO (benzaldehyde),synthetic,alcohol product,,,,,Ic1ccccc1I,[Li]c1ccccc1,Ic1ccccc1[Li],O=Cc1ccccc1,,1.0,,14.0,
three-component-coupling-based-on-flash-chemistry-carbolithiation-of-benzyne-with-functionalized-aryllithiums-followed,5.0,C-C coupling,,,10.1021/ja5071762,2014.0,tR1,1.3122,,-70.0,,"1,2-diiodobenzene",PhLi,"(I, Li substituents on benzene ring)",PhCHO (benzaldehyde),synthetic,alcohol product,,,,,Ic1ccccc1I,[Li]c1ccccc1,Ic1ccccc1[Li],O=Cc1ccccc1,,3.16,,5.0,
three-component-coupling-based-on-flash-chemistry-carbolithiation-of-benzyne-with-functionalized-aryllithiums-followed,76.0,C-C coupling,,,10.1021/ja5071762,2014.0,tR1,0.0099,,-78.0,,"1,2-diiodobenzene",PhLi,"(I, Li substituents on benzene ring)",PhCHO (benzaldehyde),synthetic,alcohol product,,,,,Ic1ccccc1I,[Li]c1ccccc1,Ic1ccccc1[Li],O=Cc1ccccc1,,0.01,,76.0,
three-component-coupling-based-on-flash-chemistry-carbolithiation-of-benzyne-with-functionalized-aryllithiums-followed,72.0,C-C coupling,,,10.1021/ja5071762,2014.0,tR1,0.0385,,-78.0,,"1,2-diiodobenzene",PhLi,"(I, Li substituents on benzene ring)",PhCHO (benzaldehyde),synthetic,alcohol product,,,,,Ic1ccccc1I,[Li]c1ccccc1,Ic1ccccc1[Li],O=Cc1ccccc1,,0.0316,,72.0,
three-component-coupling-based-on-flash-chemistry-carbolithiation-of-benzyne-with-functionalized-aryllithiums-followed,68.0,C-C coupling,,,10.1021/ja5071762,2014.0,tR1,0.164,,-78.0,,"1,2-diiodobenzene",PhLi,"(I, Li substituents on benzene ring)",PhCHO (benzaldehyde),synthetic,alcohol product,,,,,Ic1ccccc1I,[Li]c1ccccc1,Ic1ccccc1[Li],O=Cc1ccccc1,,0.1,,68.0,
three-component-coupling-based-on-flash-chemistry-carbolithiation-of-benzyne-with-functionalized-aryllithiums-followed,71.0,C-C coupling,,,10.1021/ja5071762,2014.0,tR1,0.3091,,-78.0,,"1,2-diiodobenzene",PhLi,"(I, Li substituents on benzene ring)",PhCHO (benzaldehyde),synthetic,alcohol product,,,,,Ic1ccccc1I,[Li]c1ccccc1,Ic1ccccc1[Li],O=Cc1ccccc1,,0.316,,71.0,
three-component-coupling-based-on-flash-chemistry-carbolithiation-of-benzyne-with-functionalized-aryllithiums-followed,65.0,C-C coupling,,,10.1021/ja5071762,2014.0,tR1,0.6689,,-78.0,,"1,2-diiodobenzene",PhLi,"(I, Li substituents on benzene ring)",PhCHO (benzaldehyde),synthetic,alcohol product,,,,,Ic1ccccc1I,[Li]c1ccccc1,Ic1ccccc1[Li],O=Cc1ccccc1,,1.0,,65.0,
three-component-coupling-based-on-flash-chemistry-carbolithiation-of-benzyne-with-functionalized-aryllithiums-followed,43.0,C-C coupling,,,10.1021/ja5071762,2014.0,tR1,1.3122,,-78.0,,"1,2-diiodobenzene",PhLi,"(I, Li substituents on benzene ring)",PhCHO (benzaldehyde),synthetic,alcohol product,,,,,Ic1ccccc1I,[Li]c1ccccc1,Ic1ccccc1[Li],O=Cc1ccccc1,,3.16,,43.0,
three-component-coupling-based-on-flash-chemistry-carbolithiation-of-benzyne-with-functionalized-aryllithiums-followed,9.0,C-C coupling,,,10.1021/ja5071762,2014.0,tR1,2.5513,,-70.0,,"1,2-diiodobenzene",PhLi,"(I, Li substituents on benzene ring)",PhCHO (benzaldehyde),synthetic,alcohol product,,,,,Ic1ccccc1I,[Li]c1ccccc1,Ic1ccccc1[Li],O=Cc1ccccc1,,10.0,,9.0,
three-component-coupling-based-on-flash-chemistry-carbolithiation-of-benzyne-with-functionalized-aryllithiums-followed,23.0,C-C coupling,,,10.1021/ja5071762,2014.0,tR1,2.5513,,-78.0,,"1,2-diiodobenzene",PhLi,"(I, Li substituents on benzene ring)",PhCHO (benzaldehyde),synthetic,alcohol product,,,,,Ic1ccccc1I,[Li]c1ccccc1,Ic1ccccc1[Li],O=Cc1ccccc1,,10.0,,23.0,
three-component-coupling-based-on-flash-chemistry-carbolithiation-of-benzyne-with-functionalized-aryllithiums-followed,4.0,C-C coupling,,,10.1021/ja5071762,2014.0,tR1,5.9611,,-78.0,,"1,2-diiodobenzene",PhLi,"(I, Li substituents on benzene ring)",PhCHO (benzaldehyde),synthetic,alcohol product,,,,,Ic1ccccc1I,[Li]c1ccccc1,Ic1ccccc1[Li],O=Cc1ccccc1,,31.6,,,
three-component-coupling-based-on-flash-chemistry-carbolithiation-of-benzyne-with-functionalized-aryllithiums-followed,0.0,C-C coupling,,,10.1021/ja5071762,2014.0,tR1,5.9611,,-70.0,,"1,2-diiodobenzene",PhLi,"(I, Li substituents on benzene ring)",PhCHO (benzaldehyde),synthetic,alcohol product,,,,,Ic1ccccc1I,[Li]c1ccccc1,Ic1ccccc1[Li],O=Cc1ccccc1,,31.6,,0.0,
three-component-coupling-based-on-flash-chemistry-carbolithiation-of-benzyne-with-functionalized-aryllithiums-followed,0.0,C-C coupling,,,10.1021/ja5071762,2014.0,tR1,5.9611,,-60.0,,"1,2-diiodobenzene",PhLi,"(I, Li substituents on benzene ring)",PhCHO (benzaldehyde),synthetic,alcohol product,,,,,Ic1ccccc1I,[Li]c1ccccc1,Ic1ccccc1[Li],O=Cc1ccccc1,,31.6,,0.0,
three-component-coupling-based-on-flash-chemistry-carbolithiation-of-benzyne-with-functionalized-aryllithiums-followed,0.0,C-C coupling,,,10.1021/ja5071762,2014.0,tR1,5.9611,,-50.0,,"1,2-diiodobenzene",PhLi,"(I, Li substituents on benzene ring)",PhCHO (benzaldehyde),synthetic,alcohol product,,,,,Ic1ccccc1I,[Li]c1ccccc1,Ic1ccccc1[Li],O=Cc1ccccc1,,31.6,,0.0,
three-component-coupling-based-on-flash-chemistry-carbolithiation-of-benzyne-with-functionalized-aryllithiums-followed,75.0,C-C coupling,,,10.1021/ja5071762,2014.0,tR1,0.0099,,-50.0,,2-bromoiodobenzene,PhLi,"(Br, Li substituents on benzene ring)",PhCHO (benzaldehyde),synthetic,alcohol product,,,,,Brc1ccccc1I,[Li]c1ccccc1,Brc1ccccc1[Li],O=Cc1ccccc1,,0.01,,75.0,
three-component-coupling-based-on-flash-chemistry-carbolithiation-of-benzyne-with-functionalized-aryllithiums-followed,85.0,C-C coupling,,,10.1021/ja5071762,2014.0,tR1,0.0385,,-50.0,,2-bromoiodobenzene,PhLi,"(Br, Li substituents on benzene ring)",PhCHO (benzaldehyde),synthetic,alcohol product,,,,,Brc1ccccc1I,[Li]c1ccccc1,Brc1ccccc1[Li],O=Cc1ccccc1,,0.0316,,85.0,
three-component-coupling-based-on-flash-chemistry-carbolithiation-of-benzyne-with-functionalized-aryllithiums-followed,58.0,C-C coupling,,,10.1021/ja5071762,2014.0,tR1,0.164,,-50.0,,2-bromoiodobenzene,PhLi,"(Br, Li substituents on benzene ring)",PhCHO (benzaldehyde),synthetic,alcohol product,,,,,Brc1ccccc1I,[Li]c1ccccc1,Brc1ccccc1[Li],O=Cc1ccccc1,,0.1,,58.0,
three-component-coupling-based-on-flash-chemistry-carbolithiation-of-benzyne-with-functionalized-aryllithiums-followed,37.0,C-C coupling,,,10.1021/ja5071762,2014.0,tR1,0.3091,,-50.0,,2-bromoiodobenzene,PhLi,"(Br, Li substituents on benzene ring)",PhCHO (benzaldehyde),synthetic,alcohol product,,,,,Brc1ccccc1I,[Li]c1ccccc1,Brc1ccccc1[Li],O=Cc1ccccc1,,0.316,,37.0,
three-component-coupling-based-on-flash-chemistry-carbolithiation-of-benzyne-with-functionalized-aryllithiums-followed,33.0,C-C coupling,,,10.1021/ja5071762,2014.0,tR1,0.6689,,-50.0,,2-bromoiodobenzene,PhLi,"(Br, Li substituents on benzene ring)",PhCHO (benzaldehyde),synthetic,alcohol product,,,,,Brc1ccccc1I,[Li]c1ccccc1,Brc1ccccc1[Li],O=Cc1ccccc1,,1.0,,33.0,
three-component-coupling-based-on-flash-chemistry-carbolithiation-of-benzyne-with-functionalized-aryllithiums-followed,14.0,C-C coupling,,,10.1021/ja5071762,2014.0,tR1,1.3122,,-50.0,,2-bromoiodobenzene,PhLi,"(Br, Li substituents on benzene ring)",PhCHO (benzaldehyde),synthetic,alcohol product,,,,,Brc1ccccc1I,[Li]c1ccccc1,Brc1ccccc1[Li],O=Cc1ccccc1,,3.16,,14.0,
three-component-coupling-based-on-flash-chemistry-carbolithiation-of-benzyne-with-functionalized-aryllithiums-followed,0.0,C-C coupling,,,10.1021/ja5071762,2014.0,tR1,2.5513,,-50.0,,2-bromoiodobenzene,PhLi,"(Br, Li substituents on benzene ring)",PhCHO (benzaldehyde),synthetic,alcohol product,,,,,Brc1ccccc1I,[Li]c1ccccc1,Brc1ccccc1[Li],O=Cc1ccccc1,,10.0,,0.0,
three-component-coupling-based-on-flash-chemistry-carbolithiation-of-benzyne-with-functionalized-aryllithiums-followed,0.0,C-C coupling,,,10.1021/ja5071762,2014.0,tR1,5.9611,,-50.0,,2-bromoiodobenzene,PhLi,"(Br, Li substituents on benzene ring)",PhCHO (benzaldehyde),synthetic,alcohol product,,,,,Brc1ccccc1I,[Li]c1ccccc1,Brc1ccccc1[Li],O=Cc1ccccc1,,31.6,,0.0,
three-component-coupling-based-on-flash-chemistry-carbolithiation-of-benzyne-with-functionalized-aryllithiums-followed,74.0,C-C coupling,,,10.1021/ja5071762,2014.0,tR1,0.0099,,-60.0,,2-bromoiodobenzene,PhLi,"(Br, Li substituents on benzene ring)",PhCHO (benzaldehyde),synthetic,alcohol product,,,,,Brc1ccccc1I,[Li]c1ccccc1,Brc1ccccc1[Li],O=Cc1ccccc1,,0.01,,74.0,
three-component-coupling-based-on-flash-chemistry-carbolithiation-of-benzyne-with-functionalized-aryllithiums-followed,88.0,C-C coupling,,,10.1021/ja5071762,2014.0,tR1,0.0385,,-60.0,,2-bromoiodobenzene,PhLi,"(Br, Li substituents on benzene ring)",PhCHO (benzaldehyde),synthetic,alcohol product,,,,,Brc1ccccc1I,[Li]c1ccccc1,Brc1ccccc1[Li],O=Cc1ccccc1,,0.0316,,88.0,
three-component-coupling-based-on-flash-chemistry-carbolithiation-of-benzyne-with-functionalized-aryllithiums-followed,84.0,C-C coupling,,,10.1021/ja5071762,2014.0,tR1,0.164,,-60.0,,2-bromoiodobenzene,PhLi,"(Br, Li substituents on benzene ring)",PhCHO (benzaldehyde),synthetic,alcohol product,,,,,Brc1ccccc1I,[Li]c1ccccc1,Brc1ccccc1[Li],O=Cc1ccccc1,,0.1,,84.0,
three-component-coupling-based-on-flash-chemistry-carbolithiation-of-benzyne-with-functionalized-aryllithiums-followed,81.0,C-C coupling,,,10.1021/ja5071762,2014.0,tR1,0.3091,,-60.0,,2-bromoiodobenzene,PhLi,"(Br, Li substituents on benzene ring)",PhCHO (benzaldehyde),synthetic,alcohol product,,,,,Brc1ccccc1I,[Li]c1ccccc1,Brc1ccccc1[Li],O=Cc1ccccc1,,0.316,,81.0,
three-component-coupling-based-on-flash-chemistry-carbolithiation-of-benzyne-with-functionalized-aryllithiums-followed,64.0,C-C coupling,,,10.1021/ja5071762,2014.0,tR1,0.6689,,-60.0,,2-bromoiodobenzene,PhLi,"(Br, Li substituents on benzene ring)",PhCHO (benzaldehyde),synthetic,alcohol product,,,,,Brc1ccccc1I,[Li]c1ccccc1,Brc1ccccc1[Li],O=Cc1ccccc1,,1.0,,64.0,
three-component-coupling-based-on-flash-chemistry-carbolithiation-of-benzyne-with-functionalized-aryllithiums-followed,18.0,C-C coupling,,,10.1021/ja5071762,2014.0,tR1,1.3122,,-60.0,,2-bromoiodobenzene,PhLi,"(Br, Li substituents on benzene ring)",PhCHO (benzaldehyde),synthetic,alcohol product,,,,,Brc1ccccc1I,[Li]c1ccccc1,Brc1ccccc1[Li],O=Cc1ccccc1,,3.16,,18.0,
three-component-coupling-based-on-flash-chemistry-carbolithiation-of-benzyne-with-functionalized-aryllithiums-followed,18.0,C-C coupling,,,10.1021/ja5071762,2014.0,tR1,2.5513,,-60.0,,2-bromoiodobenzene,PhLi,"(Br, Li substituents on benzene ring)",PhCHO (benzaldehyde),synthetic,alcohol product,,,,,Brc1ccccc1I,[Li]c1ccccc1,Brc1ccccc1[Li],O=Cc1ccccc1,,10.0,,18.0,
three-component-coupling-based-on-flash-chemistry-carbolithiation-of-benzyne-with-functionalized-aryllithiums-followed,8.0,C-C coupling,,,10.1021/ja5071762,2014.0,tR1,5.9611,,-60.0,,2-bromoiodobenzene,PhLi,"(Br, Li substituents on benzene ring)",PhCHO (benzaldehyde),synthetic,alcohol product,,,,,Brc1ccccc1I,[Li]c1ccccc1,Brc1ccccc1[Li],O=Cc1ccccc1,,31.6,,8.0,
three-component-coupling-based-on-flash-chemistry-carbolithiation-of-benzyne-with-functionalized-aryllithiums-followed,76.0,C-C coupling,,,10.1021/ja5071762,2014.0,tR1,0.0099,,-70.0,,2-bromoiodobenzene,PhLi,"(Br, Li substituents on benzene ring)",PhCHO (benzaldehyde),synthetic,alcohol product,,,,,Brc1ccccc1I,[Li]c1ccccc1,Brc1ccccc1[Li],O=Cc1ccccc1,,0.01,,76.0,
three-component-coupling-based-on-flash-chemistry-carbolithiation-of-benzyne-with-functionalized-aryllithiums-followed,83.0,C-C coupling,,,10.1021/ja5071762,2014.0,tR1,0.0385,,-70.0,,2-bromoiodobenzene,PhLi,"(Br, Li substituents on benzene ring)",PhCHO (benzaldehyde),synthetic,alcohol product,,,,,Brc1ccccc1I,[Li]c1ccccc1,Brc1ccccc1[Li],O=Cc1ccccc1,,0.0316,,83.0,
three-component-coupling-based-on-flash-chemistry-carbolithiation-of-benzyne-with-functionalized-aryllithiums-followed,93.0,C-C coupling,,,10.1021/ja5071762,2014.0,tR1,0.164,,-70.0,,2-bromoiodobenzene,PhLi,"(Br, Li substituents on benzene ring)",PhCHO (benzaldehyde),synthetic,alcohol product,,,,,Brc1ccccc1I,[Li]c1ccccc1,Brc1ccccc1[Li],O=Cc1ccccc1,,0.1,,93.0,
three-component-coupling-based-on-flash-chemistry-carbolithiation-of-benzyne-with-functionalized-aryllithiums-followed,90.0,C-C coupling,,,10.1021/ja5071762,2014.0,tR1,0.3091,,-70.0,,2-bromoiodobenzene,PhLi,"(Br, Li substituents on benzene ring)",PhCHO (benzaldehyde),synthetic,alcohol product,,,,,Brc1ccccc1I,[Li]c1ccccc1,Brc1ccccc1[Li],O=Cc1ccccc1,,0.316,,90.0,
three-component-coupling-based-on-flash-chemistry-carbolithiation-of-benzyne-with-functionalized-aryllithiums-followed,89.0,C-C coupling,,,10.1021/ja5071762,2014.0,tR1,0.6689,,-70.0,,2-bromoiodobenzene,PhLi,"(Br, Li substituents on benzene ring)",PhCHO (benzaldehyde),synthetic,alcohol product,,,,,Brc1ccccc1I,[Li]c1ccccc1,Brc1ccccc1[Li],O=Cc1ccccc1,,1.0,,89.0,
three-component-coupling-based-on-flash-chemistry-carbolithiation-of-benzyne-with-functionalized-aryllithiums-followed,83.0,C-C coupling,,,10.1021/ja5071762,2014.0,tR1,1.3122,,-70.0,,2-bromoiodobenzene,PhLi,"(Br, Li substituents on benzene ring)",PhCHO (benzaldehyde),synthetic,alcohol product,,,,,Brc1ccccc1I,[Li]c1ccccc1,Brc1ccccc1[Li],O=Cc1ccccc1,,3.16,,83.0,
three-component-coupling-based-on-flash-chemistry-carbolithiation-of-benzyne-with-functionalized-aryllithiums-followed,71.0,C-C coupling,,,10.1021/ja5071762,2014.0,tR1,2.5513,,-70.0,,2-bromoiodobenzene,PhLi,"(Br, Li substituents on benzene ring)",PhCHO (benzaldehyde),synthetic,alcohol product,,,,,Brc1ccccc1I,[Li]c1ccccc1,Brc1ccccc1[Li],O=Cc1ccccc1,,10.0,,71.0,
three-component-coupling-based-on-flash-chemistry-carbolithiation-of-benzyne-with-functionalized-aryllithiums-followed,60.0,C-C coupling,,,10.1021/ja5071762,2014.0,tR1,5.9611,,-70.0,,2-bromoiodobenzene,PhLi,"(Br, Li substituents on benzene ring)",PhCHO (benzaldehyde),synthetic,alcohol product,,,,,Brc1ccccc1I,[Li]c1ccccc1,Brc1ccccc1[Li],O=Cc1ccccc1,,31.6,,60.0,
three-component-coupling-based-on-flash-chemistry-carbolithiation-of-benzyne-with-functionalized-aryllithiums-followed,70.0,C-C coupling,,,10.1021/ja5071762,2014.0,tR1,0.0099,,-78.0,,2-bromoiodobenzene,PhLi,"(Br, Li substituents on benzene ring)",PhCHO (benzaldehyde),synthetic,alcohol product,,,,,Brc1ccccc1I,[Li]c1ccccc1,Brc1ccccc1[Li],O=Cc1ccccc1,,0.01,,70.0,
three-component-coupling-based-on-flash-chemistry-carbolithiation-of-benzyne-with-functionalized-aryllithiums-followed,79.0,C-C coupling,,,10.1021/ja5071762,2014.0,tR1,0.0385,,-78.0,,2-bromoiodobenzene,PhLi,"(Br, Li substituents on benzene ring)",PhCHO (benzaldehyde),synthetic,alcohol product,,,,,Brc1ccccc1I,[Li]c1ccccc1,Brc1ccccc1[Li],O=Cc1ccccc1,,0.0316,,79.0,
three-component-coupling-based-on-flash-chemistry-carbolithiation-of-benzyne-with-functionalized-aryllithiums-followed,86.0,C-C coupling,,,10.1021/ja5071762,2014.0,tR1,0.164,,-78.0,,2-bromoiodobenzene,PhLi,"(Br, Li substituents on benzene ring)",PhCHO (benzaldehyde),synthetic,alcohol product,,,,,Brc1ccccc1I,[Li]c1ccccc1,Brc1ccccc1[Li],O=Cc1ccccc1,,0.1,,86.0,
three-component-coupling-based-on-flash-chemistry-carbolithiation-of-benzyne-with-functionalized-aryllithiums-followed,80.0,C-C coupling,,,10.1021/ja5071762,2014.0,tR1,0.3091,,-78.0,,2-bromoiodobenzene,PhLi,"(Br, Li substituents on benzene ring)",PhCHO (benzaldehyde),synthetic,alcohol product,,,,,Brc1ccccc1I,[Li]c1ccccc1,Brc1ccccc1[Li],O=Cc1ccccc1,,0.316,,80.0,
three-component-coupling-based-on-flash-chemistry-carbolithiation-of-benzyne-with-functionalized-aryllithiums-followed,87.0,C-C coupling,,,10.1021/ja5071762,2014.0,tR1,0.6689,,-78.0,,2-bromoiodobenzene,PhLi,"(Br, Li substituents on benzene ring)",PhCHO (benzaldehyde),synthetic,alcohol product,,,,,Brc1ccccc1I,[Li]c1ccccc1,Brc1ccccc1[Li],O=Cc1ccccc1,,1.0,,87.0,
three-component-coupling-based-on-flash-chemistry-carbolithiation-of-benzyne-with-functionalized-aryllithiums-followed,81.0,C-C coupling,,,10.1021/ja5071762,2014.0,tR1,1.3122,,-78.0,,2-bromoiodobenzene,PhLi,"(Br, Li substituents on benzene ring)",PhCHO (benzaldehyde),synthetic,alcohol product,,,,,Brc1ccccc1I,[Li]c1ccccc1,Brc1ccccc1[Li],O=Cc1ccccc1,,3.16,,81.0,
three-component-coupling-based-on-flash-chemistry-carbolithiation-of-benzyne-with-functionalized-aryllithiums-followed,81.0,C-C coupling,,,10.1021/ja5071762,2014.0,tR1,2.5513,,-78.0,,2-bromoiodobenzene,PhLi,"(Br, Li substituents on benzene ring)",PhCHO (benzaldehyde),synthetic,alcohol product,,,,,Brc1ccccc1I,[Li]c1ccccc1,Brc1ccccc1[Li],O=Cc1ccccc1,,10.0,,81.0,
three-component-coupling-based-on-flash-chemistry-carbolithiation-of-benzyne-with-functionalized-aryllithiums-followed,76.0,C-C coupling,,,10.1021/ja5071762,2014.0,tR1,5.9611,,-78.0,,2-bromoiodobenzene,PhLi,"(Br, Li substituents on benzene ring)",PhCHO (benzaldehyde),synthetic,alcohol product,,,,,Brc1ccccc1I,[Li]c1ccccc1,Brc1ccccc1[Li],O=Cc1ccccc1,,31.6,,76.0,
three-component-coupling-based-on-flash-chemistry-carbolithiation-of-benzyne-with-functionalized-aryllithiums-followed,58.0,C-C coupling,,,10.1021/ja5071762,2014.0,tR1,0.0099,,-50.0,,dihalobenzene (benzyne precursor),PhLi,aryllithium (via carbolithiation of benzyne),,synthetic,alcohol product,,,,,Ic1ccccc1I,[Li]c1ccccc1,,,,0.01,,58.0,
three-component-coupling-based-on-flash-chemistry-carbolithiation-of-benzyne-with-functionalized-aryllithiums-followed,17.0,C-C coupling,,,10.1021/ja5071762,2014.0,tR1,0.0385,,-50.0,,dihalobenzene (benzyne precursor),PhLi,aryllithium (via carbolithiation of benzyne),,synthetic,alcohol product,,,,,Ic1ccccc1I,[Li]c1ccccc1,,,,0.0316,,17.0,
three-component-coupling-based-on-flash-chemistry-carbolithiation-of-benzyne-with-functionalized-aryllithiums-followed,0.0,C-C coupling,,,10.1021/ja5071762,2014.0,tR1,0.164,,-50.0,,dihalobenzene (benzyne precursor),PhLi,aryllithium (via carbolithiation of benzyne),,synthetic,alcohol product,,,,,Ic1ccccc1I,[Li]c1ccccc1,,,,0.1,,0.0,
three-component-coupling-based-on-flash-chemistry-carbolithiation-of-benzyne-with-functionalized-aryllithiums-followed,0.0,C-C coupling,,,10.1021/ja5071762,2014.0,tR1,0.3091,,-50.0,,dihalobenzene (benzyne precursor),PhLi,aryllithium (via carbolithiation of benzyne),,synthetic,alcohol product,,,,,Ic1ccccc1I,[Li]c1ccccc1,,,,0.316,,0.0,
three-component-coupling-based-on-flash-chemistry-carbolithiation-of-benzyne-with-functionalized-aryllithiums-followed,0.0,C-C coupling,,,10.1021/ja5071762,2014.0,tR1,0.6689,,-50.0,,dihalobenzene (benzyne precursor),PhLi,aryllithium (via carbolithiation of benzyne),,synthetic,alcohol product,,,,,Ic1ccccc1I,[Li]c1ccccc1,,,,1.0,,0.0,
three-component-coupling-based-on-flash-chemistry-carbolithiation-of-benzyne-with-functionalized-aryllithiums-followed,80.0,C-C coupling,,,10.1021/ja5071762,2014.0,tR1,0.0099,,-60.0,,dihalobenzene (benzyne precursor),PhLi,aryllithium (via carbolithiation of benzyne),,synthetic,alcohol product,,,,,Ic1ccccc1I,[Li]c1ccccc1,,,,0.01,,80.0,
three-component-coupling-based-on-flash-chemistry-carbolithiation-of-benzyne-with-functionalized-aryllithiums-followed,59.0,C-C coupling,,,10.1021/ja5071762,2014.0,tR1,0.0385,,-60.0,,dihalobenzene (benzyne precursor),PhLi,aryllithium (via carbolithiation of benzyne),,synthetic,alcohol product,,,,,Ic1ccccc1I,[Li]c1ccccc1,,,,0.0316,,59.0,
three-component-coupling-based-on-flash-chemistry-carbolithiation-of-benzyne-with-functionalized-aryllithiums-followed,10.0,C-C coupling,,,10.1021/ja5071762,2014.0,tR1,0.164,,-60.0,,dihalobenzene (benzyne precursor),PhLi,aryllithium (via carbolithiation of benzyne),,synthetic,alcohol product,,,,,Ic1ccccc1I,[Li]c1ccccc1,,,,0.1,,10.0,
three-component-coupling-based-on-flash-chemistry-carbolithiation-of-benzyne-with-functionalized-aryllithiums-followed,0.0,C-C coupling,,,10.1021/ja5071762,2014.0,tR1,0.3091,,-60.0,,dihalobenzene (benzyne precursor),PhLi,aryllithium (via carbolithiation of benzyne),,synthetic,alcohol product,,,,,Ic1ccccc1I,[Li]c1ccccc1,,,,0.316,,0.0,
three-component-coupling-based-on-flash-chemistry-carbolithiation-of-benzyne-with-functionalized-aryllithiums-followed,0.0,C-C coupling,,,10.1021/ja5071762,2014.0,tR1,0.6689,,-60.0,,dihalobenzene (benzyne precursor),PhLi,aryllithium (via carbolithiation of benzyne),,synthetic,alcohol product,,,,,Ic1ccccc1I,[Li]c1ccccc1,,,,1.0,,0.0,
three-component-coupling-based-on-flash-chemistry-carbolithiation-of-benzyne-with-functionalized-aryllithiums-followed,0.0,C-C coupling,,,10.1021/ja5071762,2014.0,tR1,1.3122,,-60.0,,dihalobenzene (benzyne precursor),PhLi,aryllithium (via carbolithiation of benzyne),,synthetic,alcohol product,,,,,Ic1ccccc1I,[Li]c1ccccc1,,,,3.16,,0.0,
three-component-coupling-based-on-flash-chemistry-carbolithiation-of-benzyne-with-functionalized-aryllithiums-followed,0.0,C-C coupling,,,10.1021/ja5071762,2014.0,tR1,5.9611,,-60.0,,dihalobenzene (benzyne precursor),PhLi,aryllithium (via carbolithiation of benzyne),,synthetic,alcohol product,,,,,Ic1ccccc1I,[Li]c1ccccc1,,,,31.6,,0.0,
three-component-coupling-based-on-flash-chemistry-carbolithiation-of-benzyne-with-functionalized-aryllithiums-followed,81.0,C-C coupling,,,10.1021/ja5071762,2014.0,tR1,0.0099,,-70.0,,dihalobenzene (benzyne precursor),PhLi,aryllithium (via carbolithiation of benzyne),,synthetic,alcohol product,,,,,Ic1ccccc1I,[Li]c1ccccc1,,,,0.01,,81.0,
three-component-coupling-based-on-flash-chemistry-carbolithiation-of-benzyne-with-functionalized-aryllithiums-followed,75.0,C-C coupling,,,10.1021/ja5071762,2014.0,tR1,0.0385,,-70.0,,dihalobenzene (benzyne precursor),PhLi,aryllithium (via carbolithiation of benzyne),,synthetic,alcohol product,,,,,Ic1ccccc1I,[Li]c1ccccc1,,,,0.0316,,75.0,
three-component-coupling-based-on-flash-chemistry-carbolithiation-of-benzyne-with-functionalized-aryllithiums-followed,55.0,C-C coupling,,,10.1021/ja5071762,2014.0,tR1,0.164,,-70.0,,dihalobenzene (benzyne precursor),PhLi,aryllithium (via carbolithiation of benzyne),,synthetic,alcohol product,,,,,Ic1ccccc1I,[Li]c1ccccc1,,,,0.1,,55.0,
three-component-coupling-based-on-flash-chemistry-carbolithiation-of-benzyne-with-functionalized-aryllithiums-followed,36.0,C-C coupling,,,10.1021/ja5071762,2014.0,tR1,0.3091,,-70.0,,dihalobenzene (benzyne precursor),PhLi,aryllithium (via carbolithiation of benzyne),,synthetic,alcohol product,,,,,Ic1ccccc1I,[Li]c1ccccc1,,,,0.316,,36.0,
three-component-coupling-based-on-flash-chemistry-carbolithiation-of-benzyne-with-functionalized-aryllithiums-followed,14.0,C-C coupling,,,10.1021/ja5071762,2014.0,tR1,0.6689,,-70.0,,dihalobenzene (benzyne precursor),PhLi,aryllithium (via carbolithiation of benzyne),,synthetic,alcohol product,,,,,Ic1ccccc1I,[Li]c1ccccc1,,,,1.0,,14.0,
three-component-coupling-based-on-flash-chemistry-carbolithiation-of-benzyne-with-functionalized-aryllithiums-followed,5.0,C-C coupling,,,10.1021/ja5071762,2014.0,tR1,1.3122,,-70.0,,dihalobenzene (benzyne precursor),PhLi,aryllithium (via carbolithiation of benzyne),,synthetic,alcohol product,,,,,Ic1ccccc1I,[Li]c1ccccc1,,,,3.16,,5.0,
three-component-coupling-based-on-flash-chemistry-carbolithiation-of-benzyne-with-functionalized-aryllithiums-followed,9.0,C-C coupling,,,10.1021/ja5071762,2014.0,tR1,2.5513,,-70.0,,dihalobenzene (benzyne precursor),PhLi,aryllithium (via carbolithiation of benzyne),,synthetic,alcohol product,,,,,Ic1ccccc1I,[Li]c1ccccc1,,,,10.0,,9.0,
three-component-coupling-based-on-flash-chemistry-carbolithiation-of-benzyne-with-functionalized-aryllithiums-followed,0.0,C-C coupling,,,10.1021/ja5071762,2014.0,tR1,5.9611,,-70.0,,dihalobenzene (benzyne precursor),PhLi,aryllithium (via carbolithiation of benzyne),,synthetic,alcohol product,,,,,Ic1ccccc1I,[Li]c1ccccc1,,,,31.6,,0.0,
three-component-coupling-based-on-flash-chemistry-carbolithiation-of-benzyne-with-functionalized-aryllithiums-followed,76.0,C-C coupling,,,10.1021/ja5071762,2014.0,tR1,0.0099,,-78.0,,dihalobenzene (benzyne precursor),PhLi,aryllithium (via carbolithiation of benzyne),,synthetic,alcohol product,,,,,Ic1ccccc1I,[Li]c1ccccc1,,,,0.01,,76.0,
three-component-coupling-based-on-flash-chemistry-carbolithiation-of-benzyne-with-functionalized-aryllithiums-followed,72.0,C-C coupling,,,10.1021/ja5071762,2014.0,tR1,0.0385,,-78.0,,dihalobenzene (benzyne precursor),PhLi,aryllithium (via carbolithiation of benzyne),,synthetic,alcohol product,,,,,Ic1ccccc1I,[Li]c1ccccc1,,,,0.0316,,72.0,
three-component-coupling-based-on-flash-chemistry-carbolithiation-of-benzyne-with-functionalized-aryllithiums-followed,68.0,C-C coupling,,,10.1021/ja5071762,2014.0,tR1,0.164,,-78.0,,dihalobenzene (benzyne precursor),PhLi,aryllithium (via carbolithiation of benzyne),,synthetic,alcohol product,,,,,Ic1ccccc1I,[Li]c1ccccc1,,,,0.1,,68.0,
three-component-coupling-based-on-flash-chemistry-carbolithiation-of-benzyne-with-functionalized-aryllithiums-followed,71.0,C-C coupling,,,10.1021/ja5071762,2014.0,tR1,0.3091,,-78.0,,dihalobenzene (benzyne precursor),PhLi,aryllithium (via carbolithiation of benzyne),,synthetic,alcohol product,,,,,Ic1ccccc1I,[Li]c1ccccc1,,,,0.316,,71.0,
three-component-coupling-based-on-flash-chemistry-carbolithiation-of-benzyne-with-functionalized-aryllithiums-followed,65.0,C-C coupling,,,10.1021/ja5071762,2014.0,tR1,0.6689,,-78.0,,dihalobenzene (benzyne precursor),PhLi,aryllithium (via carbolithiation of benzyne),,synthetic,alcohol product,,,,,Ic1ccccc1I,[Li]c1ccccc1,,,,1.0,,65.0,
three-component-coupling-based-on-flash-chemistry-carbolithiation-of-benzyne-with-functionalized-aryllithiums-followed,43.0,C-C coupling,,,10.1021/ja5071762,2014.0,tR1,1.3122,,-78.0,,dihalobenzene (benzyne precursor),PhLi,aryllithium (via carbolithiation of benzyne),,synthetic,alcohol product,,,,,Ic1ccccc1I,[Li]c1ccccc1,,,,3.16,,43.0,
three-component-coupling-based-on-flash-chemistry-carbolithiation-of-benzyne-with-functionalized-aryllithiums-followed,23.0,C-C coupling,,,10.1021/ja5071762,2014.0,tR1,2.5513,,-78.0,,dihalobenzene (benzyne precursor),PhLi,aryllithium (via carbolithiation of benzyne),,synthetic,alcohol product,,,,,Ic1ccccc1I,[Li]c1ccccc1,,,,10.0,,23.0,
three-component-coupling-based-on-flash-chemistry-carbolithiation-of-benzyne-with-functionalized-aryllithiums-followed,4.0,C-C coupling,,,10.1021/ja5071762,2014.0,tR1,5.9611,,-78.0,,dihalobenzene (benzyne precursor),PhLi,aryllithium (via carbolithiation of benzyne),,synthetic,alcohol product,,,,,Ic1ccccc1I,[Li]c1ccccc1,,,,31.6,,,
three-component-coupling-based-on-flash-chemistry-carbolithiation-of-benzyne-with-functionalized-aryllithiums-followed,75.0,C-C coupling,,,10.1021/ja5071762,2014.0,tR1,0.0099,,-50.0,,dihalobenzene (benzyne precursor),PhLi,aryllithium (via carbolithiation of benzyne),,synthetic,alcohol product,,,,,Ic1ccccc1I,[Li]c1ccccc1,,,,0.01,,75.0,
three-component-coupling-based-on-flash-chemistry-carbolithiation-of-benzyne-with-functionalized-aryllithiums-followed,85.0,C-C coupling,,,10.1021/ja5071762,2014.0,tR1,0.0385,,-50.0,,dihalobenzene (benzyne precursor),PhLi,aryllithium (via carbolithiation of benzyne),,synthetic,alcohol product,,,,,Ic1ccccc1I,[Li]c1ccccc1,,,,0.0316,,85.0,
three-component-coupling-based-on-flash-chemistry-carbolithiation-of-benzyne-with-functionalized-aryllithiums-followed,58.0,C-C coupling,,,10.1021/ja5071762,2014.0,tR1,0.164,,-50.0,,dihalobenzene (benzyne precursor),PhLi,aryllithium (via carbolithiation of benzyne),,synthetic,alcohol product,,,,,Ic1ccccc1I,[Li]c1ccccc1,,,,0.1,,58.0,
three-component-coupling-based-on-flash-chemistry-carbolithiation-of-benzyne-with-functionalized-aryllithiums-followed,37.0,C-C coupling,,,10.1021/ja5071762,2014.0,tR1,0.3091,,-50.0,,dihalobenzene (benzyne precursor),PhLi,aryllithium (via carbolithiation of benzyne),,synthetic,alcohol product,,,,,Ic1ccccc1I,[Li]c1ccccc1,,,,0.316,,37.0,
three-component-coupling-based-on-flash-chemistry-carbolithiation-of-benzyne-with-functionalized-aryllithiums-followed,33.0,C-C coupling,,,10.1021/ja5071762,2014.0,tR1,0.6689,,-50.0,,dihalobenzene (benzyne precursor),PhLi,aryllithium (via carbolithiation of benzyne),,synthetic,alcohol product,,,,,Ic1ccccc1I,[Li]c1ccccc1,,,,1.0,,33.0,
three-component-coupling-based-on-flash-chemistry-carbolithiation-of-benzyne-with-functionalized-aryllithiums-followed,14.0,C-C coupling,,,10.1021/ja5071762,2014.0,tR1,1.3122,,-50.0,,dihalobenzene (benzyne precursor),PhLi,aryllithium (via carbolithiation of benzyne),,synthetic,alcohol product,,,,,Ic1ccccc1I,[Li]c1ccccc1,,,,3.16,,14.0,
three-component-coupling-based-on-flash-chemistry-carbolithiation-of-benzyne-with-functionalized-aryllithiums-followed,0.0,C-C coupling,,,10.1021/ja5071762,2014.0,tR1,2.5513,,-50.0,,dihalobenzene (benzyne precursor),PhLi,aryllithium (via carbolithiation of benzyne),,synthetic,alcohol product,,,,,Ic1ccccc1I,[Li]c1ccccc1,,,,10.0,,0.0,
three-component-coupling-based-on-flash-chemistry-carbolithiation-of-benzyne-with-functionalized-aryllithiums-followed,0.0,C-C coupling,,,10.1021/ja5071762,2014.0,tR1,5.9611,,-50.0,,dihalobenzene (benzyne precursor),PhLi,aryllithium (via carbolithiation of benzyne),,synthetic,alcohol product,,,,,Ic1ccccc1I,[Li]c1ccccc1,,,,31.6,,0.0,
three-component-coupling-based-on-flash-chemistry-carbolithiation-of-benzyne-with-functionalized-aryllithiums-followed,74.0,C-C coupling,,,10.1021/ja5071762,2014.0,tR1,0.0099,,-60.0,,dihalobenzene (benzyne precursor),PhLi,aryllithium (via carbolithiation of benzyne),,synthetic,alcohol product,,,,,Ic1ccccc1I,[Li]c1ccccc1,,,,0.01,,74.0,
three-component-coupling-based-on-flash-chemistry-carbolithiation-of-benzyne-with-functionalized-aryllithiums-followed,88.0,C-C coupling,,,10.1021/ja5071762,2014.0,tR1,0.0385,,-60.0,,dihalobenzene (benzyne precursor),PhLi,aryllithium (via carbolithiation of benzyne),,synthetic,alcohol product,,,,,Ic1ccccc1I,[Li]c1ccccc1,,,,0.0316,,88.0,
three-component-coupling-based-on-flash-chemistry-carbolithiation-of-benzyne-with-functionalized-aryllithiums-followed,84.0,C-C coupling,,,10.1021/ja5071762,2014.0,tR1,0.164,,-60.0,,dihalobenzene (benzyne precursor),PhLi,aryllithium (via carbolithiation of benzyne),,synthetic,alcohol product,,,,,Ic1ccccc1I,[Li]c1ccccc1,,,,0.1,,84.0,
three-component-coupling-based-on-flash-chemistry-carbolithiation-of-benzyne-with-functionalized-aryllithiums-followed,81.0,C-C coupling,,,10.1021/ja5071762,2014.0,tR1,0.3091,,-60.0,,dihalobenzene (benzyne precursor),PhLi,aryllithium (via carbolithiation of benzyne),,synthetic,alcohol product,,,,,Ic1ccccc1I,[Li]c1ccccc1,,,,0.316,,81.0,
three-component-coupling-based-on-flash-chemistry-carbolithiation-of-benzyne-with-functionalized-aryllithiums-followed,64.0,C-C coupling,,,10.1021/ja5071762,2014.0,tR1,0.6689,,-60.0,,dihalobenzene (benzyne precursor),PhLi,aryllithium (via carbolithiation of benzyne),,synthetic,alcohol product,,,,,Ic1ccccc1I,[Li]c1ccccc1,,,,1.0,,64.0,
three-component-coupling-based-on-flash-chemistry-carbolithiation-of-benzyne-with-functionalized-aryllithiums-followed,18.0,C-C coupling,,,10.1021/ja5071762,2014.0,tR1,1.3122,,-60.0,,dihalobenzene (benzyne precursor),PhLi,aryllithium (via carbolithiation of benzyne),,synthetic,alcohol product,,,,,Ic1ccccc1I,[Li]c1ccccc1,,,,3.16,,18.0,
three-component-coupling-based-on-flash-chemistry-carbolithiation-of-benzyne-with-functionalized-aryllithiums-followed,18.0,C-C coupling,,,10.1021/ja5071762,2014.0,tR1,2.5513,,-60.0,,dihalobenzene (benzyne precursor),PhLi,aryllithium (via carbolithiation of benzyne),,synthetic,alcohol product,,,,,Ic1ccccc1I,[Li]c1ccccc1,,,,10.0,,18.0,
three-component-coupling-based-on-flash-chemistry-carbolithiation-of-benzyne-with-functionalized-aryllithiums-followed,8.0,C-C coupling,,,10.1021/ja5071762,2014.0,tR1,5.9611,,-60.0,,dihalobenzene (benzyne precursor),PhLi,aryllithium (via carbolithiation of benzyne),,synthetic,alcohol product,,,,,Ic1ccccc1I,[Li]c1ccccc1,,,,31.6,,8.0,
three-component-coupling-based-on-flash-chemistry-carbolithiation-of-benzyne-with-functionalized-aryllithiums-followed,76.0,C-C coupling,,,10.1021/ja5071762,2014.0,tR1,0.0099,,-70.0,,dihalobenzene (benzyne precursor),PhLi,aryllithium (via carbolithiation of benzyne),,synthetic,alcohol product,,,,,Ic1ccccc1I,[Li]c1ccccc1,,,,0.01,,76.0,
three-component-coupling-based-on-flash-chemistry-carbolithiation-of-benzyne-with-functionalized-aryllithiums-followed,83.0,C-C coupling,,,10.1021/ja5071762,2014.0,tR1,0.0385,,-70.0,,dihalobenzene (benzyne precursor),PhLi,aryllithium (via carbolithiation of benzyne),,synthetic,alcohol product,,,,,Ic1ccccc1I,[Li]c1ccccc1,,,,0.0316,,83.0,
three-component-coupling-based-on-flash-chemistry-carbolithiation-of-benzyne-with-functionalized-aryllithiums-followed,93.0,C-C coupling,,,10.1021/ja5071762,2014.0,tR1,0.164,,-70.0,,dihalobenzene (benzyne precursor),PhLi,aryllithium (via carbolithiation of benzyne),,synthetic,alcohol product,,,,,Ic1ccccc1I,[Li]c1ccccc1,,,,0.1,,93.0,
three-component-coupling-based-on-flash-chemistry-carbolithiation-of-benzyne-with-functionalized-aryllithiums-followed,90.0,C-C coupling,,,10.1021/ja5071762,2014.0,tR1,0.3091,,-70.0,,dihalobenzene (benzyne precursor),PhLi,aryllithium (via carbolithiation of benzyne),,synthetic,alcohol product,,,,,Ic1ccccc1I,[Li]c1ccccc1,,,,0.316,,90.0,
three-component-coupling-based-on-flash-chemistry-carbolithiation-of-benzyne-with-functionalized-aryllithiums-followed,89.0,C-C coupling,,,10.1021/ja5071762,2014.0,tR1,0.6689,,-70.0,,dihalobenzene (benzyne precursor),PhLi,aryllithium (via carbolithiation of benzyne),,synthetic,alcohol product,,,,,Ic1ccccc1I,[Li]c1ccccc1,,,,1.0,,89.0,
three-component-coupling-based-on-flash-chemistry-carbolithiation-of-benzyne-with-functionalized-aryllithiums-followed,83.0,C-C coupling,,,10.1021/ja5071762,2014.0,tR1,1.3122,,-70.0,,dihalobenzene (benzyne precursor),PhLi,aryllithium (via carbolithiation of benzyne),,synthetic,alcohol product,,,,,Ic1ccccc1I,[Li]c1ccccc1,,,,3.16,,83.0,
three-component-coupling-based-on-flash-chemistry-carbolithiation-of-benzyne-with-functionalized-aryllithiums-followed,71.0,C-C coupling,,,10.1021/ja5071762,2014.0,tR1,2.5513,,-70.0,,dihalobenzene (benzyne precursor),PhLi,aryllithium (via carbolithiation of benzyne),,synthetic,alcohol product,,,,,Ic1ccccc1I,[Li]c1ccccc1,,,,10.0,,71.0,
three-component-coupling-based-on-flash-chemistry-carbolithiation-of-benzyne-with-functionalized-aryllithiums-followed,60.0,C-C coupling,,,10.1021/ja5071762,2014.0,tR1,5.9611,,-70.0,,dihalobenzene (benzyne precursor),PhLi,aryllithium (via carbolithiation of benzyne),,synthetic,alcohol product,,,,,Ic1ccccc1I,[Li]c1ccccc1,,,,31.6,,60.0,
three-component-coupling-based-on-flash-chemistry-carbolithiation-of-benzyne-with-functionalized-aryllithiums-followed,70.0,C-C coupling,,,10.1021/ja5071762,2014.0,tR1,0.0099,,-78.0,,dihalobenzene (benzyne precursor),PhLi,aryllithium (via carbolithiation of benzyne),,synthetic,alcohol product,,,,,Ic1ccccc1I,[Li]c1ccccc1,,,,0.01,,70.0,
three-component-coupling-based-on-flash-chemistry-carbolithiation-of-benzyne-with-functionalized-aryllithiums-followed,79.0,C-C coupling,,,10.1021/ja5071762,2014.0,tR1,0.0385,,-78.0,,dihalobenzene (benzyne precursor),PhLi,aryllithium (via carbolithiation of benzyne),,synthetic,alcohol product,,,,,Ic1ccccc1I,[Li]c1ccccc1,,,,0.0316,,79.0,
three-component-coupling-based-on-flash-chemistry-carbolithiation-of-benzyne-with-functionalized-aryllithiums-followed,86.0,C-C coupling,,,10.1021/ja5071762,2014.0,tR1,0.164,,-78.0,,dihalobenzene (benzyne precursor),PhLi,aryllithium (via carbolithiation of benzyne),,synthetic,alcohol product,,,,,Ic1ccccc1I,[Li]c1ccccc1,,,,0.1,,86.0,
three-component-coupling-based-on-flash-chemistry-carbolithiation-of-benzyne-with-functionalized-aryllithiums-followed,80.0,C-C coupling,,,10.1021/ja5071762,2014.0,tR1,0.3091,,-78.0,,dihalobenzene (benzyne precursor),PhLi,aryllithium (via carbolithiation of benzyne),,synthetic,alcohol product,,,,,Ic1ccccc1I,[Li]c1ccccc1,,,,0.316,,80.0,
three-component-coupling-based-on-flash-chemistry-carbolithiation-of-benzyne-with-functionalized-aryllithiums-followed,87.0,C-C coupling,,,10.1021/ja5071762,2014.0,tR1,0.6689,,-78.0,,dihalobenzene (benzyne precursor),PhLi,aryllithium (via carbolithiation of benzyne),,synthetic,alcohol product,,,,,Ic1ccccc1I,[Li]c1ccccc1,,,,1.0,,87.0,
three-component-coupling-based-on-flash-chemistry-carbolithiation-of-benzyne-with-functionalized-aryllithiums-followed,81.0,C-C coupling,,,10.1021/ja5071762,2014.0,tR1,1.3122,,-78.0,,dihalobenzene (benzyne precursor),PhLi,aryllithium (via carbolithiation of benzyne),,synthetic,alcohol product,,,,,Ic1ccccc1I,[Li]c1ccccc1,,,,3.16,,81.0,
three-component-coupling-based-on-flash-chemistry-carbolithiation-of-benzyne-with-functionalized-aryllithiums-followed,81.0,C-C coupling,,,10.1021/ja5071762,2014.0,tR1,2.5513,,-78.0,,dihalobenzene (benzyne precursor),PhLi,aryllithium (via carbolithiation of benzyne),,synthetic,alcohol product,,,,,Ic1ccccc1I,[Li]c1ccccc1,,,,10.0,,81.0,
three-component-coupling-based-on-flash-chemistry-carbolithiation-of-benzyne-with-functionalized-aryllithiums-followed,76.0,C-C coupling,,,10.1021/ja5071762,2014.0,tR1,5.9611,,-78.0,,dihalobenzene (benzyne precursor),PhLi,aryllithium (via carbolithiation of benzyne),,synthetic,alcohol product,,,,,Ic1ccccc1I,[Li]c1ccccc1,,,,31.6,,76.0,
Nagaki et al. 2010 - Generation and reactions of oxiranyllithiums by use of a flow microreactor system,68.0,directed metalation,tetrahydrofuran,flow microreactor,10.1002/chem.201000815,2010.0,tR1,0.39811,,20.0,,epibromohydrin,s-BuLi,oxiranyllithium,,quench_probe,oxiranyllithium intermediate,0.1,0.75,,0.45,BrCC1CO1,CCC([Li])C,[Li]C1CO1,,[Li]C1CO1,0.316,,,"存疑:已删除24行误检,双热图源(04+10)"
Nagaki et al. 2010 - Generation and reactions of oxiranyllithiums by use of a flow microreactor system,19.0,directed metalation,tetrahydrofuran,flow microreactor,10.1002/chem.201000815,2010.0,tR1,0.79433,,20.0,,epibromohydrin,s-BuLi,oxiranyllithium,,quench_probe,oxiranyllithium intermediate,0.1,0.75,,0.45,BrCC1CO1,CCC([Li])C,[Li]C1CO1,,[Li]C1CO1,1.0,,,"存疑:已删除24行误检,双热图源(04+10)"
Nagaki et al. 2010 - Generation and reactions of oxiranyllithiums by use of a flow microreactor system,4.0,directed metalation,tetrahydrofuran,flow microreactor,10.1002/chem.201000815,2010.0,tR1,1.58489,,20.0,,epibromohydrin,s-BuLi,oxiranyllithium,,quench_probe,oxiranyllithium intermediate,0.1,0.75,,0.45,BrCC1CO1,CCC([Li])C,[Li]C1CO1,,[Li]C1CO1,3.16,,,"存疑:已删除24行误检,双热图源(04+10)"
Nagaki et al. 2010 - Generation and reactions of oxiranyllithiums by use of a flow microreactor system,3.0,directed metalation,tetrahydrofuran,flow microreactor,10.1002/chem.201000815,2010.0,tR1,3.16228,,20.0,,epibromohydrin,s-BuLi,oxiranyllithium,,quench_probe,oxiranyllithium intermediate,0.1,0.75,,0.45,BrCC1CO1,CCC([Li])C,[Li]C1CO1,,[Li]C1CO1,10.0,,,"存疑:已删除24行误检,双热图源(04+10)"
Nagaki et al. 2010 - Generation and reactions of oxiranyllithiums by use of a flow microreactor system,91.0,directed metalation,tetrahydrofuran,flow microreactor,10.1002/chem.201000815,2010.0,tR1,0.39811,,0.0,,epibromohydrin,s-BuLi,oxiranyllithium,,quench_probe,oxiranyllithium intermediate,0.1,0.75,,0.45,BrCC1CO1,CCC([Li])C,[Li]C1CO1,,[Li]C1CO1,0.316,,,"存疑:已删除24行误检,双热图源(04+10)"
Nagaki et al. 2010 - Generation and reactions of oxiranyllithiums by use of a flow microreactor system,86.0,directed metalation,tetrahydrofuran,flow microreactor,10.1002/chem.201000815,2010.0,tR1,0.79433,,0.0,,epibromohydrin,s-BuLi,oxiranyllithium,,quench_probe,oxiranyllithium intermediate,0.1,0.75,,0.45,BrCC1CO1,CCC([Li])C,[Li]C1CO1,,[Li]C1CO1,1.0,,,"存疑:已删除24行误检,双热图源(04+10)"
Nagaki et al. 2010 - Generation and reactions of oxiranyllithiums by use of a flow microreactor system,65.0,directed metalation,tetrahydrofuran,flow microreactor,10.1002/chem.201000815,2010.0,tR1,1.58489,,0.0,,epibromohydrin,s-BuLi,oxiranyllithium,,quench_probe,oxiranyllithium intermediate,0.1,0.75,,0.45,BrCC1CO1,CCC([Li])C,[Li]C1CO1,,[Li]C1CO1,3.16,,,"存疑:已删除24行误检,双热图源(04+10)"
Nagaki et al. 2010 - Generation and reactions of oxiranyllithiums by use of a flow microreactor system,16.0,directed metalation,tetrahydrofuran,flow microreactor,10.1002/chem.201000815,2010.0,tR1,3.16228,,0.0,,epibromohydrin,s-BuLi,oxiranyllithium,,quench_probe,oxiranyllithium intermediate,0.1,0.75,,0.45,BrCC1CO1,CCC([Li])C,[Li]C1CO1,,[Li]C1CO1,10.0,,,"存疑:已删除24行误检,双热图源(04+10)"
Nagaki et al. 2010 - Generation and reactions of oxiranyllithiums by use of a flow microreactor system,92.0,directed metalation,tetrahydrofuran,flow microreactor,10.1002/chem.201000815,2010.0,tR1,0.39811,,-20.0,,epibromohydrin,s-BuLi,oxiranyllithium,,quench_probe,oxiranyllithium intermediate,0.1,0.75,,0.45,BrCC1CO1,CCC([Li])C,[Li]C1CO1,,[Li]C1CO1,0.316,,92.0,"存疑:已删除24行误检,双热图源(04+10)"
Nagaki et al. 2010 - Generation and reactions of oxiranyllithiums by use of a flow microreactor system,92.0,directed metalation,tetrahydrofuran,flow microreactor,10.1002/chem.201000815,2010.0,tR1,0.79433,,-20.0,,epibromohydrin,s-BuLi,oxiranyllithium,,quench_probe,oxiranyllithium intermediate,0.1,0.75,,0.45,BrCC1CO1,CCC([Li])C,[Li]C1CO1,,[Li]C1CO1,1.0,,92.0,"存疑:已删除24行误检,双热图源(04+10)"
Nagaki et al. 2010 - Generation and reactions of oxiranyllithiums by use of a flow microreactor system,92.0,directed metalation,tetrahydrofuran,flow microreactor,10.1002/chem.201000815,2010.0,tR1,1.58489,,-20.0,,epibromohydrin,s-BuLi,oxiranyllithium,,quench_probe,oxiranyllithium intermediate,0.1,0.75,,0.45,BrCC1CO1,CCC([Li])C,[Li]C1CO1,,[Li]C1CO1,3.16,,92.0,"存疑:已删除24行误检,双热图源(04+10)"
Nagaki et al. 2010 - Generation and reactions of oxiranyllithiums by use of a flow microreactor system,90.0,directed metalation,tetrahydrofuran,flow microreactor,10.1002/chem.201000815,2010.0,tR1,3.16228,,-20.0,,epibromohydrin,s-BuLi,oxiranyllithium,,quench_probe,oxiranyllithium intermediate,0.1,0.75,,0.45,BrCC1CO1,CCC([Li])C,[Li]C1CO1,,[Li]C1CO1,10.0,,90.0,"存疑:已删除24行误检,双热图源(04+10)"
Nagaki et al. 2010 - Generation and reactions of oxiranyllithiums by use of a flow microreactor system,93.0,directed metalation,tetrahydrofuran,flow microreactor,10.1002/chem.201000815,2010.0,tR1,0.39811,,-40.0,,epibromohydrin,s-BuLi,oxiranyllithium,,quench_probe,oxiranyllithium intermediate,0.1,0.75,,0.45,BrCC1CO1,CCC([Li])C,[Li]C1CO1,,[Li]C1CO1,0.316,,,"存疑:已删除24行误检,双热图源(04+10)"
Nagaki et al. 2010 - Generation and reactions of oxiranyllithiums by use of a flow microreactor system,94.0,directed metalation,tetrahydrofuran,flow microreactor,10.1002/chem.201000815,2010.0,tR1,0.79433,,-40.0,,epibromohydrin,s-BuLi,oxiranyllithium,,quench_probe,oxiranyllithium intermediate,0.1,0.75,,0.45,BrCC1CO1,CCC([Li])C,[Li]C1CO1,,[Li]C1CO1,1.0,,94.0,"存疑:已删除24行误检,双热图源(04+10)"
Nagaki et al. 2010 - Generation and reactions of oxiranyllithiums by use of a flow microreactor system,94.0,directed metalation,tetrahydrofuran,flow microreactor,10.1002/chem.201000815,2010.0,tR1,1.58489,,-40.0,,epibromohydrin,s-BuLi,oxiranyllithium,,quench_probe,oxiranyllithium intermediate,0.1,0.75,,0.45,BrCC1CO1,CCC([Li])C,[Li]C1CO1,,[Li]C1CO1,3.16,,94.0,"存疑:已删除24行误检,双热图源(04+10)"
Nagaki et al. 2010 - Generation and reactions of oxiranyllithiums by use of a flow microreactor system,94.0,directed metalation,tetrahydrofuran,flow microreactor,10.1002/chem.201000815,2010.0,tR1,3.16228,,-40.0,,epibromohydrin,s-BuLi,oxiranyllithium,,quench_probe,oxiranyllithium intermediate,0.1,0.75,,0.45,BrCC1CO1,CCC([Li])C,[Li]C1CO1,,[Li]C1CO1,10.0,,94.0,"存疑:已删除24行误检,双热图源(04+10)"
Nagaki et al. 2010 - Generation and reactions of oxiranyllithiums by use of a flow microreactor system,4.0,directed metalation,tetrahydrofuran,flow microreactor,10.1002/chem.201000815,2010.0,tR1,0.39811,,20.0,,epibromohydrin,s-BuLi,oxiranyllithium,,quench_probe,oxiranyllithium intermediate,0.1,0.75,,0.45,BrCC1CO1,CCC([Li])C,[Li]C1CO1,,[Li]C1CO1,0.316,,,"存疑:已删除24行误检,双热图源(04+10)"
Nagaki et al. 2010 - Generation and reactions of oxiranyllithiums by use of a flow microreactor system,1.0,directed metalation,tetrahydrofuran,flow microreactor,10.1002/chem.201000815,2010.0,tR1,0.79433,,20.0,,epibromohydrin,s-BuLi,oxiranyllithium,,quench_probe,oxiranyllithium intermediate,0.1,0.75,,0.45,BrCC1CO1,CCC([Li])C,[Li]C1CO1,,[Li]C1CO1,1.0,,1.0,"存疑:已删除24行误检,双热图源(04+10)"
Nagaki et al. 2010 - Generation and reactions of oxiranyllithiums by use of a flow microreactor system,1.0,directed metalation,tetrahydrofuran,flow microreactor,10.1002/chem.201000815,2010.0,tR1,1.58489,,20.0,,epibromohydrin,s-BuLi,oxiranyllithium,,quench_probe,oxiranyllithium intermediate,0.1,0.75,,0.45,BrCC1CO1,CCC([Li])C,[Li]C1CO1,,[Li]C1CO1,3.16,,1.0,"存疑:已删除24行误检,双热图源(04+10)"
Nagaki et al. 2010 - Generation and reactions of oxiranyllithiums by use of a flow microreactor system,2.0,directed metalation,tetrahydrofuran,flow microreactor,10.1002/chem.201000815,2010.0,tR1,3.16228,,20.0,,epibromohydrin,s-BuLi,oxiranyllithium,,quench_probe,oxiranyllithium intermediate,0.1,0.75,,0.45,BrCC1CO1,CCC([Li])C,[Li]C1CO1,,[Li]C1CO1,10.0,,2.0,"存疑:已删除24行误检,双热图源(04+10)"
Nagaki et al. 2010 - Generation and reactions of oxiranyllithiums by use of a flow microreactor system,23.0,directed metalation,tetrahydrofuran,flow microreactor,10.1002/chem.201000815,2010.0,tR1,0.39811,,0.0,,epibromohydrin,s-BuLi,oxiranyllithium,,quench_probe,oxiranyllithium intermediate,0.1,0.75,,0.45,BrCC1CO1,CCC([Li])C,[Li]C1CO1,,[Li]C1CO1,0.316,,,"存疑:已删除24行误检,双热图源(04+10)"
Nagaki et al. 2010 - Generation and reactions of oxiranyllithiums by use of a flow microreactor system,24.0,directed metalation,tetrahydrofuran,flow microreactor,10.1002/chem.201000815,2010.0,tR1,0.79433,,0.0,,epibromohydrin,s-BuLi,oxiranyllithium,,quench_probe,oxiranyllithium intermediate,0.1,0.75,,0.45,BrCC1CO1,CCC([Li])C,[Li]C1CO1,,[Li]C1CO1,1.0,,,"存疑:已删除24行误检,双热图源(04+10)"
Nagaki et al. 2010 - Generation and reactions of oxiranyllithiums by use of a flow microreactor system,2.0,directed metalation,tetrahydrofuran,flow microreactor,10.1002/chem.201000815,2010.0,tR1,1.58489,,0.0,,epibromohydrin,s-BuLi,oxiranyllithium,,quench_probe,oxiranyllithium intermediate,0.1,0.75,,0.45,BrCC1CO1,CCC([Li])C,[Li]C1CO1,,[Li]C1CO1,0.0316,,,"存疑:已删除24行误检,双热图源(04+10)"
Nagaki et al. 2010 - Generation and reactions of oxiranyllithiums by use of a flow microreactor system,0.0,directed metalation,tetrahydrofuran,flow microreactor,10.1002/chem.201000815,2010.0,tR1,3.16228,,0.0,,epibromohydrin,s-BuLi,oxiranyllithium,,quench_probe,oxiranyllithium intermediate,0.1,0.75,,0.45,BrCC1CO1,CCC([Li])C,[Li]C1CO1,,[Li]C1CO1,10.0,,,"存疑:已删除24行误检,双热图源(04+10)"
Nagaki et al. 2010 - Generation and reactions of oxiranyllithiums by use of a flow microreactor system,5.0,directed metalation,tetrahydrofuran,flow microreactor,10.1002/chem.201000815,2010.0,tR1,0.39811,,-20.0,,epibromohydrin,s-BuLi,oxiranyllithium,,quench_probe,oxiranyllithium intermediate,0.1,0.75,,0.45,BrCC1CO1,CCC([Li])C,[Li]C1CO1,,[Li]C1CO1,0.316,,,"存疑:已删除24行误检,双热图源(04+10)"
Nagaki et al. 2010 - Generation and reactions of oxiranyllithiums by use of a flow microreactor system,19.0,directed metalation,tetrahydrofuran,flow microreactor,10.1002/chem.201000815,2010.0,tR1,0.79433,,-20.0,,epibromohydrin,s-BuLi,oxiranyllithium,,quench_probe,oxiranyllithium intermediate,0.1,0.75,,0.45,BrCC1CO1,CCC([Li])C,[Li]C1CO1,,[Li]C1CO1,1.0,,,"存疑:已删除24行误检,双热图源(04+10)"
Nagaki et al. 2010 - Generation and reactions of oxiranyllithiums by use of a flow microreactor system,46.0,directed metalation,tetrahydrofuran,flow microreactor,10.1002/chem.201000815,2010.0,tR1,1.58489,,-20.0,,epibromohydrin,s-BuLi,oxiranyllithium,,quench_probe,oxiranyllithium intermediate,0.1,0.75,,0.45,BrCC1CO1,CCC([Li])C,[Li]C1CO1,,[Li]C1CO1,3.16,,,"存疑:已删除24行误检,双热图源(04+10)"
Nagaki et al. 2010 - Generation and reactions of oxiranyllithiums by use of a flow microreactor system,62.0,directed metalation,tetrahydrofuran,flow microreactor,10.1002/chem.201000815,2010.0,tR1,3.16228,,-20.0,,epibromohydrin,s-BuLi,oxiranyllithium,,quench_probe,oxiranyllithium intermediate,0.1,0.75,,0.45,BrCC1CO1,CCC([Li])C,[Li]C1CO1,,[Li]C1CO1,10.0,,,"存疑:已删除24行误检,双热图源(04+10)"
Nagaki et al. 2010 - Generation and reactions of oxiranyllithiums by use of a flow microreactor system,1.0,directed metalation,tetrahydrofuran,flow microreactor,10.1002/chem.201000815,2010.0,tR1,0.39811,,-40.0,,epibromohydrin,s-BuLi,oxiranyllithium,,quench_probe,oxiranyllithium intermediate,0.1,0.75,,0.45,BrCC1CO1,CCC([Li])C,[Li]C1CO1,,[Li]C1CO1,0.316,,,"存疑:已删除24行误检,双热图源(04+10)"
Nagaki et al. 2010 - Generation and reactions of oxiranyllithiums by use of a flow microreactor system,5.0,directed metalation,tetrahydrofuran,flow microreactor,10.1002/chem.201000815,2010.0,tR1,0.79433,,-40.0,,epibromohydrin,s-BuLi,oxiranyllithium,,quench_probe,oxiranyllithium intermediate,0.1,0.75,,0.45,BrCC1CO1,CCC([Li])C,[Li]C1CO1,,[Li]C1CO1,1.0,,,"存疑:已删除24行误检,双热图源(04+10)"
Nagaki et al. 2010 - Generation and reactions of oxiranyllithiums by use of a flow microreactor system,13.0,directed metalation,tetrahydrofuran,flow microreactor,10.1002/chem.201000815,2010.0,tR1,1.58489,,-40.0,,epibromohydrin,s-BuLi,oxiranyllithium,,quench_probe,oxiranyllithium intermediate,0.1,0.75,,0.45,BrCC1CO1,CCC([Li])C,[Li]C1CO1,,[Li]C1CO1,3.16,,,"存疑:已删除24行误检,双热图源(04+10)"
Nagaki et al. 2010 - Generation and reactions of oxiranyllithiums by use of a flow microreactor system,41.0,directed metalation,tetrahydrofuran,flow microreactor,10.1002/chem.201000815,2010.0,tR1,3.16228,,-40.0,,epibromohydrin,s-BuLi,oxiranyllithium,,quench_probe,oxiranyllithium intermediate,0.1,0.75,,0.45,BrCC1CO1,CCC([Li])C,[Li]C1CO1,,[Li]C1CO1,0.0316,,,"存疑:已删除24行误检,双热图源(04+10)"
Nagaki et al. 2010 - Generation and reactions of oxiranyllithiums by use of a flow microreactor system,17.0,directed metalation,tetrahydrofuran,flow microreactor,10.1002/chem.201000815,2010.0,tR1,0.39811,,-40.0,,epibromohydrin,s-BuLi,oxiranyllithium,,quench_probe,oxiranyllithium intermediate,0.1,0.75,,0.45,BrCC1CO1,CCC([Li])C,[Li]C1CO1,,[Li]C1CO1,0.316,,,"存疑:已删除24行误检,双热图源(04+10)"
Nagaki et al. 2010 - Generation and reactions of oxiranyllithiums by use of a flow microreactor system,29.0,directed metalation,tetrahydrofuran,flow microreactor,10.1002/chem.201000815,2010.0,tR1,0.79433,,-40.0,,epibromohydrin,s-BuLi,oxiranyllithium,,quench_probe,oxiranyllithium intermediate,0.1,0.75,,0.45,BrCC1CO1,CCC([Li])C,[Li]C1CO1,,[Li]C1CO1,1.0,,,"存疑:已删除24行误检,双热图源(04+10)"
Nagaki et al. 2010 - Generation and reactions of oxiranyllithiums by use of a flow microreactor system,46.0,directed metalation,tetrahydrofuran,flow microreactor,10.1002/chem.201000815,2010.0,tR1,1.58489,,-40.0,,epibromohydrin,s-BuLi,oxiranyllithium,,quench_probe,oxiranyllithium intermediate,0.1,0.75,,0.45,BrCC1CO1,CCC([Li])C,[Li]C1CO1,,[Li]C1CO1,3.16,,,"存疑:已删除24行误检,双热图源(04+10)"
Nagaki et al. 2010 - Generation and reactions of oxiranyllithiums by use of a flow microreactor system,61.0,directed metalation,tetrahydrofuran,flow microreactor,10.1002/chem.201000815,2010.0,tR1,3.16228,,-40.0,,epibromohydrin,s-BuLi,oxiranyllithium,,quench_probe,oxiranyllithium intermediate,0.1,0.75,,0.45,BrCC1CO1,CCC([Li])C,[Li]C1CO1,,[Li]C1CO1,10.0,,,"存疑:已删除24行误检,双热图源(04+10)"
Nagaki et al. 2010 - Generation and reactions of oxiranyllithiums by use of a flow microreactor system,56.0,directed metalation,tetrahydrofuran,flow microreactor,10.1002/chem.201000815,2010.0,tR1,6.30957,,-40.0,,epibromohydrin,s-BuLi,oxiranyllithium,,quench_probe,oxiranyllithium intermediate,0.1,0.75,,0.45,BrCC1CO1,CCC([Li])C,[Li]C1CO1,,[Li]C1CO1,31.6,,,"存疑:已删除24行误检,双热图源(04+10)"
Nagaki et al. 2010 - Generation and reactions of oxiranyllithiums by use of a flow microreactor system,10.0,directed metalation,tetrahydrofuran,flow microreactor,10.1002/chem.201000815,2010.0,tR1,0.39811,,-50.0,,epibromohydrin,s-BuLi,oxiranyllithium,,quench_probe,oxiranyllithium intermediate,0.1,0.75,,0.45,BrCC1CO1,CCC([Li])C,[Li]C1CO1,,[Li]C1CO1,0.316,,,"存疑:已删除24行误检,双热图源(04+10)"
Nagaki et al. 2010 - Generation and reactions of oxiranyllithiums by use of a flow microreactor system,23.0,directed metalation,tetrahydrofuran,flow microreactor,10.1002/chem.201000815,2010.0,tR1,0.79433,,-50.0,,epibromohydrin,s-BuLi,oxiranyllithium,,quench_probe,oxiranyllithium intermediate,0.1,0.75,,0.45,BrCC1CO1,CCC([Li])C,[Li]C1CO1,,[Li]C1CO1,1.0,,,"存疑:已删除24行误检,双热图源(04+10)"
Nagaki et al. 2010 - Generation and reactions of oxiranyllithiums by use of a flow microreactor system,35.0,directed metalation,tetrahydrofuran,flow microreactor,10.1002/chem.201000815,2010.0,tR1,1.58489,,-50.0,,epibromohydrin,s-BuLi,oxiranyllithium,,quench_probe,oxiranyllithium intermediate,0.1,0.75,,0.45,BrCC1CO1,CCC([Li])C,[Li]C1CO1,,[Li]C1CO1,3.16,,,"存疑:已删除24行误检,双热图源(04+10)"
Nagaki et al. 2010 - Generation and reactions of oxiranyllithiums by use of a flow microreactor system,48.0,directed metalation,tetrahydrofuran,flow microreactor,10.1002/chem.201000815,2010.0,tR1,3.16228,,-50.0,,epibromohydrin,s-BuLi,oxiranyllithium,,quench_probe,oxiranyllithium intermediate,0.1,0.75,,0.45,BrCC1CO1,CCC([Li])C,[Li]C1CO1,,[Li]C1CO1,10.0,,,"存疑:已删除24行误检,双热图源(04+10)"
Nagaki et al. 2010 - Generation and reactions of oxiranyllithiums by use of a flow microreactor system,66.0,directed metalation,tetrahydrofuran,flow microreactor,10.1002/chem.201000815,2010.0,tR1,6.30957,,-50.0,,epibromohydrin,s-BuLi,oxiranyllithium,,quench_probe,oxiranyllithium intermediate,0.1,0.75,,0.45,BrCC1CO1,CCC([Li])C,[Li]C1CO1,,[Li]C1CO1,31.6,,,"存疑:已删除24行误检,双热图源(04+10)"
Nagaki et al. 2010 - Generation and reactions of oxiranyllithiums by use of a flow microreactor system,7.0,directed metalation,tetrahydrofuran,flow microreactor,10.1002/chem.201000815,2010.0,tR1,0.39811,,-60.0,,epibromohydrin,s-BuLi,oxiranyllithium,,quench_probe,oxiranyllithium intermediate,0.1,0.75,,0.45,BrCC1CO1,CCC([Li])C,[Li]C1CO1,,[Li]C1CO1,0.316,,,"存疑:已删除24行误检,双热图源(04+10)"
Nagaki et al. 2010 - Generation and reactions of oxiranyllithiums by use of a flow microreactor system,12.0,directed metalation,tetrahydrofuran,flow microreactor,10.1002/chem.201000815,2010.0,tR1,0.79433,,-60.0,,epibromohydrin,s-BuLi,oxiranyllithium,,quench_probe,oxiranyllithium intermediate,0.1,0.75,,0.45,BrCC1CO1,CCC([Li])C,[Li]C1CO1,,[Li]C1CO1,1.0,,,"存疑:已删除24行误检,双热图源(04+10)"
Nagaki et al. 2010 - Generation and reactions of oxiranyllithiums by use of a flow microreactor system,20.0,directed metalation,tetrahydrofuran,flow microreactor,10.1002/chem.201000815,2010.0,tR1,1.58489,,-60.0,,epibromohydrin,s-BuLi,oxiranyllithium,,quench_probe,oxiranyllithium intermediate,0.1,0.75,,0.45,BrCC1CO1,CCC([Li])C,[Li]C1CO1,,[Li]C1CO1,3.16,,,"存疑:已删除24行误检,双热图源(04+10)"
Nagaki et al. 2010 - Generation and reactions of oxiranyllithiums by use of a flow microreactor system,32.0,directed metalation,tetrahydrofuran,flow microreactor,10.1002/chem.201000815,2010.0,tR1,3.16228,,-60.0,,epibromohydrin,s-BuLi,oxiranyllithium,,quench_probe,oxiranyllithium intermediate,0.1,0.75,,0.45,BrCC1CO1,CCC([Li])C,[Li]C1CO1,,[Li]C1CO1,10.0,,,"存疑:已删除24行误检,双热图源(04+10)"
Nagaki et al. 2010 - Generation and reactions of oxiranyllithiums by use of a flow microreactor system,51.0,directed metalation,tetrahydrofuran,flow microreactor,10.1002/chem.201000815,2010.0,tR1,6.30957,,-60.0,,epibromohydrin,s-BuLi,oxiranyllithium,,quench_probe,oxiranyllithium intermediate,0.1,0.75,,0.45,BrCC1CO1,CCC([Li])C,[Li]C1CO1,,[Li]C1CO1,31.6,,,"存疑:已删除24行误检,双热图源(04+10)"
Nagaki et al. 2010 - Generation and reactions of oxiranyllithiums by use of a flow microreactor system,4.0,directed metalation,tetrahydrofuran,flow microreactor,10.1002/chem.201000815,2010.0,tR1,0.39811,,-70.0,,epibromohydrin,s-BuLi,oxiranyllithium,,quench_probe,oxiranyllithium intermediate,0.1,0.75,,0.45,BrCC1CO1,CCC([Li])C,[Li]C1CO1,,[Li]C1CO1,0.316,,,"存疑:已删除24行误检,双热图源(04+10)"
Nagaki et al. 2010 - Generation and reactions of oxiranyllithiums by use of a flow microreactor system,9.0,directed metalation,tetrahydrofuran,flow microreactor,10.1002/chem.201000815,2010.0,tR1,0.79433,,-70.0,,epibromohydrin,s-BuLi,oxiranyllithium,,quench_probe,oxiranyllithium intermediate,0.1,0.75,,0.45,BrCC1CO1,CCC([Li])C,[Li]C1CO1,,[Li]C1CO1,1.0,,,"存疑:已删除24行误检,双热图源(04+10)"
Nagaki et al. 2010 - Generation and reactions of oxiranyllithiums by use of a flow microreactor system,11.0,directed metalation,tetrahydrofuran,flow microreactor,10.1002/chem.201000815,2010.0,tR1,1.58489,,-70.0,,epibromohydrin,s-BuLi,oxiranyllithium,,quench_probe,oxiranyllithium intermediate,0.1,0.75,,0.45,BrCC1CO1,CCC([Li])C,[Li]C1CO1,,[Li]C1CO1,3.16,,,"存疑:已删除24行误检,双热图源(04+10)"
Nagaki et al. 2010 - Generation and reactions of oxiranyllithiums by use of a flow microreactor system,20.0,directed metalation,tetrahydrofuran,flow microreactor,10.1002/chem.201000815,2010.0,tR1,3.16228,,-70.0,,epibromohydrin,s-BuLi,oxiranyllithium,,quench_probe,oxiranyllithium intermediate,0.1,0.75,,0.45,BrCC1CO1,CCC([Li])C,[Li]C1CO1,,[Li]C1CO1,10.0,,,"存疑:已删除24行误检,双热图源(04+10)"
Nagaki et al. 2010 - Generation and reactions of oxiranyllithiums by use of a flow microreactor system,33.0,directed metalation,tetrahydrofuran,flow microreactor,10.1002/chem.201000815,2010.0,tR1,6.30957,,-70.0,,epibromohydrin,s-BuLi,oxiranyllithium,,quench_probe,oxiranyllithium intermediate,0.1,0.75,,0.45,BrCC1CO1,CCC([Li])C,[Li]C1CO1,,[Li]C1CO1,31.6,,,"存疑:已删除24行误检,双热图源(04+10)"
Nagaki et al. 2010 - Generation and reactions of oxiranyllithiums by use of a flow microreactor system,3.0,directed metalation,tetrahydrofuran,flow microreactor,10.1002/chem.201000815,2010.0,tR1,0.39811,,-78.0,,epibromohydrin,s-BuLi,oxiranyllithium,,quench_probe,oxiranyllithium intermediate,0.1,0.75,,0.45,BrCC1CO1,CCC([Li])C,[Li]C1CO1,,[Li]C1CO1,0.316,,,"存疑:已删除24行误检,双热图源(04+10)"
Nagaki et al. 2010 - Generation and reactions of oxiranyllithiums by use of a flow microreactor system,2.0,directed metalation,tetrahydrofuran,flow microreactor,10.1002/chem.201000815,2010.0,tR1,0.79433,,-78.0,,epibromohydrin,s-BuLi,oxiranyllithium,,quench_probe,oxiranyllithium intermediate,0.1,0.75,,0.45,BrCC1CO1,CCC([Li])C,[Li]C1CO1,,[Li]C1CO1,1.0,,,"存疑:已删除24行误检,双热图源(04+10)"
Nagaki et al. 2010 - Generation and reactions of oxiranyllithiums by use of a flow microreactor system,4.0,directed metalation,tetrahydrofuran,flow microreactor,10.1002/chem.201000815,2010.0,tR1,1.58489,,-78.0,,epibromohydrin,s-BuLi,oxiranyllithium,,quench_probe,oxiranyllithium intermediate,0.1,0.75,,0.45,BrCC1CO1,CCC([Li])C,[Li]C1CO1,,[Li]C1CO1,3.16,,,"存疑:已删除24行误检,双热图源(04+10)"
Nagaki et al. 2010 - Generation and reactions of oxiranyllithiums by use of a flow microreactor system,7.0,directed metalation,tetrahydrofuran,flow microreactor,10.1002/chem.201000815,2010.0,tR1,3.16228,,-78.0,,epibromohydrin,s-BuLi,oxiranyllithium,,quench_probe,oxiranyllithium intermediate,0.1,0.75,,0.45,BrCC1CO1,CCC([Li])C,[Li]C1CO1,,[Li]C1CO1,10.0,,,"存疑:已删除24行误检,双热图源(04+10)"
Nagaki et al. 2010 - Generation and reactions of oxiranyllithiums by use of a flow microreactor system,13.0,directed metalation,tetrahydrofuran,flow microreactor,10.1002/chem.201000815,2010.0,tR1,6.30957,,-78.0,,epibromohydrin,s-BuLi,oxiranyllithium,,quench_probe,oxiranyllithium intermediate,0.1,0.75,,0.45,BrCC1CO1,CCC([Li])C,[Li]C1CO1,,[Li]C1CO1,31.6,,,"存疑:已删除24行误检,双热图源(04+10)"
Nagaki et al. 2010 - Generation and reactions of oxiranyllithiums by use of a flow microreactor system,32.0,directed metalation,tetrahydrofuran,flow microreactor,10.1002/chem.201000815,2010.0,tR1,12.58925,,-40.0,,epibromohydrin,s-BuLi,oxiranyllithium,,quench_probe,oxiranyllithium intermediate,0.1,0.75,,0.45,BrCC1CO1,CCC([Li])C,[Li]C1CO1,,[Li]C1CO1,100.0,,,"存疑:已删除24行误检,双热图源(04+10)"
Nagaki et al. 2010 - Generation and reactions of oxiranyllithiums by use of a flow microreactor system,5.0,directed metalation,tetrahydrofuran,flow microreactor,10.1002/chem.201000815,2010.0,tR1,12.58925,,-40.0,,epibromohydrin,s-BuLi,oxiranyllithium,,quench_probe,oxiranyllithium intermediate,0.1,0.75,,0.45,BrCC1CO1,CCC([Li])C,[Li]C1CO1,,[Li]C1CO1,100.0,,,"存疑:已删除24行误检,双热图源(04+10)"
Nagaki et al. 2010 - Generation and reactions of oxiranyllithiums by use of a flow microreactor system,64.0,directed metalation,tetrahydrofuran,flow microreactor,10.1002/chem.201000815,2010.0,tR1,12.58925,,-50.0,,epibromohydrin,s-BuLi,oxiranyllithium,,quench_probe,oxiranyllithium intermediate,0.1,0.75,,0.45,BrCC1CO1,CCC([Li])C,[Li]C1CO1,,[Li]C1CO1,100.0,,,"存疑:已删除24行误检,双热图源(04+10)"
Nagaki et al. 2010 - Generation and reactions of oxiranyllithiums by use of a flow microreactor system,56.0,directed metalation,tetrahydrofuran,flow microreactor,10.1002/chem.201000815,2010.0,tR1,12.58925,,-50.0,,epibromohydrin,s-BuLi,oxiranyllithium,,quench_probe,oxiranyllithium intermediate,0.1,0.75,,0.45,BrCC1CO1,CCC([Li])C,[Li]C1CO1,,[Li]C1CO1,100.0,,,"存疑:已删除24行误检,双热图源(04+10)"
Nagaki et al. 2010 - Generation and reactions of oxiranyllithiums by use of a flow microreactor system,69.0,directed metalation,tetrahydrofuran,flow microreactor,10.1002/chem.201000815,2010.0,tR1,12.58925,,-60.0,,epibromohydrin,s-BuLi,oxiranyllithium,,quench_probe,oxiranyllithium intermediate,0.1,0.75,,0.45,BrCC1CO1,CCC([Li])C,[Li]C1CO1,,[Li]C1CO1,100.0,,,"存疑:已删除24行误检,双热图源(04+10)"
Nagaki et al. 2010 - Generation and reactions of oxiranyllithiums by use of a flow microreactor system,79.0,directed metalation,tetrahydrofuran,flow microreactor,10.1002/chem.201000815,2010.0,tR1,12.58925,,-60.0,,epibromohydrin,s-BuLi,oxiranyllithium,,quench_probe,oxiranyllithium intermediate,0.1,0.75,,0.45,BrCC1CO1,CCC([Li])C,[Li]C1CO1,,[Li]C1CO1,100.0,,,"存疑:已删除24行误检,双热图源(04+10)"
Nagaki et al. 2010 - Generation and reactions of oxiranyllithiums by use of a flow microreactor system,51.0,directed metalation,tetrahydrofuran,flow microreactor,10.1002/chem.201000815,2010.0,tR1,12.58925,,-70.0,,epibromohydrin,s-BuLi,oxiranyllithium,,quench_probe,oxiranyllithium intermediate,0.1,0.75,,0.45,BrCC1CO1,CCC([Li])C,[Li]C1CO1,,[Li]C1CO1,100.0,,,"存疑:已删除24行误检,双热图源(04+10)"
Nagaki et al. 2010 - Generation and reactions of oxiranyllithiums by use of a flow microreactor system,67.0,directed metalation,tetrahydrofuran,flow microreactor,10.1002/chem.201000815,2010.0,tR1,12.58925,,-70.0,,epibromohydrin,s-BuLi,oxiranyllithium,,quench_probe,oxiranyllithium intermediate,0.1,0.75,,0.45,BrCC1CO1,CCC([Li])C,[Li]C1CO1,,[Li]C1CO1,100.0,,,"存疑:已删除24行误检,双热图源(04+10)"
Nagaki et al. 2010 - Generation and reactions of oxiranyllithiums by use of a flow microreactor system,21.0,directed metalation,tetrahydrofuran,flow microreactor,10.1002/chem.201000815,2010.0,tR1,12.58925,,-78.0,,epibromohydrin,s-BuLi,oxiranyllithium,,quench_probe,oxiranyllithium intermediate,0.1,0.75,,0.45,BrCC1CO1,CCC([Li])C,[Li]C1CO1,,[Li]C1CO1,100.0,,,"存疑:已删除24行误检,双热图源(04+10)"
Nagaki et al. 2010 - Generation and reactions of oxiranyllithiums by use of a flow microreactor system,41.0,directed metalation,tetrahydrofuran,flow microreactor,10.1002/chem.201000815,2010.0,tR1,12.58925,,-78.0,,epibromohydrin,s-BuLi,oxiranyllithium,,quench_probe,oxiranyllithium intermediate,0.1,0.75,,0.45,BrCC1CO1,CCC([Li])C,[Li]C1CO1,,[Li]C1CO1,100.0,,,"存疑:已删除24行误检,双热图源(04+10)"
Nagaki et al. 2010 - Generation and reactions of oxiranyllithiums by use of a flow microreactor system,7.0,directed metalation,tetrahydrofuran,flow microreactor,10.1002/chem.201000815,2010.0,tR1,0.39811,,20.0,,epibromohydrin,s-BuLi,oxiranyllithium,,quench_probe,oxiranyllithium intermediate,0.1,0.75,,0.45,BrCC1CO1,CCC([Li])C,[Li]C1CO1,,[Li]C1CO1,0.316,,7.0,"存疑:已删除24行误检,双热图源(04+10)"
Nagaki et al. 2010 - Generation and reactions of oxiranyllithiums by use of a flow microreactor system,2.0,directed metalation,tetrahydrofuran,flow microreactor,10.1002/chem.201000815,2010.0,tR1,0.79433,,20.0,,epibromohydrin,s-BuLi,oxiranyllithium,,quench_probe,oxiranyllithium intermediate,0.1,0.75,,0.45,BrCC1CO1,CCC([Li])C,[Li]C1CO1,,[Li]C1CO1,1.0,,2.0,"存疑:已删除24行误检,双热图源(04+10)"
Nagaki et al. 2010 - Generation and reactions of oxiranyllithiums by use of a flow microreactor system,1.0,directed metalation,tetrahydrofuran,flow microreactor,10.1002/chem.201000815,2010.0,tR1,1.58489,,20.0,,epibromohydrin,s-BuLi,oxiranyllithium,,quench_probe,oxiranyllithium intermediate,0.1,0.75,,0.45,BrCC1CO1,CCC([Li])C,[Li]C1CO1,,[Li]C1CO1,3.16,,1.0,"存疑:已删除24行误检,双热图源(04+10)"
Nagaki et al. 2010 - Generation and reactions of oxiranyllithiums by use of a flow microreactor system,0.0,directed metalation,tetrahydrofuran,flow microreactor,10.1002/chem.201000815,2010.0,tR1,3.16228,,20.0,,epibromohydrin,s-BuLi,oxiranyllithium,,quench_probe,oxiranyllithium intermediate,0.1,0.75,,0.45,BrCC1CO1,CCC([Li])C,[Li]C1CO1,,[Li]C1CO1,10.0,,0.0,"存疑:已删除24行误检,双热图源(04+10)"
Nagaki et al. 2010 - Generation and reactions of oxiranyllithiums by use of a flow microreactor system,77.0,directed metalation,tetrahydrofuran,flow microreactor,10.1002/chem.201000815,2010.0,tR1,0.39811,,0.0,,epibromohydrin,s-BuLi,oxiranyllithium,,quench_probe,oxiranyllithium intermediate,0.1,0.75,,0.45,BrCC1CO1,CCC([Li])C,[Li]C1CO1,,[Li]C1CO1,0.316,,7.0,"存疑:已删除24行误检,双热图源(04+10)"
Nagaki et al. 2010 - Generation and reactions of oxiranyllithiums by use of a flow microreactor system,34.0,directed metalation,tetrahydrofuran,flow microreactor,10.1002/chem.201000815,2010.0,tR1,0.79433,,0.0,,epibromohydrin,s-BuLi,oxiranyllithium,,quench_probe,oxiranyllithium intermediate,0.1,0.75,,0.45,BrCC1CO1,CCC([Li])C,[Li]C1CO1,,[Li]C1CO1,1.0,,34.0,"存疑:已删除24行误检,双热图源(04+10)"
Nagaki et al. 2010 - Generation and reactions of oxiranyllithiums by use of a flow microreactor system,6.0,directed metalation,tetrahydrofuran,flow microreactor,10.1002/chem.201000815,2010.0,tR1,1.58489,,0.0,,epibromohydrin,s-BuLi,oxiranyllithium,,quench_probe,oxiranyllithium intermediate,0.1,0.75,,0.45,BrCC1CO1,CCC([Li])C,[Li]C1CO1,,[Li]C1CO1,3.16,,6.0,"存疑:已删除24行误检,双热图源(04+10)"
Nagaki et al. 2010 - Generation and reactions of oxiranyllithiums by use of a flow microreactor system,1.0,directed metalation,tetrahydrofuran,flow microreactor,10.1002/chem.201000815,2010.0,tR1,3.16228,,0.0,,epibromohydrin,s-BuLi,oxiranyllithium,,quench_probe,oxiranyllithium intermediate,0.1,0.75,,0.45,BrCC1CO1,CCC([Li])C,[Li]C1CO1,,[Li]C1CO1,10.0,,1.0,"存疑:已删除24行误检,双热图源(04+10)"
Nagaki et al. 2010 - Generation and reactions of oxiranyllithiums by use of a flow microreactor system,92.0,directed metalation,tetrahydrofuran,flow microreactor,10.1002/chem.201000815,2010.0,tR1,0.39811,,-20.0,,epibromohydrin,s-BuLi,oxiranyllithium,,quench_probe,oxiranyllithium intermediate,0.1,0.75,,0.45,BrCC1CO1,CCC([Li])C,[Li]C1CO1,,[Li]C1CO1,0.316,,92.0,"存疑:已删除24行误检,双热图源(04+10)"
Nagaki et al. 2010 - Generation and reactions of oxiranyllithiums by use of a flow microreactor system,90.0,directed metalation,tetrahydrofuran,flow microreactor,10.1002/chem.201000815,2010.0,tR1,0.79433,,-20.0,,epibromohydrin,s-BuLi,oxiranyllithium,,quench_probe,oxiranyllithium intermediate,0.1,0.75,,0.45,BrCC1CO1,CCC([Li])C,[Li]C1CO1,,[Li]C1CO1,1.0,,90.0,"存疑:已删除24行误检,双热图源(04+10)"
Nagaki et al. 2010 - Generation and reactions of oxiranyllithiums by use of a flow microreactor system,81.0,directed metalation,tetrahydrofuran,flow microreactor,10.1002/chem.201000815,2010.0,tR1,1.58489,,-20.0,,epibromohydrin,s-BuLi,oxiranyllithium,,quench_probe,oxiranyllithium intermediate,0.1,0.75,,0.45,BrCC1CO1,CCC([Li])C,[Li]C1CO1,,[Li]C1CO1,3.16,,81.0,"存疑:已删除24行误检,双热图源(04+10)"
Nagaki et al. 2010 - Generation and reactions of oxiranyllithiums by use of a flow microreactor system,59.0,directed metalation,tetrahydrofuran,flow microreactor,10.1002/chem.201000815,2010.0,tR1,3.16228,,-20.0,,epibromohydrin,s-BuLi,oxiranyllithium,,quench_probe,oxiranyllithium intermediate,0.1,0.75,,0.45,BrCC1CO1,CCC([Li])C,[Li]C1CO1,,[Li]C1CO1,10.0,,59.0,"存疑:已删除24行误检,双热图源(04+10)"
Nagaki et al. 2010 - Generation and reactions of oxiranyllithiums by use of a flow microreactor system,80.0,directed metalation,tetrahydrofuran,flow microreactor,10.1002/chem.201000815,2010.0,tR1,0.39811,,-40.0,,epibromohydrin,s-BuLi,oxiranyllithium,,quench_probe,oxiranyllithium intermediate,0.1,0.75,,0.45,BrCC1CO1,CCC([Li])C,[Li]C1CO1,,[Li]C1CO1,0.316,,80.0,"存疑:已删除24行误检,双热图源(04+10)"
Nagaki et al. 2010 - Generation and reactions of oxiranyllithiums by use of a flow microreactor system,92.0,directed metalation,tetrahydrofuran,flow microreactor,10.1002/chem.201000815,2010.0,tR1,0.79433,,-40.0,,epibromohydrin,s-BuLi,oxiranyllithium,,quench_probe,oxiranyllithium intermediate,0.1,0.75,,0.45,BrCC1CO1,CCC([Li])C,[Li]C1CO1,,[Li]C1CO1,1.0,,92.0,"存疑:已删除24行误检,双热图源(04+10)"
Nagaki et al. 2010 - Generation and reactions of oxiranyllithiums by use of a flow microreactor system,94.0,directed metalation,tetrahydrofuran,flow microreactor,10.1002/chem.201000815,2010.0,tR1,1.58489,,-40.0,,epibromohydrin,s-BuLi,oxiranyllithium,,quench_probe,oxiranyllithium intermediate,0.1,0.75,,0.45,BrCC1CO1,CCC([Li])C,[Li]C1CO1,,[Li]C1CO1,3.16,,94.0,"存疑:已删除24行误检,双热图源(04+10)"
Nagaki et al. 2010 - Generation and reactions of oxiranyllithiums by use of a flow microreactor system,92.0,directed metalation,tetrahydrofuran,flow microreactor,10.1002/chem.201000815,2010.0,tR1,3.16228,,-40.0,,epibromohydrin,s-BuLi,oxiranyllithium,,quench_probe,oxiranyllithium intermediate,0.1,0.75,,0.45,BrCC1CO1,CCC([Li])C,[Li]C1CO1,,[Li]C1CO1,10.0,,92.0,"存疑:已删除24行误检,双热图源(04+10)"
Nagaki et al. 2008 - Aryllithium compounds bearing alkoxycarbonyl groups - generation and reactions using a microflow system,41.0,halogen-metal exchange,tetrahydrofuran,microtube reactor R1,10.1002/anie.200803205,2008.0,tR1,0.01334,,0.0,,methyl o-bromobenzoate,s-BuLi,methyl o-(lithio)benzoate,ROH (alcohol quench),quench_probe,methyl benzoate,0.1,0.42,1.1,,COC(=O)c1ccccc1Br,CCC([Li])C,COC(=O)c1ccccc1[Li],CO,COC(=O)c1ccccc1,0.0316,,,
Nagaki et al. 2008 - Aryllithium compounds bearing alkoxycarbonyl groups - generation and reactions using a microflow system,24.0,halogen-metal exchange,tetrahydrofuran,microtube reactor R1,10.1002/anie.200803205,2008.0,tR1,0.01334,,0.0,,methyl o-bromobenzoate,s-BuLi,methyl o-(lithio)benzoate,ROH (alcohol quench),quench_probe,methyl benzoate,0.1,0.42,1.1,,COC(=O)c1ccccc1Br,CCC([Li])C,COC(=O)c1ccccc1[Li],CO,COC(=O)c1ccccc1,0.0316,,,
Nagaki et al. 2008 - Aryllithium compounds bearing alkoxycarbonyl groups - generation and reactions using a microflow system,13.0,halogen-metal exchange,tetrahydrofuran,microtube reactor R1,10.1002/anie.200803205,2008.0,tR1,0.05623,,0.0,,methyl o-bromobenzoate,s-BuLi,methyl o-(lithio)benzoate,ROH (alcohol quench),quench_probe,methyl benzoate,0.1,0.42,1.1,,COC(=O)c1ccccc1Br,CCC([Li])C,COC(=O)c1ccccc1[Li],CO,COC(=O)c1ccccc1,0.1,,,
Nagaki et al. 2008 - Aryllithium compounds bearing alkoxycarbonyl groups - generation and reactions using a microflow system,4.0,halogen-metal exchange,tetrahydrofuran,microtube reactor R1,10.1002/anie.200803205,2008.0,tR1,0.19953,,0.0,,methyl o-bromobenzoate,s-BuLi,methyl o-(lithio)benzoate,ROH (alcohol quench),quench_probe,methyl benzoate,0.1,0.42,1.1,,COC(=O)c1ccccc1Br,CCC([Li])C,COC(=O)c1ccccc1[Li],CO,COC(=O)c1ccccc1,0.316,,4.0,
Nagaki et al. 2008 - Aryllithium compounds bearing alkoxycarbonyl groups - generation and reactions using a microflow system,0.0,halogen-metal exchange,tetrahydrofuran,microtube reactor R1,10.1002/anie.200803205,2008.0,tR1,0.38905,,0.0,,methyl o-bromobenzoate,s-BuLi,methyl o-(lithio)benzoate,ROH (alcohol quench),quench_probe,methyl benzoate,0.1,0.42,1.1,,COC(=O)c1ccccc1Br,CCC([Li])C,COC(=O)c1ccccc1[Li],CO,COC(=O)c1ccccc1,1.0,,0.0,
Nagaki et al. 2008 - Aryllithium compounds bearing alkoxycarbonyl groups - generation and reactions using a microflow system,0.0,halogen-metal exchange,tetrahydrofuran,microtube reactor R1,10.1002/anie.200803205,2008.0,tR1,0.79433,,0.0,,methyl o-bromobenzoate,s-BuLi,methyl o-(lithio)benzoate,ROH (alcohol quench),quench_probe,methyl benzoate,0.1,0.42,1.1,,COC(=O)c1ccccc1Br,CCC([Li])C,COC(=O)c1ccccc1[Li],CO,COC(=O)c1ccccc1,3.16,,0.0,
Nagaki et al. 2008 - Aryllithium compounds bearing alkoxycarbonyl groups - generation and reactions using a microflow system,0.0,halogen-metal exchange,tetrahydrofuran,microtube reactor R1,10.1002/anie.200803205,2008.0,tR1,5.62341,,0.0,,methyl o-bromobenzoate,s-BuLi,methyl o-(lithio)benzoate,ROH (alcohol quench),quench_probe,methyl benzoate,0.1,0.42,1.1,,COC(=O)c1ccccc1Br,CCC([Li])C,COC(=O)c1ccccc1[Li],CO,COC(=O)c1ccccc1,31.6,,0.0,
Nagaki et al. 2008 - Aryllithium compounds bearing alkoxycarbonyl groups - generation and reactions using a microflow system,50.0,halogen-metal exchange,tetrahydrofuran,microtube reactor R1,10.1002/anie.200803205,2008.0,tR1,0.01334,,-30.0,,methyl o-bromobenzoate,s-BuLi,methyl o-(lithio)benzoate,ROH (alcohol quench),quench_probe,methyl benzoate,0.1,0.42,1.1,,COC(=O)c1ccccc1Br,CCC([Li])C,COC(=O)c1ccccc1[Li],CO,COC(=O)c1ccccc1,0.0316,,,
Nagaki et al. 2008 - Aryllithium compounds bearing alkoxycarbonyl groups - generation and reactions using a microflow system,57.0,halogen-metal exchange,tetrahydrofuran,microtube reactor R1,10.1002/anie.200803205,2008.0,tR1,0.01334,,-30.0,,methyl o-bromobenzoate,s-BuLi,methyl o-(lithio)benzoate,ROH (alcohol quench),quench_probe,methyl benzoate,0.1,0.42,1.1,,COC(=O)c1ccccc1Br,CCC([Li])C,COC(=O)c1ccccc1[Li],CO,COC(=O)c1ccccc1,0.0316,,,
Nagaki et al. 2008 - Aryllithium compounds bearing alkoxycarbonyl groups - generation and reactions using a microflow system,57.0,halogen-metal exchange,tetrahydrofuran,microtube reactor R1,10.1002/anie.200803205,2008.0,tR1,0.05623,,-30.0,,methyl o-bromobenzoate,s-BuLi,methyl o-(lithio)benzoate,ROH (alcohol quench),quench_probe,methyl benzoate,0.1,0.42,1.1,,COC(=O)c1ccccc1Br,CCC([Li])C,COC(=O)c1ccccc1[Li],CO,COC(=O)c1ccccc1,0.1,,,
Nagaki et al. 2008 - Aryllithium compounds bearing alkoxycarbonyl groups - generation and reactions using a microflow system,36.0,halogen-metal exchange,tetrahydrofuran,microtube reactor R1,10.1002/anie.200803205,2008.0,tR1,0.19953,,-30.0,,methyl o-bromobenzoate,s-BuLi,methyl o-(lithio)benzoate,ROH (alcohol quench),quench_probe,methyl benzoate,0.1,0.42,1.1,,COC(=O)c1ccccc1Br,CCC([Li])C,COC(=O)c1ccccc1[Li],CO,COC(=O)c1ccccc1,0.316,,,
Nagaki et al. 2008 - Aryllithium compounds bearing alkoxycarbonyl groups - generation and reactions using a microflow system,21.0,halogen-metal exchange,tetrahydrofuran,microtube reactor R1,10.1002/anie.200803205,2008.0,tR1,0.38905,,-30.0,,methyl o-bromobenzoate,s-BuLi,methyl o-(lithio)benzoate,ROH (alcohol quench),quench_probe,methyl benzoate,0.1,0.42,1.1,,COC(=O)c1ccccc1Br,CCC([Li])C,COC(=O)c1ccccc1[Li],CO,COC(=O)c1ccccc1,1.0,,,
Nagaki et al. 2008 - Aryllithium compounds bearing alkoxycarbonyl groups - generation and reactions using a microflow system,20.0,halogen-metal exchange,tetrahydrofuran,microtube reactor R1,10.1002/anie.200803205,2008.0,tR1,0.79433,,-30.0,,methyl o-bromobenzoate,s-BuLi,methyl o-(lithio)benzoate,ROH (alcohol quench),quench_probe,methyl benzoate,0.1,0.42,1.1,,COC(=O)c1ccccc1Br,CCC([Li])C,COC(=O)c1ccccc1[Li],CO,COC(=O)c1ccccc1,3.16,,,
Nagaki et al. 2008 - Aryllithium compounds bearing alkoxycarbonyl groups - generation and reactions using a microflow system,5.0,halogen-metal exchange,tetrahydrofuran,microtube reactor R1,10.1002/anie.200803205,2008.0,tR1,5.62341,,-30.0,,methyl o-bromobenzoate,s-BuLi,methyl o-(lithio)benzoate,ROH (alcohol quench),quench_probe,methyl benzoate,0.1,0.42,1.1,,COC(=O)c1ccccc1Br,CCC([Li])C,COC(=O)c1ccccc1[Li],CO,COC(=O)c1ccccc1,31.6,,,
Nagaki et al. 2008 - Aryllithium compounds bearing alkoxycarbonyl groups - generation and reactions using a microflow system,71.0,halogen-metal exchange,tetrahydrofuran,microtube reactor R1,10.1002/anie.200803205,2008.0,tR1,0.01334,,-50.0,,methyl o-bromobenzoate,s-BuLi,methyl o-(lithio)benzoate,ROH (alcohol quench),quench_probe,methyl benzoate,0.1,0.42,1.1,,COC(=O)c1ccccc1Br,CCC([Li])C,COC(=O)c1ccccc1[Li],CO,COC(=O)c1ccccc1,0.0316,,,
Nagaki et al. 2008 - Aryllithium compounds bearing alkoxycarbonyl groups - generation and reactions using a microflow system,74.0,halogen-metal exchange,tetrahydrofuran,microtube reactor R1,10.1002/anie.200803205,2008.0,tR1,0.01334,,-50.0,,methyl o-bromobenzoate,s-BuLi,methyl o-(lithio)benzoate,ROH (alcohol quench),quench_probe,methyl benzoate,0.1,0.42,1.1,,COC(=O)c1ccccc1Br,CCC([Li])C,COC(=O)c1ccccc1[Li],CO,COC(=O)c1ccccc1,0.0316,,,
Nagaki et al. 2008 - Aryllithium compounds bearing alkoxycarbonyl groups - generation and reactions using a microflow system,63.0,halogen-metal exchange,tetrahydrofuran,microtube reactor R1,10.1002/anie.200803205,2008.0,tR1,0.05623,,-50.0,,methyl o-bromobenzoate,s-BuLi,methyl o-(lithio)benzoate,ROH (alcohol quench),quench_probe,methyl benzoate,0.1,0.42,1.1,,COC(=O)c1ccccc1Br,CCC([Li])C,COC(=O)c1ccccc1[Li],CO,COC(=O)c1ccccc1,0.1,,,
Nagaki et al. 2008 - Aryllithium compounds bearing alkoxycarbonyl groups - generation and reactions using a microflow system,52.0,halogen-metal exchange,tetrahydrofuran,microtube reactor R1,10.1002/anie.200803205,2008.0,tR1,0.19953,,-50.0,,methyl o-bromobenzoate,s-BuLi,methyl o-(lithio)benzoate,ROH (alcohol quench),quench_probe,methyl benzoate,0.1,0.42,1.1,,COC(=O)c1ccccc1Br,CCC([Li])C,COC(=O)c1ccccc1[Li],CO,COC(=O)c1ccccc1,0.316,,,
Nagaki et al. 2008 - Aryllithium compounds bearing alkoxycarbonyl groups - generation and reactions using a microflow system,45.0,halogen-metal exchange,tetrahydrofuran,microtube reactor R1,10.1002/anie.200803205,2008.0,tR1,0.38905,,-50.0,,methyl o-bromobenzoate,s-BuLi,methyl o-(lithio)benzoate,ROH (alcohol quench),quench_probe,methyl benzoate,0.1,0.42,1.1,,COC(=O)c1ccccc1Br,CCC([Li])C,COC(=O)c1ccccc1[Li],CO,COC(=O)c1ccccc1,1.0,,,
Nagaki et al. 2008 - Aryllithium compounds bearing alkoxycarbonyl groups - generation and reactions using a microflow system,42.0,halogen-metal exchange,tetrahydrofuran,microtube reactor R1,10.1002/anie.200803205,2008.0,tR1,0.79433,,-50.0,,methyl o-bromobenzoate,s-BuLi,methyl o-(lithio)benzoate,ROH (alcohol quench),quench_probe,methyl benzoate,0.1,0.42,1.1,,COC(=O)c1ccccc1Br,CCC([Li])C,COC(=O)c1ccccc1[Li],CO,COC(=O)c1ccccc1,3.16,,,
Nagaki et al. 2008 - Aryllithium compounds bearing alkoxycarbonyl groups - generation and reactions using a microflow system,14.0,halogen-metal exchange,tetrahydrofuran,microtube reactor R1,10.1002/anie.200803205,2008.0,tR1,5.62341,,-50.0,,methyl o-bromobenzoate,s-BuLi,methyl o-(lithio)benzoate,ROH (alcohol quench),quench_probe,methyl benzoate,0.1,0.42,1.1,,COC(=O)c1ccccc1Br,CCC([Li])C,COC(=O)c1ccccc1[Li],CO,COC(=O)c1ccccc1,31.6,,,
Nagaki et al. 2008 - Aryllithium compounds bearing alkoxycarbonyl groups - generation and reactions using a microflow system,61.0,halogen-metal exchange,tetrahydrofuran,microtube reactor R1,10.1002/anie.200803205,2008.0,tR1,0.01334,,-60.0,,methyl o-bromobenzoate,s-BuLi,methyl o-(lithio)benzoate,ROH (alcohol quench),quench_probe,methyl benzoate,0.1,0.42,1.1,,COC(=O)c1ccccc1Br,CCC([Li])C,COC(=O)c1ccccc1[Li],CO,COC(=O)c1ccccc1,0.0316,,,
Nagaki et al. 2008 - Aryllithium compounds bearing alkoxycarbonyl groups - generation and reactions using a microflow system,72.0,halogen-metal exchange,tetrahydrofuran,microtube reactor R1,10.1002/anie.200803205,2008.0,tR1,0.01334,,-60.0,,methyl o-bromobenzoate,s-BuLi,methyl o-(lithio)benzoate,ROH (alcohol quench),quench_probe,methyl benzoate,0.1,0.42,1.1,,COC(=O)c1ccccc1Br,CCC([Li])C,COC(=O)c1ccccc1[Li],CO,COC(=O)c1ccccc1,0.0316,,72.0,
Nagaki et al. 2008 - Aryllithium compounds bearing alkoxycarbonyl groups - generation and reactions using a microflow system,62.0,halogen-metal exchange,tetrahydrofuran,microtube reactor R1,10.1002/anie.200803205,2008.0,tR1,0.05623,,-60.0,,methyl o-bromobenzoate,s-BuLi,methyl o-(lithio)benzoate,ROH (alcohol quench),quench_probe,methyl benzoate,0.1,0.42,1.1,,COC(=O)c1ccccc1Br,CCC([Li])C,COC(=O)c1ccccc1[Li],CO,COC(=O)c1ccccc1,0.1,,62.0,
Nagaki et al. 2008 - Aryllithium compounds bearing alkoxycarbonyl groups - generation and reactions using a microflow system,62.0,halogen-metal exchange,tetrahydrofuran,microtube reactor R1,10.1002/anie.200803205,2008.0,tR1,0.19953,,-60.0,,methyl o-bromobenzoate,s-BuLi,methyl o-(lithio)benzoate,ROH (alcohol quench),quench_probe,methyl benzoate,0.1,0.42,1.1,,COC(=O)c1ccccc1Br,CCC([Li])C,COC(=O)c1ccccc1[Li],CO,COC(=O)c1ccccc1,0.316,,62.0,
Nagaki et al. 2008 - Aryllithium compounds bearing alkoxycarbonyl groups - generation and reactions using a microflow system,55.0,halogen-metal exchange,tetrahydrofuran,microtube reactor R1,10.1002/anie.200803205,2008.0,tR1,0.38905,,-60.0,,methyl o-bromobenzoate,s-BuLi,methyl o-(lithio)benzoate,ROH (alcohol quench),quench_probe,methyl benzoate,0.1,0.42,1.1,,COC(=O)c1ccccc1Br,CCC([Li])C,COC(=O)c1ccccc1[Li],CO,COC(=O)c1ccccc1,1.0,,,
Nagaki et al. 2008 - Aryllithium compounds bearing alkoxycarbonyl groups - generation and reactions using a microflow system,49.0,halogen-metal exchange,tetrahydrofuran,microtube reactor R1,10.1002/anie.200803205,2008.0,tR1,0.79433,,-60.0,,methyl o-bromobenzoate,s-BuLi,methyl o-(lithio)benzoate,ROH (alcohol quench),quench_probe,methyl benzoate,0.1,0.42,1.1,,COC(=O)c1ccccc1Br,CCC([Li])C,COC(=O)c1ccccc1[Li],CO,COC(=O)c1ccccc1,3.16,,,
Nagaki et al. 2008 - Aryllithium compounds bearing alkoxycarbonyl groups - generation and reactions using a microflow system,33.0,halogen-metal exchange,tetrahydrofuran,microtube reactor R1,10.1002/anie.200803205,2008.0,tR1,5.62341,,-60.0,,methyl o-bromobenzoate,s-BuLi,methyl o-(lithio)benzoate,ROH (alcohol quench),quench_probe,methyl benzoate,0.1,0.42,1.1,,COC(=O)c1ccccc1Br,CCC([Li])C,COC(=O)c1ccccc1[Li],CO,COC(=O)c1ccccc1,31.6,,,
Nagaki et al. 2008 - Aryllithium compounds bearing alkoxycarbonyl groups - generation and reactions using a microflow system,33.0,halogen-metal exchange,tetrahydrofuran,microtube reactor R1,10.1002/anie.200803205,2008.0,tR1,0.01334,,-78.0,,methyl o-bromobenzoate,s-BuLi,methyl o-(lithio)benzoate,ROH (alcohol quench),quench_probe,methyl benzoate,0.1,0.42,1.1,,COC(=O)c1ccccc1Br,CCC([Li])C,COC(=O)c1ccccc1[Li],CO,COC(=O)c1ccccc1,0.0316,,33.0,
Nagaki et al. 2008 - Aryllithium compounds bearing alkoxycarbonyl groups - generation and reactions using a microflow system,33.0,halogen-metal exchange,tetrahydrofuran,microtube reactor R1,10.1002/anie.200803205,2008.0,tR1,0.01334,,-78.0,,methyl o-bromobenzoate,s-BuLi,methyl o-(lithio)benzoate,ROH (alcohol quench),quench_probe,methyl benzoate,0.1,0.42,1.1,,COC(=O)c1ccccc1Br,CCC([Li])C,COC(=O)c1ccccc1[Li],CO,COC(=O)c1ccccc1,0.0316,,33.0,
Nagaki et al. 2008 - Aryllithium compounds bearing alkoxycarbonyl groups - generation and reactions using a microflow system,33.0,halogen-metal exchange,tetrahydrofuran,microtube reactor R1,10.1002/anie.200803205,2008.0,tR1,0.05623,,-78.0,,methyl o-bromobenzoate,s-BuLi,methyl o-(lithio)benzoate,ROH (alcohol quench),quench_probe,methyl benzoate,0.1,0.42,1.1,,COC(=O)c1ccccc1Br,CCC([Li])C,COC(=O)c1ccccc1[Li],CO,COC(=O)c1ccccc1,0.1,,33.0,
Nagaki et al. 2008 - Aryllithium compounds bearing alkoxycarbonyl groups - generation and reactions using a microflow system,41.0,halogen-metal exchange,tetrahydrofuran,microtube reactor R1,10.1002/anie.200803205,2008.0,tR1,0.19953,,-78.0,,methyl o-bromobenzoate,s-BuLi,methyl o-(lithio)benzoate,ROH (alcohol quench),quench_probe,methyl benzoate,0.1,0.42,1.1,,COC(=O)c1ccccc1Br,CCC([Li])C,COC(=O)c1ccccc1[Li],CO,COC(=O)c1ccccc1,0.316,,41.0,
Nagaki et al. 2008 - Aryllithium compounds bearing alkoxycarbonyl groups - generation and reactions using a microflow system,49.0,halogen-metal exchange,tetrahydrofuran,microtube reactor R1,10.1002/anie.200803205,2008.0,tR1,0.38905,,-78.0,,methyl o-bromobenzoate,s-BuLi,methyl o-(lithio)benzoate,ROH (alcohol quench),quench_probe,methyl benzoate,0.1,0.42,1.1,,COC(=O)c1ccccc1Br,CCC([Li])C,COC(=O)c1ccccc1[Li],CO,COC(=O)c1ccccc1,1.0,,49.0,
Nagaki et al. 2008 - Aryllithium compounds bearing alkoxycarbonyl groups - generation and reactions using a microflow system,46.0,halogen-metal exchange,tetrahydrofuran,microtube reactor R1,10.1002/anie.200803205,2008.0,tR1,0.79433,,-78.0,,methyl o-bromobenzoate,s-BuLi,methyl o-(lithio)benzoate,ROH (alcohol quench),quench_probe,methyl benzoate,0.1,0.42,1.1,,COC(=O)c1ccccc1Br,CCC([Li])C,COC(=O)c1ccccc1[Li],CO,COC(=O)c1ccccc1,3.16,,,
Nagaki et al. 2008 - Aryllithium compounds bearing alkoxycarbonyl groups - generation and reactions using a microflow system,34.0,halogen-metal exchange,tetrahydrofuran,microtube reactor R1,10.1002/anie.200803205,2008.0,tR1,5.62341,,-78.0,,methyl o-bromobenzoate,s-BuLi,methyl o-(lithio)benzoate,ROH (alcohol quench),quench_probe,methyl benzoate,0.1,0.42,1.1,,COC(=O)c1ccccc1Br,CCC([Li])C,COC(=O)c1ccccc1[Li],CO,COC(=O)c1ccccc1,31.6,,,
Nagaki et al. 2008 - Aryllithium compounds bearing alkoxycarbonyl groups - generation and reactions using a microflow system,81.0,halogen-metal exchange,tetrahydrofuran,microtube reactor R1,10.1002/anie.200803205,2008.0,tR1,0.01334,,0.0,,isopropyl o-bromobenzoate,s-BuLi,isopropyl o-(lithio)benzoate,ROH (alcohol quench),quench_probe,isopropyl benzoate,0.1,0.42,1.1,,CC(C)OC(=O)c1ccccc1Br,CCC([Li])C,CC(C)OC(=O)c1ccccc1[Li],CO,CC(C)OC(=O)c1ccccc1,0.0316,,81.0,
Nagaki et al. 2008 - Aryllithium compounds bearing alkoxycarbonyl groups - generation and reactions using a microflow system,70.0,halogen-metal exchange,tetrahydrofuran,microtube reactor R1,10.1002/anie.200803205,2008.0,tR1,0.05623,,0.0,,isopropyl o-bromobenzoate,s-BuLi,isopropyl o-(lithio)benzoate,ROH (alcohol quench),quench_probe,isopropyl benzoate,0.1,0.42,1.1,,CC(C)OC(=O)c1ccccc1Br,CCC([Li])C,CC(C)OC(=O)c1ccccc1[Li],CO,CC(C)OC(=O)c1ccccc1,0.1,,70.0,
Nagaki et al. 2008 - Aryllithium compounds bearing alkoxycarbonyl groups - generation and reactions using a microflow system,44.0,halogen-metal exchange,tetrahydrofuran,microtube reactor R1,10.1002/anie.200803205,2008.0,tR1,0.19953,,0.0,,isopropyl o-bromobenzoate,s-BuLi,isopropyl o-(lithio)benzoate,ROH (alcohol quench),quench_probe,isopropyl benzoate,0.1,0.42,1.1,,CC(C)OC(=O)c1ccccc1Br,CCC([Li])C,CC(C)OC(=O)c1ccccc1[Li],CO,CC(C)OC(=O)c1ccccc1,0.316,,44.0,
Nagaki et al. 2008 - Aryllithium compounds bearing alkoxycarbonyl groups - generation and reactions using a microflow system,32.0,halogen-metal exchange,tetrahydrofuran,microtube reactor R1,10.1002/anie.200803205,2008.0,tR1,0.38905,,0.0,,isopropyl o-bromobenzoate,s-BuLi,isopropyl o-(lithio)benzoate,ROH (alcohol quench),quench_probe,isopropyl benzoate,0.1,0.42,1.1,,CC(C)OC(=O)c1ccccc1Br,CCC([Li])C,CC(C)OC(=O)c1ccccc1[Li],CO,CC(C)OC(=O)c1ccccc1,1.0,,32.0,
Nagaki et al. 2008 - Aryllithium compounds bearing alkoxycarbonyl groups - generation and reactions using a microflow system,20.0,halogen-metal exchange,tetrahydrofuran,microtube reactor R1,10.1002/anie.200803205,2008.0,tR1,0.79433,,0.0,,isopropyl o-bromobenzoate,s-BuLi,isopropyl o-(lithio)benzoate,ROH (alcohol quench),quench_probe,isopropyl benzoate,0.1,0.42,1.1,,CC(C)OC(=O)c1ccccc1Br,CCC([Li])C,CC(C)OC(=O)c1ccccc1[Li],CO,CC(C)OC(=O)c1ccccc1,3.16,,20.0,
Nagaki et al. 2008 - Aryllithium compounds bearing alkoxycarbonyl groups - generation and reactions using a microflow system,87.0,halogen-metal exchange,tetrahydrofuran,microtube reactor R1,10.1002/anie.200803205,2008.0,tR1,0.01334,,-30.0,,isopropyl o-bromobenzoate,s-BuLi,isopropyl o-(lithio)benzoate,ROH (alcohol quench),quench_probe,isopropyl benzoate,0.1,0.42,1.1,,CC(C)OC(=O)c1ccccc1Br,CCC([Li])C,CC(C)OC(=O)c1ccccc1[Li],CO,CC(C)OC(=O)c1ccccc1,0.0316,,87.0,
Nagaki et al. 2008 - Aryllithium compounds bearing alkoxycarbonyl groups - generation and reactions using a microflow system,87.0,halogen-metal exchange,tetrahydrofuran,microtube reactor R1,10.1002/anie.200803205,2008.0,tR1,0.05623,,-30.0,,isopropyl o-bromobenzoate,s-BuLi,isopropyl o-(lithio)benzoate,ROH (alcohol quench),quench_probe,isopropyl benzoate,0.1,0.42,1.1,,CC(C)OC(=O)c1ccccc1Br,CCC([Li])C,CC(C)OC(=O)c1ccccc1[Li],CO,CC(C)OC(=O)c1ccccc1,0.1,,87.0,
Nagaki et al. 2008 - Aryllithium compounds bearing alkoxycarbonyl groups - generation and reactions using a microflow system,80.0,halogen-metal exchange,tetrahydrofuran,microtube reactor R1,10.1002/anie.200803205,2008.0,tR1,0.19953,,-30.0,,isopropyl o-bromobenzoate,s-BuLi,isopropyl o-(lithio)benzoate,ROH (alcohol quench),quench_probe,isopropyl benzoate,0.1,0.42,1.1,,CC(C)OC(=O)c1ccccc1Br,CCC([Li])C,CC(C)OC(=O)c1ccccc1[Li],CO,CC(C)OC(=O)c1ccccc1,0.316,,80.0,
Nagaki et al. 2008 - Aryllithium compounds bearing alkoxycarbonyl groups - generation and reactions using a microflow system,79.0,halogen-metal exchange,tetrahydrofuran,microtube reactor R1,10.1002/anie.200803205,2008.0,tR1,0.38905,,-30.0,,isopropyl o-bromobenzoate,s-BuLi,isopropyl o-(lithio)benzoate,ROH (alcohol quench),quench_probe,isopropyl benzoate,0.1,0.42,1.1,,CC(C)OC(=O)c1ccccc1Br,CCC([Li])C,CC(C)OC(=O)c1ccccc1[Li],CO,CC(C)OC(=O)c1ccccc1,1.0,,79.0,
Nagaki et al. 2008 - Aryllithium compounds bearing alkoxycarbonyl groups - generation and reactions using a microflow system,71.0,halogen-metal exchange,tetrahydrofuran,microtube reactor R1,10.1002/anie.200803205,2008.0,tR1,0.79433,,-30.0,,isopropyl o-bromobenzoate,s-BuLi,isopropyl o-(lithio)benzoate,ROH (alcohol quench),quench_probe,isopropyl benzoate,0.1,0.42,1.1,,CC(C)OC(=O)c1ccccc1Br,CCC([Li])C,CC(C)OC(=O)c1ccccc1[Li],CO,CC(C)OC(=O)c1ccccc1,3.16,,71.0,
Nagaki et al. 2008 - Aryllithium compounds bearing alkoxycarbonyl groups - generation and reactions using a microflow system,64.0,halogen-metal exchange,tetrahydrofuran,microtube reactor R1,10.1002/anie.200803205,2008.0,tR1,0.01334,,-50.0,,isopropyl o-bromobenzoate,s-BuLi,isopropyl o-(lithio)benzoate,ROH (alcohol quench),quench_probe,isopropyl benzoate,0.1,0.42,1.1,,CC(C)OC(=O)c1ccccc1Br,CCC([Li])C,CC(C)OC(=O)c1ccccc1[Li],CO,CC(C)OC(=O)c1ccccc1,0.0316,,64.0,
Nagaki et al. 2008 - Aryllithium compounds bearing alkoxycarbonyl groups - generation and reactions using a microflow system,81.0,halogen-metal exchange,tetrahydrofuran,microtube reactor R1,10.1002/anie.200803205,2008.0,tR1,0.05623,,-50.0,,isopropyl o-bromobenzoate,s-BuLi,isopropyl o-(lithio)benzoate,ROH (alcohol quench),quench_probe,isopropyl benzoate,0.1,0.42,1.1,,CC(C)OC(=O)c1ccccc1Br,CCC([Li])C,CC(C)OC(=O)c1ccccc1[Li],CO,CC(C)OC(=O)c1ccccc1,0.1,,81.0,
Nagaki et al. 2008 - Aryllithium compounds bearing alkoxycarbonyl groups - generation and reactions using a microflow system,86.0,halogen-metal exchange,tetrahydrofuran,microtube reactor R1,10.1002/anie.200803205,2008.0,tR1,0.19953,,-50.0,,isopropyl o-bromobenzoate,s-BuLi,isopropyl o-(lithio)benzoate,ROH (alcohol quench),quench_probe,isopropyl benzoate,0.1,0.42,1.1,,CC(C)OC(=O)c1ccccc1Br,CCC([Li])C,CC(C)OC(=O)c1ccccc1[Li],CO,CC(C)OC(=O)c1ccccc1,0.316,,86.0,
Nagaki et al. 2008 - Aryllithium compounds bearing alkoxycarbonyl groups - generation and reactions using a microflow system,87.0,halogen-metal exchange,tetrahydrofuran,microtube reactor R1,10.1002/anie.200803205,2008.0,tR1,0.38905,,-50.0,,isopropyl o-bromobenzoate,s-BuLi,isopropyl o-(lithio)benzoate,ROH (alcohol quench),quench_probe,isopropyl benzoate,0.1,0.42,1.1,,CC(C)OC(=O)c1ccccc1Br,CCC([Li])C,CC(C)OC(=O)c1ccccc1[Li],CO,CC(C)OC(=O)c1ccccc1,1.0,,87.0,
Nagaki et al. 2008 - Aryllithium compounds bearing alkoxycarbonyl groups - generation and reactions using a microflow system,83.0,halogen-metal exchange,tetrahydrofuran,microtube reactor R1,10.1002/anie.200803205,2008.0,tR1,0.79433,,-50.0,,isopropyl o-bromobenzoate,s-BuLi,isopropyl o-(lithio)benzoate,ROH (alcohol quench),quench_probe,isopropyl benzoate,0.1,0.42,1.1,,CC(C)OC(=O)c1ccccc1Br,CCC([Li])C,CC(C)OC(=O)c1ccccc1[Li],CO,CC(C)OC(=O)c1ccccc1,3.16,,83.0,
Nagaki et al. 2008 - Aryllithium compounds bearing alkoxycarbonyl groups - generation and reactions using a microflow system,57.0,halogen-metal exchange,tetrahydrofuran,microtube reactor R1,10.1002/anie.200803205,2008.0,tR1,0.01334,,-60.0,,isopropyl o-bromobenzoate,s-BuLi,isopropyl o-(lithio)benzoate,ROH (alcohol quench),quench_probe,isopropyl benzoate,0.1,0.42,1.1,,CC(C)OC(=O)c1ccccc1Br,CCC([Li])C,CC(C)OC(=O)c1ccccc1[Li],CO,CC(C)OC(=O)c1ccccc1,0.0316,,57.0,
Nagaki et al. 2008 - Aryllithium compounds bearing alkoxycarbonyl groups - generation and reactions using a microflow system,75.0,halogen-metal exchange,tetrahydrofuran,microtube reactor R1,10.1002/anie.200803205,2008.0,tR1,0.05623,,-60.0,,isopropyl o-bromobenzoate,s-BuLi,isopropyl o-(lithio)benzoate,ROH (alcohol quench),quench_probe,isopropyl benzoate,0.1,0.42,1.1,,CC(C)OC(=O)c1ccccc1Br,CCC([Li])C,CC(C)OC(=O)c1ccccc1[Li],CO,CC(C)OC(=O)c1ccccc1,0.1,,75.0,
Nagaki et al. 2008 - Aryllithium compounds bearing alkoxycarbonyl groups - generation and reactions using a microflow system,79.0,halogen-metal exchange,tetrahydrofuran,microtube reactor R1,10.1002/anie.200803205,2008.0,tR1,0.19953,,-60.0,,isopropyl o-bromobenzoate,s-BuLi,isopropyl o-(lithio)benzoate,ROH (alcohol quench),quench_probe,isopropyl benzoate,0.1,0.42,1.1,,CC(C)OC(=O)c1ccccc1Br,CCC([Li])C,CC(C)OC(=O)c1ccccc1[Li],CO,CC(C)OC(=O)c1ccccc1,0.316,,79.0,
Nagaki et al. 2008 - Aryllithium compounds bearing alkoxycarbonyl groups - generation and reactions using a microflow system,91.0,halogen-metal exchange,tetrahydrofuran,microtube reactor R1,10.1002/anie.200803205,2008.0,tR1,0.38905,,-60.0,,isopropyl o-bromobenzoate,s-BuLi,isopropyl o-(lithio)benzoate,ROH (alcohol quench),quench_probe,isopropyl benzoate,0.1,0.42,1.1,,CC(C)OC(=O)c1ccccc1Br,CCC([Li])C,CC(C)OC(=O)c1ccccc1[Li],CO,CC(C)OC(=O)c1ccccc1,1.0,,91.0,
Nagaki et al. 2008 - Aryllithium compounds bearing alkoxycarbonyl groups - generation and reactions using a microflow system,85.0,halogen-metal exchange,tetrahydrofuran,microtube reactor R1,10.1002/anie.200803205,2008.0,tR1,0.79433,,-60.0,,isopropyl o-bromobenzoate,s-BuLi,isopropyl o-(lithio)benzoate,ROH (alcohol quench),quench_probe,isopropyl benzoate,0.1,0.42,1.1,,CC(C)OC(=O)c1ccccc1Br,CCC([Li])C,CC(C)OC(=O)c1ccccc1[Li],CO,CC(C)OC(=O)c1ccccc1,3.16,,85.0,
Nagaki et al. 2008 - Aryllithium compounds bearing alkoxycarbonyl groups - generation and reactions using a microflow system,49.0,halogen-metal exchange,tetrahydrofuran,microtube reactor R1,10.1002/anie.200803205,2008.0,tR1,0.01334,,-78.0,,isopropyl o-bromobenzoate,s-BuLi,isopropyl o-(lithio)benzoate,ROH (alcohol quench),quench_probe,isopropyl benzoate,0.1,0.42,1.1,,CC(C)OC(=O)c1ccccc1Br,CCC([Li])C,CC(C)OC(=O)c1ccccc1[Li],CO,CC(C)OC(=O)c1ccccc1,0.0316,,49.0,
Nagaki et al. 2008 - Aryllithium compounds bearing alkoxycarbonyl groups - generation and reactions using a microflow system,41.0,halogen-metal exchange,tetrahydrofuran,microtube reactor R1,10.1002/anie.200803205,2008.0,tR1,0.05623,,-78.0,,isopropyl o-bromobenzoate,s-BuLi,isopropyl o-(lithio)benzoate,ROH (alcohol quench),quench_probe,isopropyl benzoate,0.1,0.42,1.1,,CC(C)OC(=O)c1ccccc1Br,CCC([Li])C,CC(C)OC(=O)c1ccccc1[Li],CO,CC(C)OC(=O)c1ccccc1,0.1,,41.0,
Nagaki et al. 2008 - Aryllithium compounds bearing alkoxycarbonyl groups - generation and reactions using a microflow system,48.0,halogen-metal exchange,tetrahydrofuran,microtube reactor R1,10.1002/anie.200803205,2008.0,tR1,0.19953,,-78.0,,isopropyl o-bromobenzoate,s-BuLi,isopropyl o-(lithio)benzoate,ROH (alcohol quench),quench_probe,isopropyl benzoate,0.1,0.42,1.1,,CC(C)OC(=O)c1ccccc1Br,CCC([Li])C,CC(C)OC(=O)c1ccccc1[Li],CO,CC(C)OC(=O)c1ccccc1,0.316,,48.0,
Nagaki et al. 2008 - Aryllithium compounds bearing alkoxycarbonyl groups - generation and reactions using a microflow system,62.0,halogen-metal exchange,tetrahydrofuran,microtube reactor R1,10.1002/anie.200803205,2008.0,tR1,0.38905,,-78.0,,isopropyl o-bromobenzoate,s-BuLi,isopropyl o-(lithio)benzoate,ROH (alcohol quench),quench_probe,isopropyl benzoate,0.1,0.42,1.1,,CC(C)OC(=O)c1ccccc1Br,CCC([Li])C,CC(C)OC(=O)c1ccccc1[Li],CO,CC(C)OC(=O)c1ccccc1,1.0,,62.0,
Nagaki et al. 2008 - Aryllithium compounds bearing alkoxycarbonyl groups - generation and reactions using a microflow system,65.0,halogen-metal exchange,tetrahydrofuran,microtube reactor R1,10.1002/anie.200803205,2008.0,tR1,0.79433,,-78.0,,isopropyl o-bromobenzoate,s-BuLi,isopropyl o-(lithio)benzoate,ROH (alcohol quench),quench_probe,isopropyl benzoate,0.1,0.42,1.1,,CC(C)OC(=O)c1ccccc1Br,CCC([Li])C,CC(C)OC(=O)c1ccccc1[Li],CO,CC(C)OC(=O)c1ccccc1,3.16,,65.0,
Nagaki et al. 2008 - Aryllithium compounds bearing alkoxycarbonyl groups - generation and reactions using a microflow system,10.0,halogen-metal exchange,tetrahydrofuran,microtube reactor R1,10.1002/anie.200803205,2008.0,tR1,5.62341,,0.0,,isopropyl o-bromobenzoate,s-BuLi,isopropyl o-(lithio)benzoate,ROH (alcohol quench),quench_probe,isopropyl benzoate,0.1,0.42,1.1,,CC(C)OC(=O)c1ccccc1Br,CCC([Li])C,CC(C)OC(=O)c1ccccc1[Li],CO,CC(C)OC(=O)c1ccccc1,31.6,,10.0,
Nagaki et al. 2008 - Aryllithium compounds bearing alkoxycarbonyl groups - generation and reactions using a microflow system,18.0,halogen-metal exchange,tetrahydrofuran,microtube reactor R1,10.1002/anie.200803205,2008.0,tR1,5.62341,,-30.0,,isopropyl o-bromobenzoate,s-BuLi,isopropyl o-(lithio)benzoate,ROH (alcohol quench),quench_probe,isopropyl benzoate,0.1,0.42,1.1,,CC(C)OC(=O)c1ccccc1Br,CCC([Li])C,CC(C)OC(=O)c1ccccc1[Li],CO,CC(C)OC(=O)c1ccccc1,31.6,,18.0,
Nagaki et al. 2008 - Aryllithium compounds bearing alkoxycarbonyl groups - generation and reactions using a microflow system,68.0,halogen-metal exchange,tetrahydrofuran,microtube reactor R1,10.1002/anie.200803205,2008.0,tR1,5.62341,,-50.0,,isopropyl o-bromobenzoate,s-BuLi,isopropyl o-(lithio)benzoate,ROH (alcohol quench),quench_probe,isopropyl benzoate,0.1,0.42,1.1,,CC(C)OC(=O)c1ccccc1Br,CCC([Li])C,CC(C)OC(=O)c1ccccc1[Li],CO,CC(C)OC(=O)c1ccccc1,31.6,,68.0,
Nagaki et al. 2008 - Aryllithium compounds bearing alkoxycarbonyl groups - generation and reactions using a microflow system,72.0,halogen-metal exchange,tetrahydrofuran,microtube reactor R1,10.1002/anie.200803205,2008.0,tR1,5.62341,,-60.0,,isopropyl o-bromobenzoate,s-BuLi,isopropyl o-(lithio)benzoate,ROH (alcohol quench),quench_probe,isopropyl benzoate,0.1,0.42,1.1,,CC(C)OC(=O)c1ccccc1Br,CCC([Li])C,CC(C)OC(=O)c1ccccc1[Li],CO,CC(C)OC(=O)c1ccccc1,31.6,,72.0,
Nagaki et al. 2008 - Aryllithium compounds bearing alkoxycarbonyl groups - generation and reactions using a microflow system,78.0,halogen-metal exchange,tetrahydrofuran,microtube reactor R1,10.1002/anie.200803205,2008.0,tR1,5.62341,,-78.0,,isopropyl o-bromobenzoate,s-BuLi,isopropyl o-(lithio)benzoate,ROH (alcohol quench),quench_probe,isopropyl benzoate,0.1,0.42,1.1,,CC(C)OC(=O)c1ccccc1Br,CCC([Li])C,CC(C)OC(=O)c1ccccc1[Li],CO,CC(C)OC(=O)c1ccccc1,31.6,,78.0,
Nagaki et al. 2008 - Aryllithium compounds bearing alkoxycarbonyl groups - generation and reactions using a microflow system,65.0,halogen-metal exchange,tetrahydrofuran,microtube reactor R1,10.1002/anie.200803205,2008.0,tR1,0.01334,,0.0,,ethyl o-bromobenzoate,s-BuLi,ethyl o-(lithio)benzoate,ROH (alcohol quench),quench_probe,ethyl benzoate,0.1,0.42,1.1,,CCOC(=O)c1ccccc1Br,CCC([Li])C,CCOC(=O)c1ccccc1[Li],CO,CCOC(=O)c1ccccc1,0.0316,,65.0,
Nagaki et al. 2008 - Aryllithium compounds bearing alkoxycarbonyl groups - generation and reactions using a microflow system,37.0,halogen-metal exchange,tetrahydrofuran,microtube reactor R1,10.1002/anie.200803205,2008.0,tR1,0.05623,,0.0,,ethyl o-bromobenzoate,s-BuLi,ethyl o-(lithio)benzoate,ROH (alcohol quench),quench_probe,ethyl benzoate,0.1,0.42,1.1,,CCOC(=O)c1ccccc1Br,CCC([Li])C,CCOC(=O)c1ccccc1[Li],CO,CCOC(=O)c1ccccc1,0.1,,37.0,
Nagaki et al. 2008 - Aryllithium compounds bearing alkoxycarbonyl groups - generation and reactions using a microflow system,15.0,halogen-metal exchange,tetrahydrofuran,microtube reactor R1,10.1002/anie.200803205,2008.0,tR1,0.19953,,0.0,,ethyl o-bromobenzoate,s-BuLi,ethyl o-(lithio)benzoate,ROH (alcohol quench),quench_probe,ethyl benzoate,0.1,0.42,1.1,,CCOC(=O)c1ccccc1Br,CCC([Li])C,CCOC(=O)c1ccccc1[Li],CO,CCOC(=O)c1ccccc1,0.316,,15.0,
Nagaki et al. 2008 - Aryllithium compounds bearing alkoxycarbonyl groups - generation and reactions using a microflow system,9.0,halogen-metal exchange,tetrahydrofuran,microtube reactor R1,10.1002/anie.200803205,2008.0,tR1,0.38905,,0.0,,ethyl o-bromobenzoate,s-BuLi,ethyl o-(lithio)benzoate,ROH (alcohol quench),quench_probe,ethyl benzoate,0.1,0.42,1.1,,CCOC(=O)c1ccccc1Br,CCC([Li])C,CCOC(=O)c1ccccc1[Li],CO,CCOC(=O)c1ccccc1,1.0,,9.0,
Nagaki et al. 2008 - Aryllithium compounds bearing alkoxycarbonyl groups - generation and reactions using a microflow system,4.0,halogen-metal exchange,tetrahydrofuran,microtube reactor R1,10.1002/anie.200803205,2008.0,tR1,0.79433,,0.0,,ethyl o-bromobenzoate,s-BuLi,ethyl o-(lithio)benzoate,ROH (alcohol quench),quench_probe,ethyl benzoate,0.1,0.42,1.1,,CCOC(=O)c1ccccc1Br,CCC([Li])C,CCOC(=O)c1ccccc1[Li],CO,CCOC(=O)c1ccccc1,3.16,,4.0,
Nagaki et al. 2008 - Aryllithium compounds bearing alkoxycarbonyl groups - generation and reactions using a microflow system,0.0,halogen-metal exchange,tetrahydrofuran,microtube reactor R1,10.1002/anie.200803205,2008.0,tR1,5.62341,,0.0,,ethyl o-bromobenzoate,s-BuLi,ethyl o-(lithio)benzoate,ROH (alcohol quench),quench_probe,ethyl benzoate,0.1,0.42,1.1,,CCOC(=O)c1ccccc1Br,CCC([Li])C,CCOC(=O)c1ccccc1[Li],CO,CCOC(=O)c1ccccc1,31.6,,0.0,
Nagaki et al. 2008 - Aryllithium compounds bearing alkoxycarbonyl groups - generation and reactions using a microflow system,84.0,halogen-metal exchange,tetrahydrofuran,microtube reactor R1,10.1002/anie.200803205,2008.0,tR1,0.01334,,-30.0,,ethyl o-bromobenzoate,s-BuLi,ethyl o-(lithio)benzoate,ROH (alcohol quench),quench_probe,ethyl benzoate,0.1,0.42,1.1,,CCOC(=O)c1ccccc1Br,CCC([Li])C,CCOC(=O)c1ccccc1[Li],CO,CCOC(=O)c1ccccc1,0.0316,,84.0,
Nagaki et al. 2008 - Aryllithium compounds bearing alkoxycarbonyl groups - generation and reactions using a microflow system,63.0,halogen-metal exchange,tetrahydrofuran,microtube reactor R1,10.1002/anie.200803205,2008.0,tR1,0.05623,,-30.0,,ethyl o-bromobenzoate,s-BuLi,ethyl o-(lithio)benzoate,ROH (alcohol quench),quench_probe,ethyl benzoate,0.1,0.42,1.1,,CCOC(=O)c1ccccc1Br,CCC([Li])C,CCOC(=O)c1ccccc1[Li],CO,CCOC(=O)c1ccccc1,0.1,,63.0,
Nagaki et al. 2008 - Aryllithium compounds bearing alkoxycarbonyl groups - generation and reactions using a microflow system,58.0,halogen-metal exchange,tetrahydrofuran,microtube reactor R1,10.1002/anie.200803205,2008.0,tR1,0.19953,,-30.0,,ethyl o-bromobenzoate,s-BuLi,ethyl o-(lithio)benzoate,ROH (alcohol quench),quench_probe,ethyl benzoate,0.1,0.42,1.1,,CCOC(=O)c1ccccc1Br,CCC([Li])C,CCOC(=O)c1ccccc1[Li],CO,CCOC(=O)c1ccccc1,0.316,,58.0,
Nagaki et al. 2008 - Aryllithium compounds bearing alkoxycarbonyl groups - generation and reactions using a microflow system,48.0,halogen-metal exchange,tetrahydrofuran,microtube reactor R1,10.1002/anie.200803205,2008.0,tR1,0.38905,,-30.0,,ethyl o-bromobenzoate,s-BuLi,ethyl o-(lithio)benzoate,ROH (alcohol quench),quench_probe,ethyl benzoate,0.1,0.42,1.1,,CCOC(=O)c1ccccc1Br,CCC([Li])C,CCOC(=O)c1ccccc1[Li],CO,CCOC(=O)c1ccccc1,1.0,,48.0,
Nagaki et al. 2008 - Aryllithium compounds bearing alkoxycarbonyl groups - generation and reactions using a microflow system,38.0,halogen-metal exchange,tetrahydrofuran,microtube reactor R1,10.1002/anie.200803205,2008.0,tR1,0.79433,,-30.0,,ethyl o-bromobenzoate,s-BuLi,ethyl o-(lithio)benzoate,ROH (alcohol quench),quench_probe,ethyl benzoate,0.1,0.42,1.1,,CCOC(=O)c1ccccc1Br,CCC([Li])C,CCOC(=O)c1ccccc1[Li],CO,CCOC(=O)c1ccccc1,3.16,,38.0,
Nagaki et al. 2008 - Aryllithium compounds bearing alkoxycarbonyl groups - generation and reactions using a microflow system,10.0,halogen-metal exchange,tetrahydrofuran,microtube reactor R1,10.1002/anie.200803205,2008.0,tR1,5.62341,,-30.0,,ethyl o-bromobenzoate,s-BuLi,ethyl o-(lithio)benzoate,ROH (alcohol quench),quench_probe,ethyl benzoate,0.1,0.42,1.1,,CCOC(=O)c1ccccc1Br,CCC([Li])C,CCOC(=O)c1ccccc1[Li],CO,CCOC(=O)c1ccccc1,31.6,,10.0,
Nagaki et al. 2008 - Aryllithium compounds bearing alkoxycarbonyl groups - generation and reactions using a microflow system,64.0,halogen-metal exchange,tetrahydrofuran,microtube reactor R1,10.1002/anie.200803205,2008.0,tR1,0.01334,,-50.0,,ethyl o-bromobenzoate,s-BuLi,ethyl o-(lithio)benzoate,ROH (alcohol quench),quench_probe,ethyl benzoate,0.1,0.42,1.1,,CCOC(=O)c1ccccc1Br,CCC([Li])C,CCOC(=O)c1ccccc1[Li],CO,CCOC(=O)c1ccccc1,0.0316,,64.0,
Nagaki et al. 2008 - Aryllithium compounds bearing alkoxycarbonyl groups - generation and reactions using a microflow system,90.0,halogen-metal exchange,tetrahydrofuran,microtube reactor R1,10.1002/anie.200803205,2008.0,tR1,0.05623,,-50.0,,ethyl o-bromobenzoate,s-BuLi,ethyl o-(lithio)benzoate,ROH (alcohol quench),quench_probe,ethyl benzoate,0.1,0.42,1.1,,CCOC(=O)c1ccccc1Br,CCC([Li])C,CCOC(=O)c1ccccc1[Li],CO,CCOC(=O)c1ccccc1,0.1,,90.0,
Nagaki et al. 2008 - Aryllithium compounds bearing alkoxycarbonyl groups - generation and reactions using a microflow system,86.0,halogen-metal exchange,tetrahydrofuran,microtube reactor R1,10.1002/anie.200803205,2008.0,tR1,0.19953,,-50.0,,ethyl o-bromobenzoate,s-BuLi,ethyl o-(lithio)benzoate,ROH (alcohol quench),quench_probe,ethyl benzoate,0.1,0.42,1.1,,CCOC(=O)c1ccccc1Br,CCC([Li])C,CCOC(=O)c1ccccc1[Li],CO,CCOC(=O)c1ccccc1,0.316,,86.0,
Nagaki et al. 2008 - Aryllithium compounds bearing alkoxycarbonyl groups - generation and reactions using a microflow system,80.0,halogen-metal exchange,tetrahydrofuran,microtube reactor R1,10.1002/anie.200803205,2008.0,tR1,0.38905,,-50.0,,ethyl o-bromobenzoate,s-BuLi,ethyl o-(lithio)benzoate,ROH (alcohol quench),quench_probe,ethyl benzoate,0.1,0.42,1.1,,CCOC(=O)c1ccccc1Br,CCC([Li])C,CCOC(=O)c1ccccc1[Li],CO,CCOC(=O)c1ccccc1,1.0,,80.0,
Nagaki et al. 2008 - Aryllithium compounds bearing alkoxycarbonyl groups - generation and reactions using a microflow system,77.0,halogen-metal exchange,tetrahydrofuran,microtube reactor R1,10.1002/anie.200803205,2008.0,tR1,0.79433,,-50.0,,ethyl o-bromobenzoate,s-BuLi,ethyl o-(lithio)benzoate,ROH (alcohol quench),quench_probe,ethyl benzoate,0.1,0.42,1.1,,CCOC(=O)c1ccccc1Br,CCC([Li])C,CCOC(=O)c1ccccc1[Li],CO,CCOC(=O)c1ccccc1,3.16,,77.0,
Nagaki et al. 2008 - Aryllithium compounds bearing alkoxycarbonyl groups - generation and reactions using a microflow system,43.0,halogen-metal exchange,tetrahydrofuran,microtube reactor R1,10.1002/anie.200803205,2008.0,tR1,5.62341,,-50.0,,ethyl o-bromobenzoate,s-BuLi,ethyl o-(lithio)benzoate,ROH (alcohol quench),quench_probe,ethyl benzoate,0.1,0.42,1.1,,CCOC(=O)c1ccccc1Br,CCC([Li])C,CCOC(=O)c1ccccc1[Li],CO,CCOC(=O)c1ccccc1,31.6,,43.0,
Nagaki et al. 2008 - Aryllithium compounds bearing alkoxycarbonyl groups - generation and reactions using a microflow system,56.0,halogen-metal exchange,tetrahydrofuran,microtube reactor R1,10.1002/anie.200803205,2008.0,tR1,0.01334,,-60.0,,ethyl o-bromobenzoate,s-BuLi,ethyl o-(lithio)benzoate,ROH (alcohol quench),quench_probe,ethyl benzoate,0.1,0.42,1.1,,CCOC(=O)c1ccccc1Br,CCC([Li])C,CCOC(=O)c1ccccc1[Li],CO,CCOC(=O)c1ccccc1,0.0316,,56.0,
Nagaki et al. 2008 - Aryllithium compounds bearing alkoxycarbonyl groups - generation and reactions using a microflow system,88.0,halogen-metal exchange,tetrahydrofuran,microtube reactor R1,10.1002/anie.200803205,2008.0,tR1,0.05623,,-60.0,,ethyl o-bromobenzoate,s-BuLi,ethyl o-(lithio)benzoate,ROH (alcohol quench),quench_probe,ethyl benzoate,0.1,0.42,1.1,,CCOC(=O)c1ccccc1Br,CCC([Li])C,CCOC(=O)c1ccccc1[Li],CO,CCOC(=O)c1ccccc1,0.1,,88.0,
Nagaki et al. 2008 - Aryllithium compounds bearing alkoxycarbonyl groups - generation and reactions using a microflow system,82.0,halogen-metal exchange,tetrahydrofuran,microtube reactor R1,10.1002/anie.200803205,2008.0,tR1,0.19953,,-60.0,,ethyl o-bromobenzoate,s-BuLi,ethyl o-(lithio)benzoate,ROH (alcohol quench),quench_probe,ethyl benzoate,0.1,0.42,1.1,,CCOC(=O)c1ccccc1Br,CCC([Li])C,CCOC(=O)c1ccccc1[Li],CO,CCOC(=O)c1ccccc1,0.316,,82.0,
Nagaki et al. 2008 - Aryllithium compounds bearing alkoxycarbonyl groups - generation and reactions using a microflow system,77.0,halogen-metal exchange,tetrahydrofuran,microtube reactor R1,10.1002/anie.200803205,2008.0,tR1,0.38905,,-60.0,,ethyl o-bromobenzoate,s-BuLi,ethyl o-(lithio)benzoate,ROH (alcohol quench),quench_probe,ethyl benzoate,0.1,0.42,1.1,,CCOC(=O)c1ccccc1Br,CCC([Li])C,CCOC(=O)c1ccccc1[Li],CO,CCOC(=O)c1ccccc1,1.0,,77.0,
Nagaki et al. 2008 - Aryllithium compounds bearing alkoxycarbonyl groups - generation and reactions using a microflow system,78.0,halogen-metal exchange,tetrahydrofuran,microtube reactor R1,10.1002/anie.200803205,2008.0,tR1,0.79433,,-60.0,,ethyl o-bromobenzoate,s-BuLi,ethyl o-(lithio)benzoate,ROH (alcohol quench),quench_probe,ethyl benzoate,0.1,0.42,1.1,,CCOC(=O)c1ccccc1Br,CCC([Li])C,CCOC(=O)c1ccccc1[Li],CO,CCOC(=O)c1ccccc1,3.16,,78.0,
Nagaki et al. 2008 - Aryllithium compounds bearing alkoxycarbonyl groups - generation and reactions using a microflow system,62.0,halogen-metal exchange,tetrahydrofuran,microtube reactor R1,10.1002/anie.200803205,2008.0,tR1,5.62341,,-60.0,,ethyl o-bromobenzoate,s-BuLi,ethyl o-(lithio)benzoate,ROH (alcohol quench),quench_probe,ethyl benzoate,0.1,0.42,1.1,,CCOC(=O)c1ccccc1Br,CCC([Li])C,CCOC(=O)c1ccccc1[Li],CO,CCOC(=O)c1ccccc1,31.6,,62.0,
Nagaki et al. 2008 - Aryllithium compounds bearing alkoxycarbonyl groups - generation and reactions using a microflow system,33.0,halogen-metal exchange,tetrahydrofuran,microtube reactor R1,10.1002/anie.200803205,2008.0,tR1,0.01334,,-78.0,,ethyl o-bromobenzoate,s-BuLi,ethyl o-(lithio)benzoate,ROH (alcohol quench),quench_probe,ethyl benzoate,0.1,0.42,1.1,,CCOC(=O)c1ccccc1Br,CCC([Li])C,CCOC(=O)c1ccccc1[Li],CO,CCOC(=O)c1ccccc1,0.0316,,33.0,
Nagaki et al. 2008 - Aryllithium compounds bearing alkoxycarbonyl groups - generation and reactions using a microflow system,43.0,halogen-metal exchange,tetrahydrofuran,microtube reactor R1,10.1002/anie.200803205,2008.0,tR1,0.05623,,-78.0,,ethyl o-bromobenzoate,s-BuLi,ethyl o-(lithio)benzoate,ROH (alcohol quench),quench_probe,ethyl benzoate,0.1,0.42,1.1,,CCOC(=O)c1ccccc1Br,CCC([Li])C,CCOC(=O)c1ccccc1[Li],CO,CCOC(=O)c1ccccc1,0.1,,43.0,
Nagaki et al. 2008 - Aryllithium compounds bearing alkoxycarbonyl groups - generation and reactions using a microflow system,52.0,halogen-metal exchange,tetrahydrofuran,microtube reactor R1,10.1002/anie.200803205,2008.0,tR1,0.19953,,-78.0,,ethyl o-bromobenzoate,s-BuLi,ethyl o-(lithio)benzoate,ROH (alcohol quench),quench_probe,ethyl benzoate,0.1,0.42,1.1,,CCOC(=O)c1ccccc1Br,CCC([Li])C,CCOC(=O)c1ccccc1[Li],CO,CCOC(=O)c1ccccc1,0.316,,52.0,
Nagaki et al. 2008 - Aryllithium compounds bearing alkoxycarbonyl groups - generation and reactions using a microflow system,56.0,halogen-metal exchange,tetrahydrofuran,microtube reactor R1,10.1002/anie.200803205,2008.0,tR1,0.38905,,-78.0,,ethyl o-bromobenzoate,s-BuLi,ethyl o-(lithio)benzoate,ROH (alcohol quench),quench_probe,ethyl benzoate,0.1,0.42,1.1,,CCOC(=O)c1ccccc1Br,CCC([Li])C,CCOC(=O)c1ccccc1[Li],CO,CCOC(=O)c1ccccc1,1.0,,56.0,
Nagaki et al. 2008 - Aryllithium compounds bearing alkoxycarbonyl groups - generation and reactions using a microflow system,64.0,halogen-metal exchange,tetrahydrofuran,microtube reactor R1,10.1002/anie.200803205,2008.0,tR1,0.79433,,-78.0,,ethyl o-bromobenzoate,s-BuLi,ethyl o-(lithio)benzoate,ROH (alcohol quench),quench_probe,ethyl benzoate,0.1,0.42,1.1,,CCOC(=O)c1ccccc1Br,CCC([Li])C,CCOC(=O)c1ccccc1[Li],CO,CCOC(=O)c1ccccc1,3.16,,64.0,
Nagaki et al. 2008 - Aryllithium compounds bearing alkoxycarbonyl groups - generation and reactions using a microflow system,58.0,halogen-metal exchange,tetrahydrofuran,microtube reactor R1,10.1002/anie.200803205,2008.0,tR1,5.62341,,-78.0,,ethyl o-bromobenzoate,s-BuLi,ethyl o-(lithio)benzoate,ROH (alcohol quench),quench_probe,ethyl benzoate,0.1,0.42,1.1,,CCOC(=O)c1ccccc1Br,CCC([Li])C,CCOC(=O)c1ccccc1[Li],CO,CCOC(=O)c1ccccc1,31.6,,58.0,
Nagaki et al. 2008 - Aryllithium compounds bearing alkoxycarbonyl groups - generation and reactions using a microflow system,83.0,halogen-metal exchange,tetrahydrofuran,microtube reactor R1,10.1002/anie.200803205,2008.0,tR1,0.01334,,20.0,,tert-butyl o-bromobenzoate,s-BuLi,tert-butyl o-(lithio)benzoate (aryllithium),ROH (alcohol quench),quench_probe,tert-butyl benzoate,0.1,0.42,1.1,,CC(C)(C)OC(=O)c1ccccc1Br,CCC([Li])C,CC(C)(C)OC(=O)c1ccccc1[Li],CO,CC(C)(C)OC(=O)c1ccccc1,0.0316,,,
Nagaki et al. 2008 - Aryllithium compounds bearing alkoxycarbonyl groups - generation and reactions using a microflow system,81.0,halogen-metal exchange,tetrahydrofuran,microtube reactor R1,10.1002/anie.200803205,2008.0,tR1,0.05623,,20.0,,tert-butyl o-bromobenzoate,s-BuLi,tert-butyl o-(lithio)benzoate (aryllithium),ROH (alcohol quench),quench_probe,tert-butyl benzoate,0.1,0.42,1.1,,CC(C)(C)OC(=O)c1ccccc1Br,CCC([Li])C,CC(C)(C)OC(=O)c1ccccc1[Li],CO,CC(C)(C)OC(=O)c1ccccc1,0.1,,,
Nagaki et al. 2008 - Aryllithium compounds bearing alkoxycarbonyl groups - generation and reactions using a microflow system,74.0,halogen-metal exchange,tetrahydrofuran,microtube reactor R1,10.1002/anie.200803205,2008.0,tR1,0.19953,,20.0,,tert-butyl o-bromobenzoate,s-BuLi,tert-butyl o-(lithio)benzoate (aryllithium),ROH (alcohol quench),quench_probe,tert-butyl benzoate,0.1,0.42,1.1,,CC(C)(C)OC(=O)c1ccccc1Br,CCC([Li])C,CC(C)(C)OC(=O)c1ccccc1[Li],CO,CC(C)(C)OC(=O)c1ccccc1,0.316,,,
Nagaki et al. 2008 - Aryllithium compounds bearing alkoxycarbonyl groups - generation and reactions using a microflow system,71.0,halogen-metal exchange,tetrahydrofuran,microtube reactor R1,10.1002/anie.200803205,2008.0,tR1,0.38905,,20.0,,tert-butyl o-bromobenzoate,s-BuLi,tert-butyl o-(lithio)benzoate (aryllithium),ROH (alcohol quench),quench_probe,tert-butyl benzoate,0.1,0.42,1.1,,CC(C)(C)OC(=O)c1ccccc1Br,CCC([Li])C,CC(C)(C)OC(=O)c1ccccc1[Li],CO,CC(C)(C)OC(=O)c1ccccc1,1.0,,,
Nagaki et al. 2008 - Aryllithium compounds bearing alkoxycarbonyl groups - generation and reactions using a microflow system,61.0,halogen-metal exchange,tetrahydrofuran,microtube reactor R1,10.1002/anie.200803205,2008.0,tR1,0.79433,,20.0,,tert-butyl o-bromobenzoate,s-BuLi,tert-butyl o-(lithio)benzoate (aryllithium),ROH (alcohol quench),quench_probe,tert-butyl benzoate,0.1,0.42,1.1,,CC(C)(C)OC(=O)c1ccccc1Br,CCC([Li])C,CC(C)(C)OC(=O)c1ccccc1[Li],CO,CC(C)(C)OC(=O)c1ccccc1,3.16,,,
Nagaki et al. 2008 - Aryllithium compounds bearing alkoxycarbonyl groups - generation and reactions using a microflow system,30.0,halogen-metal exchange,tetrahydrofuran,microtube reactor R1,10.1002/anie.200803205,2008.0,tR1,5.62341,,20.0,,tert-butyl o-bromobenzoate,s-BuLi,tert-butyl o-(lithio)benzoate (aryllithium),ROH (alcohol quench),quench_probe,tert-butyl benzoate,0.1,0.42,1.1,,CC(C)(C)OC(=O)c1ccccc1Br,CCC([Li])C,CC(C)(C)OC(=O)c1ccccc1[Li],CO,CC(C)(C)OC(=O)c1ccccc1,31.6,,,
Nagaki et al. 2008 - Aryllithium compounds bearing alkoxycarbonyl groups - generation and reactions using a microflow system,93.0,halogen-metal exchange,tetrahydrofuran,microtube reactor R1,10.1002/anie.200803205,2008.0,tR1,0.01334,,0.0,,tert-butyl o-bromobenzoate,s-BuLi,tert-butyl o-(lithio)benzoate (aryllithium),ROH (alcohol quench),quench_probe,tert-butyl benzoate,0.1,0.42,1.1,,CC(C)(C)OC(=O)c1ccccc1Br,CCC([Li])C,CC(C)(C)OC(=O)c1ccccc1[Li],CO,CC(C)(C)OC(=O)c1ccccc1,0.0316,,,
Nagaki et al. 2008 - Aryllithium compounds bearing alkoxycarbonyl groups - generation and reactions using a microflow system,93.0,halogen-metal exchange,tetrahydrofuran,microtube reactor R1,10.1002/anie.200803205,2008.0,tR1,0.05623,,0.0,,tert-butyl o-bromobenzoate,s-BuLi,tert-butyl o-(lithio)benzoate (aryllithium),ROH (alcohol quench),quench_probe,tert-butyl benzoate,0.1,0.42,1.1,,CC(C)(C)OC(=O)c1ccccc1Br,CCC([Li])C,CC(C)(C)OC(=O)c1ccccc1[Li],CO,CC(C)(C)OC(=O)c1ccccc1,0.1,,,
Nagaki et al. 2008 - Aryllithium compounds bearing alkoxycarbonyl groups - generation and reactions using a microflow system,90.0,halogen-metal exchange,tetrahydrofuran,microtube reactor R1,10.1002/anie.200803205,2008.0,tR1,0.19953,,0.0,,tert-butyl o-bromobenzoate,s-BuLi,tert-butyl o-(lithio)benzoate (aryllithium),ROH (alcohol quench),quench_probe,tert-butyl benzoate,0.1,0.42,1.1,,CC(C)(C)OC(=O)c1ccccc1Br,CCC([Li])C,CC(C)(C)OC(=O)c1ccccc1[Li],CO,CC(C)(C)OC(=O)c1ccccc1,0.316,,,
Nagaki et al. 2008 - Aryllithium compounds bearing alkoxycarbonyl groups - generation and reactions using a microflow system,89.0,halogen-metal exchange,tetrahydrofuran,microtube reactor R1,10.1002/anie.200803205,2008.0,tR1,0.38905,,0.0,,tert-butyl o-bromobenzoate,s-BuLi,tert-butyl o-(lithio)benzoate (aryllithium),ROH (alcohol quench),quench_probe,tert-butyl benzoate,0.1,0.42,1.1,,CC(C)(C)OC(=O)c1ccccc1Br,CCC([Li])C,CC(C)(C)OC(=O)c1ccccc1[Li],CO,CC(C)(C)OC(=O)c1ccccc1,1.0,,,
Nagaki et al. 2008 - Aryllithium compounds bearing alkoxycarbonyl groups - generation and reactions using a microflow system,84.0,halogen-metal exchange,tetrahydrofuran,microtube reactor R1,10.1002/anie.200803205,2008.0,tR1,0.79433,,0.0,,tert-butyl o-bromobenzoate,s-BuLi,tert-butyl o-(lithio)benzoate (aryllithium),ROH (alcohol quench),quench_probe,tert-butyl benzoate,0.1,0.42,1.1,,CC(C)(C)OC(=O)c1ccccc1Br,CCC([Li])C,CC(C)(C)OC(=O)c1ccccc1[Li],CO,CC(C)(C)OC(=O)c1ccccc1,3.16,,,
Nagaki et al. 2008 - Aryllithium compounds bearing alkoxycarbonyl groups - generation and reactions using a microflow system,43.0,halogen-metal exchange,tetrahydrofuran,microtube reactor R1,10.1002/anie.200803205,2008.0,tR1,5.62341,,0.0,,tert-butyl o-bromobenzoate,s-BuLi,tert-butyl o-(lithio)benzoate (aryllithium),ROH (alcohol quench),quench_probe,tert-butyl benzoate,0.1,0.42,1.1,,CC(C)(C)OC(=O)c1ccccc1Br,CCC([Li])C,CC(C)(C)OC(=O)c1ccccc1[Li],CO,CC(C)(C)OC(=O)c1ccccc1,31.6,,,
Nagaki et al. 2008 - Aryllithium compounds bearing alkoxycarbonyl groups - generation and reactions using a microflow system,75.0,halogen-metal exchange,tetrahydrofuran,microtube reactor R1,10.1002/anie.200803205,2008.0,tR1,0.01334,,-30.0,,tert-butyl o-bromobenzoate,s-BuLi,tert-butyl o-(lithio)benzoate (aryllithium),ROH (alcohol quench),quench_probe,tert-butyl benzoate,0.1,0.42,1.1,,CC(C)(C)OC(=O)c1ccccc1Br,CCC([Li])C,CC(C)(C)OC(=O)c1ccccc1[Li],CO,CC(C)(C)OC(=O)c1ccccc1,0.0316,,,
Nagaki et al. 2008 - Aryllithium compounds bearing alkoxycarbonyl groups - generation and reactions using a microflow system,99.0,halogen-metal exchange,tetrahydrofuran,microtube reactor R1,10.1002/anie.200803205,2008.0,tR1,0.05623,,-30.0,,tert-butyl o-bromobenzoate,s-BuLi,tert-butyl o-(lithio)benzoate (aryllithium),ROH (alcohol quench),quench_probe,tert-butyl benzoate,0.1,0.42,1.1,,CC(C)(C)OC(=O)c1ccccc1Br,CCC([Li])C,CC(C)(C)OC(=O)c1ccccc1[Li],CO,CC(C)(C)OC(=O)c1ccccc1,0.1,,,
Nagaki et al. 2008 - Aryllithium compounds bearing alkoxycarbonyl groups - generation and reactions using a microflow system,98.0,halogen-metal exchange,tetrahydrofuran,microtube reactor R1,10.1002/anie.200803205,2008.0,tR1,0.19953,,-30.0,,tert-butyl o-bromobenzoate,s-BuLi,tert-butyl o-(lithio)benzoate (aryllithium),ROH (alcohol quench),quench_probe,tert-butyl benzoate,0.1,0.42,1.1,,CC(C)(C)OC(=O)c1ccccc1Br,CCC([Li])C,CC(C)(C)OC(=O)c1ccccc1[Li],CO,CC(C)(C)OC(=O)c1ccccc1,0.316,,,
Nagaki et al. 2008 - Aryllithium compounds bearing alkoxycarbonyl groups - generation and reactions using a microflow system,99.0,halogen-metal exchange,tetrahydrofuran,microtube reactor R1,10.1002/anie.200803205,2008.0,tR1,0.38905,,-30.0,,tert-butyl o-bromobenzoate,s-BuLi,tert-butyl o-(lithio)benzoate (aryllithium),ROH (alcohol quench),quench_probe,tert-butyl benzoate,0.1,0.42,1.1,,CC(C)(C)OC(=O)c1ccccc1Br,CCC([Li])C,CC(C)(C)OC(=O)c1ccccc1[Li],CO,CC(C)(C)OC(=O)c1ccccc1,1.0,,,
Nagaki et al. 2008 - Aryllithium compounds bearing alkoxycarbonyl groups - generation and reactions using a microflow system,97.0,halogen-metal exchange,tetrahydrofuran,microtube reactor R1,10.1002/anie.200803205,2008.0,tR1,0.79433,,-30.0,,tert-butyl o-bromobenzoate,s-BuLi,tert-butyl o-(lithio)benzoate (aryllithium),ROH (alcohol quench),quench_probe,tert-butyl benzoate,0.1,0.42,1.1,,CC(C)(C)OC(=O)c1ccccc1Br,CCC([Li])C,CC(C)(C)OC(=O)c1ccccc1[Li],CO,CC(C)(C)OC(=O)c1ccccc1,3.16,,,
Nagaki et al. 2008 - Aryllithium compounds bearing alkoxycarbonyl groups - generation and reactions using a microflow system,88.0,halogen-metal exchange,tetrahydrofuran,microtube reactor R1,10.1002/anie.200803205,2008.0,tR1,5.62341,,-30.0,,tert-butyl o-bromobenzoate,s-BuLi,tert-butyl o-(lithio)benzoate (aryllithium),ROH (alcohol quench),quench_probe,tert-butyl benzoate,0.1,0.42,1.1,,CC(C)(C)OC(=O)c1ccccc1Br,CCC([Li])C,CC(C)(C)OC(=O)c1ccccc1[Li],CO,CC(C)(C)OC(=O)c1ccccc1,31.6,,,
Nagaki et al. 2008 - Aryllithium compounds bearing alkoxycarbonyl groups - generation and reactions using a microflow system,65.0,halogen-metal exchange,tetrahydrofuran,microtube reactor R1,10.1002/anie.200803205,2008.0,tR1,0.01334,,-50.0,,tert-butyl o-bromobenzoate,s-BuLi,tert-butyl o-(lithio)benzoate (aryllithium),ROH (alcohol quench),quench_probe,tert-butyl benzoate,0.1,0.42,1.1,,CC(C)(C)OC(=O)c1ccccc1Br,CCC([Li])C,CC(C)(C)OC(=O)c1ccccc1[Li],CO,CC(C)(C)OC(=O)c1ccccc1,0.0316,,,
Nagaki et al. 2008 - Aryllithium compounds bearing alkoxycarbonyl groups - generation and reactions using a microflow system,94.0,halogen-metal exchange,tetrahydrofuran,microtube reactor R1,10.1002/anie.200803205,2008.0,tR1,0.05623,,-50.0,,tert-butyl o-bromobenzoate,s-BuLi,tert-butyl o-(lithio)benzoate (aryllithium),ROH (alcohol quench),quench_probe,tert-butyl benzoate,0.1,0.42,1.1,,CC(C)(C)OC(=O)c1ccccc1Br,CCC([Li])C,CC(C)(C)OC(=O)c1ccccc1[Li],CO,CC(C)(C)OC(=O)c1ccccc1,0.1,,,
Nagaki et al. 2008 - Aryllithium compounds bearing alkoxycarbonyl groups - generation and reactions using a microflow system,98.0,halogen-metal exchange,tetrahydrofuran,microtube reactor R1,10.1002/anie.200803205,2008.0,tR1,0.19953,,-50.0,,tert-butyl o-bromobenzoate,s-BuLi,tert-butyl o-(lithio)benzoate (aryllithium),ROH (alcohol quench),quench_probe,tert-butyl benzoate,0.1,0.42,1.1,,CC(C)(C)OC(=O)c1ccccc1Br,CCC([Li])C,CC(C)(C)OC(=O)c1ccccc1[Li],CO,CC(C)(C)OC(=O)c1ccccc1,0.316,,,
Nagaki et al. 2008 - Aryllithium compounds bearing alkoxycarbonyl groups - generation and reactions using a microflow system,99.0,halogen-metal exchange,tetrahydrofuran,microtube reactor R1,10.1002/anie.200803205,2008.0,tR1,0.38905,,-50.0,,tert-butyl o-bromobenzoate,s-BuLi,tert-butyl o-(lithio)benzoate (aryllithium),ROH (alcohol quench),quench_probe,tert-butyl benzoate,0.1,0.42,1.1,,CC(C)(C)OC(=O)c1ccccc1Br,CCC([Li])C,CC(C)(C)OC(=O)c1ccccc1[Li],CO,CC(C)(C)OC(=O)c1ccccc1,1.0,,,
Nagaki et al. 2008 - Aryllithium compounds bearing alkoxycarbonyl groups - generation and reactions using a microflow system,96.0,halogen-metal exchange,tetrahydrofuran,microtube reactor R1,10.1002/anie.200803205,2008.0,tR1,0.79433,,-50.0,,tert-butyl o-bromobenzoate,s-BuLi,tert-butyl o-(lithio)benzoate (aryllithium),ROH (alcohol quench),quench_probe,tert-butyl benzoate,0.1,0.42,1.1,,CC(C)(C)OC(=O)c1ccccc1Br,CCC([Li])C,CC(C)(C)OC(=O)c1ccccc1[Li],CO,CC(C)(C)OC(=O)c1ccccc1,3.16,,,
Nagaki et al. 2008 - Aryllithium compounds bearing alkoxycarbonyl groups - generation and reactions using a microflow system,92.0,halogen-metal exchange,tetrahydrofuran,microtube reactor R1,10.1002/anie.200803205,2008.0,tR1,5.62341,,-50.0,,tert-butyl o-bromobenzoate,s-BuLi,tert-butyl o-(lithio)benzoate (aryllithium),ROH (alcohol quench),quench_probe,tert-butyl benzoate,0.1,0.42,1.1,,CC(C)(C)OC(=O)c1ccccc1Br,CCC([Li])C,CC(C)(C)OC(=O)c1ccccc1[Li],CO,CC(C)(C)OC(=O)c1ccccc1,31.6,,,
Nagaki et al. 2008 - Aryllithium compounds bearing alkoxycarbonyl groups - generation and reactions using a microflow system,54.0,halogen-metal exchange,tetrahydrofuran,microtube reactor R1,10.1002/anie.200803205,2008.0,tR1,0.01334,,-60.0,,tert-butyl o-bromobenzoate,s-BuLi,tert-butyl o-(lithio)benzoate (aryllithium),ROH (alcohol quench),quench_probe,tert-butyl benzoate,0.1,0.42,1.1,,CC(C)(C)OC(=O)c1ccccc1Br,CCC([Li])C,CC(C)(C)OC(=O)c1ccccc1[Li],CO,CC(C)(C)OC(=O)c1ccccc1,0.0316,,,
Nagaki et al. 2008 - Aryllithium compounds bearing alkoxycarbonyl groups - generation and reactions using a microflow system,77.0,halogen-metal exchange,tetrahydrofuran,microtube reactor R1,10.1002/anie.200803205,2008.0,tR1,0.05623,,-60.0,,tert-butyl o-bromobenzoate,s-BuLi,tert-butyl o-(lithio)benzoate (aryllithium),ROH (alcohol quench),quench_probe,tert-butyl benzoate,0.1,0.42,1.1,,CC(C)(C)OC(=O)c1ccccc1Br,CCC([Li])C,CC(C)(C)OC(=O)c1ccccc1[Li],CO,CC(C)(C)OC(=O)c1ccccc1,0.1,,77.0,
Nagaki et al. 2008 - Aryllithium compounds bearing alkoxycarbonyl groups - generation and reactions using a microflow system,92.0,halogen-metal exchange,tetrahydrofuran,microtube reactor R1,10.1002/anie.200803205,2008.0,tR1,0.19953,,-60.0,,tert-butyl o-bromobenzoate,s-BuLi,tert-butyl o-(lithio)benzoate (aryllithium),ROH (alcohol quench),quench_probe,tert-butyl benzoate,0.1,0.42,1.1,,CC(C)(C)OC(=O)c1ccccc1Br,CCC([Li])C,CC(C)(C)OC(=O)c1ccccc1[Li],CO,CC(C)(C)OC(=O)c1ccccc1,0.316,,,
Nagaki et al. 2008 - Aryllithium compounds bearing alkoxycarbonyl groups - generation and reactions using a microflow system,96.0,halogen-metal exchange,tetrahydrofuran,microtube reactor R1,10.1002/anie.200803205,2008.0,tR1,0.38905,,-60.0,,tert-butyl o-bromobenzoate,s-BuLi,tert-butyl o-(lithio)benzoate (aryllithium),ROH (alcohol quench),quench_probe,tert-butyl benzoate,0.1,0.42,1.1,,CC(C)(C)OC(=O)c1ccccc1Br,CCC([Li])C,CC(C)(C)OC(=O)c1ccccc1[Li],CO,CC(C)(C)OC(=O)c1ccccc1,1.0,,,
Nagaki et al. 2008 - Aryllithium compounds bearing alkoxycarbonyl groups - generation and reactions using a microflow system,97.0,halogen-metal exchange,tetrahydrofuran,microtube reactor R1,10.1002/anie.200803205,2008.0,tR1,0.79433,,-60.0,,tert-butyl o-bromobenzoate,s-BuLi,tert-butyl o-(lithio)benzoate (aryllithium),ROH (alcohol quench),quench_probe,tert-butyl benzoate,0.1,0.42,1.1,,CC(C)(C)OC(=O)c1ccccc1Br,CCC([Li])C,CC(C)(C)OC(=O)c1ccccc1[Li],CO,CC(C)(C)OC(=O)c1ccccc1,3.16,,,
Nagaki et al. 2008 - Aryllithium compounds bearing alkoxycarbonyl groups - generation and reactions using a microflow system,94.0,halogen-metal exchange,tetrahydrofuran,microtube reactor R1,10.1002/anie.200803205,2008.0,tR1,5.62341,,-60.0,,tert-butyl o-bromobenzoate,s-BuLi,tert-butyl o-(lithio)benzoate (aryllithium),ROH (alcohol quench),quench_probe,tert-butyl benzoate,0.1,0.42,1.1,,CC(C)(C)OC(=O)c1ccccc1Br,CCC([Li])C,CC(C)(C)OC(=O)c1ccccc1[Li],CO,CC(C)(C)OC(=O)c1ccccc1,31.6,,,
Nagaki et al. 2008 - Aryllithium compounds bearing alkoxycarbonyl groups - generation and reactions using a microflow system,48.0,halogen-metal exchange,tetrahydrofuran,microtube reactor R1,10.1002/anie.200803205,2008.0,tR1,0.01334,,-78.0,,tert-butyl o-bromobenzoate,s-BuLi,tert-butyl o-(lithio)benzoate (aryllithium),ROH (alcohol quench),quench_probe,tert-butyl benzoate,0.1,0.42,1.1,,CC(C)(C)OC(=O)c1ccccc1Br,CCC([Li])C,CC(C)(C)OC(=O)c1ccccc1[Li],CO,CC(C)(C)OC(=O)c1ccccc1,0.0316,,48.0,
Nagaki et al. 2008 - Aryllithium compounds bearing alkoxycarbonyl groups - generation and reactions using a microflow system,48.0,halogen-metal exchange,tetrahydrofuran,microtube reactor R1,10.1002/anie.200803205,2008.0,tR1,0.05623,,-78.0,,tert-butyl o-bromobenzoate,s-BuLi,tert-butyl o-(lithio)benzoate (aryllithium),ROH (alcohol quench),quench_probe,tert-butyl benzoate,0.1,0.42,1.1,,CC(C)(C)OC(=O)c1ccccc1Br,CCC([Li])C,CC(C)(C)OC(=O)c1ccccc1[Li],CO,CC(C)(C)OC(=O)c1ccccc1,0.1,,48.0,
Nagaki et al. 2008 - Aryllithium compounds bearing alkoxycarbonyl groups - generation and reactions using a microflow system,58.0,halogen-metal exchange,tetrahydrofuran,microtube reactor R1,10.1002/anie.200803205,2008.0,tR1,0.19953,,-78.0,,tert-butyl o-bromobenzoate,s-BuLi,tert-butyl o-(lithio)benzoate (aryllithium),ROH (alcohol quench),quench_probe,tert-butyl benzoate,0.1,0.42,1.1,,CC(C)(C)OC(=O)c1ccccc1Br,CCC([Li])C,CC(C)(C)OC(=O)c1ccccc1[Li],CO,CC(C)(C)OC(=O)c1ccccc1,0.316,,58.0,
Nagaki et al. 2008 - Aryllithium compounds bearing alkoxycarbonyl groups - generation and reactions using a microflow system,61.0,halogen-metal exchange,tetrahydrofuran,microtube reactor R1,10.1002/anie.200803205,2008.0,tR1,0.38905,,-78.0,,tert-butyl o-bromobenzoate,s-BuLi,tert-butyl o-(lithio)benzoate (aryllithium),ROH (alcohol quench),quench_probe,tert-butyl benzoate,0.1,0.42,1.1,,CC(C)(C)OC(=O)c1ccccc1Br,CCC([Li])C,CC(C)(C)OC(=O)c1ccccc1[Li],CO,CC(C)(C)OC(=O)c1ccccc1,1.0,,,
Nagaki et al. 2008 - Aryllithium compounds bearing alkoxycarbonyl groups - generation and reactions using a microflow system,76.0,halogen-metal exchange,tetrahydrofuran,microtube reactor R1,10.1002/anie.200803205,2008.0,tR1,0.79433,,-78.0,,tert-butyl o-bromobenzoate,s-BuLi,tert-butyl o-(lithio)benzoate (aryllithium),ROH (alcohol quench),quench_probe,tert-butyl benzoate,0.1,0.42,1.1,,CC(C)(C)OC(=O)c1ccccc1Br,CCC([Li])C,CC(C)(C)OC(=O)c1ccccc1[Li],CO,CC(C)(C)OC(=O)c1ccccc1,3.16,,,
Nagaki et al. 2008 - Aryllithium compounds bearing alkoxycarbonyl groups - generation and reactions using a microflow system,91.0,halogen-metal exchange,tetrahydrofuran,microtube reactor R1,10.1002/anie.200803205,2008.0,tR1,5.62341,,-78.0,,tert-butyl o-bromobenzoate,s-BuLi,tert-butyl o-(lithio)benzoate (aryllithium),ROH (alcohol quench),quench_probe,tert-butyl benzoate,0.1,0.42,1.1,,CC(C)(C)OC(=O)c1ccccc1Br,CCC([Li])C,CC(C)(C)OC(=O)c1ccccc1[Li],CO,CC(C)(C)OC(=O)c1ccccc1,31.6,,,
Nagaki et al. 2010 - A flow microreactor system enables organolithium reactions without protecting alkoxycarbonyl groups,19.0,halogen-metal exchange,tetrahydrofuran,flow microreactor,10.1002/chem.201000876,2010.0,tR1,0.01334,,0.0,,tert-butyl p-bromobenzoate,s-BuLi,tert-butyl 4-(lithio)benzoate (aryllithium),ROH (alcohol quench),quench_probe,tert-butyl 4-(lithio)benzoate (aryllithium intermediate),0.1,0.42,1.1,,CC(C)(C)OC(=O)c1ccc(Br)cc1,CCC([Li])C,CC(C)(C)OC(=O)c1ccc([Li])cc1,CO,CC(C)(C)OC(=O)c1ccc([Li])cc1,0.0316,,,
Nagaki et al. 2010 - A flow microreactor system enables organolithium reactions without protecting alkoxycarbonyl groups,11.0,halogen-metal exchange,tetrahydrofuran,flow microreactor,10.1002/chem.201000876,2010.0,tR1,0.05623,,0.0,,tert-butyl p-bromobenzoate,s-BuLi,tert-butyl 4-(lithio)benzoate (aryllithium),ROH (alcohol quench),quench_probe,tert-butyl 4-(lithio)benzoate (aryllithium intermediate),0.1,0.42,1.1,,CC(C)(C)OC(=O)c1ccc(Br)cc1,CCC([Li])C,CC(C)(C)OC(=O)c1ccc([Li])cc1,CO,CC(C)(C)OC(=O)c1ccc([Li])cc1,0.1,,,
Nagaki et al. 2010 - A flow microreactor system enables organolithium reactions without protecting alkoxycarbonyl groups,5.0,halogen-metal exchange,tetrahydrofuran,flow microreactor,10.1002/chem.201000876,2010.0,tR1,0.19953,,0.0,,tert-butyl p-bromobenzoate,s-BuLi,tert-butyl 4-(lithio)benzoate (aryllithium),ROH (alcohol quench),quench_probe,tert-butyl 4-(lithio)benzoate (aryllithium intermediate),0.1,0.42,1.1,,CC(C)(C)OC(=O)c1ccc(Br)cc1,CCC([Li])C,CC(C)(C)OC(=O)c1ccc([Li])cc1,CO,CC(C)(C)OC(=O)c1ccc([Li])cc1,0.316,,5.0,
Nagaki et al. 2010 - A flow microreactor system enables organolithium reactions without protecting alkoxycarbonyl groups,3.0,halogen-metal exchange,tetrahydrofuran,flow microreactor,10.1002/chem.201000876,2010.0,tR1,0.38905,,0.0,,tert-butyl p-bromobenzoate,s-BuLi,tert-butyl 4-(lithio)benzoate (aryllithium),ROH (alcohol quench),quench_probe,tert-butyl 4-(lithio)benzoate (aryllithium intermediate),0.1,0.42,1.1,,CC(C)(C)OC(=O)c1ccc(Br)cc1,CCC([Li])C,CC(C)(C)OC(=O)c1ccc([Li])cc1,CO,CC(C)(C)OC(=O)c1ccc([Li])cc1,1.0,,,
Nagaki et al. 2010 - A flow microreactor system enables organolithium reactions without protecting alkoxycarbonyl groups,3.0,halogen-metal exchange,tetrahydrofuran,flow microreactor,10.1002/chem.201000876,2010.0,tR1,0.79433,,0.0,,tert-butyl p-bromobenzoate,s-BuLi,tert-butyl 4-(lithio)benzoate (aryllithium),ROH (alcohol quench),quench_probe,tert-butyl 4-(lithio)benzoate (aryllithium intermediate),0.1,0.42,1.1,,CC(C)(C)OC(=O)c1ccc(Br)cc1,CCC([Li])C,CC(C)(C)OC(=O)c1ccc([Li])cc1,CO,CC(C)(C)OC(=O)c1ccc([Li])cc1,3.16,,,
Nagaki et al. 2010 - A flow microreactor system enables organolithium reactions without protecting alkoxycarbonyl groups,47.0,halogen-metal exchange,tetrahydrofuran,flow microreactor,10.1002/chem.201000876,2010.0,tR1,0.01334,,-30.0,,tert-butyl p-bromobenzoate,s-BuLi,tert-butyl 4-(lithio)benzoate (aryllithium),ROH (alcohol quench),quench_probe,tert-butyl 4-(lithio)benzoate (aryllithium intermediate),0.1,0.42,1.1,,CC(C)(C)OC(=O)c1ccc(Br)cc1,CCC([Li])C,CC(C)(C)OC(=O)c1ccc([Li])cc1,CO,CC(C)(C)OC(=O)c1ccc([Li])cc1,0.0316,,,
Nagaki et al. 2010 - A flow microreactor system enables organolithium reactions without protecting alkoxycarbonyl groups,31.0,halogen-metal exchange,tetrahydrofuran,flow microreactor,10.1002/chem.201000876,2010.0,tR1,0.05623,,-30.0,,tert-butyl p-bromobenzoate,s-BuLi,tert-butyl 4-(lithio)benzoate (aryllithium),ROH (alcohol quench),quench_probe,tert-butyl 4-(lithio)benzoate (aryllithium intermediate),0.1,0.42,1.1,,CC(C)(C)OC(=O)c1ccc(Br)cc1,CCC([Li])C,CC(C)(C)OC(=O)c1ccc([Li])cc1,CO,CC(C)(C)OC(=O)c1ccc([Li])cc1,0.1,,,
Nagaki et al. 2010 - A flow microreactor system enables organolithium reactions without protecting alkoxycarbonyl groups,20.0,halogen-metal exchange,tetrahydrofuran,flow microreactor,10.1002/chem.201000876,2010.0,tR1,0.19953,,-30.0,,tert-butyl p-bromobenzoate,s-BuLi,tert-butyl 4-(lithio)benzoate (aryllithium),ROH (alcohol quench),quench_probe,tert-butyl 4-(lithio)benzoate (aryllithium intermediate),0.1,0.42,1.1,,CC(C)(C)OC(=O)c1ccc(Br)cc1,CCC([Li])C,CC(C)(C)OC(=O)c1ccc([Li])cc1,CO,CC(C)(C)OC(=O)c1ccc([Li])cc1,0.316,,,
Nagaki et al. 2010 - A flow microreactor system enables organolithium reactions without protecting alkoxycarbonyl groups,12.0,halogen-metal exchange,tetrahydrofuran,flow microreactor,10.1002/chem.201000876,2010.0,tR1,0.79433,,-30.0,,tert-butyl p-bromobenzoate,s-BuLi,tert-butyl 4-(lithio)benzoate (aryllithium),ROH (alcohol quench),quench_probe,tert-butyl 4-(lithio)benzoate (aryllithium intermediate),0.1,0.42,1.1,,CC(C)(C)OC(=O)c1ccc(Br)cc1,CCC([Li])C,CC(C)(C)OC(=O)c1ccc([Li])cc1,CO,CC(C)(C)OC(=O)c1ccc([Li])cc1,3.16,,,
Nagaki et al. 2010 - A flow microreactor system enables organolithium reactions without protecting alkoxycarbonyl groups,30.0,halogen-metal exchange,tetrahydrofuran,flow microreactor,10.1002/chem.201000876,2010.0,tR1,0.01334,,-50.0,,tert-butyl p-bromobenzoate,s-BuLi,tert-butyl 4-(lithio)benzoate (aryllithium),ROH (alcohol quench),quench_probe,tert-butyl 4-(lithio)benzoate (aryllithium intermediate),0.1,0.42,1.1,,CC(C)(C)OC(=O)c1ccc(Br)cc1,CCC([Li])C,CC(C)(C)OC(=O)c1ccc([Li])cc1,CO,CC(C)(C)OC(=O)c1ccc([Li])cc1,0.0316,,,
Nagaki et al. 2010 - A flow microreactor system enables organolithium reactions without protecting alkoxycarbonyl groups,25.0,halogen-metal exchange,tetrahydrofuran,flow microreactor,10.1002/chem.201000876,2010.0,tR1,0.05623,,-50.0,,tert-butyl p-bromobenzoate,s-BuLi,tert-butyl 4-(lithio)benzoate (aryllithium),ROH (alcohol quench),quench_probe,tert-butyl 4-(lithio)benzoate (aryllithium intermediate),0.1,0.42,1.1,,CC(C)(C)OC(=O)c1ccc(Br)cc1,CCC([Li])C,CC(C)(C)OC(=O)c1ccc([Li])cc1,CO,CC(C)(C)OC(=O)c1ccc([Li])cc1,0.1,,,
Nagaki et al. 2010 - A flow microreactor system enables organolithium reactions without protecting alkoxycarbonyl groups,29.0,halogen-metal exchange,tetrahydrofuran,flow microreactor,10.1002/chem.201000876,2010.0,tR1,0.19953,,-50.0,,tert-butyl p-bromobenzoate,s-BuLi,tert-butyl 4-(lithio)benzoate (aryllithium),ROH (alcohol quench),quench_probe,tert-butyl 4-(lithio)benzoate (aryllithium intermediate),0.1,0.42,1.1,,CC(C)(C)OC(=O)c1ccc(Br)cc1,CCC([Li])C,CC(C)(C)OC(=O)c1ccc([Li])cc1,CO,CC(C)(C)OC(=O)c1ccc([Li])cc1,0.316,,,
Nagaki et al. 2010 - A flow microreactor system enables organolithium reactions without protecting alkoxycarbonyl groups,29.0,halogen-metal exchange,tetrahydrofuran,flow microreactor,10.1002/chem.201000876,2010.0,tR1,0.38905,,-50.0,,tert-butyl p-bromobenzoate,s-BuLi,tert-butyl 4-(lithio)benzoate (aryllithium),ROH (alcohol quench),quench_probe,tert-butyl 4-(lithio)benzoate (aryllithium intermediate),0.1,0.42,1.1,,CC(C)(C)OC(=O)c1ccc(Br)cc1,CCC([Li])C,CC(C)(C)OC(=O)c1ccc([Li])cc1,CO,CC(C)(C)OC(=O)c1ccc([Li])cc1,1.0,,,
Nagaki et al. 2010 - A flow microreactor system enables organolithium reactions without protecting alkoxycarbonyl groups,25.0,halogen-metal exchange,tetrahydrofuran,flow microreactor,10.1002/chem.201000876,2010.0,tR1,0.79433,,-50.0,,tert-butyl p-bromobenzoate,s-BuLi,tert-butyl 4-(lithio)benzoate (aryllithium),ROH (alcohol quench),quench_probe,tert-butyl 4-(lithio)benzoate (aryllithium intermediate),0.1,0.42,1.1,,CC(C)(C)OC(=O)c1ccc(Br)cc1,CCC([Li])C,CC(C)(C)OC(=O)c1ccc([Li])cc1,CO,CC(C)(C)OC(=O)c1ccc([Li])cc1,3.16,,,
Nagaki et al. 2010 - A flow microreactor system enables organolithium reactions without protecting alkoxycarbonyl groups,31.0,halogen-metal exchange,tetrahydrofuran,flow microreactor,10.1002/chem.201000876,2010.0,tR1,0.01334,,-60.0,,tert-butyl p-bromobenzoate,s-BuLi,tert-butyl 4-(lithio)benzoate (aryllithium),ROH (alcohol quench),quench_probe,tert-butyl 4-(lithio)benzoate (aryllithium intermediate),0.1,0.42,1.1,,CC(C)(C)OC(=O)c1ccc(Br)cc1,CCC([Li])C,CC(C)(C)OC(=O)c1ccc([Li])cc1,CO,CC(C)(C)OC(=O)c1ccc([Li])cc1,0.0316,,,
Nagaki et al. 2010 - A flow microreactor system enables organolithium reactions without protecting alkoxycarbonyl groups,31.0,halogen-metal exchange,tetrahydrofuran,flow microreactor,10.1002/chem.201000876,2010.0,tR1,0.05623,,-60.0,,tert-butyl p-bromobenzoate,s-BuLi,tert-butyl 4-(lithio)benzoate (aryllithium),ROH (alcohol quench),quench_probe,tert-butyl 4-(lithio)benzoate (aryllithium intermediate),0.1,0.42,1.1,,CC(C)(C)OC(=O)c1ccc(Br)cc1,CCC([Li])C,CC(C)(C)OC(=O)c1ccc([Li])cc1,CO,CC(C)(C)OC(=O)c1ccc([Li])cc1,0.1,,,
Nagaki et al. 2010 - A flow microreactor system enables organolithium reactions without protecting alkoxycarbonyl groups,28.0,halogen-metal exchange,tetrahydrofuran,flow microreactor,10.1002/chem.201000876,2010.0,tR1,0.19953,,-60.0,,tert-butyl p-bromobenzoate,s-BuLi,tert-butyl 4-(lithio)benzoate (aryllithium),ROH (alcohol quench),quench_probe,tert-butyl 4-(lithio)benzoate (aryllithium intermediate),0.1,0.42,1.1,,CC(C)(C)OC(=O)c1ccc(Br)cc1,CCC([Li])C,CC(C)(C)OC(=O)c1ccc([Li])cc1,CO,CC(C)(C)OC(=O)c1ccc([Li])cc1,0.316,,,
Nagaki et al. 2010 - A flow microreactor system enables organolithium reactions without protecting alkoxycarbonyl groups,29.0,halogen-metal exchange,tetrahydrofuran,flow microreactor,10.1002/chem.201000876,2010.0,tR1,0.38905,,-60.0,,tert-butyl p-bromobenzoate,s-BuLi,tert-butyl 4-(lithio)benzoate (aryllithium),ROH (alcohol quench),quench_probe,tert-butyl 4-(lithio)benzoate (aryllithium intermediate),0.1,0.42,1.1,,CC(C)(C)OC(=O)c1ccc(Br)cc1,CCC([Li])C,CC(C)(C)OC(=O)c1ccc([Li])cc1,CO,CC(C)(C)OC(=O)c1ccc([Li])cc1,1.0,,,
Nagaki et al. 2010 - A flow microreactor system enables organolithium reactions without protecting alkoxycarbonyl groups,22.0,halogen-metal exchange,tetrahydrofuran,flow microreactor,10.1002/chem.201000876,2010.0,tR1,0.79433,,-60.0,,tert-butyl p-bromobenzoate,s-BuLi,tert-butyl 4-(lithio)benzoate (aryllithium),ROH (alcohol quench),quench_probe,tert-butyl 4-(lithio)benzoate (aryllithium intermediate),0.1,0.42,1.1,,CC(C)(C)OC(=O)c1ccc(Br)cc1,CCC([Li])C,CC(C)(C)OC(=O)c1ccc([Li])cc1,CO,CC(C)(C)OC(=O)c1ccc([Li])cc1,3.16,,,
Nagaki et al. 2010 - A flow microreactor system enables organolithium reactions without protecting alkoxycarbonyl groups,29.0,halogen-metal exchange,tetrahydrofuran,flow microreactor,10.1002/chem.201000876,2010.0,tR1,0.01334,,-78.0,,tert-butyl p-bromobenzoate,s-BuLi,tert-butyl 4-(lithio)benzoate (aryllithium),ROH (alcohol quench),quench_probe,tert-butyl 4-(lithio)benzoate (aryllithium intermediate),0.1,0.42,1.1,,CC(C)(C)OC(=O)c1ccc(Br)cc1,CCC([Li])C,CC(C)(C)OC(=O)c1ccc([Li])cc1,CO,CC(C)(C)OC(=O)c1ccc([Li])cc1,0.0316,,,
Nagaki et al. 2010 - A flow microreactor system enables organolithium reactions without protecting alkoxycarbonyl groups,28.0,halogen-metal exchange,tetrahydrofuran,flow microreactor,10.1002/chem.201000876,2010.0,tR1,0.05623,,-78.0,,tert-butyl p-bromobenzoate,s-BuLi,tert-butyl 4-(lithio)benzoate (aryllithium),ROH (alcohol quench),quench_probe,tert-butyl 4-(lithio)benzoate (aryllithium intermediate),0.1,0.42,1.1,,CC(C)(C)OC(=O)c1ccc(Br)cc1,CCC([Li])C,CC(C)(C)OC(=O)c1ccc([Li])cc1,CO,CC(C)(C)OC(=O)c1ccc([Li])cc1,0.1,,,
Nagaki et al. 2010 - A flow microreactor system enables organolithium reactions without protecting alkoxycarbonyl groups,28.0,halogen-metal exchange,tetrahydrofuran,flow microreactor,10.1002/chem.201000876,2010.0,tR1,0.19953,,-78.0,,tert-butyl p-bromobenzoate,s-BuLi,tert-butyl 4-(lithio)benzoate (aryllithium),ROH (alcohol quench),quench_probe,tert-butyl 4-(lithio)benzoate (aryllithium intermediate),0.1,0.42,1.1,,CC(C)(C)OC(=O)c1ccc(Br)cc1,CCC([Li])C,CC(C)(C)OC(=O)c1ccc([Li])cc1,CO,CC(C)(C)OC(=O)c1ccc([Li])cc1,0.316,,,
Nagaki et al. 2010 - A flow microreactor system enables organolithium reactions without protecting alkoxycarbonyl groups,33.0,halogen-metal exchange,tetrahydrofuran,flow microreactor,10.1002/chem.201000876,2010.0,tR1,0.38905,,-78.0,,tert-butyl p-bromobenzoate,s-BuLi,tert-butyl 4-(lithio)benzoate (aryllithium),ROH (alcohol quench),quench_probe,tert-butyl 4-(lithio)benzoate (aryllithium intermediate),0.1,0.42,1.1,,CC(C)(C)OC(=O)c1ccc(Br)cc1,CCC([Li])C,CC(C)(C)OC(=O)c1ccc([Li])cc1,CO,CC(C)(C)OC(=O)c1ccc([Li])cc1,1.0,,,
Nagaki et al. 2010 - A flow microreactor system enables organolithium reactions without protecting alkoxycarbonyl groups,30.0,halogen-metal exchange,tetrahydrofuran,flow microreactor,10.1002/chem.201000876,2010.0,tR1,0.79433,,-78.0,,tert-butyl p-bromobenzoate,s-BuLi,tert-butyl 4-(lithio)benzoate (aryllithium),ROH (alcohol quench),quench_probe,tert-butyl 4-(lithio)benzoate (aryllithium intermediate),0.1,0.42,1.1,,CC(C)(C)OC(=O)c1ccc(Br)cc1,CCC([Li])C,CC(C)(C)OC(=O)c1ccc([Li])cc1,CO,CC(C)(C)OC(=O)c1ccc([Li])cc1,3.16,,,
Nagaki et al. 2010 - A flow microreactor system enables organolithium reactions without protecting alkoxycarbonyl groups,11.0,halogen-metal exchange,tetrahydrofuran,flow microreactor,10.1002/chem.201000876,2010.0,tR1,5.62341,,-50.0,,tert-butyl p-bromobenzoate,s-BuLi,tert-butyl 4-(lithio)benzoate (aryllithium),ROH (alcohol quench),quench_probe,tert-butyl 4-(lithio)benzoate (aryllithium intermediate),0.1,0.42,1.1,,CC(C)(C)OC(=O)c1ccc(Br)cc1,CCC([Li])C,CC(C)(C)OC(=O)c1ccc([Li])cc1,CO,CC(C)(C)OC(=O)c1ccc([Li])cc1,31.6,,,
Nagaki et al. 2010 - A flow microreactor system enables organolithium reactions without protecting alkoxycarbonyl groups,23.0,halogen-metal exchange,tetrahydrofuran,flow microreactor,10.1002/chem.201000876,2010.0,tR1,5.62341,,-60.0,,tert-butyl p-bromobenzoate,s-BuLi,tert-butyl 4-(lithio)benzoate (aryllithium),ROH (alcohol quench),quench_probe,tert-butyl 4-(lithio)benzoate (aryllithium intermediate),0.1,0.42,1.1,,CC(C)(C)OC(=O)c1ccc(Br)cc1,CCC([Li])C,CC(C)(C)OC(=O)c1ccc([Li])cc1,CO,CC(C)(C)OC(=O)c1ccc([Li])cc1,31.6,,,
Nagaki et al. 2010 - A flow microreactor system enables organolithium reactions without protecting alkoxycarbonyl groups,21.0,halogen-metal exchange,tetrahydrofuran,flow microreactor,10.1002/chem.201000876,2010.0,tR1,5.62341,,-78.0,,tert-butyl p-bromobenzoate,s-BuLi,tert-butyl 4-(lithio)benzoate (aryllithium),ROH (alcohol quench),quench_probe,tert-butyl 4-(lithio)benzoate (aryllithium intermediate),0.1,0.42,1.1,,CC(C)(C)OC(=O)c1ccc(Br)cc1,CCC([Li])C,CC(C)(C)OC(=O)c1ccc([Li])cc1,CO,CC(C)(C)OC(=O)c1ccc([Li])cc1,31.6,,,
Nagaki et al. 2010 - A flow microreactor system enables organolithium reactions without protecting alkoxycarbonyl groups,80.0,halogen-metal exchange,tetrahydrofuran,flow microreactor,10.1002/chem.201000876,2010.0,tR1,0.01334,,20.0,,tert-butyl p-bromobenzoate,s-BuLi,tert-butyl 4-(lithio)benzoate (aryllithium),ROH (alcohol quench),quench_probe,tert-butyl 4-(lithio)benzoate (aryllithium intermediate),0.1,0.42,1.1,,CC(C)(C)OC(=O)c1ccc(Br)cc1,CCC([Li])C,CC(C)(C)OC(=O)c1ccc([Li])cc1,CO,CC(C)(C)OC(=O)c1ccc([Li])cc1,0.0316,,80.0,
Nagaki et al. 2010 - A flow microreactor system enables organolithium reactions without protecting alkoxycarbonyl groups,66.0,halogen-metal exchange,tetrahydrofuran,flow microreactor,10.1002/chem.201000876,2010.0,tR1,0.05623,,20.0,,tert-butyl p-bromobenzoate,s-BuLi,tert-butyl 4-(lithio)benzoate (aryllithium),ROH (alcohol quench),quench_probe,tert-butyl 4-(lithio)benzoate (aryllithium intermediate),0.1,0.42,1.1,,CC(C)(C)OC(=O)c1ccc(Br)cc1,CCC([Li])C,CC(C)(C)OC(=O)c1ccc([Li])cc1,CO,CC(C)(C)OC(=O)c1ccc([Li])cc1,0.1,,66.0,
Nagaki et al. 2010 - A flow microreactor system enables organolithium reactions without protecting alkoxycarbonyl groups,54.0,halogen-metal exchange,tetrahydrofuran,flow microreactor,10.1002/chem.201000876,2010.0,tR1,0.19953,,20.0,,tert-butyl p-bromobenzoate,s-BuLi,tert-butyl 4-(lithio)benzoate (aryllithium),ROH (alcohol quench),quench_probe,tert-butyl 4-(lithio)benzoate (aryllithium intermediate),0.1,0.42,1.1,,CC(C)(C)OC(=O)c1ccc(Br)cc1,CCC([Li])C,CC(C)(C)OC(=O)c1ccc([Li])cc1,CO,CC(C)(C)OC(=O)c1ccc([Li])cc1,0.316,,54.0,
Nagaki et al. 2010 - A flow microreactor system enables organolithium reactions without protecting alkoxycarbonyl groups,44.0,halogen-metal exchange,tetrahydrofuran,flow microreactor,10.1002/chem.201000876,2010.0,tR1,0.38905,,20.0,,tert-butyl p-bromobenzoate,s-BuLi,tert-butyl 4-(lithio)benzoate (aryllithium),ROH (alcohol quench),quench_probe,tert-butyl 4-(lithio)benzoate (aryllithium intermediate),0.1,0.42,1.1,,CC(C)(C)OC(=O)c1ccc(Br)cc1,CCC([Li])C,CC(C)(C)OC(=O)c1ccc([Li])cc1,CO,CC(C)(C)OC(=O)c1ccc([Li])cc1,1.0,,44.0,
Nagaki et al. 2010 - A flow microreactor system enables organolithium reactions without protecting alkoxycarbonyl groups,22.0,halogen-metal exchange,tetrahydrofuran,flow microreactor,10.1002/chem.201000876,2010.0,tR1,0.79433,,20.0,,tert-butyl p-bromobenzoate,s-BuLi,tert-butyl 4-(lithio)benzoate (aryllithium),ROH (alcohol quench),quench_probe,tert-butyl 4-(lithio)benzoate (aryllithium intermediate),0.1,0.42,1.1,,CC(C)(C)OC(=O)c1ccc(Br)cc1,CCC([Li])C,CC(C)(C)OC(=O)c1ccc([Li])cc1,CO,CC(C)(C)OC(=O)c1ccc([Li])cc1,3.16,,22.0,
Nagaki et al. 2010 - A flow microreactor system enables organolithium reactions without protecting alkoxycarbonyl groups,6.0,halogen-metal exchange,tetrahydrofuran,flow microreactor,10.1002/chem.201000876,2010.0,tR1,5.62341,,20.0,,tert-butyl p-bromobenzoate,s-BuLi,tert-butyl 4-(lithio)benzoate (aryllithium),ROH (alcohol quench),quench_probe,tert-butyl 4-(lithio)benzoate (aryllithium intermediate),0.1,0.42,1.1,,CC(C)(C)OC(=O)c1ccc(Br)cc1,CCC([Li])C,CC(C)(C)OC(=O)c1ccc([Li])cc1,CO,CC(C)(C)OC(=O)c1ccc([Li])cc1,31.6,,6.0,
Nagaki et al. 2010 - A flow microreactor system enables organolithium reactions without protecting alkoxycarbonyl groups,88.0,halogen-metal exchange,tetrahydrofuran,flow microreactor,10.1002/chem.201000876,2010.0,tR1,0.01334,,0.0,,tert-butyl p-bromobenzoate,s-BuLi,tert-butyl 4-(lithio)benzoate (aryllithium),ROH (alcohol quench),quench_probe,tert-butyl 4-(lithio)benzoate (aryllithium intermediate),0.1,0.42,1.1,,CC(C)(C)OC(=O)c1ccc(Br)cc1,CCC([Li])C,CC(C)(C)OC(=O)c1ccc([Li])cc1,CO,CC(C)(C)OC(=O)c1ccc([Li])cc1,0.0316,,88.0,
Nagaki et al. 2010 - A flow microreactor system enables organolithium reactions without protecting alkoxycarbonyl groups,91.0,halogen-metal exchange,tetrahydrofuran,flow microreactor,10.1002/chem.201000876,2010.0,tR1,0.05623,,0.0,,tert-butyl p-bromobenzoate,s-BuLi,tert-butyl 4-(lithio)benzoate (aryllithium),ROH (alcohol quench),quench_probe,tert-butyl 4-(lithio)benzoate (aryllithium intermediate),0.1,0.42,1.1,,CC(C)(C)OC(=O)c1ccc(Br)cc1,CCC([Li])C,CC(C)(C)OC(=O)c1ccc([Li])cc1,CO,CC(C)(C)OC(=O)c1ccc([Li])cc1,0.1,,91.0,
Nagaki et al. 2010 - A flow microreactor system enables organolithium reactions without protecting alkoxycarbonyl groups,88.0,halogen-metal exchange,tetrahydrofuran,flow microreactor,10.1002/chem.201000876,2010.0,tR1,0.38905,,0.0,,tert-butyl p-bromobenzoate,s-BuLi,tert-butyl 4-(lithio)benzoate (aryllithium),ROH (alcohol quench),quench_probe,tert-butyl 4-(lithio)benzoate (aryllithium intermediate),0.1,0.42,1.1,,CC(C)(C)OC(=O)c1ccc(Br)cc1,CCC([Li])C,CC(C)(C)OC(=O)c1ccc([Li])cc1,CO,CC(C)(C)OC(=O)c1ccc([Li])cc1,1.0,,88.0,
Nagaki et al. 2010 - A flow microreactor system enables organolithium reactions without protecting alkoxycarbonyl groups,86.0,halogen-metal exchange,tetrahydrofuran,flow microreactor,10.1002/chem.201000876,2010.0,tR1,0.79433,,0.0,,tert-butyl p-bromobenzoate,s-BuLi,tert-butyl 4-(lithio)benzoate (aryllithium),ROH (alcohol quench),quench_probe,tert-butyl 4-(lithio)benzoate (aryllithium intermediate),0.1,0.42,1.1,,CC(C)(C)OC(=O)c1ccc(Br)cc1,CCC([Li])C,CC(C)(C)OC(=O)c1ccc([Li])cc1,CO,CC(C)(C)OC(=O)c1ccc([Li])cc1,3.16,,86.0,
Nagaki et al. 2010 - A flow microreactor system enables organolithium reactions without protecting alkoxycarbonyl groups,71.0,halogen-metal exchange,tetrahydrofuran,flow microreactor,10.1002/chem.201000876,2010.0,tR1,5.62341,,0.0,,tert-butyl p-bromobenzoate,s-BuLi,tert-butyl 4-(lithio)benzoate (aryllithium),ROH (alcohol quench),quench_probe,tert-butyl 4-(lithio)benzoate (aryllithium intermediate),0.1,0.42,1.1,,CC(C)(C)OC(=O)c1ccc(Br)cc1,CCC([Li])C,CC(C)(C)OC(=O)c1ccc([Li])cc1,CO,CC(C)(C)OC(=O)c1ccc([Li])cc1,31.6,,71.0,
Nagaki et al. 2010 - A flow microreactor system enables organolithium reactions without protecting alkoxycarbonyl groups,97.0,halogen-metal exchange,tetrahydrofuran,flow microreactor,10.1002/chem.201000876,2010.0,tR1,0.01334,,-30.0,,tert-butyl p-bromobenzoate,s-BuLi,tert-butyl 4-(lithio)benzoate (aryllithium),ROH (alcohol quench),quench_probe,tert-butyl 4-(lithio)benzoate (aryllithium intermediate),0.1,0.42,1.1,,CC(C)(C)OC(=O)c1ccc(Br)cc1,CCC([Li])C,CC(C)(C)OC(=O)c1ccc([Li])cc1,CO,CC(C)(C)OC(=O)c1ccc([Li])cc1,0.0316,,97.0,
Nagaki et al. 2010 - A flow microreactor system enables organolithium reactions without protecting alkoxycarbonyl groups,90.0,halogen-metal exchange,tetrahydrofuran,flow microreactor,10.1002/chem.201000876,2010.0,tR1,0.05623,,-30.0,,tert-butyl p-bromobenzoate,s-BuLi,tert-butyl 4-(lithio)benzoate (aryllithium),ROH (alcohol quench),quench_probe,tert-butyl 4-(lithio)benzoate (aryllithium intermediate),0.1,0.42,1.1,,CC(C)(C)OC(=O)c1ccc(Br)cc1,CCC([Li])C,CC(C)(C)OC(=O)c1ccc([Li])cc1,CO,CC(C)(C)OC(=O)c1ccc([Li])cc1,0.1,,90.0,
Nagaki et al. 2010 - A flow microreactor system enables organolithium reactions without protecting alkoxycarbonyl groups,94.0,halogen-metal exchange,tetrahydrofuran,flow microreactor,10.1002/chem.201000876,2010.0,tR1,0.19953,,-30.0,,tert-butyl p-bromobenzoate,s-BuLi,tert-butyl 4-(lithio)benzoate (aryllithium),ROH (alcohol quench),quench_probe,tert-butyl 4-(lithio)benzoate (aryllithium intermediate),0.1,0.42,1.1,,CC(C)(C)OC(=O)c1ccc(Br)cc1,CCC([Li])C,CC(C)(C)OC(=O)c1ccc([Li])cc1,CO,CC(C)(C)OC(=O)c1ccc([Li])cc1,0.316,,94.0,
Nagaki et al. 2010 - A flow microreactor system enables organolithium reactions without protecting alkoxycarbonyl groups,94.0,halogen-metal exchange,tetrahydrofuran,flow microreactor,10.1002/chem.201000876,2010.0,tR1,0.38905,,-30.0,,tert-butyl p-bromobenzoate,s-BuLi,tert-butyl 4-(lithio)benzoate (aryllithium),ROH (alcohol quench),quench_probe,tert-butyl 4-(lithio)benzoate (aryllithium intermediate),0.1,0.42,1.1,,CC(C)(C)OC(=O)c1ccc(Br)cc1,CCC([Li])C,CC(C)(C)OC(=O)c1ccc([Li])cc1,CO,CC(C)(C)OC(=O)c1ccc([Li])cc1,1.0,,94.0,
Nagaki et al. 2010 - A flow microreactor system enables organolithium reactions without protecting alkoxycarbonyl groups,95.0,halogen-metal exchange,tetrahydrofuran,flow microreactor,10.1002/chem.201000876,2010.0,tR1,0.79433,,-30.0,,tert-butyl p-bromobenzoate,s-BuLi,tert-butyl 4-(lithio)benzoate (aryllithium),ROH (alcohol quench),quench_probe,tert-butyl 4-(lithio)benzoate (aryllithium intermediate),0.1,0.42,1.1,,CC(C)(C)OC(=O)c1ccc(Br)cc1,CCC([Li])C,CC(C)(C)OC(=O)c1ccc([Li])cc1,CO,CC(C)(C)OC(=O)c1ccc([Li])cc1,3.16,,95.0,
Nagaki et al. 2010 - A flow microreactor system enables organolithium reactions without protecting alkoxycarbonyl groups,92.0,halogen-metal exchange,tetrahydrofuran,flow microreactor,10.1002/chem.201000876,2010.0,tR1,5.62341,,-30.0,,tert-butyl p-bromobenzoate,s-BuLi,tert-butyl 4-(lithio)benzoate (aryllithium),ROH (alcohol quench),quench_probe,tert-butyl 4-(lithio)benzoate (aryllithium intermediate),0.1,0.42,1.1,,CC(C)(C)OC(=O)c1ccc(Br)cc1,CCC([Li])C,CC(C)(C)OC(=O)c1ccc([Li])cc1,CO,CC(C)(C)OC(=O)c1ccc([Li])cc1,31.6,,92.0,
Nagaki et al. 2010 - A flow microreactor system enables organolithium reactions without protecting alkoxycarbonyl groups,81.0,halogen-metal exchange,tetrahydrofuran,flow microreactor,10.1002/chem.201000876,2010.0,tR1,0.01334,,-50.0,,tert-butyl p-bromobenzoate,s-BuLi,tert-butyl 4-(lithio)benzoate (aryllithium),ROH (alcohol quench),quench_probe,tert-butyl 4-(lithio)benzoate (aryllithium intermediate),0.1,0.42,1.1,,CC(C)(C)OC(=O)c1ccc(Br)cc1,CCC([Li])C,CC(C)(C)OC(=O)c1ccc([Li])cc1,CO,CC(C)(C)OC(=O)c1ccc([Li])cc1,0.0316,,81.0,
Nagaki et al. 2010 - A flow microreactor system enables organolithium reactions without protecting alkoxycarbonyl groups,87.0,halogen-metal exchange,tetrahydrofuran,flow microreactor,10.1002/chem.201000876,2010.0,tR1,0.05623,,-50.0,,tert-butyl p-bromobenzoate,s-BuLi,tert-butyl 4-(lithio)benzoate (aryllithium),ROH (alcohol quench),quench_probe,tert-butyl 4-(lithio)benzoate (aryllithium intermediate),0.1,0.42,1.1,,CC(C)(C)OC(=O)c1ccc(Br)cc1,CCC([Li])C,CC(C)(C)OC(=O)c1ccc([Li])cc1,CO,CC(C)(C)OC(=O)c1ccc([Li])cc1,0.1,,87.0,
Nagaki et al. 2010 - A flow microreactor system enables organolithium reactions without protecting alkoxycarbonyl groups,97.0,halogen-metal exchange,tetrahydrofuran,flow microreactor,10.1002/chem.201000876,2010.0,tR1,0.38905,,-50.0,,tert-butyl p-bromobenzoate,s-BuLi,tert-butyl 4-(lithio)benzoate (aryllithium),ROH (alcohol quench),quench_probe,tert-butyl 4-(lithio)benzoate (aryllithium intermediate),0.1,0.42,1.1,,CC(C)(C)OC(=O)c1ccc(Br)cc1,CCC([Li])C,CC(C)(C)OC(=O)c1ccc([Li])cc1,CO,CC(C)(C)OC(=O)c1ccc([Li])cc1,1.0,,97.0,
Nagaki et al. 2010 - A flow microreactor system enables organolithium reactions without protecting alkoxycarbonyl groups,98.0,halogen-metal exchange,tetrahydrofuran,flow microreactor,10.1002/chem.201000876,2010.0,tR1,0.79433,,-50.0,,tert-butyl p-bromobenzoate,s-BuLi,tert-butyl 4-(lithio)benzoate (aryllithium),ROH (alcohol quench),quench_probe,tert-butyl 4-(lithio)benzoate (aryllithium intermediate),0.1,0.42,1.1,,CC(C)(C)OC(=O)c1ccc(Br)cc1,CCC([Li])C,CC(C)(C)OC(=O)c1ccc([Li])cc1,CO,CC(C)(C)OC(=O)c1ccc([Li])cc1,3.16,,98.0,
Nagaki et al. 2010 - A flow microreactor system enables organolithium reactions without protecting alkoxycarbonyl groups,95.0,halogen-metal exchange,tetrahydrofuran,flow microreactor,10.1002/chem.201000876,2010.0,tR1,5.62341,,-50.0,,tert-butyl p-bromobenzoate,s-BuLi,tert-butyl 4-(lithio)benzoate (aryllithium),ROH (alcohol quench),quench_probe,tert-butyl 4-(lithio)benzoate (aryllithium intermediate),0.1,0.42,1.1,,CC(C)(C)OC(=O)c1ccc(Br)cc1,CCC([Li])C,CC(C)(C)OC(=O)c1ccc([Li])cc1,CO,CC(C)(C)OC(=O)c1ccc([Li])cc1,31.6,,95.0,
Nagaki et al. 2010 - A flow microreactor system enables organolithium reactions without protecting alkoxycarbonyl groups,62.0,halogen-metal exchange,tetrahydrofuran,flow microreactor,10.1002/chem.201000876,2010.0,tR1,0.01334,,-60.0,,tert-butyl p-bromobenzoate,s-BuLi,tert-butyl 4-(lithio)benzoate (aryllithium),ROH (alcohol quench),quench_probe,tert-butyl 4-(lithio)benzoate (aryllithium intermediate),0.1,0.42,1.1,,CC(C)(C)OC(=O)c1ccc(Br)cc1,CCC([Li])C,CC(C)(C)OC(=O)c1ccc([Li])cc1,CO,CC(C)(C)OC(=O)c1ccc([Li])cc1,0.0316,,62.0,
Nagaki et al. 2010 - A flow microreactor system enables organolithium reactions without protecting alkoxycarbonyl groups,67.0,halogen-metal exchange,tetrahydrofuran,flow microreactor,10.1002/chem.201000876,2010.0,tR1,0.05623,,-60.0,,tert-butyl p-bromobenzoate,s-BuLi,tert-butyl 4-(lithio)benzoate (aryllithium),ROH (alcohol quench),quench_probe,tert-butyl 4-(lithio)benzoate (aryllithium intermediate),0.1,0.42,1.1,,CC(C)(C)OC(=O)c1ccc(Br)cc1,CCC([Li])C,CC(C)(C)OC(=O)c1ccc([Li])cc1,CO,CC(C)(C)OC(=O)c1ccc([Li])cc1,0.1,,67.0,
Nagaki et al. 2010 - A flow microreactor system enables organolithium reactions without protecting alkoxycarbonyl groups,97.0,halogen-metal exchange,tetrahydrofuran,flow microreactor,10.1002/chem.201000876,2010.0,tR1,0.19953,,-60.0,,tert-butyl p-bromobenzoate,s-BuLi,tert-butyl 4-(lithio)benzoate (aryllithium),ROH (alcohol quench),quench_probe,tert-butyl 4-(lithio)benzoate (aryllithium intermediate),0.1,0.42,1.1,,CC(C)(C)OC(=O)c1ccc(Br)cc1,CCC([Li])C,CC(C)(C)OC(=O)c1ccc([Li])cc1,CO,CC(C)(C)OC(=O)c1ccc([Li])cc1,0.316,,97.0,
Nagaki et al. 2010 - A flow microreactor system enables organolithium reactions without protecting alkoxycarbonyl groups,99.0,halogen-metal exchange,tetrahydrofuran,flow microreactor,10.1002/chem.201000876,2010.0,tR1,0.38905,,-60.0,,tert-butyl p-bromobenzoate,s-BuLi,tert-butyl 4-(lithio)benzoate (aryllithium),ROH (alcohol quench),quench_probe,tert-butyl 4-(lithio)benzoate (aryllithium intermediate),0.1,0.42,1.1,,CC(C)(C)OC(=O)c1ccc(Br)cc1,CCC([Li])C,CC(C)(C)OC(=O)c1ccc([Li])cc1,CO,CC(C)(C)OC(=O)c1ccc([Li])cc1,1.0,,99.0,
Nagaki et al. 2010 - A flow microreactor system enables organolithium reactions without protecting alkoxycarbonyl groups,98.0,halogen-metal exchange,tetrahydrofuran,flow microreactor,10.1002/chem.201000876,2010.0,tR1,0.79433,,-60.0,,tert-butyl p-bromobenzoate,s-BuLi,tert-butyl 4-(lithio)benzoate (aryllithium),ROH (alcohol quench),quench_probe,tert-butyl 4-(lithio)benzoate (aryllithium intermediate),0.1,0.42,1.1,,CC(C)(C)OC(=O)c1ccc(Br)cc1,CCC([Li])C,CC(C)(C)OC(=O)c1ccc([Li])cc1,CO,CC(C)(C)OC(=O)c1ccc([Li])cc1,3.16,,98.0,
Nagaki et al. 2010 - A flow microreactor system enables organolithium reactions without protecting alkoxycarbonyl groups,97.0,halogen-metal exchange,tetrahydrofuran,flow microreactor,10.1002/chem.201000876,2010.0,tR1,5.62341,,-60.0,,tert-butyl p-bromobenzoate,s-BuLi,tert-butyl 4-(lithio)benzoate (aryllithium),ROH (alcohol quench),quench_probe,tert-butyl 4-(lithio)benzoate (aryllithium intermediate),0.1,0.42,1.1,,CC(C)(C)OC(=O)c1ccc(Br)cc1,CCC([Li])C,CC(C)(C)OC(=O)c1ccc([Li])cc1,CO,CC(C)(C)OC(=O)c1ccc([Li])cc1,31.6,,97.0,
Nagaki et al. 2010 - A flow microreactor system enables organolithium reactions without protecting alkoxycarbonyl groups,50.0,halogen-metal exchange,tetrahydrofuran,flow microreactor,10.1002/chem.201000876,2010.0,tR1,0.01334,,-78.0,,tert-butyl p-bromobenzoate,s-BuLi,tert-butyl 4-(lithio)benzoate (aryllithium),ROH (alcohol quench),quench_probe,tert-butyl 4-(lithio)benzoate (aryllithium intermediate),0.1,0.42,1.1,,CC(C)(C)OC(=O)c1ccc(Br)cc1,CCC([Li])C,CC(C)(C)OC(=O)c1ccc([Li])cc1,CO,CC(C)(C)OC(=O)c1ccc([Li])cc1,0.0316,,50.0,
Nagaki et al. 2010 - A flow microreactor system enables organolithium reactions without protecting alkoxycarbonyl groups,54.0,halogen-metal exchange,tetrahydrofuran,flow microreactor,10.1002/chem.201000876,2010.0,tR1,0.05623,,-78.0,,tert-butyl p-bromobenzoate,s-BuLi,tert-butyl 4-(lithio)benzoate (aryllithium),ROH (alcohol quench),quench_probe,tert-butyl 4-(lithio)benzoate (aryllithium intermediate),0.1,0.42,1.1,,CC(C)(C)OC(=O)c1ccc(Br)cc1,CCC([Li])C,CC(C)(C)OC(=O)c1ccc([Li])cc1,CO,CC(C)(C)OC(=O)c1ccc([Li])cc1,0.1,,54.0,
Nagaki et al. 2010 - A flow microreactor system enables organolithium reactions without protecting alkoxycarbonyl groups,60.0,halogen-metal exchange,tetrahydrofuran,flow microreactor,10.1002/chem.201000876,2010.0,tR1,0.19953,,-78.0,,tert-butyl p-bromobenzoate,s-BuLi,tert-butyl 4-(lithio)benzoate (aryllithium),ROH (alcohol quench),quench_probe,tert-butyl 4-(lithio)benzoate (aryllithium intermediate),0.1,0.42,1.1,,CC(C)(C)OC(=O)c1ccc(Br)cc1,CCC([Li])C,CC(C)(C)OC(=O)c1ccc([Li])cc1,CO,CC(C)(C)OC(=O)c1ccc([Li])cc1,0.316,,60.0,
Nagaki et al. 2010 - A flow microreactor system enables organolithium reactions without protecting alkoxycarbonyl groups,76.0,halogen-metal exchange,tetrahydrofuran,flow microreactor,10.1002/chem.201000876,2010.0,tR1,0.38905,,-78.0,,tert-butyl p-bromobenzoate,s-BuLi,tert-butyl 4-(lithio)benzoate (aryllithium),ROH (alcohol quench),quench_probe,tert-butyl 4-(lithio)benzoate (aryllithium intermediate),0.1,0.42,1.1,,CC(C)(C)OC(=O)c1ccc(Br)cc1,CCC([Li])C,CC(C)(C)OC(=O)c1ccc([Li])cc1,CO,CC(C)(C)OC(=O)c1ccc([Li])cc1,1.0,,76.0,
Nagaki et al. 2010 - A flow microreactor system enables organolithium reactions without protecting alkoxycarbonyl groups,94.0,halogen-metal exchange,tetrahydrofuran,flow microreactor,10.1002/chem.201000876,2010.0,tR1,0.79433,,-78.0,,tert-butyl p-bromobenzoate,s-BuLi,tert-butyl 4-(lithio)benzoate (aryllithium),ROH (alcohol quench),quench_probe,tert-butyl 4-(lithio)benzoate (aryllithium intermediate),0.1,0.42,1.1,,CC(C)(C)OC(=O)c1ccc(Br)cc1,CCC([Li])C,CC(C)(C)OC(=O)c1ccc([Li])cc1,CO,CC(C)(C)OC(=O)c1ccc([Li])cc1,3.16,,94.0,
Nagaki et al. 2010 - A flow microreactor system enables organolithium reactions without protecting alkoxycarbonyl groups,98.0,halogen-metal exchange,tetrahydrofuran,flow microreactor,10.1002/chem.201000876,2010.0,tR1,5.62341,,-78.0,,tert-butyl p-bromobenzoate,s-BuLi,tert-butyl 4-(lithio)benzoate (aryllithium),ROH (alcohol quench),quench_probe,tert-butyl 4-(lithio)benzoate (aryllithium intermediate),0.1,0.42,1.1,,CC(C)(C)OC(=O)c1ccc(Br)cc1,CCC([Li])C,CC(C)(C)OC(=O)c1ccc([Li])cc1,CO,CC(C)(C)OC(=O)c1ccc([Li])cc1,31.6,,98.0,
Nagaki et al. 2010 - A flow microreactor system enables organolithium reactions without protecting alkoxycarbonyl groups,77.0,halogen-metal exchange,tetrahydrofuran,flow microreactor,10.1002/chem.201000876,2010.0,tR1,0.01334,,20.0,,tert-butyl p-bromobenzoate,s-BuLi,tert-butyl 4-(lithio)benzoate (aryllithium),ROH (alcohol quench),quench_probe,tert-butyl 4-(lithio)benzoate (aryllithium intermediate),0.1,0.42,1.1,,CC(C)(C)OC(=O)c1ccc(Br)cc1,CCC([Li])C,CC(C)(C)OC(=O)c1ccc([Li])cc1,CO,CC(C)(C)OC(=O)c1ccc([Li])cc1,0.0316,,77.0,
Nagaki et al. 2010 - A flow microreactor system enables organolithium reactions without protecting alkoxycarbonyl groups,70.0,halogen-metal exchange,tetrahydrofuran,flow microreactor,10.1002/chem.201000876,2010.0,tR1,0.05623,,20.0,,tert-butyl p-bromobenzoate,s-BuLi,tert-butyl 4-(lithio)benzoate (aryllithium),ROH (alcohol quench),quench_probe,tert-butyl 4-(lithio)benzoate (aryllithium intermediate),0.1,0.42,1.1,,CC(C)(C)OC(=O)c1ccc(Br)cc1,CCC([Li])C,CC(C)(C)OC(=O)c1ccc([Li])cc1,CO,CC(C)(C)OC(=O)c1ccc([Li])cc1,0.1,,70.0,
Nagaki et al. 2010 - A flow microreactor system enables organolithium reactions without protecting alkoxycarbonyl groups,60.0,halogen-metal exchange,tetrahydrofuran,flow microreactor,10.1002/chem.201000876,2010.0,tR1,0.19953,,20.0,,tert-butyl p-bromobenzoate,s-BuLi,tert-butyl 4-(lithio)benzoate (aryllithium),ROH (alcohol quench),quench_probe,tert-butyl 4-(lithio)benzoate (aryllithium intermediate),0.1,0.42,1.1,,CC(C)(C)OC(=O)c1ccc(Br)cc1,CCC([Li])C,CC(C)(C)OC(=O)c1ccc([Li])cc1,CO,CC(C)(C)OC(=O)c1ccc([Li])cc1,0.316,,60.0,
Nagaki et al. 2010 - A flow microreactor system enables organolithium reactions without protecting alkoxycarbonyl groups,59.0,halogen-metal exchange,tetrahydrofuran,flow microreactor,10.1002/chem.201000876,2010.0,tR1,0.38905,,20.0,,tert-butyl p-bromobenzoate,s-BuLi,tert-butyl 4-(lithio)benzoate (aryllithium),ROH (alcohol quench),quench_probe,tert-butyl 4-(lithio)benzoate (aryllithium intermediate),0.1,0.42,1.1,,CC(C)(C)OC(=O)c1ccc(Br)cc1,CCC([Li])C,CC(C)(C)OC(=O)c1ccc([Li])cc1,CO,CC(C)(C)OC(=O)c1ccc([Li])cc1,1.0,,59.0,
Nagaki et al. 2010 - A flow microreactor system enables organolithium reactions without protecting alkoxycarbonyl groups,32.0,halogen-metal exchange,tetrahydrofuran,flow microreactor,10.1002/chem.201000876,2010.0,tR1,0.79433,,20.0,,tert-butyl p-bromobenzoate,s-BuLi,tert-butyl 4-(lithio)benzoate (aryllithium),ROH (alcohol quench),quench_probe,tert-butyl 4-(lithio)benzoate (aryllithium intermediate),0.1,0.42,1.1,,CC(C)(C)OC(=O)c1ccc(Br)cc1,CCC([Li])C,CC(C)(C)OC(=O)c1ccc([Li])cc1,CO,CC(C)(C)OC(=O)c1ccc([Li])cc1,3.16,,32.0,
Nagaki et al. 2010 - A flow microreactor system enables organolithium reactions without protecting alkoxycarbonyl groups,16.0,halogen-metal exchange,tetrahydrofuran,flow microreactor,10.1002/chem.201000876,2010.0,tR1,5.62341,,20.0,,tert-butyl p-bromobenzoate,s-BuLi,tert-butyl 4-(lithio)benzoate (aryllithium),ROH (alcohol quench),quench_probe,tert-butyl 4-(lithio)benzoate (aryllithium intermediate),0.1,0.42,1.1,,CC(C)(C)OC(=O)c1ccc(Br)cc1,CCC([Li])C,CC(C)(C)OC(=O)c1ccc([Li])cc1,CO,CC(C)(C)OC(=O)c1ccc([Li])cc1,31.6,,16.0,
Nagaki et al. 2010 - A flow microreactor system enables organolithium reactions without protecting alkoxycarbonyl groups,85.0,halogen-metal exchange,tetrahydrofuran,flow microreactor,10.1002/chem.201000876,2010.0,tR1,0.01334,,0.0,,tert-butyl p-bromobenzoate,s-BuLi,tert-butyl 4-(lithio)benzoate (aryllithium),ROH (alcohol quench),quench_probe,tert-butyl 4-(lithio)benzoate (aryllithium intermediate),0.1,0.42,1.1,,CC(C)(C)OC(=O)c1ccc(Br)cc1,CCC([Li])C,CC(C)(C)OC(=O)c1ccc([Li])cc1,CO,CC(C)(C)OC(=O)c1ccc([Li])cc1,0.0316,,85.0,
Nagaki et al. 2010 - A flow microreactor system enables organolithium reactions without protecting alkoxycarbonyl groups,79.0,halogen-metal exchange,tetrahydrofuran,flow microreactor,10.1002/chem.201000876,2010.0,tR1,0.05623,,0.0,,tert-butyl p-bromobenzoate,s-BuLi,tert-butyl 4-(lithio)benzoate (aryllithium),ROH (alcohol quench),quench_probe,tert-butyl 4-(lithio)benzoate (aryllithium intermediate),0.1,0.42,1.1,,CC(C)(C)OC(=O)c1ccc(Br)cc1,CCC([Li])C,CC(C)(C)OC(=O)c1ccc([Li])cc1,CO,CC(C)(C)OC(=O)c1ccc([Li])cc1,0.1,,79.0,
Nagaki et al. 2010 - A flow microreactor system enables organolithium reactions without protecting alkoxycarbonyl groups,78.0,halogen-metal exchange,tetrahydrofuran,flow microreactor,10.1002/chem.201000876,2010.0,tR1,0.19953,,0.0,,tert-butyl p-bromobenzoate,s-BuLi,tert-butyl 4-(lithio)benzoate (aryllithium),ROH (alcohol quench),quench_probe,tert-butyl 4-(lithio)benzoate (aryllithium intermediate),0.1,0.42,1.1,,CC(C)(C)OC(=O)c1ccc(Br)cc1,CCC([Li])C,CC(C)(C)OC(=O)c1ccc([Li])cc1,CO,CC(C)(C)OC(=O)c1ccc([Li])cc1,0.316,,78.0,
Nagaki et al. 2010 - A flow microreactor system enables organolithium reactions without protecting alkoxycarbonyl groups,78.0,halogen-metal exchange,tetrahydrofuran,flow microreactor,10.1002/chem.201000876,2010.0,tR1,0.38905,,0.0,,tert-butyl p-bromobenzoate,s-BuLi,tert-butyl 4-(lithio)benzoate (aryllithium),ROH (alcohol quench),quench_probe,tert-butyl 4-(lithio)benzoate (aryllithium intermediate),0.1,0.42,1.1,,CC(C)(C)OC(=O)c1ccc(Br)cc1,CCC([Li])C,CC(C)(C)OC(=O)c1ccc([Li])cc1,CO,CC(C)(C)OC(=O)c1ccc([Li])cc1,1.0,,78.0,
Nagaki et al. 2010 - A flow microreactor system enables organolithium reactions without protecting alkoxycarbonyl groups,75.0,halogen-metal exchange,tetrahydrofuran,flow microreactor,10.1002/chem.201000876,2010.0,tR1,0.79433,,0.0,,tert-butyl p-bromobenzoate,s-BuLi,tert-butyl 4-(lithio)benzoate (aryllithium),ROH (alcohol quench),quench_probe,tert-butyl 4-(lithio)benzoate (aryllithium intermediate),0.1,0.42,1.1,,CC(C)(C)OC(=O)c1ccc(Br)cc1,CCC([Li])C,CC(C)(C)OC(=O)c1ccc([Li])cc1,CO,CC(C)(C)OC(=O)c1ccc([Li])cc1,3.16,,75.0,
Nagaki et al. 2010 - A flow microreactor system enables organolithium reactions without protecting alkoxycarbonyl groups,48.0,halogen-metal exchange,tetrahydrofuran,flow microreactor,10.1002/chem.201000876,2010.0,tR1,5.62341,,0.0,,tert-butyl p-bromobenzoate,s-BuLi,tert-butyl 4-(lithio)benzoate (aryllithium),ROH (alcohol quench),quench_probe,tert-butyl 4-(lithio)benzoate (aryllithium intermediate),0.1,0.42,1.1,,CC(C)(C)OC(=O)c1ccc(Br)cc1,CCC([Li])C,CC(C)(C)OC(=O)c1ccc([Li])cc1,CO,CC(C)(C)OC(=O)c1ccc([Li])cc1,31.6,,48.0,
Nagaki et al. 2010 - A flow microreactor system enables organolithium reactions without protecting alkoxycarbonyl groups,91.0,halogen-metal exchange,tetrahydrofuran,flow microreactor,10.1002/chem.201000876,2010.0,tR1,0.01334,,-30.0,,tert-butyl p-bromobenzoate,s-BuLi,tert-butyl 4-(lithio)benzoate (aryllithium),ROH (alcohol quench),quench_probe,tert-butyl 4-(lithio)benzoate (aryllithium intermediate),0.1,0.42,1.1,,CC(C)(C)OC(=O)c1ccc(Br)cc1,CCC([Li])C,CC(C)(C)OC(=O)c1ccc([Li])cc1,CO,CC(C)(C)OC(=O)c1ccc([Li])cc1,0.0316,,91.0,
Nagaki et al. 2010 - A flow microreactor system enables organolithium reactions without protecting alkoxycarbonyl groups,91.0,halogen-metal exchange,tetrahydrofuran,flow microreactor,10.1002/chem.201000876,2010.0,tR1,0.05623,,-30.0,,tert-butyl p-bromobenzoate,s-BuLi,tert-butyl 4-(lithio)benzoate (aryllithium),ROH (alcohol quench),quench_probe,tert-butyl 4-(lithio)benzoate (aryllithium intermediate),0.1,0.42,1.1,,CC(C)(C)OC(=O)c1ccc(Br)cc1,CCC([Li])C,CC(C)(C)OC(=O)c1ccc([Li])cc1,CO,CC(C)(C)OC(=O)c1ccc([Li])cc1,0.1,,91.0,
Nagaki et al. 2010 - A flow microreactor system enables organolithium reactions without protecting alkoxycarbonyl groups,91.0,halogen-metal exchange,tetrahydrofuran,flow microreactor,10.1002/chem.201000876,2010.0,tR1,0.19953,,-30.0,,tert-butyl p-bromobenzoate,s-BuLi,tert-butyl 4-(lithio)benzoate (aryllithium),ROH (alcohol quench),quench_probe,tert-butyl 4-(lithio)benzoate (aryllithium intermediate),0.1,0.42,1.1,,CC(C)(C)OC(=O)c1ccc(Br)cc1,CCC([Li])C,CC(C)(C)OC(=O)c1ccc([Li])cc1,CO,CC(C)(C)OC(=O)c1ccc([Li])cc1,0.316,,91.0,
Nagaki et al. 2010 - A flow microreactor system enables organolithium reactions without protecting alkoxycarbonyl groups,84.0,halogen-metal exchange,tetrahydrofuran,flow microreactor,10.1002/chem.201000876,2010.0,tR1,0.38905,,-30.0,,tert-butyl p-bromobenzoate,s-BuLi,tert-butyl 4-(lithio)benzoate (aryllithium),ROH (alcohol quench),quench_probe,tert-butyl 4-(lithio)benzoate (aryllithium intermediate),0.1,0.42,1.1,,CC(C)(C)OC(=O)c1ccc(Br)cc1,CCC([Li])C,CC(C)(C)OC(=O)c1ccc([Li])cc1,CO,CC(C)(C)OC(=O)c1ccc([Li])cc1,1.0,,84.0,
Nagaki et al. 2010 - A flow microreactor system enables organolithium reactions without protecting alkoxycarbonyl groups,89.0,halogen-metal exchange,tetrahydrofuran,flow microreactor,10.1002/chem.201000876,2010.0,tR1,0.79433,,-30.0,,tert-butyl p-bromobenzoate,s-BuLi,tert-butyl 4-(lithio)benzoate (aryllithium),ROH (alcohol quench),quench_probe,tert-butyl 4-(lithio)benzoate (aryllithium intermediate),0.1,0.42,1.1,,CC(C)(C)OC(=O)c1ccc(Br)cc1,CCC([Li])C,CC(C)(C)OC(=O)c1ccc([Li])cc1,CO,CC(C)(C)OC(=O)c1ccc([Li])cc1,3.16,,89.0,
Nagaki et al. 2010 - A flow microreactor system enables organolithium reactions without protecting alkoxycarbonyl groups,80.0,halogen-metal exchange,tetrahydrofuran,flow microreactor,10.1002/chem.201000876,2010.0,tR1,5.62341,,-30.0,,tert-butyl p-bromobenzoate,s-BuLi,tert-butyl 4-(lithio)benzoate (aryllithium),ROH (alcohol quench),quench_probe,tert-butyl 4-(lithio)benzoate (aryllithium intermediate),0.1,0.42,1.1,,CC(C)(C)OC(=O)c1ccc(Br)cc1,CCC([Li])C,CC(C)(C)OC(=O)c1ccc([Li])cc1,CO,CC(C)(C)OC(=O)c1ccc([Li])cc1,31.6,,80.0,
Nagaki et al. 2010 - A flow microreactor system enables organolithium reactions without protecting alkoxycarbonyl groups,93.0,halogen-metal exchange,tetrahydrofuran,flow microreactor,10.1002/chem.201000876,2010.0,tR1,0.01334,,-50.0,,tert-butyl p-bromobenzoate,s-BuLi,tert-butyl 4-(lithio)benzoate (aryllithium),ROH (alcohol quench),quench_probe,tert-butyl 4-(lithio)benzoate (aryllithium intermediate),0.1,0.42,1.1,,CC(C)(C)OC(=O)c1ccc(Br)cc1,CCC([Li])C,CC(C)(C)OC(=O)c1ccc([Li])cc1,CO,CC(C)(C)OC(=O)c1ccc([Li])cc1,0.0316,,93.0,
Nagaki et al. 2010 - A flow microreactor system enables organolithium reactions without protecting alkoxycarbonyl groups,91.0,halogen-metal exchange,tetrahydrofuran,flow microreactor,10.1002/chem.201000876,2010.0,tR1,0.19953,,-50.0,,tert-butyl p-bromobenzoate,s-BuLi,tert-butyl 4-(lithio)benzoate (aryllithium),ROH (alcohol quench),quench_probe,tert-butyl 4-(lithio)benzoate (aryllithium intermediate),0.1,0.42,1.1,,CC(C)(C)OC(=O)c1ccc(Br)cc1,CCC([Li])C,CC(C)(C)OC(=O)c1ccc([Li])cc1,CO,CC(C)(C)OC(=O)c1ccc([Li])cc1,0.316,,91.0,
Nagaki et al. 2010 - A flow microreactor system enables organolithium reactions without protecting alkoxycarbonyl groups,91.0,halogen-metal exchange,tetrahydrofuran,flow microreactor,10.1002/chem.201000876,2010.0,tR1,0.38905,,-50.0,,tert-butyl p-bromobenzoate,s-BuLi,tert-butyl 4-(lithio)benzoate (aryllithium),ROH (alcohol quench),quench_probe,tert-butyl 4-(lithio)benzoate (aryllithium intermediate),0.1,0.42,1.1,,CC(C)(C)OC(=O)c1ccc(Br)cc1,CCC([Li])C,CC(C)(C)OC(=O)c1ccc([Li])cc1,CO,CC(C)(C)OC(=O)c1ccc([Li])cc1,1.0,,91.0,
Nagaki et al. 2010 - A flow microreactor system enables organolithium reactions without protecting alkoxycarbonyl groups,93.0,halogen-metal exchange,tetrahydrofuran,flow microreactor,10.1002/chem.201000876,2010.0,tR1,0.79433,,-50.0,,tert-butyl p-bromobenzoate,s-BuLi,tert-butyl 4-(lithio)benzoate (aryllithium),ROH (alcohol quench),quench_probe,tert-butyl 4-(lithio)benzoate (aryllithium intermediate),0.1,0.42,1.1,,CC(C)(C)OC(=O)c1ccc(Br)cc1,CCC([Li])C,CC(C)(C)OC(=O)c1ccc([Li])cc1,CO,CC(C)(C)OC(=O)c1ccc([Li])cc1,3.16,,93.0,
Nagaki et al. 2010 - A flow microreactor system enables organolithium reactions without protecting alkoxycarbonyl groups,95.0,halogen-metal exchange,tetrahydrofuran,flow microreactor,10.1002/chem.201000876,2010.0,tR1,5.62341,,-50.0,,tert-butyl p-bromobenzoate,s-BuLi,tert-butyl 4-(lithio)benzoate (aryllithium),ROH (alcohol quench),quench_probe,tert-butyl 4-(lithio)benzoate (aryllithium intermediate),0.1,0.42,1.1,,CC(C)(C)OC(=O)c1ccc(Br)cc1,CCC([Li])C,CC(C)(C)OC(=O)c1ccc([Li])cc1,CO,CC(C)(C)OC(=O)c1ccc([Li])cc1,31.6,,95.0,
Nagaki et al. 2010 - A flow microreactor system enables organolithium reactions without protecting alkoxycarbonyl groups,73.0,halogen-metal exchange,tetrahydrofuran,flow microreactor,10.1002/chem.201000876,2010.0,tR1,0.01334,,-60.0,,tert-butyl p-bromobenzoate,s-BuLi,tert-butyl 4-(lithio)benzoate (aryllithium),ROH (alcohol quench),quench_probe,tert-butyl 4-(lithio)benzoate (aryllithium intermediate),0.1,0.42,1.1,,CC(C)(C)OC(=O)c1ccc(Br)cc1,CCC([Li])C,CC(C)(C)OC(=O)c1ccc([Li])cc1,CO,CC(C)(C)OC(=O)c1ccc([Li])cc1,0.0316,,73.0,
Nagaki et al. 2010 - A flow microreactor system enables organolithium reactions without protecting alkoxycarbonyl groups,93.0,halogen-metal exchange,tetrahydrofuran,flow microreactor,10.1002/chem.201000876,2010.0,tR1,0.05623,,-60.0,,tert-butyl p-bromobenzoate,s-BuLi,tert-butyl 4-(lithio)benzoate (aryllithium),ROH (alcohol quench),quench_probe,tert-butyl 4-(lithio)benzoate (aryllithium intermediate),0.1,0.42,1.1,,CC(C)(C)OC(=O)c1ccc(Br)cc1,CCC([Li])C,CC(C)(C)OC(=O)c1ccc([Li])cc1,CO,CC(C)(C)OC(=O)c1ccc([Li])cc1,0.1,,93.0,
Nagaki et al. 2010 - A flow microreactor system enables organolithium reactions without protecting alkoxycarbonyl groups,93.0,halogen-metal exchange,tetrahydrofuran,flow microreactor,10.1002/chem.201000876,2010.0,tR1,0.19953,,-60.0,,tert-butyl p-bromobenzoate,s-BuLi,tert-butyl 4-(lithio)benzoate (aryllithium),ROH (alcohol quench),quench_probe,tert-butyl 4-(lithio)benzoate (aryllithium intermediate),0.1,0.42,1.1,,CC(C)(C)OC(=O)c1ccc(Br)cc1,CCC([Li])C,CC(C)(C)OC(=O)c1ccc([Li])cc1,CO,CC(C)(C)OC(=O)c1ccc([Li])cc1,0.316,,93.0,
Nagaki et al. 2010 - A flow microreactor system enables organolithium reactions without protecting alkoxycarbonyl groups,92.0,halogen-metal exchange,tetrahydrofuran,flow microreactor,10.1002/chem.201000876,2010.0,tR1,0.38905,,-60.0,,tert-butyl p-bromobenzoate,s-BuLi,tert-butyl 4-(lithio)benzoate (aryllithium),ROH (alcohol quench),quench_probe,tert-butyl 4-(lithio)benzoate (aryllithium intermediate),0.1,0.42,1.1,,CC(C)(C)OC(=O)c1ccc(Br)cc1,CCC([Li])C,CC(C)(C)OC(=O)c1ccc([Li])cc1,CO,CC(C)(C)OC(=O)c1ccc([Li])cc1,1.0,,92.0,
Nagaki et al. 2010 - A flow microreactor system enables organolithium reactions without protecting alkoxycarbonyl groups,93.0,halogen-metal exchange,tetrahydrofuran,flow microreactor,10.1002/chem.201000876,2010.0,tR1,0.79433,,-60.0,,tert-butyl p-bromobenzoate,s-BuLi,tert-butyl 4-(lithio)benzoate (aryllithium),ROH (alcohol quench),quench_probe,tert-butyl 4-(lithio)benzoate (aryllithium intermediate),0.1,0.42,1.1,,CC(C)(C)OC(=O)c1ccc(Br)cc1,CCC([Li])C,CC(C)(C)OC(=O)c1ccc([Li])cc1,CO,CC(C)(C)OC(=O)c1ccc([Li])cc1,3.16,,93.0,
Nagaki et al. 2010 - A flow microreactor system enables organolithium reactions without protecting alkoxycarbonyl groups,92.0,halogen-metal exchange,tetrahydrofuran,flow microreactor,10.1002/chem.201000876,2010.0,tR1,5.62341,,-60.0,,tert-butyl p-bromobenzoate,s-BuLi,tert-butyl 4-(lithio)benzoate (aryllithium),ROH (alcohol quench),quench_probe,tert-butyl 4-(lithio)benzoate (aryllithium intermediate),0.1,0.42,1.1,,CC(C)(C)OC(=O)c1ccc(Br)cc1,CCC([Li])C,CC(C)(C)OC(=O)c1ccc([Li])cc1,CO,CC(C)(C)OC(=O)c1ccc([Li])cc1,31.6,,92.0,
Nagaki et al. 2010 - A flow microreactor system enables organolithium reactions without protecting alkoxycarbonyl groups,55.0,halogen-metal exchange,tetrahydrofuran,flow microreactor,10.1002/chem.201000876,2010.0,tR1,0.01334,,-78.0,,tert-butyl p-bromobenzoate,s-BuLi,tert-butyl 4-(lithio)benzoate (aryllithium),ROH (alcohol quench),quench_probe,tert-butyl 4-(lithio)benzoate (aryllithium intermediate),0.1,0.42,1.1,,CC(C)(C)OC(=O)c1ccc(Br)cc1,CCC([Li])C,CC(C)(C)OC(=O)c1ccc([Li])cc1,CO,CC(C)(C)OC(=O)c1ccc([Li])cc1,0.0316,,55.0,
Nagaki et al. 2010 - A flow microreactor system enables organolithium reactions without protecting alkoxycarbonyl groups,59.0,halogen-metal exchange,tetrahydrofuran,flow microreactor,10.1002/chem.201000876,2010.0,tR1,0.05623,,-78.0,,tert-butyl p-bromobenzoate,s-BuLi,tert-butyl 4-(lithio)benzoate (aryllithium),ROH (alcohol quench),quench_probe,tert-butyl 4-(lithio)benzoate (aryllithium intermediate),0.1,0.42,1.1,,CC(C)(C)OC(=O)c1ccc(Br)cc1,CCC([Li])C,CC(C)(C)OC(=O)c1ccc([Li])cc1,CO,CC(C)(C)OC(=O)c1ccc([Li])cc1,0.1,,59.0,
Nagaki et al. 2010 - A flow microreactor system enables organolithium reactions without protecting alkoxycarbonyl groups,67.0,halogen-metal exchange,tetrahydrofuran,flow microreactor,10.1002/chem.201000876,2010.0,tR1,0.19953,,-78.0,,tert-butyl p-bromobenzoate,s-BuLi,tert-butyl 4-(lithio)benzoate (aryllithium),ROH (alcohol quench),quench_probe,tert-butyl 4-(lithio)benzoate (aryllithium intermediate),0.1,0.42,1.1,,CC(C)(C)OC(=O)c1ccc(Br)cc1,CCC([Li])C,CC(C)(C)OC(=O)c1ccc([Li])cc1,CO,CC(C)(C)OC(=O)c1ccc([Li])cc1,0.316,,67.0,
Nagaki et al. 2010 - A flow microreactor system enables organolithium reactions without protecting alkoxycarbonyl groups,87.0,halogen-metal exchange,tetrahydrofuran,flow microreactor,10.1002/chem.201000876,2010.0,tR1,0.38905,,-78.0,,tert-butyl p-bromobenzoate,s-BuLi,tert-butyl 4-(lithio)benzoate (aryllithium),ROH (alcohol quench),quench_probe,tert-butyl 4-(lithio)benzoate (aryllithium intermediate),0.1,0.42,1.1,,CC(C)(C)OC(=O)c1ccc(Br)cc1,CCC([Li])C,CC(C)(C)OC(=O)c1ccc([Li])cc1,CO,CC(C)(C)OC(=O)c1ccc([Li])cc1,1.0,,87.0,
Nagaki et al. 2010 - A flow microreactor system enables organolithium reactions without protecting alkoxycarbonyl groups,87.0,halogen-metal exchange,tetrahydrofuran,flow microreactor,10.1002/chem.201000876,2010.0,tR1,0.79433,,-78.0,,tert-butyl p-bromobenzoate,s-BuLi,tert-butyl 4-(lithio)benzoate (aryllithium),ROH (alcohol quench),quench_probe,tert-butyl 4-(lithio)benzoate (aryllithium intermediate),0.1,0.42,1.1,,CC(C)(C)OC(=O)c1ccc(Br)cc1,CCC([Li])C,CC(C)(C)OC(=O)c1ccc([Li])cc1,CO,CC(C)(C)OC(=O)c1ccc([Li])cc1,3.16,,87.0,
Nagaki et al. 2010 - A flow microreactor system enables organolithium reactions without protecting alkoxycarbonyl groups,87.0,halogen-metal exchange,tetrahydrofuran,flow microreactor,10.1002/chem.201000876,2010.0,tR1,5.62341,,-78.0,,tert-butyl p-bromobenzoate,s-BuLi,tert-butyl 4-(lithio)benzoate (aryllithium),ROH (alcohol quench),quench_probe,tert-butyl 4-(lithio)benzoate (aryllithium intermediate),0.1,0.42,1.1,,CC(C)(C)OC(=O)c1ccc(Br)cc1,CCC([Li])C,CC(C)(C)OC(=O)c1ccc([Li])cc1,CO,CC(C)(C)OC(=O)c1ccc([Li])cc1,31.6,,87.0,
Nagaki et al. 2010 - A flow microreactor system enables organolithium reactions without protecting alkoxycarbonyl groups,42.0,halogen-metal exchange,tetrahydrofuran,flow microreactor,10.1002/chem.201000876,2010.0,tR1,0.01334,,-30.0,,tert-butyl p-bromobenzoate,s-BuLi,tert-butyl 4-(lithio)benzoate (aryllithium),ROH (alcohol quench),quench_probe,tert-butyl 4-(lithio)benzoate (aryllithium intermediate),0.1,0.42,1.1,,CC(C)(C)OC(=O)c1ccc(Br)cc1,CCC([Li])C,CC(C)(C)OC(=O)c1ccc([Li])cc1,CO,CC(C)(C)OC(=O)c1ccc([Li])cc1,0.0316,,,
Nagaki et al. 2010 - A flow microreactor system enables organolithium reactions without protecting alkoxycarbonyl groups,30.0,halogen-metal exchange,tetrahydrofuran,flow microreactor,10.1002/chem.201000876,2010.0,tR1,0.05623,,-30.0,,tert-butyl p-bromobenzoate,s-BuLi,tert-butyl 4-(lithio)benzoate (aryllithium),ROH (alcohol quench),quench_probe,tert-butyl 4-(lithio)benzoate (aryllithium intermediate),0.1,0.42,1.1,,CC(C)(C)OC(=O)c1ccc(Br)cc1,CCC([Li])C,CC(C)(C)OC(=O)c1ccc([Li])cc1,CO,CC(C)(C)OC(=O)c1ccc([Li])cc1,0.1,,,
Nagaki et al. 2010 - A flow microreactor system enables organolithium reactions without protecting alkoxycarbonyl groups,22.0,halogen-metal exchange,tetrahydrofuran,flow microreactor,10.1002/chem.201000876,2010.0,tR1,0.19953,,-30.0,,tert-butyl p-bromobenzoate,s-BuLi,tert-butyl 4-(lithio)benzoate (aryllithium),ROH (alcohol quench),quench_probe,tert-butyl 4-(lithio)benzoate (aryllithium intermediate),0.1,0.42,1.1,,CC(C)(C)OC(=O)c1ccc(Br)cc1,CCC([Li])C,CC(C)(C)OC(=O)c1ccc([Li])cc1,CO,CC(C)(C)OC(=O)c1ccc([Li])cc1,0.316,,,
Nagaki et al. 2010 - A flow microreactor system enables organolithium reactions without protecting alkoxycarbonyl groups,19.0,halogen-metal exchange,tetrahydrofuran,flow microreactor,10.1002/chem.201000876,2010.0,tR1,0.38905,,-30.0,,tert-butyl p-bromobenzoate,s-BuLi,tert-butyl 4-(lithio)benzoate (aryllithium),ROH (alcohol quench),quench_probe,tert-butyl 4-(lithio)benzoate (aryllithium intermediate),0.1,0.42,1.1,,CC(C)(C)OC(=O)c1ccc(Br)cc1,CCC([Li])C,CC(C)(C)OC(=O)c1ccc([Li])cc1,CO,CC(C)(C)OC(=O)c1ccc([Li])cc1,1.0,,,
Nagaki et al. 2010 - A flow microreactor system enables organolithium reactions without protecting alkoxycarbonyl groups,62.0,halogen-metal exchange,tetrahydrofuran,flow microreactor,10.1002/chem.201000876,2010.0,tR1,0.01334,,-50.0,,tert-butyl p-bromobenzoate,s-BuLi,tert-butyl 4-(lithio)benzoate (aryllithium),ROH (alcohol quench),quench_probe,tert-butyl 4-(lithio)benzoate (aryllithium intermediate),0.1,0.42,1.1,,CC(C)(C)OC(=O)c1ccc(Br)cc1,CCC([Li])C,CC(C)(C)OC(=O)c1ccc([Li])cc1,CO,CC(C)(C)OC(=O)c1ccc([Li])cc1,0.0316,,,
Nagaki et al. 2010 - A flow microreactor system enables organolithium reactions without protecting alkoxycarbonyl groups,53.0,halogen-metal exchange,tetrahydrofuran,flow microreactor,10.1002/chem.201000876,2010.0,tR1,0.05623,,-50.0,,tert-butyl p-bromobenzoate,s-BuLi,tert-butyl 4-(lithio)benzoate (aryllithium),ROH (alcohol quench),quench_probe,tert-butyl 4-(lithio)benzoate (aryllithium intermediate),0.1,0.42,1.1,,CC(C)(C)OC(=O)c1ccc(Br)cc1,CCC([Li])C,CC(C)(C)OC(=O)c1ccc([Li])cc1,CO,CC(C)(C)OC(=O)c1ccc([Li])cc1,0.1,,,
Nagaki et al. 2010 - A flow microreactor system enables organolithium reactions without protecting alkoxycarbonyl groups,48.0,halogen-metal exchange,tetrahydrofuran,flow microreactor,10.1002/chem.201000876,2010.0,tR1,0.19953,,-50.0,,tert-butyl p-bromobenzoate,s-BuLi,tert-butyl 4-(lithio)benzoate (aryllithium),ROH (alcohol quench),quench_probe,tert-butyl 4-(lithio)benzoate (aryllithium intermediate),0.1,0.42,1.1,,CC(C)(C)OC(=O)c1ccc(Br)cc1,CCC([Li])C,CC(C)(C)OC(=O)c1ccc([Li])cc1,CO,CC(C)(C)OC(=O)c1ccc([Li])cc1,0.316,,,
Nagaki et al. 2010 - A flow microreactor system enables organolithium reactions without protecting alkoxycarbonyl groups,44.0,halogen-metal exchange,tetrahydrofuran,flow microreactor,10.1002/chem.201000876,2010.0,tR1,0.38905,,-50.0,,tert-butyl p-bromobenzoate,s-BuLi,tert-butyl 4-(lithio)benzoate (aryllithium),ROH (alcohol quench),quench_probe,tert-butyl 4-(lithio)benzoate (aryllithium intermediate),0.1,0.42,1.1,,CC(C)(C)OC(=O)c1ccc(Br)cc1,CCC([Li])C,CC(C)(C)OC(=O)c1ccc([Li])cc1,CO,CC(C)(C)OC(=O)c1ccc([Li])cc1,1.0,,,
Nagaki et al. 2010 - A flow microreactor system enables organolithium reactions without protecting alkoxycarbonyl groups,36.0,halogen-metal exchange,tetrahydrofuran,flow microreactor,10.1002/chem.201000876,2010.0,tR1,0.79433,,-50.0,,tert-butyl p-bromobenzoate,s-BuLi,tert-butyl 4-(lithio)benzoate (aryllithium),ROH (alcohol quench),quench_probe,tert-butyl 4-(lithio)benzoate (aryllithium intermediate),0.1,0.42,1.1,,CC(C)(C)OC(=O)c1ccc(Br)cc1,CCC([Li])C,CC(C)(C)OC(=O)c1ccc([Li])cc1,CO,CC(C)(C)OC(=O)c1ccc([Li])cc1,3.16,,,
Nagaki et al. 2010 - A flow microreactor system enables organolithium reactions without protecting alkoxycarbonyl groups,26.0,halogen-metal exchange,tetrahydrofuran,flow microreactor,10.1002/chem.201000876,2010.0,tR1,5.62341,,-50.0,,tert-butyl p-bromobenzoate,s-BuLi,tert-butyl 4-(lithio)benzoate (aryllithium),ROH (alcohol quench),quench_probe,tert-butyl 4-(lithio)benzoate (aryllithium intermediate),0.1,0.42,1.1,,CC(C)(C)OC(=O)c1ccc(Br)cc1,CCC([Li])C,CC(C)(C)OC(=O)c1ccc([Li])cc1,CO,CC(C)(C)OC(=O)c1ccc([Li])cc1,31.6,,,
Nagaki et al. 2010 - A flow microreactor system enables organolithium reactions without protecting alkoxycarbonyl groups,67.0,halogen-metal exchange,tetrahydrofuran,flow microreactor,10.1002/chem.201000876,2010.0,tR1,0.01334,,-60.0,,tert-butyl p-bromobenzoate,s-BuLi,tert-butyl 4-(lithio)benzoate (aryllithium),ROH (alcohol quench),quench_probe,tert-butyl 4-(lithio)benzoate (aryllithium intermediate),0.1,0.42,1.1,,CC(C)(C)OC(=O)c1ccc(Br)cc1,CCC([Li])C,CC(C)(C)OC(=O)c1ccc([Li])cc1,CO,CC(C)(C)OC(=O)c1ccc([Li])cc1,0.0316,,67.0,
Nagaki et al. 2010 - A flow microreactor system enables organolithium reactions without protecting alkoxycarbonyl groups,56.0,halogen-metal exchange,tetrahydrofuran,flow microreactor,10.1002/chem.201000876,2010.0,tR1,0.05623,,-60.0,,tert-butyl p-bromobenzoate,s-BuLi,tert-butyl 4-(lithio)benzoate (aryllithium),ROH (alcohol quench),quench_probe,tert-butyl 4-(lithio)benzoate (aryllithium intermediate),0.1,0.42,1.1,,CC(C)(C)OC(=O)c1ccc(Br)cc1,CCC([Li])C,CC(C)(C)OC(=O)c1ccc([Li])cc1,CO,CC(C)(C)OC(=O)c1ccc([Li])cc1,0.1,,,
Nagaki et al. 2010 - A flow microreactor system enables organolithium reactions without protecting alkoxycarbonyl groups,58.0,halogen-metal exchange,tetrahydrofuran,flow microreactor,10.1002/chem.201000876,2010.0,tR1,0.19953,,-60.0,,tert-butyl p-bromobenzoate,s-BuLi,tert-butyl 4-(lithio)benzoate (aryllithium),ROH (alcohol quench),quench_probe,tert-butyl 4-(lithio)benzoate (aryllithium intermediate),0.1,0.42,1.1,,CC(C)(C)OC(=O)c1ccc(Br)cc1,CCC([Li])C,CC(C)(C)OC(=O)c1ccc([Li])cc1,CO,CC(C)(C)OC(=O)c1ccc([Li])cc1,0.316,,,
Nagaki et al. 2010 - A flow microreactor system enables organolithium reactions without protecting alkoxycarbonyl groups,51.0,halogen-metal exchange,tetrahydrofuran,flow microreactor,10.1002/chem.201000876,2010.0,tR1,0.79433,,-60.0,,tert-butyl p-bromobenzoate,s-BuLi,tert-butyl 4-(lithio)benzoate (aryllithium),ROH (alcohol quench),quench_probe,tert-butyl 4-(lithio)benzoate (aryllithium intermediate),0.1,0.42,1.1,,CC(C)(C)OC(=O)c1ccc(Br)cc1,CCC([Li])C,CC(C)(C)OC(=O)c1ccc([Li])cc1,CO,CC(C)(C)OC(=O)c1ccc([Li])cc1,3.16,,,
Nagaki et al. 2010 - A flow microreactor system enables organolithium reactions without protecting alkoxycarbonyl groups,38.0,halogen-metal exchange,tetrahydrofuran,flow microreactor,10.1002/chem.201000876,2010.0,tR1,5.62341,,-60.0,,tert-butyl p-bromobenzoate,s-BuLi,tert-butyl 4-(lithio)benzoate (aryllithium),ROH (alcohol quench),quench_probe,tert-butyl 4-(lithio)benzoate (aryllithium intermediate),0.1,0.42,1.1,,CC(C)(C)OC(=O)c1ccc(Br)cc1,CCC([Li])C,CC(C)(C)OC(=O)c1ccc([Li])cc1,CO,CC(C)(C)OC(=O)c1ccc([Li])cc1,31.6,,,
Nagaki et al. 2010 - A flow microreactor system enables organolithium reactions without protecting alkoxycarbonyl groups,54.0,halogen-metal exchange,tetrahydrofuran,flow microreactor,10.1002/chem.201000876,2010.0,tR1,0.01334,,-78.0,,tert-butyl p-bromobenzoate,s-BuLi,tert-butyl 4-(lithio)benzoate (aryllithium),ROH (alcohol quench),quench_probe,tert-butyl 4-(lithio)benzoate (aryllithium intermediate),0.1,0.42,1.1,,CC(C)(C)OC(=O)c1ccc(Br)cc1,CCC([Li])C,CC(C)(C)OC(=O)c1ccc([Li])cc1,CO,CC(C)(C)OC(=O)c1ccc([Li])cc1,0.0316,,54.0,
Nagaki et al. 2010 - A flow microreactor system enables organolithium reactions without protecting alkoxycarbonyl groups,45.0,halogen-metal exchange,tetrahydrofuran,flow microreactor,10.1002/chem.201000876,2010.0,tR1,0.05623,,-78.0,,tert-butyl p-bromobenzoate,s-BuLi,tert-butyl 4-(lithio)benzoate (aryllithium),ROH (alcohol quench),quench_probe,tert-butyl 4-(lithio)benzoate (aryllithium intermediate),0.1,0.42,1.1,,CC(C)(C)OC(=O)c1ccc(Br)cc1,CCC([Li])C,CC(C)(C)OC(=O)c1ccc([Li])cc1,CO,CC(C)(C)OC(=O)c1ccc([Li])cc1,0.1,,,
Nagaki et al. 2010 - A flow microreactor system enables organolithium reactions without protecting alkoxycarbonyl groups,37.0,halogen-metal exchange,tetrahydrofuran,flow microreactor,10.1002/chem.201000876,2010.0,tR1,0.19953,,-78.0,,tert-butyl p-bromobenzoate,s-BuLi,tert-butyl 4-(lithio)benzoate (aryllithium),ROH (alcohol quench),quench_probe,tert-butyl 4-(lithio)benzoate (aryllithium intermediate),0.1,0.42,1.1,,CC(C)(C)OC(=O)c1ccc(Br)cc1,CCC([Li])C,CC(C)(C)OC(=O)c1ccc([Li])cc1,CO,CC(C)(C)OC(=O)c1ccc([Li])cc1,0.316,,,
Nagaki et al. 2010 - A flow microreactor system enables organolithium reactions without protecting alkoxycarbonyl groups,40.0,halogen-metal exchange,tetrahydrofuran,flow microreactor,10.1002/chem.201000876,2010.0,tR1,0.38905,,-78.0,,tert-butyl p-bromobenzoate,s-BuLi,tert-butyl 4-(lithio)benzoate (aryllithium),ROH (alcohol quench),quench_probe,tert-butyl 4-(lithio)benzoate (aryllithium intermediate),0.1,0.42,1.1,,CC(C)(C)OC(=O)c1ccc(Br)cc1,CCC([Li])C,CC(C)(C)OC(=O)c1ccc([Li])cc1,CO,CC(C)(C)OC(=O)c1ccc([Li])cc1,1.0,,,
Nagaki et al. 2010 - A flow microreactor system enables organolithium reactions without protecting alkoxycarbonyl groups,43.0,halogen-metal exchange,tetrahydrofuran,flow microreactor,10.1002/chem.201000876,2010.0,tR1,0.79433,,-78.0,,tert-butyl p-bromobenzoate,s-BuLi,tert-butyl 4-(lithio)benzoate (aryllithium),ROH (alcohol quench),quench_probe,tert-butyl 4-(lithio)benzoate (aryllithium intermediate),0.1,0.42,1.1,,CC(C)(C)OC(=O)c1ccc(Br)cc1,CCC([Li])C,CC(C)(C)OC(=O)c1ccc([Li])cc1,CO,CC(C)(C)OC(=O)c1ccc([Li])cc1,3.16,,,
Nagaki et al. 2010 - A flow microreactor system enables organolithium reactions without protecting alkoxycarbonyl groups,27.0,halogen-metal exchange,tetrahydrofuran,flow microreactor,10.1002/chem.201000876,2010.0,tR1,5.62341,,-78.0,,tert-butyl p-bromobenzoate,s-BuLi,tert-butyl 4-(lithio)benzoate (aryllithium),ROH (alcohol quench),quench_probe,tert-butyl 4-(lithio)benzoate (aryllithium intermediate),0.1,0.42,1.1,,CC(C)(C)OC(=O)c1ccc(Br)cc1,CCC([Li])C,CC(C)(C)OC(=O)c1ccc([Li])cc1,CO,CC(C)(C)OC(=O)c1ccc([Li])cc1,31.6,,,
Nagaki et al. 2010 - A flow microreactor system enables organolithium reactions without protecting alkoxycarbonyl groups,90.0,halogen-metal exchange,tetrahydrofuran,flow microreactor,10.1002/chem.201000876,2010.0,tR1,0.19953,,0.0,,tert-butyl p-bromobenzoate,s-BuLi,tert-butyl 4-(lithio)benzoate (aryllithium),ROH (alcohol quench),quench_probe,tert-butyl 4-(lithio)benzoate (aryllithium intermediate),0.1,0.42,1.1,,CC(C)(C)OC(=O)c1ccc(Br)cc1,CCC([Li])C,CC(C)(C)OC(=O)c1ccc([Li])cc1,CO,CC(C)(C)OC(=O)c1ccc([Li])cc1,0.316,,90.0,
Nagaki et al. 2010 - A flow microreactor system enables organolithium reactions without protecting alkoxycarbonyl groups,94.0,halogen-metal exchange,tetrahydrofuran,flow microreactor,10.1002/chem.201000876,2010.0,tR1,0.05623,,-50.0,,tert-butyl p-bromobenzoate,s-BuLi,tert-butyl 4-(lithio)benzoate (aryllithium),ROH (alcohol quench),quench_probe,tert-butyl 4-(lithio)benzoate (aryllithium intermediate),0.1,0.42,1.1,,CC(C)(C)OC(=O)c1ccc(Br)cc1,CCC([Li])C,CC(C)(C)OC(=O)c1ccc([Li])cc1,CO,CC(C)(C)OC(=O)c1ccc([Li])cc1,0.1,,94.0,
Nagaki et al. 2010 - A flow microreactor system enables organolithium reactions without protecting alkoxycarbonyl groups,98.0,halogen-metal exchange,tetrahydrofuran,flow microreactor,10.1002/chem.201000876,2010.0,tR1,0.19953,,-50.0,,tert-butyl p-bromobenzoate,s-BuLi,tert-butyl 4-(lithio)benzoate (aryllithium),ROH (alcohol quench),quench_probe,tert-butyl 4-(lithio)benzoate (aryllithium intermediate),0.1,0.42,1.1,,CC(C)(C)OC(=O)c1ccc(Br)cc1,CCC([Li])C,CC(C)(C)OC(=O)c1ccc([Li])cc1,CO,CC(C)(C)OC(=O)c1ccc([Li])cc1,0.316,,98.0,
Nagaki et al. 2010 - A flow microreactor system enables organolithium reactions without protecting alkoxycarbonyl groups,0.0,halogen-metal exchange,tetrahydrofuran,flow microreactor,10.1002/chem.201000876,2010.0,tR1,5.62341,,0.0,,tert-butyl p-bromobenzoate,s-BuLi,tert-butyl 4-(lithio)benzoate (aryllithium),ROH (alcohol quench),quench_probe,tert-butyl 4-(lithio)benzoate (aryllithium intermediate),0.1,0.42,1.1,,CC(C)(C)OC(=O)c1ccc(Br)cc1,CCC([Li])C,CC(C)(C)OC(=O)c1ccc([Li])cc1,CO,CC(C)(C)OC(=O)c1ccc([Li])cc1,31.6,,,
Nagaki et al. 2010 - A flow microreactor system enables organolithium reactions without protecting alkoxycarbonyl groups,21.0,halogen-metal exchange,tetrahydrofuran,flow microreactor,10.1002/chem.201000876,2010.0,tR1,0.38905,,-30.0,,tert-butyl p-bromobenzoate,s-BuLi,tert-butyl 4-(lithio)benzoate (aryllithium),ROH (alcohol quench),quench_probe,tert-butyl 4-(lithio)benzoate (aryllithium intermediate),0.1,0.42,1.1,,CC(C)(C)OC(=O)c1ccc(Br)cc1,CCC([Li])C,CC(C)(C)OC(=O)c1ccc([Li])cc1,CO,CC(C)(C)OC(=O)c1ccc([Li])cc1,1.0,,,
Nagaki et al. 2010 - A flow microreactor system enables organolithium reactions without protecting alkoxycarbonyl groups,5.0,halogen-metal exchange,tetrahydrofuran,flow microreactor,10.1002/chem.201000876,2010.0,tR1,5.62341,,-30.0,,tert-butyl p-bromobenzoate,s-BuLi,tert-butyl 4-(lithio)benzoate (aryllithium),ROH (alcohol quench),quench_probe,tert-butyl 4-(lithio)benzoate (aryllithium intermediate),0.1,0.42,1.1,,CC(C)(C)OC(=O)c1ccc(Br)cc1,CCC([Li])C,CC(C)(C)OC(=O)c1ccc([Li])cc1,CO,CC(C)(C)OC(=O)c1ccc([Li])cc1,31.6,,5.0,
Nagaki et al. 2010 - A flow microreactor system enables organolithium reactions without protecting alkoxycarbonyl groups,55.0,halogen-metal exchange,tetrahydrofuran,flow microreactor,10.1002/chem.201000876,2010.0,tR1,0.38905,,-60.0,,tert-butyl p-bromobenzoate,s-BuLi,tert-butyl 4-(lithio)benzoate (aryllithium),ROH (alcohol quench),quench_probe,tert-butyl 4-(lithio)benzoate (aryllithium intermediate),0.1,0.42,1.1,,CC(C)(C)OC(=O)c1ccc(Br)cc1,CCC([Li])C,CC(C)(C)OC(=O)c1ccc([Li])cc1,CO,CC(C)(C)OC(=O)c1ccc([Li])cc1,1.0,,,
Nagaki et al. 2010 - Generation and reaction of cyano-substituted aryllithium compounds using microreactors,82.0,halogen-metal exchange,tetrahydrofuran,,10.1039/b919325c,2009.0,tR1,0.01334,,20.0,,,n-BuLi,p-lithiobenzonitrile (from 1c),MeOH (methanol quench),quench_probe,lithiobenzonitrile (cyano-aryllithium),0.1,,1.1,,,CCCC[Li],N#Cc1ccc([Li])cc1,CO,N#Cc1ccc([Li])cc1,0.0316,,,
Nagaki et al. 2010 - Generation and reaction of cyano-substituted aryllithium compounds using microreactors,78.0,halogen-metal exchange,tetrahydrofuran,,10.1039/b919325c,2009.0,tR1,0.05623,,20.0,,,n-BuLi,p-lithiobenzonitrile (from 1c),MeOH (methanol quench),quench_probe,lithiobenzonitrile (cyano-aryllithium),0.1,,1.1,,,CCCC[Li],N#Cc1ccc([Li])cc1,CO,N#Cc1ccc([Li])cc1,0.1,,,
Nagaki et al. 2010 - Generation and reaction of cyano-substituted aryllithium compounds using microreactors,78.0,halogen-metal exchange,tetrahydrofuran,,10.1039/b919325c,2009.0,tR1,0.19953,,20.0,,,n-BuLi,p-lithiobenzonitrile (from 1c),MeOH (methanol quench),quench_probe,lithiobenzonitrile (cyano-aryllithium),0.1,,1.1,,,CCCC[Li],N#Cc1ccc([Li])cc1,CO,N#Cc1ccc([Li])cc1,0.316,,,
Nagaki et al. 2010 - Generation and reaction of cyano-substituted aryllithium compounds using microreactors,72.0,halogen-metal exchange,tetrahydrofuran,,10.1039/b919325c,2009.0,tR1,0.38905,,20.0,,,n-BuLi,p-lithiobenzonitrile (from 1c),MeOH (methanol quench),quench_probe,lithiobenzonitrile (cyano-aryllithium),0.1,,1.1,,,CCCC[Li],N#Cc1ccc([Li])cc1,CO,N#Cc1ccc([Li])cc1,1.0,,,
Nagaki et al. 2010 - Generation and reaction of cyano-substituted aryllithium compounds using microreactors,77.0,halogen-metal exchange,tetrahydrofuran,,10.1039/b919325c,2009.0,tR1,0.79433,,20.0,,,n-BuLi,p-lithiobenzonitrile (from 1c),MeOH (methanol quench),quench_probe,lithiobenzonitrile (cyano-aryllithium),0.1,,1.1,,,CCCC[Li],N#Cc1ccc([Li])cc1,CO,N#Cc1ccc([Li])cc1,3.16,,,
Nagaki et al. 2010 - Generation and reaction of cyano-substituted aryllithium compounds using microreactors,48.0,halogen-metal exchange,tetrahydrofuran,,10.1039/b919325c,2009.0,tR1,5.62341,,20.0,,,n-BuLi,p-lithiobenzonitrile (from 1c),MeOH (methanol quench),quench_probe,lithiobenzonitrile (cyano-aryllithium),0.1,,1.1,,,CCCC[Li],N#Cc1ccc([Li])cc1,CO,N#Cc1ccc([Li])cc1,31.6,,,
Nagaki et al. 2010 - Generation and reaction of cyano-substituted aryllithium compounds using microreactors,88.0,halogen-metal exchange,tetrahydrofuran,,10.1039/b919325c,2009.0,tR1,0.01334,,0.0,,,n-BuLi,p-lithiobenzonitrile (from 1c),MeOH (methanol quench),quench_probe,lithiobenzonitrile (cyano-aryllithium),0.1,,1.1,,,CCCC[Li],N#Cc1ccc([Li])cc1,CO,N#Cc1ccc([Li])cc1,0.0316,,,
Nagaki et al. 2010 - Generation and reaction of cyano-substituted aryllithium compounds using microreactors,82.0,halogen-metal exchange,tetrahydrofuran,,10.1039/b919325c,2009.0,tR1,0.05623,,0.0,,,n-BuLi,p-lithiobenzonitrile (from 1c),MeOH (methanol quench),quench_probe,lithiobenzonitrile (cyano-aryllithium),0.1,,1.1,,,CCCC[Li],N#Cc1ccc([Li])cc1,CO,N#Cc1ccc([Li])cc1,0.1,,,
Nagaki et al. 2010 - Generation and reaction of cyano-substituted aryllithium compounds using microreactors,85.0,halogen-metal exchange,tetrahydrofuran,,10.1039/b919325c,2009.0,tR1,0.19953,,0.0,,,n-BuLi,p-lithiobenzonitrile (from 1c),MeOH (methanol quench),quench_probe,lithiobenzonitrile (cyano-aryllithium),0.1,,1.1,,,CCCC[Li],N#Cc1ccc([Li])cc1,CO,N#Cc1ccc([Li])cc1,0.316,,,
Nagaki et al. 2010 - Generation and reaction of cyano-substituted aryllithium compounds using microreactors,82.0,halogen-metal exchange,tetrahydrofuran,,10.1039/b919325c,2009.0,tR1,0.38905,,0.0,,,n-BuLi,p-lithiobenzonitrile (from 1c),MeOH (methanol quench),quench_probe,lithiobenzonitrile (cyano-aryllithium),0.1,,1.1,,,CCCC[Li],N#Cc1ccc([Li])cc1,CO,N#Cc1ccc([Li])cc1,1.0,,,
Nagaki et al. 2010 - Generation and reaction of cyano-substituted aryllithium compounds using microreactors,84.0,halogen-metal exchange,tetrahydrofuran,,10.1039/b919325c,2009.0,tR1,0.79433,,0.0,,,n-BuLi,p-lithiobenzonitrile (from 1c),MeOH (methanol quench),quench_probe,lithiobenzonitrile (cyano-aryllithium),0.1,,1.1,,,CCCC[Li],N#Cc1ccc([Li])cc1,CO,N#Cc1ccc([Li])cc1,3.16,,,
Nagaki et al. 2010 - Generation and reaction of cyano-substituted aryllithium compounds using microreactors,57.0,halogen-metal exchange,tetrahydrofuran,,10.1039/b919325c,2009.0,tR1,5.62341,,0.0,,,n-BuLi,p-lithiobenzonitrile (from 1c),MeOH (methanol quench),quench_probe,lithiobenzonitrile (cyano-aryllithium),0.1,,1.1,,,CCCC[Li],N#Cc1ccc([Li])cc1,CO,N#Cc1ccc([Li])cc1,31.6,,,
Nagaki et al. 2010 - Generation and reaction of cyano-substituted aryllithium compounds using microreactors,87.0,halogen-metal exchange,tetrahydrofuran,,10.1039/b919325c,2009.0,tR1,0.01334,,-30.0,,,n-BuLi,p-lithiobenzonitrile (from 1c),MeOH (methanol quench),quench_probe,lithiobenzonitrile (cyano-aryllithium),0.1,,1.1,,,CCCC[Li],N#Cc1ccc([Li])cc1,CO,N#Cc1ccc([Li])cc1,0.0316,,,
Nagaki et al. 2010 - Generation and reaction of cyano-substituted aryllithium compounds using microreactors,89.0,halogen-metal exchange,tetrahydrofuran,,10.1039/b919325c,2009.0,tR1,0.05623,,-30.0,,,n-BuLi,p-lithiobenzonitrile (from 1c),MeOH (methanol quench),quench_probe,lithiobenzonitrile (cyano-aryllithium),0.1,,1.1,,,CCCC[Li],N#Cc1ccc([Li])cc1,CO,N#Cc1ccc([Li])cc1,0.1,,,
Nagaki et al. 2010 - Generation and reaction of cyano-substituted aryllithium compounds using microreactors,87.0,halogen-metal exchange,tetrahydrofuran,,10.1039/b919325c,2009.0,tR1,0.19953,,-30.0,,,n-BuLi,p-lithiobenzonitrile (from 1c),MeOH (methanol quench),quench_probe,lithiobenzonitrile (cyano-aryllithium),0.1,,1.1,,,CCCC[Li],N#Cc1ccc([Li])cc1,CO,N#Cc1ccc([Li])cc1,0.316,,,
Nagaki et al. 2010 - Generation and reaction of cyano-substituted aryllithium compounds using microreactors,88.0,halogen-metal exchange,tetrahydrofuran,,10.1039/b919325c,2009.0,tR1,0.38905,,-30.0,,,n-BuLi,p-lithiobenzonitrile (from 1c),MeOH (methanol quench),quench_probe,lithiobenzonitrile (cyano-aryllithium),0.1,,1.1,,,CCCC[Li],N#Cc1ccc([Li])cc1,CO,N#Cc1ccc([Li])cc1,1.0,,,
Nagaki et al. 2010 - Generation and reaction of cyano-substituted aryllithium compounds using microreactors,88.0,halogen-metal exchange,tetrahydrofuran,,10.1039/b919325c,2009.0,tR1,0.79433,,-30.0,,,n-BuLi,p-lithiobenzonitrile (from 1c),MeOH (methanol quench),quench_probe,lithiobenzonitrile (cyano-aryllithium),0.1,,1.1,,,CCCC[Li],N#Cc1ccc([Li])cc1,CO,N#Cc1ccc([Li])cc1,3.16,,,
Nagaki et al. 2010 - Generation and reaction of cyano-substituted aryllithium compounds using microreactors,85.0,halogen-metal exchange,tetrahydrofuran,,10.1039/b919325c,2009.0,tR1,5.62341,,-30.0,,,n-BuLi,p-lithiobenzonitrile (from 1c),MeOH (methanol quench),quench_probe,lithiobenzonitrile (cyano-aryllithium),0.1,,1.1,,,CCCC[Li],N#Cc1ccc([Li])cc1,CO,N#Cc1ccc([Li])cc1,31.6,,,
Nagaki et al. 2010 - Generation and reaction of cyano-substituted aryllithium compounds using microreactors,33.0,halogen-metal exchange,tetrahydrofuran,,10.1039/b919325c,2009.0,tR1,0.01334,,-50.0,,,n-BuLi,p-lithiobenzonitrile (from 1c),MeOH (methanol quench),quench_probe,lithiobenzonitrile (cyano-aryllithium),0.1,,1.1,,,CCCC[Li],N#Cc1ccc([Li])cc1,CO,N#Cc1ccc([Li])cc1,0.0316,,,
Nagaki et al. 2010 - Generation and reaction of cyano-substituted aryllithium compounds using microreactors,63.0,halogen-metal exchange,tetrahydrofuran,,10.1039/b919325c,2009.0,tR1,0.05623,,-50.0,,,n-BuLi,p-lithiobenzonitrile (from 1c),MeOH (methanol quench),quench_probe,lithiobenzonitrile (cyano-aryllithium),0.1,,1.1,,,CCCC[Li],N#Cc1ccc([Li])cc1,CO,N#Cc1ccc([Li])cc1,0.1,,,
Nagaki et al. 2010 - Generation and reaction of cyano-substituted aryllithium compounds using microreactors,85.0,halogen-metal exchange,tetrahydrofuran,,10.1039/b919325c,2009.0,tR1,0.19953,,-50.0,,,n-BuLi,p-lithiobenzonitrile (from 1c),MeOH (methanol quench),quench_probe,lithiobenzonitrile (cyano-aryllithium),0.1,,1.1,,,CCCC[Li],N#Cc1ccc([Li])cc1,CO,N#Cc1ccc([Li])cc1,0.316,,,
Nagaki et al. 2010 - Generation and reaction of cyano-substituted aryllithium compounds using microreactors,86.0,halogen-metal exchange,tetrahydrofuran,,10.1039/b919325c,2009.0,tR1,0.38905,,-50.0,,,n-BuLi,p-lithiobenzonitrile (from 1c),MeOH (methanol quench),quench_probe,lithiobenzonitrile (cyano-aryllithium),0.1,,1.1,,,CCCC[Li],N#Cc1ccc([Li])cc1,CO,N#Cc1ccc([Li])cc1,1.0,,,
Nagaki et al. 2010 - Generation and reaction of cyano-substituted aryllithium compounds using microreactors,89.0,halogen-metal exchange,tetrahydrofuran,,10.1039/b919325c,2009.0,tR1,0.79433,,-50.0,,,n-BuLi,p-lithiobenzonitrile (from 1c),MeOH (methanol quench),quench_probe,lithiobenzonitrile (cyano-aryllithium),0.1,,1.1,,,CCCC[Li],N#Cc1ccc([Li])cc1,CO,N#Cc1ccc([Li])cc1,3.16,,,
Nagaki et al. 2010 - Generation and reaction of cyano-substituted aryllithium compounds using microreactors,86.0,halogen-metal exchange,tetrahydrofuran,,10.1039/b919325c,2009.0,tR1,5.62341,,-50.0,,,n-BuLi,p-lithiobenzonitrile (from 1c),MeOH (methanol quench),quench_probe,lithiobenzonitrile (cyano-aryllithium),0.1,,1.1,,,CCCC[Li],N#Cc1ccc([Li])cc1,CO,N#Cc1ccc([Li])cc1,31.6,,,
Nagaki et al. 2010 - Generation and reaction of cyano-substituted aryllithium compounds using microreactors,17.0,halogen-metal exchange,tetrahydrofuran,,10.1039/b919325c,2009.0,tR1,0.01334,,-60.0,,,n-BuLi,p-lithiobenzonitrile (from 1c),MeOH (methanol quench),quench_probe,lithiobenzonitrile (cyano-aryllithium),0.1,,1.1,,,CCCC[Li],N#Cc1ccc([Li])cc1,CO,N#Cc1ccc([Li])cc1,0.0316,,,
Nagaki et al. 2010 - Generation and reaction of cyano-substituted aryllithium compounds using microreactors,31.0,halogen-metal exchange,tetrahydrofuran,,10.1039/b919325c,2009.0,tR1,0.05623,,-60.0,,,n-BuLi,p-lithiobenzonitrile (from 1c),MeOH (methanol quench),quench_probe,lithiobenzonitrile (cyano-aryllithium),0.1,,1.1,,,CCCC[Li],N#Cc1ccc([Li])cc1,CO,N#Cc1ccc([Li])cc1,0.1,,,
Nagaki et al. 2010 - Generation and reaction of cyano-substituted aryllithium compounds using microreactors,51.0,halogen-metal exchange,tetrahydrofuran,,10.1039/b919325c,2009.0,tR1,0.19953,,-60.0,,,n-BuLi,p-lithiobenzonitrile (from 1c),MeOH (methanol quench),quench_probe,lithiobenzonitrile (cyano-aryllithium),0.1,,1.1,,,CCCC[Li],N#Cc1ccc([Li])cc1,CO,N#Cc1ccc([Li])cc1,0.316,,,
Nagaki et al. 2010 - Generation and reaction of cyano-substituted aryllithium compounds using microreactors,79.0,halogen-metal exchange,tetrahydrofuran,,10.1039/b919325c,2009.0,tR1,0.38905,,-60.0,,,n-BuLi,p-lithiobenzonitrile (from 1c),MeOH (methanol quench),quench_probe,lithiobenzonitrile (cyano-aryllithium),0.1,,1.1,,,CCCC[Li],N#Cc1ccc([Li])cc1,CO,N#Cc1ccc([Li])cc1,1.0,,,
Nagaki et al. 2010 - Generation and reaction of cyano-substituted aryllithium compounds using microreactors,87.0,halogen-metal exchange,tetrahydrofuran,,10.1039/b919325c,2009.0,tR1,0.79433,,-60.0,,,n-BuLi,p-lithiobenzonitrile (from 1c),MeOH (methanol quench),quench_probe,lithiobenzonitrile (cyano-aryllithium),0.1,,1.1,,,CCCC[Li],N#Cc1ccc([Li])cc1,CO,N#Cc1ccc([Li])cc1,3.16,,,
Nagaki et al. 2010 - Generation and reaction of cyano-substituted aryllithium compounds using microreactors,91.0,halogen-metal exchange,tetrahydrofuran,,10.1039/b919325c,2009.0,tR1,5.62341,,-60.0,,,n-BuLi,p-lithiobenzonitrile (from 1c),MeOH (methanol quench),quench_probe,lithiobenzonitrile (cyano-aryllithium),0.1,,1.1,,,CCCC[Li],N#Cc1ccc([Li])cc1,CO,N#Cc1ccc([Li])cc1,31.6,,,
Nagaki et al. 2010 - Generation and reaction of cyano-substituted aryllithium compounds using microreactors,5.0,halogen-metal exchange,tetrahydrofuran,,10.1039/b919325c,2009.0,tR1,0.01334,,-78.0,,,n-BuLi,p-lithiobenzonitrile (from 1c),MeOH (methanol quench),quench_probe,lithiobenzonitrile (cyano-aryllithium),0.1,,1.1,,,CCCC[Li],N#Cc1ccc([Li])cc1,CO,N#Cc1ccc([Li])cc1,0.0316,,,
Nagaki et al. 2010 - Generation and reaction of cyano-substituted aryllithium compounds using microreactors,6.0,halogen-metal exchange,tetrahydrofuran,,10.1039/b919325c,2009.0,tR1,0.05623,,-78.0,,,n-BuLi,p-lithiobenzonitrile (from 1c),MeOH (methanol quench),quench_probe,lithiobenzonitrile (cyano-aryllithium),0.1,,1.1,,,CCCC[Li],N#Cc1ccc([Li])cc1,CO,N#Cc1ccc([Li])cc1,0.1,,,
Nagaki et al. 2010 - Generation and reaction of cyano-substituted aryllithium compounds using microreactors,30.0,halogen-metal exchange,tetrahydrofuran,,10.1039/b919325c,2009.0,tR1,0.19953,,-78.0,,,n-BuLi,p-lithiobenzonitrile (from 1c),MeOH (methanol quench),quench_probe,lithiobenzonitrile (cyano-aryllithium),0.1,,1.1,,,CCCC[Li],N#Cc1ccc([Li])cc1,CO,N#Cc1ccc([Li])cc1,0.316,,,
Nagaki et al. 2010 - Generation and reaction of cyano-substituted aryllithium compounds using microreactors,35.0,halogen-metal exchange,tetrahydrofuran,,10.1039/b919325c,2009.0,tR1,0.38905,,-78.0,,,n-BuLi,p-lithiobenzonitrile (from 1c),MeOH (methanol quench),quench_probe,lithiobenzonitrile (cyano-aryllithium),0.1,,1.1,,,CCCC[Li],N#Cc1ccc([Li])cc1,CO,N#Cc1ccc([Li])cc1,1.0,,,
Nagaki et al. 2010 - Generation and reaction of cyano-substituted aryllithium compounds using microreactors,47.0,halogen-metal exchange,tetrahydrofuran,,10.1039/b919325c,2009.0,tR1,0.79433,,-78.0,,,n-BuLi,p-lithiobenzonitrile (from 1c),MeOH (methanol quench),quench_probe,lithiobenzonitrile (cyano-aryllithium),0.1,,1.1,,,CCCC[Li],N#Cc1ccc([Li])cc1,CO,N#Cc1ccc([Li])cc1,3.16,,,
Nagaki et al. 2010 - Generation and reaction of cyano-substituted aryllithium compounds using microreactors,92.0,halogen-metal exchange,tetrahydrofuran,,10.1039/b919325c,2009.0,tR1,5.62341,,-78.0,,,n-BuLi,p-lithiobenzonitrile (from 1c),MeOH (methanol quench),quench_probe,lithiobenzonitrile (cyano-aryllithium),0.1,,1.1,,,CCCC[Li],N#Cc1ccc([Li])cc1,CO,N#Cc1ccc([Li])cc1,31.6,,,
Nagaki et al. 2010 - Generation and reaction of cyano-substituted aryllithium compounds using microreactors,90.0,halogen-metal exchange,tetrahydrofuran,,10.1039/b919325c,2009.0,tR1,0.01334,,20.0,,,n-BuLi,o-lithiobenzonitrile (from 1a),MeOH (methanol quench),quench_probe,lithiobenzonitrile (cyano-aryllithium),0.1,,1.1,,,CCCC[Li],N#Cc1ccccc1[Li],CO,N#Cc1ccc([Li])cc1,0.0316,,,
Nagaki et al. 2010 - Generation and reaction of cyano-substituted aryllithium compounds using microreactors,82.0,halogen-metal exchange,tetrahydrofuran,,10.1039/b919325c,2009.0,tR1,0.05623,,20.0,,,n-BuLi,o-lithiobenzonitrile (from 1a),MeOH (methanol quench),quench_probe,lithiobenzonitrile (cyano-aryllithium),0.1,,1.1,,,CCCC[Li],N#Cc1ccccc1[Li],CO,N#Cc1ccc([Li])cc1,0.1,,,
Nagaki et al. 2010 - Generation and reaction of cyano-substituted aryllithium compounds using microreactors,83.0,halogen-metal exchange,tetrahydrofuran,,10.1039/b919325c,2009.0,tR1,0.19953,,20.0,,,n-BuLi,o-lithiobenzonitrile (from 1a),MeOH (methanol quench),quench_probe,lithiobenzonitrile (cyano-aryllithium),0.1,,1.1,,,CCCC[Li],N#Cc1ccccc1[Li],CO,N#Cc1ccc([Li])cc1,0.316,,,
Nagaki et al. 2010 - Generation and reaction of cyano-substituted aryllithium compounds using microreactors,82.0,halogen-metal exchange,tetrahydrofuran,,10.1039/b919325c,2009.0,tR1,0.38905,,20.0,,,n-BuLi,o-lithiobenzonitrile (from 1a),MeOH (methanol quench),quench_probe,lithiobenzonitrile (cyano-aryllithium),0.1,,1.1,,,CCCC[Li],N#Cc1ccccc1[Li],CO,N#Cc1ccc([Li])cc1,1.0,,,
Nagaki et al. 2010 - Generation and reaction of cyano-substituted aryllithium compounds using microreactors,80.0,halogen-metal exchange,tetrahydrofuran,,10.1039/b919325c,2009.0,tR1,0.79433,,20.0,,,n-BuLi,o-lithiobenzonitrile (from 1a),MeOH (methanol quench),quench_probe,lithiobenzonitrile (cyano-aryllithium),0.1,,1.1,,,CCCC[Li],N#Cc1ccccc1[Li],CO,N#Cc1ccc([Li])cc1,3.16,,,
Nagaki et al. 2010 - Generation and reaction of cyano-substituted aryllithium compounds using microreactors,71.0,halogen-metal exchange,tetrahydrofuran,,10.1039/b919325c,2009.0,tR1,5.62341,,20.0,,,n-BuLi,o-lithiobenzonitrile (from 1a),MeOH (methanol quench),quench_probe,lithiobenzonitrile (cyano-aryllithium),0.1,,1.1,,,CCCC[Li],N#Cc1ccccc1[Li],CO,N#Cc1ccc([Li])cc1,31.6,,,
Nagaki et al. 2010 - Generation and reaction of cyano-substituted aryllithium compounds using microreactors,92.0,halogen-metal exchange,tetrahydrofuran,,10.1039/b919325c,2009.0,tR1,0.01334,,0.0,,,n-BuLi,o-lithiobenzonitrile (from 1a),MeOH (methanol quench),quench_probe,lithiobenzonitrile (cyano-aryllithium),0.1,,1.1,,,CCCC[Li],N#Cc1ccccc1[Li],CO,N#Cc1ccc([Li])cc1,0.0316,,,
Nagaki et al. 2010 - Generation and reaction of cyano-substituted aryllithium compounds using microreactors,82.0,halogen-metal exchange,tetrahydrofuran,,10.1039/b919325c,2009.0,tR1,0.05623,,0.0,,,n-BuLi,o-lithiobenzonitrile (from 1a),MeOH (methanol quench),quench_probe,lithiobenzonitrile (cyano-aryllithium),0.1,,1.1,,,CCCC[Li],N#Cc1ccccc1[Li],CO,N#Cc1ccc([Li])cc1,0.1,,,
Nagaki et al. 2010 - Generation and reaction of cyano-substituted aryllithium compounds using microreactors,88.0,halogen-metal exchange,tetrahydrofuran,,10.1039/b919325c,2009.0,tR1,0.19953,,0.0,,,n-BuLi,o-lithiobenzonitrile (from 1a),MeOH (methanol quench),quench_probe,lithiobenzonitrile (cyano-aryllithium),0.1,,1.1,,,CCCC[Li],N#Cc1ccccc1[Li],CO,N#Cc1ccc([Li])cc1,0.316,,,
Nagaki et al. 2010 - Generation and reaction of cyano-substituted aryllithium compounds using microreactors,82.0,halogen-metal exchange,tetrahydrofuran,,10.1039/b919325c,2009.0,tR1,0.38905,,0.0,,,n-BuLi,o-lithiobenzonitrile (from 1a),MeOH (methanol quench),quench_probe,lithiobenzonitrile (cyano-aryllithium),0.1,,1.1,,,CCCC[Li],N#Cc1ccccc1[Li],CO,N#Cc1ccc([Li])cc1,1.0,,,
Nagaki et al. 2010 - Generation and reaction of cyano-substituted aryllithium compounds using microreactors,87.0,halogen-metal exchange,tetrahydrofuran,,10.1039/b919325c,2009.0,tR1,0.79433,,0.0,,,n-BuLi,o-lithiobenzonitrile (from 1a),MeOH (methanol quench),quench_probe,lithiobenzonitrile (cyano-aryllithium),0.1,,1.1,,,CCCC[Li],N#Cc1ccccc1[Li],CO,N#Cc1ccc([Li])cc1,3.16,,87.0,
Nagaki et al. 2010 - Generation and reaction of cyano-substituted aryllithium compounds using microreactors,83.0,halogen-metal exchange,tetrahydrofuran,,10.1039/b919325c,2009.0,tR1,5.62341,,0.0,,,n-BuLi,o-lithiobenzonitrile (from 1a),MeOH (methanol quench),quench_probe,lithiobenzonitrile (cyano-aryllithium),0.1,,1.1,,,CCCC[Li],N#Cc1ccccc1[Li],CO,N#Cc1ccc([Li])cc1,31.6,,,
Nagaki et al. 2010 - Generation and reaction of cyano-substituted aryllithium compounds using microreactors,89.0,halogen-metal exchange,tetrahydrofuran,,10.1039/b919325c,2009.0,tR1,0.01334,,-30.0,,,n-BuLi,o-lithiobenzonitrile (from 1a),MeOH (methanol quench),quench_probe,lithiobenzonitrile (cyano-aryllithium),0.1,,1.1,,,CCCC[Li],N#Cc1ccccc1[Li],CO,N#Cc1ccc([Li])cc1,0.0316,,,
Nagaki et al. 2010 - Generation and reaction of cyano-substituted aryllithium compounds using microreactors,88.0,halogen-metal exchange,tetrahydrofuran,,10.1039/b919325c,2009.0,tR1,0.05623,,-30.0,,,n-BuLi,o-lithiobenzonitrile (from 1a),MeOH (methanol quench),quench_probe,lithiobenzonitrile (cyano-aryllithium),0.1,,1.1,,,CCCC[Li],N#Cc1ccccc1[Li],CO,N#Cc1ccc([Li])cc1,0.1,,,
Nagaki et al. 2010 - Generation and reaction of cyano-substituted aryllithium compounds using microreactors,85.0,halogen-metal exchange,tetrahydrofuran,,10.1039/b919325c,2009.0,tR1,0.19953,,-30.0,,,n-BuLi,o-lithiobenzonitrile (from 1a),MeOH (methanol quench),quench_probe,lithiobenzonitrile (cyano-aryllithium),0.1,,1.1,,,CCCC[Li],N#Cc1ccccc1[Li],CO,N#Cc1ccc([Li])cc1,0.316,,,
Nagaki et al. 2010 - Generation and reaction of cyano-substituted aryllithium compounds using microreactors,84.0,halogen-metal exchange,tetrahydrofuran,,10.1039/b919325c,2009.0,tR1,0.38905,,-30.0,,,n-BuLi,o-lithiobenzonitrile (from 1a),MeOH (methanol quench),quench_probe,lithiobenzonitrile (cyano-aryllithium),0.1,,1.1,,,CCCC[Li],N#Cc1ccccc1[Li],CO,N#Cc1ccc([Li])cc1,1.0,,,
Nagaki et al. 2010 - Generation and reaction of cyano-substituted aryllithium compounds using microreactors,86.0,halogen-metal exchange,tetrahydrofuran,,10.1039/b919325c,2009.0,tR1,0.79433,,-30.0,,,n-BuLi,o-lithiobenzonitrile (from 1a),MeOH (methanol quench),quench_probe,lithiobenzonitrile (cyano-aryllithium),0.1,,1.1,,,CCCC[Li],N#Cc1ccccc1[Li],CO,N#Cc1ccc([Li])cc1,3.16,,,
Nagaki et al. 2010 - Generation and reaction of cyano-substituted aryllithium compounds using microreactors,84.0,halogen-metal exchange,tetrahydrofuran,,10.1039/b919325c,2009.0,tR1,5.62341,,-30.0,,,n-BuLi,o-lithiobenzonitrile (from 1a),MeOH (methanol quench),quench_probe,lithiobenzonitrile (cyano-aryllithium),0.1,,1.1,,,CCCC[Li],N#Cc1ccccc1[Li],CO,N#Cc1ccc([Li])cc1,31.6,,,
Nagaki et al. 2010 - Generation and reaction of cyano-substituted aryllithium compounds using microreactors,25.0,halogen-metal exchange,tetrahydrofuran,,10.1039/b919325c,2009.0,tR1,0.01334,,-50.0,,,n-BuLi,o-lithiobenzonitrile (from 1a),MeOH (methanol quench),quench_probe,lithiobenzonitrile (cyano-aryllithium),0.1,,1.1,,,CCCC[Li],N#Cc1ccccc1[Li],CO,N#Cc1ccc([Li])cc1,0.0316,,,
Nagaki et al. 2010 - Generation and reaction of cyano-substituted aryllithium compounds using microreactors,72.0,halogen-metal exchange,tetrahydrofuran,,10.1039/b919325c,2009.0,tR1,0.05623,,-50.0,,,n-BuLi,o-lithiobenzonitrile (from 1a),MeOH (methanol quench),quench_probe,lithiobenzonitrile (cyano-aryllithium),0.1,,1.1,,,CCCC[Li],N#Cc1ccccc1[Li],CO,N#Cc1ccc([Li])cc1,0.1,,,
Nagaki et al. 2010 - Generation and reaction of cyano-substituted aryllithium compounds using microreactors,93.0,halogen-metal exchange,tetrahydrofuran,,10.1039/b919325c,2009.0,tR1,0.19953,,-50.0,,,n-BuLi,o-lithiobenzonitrile (from 1a),MeOH (methanol quench),quench_probe,lithiobenzonitrile (cyano-aryllithium),0.1,,1.1,,,CCCC[Li],N#Cc1ccccc1[Li],CO,N#Cc1ccc([Li])cc1,0.316,,,
Nagaki et al. 2010 - Generation and reaction of cyano-substituted aryllithium compounds using microreactors,86.0,halogen-metal exchange,tetrahydrofuran,,10.1039/b919325c,2009.0,tR1,0.38905,,-50.0,,,n-BuLi,o-lithiobenzonitrile (from 1a),MeOH (methanol quench),quench_probe,lithiobenzonitrile (cyano-aryllithium),0.1,,1.1,,,CCCC[Li],N#Cc1ccccc1[Li],CO,N#Cc1ccc([Li])cc1,1.0,,,
Nagaki et al. 2010 - Generation and reaction of cyano-substituted aryllithium compounds using microreactors,92.0,halogen-metal exchange,tetrahydrofuran,,10.1039/b919325c,2009.0,tR1,0.79433,,-50.0,,,n-BuLi,o-lithiobenzonitrile (from 1a),MeOH (methanol quench),quench_probe,lithiobenzonitrile (cyano-aryllithium),0.1,,1.1,,,CCCC[Li],N#Cc1ccccc1[Li],CO,N#Cc1ccc([Li])cc1,3.16,,,
Nagaki et al. 2010 - Generation and reaction of cyano-substituted aryllithium compounds using microreactors,85.0,halogen-metal exchange,tetrahydrofuran,,10.1039/b919325c,2009.0,tR1,5.62341,,-50.0,,,n-BuLi,o-lithiobenzonitrile (from 1a),MeOH (methanol quench),quench_probe,lithiobenzonitrile (cyano-aryllithium),0.1,,1.1,,,CCCC[Li],N#Cc1ccccc1[Li],CO,N#Cc1ccc([Li])cc1,31.6,,,
Nagaki et al. 2010 - Generation and reaction of cyano-substituted aryllithium compounds using microreactors,13.0,halogen-metal exchange,tetrahydrofuran,,10.1039/b919325c,2009.0,tR1,0.01334,,-60.0,,,n-BuLi,o-lithiobenzonitrile (from 1a),MeOH (methanol quench),quench_probe,lithiobenzonitrile (cyano-aryllithium),0.1,,1.1,,,CCCC[Li],N#Cc1ccccc1[Li],CO,N#Cc1ccc([Li])cc1,0.0316,,,
Nagaki et al. 2010 - Generation and reaction of cyano-substituted aryllithium compounds using microreactors,40.0,halogen-metal exchange,tetrahydrofuran,,10.1039/b919325c,2009.0,tR1,0.05623,,-60.0,,,n-BuLi,o-lithiobenzonitrile (from 1a),MeOH (methanol quench),quench_probe,lithiobenzonitrile (cyano-aryllithium),0.1,,1.1,,,CCCC[Li],N#Cc1ccccc1[Li],CO,N#Cc1ccc([Li])cc1,0.1,,,
Nagaki et al. 2010 - Generation and reaction of cyano-substituted aryllithium compounds using microreactors,56.0,halogen-metal exchange,tetrahydrofuran,,10.1039/b919325c,2009.0,tR1,0.19953,,-60.0,,,n-BuLi,o-lithiobenzonitrile (from 1a),MeOH (methanol quench),quench_probe,lithiobenzonitrile (cyano-aryllithium),0.1,,1.1,,,CCCC[Li],N#Cc1ccccc1[Li],CO,N#Cc1ccc([Li])cc1,0.316,,,
Nagaki et al. 2010 - Generation and reaction of cyano-substituted aryllithium compounds using microreactors,89.0,halogen-metal exchange,tetrahydrofuran,,10.1039/b919325c,2009.0,tR1,0.38905,,-60.0,,,n-BuLi,o-lithiobenzonitrile (from 1a),MeOH (methanol quench),quench_probe,lithiobenzonitrile (cyano-aryllithium),0.1,,1.1,,,CCCC[Li],N#Cc1ccccc1[Li],CO,N#Cc1ccc([Li])cc1,1.0,,,
Nagaki et al. 2010 - Generation and reaction of cyano-substituted aryllithium compounds using microreactors,87.0,halogen-metal exchange,tetrahydrofuran,,10.1039/b919325c,2009.0,tR1,0.79433,,-60.0,,,n-BuLi,o-lithiobenzonitrile (from 1a),MeOH (methanol quench),quench_probe,lithiobenzonitrile (cyano-aryllithium),0.1,,1.1,,,CCCC[Li],N#Cc1ccccc1[Li],CO,N#Cc1ccc([Li])cc1,3.16,,,
Nagaki et al. 2010 - Generation and reaction of cyano-substituted aryllithium compounds using microreactors,87.0,halogen-metal exchange,tetrahydrofuran,,10.1039/b919325c,2009.0,tR1,5.62341,,-60.0,,,n-BuLi,o-lithiobenzonitrile (from 1a),MeOH (methanol quench),quench_probe,lithiobenzonitrile (cyano-aryllithium),0.1,,1.1,,,CCCC[Li],N#Cc1ccccc1[Li],CO,N#Cc1ccc([Li])cc1,31.6,,,
Nagaki et al. 2010 - Generation and reaction of cyano-substituted aryllithium compounds using microreactors,6.0,halogen-metal exchange,tetrahydrofuran,,10.1039/b919325c,2009.0,tR1,0.01334,,-78.0,,,n-BuLi,o-lithiobenzonitrile (from 1a),MeOH (methanol quench),quench_probe,lithiobenzonitrile (cyano-aryllithium),0.1,,1.1,,,CCCC[Li],N#Cc1ccccc1[Li],CO,N#Cc1ccc([Li])cc1,0.0316,,,
Nagaki et al. 2010 - Generation and reaction of cyano-substituted aryllithium compounds using microreactors,12.0,halogen-metal exchange,tetrahydrofuran,,10.1039/b919325c,2009.0,tR1,0.05623,,-78.0,,,n-BuLi,o-lithiobenzonitrile (from 1a),MeOH (methanol quench),quench_probe,lithiobenzonitrile (cyano-aryllithium),0.1,,1.1,,,CCCC[Li],N#Cc1ccccc1[Li],CO,N#Cc1ccc([Li])cc1,0.1,,,
Nagaki et al. 2010 - Generation and reaction of cyano-substituted aryllithium compounds using microreactors,40.0,halogen-metal exchange,tetrahydrofuran,,10.1039/b919325c,2009.0,tR1,0.19953,,-78.0,,,n-BuLi,o-lithiobenzonitrile (from 1a),MeOH (methanol quench),quench_probe,lithiobenzonitrile (cyano-aryllithium),0.1,,1.1,,,CCCC[Li],N#Cc1ccccc1[Li],CO,N#Cc1ccc([Li])cc1,0.316,,,
Nagaki et al. 2010 - Generation and reaction of cyano-substituted aryllithium compounds using microreactors,48.0,halogen-metal exchange,tetrahydrofuran,,10.1039/b919325c,2009.0,tR1,0.38905,,-78.0,,,n-BuLi,o-lithiobenzonitrile (from 1a),MeOH (methanol quench),quench_probe,lithiobenzonitrile (cyano-aryllithium),0.1,,1.1,,,CCCC[Li],N#Cc1ccccc1[Li],CO,N#Cc1ccc([Li])cc1,1.0,,,
Nagaki et al. 2010 - Generation and reaction of cyano-substituted aryllithium compounds using microreactors,62.0,halogen-metal exchange,tetrahydrofuran,,10.1039/b919325c,2009.0,tR1,0.79433,,-78.0,,,n-BuLi,o-lithiobenzonitrile (from 1a),MeOH (methanol quench),quench_probe,lithiobenzonitrile (cyano-aryllithium),0.1,,1.1,,,CCCC[Li],N#Cc1ccccc1[Li],CO,N#Cc1ccc([Li])cc1,3.16,,,
Nagaki et al. 2010 - Generation and reaction of cyano-substituted aryllithium compounds using microreactors,81.0,halogen-metal exchange,tetrahydrofuran,,10.1039/b919325c,2009.0,tR1,5.62341,,-78.0,,,n-BuLi,o-lithiobenzonitrile (from 1a),MeOH (methanol quench),quench_probe,lithiobenzonitrile (cyano-aryllithium),0.1,,1.1,,,CCCC[Li],N#Cc1ccccc1[Li],CO,N#Cc1ccc([Li])cc1,31.6,,,
Nagaki et al. 2010 - Generation and reaction of cyano-substituted aryllithium compounds using microreactors,82.0,halogen-metal exchange,tetrahydrofuran,,10.1039/b919325c,2009.0,tR1,0.01334,,20.0,,,n-BuLi,m-lithiobenzonitrile (from 1b),MeOH (methanol quench),quench_probe,lithiobenzonitrile (cyano-aryllithium),0.1,,1.1,,,CCCC[Li],N#Cc1cccc([Li])c1,CO,N#Cc1ccc([Li])cc1,0.0316,,,
Nagaki et al. 2010 - Generation and reaction of cyano-substituted aryllithium compounds using microreactors,69.0,halogen-metal exchange,tetrahydrofuran,,10.1039/b919325c,2009.0,tR1,0.05623,,20.0,,,n-BuLi,m-lithiobenzonitrile (from 1b),MeOH (methanol quench),quench_probe,lithiobenzonitrile (cyano-aryllithium),0.1,,1.1,,,CCCC[Li],N#Cc1cccc([Li])c1,CO,N#Cc1ccc([Li])cc1,0.1,,,
Nagaki et al. 2010 - Generation and reaction of cyano-substituted aryllithium compounds using microreactors,76.0,halogen-metal exchange,tetrahydrofuran,,10.1039/b919325c,2009.0,tR1,0.19953,,20.0,,,n-BuLi,m-lithiobenzonitrile (from 1b),MeOH (methanol quench),quench_probe,lithiobenzonitrile (cyano-aryllithium),0.1,,1.1,,,CCCC[Li],N#Cc1cccc([Li])c1,CO,N#Cc1ccc([Li])cc1,0.316,,,
Nagaki et al. 2010 - Generation and reaction of cyano-substituted aryllithium compounds using microreactors,74.0,halogen-metal exchange,tetrahydrofuran,,10.1039/b919325c,2009.0,tR1,0.38905,,20.0,,,n-BuLi,m-lithiobenzonitrile (from 1b),MeOH (methanol quench),quench_probe,lithiobenzonitrile (cyano-aryllithium),0.1,,1.1,,,CCCC[Li],N#Cc1cccc([Li])c1,CO,N#Cc1ccc([Li])cc1,1.0,,,
Nagaki et al. 2010 - Generation and reaction of cyano-substituted aryllithium compounds using microreactors,73.0,halogen-metal exchange,tetrahydrofuran,,10.1039/b919325c,2009.0,tR1,0.79433,,20.0,,,n-BuLi,m-lithiobenzonitrile (from 1b),MeOH (methanol quench),quench_probe,lithiobenzonitrile (cyano-aryllithium),0.1,,1.1,,,CCCC[Li],N#Cc1cccc([Li])c1,CO,N#Cc1ccc([Li])cc1,3.16,,,
Nagaki et al. 2010 - Generation and reaction of cyano-substituted aryllithium compounds using microreactors,44.0,halogen-metal exchange,tetrahydrofuran,,10.1039/b919325c,2009.0,tR1,5.62341,,20.0,,,n-BuLi,m-lithiobenzonitrile (from 1b),MeOH (methanol quench),quench_probe,lithiobenzonitrile (cyano-aryllithium),0.1,,1.1,,,CCCC[Li],N#Cc1cccc([Li])c1,CO,N#Cc1ccc([Li])cc1,31.6,,,
Nagaki et al. 2010 - Generation and reaction of cyano-substituted aryllithium compounds using microreactors,80.0,halogen-metal exchange,tetrahydrofuran,,10.1039/b919325c,2009.0,tR1,0.01334,,0.0,,,n-BuLi,m-lithiobenzonitrile (from 1b),MeOH (methanol quench),quench_probe,lithiobenzonitrile (cyano-aryllithium),0.1,,1.1,,,CCCC[Li],N#Cc1cccc([Li])c1,CO,N#Cc1ccc([Li])cc1,0.0316,,,
Nagaki et al. 2010 - Generation and reaction of cyano-substituted aryllithium compounds using microreactors,80.0,halogen-metal exchange,tetrahydrofuran,,10.1039/b919325c,2009.0,tR1,0.05623,,0.0,,,n-BuLi,m-lithiobenzonitrile (from 1b),MeOH (methanol quench),quench_probe,lithiobenzonitrile (cyano-aryllithium),0.1,,1.1,,,CCCC[Li],N#Cc1cccc([Li])c1,CO,N#Cc1ccc([Li])cc1,0.1,,,
Nagaki et al. 2010 - Generation and reaction of cyano-substituted aryllithium compounds using microreactors,83.0,halogen-metal exchange,tetrahydrofuran,,10.1039/b919325c,2009.0,tR1,0.19953,,0.0,,,n-BuLi,m-lithiobenzonitrile (from 1b),MeOH (methanol quench),quench_probe,lithiobenzonitrile (cyano-aryllithium),0.1,,1.1,,,CCCC[Li],N#Cc1cccc([Li])c1,CO,N#Cc1ccc([Li])cc1,0.316,,,
Nagaki et al. 2010 - Generation and reaction of cyano-substituted aryllithium compounds using microreactors,84.0,halogen-metal exchange,tetrahydrofuran,,10.1039/b919325c,2009.0,tR1,0.38905,,0.0,,,n-BuLi,m-lithiobenzonitrile (from 1b),MeOH (methanol quench),quench_probe,lithiobenzonitrile (cyano-aryllithium),0.1,,1.1,,,CCCC[Li],N#Cc1cccc([Li])c1,CO,N#Cc1ccc([Li])cc1,1.0,,,
Nagaki et al. 2010 - Generation and reaction of cyano-substituted aryllithium compounds using microreactors,83.0,halogen-metal exchange,tetrahydrofuran,,10.1039/b919325c,2009.0,tR1,0.79433,,0.0,,,n-BuLi,m-lithiobenzonitrile (from 1b),MeOH (methanol quench),quench_probe,lithiobenzonitrile (cyano-aryllithium),0.1,,1.1,,,CCCC[Li],N#Cc1cccc([Li])c1,CO,N#Cc1ccc([Li])cc1,3.16,,,
Nagaki et al. 2010 - Generation and reaction of cyano-substituted aryllithium compounds using microreactors,52.0,halogen-metal exchange,tetrahydrofuran,,10.1039/b919325c,2009.0,tR1,5.62341,,0.0,,,n-BuLi,m-lithiobenzonitrile (from 1b),MeOH (methanol quench),quench_probe,lithiobenzonitrile (cyano-aryllithium),0.1,,1.1,,,CCCC[Li],N#Cc1cccc([Li])c1,CO,N#Cc1ccc([Li])cc1,31.6,,,
Nagaki et al. 2010 - Generation and reaction of cyano-substituted aryllithium compounds using microreactors,83.0,halogen-metal exchange,tetrahydrofuran,,10.1039/b919325c,2009.0,tR1,0.01334,,-30.0,,,n-BuLi,m-lithiobenzonitrile (from 1b),MeOH (methanol quench),quench_probe,lithiobenzonitrile (cyano-aryllithium),0.1,,1.1,,,CCCC[Li],N#Cc1cccc([Li])c1,CO,N#Cc1ccc([Li])cc1,0.0316,,,
Nagaki et al. 2010 - Generation and reaction of cyano-substituted aryllithium compounds using microreactors,85.0,halogen-metal exchange,tetrahydrofuran,,10.1039/b919325c,2009.0,tR1,0.05623,,-30.0,,,n-BuLi,m-lithiobenzonitrile (from 1b),MeOH (methanol quench),quench_probe,lithiobenzonitrile (cyano-aryllithium),0.1,,1.1,,,CCCC[Li],N#Cc1cccc([Li])c1,CO,N#Cc1ccc([Li])cc1,0.1,,,
Nagaki et al. 2010 - Generation and reaction of cyano-substituted aryllithium compounds using microreactors,84.0,halogen-metal exchange,tetrahydrofuran,,10.1039/b919325c,2009.0,tR1,0.19953,,-30.0,,,n-BuLi,m-lithiobenzonitrile (from 1b),MeOH (methanol quench),quench_probe,lithiobenzonitrile (cyano-aryllithium),0.1,,1.1,,,CCCC[Li],N#Cc1cccc([Li])c1,CO,N#Cc1ccc([Li])cc1,0.316,,,
Nagaki et al. 2010 - Generation and reaction of cyano-substituted aryllithium compounds using microreactors,85.0,halogen-metal exchange,tetrahydrofuran,,10.1039/b919325c,2009.0,tR1,0.38905,,-30.0,,,n-BuLi,m-lithiobenzonitrile (from 1b),MeOH (methanol quench),quench_probe,lithiobenzonitrile (cyano-aryllithium),0.1,,1.1,,,CCCC[Li],N#Cc1cccc([Li])c1,CO,N#Cc1ccc([Li])cc1,1.0,,,
Nagaki et al. 2010 - Generation and reaction of cyano-substituted aryllithium compounds using microreactors,83.0,halogen-metal exchange,tetrahydrofuran,,10.1039/b919325c,2009.0,tR1,0.79433,,-30.0,,,n-BuLi,m-lithiobenzonitrile (from 1b),MeOH (methanol quench),quench_probe,lithiobenzonitrile (cyano-aryllithium),0.1,,1.1,,,CCCC[Li],N#Cc1cccc([Li])c1,CO,N#Cc1ccc([Li])cc1,3.16,,,
Nagaki et al. 2010 - Generation and reaction of cyano-substituted aryllithium compounds using microreactors,81.0,halogen-metal exchange,tetrahydrofuran,,10.1039/b919325c,2009.0,tR1,5.62341,,-30.0,,,n-BuLi,m-lithiobenzonitrile (from 1b),MeOH (methanol quench),quench_probe,lithiobenzonitrile (cyano-aryllithium),0.1,,1.1,,,CCCC[Li],N#Cc1cccc([Li])c1,CO,N#Cc1ccc([Li])cc1,31.6,,,
Nagaki et al. 2010 - Generation and reaction of cyano-substituted aryllithium compounds using microreactors,28.0,halogen-metal exchange,tetrahydrofuran,,10.1039/b919325c,2009.0,tR1,0.01334,,-50.0,,,n-BuLi,m-lithiobenzonitrile (from 1b),MeOH (methanol quench),quench_probe,lithiobenzonitrile (cyano-aryllithium),0.1,,1.1,,,CCCC[Li],N#Cc1cccc([Li])c1,CO,N#Cc1ccc([Li])cc1,0.0316,,,
Nagaki et al. 2010 - Generation and reaction of cyano-substituted aryllithium compounds using microreactors,73.0,halogen-metal exchange,tetrahydrofuran,,10.1039/b919325c,2009.0,tR1,0.05623,,-50.0,,,n-BuLi,m-lithiobenzonitrile (from 1b),MeOH (methanol quench),quench_probe,lithiobenzonitrile (cyano-aryllithium),0.1,,1.1,,,CCCC[Li],N#Cc1cccc([Li])c1,CO,N#Cc1ccc([Li])cc1,0.1,,,
Nagaki et al. 2010 - Generation and reaction of cyano-substituted aryllithium compounds using microreactors,80.0,halogen-metal exchange,tetrahydrofuran,,10.1039/b919325c,2009.0,tR1,0.19953,,-50.0,,,n-BuLi,m-lithiobenzonitrile (from 1b),MeOH (methanol quench),quench_probe,lithiobenzonitrile (cyano-aryllithium),0.1,,1.1,,,CCCC[Li],N#Cc1cccc([Li])c1,CO,N#Cc1ccc([Li])cc1,0.316,,,
Nagaki et al. 2010 - Generation and reaction of cyano-substituted aryllithium compounds using microreactors,82.0,halogen-metal exchange,tetrahydrofuran,,10.1039/b919325c,2009.0,tR1,0.38905,,-50.0,,,n-BuLi,m-lithiobenzonitrile (from 1b),MeOH (methanol quench),quench_probe,lithiobenzonitrile (cyano-aryllithium),0.1,,1.1,,,CCCC[Li],N#Cc1cccc([Li])c1,CO,N#Cc1ccc([Li])cc1,1.0,,,
Nagaki et al. 2010 - Generation and reaction of cyano-substituted aryllithium compounds using microreactors,82.0,halogen-metal exchange,tetrahydrofuran,,10.1039/b919325c,2009.0,tR1,0.79433,,-50.0,,,n-BuLi,m-lithiobenzonitrile (from 1b),MeOH (methanol quench),quench_probe,lithiobenzonitrile (cyano-aryllithium),0.1,,1.1,,,CCCC[Li],N#Cc1cccc([Li])c1,CO,N#Cc1ccc([Li])cc1,3.16,,,
Nagaki et al. 2010 - Generation and reaction of cyano-substituted aryllithium compounds using microreactors,83.0,halogen-metal exchange,tetrahydrofuran,,10.1039/b919325c,2009.0,tR1,5.62341,,-50.0,,,n-BuLi,m-lithiobenzonitrile (from 1b),MeOH (methanol quench),quench_probe,lithiobenzonitrile (cyano-aryllithium),0.1,,1.1,,,CCCC[Li],N#Cc1cccc([Li])c1,CO,N#Cc1ccc([Li])cc1,31.6,,,
Nagaki et al. 2010 - Generation and reaction of cyano-substituted aryllithium compounds using microreactors,8.0,halogen-metal exchange,tetrahydrofuran,,10.1039/b919325c,2009.0,tR1,0.01334,,-60.0,,,n-BuLi,m-lithiobenzonitrile (from 1b),MeOH (methanol quench),quench_probe,lithiobenzonitrile (cyano-aryllithium),0.1,,1.1,,,CCCC[Li],N#Cc1cccc([Li])c1,CO,N#Cc1ccc([Li])cc1,0.0316,,,
Nagaki et al. 2010 - Generation and reaction of cyano-substituted aryllithium compounds using microreactors,41.0,halogen-metal exchange,tetrahydrofuran,,10.1039/b919325c,2009.0,tR1,0.05623,,-60.0,,,n-BuLi,m-lithiobenzonitrile (from 1b),MeOH (methanol quench),quench_probe,lithiobenzonitrile (cyano-aryllithium),0.1,,1.1,,,CCCC[Li],N#Cc1cccc([Li])c1,CO,N#Cc1ccc([Li])cc1,0.1,,,
Nagaki et al. 2010 - Generation and reaction of cyano-substituted aryllithium compounds using microreactors,82.0,halogen-metal exchange,tetrahydrofuran,,10.1039/b919325c,2009.0,tR1,0.19953,,-60.0,,,n-BuLi,m-lithiobenzonitrile (from 1b),MeOH (methanol quench),quench_probe,lithiobenzonitrile (cyano-aryllithium),0.1,,1.1,,,CCCC[Li],N#Cc1cccc([Li])c1,CO,N#Cc1ccc([Li])cc1,0.316,,,
Nagaki et al. 2010 - Generation and reaction of cyano-substituted aryllithium compounds using microreactors,84.0,halogen-metal exchange,tetrahydrofuran,,10.1039/b919325c,2009.0,tR1,0.38905,,-60.0,,,n-BuLi,m-lithiobenzonitrile (from 1b),MeOH (methanol quench),quench_probe,lithiobenzonitrile (cyano-aryllithium),0.1,,1.1,,,CCCC[Li],N#Cc1cccc([Li])c1,CO,N#Cc1ccc([Li])cc1,1.0,,,
Nagaki et al. 2010 - Generation and reaction of cyano-substituted aryllithium compounds using microreactors,86.0,halogen-metal exchange,tetrahydrofuran,,10.1039/b919325c,2009.0,tR1,0.79433,,-60.0,,,n-BuLi,m-lithiobenzonitrile (from 1b),MeOH (methanol quench),quench_probe,lithiobenzonitrile (cyano-aryllithium),0.1,,1.1,,,CCCC[Li],N#Cc1cccc([Li])c1,CO,N#Cc1ccc([Li])cc1,3.16,,,
Nagaki et al. 2010 - Generation and reaction of cyano-substituted aryllithium compounds using microreactors,88.0,halogen-metal exchange,tetrahydrofuran,,10.1039/b919325c,2009.0,tR1,5.62341,,-60.0,,,n-BuLi,m-lithiobenzonitrile (from 1b),MeOH (methanol quench),quench_probe,lithiobenzonitrile (cyano-aryllithium),0.1,,1.1,,,CCCC[Li],N#Cc1cccc([Li])c1,CO,N#Cc1ccc([Li])cc1,31.6,,,
Nagaki et al. 2010 - Generation and reaction of cyano-substituted aryllithium compounds using microreactors,9.0,halogen-metal exchange,tetrahydrofuran,,10.1039/b919325c,2009.0,tR1,0.01334,,-78.0,,,n-BuLi,m-lithiobenzonitrile (from 1b),MeOH (methanol quench),quench_probe,lithiobenzonitrile (cyano-aryllithium),0.1,,1.1,,,CCCC[Li],N#Cc1cccc([Li])c1,CO,N#Cc1ccc([Li])cc1,0.0316,,,
Nagaki et al. 2010 - Generation and reaction of cyano-substituted aryllithium compounds using microreactors,13.0,halogen-metal exchange,tetrahydrofuran,,10.1039/b919325c,2009.0,tR1,0.05623,,-78.0,,,n-BuLi,m-lithiobenzonitrile (from 1b),MeOH (methanol quench),quench_probe,lithiobenzonitrile (cyano-aryllithium),0.1,,1.1,,,CCCC[Li],N#Cc1cccc([Li])c1,CO,N#Cc1ccc([Li])cc1,0.1,,,
Nagaki et al. 2010 - Generation and reaction of cyano-substituted aryllithium compounds using microreactors,36.0,halogen-metal exchange,tetrahydrofuran,,10.1039/b919325c,2009.0,tR1,0.19953,,-78.0,,,n-BuLi,m-lithiobenzonitrile (from 1b),MeOH (methanol quench),quench_probe,lithiobenzonitrile (cyano-aryllithium),0.1,,1.1,,,CCCC[Li],N#Cc1cccc([Li])c1,CO,N#Cc1ccc([Li])cc1,0.316,,,
Nagaki et al. 2010 - Generation and reaction of cyano-substituted aryllithium compounds using microreactors,42.0,halogen-metal exchange,tetrahydrofuran,,10.1039/b919325c,2009.0,tR1,0.38905,,-78.0,,,n-BuLi,m-lithiobenzonitrile (from 1b),MeOH (methanol quench),quench_probe,lithiobenzonitrile (cyano-aryllithium),0.1,,1.1,,,CCCC[Li],N#Cc1cccc([Li])c1,CO,N#Cc1ccc([Li])cc1,1.0,,,
Nagaki et al. 2010 - Generation and reaction of cyano-substituted aryllithium compounds using microreactors,53.0,halogen-metal exchange,tetrahydrofuran,,10.1039/b919325c,2009.0,tR1,0.79433,,-78.0,,,n-BuLi,m-lithiobenzonitrile (from 1b),MeOH (methanol quench),quench_probe,lithiobenzonitrile (cyano-aryllithium),0.1,,1.1,,,CCCC[Li],N#Cc1cccc([Li])c1,CO,N#Cc1ccc([Li])cc1,3.16,,,
Nagaki et al. 2010 - Generation and reaction of cyano-substituted aryllithium compounds using microreactors,84.0,halogen-metal exchange,tetrahydrofuran,,10.1039/b919325c,2009.0,tR1,5.62341,,-78.0,,,n-BuLi,m-lithiobenzonitrile (from 1b),MeOH (methanol quench),quench_probe,lithiobenzonitrile (cyano-aryllithium),0.1,,1.1,,,CCCC[Li],N#Cc1cccc([Li])c1,CO,N#Cc1ccc([Li])cc1,31.6,,,
Nagaki et al. 2010 - Generation and reactions of oxiranyllithiums by use of a flow microreactor system,41.0,directed metalation,tetrahydrofuran,flow microreactor,10.1002/chem.201000815,2010.0,tR1,0.39811,,-40.0,,epibromohydrin,s-BuLi,oxiranyllithium,,quench_probe,oxiranyllithium intermediate,0.1,0.75,,0.45,BrCC1CO1,CCC([Li])C,[Li]C1CO1,,[Li]C1CO1,10.0,,,"存疑:已删除24行误检,双热图源(04+10)"
Nagaki et al. 2010 - Generation and reactions of oxiranyllithiums by use of a flow microreactor system,31.0,directed metalation,tetrahydrofuran,flow microreactor,10.1002/chem.201000815,2010.0,tR1,0.79433,,-40.0,,epibromohydrin,s-BuLi,oxiranyllithium,,quench_probe,oxiranyllithium intermediate,0.1,0.75,,0.45,BrCC1CO1,CCC([Li])C,[Li]C1CO1,,[Li]C1CO1,1.0,,,"存疑:已删除24行误检,双热图源(04+10)"
Nagaki et al. 2010 - Generation and reactions of oxiranyllithiums by use of a flow microreactor system,15.0,directed metalation,tetrahydrofuran,flow microreactor,10.1002/chem.201000815,2010.0,tR1,1.58489,,-40.0,,epibromohydrin,s-BuLi,oxiranyllithium,,quench_probe,oxiranyllithium intermediate,0.1,0.75,,0.45,BrCC1CO1,CCC([Li])C,[Li]C1CO1,,[Li]C1CO1,3.16,,,"存疑:已删除24行误检,双热图源(04+10)"
Nagaki et al. 2010 - Generation and reactions of oxiranyllithiums by use of a flow microreactor system,9.0,directed metalation,tetrahydrofuran,flow microreactor,10.1002/chem.201000815,2010.0,tR1,3.16228,,-40.0,,epibromohydrin,s-BuLi,oxiranyllithium,,quench_probe,oxiranyllithium intermediate,0.1,0.75,,0.45,BrCC1CO1,CCC([Li])C,[Li]C1CO1,,[Li]C1CO1,10.0,,,"存疑:已删除24行误检,双热图源(04+10)"
Nagaki et al. 2010 - Generation and reactions of oxiranyllithiums by use of a flow microreactor system,4.0,directed metalation,tetrahydrofuran,flow microreactor,10.1002/chem.201000815,2010.0,tR1,6.30957,,-40.0,,epibromohydrin,s-BuLi,oxiranyllithium,,quench_probe,oxiranyllithium intermediate,0.1,0.75,,0.45,BrCC1CO1,CCC([Li])C,[Li]C1CO1,,[Li]C1CO1,31.6,,,"存疑:已删除24行误检,双热图源(04+10)"
Nagaki et al. 2010 - Generation and reactions of oxiranyllithiums by use of a flow microreactor system,1.0,directed metalation,tetrahydrofuran,flow microreactor,10.1002/chem.201000815,2010.0,tR1,12.58925,,-40.0,,epibromohydrin,s-BuLi,oxiranyllithium,,quench_probe,oxiranyllithium intermediate,0.1,0.75,,0.45,BrCC1CO1,CCC([Li])C,[Li]C1CO1,,[Li]C1CO1,100.0,,,"存疑:已删除24行误检,双热图源(04+10)"
Nagaki et al. 2010 - Generation and reactions of oxiranyllithiums by use of a flow microreactor system,0.0,directed metalation,tetrahydrofuran,flow microreactor,10.1002/chem.201000815,2010.0,tR1,25.11886,,-40.0,,epibromohydrin,s-BuLi,oxiranyllithium,,quench_probe,oxiranyllithium intermediate,0.1,0.75,,0.45,BrCC1CO1,CCC([Li])C,[Li]C1CO1,,[Li]C1CO1,0.0316,,,"存疑:已删除24行误检,双热图源(04+10)"
Nagaki et al. 2010 - Generation and reactions of oxiranyllithiums by use of a flow microreactor system,41.0,directed metalation,tetrahydrofuran,flow microreactor,10.1002/chem.201000815,2010.0,tR1,0.39811,,-50.0,,epibromohydrin,s-BuLi,oxiranyllithium,,quench_probe,oxiranyllithium intermediate,0.1,0.75,,0.45,BrCC1CO1,CCC([Li])C,[Li]C1CO1,,[Li]C1CO1,0.316,,,"存疑:已删除24行误检,双热图源(04+10)"
Nagaki et al. 2010 - Generation and reactions of oxiranyllithiums by use of a flow microreactor system,51.0,directed metalation,tetrahydrofuran,flow microreactor,10.1002/chem.201000815,2010.0,tR1,0.79433,,-50.0,,epibromohydrin,s-BuLi,oxiranyllithium,,quench_probe,oxiranyllithium intermediate,0.1,0.75,,0.45,BrCC1CO1,CCC([Li])C,[Li]C1CO1,,[Li]C1CO1,1.0,,,"存疑:已删除24行误检,双热图源(04+10)"
Nagaki et al. 2010 - Generation and reactions of oxiranyllithiums by use of a flow microreactor system,48.0,directed metalation,tetrahydrofuran,flow microreactor,10.1002/chem.201000815,2010.0,tR1,1.58489,,-50.0,,epibromohydrin,s-BuLi,oxiranyllithium,,quench_probe,oxiranyllithium intermediate,0.1,0.75,,0.45,BrCC1CO1,CCC([Li])C,[Li]C1CO1,,[Li]C1CO1,3.16,,,"存疑:已删除24行误检,双热图源(04+10)"
Nagaki et al. 2010 - Generation and reactions of oxiranyllithiums by use of a flow microreactor system,37.0,directed metalation,tetrahydrofuran,flow microreactor,10.1002/chem.201000815,2010.0,tR1,3.16228,,-50.0,,epibromohydrin,s-BuLi,oxiranyllithium,,quench_probe,oxiranyllithium intermediate,0.1,0.75,,0.45,BrCC1CO1,CCC([Li])C,[Li]C1CO1,,[Li]C1CO1,10.0,,,"存疑:已删除24行误检,双热图源(04+10)"
Nagaki et al. 2010 - Generation and reactions of oxiranyllithiums by use of a flow microreactor system,24.0,directed metalation,tetrahydrofuran,flow microreactor,10.1002/chem.201000815,2010.0,tR1,6.30957,,-50.0,,epibromohydrin,s-BuLi,oxiranyllithium,,quench_probe,oxiranyllithium intermediate,0.1,0.75,,0.45,BrCC1CO1,CCC([Li])C,[Li]C1CO1,,[Li]C1CO1,31.6,,,"存疑:已删除24行误检,双热图源(04+10)"
Nagaki et al. 2010 - Generation and reactions of oxiranyllithiums by use of a flow microreactor system,8.0,directed metalation,tetrahydrofuran,flow microreactor,10.1002/chem.201000815,2010.0,tR1,12.58925,,-50.0,,epibromohydrin,s-BuLi,oxiranyllithium,,quench_probe,oxiranyllithium intermediate,0.1,0.75,,0.45,BrCC1CO1,CCC([Li])C,[Li]C1CO1,,[Li]C1CO1,100.0,,,"存疑:已删除24行误检,双热图源(04+10)"
Nagaki et al. 2010 - Generation and reactions of oxiranyllithiums by use of a flow microreactor system,4.0,directed metalation,tetrahydrofuran,flow microreactor,10.1002/chem.201000815,2010.0,tR1,25.11886,,-50.0,,epibromohydrin,s-BuLi,oxiranyllithium,,quench_probe,oxiranyllithium intermediate,0.1,0.75,,0.45,BrCC1CO1,CCC([Li])C,[Li]C1CO1,,[Li]C1CO1,316.0,,,"存疑:已删除24行误检,双热图源(04+10)"
Nagaki et al. 2010 - Generation and reactions of oxiranyllithiums by use of a flow microreactor system,34.0,directed metalation,tetrahydrofuran,flow microreactor,10.1002/chem.201000815,2010.0,tR1,0.39811,,-60.0,,epibromohydrin,s-BuLi,oxiranyllithium,,quench_probe,oxiranyllithium intermediate,0.1,0.75,,0.45,BrCC1CO1,CCC([Li])C,[Li]C1CO1,,[Li]C1CO1,0.316,,,"存疑:已删除24行误检,双热图源(04+10)"
Nagaki et al. 2010 - Generation and reactions of oxiranyllithiums by use of a flow microreactor system,46.0,directed metalation,tetrahydrofuran,flow microreactor,10.1002/chem.201000815,2010.0,tR1,0.79433,,-60.0,,epibromohydrin,s-BuLi,oxiranyllithium,,quench_probe,oxiranyllithium intermediate,0.1,0.75,,0.45,BrCC1CO1,CCC([Li])C,[Li]C1CO1,,[Li]C1CO1,1.0,,,"存疑:已删除24行误检,双热图源(04+10)"
Nagaki et al. 2010 - Generation and reactions of oxiranyllithiums by use of a flow microreactor system,57.0,directed metalation,tetrahydrofuran,flow microreactor,10.1002/chem.201000815,2010.0,tR1,1.58489,,-60.0,,epibromohydrin,s-BuLi,oxiranyllithium,,quench_probe,oxiranyllithium intermediate,0.1,0.75,,0.45,BrCC1CO1,CCC([Li])C,[Li]C1CO1,,[Li]C1CO1,3.16,,,"存疑:已删除24行误检,双热图源(04+10)"
Nagaki et al. 2010 - Generation and reactions of oxiranyllithiums by use of a flow microreactor system,62.0,directed metalation,tetrahydrofuran,flow microreactor,10.1002/chem.201000815,2010.0,tR1,3.16228,,-60.0,,epibromohydrin,s-BuLi,oxiranyllithium,,quench_probe,oxiranyllithium intermediate,0.1,0.75,,0.45,BrCC1CO1,CCC([Li])C,[Li]C1CO1,,[Li]C1CO1,10.0,,,"存疑:已删除24行误检,双热图源(04+10)"
Nagaki et al. 2010 - Generation and reactions of oxiranyllithiums by use of a flow microreactor system,58.0,directed metalation,tetrahydrofuran,flow microreactor,10.1002/chem.201000815,2010.0,tR1,6.30957,,-60.0,,epibromohydrin,s-BuLi,oxiranyllithium,,quench_probe,oxiranyllithium intermediate,0.1,0.75,,0.45,BrCC1CO1,CCC([Li])C,[Li]C1CO1,,[Li]C1CO1,31.6,,,"存疑:已删除24行误检,双热图源(04+10)"
Nagaki et al. 2010 - Generation and reactions of oxiranyllithiums by use of a flow microreactor system,39.0,directed metalation,tetrahydrofuran,flow microreactor,10.1002/chem.201000815,2010.0,tR1,12.58925,,-60.0,,epibromohydrin,s-BuLi,oxiranyllithium,,quench_probe,oxiranyllithium intermediate,0.1,0.75,,0.45,BrCC1CO1,CCC([Li])C,[Li]C1CO1,,[Li]C1CO1,100.0,,,"存疑:已删除24行误检,双热图源(04+10)"
Nagaki et al. 2010 - Generation and reactions of oxiranyllithiums by use of a flow microreactor system,28.0,directed metalation,tetrahydrofuran,flow microreactor,10.1002/chem.201000815,2010.0,tR1,25.11886,,-60.0,,epibromohydrin,s-BuLi,oxiranyllithium,,quench_probe,oxiranyllithium intermediate,0.1,0.75,,0.45,BrCC1CO1,CCC([Li])C,[Li]C1CO1,,[Li]C1CO1,316.0,,,"存疑:已删除24行误检,双热图源(04+10)"
Nagaki et al. 2010 - Generation and reactions of oxiranyllithiums by use of a flow microreactor system,20.0,directed metalation,tetrahydrofuran,flow microreactor,10.1002/chem.201000815,2010.0,tR1,0.39811,,-70.0,,epibromohydrin,s-BuLi,oxiranyllithium,,quench_probe,oxiranyllithium intermediate,0.1,0.75,,0.45,BrCC1CO1,CCC([Li])C,[Li]C1CO1,,[Li]C1CO1,0.316,,,"存疑:已删除24行误检,双热图源(04+10)"
Nagaki et al. 2010 - Generation and reactions of oxiranyllithiums by use of a flow microreactor system,32.0,directed metalation,tetrahydrofuran,flow microreactor,10.1002/chem.201000815,2010.0,tR1,0.79433,,-70.0,,epibromohydrin,s-BuLi,oxiranyllithium,,quench_probe,oxiranyllithium intermediate,0.1,0.75,,0.45,BrCC1CO1,CCC([Li])C,[Li]C1CO1,,[Li]C1CO1,1.0,,,"存疑:已删除24行误检,双热图源(04+10)"
Nagaki et al. 2010 - Generation and reactions of oxiranyllithiums by use of a flow microreactor system,45.0,directed metalation,tetrahydrofuran,flow microreactor,10.1002/chem.201000815,2010.0,tR1,1.58489,,-70.0,,epibromohydrin,s-BuLi,oxiranyllithium,,quench_probe,oxiranyllithium intermediate,0.1,0.75,,0.45,BrCC1CO1,CCC([Li])C,[Li]C1CO1,,[Li]C1CO1,3.16,,,"存疑:已删除24行误检,双热图源(04+10)"
Nagaki et al. 2010 - Generation and reactions of oxiranyllithiums by use of a flow microreactor system,57.0,directed metalation,tetrahydrofuran,flow microreactor,10.1002/chem.201000815,2010.0,tR1,3.16228,,-70.0,,epibromohydrin,s-BuLi,oxiranyllithium,,quench_probe,oxiranyllithium intermediate,0.1,0.75,,0.45,BrCC1CO1,CCC([Li])C,[Li]C1CO1,,[Li]C1CO1,10.0,,,"存疑:已删除24行误检,双热图源(04+10)"
Nagaki et al. 2010 - Generation and reactions of oxiranyllithiums by use of a flow microreactor system,69.0,directed metalation,tetrahydrofuran,flow microreactor,10.1002/chem.201000815,2010.0,tR1,6.30957,,-70.0,,epibromohydrin,s-BuLi,oxiranyllithium,,quench_probe,oxiranyllithium intermediate,0.1,0.75,,0.45,BrCC1CO1,CCC([Li])C,[Li]C1CO1,,[Li]C1CO1,31.6,,,"存疑:已删除24行误检,双热图源(04+10)"
Nagaki et al. 2010 - Generation and reactions of oxiranyllithiums by use of a flow microreactor system,72.0,directed metalation,tetrahydrofuran,flow microreactor,10.1002/chem.201000815,2010.0,tR1,12.58925,,-70.0,,epibromohydrin,s-BuLi,oxiranyllithium,,quench_probe,oxiranyllithium intermediate,0.1,0.75,,0.45,BrCC1CO1,CCC([Li])C,[Li]C1CO1,,[Li]C1CO1,100.0,,,"存疑:已删除24行误检,双热图源(04+10)"
Nagaki et al. 2010 - Generation and reactions of oxiranyllithiums by use of a flow microreactor system,64.0,directed metalation,tetrahydrofuran,flow microreactor,10.1002/chem.201000815,2010.0,tR1,25.11886,,-70.0,,epibromohydrin,s-BuLi,oxiranyllithium,,quench_probe,oxiranyllithium intermediate,0.1,0.75,,0.45,BrCC1CO1,CCC([Li])C,[Li]C1CO1,,[Li]C1CO1,316.0,,,"存疑:已删除24行误检,双热图源(04+10)"
Nagaki et al. 2010 - Generation and reactions of oxiranyllithiums by use of a flow microreactor system,13.0,directed metalation,tetrahydrofuran,flow microreactor,10.1002/chem.201000815,2010.0,tR1,0.39811,,-78.0,,epibromohydrin,s-BuLi,oxiranyllithium,,quench_probe,oxiranyllithium intermediate,0.1,0.75,,0.45,BrCC1CO1,CCC([Li])C,[Li]C1CO1,,[Li]C1CO1,0.316,,,"存疑:已删除24行误检,双热图源(04+10)"
Nagaki et al. 2010 - Generation and reactions of oxiranyllithiums by use of a flow microreactor system,18.0,directed metalation,tetrahydrofuran,flow microreactor,10.1002/chem.201000815,2010.0,tR1,0.79433,,-78.0,,epibromohydrin,s-BuLi,oxiranyllithium,,quench_probe,oxiranyllithium intermediate,0.1,0.75,,0.45,BrCC1CO1,CCC([Li])C,[Li]C1CO1,,[Li]C1CO1,1.0,,,"存疑:已删除24行误检,双热图源(04+10)"
Nagaki et al. 2010 - Generation and reactions of oxiranyllithiums by use of a flow microreactor system,26.0,directed metalation,tetrahydrofuran,flow microreactor,10.1002/chem.201000815,2010.0,tR1,1.58489,,-78.0,,epibromohydrin,s-BuLi,oxiranyllithium,,quench_probe,oxiranyllithium intermediate,0.1,0.75,,0.45,BrCC1CO1,CCC([Li])C,[Li]C1CO1,,[Li]C1CO1,3.16,,,"存疑:已删除24行误检,双热图源(04+10)"
Nagaki et al. 2010 - Generation and reactions of oxiranyllithiums by use of a flow microreactor system,38.0,directed metalation,tetrahydrofuran,flow microreactor,10.1002/chem.201000815,2010.0,tR1,3.16228,,-78.0,,epibromohydrin,s-BuLi,oxiranyllithium,,quench_probe,oxiranyllithium intermediate,0.1,0.75,,0.45,BrCC1CO1,CCC([Li])C,[Li]C1CO1,,[Li]C1CO1,10.0,,,"存疑:已删除24行误检,双热图源(04+10)"
Nagaki et al. 2010 - Generation and reactions of oxiranyllithiums by use of a flow microreactor system,53.0,directed metalation,tetrahydrofuran,flow microreactor,10.1002/chem.201000815,2010.0,tR1,6.30957,,-78.0,,epibromohydrin,s-BuLi,oxiranyllithium,,quench_probe,oxiranyllithium intermediate,0.1,0.75,,0.45,BrCC1CO1,CCC([Li])C,[Li]C1CO1,,[Li]C1CO1,31.6,,,"存疑:已删除24行误检,双热图源(04+10)"
Nagaki et al. 2010 - Generation and reactions of oxiranyllithiums by use of a flow microreactor system,68.0,directed metalation,tetrahydrofuran,flow microreactor,10.1002/chem.201000815,2010.0,tR1,12.58925,,-78.0,,epibromohydrin,s-BuLi,oxiranyllithium,,quench_probe,oxiranyllithium intermediate,0.1,0.75,,0.45,BrCC1CO1,CCC([Li])C,[Li]C1CO1,,[Li]C1CO1,100.0,,,"存疑:已删除24行误检,双热图源(04+10)"
Nagaki et al. 2010 - Generation and reactions of oxiranyllithiums by use of a flow microreactor system,77.0,directed metalation,tetrahydrofuran,flow microreactor,10.1002/chem.201000815,2010.0,tR1,25.11886,,-78.0,,epibromohydrin,s-BuLi,oxiranyllithium,,quench_probe,oxiranyllithium intermediate,0.1,0.75,,0.45,BrCC1CO1,CCC([Li])C,[Li]C1CO1,,[Li]C1CO1,316.0,,,"存疑:已删除24行误检,双热图源(04+10)"
Nagaki et al. 2010 - Generation and reactions of oxiranyllithiums by use of a flow microreactor system,45.0,directed metalation,tetrahydrofuran,flow microreactor,10.1002/chem.201000815,2010.0,tR1,0.39811,,-40.0,,epibromohydrin,s-BuLi,oxiranyllithium,,quench_probe,oxiranyllithium intermediate,0.1,0.75,,0.45,BrCC1CO1,CCC([Li])C,[Li]C1CO1,,[Li]C1CO1,0.316,,,"存疑:已删除24行误检,双热图源(04+10)"
Nagaki et al. 2010 - Generation and reactions of oxiranyllithiums by use of a flow microreactor system,26.0,directed metalation,tetrahydrofuran,flow microreactor,10.1002/chem.201000815,2010.0,tR1,0.79433,,-40.0,,epibromohydrin,s-BuLi,oxiranyllithium,,quench_probe,oxiranyllithium intermediate,0.1,0.75,,0.45,BrCC1CO1,CCC([Li])C,[Li]C1CO1,,[Li]C1CO1,1.0,,,"存疑:已删除24行误检,双热图源(04+10)"
Nagaki et al. 2010 - Generation and reactions of oxiranyllithiums by use of a flow microreactor system,11.0,directed metalation,tetrahydrofuran,flow microreactor,10.1002/chem.201000815,2010.0,tR1,1.58489,,-40.0,,epibromohydrin,s-BuLi,oxiranyllithium,,quench_probe,oxiranyllithium intermediate,0.1,0.75,,0.45,BrCC1CO1,CCC([Li])C,[Li]C1CO1,,[Li]C1CO1,3.16,,,"存疑:已删除24行误检,双热图源(04+10)"
Nagaki et al. 2010 - Generation and reactions of oxiranyllithiums by use of a flow microreactor system,4.0,directed metalation,tetrahydrofuran,flow microreactor,10.1002/chem.201000815,2010.0,tR1,3.16228,,-40.0,,epibromohydrin,s-BuLi,oxiranyllithium,,quench_probe,oxiranyllithium intermediate,0.1,0.75,,0.45,BrCC1CO1,CCC([Li])C,[Li]C1CO1,,[Li]C1CO1,10.0,,,"存疑:已删除24行误检,双热图源(04+10)"
Nagaki et al. 2010 - Generation and reactions of oxiranyllithiums by use of a flow microreactor system,1.0,directed metalation,tetrahydrofuran,flow microreactor,10.1002/chem.201000815,2010.0,tR1,6.30957,,-40.0,,epibromohydrin,s-BuLi,oxiranyllithium,,quench_probe,oxiranyllithium intermediate,0.1,0.75,,0.45,BrCC1CO1,CCC([Li])C,[Li]C1CO1,,[Li]C1CO1,31.6,,,"存疑:已删除24行误检,双热图源(04+10)"
Nagaki et al. 2010 - Generation and reactions of oxiranyllithiums by use of a flow microreactor system,0.0,directed metalation,tetrahydrofuran,flow microreactor,10.1002/chem.201000815,2010.0,tR1,12.58925,,-40.0,,epibromohydrin,s-BuLi,oxiranyllithium,,quench_probe,oxiranyllithium intermediate,0.1,0.75,,0.45,BrCC1CO1,CCC([Li])C,[Li]C1CO1,,[Li]C1CO1,0.1,,,"存疑:已删除24行误检,双热图源(04+10)"
Nagaki et al. 2010 - Generation and reactions of oxiranyllithiums by use of a flow microreactor system,0.0,directed metalation,tetrahydrofuran,flow microreactor,10.1002/chem.201000815,2010.0,tR1,25.11886,,-40.0,,epibromohydrin,s-BuLi,oxiranyllithium,,quench_probe,oxiranyllithium intermediate,0.1,0.75,,0.45,BrCC1CO1,CCC([Li])C,[Li]C1CO1,,[Li]C1CO1,316.0,,,"存疑:已删除24行误检,双热图源(04+10)"
Nagaki et al. 2010 - Generation and reactions of oxiranyllithiums by use of a flow microreactor system,47.0,directed metalation,tetrahydrofuran,flow microreactor,10.1002/chem.201000815,2010.0,tR1,0.39811,,-50.0,,epibromohydrin,s-BuLi,oxiranyllithium,,quench_probe,oxiranyllithium intermediate,0.1,0.75,,0.45,BrCC1CO1,CCC([Li])C,[Li]C1CO1,,[Li]C1CO1,0.316,,,"存疑:已删除24行误检,双热图源(04+10)"
Nagaki et al. 2010 - Generation and reactions of oxiranyllithiums by use of a flow microreactor system,54.0,directed metalation,tetrahydrofuran,flow microreactor,10.1002/chem.201000815,2010.0,tR1,0.79433,,-50.0,,epibromohydrin,s-BuLi,oxiranyllithium,,quench_probe,oxiranyllithium intermediate,0.1,0.75,,0.45,BrCC1CO1,CCC([Li])C,[Li]C1CO1,,[Li]C1CO1,1.0,,,"存疑:已删除24行误检,双热图源(04+10)"
Nagaki et al. 2010 - Generation and reactions of oxiranyllithiums by use of a flow microreactor system,47.0,directed metalation,tetrahydrofuran,flow microreactor,10.1002/chem.201000815,2010.0,tR1,1.58489,,-50.0,,epibromohydrin,s-BuLi,oxiranyllithium,,quench_probe,oxiranyllithium intermediate,0.1,0.75,,0.45,BrCC1CO1,CCC([Li])C,[Li]C1CO1,,[Li]C1CO1,3.16,,,"存疑:已删除24行误检,双热图源(04+10)"
Nagaki et al. 2010 - Generation and reactions of oxiranyllithiums by use of a flow microreactor system,31.0,directed metalation,tetrahydrofuran,flow microreactor,10.1002/chem.201000815,2010.0,tR1,3.16228,,-50.0,,epibromohydrin,s-BuLi,oxiranyllithium,,quench_probe,oxiranyllithium intermediate,0.1,0.75,,0.45,BrCC1CO1,CCC([Li])C,[Li]C1CO1,,[Li]C1CO1,10.0,,,"存疑:已删除24行误检,双热图源(04+10)"
Nagaki et al. 2010 - Generation and reactions of oxiranyllithiums by use of a flow microreactor system,13.0,directed metalation,tetrahydrofuran,flow microreactor,10.1002/chem.201000815,2010.0,tR1,6.30957,,-50.0,,epibromohydrin,s-BuLi,oxiranyllithium,,quench_probe,oxiranyllithium intermediate,0.1,0.75,,0.45,BrCC1CO1,CCC([Li])C,[Li]C1CO1,,[Li]C1CO1,31.6,,,"存疑:已删除24行误检,双热图源(04+10)"
Nagaki et al. 2010 - Generation and reactions of oxiranyllithiums by use of a flow microreactor system,4.0,directed metalation,tetrahydrofuran,flow microreactor,10.1002/chem.201000815,2010.0,tR1,12.58925,,-50.0,,epibromohydrin,s-BuLi,oxiranyllithium,,quench_probe,oxiranyllithium intermediate,0.1,0.75,,0.45,BrCC1CO1,CCC([Li])C,[Li]C1CO1,,[Li]C1CO1,100.0,,,"存疑:已删除24行误检,双热图源(04+10)"
Nagaki et al. 2010 - Generation and reactions of oxiranyllithiums by use of a flow microreactor system,1.0,directed metalation,tetrahydrofuran,flow microreactor,10.1002/chem.201000815,2010.0,tR1,25.11886,,-50.0,,epibromohydrin,s-BuLi,oxiranyllithium,,quench_probe,oxiranyllithium intermediate,0.1,0.75,,0.45,BrCC1CO1,CCC([Li])C,[Li]C1CO1,,[Li]C1CO1,316.0,,,"存疑:已删除24行误检,双热图源(04+10)"
Nagaki et al. 2010 - Generation and reactions of oxiranyllithiums by use of a flow microreactor system,38.0,directed metalation,tetrahydrofuran,flow microreactor,10.1002/chem.201000815,2010.0,tR1,0.39811,,-60.0,,epibromohydrin,s-BuLi,oxiranyllithium,,quench_probe,oxiranyllithium intermediate,0.1,0.75,,0.45,BrCC1CO1,CCC([Li])C,[Li]C1CO1,,[Li]C1CO1,0.316,,,"存疑:已删除24行误检,双热图源(04+10)"
Nagaki et al. 2010 - Generation and reactions of oxiranyllithiums by use of a flow microreactor system,54.0,directed metalation,tetrahydrofuran,flow microreactor,10.1002/chem.201000815,2010.0,tR1,0.79433,,-60.0,,epibromohydrin,s-BuLi,oxiranyllithium,,quench_probe,oxiranyllithium intermediate,0.1,0.75,,0.45,BrCC1CO1,CCC([Li])C,[Li]C1CO1,,[Li]C1CO1,1.0,,,"存疑:已删除24行误检,双热图源(04+10)"
Nagaki et al. 2010 - Generation and reactions of oxiranyllithiums by use of a flow microreactor system,64.0,directed metalation,tetrahydrofuran,flow microreactor,10.1002/chem.201000815,2010.0,tR1,1.58489,,-60.0,,epibromohydrin,s-BuLi,oxiranyllithium,,quench_probe,oxiranyllithium intermediate,0.1,0.75,,0.45,BrCC1CO1,CCC([Li])C,[Li]C1CO1,,[Li]C1CO1,3.16,,,"存疑:已删除24行误检,双热图源(04+10)"
Nagaki et al. 2010 - Generation and reactions of oxiranyllithiums by use of a flow microreactor system,66.0,directed metalation,tetrahydrofuran,flow microreactor,10.1002/chem.201000815,2010.0,tR1,3.16228,,-60.0,,epibromohydrin,s-BuLi,oxiranyllithium,,quench_probe,oxiranyllithium intermediate,0.1,0.75,,0.45,BrCC1CO1,CCC([Li])C,[Li]C1CO1,,[Li]C1CO1,10.0,,,"存疑:已删除24行误检,双热图源(04+10)"
Nagaki et al. 2010 - Generation and reactions of oxiranyllithiums by use of a flow microreactor system,58.0,directed metalation,tetrahydrofuran,flow microreactor,10.1002/chem.201000815,2010.0,tR1,6.30957,,-60.0,,epibromohydrin,s-BuLi,oxiranyllithium,,quench_probe,oxiranyllithium intermediate,0.1,0.75,,0.45,BrCC1CO1,CCC([Li])C,[Li]C1CO1,,[Li]C1CO1,31.6,,,"存疑:已删除24行误检,双热图源(04+10)"
Nagaki et al. 2010 - Generation and reactions of oxiranyllithiums by use of a flow microreactor system,32.0,directed metalation,tetrahydrofuran,flow microreactor,10.1002/chem.201000815,2010.0,tR1,12.58925,,-60.0,,epibromohydrin,s-BuLi,oxiranyllithium,,quench_probe,oxiranyllithium intermediate,0.1,0.75,,0.45,BrCC1CO1,CCC([Li])C,[Li]C1CO1,,[Li]C1CO1,100.0,,,"存疑:已删除24行误检,双热图源(04+10)"
Nagaki et al. 2010 - Generation and reactions of oxiranyllithiums by use of a flow microreactor system,12.0,directed metalation,tetrahydrofuran,flow microreactor,10.1002/chem.201000815,2010.0,tR1,25.11886,,-60.0,,epibromohydrin,s-BuLi,oxiranyllithium,,quench_probe,oxiranyllithium intermediate,0.1,0.75,,0.45,BrCC1CO1,CCC([Li])C,[Li]C1CO1,,[Li]C1CO1,316.0,,,"存疑:已删除24行误检,双热图源(04+10)"
Nagaki et al. 2010 - Generation and reactions of oxiranyllithiums by use of a flow microreactor system,27.0,directed metalation,tetrahydrofuran,flow microreactor,10.1002/chem.201000815,2010.0,tR1,0.39811,,-70.0,,epibromohydrin,s-BuLi,oxiranyllithium,,quench_probe,oxiranyllithium intermediate,0.1,0.75,,0.45,BrCC1CO1,CCC([Li])C,[Li]C1CO1,,[Li]C1CO1,0.316,,,"存疑:已删除24行误检,双热图源(04+10)"
Nagaki et al. 2010 - Generation and reactions of oxiranyllithiums by use of a flow microreactor system,38.0,directed metalation,tetrahydrofuran,flow microreactor,10.1002/chem.201000815,2010.0,tR1,0.79433,,-70.0,,epibromohydrin,s-BuLi,oxiranyllithium,,quench_probe,oxiranyllithium intermediate,0.1,0.75,,0.45,BrCC1CO1,CCC([Li])C,[Li]C1CO1,,[Li]C1CO1,1.0,,,"存疑:已删除24行误检,双热图源(04+10)"
Nagaki et al. 2010 - Generation and reactions of oxiranyllithiums by use of a flow microreactor system,53.0,directed metalation,tetrahydrofuran,flow microreactor,10.1002/chem.201000815,2010.0,tR1,1.58489,,-70.0,,epibromohydrin,s-BuLi,oxiranyllithium,,quench_probe,oxiranyllithium intermediate,0.1,0.75,,0.45,BrCC1CO1,CCC([Li])C,[Li]C1CO1,,[Li]C1CO1,3.16,,,"存疑:已删除24行误检,双热图源(04+10)"
Nagaki et al. 2010 - Generation and reactions of oxiranyllithiums by use of a flow microreactor system,66.0,directed metalation,tetrahydrofuran,flow microreactor,10.1002/chem.201000815,2010.0,tR1,3.16228,,-70.0,,epibromohydrin,s-BuLi,oxiranyllithium,,quench_probe,oxiranyllithium intermediate,0.1,0.75,,0.45,BrCC1CO1,CCC([Li])C,[Li]C1CO1,,[Li]C1CO1,10.0,,,"存疑:已删除24行误检,双热图源(04+10)"
Nagaki et al. 2010 - Generation and reactions of oxiranyllithiums by use of a flow microreactor system,75.0,directed metalation,tetrahydrofuran,flow microreactor,10.1002/chem.201000815,2010.0,tR1,6.30957,,-70.0,,epibromohydrin,s-BuLi,oxiranyllithium,,quench_probe,oxiranyllithium intermediate,0.1,0.75,,0.45,BrCC1CO1,CCC([Li])C,[Li]C1CO1,,[Li]C1CO1,31.6,,,"存疑:已删除24行误检,双热图源(04+10)"
Nagaki et al. 2010 - Generation and reactions of oxiranyllithiums by use of a flow microreactor system,68.0,directed metalation,tetrahydrofuran,flow microreactor,10.1002/chem.201000815,2010.0,tR1,12.58925,,-70.0,,epibromohydrin,s-BuLi,oxiranyllithium,,quench_probe,oxiranyllithium intermediate,0.1,0.75,,0.45,BrCC1CO1,CCC([Li])C,[Li]C1CO1,,[Li]C1CO1,100.0,,,"存疑:已删除24行误检,双热图源(04+10)"
Nagaki et al. 2010 - Generation and reactions of oxiranyllithiums by use of a flow microreactor system,57.0,directed metalation,tetrahydrofuran,flow microreactor,10.1002/chem.201000815,2010.0,tR1,25.11886,,-70.0,,epibromohydrin,s-BuLi,oxiranyllithium,,quench_probe,oxiranyllithium intermediate,0.1,0.75,,0.45,BrCC1CO1,CCC([Li])C,[Li]C1CO1,,[Li]C1CO1,316.0,,,"存疑:已删除24行误检,双热图源(04+10)"
Nagaki et al. 2010 - Generation and reactions of oxiranyllithiums by use of a flow microreactor system,15.0,directed metalation,tetrahydrofuran,flow microreactor,10.1002/chem.201000815,2010.0,tR1,0.39811,,-78.0,,epibromohydrin,s-BuLi,oxiranyllithium,,quench_probe,oxiranyllithium intermediate,0.1,0.75,,0.45,BrCC1CO1,CCC([Li])C,[Li]C1CO1,,[Li]C1CO1,0.316,,,"存疑:已删除24行误检,双热图源(04+10)"
Nagaki et al. 2010 - Generation and reactions of oxiranyllithiums by use of a flow microreactor system,23.0,directed metalation,tetrahydrofuran,flow microreactor,10.1002/chem.201000815,2010.0,tR1,0.79433,,-78.0,,epibromohydrin,s-BuLi,oxiranyllithium,,quench_probe,oxiranyllithium intermediate,0.1,0.75,,0.45,BrCC1CO1,CCC([Li])C,[Li]C1CO1,,[Li]C1CO1,1.0,,,"存疑:已删除24行误检,双热图源(04+10)"
Nagaki et al. 2010 - Generation and reactions of oxiranyllithiums by use of a flow microreactor system,34.0,directed metalation,tetrahydrofuran,flow microreactor,10.1002/chem.201000815,2010.0,tR1,1.58489,,-78.0,,epibromohydrin,s-BuLi,oxiranyllithium,,quench_probe,oxiranyllithium intermediate,0.1,0.75,,0.45,BrCC1CO1,CCC([Li])C,[Li]C1CO1,,[Li]C1CO1,3.16,,,"存疑:已删除24行误检,双热图源(04+10)"
Nagaki et al. 2010 - Generation and reactions of oxiranyllithiums by use of a flow microreactor system,45.0,directed metalation,tetrahydrofuran,flow microreactor,10.1002/chem.201000815,2010.0,tR1,3.16228,,-78.0,,epibromohydrin,s-BuLi,oxiranyllithium,,quench_probe,oxiranyllithium intermediate,0.1,0.75,,0.45,BrCC1CO1,CCC([Li])C,[Li]C1CO1,,[Li]C1CO1,10.0,,,"存疑:已删除24行误检,双热图源(04+10)"
Nagaki et al. 2010 - Generation and reactions of oxiranyllithiums by use of a flow microreactor system,63.0,directed metalation,tetrahydrofuran,flow microreactor,10.1002/chem.201000815,2010.0,tR1,6.30957,,-78.0,,epibromohydrin,s-BuLi,oxiranyllithium,,quench_probe,oxiranyllithium intermediate,0.1,0.75,,0.45,BrCC1CO1,CCC([Li])C,[Li]C1CO1,,[Li]C1CO1,31.6,,,"存疑:已删除24行误检,双热图源(04+10)"
Nagaki et al. 2010 - Generation and reactions of oxiranyllithiums by use of a flow microreactor system,73.0,directed metalation,tetrahydrofuran,flow microreactor,10.1002/chem.201000815,2010.0,tR1,12.58925,,-78.0,,epibromohydrin,s-BuLi,oxiranyllithium,,quench_probe,oxiranyllithium intermediate,0.1,0.75,,0.45,BrCC1CO1,CCC([Li])C,[Li]C1CO1,,[Li]C1CO1,100.0,,,"存疑:已删除24行误检,双热图源(04+10)"
Nagaki et al. 2010 - Generation and reactions of oxiranyllithiums by use of a flow microreactor system,81.0,directed metalation,tetrahydrofuran,flow microreactor,10.1002/chem.201000815,2010.0,tR1,25.11886,,-78.0,,epibromohydrin,s-BuLi,oxiranyllithium,,quench_probe,oxiranyllithium intermediate,0.1,0.75,,0.45,BrCC1CO1,CCC([Li])C,[Li]C1CO1,,[Li]C1CO1,316.0,,,"存疑:已删除24行误检,双热图源(04+10)"
Nagaki et al. 2010 - Generation and reactions of oxiranyllithiums by use of a flow microreactor system,47.0,directed metalation,tetrahydrofuran,flow microreactor,10.1002/chem.201000815,2010.0,tR1,0.39811,,-40.0,,epibromohydrin,s-BuLi,oxiranyllithium,,quench_probe,oxiranyllithium intermediate,0.1,0.75,,0.45,BrCC1CO1,CCC([Li])C,[Li]C1CO1,,[Li]C1CO1,0.316,,,"存疑:已删除24行误检,双热图源(04+10)"
Nagaki et al. 2010 - Generation and reactions of oxiranyllithiums by use of a flow microreactor system,25.0,directed metalation,tetrahydrofuran,flow microreactor,10.1002/chem.201000815,2010.0,tR1,0.79433,,-40.0,,epibromohydrin,s-BuLi,oxiranyllithium,,quench_probe,oxiranyllithium intermediate,0.1,0.75,,0.45,BrCC1CO1,CCC([Li])C,[Li]C1CO1,,[Li]C1CO1,1.0,,,"存疑:已删除24行误检,双热图源(04+10)"
Nagaki et al. 2010 - Generation and reactions of oxiranyllithiums by use of a flow microreactor system,8.0,directed metalation,tetrahydrofuran,flow microreactor,10.1002/chem.201000815,2010.0,tR1,1.58489,,-40.0,,epibromohydrin,s-BuLi,oxiranyllithium,,quench_probe,oxiranyllithium intermediate,0.1,0.75,,0.45,BrCC1CO1,CCC([Li])C,[Li]C1CO1,,[Li]C1CO1,3.16,,,"存疑:已删除24行误检,双热图源(04+10)"
Nagaki et al. 2010 - Generation and reactions of oxiranyllithiums by use of a flow microreactor system,3.0,directed metalation,tetrahydrofuran,flow microreactor,10.1002/chem.201000815,2010.0,tR1,3.16228,,-40.0,,epibromohydrin,s-BuLi,oxiranyllithium,,quench_probe,oxiranyllithium intermediate,0.1,0.75,,0.45,BrCC1CO1,CCC([Li])C,[Li]C1CO1,,[Li]C1CO1,10.0,,,"存疑:已删除24行误检,双热图源(04+10)"
Nagaki et al. 2010 - Generation and reactions of oxiranyllithiums by use of a flow microreactor system,1.0,directed metalation,tetrahydrofuran,flow microreactor,10.1002/chem.201000815,2010.0,tR1,6.30957,,-40.0,,epibromohydrin,s-BuLi,oxiranyllithium,,quench_probe,oxiranyllithium intermediate,0.1,0.75,,0.45,BrCC1CO1,CCC([Li])C,[Li]C1CO1,,[Li]C1CO1,31.6,,,"存疑:已删除24行误检,双热图源(04+10)"
Nagaki et al. 2010 - Generation and reactions of oxiranyllithiums by use of a flow microreactor system,0.0,directed metalation,tetrahydrofuran,flow microreactor,10.1002/chem.201000815,2010.0,tR1,12.58925,,-40.0,,epibromohydrin,s-BuLi,oxiranyllithium,,quench_probe,oxiranyllithium intermediate,0.1,0.75,,0.45,BrCC1CO1,CCC([Li])C,[Li]C1CO1,,[Li]C1CO1,100.0,,,"存疑:已删除24行误检,双热图源(04+10)"
Nagaki et al. 2010 - Generation and reactions of oxiranyllithiums by use of a flow microreactor system,0.0,directed metalation,tetrahydrofuran,flow microreactor,10.1002/chem.201000815,2010.0,tR1,25.11886,,-40.0,,epibromohydrin,s-BuLi,oxiranyllithium,,quench_probe,oxiranyllithium intermediate,0.1,0.75,,0.45,BrCC1CO1,CCC([Li])C,[Li]C1CO1,,[Li]C1CO1,316.0,,,"存疑:已删除24行误检,双热图源(04+10)"
Nagaki et al. 2010 - Generation and reactions of oxiranyllithiums by use of a flow microreactor system,52.0,directed metalation,tetrahydrofuran,flow microreactor,10.1002/chem.201000815,2010.0,tR1,0.39811,,-50.0,,epibromohydrin,s-BuLi,oxiranyllithium,,quench_probe,oxiranyllithium intermediate,0.1,0.75,,0.45,BrCC1CO1,CCC([Li])C,[Li]C1CO1,,[Li]C1CO1,0.316,,,"存疑:已删除24行误检,双热图源(04+10)"
Nagaki et al. 2010 - Generation and reactions of oxiranyllithiums by use of a flow microreactor system,60.0,directed metalation,tetrahydrofuran,flow microreactor,10.1002/chem.201000815,2010.0,tR1,0.79433,,-50.0,,epibromohydrin,s-BuLi,oxiranyllithium,,quench_probe,oxiranyllithium intermediate,0.1,0.75,,0.45,BrCC1CO1,CCC([Li])C,[Li]C1CO1,,[Li]C1CO1,1.0,,,"存疑:已删除24行误检,双热图源(04+10)"
Nagaki et al. 2010 - Generation and reactions of oxiranyllithiums by use of a flow microreactor system,51.0,directed metalation,tetrahydrofuran,flow microreactor,10.1002/chem.201000815,2010.0,tR1,1.58489,,-50.0,,epibromohydrin,s-BuLi,oxiranyllithium,,quench_probe,oxiranyllithium intermediate,0.1,0.75,,0.45,BrCC1CO1,CCC([Li])C,[Li]C1CO1,,[Li]C1CO1,3.16,,,"存疑:已删除24行误检,双热图源(04+10)"
Nagaki et al. 2010 - Generation and reactions of oxiranyllithiums by use of a flow microreactor system,39.0,directed metalation,tetrahydrofuran,flow microreactor,10.1002/chem.201000815,2010.0,tR1,3.16228,,-50.0,,epibromohydrin,s-BuLi,oxiranyllithium,,quench_probe,oxiranyllithium intermediate,0.1,0.75,,0.45,BrCC1CO1,CCC([Li])C,[Li]C1CO1,,[Li]C1CO1,10.0,,,"存疑:已删除24行误检,双热图源(04+10)"
Nagaki et al. 2010 - Generation and reactions of oxiranyllithiums by use of a flow microreactor system,18.0,directed metalation,tetrahydrofuran,flow microreactor,10.1002/chem.201000815,2010.0,tR1,6.30957,,-50.0,,epibromohydrin,s-BuLi,oxiranyllithium,,quench_probe,oxiranyllithium intermediate,0.1,0.75,,0.45,BrCC1CO1,CCC([Li])C,[Li]C1CO1,,[Li]C1CO1,31.6,,,"存疑:已删除24行误检,双热图源(04+10)"
Nagaki et al. 2010 - Generation and reactions of oxiranyllithiums by use of a flow microreactor system,4.0,directed metalation,tetrahydrofuran,flow microreactor,10.1002/chem.201000815,2010.0,tR1,12.58925,,-50.0,,epibromohydrin,s-BuLi,oxiranyllithium,,quench_probe,oxiranyllithium intermediate,0.1,0.75,,0.45,BrCC1CO1,CCC([Li])C,[Li]C1CO1,,[Li]C1CO1,100.0,,,"存疑:已删除24行误检,双热图源(04+10)"
Nagaki et al. 2010 - Generation and reactions of oxiranyllithiums by use of a flow microreactor system,1.0,directed metalation,tetrahydrofuran,flow microreactor,10.1002/chem.201000815,2010.0,tR1,25.11886,,-50.0,,epibromohydrin,s-BuLi,oxiranyllithium,,quench_probe,oxiranyllithium intermediate,0.1,0.75,,0.45,BrCC1CO1,CCC([Li])C,[Li]C1CO1,,[Li]C1CO1,316.0,,,"存疑:已删除24行误检,双热图源(04+10)"
Nagaki et al. 2010 - Generation and reactions of oxiranyllithiums by use of a flow microreactor system,44.0,directed metalation,tetrahydrofuran,flow microreactor,10.1002/chem.201000815,2010.0,tR1,0.39811,,-60.0,,epibromohydrin,s-BuLi,oxiranyllithium,,quench_probe,oxiranyllithium intermediate,0.1,0.75,,0.45,BrCC1CO1,CCC([Li])C,[Li]C1CO1,,[Li]C1CO1,0.316,,,"存疑:已删除24行误检,双热图源(04+10)"
Nagaki et al. 2010 - Generation and reactions of oxiranyllithiums by use of a flow microreactor system,60.0,directed metalation,tetrahydrofuran,flow microreactor,10.1002/chem.201000815,2010.0,tR1,0.79433,,-60.0,,epibromohydrin,s-BuLi,oxiranyllithium,,quench_probe,oxiranyllithium intermediate,0.1,0.75,,0.45,BrCC1CO1,CCC([Li])C,[Li]C1CO1,,[Li]C1CO1,1.0,,,"存疑:已删除24行误检,双热图源(04+10)"
Nagaki et al. 2010 - Generation and reactions of oxiranyllithiums by use of a flow microreactor system,73.0,directed metalation,tetrahydrofuran,flow microreactor,10.1002/chem.201000815,2010.0,tR1,1.58489,,-60.0,,epibromohydrin,s-BuLi,oxiranyllithium,,quench_probe,oxiranyllithium intermediate,0.1,0.75,,0.45,BrCC1CO1,CCC([Li])C,[Li]C1CO1,,[Li]C1CO1,3.16,,,"存疑:已删除24行误检,双热图源(04+10)"
Nagaki et al. 2010 - Generation and reactions of oxiranyllithiums by use of a flow microreactor system,72.0,directed metalation,tetrahydrofuran,flow microreactor,10.1002/chem.201000815,2010.0,tR1,3.16228,,-60.0,,epibromohydrin,s-BuLi,oxiranyllithium,,quench_probe,oxiranyllithium intermediate,0.1,0.75,,0.45,BrCC1CO1,CCC([Li])C,[Li]C1CO1,,[Li]C1CO1,10.0,,,"存疑:已删除24行误检,双热图源(04+10)"
Nagaki et al. 2010 - Generation and reactions of oxiranyllithiums by use of a flow microreactor system,58.0,directed metalation,tetrahydrofuran,flow microreactor,10.1002/chem.201000815,2010.0,tR1,6.30957,,-60.0,,epibromohydrin,s-BuLi,oxiranyllithium,,quench_probe,oxiranyllithium intermediate,0.1,0.75,,0.45,BrCC1CO1,CCC([Li])C,[Li]C1CO1,,[Li]C1CO1,31.6,,,"存疑:已删除24行误检,双热图源(04+10)"
Nagaki et al. 2010 - Generation and reactions of oxiranyllithiums by use of a flow microreactor system,40.0,directed metalation,tetrahydrofuran,flow microreactor,10.1002/chem.201000815,2010.0,tR1,12.58925,,-60.0,,epibromohydrin,s-BuLi,oxiranyllithium,,quench_probe,oxiranyllithium intermediate,0.1,0.75,,0.45,BrCC1CO1,CCC([Li])C,[Li]C1CO1,,[Li]C1CO1,100.0,,,"存疑:已删除24行误检,双热图源(04+10)"
Nagaki et al. 2010 - Generation and reactions of oxiranyllithiums by use of a flow microreactor system,17.0,directed metalation,tetrahydrofuran,flow microreactor,10.1002/chem.201000815,2010.0,tR1,25.11886,,-60.0,,epibromohydrin,s-BuLi,oxiranyllithium,,quench_probe,oxiranyllithium intermediate,0.1,0.75,,0.45,BrCC1CO1,CCC([Li])C,[Li]C1CO1,,[Li]C1CO1,316.0,,,"存疑:已删除24行误检,双热图源(04+10)"
Nagaki et al. 2010 - Generation and reactions of oxiranyllithiums by use of a flow microreactor system,29.0,directed metalation,tetrahydrofuran,flow microreactor,10.1002/chem.201000815,2010.0,tR1,0.39811,,-70.0,,epibromohydrin,s-BuLi,oxiranyllithium,,quench_probe,oxiranyllithium intermediate,0.1,0.75,,0.45,BrCC1CO1,CCC([Li])C,[Li]C1CO1,,[Li]C1CO1,0.316,,,"存疑:已删除24行误检,双热图源(04+10)"
Nagaki et al. 2010 - Generation and reactions of oxiranyllithiums by use of a flow microreactor system,41.0,directed metalation,tetrahydrofuran,flow microreactor,10.1002/chem.201000815,2010.0,tR1,0.79433,,-70.0,,epibromohydrin,s-BuLi,oxiranyllithium,,quench_probe,oxiranyllithium intermediate,0.1,0.75,,0.45,BrCC1CO1,CCC([Li])C,[Li]C1CO1,,[Li]C1CO1,1.0,,,"存疑:已删除24行误检,双热图源(04+10)"
Nagaki et al. 2010 - Generation and reactions of oxiranyllithiums by use of a flow microreactor system,60.0,directed metalation,tetrahydrofuran,flow microreactor,10.1002/chem.201000815,2010.0,tR1,1.58489,,-70.0,,epibromohydrin,s-BuLi,oxiranyllithium,,quench_probe,oxiranyllithium intermediate,0.1,0.75,,0.45,BrCC1CO1,CCC([Li])C,[Li]C1CO1,,[Li]C1CO1,3.16,,,"存疑:已删除24行误检,双热图源(04+10)"
Nagaki et al. 2010 - Generation and reactions of oxiranyllithiums by use of a flow microreactor system,73.0,directed metalation,tetrahydrofuran,flow microreactor,10.1002/chem.201000815,2010.0,tR1,3.16228,,-70.0,,epibromohydrin,s-BuLi,oxiranyllithium,,quench_probe,oxiranyllithium intermediate,0.1,0.75,,0.45,BrCC1CO1,CCC([Li])C,[Li]C1CO1,,[Li]C1CO1,10.0,,,"存疑:已删除24行误检,双热图源(04+10)"
Nagaki et al. 2010 - Generation and reactions of oxiranyllithiums by use of a flow microreactor system,83.0,directed metalation,tetrahydrofuran,flow microreactor,10.1002/chem.201000815,2010.0,tR1,6.30957,,-70.0,,epibromohydrin,s-BuLi,oxiranyllithium,,quench_probe,oxiranyllithium intermediate,0.1,0.75,,0.45,BrCC1CO1,CCC([Li])C,[Li]C1CO1,,[Li]C1CO1,31.6,,,"存疑:已删除24行误检,双热图源(04+10)"
Nagaki et al. 2010 - Generation and reactions of oxiranyllithiums by use of a flow microreactor system,76.0,directed metalation,tetrahydrofuran,flow microreactor,10.1002/chem.201000815,2010.0,tR1,12.58925,,-70.0,,epibromohydrin,s-BuLi,oxiranyllithium,,quench_probe,oxiranyllithium intermediate,0.1,0.75,,0.45,BrCC1CO1,CCC([Li])C,[Li]C1CO1,,[Li]C1CO1,100.0,,,"存疑:已删除24行误检,双热图源(04+10)"
Nagaki et al. 2010 - Generation and reactions of oxiranyllithiums by use of a flow microreactor system,62.0,directed metalation,tetrahydrofuran,flow microreactor,10.1002/chem.201000815,2010.0,tR1,25.11886,,-70.0,,epibromohydrin,s-BuLi,oxiranyllithium,,quench_probe,oxiranyllithium intermediate,0.1,0.75,,0.45,BrCC1CO1,CCC([Li])C,[Li]C1CO1,,[Li]C1CO1,316.0,,,"存疑:已删除24行误检,双热图源(04+10)"
Nagaki et al. 2010 - Generation and reactions of oxiranyllithiums by use of a flow microreactor system,20.0,directed metalation,tetrahydrofuran,flow microreactor,10.1002/chem.201000815,2010.0,tR1,0.39811,,-78.0,,epibromohydrin,s-BuLi,oxiranyllithium,,quench_probe,oxiranyllithium intermediate,0.1,0.75,,0.45,BrCC1CO1,CCC([Li])C,[Li]C1CO1,,[Li]C1CO1,0.316,,,"存疑:已删除24行误检,双热图源(04+10)"
Nagaki et al. 2010 - Generation and reactions of oxiranyllithiums by use of a flow microreactor system,26.0,directed metalation,tetrahydrofuran,flow microreactor,10.1002/chem.201000815,2010.0,tR1,0.79433,,-78.0,,epibromohydrin,s-BuLi,oxiranyllithium,,quench_probe,oxiranyllithium intermediate,0.1,0.75,,0.45,BrCC1CO1,CCC([Li])C,[Li]C1CO1,,[Li]C1CO1,1.0,,,"存疑:已删除24行误检,双热图源(04+10)"
Nagaki et al. 2010 - Generation and reactions of oxiranyllithiums by use of a flow microreactor system,39.0,directed metalation,tetrahydrofuran,flow microreactor,10.1002/chem.201000815,2010.0,tR1,1.58489,,-78.0,,epibromohydrin,s-BuLi,oxiranyllithium,,quench_probe,oxiranyllithium intermediate,0.1,0.75,,0.45,BrCC1CO1,CCC([Li])C,[Li]C1CO1,,[Li]C1CO1,3.16,,,"存疑:已删除24行误检,双热图源(04+10)"
Nagaki et al. 2010 - Generation and reactions of oxiranyllithiums by use of a flow microreactor system,56.0,directed metalation,tetrahydrofuran,flow microreactor,10.1002/chem.201000815,2010.0,tR1,3.16228,,-78.0,,epibromohydrin,s-BuLi,oxiranyllithium,,quench_probe,oxiranyllithium intermediate,0.1,0.75,,0.45,BrCC1CO1,CCC([Li])C,[Li]C1CO1,,[Li]C1CO1,10.0,,,"存疑:已删除24行误检,双热图源(04+10)"
Nagaki et al. 2010 - Generation and reactions of oxiranyllithiums by use of a flow microreactor system,73.0,directed metalation,tetrahydrofuran,flow microreactor,10.1002/chem.201000815,2010.0,tR1,6.30957,,-78.0,,epibromohydrin,s-BuLi,oxiranyllithium,,quench_probe,oxiranyllithium intermediate,0.1,0.75,,0.45,BrCC1CO1,CCC([Li])C,[Li]C1CO1,,[Li]C1CO1,31.6,,,"存疑:已删除24行误检,双热图源(04+10)"
Nagaki et al. 2010 - Generation and reactions of oxiranyllithiums by use of a flow microreactor system,83.0,directed metalation,tetrahydrofuran,flow microreactor,10.1002/chem.201000815,2010.0,tR1,12.58925,,-78.0,,epibromohydrin,s-BuLi,oxiranyllithium,,quench_probe,oxiranyllithium intermediate,0.1,0.75,,0.45,BrCC1CO1,CCC([Li])C,[Li]C1CO1,,[Li]C1CO1,100.0,,,"存疑:已删除24行误检,双热图源(04+10)"
Nagaki et al. 2010 - Generation and reactions of oxiranyllithiums by use of a flow microreactor system,88.0,directed metalation,tetrahydrofuran,flow microreactor,10.1002/chem.201000815,2010.0,tR1,25.11886,,-78.0,,epibromohydrin,s-BuLi,oxiranyllithium,,quench_probe,oxiranyllithium intermediate,0.1,0.75,,0.45,BrCC1CO1,CCC([Li])C,[Li]C1CO1,,[Li]C1CO1,316.0,,,"存疑:已删除24行误检,双热图源(04+10)"
Nagaki et al. 2010 - Cross-coupling in a flow microreactor - space integration of lithiation and Murahashi coupling,82.0,C-C coupling,tetrahydrofuran,,10.1002/anie.201002763,2010.0,tR2,,1.0,,70.0,p-bromoanisole,n-BuLi,p-methoxyphenyllithium,bromobenzene,synthetic,p-methoxybiphenyl,0.1,0.42,1.1,,COc1ccc(Br)cc1,CCCC[Li],COc1ccc([Li])cc1,Brc1ccccc1,COc1ccc(-c2ccccc2)cc1,,1.0,82.0,
Nagaki et al. 2010 - Cross-coupling in a flow microreactor - space integration of lithiation and Murahashi coupling,89.0,C-C coupling,tetrahydrofuran,,10.1002/anie.201002763,2010.0,tR2,,3.54813,,70.0,p-bromoanisole,n-BuLi,p-methoxyphenyllithium,bromobenzene,synthetic,p-methoxybiphenyl,0.1,0.42,1.1,,COc1ccc(Br)cc1,CCCC[Li],COc1ccc([Li])cc1,Brc1ccccc1,COc1ccc(-c2ccccc2)cc1,,3.16,89.0,
Nagaki et al. 2010 - Cross-coupling in a flow microreactor - space integration of lithiation and Murahashi coupling,90.0,C-C coupling,tetrahydrofuran,,10.1002/anie.201002763,2010.0,tR2,,14.12538,,70.0,p-bromoanisole,n-BuLi,p-methoxyphenyllithium,bromobenzene,synthetic,p-methoxybiphenyl,0.1,0.42,1.1,,COc1ccc(Br)cc1,CCCC[Li],COc1ccc([Li])cc1,Brc1ccccc1,COc1ccc(-c2ccccc2)cc1,,10.0,90.0,
Nagaki et al. 2010 - Cross-coupling in a flow microreactor - space integration of lithiation and Murahashi coupling,92.0,C-C coupling,tetrahydrofuran,,10.1002/anie.201002763,2010.0,tR2,,31.62278,,70.0,p-bromoanisole,n-BuLi,p-methoxyphenyllithium,bromobenzene,synthetic,p-methoxybiphenyl,0.1,0.42,1.1,,COc1ccc(Br)cc1,CCCC[Li],COc1ccc([Li])cc1,Brc1ccccc1,COc1ccc(-c2ccccc2)cc1,,31.6,92.0,
Nagaki et al. 2010 - Cross-coupling in a flow microreactor - space integration of lithiation and Murahashi coupling,90.0,C-C coupling,tetrahydrofuran,,10.1002/anie.201002763,2010.0,tR2,,63.09573,,70.0,p-bromoanisole,n-BuLi,p-methoxyphenyllithium,bromobenzene,synthetic,p-methoxybiphenyl,0.1,0.42,1.1,,COc1ccc(Br)cc1,CCCC[Li],COc1ccc([Li])cc1,Brc1ccccc1,COc1ccc(-c2ccccc2)cc1,,100.0,90.0,
Nagaki et al. 2010 - Cross-coupling in a flow microreactor - space integration of lithiation and Murahashi coupling,63.0,C-C coupling,tetrahydrofuran,,10.1002/anie.201002763,2010.0,tR2,,1.0,,50.0,p-bromoanisole,n-BuLi,p-methoxyphenyllithium,bromobenzene,synthetic,p-methoxybiphenyl,0.1,0.42,1.1,,COc1ccc(Br)cc1,CCCC[Li],COc1ccc([Li])cc1,Brc1ccccc1,COc1ccc(-c2ccccc2)cc1,,1.0,,
Nagaki et al. 2010 - Cross-coupling in a flow microreactor - space integration of lithiation and Murahashi coupling,86.0,C-C coupling,tetrahydrofuran,,10.1002/anie.201002763,2010.0,tR2,,3.54813,,50.0,p-bromoanisole,n-BuLi,p-methoxyphenyllithium,bromobenzene,synthetic,p-methoxybiphenyl,0.1,0.42,1.1,,COc1ccc(Br)cc1,CCCC[Li],COc1ccc([Li])cc1,Brc1ccccc1,COc1ccc(-c2ccccc2)cc1,,3.16,86.0,
Nagaki et al. 2010 - Cross-coupling in a flow microreactor - space integration of lithiation and Murahashi coupling,90.0,C-C coupling,tetrahydrofuran,,10.1002/anie.201002763,2010.0,tR2,,14.12538,,50.0,p-bromoanisole,n-BuLi,p-methoxyphenyllithium,bromobenzene,synthetic,p-methoxybiphenyl,0.1,0.42,1.1,,COc1ccc(Br)cc1,CCCC[Li],COc1ccc([Li])cc1,Brc1ccccc1,COc1ccc(-c2ccccc2)cc1,,10.0,90.0,
Nagaki et al. 2010 - Cross-coupling in a flow microreactor - space integration of lithiation and Murahashi coupling,89.0,C-C coupling,tetrahydrofuran,,10.1002/anie.201002763,2010.0,tR2,,31.62278,,50.0,p-bromoanisole,n-BuLi,p-methoxyphenyllithium,bromobenzene,synthetic,p-methoxybiphenyl,0.1,0.42,1.1,,COc1ccc(Br)cc1,CCCC[Li],COc1ccc([Li])cc1,Brc1ccccc1,COc1ccc(-c2ccccc2)cc1,,31.6,89.0,
Nagaki et al. 2010 - Cross-coupling in a flow microreactor - space integration of lithiation and Murahashi coupling,90.0,C-C coupling,tetrahydrofuran,,10.1002/anie.201002763,2010.0,tR2,,63.09573,,50.0,p-bromoanisole,n-BuLi,p-methoxyphenyllithium,bromobenzene,synthetic,p-methoxybiphenyl,0.1,0.42,1.1,,COc1ccc(Br)cc1,CCCC[Li],COc1ccc([Li])cc1,Brc1ccccc1,COc1ccc(-c2ccccc2)cc1,,100.0,90.0,
Nagaki et al. 2010 - Cross-coupling in a flow microreactor - space integration of lithiation and Murahashi coupling,44.0,C-C coupling,tetrahydrofuran,,10.1002/anie.201002763,2010.0,tR2,,1.0,,30.0,p-bromoanisole,n-BuLi,p-methoxyphenyllithium,bromobenzene,synthetic,p-methoxybiphenyl,0.1,0.42,1.1,,COc1ccc(Br)cc1,CCCC[Li],COc1ccc([Li])cc1,Brc1ccccc1,COc1ccc(-c2ccccc2)cc1,,1.0,44.0,
Nagaki et al. 2010 - Cross-coupling in a flow microreactor - space integration of lithiation and Murahashi coupling,74.0,C-C coupling,tetrahydrofuran,,10.1002/anie.201002763,2010.0,tR2,,3.54813,,30.0,p-bromoanisole,n-BuLi,p-methoxyphenyllithium,bromobenzene,synthetic,p-methoxybiphenyl,0.1,0.42,1.1,,COc1ccc(Br)cc1,CCCC[Li],COc1ccc([Li])cc1,Brc1ccccc1,COc1ccc(-c2ccccc2)cc1,,3.16,74.0,
Nagaki et al. 2010 - Cross-coupling in a flow microreactor - space integration of lithiation and Murahashi coupling,84.0,C-C coupling,tetrahydrofuran,,10.1002/anie.201002763,2010.0,tR2,,14.12538,,30.0,p-bromoanisole,n-BuLi,p-methoxyphenyllithium,bromobenzene,synthetic,p-methoxybiphenyl,0.1,0.42,1.1,,COc1ccc(Br)cc1,CCCC[Li],COc1ccc([Li])cc1,Brc1ccccc1,COc1ccc(-c2ccccc2)cc1,,10.0,84.0,
Nagaki et al. 2010 - Cross-coupling in a flow microreactor - space integration of lithiation and Murahashi coupling,86.0,C-C coupling,tetrahydrofuran,,10.1002/anie.201002763,2010.0,tR2,,31.62278,,30.0,p-bromoanisole,n-BuLi,p-methoxyphenyllithium,bromobenzene,synthetic,p-methoxybiphenyl,0.1,0.42,1.1,,COc1ccc(Br)cc1,CCCC[Li],COc1ccc([Li])cc1,Brc1ccccc1,COc1ccc(-c2ccccc2)cc1,,31.6,86.0,
Nagaki et al. 2010 - Cross-coupling in a flow microreactor - space integration of lithiation and Murahashi coupling,83.0,C-C coupling,tetrahydrofuran,,10.1002/anie.201002763,2010.0,tR2,,63.09573,,30.0,p-bromoanisole,n-BuLi,p-methoxyphenyllithium,bromobenzene,synthetic,p-methoxybiphenyl,0.1,0.42,1.1,,COc1ccc(Br)cc1,CCCC[Li],COc1ccc([Li])cc1,Brc1ccccc1,COc1ccc(-c2ccccc2)cc1,,100.0,83.0,
Nagaki et al. 2010 - Cross-coupling in a flow microreactor - space integration of lithiation and Murahashi coupling,26.0,C-C coupling,tetrahydrofuran,,10.1002/anie.201002763,2010.0,tR2,,1.0,,15.0,p-bromoanisole,n-BuLi,p-methoxyphenyllithium,bromobenzene,synthetic,p-methoxybiphenyl,0.1,0.42,1.1,,COc1ccc(Br)cc1,CCCC[Li],COc1ccc([Li])cc1,Brc1ccccc1,COc1ccc(-c2ccccc2)cc1,,1.0,26.0,
Nagaki et al. 2010 - Cross-coupling in a flow microreactor - space integration of lithiation and Murahashi coupling,48.0,C-C coupling,tetrahydrofuran,,10.1002/anie.201002763,2010.0,tR2,,3.54813,,15.0,p-bromoanisole,n-BuLi,p-methoxyphenyllithium,bromobenzene,synthetic,p-methoxybiphenyl,0.1,0.42,1.1,,COc1ccc(Br)cc1,CCCC[Li],COc1ccc([Li])cc1,Brc1ccccc1,COc1ccc(-c2ccccc2)cc1,,3.16,48.0,
Nagaki et al. 2010 - Cross-coupling in a flow microreactor - space integration of lithiation and Murahashi coupling,72.0,C-C coupling,tetrahydrofuran,,10.1002/anie.201002763,2010.0,tR2,,14.12538,,15.0,p-bromoanisole,n-BuLi,p-methoxyphenyllithium,bromobenzene,synthetic,p-methoxybiphenyl,0.1,0.42,1.1,,COc1ccc(Br)cc1,CCCC[Li],COc1ccc([Li])cc1,Brc1ccccc1,COc1ccc(-c2ccccc2)cc1,,10.0,72.0,
Nagaki et al. 2010 - Cross-coupling in a flow microreactor - space integration of lithiation and Murahashi coupling,78.0,C-C coupling,tetrahydrofuran,,10.1002/anie.201002763,2010.0,tR2,,31.62278,,15.0,p-bromoanisole,n-BuLi,p-methoxyphenyllithium,bromobenzene,synthetic,p-methoxybiphenyl,0.1,0.42,1.1,,COc1ccc(Br)cc1,CCCC[Li],COc1ccc([Li])cc1,Brc1ccccc1,COc1ccc(-c2ccccc2)cc1,,31.6,78.0,
Nagaki et al. 2010 - Cross-coupling in a flow microreactor - space integration of lithiation and Murahashi coupling,81.0,C-C coupling,tetrahydrofuran,,10.1002/anie.201002763,2010.0,tR2,,63.09573,,15.0,p-bromoanisole,n-BuLi,p-methoxyphenyllithium,bromobenzene,synthetic,p-methoxybiphenyl,0.1,0.42,1.1,,COc1ccc(Br)cc1,CCCC[Li],COc1ccc([Li])cc1,Brc1ccccc1,COc1ccc(-c2ccccc2)cc1,,100.0,81.0,
Nagaki et al. 2010 - Cross-coupling in a flow microreactor - space integration of lithiation and Murahashi coupling,22.0,C-C coupling,tetrahydrofuran,,10.1002/anie.201002763,2010.0,tR2,,1.0,,0.0,p-bromoanisole,n-BuLi,p-methoxyphenyllithium,bromobenzene,synthetic,p-methoxybiphenyl,0.1,0.42,1.1,,COc1ccc(Br)cc1,CCCC[Li],COc1ccc([Li])cc1,Brc1ccccc1,COc1ccc(-c2ccccc2)cc1,,1.0,,
Nagaki et al. 2010 - Cross-coupling in a flow microreactor - space integration of lithiation and Murahashi coupling,35.0,C-C coupling,tetrahydrofuran,,10.1002/anie.201002763,2010.0,tR2,,3.54813,,0.0,p-bromoanisole,n-BuLi,p-methoxyphenyllithium,bromobenzene,synthetic,p-methoxybiphenyl,0.1,0.42,1.1,,COc1ccc(Br)cc1,CCCC[Li],COc1ccc([Li])cc1,Brc1ccccc1,COc1ccc(-c2ccccc2)cc1,,3.16,35.0,
Nagaki et al. 2010 - Cross-coupling in a flow microreactor - space integration of lithiation and Murahashi coupling,47.0,C-C coupling,tetrahydrofuran,,10.1002/anie.201002763,2010.0,tR2,,14.12538,,0.0,p-bromoanisole,n-BuLi,p-methoxyphenyllithium,bromobenzene,synthetic,p-methoxybiphenyl,0.1,0.42,1.1,,COc1ccc(Br)cc1,CCCC[Li],COc1ccc([Li])cc1,Brc1ccccc1,COc1ccc(-c2ccccc2)cc1,,10.0,47.0,
Nagaki et al. 2010 - Cross-coupling in a flow microreactor - space integration of lithiation and Murahashi coupling,53.0,C-C coupling,tetrahydrofuran,,10.1002/anie.201002763,2010.0,tR2,,31.62278,,0.0,p-bromoanisole,n-BuLi,p-methoxyphenyllithium,bromobenzene,synthetic,p-methoxybiphenyl,0.1,0.42,1.1,,COc1ccc(Br)cc1,CCCC[Li],COc1ccc([Li])cc1,Brc1ccccc1,COc1ccc(-c2ccccc2)cc1,,31.6,53.0,
Nagaki et al. 2010 - Cross-coupling in a flow microreactor - space integration of lithiation and Murahashi coupling,65.0,C-C coupling,tetrahydrofuran,,10.1002/anie.201002763,2010.0,tR2,,63.09573,,0.0,p-bromoanisole,n-BuLi,p-methoxyphenyllithium,bromobenzene,synthetic,p-methoxybiphenyl,0.1,0.42,1.1,,COc1ccc(Br)cc1,CCCC[Li],COc1ccc([Li])cc1,Brc1ccccc1,COc1ccc(-c2ccccc2)cc1,,100.0,65.0,
Nagaki et al. 2010 - Cross-coupling in a flow microreactor - space integration of lithiation and Murahashi coupling,91.0,C-C coupling,tetrahydrofuran,,10.1002/anie.201002763,2010.0,tR2,,100.0,,70.0,p-bromoanisole,n-BuLi,p-methoxyphenyllithium,bromobenzene,synthetic,p-methoxybiphenyl,0.1,0.42,1.1,,COc1ccc(Br)cc1,CCCC[Li],COc1ccc([Li])cc1,Brc1ccccc1,COc1ccc(-c2ccccc2)cc1,,316.0,91.0,
Nagaki et al. 2010 - Cross-coupling in a flow microreactor - space integration of lithiation and Murahashi coupling,93.0,C-C coupling,tetrahydrofuran,,10.1002/anie.201002763,2010.0,tR2,,100.0,,50.0,p-bromoanisole,n-BuLi,p-methoxyphenyllithium,bromobenzene,synthetic,p-methoxybiphenyl,0.1,0.42,1.1,,COc1ccc(Br)cc1,CCCC[Li],COc1ccc([Li])cc1,Brc1ccccc1,COc1ccc(-c2ccccc2)cc1,,316.0,93.0,
Nagaki et al. 2010 - Cross-coupling in a flow microreactor - space integration of lithiation and Murahashi coupling,88.0,C-C coupling,tetrahydrofuran,,10.1002/anie.201002763,2010.0,tR2,,100.0,,30.0,p-bromoanisole,n-BuLi,p-methoxyphenyllithium,bromobenzene,synthetic,p-methoxybiphenyl,0.1,0.42,1.1,,COc1ccc(Br)cc1,CCCC[Li],COc1ccc([Li])cc1,Brc1ccccc1,COc1ccc(-c2ccccc2)cc1,,316.0,88.0,
Nagaki et al. 2010 - Cross-coupling in a flow microreactor - space integration of lithiation and Murahashi coupling,82.0,C-C coupling,tetrahydrofuran,,10.1002/anie.201002763,2010.0,tR2,,100.0,,15.0,p-bromoanisole,n-BuLi,p-methoxyphenyllithium,bromobenzene,synthetic,p-methoxybiphenyl,0.1,0.42,1.1,,COc1ccc(Br)cc1,CCCC[Li],COc1ccc([Li])cc1,Brc1ccccc1,COc1ccc(-c2ccccc2)cc1,,316.0,82.0,
Nagaki et al. 2010 - Cross-coupling in a flow microreactor - space integration of lithiation and Murahashi coupling,69.0,C-C coupling,tetrahydrofuran,,10.1002/anie.201002763,2010.0,tR2,,100.0,,0.0,p-bromoanisole,n-BuLi,p-methoxyphenyllithium,bromobenzene,synthetic,p-methoxybiphenyl,0.1,0.42,1.1,,COc1ccc(Br)cc1,CCCC[Li],COc1ccc([Li])cc1,Brc1ccccc1,COc1ccc(-c2ccccc2)cc1,,316.0,69.0,
Nagaki et al. 2010 - A flow microreactor system enables organolithium reactions without protecting alkoxycarbonyl groups,85.0,halogen-metal exchange,tetrahydrofuran,flow microreactor,10.1002/chem.201000876,2010.0,tR1,0.01334,,0.0,,tert-butyl p-bromobenzoate,s-BuLi,tert-butyl 4-(lithio)benzoate (aryllithium),ROH (alcohol quench),quench_probe,tert-butyl 4-(lithio)benzoate (aryllithium intermediate),0.1,0.42,1.1,,CC(C)(C)OC(=O)c1ccc(Br)cc1,CCC([Li])C,CC(C)(C)OC(=O)c1ccc([Li])cc1,CO,CC(C)(C)OC(=O)c1ccc([Li])cc1,0.0316,,85.0,
Nagaki et al. 2010 - A flow microreactor system enables organolithium reactions without protecting alkoxycarbonyl groups,82.0,halogen-metal exchange,tetrahydrofuran,flow microreactor,10.1002/chem.201000876,2010.0,tR1,0.05623,,0.0,,tert-butyl p-bromobenzoate,s-BuLi,tert-butyl 4-(lithio)benzoate (aryllithium),ROH (alcohol quench),quench_probe,tert-butyl 4-(lithio)benzoate (aryllithium intermediate),0.1,0.42,1.1,,CC(C)(C)OC(=O)c1ccc(Br)cc1,CCC([Li])C,CC(C)(C)OC(=O)c1ccc([Li])cc1,CO,CC(C)(C)OC(=O)c1ccc([Li])cc1,0.1,,,
Nagaki et al. 2010 - A flow microreactor system enables organolithium reactions without protecting alkoxycarbonyl groups,76.0,halogen-metal exchange,tetrahydrofuran,flow microreactor,10.1002/chem.201000876,2010.0,tR1,0.19953,,0.0,,tert-butyl p-bromobenzoate,s-BuLi,tert-butyl 4-(lithio)benzoate (aryllithium),ROH (alcohol quench),quench_probe,tert-butyl 4-(lithio)benzoate (aryllithium intermediate),0.1,0.42,1.1,,CC(C)(C)OC(=O)c1ccc(Br)cc1,CCC([Li])C,CC(C)(C)OC(=O)c1ccc([Li])cc1,CO,CC(C)(C)OC(=O)c1ccc([Li])cc1,0.316,,,
Nagaki et al. 2010 - A flow microreactor system enables organolithium reactions without protecting alkoxycarbonyl groups,66.0,halogen-metal exchange,tetrahydrofuran,flow microreactor,10.1002/chem.201000876,2010.0,tR1,0.38905,,0.0,,tert-butyl p-bromobenzoate,s-BuLi,tert-butyl 4-(lithio)benzoate (aryllithium),ROH (alcohol quench),quench_probe,tert-butyl 4-(lithio)benzoate (aryllithium intermediate),0.1,0.42,1.1,,CC(C)(C)OC(=O)c1ccc(Br)cc1,CCC([Li])C,CC(C)(C)OC(=O)c1ccc([Li])cc1,CO,CC(C)(C)OC(=O)c1ccc([Li])cc1,1.0,,,
Nagaki et al. 2010 - A flow microreactor system enables organolithium reactions without protecting alkoxycarbonyl groups,53.0,halogen-metal exchange,tetrahydrofuran,flow microreactor,10.1002/chem.201000876,2010.0,tR1,0.79433,,0.0,,tert-butyl p-bromobenzoate,s-BuLi,tert-butyl 4-(lithio)benzoate (aryllithium),ROH (alcohol quench),quench_probe,tert-butyl 4-(lithio)benzoate (aryllithium intermediate),0.1,0.42,1.1,,CC(C)(C)OC(=O)c1ccc(Br)cc1,CCC([Li])C,CC(C)(C)OC(=O)c1ccc([Li])cc1,CO,CC(C)(C)OC(=O)c1ccc([Li])cc1,3.16,,,
Nagaki et al. 2010 - A flow microreactor system enables organolithium reactions without protecting alkoxycarbonyl groups,7.0,halogen-metal exchange,tetrahydrofuran,flow microreactor,10.1002/chem.201000876,2010.0,tR1,5.62341,,0.0,,tert-butyl p-bromobenzoate,s-BuLi,tert-butyl 4-(lithio)benzoate (aryllithium),ROH (alcohol quench),quench_probe,tert-butyl 4-(lithio)benzoate (aryllithium intermediate),0.1,0.42,1.1,,CC(C)(C)OC(=O)c1ccc(Br)cc1,CCC([Li])C,CC(C)(C)OC(=O)c1ccc([Li])cc1,CO,CC(C)(C)OC(=O)c1ccc([Li])cc1,31.6,,7.0,
Nagaki et al. 2010 - A flow microreactor system enables organolithium reactions without protecting alkoxycarbonyl groups,94.0,halogen-metal exchange,tetrahydrofuran,flow microreactor,10.1002/chem.201000876,2010.0,tR1,0.01334,,-30.0,,tert-butyl p-bromobenzoate,s-BuLi,tert-butyl 4-(lithio)benzoate (aryllithium),ROH (alcohol quench),quench_probe,tert-butyl 4-(lithio)benzoate (aryllithium intermediate),0.1,0.42,1.1,,CC(C)(C)OC(=O)c1ccc(Br)cc1,CCC([Li])C,CC(C)(C)OC(=O)c1ccc([Li])cc1,CO,CC(C)(C)OC(=O)c1ccc([Li])cc1,0.0316,,94.0,
Nagaki et al. 2010 - A flow microreactor system enables organolithium reactions without protecting alkoxycarbonyl groups,95.0,halogen-metal exchange,tetrahydrofuran,flow microreactor,10.1002/chem.201000876,2010.0,tR1,0.05623,,-30.0,,tert-butyl p-bromobenzoate,s-BuLi,tert-butyl 4-(lithio)benzoate (aryllithium),ROH (alcohol quench),quench_probe,tert-butyl 4-(lithio)benzoate (aryllithium intermediate),0.1,0.42,1.1,,CC(C)(C)OC(=O)c1ccc(Br)cc1,CCC([Li])C,CC(C)(C)OC(=O)c1ccc([Li])cc1,CO,CC(C)(C)OC(=O)c1ccc([Li])cc1,0.1,,95.0,
Nagaki et al. 2010 - A flow microreactor system enables organolithium reactions without protecting alkoxycarbonyl groups,95.0,halogen-metal exchange,tetrahydrofuran,flow microreactor,10.1002/chem.201000876,2010.0,tR1,0.19953,,-30.0,,tert-butyl p-bromobenzoate,s-BuLi,tert-butyl 4-(lithio)benzoate (aryllithium),ROH (alcohol quench),quench_probe,tert-butyl 4-(lithio)benzoate (aryllithium intermediate),0.1,0.42,1.1,,CC(C)(C)OC(=O)c1ccc(Br)cc1,CCC([Li])C,CC(C)(C)OC(=O)c1ccc([Li])cc1,CO,CC(C)(C)OC(=O)c1ccc([Li])cc1,0.316,,95.0,
Nagaki et al. 2010 - A flow microreactor system enables organolithium reactions without protecting alkoxycarbonyl groups,94.0,halogen-metal exchange,tetrahydrofuran,flow microreactor,10.1002/chem.201000876,2010.0,tR1,0.38905,,-30.0,,tert-butyl p-bromobenzoate,s-BuLi,tert-butyl 4-(lithio)benzoate (aryllithium),ROH (alcohol quench),quench_probe,tert-butyl 4-(lithio)benzoate (aryllithium intermediate),0.1,0.42,1.1,,CC(C)(C)OC(=O)c1ccc(Br)cc1,CCC([Li])C,CC(C)(C)OC(=O)c1ccc([Li])cc1,CO,CC(C)(C)OC(=O)c1ccc([Li])cc1,1.0,,94.0,
Nagaki et al. 2010 - A flow microreactor system enables organolithium reactions without protecting alkoxycarbonyl groups,90.0,halogen-metal exchange,tetrahydrofuran,flow microreactor,10.1002/chem.201000876,2010.0,tR1,0.79433,,-30.0,,tert-butyl p-bromobenzoate,s-BuLi,tert-butyl 4-(lithio)benzoate (aryllithium),ROH (alcohol quench),quench_probe,tert-butyl 4-(lithio)benzoate (aryllithium intermediate),0.1,0.42,1.1,,CC(C)(C)OC(=O)c1ccc(Br)cc1,CCC([Li])C,CC(C)(C)OC(=O)c1ccc([Li])cc1,CO,CC(C)(C)OC(=O)c1ccc([Li])cc1,3.16,,90.0,
Nagaki et al. 2010 - A flow microreactor system enables organolithium reactions without protecting alkoxycarbonyl groups,74.0,halogen-metal exchange,tetrahydrofuran,flow microreactor,10.1002/chem.201000876,2010.0,tR1,5.62341,,-30.0,,tert-butyl p-bromobenzoate,s-BuLi,tert-butyl 4-(lithio)benzoate (aryllithium),ROH (alcohol quench),quench_probe,tert-butyl 4-(lithio)benzoate (aryllithium intermediate),0.1,0.42,1.1,,CC(C)(C)OC(=O)c1ccc(Br)cc1,CCC([Li])C,CC(C)(C)OC(=O)c1ccc([Li])cc1,CO,CC(C)(C)OC(=O)c1ccc([Li])cc1,31.6,,,
Nagaki et al. 2010 - A flow microreactor system enables organolithium reactions without protecting alkoxycarbonyl groups,91.0,halogen-metal exchange,tetrahydrofuran,flow microreactor,10.1002/chem.201000876,2010.0,tR1,0.01334,,-50.0,,tert-butyl p-bromobenzoate,s-BuLi,tert-butyl 4-(lithio)benzoate (aryllithium),ROH (alcohol quench),quench_probe,tert-butyl 4-(lithio)benzoate (aryllithium intermediate),0.1,0.42,1.1,,CC(C)(C)OC(=O)c1ccc(Br)cc1,CCC([Li])C,CC(C)(C)OC(=O)c1ccc([Li])cc1,CO,CC(C)(C)OC(=O)c1ccc([Li])cc1,0.0316,,91.0,
Nagaki et al. 2010 - A flow microreactor system enables organolithium reactions without protecting alkoxycarbonyl groups,92.0,halogen-metal exchange,tetrahydrofuran,flow microreactor,10.1002/chem.201000876,2010.0,tR1,0.05623,,-50.0,,tert-butyl p-bromobenzoate,s-BuLi,tert-butyl 4-(lithio)benzoate (aryllithium),ROH (alcohol quench),quench_probe,tert-butyl 4-(lithio)benzoate (aryllithium intermediate),0.1,0.42,1.1,,CC(C)(C)OC(=O)c1ccc(Br)cc1,CCC([Li])C,CC(C)(C)OC(=O)c1ccc([Li])cc1,CO,CC(C)(C)OC(=O)c1ccc([Li])cc1,0.1,,,
Nagaki et al. 2010 - A flow microreactor system enables organolithium reactions without protecting alkoxycarbonyl groups,93.0,halogen-metal exchange,tetrahydrofuran,flow microreactor,10.1002/chem.201000876,2010.0,tR1,0.19953,,-50.0,,tert-butyl p-bromobenzoate,s-BuLi,tert-butyl 4-(lithio)benzoate (aryllithium),ROH (alcohol quench),quench_probe,tert-butyl 4-(lithio)benzoate (aryllithium intermediate),0.1,0.42,1.1,,CC(C)(C)OC(=O)c1ccc(Br)cc1,CCC([Li])C,CC(C)(C)OC(=O)c1ccc([Li])cc1,CO,CC(C)(C)OC(=O)c1ccc([Li])cc1,0.316,,93.0,
Nagaki et al. 2010 - A flow microreactor system enables organolithium reactions without protecting alkoxycarbonyl groups,92.0,halogen-metal exchange,tetrahydrofuran,flow microreactor,10.1002/chem.201000876,2010.0,tR1,0.38905,,-50.0,,tert-butyl p-bromobenzoate,s-BuLi,tert-butyl 4-(lithio)benzoate (aryllithium),ROH (alcohol quench),quench_probe,tert-butyl 4-(lithio)benzoate (aryllithium intermediate),0.1,0.42,1.1,,CC(C)(C)OC(=O)c1ccc(Br)cc1,CCC([Li])C,CC(C)(C)OC(=O)c1ccc([Li])cc1,CO,CC(C)(C)OC(=O)c1ccc([Li])cc1,1.0,,,
Nagaki et al. 2010 - A flow microreactor system enables organolithium reactions without protecting alkoxycarbonyl groups,93.0,halogen-metal exchange,tetrahydrofuran,flow microreactor,10.1002/chem.201000876,2010.0,tR1,0.79433,,-50.0,,tert-butyl p-bromobenzoate,s-BuLi,tert-butyl 4-(lithio)benzoate (aryllithium),ROH (alcohol quench),quench_probe,tert-butyl 4-(lithio)benzoate (aryllithium intermediate),0.1,0.42,1.1,,CC(C)(C)OC(=O)c1ccc(Br)cc1,CCC([Li])C,CC(C)(C)OC(=O)c1ccc([Li])cc1,CO,CC(C)(C)OC(=O)c1ccc([Li])cc1,3.16,,93.0,
Nagaki et al. 2010 - A flow microreactor system enables organolithium reactions without protecting alkoxycarbonyl groups,89.0,halogen-metal exchange,tetrahydrofuran,flow microreactor,10.1002/chem.201000876,2010.0,tR1,5.62341,,-50.0,,tert-butyl p-bromobenzoate,s-BuLi,tert-butyl 4-(lithio)benzoate (aryllithium),ROH (alcohol quench),quench_probe,tert-butyl 4-(lithio)benzoate (aryllithium intermediate),0.1,0.42,1.1,,CC(C)(C)OC(=O)c1ccc(Br)cc1,CCC([Li])C,CC(C)(C)OC(=O)c1ccc([Li])cc1,CO,CC(C)(C)OC(=O)c1ccc([Li])cc1,31.6,,,
Nagaki et al. 2010 - A flow microreactor system enables organolithium reactions without protecting alkoxycarbonyl groups,92.0,halogen-metal exchange,tetrahydrofuran,flow microreactor,10.1002/chem.201000876,2010.0,tR1,0.01334,,-60.0,,tert-butyl p-bromobenzoate,s-BuLi,tert-butyl 4-(lithio)benzoate (aryllithium),ROH (alcohol quench),quench_probe,tert-butyl 4-(lithio)benzoate (aryllithium intermediate),0.1,0.42,1.1,,CC(C)(C)OC(=O)c1ccc(Br)cc1,CCC([Li])C,CC(C)(C)OC(=O)c1ccc([Li])cc1,CO,CC(C)(C)OC(=O)c1ccc([Li])cc1,0.0316,,92.0,
Nagaki et al. 2010 - A flow microreactor system enables organolithium reactions without protecting alkoxycarbonyl groups,90.0,halogen-metal exchange,tetrahydrofuran,flow microreactor,10.1002/chem.201000876,2010.0,tR1,0.05623,,-60.0,,tert-butyl p-bromobenzoate,s-BuLi,tert-butyl 4-(lithio)benzoate (aryllithium),ROH (alcohol quench),quench_probe,tert-butyl 4-(lithio)benzoate (aryllithium intermediate),0.1,0.42,1.1,,CC(C)(C)OC(=O)c1ccc(Br)cc1,CCC([Li])C,CC(C)(C)OC(=O)c1ccc([Li])cc1,CO,CC(C)(C)OC(=O)c1ccc([Li])cc1,0.1,,,
Nagaki et al. 2010 - A flow microreactor system enables organolithium reactions without protecting alkoxycarbonyl groups,93.0,halogen-metal exchange,tetrahydrofuran,flow microreactor,10.1002/chem.201000876,2010.0,tR1,0.19953,,-60.0,,tert-butyl p-bromobenzoate,s-BuLi,tert-butyl 4-(lithio)benzoate (aryllithium),ROH (alcohol quench),quench_probe,tert-butyl 4-(lithio)benzoate (aryllithium intermediate),0.1,0.42,1.1,,CC(C)(C)OC(=O)c1ccc(Br)cc1,CCC([Li])C,CC(C)(C)OC(=O)c1ccc([Li])cc1,CO,CC(C)(C)OC(=O)c1ccc([Li])cc1,0.316,,93.0,
Nagaki et al. 2010 - A flow microreactor system enables organolithium reactions without protecting alkoxycarbonyl groups,90.0,halogen-metal exchange,tetrahydrofuran,flow microreactor,10.1002/chem.201000876,2010.0,tR1,0.38905,,-60.0,,tert-butyl p-bromobenzoate,s-BuLi,tert-butyl 4-(lithio)benzoate (aryllithium),ROH (alcohol quench),quench_probe,tert-butyl 4-(lithio)benzoate (aryllithium intermediate),0.1,0.42,1.1,,CC(C)(C)OC(=O)c1ccc(Br)cc1,CCC([Li])C,CC(C)(C)OC(=O)c1ccc([Li])cc1,CO,CC(C)(C)OC(=O)c1ccc([Li])cc1,1.0,,,
Nagaki et al. 2010 - A flow microreactor system enables organolithium reactions without protecting alkoxycarbonyl groups,93.0,halogen-metal exchange,tetrahydrofuran,flow microreactor,10.1002/chem.201000876,2010.0,tR1,0.79433,,-60.0,,tert-butyl p-bromobenzoate,s-BuLi,tert-butyl 4-(lithio)benzoate (aryllithium),ROH (alcohol quench),quench_probe,tert-butyl 4-(lithio)benzoate (aryllithium intermediate),0.1,0.42,1.1,,CC(C)(C)OC(=O)c1ccc(Br)cc1,CCC([Li])C,CC(C)(C)OC(=O)c1ccc([Li])cc1,CO,CC(C)(C)OC(=O)c1ccc([Li])cc1,3.16,,93.0,
Nagaki et al. 2010 - A flow microreactor system enables organolithium reactions without protecting alkoxycarbonyl groups,92.0,halogen-metal exchange,tetrahydrofuran,flow microreactor,10.1002/chem.201000876,2010.0,tR1,5.62341,,-60.0,,tert-butyl p-bromobenzoate,s-BuLi,tert-butyl 4-(lithio)benzoate (aryllithium),ROH (alcohol quench),quench_probe,tert-butyl 4-(lithio)benzoate (aryllithium intermediate),0.1,0.42,1.1,,CC(C)(C)OC(=O)c1ccc(Br)cc1,CCC([Li])C,CC(C)(C)OC(=O)c1ccc([Li])cc1,CO,CC(C)(C)OC(=O)c1ccc([Li])cc1,31.6,,92.0,
Nagaki et al. 2010 - A flow microreactor system enables organolithium reactions without protecting alkoxycarbonyl groups,77.0,halogen-metal exchange,tetrahydrofuran,flow microreactor,10.1002/chem.201000876,2010.0,tR1,0.01334,,-78.0,,tert-butyl p-bromobenzoate,s-BuLi,tert-butyl 4-(lithio)benzoate (aryllithium),ROH (alcohol quench),quench_probe,tert-butyl 4-(lithio)benzoate (aryllithium intermediate),0.1,0.42,1.1,,CC(C)(C)OC(=O)c1ccc(Br)cc1,CCC([Li])C,CC(C)(C)OC(=O)c1ccc([Li])cc1,CO,CC(C)(C)OC(=O)c1ccc([Li])cc1,0.0316,,,
Nagaki et al. 2010 - A flow microreactor system enables organolithium reactions without protecting alkoxycarbonyl groups,60.0,halogen-metal exchange,tetrahydrofuran,flow microreactor,10.1002/chem.201000876,2010.0,tR1,0.05623,,-78.0,,tert-butyl p-bromobenzoate,s-BuLi,tert-butyl 4-(lithio)benzoate (aryllithium),ROH (alcohol quench),quench_probe,tert-butyl 4-(lithio)benzoate (aryllithium intermediate),0.1,0.42,1.1,,CC(C)(C)OC(=O)c1ccc(Br)cc1,CCC([Li])C,CC(C)(C)OC(=O)c1ccc([Li])cc1,CO,CC(C)(C)OC(=O)c1ccc([Li])cc1,0.1,,60.0,
Nagaki et al. 2010 - A flow microreactor system enables organolithium reactions without protecting alkoxycarbonyl groups,67.0,halogen-metal exchange,tetrahydrofuran,flow microreactor,10.1002/chem.201000876,2010.0,tR1,0.19953,,-78.0,,tert-butyl p-bromobenzoate,s-BuLi,tert-butyl 4-(lithio)benzoate (aryllithium),ROH (alcohol quench),quench_probe,tert-butyl 4-(lithio)benzoate (aryllithium intermediate),0.1,0.42,1.1,,CC(C)(C)OC(=O)c1ccc(Br)cc1,CCC([Li])C,CC(C)(C)OC(=O)c1ccc([Li])cc1,CO,CC(C)(C)OC(=O)c1ccc([Li])cc1,0.316,,67.0,
Nagaki et al. 2010 - A flow microreactor system enables organolithium reactions without protecting alkoxycarbonyl groups,72.0,halogen-metal exchange,tetrahydrofuran,flow microreactor,10.1002/chem.201000876,2010.0,tR1,0.38905,,-78.0,,tert-butyl p-bromobenzoate,s-BuLi,tert-butyl 4-(lithio)benzoate (aryllithium),ROH (alcohol quench),quench_probe,tert-butyl 4-(lithio)benzoate (aryllithium intermediate),0.1,0.42,1.1,,CC(C)(C)OC(=O)c1ccc(Br)cc1,CCC([Li])C,CC(C)(C)OC(=O)c1ccc([Li])cc1,CO,CC(C)(C)OC(=O)c1ccc([Li])cc1,1.0,,,
Nagaki et al. 2010 - A flow microreactor system enables organolithium reactions without protecting alkoxycarbonyl groups,76.0,halogen-metal exchange,tetrahydrofuran,flow microreactor,10.1002/chem.201000876,2010.0,tR1,0.79433,,-78.0,,tert-butyl p-bromobenzoate,s-BuLi,tert-butyl 4-(lithio)benzoate (aryllithium),ROH (alcohol quench),quench_probe,tert-butyl 4-(lithio)benzoate (aryllithium intermediate),0.1,0.42,1.1,,CC(C)(C)OC(=O)c1ccc(Br)cc1,CCC([Li])C,CC(C)(C)OC(=O)c1ccc([Li])cc1,CO,CC(C)(C)OC(=O)c1ccc([Li])cc1,3.16,,76.0,
Nagaki et al. 2010 - A flow microreactor system enables organolithium reactions without protecting alkoxycarbonyl groups,84.0,halogen-metal exchange,tetrahydrofuran,flow microreactor,10.1002/chem.201000876,2010.0,tR1,5.62341,,-78.0,,tert-butyl p-bromobenzoate,s-BuLi,tert-butyl 4-(lithio)benzoate (aryllithium),ROH (alcohol quench),quench_probe,tert-butyl 4-(lithio)benzoate (aryllithium intermediate),0.1,0.42,1.1,,CC(C)(C)OC(=O)c1ccc(Br)cc1,CCC([Li])C,CC(C)(C)OC(=O)c1ccc([Li])cc1,CO,CC(C)(C)OC(=O)c1ccc([Li])cc1,31.6,,,
Nagaki et al. 2010 - A flow microreactor system enables organolithium reactions without protecting alkoxycarbonyl groups,10.0,halogen-metal exchange,tetrahydrofuran,flow microreactor,10.1002/chem.201000876,2010.0,tR1,0.01334,,0.0,,tert-butyl p-bromobenzoate,s-BuLi,tert-butyl 4-(lithio)benzoate (aryllithium),ROH (alcohol quench),quench_probe,tert-butyl 4-(lithio)benzoate (aryllithium intermediate),0.1,0.42,1.1,,CC(C)(C)OC(=O)c1ccc(Br)cc1,CCC([Li])C,CC(C)(C)OC(=O)c1ccc([Li])cc1,CO,CC(C)(C)OC(=O)c1ccc([Li])cc1,0.0316,,10.0,
Nagaki et al. 2010 - A flow microreactor system enables organolithium reactions without protecting alkoxycarbonyl groups,7.0,halogen-metal exchange,tetrahydrofuran,flow microreactor,10.1002/chem.201000876,2010.0,tR1,0.05623,,0.0,,tert-butyl p-bromobenzoate,s-BuLi,tert-butyl 4-(lithio)benzoate (aryllithium),ROH (alcohol quench),quench_probe,tert-butyl 4-(lithio)benzoate (aryllithium intermediate),0.1,0.42,1.1,,CC(C)(C)OC(=O)c1ccc(Br)cc1,CCC([Li])C,CC(C)(C)OC(=O)c1ccc([Li])cc1,CO,CC(C)(C)OC(=O)c1ccc([Li])cc1,0.1,,7.0,
Nagaki et al. 2010 - A flow microreactor system enables organolithium reactions without protecting alkoxycarbonyl groups,5.0,halogen-metal exchange,tetrahydrofuran,flow microreactor,10.1002/chem.201000876,2010.0,tR1,0.19953,,0.0,,tert-butyl p-bromobenzoate,s-BuLi,tert-butyl 4-(lithio)benzoate (aryllithium),ROH (alcohol quench),quench_probe,tert-butyl 4-(lithio)benzoate (aryllithium intermediate),0.1,0.42,1.1,,CC(C)(C)OC(=O)c1ccc(Br)cc1,CCC([Li])C,CC(C)(C)OC(=O)c1ccc([Li])cc1,CO,CC(C)(C)OC(=O)c1ccc([Li])cc1,0.316,,5.0,
Nagaki et al. 2010 - A flow microreactor system enables organolithium reactions without protecting alkoxycarbonyl groups,4.0,halogen-metal exchange,tetrahydrofuran,flow microreactor,10.1002/chem.201000876,2010.0,tR1,0.38905,,0.0,,tert-butyl p-bromobenzoate,s-BuLi,tert-butyl 4-(lithio)benzoate (aryllithium),ROH (alcohol quench),quench_probe,tert-butyl 4-(lithio)benzoate (aryllithium intermediate),0.1,0.42,1.1,,CC(C)(C)OC(=O)c1ccc(Br)cc1,CCC([Li])C,CC(C)(C)OC(=O)c1ccc([Li])cc1,CO,CC(C)(C)OC(=O)c1ccc([Li])cc1,1.0,,4.0,
Nagaki et al. 2010 - A flow microreactor system enables organolithium reactions without protecting alkoxycarbonyl groups,4.0,halogen-metal exchange,tetrahydrofuran,flow microreactor,10.1002/chem.201000876,2010.0,tR1,0.79433,,0.0,,tert-butyl p-bromobenzoate,s-BuLi,tert-butyl 4-(lithio)benzoate (aryllithium),ROH (alcohol quench),quench_probe,tert-butyl 4-(lithio)benzoate (aryllithium intermediate),0.1,0.42,1.1,,CC(C)(C)OC(=O)c1ccc(Br)cc1,CCC([Li])C,CC(C)(C)OC(=O)c1ccc([Li])cc1,CO,CC(C)(C)OC(=O)c1ccc([Li])cc1,3.16,,4.0,
Nagaki et al. 2010 - A flow microreactor system enables organolithium reactions without protecting alkoxycarbonyl groups,5.0,halogen-metal exchange,tetrahydrofuran,flow microreactor,10.1002/chem.201000876,2010.0,tR1,5.62341,,0.0,,tert-butyl p-bromobenzoate,s-BuLi,tert-butyl 4-(lithio)benzoate (aryllithium),ROH (alcohol quench),quench_probe,tert-butyl 4-(lithio)benzoate (aryllithium intermediate),0.1,0.42,1.1,,CC(C)(C)OC(=O)c1ccc(Br)cc1,CCC([Li])C,CC(C)(C)OC(=O)c1ccc([Li])cc1,CO,CC(C)(C)OC(=O)c1ccc([Li])cc1,31.6,,5.0,
Nagaki et al. 2010 - A flow microreactor system enables organolithium reactions without protecting alkoxycarbonyl groups,56.0,halogen-metal exchange,tetrahydrofuran,flow microreactor,10.1002/chem.201000876,2010.0,tR1,0.01334,,-30.0,,tert-butyl p-bromobenzoate,s-BuLi,tert-butyl 4-(lithio)benzoate (aryllithium),ROH (alcohol quench),quench_probe,tert-butyl 4-(lithio)benzoate (aryllithium intermediate),0.1,0.42,1.1,,CC(C)(C)OC(=O)c1ccc(Br)cc1,CCC([Li])C,CC(C)(C)OC(=O)c1ccc([Li])cc1,CO,CC(C)(C)OC(=O)c1ccc([Li])cc1,0.0316,,56.0,
Nagaki et al. 2010 - A flow microreactor system enables organolithium reactions without protecting alkoxycarbonyl groups,45.0,halogen-metal exchange,tetrahydrofuran,flow microreactor,10.1002/chem.201000876,2010.0,tR1,0.05623,,-30.0,,tert-butyl p-bromobenzoate,s-BuLi,tert-butyl 4-(lithio)benzoate (aryllithium),ROH (alcohol quench),quench_probe,tert-butyl 4-(lithio)benzoate (aryllithium intermediate),0.1,0.42,1.1,,CC(C)(C)OC(=O)c1ccc(Br)cc1,CCC([Li])C,CC(C)(C)OC(=O)c1ccc([Li])cc1,CO,CC(C)(C)OC(=O)c1ccc([Li])cc1,0.1,,45.0,
Nagaki et al. 2010 - A flow microreactor system enables organolithium reactions without protecting alkoxycarbonyl groups,11.0,halogen-metal exchange,tetrahydrofuran,flow microreactor,10.1002/chem.201000876,2010.0,tR1,0.19953,,-30.0,,tert-butyl p-bromobenzoate,s-BuLi,tert-butyl 4-(lithio)benzoate (aryllithium),ROH (alcohol quench),quench_probe,tert-butyl 4-(lithio)benzoate (aryllithium intermediate),0.1,0.42,1.1,,CC(C)(C)OC(=O)c1ccc(Br)cc1,CCC([Li])C,CC(C)(C)OC(=O)c1ccc([Li])cc1,CO,CC(C)(C)OC(=O)c1ccc([Li])cc1,0.316,,11.0,
Nagaki et al. 2010 - A flow microreactor system enables organolithium reactions without protecting alkoxycarbonyl groups,8.0,halogen-metal exchange,tetrahydrofuran,flow microreactor,10.1002/chem.201000876,2010.0,tR1,0.38905,,-30.0,,tert-butyl p-bromobenzoate,s-BuLi,tert-butyl 4-(lithio)benzoate (aryllithium),ROH (alcohol quench),quench_probe,tert-butyl 4-(lithio)benzoate (aryllithium intermediate),0.1,0.42,1.1,,CC(C)(C)OC(=O)c1ccc(Br)cc1,CCC([Li])C,CC(C)(C)OC(=O)c1ccc([Li])cc1,CO,CC(C)(C)OC(=O)c1ccc([Li])cc1,1.0,,8.0,
Nagaki et al. 2010 - A flow microreactor system enables organolithium reactions without protecting alkoxycarbonyl groups,5.0,halogen-metal exchange,tetrahydrofuran,flow microreactor,10.1002/chem.201000876,2010.0,tR1,0.79433,,-30.0,,tert-butyl p-bromobenzoate,s-BuLi,tert-butyl 4-(lithio)benzoate (aryllithium),ROH (alcohol quench),quench_probe,tert-butyl 4-(lithio)benzoate (aryllithium intermediate),0.1,0.42,1.1,,CC(C)(C)OC(=O)c1ccc(Br)cc1,CCC([Li])C,CC(C)(C)OC(=O)c1ccc([Li])cc1,CO,CC(C)(C)OC(=O)c1ccc([Li])cc1,3.16,,5.0,
Nagaki et al. 2010 - A flow microreactor system enables organolithium reactions without protecting alkoxycarbonyl groups,3.0,halogen-metal exchange,tetrahydrofuran,flow microreactor,10.1002/chem.201000876,2010.0,tR1,5.62341,,-30.0,,tert-butyl p-bromobenzoate,s-BuLi,tert-butyl 4-(lithio)benzoate (aryllithium),ROH (alcohol quench),quench_probe,tert-butyl 4-(lithio)benzoate (aryllithium intermediate),0.1,0.42,1.1,,CC(C)(C)OC(=O)c1ccc(Br)cc1,CCC([Li])C,CC(C)(C)OC(=O)c1ccc([Li])cc1,CO,CC(C)(C)OC(=O)c1ccc([Li])cc1,31.6,,3.0,
Nagaki et al. 2010 - A flow microreactor system enables organolithium reactions without protecting alkoxycarbonyl groups,78.0,halogen-metal exchange,tetrahydrofuran,flow microreactor,10.1002/chem.201000876,2010.0,tR1,0.01334,,-50.0,,tert-butyl p-bromobenzoate,s-BuLi,tert-butyl 4-(lithio)benzoate (aryllithium),ROH (alcohol quench),quench_probe,tert-butyl 4-(lithio)benzoate (aryllithium intermediate),0.1,0.42,1.1,,CC(C)(C)OC(=O)c1ccc(Br)cc1,CCC([Li])C,CC(C)(C)OC(=O)c1ccc([Li])cc1,CO,CC(C)(C)OC(=O)c1ccc([Li])cc1,0.0316,,78.0,
Nagaki et al. 2010 - A flow microreactor system enables organolithium reactions without protecting alkoxycarbonyl groups,64.0,halogen-metal exchange,tetrahydrofuran,flow microreactor,10.1002/chem.201000876,2010.0,tR1,0.05623,,-50.0,,tert-butyl p-bromobenzoate,s-BuLi,tert-butyl 4-(lithio)benzoate (aryllithium),ROH (alcohol quench),quench_probe,tert-butyl 4-(lithio)benzoate (aryllithium intermediate),0.1,0.42,1.1,,CC(C)(C)OC(=O)c1ccc(Br)cc1,CCC([Li])C,CC(C)(C)OC(=O)c1ccc([Li])cc1,CO,CC(C)(C)OC(=O)c1ccc([Li])cc1,0.1,,64.0,
Nagaki et al. 2010 - A flow microreactor system enables organolithium reactions without protecting alkoxycarbonyl groups,61.0,halogen-metal exchange,tetrahydrofuran,flow microreactor,10.1002/chem.201000876,2010.0,tR1,0.19953,,-50.0,,tert-butyl p-bromobenzoate,s-BuLi,tert-butyl 4-(lithio)benzoate (aryllithium),ROH (alcohol quench),quench_probe,tert-butyl 4-(lithio)benzoate (aryllithium intermediate),0.1,0.42,1.1,,CC(C)(C)OC(=O)c1ccc(Br)cc1,CCC([Li])C,CC(C)(C)OC(=O)c1ccc([Li])cc1,CO,CC(C)(C)OC(=O)c1ccc([Li])cc1,0.316,,61.0,
Nagaki et al. 2010 - A flow microreactor system enables organolithium reactions without protecting alkoxycarbonyl groups,46.0,halogen-metal exchange,tetrahydrofuran,flow microreactor,10.1002/chem.201000876,2010.0,tR1,0.38905,,-50.0,,tert-butyl p-bromobenzoate,s-BuLi,tert-butyl 4-(lithio)benzoate (aryllithium),ROH (alcohol quench),quench_probe,tert-butyl 4-(lithio)benzoate (aryllithium intermediate),0.1,0.42,1.1,,CC(C)(C)OC(=O)c1ccc(Br)cc1,CCC([Li])C,CC(C)(C)OC(=O)c1ccc([Li])cc1,CO,CC(C)(C)OC(=O)c1ccc([Li])cc1,1.0,,46.0,
Nagaki et al. 2010 - A flow microreactor system enables organolithium reactions without protecting alkoxycarbonyl groups,16.0,halogen-metal exchange,tetrahydrofuran,flow microreactor,10.1002/chem.201000876,2010.0,tR1,0.79433,,-50.0,,tert-butyl p-bromobenzoate,s-BuLi,tert-butyl 4-(lithio)benzoate (aryllithium),ROH (alcohol quench),quench_probe,tert-butyl 4-(lithio)benzoate (aryllithium intermediate),0.1,0.42,1.1,,CC(C)(C)OC(=O)c1ccc(Br)cc1,CCC([Li])C,CC(C)(C)OC(=O)c1ccc([Li])cc1,CO,CC(C)(C)OC(=O)c1ccc([Li])cc1,3.16,,16.0,
Nagaki et al. 2010 - A flow microreactor system enables organolithium reactions without protecting alkoxycarbonyl groups,4.0,halogen-metal exchange,tetrahydrofuran,flow microreactor,10.1002/chem.201000876,2010.0,tR1,5.62341,,-50.0,,tert-butyl p-bromobenzoate,s-BuLi,tert-butyl 4-(lithio)benzoate (aryllithium),ROH (alcohol quench),quench_probe,tert-butyl 4-(lithio)benzoate (aryllithium intermediate),0.1,0.42,1.1,,CC(C)(C)OC(=O)c1ccc(Br)cc1,CCC([Li])C,CC(C)(C)OC(=O)c1ccc([Li])cc1,CO,CC(C)(C)OC(=O)c1ccc([Li])cc1,31.6,,4.0,
Nagaki et al. 2010 - A flow microreactor system enables organolithium reactions without protecting alkoxycarbonyl groups,81.0,halogen-metal exchange,tetrahydrofuran,flow microreactor,10.1002/chem.201000876,2010.0,tR1,0.01334,,-60.0,,tert-butyl p-bromobenzoate,s-BuLi,tert-butyl 4-(lithio)benzoate (aryllithium),ROH (alcohol quench),quench_probe,tert-butyl 4-(lithio)benzoate (aryllithium intermediate),0.1,0.42,1.1,,CC(C)(C)OC(=O)c1ccc(Br)cc1,CCC([Li])C,CC(C)(C)OC(=O)c1ccc([Li])cc1,CO,CC(C)(C)OC(=O)c1ccc([Li])cc1,0.0316,,81.0,
Nagaki et al. 2010 - A flow microreactor system enables organolithium reactions without protecting alkoxycarbonyl groups,68.0,halogen-metal exchange,tetrahydrofuran,flow microreactor,10.1002/chem.201000876,2010.0,tR1,0.05623,,-60.0,,tert-butyl p-bromobenzoate,s-BuLi,tert-butyl 4-(lithio)benzoate (aryllithium),ROH (alcohol quench),quench_probe,tert-butyl 4-(lithio)benzoate (aryllithium intermediate),0.1,0.42,1.1,,CC(C)(C)OC(=O)c1ccc(Br)cc1,CCC([Li])C,CC(C)(C)OC(=O)c1ccc([Li])cc1,CO,CC(C)(C)OC(=O)c1ccc([Li])cc1,0.1,,68.0,
Nagaki et al. 2010 - A flow microreactor system enables organolithium reactions without protecting alkoxycarbonyl groups,64.0,halogen-metal exchange,tetrahydrofuran,flow microreactor,10.1002/chem.201000876,2010.0,tR1,0.19953,,-60.0,,tert-butyl p-bromobenzoate,s-BuLi,tert-butyl 4-(lithio)benzoate (aryllithium),ROH (alcohol quench),quench_probe,tert-butyl 4-(lithio)benzoate (aryllithium intermediate),0.1,0.42,1.1,,CC(C)(C)OC(=O)c1ccc(Br)cc1,CCC([Li])C,CC(C)(C)OC(=O)c1ccc([Li])cc1,CO,CC(C)(C)OC(=O)c1ccc([Li])cc1,0.316,,64.0,
Nagaki et al. 2010 - A flow microreactor system enables organolithium reactions without protecting alkoxycarbonyl groups,53.0,halogen-metal exchange,tetrahydrofuran,flow microreactor,10.1002/chem.201000876,2010.0,tR1,0.38905,,-60.0,,tert-butyl p-bromobenzoate,s-BuLi,tert-butyl 4-(lithio)benzoate (aryllithium),ROH (alcohol quench),quench_probe,tert-butyl 4-(lithio)benzoate (aryllithium intermediate),0.1,0.42,1.1,,CC(C)(C)OC(=O)c1ccc(Br)cc1,CCC([Li])C,CC(C)(C)OC(=O)c1ccc([Li])cc1,CO,CC(C)(C)OC(=O)c1ccc([Li])cc1,1.0,,53.0,
Nagaki et al. 2010 - A flow microreactor system enables organolithium reactions without protecting alkoxycarbonyl groups,47.0,halogen-metal exchange,tetrahydrofuran,flow microreactor,10.1002/chem.201000876,2010.0,tR1,0.79433,,-60.0,,tert-butyl p-bromobenzoate,s-BuLi,tert-butyl 4-(lithio)benzoate (aryllithium),ROH (alcohol quench),quench_probe,tert-butyl 4-(lithio)benzoate (aryllithium intermediate),0.1,0.42,1.1,,CC(C)(C)OC(=O)c1ccc(Br)cc1,CCC([Li])C,CC(C)(C)OC(=O)c1ccc([Li])cc1,CO,CC(C)(C)OC(=O)c1ccc([Li])cc1,3.16,,47.0,
Nagaki et al. 2010 - A flow microreactor system enables organolithium reactions without protecting alkoxycarbonyl groups,7.0,halogen-metal exchange,tetrahydrofuran,flow microreactor,10.1002/chem.201000876,2010.0,tR1,5.62341,,-60.0,,tert-butyl p-bromobenzoate,s-BuLi,tert-butyl 4-(lithio)benzoate (aryllithium),ROH (alcohol quench),quench_probe,tert-butyl 4-(lithio)benzoate (aryllithium intermediate),0.1,0.42,1.1,,CC(C)(C)OC(=O)c1ccc(Br)cc1,CCC([Li])C,CC(C)(C)OC(=O)c1ccc([Li])cc1,CO,CC(C)(C)OC(=O)c1ccc([Li])cc1,31.6,,,
Nagaki et al. 2010 - A flow microreactor system enables organolithium reactions without protecting alkoxycarbonyl groups,80.0,halogen-metal exchange,tetrahydrofuran,flow microreactor,10.1002/chem.201000876,2010.0,tR1,0.01334,,-78.0,,tert-butyl p-bromobenzoate,s-BuLi,tert-butyl 4-(lithio)benzoate (aryllithium),ROH (alcohol quench),quench_probe,tert-butyl 4-(lithio)benzoate (aryllithium intermediate),0.1,0.42,1.1,,CC(C)(C)OC(=O)c1ccc(Br)cc1,CCC([Li])C,CC(C)(C)OC(=O)c1ccc([Li])cc1,CO,CC(C)(C)OC(=O)c1ccc([Li])cc1,0.0316,,80.0,
Nagaki et al. 2010 - A flow microreactor system enables organolithium reactions without protecting alkoxycarbonyl groups,67.0,halogen-metal exchange,tetrahydrofuran,flow microreactor,10.1002/chem.201000876,2010.0,tR1,0.05623,,-78.0,,tert-butyl p-bromobenzoate,s-BuLi,tert-butyl 4-(lithio)benzoate (aryllithium),ROH (alcohol quench),quench_probe,tert-butyl 4-(lithio)benzoate (aryllithium intermediate),0.1,0.42,1.1,,CC(C)(C)OC(=O)c1ccc(Br)cc1,CCC([Li])C,CC(C)(C)OC(=O)c1ccc([Li])cc1,CO,CC(C)(C)OC(=O)c1ccc([Li])cc1,0.1,,67.0,
Nagaki et al. 2010 - A flow microreactor system enables organolithium reactions without protecting alkoxycarbonyl groups,63.0,halogen-metal exchange,tetrahydrofuran,flow microreactor,10.1002/chem.201000876,2010.0,tR1,0.19953,,-78.0,,tert-butyl p-bromobenzoate,s-BuLi,tert-butyl 4-(lithio)benzoate (aryllithium),ROH (alcohol quench),quench_probe,tert-butyl 4-(lithio)benzoate (aryllithium intermediate),0.1,0.42,1.1,,CC(C)(C)OC(=O)c1ccc(Br)cc1,CCC([Li])C,CC(C)(C)OC(=O)c1ccc([Li])cc1,CO,CC(C)(C)OC(=O)c1ccc([Li])cc1,0.316,,63.0,
Nagaki et al. 2010 - A flow microreactor system enables organolithium reactions without protecting alkoxycarbonyl groups,64.0,halogen-metal exchange,tetrahydrofuran,flow microreactor,10.1002/chem.201000876,2010.0,tR1,0.38905,,-78.0,,tert-butyl p-bromobenzoate,s-BuLi,tert-butyl 4-(lithio)benzoate (aryllithium),ROH (alcohol quench),quench_probe,tert-butyl 4-(lithio)benzoate (aryllithium intermediate),0.1,0.42,1.1,,CC(C)(C)OC(=O)c1ccc(Br)cc1,CCC([Li])C,CC(C)(C)OC(=O)c1ccc([Li])cc1,CO,CC(C)(C)OC(=O)c1ccc([Li])cc1,1.0,,64.0,
Nagaki et al. 2010 - A flow microreactor system enables organolithium reactions without protecting alkoxycarbonyl groups,67.0,halogen-metal exchange,tetrahydrofuran,flow microreactor,10.1002/chem.201000876,2010.0,tR1,0.79433,,-78.0,,tert-butyl p-bromobenzoate,s-BuLi,tert-butyl 4-(lithio)benzoate (aryllithium),ROH (alcohol quench),quench_probe,tert-butyl 4-(lithio)benzoate (aryllithium intermediate),0.1,0.42,1.1,,CC(C)(C)OC(=O)c1ccc(Br)cc1,CCC([Li])C,CC(C)(C)OC(=O)c1ccc([Li])cc1,CO,CC(C)(C)OC(=O)c1ccc([Li])cc1,3.16,,67.0,
Nagaki et al. 2010 - A flow microreactor system enables organolithium reactions without protecting alkoxycarbonyl groups,55.0,halogen-metal exchange,tetrahydrofuran,flow microreactor,10.1002/chem.201000876,2010.0,tR1,5.62341,,-78.0,,tert-butyl p-bromobenzoate,s-BuLi,tert-butyl 4-(lithio)benzoate (aryllithium),ROH (alcohol quench),quench_probe,tert-butyl 4-(lithio)benzoate (aryllithium intermediate),0.1,0.42,1.1,,CC(C)(C)OC(=O)c1ccc(Br)cc1,CCC([Li])C,CC(C)(C)OC(=O)c1ccc([Li])cc1,CO,CC(C)(C)OC(=O)c1ccc([Li])cc1,31.6,,55.0,
Nagaki et al. 2010 - A flow microreactor system enables organolithium reactions without protecting alkoxycarbonyl groups,40.0,halogen-metal exchange,tetrahydrofuran,flow microreactor,10.1002/chem.201000876,2010.0,tR1,0.01334,,0.0,,tert-butyl p-bromobenzoate,s-BuLi,tert-butyl 4-(lithio)benzoate (aryllithium),ROH (alcohol quench),quench_probe,tert-butyl 4-(lithio)benzoate (aryllithium intermediate),0.1,0.42,1.1,,CC(C)(C)OC(=O)c1ccc(Br)cc1,CCC([Li])C,CC(C)(C)OC(=O)c1ccc([Li])cc1,CO,CC(C)(C)OC(=O)c1ccc([Li])cc1,0.0316,,,
Nagaki et al. 2010 - A flow microreactor system enables organolithium reactions without protecting alkoxycarbonyl groups,28.0,halogen-metal exchange,tetrahydrofuran,flow microreactor,10.1002/chem.201000876,2010.0,tR1,0.05623,,0.0,,tert-butyl p-bromobenzoate,s-BuLi,tert-butyl 4-(lithio)benzoate (aryllithium),ROH (alcohol quench),quench_probe,tert-butyl 4-(lithio)benzoate (aryllithium intermediate),0.1,0.42,1.1,,CC(C)(C)OC(=O)c1ccc(Br)cc1,CCC([Li])C,CC(C)(C)OC(=O)c1ccc([Li])cc1,CO,CC(C)(C)OC(=O)c1ccc([Li])cc1,0.1,,,
Nagaki et al. 2010 - A flow microreactor system enables organolithium reactions without protecting alkoxycarbonyl groups,11.0,halogen-metal exchange,tetrahydrofuran,flow microreactor,10.1002/chem.201000876,2010.0,tR1,0.19953,,0.0,,tert-butyl p-bromobenzoate,s-BuLi,tert-butyl 4-(lithio)benzoate (aryllithium),ROH (alcohol quench),quench_probe,tert-butyl 4-(lithio)benzoate (aryllithium intermediate),0.1,0.42,1.1,,CC(C)(C)OC(=O)c1ccc(Br)cc1,CCC([Li])C,CC(C)(C)OC(=O)c1ccc([Li])cc1,CO,CC(C)(C)OC(=O)c1ccc([Li])cc1,0.316,,,
Nagaki et al. 2010 - A flow microreactor system enables organolithium reactions without protecting alkoxycarbonyl groups,8.0,halogen-metal exchange,tetrahydrofuran,flow microreactor,10.1002/chem.201000876,2010.0,tR1,0.38905,,0.0,,tert-butyl p-bromobenzoate,s-BuLi,tert-butyl 4-(lithio)benzoate (aryllithium),ROH (alcohol quench),quench_probe,tert-butyl 4-(lithio)benzoate (aryllithium intermediate),0.1,0.42,1.1,,CC(C)(C)OC(=O)c1ccc(Br)cc1,CCC([Li])C,CC(C)(C)OC(=O)c1ccc([Li])cc1,CO,CC(C)(C)OC(=O)c1ccc([Li])cc1,1.0,,,
Nagaki et al. 2010 - A flow microreactor system enables organolithium reactions without protecting alkoxycarbonyl groups,7.0,halogen-metal exchange,tetrahydrofuran,flow microreactor,10.1002/chem.201000876,2010.0,tR1,0.79433,,0.0,,tert-butyl p-bromobenzoate,s-BuLi,tert-butyl 4-(lithio)benzoate (aryllithium),ROH (alcohol quench),quench_probe,tert-butyl 4-(lithio)benzoate (aryllithium intermediate),0.1,0.42,1.1,,CC(C)(C)OC(=O)c1ccc(Br)cc1,CCC([Li])C,CC(C)(C)OC(=O)c1ccc([Li])cc1,CO,CC(C)(C)OC(=O)c1ccc([Li])cc1,3.16,,7.0,
Nagaki et al. 2010 - A flow microreactor system enables organolithium reactions without protecting alkoxycarbonyl groups,2.0,halogen-metal exchange,tetrahydrofuran,flow microreactor,10.1002/chem.201000876,2010.0,tR1,5.62341,,0.0,,tert-butyl p-bromobenzoate,s-BuLi,tert-butyl 4-(lithio)benzoate (aryllithium),ROH (alcohol quench),quench_probe,tert-butyl 4-(lithio)benzoate (aryllithium intermediate),0.1,0.42,1.1,,CC(C)(C)OC(=O)c1ccc(Br)cc1,CCC([Li])C,CC(C)(C)OC(=O)c1ccc([Li])cc1,CO,CC(C)(C)OC(=O)c1ccc([Li])cc1,31.6,,,
Nagaki et al. 2010 - A flow microreactor system enables organolithium reactions without protecting alkoxycarbonyl groups,78.0,halogen-metal exchange,tetrahydrofuran,flow microreactor,10.1002/chem.201000876,2010.0,tR1,0.01334,,-30.0,,tert-butyl p-bromobenzoate,s-BuLi,tert-butyl 4-(lithio)benzoate (aryllithium),ROH (alcohol quench),quench_probe,tert-butyl 4-(lithio)benzoate (aryllithium intermediate),0.1,0.42,1.1,,CC(C)(C)OC(=O)c1ccc(Br)cc1,CCC([Li])C,CC(C)(C)OC(=O)c1ccc([Li])cc1,CO,CC(C)(C)OC(=O)c1ccc([Li])cc1,0.0316,,,
Nagaki et al. 2010 - A flow microreactor system enables organolithium reactions without protecting alkoxycarbonyl groups,69.0,halogen-metal exchange,tetrahydrofuran,flow microreactor,10.1002/chem.201000876,2010.0,tR1,0.05623,,-30.0,,tert-butyl p-bromobenzoate,s-BuLi,tert-butyl 4-(lithio)benzoate (aryllithium),ROH (alcohol quench),quench_probe,tert-butyl 4-(lithio)benzoate (aryllithium intermediate),0.1,0.42,1.1,,CC(C)(C)OC(=O)c1ccc(Br)cc1,CCC([Li])C,CC(C)(C)OC(=O)c1ccc([Li])cc1,CO,CC(C)(C)OC(=O)c1ccc([Li])cc1,0.1,,,
Nagaki et al. 2010 - A flow microreactor system enables organolithium reactions without protecting alkoxycarbonyl groups,51.0,halogen-metal exchange,tetrahydrofuran,flow microreactor,10.1002/chem.201000876,2010.0,tR1,0.19953,,-30.0,,tert-butyl p-bromobenzoate,s-BuLi,tert-butyl 4-(lithio)benzoate (aryllithium),ROH (alcohol quench),quench_probe,tert-butyl 4-(lithio)benzoate (aryllithium intermediate),0.1,0.42,1.1,,CC(C)(C)OC(=O)c1ccc(Br)cc1,CCC([Li])C,CC(C)(C)OC(=O)c1ccc([Li])cc1,CO,CC(C)(C)OC(=O)c1ccc([Li])cc1,0.316,,,
Nagaki et al. 2010 - A flow microreactor system enables organolithium reactions without protecting alkoxycarbonyl groups,37.0,halogen-metal exchange,tetrahydrofuran,flow microreactor,10.1002/chem.201000876,2010.0,tR1,0.38905,,-30.0,,tert-butyl p-bromobenzoate,s-BuLi,tert-butyl 4-(lithio)benzoate (aryllithium),ROH (alcohol quench),quench_probe,tert-butyl 4-(lithio)benzoate (aryllithium intermediate),0.1,0.42,1.1,,CC(C)(C)OC(=O)c1ccc(Br)cc1,CCC([Li])C,CC(C)(C)OC(=O)c1ccc([Li])cc1,CO,CC(C)(C)OC(=O)c1ccc([Li])cc1,1.0,,,
Nagaki et al. 2010 - A flow microreactor system enables organolithium reactions without protecting alkoxycarbonyl groups,27.0,halogen-metal exchange,tetrahydrofuran,flow microreactor,10.1002/chem.201000876,2010.0,tR1,0.79433,,-30.0,,tert-butyl p-bromobenzoate,s-BuLi,tert-butyl 4-(lithio)benzoate (aryllithium),ROH (alcohol quench),quench_probe,tert-butyl 4-(lithio)benzoate (aryllithium intermediate),0.1,0.42,1.1,,CC(C)(C)OC(=O)c1ccc(Br)cc1,CCC([Li])C,CC(C)(C)OC(=O)c1ccc([Li])cc1,CO,CC(C)(C)OC(=O)c1ccc([Li])cc1,3.16,,,
Nagaki et al. 2010 - A flow microreactor system enables organolithium reactions without protecting alkoxycarbonyl groups,8.0,halogen-metal exchange,tetrahydrofuran,flow microreactor,10.1002/chem.201000876,2010.0,tR1,5.62341,,-30.0,,tert-butyl p-bromobenzoate,s-BuLi,tert-butyl 4-(lithio)benzoate (aryllithium),ROH (alcohol quench),quench_probe,tert-butyl 4-(lithio)benzoate (aryllithium intermediate),0.1,0.42,1.1,,CC(C)(C)OC(=O)c1ccc(Br)cc1,CCC([Li])C,CC(C)(C)OC(=O)c1ccc([Li])cc1,CO,CC(C)(C)OC(=O)c1ccc([Li])cc1,31.6,,8.0,
Nagaki et al. 2010 - A flow microreactor system enables organolithium reactions without protecting alkoxycarbonyl groups,89.0,halogen-metal exchange,tetrahydrofuran,flow microreactor,10.1002/chem.201000876,2010.0,tR1,0.01334,,-50.0,,tert-butyl p-bromobenzoate,s-BuLi,tert-butyl 4-(lithio)benzoate (aryllithium),ROH (alcohol quench),quench_probe,tert-butyl 4-(lithio)benzoate (aryllithium intermediate),0.1,0.42,1.1,,CC(C)(C)OC(=O)c1ccc(Br)cc1,CCC([Li])C,CC(C)(C)OC(=O)c1ccc([Li])cc1,CO,CC(C)(C)OC(=O)c1ccc([Li])cc1,0.0316,,,
Nagaki et al. 2010 - A flow microreactor system enables organolithium reactions without protecting alkoxycarbonyl groups,85.0,halogen-metal exchange,tetrahydrofuran,flow microreactor,10.1002/chem.201000876,2010.0,tR1,0.05623,,-50.0,,tert-butyl p-bromobenzoate,s-BuLi,tert-butyl 4-(lithio)benzoate (aryllithium),ROH (alcohol quench),quench_probe,tert-butyl 4-(lithio)benzoate (aryllithium intermediate),0.1,0.42,1.1,,CC(C)(C)OC(=O)c1ccc(Br)cc1,CCC([Li])C,CC(C)(C)OC(=O)c1ccc([Li])cc1,CO,CC(C)(C)OC(=O)c1ccc([Li])cc1,0.1,,,
Nagaki et al. 2010 - A flow microreactor system enables organolithium reactions without protecting alkoxycarbonyl groups,83.0,halogen-metal exchange,tetrahydrofuran,flow microreactor,10.1002/chem.201000876,2010.0,tR1,0.19953,,-50.0,,tert-butyl p-bromobenzoate,s-BuLi,tert-butyl 4-(lithio)benzoate (aryllithium),ROH (alcohol quench),quench_probe,tert-butyl 4-(lithio)benzoate (aryllithium intermediate),0.1,0.42,1.1,,CC(C)(C)OC(=O)c1ccc(Br)cc1,CCC([Li])C,CC(C)(C)OC(=O)c1ccc([Li])cc1,CO,CC(C)(C)OC(=O)c1ccc([Li])cc1,0.316,,,
Nagaki et al. 2010 - A flow microreactor system enables organolithium reactions without protecting alkoxycarbonyl groups,80.0,halogen-metal exchange,tetrahydrofuran,flow microreactor,10.1002/chem.201000876,2010.0,tR1,0.38905,,-50.0,,tert-butyl p-bromobenzoate,s-BuLi,tert-butyl 4-(lithio)benzoate (aryllithium),ROH (alcohol quench),quench_probe,tert-butyl 4-(lithio)benzoate (aryllithium intermediate),0.1,0.42,1.1,,CC(C)(C)OC(=O)c1ccc(Br)cc1,CCC([Li])C,CC(C)(C)OC(=O)c1ccc([Li])cc1,CO,CC(C)(C)OC(=O)c1ccc([Li])cc1,1.0,,,
Nagaki et al. 2010 - A flow microreactor system enables organolithium reactions without protecting alkoxycarbonyl groups,73.0,halogen-metal exchange,tetrahydrofuran,flow microreactor,10.1002/chem.201000876,2010.0,tR1,0.79433,,-50.0,,tert-butyl p-bromobenzoate,s-BuLi,tert-butyl 4-(lithio)benzoate (aryllithium),ROH (alcohol quench),quench_probe,tert-butyl 4-(lithio)benzoate (aryllithium intermediate),0.1,0.42,1.1,,CC(C)(C)OC(=O)c1ccc(Br)cc1,CCC([Li])C,CC(C)(C)OC(=O)c1ccc([Li])cc1,CO,CC(C)(C)OC(=O)c1ccc([Li])cc1,3.16,,,
Nagaki et al. 2010 - A flow microreactor system enables organolithium reactions without protecting alkoxycarbonyl groups,27.0,halogen-metal exchange,tetrahydrofuran,flow microreactor,10.1002/chem.201000876,2010.0,tR1,5.62341,,-50.0,,tert-butyl p-bromobenzoate,s-BuLi,tert-butyl 4-(lithio)benzoate (aryllithium),ROH (alcohol quench),quench_probe,tert-butyl 4-(lithio)benzoate (aryllithium intermediate),0.1,0.42,1.1,,CC(C)(C)OC(=O)c1ccc(Br)cc1,CCC([Li])C,CC(C)(C)OC(=O)c1ccc([Li])cc1,CO,CC(C)(C)OC(=O)c1ccc([Li])cc1,31.6,,,
Nagaki et al. 2010 - A flow microreactor system enables organolithium reactions without protecting alkoxycarbonyl groups,93.0,halogen-metal exchange,tetrahydrofuran,flow microreactor,10.1002/chem.201000876,2010.0,tR1,0.01334,,-60.0,,tert-butyl p-bromobenzoate,s-BuLi,tert-butyl 4-(lithio)benzoate (aryllithium),ROH (alcohol quench),quench_probe,tert-butyl 4-(lithio)benzoate (aryllithium intermediate),0.1,0.42,1.1,,CC(C)(C)OC(=O)c1ccc(Br)cc1,CCC([Li])C,CC(C)(C)OC(=O)c1ccc([Li])cc1,CO,CC(C)(C)OC(=O)c1ccc([Li])cc1,0.0316,,93.0,
Nagaki et al. 2010 - A flow microreactor system enables organolithium reactions without protecting alkoxycarbonyl groups,94.0,halogen-metal exchange,tetrahydrofuran,flow microreactor,10.1002/chem.201000876,2010.0,tR1,0.05623,,-60.0,,tert-butyl p-bromobenzoate,s-BuLi,tert-butyl 4-(lithio)benzoate (aryllithium),ROH (alcohol quench),quench_probe,tert-butyl 4-(lithio)benzoate (aryllithium intermediate),0.1,0.42,1.1,,CC(C)(C)OC(=O)c1ccc(Br)cc1,CCC([Li])C,CC(C)(C)OC(=O)c1ccc([Li])cc1,CO,CC(C)(C)OC(=O)c1ccc([Li])cc1,0.1,,,
Nagaki et al. 2010 - A flow microreactor system enables organolithium reactions without protecting alkoxycarbonyl groups,94.0,halogen-metal exchange,tetrahydrofuran,flow microreactor,10.1002/chem.201000876,2010.0,tR1,0.19953,,-60.0,,tert-butyl p-bromobenzoate,s-BuLi,tert-butyl 4-(lithio)benzoate (aryllithium),ROH (alcohol quench),quench_probe,tert-butyl 4-(lithio)benzoate (aryllithium intermediate),0.1,0.42,1.1,,CC(C)(C)OC(=O)c1ccc(Br)cc1,CCC([Li])C,CC(C)(C)OC(=O)c1ccc([Li])cc1,CO,CC(C)(C)OC(=O)c1ccc([Li])cc1,0.316,,,
Nagaki et al. 2010 - A flow microreactor system enables organolithium reactions without protecting alkoxycarbonyl groups,92.0,halogen-metal exchange,tetrahydrofuran,flow microreactor,10.1002/chem.201000876,2010.0,tR1,0.38905,,-60.0,,tert-butyl p-bromobenzoate,s-BuLi,tert-butyl 4-(lithio)benzoate (aryllithium),ROH (alcohol quench),quench_probe,tert-butyl 4-(lithio)benzoate (aryllithium intermediate),0.1,0.42,1.1,,CC(C)(C)OC(=O)c1ccc(Br)cc1,CCC([Li])C,CC(C)(C)OC(=O)c1ccc([Li])cc1,CO,CC(C)(C)OC(=O)c1ccc([Li])cc1,1.0,,92.0,
Nagaki et al. 2010 - A flow microreactor system enables organolithium reactions without protecting alkoxycarbonyl groups,88.0,halogen-metal exchange,tetrahydrofuran,flow microreactor,10.1002/chem.201000876,2010.0,tR1,0.79433,,-60.0,,tert-butyl p-bromobenzoate,s-BuLi,tert-butyl 4-(lithio)benzoate (aryllithium),ROH (alcohol quench),quench_probe,tert-butyl 4-(lithio)benzoate (aryllithium intermediate),0.1,0.42,1.1,,CC(C)(C)OC(=O)c1ccc(Br)cc1,CCC([Li])C,CC(C)(C)OC(=O)c1ccc([Li])cc1,CO,CC(C)(C)OC(=O)c1ccc([Li])cc1,3.16,,,
Nagaki et al. 2010 - A flow microreactor system enables organolithium reactions without protecting alkoxycarbonyl groups,55.0,halogen-metal exchange,tetrahydrofuran,flow microreactor,10.1002/chem.201000876,2010.0,tR1,5.62341,,-60.0,,tert-butyl p-bromobenzoate,s-BuLi,tert-butyl 4-(lithio)benzoate (aryllithium),ROH (alcohol quench),quench_probe,tert-butyl 4-(lithio)benzoate (aryllithium intermediate),0.1,0.42,1.1,,CC(C)(C)OC(=O)c1ccc(Br)cc1,CCC([Li])C,CC(C)(C)OC(=O)c1ccc([Li])cc1,CO,CC(C)(C)OC(=O)c1ccc([Li])cc1,31.6,,,
Nagaki et al. 2010 - A flow microreactor system enables organolithium reactions without protecting alkoxycarbonyl groups,77.0,halogen-metal exchange,tetrahydrofuran,flow microreactor,10.1002/chem.201000876,2010.0,tR1,0.01334,,-78.0,,tert-butyl p-bromobenzoate,s-BuLi,tert-butyl 4-(lithio)benzoate (aryllithium),ROH (alcohol quench),quench_probe,tert-butyl 4-(lithio)benzoate (aryllithium intermediate),0.1,0.42,1.1,,CC(C)(C)OC(=O)c1ccc(Br)cc1,CCC([Li])C,CC(C)(C)OC(=O)c1ccc([Li])cc1,CO,CC(C)(C)OC(=O)c1ccc([Li])cc1,0.0316,,,
Nagaki et al. 2010 - A flow microreactor system enables organolithium reactions without protecting alkoxycarbonyl groups,71.0,halogen-metal exchange,tetrahydrofuran,flow microreactor,10.1002/chem.201000876,2010.0,tR1,0.05623,,-78.0,,tert-butyl p-bromobenzoate,s-BuLi,tert-butyl 4-(lithio)benzoate (aryllithium),ROH (alcohol quench),quench_probe,tert-butyl 4-(lithio)benzoate (aryllithium intermediate),0.1,0.42,1.1,,CC(C)(C)OC(=O)c1ccc(Br)cc1,CCC([Li])C,CC(C)(C)OC(=O)c1ccc([Li])cc1,CO,CC(C)(C)OC(=O)c1ccc([Li])cc1,0.1,,,
Nagaki et al. 2010 - A flow microreactor system enables organolithium reactions without protecting alkoxycarbonyl groups,66.0,halogen-metal exchange,tetrahydrofuran,flow microreactor,10.1002/chem.201000876,2010.0,tR1,0.19953,,-78.0,,tert-butyl p-bromobenzoate,s-BuLi,tert-butyl 4-(lithio)benzoate (aryllithium),ROH (alcohol quench),quench_probe,tert-butyl 4-(lithio)benzoate (aryllithium intermediate),0.1,0.42,1.1,,CC(C)(C)OC(=O)c1ccc(Br)cc1,CCC([Li])C,CC(C)(C)OC(=O)c1ccc([Li])cc1,CO,CC(C)(C)OC(=O)c1ccc([Li])cc1,0.316,,,
Nagaki et al. 2010 - A flow microreactor system enables organolithium reactions without protecting alkoxycarbonyl groups,74.0,halogen-metal exchange,tetrahydrofuran,flow microreactor,10.1002/chem.201000876,2010.0,tR1,0.38905,,-78.0,,tert-butyl p-bromobenzoate,s-BuLi,tert-butyl 4-(lithio)benzoate (aryllithium),ROH (alcohol quench),quench_probe,tert-butyl 4-(lithio)benzoate (aryllithium intermediate),0.1,0.42,1.1,,CC(C)(C)OC(=O)c1ccc(Br)cc1,CCC([Li])C,CC(C)(C)OC(=O)c1ccc([Li])cc1,CO,CC(C)(C)OC(=O)c1ccc([Li])cc1,1.0,,,
Nagaki et al. 2010 - A flow microreactor system enables organolithium reactions without protecting alkoxycarbonyl groups,80.0,halogen-metal exchange,tetrahydrofuran,flow microreactor,10.1002/chem.201000876,2010.0,tR1,0.79433,,-78.0,,tert-butyl p-bromobenzoate,s-BuLi,tert-butyl 4-(lithio)benzoate (aryllithium),ROH (alcohol quench),quench_probe,tert-butyl 4-(lithio)benzoate (aryllithium intermediate),0.1,0.42,1.1,,CC(C)(C)OC(=O)c1ccc(Br)cc1,CCC([Li])C,CC(C)(C)OC(=O)c1ccc([Li])cc1,CO,CC(C)(C)OC(=O)c1ccc([Li])cc1,3.16,,80.0,
Nagaki et al. 2010 - A flow microreactor system enables organolithium reactions without protecting alkoxycarbonyl groups,89.0,halogen-metal exchange,tetrahydrofuran,flow microreactor,10.1002/chem.201000876,2010.0,tR1,5.62341,,-78.0,,tert-butyl p-bromobenzoate,s-BuLi,tert-butyl 4-(lithio)benzoate (aryllithium),ROH (alcohol quench),quench_probe,tert-butyl 4-(lithio)benzoate (aryllithium intermediate),0.1,0.42,1.1,,CC(C)(C)OC(=O)c1ccc(Br)cc1,CCC([Li])C,CC(C)(C)OC(=O)c1ccc([Li])cc1,CO,CC(C)(C)OC(=O)c1ccc([Li])cc1,31.6,,,
Nagaki et al. 2010 - A flow microreactor system enables organolithium reactions without protecting alkoxycarbonyl groups,19.0,halogen-metal exchange,tetrahydrofuran,flow microreactor,10.1002/chem.201000876,2010.0,tR1,0.01334,,0.0,,tert-butyl p-bromobenzoate,s-BuLi,tert-butyl 4-(lithio)benzoate (aryllithium),ROH (alcohol quench),quench_probe,tert-butyl 4-(lithio)benzoate (aryllithium intermediate),0.1,0.42,1.1,,CC(C)(C)OC(=O)c1ccc(Br)cc1,CCC([Li])C,CC(C)(C)OC(=O)c1ccc([Li])cc1,CO,CC(C)(C)OC(=O)c1ccc([Li])cc1,0.0316,,,
Nagaki et al. 2010 - A flow microreactor system enables organolithium reactions without protecting alkoxycarbonyl groups,8.0,halogen-metal exchange,tetrahydrofuran,flow microreactor,10.1002/chem.201000876,2010.0,tR1,0.05623,,0.0,,tert-butyl p-bromobenzoate,s-BuLi,tert-butyl 4-(lithio)benzoate (aryllithium),ROH (alcohol quench),quench_probe,tert-butyl 4-(lithio)benzoate (aryllithium intermediate),0.1,0.42,1.1,,CC(C)(C)OC(=O)c1ccc(Br)cc1,CCC([Li])C,CC(C)(C)OC(=O)c1ccc([Li])cc1,CO,CC(C)(C)OC(=O)c1ccc([Li])cc1,0.1,,,
Nagaki et al. 2010 - A flow microreactor system enables organolithium reactions without protecting alkoxycarbonyl groups,4.0,halogen-metal exchange,tetrahydrofuran,flow microreactor,10.1002/chem.201000876,2010.0,tR1,0.19953,,0.0,,tert-butyl p-bromobenzoate,s-BuLi,tert-butyl 4-(lithio)benzoate (aryllithium),ROH (alcohol quench),quench_probe,tert-butyl 4-(lithio)benzoate (aryllithium intermediate),0.1,0.42,1.1,,CC(C)(C)OC(=O)c1ccc(Br)cc1,CCC([Li])C,CC(C)(C)OC(=O)c1ccc([Li])cc1,CO,CC(C)(C)OC(=O)c1ccc([Li])cc1,0.316,,4.0,
Nagaki et al. 2010 - A flow microreactor system enables organolithium reactions without protecting alkoxycarbonyl groups,3.0,halogen-metal exchange,tetrahydrofuran,flow microreactor,10.1002/chem.201000876,2010.0,tR1,0.38905,,0.0,,tert-butyl p-bromobenzoate,s-BuLi,tert-butyl 4-(lithio)benzoate (aryllithium),ROH (alcohol quench),quench_probe,tert-butyl 4-(lithio)benzoate (aryllithium intermediate),0.1,0.42,1.1,,CC(C)(C)OC(=O)c1ccc(Br)cc1,CCC([Li])C,CC(C)(C)OC(=O)c1ccc([Li])cc1,CO,CC(C)(C)OC(=O)c1ccc([Li])cc1,1.0,,,
Nagaki et al. 2010 - A flow microreactor system enables organolithium reactions without protecting alkoxycarbonyl groups,2.0,halogen-metal exchange,tetrahydrofuran,flow microreactor,10.1002/chem.201000876,2010.0,tR1,0.79433,,0.0,,tert-butyl p-bromobenzoate,s-BuLi,tert-butyl 4-(lithio)benzoate (aryllithium),ROH (alcohol quench),quench_probe,tert-butyl 4-(lithio)benzoate (aryllithium intermediate),0.1,0.42,1.1,,CC(C)(C)OC(=O)c1ccc(Br)cc1,CCC([Li])C,CC(C)(C)OC(=O)c1ccc([Li])cc1,CO,CC(C)(C)OC(=O)c1ccc([Li])cc1,3.16,,,
Nagaki et al. 2010 - A flow microreactor system enables organolithium reactions without protecting alkoxycarbonyl groups,0.0,halogen-metal exchange,tetrahydrofuran,flow microreactor,10.1002/chem.201000876,2010.0,tR1,5.62341,,0.0,,tert-butyl p-bromobenzoate,s-BuLi,tert-butyl 4-(lithio)benzoate (aryllithium),ROH (alcohol quench),quench_probe,tert-butyl 4-(lithio)benzoate (aryllithium intermediate),0.1,0.42,1.1,,CC(C)(C)OC(=O)c1ccc(Br)cc1,CCC([Li])C,CC(C)(C)OC(=O)c1ccc([Li])cc1,CO,CC(C)(C)OC(=O)c1ccc([Li])cc1,31.6,,,
Nagaki et al. 2010 - A flow microreactor system enables organolithium reactions without protecting alkoxycarbonyl groups,75.0,halogen-metal exchange,tetrahydrofuran,flow microreactor,10.1002/chem.201000876,2010.0,tR1,0.01334,,-30.0,,tert-butyl p-bromobenzoate,s-BuLi,tert-butyl 4-(lithio)benzoate (aryllithium),ROH (alcohol quench),quench_probe,tert-butyl 4-(lithio)benzoate (aryllithium intermediate),0.1,0.42,1.1,,CC(C)(C)OC(=O)c1ccc(Br)cc1,CCC([Li])C,CC(C)(C)OC(=O)c1ccc([Li])cc1,CO,CC(C)(C)OC(=O)c1ccc([Li])cc1,0.0316,,,
Nagaki et al. 2010 - A flow microreactor system enables organolithium reactions without protecting alkoxycarbonyl groups,65.0,halogen-metal exchange,tetrahydrofuran,flow microreactor,10.1002/chem.201000876,2010.0,tR1,0.05623,,-30.0,,tert-butyl p-bromobenzoate,s-BuLi,tert-butyl 4-(lithio)benzoate (aryllithium),ROH (alcohol quench),quench_probe,tert-butyl 4-(lithio)benzoate (aryllithium intermediate),0.1,0.42,1.1,,CC(C)(C)OC(=O)c1ccc(Br)cc1,CCC([Li])C,CC(C)(C)OC(=O)c1ccc([Li])cc1,CO,CC(C)(C)OC(=O)c1ccc([Li])cc1,0.1,,,
Nagaki et al. 2010 - A flow microreactor system enables organolithium reactions without protecting alkoxycarbonyl groups,28.0,halogen-metal exchange,tetrahydrofuran,flow microreactor,10.1002/chem.201000876,2010.0,tR1,0.19953,,-30.0,,tert-butyl p-bromobenzoate,s-BuLi,tert-butyl 4-(lithio)benzoate (aryllithium),ROH (alcohol quench),quench_probe,tert-butyl 4-(lithio)benzoate (aryllithium intermediate),0.1,0.42,1.1,,CC(C)(C)OC(=O)c1ccc(Br)cc1,CCC([Li])C,CC(C)(C)OC(=O)c1ccc([Li])cc1,CO,CC(C)(C)OC(=O)c1ccc([Li])cc1,0.316,,,
Nagaki et al. 2010 - A flow microreactor system enables organolithium reactions without protecting alkoxycarbonyl groups,12.0,halogen-metal exchange,tetrahydrofuran,flow microreactor,10.1002/chem.201000876,2010.0,tR1,0.38905,,-30.0,,tert-butyl p-bromobenzoate,s-BuLi,tert-butyl 4-(lithio)benzoate (aryllithium),ROH (alcohol quench),quench_probe,tert-butyl 4-(lithio)benzoate (aryllithium intermediate),0.1,0.42,1.1,,CC(C)(C)OC(=O)c1ccc(Br)cc1,CCC([Li])C,CC(C)(C)OC(=O)c1ccc([Li])cc1,CO,CC(C)(C)OC(=O)c1ccc([Li])cc1,1.0,,,
Nagaki et al. 2010 - A flow microreactor system enables organolithium reactions without protecting alkoxycarbonyl groups,6.0,halogen-metal exchange,tetrahydrofuran,flow microreactor,10.1002/chem.201000876,2010.0,tR1,0.79433,,-30.0,,tert-butyl p-bromobenzoate,s-BuLi,tert-butyl 4-(lithio)benzoate (aryllithium),ROH (alcohol quench),quench_probe,tert-butyl 4-(lithio)benzoate (aryllithium intermediate),0.1,0.42,1.1,,CC(C)(C)OC(=O)c1ccc(Br)cc1,CCC([Li])C,CC(C)(C)OC(=O)c1ccc([Li])cc1,CO,CC(C)(C)OC(=O)c1ccc([Li])cc1,3.16,,,
Nagaki et al. 2010 - A flow microreactor system enables organolithium reactions without protecting alkoxycarbonyl groups,3.0,halogen-metal exchange,tetrahydrofuran,flow microreactor,10.1002/chem.201000876,2010.0,tR1,5.62341,,-30.0,,tert-butyl p-bromobenzoate,s-BuLi,tert-butyl 4-(lithio)benzoate (aryllithium),ROH (alcohol quench),quench_probe,tert-butyl 4-(lithio)benzoate (aryllithium intermediate),0.1,0.42,1.1,,CC(C)(C)OC(=O)c1ccc(Br)cc1,CCC([Li])C,CC(C)(C)OC(=O)c1ccc([Li])cc1,CO,CC(C)(C)OC(=O)c1ccc([Li])cc1,31.6,,3.0,
Nagaki et al. 2010 - A flow microreactor system enables organolithium reactions without protecting alkoxycarbonyl groups,92.0,halogen-metal exchange,tetrahydrofuran,flow microreactor,10.1002/chem.201000876,2010.0,tR1,0.01334,,-50.0,,tert-butyl p-bromobenzoate,s-BuLi,tert-butyl 4-(lithio)benzoate (aryllithium),ROH (alcohol quench),quench_probe,tert-butyl 4-(lithio)benzoate (aryllithium intermediate),0.1,0.42,1.1,,CC(C)(C)OC(=O)c1ccc(Br)cc1,CCC([Li])C,CC(C)(C)OC(=O)c1ccc([Li])cc1,CO,CC(C)(C)OC(=O)c1ccc([Li])cc1,0.0316,,,
Nagaki et al. 2010 - A flow microreactor system enables organolithium reactions without protecting alkoxycarbonyl groups,90.0,halogen-metal exchange,tetrahydrofuran,flow microreactor,10.1002/chem.201000876,2010.0,tR1,0.05623,,-50.0,,tert-butyl p-bromobenzoate,s-BuLi,tert-butyl 4-(lithio)benzoate (aryllithium),ROH (alcohol quench),quench_probe,tert-butyl 4-(lithio)benzoate (aryllithium intermediate),0.1,0.42,1.1,,CC(C)(C)OC(=O)c1ccc(Br)cc1,CCC([Li])C,CC(C)(C)OC(=O)c1ccc([Li])cc1,CO,CC(C)(C)OC(=O)c1ccc([Li])cc1,0.1,,,
Nagaki et al. 2010 - A flow microreactor system enables organolithium reactions without protecting alkoxycarbonyl groups,79.0,halogen-metal exchange,tetrahydrofuran,flow microreactor,10.1002/chem.201000876,2010.0,tR1,0.19953,,-50.0,,tert-butyl p-bromobenzoate,s-BuLi,tert-butyl 4-(lithio)benzoate (aryllithium),ROH (alcohol quench),quench_probe,tert-butyl 4-(lithio)benzoate (aryllithium intermediate),0.1,0.42,1.1,,CC(C)(C)OC(=O)c1ccc(Br)cc1,CCC([Li])C,CC(C)(C)OC(=O)c1ccc([Li])cc1,CO,CC(C)(C)OC(=O)c1ccc([Li])cc1,0.316,,,
Nagaki et al. 2010 - A flow microreactor system enables organolithium reactions without protecting alkoxycarbonyl groups,72.0,halogen-metal exchange,tetrahydrofuran,flow microreactor,10.1002/chem.201000876,2010.0,tR1,0.38905,,-50.0,,tert-butyl p-bromobenzoate,s-BuLi,tert-butyl 4-(lithio)benzoate (aryllithium),ROH (alcohol quench),quench_probe,tert-butyl 4-(lithio)benzoate (aryllithium intermediate),0.1,0.42,1.1,,CC(C)(C)OC(=O)c1ccc(Br)cc1,CCC([Li])C,CC(C)(C)OC(=O)c1ccc([Li])cc1,CO,CC(C)(C)OC(=O)c1ccc([Li])cc1,1.0,,,
Nagaki et al. 2010 - A flow microreactor system enables organolithium reactions without protecting alkoxycarbonyl groups,55.0,halogen-metal exchange,tetrahydrofuran,flow microreactor,10.1002/chem.201000876,2010.0,tR1,0.79433,,-50.0,,tert-butyl p-bromobenzoate,s-BuLi,tert-butyl 4-(lithio)benzoate (aryllithium),ROH (alcohol quench),quench_probe,tert-butyl 4-(lithio)benzoate (aryllithium intermediate),0.1,0.42,1.1,,CC(C)(C)OC(=O)c1ccc(Br)cc1,CCC([Li])C,CC(C)(C)OC(=O)c1ccc([Li])cc1,CO,CC(C)(C)OC(=O)c1ccc([Li])cc1,3.16,,,
Nagaki et al. 2010 - A flow microreactor system enables organolithium reactions without protecting alkoxycarbonyl groups,7.0,halogen-metal exchange,tetrahydrofuran,flow microreactor,10.1002/chem.201000876,2010.0,tR1,5.62341,,-50.0,,tert-butyl p-bromobenzoate,s-BuLi,tert-butyl 4-(lithio)benzoate (aryllithium),ROH (alcohol quench),quench_probe,tert-butyl 4-(lithio)benzoate (aryllithium intermediate),0.1,0.42,1.1,,CC(C)(C)OC(=O)c1ccc(Br)cc1,CCC([Li])C,CC(C)(C)OC(=O)c1ccc([Li])cc1,CO,CC(C)(C)OC(=O)c1ccc([Li])cc1,31.6,,,
Nagaki et al. 2010 - A flow microreactor system enables organolithium reactions without protecting alkoxycarbonyl groups,94.0,halogen-metal exchange,tetrahydrofuran,flow microreactor,10.1002/chem.201000876,2010.0,tR1,0.01334,,-60.0,,tert-butyl p-bromobenzoate,s-BuLi,tert-butyl 4-(lithio)benzoate (aryllithium),ROH (alcohol quench),quench_probe,tert-butyl 4-(lithio)benzoate (aryllithium intermediate),0.1,0.42,1.1,,CC(C)(C)OC(=O)c1ccc(Br)cc1,CCC([Li])C,CC(C)(C)OC(=O)c1ccc([Li])cc1,CO,CC(C)(C)OC(=O)c1ccc([Li])cc1,0.0316,,,
Nagaki et al. 2010 - A flow microreactor system enables organolithium reactions without protecting alkoxycarbonyl groups,91.0,halogen-metal exchange,tetrahydrofuran,flow microreactor,10.1002/chem.201000876,2010.0,tR1,0.05623,,-60.0,,tert-butyl p-bromobenzoate,s-BuLi,tert-butyl 4-(lithio)benzoate (aryllithium),ROH (alcohol quench),quench_probe,tert-butyl 4-(lithio)benzoate (aryllithium intermediate),0.1,0.42,1.1,,CC(C)(C)OC(=O)c1ccc(Br)cc1,CCC([Li])C,CC(C)(C)OC(=O)c1ccc([Li])cc1,CO,CC(C)(C)OC(=O)c1ccc([Li])cc1,0.1,,,
Nagaki et al. 2010 - A flow microreactor system enables organolithium reactions without protecting alkoxycarbonyl groups,85.0,halogen-metal exchange,tetrahydrofuran,flow microreactor,10.1002/chem.201000876,2010.0,tR1,0.19953,,-60.0,,tert-butyl p-bromobenzoate,s-BuLi,tert-butyl 4-(lithio)benzoate (aryllithium),ROH (alcohol quench),quench_probe,tert-butyl 4-(lithio)benzoate (aryllithium intermediate),0.1,0.42,1.1,,CC(C)(C)OC(=O)c1ccc(Br)cc1,CCC([Li])C,CC(C)(C)OC(=O)c1ccc([Li])cc1,CO,CC(C)(C)OC(=O)c1ccc([Li])cc1,0.316,,,
Nagaki et al. 2010 - A flow microreactor system enables organolithium reactions without protecting alkoxycarbonyl groups,79.0,halogen-metal exchange,tetrahydrofuran,flow microreactor,10.1002/chem.201000876,2010.0,tR1,0.38905,,-60.0,,tert-butyl p-bromobenzoate,s-BuLi,tert-butyl 4-(lithio)benzoate (aryllithium),ROH (alcohol quench),quench_probe,tert-butyl 4-(lithio)benzoate (aryllithium intermediate),0.1,0.42,1.1,,CC(C)(C)OC(=O)c1ccc(Br)cc1,CCC([Li])C,CC(C)(C)OC(=O)c1ccc([Li])cc1,CO,CC(C)(C)OC(=O)c1ccc([Li])cc1,1.0,,,
Nagaki et al. 2010 - A flow microreactor system enables organolithium reactions without protecting alkoxycarbonyl groups,79.0,halogen-metal exchange,tetrahydrofuran,flow microreactor,10.1002/chem.201000876,2010.0,tR1,0.79433,,-60.0,,tert-butyl p-bromobenzoate,s-BuLi,tert-butyl 4-(lithio)benzoate (aryllithium),ROH (alcohol quench),quench_probe,tert-butyl 4-(lithio)benzoate (aryllithium intermediate),0.1,0.42,1.1,,CC(C)(C)OC(=O)c1ccc(Br)cc1,CCC([Li])C,CC(C)(C)OC(=O)c1ccc([Li])cc1,CO,CC(C)(C)OC(=O)c1ccc([Li])cc1,3.16,,,
Nagaki et al. 2010 - A flow microreactor system enables organolithium reactions without protecting alkoxycarbonyl groups,22.0,halogen-metal exchange,tetrahydrofuran,flow microreactor,10.1002/chem.201000876,2010.0,tR1,5.62341,,-60.0,,tert-butyl p-bromobenzoate,s-BuLi,tert-butyl 4-(lithio)benzoate (aryllithium),ROH (alcohol quench),quench_probe,tert-butyl 4-(lithio)benzoate (aryllithium intermediate),0.1,0.42,1.1,,CC(C)(C)OC(=O)c1ccc(Br)cc1,CCC([Li])C,CC(C)(C)OC(=O)c1ccc([Li])cc1,CO,CC(C)(C)OC(=O)c1ccc([Li])cc1,31.6,,,
Nagaki et al. 2010 - A flow microreactor system enables organolithium reactions without protecting alkoxycarbonyl groups,66.0,halogen-metal exchange,tetrahydrofuran,flow microreactor,10.1002/chem.201000876,2010.0,tR1,0.01334,,-78.0,,tert-butyl p-bromobenzoate,s-BuLi,tert-butyl 4-(lithio)benzoate (aryllithium),ROH (alcohol quench),quench_probe,tert-butyl 4-(lithio)benzoate (aryllithium intermediate),0.1,0.42,1.1,,CC(C)(C)OC(=O)c1ccc(Br)cc1,CCC([Li])C,CC(C)(C)OC(=O)c1ccc([Li])cc1,CO,CC(C)(C)OC(=O)c1ccc([Li])cc1,0.0316,,,
Nagaki et al. 2010 - A flow microreactor system enables organolithium reactions without protecting alkoxycarbonyl groups,69.0,halogen-metal exchange,tetrahydrofuran,flow microreactor,10.1002/chem.201000876,2010.0,tR1,0.05623,,-78.0,,tert-butyl p-bromobenzoate,s-BuLi,tert-butyl 4-(lithio)benzoate (aryllithium),ROH (alcohol quench),quench_probe,tert-butyl 4-(lithio)benzoate (aryllithium intermediate),0.1,0.42,1.1,,CC(C)(C)OC(=O)c1ccc(Br)cc1,CCC([Li])C,CC(C)(C)OC(=O)c1ccc([Li])cc1,CO,CC(C)(C)OC(=O)c1ccc([Li])cc1,0.1,,,
Nagaki et al. 2010 - A flow microreactor system enables organolithium reactions without protecting alkoxycarbonyl groups,70.0,halogen-metal exchange,tetrahydrofuran,flow microreactor,10.1002/chem.201000876,2010.0,tR1,0.19953,,-78.0,,tert-butyl p-bromobenzoate,s-BuLi,tert-butyl 4-(lithio)benzoate (aryllithium),ROH (alcohol quench),quench_probe,tert-butyl 4-(lithio)benzoate (aryllithium intermediate),0.1,0.42,1.1,,CC(C)(C)OC(=O)c1ccc(Br)cc1,CCC([Li])C,CC(C)(C)OC(=O)c1ccc([Li])cc1,CO,CC(C)(C)OC(=O)c1ccc([Li])cc1,0.316,,,
Nagaki et al. 2010 - A flow microreactor system enables organolithium reactions without protecting alkoxycarbonyl groups,70.0,halogen-metal exchange,tetrahydrofuran,flow microreactor,10.1002/chem.201000876,2010.0,tR1,0.38905,,-78.0,,tert-butyl p-bromobenzoate,s-BuLi,tert-butyl 4-(lithio)benzoate (aryllithium),ROH (alcohol quench),quench_probe,tert-butyl 4-(lithio)benzoate (aryllithium intermediate),0.1,0.42,1.1,,CC(C)(C)OC(=O)c1ccc(Br)cc1,CCC([Li])C,CC(C)(C)OC(=O)c1ccc([Li])cc1,CO,CC(C)(C)OC(=O)c1ccc([Li])cc1,1.0,,,
Nagaki et al. 2010 - A flow microreactor system enables organolithium reactions without protecting alkoxycarbonyl groups,76.0,halogen-metal exchange,tetrahydrofuran,flow microreactor,10.1002/chem.201000876,2010.0,tR1,0.79433,,-78.0,,tert-butyl p-bromobenzoate,s-BuLi,tert-butyl 4-(lithio)benzoate (aryllithium),ROH (alcohol quench),quench_probe,tert-butyl 4-(lithio)benzoate (aryllithium intermediate),0.1,0.42,1.1,,CC(C)(C)OC(=O)c1ccc(Br)cc1,CCC([Li])C,CC(C)(C)OC(=O)c1ccc([Li])cc1,CO,CC(C)(C)OC(=O)c1ccc([Li])cc1,3.16,,76.0,
Nagaki et al. 2010 - A flow microreactor system enables organolithium reactions without protecting alkoxycarbonyl groups,76.0,halogen-metal exchange,tetrahydrofuran,flow microreactor,10.1002/chem.201000876,2010.0,tR1,5.62341,,-78.0,,tert-butyl p-bromobenzoate,s-BuLi,tert-butyl 4-(lithio)benzoate (aryllithium),ROH (alcohol quench),quench_probe,tert-butyl 4-(lithio)benzoate (aryllithium intermediate),0.1,0.42,1.1,,CC(C)(C)OC(=O)c1ccc(Br)cc1,CCC([Li])C,CC(C)(C)OC(=O)c1ccc([Li])cc1,CO,CC(C)(C)OC(=O)c1ccc([Li])cc1,31.6,,76.0,
Nagaki et al. 2010 - A flow microreactor system enables organolithium reactions without protecting alkoxycarbonyl groups,90.0,halogen-metal exchange,tetrahydrofuran,flow microreactor,10.1002/chem.201000876,2010.0,tR1,0.01334,,0.0,,tert-butyl p-bromobenzoate,s-BuLi,tert-butyl 4-(lithio)benzoate (aryllithium),ROH (alcohol quench),quench_probe,tert-butyl 4-(lithio)benzoate (aryllithium intermediate),0.1,0.42,1.1,,CC(C)(C)OC(=O)c1ccc(Br)cc1,CCC([Li])C,CC(C)(C)OC(=O)c1ccc([Li])cc1,CO,CC(C)(C)OC(=O)c1ccc([Li])cc1,0.0316,,90.0,
Nagaki et al. 2010 - A flow microreactor system enables organolithium reactions without protecting alkoxycarbonyl groups,90.0,halogen-metal exchange,tetrahydrofuran,flow microreactor,10.1002/chem.201000876,2010.0,tR1,0.05623,,0.0,,tert-butyl p-bromobenzoate,s-BuLi,tert-butyl 4-(lithio)benzoate (aryllithium),ROH (alcohol quench),quench_probe,tert-butyl 4-(lithio)benzoate (aryllithium intermediate),0.1,0.42,1.1,,CC(C)(C)OC(=O)c1ccc(Br)cc1,CCC([Li])C,CC(C)(C)OC(=O)c1ccc([Li])cc1,CO,CC(C)(C)OC(=O)c1ccc([Li])cc1,0.1,,90.0,
Nagaki et al. 2010 - A flow microreactor system enables organolithium reactions without protecting alkoxycarbonyl groups,81.0,halogen-metal exchange,tetrahydrofuran,flow microreactor,10.1002/chem.201000876,2010.0,tR1,0.19953,,0.0,,tert-butyl p-bromobenzoate,s-BuLi,tert-butyl 4-(lithio)benzoate (aryllithium),ROH (alcohol quench),quench_probe,tert-butyl 4-(lithio)benzoate (aryllithium intermediate),0.1,0.42,1.1,,CC(C)(C)OC(=O)c1ccc(Br)cc1,CCC([Li])C,CC(C)(C)OC(=O)c1ccc([Li])cc1,CO,CC(C)(C)OC(=O)c1ccc([Li])cc1,0.316,,,
Nagaki et al. 2010 - A flow microreactor system enables organolithium reactions without protecting alkoxycarbonyl groups,76.0,halogen-metal exchange,tetrahydrofuran,flow microreactor,10.1002/chem.201000876,2010.0,tR1,0.38905,,0.0,,tert-butyl p-bromobenzoate,s-BuLi,tert-butyl 4-(lithio)benzoate (aryllithium),ROH (alcohol quench),quench_probe,tert-butyl 4-(lithio)benzoate (aryllithium intermediate),0.1,0.42,1.1,,CC(C)(C)OC(=O)c1ccc(Br)cc1,CCC([Li])C,CC(C)(C)OC(=O)c1ccc([Li])cc1,CO,CC(C)(C)OC(=O)c1ccc([Li])cc1,1.0,,,
Nagaki et al. 2010 - A flow microreactor system enables organolithium reactions without protecting alkoxycarbonyl groups,56.0,halogen-metal exchange,tetrahydrofuran,flow microreactor,10.1002/chem.201000876,2010.0,tR1,0.79433,,0.0,,tert-butyl p-bromobenzoate,s-BuLi,tert-butyl 4-(lithio)benzoate (aryllithium),ROH (alcohol quench),quench_probe,tert-butyl 4-(lithio)benzoate (aryllithium intermediate),0.1,0.42,1.1,,CC(C)(C)OC(=O)c1ccc(Br)cc1,CCC([Li])C,CC(C)(C)OC(=O)c1ccc([Li])cc1,CO,CC(C)(C)OC(=O)c1ccc([Li])cc1,3.16,,,
Nagaki et al. 2010 - A flow microreactor system enables organolithium reactions without protecting alkoxycarbonyl groups,11.0,halogen-metal exchange,tetrahydrofuran,flow microreactor,10.1002/chem.201000876,2010.0,tR1,5.62341,,0.0,,tert-butyl p-bromobenzoate,s-BuLi,tert-butyl 4-(lithio)benzoate (aryllithium),ROH (alcohol quench),quench_probe,tert-butyl 4-(lithio)benzoate (aryllithium intermediate),0.1,0.42,1.1,,CC(C)(C)OC(=O)c1ccc(Br)cc1,CCC([Li])C,CC(C)(C)OC(=O)c1ccc([Li])cc1,CO,CC(C)(C)OC(=O)c1ccc([Li])cc1,31.6,,,
Nagaki et al. 2010 - A flow microreactor system enables organolithium reactions without protecting alkoxycarbonyl groups,83.0,halogen-metal exchange,tetrahydrofuran,flow microreactor,10.1002/chem.201000876,2010.0,tR1,0.01334,,-30.0,,tert-butyl p-bromobenzoate,s-BuLi,tert-butyl 4-(lithio)benzoate (aryllithium),ROH (alcohol quench),quench_probe,tert-butyl 4-(lithio)benzoate (aryllithium intermediate),0.1,0.42,1.1,,CC(C)(C)OC(=O)c1ccc(Br)cc1,CCC([Li])C,CC(C)(C)OC(=O)c1ccc([Li])cc1,CO,CC(C)(C)OC(=O)c1ccc([Li])cc1,0.0316,,,
Nagaki et al. 2010 - A flow microreactor system enables organolithium reactions without protecting alkoxycarbonyl groups,95.0,halogen-metal exchange,tetrahydrofuran,flow microreactor,10.1002/chem.201000876,2010.0,tR1,0.05623,,-30.0,,tert-butyl p-bromobenzoate,s-BuLi,tert-butyl 4-(lithio)benzoate (aryllithium),ROH (alcohol quench),quench_probe,tert-butyl 4-(lithio)benzoate (aryllithium intermediate),0.1,0.42,1.1,,CC(C)(C)OC(=O)c1ccc(Br)cc1,CCC([Li])C,CC(C)(C)OC(=O)c1ccc([Li])cc1,CO,CC(C)(C)OC(=O)c1ccc([Li])cc1,0.1,,95.0,
Nagaki et al. 2010 - A flow microreactor system enables organolithium reactions without protecting alkoxycarbonyl groups,95.0,halogen-metal exchange,tetrahydrofuran,flow microreactor,10.1002/chem.201000876,2010.0,tR1,0.19953,,-30.0,,tert-butyl p-bromobenzoate,s-BuLi,tert-butyl 4-(lithio)benzoate (aryllithium),ROH (alcohol quench),quench_probe,tert-butyl 4-(lithio)benzoate (aryllithium intermediate),0.1,0.42,1.1,,CC(C)(C)OC(=O)c1ccc(Br)cc1,CCC([Li])C,CC(C)(C)OC(=O)c1ccc([Li])cc1,CO,CC(C)(C)OC(=O)c1ccc([Li])cc1,0.316,,95.0,
Nagaki et al. 2010 - A flow microreactor system enables organolithium reactions without protecting alkoxycarbonyl groups,95.0,halogen-metal exchange,tetrahydrofuran,flow microreactor,10.1002/chem.201000876,2010.0,tR1,0.38905,,-30.0,,tert-butyl p-bromobenzoate,s-BuLi,tert-butyl 4-(lithio)benzoate (aryllithium),ROH (alcohol quench),quench_probe,tert-butyl 4-(lithio)benzoate (aryllithium intermediate),0.1,0.42,1.1,,CC(C)(C)OC(=O)c1ccc(Br)cc1,CCC([Li])C,CC(C)(C)OC(=O)c1ccc([Li])cc1,CO,CC(C)(C)OC(=O)c1ccc([Li])cc1,1.0,,95.0,
Nagaki et al. 2010 - A flow microreactor system enables organolithium reactions without protecting alkoxycarbonyl groups,91.0,halogen-metal exchange,tetrahydrofuran,flow microreactor,10.1002/chem.201000876,2010.0,tR1,0.79433,,-30.0,,tert-butyl p-bromobenzoate,s-BuLi,tert-butyl 4-(lithio)benzoate (aryllithium),ROH (alcohol quench),quench_probe,tert-butyl 4-(lithio)benzoate (aryllithium intermediate),0.1,0.42,1.1,,CC(C)(C)OC(=O)c1ccc(Br)cc1,CCC([Li])C,CC(C)(C)OC(=O)c1ccc([Li])cc1,CO,CC(C)(C)OC(=O)c1ccc([Li])cc1,3.16,,91.0,
Nagaki et al. 2010 - A flow microreactor system enables organolithium reactions without protecting alkoxycarbonyl groups,69.0,halogen-metal exchange,tetrahydrofuran,flow microreactor,10.1002/chem.201000876,2010.0,tR1,5.62341,,-30.0,,tert-butyl p-bromobenzoate,s-BuLi,tert-butyl 4-(lithio)benzoate (aryllithium),ROH (alcohol quench),quench_probe,tert-butyl 4-(lithio)benzoate (aryllithium intermediate),0.1,0.42,1.1,,CC(C)(C)OC(=O)c1ccc(Br)cc1,CCC([Li])C,CC(C)(C)OC(=O)c1ccc([Li])cc1,CO,CC(C)(C)OC(=O)c1ccc([Li])cc1,31.6,,,
Nagaki et al. 2010 - A flow microreactor system enables organolithium reactions without protecting alkoxycarbonyl groups,95.0,halogen-metal exchange,tetrahydrofuran,flow microreactor,10.1002/chem.201000876,2010.0,tR1,0.01334,,-50.0,,tert-butyl p-bromobenzoate,s-BuLi,tert-butyl 4-(lithio)benzoate (aryllithium),ROH (alcohol quench),quench_probe,tert-butyl 4-(lithio)benzoate (aryllithium intermediate),0.1,0.42,1.1,,CC(C)(C)OC(=O)c1ccc(Br)cc1,CCC([Li])C,CC(C)(C)OC(=O)c1ccc([Li])cc1,CO,CC(C)(C)OC(=O)c1ccc([Li])cc1,0.0316,,95.0,
Nagaki et al. 2010 - A flow microreactor system enables organolithium reactions without protecting alkoxycarbonyl groups,83.0,halogen-metal exchange,tetrahydrofuran,flow microreactor,10.1002/chem.201000876,2010.0,tR1,0.05623,,-50.0,,tert-butyl p-bromobenzoate,s-BuLi,tert-butyl 4-(lithio)benzoate (aryllithium),ROH (alcohol quench),quench_probe,tert-butyl 4-(lithio)benzoate (aryllithium intermediate),0.1,0.42,1.1,,CC(C)(C)OC(=O)c1ccc(Br)cc1,CCC([Li])C,CC(C)(C)OC(=O)c1ccc([Li])cc1,CO,CC(C)(C)OC(=O)c1ccc([Li])cc1,0.1,,,
Nagaki et al. 2010 - A flow microreactor system enables organolithium reactions without protecting alkoxycarbonyl groups,97.0,halogen-metal exchange,tetrahydrofuran,flow microreactor,10.1002/chem.201000876,2010.0,tR1,0.19953,,-50.0,,tert-butyl p-bromobenzoate,s-BuLi,tert-butyl 4-(lithio)benzoate (aryllithium),ROH (alcohol quench),quench_probe,tert-butyl 4-(lithio)benzoate (aryllithium intermediate),0.1,0.42,1.1,,CC(C)(C)OC(=O)c1ccc(Br)cc1,CCC([Li])C,CC(C)(C)OC(=O)c1ccc([Li])cc1,CO,CC(C)(C)OC(=O)c1ccc([Li])cc1,0.316,,97.0,
Nagaki et al. 2010 - A flow microreactor system enables organolithium reactions without protecting alkoxycarbonyl groups,99.0,halogen-metal exchange,tetrahydrofuran,flow microreactor,10.1002/chem.201000876,2010.0,tR1,0.38905,,-50.0,,tert-butyl p-bromobenzoate,s-BuLi,tert-butyl 4-(lithio)benzoate (aryllithium),ROH (alcohol quench),quench_probe,tert-butyl 4-(lithio)benzoate (aryllithium intermediate),0.1,0.42,1.1,,CC(C)(C)OC(=O)c1ccc(Br)cc1,CCC([Li])C,CC(C)(C)OC(=O)c1ccc([Li])cc1,CO,CC(C)(C)OC(=O)c1ccc([Li])cc1,1.0,,,
Nagaki et al. 2010 - A flow microreactor system enables organolithium reactions without protecting alkoxycarbonyl groups,97.0,halogen-metal exchange,tetrahydrofuran,flow microreactor,10.1002/chem.201000876,2010.0,tR1,0.79433,,-50.0,,tert-butyl p-bromobenzoate,s-BuLi,tert-butyl 4-(lithio)benzoate (aryllithium),ROH (alcohol quench),quench_probe,tert-butyl 4-(lithio)benzoate (aryllithium intermediate),0.1,0.42,1.1,,CC(C)(C)OC(=O)c1ccc(Br)cc1,CCC([Li])C,CC(C)(C)OC(=O)c1ccc([Li])cc1,CO,CC(C)(C)OC(=O)c1ccc([Li])cc1,3.16,,97.0,
Nagaki et al. 2010 - A flow microreactor system enables organolithium reactions without protecting alkoxycarbonyl groups,94.0,halogen-metal exchange,tetrahydrofuran,flow microreactor,10.1002/chem.201000876,2010.0,tR1,5.62341,,-50.0,,tert-butyl p-bromobenzoate,s-BuLi,tert-butyl 4-(lithio)benzoate (aryllithium),ROH (alcohol quench),quench_probe,tert-butyl 4-(lithio)benzoate (aryllithium intermediate),0.1,0.42,1.1,,CC(C)(C)OC(=O)c1ccc(Br)cc1,CCC([Li])C,CC(C)(C)OC(=O)c1ccc([Li])cc1,CO,CC(C)(C)OC(=O)c1ccc([Li])cc1,31.6,,94.0,
Nagaki et al. 2010 - A flow microreactor system enables organolithium reactions without protecting alkoxycarbonyl groups,74.0,halogen-metal exchange,tetrahydrofuran,flow microreactor,10.1002/chem.201000876,2010.0,tR1,0.01334,,-60.0,,tert-butyl p-bromobenzoate,s-BuLi,tert-butyl 4-(lithio)benzoate (aryllithium),ROH (alcohol quench),quench_probe,tert-butyl 4-(lithio)benzoate (aryllithium intermediate),0.1,0.42,1.1,,CC(C)(C)OC(=O)c1ccc(Br)cc1,CCC([Li])C,CC(C)(C)OC(=O)c1ccc([Li])cc1,CO,CC(C)(C)OC(=O)c1ccc([Li])cc1,0.0316,,,
Nagaki et al. 2010 - A flow microreactor system enables organolithium reactions without protecting alkoxycarbonyl groups,70.0,halogen-metal exchange,tetrahydrofuran,flow microreactor,10.1002/chem.201000876,2010.0,tR1,0.05623,,-60.0,,tert-butyl p-bromobenzoate,s-BuLi,tert-butyl 4-(lithio)benzoate (aryllithium),ROH (alcohol quench),quench_probe,tert-butyl 4-(lithio)benzoate (aryllithium intermediate),0.1,0.42,1.1,,CC(C)(C)OC(=O)c1ccc(Br)cc1,CCC([Li])C,CC(C)(C)OC(=O)c1ccc([Li])cc1,CO,CC(C)(C)OC(=O)c1ccc([Li])cc1,0.1,,,
Nagaki et al. 2010 - A flow microreactor system enables organolithium reactions without protecting alkoxycarbonyl groups,97.0,halogen-metal exchange,tetrahydrofuran,flow microreactor,10.1002/chem.201000876,2010.0,tR1,0.19953,,-60.0,,tert-butyl p-bromobenzoate,s-BuLi,tert-butyl 4-(lithio)benzoate (aryllithium),ROH (alcohol quench),quench_probe,tert-butyl 4-(lithio)benzoate (aryllithium intermediate),0.1,0.42,1.1,,CC(C)(C)OC(=O)c1ccc(Br)cc1,CCC([Li])C,CC(C)(C)OC(=O)c1ccc([Li])cc1,CO,CC(C)(C)OC(=O)c1ccc([Li])cc1,0.316,,97.0,
Nagaki et al. 2010 - A flow microreactor system enables organolithium reactions without protecting alkoxycarbonyl groups,98.0,halogen-metal exchange,tetrahydrofuran,flow microreactor,10.1002/chem.201000876,2010.0,tR1,0.38905,,-60.0,,tert-butyl p-bromobenzoate,s-BuLi,tert-butyl 4-(lithio)benzoate (aryllithium),ROH (alcohol quench),quench_probe,tert-butyl 4-(lithio)benzoate (aryllithium intermediate),0.1,0.42,1.1,,CC(C)(C)OC(=O)c1ccc(Br)cc1,CCC([Li])C,CC(C)(C)OC(=O)c1ccc([Li])cc1,CO,CC(C)(C)OC(=O)c1ccc([Li])cc1,1.0,,98.0,
Nagaki et al. 2010 - A flow microreactor system enables organolithium reactions without protecting alkoxycarbonyl groups,92.0,halogen-metal exchange,tetrahydrofuran,flow microreactor,10.1002/chem.201000876,2010.0,tR1,0.79433,,-60.0,,tert-butyl p-bromobenzoate,s-BuLi,tert-butyl 4-(lithio)benzoate (aryllithium),ROH (alcohol quench),quench_probe,tert-butyl 4-(lithio)benzoate (aryllithium intermediate),0.1,0.42,1.1,,CC(C)(C)OC(=O)c1ccc(Br)cc1,CCC([Li])C,CC(C)(C)OC(=O)c1ccc([Li])cc1,CO,CC(C)(C)OC(=O)c1ccc([Li])cc1,3.16,,92.0,
Nagaki et al. 2010 - A flow microreactor system enables organolithium reactions without protecting alkoxycarbonyl groups,98.0,halogen-metal exchange,tetrahydrofuran,flow microreactor,10.1002/chem.201000876,2010.0,tR1,5.62341,,-60.0,,tert-butyl p-bromobenzoate,s-BuLi,tert-butyl 4-(lithio)benzoate (aryllithium),ROH (alcohol quench),quench_probe,tert-butyl 4-(lithio)benzoate (aryllithium intermediate),0.1,0.42,1.1,,CC(C)(C)OC(=O)c1ccc(Br)cc1,CCC([Li])C,CC(C)(C)OC(=O)c1ccc([Li])cc1,CO,CC(C)(C)OC(=O)c1ccc([Li])cc1,31.6,,98.0,
Nagaki et al. 2010 - A flow microreactor system enables organolithium reactions without protecting alkoxycarbonyl groups,48.0,halogen-metal exchange,tetrahydrofuran,flow microreactor,10.1002/chem.201000876,2010.0,tR1,0.01334,,-78.0,,tert-butyl p-bromobenzoate,s-BuLi,tert-butyl 4-(lithio)benzoate (aryllithium),ROH (alcohol quench),quench_probe,tert-butyl 4-(lithio)benzoate (aryllithium intermediate),0.1,0.42,1.1,,CC(C)(C)OC(=O)c1ccc(Br)cc1,CCC([Li])C,CC(C)(C)OC(=O)c1ccc([Li])cc1,CO,CC(C)(C)OC(=O)c1ccc([Li])cc1,0.0316,,,
Nagaki et al. 2010 - A flow microreactor system enables organolithium reactions without protecting alkoxycarbonyl groups,61.0,halogen-metal exchange,tetrahydrofuran,flow microreactor,10.1002/chem.201000876,2010.0,tR1,0.05623,,-78.0,,tert-butyl p-bromobenzoate,s-BuLi,tert-butyl 4-(lithio)benzoate (aryllithium),ROH (alcohol quench),quench_probe,tert-butyl 4-(lithio)benzoate (aryllithium intermediate),0.1,0.42,1.1,,CC(C)(C)OC(=O)c1ccc(Br)cc1,CCC([Li])C,CC(C)(C)OC(=O)c1ccc([Li])cc1,CO,CC(C)(C)OC(=O)c1ccc([Li])cc1,0.1,,,
Nagaki et al. 2010 - A flow microreactor system enables organolithium reactions without protecting alkoxycarbonyl groups,75.0,halogen-metal exchange,tetrahydrofuran,flow microreactor,10.1002/chem.201000876,2010.0,tR1,0.19953,,-78.0,,tert-butyl p-bromobenzoate,s-BuLi,tert-butyl 4-(lithio)benzoate (aryllithium),ROH (alcohol quench),quench_probe,tert-butyl 4-(lithio)benzoate (aryllithium intermediate),0.1,0.42,1.1,,CC(C)(C)OC(=O)c1ccc(Br)cc1,CCC([Li])C,CC(C)(C)OC(=O)c1ccc([Li])cc1,CO,CC(C)(C)OC(=O)c1ccc([Li])cc1,0.316,,,
Nagaki et al. 2010 - A flow microreactor system enables organolithium reactions without protecting alkoxycarbonyl groups,77.0,halogen-metal exchange,tetrahydrofuran,flow microreactor,10.1002/chem.201000876,2010.0,tR1,0.38905,,-78.0,,tert-butyl p-bromobenzoate,s-BuLi,tert-butyl 4-(lithio)benzoate (aryllithium),ROH (alcohol quench),quench_probe,tert-butyl 4-(lithio)benzoate (aryllithium intermediate),0.1,0.42,1.1,,CC(C)(C)OC(=O)c1ccc(Br)cc1,CCC([Li])C,CC(C)(C)OC(=O)c1ccc([Li])cc1,CO,CC(C)(C)OC(=O)c1ccc([Li])cc1,1.0,,,
Nagaki et al. 2010 - A flow microreactor system enables organolithium reactions without protecting alkoxycarbonyl groups,82.0,halogen-metal exchange,tetrahydrofuran,flow microreactor,10.1002/chem.201000876,2010.0,tR1,0.79433,,-78.0,,tert-butyl p-bromobenzoate,s-BuLi,tert-butyl 4-(lithio)benzoate (aryllithium),ROH (alcohol quench),quench_probe,tert-butyl 4-(lithio)benzoate (aryllithium intermediate),0.1,0.42,1.1,,CC(C)(C)OC(=O)c1ccc(Br)cc1,CCC([Li])C,CC(C)(C)OC(=O)c1ccc([Li])cc1,CO,CC(C)(C)OC(=O)c1ccc([Li])cc1,3.16,,,
Nagaki et al. 2010 - A flow microreactor system enables organolithium reactions without protecting alkoxycarbonyl groups,95.0,halogen-metal exchange,tetrahydrofuran,flow microreactor,10.1002/chem.201000876,2010.0,tR1,5.62341,,-78.0,,tert-butyl p-bromobenzoate,s-BuLi,tert-butyl 4-(lithio)benzoate (aryllithium),ROH (alcohol quench),quench_probe,tert-butyl 4-(lithio)benzoate (aryllithium intermediate),0.1,0.42,1.1,,CC(C)(C)OC(=O)c1ccc(Br)cc1,CCC([Li])C,CC(C)(C)OC(=O)c1ccc([Li])cc1,CO,CC(C)(C)OC(=O)c1ccc([Li])cc1,31.6,,,
Nagaki et al. 2010 - A flow microreactor system enables organolithium reactions without protecting alkoxycarbonyl groups,27.0,halogen-metal exchange,tetrahydrofuran,flow microreactor,10.1002/chem.201000876,2010.0,tR1,0.01334,,0.0,,tert-butyl p-bromobenzoate,s-BuLi,tert-butyl 4-(lithio)benzoate (aryllithium),ROH (alcohol quench),quench_probe,tert-butyl 4-(lithio)benzoate (aryllithium intermediate),0.1,0.42,1.1,,CC(C)(C)OC(=O)c1ccc(Br)cc1,CCC([Li])C,CC(C)(C)OC(=O)c1ccc([Li])cc1,CO,CC(C)(C)OC(=O)c1ccc([Li])cc1,0.0316,,,
Nagaki et al. 2010 - A flow microreactor system enables organolithium reactions without protecting alkoxycarbonyl groups,11.0,halogen-metal exchange,tetrahydrofuran,flow microreactor,10.1002/chem.201000876,2010.0,tR1,0.05623,,0.0,,tert-butyl p-bromobenzoate,s-BuLi,tert-butyl 4-(lithio)benzoate (aryllithium),ROH (alcohol quench),quench_probe,tert-butyl 4-(lithio)benzoate (aryllithium intermediate),0.1,0.42,1.1,,CC(C)(C)OC(=O)c1ccc(Br)cc1,CCC([Li])C,CC(C)(C)OC(=O)c1ccc([Li])cc1,CO,CC(C)(C)OC(=O)c1ccc([Li])cc1,0.1,,,
Nagaki et al. 2010 - A flow microreactor system enables organolithium reactions without protecting alkoxycarbonyl groups,5.0,halogen-metal exchange,tetrahydrofuran,flow microreactor,10.1002/chem.201000876,2010.0,tR1,0.19953,,0.0,,tert-butyl p-bromobenzoate,s-BuLi,tert-butyl 4-(lithio)benzoate (aryllithium),ROH (alcohol quench),quench_probe,tert-butyl 4-(lithio)benzoate (aryllithium intermediate),0.1,0.42,1.1,,CC(C)(C)OC(=O)c1ccc(Br)cc1,CCC([Li])C,CC(C)(C)OC(=O)c1ccc([Li])cc1,CO,CC(C)(C)OC(=O)c1ccc([Li])cc1,0.316,,5.0,
Nagaki et al. 2010 - A flow microreactor system enables organolithium reactions without protecting alkoxycarbonyl groups,5.0,halogen-metal exchange,tetrahydrofuran,flow microreactor,10.1002/chem.201000876,2010.0,tR1,0.38905,,0.0,,tert-butyl p-bromobenzoate,s-BuLi,tert-butyl 4-(lithio)benzoate (aryllithium),ROH (alcohol quench),quench_probe,tert-butyl 4-(lithio)benzoate (aryllithium intermediate),0.1,0.42,1.1,,CC(C)(C)OC(=O)c1ccc(Br)cc1,CCC([Li])C,CC(C)(C)OC(=O)c1ccc([Li])cc1,CO,CC(C)(C)OC(=O)c1ccc([Li])cc1,1.0,,5.0,
Nagaki et al. 2010 - A flow microreactor system enables organolithium reactions without protecting alkoxycarbonyl groups,4.0,halogen-metal exchange,tetrahydrofuran,flow microreactor,10.1002/chem.201000876,2010.0,tR1,0.79433,,0.0,,tert-butyl p-bromobenzoate,s-BuLi,tert-butyl 4-(lithio)benzoate (aryllithium),ROH (alcohol quench),quench_probe,tert-butyl 4-(lithio)benzoate (aryllithium intermediate),0.1,0.42,1.1,,CC(C)(C)OC(=O)c1ccc(Br)cc1,CCC([Li])C,CC(C)(C)OC(=O)c1ccc([Li])cc1,CO,CC(C)(C)OC(=O)c1ccc([Li])cc1,3.16,,4.0,
Nagaki et al. 2010 - A flow microreactor system enables organolithium reactions without protecting alkoxycarbonyl groups,3.0,halogen-metal exchange,tetrahydrofuran,flow microreactor,10.1002/chem.201000876,2010.0,tR1,5.62341,,0.0,,tert-butyl p-bromobenzoate,s-BuLi,tert-butyl 4-(lithio)benzoate (aryllithium),ROH (alcohol quench),quench_probe,tert-butyl 4-(lithio)benzoate (aryllithium intermediate),0.1,0.42,1.1,,CC(C)(C)OC(=O)c1ccc(Br)cc1,CCC([Li])C,CC(C)(C)OC(=O)c1ccc([Li])cc1,CO,CC(C)(C)OC(=O)c1ccc([Li])cc1,31.6,,,
Nagaki et al. 2010 - A flow microreactor system enables organolithium reactions without protecting alkoxycarbonyl groups,64.0,halogen-metal exchange,tetrahydrofuran,flow microreactor,10.1002/chem.201000876,2010.0,tR1,0.01334,,-30.0,,tert-butyl p-bromobenzoate,s-BuLi,tert-butyl 4-(lithio)benzoate (aryllithium),ROH (alcohol quench),quench_probe,tert-butyl 4-(lithio)benzoate (aryllithium intermediate),0.1,0.42,1.1,,CC(C)(C)OC(=O)c1ccc(Br)cc1,CCC([Li])C,CC(C)(C)OC(=O)c1ccc([Li])cc1,CO,CC(C)(C)OC(=O)c1ccc([Li])cc1,0.0316,,,
Nagaki et al. 2010 - A flow microreactor system enables organolithium reactions without protecting alkoxycarbonyl groups,65.0,halogen-metal exchange,tetrahydrofuran,flow microreactor,10.1002/chem.201000876,2010.0,tR1,0.05623,,-30.0,,tert-butyl p-bromobenzoate,s-BuLi,tert-butyl 4-(lithio)benzoate (aryllithium),ROH (alcohol quench),quench_probe,tert-butyl 4-(lithio)benzoate (aryllithium intermediate),0.1,0.42,1.1,,CC(C)(C)OC(=O)c1ccc(Br)cc1,CCC([Li])C,CC(C)(C)OC(=O)c1ccc([Li])cc1,CO,CC(C)(C)OC(=O)c1ccc([Li])cc1,0.1,,,
Nagaki et al. 2010 - A flow microreactor system enables organolithium reactions without protecting alkoxycarbonyl groups,26.0,halogen-metal exchange,tetrahydrofuran,flow microreactor,10.1002/chem.201000876,2010.0,tR1,0.19953,,-30.0,,tert-butyl p-bromobenzoate,s-BuLi,tert-butyl 4-(lithio)benzoate (aryllithium),ROH (alcohol quench),quench_probe,tert-butyl 4-(lithio)benzoate (aryllithium intermediate),0.1,0.42,1.1,,CC(C)(C)OC(=O)c1ccc(Br)cc1,CCC([Li])C,CC(C)(C)OC(=O)c1ccc([Li])cc1,CO,CC(C)(C)OC(=O)c1ccc([Li])cc1,0.316,,,
Nagaki et al. 2010 - A flow microreactor system enables organolithium reactions without protecting alkoxycarbonyl groups,14.0,halogen-metal exchange,tetrahydrofuran,flow microreactor,10.1002/chem.201000876,2010.0,tR1,0.38905,,-30.0,,tert-butyl p-bromobenzoate,s-BuLi,tert-butyl 4-(lithio)benzoate (aryllithium),ROH (alcohol quench),quench_probe,tert-butyl 4-(lithio)benzoate (aryllithium intermediate),0.1,0.42,1.1,,CC(C)(C)OC(=O)c1ccc(Br)cc1,CCC([Li])C,CC(C)(C)OC(=O)c1ccc([Li])cc1,CO,CC(C)(C)OC(=O)c1ccc([Li])cc1,1.0,,,
Nagaki et al. 2010 - A flow microreactor system enables organolithium reactions without protecting alkoxycarbonyl groups,7.0,halogen-metal exchange,tetrahydrofuran,flow microreactor,10.1002/chem.201000876,2010.0,tR1,0.79433,,-30.0,,tert-butyl p-bromobenzoate,s-BuLi,tert-butyl 4-(lithio)benzoate (aryllithium),ROH (alcohol quench),quench_probe,tert-butyl 4-(lithio)benzoate (aryllithium intermediate),0.1,0.42,1.1,,CC(C)(C)OC(=O)c1ccc(Br)cc1,CCC([Li])C,CC(C)(C)OC(=O)c1ccc([Li])cc1,CO,CC(C)(C)OC(=O)c1ccc([Li])cc1,3.16,,,
Nagaki et al. 2010 - A flow microreactor system enables organolithium reactions without protecting alkoxycarbonyl groups,3.0,halogen-metal exchange,tetrahydrofuran,flow microreactor,10.1002/chem.201000876,2010.0,tR1,5.62341,,-30.0,,tert-butyl p-bromobenzoate,s-BuLi,tert-butyl 4-(lithio)benzoate (aryllithium),ROH (alcohol quench),quench_probe,tert-butyl 4-(lithio)benzoate (aryllithium intermediate),0.1,0.42,1.1,,CC(C)(C)OC(=O)c1ccc(Br)cc1,CCC([Li])C,CC(C)(C)OC(=O)c1ccc([Li])cc1,CO,CC(C)(C)OC(=O)c1ccc([Li])cc1,31.6,,3.0,
Nagaki et al. 2010 - A flow microreactor system enables organolithium reactions without protecting alkoxycarbonyl groups,89.0,halogen-metal exchange,tetrahydrofuran,flow microreactor,10.1002/chem.201000876,2010.0,tR1,0.01334,,-50.0,,tert-butyl p-bromobenzoate,s-BuLi,tert-butyl 4-(lithio)benzoate (aryllithium),ROH (alcohol quench),quench_probe,tert-butyl 4-(lithio)benzoate (aryllithium intermediate),0.1,0.42,1.1,,CC(C)(C)OC(=O)c1ccc(Br)cc1,CCC([Li])C,CC(C)(C)OC(=O)c1ccc([Li])cc1,CO,CC(C)(C)OC(=O)c1ccc([Li])cc1,0.0316,,,
Nagaki et al. 2010 - A flow microreactor system enables organolithium reactions without protecting alkoxycarbonyl groups,77.0,halogen-metal exchange,tetrahydrofuran,flow microreactor,10.1002/chem.201000876,2010.0,tR1,0.05623,,-50.0,,tert-butyl p-bromobenzoate,s-BuLi,tert-butyl 4-(lithio)benzoate (aryllithium),ROH (alcohol quench),quench_probe,tert-butyl 4-(lithio)benzoate (aryllithium intermediate),0.1,0.42,1.1,,CC(C)(C)OC(=O)c1ccc(Br)cc1,CCC([Li])C,CC(C)(C)OC(=O)c1ccc([Li])cc1,CO,CC(C)(C)OC(=O)c1ccc([Li])cc1,0.1,,,
Nagaki et al. 2010 - A flow microreactor system enables organolithium reactions without protecting alkoxycarbonyl groups,62.0,halogen-metal exchange,tetrahydrofuran,flow microreactor,10.1002/chem.201000876,2010.0,tR1,0.19953,,-50.0,,tert-butyl p-bromobenzoate,s-BuLi,tert-butyl 4-(lithio)benzoate (aryllithium),ROH (alcohol quench),quench_probe,tert-butyl 4-(lithio)benzoate (aryllithium intermediate),0.1,0.42,1.1,,CC(C)(C)OC(=O)c1ccc(Br)cc1,CCC([Li])C,CC(C)(C)OC(=O)c1ccc([Li])cc1,CO,CC(C)(C)OC(=O)c1ccc([Li])cc1,0.316,,,
Nagaki et al. 2010 - A flow microreactor system enables organolithium reactions without protecting alkoxycarbonyl groups,53.0,halogen-metal exchange,tetrahydrofuran,flow microreactor,10.1002/chem.201000876,2010.0,tR1,0.38905,,-50.0,,tert-butyl p-bromobenzoate,s-BuLi,tert-butyl 4-(lithio)benzoate (aryllithium),ROH (alcohol quench),quench_probe,tert-butyl 4-(lithio)benzoate (aryllithium intermediate),0.1,0.42,1.1,,CC(C)(C)OC(=O)c1ccc(Br)cc1,CCC([Li])C,CC(C)(C)OC(=O)c1ccc([Li])cc1,CO,CC(C)(C)OC(=O)c1ccc([Li])cc1,1.0,,,
Nagaki et al. 2010 - A flow microreactor system enables organolithium reactions without protecting alkoxycarbonyl groups,39.0,halogen-metal exchange,tetrahydrofuran,flow microreactor,10.1002/chem.201000876,2010.0,tR1,0.79433,,-50.0,,tert-butyl p-bromobenzoate,s-BuLi,tert-butyl 4-(lithio)benzoate (aryllithium),ROH (alcohol quench),quench_probe,tert-butyl 4-(lithio)benzoate (aryllithium intermediate),0.1,0.42,1.1,,CC(C)(C)OC(=O)c1ccc(Br)cc1,CCC([Li])C,CC(C)(C)OC(=O)c1ccc([Li])cc1,CO,CC(C)(C)OC(=O)c1ccc([Li])cc1,3.16,,,
Nagaki et al. 2010 - A flow microreactor system enables organolithium reactions without protecting alkoxycarbonyl groups,7.0,halogen-metal exchange,tetrahydrofuran,flow microreactor,10.1002/chem.201000876,2010.0,tR1,5.62341,,-50.0,,tert-butyl p-bromobenzoate,s-BuLi,tert-butyl 4-(lithio)benzoate (aryllithium),ROH (alcohol quench),quench_probe,tert-butyl 4-(lithio)benzoate (aryllithium intermediate),0.1,0.42,1.1,,CC(C)(C)OC(=O)c1ccc(Br)cc1,CCC([Li])C,CC(C)(C)OC(=O)c1ccc([Li])cc1,CO,CC(C)(C)OC(=O)c1ccc([Li])cc1,31.6,,,
Nagaki et al. 2010 - A flow microreactor system enables organolithium reactions without protecting alkoxycarbonyl groups,81.0,halogen-metal exchange,tetrahydrofuran,flow microreactor,10.1002/chem.201000876,2010.0,tR1,0.01334,,-60.0,,tert-butyl p-bromobenzoate,s-BuLi,tert-butyl 4-(lithio)benzoate (aryllithium),ROH (alcohol quench),quench_probe,tert-butyl 4-(lithio)benzoate (aryllithium intermediate),0.1,0.42,1.1,,CC(C)(C)OC(=O)c1ccc(Br)cc1,CCC([Li])C,CC(C)(C)OC(=O)c1ccc([Li])cc1,CO,CC(C)(C)OC(=O)c1ccc([Li])cc1,0.0316,,81.0,
Nagaki et al. 2010 - A flow microreactor system enables organolithium reactions without protecting alkoxycarbonyl groups,83.0,halogen-metal exchange,tetrahydrofuran,flow microreactor,10.1002/chem.201000876,2010.0,tR1,0.05623,,-60.0,,tert-butyl p-bromobenzoate,s-BuLi,tert-butyl 4-(lithio)benzoate (aryllithium),ROH (alcohol quench),quench_probe,tert-butyl 4-(lithio)benzoate (aryllithium intermediate),0.1,0.42,1.1,,CC(C)(C)OC(=O)c1ccc(Br)cc1,CCC([Li])C,CC(C)(C)OC(=O)c1ccc([Li])cc1,CO,CC(C)(C)OC(=O)c1ccc([Li])cc1,0.1,,,
Nagaki et al. 2010 - A flow microreactor system enables organolithium reactions without protecting alkoxycarbonyl groups,80.0,halogen-metal exchange,tetrahydrofuran,flow microreactor,10.1002/chem.201000876,2010.0,tR1,0.19953,,-60.0,,tert-butyl p-bromobenzoate,s-BuLi,tert-butyl 4-(lithio)benzoate (aryllithium),ROH (alcohol quench),quench_probe,tert-butyl 4-(lithio)benzoate (aryllithium intermediate),0.1,0.42,1.1,,CC(C)(C)OC(=O)c1ccc(Br)cc1,CCC([Li])C,CC(C)(C)OC(=O)c1ccc([Li])cc1,CO,CC(C)(C)OC(=O)c1ccc([Li])cc1,0.316,,,
Nagaki et al. 2010 - A flow microreactor system enables organolithium reactions without protecting alkoxycarbonyl groups,72.0,halogen-metal exchange,tetrahydrofuran,flow microreactor,10.1002/chem.201000876,2010.0,tR1,0.38905,,-60.0,,tert-butyl p-bromobenzoate,s-BuLi,tert-butyl 4-(lithio)benzoate (aryllithium),ROH (alcohol quench),quench_probe,tert-butyl 4-(lithio)benzoate (aryllithium intermediate),0.1,0.42,1.1,,CC(C)(C)OC(=O)c1ccc(Br)cc1,CCC([Li])C,CC(C)(C)OC(=O)c1ccc([Li])cc1,CO,CC(C)(C)OC(=O)c1ccc([Li])cc1,1.0,,,
Nagaki et al. 2010 - A flow microreactor system enables organolithium reactions without protecting alkoxycarbonyl groups,57.0,halogen-metal exchange,tetrahydrofuran,flow microreactor,10.1002/chem.201000876,2010.0,tR1,0.79433,,-60.0,,tert-butyl p-bromobenzoate,s-BuLi,tert-butyl 4-(lithio)benzoate (aryllithium),ROH (alcohol quench),quench_probe,tert-butyl 4-(lithio)benzoate (aryllithium intermediate),0.1,0.42,1.1,,CC(C)(C)OC(=O)c1ccc(Br)cc1,CCC([Li])C,CC(C)(C)OC(=O)c1ccc([Li])cc1,CO,CC(C)(C)OC(=O)c1ccc([Li])cc1,3.16,,,
Nagaki et al. 2010 - A flow microreactor system enables organolithium reactions without protecting alkoxycarbonyl groups,31.0,halogen-metal exchange,tetrahydrofuran,flow microreactor,10.1002/chem.201000876,2010.0,tR1,5.62341,,-60.0,,tert-butyl p-bromobenzoate,s-BuLi,tert-butyl 4-(lithio)benzoate (aryllithium),ROH (alcohol quench),quench_probe,tert-butyl 4-(lithio)benzoate (aryllithium intermediate),0.1,0.42,1.1,,CC(C)(C)OC(=O)c1ccc(Br)cc1,CCC([Li])C,CC(C)(C)OC(=O)c1ccc([Li])cc1,CO,CC(C)(C)OC(=O)c1ccc([Li])cc1,31.6,,,
Nagaki et al. 2010 - A flow microreactor system enables organolithium reactions without protecting alkoxycarbonyl groups,70.0,halogen-metal exchange,tetrahydrofuran,flow microreactor,10.1002/chem.201000876,2010.0,tR1,0.01334,,-78.0,,tert-butyl p-bromobenzoate,s-BuLi,tert-butyl 4-(lithio)benzoate (aryllithium),ROH (alcohol quench),quench_probe,tert-butyl 4-(lithio)benzoate (aryllithium intermediate),0.1,0.42,1.1,,CC(C)(C)OC(=O)c1ccc(Br)cc1,CCC([Li])C,CC(C)(C)OC(=O)c1ccc([Li])cc1,CO,CC(C)(C)OC(=O)c1ccc([Li])cc1,0.0316,,,
Nagaki et al. 2010 - A flow microreactor system enables organolithium reactions without protecting alkoxycarbonyl groups,68.0,halogen-metal exchange,tetrahydrofuran,flow microreactor,10.1002/chem.201000876,2010.0,tR1,0.05623,,-78.0,,tert-butyl p-bromobenzoate,s-BuLi,tert-butyl 4-(lithio)benzoate (aryllithium),ROH (alcohol quench),quench_probe,tert-butyl 4-(lithio)benzoate (aryllithium intermediate),0.1,0.42,1.1,,CC(C)(C)OC(=O)c1ccc(Br)cc1,CCC([Li])C,CC(C)(C)OC(=O)c1ccc([Li])cc1,CO,CC(C)(C)OC(=O)c1ccc([Li])cc1,0.1,,,
Nagaki et al. 2010 - A flow microreactor system enables organolithium reactions without protecting alkoxycarbonyl groups,75.0,halogen-metal exchange,tetrahydrofuran,flow microreactor,10.1002/chem.201000876,2010.0,tR1,0.19953,,-78.0,,tert-butyl p-bromobenzoate,s-BuLi,tert-butyl 4-(lithio)benzoate (aryllithium),ROH (alcohol quench),quench_probe,tert-butyl 4-(lithio)benzoate (aryllithium intermediate),0.1,0.42,1.1,,CC(C)(C)OC(=O)c1ccc(Br)cc1,CCC([Li])C,CC(C)(C)OC(=O)c1ccc([Li])cc1,CO,CC(C)(C)OC(=O)c1ccc([Li])cc1,0.316,,,
Nagaki et al. 2010 - A flow microreactor system enables organolithium reactions without protecting alkoxycarbonyl groups,76.0,halogen-metal exchange,tetrahydrofuran,flow microreactor,10.1002/chem.201000876,2010.0,tR1,0.38905,,-78.0,,tert-butyl p-bromobenzoate,s-BuLi,tert-butyl 4-(lithio)benzoate (aryllithium),ROH (alcohol quench),quench_probe,tert-butyl 4-(lithio)benzoate (aryllithium intermediate),0.1,0.42,1.1,,CC(C)(C)OC(=O)c1ccc(Br)cc1,CCC([Li])C,CC(C)(C)OC(=O)c1ccc([Li])cc1,CO,CC(C)(C)OC(=O)c1ccc([Li])cc1,1.0,,76.0,
Nagaki et al. 2010 - A flow microreactor system enables organolithium reactions without protecting alkoxycarbonyl groups,78.0,halogen-metal exchange,tetrahydrofuran,flow microreactor,10.1002/chem.201000876,2010.0,tR1,0.79433,,-78.0,,tert-butyl p-bromobenzoate,s-BuLi,tert-butyl 4-(lithio)benzoate (aryllithium),ROH (alcohol quench),quench_probe,tert-butyl 4-(lithio)benzoate (aryllithium intermediate),0.1,0.42,1.1,,CC(C)(C)OC(=O)c1ccc(Br)cc1,CCC([Li])C,CC(C)(C)OC(=O)c1ccc([Li])cc1,CO,CC(C)(C)OC(=O)c1ccc([Li])cc1,3.16,,,
Nagaki et al. 2010 - A flow microreactor system enables organolithium reactions without protecting alkoxycarbonyl groups,78.0,halogen-metal exchange,tetrahydrofuran,flow microreactor,10.1002/chem.201000876,2010.0,tR1,5.62341,,-78.0,,tert-butyl p-bromobenzoate,s-BuLi,tert-butyl 4-(lithio)benzoate (aryllithium),ROH (alcohol quench),quench_probe,tert-butyl 4-(lithio)benzoate (aryllithium intermediate),0.1,0.42,1.1,,CC(C)(C)OC(=O)c1ccc(Br)cc1,CCC([Li])C,CC(C)(C)OC(=O)c1ccc([Li])cc1,CO,CC(C)(C)OC(=O)c1ccc([Li])cc1,31.6,,,
Nagaki et al. 2010 - A flow microreactor system enables organolithium reactions without protecting alkoxycarbonyl groups,39.0,halogen-metal exchange,tetrahydrofuran,flow microreactor,10.1002/chem.201000876,2010.0,tR1,0.01334,,0.0,,tert-butyl p-bromobenzoate,s-BuLi,tert-butyl 4-(lithio)benzoate (aryllithium),ROH (alcohol quench),quench_probe,tert-butyl 4-(lithio)benzoate (aryllithium intermediate),0.1,0.42,1.1,,CC(C)(C)OC(=O)c1ccc(Br)cc1,CCC([Li])C,CC(C)(C)OC(=O)c1ccc([Li])cc1,CO,CC(C)(C)OC(=O)c1ccc([Li])cc1,0.0316,,,
Nagaki et al. 2010 - A flow microreactor system enables organolithium reactions without protecting alkoxycarbonyl groups,32.0,halogen-metal exchange,tetrahydrofuran,flow microreactor,10.1002/chem.201000876,2010.0,tR1,0.05623,,0.0,,tert-butyl p-bromobenzoate,s-BuLi,tert-butyl 4-(lithio)benzoate (aryllithium),ROH (alcohol quench),quench_probe,tert-butyl 4-(lithio)benzoate (aryllithium intermediate),0.1,0.42,1.1,,CC(C)(C)OC(=O)c1ccc(Br)cc1,CCC([Li])C,CC(C)(C)OC(=O)c1ccc([Li])cc1,CO,CC(C)(C)OC(=O)c1ccc([Li])cc1,0.1,,,
Nagaki et al. 2010 - A flow microreactor system enables organolithium reactions without protecting alkoxycarbonyl groups,12.0,halogen-metal exchange,tetrahydrofuran,flow microreactor,10.1002/chem.201000876,2010.0,tR1,0.19953,,0.0,,tert-butyl p-bromobenzoate,s-BuLi,tert-butyl 4-(lithio)benzoate (aryllithium),ROH (alcohol quench),quench_probe,tert-butyl 4-(lithio)benzoate (aryllithium intermediate),0.1,0.42,1.1,,CC(C)(C)OC(=O)c1ccc(Br)cc1,CCC([Li])C,CC(C)(C)OC(=O)c1ccc([Li])cc1,CO,CC(C)(C)OC(=O)c1ccc([Li])cc1,0.316,,,
Nagaki et al. 2010 - A flow microreactor system enables organolithium reactions without protecting alkoxycarbonyl groups,9.0,halogen-metal exchange,tetrahydrofuran,flow microreactor,10.1002/chem.201000876,2010.0,tR1,0.38905,,0.0,,tert-butyl p-bromobenzoate,s-BuLi,tert-butyl 4-(lithio)benzoate (aryllithium),ROH (alcohol quench),quench_probe,tert-butyl 4-(lithio)benzoate (aryllithium intermediate),0.1,0.42,1.1,,CC(C)(C)OC(=O)c1ccc(Br)cc1,CCC([Li])C,CC(C)(C)OC(=O)c1ccc([Li])cc1,CO,CC(C)(C)OC(=O)c1ccc([Li])cc1,1.0,,,
Nagaki et al. 2010 - A flow microreactor system enables organolithium reactions without protecting alkoxycarbonyl groups,7.0,halogen-metal exchange,tetrahydrofuran,flow microreactor,10.1002/chem.201000876,2010.0,tR1,0.79433,,0.0,,tert-butyl p-bromobenzoate,s-BuLi,tert-butyl 4-(lithio)benzoate (aryllithium),ROH (alcohol quench),quench_probe,tert-butyl 4-(lithio)benzoate (aryllithium intermediate),0.1,0.42,1.1,,CC(C)(C)OC(=O)c1ccc(Br)cc1,CCC([Li])C,CC(C)(C)OC(=O)c1ccc([Li])cc1,CO,CC(C)(C)OC(=O)c1ccc([Li])cc1,3.16,,7.0,
Nagaki et al. 2010 - A flow microreactor system enables organolithium reactions without protecting alkoxycarbonyl groups,3.0,halogen-metal exchange,tetrahydrofuran,flow microreactor,10.1002/chem.201000876,2010.0,tR1,5.62341,,0.0,,tert-butyl p-bromobenzoate,s-BuLi,tert-butyl 4-(lithio)benzoate (aryllithium),ROH (alcohol quench),quench_probe,tert-butyl 4-(lithio)benzoate (aryllithium intermediate),0.1,0.42,1.1,,CC(C)(C)OC(=O)c1ccc(Br)cc1,CCC([Li])C,CC(C)(C)OC(=O)c1ccc([Li])cc1,CO,CC(C)(C)OC(=O)c1ccc([Li])cc1,31.6,,,
Nagaki et al. 2010 - A flow microreactor system enables organolithium reactions without protecting alkoxycarbonyl groups,77.0,halogen-metal exchange,tetrahydrofuran,flow microreactor,10.1002/chem.201000876,2010.0,tR1,0.01334,,-30.0,,tert-butyl p-bromobenzoate,s-BuLi,tert-butyl 4-(lithio)benzoate (aryllithium),ROH (alcohol quench),quench_probe,tert-butyl 4-(lithio)benzoate (aryllithium intermediate),0.1,0.42,1.1,,CC(C)(C)OC(=O)c1ccc(Br)cc1,CCC([Li])C,CC(C)(C)OC(=O)c1ccc([Li])cc1,CO,CC(C)(C)OC(=O)c1ccc([Li])cc1,0.0316,,,
Nagaki et al. 2010 - A flow microreactor system enables organolithium reactions without protecting alkoxycarbonyl groups,69.0,halogen-metal exchange,tetrahydrofuran,flow microreactor,10.1002/chem.201000876,2010.0,tR1,0.05623,,-30.0,,tert-butyl p-bromobenzoate,s-BuLi,tert-butyl 4-(lithio)benzoate (aryllithium),ROH (alcohol quench),quench_probe,tert-butyl 4-(lithio)benzoate (aryllithium intermediate),0.1,0.42,1.1,,CC(C)(C)OC(=O)c1ccc(Br)cc1,CCC([Li])C,CC(C)(C)OC(=O)c1ccc([Li])cc1,CO,CC(C)(C)OC(=O)c1ccc([Li])cc1,0.1,,,
Nagaki et al. 2010 - A flow microreactor system enables organolithium reactions without protecting alkoxycarbonyl groups,50.0,halogen-metal exchange,tetrahydrofuran,flow microreactor,10.1002/chem.201000876,2010.0,tR1,0.19953,,-30.0,,tert-butyl p-bromobenzoate,s-BuLi,tert-butyl 4-(lithio)benzoate (aryllithium),ROH (alcohol quench),quench_probe,tert-butyl 4-(lithio)benzoate (aryllithium intermediate),0.1,0.42,1.1,,CC(C)(C)OC(=O)c1ccc(Br)cc1,CCC([Li])C,CC(C)(C)OC(=O)c1ccc([Li])cc1,CO,CC(C)(C)OC(=O)c1ccc([Li])cc1,0.316,,,
Nagaki et al. 2010 - A flow microreactor system enables organolithium reactions without protecting alkoxycarbonyl groups,34.0,halogen-metal exchange,tetrahydrofuran,flow microreactor,10.1002/chem.201000876,2010.0,tR1,0.38905,,-30.0,,tert-butyl p-bromobenzoate,s-BuLi,tert-butyl 4-(lithio)benzoate (aryllithium),ROH (alcohol quench),quench_probe,tert-butyl 4-(lithio)benzoate (aryllithium intermediate),0.1,0.42,1.1,,CC(C)(C)OC(=O)c1ccc(Br)cc1,CCC([Li])C,CC(C)(C)OC(=O)c1ccc([Li])cc1,CO,CC(C)(C)OC(=O)c1ccc([Li])cc1,1.0,,,
Nagaki et al. 2010 - A flow microreactor system enables organolithium reactions without protecting alkoxycarbonyl groups,24.0,halogen-metal exchange,tetrahydrofuran,flow microreactor,10.1002/chem.201000876,2010.0,tR1,0.79433,,-30.0,,tert-butyl p-bromobenzoate,s-BuLi,tert-butyl 4-(lithio)benzoate (aryllithium),ROH (alcohol quench),quench_probe,tert-butyl 4-(lithio)benzoate (aryllithium intermediate),0.1,0.42,1.1,,CC(C)(C)OC(=O)c1ccc(Br)cc1,CCC([Li])C,CC(C)(C)OC(=O)c1ccc([Li])cc1,CO,CC(C)(C)OC(=O)c1ccc([Li])cc1,3.16,,,
Nagaki et al. 2010 - A flow microreactor system enables organolithium reactions without protecting alkoxycarbonyl groups,9.0,halogen-metal exchange,tetrahydrofuran,flow microreactor,10.1002/chem.201000876,2010.0,tR1,5.62341,,-30.0,,tert-butyl p-bromobenzoate,s-BuLi,tert-butyl 4-(lithio)benzoate (aryllithium),ROH (alcohol quench),quench_probe,tert-butyl 4-(lithio)benzoate (aryllithium intermediate),0.1,0.42,1.1,,CC(C)(C)OC(=O)c1ccc(Br)cc1,CCC([Li])C,CC(C)(C)OC(=O)c1ccc([Li])cc1,CO,CC(C)(C)OC(=O)c1ccc([Li])cc1,31.6,,,
Nagaki et al. 2010 - A flow microreactor system enables organolithium reactions without protecting alkoxycarbonyl groups,84.0,halogen-metal exchange,tetrahydrofuran,flow microreactor,10.1002/chem.201000876,2010.0,tR1,0.01334,,-50.0,,tert-butyl p-bromobenzoate,s-BuLi,tert-butyl 4-(lithio)benzoate (aryllithium),ROH (alcohol quench),quench_probe,tert-butyl 4-(lithio)benzoate (aryllithium intermediate),0.1,0.42,1.1,,CC(C)(C)OC(=O)c1ccc(Br)cc1,CCC([Li])C,CC(C)(C)OC(=O)c1ccc([Li])cc1,CO,CC(C)(C)OC(=O)c1ccc([Li])cc1,0.0316,,,
Nagaki et al. 2010 - A flow microreactor system enables organolithium reactions without protecting alkoxycarbonyl groups,81.0,halogen-metal exchange,tetrahydrofuran,flow microreactor,10.1002/chem.201000876,2010.0,tR1,0.05623,,-50.0,,tert-butyl p-bromobenzoate,s-BuLi,tert-butyl 4-(lithio)benzoate (aryllithium),ROH (alcohol quench),quench_probe,tert-butyl 4-(lithio)benzoate (aryllithium intermediate),0.1,0.42,1.1,,CC(C)(C)OC(=O)c1ccc(Br)cc1,CCC([Li])C,CC(C)(C)OC(=O)c1ccc([Li])cc1,CO,CC(C)(C)OC(=O)c1ccc([Li])cc1,0.1,,81.0,
Nagaki et al. 2010 - A flow microreactor system enables organolithium reactions without protecting alkoxycarbonyl groups,82.0,halogen-metal exchange,tetrahydrofuran,flow microreactor,10.1002/chem.201000876,2010.0,tR1,0.19953,,-50.0,,tert-butyl p-bromobenzoate,s-BuLi,tert-butyl 4-(lithio)benzoate (aryllithium),ROH (alcohol quench),quench_probe,tert-butyl 4-(lithio)benzoate (aryllithium intermediate),0.1,0.42,1.1,,CC(C)(C)OC(=O)c1ccc(Br)cc1,CCC([Li])C,CC(C)(C)OC(=O)c1ccc([Li])cc1,CO,CC(C)(C)OC(=O)c1ccc([Li])cc1,0.316,,,
Nagaki et al. 2010 - A flow microreactor system enables organolithium reactions without protecting alkoxycarbonyl groups,78.0,halogen-metal exchange,tetrahydrofuran,flow microreactor,10.1002/chem.201000876,2010.0,tR1,0.38905,,-50.0,,tert-butyl p-bromobenzoate,s-BuLi,tert-butyl 4-(lithio)benzoate (aryllithium),ROH (alcohol quench),quench_probe,tert-butyl 4-(lithio)benzoate (aryllithium intermediate),0.1,0.42,1.1,,CC(C)(C)OC(=O)c1ccc(Br)cc1,CCC([Li])C,CC(C)(C)OC(=O)c1ccc([Li])cc1,CO,CC(C)(C)OC(=O)c1ccc([Li])cc1,1.0,,78.0,
Nagaki et al. 2010 - A flow microreactor system enables organolithium reactions without protecting alkoxycarbonyl groups,64.0,halogen-metal exchange,tetrahydrofuran,flow microreactor,10.1002/chem.201000876,2010.0,tR1,0.79433,,-50.0,,tert-butyl p-bromobenzoate,s-BuLi,tert-butyl 4-(lithio)benzoate (aryllithium),ROH (alcohol quench),quench_probe,tert-butyl 4-(lithio)benzoate (aryllithium intermediate),0.1,0.42,1.1,,CC(C)(C)OC(=O)c1ccc(Br)cc1,CCC([Li])C,CC(C)(C)OC(=O)c1ccc([Li])cc1,CO,CC(C)(C)OC(=O)c1ccc([Li])cc1,3.16,,64.0,
Nagaki et al. 2010 - A flow microreactor system enables organolithium reactions without protecting alkoxycarbonyl groups,23.0,halogen-metal exchange,tetrahydrofuran,flow microreactor,10.1002/chem.201000876,2010.0,tR1,5.62341,,-50.0,,tert-butyl p-bromobenzoate,s-BuLi,tert-butyl 4-(lithio)benzoate (aryllithium),ROH (alcohol quench),quench_probe,tert-butyl 4-(lithio)benzoate (aryllithium intermediate),0.1,0.42,1.1,,CC(C)(C)OC(=O)c1ccc(Br)cc1,CCC([Li])C,CC(C)(C)OC(=O)c1ccc([Li])cc1,CO,CC(C)(C)OC(=O)c1ccc([Li])cc1,31.6,,,
Nagaki et al. 2010 - A flow microreactor system enables organolithium reactions without protecting alkoxycarbonyl groups,75.0,halogen-metal exchange,tetrahydrofuran,flow microreactor,10.1002/chem.201000876,2010.0,tR1,0.01334,,-60.0,,tert-butyl p-bromobenzoate,s-BuLi,tert-butyl 4-(lithio)benzoate (aryllithium),ROH (alcohol quench),quench_probe,tert-butyl 4-(lithio)benzoate (aryllithium intermediate),0.1,0.42,1.1,,CC(C)(C)OC(=O)c1ccc(Br)cc1,CCC([Li])C,CC(C)(C)OC(=O)c1ccc([Li])cc1,CO,CC(C)(C)OC(=O)c1ccc([Li])cc1,0.0316,,,
Nagaki et al. 2010 - A flow microreactor system enables organolithium reactions without protecting alkoxycarbonyl groups,84.0,halogen-metal exchange,tetrahydrofuran,flow microreactor,10.1002/chem.201000876,2010.0,tR1,0.05623,,-60.0,,tert-butyl p-bromobenzoate,s-BuLi,tert-butyl 4-(lithio)benzoate (aryllithium),ROH (alcohol quench),quench_probe,tert-butyl 4-(lithio)benzoate (aryllithium intermediate),0.1,0.42,1.1,,CC(C)(C)OC(=O)c1ccc(Br)cc1,CCC([Li])C,CC(C)(C)OC(=O)c1ccc([Li])cc1,CO,CC(C)(C)OC(=O)c1ccc([Li])cc1,0.1,,,
Nagaki et al. 2010 - A flow microreactor system enables organolithium reactions without protecting alkoxycarbonyl groups,89.0,halogen-metal exchange,tetrahydrofuran,flow microreactor,10.1002/chem.201000876,2010.0,tR1,0.19953,,-60.0,,tert-butyl p-bromobenzoate,s-BuLi,tert-butyl 4-(lithio)benzoate (aryllithium),ROH (alcohol quench),quench_probe,tert-butyl 4-(lithio)benzoate (aryllithium intermediate),0.1,0.42,1.1,,CC(C)(C)OC(=O)c1ccc(Br)cc1,CCC([Li])C,CC(C)(C)OC(=O)c1ccc([Li])cc1,CO,CC(C)(C)OC(=O)c1ccc([Li])cc1,0.316,,,
Nagaki et al. 2010 - A flow microreactor system enables organolithium reactions without protecting alkoxycarbonyl groups,85.0,halogen-metal exchange,tetrahydrofuran,flow microreactor,10.1002/chem.201000876,2010.0,tR1,0.38905,,-60.0,,tert-butyl p-bromobenzoate,s-BuLi,tert-butyl 4-(lithio)benzoate (aryllithium),ROH (alcohol quench),quench_probe,tert-butyl 4-(lithio)benzoate (aryllithium intermediate),0.1,0.42,1.1,,CC(C)(C)OC(=O)c1ccc(Br)cc1,CCC([Li])C,CC(C)(C)OC(=O)c1ccc([Li])cc1,CO,CC(C)(C)OC(=O)c1ccc([Li])cc1,1.0,,,
Nagaki et al. 2010 - A flow microreactor system enables organolithium reactions without protecting alkoxycarbonyl groups,78.0,halogen-metal exchange,tetrahydrofuran,flow microreactor,10.1002/chem.201000876,2010.0,tR1,0.79433,,-60.0,,tert-butyl p-bromobenzoate,s-BuLi,tert-butyl 4-(lithio)benzoate (aryllithium),ROH (alcohol quench),quench_probe,tert-butyl 4-(lithio)benzoate (aryllithium intermediate),0.1,0.42,1.1,,CC(C)(C)OC(=O)c1ccc(Br)cc1,CCC([Li])C,CC(C)(C)OC(=O)c1ccc([Li])cc1,CO,CC(C)(C)OC(=O)c1ccc([Li])cc1,3.16,,,
Nagaki et al. 2010 - A flow microreactor system enables organolithium reactions without protecting alkoxycarbonyl groups,43.0,halogen-metal exchange,tetrahydrofuran,flow microreactor,10.1002/chem.201000876,2010.0,tR1,5.62341,,-60.0,,tert-butyl p-bromobenzoate,s-BuLi,tert-butyl 4-(lithio)benzoate (aryllithium),ROH (alcohol quench),quench_probe,tert-butyl 4-(lithio)benzoate (aryllithium intermediate),0.1,0.42,1.1,,CC(C)(C)OC(=O)c1ccc(Br)cc1,CCC([Li])C,CC(C)(C)OC(=O)c1ccc([Li])cc1,CO,CC(C)(C)OC(=O)c1ccc([Li])cc1,31.6,,,
Nagaki et al. 2010 - A flow microreactor system enables organolithium reactions without protecting alkoxycarbonyl groups,54.0,halogen-metal exchange,tetrahydrofuran,flow microreactor,10.1002/chem.201000876,2010.0,tR1,0.01334,,-78.0,,tert-butyl p-bromobenzoate,s-BuLi,tert-butyl 4-(lithio)benzoate (aryllithium),ROH (alcohol quench),quench_probe,tert-butyl 4-(lithio)benzoate (aryllithium intermediate),0.1,0.42,1.1,,CC(C)(C)OC(=O)c1ccc(Br)cc1,CCC([Li])C,CC(C)(C)OC(=O)c1ccc([Li])cc1,CO,CC(C)(C)OC(=O)c1ccc([Li])cc1,0.0316,,54.0,
Nagaki et al. 2010 - A flow microreactor system enables organolithium reactions without protecting alkoxycarbonyl groups,57.0,halogen-metal exchange,tetrahydrofuran,flow microreactor,10.1002/chem.201000876,2010.0,tR1,0.05623,,-78.0,,tert-butyl p-bromobenzoate,s-BuLi,tert-butyl 4-(lithio)benzoate (aryllithium),ROH (alcohol quench),quench_probe,tert-butyl 4-(lithio)benzoate (aryllithium intermediate),0.1,0.42,1.1,,CC(C)(C)OC(=O)c1ccc(Br)cc1,CCC([Li])C,CC(C)(C)OC(=O)c1ccc([Li])cc1,CO,CC(C)(C)OC(=O)c1ccc([Li])cc1,0.1,,,
Nagaki et al. 2010 - A flow microreactor system enables organolithium reactions without protecting alkoxycarbonyl groups,68.0,halogen-metal exchange,tetrahydrofuran,flow microreactor,10.1002/chem.201000876,2010.0,tR1,0.19953,,-78.0,,tert-butyl p-bromobenzoate,s-BuLi,tert-butyl 4-(lithio)benzoate (aryllithium),ROH (alcohol quench),quench_probe,tert-butyl 4-(lithio)benzoate (aryllithium intermediate),0.1,0.42,1.1,,CC(C)(C)OC(=O)c1ccc(Br)cc1,CCC([Li])C,CC(C)(C)OC(=O)c1ccc([Li])cc1,CO,CC(C)(C)OC(=O)c1ccc([Li])cc1,0.316,,,
Nagaki et al. 2010 - A flow microreactor system enables organolithium reactions without protecting alkoxycarbonyl groups,69.0,halogen-metal exchange,tetrahydrofuran,flow microreactor,10.1002/chem.201000876,2010.0,tR1,0.38905,,-78.0,,tert-butyl p-bromobenzoate,s-BuLi,tert-butyl 4-(lithio)benzoate (aryllithium),ROH (alcohol quench),quench_probe,tert-butyl 4-(lithio)benzoate (aryllithium intermediate),0.1,0.42,1.1,,CC(C)(C)OC(=O)c1ccc(Br)cc1,CCC([Li])C,CC(C)(C)OC(=O)c1ccc([Li])cc1,CO,CC(C)(C)OC(=O)c1ccc([Li])cc1,1.0,,,
Nagaki et al. 2010 - A flow microreactor system enables organolithium reactions without protecting alkoxycarbonyl groups,84.0,halogen-metal exchange,tetrahydrofuran,flow microreactor,10.1002/chem.201000876,2010.0,tR1,0.79433,,-78.0,,tert-butyl p-bromobenzoate,s-BuLi,tert-butyl 4-(lithio)benzoate (aryllithium),ROH (alcohol quench),quench_probe,tert-butyl 4-(lithio)benzoate (aryllithium intermediate),0.1,0.42,1.1,,CC(C)(C)OC(=O)c1ccc(Br)cc1,CCC([Li])C,CC(C)(C)OC(=O)c1ccc([Li])cc1,CO,CC(C)(C)OC(=O)c1ccc([Li])cc1,3.16,,,
Nagaki et al. 2010 - A flow microreactor system enables organolithium reactions without protecting alkoxycarbonyl groups,85.0,halogen-metal exchange,tetrahydrofuran,flow microreactor,10.1002/chem.201000876,2010.0,tR1,5.62341,,-78.0,,tert-butyl p-bromobenzoate,s-BuLi,tert-butyl 4-(lithio)benzoate (aryllithium),ROH (alcohol quench),quench_probe,tert-butyl 4-(lithio)benzoate (aryllithium intermediate),0.1,0.42,1.1,,CC(C)(C)OC(=O)c1ccc(Br)cc1,CCC([Li])C,CC(C)(C)OC(=O)c1ccc([Li])cc1,CO,CC(C)(C)OC(=O)c1ccc([Li])cc1,31.6,,,
Nagaki et al. 2010 - A flow microreactor system enables organolithium reactions without protecting alkoxycarbonyl groups,4.0,halogen-metal exchange,tetrahydrofuran,flow microreactor,10.1002/chem.201000876,2010.0,tR1,0.01334,,0.0,,tert-butyl p-bromobenzoate,s-BuLi,tert-butyl 4-(lithio)benzoate (aryllithium),ROH (alcohol quench),quench_probe,tert-butyl 4-(lithio)benzoate (aryllithium intermediate),0.1,0.42,1.1,,CC(C)(C)OC(=O)c1ccc(Br)cc1,CCC([Li])C,CC(C)(C)OC(=O)c1ccc([Li])cc1,CO,CC(C)(C)OC(=O)c1ccc([Li])cc1,0.0316,,4.0,
Nagaki et al. 2010 - A flow microreactor system enables organolithium reactions without protecting alkoxycarbonyl groups,4.0,halogen-metal exchange,tetrahydrofuran,flow microreactor,10.1002/chem.201000876,2010.0,tR1,0.05623,,0.0,,tert-butyl p-bromobenzoate,s-BuLi,tert-butyl 4-(lithio)benzoate (aryllithium),ROH (alcohol quench),quench_probe,tert-butyl 4-(lithio)benzoate (aryllithium intermediate),0.1,0.42,1.1,,CC(C)(C)OC(=O)c1ccc(Br)cc1,CCC([Li])C,CC(C)(C)OC(=O)c1ccc([Li])cc1,CO,CC(C)(C)OC(=O)c1ccc([Li])cc1,0.1,,4.0,
Nagaki et al. 2010 - A flow microreactor system enables organolithium reactions without protecting alkoxycarbonyl groups,2.0,halogen-metal exchange,tetrahydrofuran,flow microreactor,10.1002/chem.201000876,2010.0,tR1,0.19953,,0.0,,tert-butyl p-bromobenzoate,s-BuLi,tert-butyl 4-(lithio)benzoate (aryllithium),ROH (alcohol quench),quench_probe,tert-butyl 4-(lithio)benzoate (aryllithium intermediate),0.1,0.42,1.1,,CC(C)(C)OC(=O)c1ccc(Br)cc1,CCC([Li])C,CC(C)(C)OC(=O)c1ccc([Li])cc1,CO,CC(C)(C)OC(=O)c1ccc([Li])cc1,0.316,,,
Nagaki et al. 2010 - A flow microreactor system enables organolithium reactions without protecting alkoxycarbonyl groups,1.0,halogen-metal exchange,tetrahydrofuran,flow microreactor,10.1002/chem.201000876,2010.0,tR1,0.38905,,0.0,,tert-butyl p-bromobenzoate,s-BuLi,tert-butyl 4-(lithio)benzoate (aryllithium),ROH (alcohol quench),quench_probe,tert-butyl 4-(lithio)benzoate (aryllithium intermediate),0.1,0.42,1.1,,CC(C)(C)OC(=O)c1ccc(Br)cc1,CCC([Li])C,CC(C)(C)OC(=O)c1ccc([Li])cc1,CO,CC(C)(C)OC(=O)c1ccc([Li])cc1,1.0,,,
Nagaki et al. 2010 - A flow microreactor system enables organolithium reactions without protecting alkoxycarbonyl groups,0.0,halogen-metal exchange,tetrahydrofuran,flow microreactor,10.1002/chem.201000876,2010.0,tR1,0.79433,,0.0,,tert-butyl p-bromobenzoate,s-BuLi,tert-butyl 4-(lithio)benzoate (aryllithium),ROH (alcohol quench),quench_probe,tert-butyl 4-(lithio)benzoate (aryllithium intermediate),0.1,0.42,1.1,,CC(C)(C)OC(=O)c1ccc(Br)cc1,CCC([Li])C,CC(C)(C)OC(=O)c1ccc([Li])cc1,CO,CC(C)(C)OC(=O)c1ccc([Li])cc1,3.16,,,
Nagaki et al. 2010 - A flow microreactor system enables organolithium reactions without protecting alkoxycarbonyl groups,0.0,halogen-metal exchange,tetrahydrofuran,flow microreactor,10.1002/chem.201000876,2010.0,tR1,5.62341,,0.0,,tert-butyl p-bromobenzoate,s-BuLi,tert-butyl 4-(lithio)benzoate (aryllithium),ROH (alcohol quench),quench_probe,tert-butyl 4-(lithio)benzoate (aryllithium intermediate),0.1,0.42,1.1,,CC(C)(C)OC(=O)c1ccc(Br)cc1,CCC([Li])C,CC(C)(C)OC(=O)c1ccc([Li])cc1,CO,CC(C)(C)OC(=O)c1ccc([Li])cc1,31.6,,,
Nagaki et al. 2010 - A flow microreactor system enables organolithium reactions without protecting alkoxycarbonyl groups,48.0,halogen-metal exchange,tetrahydrofuran,flow microreactor,10.1002/chem.201000876,2010.0,tR1,0.01334,,-30.0,,tert-butyl p-bromobenzoate,s-BuLi,tert-butyl 4-(lithio)benzoate (aryllithium),ROH (alcohol quench),quench_probe,tert-butyl 4-(lithio)benzoate (aryllithium intermediate),0.1,0.42,1.1,,CC(C)(C)OC(=O)c1ccc(Br)cc1,CCC([Li])C,CC(C)(C)OC(=O)c1ccc([Li])cc1,CO,CC(C)(C)OC(=O)c1ccc([Li])cc1,0.0316,,,
Nagaki et al. 2010 - A flow microreactor system enables organolithium reactions without protecting alkoxycarbonyl groups,56.0,halogen-metal exchange,tetrahydrofuran,flow microreactor,10.1002/chem.201000876,2010.0,tR1,0.05623,,-30.0,,tert-butyl p-bromobenzoate,s-BuLi,tert-butyl 4-(lithio)benzoate (aryllithium),ROH (alcohol quench),quench_probe,tert-butyl 4-(lithio)benzoate (aryllithium intermediate),0.1,0.42,1.1,,CC(C)(C)OC(=O)c1ccc(Br)cc1,CCC([Li])C,CC(C)(C)OC(=O)c1ccc([Li])cc1,CO,CC(C)(C)OC(=O)c1ccc([Li])cc1,0.1,,56.0,
Nagaki et al. 2010 - A flow microreactor system enables organolithium reactions without protecting alkoxycarbonyl groups,17.0,halogen-metal exchange,tetrahydrofuran,flow microreactor,10.1002/chem.201000876,2010.0,tR1,0.19953,,-30.0,,tert-butyl p-bromobenzoate,s-BuLi,tert-butyl 4-(lithio)benzoate (aryllithium),ROH (alcohol quench),quench_probe,tert-butyl 4-(lithio)benzoate (aryllithium intermediate),0.1,0.42,1.1,,CC(C)(C)OC(=O)c1ccc(Br)cc1,CCC([Li])C,CC(C)(C)OC(=O)c1ccc([Li])cc1,CO,CC(C)(C)OC(=O)c1ccc([Li])cc1,0.316,,,
Nagaki et al. 2010 - A flow microreactor system enables organolithium reactions without protecting alkoxycarbonyl groups,6.0,halogen-metal exchange,tetrahydrofuran,flow microreactor,10.1002/chem.201000876,2010.0,tR1,0.38905,,-30.0,,tert-butyl p-bromobenzoate,s-BuLi,tert-butyl 4-(lithio)benzoate (aryllithium),ROH (alcohol quench),quench_probe,tert-butyl 4-(lithio)benzoate (aryllithium intermediate),0.1,0.42,1.1,,CC(C)(C)OC(=O)c1ccc(Br)cc1,CCC([Li])C,CC(C)(C)OC(=O)c1ccc([Li])cc1,CO,CC(C)(C)OC(=O)c1ccc([Li])cc1,1.0,,,
Nagaki et al. 2010 - A flow microreactor system enables organolithium reactions without protecting alkoxycarbonyl groups,4.0,halogen-metal exchange,tetrahydrofuran,flow microreactor,10.1002/chem.201000876,2010.0,tR1,0.79433,,-30.0,,tert-butyl p-bromobenzoate,s-BuLi,tert-butyl 4-(lithio)benzoate (aryllithium),ROH (alcohol quench),quench_probe,tert-butyl 4-(lithio)benzoate (aryllithium intermediate),0.1,0.42,1.1,,CC(C)(C)OC(=O)c1ccc(Br)cc1,CCC([Li])C,CC(C)(C)OC(=O)c1ccc([Li])cc1,CO,CC(C)(C)OC(=O)c1ccc([Li])cc1,3.16,,,
Nagaki et al. 2010 - A flow microreactor system enables organolithium reactions without protecting alkoxycarbonyl groups,0.0,halogen-metal exchange,tetrahydrofuran,flow microreactor,10.1002/chem.201000876,2010.0,tR1,5.62341,,-30.0,,tert-butyl p-bromobenzoate,s-BuLi,tert-butyl 4-(lithio)benzoate (aryllithium),ROH (alcohol quench),quench_probe,tert-butyl 4-(lithio)benzoate (aryllithium intermediate),0.1,0.42,1.1,,CC(C)(C)OC(=O)c1ccc(Br)cc1,CCC([Li])C,CC(C)(C)OC(=O)c1ccc([Li])cc1,CO,CC(C)(C)OC(=O)c1ccc([Li])cc1,31.6,,,
Nagaki et al. 2010 - A flow microreactor system enables organolithium reactions without protecting alkoxycarbonyl groups,87.0,halogen-metal exchange,tetrahydrofuran,flow microreactor,10.1002/chem.201000876,2010.0,tR1,0.01334,,-50.0,,tert-butyl p-bromobenzoate,s-BuLi,tert-butyl 4-(lithio)benzoate (aryllithium),ROH (alcohol quench),quench_probe,tert-butyl 4-(lithio)benzoate (aryllithium intermediate),0.1,0.42,1.1,,CC(C)(C)OC(=O)c1ccc(Br)cc1,CCC([Li])C,CC(C)(C)OC(=O)c1ccc([Li])cc1,CO,CC(C)(C)OC(=O)c1ccc([Li])cc1,0.0316,,87.0,
Nagaki et al. 2010 - A flow microreactor system enables organolithium reactions without protecting alkoxycarbonyl groups,63.0,halogen-metal exchange,tetrahydrofuran,flow microreactor,10.1002/chem.201000876,2010.0,tR1,0.05623,,-50.0,,tert-butyl p-bromobenzoate,s-BuLi,tert-butyl 4-(lithio)benzoate (aryllithium),ROH (alcohol quench),quench_probe,tert-butyl 4-(lithio)benzoate (aryllithium intermediate),0.1,0.42,1.1,,CC(C)(C)OC(=O)c1ccc(Br)cc1,CCC([Li])C,CC(C)(C)OC(=O)c1ccc([Li])cc1,CO,CC(C)(C)OC(=O)c1ccc([Li])cc1,0.1,,,
Nagaki et al. 2010 - A flow microreactor system enables organolithium reactions without protecting alkoxycarbonyl groups,50.0,halogen-metal exchange,tetrahydrofuran,flow microreactor,10.1002/chem.201000876,2010.0,tR1,0.19953,,-50.0,,tert-butyl p-bromobenzoate,s-BuLi,tert-butyl 4-(lithio)benzoate (aryllithium),ROH (alcohol quench),quench_probe,tert-butyl 4-(lithio)benzoate (aryllithium intermediate),0.1,0.42,1.1,,CC(C)(C)OC(=O)c1ccc(Br)cc1,CCC([Li])C,CC(C)(C)OC(=O)c1ccc([Li])cc1,CO,CC(C)(C)OC(=O)c1ccc([Li])cc1,0.316,,,
Nagaki et al. 2010 - A flow microreactor system enables organolithium reactions without protecting alkoxycarbonyl groups,38.0,halogen-metal exchange,tetrahydrofuran,flow microreactor,10.1002/chem.201000876,2010.0,tR1,0.38905,,-50.0,,tert-butyl p-bromobenzoate,s-BuLi,tert-butyl 4-(lithio)benzoate (aryllithium),ROH (alcohol quench),quench_probe,tert-butyl 4-(lithio)benzoate (aryllithium intermediate),0.1,0.42,1.1,,CC(C)(C)OC(=O)c1ccc(Br)cc1,CCC([Li])C,CC(C)(C)OC(=O)c1ccc([Li])cc1,CO,CC(C)(C)OC(=O)c1ccc([Li])cc1,1.0,,,
Nagaki et al. 2010 - A flow microreactor system enables organolithium reactions without protecting alkoxycarbonyl groups,25.0,halogen-metal exchange,tetrahydrofuran,flow microreactor,10.1002/chem.201000876,2010.0,tR1,0.79433,,-50.0,,tert-butyl p-bromobenzoate,s-BuLi,tert-butyl 4-(lithio)benzoate (aryllithium),ROH (alcohol quench),quench_probe,tert-butyl 4-(lithio)benzoate (aryllithium intermediate),0.1,0.42,1.1,,CC(C)(C)OC(=O)c1ccc(Br)cc1,CCC([Li])C,CC(C)(C)OC(=O)c1ccc([Li])cc1,CO,CC(C)(C)OC(=O)c1ccc([Li])cc1,3.16,,,
Nagaki et al. 2010 - A flow microreactor system enables organolithium reactions without protecting alkoxycarbonyl groups,0.0,halogen-metal exchange,tetrahydrofuran,flow microreactor,10.1002/chem.201000876,2010.0,tR1,5.62341,,-50.0,,tert-butyl p-bromobenzoate,s-BuLi,tert-butyl 4-(lithio)benzoate (aryllithium),ROH (alcohol quench),quench_probe,tert-butyl 4-(lithio)benzoate (aryllithium intermediate),0.1,0.42,1.1,,CC(C)(C)OC(=O)c1ccc(Br)cc1,CCC([Li])C,CC(C)(C)OC(=O)c1ccc([Li])cc1,CO,CC(C)(C)OC(=O)c1ccc([Li])cc1,31.6,,,
Nagaki et al. 2010 - A flow microreactor system enables organolithium reactions without protecting alkoxycarbonyl groups,85.0,halogen-metal exchange,tetrahydrofuran,flow microreactor,10.1002/chem.201000876,2010.0,tR1,0.01334,,-60.0,,tert-butyl p-bromobenzoate,s-BuLi,tert-butyl 4-(lithio)benzoate (aryllithium),ROH (alcohol quench),quench_probe,tert-butyl 4-(lithio)benzoate (aryllithium intermediate),0.1,0.42,1.1,,CC(C)(C)OC(=O)c1ccc(Br)cc1,CCC([Li])C,CC(C)(C)OC(=O)c1ccc([Li])cc1,CO,CC(C)(C)OC(=O)c1ccc([Li])cc1,0.0316,,,
Nagaki et al. 2010 - A flow microreactor system enables organolithium reactions without protecting alkoxycarbonyl groups,68.0,halogen-metal exchange,tetrahydrofuran,flow microreactor,10.1002/chem.201000876,2010.0,tR1,0.05623,,-60.0,,tert-butyl p-bromobenzoate,s-BuLi,tert-butyl 4-(lithio)benzoate (aryllithium),ROH (alcohol quench),quench_probe,tert-butyl 4-(lithio)benzoate (aryllithium intermediate),0.1,0.42,1.1,,CC(C)(C)OC(=O)c1ccc(Br)cc1,CCC([Li])C,CC(C)(C)OC(=O)c1ccc([Li])cc1,CO,CC(C)(C)OC(=O)c1ccc([Li])cc1,0.1,,68.0,
Nagaki et al. 2010 - A flow microreactor system enables organolithium reactions without protecting alkoxycarbonyl groups,61.0,halogen-metal exchange,tetrahydrofuran,flow microreactor,10.1002/chem.201000876,2010.0,tR1,0.19953,,-60.0,,tert-butyl p-bromobenzoate,s-BuLi,tert-butyl 4-(lithio)benzoate (aryllithium),ROH (alcohol quench),quench_probe,tert-butyl 4-(lithio)benzoate (aryllithium intermediate),0.1,0.42,1.1,,CC(C)(C)OC(=O)c1ccc(Br)cc1,CCC([Li])C,CC(C)(C)OC(=O)c1ccc([Li])cc1,CO,CC(C)(C)OC(=O)c1ccc([Li])cc1,0.316,,,
Nagaki et al. 2010 - A flow microreactor system enables organolithium reactions without protecting alkoxycarbonyl groups,47.0,halogen-metal exchange,tetrahydrofuran,flow microreactor,10.1002/chem.201000876,2010.0,tR1,0.38905,,-60.0,,tert-butyl p-bromobenzoate,s-BuLi,tert-butyl 4-(lithio)benzoate (aryllithium),ROH (alcohol quench),quench_probe,tert-butyl 4-(lithio)benzoate (aryllithium intermediate),0.1,0.42,1.1,,CC(C)(C)OC(=O)c1ccc(Br)cc1,CCC([Li])C,CC(C)(C)OC(=O)c1ccc([Li])cc1,CO,CC(C)(C)OC(=O)c1ccc([Li])cc1,1.0,,47.0,
Nagaki et al. 2010 - A flow microreactor system enables organolithium reactions without protecting alkoxycarbonyl groups,43.0,halogen-metal exchange,tetrahydrofuran,flow microreactor,10.1002/chem.201000876,2010.0,tR1,0.79433,,-60.0,,tert-butyl p-bromobenzoate,s-BuLi,tert-butyl 4-(lithio)benzoate (aryllithium),ROH (alcohol quench),quench_probe,tert-butyl 4-(lithio)benzoate (aryllithium intermediate),0.1,0.42,1.1,,CC(C)(C)OC(=O)c1ccc(Br)cc1,CCC([Li])C,CC(C)(C)OC(=O)c1ccc([Li])cc1,CO,CC(C)(C)OC(=O)c1ccc([Li])cc1,3.16,,,
Nagaki et al. 2010 - A flow microreactor system enables organolithium reactions without protecting alkoxycarbonyl groups,4.0,halogen-metal exchange,tetrahydrofuran,flow microreactor,10.1002/chem.201000876,2010.0,tR1,5.62341,,-60.0,,tert-butyl p-bromobenzoate,s-BuLi,tert-butyl 4-(lithio)benzoate (aryllithium),ROH (alcohol quench),quench_probe,tert-butyl 4-(lithio)benzoate (aryllithium intermediate),0.1,0.42,1.1,,CC(C)(C)OC(=O)c1ccc(Br)cc1,CCC([Li])C,CC(C)(C)OC(=O)c1ccc([Li])cc1,CO,CC(C)(C)OC(=O)c1ccc([Li])cc1,31.6,,,
Nagaki et al. 2010 - A flow microreactor system enables organolithium reactions without protecting alkoxycarbonyl groups,67.0,halogen-metal exchange,tetrahydrofuran,flow microreactor,10.1002/chem.201000876,2010.0,tR1,0.01334,,-78.0,,tert-butyl p-bromobenzoate,s-BuLi,tert-butyl 4-(lithio)benzoate (aryllithium),ROH (alcohol quench),quench_probe,tert-butyl 4-(lithio)benzoate (aryllithium intermediate),0.1,0.42,1.1,,CC(C)(C)OC(=O)c1ccc(Br)cc1,CCC([Li])C,CC(C)(C)OC(=O)c1ccc([Li])cc1,CO,CC(C)(C)OC(=O)c1ccc([Li])cc1,0.0316,,67.0,
Nagaki et al. 2010 - A flow microreactor system enables organolithium reactions without protecting alkoxycarbonyl groups,64.0,halogen-metal exchange,tetrahydrofuran,flow microreactor,10.1002/chem.201000876,2010.0,tR1,0.05623,,-78.0,,tert-butyl p-bromobenzoate,s-BuLi,tert-butyl 4-(lithio)benzoate (aryllithium),ROH (alcohol quench),quench_probe,tert-butyl 4-(lithio)benzoate (aryllithium intermediate),0.1,0.42,1.1,,CC(C)(C)OC(=O)c1ccc(Br)cc1,CCC([Li])C,CC(C)(C)OC(=O)c1ccc([Li])cc1,CO,CC(C)(C)OC(=O)c1ccc([Li])cc1,0.1,,64.0,
Nagaki et al. 2010 - A flow microreactor system enables organolithium reactions without protecting alkoxycarbonyl groups,62.0,halogen-metal exchange,tetrahydrofuran,flow microreactor,10.1002/chem.201000876,2010.0,tR1,0.19953,,-78.0,,tert-butyl p-bromobenzoate,s-BuLi,tert-butyl 4-(lithio)benzoate (aryllithium),ROH (alcohol quench),quench_probe,tert-butyl 4-(lithio)benzoate (aryllithium intermediate),0.1,0.42,1.1,,CC(C)(C)OC(=O)c1ccc(Br)cc1,CCC([Li])C,CC(C)(C)OC(=O)c1ccc([Li])cc1,CO,CC(C)(C)OC(=O)c1ccc([Li])cc1,0.316,,,
Nagaki et al. 2010 - A flow microreactor system enables organolithium reactions without protecting alkoxycarbonyl groups,74.0,halogen-metal exchange,tetrahydrofuran,flow microreactor,10.1002/chem.201000876,2010.0,tR1,0.38905,,-78.0,,tert-butyl p-bromobenzoate,s-BuLi,tert-butyl 4-(lithio)benzoate (aryllithium),ROH (alcohol quench),quench_probe,tert-butyl 4-(lithio)benzoate (aryllithium intermediate),0.1,0.42,1.1,,CC(C)(C)OC(=O)c1ccc(Br)cc1,CCC([Li])C,CC(C)(C)OC(=O)c1ccc([Li])cc1,CO,CC(C)(C)OC(=O)c1ccc([Li])cc1,1.0,,,
Nagaki et al. 2010 - A flow microreactor system enables organolithium reactions without protecting alkoxycarbonyl groups,70.0,halogen-metal exchange,tetrahydrofuran,flow microreactor,10.1002/chem.201000876,2010.0,tR1,0.79433,,-78.0,,tert-butyl p-bromobenzoate,s-BuLi,tert-butyl 4-(lithio)benzoate (aryllithium),ROH (alcohol quench),quench_probe,tert-butyl 4-(lithio)benzoate (aryllithium intermediate),0.1,0.42,1.1,,CC(C)(C)OC(=O)c1ccc(Br)cc1,CCC([Li])C,CC(C)(C)OC(=O)c1ccc([Li])cc1,CO,CC(C)(C)OC(=O)c1ccc([Li])cc1,3.16,,,
Nagaki et al. 2010 - A flow microreactor system enables organolithium reactions without protecting alkoxycarbonyl groups,51.0,halogen-metal exchange,tetrahydrofuran,flow microreactor,10.1002/chem.201000876,2010.0,tR1,5.62341,,-78.0,,tert-butyl p-bromobenzoate,s-BuLi,tert-butyl 4-(lithio)benzoate (aryllithium),ROH (alcohol quench),quench_probe,tert-butyl 4-(lithio)benzoate (aryllithium intermediate),0.1,0.42,1.1,,CC(C)(C)OC(=O)c1ccc(Br)cc1,CCC([Li])C,CC(C)(C)OC(=O)c1ccc([Li])cc1,CO,CC(C)(C)OC(=O)c1ccc([Li])cc1,31.6,,,
Nagaki et al. 2012 - Cross-coupling of aryllithiums with aryl and vinyl halides in flow microreactors,82.0,C-C coupling,tetrahydrofuran,flow microreactor,10.1002/asia.201101019,2012.0,tR2,,1.0,,70.0,p-bromoanisole,n-BuLi,p-methoxyphenyllithium,bromobenzene,synthetic,biaryl cross-coupling product,,,,,COc1ccc(Br)cc1,CCCC[Li],COc1ccc([Li])cc1,Brc1ccccc1,,,1.0,82.0,
Nagaki et al. 2012 - Cross-coupling of aryllithiums with aryl and vinyl halides in flow microreactors,89.0,C-C coupling,tetrahydrofuran,flow microreactor,10.1002/asia.201101019,2012.0,tR2,,3.54813,,70.0,p-bromoanisole,n-BuLi,p-methoxyphenyllithium,bromobenzene,synthetic,biaryl cross-coupling product,,,,,COc1ccc(Br)cc1,CCCC[Li],COc1ccc([Li])cc1,Brc1ccccc1,,,3.16,89.0,
Nagaki et al. 2012 - Cross-coupling of aryllithiums with aryl and vinyl halides in flow microreactors,90.0,C-C coupling,tetrahydrofuran,flow microreactor,10.1002/asia.201101019,2012.0,tR2,,14.12538,,70.0,p-bromoanisole,n-BuLi,p-methoxyphenyllithium,bromobenzene,synthetic,biaryl cross-coupling product,,,,,COc1ccc(Br)cc1,CCCC[Li],COc1ccc([Li])cc1,Brc1ccccc1,,,10.0,90.0,
Nagaki et al. 2012 - Cross-coupling of aryllithiums with aryl and vinyl halides in flow microreactors,92.0,C-C coupling,tetrahydrofuran,flow microreactor,10.1002/asia.201101019,2012.0,tR2,,31.62278,,70.0,p-bromoanisole,n-BuLi,p-methoxyphenyllithium,bromobenzene,synthetic,biaryl cross-coupling product,,,,,COc1ccc(Br)cc1,CCCC[Li],COc1ccc([Li])cc1,Brc1ccccc1,,,31.6,92.0,
Nagaki et al. 2012 - Cross-coupling of aryllithiums with aryl and vinyl halides in flow microreactors,90.0,C-C coupling,tetrahydrofuran,flow microreactor,10.1002/asia.201101019,2012.0,tR2,,63.09573,,70.0,p-bromoanisole,n-BuLi,p-methoxyphenyllithium,bromobenzene,synthetic,biaryl cross-coupling product,,,,,COc1ccc(Br)cc1,CCCC[Li],COc1ccc([Li])cc1,Brc1ccccc1,,,100.0,90.0,
Nagaki et al. 2012 - Cross-coupling of aryllithiums with aryl and vinyl halides in flow microreactors,63.0,C-C coupling,tetrahydrofuran,flow microreactor,10.1002/asia.201101019,2012.0,tR2,,1.0,,50.0,p-bromoanisole,n-BuLi,p-methoxyphenyllithium,bromobenzene,synthetic,biaryl cross-coupling product,,,,,COc1ccc(Br)cc1,CCCC[Li],COc1ccc([Li])cc1,Brc1ccccc1,,,1.0,,
Nagaki et al. 2012 - Cross-coupling of aryllithiums with aryl and vinyl halides in flow microreactors,86.0,C-C coupling,tetrahydrofuran,flow microreactor,10.1002/asia.201101019,2012.0,tR2,,3.54813,,50.0,p-bromoanisole,n-BuLi,p-methoxyphenyllithium,bromobenzene,synthetic,biaryl cross-coupling product,,,,,COc1ccc(Br)cc1,CCCC[Li],COc1ccc([Li])cc1,Brc1ccccc1,,,3.16,86.0,
Nagaki et al. 2012 - Cross-coupling of aryllithiums with aryl and vinyl halides in flow microreactors,90.0,C-C coupling,tetrahydrofuran,flow microreactor,10.1002/asia.201101019,2012.0,tR2,,14.12538,,50.0,p-bromoanisole,n-BuLi,p-methoxyphenyllithium,bromobenzene,synthetic,biaryl cross-coupling product,,,,,COc1ccc(Br)cc1,CCCC[Li],COc1ccc([Li])cc1,Brc1ccccc1,,,10.0,90.0,
Nagaki et al. 2012 - Cross-coupling of aryllithiums with aryl and vinyl halides in flow microreactors,89.0,C-C coupling,tetrahydrofuran,flow microreactor,10.1002/asia.201101019,2012.0,tR2,,31.62278,,50.0,p-bromoanisole,n-BuLi,p-methoxyphenyllithium,bromobenzene,synthetic,biaryl cross-coupling product,,,,,COc1ccc(Br)cc1,CCCC[Li],COc1ccc([Li])cc1,Brc1ccccc1,,,31.6,89.0,
Nagaki et al. 2012 - Cross-coupling of aryllithiums with aryl and vinyl halides in flow microreactors,90.0,C-C coupling,tetrahydrofuran,flow microreactor,10.1002/asia.201101019,2012.0,tR2,,63.09573,,50.0,p-bromoanisole,n-BuLi,p-methoxyphenyllithium,bromobenzene,synthetic,biaryl cross-coupling product,,,,,COc1ccc(Br)cc1,CCCC[Li],COc1ccc([Li])cc1,Brc1ccccc1,,,100.0,90.0,
Nagaki et al. 2012 - Cross-coupling of aryllithiums with aryl and vinyl halides in flow microreactors,44.0,C-C coupling,tetrahydrofuran,flow microreactor,10.1002/asia.201101019,2012.0,tR2,,1.0,,30.0,p-bromoanisole,n-BuLi,p-methoxyphenyllithium,bromobenzene,synthetic,biaryl cross-coupling product,,,,,COc1ccc(Br)cc1,CCCC[Li],COc1ccc([Li])cc1,Brc1ccccc1,,,1.0,,
Nagaki et al. 2012 - Cross-coupling of aryllithiums with aryl and vinyl halides in flow microreactors,74.0,C-C coupling,tetrahydrofuran,flow microreactor,10.1002/asia.201101019,2012.0,tR2,,3.54813,,30.0,p-bromoanisole,n-BuLi,p-methoxyphenyllithium,bromobenzene,synthetic,biaryl cross-coupling product,,,,,COc1ccc(Br)cc1,CCCC[Li],COc1ccc([Li])cc1,Brc1ccccc1,,,3.16,74.0,
Nagaki et al. 2012 - Cross-coupling of aryllithiums with aryl and vinyl halides in flow microreactors,84.0,C-C coupling,tetrahydrofuran,flow microreactor,10.1002/asia.201101019,2012.0,tR2,,14.12538,,30.0,p-bromoanisole,n-BuLi,p-methoxyphenyllithium,bromobenzene,synthetic,biaryl cross-coupling product,,,,,COc1ccc(Br)cc1,CCCC[Li],COc1ccc([Li])cc1,Brc1ccccc1,,,10.0,84.0,
Nagaki et al. 2012 - Cross-coupling of aryllithiums with aryl and vinyl halides in flow microreactors,86.0,C-C coupling,tetrahydrofuran,flow microreactor,10.1002/asia.201101019,2012.0,tR2,,31.62278,,30.0,p-bromoanisole,n-BuLi,p-methoxyphenyllithium,bromobenzene,synthetic,biaryl cross-coupling product,,,,,COc1ccc(Br)cc1,CCCC[Li],COc1ccc([Li])cc1,Brc1ccccc1,,,31.6,86.0,
Nagaki et al. 2012 - Cross-coupling of aryllithiums with aryl and vinyl halides in flow microreactors,83.0,C-C coupling,tetrahydrofuran,flow microreactor,10.1002/asia.201101019,2012.0,tR2,,63.09573,,30.0,p-bromoanisole,n-BuLi,p-methoxyphenyllithium,bromobenzene,synthetic,biaryl cross-coupling product,,,,,COc1ccc(Br)cc1,CCCC[Li],COc1ccc([Li])cc1,Brc1ccccc1,,,100.0,83.0,
Nagaki et al. 2012 - Cross-coupling of aryllithiums with aryl and vinyl halides in flow microreactors,26.0,C-C coupling,tetrahydrofuran,flow microreactor,10.1002/asia.201101019,2012.0,tR2,,1.0,,15.0,p-bromoanisole,n-BuLi,p-methoxyphenyllithium,bromobenzene,synthetic,biaryl cross-coupling product,,,,,COc1ccc(Br)cc1,CCCC[Li],COc1ccc([Li])cc1,Brc1ccccc1,,,1.0,26.0,
Nagaki et al. 2012 - Cross-coupling of aryllithiums with aryl and vinyl halides in flow microreactors,48.0,C-C coupling,tetrahydrofuran,flow microreactor,10.1002/asia.201101019,2012.0,tR2,,3.54813,,15.0,p-bromoanisole,n-BuLi,p-methoxyphenyllithium,bromobenzene,synthetic,biaryl cross-coupling product,,,,,COc1ccc(Br)cc1,CCCC[Li],COc1ccc([Li])cc1,Brc1ccccc1,,,3.16,48.0,
Nagaki et al. 2012 - Cross-coupling of aryllithiums with aryl and vinyl halides in flow microreactors,72.0,C-C coupling,tetrahydrofuran,flow microreactor,10.1002/asia.201101019,2012.0,tR2,,14.12538,,15.0,p-bromoanisole,n-BuLi,p-methoxyphenyllithium,bromobenzene,synthetic,biaryl cross-coupling product,,,,,COc1ccc(Br)cc1,CCCC[Li],COc1ccc([Li])cc1,Brc1ccccc1,,,10.0,72.0,
Nagaki et al. 2012 - Cross-coupling of aryllithiums with aryl and vinyl halides in flow microreactors,78.0,C-C coupling,tetrahydrofuran,flow microreactor,10.1002/asia.201101019,2012.0,tR2,,31.62278,,15.0,p-bromoanisole,n-BuLi,p-methoxyphenyllithium,bromobenzene,synthetic,biaryl cross-coupling product,,,,,COc1ccc(Br)cc1,CCCC[Li],COc1ccc([Li])cc1,Brc1ccccc1,,,31.6,78.0,
Nagaki et al. 2012 - Cross-coupling of aryllithiums with aryl and vinyl halides in flow microreactors,81.0,C-C coupling,tetrahydrofuran,flow microreactor,10.1002/asia.201101019,2012.0,tR2,,63.09573,,15.0,p-bromoanisole,n-BuLi,p-methoxyphenyllithium,bromobenzene,synthetic,biaryl cross-coupling product,,,,,COc1ccc(Br)cc1,CCCC[Li],COc1ccc([Li])cc1,Brc1ccccc1,,,100.0,81.0,
Nagaki et al. 2012 - Cross-coupling of aryllithiums with aryl and vinyl halides in flow microreactors,22.0,C-C coupling,tetrahydrofuran,flow microreactor,10.1002/asia.201101019,2012.0,tR2,,1.0,,0.0,p-bromoanisole,n-BuLi,p-methoxyphenyllithium,bromobenzene,synthetic,biaryl cross-coupling product,,,,,COc1ccc(Br)cc1,CCCC[Li],COc1ccc([Li])cc1,Brc1ccccc1,,,1.0,,
Nagaki et al. 2012 - Cross-coupling of aryllithiums with aryl and vinyl halides in flow microreactors,35.0,C-C coupling,tetrahydrofuran,flow microreactor,10.1002/asia.201101019,2012.0,tR2,,3.54813,,0.0,p-bromoanisole,n-BuLi,p-methoxyphenyllithium,bromobenzene,synthetic,biaryl cross-coupling product,,,,,COc1ccc(Br)cc1,CCCC[Li],COc1ccc([Li])cc1,Brc1ccccc1,,,3.16,35.0,
Nagaki et al. 2012 - Cross-coupling of aryllithiums with aryl and vinyl halides in flow microreactors,47.0,C-C coupling,tetrahydrofuran,flow microreactor,10.1002/asia.201101019,2012.0,tR2,,14.12538,,0.0,p-bromoanisole,n-BuLi,p-methoxyphenyllithium,bromobenzene,synthetic,biaryl cross-coupling product,,,,,COc1ccc(Br)cc1,CCCC[Li],COc1ccc([Li])cc1,Brc1ccccc1,,,10.0,47.0,
Nagaki et al. 2012 - Cross-coupling of aryllithiums with aryl and vinyl halides in flow microreactors,53.0,C-C coupling,tetrahydrofuran,flow microreactor,10.1002/asia.201101019,2012.0,tR2,,31.62278,,0.0,p-bromoanisole,n-BuLi,p-methoxyphenyllithium,bromobenzene,synthetic,biaryl cross-coupling product,,,,,COc1ccc(Br)cc1,CCCC[Li],COc1ccc([Li])cc1,Brc1ccccc1,,,31.6,53.0,
Nagaki et al. 2012 - Cross-coupling of aryllithiums with aryl and vinyl halides in flow microreactors,65.0,C-C coupling,tetrahydrofuran,flow microreactor,10.1002/asia.201101019,2012.0,tR2,,63.09573,,0.0,p-bromoanisole,n-BuLi,p-methoxyphenyllithium,bromobenzene,synthetic,biaryl cross-coupling product,,,,,COc1ccc(Br)cc1,CCCC[Li],COc1ccc([Li])cc1,Brc1ccccc1,,,100.0,65.0,
Nagaki et al. 2012 - Cross-coupling of aryllithiums with aryl and vinyl halides in flow microreactors,91.0,C-C coupling,tetrahydrofuran,flow microreactor,10.1002/asia.201101019,2012.0,tR2,,100.0,,70.0,p-bromoanisole,n-BuLi,p-methoxyphenyllithium,bromobenzene,synthetic,biaryl cross-coupling product,,,,,COc1ccc(Br)cc1,CCCC[Li],COc1ccc([Li])cc1,Brc1ccccc1,,,316.0,91.0,
Nagaki et al. 2012 - Cross-coupling of aryllithiums with aryl and vinyl halides in flow microreactors,93.0,C-C coupling,tetrahydrofuran,flow microreactor,10.1002/asia.201101019,2012.0,tR2,,100.0,,50.0,p-bromoanisole,n-BuLi,p-methoxyphenyllithium,bromobenzene,synthetic,biaryl cross-coupling product,,,,,COc1ccc(Br)cc1,CCCC[Li],COc1ccc([Li])cc1,Brc1ccccc1,,,316.0,93.0,
Nagaki et al. 2012 - Cross-coupling of aryllithiums with aryl and vinyl halides in flow microreactors,88.0,C-C coupling,tetrahydrofuran,flow microreactor,10.1002/asia.201101019,2012.0,tR2,,100.0,,30.0,p-bromoanisole,n-BuLi,p-methoxyphenyllithium,bromobenzene,synthetic,biaryl cross-coupling product,,,,,COc1ccc(Br)cc1,CCCC[Li],COc1ccc([Li])cc1,Brc1ccccc1,,,316.0,88.0,
Nagaki et al. 2012 - Cross-coupling of aryllithiums with aryl and vinyl halides in flow microreactors,82.0,C-C coupling,tetrahydrofuran,flow microreactor,10.1002/asia.201101019,2012.0,tR2,,100.0,,15.0,p-bromoanisole,n-BuLi,p-methoxyphenyllithium,bromobenzene,synthetic,biaryl cross-coupling product,,,,,COc1ccc(Br)cc1,CCCC[Li],COc1ccc([Li])cc1,Brc1ccccc1,,,316.0,82.0,
Nagaki et al. 2012 - Cross-coupling of aryllithiums with aryl and vinyl halides in flow microreactors,69.0,C-C coupling,tetrahydrofuran,flow microreactor,10.1002/asia.201101019,2012.0,tR2,,100.0,,0.0,p-bromoanisole,n-BuLi,p-methoxyphenyllithium,bromobenzene,synthetic,biaryl cross-coupling product,,,,,COc1ccc(Br)cc1,CCCC[Li],COc1ccc([Li])cc1,Brc1ccccc1,,,316.0,69.0,
example1,60.0,other,tetrahydrofuran,flow microreactor,10.1002/anie.202003831,2020.0,tR1,0.00316,,-20.0,,fluoroiodomethane (1),,"Li-CH2-F (fluoromethyllithium), lifetime 13 ms at -60 °C",,,,,,,,FCI,,[Li]CF,,,0.003,,,"存疑:双热图合并,部分tR原始值重复"
example1,13.0,other,tetrahydrofuran,flow microreactor,10.1002/anie.202003831,2020.0,tR1,0.01334,,-20.0,,fluoroiodomethane (1),,"Li-CH2-F (fluoromethyllithium), lifetime 13 ms at -60 °C",,,,,,,,FCI,,[Li]CF,,,0.01,,,"存疑:双热图合并,部分tR原始值重复"
example1,5.0,other,tetrahydrofuran,flow microreactor,10.1002/anie.202003831,2020.0,tR1,0.05623,,-20.0,,fluoroiodomethane (1),,"Li-CH2-F (fluoromethyllithium), lifetime 13 ms at -60 °C",,,,,,,,FCI,,[Li]CF,,,0.03,,,"存疑:双热图合并,部分tR原始值重复"
example1,0.0,other,tetrahydrofuran,flow microreactor,10.1002/anie.202003831,2020.0,tR1,0.17783,,-20.0,,fluoroiodomethane (1),,"Li-CH2-F (fluoromethyllithium), lifetime 13 ms at -60 °C",,,,,,,,FCI,,[Li]CF,,,0.1,,0.0,"存疑:双热图合并,部分tR原始值重复"
example1,0.0,other,tetrahydrofuran,flow microreactor,10.1002/anie.202003831,2020.0,tR1,0.74131,,-20.0,,fluoroiodomethane (1),,"Li-CH2-F (fluoromethyllithium), lifetime 13 ms at -60 °C",,,,,,,,FCI,,[Li]CF,,,0.3,,0.0,"存疑:双热图合并,部分tR原始值重复"
example1,0.0,other,tetrahydrofuran,flow microreactor,10.1002/anie.202003831,2020.0,tR1,1.58489,,-20.0,,fluoroiodomethane (1),,"Li-CH2-F (fluoromethyllithium), lifetime 13 ms at -60 °C",,,,,,,,FCI,,[Li]CF,,,1.0,,0.0,"存疑:双热图合并,部分tR原始值重复"
example1,0.0,other,tetrahydrofuran,flow microreactor,10.1002/anie.202003831,2020.0,tR1,3.16228,,-20.0,,fluoroiodomethane (1),,"Li-CH2-F (fluoromethyllithium), lifetime 13 ms at -60 °C",,,,,,,,FCI,,[Li]CF,,,3.16,,0.0,"存疑:双热图合并,部分tR原始值重复"
example1,71.0,other,tetrahydrofuran,flow microreactor,10.1002/anie.202003831,2020.0,tR1,0.00316,,-40.0,,fluoroiodomethane (1),,"Li-CH2-F (fluoromethyllithium), lifetime 13 ms at -60 °C",,,,,,,,FCI,,[Li]CF,,,0.003,,,"存疑:双热图合并,部分tR原始值重复"
example1,57.0,other,tetrahydrofuran,flow microreactor,10.1002/anie.202003831,2020.0,tR1,0.01334,,-40.0,,fluoroiodomethane (1),,"Li-CH2-F (fluoromethyllithium), lifetime 13 ms at -60 °C",,,,,,,,FCI,,[Li]CF,,,0.01,,,"存疑:双热图合并,部分tR原始值重复"
example1,40.0,other,tetrahydrofuran,flow microreactor,10.1002/anie.202003831,2020.0,tR1,0.05623,,-40.0,,fluoroiodomethane (1),,"Li-CH2-F (fluoromethyllithium), lifetime 13 ms at -60 °C",,,,,,,,FCI,,[Li]CF,,,0.03,,,"存疑:双热图合并,部分tR原始值重复"
example1,0.0,other,tetrahydrofuran,flow microreactor,10.1002/anie.202003831,2020.0,tR1,0.17783,,-40.0,,fluoroiodomethane (1),,"Li-CH2-F (fluoromethyllithium), lifetime 13 ms at -60 °C",,,,,,,,FCI,,[Li]CF,,,0.1,,0.0,"存疑:双热图合并,部分tR原始值重复"
example1,0.0,other,tetrahydrofuran,flow microreactor,10.1002/anie.202003831,2020.0,tR1,0.74131,,-40.0,,fluoroiodomethane (1),,"Li-CH2-F (fluoromethyllithium), lifetime 13 ms at -60 °C",,,,,,,,FCI,,[Li]CF,,,0.3,,0.0,"存疑:双热图合并,部分tR原始值重复"
example1,0.0,other,tetrahydrofuran,flow microreactor,10.1002/anie.202003831,2020.0,tR1,1.58489,,-40.0,,fluoroiodomethane (1),,"Li-CH2-F (fluoromethyllithium), lifetime 13 ms at -60 °C",,,,,,,,FCI,,[Li]CF,,,1.0,,0.0,"存疑:双热图合并,部分tR原始值重复"
example1,80.0,other,tetrahydrofuran,flow microreactor,10.1002/anie.202003831,2020.0,tR1,0.00316,,-60.0,,fluoroiodomethane (1),,"Li-CH2-F (fluoromethyllithium), lifetime 13 ms at -60 °C",,,,,,,,FCI,,[Li]CF,,,0.003,,,"存疑:双热图合并,部分tR原始值重复"
example1,84.0,other,tetrahydrofuran,flow microreactor,10.1002/anie.202003831,2020.0,tR1,0.01334,,-60.0,,fluoroiodomethane (1),,"Li-CH2-F (fluoromethyllithium), lifetime 13 ms at -60 °C",,,,,,,,FCI,,[Li]CF,,,0.01,,,"存疑:双热图合并,部分tR原始值重复"
example1,74.0,other,tetrahydrofuran,flow microreactor,10.1002/anie.202003831,2020.0,tR1,0.05623,,-60.0,,fluoroiodomethane (1),,"Li-CH2-F (fluoromethyllithium), lifetime 13 ms at -60 °C",,,,,,,,FCI,,[Li]CF,,,0.03,,,"存疑:双热图合并,部分tR原始值重复"
example1,55.0,other,tetrahydrofuran,flow microreactor,10.1002/anie.202003831,2020.0,tR1,0.17783,,-60.0,,fluoroiodomethane (1),,"Li-CH2-F (fluoromethyllithium), lifetime 13 ms at -60 °C",,,,,,,,FCI,,[Li]CF,,,0.1,,,"存疑:双热图合并,部分tR原始值重复"
example1,14.0,other,tetrahydrofuran,flow microreactor,10.1002/anie.202003831,2020.0,tR1,0.74131,,-60.0,,fluoroiodomethane (1),,"Li-CH2-F (fluoromethyllithium), lifetime 13 ms at -60 °C",,,,,,,,FCI,,[Li]CF,,,0.3,,,"存疑:双热图合并,部分tR原始值重复"
example1,0.0,other,tetrahydrofuran,flow microreactor,10.1002/anie.202003831,2020.0,tR1,1.58489,,-60.0,,fluoroiodomethane (1),,"Li-CH2-F (fluoromethyllithium), lifetime 13 ms at -60 °C",,,,,,,,FCI,,[Li]CF,,,1.0,,,"存疑:双热图合并,部分tR原始值重复"
example1,0.0,other,tetrahydrofuran,flow microreactor,10.1002/anie.202003831,2020.0,tR1,3.16228,,-60.0,,fluoroiodomethane (1),,"Li-CH2-F (fluoromethyllithium), lifetime 13 ms at -60 °C",,,,,,,,FCI,,[Li]CF,,,3.16,,,"存疑:双热图合并,部分tR原始值重复"
example1,87.0,other,tetrahydrofuran,flow microreactor,10.1002/anie.202003831,2020.0,tR1,0.00316,,-78.0,,fluoroiodomethane (1),,"Li-CH2-F (fluoromethyllithium), lifetime 13 ms at -60 °C",,,,,,,,FCI,,[Li]CF,,,0.003,,,"存疑:双热图合并,部分tR原始值重复"
example1,80.0,other,tetrahydrofuran,flow microreactor,10.1002/anie.202003831,2020.0,tR1,0.01334,,-78.0,,fluoroiodomethane (1),,"Li-CH2-F (fluoromethyllithium), lifetime 13 ms at -60 °C",,,,,,,,FCI,,[Li]CF,,,0.01,,80.0,"存疑:双热图合并,部分tR原始值重复"
example1,80.0,other,tetrahydrofuran,flow microreactor,10.1002/anie.202003831,2020.0,tR1,0.05623,,-78.0,,fluoroiodomethane (1),,"Li-CH2-F (fluoromethyllithium), lifetime 13 ms at -60 °C",,,,,,,,FCI,,[Li]CF,,,0.03,,80.0,"存疑:双热图合并,部分tR原始值重复"
example1,76.0,other,tetrahydrofuran,flow microreactor,10.1002/anie.202003831,2020.0,tR1,0.17783,,-78.0,,fluoroiodomethane (1),,"Li-CH2-F (fluoromethyllithium), lifetime 13 ms at -60 °C",,,,,,,,FCI,,[Li]CF,,,0.1,,,"存疑:双热图合并,部分tR原始值重复"
example1,70.0,other,tetrahydrofuran,flow microreactor,10.1002/anie.202003831,2020.0,tR1,0.74131,,-78.0,,fluoroiodomethane (1),,"Li-CH2-F (fluoromethyllithium), lifetime 13 ms at -60 °C",,,,,,,,FCI,,[Li]CF,,,0.316,,,"存疑:双热图合并,部分tR原始值重复"
example1,65.0,other,tetrahydrofuran,flow microreactor,10.1002/anie.202003831,2020.0,tR1,1.58489,,-78.0,,fluoroiodomethane (1),,"Li-CH2-F (fluoromethyllithium), lifetime 13 ms at -60 °C",,,,,,,,FCI,,[Li]CF,,,1.0,,,"存疑:双热图合并,部分tR原始值重复"
example1,59.0,other,tetrahydrofuran,flow microreactor,10.1002/anie.202003831,2020.0,tR1,3.16228,,-78.0,,fluoroiodomethane (1),,"Li-CH2-F (fluoromethyllithium), lifetime 13 ms at -60 °C",,,,,,,,FCI,,[Li]CF,,,3.16,,,"存疑:双热图合并,部分tR原始值重复"
example1,59.0,other,tetrahydrofuran,flow microreactor,10.1002/anie.202003831,2020.0,tR1,0.00316,,-20.0,,fluoroiodomethane (1),,"CHLi(I)(F) (iodofluoromethyllithium), lifetime 82 ms at -40 °C",,,,,,,,FCI,,[Li]C(F)I,,,0.003,,59.0,"存疑:双热图合并,部分tR原始值重复"
example1,69.0,other,tetrahydrofuran,flow microreactor,10.1002/anie.202003831,2020.0,tR1,0.01334,,-20.0,,fluoroiodomethane (1),,"CHLi(I)(F) (iodofluoromethyllithium), lifetime 82 ms at -40 °C",,,,,,,,FCI,,[Li]C(F)I,,,0.01,,69.0,"存疑:双热图合并,部分tR原始值重复"
example1,85.0,other,tetrahydrofuran,flow microreactor,10.1002/anie.202003831,2020.0,tR1,0.05623,,-20.0,,fluoroiodomethane (1),,"CHLi(I)(F) (iodofluoromethyllithium), lifetime 82 ms at -40 °C",,,,,,,,FCI,,[Li]C(F)I,,,0.03,,85.0,"存疑:双热图合并,部分tR原始值重复"
example1,69.0,other,tetrahydrofuran,flow microreactor,10.1002/anie.202003831,2020.0,tR1,0.17783,,-20.0,,fluoroiodomethane (1),,"CHLi(I)(F) (iodofluoromethyllithium), lifetime 82 ms at -40 °C",,,,,,,,FCI,,[Li]C(F)I,,,0.1,,69.0,"存疑:双热图合并,部分tR原始值重复"
example1,47.0,other,tetrahydrofuran,flow microreactor,10.1002/anie.202003831,2020.0,tR1,0.74131,,-20.0,,fluoroiodomethane (1),,"CHLi(I)(F) (iodofluoromethyllithium), lifetime 82 ms at -40 °C",,,,,,,,FCI,,[Li]C(F)I,,,0.316,,47.0,"存疑:双热图合并,部分tR原始值重复"
example1,0.0,other,tetrahydrofuran,flow microreactor,10.1002/anie.202003831,2020.0,tR1,1.58489,,-20.0,,fluoroiodomethane (1),,"CHLi(I)(F) (iodofluoromethyllithium), lifetime 82 ms at -40 °C",,,,,,,,FCI,,[Li]C(F)I,,,1.0,,0.0,"存疑:双热图合并,部分tR原始值重复"
example1,0.0,other,tetrahydrofuran,flow microreactor,10.1002/anie.202003831,2020.0,tR1,3.16228,,-20.0,,fluoroiodomethane (1),,"CHLi(I)(F) (iodofluoromethyllithium), lifetime 82 ms at -40 °C",,,,,,,,FCI,,[Li]C(F)I,,,3.16,,0.0,"存疑:双热图合并,部分tR原始值重复"
example1,34.0,other,tetrahydrofuran,flow microreactor,10.1002/anie.202003831,2020.0,tR1,0.00316,,-40.0,,fluoroiodomethane (1),,"CHLi(I)(F) (iodofluoromethyllithium), lifetime 82 ms at -40 °C",,,,,,,,FCI,,[Li]C(F)I,,,0.003,,34.0,"存疑:双热图合并,部分tR原始值重复"
example1,60.0,other,tetrahydrofuran,flow microreactor,10.1002/anie.202003831,2020.0,tR1,0.01334,,-40.0,,fluoroiodomethane (1),,"CHLi(I)(F) (iodofluoromethyllithium), lifetime 82 ms at -40 °C",,,,,,,,FCI,,[Li]C(F)I,,,0.01,,60.0,"存疑:双热图合并,部分tR原始值重复"
example1,99.0,other,tetrahydrofuran,flow microreactor,10.1002/anie.202003831,2020.0,tR1,0.05623,,-40.0,,fluoroiodomethane (1),,"CHLi(I)(F) (iodofluoromethyllithium), lifetime 82 ms at -40 °C",,,,,,,,FCI,,[Li]C(F)I,,,0.03,,99.0,"存疑:双热图合并,部分tR原始值重复"
example1,99.0,other,tetrahydrofuran,flow microreactor,10.1002/anie.202003831,2020.0,tR1,0.17783,,-40.0,,fluoroiodomethane (1),,"CHLi(I)(F) (iodofluoromethyllithium), lifetime 82 ms at -40 °C",,,,,,,,FCI,,[Li]C(F)I,,,0.1,,99.0,"存疑:双热图合并,部分tR原始值重复"
example1,94.0,other,tetrahydrofuran,flow microreactor,10.1002/anie.202003831,2020.0,tR1,0.74131,,-40.0,,fluoroiodomethane (1),,"CHLi(I)(F) (iodofluoromethyllithium), lifetime 82 ms at -40 °C",,,,,,,,FCI,,[Li]C(F)I,,,0.316,,94.0,"存疑:双热图合并,部分tR原始值重复"
example1,48.0,other,tetrahydrofuran,flow microreactor,10.1002/anie.202003831,2020.0,tR1,1.58489,,-40.0,,fluoroiodomethane (1),,"CHLi(I)(F) (iodofluoromethyllithium), lifetime 82 ms at -40 °C",,,,,,,,FCI,,[Li]C(F)I,,,1.0,,48.0,"存疑:双热图合并,部分tR原始值重复"
example1,0.0,other,tetrahydrofuran,flow microreactor,10.1002/anie.202003831,2020.0,tR1,3.16228,,-40.0,,fluoroiodomethane (1),,"CHLi(I)(F) (iodofluoromethyllithium), lifetime 82 ms at -40 °C",,,,,,,,FCI,,[Li]C(F)I,,,3.16,,0.0,"存疑:双热图合并,部分tR原始值重复"
example1,34.0,other,tetrahydrofuran,flow microreactor,10.1002/anie.202003831,2020.0,tR1,0.00316,,-60.0,,fluoroiodomethane (1),,"CHLi(I)(F) (iodofluoromethyllithium), lifetime 82 ms at -40 °C",,,,,,,,FCI,,[Li]C(F)I,,,0.003,,34.0,"存疑:双热图合并,部分tR原始值重复"
example1,57.0,other,tetrahydrofuran,flow microreactor,10.1002/anie.202003831,2020.0,tR1,0.01334,,-60.0,,fluoroiodomethane (1),,"CHLi(I)(F) (iodofluoromethyllithium), lifetime 82 ms at -40 °C",,,,,,,,FCI,,[Li]C(F)I,,,0.01,,57.0,"存疑:双热图合并,部分tR原始值重复"
example1,73.0,other,tetrahydrofuran,flow microreactor,10.1002/anie.202003831,2020.0,tR1,0.05623,,-60.0,,fluoroiodomethane (1),,"CHLi(I)(F) (iodofluoromethyllithium), lifetime 82 ms at -40 °C",,,,,,,,FCI,,[Li]C(F)I,,,0.03,,73.0,"存疑:双热图合并,部分tR原始值重复"
example1,91.0,other,tetrahydrofuran,flow microreactor,10.1002/anie.202003831,2020.0,tR1,0.17783,,-60.0,,fluoroiodomethane (1),,"CHLi(I)(F) (iodofluoromethyllithium), lifetime 82 ms at -40 °C",,,,,,,,FCI,,[Li]C(F)I,,,0.1,,91.0,"存疑:双热图合并,部分tR原始值重复"
example1,86.0,other,tetrahydrofuran,flow microreactor,10.1002/anie.202003831,2020.0,tR1,0.74131,,-60.0,,fluoroiodomethane (1),,"CHLi(I)(F) (iodofluoromethyllithium), lifetime 82 ms at -40 °C",,,,,,,,FCI,,[Li]C(F)I,,,0.316,,86.0,"存疑:双热图合并,部分tR原始值重复"
example1,81.0,other,tetrahydrofuran,flow microreactor,10.1002/anie.202003831,2020.0,tR1,1.58489,,-60.0,,fluoroiodomethane (1),,"CHLi(I)(F) (iodofluoromethyllithium), lifetime 82 ms at -40 °C",,,,,,,,FCI,,[Li]C(F)I,,,1.0,,81.0,"存疑:双热图合并,部分tR原始值重复"
example1,34.0,other,tetrahydrofuran,flow microreactor,10.1002/anie.202003831,2020.0,tR1,3.16228,,-60.0,,fluoroiodomethane (1),,"CHLi(I)(F) (iodofluoromethyllithium), lifetime 82 ms at -40 °C",,,,,,,,FCI,,[Li]C(F)I,,,3.16,,34.0,"存疑:双热图合并,部分tR原始值重复"
example1,24.0,other,tetrahydrofuran,flow microreactor,10.1002/anie.202003831,2020.0,tR1,0.00316,,-78.0,,fluoroiodomethane (1),,"CHLi(I)(F) (iodofluoromethyllithium), lifetime 82 ms at -40 °C",,,,,,,,FCI,,[Li]C(F)I,,,0.003,,24.0,"存疑:双热图合并,部分tR原始值重复"
example1,35.0,other,tetrahydrofuran,flow microreactor,10.1002/anie.202003831,2020.0,tR1,0.01334,,-78.0,,fluoroiodomethane (1),,"CHLi(I)(F) (iodofluoromethyllithium), lifetime 82 ms at -40 °C",,,,,,,,FCI,,[Li]C(F)I,,,0.01,,35.0,"存疑:双热图合并,部分tR原始值重复"
example1,80.0,other,tetrahydrofuran,flow microreactor,10.1002/anie.202003831,2020.0,tR1,0.05623,,-78.0,,fluoroiodomethane (1),,"CHLi(I)(F) (iodofluoromethyllithium), lifetime 82 ms at -40 °C",,,,,,,,FCI,,[Li]C(F)I,,,0.03,,80.0,"存疑:双热图合并,部分tR原始值重复"
example1,91.0,other,tetrahydrofuran,flow microreactor,10.1002/anie.202003831,2020.0,tR1,0.17783,,-78.0,,fluoroiodomethane (1),,"CHLi(I)(F) (iodofluoromethyllithium), lifetime 82 ms at -40 °C",,,,,,,,FCI,,[Li]C(F)I,,,0.1,,91.0,"存疑:双热图合并,部分tR原始值重复"
example1,99.0,other,tetrahydrofuran,flow microreactor,10.1002/anie.202003831,2020.0,tR1,0.74131,,-78.0,,fluoroiodomethane (1),,"CHLi(I)(F) (iodofluoromethyllithium), lifetime 82 ms at -40 °C",,,,,,,,FCI,,[Li]C(F)I,,,0.316,,99.0,"存疑:双热图合并,部分tR原始值重复"
example1,90.0,other,tetrahydrofuran,flow microreactor,10.1002/anie.202003831,2020.0,tR1,1.58489,,-78.0,,fluoroiodomethane (1),,"CHLi(I)(F) (iodofluoromethyllithium), lifetime 82 ms at -40 °C",,,,,,,,FCI,,[Li]C(F)I,,,1.0,,90.0,"存疑:双热图合并,部分tR原始值重复"
example1,62.0,other,tetrahydrofuran,flow microreactor,10.1002/anie.202003831,2020.0,tR1,3.16228,,-78.0,,fluoroiodomethane (1),,"CHLi(I)(F) (iodofluoromethyllithium), lifetime 82 ms at -40 °C",,,,,,,,FCI,,[Li]C(F)I,,,3.16,,62.0,"存疑:双热图合并,部分tR原始值重复"
Nagaki et al. 2011 - Homocoupling of aryl halides in flow - Space integration of lithiation and FeCl(3) promoted homocoupling,67.0,C-C coupling,tetrahydrofuran,microreactor,10.3762/bjoc.7.122,2011.0,tR2,,0.03162,,20.0,p-bromoanisole,n-BuLi,p-methoxyphenyllithium,FeCl3 (oxidative coupling catalyst),synthetic,"4,4'-dimethoxybiphenyl",0.1,0.4,,,COc1ccc(Br)cc1,CCCC[Li],COc1ccc([Li])cc1,[Fe](Cl)(Cl)Cl,COc1ccc(-c2ccc(OC)cc2)cc1,,0.0316,67.0,
Nagaki et al. 2011 - Homocoupling of aryl halides in flow - Space integration of lithiation and FeCl(3) promoted homocoupling,72.0,C-C coupling,tetrahydrofuran,microreactor,10.3762/bjoc.7.122,2011.0,tR2,,0.1122,,20.0,p-bromoanisole,n-BuLi,p-methoxyphenyllithium,FeCl3 (oxidative coupling catalyst),synthetic,"4,4'-dimethoxybiphenyl",0.1,0.4,,,COc1ccc(Br)cc1,CCCC[Li],COc1ccc([Li])cc1,[Fe](Cl)(Cl)Cl,COc1ccc(-c2ccc(OC)cc2)cc1,,0.1,72.0,
Nagaki et al. 2011 - Homocoupling of aryl halides in flow - Space integration of lithiation and FeCl(3) promoted homocoupling,72.0,C-C coupling,tetrahydrofuran,microreactor,10.3762/bjoc.7.122,2011.0,tR2,,0.28184,,20.0,p-bromoanisole,n-BuLi,p-methoxyphenyllithium,FeCl3 (oxidative coupling catalyst),synthetic,"4,4'-dimethoxybiphenyl",0.1,0.4,,,COc1ccc(Br)cc1,CCCC[Li],COc1ccc([Li])cc1,[Fe](Cl)(Cl)Cl,COc1ccc(-c2ccc(OC)cc2)cc1,,0.316,72.0,
Nagaki et al. 2011 - Homocoupling of aryl halides in flow - Space integration of lithiation and FeCl(3) promoted homocoupling,71.0,C-C coupling,tetrahydrofuran,microreactor,10.3762/bjoc.7.122,2011.0,tR2,,1.77828,,20.0,p-bromoanisole,n-BuLi,p-methoxyphenyllithium,FeCl3 (oxidative coupling catalyst),synthetic,"4,4'-dimethoxybiphenyl",0.1,0.4,,,COc1ccc(Br)cc1,CCCC[Li],COc1ccc([Li])cc1,[Fe](Cl)(Cl)Cl,COc1ccc(-c2ccc(OC)cc2)cc1,,3.16,71.0,
Nagaki et al. 2011 - Homocoupling of aryl halides in flow - Space integration of lithiation and FeCl(3) promoted homocoupling,65.0,C-C coupling,tetrahydrofuran,microreactor,10.3762/bjoc.7.122,2011.0,tR2,,7.07946,,20.0,p-bromoanisole,n-BuLi,p-methoxyphenyllithium,FeCl3 (oxidative coupling catalyst),synthetic,"4,4'-dimethoxybiphenyl",0.1,0.4,,,COc1ccc(Br)cc1,CCCC[Li],COc1ccc([Li])cc1,[Fe](Cl)(Cl)Cl,COc1ccc(-c2ccc(OC)cc2)cc1,,31.6,65.0,
Nagaki et al. 2011 - Homocoupling of aryl halides in flow - Space integration of lithiation and FeCl(3) promoted homocoupling,61.0,C-C coupling,tetrahydrofuran,microreactor,10.3762/bjoc.7.122,2011.0,tR2,,0.03162,,0.0,p-bromoanisole,n-BuLi,p-methoxyphenyllithium,FeCl3 (oxidative coupling catalyst),synthetic,"4,4'-dimethoxybiphenyl",0.1,0.4,,,COc1ccc(Br)cc1,CCCC[Li],COc1ccc([Li])cc1,[Fe](Cl)(Cl)Cl,COc1ccc(-c2ccc(OC)cc2)cc1,,0.0316,61.0,
Nagaki et al. 2011 - Homocoupling of aryl halides in flow - Space integration of lithiation and FeCl(3) promoted homocoupling,72.0,C-C coupling,tetrahydrofuran,microreactor,10.3762/bjoc.7.122,2011.0,tR2,,0.1122,,0.0,p-bromoanisole,n-BuLi,p-methoxyphenyllithium,FeCl3 (oxidative coupling catalyst),synthetic,"4,4'-dimethoxybiphenyl",0.1,0.4,,,COc1ccc(Br)cc1,CCCC[Li],COc1ccc([Li])cc1,[Fe](Cl)(Cl)Cl,COc1ccc(-c2ccc(OC)cc2)cc1,,0.1,72.0,
Nagaki et al. 2011 - Homocoupling of aryl halides in flow - Space integration of lithiation and FeCl(3) promoted homocoupling,73.0,C-C coupling,tetrahydrofuran,microreactor,10.3762/bjoc.7.122,2011.0,tR2,,0.28184,,0.0,p-bromoanisole,n-BuLi,p-methoxyphenyllithium,FeCl3 (oxidative coupling catalyst),synthetic,"4,4'-dimethoxybiphenyl",0.1,0.4,,,COc1ccc(Br)cc1,CCCC[Li],COc1ccc([Li])cc1,[Fe](Cl)(Cl)Cl,COc1ccc(-c2ccc(OC)cc2)cc1,,0.316,73.0,
Nagaki et al. 2011 - Homocoupling of aryl halides in flow - Space integration of lithiation and FeCl(3) promoted homocoupling,73.0,C-C coupling,tetrahydrofuran,microreactor,10.3762/bjoc.7.122,2011.0,tR2,,1.77828,,0.0,p-bromoanisole,n-BuLi,p-methoxyphenyllithium,FeCl3 (oxidative coupling catalyst),synthetic,"4,4'-dimethoxybiphenyl",0.1,0.4,,,COc1ccc(Br)cc1,CCCC[Li],COc1ccc([Li])cc1,[Fe](Cl)(Cl)Cl,COc1ccc(-c2ccc(OC)cc2)cc1,,3.16,73.0,
Nagaki et al. 2011 - Homocoupling of aryl halides in flow - Space integration of lithiation and FeCl(3) promoted homocoupling,69.0,C-C coupling,tetrahydrofuran,microreactor,10.3762/bjoc.7.122,2011.0,tR2,,7.07946,,0.0,p-bromoanisole,n-BuLi,p-methoxyphenyllithium,FeCl3 (oxidative coupling catalyst),synthetic,"4,4'-dimethoxybiphenyl",0.1,0.4,,,COc1ccc(Br)cc1,CCCC[Li],COc1ccc([Li])cc1,[Fe](Cl)(Cl)Cl,COc1ccc(-c2ccc(OC)cc2)cc1,,31.6,69.0,
Nagaki et al. 2011 - Homocoupling of aryl halides in flow - Space integration of lithiation and FeCl(3) promoted homocoupling,53.0,C-C coupling,tetrahydrofuran,microreactor,10.3762/bjoc.7.122,2011.0,tR2,,0.03162,,-30.0,p-bromoanisole,n-BuLi,p-methoxyphenyllithium,FeCl3 (oxidative coupling catalyst),synthetic,"4,4'-dimethoxybiphenyl",0.1,0.4,,,COc1ccc(Br)cc1,CCCC[Li],COc1ccc([Li])cc1,[Fe](Cl)(Cl)Cl,COc1ccc(-c2ccc(OC)cc2)cc1,,0.0316,53.0,
Nagaki et al. 2011 - Homocoupling of aryl halides in flow - Space integration of lithiation and FeCl(3) promoted homocoupling,63.0,C-C coupling,tetrahydrofuran,microreactor,10.3762/bjoc.7.122,2011.0,tR2,,0.1122,,-30.0,p-bromoanisole,n-BuLi,p-methoxyphenyllithium,FeCl3 (oxidative coupling catalyst),synthetic,"4,4'-dimethoxybiphenyl",0.1,0.4,,,COc1ccc(Br)cc1,CCCC[Li],COc1ccc([Li])cc1,[Fe](Cl)(Cl)Cl,COc1ccc(-c2ccc(OC)cc2)cc1,,0.1,63.0,
Nagaki et al. 2011 - Homocoupling of aryl halides in flow - Space integration of lithiation and FeCl(3) promoted homocoupling,66.0,C-C coupling,tetrahydrofuran,microreactor,10.3762/bjoc.7.122,2011.0,tR2,,0.28184,,-30.0,p-bromoanisole,n-BuLi,p-methoxyphenyllithium,FeCl3 (oxidative coupling catalyst),synthetic,"4,4'-dimethoxybiphenyl",0.1,0.4,,,COc1ccc(Br)cc1,CCCC[Li],COc1ccc([Li])cc1,[Fe](Cl)(Cl)Cl,COc1ccc(-c2ccc(OC)cc2)cc1,,0.316,66.0,
Nagaki et al. 2011 - Homocoupling of aryl halides in flow - Space integration of lithiation and FeCl(3) promoted homocoupling,71.0,C-C coupling,tetrahydrofuran,microreactor,10.3762/bjoc.7.122,2011.0,tR2,,1.77828,,-30.0,p-bromoanisole,n-BuLi,p-methoxyphenyllithium,FeCl3 (oxidative coupling catalyst),synthetic,"4,4'-dimethoxybiphenyl",0.1,0.4,,,COc1ccc(Br)cc1,CCCC[Li],COc1ccc([Li])cc1,[Fe](Cl)(Cl)Cl,COc1ccc(-c2ccc(OC)cc2)cc1,,3.16,71.0,
Nagaki et al. 2011 - Homocoupling of aryl halides in flow - Space integration of lithiation and FeCl(3) promoted homocoupling,69.0,C-C coupling,tetrahydrofuran,microreactor,10.3762/bjoc.7.122,2011.0,tR2,,7.07946,,-30.0,p-bromoanisole,n-BuLi,p-methoxyphenyllithium,FeCl3 (oxidative coupling catalyst),synthetic,"4,4'-dimethoxybiphenyl",0.1,0.4,,,COc1ccc(Br)cc1,CCCC[Li],COc1ccc([Li])cc1,[Fe](Cl)(Cl)Cl,COc1ccc(-c2ccc(OC)cc2)cc1,,31.6,69.0,
Nagaki et al. 2011 - Homocoupling of aryl halides in flow - Space integration of lithiation and FeCl(3) promoted homocoupling,45.0,C-C coupling,tetrahydrofuran,microreactor,10.3762/bjoc.7.122,2011.0,tR2,,0.03162,,-50.0,p-bromoanisole,n-BuLi,p-methoxyphenyllithium,FeCl3 (oxidative coupling catalyst),synthetic,"4,4'-dimethoxybiphenyl",0.1,0.4,,,COc1ccc(Br)cc1,CCCC[Li],COc1ccc([Li])cc1,[Fe](Cl)(Cl)Cl,COc1ccc(-c2ccc(OC)cc2)cc1,,0.0316,45.0,
Nagaki et al. 2011 - Homocoupling of aryl halides in flow - Space integration of lithiation and FeCl(3) promoted homocoupling,59.0,C-C coupling,tetrahydrofuran,microreactor,10.3762/bjoc.7.122,2011.0,tR2,,0.1122,,-50.0,p-bromoanisole,n-BuLi,p-methoxyphenyllithium,FeCl3 (oxidative coupling catalyst),synthetic,"4,4'-dimethoxybiphenyl",0.1,0.4,,,COc1ccc(Br)cc1,CCCC[Li],COc1ccc([Li])cc1,[Fe](Cl)(Cl)Cl,COc1ccc(-c2ccc(OC)cc2)cc1,,0.1,59.0,
Nagaki et al. 2011 - Homocoupling of aryl halides in flow - Space integration of lithiation and FeCl(3) promoted homocoupling,67.0,C-C coupling,tetrahydrofuran,microreactor,10.3762/bjoc.7.122,2011.0,tR2,,0.28184,,-50.0,p-bromoanisole,n-BuLi,p-methoxyphenyllithium,FeCl3 (oxidative coupling catalyst),synthetic,"4,4'-dimethoxybiphenyl",0.1,0.4,,,COc1ccc(Br)cc1,CCCC[Li],COc1ccc([Li])cc1,[Fe](Cl)(Cl)Cl,COc1ccc(-c2ccc(OC)cc2)cc1,,0.316,67.0,
Nagaki et al. 2011 - Homocoupling of aryl halides in flow - Space integration of lithiation and FeCl(3) promoted homocoupling,74.0,C-C coupling,tetrahydrofuran,microreactor,10.3762/bjoc.7.122,2011.0,tR2,,1.77828,,-50.0,p-bromoanisole,n-BuLi,p-methoxyphenyllithium,FeCl3 (oxidative coupling catalyst),synthetic,"4,4'-dimethoxybiphenyl",0.1,0.4,,,COc1ccc(Br)cc1,CCCC[Li],COc1ccc([Li])cc1,[Fe](Cl)(Cl)Cl,COc1ccc(-c2ccc(OC)cc2)cc1,,3.16,74.0,
Nagaki et al. 2011 - Homocoupling of aryl halides in flow - Space integration of lithiation and FeCl(3) promoted homocoupling,71.0,C-C coupling,tetrahydrofuran,microreactor,10.3762/bjoc.7.122,2011.0,tR2,,7.07946,,-50.0,p-bromoanisole,n-BuLi,p-methoxyphenyllithium,FeCl3 (oxidative coupling catalyst),synthetic,"4,4'-dimethoxybiphenyl",0.1,0.4,,,COc1ccc(Br)cc1,CCCC[Li],COc1ccc([Li])cc1,[Fe](Cl)(Cl)Cl,COc1ccc(-c2ccc(OC)cc2)cc1,,31.6,71.0,
Nagaki et al. 2011 - Homocoupling of aryl halides in flow - Space integration of lithiation and FeCl(3) promoted homocoupling,21.0,C-C coupling,tetrahydrofuran,microreactor,10.3762/bjoc.7.122,2011.0,tR2,,0.03162,,-78.0,p-bromoanisole,n-BuLi,p-methoxyphenyllithium,FeCl3 (oxidative coupling catalyst),synthetic,"4,4'-dimethoxybiphenyl",0.1,0.4,,,COc1ccc(Br)cc1,CCCC[Li],COc1ccc([Li])cc1,[Fe](Cl)(Cl)Cl,COc1ccc(-c2ccc(OC)cc2)cc1,,0.0316,21.0,
Nagaki et al. 2011 - Homocoupling of aryl halides in flow - Space integration of lithiation and FeCl(3) promoted homocoupling,22.0,C-C coupling,tetrahydrofuran,microreactor,10.3762/bjoc.7.122,2011.0,tR2,,0.1122,,-78.0,p-bromoanisole,n-BuLi,p-methoxyphenyllithium,FeCl3 (oxidative coupling catalyst),synthetic,"4,4'-dimethoxybiphenyl",0.1,0.4,,,COc1ccc(Br)cc1,CCCC[Li],COc1ccc([Li])cc1,[Fe](Cl)(Cl)Cl,COc1ccc(-c2ccc(OC)cc2)cc1,,0.1,22.0,
Nagaki et al. 2011 - Homocoupling of aryl halides in flow - Space integration of lithiation and FeCl(3) promoted homocoupling,23.0,C-C coupling,tetrahydrofuran,microreactor,10.3762/bjoc.7.122,2011.0,tR2,,0.28184,,-78.0,p-bromoanisole,n-BuLi,p-methoxyphenyllithium,FeCl3 (oxidative coupling catalyst),synthetic,"4,4'-dimethoxybiphenyl",0.1,0.4,,,COc1ccc(Br)cc1,CCCC[Li],COc1ccc([Li])cc1,[Fe](Cl)(Cl)Cl,COc1ccc(-c2ccc(OC)cc2)cc1,,0.316,23.0,
Nagaki et al. 2011 - Homocoupling of aryl halides in flow - Space integration of lithiation and FeCl(3) promoted homocoupling,35.0,C-C coupling,tetrahydrofuran,microreactor,10.3762/bjoc.7.122,2011.0,tR2,,1.77828,,-78.0,p-bromoanisole,n-BuLi,p-methoxyphenyllithium,FeCl3 (oxidative coupling catalyst),synthetic,"4,4'-dimethoxybiphenyl",0.1,0.4,,,COc1ccc(Br)cc1,CCCC[Li],COc1ccc([Li])cc1,[Fe](Cl)(Cl)Cl,COc1ccc(-c2ccc(OC)cc2)cc1,,3.16,35.0,
Nagaki et al. 2011 - Homocoupling of aryl halides in flow - Space integration of lithiation and FeCl(3) promoted homocoupling,51.0,C-C coupling,tetrahydrofuran,microreactor,10.3762/bjoc.7.122,2011.0,tR2,,7.07946,,-78.0,p-bromoanisole,n-BuLi,p-methoxyphenyllithium,FeCl3 (oxidative coupling catalyst),synthetic,"4,4'-dimethoxybiphenyl",0.1,0.4,,,COc1ccc(Br)cc1,CCCC[Li],COc1ccc([Li])cc1,[Fe](Cl)(Cl)Cl,COc1ccc(-c2ccc(OC)cc2)cc1,,31.6,51.0,
Asai et al. 2012 - Practical synthesis of photochromic diarylethenes in integrated flow microreactor systems,0.0,halogen-metal exchange,tetrahydrofuran,flow microreactor,10.1002/cssc.201100376,2012.0,tR2,,0.01122,,20.0,Cc1sc(-c2ccccc2)nc1Br,n-BuLi,heteroaryllithium,octafluorocyclopentene,synthetic,Cc1sc(-c2ccccc2)nc1C1=C(c2c(C)sc(-c3ccccc3)c2C)C(F)(F)C(F)(F)C1(F)F,0.1,0.42,1.05,0.15,Cc1sc(-c2ccccc2)nc1Br,CCCC[Li],Cc1sc(-c2ccccc2)nc1[Li],FC1=C(F)C(F)(F)C(F)(F)C1(F)F,Cc1sc(-c2ccccc2)nc1C1=C(c2c(C)sc(-c3ccccc3)c2C)C(F)(F)C(F)(F)C1(F)F,,0.0316,0.0,
Asai et al. 2012 - Practical synthesis of photochromic diarylethenes in integrated flow microreactor systems,6.0,halogen-metal exchange,tetrahydrofuran,flow microreactor,10.1002/cssc.201100376,2012.0,tR2,,0.04217,,20.0,Cc1sc(-c2ccccc2)nc1Br,n-BuLi,heteroaryllithium,octafluorocyclopentene,synthetic,Cc1sc(-c2ccccc2)nc1C1=C(c2c(C)sc(-c3ccccc3)c2C)C(F)(F)C(F)(F)C1(F)F,0.1,0.42,1.05,0.15,Cc1sc(-c2ccccc2)nc1Br,CCCC[Li],Cc1sc(-c2ccccc2)nc1[Li],FC1=C(F)C(F)(F)C(F)(F)C1(F)F,Cc1sc(-c2ccccc2)nc1C1=C(c2c(C)sc(-c3ccccc3)c2C)C(F)(F)C(F)(F)C1(F)F,,0.1,6.0,
Asai et al. 2012 - Practical synthesis of photochromic diarylethenes in integrated flow microreactor systems,18.0,halogen-metal exchange,tetrahydrofuran,flow microreactor,10.1002/cssc.201100376,2012.0,tR2,,0.17783,,20.0,Cc1sc(-c2ccccc2)nc1Br,n-BuLi,heteroaryllithium,octafluorocyclopentene,synthetic,Cc1sc(-c2ccccc2)nc1C1=C(c2c(C)sc(-c3ccccc3)c2C)C(F)(F)C(F)(F)C1(F)F,0.1,0.42,1.05,0.15,Cc1sc(-c2ccccc2)nc1Br,CCCC[Li],Cc1sc(-c2ccccc2)nc1[Li],FC1=C(F)C(F)(F)C(F)(F)C1(F)F,Cc1sc(-c2ccccc2)nc1C1=C(c2c(C)sc(-c3ccccc3)c2C)C(F)(F)C(F)(F)C1(F)F,,0.316,18.0,
Asai et al. 2012 - Practical synthesis of photochromic diarylethenes in integrated flow microreactor systems,43.0,halogen-metal exchange,tetrahydrofuran,flow microreactor,10.1002/cssc.201100376,2012.0,tR2,,0.63096,,20.0,Cc1sc(-c2ccccc2)nc1Br,n-BuLi,heteroaryllithium,octafluorocyclopentene,synthetic,Cc1sc(-c2ccccc2)nc1C1=C(c2c(C)sc(-c3ccccc3)c2C)C(F)(F)C(F)(F)C1(F)F,0.1,0.42,1.05,0.15,Cc1sc(-c2ccccc2)nc1Br,CCCC[Li],Cc1sc(-c2ccccc2)nc1[Li],FC1=C(F)C(F)(F)C(F)(F)C1(F)F,Cc1sc(-c2ccccc2)nc1C1=C(c2c(C)sc(-c3ccccc3)c2C)C(F)(F)C(F)(F)C1(F)F,,1.0,43.0,
Asai et al. 2012 - Practical synthesis of photochromic diarylethenes in integrated flow microreactor systems,68.0,halogen-metal exchange,tetrahydrofuran,flow microreactor,10.1002/cssc.201100376,2012.0,tR2,,2.5704,,20.0,Cc1sc(-c2ccccc2)nc1Br,n-BuLi,heteroaryllithium,octafluorocyclopentene,synthetic,Cc1sc(-c2ccccc2)nc1C1=C(c2c(C)sc(-c3ccccc3)c2C)C(F)(F)C(F)(F)C1(F)F,0.1,0.42,1.05,0.15,Cc1sc(-c2ccccc2)nc1Br,CCCC[Li],Cc1sc(-c2ccccc2)nc1[Li],FC1=C(F)C(F)(F)C(F)(F)C1(F)F,Cc1sc(-c2ccccc2)nc1C1=C(c2c(C)sc(-c3ccccc3)c2C)C(F)(F)C(F)(F)C1(F)F,,3.16,68.0,
Asai et al. 2012 - Practical synthesis of photochromic diarylethenes in integrated flow microreactor systems,75.0,halogen-metal exchange,tetrahydrofuran,flow microreactor,10.1002/cssc.201100376,2012.0,tR2,,10.0,,20.0,Cc1sc(-c2ccccc2)nc1Br,n-BuLi,heteroaryllithium,octafluorocyclopentene,synthetic,Cc1sc(-c2ccccc2)nc1C1=C(c2c(C)sc(-c3ccccc3)c2C)C(F)(F)C(F)(F)C1(F)F,0.1,0.42,1.05,0.15,Cc1sc(-c2ccccc2)nc1Br,CCCC[Li],Cc1sc(-c2ccccc2)nc1[Li],FC1=C(F)C(F)(F)C(F)(F)C1(F)F,Cc1sc(-c2ccccc2)nc1C1=C(c2c(C)sc(-c3ccccc3)c2C)C(F)(F)C(F)(F)C1(F)F,,10.0,75.0,
Asai et al. 2012 - Practical synthesis of photochromic diarylethenes in integrated flow microreactor systems,0.0,halogen-metal exchange,tetrahydrofuran,flow microreactor,10.1002/cssc.201100376,2012.0,tR2,,0.01122,,0.0,Cc1sc(-c2ccccc2)nc1Br,n-BuLi,heteroaryllithium,octafluorocyclopentene,synthetic,Cc1sc(-c2ccccc2)nc1C1=C(c2c(C)sc(-c3ccccc3)c2C)C(F)(F)C(F)(F)C1(F)F,0.1,0.42,1.05,0.15,Cc1sc(-c2ccccc2)nc1Br,CCCC[Li],Cc1sc(-c2ccccc2)nc1[Li],FC1=C(F)C(F)(F)C(F)(F)C1(F)F,Cc1sc(-c2ccccc2)nc1C1=C(c2c(C)sc(-c3ccccc3)c2C)C(F)(F)C(F)(F)C1(F)F,,0.0316,0.0,
Asai et al. 2012 - Practical synthesis of photochromic diarylethenes in integrated flow microreactor systems,9.0,halogen-metal exchange,tetrahydrofuran,flow microreactor,10.1002/cssc.201100376,2012.0,tR2,,0.04217,,0.0,Cc1sc(-c2ccccc2)nc1Br,n-BuLi,heteroaryllithium,octafluorocyclopentene,synthetic,Cc1sc(-c2ccccc2)nc1C1=C(c2c(C)sc(-c3ccccc3)c2C)C(F)(F)C(F)(F)C1(F)F,0.1,0.42,1.05,0.15,Cc1sc(-c2ccccc2)nc1Br,CCCC[Li],Cc1sc(-c2ccccc2)nc1[Li],FC1=C(F)C(F)(F)C(F)(F)C1(F)F,Cc1sc(-c2ccccc2)nc1C1=C(c2c(C)sc(-c3ccccc3)c2C)C(F)(F)C(F)(F)C1(F)F,,0.1,9.0,
Asai et al. 2012 - Practical synthesis of photochromic diarylethenes in integrated flow microreactor systems,10.0,halogen-metal exchange,tetrahydrofuran,flow microreactor,10.1002/cssc.201100376,2012.0,tR2,,0.17783,,0.0,Cc1sc(-c2ccccc2)nc1Br,n-BuLi,heteroaryllithium,octafluorocyclopentene,synthetic,Cc1sc(-c2ccccc2)nc1C1=C(c2c(C)sc(-c3ccccc3)c2C)C(F)(F)C(F)(F)C1(F)F,0.1,0.42,1.05,0.15,Cc1sc(-c2ccccc2)nc1Br,CCCC[Li],Cc1sc(-c2ccccc2)nc1[Li],FC1=C(F)C(F)(F)C(F)(F)C1(F)F,Cc1sc(-c2ccccc2)nc1C1=C(c2c(C)sc(-c3ccccc3)c2C)C(F)(F)C(F)(F)C1(F)F,,0.316,10.0,
Asai et al. 2012 - Practical synthesis of photochromic diarylethenes in integrated flow microreactor systems,28.0,halogen-metal exchange,tetrahydrofuran,flow microreactor,10.1002/cssc.201100376,2012.0,tR2,,0.63096,,0.0,Cc1sc(-c2ccccc2)nc1Br,n-BuLi,heteroaryllithium,octafluorocyclopentene,synthetic,Cc1sc(-c2ccccc2)nc1C1=C(c2c(C)sc(-c3ccccc3)c2C)C(F)(F)C(F)(F)C1(F)F,0.1,0.42,1.05,0.15,Cc1sc(-c2ccccc2)nc1Br,CCCC[Li],Cc1sc(-c2ccccc2)nc1[Li],FC1=C(F)C(F)(F)C(F)(F)C1(F)F,Cc1sc(-c2ccccc2)nc1C1=C(c2c(C)sc(-c3ccccc3)c2C)C(F)(F)C(F)(F)C1(F)F,,1.0,28.0,
Asai et al. 2012 - Practical synthesis of photochromic diarylethenes in integrated flow microreactor systems,59.0,halogen-metal exchange,tetrahydrofuran,flow microreactor,10.1002/cssc.201100376,2012.0,tR2,,2.5704,,0.0,Cc1sc(-c2ccccc2)nc1Br,n-BuLi,heteroaryllithium,octafluorocyclopentene,synthetic,Cc1sc(-c2ccccc2)nc1C1=C(c2c(C)sc(-c3ccccc3)c2C)C(F)(F)C(F)(F)C1(F)F,0.1,0.42,1.05,0.15,Cc1sc(-c2ccccc2)nc1Br,CCCC[Li],Cc1sc(-c2ccccc2)nc1[Li],FC1=C(F)C(F)(F)C(F)(F)C1(F)F,Cc1sc(-c2ccccc2)nc1C1=C(c2c(C)sc(-c3ccccc3)c2C)C(F)(F)C(F)(F)C1(F)F,,3.16,59.0,
Asai et al. 2012 - Practical synthesis of photochromic diarylethenes in integrated flow microreactor systems,75.0,halogen-metal exchange,tetrahydrofuran,flow microreactor,10.1002/cssc.201100376,2012.0,tR2,,10.0,,0.0,Cc1sc(-c2ccccc2)nc1Br,n-BuLi,heteroaryllithium,octafluorocyclopentene,synthetic,Cc1sc(-c2ccccc2)nc1C1=C(c2c(C)sc(-c3ccccc3)c2C)C(F)(F)C(F)(F)C1(F)F,0.1,0.42,1.05,0.15,Cc1sc(-c2ccccc2)nc1Br,CCCC[Li],Cc1sc(-c2ccccc2)nc1[Li],FC1=C(F)C(F)(F)C(F)(F)C1(F)F,Cc1sc(-c2ccccc2)nc1C1=C(c2c(C)sc(-c3ccccc3)c2C)C(F)(F)C(F)(F)C1(F)F,,10.0,75.0,
Asai et al. 2012 - Practical synthesis of photochromic diarylethenes in integrated flow microreactor systems,0.0,halogen-metal exchange,tetrahydrofuran,flow microreactor,10.1002/cssc.201100376,2012.0,tR2,,0.01122,,-20.0,Cc1sc(-c2ccccc2)nc1Br,n-BuLi,heteroaryllithium,octafluorocyclopentene,synthetic,Cc1sc(-c2ccccc2)nc1C1=C(c2c(C)sc(-c3ccccc3)c2C)C(F)(F)C(F)(F)C1(F)F,0.1,0.42,1.05,0.15,Cc1sc(-c2ccccc2)nc1Br,CCCC[Li],Cc1sc(-c2ccccc2)nc1[Li],FC1=C(F)C(F)(F)C(F)(F)C1(F)F,Cc1sc(-c2ccccc2)nc1C1=C(c2c(C)sc(-c3ccccc3)c2C)C(F)(F)C(F)(F)C1(F)F,,0.0316,0.0,
Asai et al. 2012 - Practical synthesis of photochromic diarylethenes in integrated flow microreactor systems,0.0,halogen-metal exchange,tetrahydrofuran,flow microreactor,10.1002/cssc.201100376,2012.0,tR2,,0.04217,,-20.0,Cc1sc(-c2ccccc2)nc1Br,n-BuLi,heteroaryllithium,octafluorocyclopentene,synthetic,Cc1sc(-c2ccccc2)nc1C1=C(c2c(C)sc(-c3ccccc3)c2C)C(F)(F)C(F)(F)C1(F)F,0.1,0.42,1.05,0.15,Cc1sc(-c2ccccc2)nc1Br,CCCC[Li],Cc1sc(-c2ccccc2)nc1[Li],FC1=C(F)C(F)(F)C(F)(F)C1(F)F,Cc1sc(-c2ccccc2)nc1C1=C(c2c(C)sc(-c3ccccc3)c2C)C(F)(F)C(F)(F)C1(F)F,,0.1,0.0,
Asai et al. 2012 - Practical synthesis of photochromic diarylethenes in integrated flow microreactor systems,4.0,halogen-metal exchange,tetrahydrofuran,flow microreactor,10.1002/cssc.201100376,2012.0,tR2,,0.17783,,-20.0,Cc1sc(-c2ccccc2)nc1Br,n-BuLi,heteroaryllithium,octafluorocyclopentene,synthetic,Cc1sc(-c2ccccc2)nc1C1=C(c2c(C)sc(-c3ccccc3)c2C)C(F)(F)C(F)(F)C1(F)F,0.1,0.42,1.05,0.15,Cc1sc(-c2ccccc2)nc1Br,CCCC[Li],Cc1sc(-c2ccccc2)nc1[Li],FC1=C(F)C(F)(F)C(F)(F)C1(F)F,Cc1sc(-c2ccccc2)nc1C1=C(c2c(C)sc(-c3ccccc3)c2C)C(F)(F)C(F)(F)C1(F)F,,0.316,4.0,
Asai et al. 2012 - Practical synthesis of photochromic diarylethenes in integrated flow microreactor systems,12.0,halogen-metal exchange,tetrahydrofuran,flow microreactor,10.1002/cssc.201100376,2012.0,tR2,,0.63096,,-20.0,Cc1sc(-c2ccccc2)nc1Br,n-BuLi,heteroaryllithium,octafluorocyclopentene,synthetic,Cc1sc(-c2ccccc2)nc1C1=C(c2c(C)sc(-c3ccccc3)c2C)C(F)(F)C(F)(F)C1(F)F,0.1,0.42,1.05,0.15,Cc1sc(-c2ccccc2)nc1Br,CCCC[Li],Cc1sc(-c2ccccc2)nc1[Li],FC1=C(F)C(F)(F)C(F)(F)C1(F)F,Cc1sc(-c2ccccc2)nc1C1=C(c2c(C)sc(-c3ccccc3)c2C)C(F)(F)C(F)(F)C1(F)F,,1.0,12.0,
Asai et al. 2012 - Practical synthesis of photochromic diarylethenes in integrated flow microreactor systems,33.0,halogen-metal exchange,tetrahydrofuran,flow microreactor,10.1002/cssc.201100376,2012.0,tR2,,2.5704,,-20.0,Cc1sc(-c2ccccc2)nc1Br,n-BuLi,heteroaryllithium,octafluorocyclopentene,synthetic,Cc1sc(-c2ccccc2)nc1C1=C(c2c(C)sc(-c3ccccc3)c2C)C(F)(F)C(F)(F)C1(F)F,0.1,0.42,1.05,0.15,Cc1sc(-c2ccccc2)nc1Br,CCCC[Li],Cc1sc(-c2ccccc2)nc1[Li],FC1=C(F)C(F)(F)C(F)(F)C1(F)F,Cc1sc(-c2ccccc2)nc1C1=C(c2c(C)sc(-c3ccccc3)c2C)C(F)(F)C(F)(F)C1(F)F,,3.16,33.0,
Asai et al. 2012 - Practical synthesis of photochromic diarylethenes in integrated flow microreactor systems,60.0,halogen-metal exchange,tetrahydrofuran,flow microreactor,10.1002/cssc.201100376,2012.0,tR2,,10.0,,-20.0,Cc1sc(-c2ccccc2)nc1Br,n-BuLi,heteroaryllithium,octafluorocyclopentene,synthetic,Cc1sc(-c2ccccc2)nc1C1=C(c2c(C)sc(-c3ccccc3)c2C)C(F)(F)C(F)(F)C1(F)F,0.1,0.42,1.05,0.15,Cc1sc(-c2ccccc2)nc1Br,CCCC[Li],Cc1sc(-c2ccccc2)nc1[Li],FC1=C(F)C(F)(F)C(F)(F)C1(F)F,Cc1sc(-c2ccccc2)nc1C1=C(c2c(C)sc(-c3ccccc3)c2C)C(F)(F)C(F)(F)C1(F)F,,10.0,60.0,
Asai et al. 2012 - Practical synthesis of photochromic diarylethenes in integrated flow microreactor systems,0.0,halogen-metal exchange,tetrahydrofuran,flow microreactor,10.1002/cssc.201100376,2012.0,tR2,,0.01122,,-40.0,Cc1sc(-c2ccccc2)nc1Br,n-BuLi,heteroaryllithium,octafluorocyclopentene,synthetic,Cc1sc(-c2ccccc2)nc1C1=C(c2c(C)sc(-c3ccccc3)c2C)C(F)(F)C(F)(F)C1(F)F,0.1,0.42,1.05,0.15,Cc1sc(-c2ccccc2)nc1Br,CCCC[Li],Cc1sc(-c2ccccc2)nc1[Li],FC1=C(F)C(F)(F)C(F)(F)C1(F)F,Cc1sc(-c2ccccc2)nc1C1=C(c2c(C)sc(-c3ccccc3)c2C)C(F)(F)C(F)(F)C1(F)F,,0.0316,0.0,
Asai et al. 2012 - Practical synthesis of photochromic diarylethenes in integrated flow microreactor systems,0.0,halogen-metal exchange,tetrahydrofuran,flow microreactor,10.1002/cssc.201100376,2012.0,tR2,,0.04217,,-40.0,Cc1sc(-c2ccccc2)nc1Br,n-BuLi,heteroaryllithium,octafluorocyclopentene,synthetic,Cc1sc(-c2ccccc2)nc1C1=C(c2c(C)sc(-c3ccccc3)c2C)C(F)(F)C(F)(F)C1(F)F,0.1,0.42,1.05,0.15,Cc1sc(-c2ccccc2)nc1Br,CCCC[Li],Cc1sc(-c2ccccc2)nc1[Li],FC1=C(F)C(F)(F)C(F)(F)C1(F)F,Cc1sc(-c2ccccc2)nc1C1=C(c2c(C)sc(-c3ccccc3)c2C)C(F)(F)C(F)(F)C1(F)F,,0.1,0.0,
Asai et al. 2012 - Practical synthesis of photochromic diarylethenes in integrated flow microreactor systems,0.0,halogen-metal exchange,tetrahydrofuran,flow microreactor,10.1002/cssc.201100376,2012.0,tR2,,0.17783,,-40.0,Cc1sc(-c2ccccc2)nc1Br,n-BuLi,heteroaryllithium,octafluorocyclopentene,synthetic,Cc1sc(-c2ccccc2)nc1C1=C(c2c(C)sc(-c3ccccc3)c2C)C(F)(F)C(F)(F)C1(F)F,0.1,0.42,1.05,0.15,Cc1sc(-c2ccccc2)nc1Br,CCCC[Li],Cc1sc(-c2ccccc2)nc1[Li],FC1=C(F)C(F)(F)C(F)(F)C1(F)F,Cc1sc(-c2ccccc2)nc1C1=C(c2c(C)sc(-c3ccccc3)c2C)C(F)(F)C(F)(F)C1(F)F,,0.316,0.0,
Asai et al. 2012 - Practical synthesis of photochromic diarylethenes in integrated flow microreactor systems,4.0,halogen-metal exchange,tetrahydrofuran,flow microreactor,10.1002/cssc.201100376,2012.0,tR2,,0.63096,,-40.0,Cc1sc(-c2ccccc2)nc1Br,n-BuLi,heteroaryllithium,octafluorocyclopentene,synthetic,Cc1sc(-c2ccccc2)nc1C1=C(c2c(C)sc(-c3ccccc3)c2C)C(F)(F)C(F)(F)C1(F)F,0.1,0.42,1.05,0.15,Cc1sc(-c2ccccc2)nc1Br,CCCC[Li],Cc1sc(-c2ccccc2)nc1[Li],FC1=C(F)C(F)(F)C(F)(F)C1(F)F,Cc1sc(-c2ccccc2)nc1C1=C(c2c(C)sc(-c3ccccc3)c2C)C(F)(F)C(F)(F)C1(F)F,,1.0,,
Asai et al. 2012 - Practical synthesis of photochromic diarylethenes in integrated flow microreactor systems,15.0,halogen-metal exchange,tetrahydrofuran,flow microreactor,10.1002/cssc.201100376,2012.0,tR2,,2.5704,,-40.0,Cc1sc(-c2ccccc2)nc1Br,n-BuLi,heteroaryllithium,octafluorocyclopentene,synthetic,Cc1sc(-c2ccccc2)nc1C1=C(c2c(C)sc(-c3ccccc3)c2C)C(F)(F)C(F)(F)C1(F)F,0.1,0.42,1.05,0.15,Cc1sc(-c2ccccc2)nc1Br,CCCC[Li],Cc1sc(-c2ccccc2)nc1[Li],FC1=C(F)C(F)(F)C(F)(F)C1(F)F,Cc1sc(-c2ccccc2)nc1C1=C(c2c(C)sc(-c3ccccc3)c2C)C(F)(F)C(F)(F)C1(F)F,,3.16,15.0,
Asai et al. 2012 - Practical synthesis of photochromic diarylethenes in integrated flow microreactor systems,38.0,halogen-metal exchange,tetrahydrofuran,flow microreactor,10.1002/cssc.201100376,2012.0,tR2,,10.0,,-40.0,Cc1sc(-c2ccccc2)nc1Br,n-BuLi,heteroaryllithium,octafluorocyclopentene,synthetic,Cc1sc(-c2ccccc2)nc1C1=C(c2c(C)sc(-c3ccccc3)c2C)C(F)(F)C(F)(F)C1(F)F,0.1,0.42,1.05,0.15,Cc1sc(-c2ccccc2)nc1Br,CCCC[Li],Cc1sc(-c2ccccc2)nc1[Li],FC1=C(F)C(F)(F)C(F)(F)C1(F)F,Cc1sc(-c2ccccc2)nc1C1=C(c2c(C)sc(-c3ccccc3)c2C)C(F)(F)C(F)(F)C1(F)F,,10.0,38.0,
Asai et al. 2012 - Practical synthesis of photochromic diarylethenes in integrated flow microreactor systems,0.0,halogen-metal exchange,tetrahydrofuran,flow microreactor,10.1002/cssc.201100376,2012.0,tR2,,0.01122,,20.0,Cc1sc(-c2ccccc2)nc1Br,n-BuLi,heteroaryllithium,octafluorocyclopentene,synthetic,Cc1sc(-c2ccccc2)nc1C1=C(c2c(C)sc(-c3ccccc3)c2C)C(F)(F)C(F)(F)C1(F)F,0.1,0.42,1.05,0.15,Cc1sc(-c2ccccc2)nc1Br,CCCC[Li],Cc1sc(-c2ccccc2)nc1[Li],FC1=C(F)C(F)(F)C(F)(F)C1(F)F,Cc1sc(-c2ccccc2)nc1C1=C(c2c(C)sc(-c3ccccc3)c2C)C(F)(F)C(F)(F)C1(F)F,,0.0316,0.0,
Asai et al. 2012 - Practical synthesis of photochromic diarylethenes in integrated flow microreactor systems,0.0,halogen-metal exchange,tetrahydrofuran,flow microreactor,10.1002/cssc.201100376,2012.0,tR2,,0.04217,,20.0,Cc1sc(-c2ccccc2)nc1Br,n-BuLi,heteroaryllithium,octafluorocyclopentene,synthetic,Cc1sc(-c2ccccc2)nc1C1=C(c2c(C)sc(-c3ccccc3)c2C)C(F)(F)C(F)(F)C1(F)F,0.1,0.42,1.05,0.15,Cc1sc(-c2ccccc2)nc1Br,CCCC[Li],Cc1sc(-c2ccccc2)nc1[Li],FC1=C(F)C(F)(F)C(F)(F)C1(F)F,Cc1sc(-c2ccccc2)nc1C1=C(c2c(C)sc(-c3ccccc3)c2C)C(F)(F)C(F)(F)C1(F)F,,0.1,0.0,
Asai et al. 2012 - Practical synthesis of photochromic diarylethenes in integrated flow microreactor systems,2.0,halogen-metal exchange,tetrahydrofuran,flow microreactor,10.1002/cssc.201100376,2012.0,tR2,,0.17783,,20.0,Cc1sc(-c2ccccc2)nc1Br,n-BuLi,heteroaryllithium,octafluorocyclopentene,synthetic,Cc1sc(-c2ccccc2)nc1C1=C(c2c(C)sc(-c3ccccc3)c2C)C(F)(F)C(F)(F)C1(F)F,0.1,0.42,1.05,0.15,Cc1sc(-c2ccccc2)nc1Br,CCCC[Li],Cc1sc(-c2ccccc2)nc1[Li],FC1=C(F)C(F)(F)C(F)(F)C1(F)F,Cc1sc(-c2ccccc2)nc1C1=C(c2c(C)sc(-c3ccccc3)c2C)C(F)(F)C(F)(F)C1(F)F,,0.316,2.0,
Asai et al. 2012 - Practical synthesis of photochromic diarylethenes in integrated flow microreactor systems,21.0,halogen-metal exchange,tetrahydrofuran,flow microreactor,10.1002/cssc.201100376,2012.0,tR2,,0.63096,,20.0,Cc1sc(-c2ccccc2)nc1Br,n-BuLi,heteroaryllithium,octafluorocyclopentene,synthetic,Cc1sc(-c2ccccc2)nc1C1=C(c2c(C)sc(-c3ccccc3)c2C)C(F)(F)C(F)(F)C1(F)F,0.1,0.42,1.05,0.15,Cc1sc(-c2ccccc2)nc1Br,CCCC[Li],Cc1sc(-c2ccccc2)nc1[Li],FC1=C(F)C(F)(F)C(F)(F)C1(F)F,Cc1sc(-c2ccccc2)nc1C1=C(c2c(C)sc(-c3ccccc3)c2C)C(F)(F)C(F)(F)C1(F)F,,1.0,21.0,
Asai et al. 2012 - Practical synthesis of photochromic diarylethenes in integrated flow microreactor systems,59.0,halogen-metal exchange,tetrahydrofuran,flow microreactor,10.1002/cssc.201100376,2012.0,tR2,,2.5704,,20.0,Cc1sc(-c2ccccc2)nc1Br,n-BuLi,heteroaryllithium,octafluorocyclopentene,synthetic,Cc1sc(-c2ccccc2)nc1C1=C(c2c(C)sc(-c3ccccc3)c2C)C(F)(F)C(F)(F)C1(F)F,0.1,0.42,1.05,0.15,Cc1sc(-c2ccccc2)nc1Br,CCCC[Li],Cc1sc(-c2ccccc2)nc1[Li],FC1=C(F)C(F)(F)C(F)(F)C1(F)F,Cc1sc(-c2ccccc2)nc1C1=C(c2c(C)sc(-c3ccccc3)c2C)C(F)(F)C(F)(F)C1(F)F,,3.16,59.0,
Asai et al. 2012 - Practical synthesis of photochromic diarylethenes in integrated flow microreactor systems,67.0,halogen-metal exchange,tetrahydrofuran,flow microreactor,10.1002/cssc.201100376,2012.0,tR2,,10.0,,20.0,Cc1sc(-c2ccccc2)nc1Br,n-BuLi,heteroaryllithium,octafluorocyclopentene,synthetic,Cc1sc(-c2ccccc2)nc1C1=C(c2c(C)sc(-c3ccccc3)c2C)C(F)(F)C(F)(F)C1(F)F,0.1,0.42,1.05,0.15,Cc1sc(-c2ccccc2)nc1Br,CCCC[Li],Cc1sc(-c2ccccc2)nc1[Li],FC1=C(F)C(F)(F)C(F)(F)C1(F)F,Cc1sc(-c2ccccc2)nc1C1=C(c2c(C)sc(-c3ccccc3)c2C)C(F)(F)C(F)(F)C1(F)F,,10.0,67.0,
Asai et al. 2012 - Practical synthesis of photochromic diarylethenes in integrated flow microreactor systems,0.0,halogen-metal exchange,tetrahydrofuran,flow microreactor,10.1002/cssc.201100376,2012.0,tR2,,0.01122,,0.0,Cc1sc(-c2ccccc2)nc1Br,n-BuLi,heteroaryllithium,octafluorocyclopentene,synthetic,Cc1sc(-c2ccccc2)nc1C1=C(c2c(C)sc(-c3ccccc3)c2C)C(F)(F)C(F)(F)C1(F)F,0.1,0.42,1.05,0.15,Cc1sc(-c2ccccc2)nc1Br,CCCC[Li],Cc1sc(-c2ccccc2)nc1[Li],FC1=C(F)C(F)(F)C(F)(F)C1(F)F,Cc1sc(-c2ccccc2)nc1C1=C(c2c(C)sc(-c3ccccc3)c2C)C(F)(F)C(F)(F)C1(F)F,,0.0316,0.0,
Asai et al. 2012 - Practical synthesis of photochromic diarylethenes in integrated flow microreactor systems,0.0,halogen-metal exchange,tetrahydrofuran,flow microreactor,10.1002/cssc.201100376,2012.0,tR2,,0.04217,,0.0,Cc1sc(-c2ccccc2)nc1Br,n-BuLi,heteroaryllithium,octafluorocyclopentene,synthetic,Cc1sc(-c2ccccc2)nc1C1=C(c2c(C)sc(-c3ccccc3)c2C)C(F)(F)C(F)(F)C1(F)F,0.1,0.42,1.05,0.15,Cc1sc(-c2ccccc2)nc1Br,CCCC[Li],Cc1sc(-c2ccccc2)nc1[Li],FC1=C(F)C(F)(F)C(F)(F)C1(F)F,Cc1sc(-c2ccccc2)nc1C1=C(c2c(C)sc(-c3ccccc3)c2C)C(F)(F)C(F)(F)C1(F)F,,0.1,0.0,
Asai et al. 2012 - Practical synthesis of photochromic diarylethenes in integrated flow microreactor systems,0.0,halogen-metal exchange,tetrahydrofuran,flow microreactor,10.1002/cssc.201100376,2012.0,tR2,,0.17783,,0.0,Cc1sc(-c2ccccc2)nc1Br,n-BuLi,heteroaryllithium,octafluorocyclopentene,synthetic,Cc1sc(-c2ccccc2)nc1C1=C(c2c(C)sc(-c3ccccc3)c2C)C(F)(F)C(F)(F)C1(F)F,0.1,0.42,1.05,0.15,Cc1sc(-c2ccccc2)nc1Br,CCCC[Li],Cc1sc(-c2ccccc2)nc1[Li],FC1=C(F)C(F)(F)C(F)(F)C1(F)F,Cc1sc(-c2ccccc2)nc1C1=C(c2c(C)sc(-c3ccccc3)c2C)C(F)(F)C(F)(F)C1(F)F,,0.316,0.0,
Asai et al. 2012 - Practical synthesis of photochromic diarylethenes in integrated flow microreactor systems,1.0,halogen-metal exchange,tetrahydrofuran,flow microreactor,10.1002/cssc.201100376,2012.0,tR2,,0.63096,,0.0,Cc1sc(-c2ccccc2)nc1Br,n-BuLi,heteroaryllithium,octafluorocyclopentene,synthetic,Cc1sc(-c2ccccc2)nc1C1=C(c2c(C)sc(-c3ccccc3)c2C)C(F)(F)C(F)(F)C1(F)F,0.1,0.42,1.05,0.15,Cc1sc(-c2ccccc2)nc1Br,CCCC[Li],Cc1sc(-c2ccccc2)nc1[Li],FC1=C(F)C(F)(F)C(F)(F)C1(F)F,Cc1sc(-c2ccccc2)nc1C1=C(c2c(C)sc(-c3ccccc3)c2C)C(F)(F)C(F)(F)C1(F)F,,1.0,,
Asai et al. 2012 - Practical synthesis of photochromic diarylethenes in integrated flow microreactor systems,12.0,halogen-metal exchange,tetrahydrofuran,flow microreactor,10.1002/cssc.201100376,2012.0,tR2,,2.5704,,0.0,Cc1sc(-c2ccccc2)nc1Br,n-BuLi,heteroaryllithium,octafluorocyclopentene,synthetic,Cc1sc(-c2ccccc2)nc1C1=C(c2c(C)sc(-c3ccccc3)c2C)C(F)(F)C(F)(F)C1(F)F,0.1,0.42,1.05,0.15,Cc1sc(-c2ccccc2)nc1Br,CCCC[Li],Cc1sc(-c2ccccc2)nc1[Li],FC1=C(F)C(F)(F)C(F)(F)C1(F)F,Cc1sc(-c2ccccc2)nc1C1=C(c2c(C)sc(-c3ccccc3)c2C)C(F)(F)C(F)(F)C1(F)F,,3.16,12.0,
Asai et al. 2012 - Practical synthesis of photochromic diarylethenes in integrated flow microreactor systems,21.0,halogen-metal exchange,tetrahydrofuran,flow microreactor,10.1002/cssc.201100376,2012.0,tR2,,10.0,,0.0,Cc1sc(-c2ccccc2)nc1Br,n-BuLi,heteroaryllithium,octafluorocyclopentene,synthetic,Cc1sc(-c2ccccc2)nc1C1=C(c2c(C)sc(-c3ccccc3)c2C)C(F)(F)C(F)(F)C1(F)F,0.1,0.42,1.05,0.15,Cc1sc(-c2ccccc2)nc1Br,CCCC[Li],Cc1sc(-c2ccccc2)nc1[Li],FC1=C(F)C(F)(F)C(F)(F)C1(F)F,Cc1sc(-c2ccccc2)nc1C1=C(c2c(C)sc(-c3ccccc3)c2C)C(F)(F)C(F)(F)C1(F)F,,10.0,21.0,
Asai et al. 2012 - Practical synthesis of photochromic diarylethenes in integrated flow microreactor systems,0.0,halogen-metal exchange,tetrahydrofuran,flow microreactor,10.1002/cssc.201100376,2012.0,tR2,,0.01122,,-20.0,Cc1sc(-c2ccccc2)nc1Br,n-BuLi,heteroaryllithium,octafluorocyclopentene,synthetic,Cc1sc(-c2ccccc2)nc1C1=C(c2c(C)sc(-c3ccccc3)c2C)C(F)(F)C(F)(F)C1(F)F,0.1,0.42,1.05,0.15,Cc1sc(-c2ccccc2)nc1Br,CCCC[Li],Cc1sc(-c2ccccc2)nc1[Li],FC1=C(F)C(F)(F)C(F)(F)C1(F)F,Cc1sc(-c2ccccc2)nc1C1=C(c2c(C)sc(-c3ccccc3)c2C)C(F)(F)C(F)(F)C1(F)F,,0.0316,0.0,
Asai et al. 2012 - Practical synthesis of photochromic diarylethenes in integrated flow microreactor systems,0.0,halogen-metal exchange,tetrahydrofuran,flow microreactor,10.1002/cssc.201100376,2012.0,tR2,,0.04217,,-20.0,Cc1sc(-c2ccccc2)nc1Br,n-BuLi,heteroaryllithium,octafluorocyclopentene,synthetic,Cc1sc(-c2ccccc2)nc1C1=C(c2c(C)sc(-c3ccccc3)c2C)C(F)(F)C(F)(F)C1(F)F,0.1,0.42,1.05,0.15,Cc1sc(-c2ccccc2)nc1Br,CCCC[Li],Cc1sc(-c2ccccc2)nc1[Li],FC1=C(F)C(F)(F)C(F)(F)C1(F)F,Cc1sc(-c2ccccc2)nc1C1=C(c2c(C)sc(-c3ccccc3)c2C)C(F)(F)C(F)(F)C1(F)F,,0.1,0.0,
Asai et al. 2012 - Practical synthesis of photochromic diarylethenes in integrated flow microreactor systems,0.0,halogen-metal exchange,tetrahydrofuran,flow microreactor,10.1002/cssc.201100376,2012.0,tR2,,0.17783,,-20.0,Cc1sc(-c2ccccc2)nc1Br,n-BuLi,heteroaryllithium,octafluorocyclopentene,synthetic,Cc1sc(-c2ccccc2)nc1C1=C(c2c(C)sc(-c3ccccc3)c2C)C(F)(F)C(F)(F)C1(F)F,0.1,0.42,1.05,0.15,Cc1sc(-c2ccccc2)nc1Br,CCCC[Li],Cc1sc(-c2ccccc2)nc1[Li],FC1=C(F)C(F)(F)C(F)(F)C1(F)F,Cc1sc(-c2ccccc2)nc1C1=C(c2c(C)sc(-c3ccccc3)c2C)C(F)(F)C(F)(F)C1(F)F,,0.316,0.0,
Asai et al. 2012 - Practical synthesis of photochromic diarylethenes in integrated flow microreactor systems,0.0,halogen-metal exchange,tetrahydrofuran,flow microreactor,10.1002/cssc.201100376,2012.0,tR2,,0.63096,,-20.0,Cc1sc(-c2ccccc2)nc1Br,n-BuLi,heteroaryllithium,octafluorocyclopentene,synthetic,Cc1sc(-c2ccccc2)nc1C1=C(c2c(C)sc(-c3ccccc3)c2C)C(F)(F)C(F)(F)C1(F)F,0.1,0.42,1.05,0.15,Cc1sc(-c2ccccc2)nc1Br,CCCC[Li],Cc1sc(-c2ccccc2)nc1[Li],FC1=C(F)C(F)(F)C(F)(F)C1(F)F,Cc1sc(-c2ccccc2)nc1C1=C(c2c(C)sc(-c3ccccc3)c2C)C(F)(F)C(F)(F)C1(F)F,,1.0,0.0,
Asai et al. 2012 - Practical synthesis of photochromic diarylethenes in integrated flow microreactor systems,0.0,halogen-metal exchange,tetrahydrofuran,flow microreactor,10.1002/cssc.201100376,2012.0,tR2,,2.5704,,-20.0,Cc1sc(-c2ccccc2)nc1Br,n-BuLi,heteroaryllithium,octafluorocyclopentene,synthetic,Cc1sc(-c2ccccc2)nc1C1=C(c2c(C)sc(-c3ccccc3)c2C)C(F)(F)C(F)(F)C1(F)F,0.1,0.42,1.05,0.15,Cc1sc(-c2ccccc2)nc1Br,CCCC[Li],Cc1sc(-c2ccccc2)nc1[Li],FC1=C(F)C(F)(F)C(F)(F)C1(F)F,Cc1sc(-c2ccccc2)nc1C1=C(c2c(C)sc(-c3ccccc3)c2C)C(F)(F)C(F)(F)C1(F)F,,3.16,0.0,
Asai et al. 2012 - Practical synthesis of photochromic diarylethenes in integrated flow microreactor systems,3.0,halogen-metal exchange,tetrahydrofuran,flow microreactor,10.1002/cssc.201100376,2012.0,tR2,,10.0,,-20.0,Cc1sc(-c2ccccc2)nc1Br,n-BuLi,heteroaryllithium,octafluorocyclopentene,synthetic,Cc1sc(-c2ccccc2)nc1C1=C(c2c(C)sc(-c3ccccc3)c2C)C(F)(F)C(F)(F)C1(F)F,0.1,0.42,1.05,0.15,Cc1sc(-c2ccccc2)nc1Br,CCCC[Li],Cc1sc(-c2ccccc2)nc1[Li],FC1=C(F)C(F)(F)C(F)(F)C1(F)F,Cc1sc(-c2ccccc2)nc1C1=C(c2c(C)sc(-c3ccccc3)c2C)C(F)(F)C(F)(F)C1(F)F,,10.0,3.0,
Asai et al. 2012 - Practical synthesis of photochromic diarylethenes in integrated flow microreactor systems,0.0,halogen-metal exchange,tetrahydrofuran,flow microreactor,10.1002/cssc.201100376,2012.0,tR2,,0.01122,,-40.0,Cc1sc(-c2ccccc2)nc1Br,n-BuLi,heteroaryllithium,octafluorocyclopentene,synthetic,Cc1sc(-c2ccccc2)nc1C1=C(c2c(C)sc(-c3ccccc3)c2C)C(F)(F)C(F)(F)C1(F)F,0.1,0.42,1.05,0.15,Cc1sc(-c2ccccc2)nc1Br,CCCC[Li],Cc1sc(-c2ccccc2)nc1[Li],FC1=C(F)C(F)(F)C(F)(F)C1(F)F,Cc1sc(-c2ccccc2)nc1C1=C(c2c(C)sc(-c3ccccc3)c2C)C(F)(F)C(F)(F)C1(F)F,,0.0316,0.0,
Asai et al. 2012 - Practical synthesis of photochromic diarylethenes in integrated flow microreactor systems,0.0,halogen-metal exchange,tetrahydrofuran,flow microreactor,10.1002/cssc.201100376,2012.0,tR2,,0.04217,,-40.0,Cc1sc(-c2ccccc2)nc1Br,n-BuLi,heteroaryllithium,octafluorocyclopentene,synthetic,Cc1sc(-c2ccccc2)nc1C1=C(c2c(C)sc(-c3ccccc3)c2C)C(F)(F)C(F)(F)C1(F)F,0.1,0.42,1.05,0.15,Cc1sc(-c2ccccc2)nc1Br,CCCC[Li],Cc1sc(-c2ccccc2)nc1[Li],FC1=C(F)C(F)(F)C(F)(F)C1(F)F,Cc1sc(-c2ccccc2)nc1C1=C(c2c(C)sc(-c3ccccc3)c2C)C(F)(F)C(F)(F)C1(F)F,,0.1,0.0,
Asai et al. 2012 - Practical synthesis of photochromic diarylethenes in integrated flow microreactor systems,0.0,halogen-metal exchange,tetrahydrofuran,flow microreactor,10.1002/cssc.201100376,2012.0,tR2,,0.17783,,-40.0,Cc1sc(-c2ccccc2)nc1Br,n-BuLi,heteroaryllithium,octafluorocyclopentene,synthetic,Cc1sc(-c2ccccc2)nc1C1=C(c2c(C)sc(-c3ccccc3)c2C)C(F)(F)C(F)(F)C1(F)F,0.1,0.42,1.05,0.15,Cc1sc(-c2ccccc2)nc1Br,CCCC[Li],Cc1sc(-c2ccccc2)nc1[Li],FC1=C(F)C(F)(F)C(F)(F)C1(F)F,Cc1sc(-c2ccccc2)nc1C1=C(c2c(C)sc(-c3ccccc3)c2C)C(F)(F)C(F)(F)C1(F)F,,0.316,0.0,
Asai et al. 2012 - Practical synthesis of photochromic diarylethenes in integrated flow microreactor systems,0.0,halogen-metal exchange,tetrahydrofuran,flow microreactor,10.1002/cssc.201100376,2012.0,tR2,,0.63096,,-40.0,Cc1sc(-c2ccccc2)nc1Br,n-BuLi,heteroaryllithium,octafluorocyclopentene,synthetic,Cc1sc(-c2ccccc2)nc1C1=C(c2c(C)sc(-c3ccccc3)c2C)C(F)(F)C(F)(F)C1(F)F,0.1,0.42,1.05,0.15,Cc1sc(-c2ccccc2)nc1Br,CCCC[Li],Cc1sc(-c2ccccc2)nc1[Li],FC1=C(F)C(F)(F)C(F)(F)C1(F)F,Cc1sc(-c2ccccc2)nc1C1=C(c2c(C)sc(-c3ccccc3)c2C)C(F)(F)C(F)(F)C1(F)F,,1.0,0.0,
Asai et al. 2012 - Practical synthesis of photochromic diarylethenes in integrated flow microreactor systems,0.0,halogen-metal exchange,tetrahydrofuran,flow microreactor,10.1002/cssc.201100376,2012.0,tR2,,2.5704,,-40.0,Cc1sc(-c2ccccc2)nc1Br,n-BuLi,heteroaryllithium,octafluorocyclopentene,synthetic,Cc1sc(-c2ccccc2)nc1C1=C(c2c(C)sc(-c3ccccc3)c2C)C(F)(F)C(F)(F)C1(F)F,0.1,0.42,1.05,0.15,Cc1sc(-c2ccccc2)nc1Br,CCCC[Li],Cc1sc(-c2ccccc2)nc1[Li],FC1=C(F)C(F)(F)C(F)(F)C1(F)F,Cc1sc(-c2ccccc2)nc1C1=C(c2c(C)sc(-c3ccccc3)c2C)C(F)(F)C(F)(F)C1(F)F,,3.16,0.0,
Asai et al. 2012 - Practical synthesis of photochromic diarylethenes in integrated flow microreactor systems,0.0,halogen-metal exchange,tetrahydrofuran,flow microreactor,10.1002/cssc.201100376,2012.0,tR2,,10.0,,-40.0,Cc1sc(-c2ccccc2)nc1Br,n-BuLi,heteroaryllithium,octafluorocyclopentene,synthetic,Cc1sc(-c2ccccc2)nc1C1=C(c2c(C)sc(-c3ccccc3)c2C)C(F)(F)C(F)(F)C1(F)F,0.1,0.42,1.05,0.15,Cc1sc(-c2ccccc2)nc1Br,CCCC[Li],Cc1sc(-c2ccccc2)nc1[Li],FC1=C(F)C(F)(F)C(F)(F)C1(F)F,Cc1sc(-c2ccccc2)nc1C1=C(c2c(C)sc(-c3ccccc3)c2C)C(F)(F)C(F)(F)C1(F)F,,10.0,0.0,
Asai et al. 2012 - Practical synthesis of photochromic diarylethenes in integrated flow microreactor systems,20.0,halogen-metal exchange,tetrahydrofuran,flow microreactor,10.1002/cssc.201100376,2012.0,tR2,,0.01122,,20.0,Cc1sc(-c2ccccc2)nc1Br,n-BuLi,heteroaryllithium,octafluorocyclopentene,synthetic,Cc1sc(-c2ccccc2)nc1C1=C(c2c(C)sc(-c3ccccc3)c2C)C(F)(F)C(F)(F)C1(F)F,0.1,0.42,1.05,0.15,Cc1sc(-c2ccccc2)nc1Br,CCCC[Li],Cc1sc(-c2ccccc2)nc1[Li],FC1=C(F)C(F)(F)C(F)(F)C1(F)F,Cc1sc(-c2ccccc2)nc1C1=C(c2c(C)sc(-c3ccccc3)c2C)C(F)(F)C(F)(F)C1(F)F,,0.0316,,
Asai et al. 2012 - Practical synthesis of photochromic diarylethenes in integrated flow microreactor systems,46.0,halogen-metal exchange,tetrahydrofuran,flow microreactor,10.1002/cssc.201100376,2012.0,tR2,,0.04217,,20.0,Cc1sc(-c2ccccc2)nc1Br,n-BuLi,heteroaryllithium,octafluorocyclopentene,synthetic,Cc1sc(-c2ccccc2)nc1C1=C(c2c(C)sc(-c3ccccc3)c2C)C(F)(F)C(F)(F)C1(F)F,0.1,0.42,1.05,0.15,Cc1sc(-c2ccccc2)nc1Br,CCCC[Li],Cc1sc(-c2ccccc2)nc1[Li],FC1=C(F)C(F)(F)C(F)(F)C1(F)F,Cc1sc(-c2ccccc2)nc1C1=C(c2c(C)sc(-c3ccccc3)c2C)C(F)(F)C(F)(F)C1(F)F,,0.1,,
Asai et al. 2012 - Practical synthesis of photochromic diarylethenes in integrated flow microreactor systems,77.0,halogen-metal exchange,tetrahydrofuran,flow microreactor,10.1002/cssc.201100376,2012.0,tR2,,0.17783,,20.0,Cc1sc(-c2ccccc2)nc1Br,n-BuLi,heteroaryllithium,octafluorocyclopentene,synthetic,Cc1sc(-c2ccccc2)nc1C1=C(c2c(C)sc(-c3ccccc3)c2C)C(F)(F)C(F)(F)C1(F)F,0.1,0.42,1.05,0.15,Cc1sc(-c2ccccc2)nc1Br,CCCC[Li],Cc1sc(-c2ccccc2)nc1[Li],FC1=C(F)C(F)(F)C(F)(F)C1(F)F,Cc1sc(-c2ccccc2)nc1C1=C(c2c(C)sc(-c3ccccc3)c2C)C(F)(F)C(F)(F)C1(F)F,,0.316,,
Asai et al. 2012 - Practical synthesis of photochromic diarylethenes in integrated flow microreactor systems,84.0,halogen-metal exchange,tetrahydrofuran,flow microreactor,10.1002/cssc.201100376,2012.0,tR2,,0.63096,,20.0,Cc1sc(-c2ccccc2)nc1Br,n-BuLi,heteroaryllithium,octafluorocyclopentene,synthetic,Cc1sc(-c2ccccc2)nc1C1=C(c2c(C)sc(-c3ccccc3)c2C)C(F)(F)C(F)(F)C1(F)F,0.1,0.42,1.05,0.15,Cc1sc(-c2ccccc2)nc1Br,CCCC[Li],Cc1sc(-c2ccccc2)nc1[Li],FC1=C(F)C(F)(F)C(F)(F)C1(F)F,Cc1sc(-c2ccccc2)nc1C1=C(c2c(C)sc(-c3ccccc3)c2C)C(F)(F)C(F)(F)C1(F)F,,1.0,,
Asai et al. 2012 - Practical synthesis of photochromic diarylethenes in integrated flow microreactor systems,88.0,halogen-metal exchange,tetrahydrofuran,flow microreactor,10.1002/cssc.201100376,2012.0,tR2,,2.5704,,20.0,Cc1sc(-c2ccccc2)nc1Br,n-BuLi,heteroaryllithium,octafluorocyclopentene,synthetic,Cc1sc(-c2ccccc2)nc1C1=C(c2c(C)sc(-c3ccccc3)c2C)C(F)(F)C(F)(F)C1(F)F,0.1,0.42,1.05,0.15,Cc1sc(-c2ccccc2)nc1Br,CCCC[Li],Cc1sc(-c2ccccc2)nc1[Li],FC1=C(F)C(F)(F)C(F)(F)C1(F)F,Cc1sc(-c2ccccc2)nc1C1=C(c2c(C)sc(-c3ccccc3)c2C)C(F)(F)C(F)(F)C1(F)F,,3.16,,
Asai et al. 2012 - Practical synthesis of photochromic diarylethenes in integrated flow microreactor systems,84.0,halogen-metal exchange,tetrahydrofuran,flow microreactor,10.1002/cssc.201100376,2012.0,tR2,,10.0,,20.0,Cc1sc(-c2ccccc2)nc1Br,n-BuLi,heteroaryllithium,octafluorocyclopentene,synthetic,Cc1sc(-c2ccccc2)nc1C1=C(c2c(C)sc(-c3ccccc3)c2C)C(F)(F)C(F)(F)C1(F)F,0.1,0.42,1.05,0.15,Cc1sc(-c2ccccc2)nc1Br,CCCC[Li],Cc1sc(-c2ccccc2)nc1[Li],FC1=C(F)C(F)(F)C(F)(F)C1(F)F,Cc1sc(-c2ccccc2)nc1C1=C(c2c(C)sc(-c3ccccc3)c2C)C(F)(F)C(F)(F)C1(F)F,,10.0,,
Asai et al. 2012 - Practical synthesis of photochromic diarylethenes in integrated flow microreactor systems,8.0,halogen-metal exchange,tetrahydrofuran,flow microreactor,10.1002/cssc.201100376,2012.0,tR2,,0.01122,,0.0,Cc1sc(-c2ccccc2)nc1Br,n-BuLi,heteroaryllithium,octafluorocyclopentene,synthetic,Cc1sc(-c2ccccc2)nc1C1=C(c2c(C)sc(-c3ccccc3)c2C)C(F)(F)C(F)(F)C1(F)F,0.1,0.42,1.05,0.15,Cc1sc(-c2ccccc2)nc1Br,CCCC[Li],Cc1sc(-c2ccccc2)nc1[Li],FC1=C(F)C(F)(F)C(F)(F)C1(F)F,Cc1sc(-c2ccccc2)nc1C1=C(c2c(C)sc(-c3ccccc3)c2C)C(F)(F)C(F)(F)C1(F)F,,0.0316,,
Asai et al. 2012 - Practical synthesis of photochromic diarylethenes in integrated flow microreactor systems,28.0,halogen-metal exchange,tetrahydrofuran,flow microreactor,10.1002/cssc.201100376,2012.0,tR2,,0.04217,,0.0,Cc1sc(-c2ccccc2)nc1Br,n-BuLi,heteroaryllithium,octafluorocyclopentene,synthetic,Cc1sc(-c2ccccc2)nc1C1=C(c2c(C)sc(-c3ccccc3)c2C)C(F)(F)C(F)(F)C1(F)F,0.1,0.42,1.05,0.15,Cc1sc(-c2ccccc2)nc1Br,CCCC[Li],Cc1sc(-c2ccccc2)nc1[Li],FC1=C(F)C(F)(F)C(F)(F)C1(F)F,Cc1sc(-c2ccccc2)nc1C1=C(c2c(C)sc(-c3ccccc3)c2C)C(F)(F)C(F)(F)C1(F)F,,0.1,28.0,
Asai et al. 2012 - Practical synthesis of photochromic diarylethenes in integrated flow microreactor systems,64.0,halogen-metal exchange,tetrahydrofuran,flow microreactor,10.1002/cssc.201100376,2012.0,tR2,,0.17783,,0.0,Cc1sc(-c2ccccc2)nc1Br,n-BuLi,heteroaryllithium,octafluorocyclopentene,synthetic,Cc1sc(-c2ccccc2)nc1C1=C(c2c(C)sc(-c3ccccc3)c2C)C(F)(F)C(F)(F)C1(F)F,0.1,0.42,1.05,0.15,Cc1sc(-c2ccccc2)nc1Br,CCCC[Li],Cc1sc(-c2ccccc2)nc1[Li],FC1=C(F)C(F)(F)C(F)(F)C1(F)F,Cc1sc(-c2ccccc2)nc1C1=C(c2c(C)sc(-c3ccccc3)c2C)C(F)(F)C(F)(F)C1(F)F,,0.316,,
Asai et al. 2012 - Practical synthesis of photochromic diarylethenes in integrated flow microreactor systems,76.0,halogen-metal exchange,tetrahydrofuran,flow microreactor,10.1002/cssc.201100376,2012.0,tR2,,0.63096,,0.0,Cc1sc(-c2ccccc2)nc1Br,n-BuLi,heteroaryllithium,octafluorocyclopentene,synthetic,Cc1sc(-c2ccccc2)nc1C1=C(c2c(C)sc(-c3ccccc3)c2C)C(F)(F)C(F)(F)C1(F)F,0.1,0.42,1.05,0.15,Cc1sc(-c2ccccc2)nc1Br,CCCC[Li],Cc1sc(-c2ccccc2)nc1[Li],FC1=C(F)C(F)(F)C(F)(F)C1(F)F,Cc1sc(-c2ccccc2)nc1C1=C(c2c(C)sc(-c3ccccc3)c2C)C(F)(F)C(F)(F)C1(F)F,,1.0,,
Asai et al. 2012 - Practical synthesis of photochromic diarylethenes in integrated flow microreactor systems,90.0,halogen-metal exchange,tetrahydrofuran,flow microreactor,10.1002/cssc.201100376,2012.0,tR2,,2.5704,,0.0,Cc1sc(-c2ccccc2)nc1Br,n-BuLi,heteroaryllithium,octafluorocyclopentene,synthetic,Cc1sc(-c2ccccc2)nc1C1=C(c2c(C)sc(-c3ccccc3)c2C)C(F)(F)C(F)(F)C1(F)F,0.1,0.42,1.05,0.15,Cc1sc(-c2ccccc2)nc1Br,CCCC[Li],Cc1sc(-c2ccccc2)nc1[Li],FC1=C(F)C(F)(F)C(F)(F)C1(F)F,Cc1sc(-c2ccccc2)nc1C1=C(c2c(C)sc(-c3ccccc3)c2C)C(F)(F)C(F)(F)C1(F)F,,3.16,,
Asai et al. 2012 - Practical synthesis of photochromic diarylethenes in integrated flow microreactor systems,90.0,halogen-metal exchange,tetrahydrofuran,flow microreactor,10.1002/cssc.201100376,2012.0,tR2,,10.0,,0.0,Cc1sc(-c2ccccc2)nc1Br,n-BuLi,heteroaryllithium,octafluorocyclopentene,synthetic,Cc1sc(-c2ccccc2)nc1C1=C(c2c(C)sc(-c3ccccc3)c2C)C(F)(F)C(F)(F)C1(F)F,0.1,0.42,1.05,0.15,Cc1sc(-c2ccccc2)nc1Br,CCCC[Li],Cc1sc(-c2ccccc2)nc1[Li],FC1=C(F)C(F)(F)C(F)(F)C1(F)F,Cc1sc(-c2ccccc2)nc1C1=C(c2c(C)sc(-c3ccccc3)c2C)C(F)(F)C(F)(F)C1(F)F,,10.0,,
Asai et al. 2012 - Practical synthesis of photochromic diarylethenes in integrated flow microreactor systems,2.0,halogen-metal exchange,tetrahydrofuran,flow microreactor,10.1002/cssc.201100376,2012.0,tR2,,0.01122,,-30.0,Cc1sc(-c2ccccc2)nc1Br,n-BuLi,heteroaryllithium,octafluorocyclopentene,synthetic,Cc1sc(-c2ccccc2)nc1C1=C(c2c(C)sc(-c3ccccc3)c2C)C(F)(F)C(F)(F)C1(F)F,0.1,0.42,1.05,0.15,Cc1sc(-c2ccccc2)nc1Br,CCCC[Li],Cc1sc(-c2ccccc2)nc1[Li],FC1=C(F)C(F)(F)C(F)(F)C1(F)F,Cc1sc(-c2ccccc2)nc1C1=C(c2c(C)sc(-c3ccccc3)c2C)C(F)(F)C(F)(F)C1(F)F,,0.0316,,
Asai et al. 2012 - Practical synthesis of photochromic diarylethenes in integrated flow microreactor systems,5.0,halogen-metal exchange,tetrahydrofuran,flow microreactor,10.1002/cssc.201100376,2012.0,tR2,,0.04217,,-30.0,Cc1sc(-c2ccccc2)nc1Br,n-BuLi,heteroaryllithium,octafluorocyclopentene,synthetic,Cc1sc(-c2ccccc2)nc1C1=C(c2c(C)sc(-c3ccccc3)c2C)C(F)(F)C(F)(F)C1(F)F,0.1,0.42,1.05,0.15,Cc1sc(-c2ccccc2)nc1Br,CCCC[Li],Cc1sc(-c2ccccc2)nc1[Li],FC1=C(F)C(F)(F)C(F)(F)C1(F)F,Cc1sc(-c2ccccc2)nc1C1=C(c2c(C)sc(-c3ccccc3)c2C)C(F)(F)C(F)(F)C1(F)F,,0.1,,
Asai et al. 2012 - Practical synthesis of photochromic diarylethenes in integrated flow microreactor systems,32.0,halogen-metal exchange,tetrahydrofuran,flow microreactor,10.1002/cssc.201100376,2012.0,tR2,,0.17783,,-30.0,Cc1sc(-c2ccccc2)nc1Br,n-BuLi,heteroaryllithium,octafluorocyclopentene,synthetic,Cc1sc(-c2ccccc2)nc1C1=C(c2c(C)sc(-c3ccccc3)c2C)C(F)(F)C(F)(F)C1(F)F,0.1,0.42,1.05,0.15,Cc1sc(-c2ccccc2)nc1Br,CCCC[Li],Cc1sc(-c2ccccc2)nc1[Li],FC1=C(F)C(F)(F)C(F)(F)C1(F)F,Cc1sc(-c2ccccc2)nc1C1=C(c2c(C)sc(-c3ccccc3)c2C)C(F)(F)C(F)(F)C1(F)F,,0.316,,
Asai et al. 2012 - Practical synthesis of photochromic diarylethenes in integrated flow microreactor systems,67.0,halogen-metal exchange,tetrahydrofuran,flow microreactor,10.1002/cssc.201100376,2012.0,tR2,,0.63096,,-30.0,Cc1sc(-c2ccccc2)nc1Br,n-BuLi,heteroaryllithium,octafluorocyclopentene,synthetic,Cc1sc(-c2ccccc2)nc1C1=C(c2c(C)sc(-c3ccccc3)c2C)C(F)(F)C(F)(F)C1(F)F,0.1,0.42,1.05,0.15,Cc1sc(-c2ccccc2)nc1Br,CCCC[Li],Cc1sc(-c2ccccc2)nc1[Li],FC1=C(F)C(F)(F)C(F)(F)C1(F)F,Cc1sc(-c2ccccc2)nc1C1=C(c2c(C)sc(-c3ccccc3)c2C)C(F)(F)C(F)(F)C1(F)F,,1.0,,
Asai et al. 2012 - Practical synthesis of photochromic diarylethenes in integrated flow microreactor systems,83.0,halogen-metal exchange,tetrahydrofuran,flow microreactor,10.1002/cssc.201100376,2012.0,tR2,,2.5704,,-30.0,Cc1sc(-c2ccccc2)nc1Br,n-BuLi,heteroaryllithium,octafluorocyclopentene,synthetic,Cc1sc(-c2ccccc2)nc1C1=C(c2c(C)sc(-c3ccccc3)c2C)C(F)(F)C(F)(F)C1(F)F,0.1,0.42,1.05,0.15,Cc1sc(-c2ccccc2)nc1Br,CCCC[Li],Cc1sc(-c2ccccc2)nc1[Li],FC1=C(F)C(F)(F)C(F)(F)C1(F)F,Cc1sc(-c2ccccc2)nc1C1=C(c2c(C)sc(-c3ccccc3)c2C)C(F)(F)C(F)(F)C1(F)F,,3.16,,
Asai et al. 2012 - Practical synthesis of photochromic diarylethenes in integrated flow microreactor systems,96.0,halogen-metal exchange,tetrahydrofuran,flow microreactor,10.1002/cssc.201100376,2012.0,tR2,,10.0,,-30.0,Cc1sc(-c2ccccc2)nc1Br,n-BuLi,heteroaryllithium,octafluorocyclopentene,synthetic,Cc1sc(-c2ccccc2)nc1C1=C(c2c(C)sc(-c3ccccc3)c2C)C(F)(F)C(F)(F)C1(F)F,0.1,0.42,1.05,0.15,Cc1sc(-c2ccccc2)nc1Br,CCCC[Li],Cc1sc(-c2ccccc2)nc1[Li],FC1=C(F)C(F)(F)C(F)(F)C1(F)F,Cc1sc(-c2ccccc2)nc1C1=C(c2c(C)sc(-c3ccccc3)c2C)C(F)(F)C(F)(F)C1(F)F,,10.0,,
Asai et al. 2012 - Practical synthesis of photochromic diarylethenes in integrated flow microreactor systems,0.0,halogen-metal exchange,tetrahydrofuran,flow microreactor,10.1002/cssc.201100376,2012.0,tR2,,0.01122,,-40.0,Cc1sc(-c2ccccc2)nc1Br,n-BuLi,heteroaryllithium,octafluorocyclopentene,synthetic,Cc1sc(-c2ccccc2)nc1C1=C(c2c(C)sc(-c3ccccc3)c2C)C(F)(F)C(F)(F)C1(F)F,0.1,0.42,1.05,0.15,Cc1sc(-c2ccccc2)nc1Br,CCCC[Li],Cc1sc(-c2ccccc2)nc1[Li],FC1=C(F)C(F)(F)C(F)(F)C1(F)F,Cc1sc(-c2ccccc2)nc1C1=C(c2c(C)sc(-c3ccccc3)c2C)C(F)(F)C(F)(F)C1(F)F,,0.0316,0.0,
Asai et al. 2012 - Practical synthesis of photochromic diarylethenes in integrated flow microreactor systems,2.0,halogen-metal exchange,tetrahydrofuran,flow microreactor,10.1002/cssc.201100376,2012.0,tR2,,0.04217,,-40.0,Cc1sc(-c2ccccc2)nc1Br,n-BuLi,heteroaryllithium,octafluorocyclopentene,synthetic,Cc1sc(-c2ccccc2)nc1C1=C(c2c(C)sc(-c3ccccc3)c2C)C(F)(F)C(F)(F)C1(F)F,0.1,0.42,1.05,0.15,Cc1sc(-c2ccccc2)nc1Br,CCCC[Li],Cc1sc(-c2ccccc2)nc1[Li],FC1=C(F)C(F)(F)C(F)(F)C1(F)F,Cc1sc(-c2ccccc2)nc1C1=C(c2c(C)sc(-c3ccccc3)c2C)C(F)(F)C(F)(F)C1(F)F,,0.1,,
Asai et al. 2012 - Practical synthesis of photochromic diarylethenes in integrated flow microreactor systems,15.0,halogen-metal exchange,tetrahydrofuran,flow microreactor,10.1002/cssc.201100376,2012.0,tR2,,0.17783,,-40.0,Cc1sc(-c2ccccc2)nc1Br,n-BuLi,heteroaryllithium,octafluorocyclopentene,synthetic,Cc1sc(-c2ccccc2)nc1C1=C(c2c(C)sc(-c3ccccc3)c2C)C(F)(F)C(F)(F)C1(F)F,0.1,0.42,1.05,0.15,Cc1sc(-c2ccccc2)nc1Br,CCCC[Li],Cc1sc(-c2ccccc2)nc1[Li],FC1=C(F)C(F)(F)C(F)(F)C1(F)F,Cc1sc(-c2ccccc2)nc1C1=C(c2c(C)sc(-c3ccccc3)c2C)C(F)(F)C(F)(F)C1(F)F,,0.316,15.0,
Asai et al. 2012 - Practical synthesis of photochromic diarylethenes in integrated flow microreactor systems,38.0,halogen-metal exchange,tetrahydrofuran,flow microreactor,10.1002/cssc.201100376,2012.0,tR2,,0.63096,,-40.0,Cc1sc(-c2ccccc2)nc1Br,n-BuLi,heteroaryllithium,octafluorocyclopentene,synthetic,Cc1sc(-c2ccccc2)nc1C1=C(c2c(C)sc(-c3ccccc3)c2C)C(F)(F)C(F)(F)C1(F)F,0.1,0.42,1.05,0.15,Cc1sc(-c2ccccc2)nc1Br,CCCC[Li],Cc1sc(-c2ccccc2)nc1[Li],FC1=C(F)C(F)(F)C(F)(F)C1(F)F,Cc1sc(-c2ccccc2)nc1C1=C(c2c(C)sc(-c3ccccc3)c2C)C(F)(F)C(F)(F)C1(F)F,,1.0,38.0,
Asai et al. 2012 - Practical synthesis of photochromic diarylethenes in integrated flow microreactor systems,65.0,halogen-metal exchange,tetrahydrofuran,flow microreactor,10.1002/cssc.201100376,2012.0,tR2,,2.5704,,-40.0,Cc1sc(-c2ccccc2)nc1Br,n-BuLi,heteroaryllithium,octafluorocyclopentene,synthetic,Cc1sc(-c2ccccc2)nc1C1=C(c2c(C)sc(-c3ccccc3)c2C)C(F)(F)C(F)(F)C1(F)F,0.1,0.42,1.05,0.15,Cc1sc(-c2ccccc2)nc1Br,CCCC[Li],Cc1sc(-c2ccccc2)nc1[Li],FC1=C(F)C(F)(F)C(F)(F)C1(F)F,Cc1sc(-c2ccccc2)nc1C1=C(c2c(C)sc(-c3ccccc3)c2C)C(F)(F)C(F)(F)C1(F)F,,3.16,,
Asai et al. 2012 - Practical synthesis of photochromic diarylethenes in integrated flow microreactor systems,87.0,halogen-metal exchange,tetrahydrofuran,flow microreactor,10.1002/cssc.201100376,2012.0,tR2,,10.0,,-40.0,Cc1sc(-c2ccccc2)nc1Br,n-BuLi,heteroaryllithium,octafluorocyclopentene,synthetic,Cc1sc(-c2ccccc2)nc1C1=C(c2c(C)sc(-c3ccccc3)c2C)C(F)(F)C(F)(F)C1(F)F,0.1,0.42,1.05,0.15,Cc1sc(-c2ccccc2)nc1Br,CCCC[Li],Cc1sc(-c2ccccc2)nc1[Li],FC1=C(F)C(F)(F)C(F)(F)C1(F)F,Cc1sc(-c2ccccc2)nc1C1=C(c2c(C)sc(-c3ccccc3)c2C)C(F)(F)C(F)(F)C1(F)F,,10.0,,
Asai et al. 2012 - Practical synthesis of photochromic diarylethenes in integrated flow microreactor systems,2.0,halogen-metal exchange,tetrahydrofuran,flow microreactor,10.1002/cssc.201100376,2012.0,tR2,,0.01122,,20.0,Cc1sc(-c2ccccc2)nc1Br,n-BuLi,heteroaryllithium,octafluorocyclopentene,synthetic,Cc1sc(-c2ccccc2)nc1C1=C(c2c(C)sc(-c3ccccc3)c2C)C(F)(F)C(F)(F)C1(F)F,0.1,0.42,1.05,0.15,Cc1sc(-c2ccccc2)nc1Br,CCCC[Li],Cc1sc(-c2ccccc2)nc1[Li],FC1=C(F)C(F)(F)C(F)(F)C1(F)F,Cc1sc(-c2ccccc2)nc1C1=C(c2c(C)sc(-c3ccccc3)c2C)C(F)(F)C(F)(F)C1(F)F,,0.0316,2.0,
Asai et al. 2012 - Practical synthesis of photochromic diarylethenes in integrated flow microreactor systems,6.0,halogen-metal exchange,tetrahydrofuran,flow microreactor,10.1002/cssc.201100376,2012.0,tR2,,0.17783,,20.0,Cc1sc(-c2ccccc2)nc1Br,n-BuLi,heteroaryllithium,octafluorocyclopentene,synthetic,Cc1sc(-c2ccccc2)nc1C1=C(c2c(C)sc(-c3ccccc3)c2C)C(F)(F)C(F)(F)C1(F)F,0.1,0.42,1.05,0.15,Cc1sc(-c2ccccc2)nc1Br,CCCC[Li],Cc1sc(-c2ccccc2)nc1[Li],FC1=C(F)C(F)(F)C(F)(F)C1(F)F,Cc1sc(-c2ccccc2)nc1C1=C(c2c(C)sc(-c3ccccc3)c2C)C(F)(F)C(F)(F)C1(F)F,,0.316,6.0,
Asai et al. 2012 - Practical synthesis of photochromic diarylethenes in integrated flow microreactor systems,7.0,halogen-metal exchange,tetrahydrofuran,flow microreactor,10.1002/cssc.201100376,2012.0,tR2,,0.63096,,20.0,Cc1sc(-c2ccccc2)nc1Br,n-BuLi,heteroaryllithium,octafluorocyclopentene,synthetic,Cc1sc(-c2ccccc2)nc1C1=C(c2c(C)sc(-c3ccccc3)c2C)C(F)(F)C(F)(F)C1(F)F,0.1,0.42,1.05,0.15,Cc1sc(-c2ccccc2)nc1Br,CCCC[Li],Cc1sc(-c2ccccc2)nc1[Li],FC1=C(F)C(F)(F)C(F)(F)C1(F)F,Cc1sc(-c2ccccc2)nc1C1=C(c2c(C)sc(-c3ccccc3)c2C)C(F)(F)C(F)(F)C1(F)F,,1.0,7.0,
Asai et al. 2012 - Practical synthesis of photochromic diarylethenes in integrated flow microreactor systems,7.0,halogen-metal exchange,tetrahydrofuran,flow microreactor,10.1002/cssc.201100376,2012.0,tR2,,2.5704,,20.0,Cc1sc(-c2ccccc2)nc1Br,n-BuLi,heteroaryllithium,octafluorocyclopentene,synthetic,Cc1sc(-c2ccccc2)nc1C1=C(c2c(C)sc(-c3ccccc3)c2C)C(F)(F)C(F)(F)C1(F)F,0.1,0.42,1.05,0.15,Cc1sc(-c2ccccc2)nc1Br,CCCC[Li],Cc1sc(-c2ccccc2)nc1[Li],FC1=C(F)C(F)(F)C(F)(F)C1(F)F,Cc1sc(-c2ccccc2)nc1C1=C(c2c(C)sc(-c3ccccc3)c2C)C(F)(F)C(F)(F)C1(F)F,,3.16,7.0,
Asai et al. 2012 - Practical synthesis of photochromic diarylethenes in integrated flow microreactor systems,7.0,halogen-metal exchange,tetrahydrofuran,flow microreactor,10.1002/cssc.201100376,2012.0,tR2,,10.0,,20.0,Cc1sc(-c2ccccc2)nc1Br,n-BuLi,heteroaryllithium,octafluorocyclopentene,synthetic,Cc1sc(-c2ccccc2)nc1C1=C(c2c(C)sc(-c3ccccc3)c2C)C(F)(F)C(F)(F)C1(F)F,0.1,0.42,1.05,0.15,Cc1sc(-c2ccccc2)nc1Br,CCCC[Li],Cc1sc(-c2ccccc2)nc1[Li],FC1=C(F)C(F)(F)C(F)(F)C1(F)F,Cc1sc(-c2ccccc2)nc1C1=C(c2c(C)sc(-c3ccccc3)c2C)C(F)(F)C(F)(F)C1(F)F,,10.0,7.0,
Asai et al. 2012 - Practical synthesis of photochromic diarylethenes in integrated flow microreactor systems,0.0,halogen-metal exchange,tetrahydrofuran,flow microreactor,10.1002/cssc.201100376,2012.0,tR2,,0.01122,,0.0,Cc1sc(-c2ccccc2)nc1Br,n-BuLi,heteroaryllithium,octafluorocyclopentene,synthetic,Cc1sc(-c2ccccc2)nc1C1=C(c2c(C)sc(-c3ccccc3)c2C)C(F)(F)C(F)(F)C1(F)F,0.1,0.42,1.05,0.15,Cc1sc(-c2ccccc2)nc1Br,CCCC[Li],Cc1sc(-c2ccccc2)nc1[Li],FC1=C(F)C(F)(F)C(F)(F)C1(F)F,Cc1sc(-c2ccccc2)nc1C1=C(c2c(C)sc(-c3ccccc3)c2C)C(F)(F)C(F)(F)C1(F)F,,0.0316,0.0,
Asai et al. 2012 - Practical synthesis of photochromic diarylethenes in integrated flow microreactor systems,5.0,halogen-metal exchange,tetrahydrofuran,flow microreactor,10.1002/cssc.201100376,2012.0,tR2,,0.17783,,0.0,Cc1sc(-c2ccccc2)nc1Br,n-BuLi,heteroaryllithium,octafluorocyclopentene,synthetic,Cc1sc(-c2ccccc2)nc1C1=C(c2c(C)sc(-c3ccccc3)c2C)C(F)(F)C(F)(F)C1(F)F,0.1,0.42,1.05,0.15,Cc1sc(-c2ccccc2)nc1Br,CCCC[Li],Cc1sc(-c2ccccc2)nc1[Li],FC1=C(F)C(F)(F)C(F)(F)C1(F)F,Cc1sc(-c2ccccc2)nc1C1=C(c2c(C)sc(-c3ccccc3)c2C)C(F)(F)C(F)(F)C1(F)F,,0.316,5.0,
Asai et al. 2012 - Practical synthesis of photochromic diarylethenes in integrated flow microreactor systems,10.0,halogen-metal exchange,tetrahydrofuran,flow microreactor,10.1002/cssc.201100376,2012.0,tR2,,0.63096,,0.0,Cc1sc(-c2ccccc2)nc1Br,n-BuLi,heteroaryllithium,octafluorocyclopentene,synthetic,Cc1sc(-c2ccccc2)nc1C1=C(c2c(C)sc(-c3ccccc3)c2C)C(F)(F)C(F)(F)C1(F)F,0.1,0.42,1.05,0.15,Cc1sc(-c2ccccc2)nc1Br,CCCC[Li],Cc1sc(-c2ccccc2)nc1[Li],FC1=C(F)C(F)(F)C(F)(F)C1(F)F,Cc1sc(-c2ccccc2)nc1C1=C(c2c(C)sc(-c3ccccc3)c2C)C(F)(F)C(F)(F)C1(F)F,,1.0,10.0,
Asai et al. 2012 - Practical synthesis of photochromic diarylethenes in integrated flow microreactor systems,19.0,halogen-metal exchange,tetrahydrofuran,flow microreactor,10.1002/cssc.201100376,2012.0,tR2,,2.5704,,0.0,Cc1sc(-c2ccccc2)nc1Br,n-BuLi,heteroaryllithium,octafluorocyclopentene,synthetic,Cc1sc(-c2ccccc2)nc1C1=C(c2c(C)sc(-c3ccccc3)c2C)C(F)(F)C(F)(F)C1(F)F,0.1,0.42,1.05,0.15,Cc1sc(-c2ccccc2)nc1Br,CCCC[Li],Cc1sc(-c2ccccc2)nc1[Li],FC1=C(F)C(F)(F)C(F)(F)C1(F)F,Cc1sc(-c2ccccc2)nc1C1=C(c2c(C)sc(-c3ccccc3)c2C)C(F)(F)C(F)(F)C1(F)F,,3.16,19.0,
Asai et al. 2012 - Practical synthesis of photochromic diarylethenes in integrated flow microreactor systems,20.0,halogen-metal exchange,tetrahydrofuran,flow microreactor,10.1002/cssc.201100376,2012.0,tR2,,10.0,,0.0,Cc1sc(-c2ccccc2)nc1Br,n-BuLi,heteroaryllithium,octafluorocyclopentene,synthetic,Cc1sc(-c2ccccc2)nc1C1=C(c2c(C)sc(-c3ccccc3)c2C)C(F)(F)C(F)(F)C1(F)F,0.1,0.42,1.05,0.15,Cc1sc(-c2ccccc2)nc1Br,CCCC[Li],Cc1sc(-c2ccccc2)nc1[Li],FC1=C(F)C(F)(F)C(F)(F)C1(F)F,Cc1sc(-c2ccccc2)nc1C1=C(c2c(C)sc(-c3ccccc3)c2C)C(F)(F)C(F)(F)C1(F)F,,10.0,20.0,
Asai et al. 2012 - Practical synthesis of photochromic diarylethenes in integrated flow microreactor systems,0.0,halogen-metal exchange,tetrahydrofuran,flow microreactor,10.1002/cssc.201100376,2012.0,tR2,,0.01122,,-30.0,Cc1sc(-c2ccccc2)nc1Br,n-BuLi,heteroaryllithium,octafluorocyclopentene,synthetic,Cc1sc(-c2ccccc2)nc1C1=C(c2c(C)sc(-c3ccccc3)c2C)C(F)(F)C(F)(F)C1(F)F,0.1,0.42,1.05,0.15,Cc1sc(-c2ccccc2)nc1Br,CCCC[Li],Cc1sc(-c2ccccc2)nc1[Li],FC1=C(F)C(F)(F)C(F)(F)C1(F)F,Cc1sc(-c2ccccc2)nc1C1=C(c2c(C)sc(-c3ccccc3)c2C)C(F)(F)C(F)(F)C1(F)F,,0.0316,0.0,
Asai et al. 2012 - Practical synthesis of photochromic diarylethenes in integrated flow microreactor systems,0.0,halogen-metal exchange,tetrahydrofuran,flow microreactor,10.1002/cssc.201100376,2012.0,tR2,,0.17783,,-30.0,Cc1sc(-c2ccccc2)nc1Br,n-BuLi,heteroaryllithium,octafluorocyclopentene,synthetic,Cc1sc(-c2ccccc2)nc1C1=C(c2c(C)sc(-c3ccccc3)c2C)C(F)(F)C(F)(F)C1(F)F,0.1,0.42,1.05,0.15,Cc1sc(-c2ccccc2)nc1Br,CCCC[Li],Cc1sc(-c2ccccc2)nc1[Li],FC1=C(F)C(F)(F)C(F)(F)C1(F)F,Cc1sc(-c2ccccc2)nc1C1=C(c2c(C)sc(-c3ccccc3)c2C)C(F)(F)C(F)(F)C1(F)F,,0.316,0.0,
Asai et al. 2012 - Practical synthesis of photochromic diarylethenes in integrated flow microreactor systems,0.0,halogen-metal exchange,tetrahydrofuran,flow microreactor,10.1002/cssc.201100376,2012.0,tR2,,0.63096,,-30.0,Cc1sc(-c2ccccc2)nc1Br,n-BuLi,heteroaryllithium,octafluorocyclopentene,synthetic,Cc1sc(-c2ccccc2)nc1C1=C(c2c(C)sc(-c3ccccc3)c2C)C(F)(F)C(F)(F)C1(F)F,0.1,0.42,1.05,0.15,Cc1sc(-c2ccccc2)nc1Br,CCCC[Li],Cc1sc(-c2ccccc2)nc1[Li],FC1=C(F)C(F)(F)C(F)(F)C1(F)F,Cc1sc(-c2ccccc2)nc1C1=C(c2c(C)sc(-c3ccccc3)c2C)C(F)(F)C(F)(F)C1(F)F,,1.0,0.0,
Asai et al. 2012 - Practical synthesis of photochromic diarylethenes in integrated flow microreactor systems,22.0,halogen-metal exchange,tetrahydrofuran,flow microreactor,10.1002/cssc.201100376,2012.0,tR2,,2.5704,,-30.0,Cc1sc(-c2ccccc2)nc1Br,n-BuLi,heteroaryllithium,octafluorocyclopentene,synthetic,Cc1sc(-c2ccccc2)nc1C1=C(c2c(C)sc(-c3ccccc3)c2C)C(F)(F)C(F)(F)C1(F)F,0.1,0.42,1.05,0.15,Cc1sc(-c2ccccc2)nc1Br,CCCC[Li],Cc1sc(-c2ccccc2)nc1[Li],FC1=C(F)C(F)(F)C(F)(F)C1(F)F,Cc1sc(-c2ccccc2)nc1C1=C(c2c(C)sc(-c3ccccc3)c2C)C(F)(F)C(F)(F)C1(F)F,,3.16,22.0,
Asai et al. 2012 - Practical synthesis of photochromic diarylethenes in integrated flow microreactor systems,29.0,halogen-metal exchange,tetrahydrofuran,flow microreactor,10.1002/cssc.201100376,2012.0,tR2,,10.0,,-30.0,Cc1sc(-c2ccccc2)nc1Br,n-BuLi,heteroaryllithium,octafluorocyclopentene,synthetic,Cc1sc(-c2ccccc2)nc1C1=C(c2c(C)sc(-c3ccccc3)c2C)C(F)(F)C(F)(F)C1(F)F,0.1,0.42,1.05,0.15,Cc1sc(-c2ccccc2)nc1Br,CCCC[Li],Cc1sc(-c2ccccc2)nc1[Li],FC1=C(F)C(F)(F)C(F)(F)C1(F)F,Cc1sc(-c2ccccc2)nc1C1=C(c2c(C)sc(-c3ccccc3)c2C)C(F)(F)C(F)(F)C1(F)F,,10.0,29.0,
Asai et al. 2012 - Practical synthesis of photochromic diarylethenes in integrated flow microreactor systems,0.0,halogen-metal exchange,tetrahydrofuran,flow microreactor,10.1002/cssc.201100376,2012.0,tR2,,0.01122,,-40.0,Cc1sc(-c2ccccc2)nc1Br,n-BuLi,heteroaryllithium,octafluorocyclopentene,synthetic,Cc1sc(-c2ccccc2)nc1C1=C(c2c(C)sc(-c3ccccc3)c2C)C(F)(F)C(F)(F)C1(F)F,0.1,0.42,1.05,0.15,Cc1sc(-c2ccccc2)nc1Br,CCCC[Li],Cc1sc(-c2ccccc2)nc1[Li],FC1=C(F)C(F)(F)C(F)(F)C1(F)F,Cc1sc(-c2ccccc2)nc1C1=C(c2c(C)sc(-c3ccccc3)c2C)C(F)(F)C(F)(F)C1(F)F,,0.0316,0.0,
Asai et al. 2012 - Practical synthesis of photochromic diarylethenes in integrated flow microreactor systems,0.0,halogen-metal exchange,tetrahydrofuran,flow microreactor,10.1002/cssc.201100376,2012.0,tR2,,0.17783,,-40.0,Cc1sc(-c2ccccc2)nc1Br,n-BuLi,heteroaryllithium,octafluorocyclopentene,synthetic,Cc1sc(-c2ccccc2)nc1C1=C(c2c(C)sc(-c3ccccc3)c2C)C(F)(F)C(F)(F)C1(F)F,0.1,0.42,1.05,0.15,Cc1sc(-c2ccccc2)nc1Br,CCCC[Li],Cc1sc(-c2ccccc2)nc1[Li],FC1=C(F)C(F)(F)C(F)(F)C1(F)F,Cc1sc(-c2ccccc2)nc1C1=C(c2c(C)sc(-c3ccccc3)c2C)C(F)(F)C(F)(F)C1(F)F,,0.316,0.0,
Asai et al. 2012 - Practical synthesis of photochromic diarylethenes in integrated flow microreactor systems,1.0,halogen-metal exchange,tetrahydrofuran,flow microreactor,10.1002/cssc.201100376,2012.0,tR2,,0.63096,,-40.0,Cc1sc(-c2ccccc2)nc1Br,n-BuLi,heteroaryllithium,octafluorocyclopentene,synthetic,Cc1sc(-c2ccccc2)nc1C1=C(c2c(C)sc(-c3ccccc3)c2C)C(F)(F)C(F)(F)C1(F)F,0.1,0.42,1.05,0.15,Cc1sc(-c2ccccc2)nc1Br,CCCC[Li],Cc1sc(-c2ccccc2)nc1[Li],FC1=C(F)C(F)(F)C(F)(F)C1(F)F,Cc1sc(-c2ccccc2)nc1C1=C(c2c(C)sc(-c3ccccc3)c2C)C(F)(F)C(F)(F)C1(F)F,,1.0,,
Asai et al. 2012 - Practical synthesis of photochromic diarylethenes in integrated flow microreactor systems,10.0,halogen-metal exchange,tetrahydrofuran,flow microreactor,10.1002/cssc.201100376,2012.0,tR2,,2.5704,,-40.0,Cc1sc(-c2ccccc2)nc1Br,n-BuLi,heteroaryllithium,octafluorocyclopentene,synthetic,Cc1sc(-c2ccccc2)nc1C1=C(c2c(C)sc(-c3ccccc3)c2C)C(F)(F)C(F)(F)C1(F)F,0.1,0.42,1.05,0.15,Cc1sc(-c2ccccc2)nc1Br,CCCC[Li],Cc1sc(-c2ccccc2)nc1[Li],FC1=C(F)C(F)(F)C(F)(F)C1(F)F,Cc1sc(-c2ccccc2)nc1C1=C(c2c(C)sc(-c3ccccc3)c2C)C(F)(F)C(F)(F)C1(F)F,,3.16,,
Asai et al. 2012 - Practical synthesis of photochromic diarylethenes in integrated flow microreactor systems,26.0,halogen-metal exchange,tetrahydrofuran,flow microreactor,10.1002/cssc.201100376,2012.0,tR2,,10.0,,-40.0,Cc1sc(-c2ccccc2)nc1Br,n-BuLi,heteroaryllithium,octafluorocyclopentene,synthetic,Cc1sc(-c2ccccc2)nc1C1=C(c2c(C)sc(-c3ccccc3)c2C)C(F)(F)C(F)(F)C1(F)F,0.1,0.42,1.05,0.15,Cc1sc(-c2ccccc2)nc1Br,CCCC[Li],Cc1sc(-c2ccccc2)nc1[Li],FC1=C(F)C(F)(F)C(F)(F)C1(F)F,Cc1sc(-c2ccccc2)nc1C1=C(c2c(C)sc(-c3ccccc3)c2C)C(F)(F)C(F)(F)C1(F)F,,10.0,26.0,
80,92.0,C-C coupling,tetrahydrofuran,monolithic flow reactor,,2019.0,tR_generic,60.0,,120.0,,bromobenzene,n-BuLi,aryllithium (then borylated to arylboronate),p-iodobenzonitrile,synthetic,biphenyl-4-carbonitrile,,0.5,,,Brc1ccccc1,CCCC[Li],[Li]c1ccccc1,N#Cc1ccc(I)cc1,N#Cc1ccc(-c2ccccc2)cc1,60.0,,,
80,95.0,C-C coupling,tetrahydrofuran,monolithic flow reactor,,2019.0,tR_generic,95.0,,120.0,,bromobenzene,n-BuLi,aryllithium (then borylated to arylboronate),p-iodobenzonitrile,synthetic,biphenyl-4-carbonitrile,,0.5,,,Brc1ccccc1,CCCC[Li],[Li]c1ccccc1,N#Cc1ccc(I)cc1,N#Cc1ccc(-c2ccccc2)cc1,95.0,,,
80,93.0,C-C coupling,tetrahydrofuran,monolithic flow reactor,,2019.0,tR_generic,239.0,,120.0,,bromobenzene,n-BuLi,aryllithium (then borylated to arylboronate),p-iodobenzonitrile,synthetic,biphenyl-4-carbonitrile,,0.5,,,Brc1ccccc1,CCCC[Li],[Li]c1ccccc1,N#Cc1ccc(I)cc1,N#Cc1ccc(-c2ccccc2)cc1,239.0,,,
80,100.0,C-C coupling,tetrahydrofuran,monolithic flow reactor,,2019.0,tR_generic,600.0,,120.0,,bromobenzene,n-BuLi,aryllithium (then borylated to arylboronate),p-iodobenzonitrile,synthetic,biphenyl-4-carbonitrile,,0.5,,,Brc1ccccc1,CCCC[Li],[Li]c1ccccc1,N#Cc1ccc(I)cc1,N#Cc1ccc(-c2ccccc2)cc1,600.0,,,
80,66.0,C-C coupling,tetrahydrofuran,monolithic flow reactor,,2019.0,tR_generic,60.0,,100.0,,bromobenzene,n-BuLi,aryllithium (then borylated to arylboronate),p-iodobenzonitrile,synthetic,biphenyl-4-carbonitrile,,0.5,,,Brc1ccccc1,CCCC[Li],[Li]c1ccccc1,N#Cc1ccc(I)cc1,N#Cc1ccc(-c2ccccc2)cc1,60.0,,,
80,81.0,C-C coupling,tetrahydrofuran,monolithic flow reactor,,2019.0,tR_generic,95.0,,100.0,,bromobenzene,n-BuLi,aryllithium (then borylated to arylboronate),p-iodobenzonitrile,synthetic,biphenyl-4-carbonitrile,,0.5,,,Brc1ccccc1,CCCC[Li],[Li]c1ccccc1,N#Cc1ccc(I)cc1,N#Cc1ccc(-c2ccccc2)cc1,95.0,,,
80,96.0,C-C coupling,tetrahydrofuran,monolithic flow reactor,,2019.0,tR_generic,239.0,,100.0,,bromobenzene,n-BuLi,aryllithium (then borylated to arylboronate),p-iodobenzonitrile,synthetic,biphenyl-4-carbonitrile,,0.5,,,Brc1ccccc1,CCCC[Li],[Li]c1ccccc1,N#Cc1ccc(I)cc1,N#Cc1ccc(-c2ccccc2)cc1,239.0,,,
80,96.0,C-C coupling,tetrahydrofuran,monolithic flow reactor,,2019.0,tR_generic,600.0,,100.0,,bromobenzene,n-BuLi,aryllithium (then borylated to arylboronate),p-iodobenzonitrile,synthetic,biphenyl-4-carbonitrile,,0.5,,,Brc1ccccc1,CCCC[Li],[Li]c1ccccc1,N#Cc1ccc(I)cc1,N#Cc1ccc(-c2ccccc2)cc1,600.0,,,
80,30.0,C-C coupling,tetrahydrofuran,monolithic flow reactor,,2019.0,tR_generic,60.0,,80.0,,bromobenzene,n-BuLi,aryllithium (then borylated to arylboronate),p-iodobenzonitrile,synthetic,biphenyl-4-carbonitrile,,0.5,,,Brc1ccccc1,CCCC[Li],[Li]c1ccccc1,N#Cc1ccc(I)cc1,N#Cc1ccc(-c2ccccc2)cc1,60.0,,,
80,39.0,C-C coupling,tetrahydrofuran,monolithic flow reactor,,2019.0,tR_generic,95.0,,80.0,,bromobenzene,n-BuLi,aryllithium (then borylated to arylboronate),p-iodobenzonitrile,synthetic,biphenyl-4-carbonitrile,,0.5,,,Brc1ccccc1,CCCC[Li],[Li]c1ccccc1,N#Cc1ccc(I)cc1,N#Cc1ccc(-c2ccccc2)cc1,95.0,,,
80,81.0,C-C coupling,tetrahydrofuran,monolithic flow reactor,,2019.0,tR_generic,239.0,,80.0,,bromobenzene,n-BuLi,aryllithium (then borylated to arylboronate),p-iodobenzonitrile,synthetic,biphenyl-4-carbonitrile,,0.5,,,Brc1ccccc1,CCCC[Li],[Li]c1ccccc1,N#Cc1ccc(I)cc1,N#Cc1ccc(-c2ccccc2)cc1,239.0,,,
80,81.0,C-C coupling,tetrahydrofuran,monolithic flow reactor,,2019.0,tR_generic,600.0,,80.0,,bromobenzene,n-BuLi,aryllithium (then borylated to arylboronate),p-iodobenzonitrile,synthetic,biphenyl-4-carbonitrile,,0.5,,,Brc1ccccc1,CCCC[Li],[Li]c1ccccc1,N#Cc1ccc(I)cc1,N#Cc1ccc(-c2ccccc2)cc1,600.0,,,
80,0.0,C-C coupling,tetrahydrofuran,monolithic flow reactor,,2019.0,tR_generic,60.0,,60.0,,bromobenzene,n-BuLi,aryllithium (then borylated to arylboronate),p-iodobenzonitrile,synthetic,biphenyl-4-carbonitrile,,0.5,,,Brc1ccccc1,CCCC[Li],[Li]c1ccccc1,N#Cc1ccc(I)cc1,N#Cc1ccc(-c2ccccc2)cc1,60.0,,,
80,0.0,C-C coupling,tetrahydrofuran,monolithic flow reactor,,2019.0,tR_generic,95.0,,60.0,,bromobenzene,n-BuLi,aryllithium (then borylated to arylboronate),p-iodobenzonitrile,synthetic,biphenyl-4-carbonitrile,,0.5,,,Brc1ccccc1,CCCC[Li],[Li]c1ccccc1,N#Cc1ccc(I)cc1,N#Cc1ccc(-c2ccccc2)cc1,95.0,,,
80,14.0,C-C coupling,tetrahydrofuran,monolithic flow reactor,,2019.0,tR_generic,239.0,,60.0,,bromobenzene,n-BuLi,aryllithium (then borylated to arylboronate),p-iodobenzonitrile,synthetic,biphenyl-4-carbonitrile,,0.5,,,Brc1ccccc1,CCCC[Li],[Li]c1ccccc1,N#Cc1ccc(I)cc1,N#Cc1ccc(-c2ccccc2)cc1,239.0,,,
80,37.0,C-C coupling,tetrahydrofuran,monolithic flow reactor,,2019.0,tR_generic,600.0,,60.0,,bromobenzene,n-BuLi,aryllithium (then borylated to arylboronate),p-iodobenzonitrile,synthetic,biphenyl-4-carbonitrile,,0.5,,,Brc1ccccc1,CCCC[Li],[Li]c1ccccc1,N#Cc1ccc(I)cc1,N#Cc1ccc(-c2ccccc2)cc1,600.0,,,
80,89.0,C-C coupling,tetrahydrofuran,flow microreactor,,2019.0,tR_generic,60.0,,120.0,,bromobenzene,n-BuLi,aryllithium (then borylated to arylboronate),p-iodobenzonitrile,synthetic,biphenyl-4-carbonitrile,,0.5,,,Brc1ccccc1,CCCC[Li],[Li]c1ccccc1,N#Cc1ccc(I)cc1,N#Cc1ccc(-c2ccccc2)cc1,60.0,,,
80,92.0,C-C coupling,tetrahydrofuran,flow microreactor,,2019.0,tR_generic,95.0,,120.0,,bromobenzene,n-BuLi,aryllithium (then borylated to arylboronate),p-iodobenzonitrile,synthetic,biphenyl-4-carbonitrile,,0.5,,,Brc1ccccc1,CCCC[Li],[Li]c1ccccc1,N#Cc1ccc(I)cc1,N#Cc1ccc(-c2ccccc2)cc1,95.0,,,
80,99.0,C-C coupling,tetrahydrofuran,flow microreactor,,2019.0,tR_generic,239.0,,120.0,,bromobenzene,n-BuLi,aryllithium (then borylated to arylboronate),p-iodobenzonitrile,synthetic,biphenyl-4-carbonitrile,,0.5,,,Brc1ccccc1,CCCC[Li],[Li]c1ccccc1,N#Cc1ccc(I)cc1,N#Cc1ccc(-c2ccccc2)cc1,239.0,,,
80,99.0,C-C coupling,tetrahydrofuran,flow microreactor,,2019.0,tR_generic,600.0,,120.0,,bromobenzene,n-BuLi,aryllithium (then borylated to arylboronate),p-iodobenzonitrile,synthetic,biphenyl-4-carbonitrile,,0.5,,,Brc1ccccc1,CCCC[Li],[Li]c1ccccc1,N#Cc1ccc(I)cc1,N#Cc1ccc(-c2ccccc2)cc1,600.0,,,
80,67.0,C-C coupling,tetrahydrofuran,flow microreactor,,2019.0,tR_generic,60.0,,100.0,,bromobenzene,n-BuLi,aryllithium (then borylated to arylboronate),p-iodobenzonitrile,synthetic,biphenyl-4-carbonitrile,,0.5,,,Brc1ccccc1,CCCC[Li],[Li]c1ccccc1,N#Cc1ccc(I)cc1,N#Cc1ccc(-c2ccccc2)cc1,60.0,,,
80,87.0,C-C coupling,tetrahydrofuran,flow microreactor,,2019.0,tR_generic,95.0,,100.0,,bromobenzene,n-BuLi,aryllithium (then borylated to arylboronate),p-iodobenzonitrile,synthetic,biphenyl-4-carbonitrile,,0.5,,,Brc1ccccc1,CCCC[Li],[Li]c1ccccc1,N#Cc1ccc(I)cc1,N#Cc1ccc(-c2ccccc2)cc1,95.0,,,
80,100.0,C-C coupling,tetrahydrofuran,flow microreactor,,2019.0,tR_generic,239.0,,100.0,,bromobenzene,n-BuLi,aryllithium (then borylated to arylboronate),p-iodobenzonitrile,synthetic,biphenyl-4-carbonitrile,,0.5,,,Brc1ccccc1,CCCC[Li],[Li]c1ccccc1,N#Cc1ccc(I)cc1,N#Cc1ccc(-c2ccccc2)cc1,239.0,,,
80,98.0,C-C coupling,tetrahydrofuran,flow microreactor,,2019.0,tR_generic,600.0,,100.0,,bromobenzene,n-BuLi,aryllithium (then borylated to arylboronate),p-iodobenzonitrile,synthetic,biphenyl-4-carbonitrile,,0.5,,,Brc1ccccc1,CCCC[Li],[Li]c1ccccc1,N#Cc1ccc(I)cc1,N#Cc1ccc(-c2ccccc2)cc1,600.0,,,
80,61.0,C-C coupling,tetrahydrofuran,flow microreactor,,2019.0,tR_generic,60.0,,80.0,,bromobenzene,n-BuLi,aryllithium (then borylated to arylboronate),p-iodobenzonitrile,synthetic,biphenyl-4-carbonitrile,,0.5,,,Brc1ccccc1,CCCC[Li],[Li]c1ccccc1,N#Cc1ccc(I)cc1,N#Cc1ccc(-c2ccccc2)cc1,60.0,,,
80,74.0,C-C coupling,tetrahydrofuran,flow microreactor,,2019.0,tR_generic,95.0,,80.0,,bromobenzene,n-BuLi,aryllithium (then borylated to arylboronate),p-iodobenzonitrile,synthetic,biphenyl-4-carbonitrile,,0.5,,,Brc1ccccc1,CCCC[Li],[Li]c1ccccc1,N#Cc1ccc(I)cc1,N#Cc1ccc(-c2ccccc2)cc1,95.0,,,
80,92.0,C-C coupling,tetrahydrofuran,flow microreactor,,2019.0,tR_generic,239.0,,80.0,,bromobenzene,n-BuLi,aryllithium (then borylated to arylboronate),p-iodobenzonitrile,synthetic,biphenyl-4-carbonitrile,,0.5,,,Brc1ccccc1,CCCC[Li],[Li]c1ccccc1,N#Cc1ccc(I)cc1,N#Cc1ccc(-c2ccccc2)cc1,239.0,,,
80,100.0,C-C coupling,tetrahydrofuran,flow microreactor,,2019.0,tR_generic,600.0,,80.0,,bromobenzene,n-BuLi,aryllithium (then borylated to arylboronate),p-iodobenzonitrile,synthetic,biphenyl-4-carbonitrile,,0.5,,,Brc1ccccc1,CCCC[Li],[Li]c1ccccc1,N#Cc1ccc(I)cc1,N#Cc1ccc(-c2ccccc2)cc1,600.0,,,
80,50.0,C-C coupling,tetrahydrofuran,flow microreactor,,2019.0,tR_generic,60.0,,60.0,,bromobenzene,n-BuLi,aryllithium (then borylated to arylboronate),p-iodobenzonitrile,synthetic,biphenyl-4-carbonitrile,,0.5,,,Brc1ccccc1,CCCC[Li],[Li]c1ccccc1,N#Cc1ccc(I)cc1,N#Cc1ccc(-c2ccccc2)cc1,60.0,,,
80,60.0,C-C coupling,tetrahydrofuran,flow microreactor,,2019.0,tR_generic,95.0,,60.0,,bromobenzene,n-BuLi,aryllithium (then borylated to arylboronate),p-iodobenzonitrile,synthetic,biphenyl-4-carbonitrile,,0.5,,,Brc1ccccc1,CCCC[Li],[Li]c1ccccc1,N#Cc1ccc(I)cc1,N#Cc1ccc(-c2ccccc2)cc1,95.0,,,
80,76.0,C-C coupling,tetrahydrofuran,flow microreactor,,2019.0,tR_generic,239.0,,60.0,,bromobenzene,n-BuLi,aryllithium (then borylated to arylboronate),p-iodobenzonitrile,synthetic,biphenyl-4-carbonitrile,,0.5,,,Brc1ccccc1,CCCC[Li],[Li]c1ccccc1,N#Cc1ccc(I)cc1,N#Cc1ccc(-c2ccccc2)cc1,239.0,,,
80,82.0,C-C coupling,tetrahydrofuran,flow microreactor,,2019.0,tR_generic,600.0,,60.0,,bromobenzene,n-BuLi,aryllithium (then borylated to arylboronate),p-iodobenzonitrile,synthetic,biphenyl-4-carbonitrile,,0.5,,,Brc1ccccc1,CCCC[Li],[Li]c1ccccc1,N#Cc1ccc(I)cc1,N#Cc1ccc(-c2ccccc2)cc1,600.0,,,
Asai et al. 2012 - Practical synthesis of photochromic diarylethenes in integrated flow microreactor systems,0.0,halogen-metal exchange,tetrahydrofuran,flow microreactor,10.1002/cssc.201100376,2012.0,tR2,,0.01122,,20.0,Cc1sc(-c2ccccc2)nc1Br,n-BuLi,heteroaryllithium,octafluorocyclopentene,synthetic,Cc1sc(-c2ccccc2)nc1C1=C(c2c(C)sc(-c3ccccc3)c2C)C(F)(F)C(F)(F)C1(F)F,0.1,0.42,1.05,0.15,Cc1sc(-c2ccccc2)nc1Br,CCCC[Li],Cc1sc(-c2ccccc2)nc1[Li],FC1=C(F)C(F)(F)C(F)(F)C1(F)F,Cc1sc(-c2ccccc2)nc1C1=C(c2c(C)sc(-c3ccccc3)c2C)C(F)(F)C(F)(F)C1(F)F,,0.0316,0.0,
Asai et al. 2012 - Practical synthesis of photochromic diarylethenes in integrated flow microreactor systems,10.0,halogen-metal exchange,tetrahydrofuran,flow microreactor,10.1002/cssc.201100376,2012.0,tR2,,0.63096,,20.0,Cc1sc(-c2ccccc2)nc1Br,n-BuLi,heteroaryllithium,octafluorocyclopentene,synthetic,Cc1sc(-c2ccccc2)nc1C1=C(c2c(C)sc(-c3ccccc3)c2C)C(F)(F)C(F)(F)C1(F)F,0.1,0.42,1.05,0.15,Cc1sc(-c2ccccc2)nc1Br,CCCC[Li],Cc1sc(-c2ccccc2)nc1[Li],FC1=C(F)C(F)(F)C(F)(F)C1(F)F,Cc1sc(-c2ccccc2)nc1C1=C(c2c(C)sc(-c3ccccc3)c2C)C(F)(F)C(F)(F)C1(F)F,,1.0,,
Asai et al. 2012 - Practical synthesis of photochromic diarylethenes in integrated flow microreactor systems,13.0,halogen-metal exchange,tetrahydrofuran,flow microreactor,10.1002/cssc.201100376,2012.0,tR2,,10.0,,20.0,Cc1sc(-c2ccccc2)nc1Br,n-BuLi,heteroaryllithium,octafluorocyclopentene,synthetic,Cc1sc(-c2ccccc2)nc1C1=C(c2c(C)sc(-c3ccccc3)c2C)C(F)(F)C(F)(F)C1(F)F,0.1,0.42,1.05,0.15,Cc1sc(-c2ccccc2)nc1Br,CCCC[Li],Cc1sc(-c2ccccc2)nc1[Li],FC1=C(F)C(F)(F)C(F)(F)C1(F)F,Cc1sc(-c2ccccc2)nc1C1=C(c2c(C)sc(-c3ccccc3)c2C)C(F)(F)C(F)(F)C1(F)F,,10.0,,
Asai et al. 2012 - Practical synthesis of photochromic diarylethenes in integrated flow microreactor systems,0.0,halogen-metal exchange,tetrahydrofuran,flow microreactor,10.1002/cssc.201100376,2012.0,tR2,,0.01122,,0.0,Cc1sc(-c2ccccc2)nc1Br,n-BuLi,heteroaryllithium,octafluorocyclopentene,synthetic,Cc1sc(-c2ccccc2)nc1C1=C(c2c(C)sc(-c3ccccc3)c2C)C(F)(F)C(F)(F)C1(F)F,0.1,0.42,1.05,0.15,Cc1sc(-c2ccccc2)nc1Br,CCCC[Li],Cc1sc(-c2ccccc2)nc1[Li],FC1=C(F)C(F)(F)C(F)(F)C1(F)F,Cc1sc(-c2ccccc2)nc1C1=C(c2c(C)sc(-c3ccccc3)c2C)C(F)(F)C(F)(F)C1(F)F,,0.0316,0.0,
Asai et al. 2012 - Practical synthesis of photochromic diarylethenes in integrated flow microreactor systems,15.0,halogen-metal exchange,tetrahydrofuran,flow microreactor,10.1002/cssc.201100376,2012.0,tR2,,0.63096,,0.0,Cc1sc(-c2ccccc2)nc1Br,n-BuLi,heteroaryllithium,octafluorocyclopentene,synthetic,Cc1sc(-c2ccccc2)nc1C1=C(c2c(C)sc(-c3ccccc3)c2C)C(F)(F)C(F)(F)C1(F)F,0.1,0.42,1.05,0.15,Cc1sc(-c2ccccc2)nc1Br,CCCC[Li],Cc1sc(-c2ccccc2)nc1[Li],FC1=C(F)C(F)(F)C(F)(F)C1(F)F,Cc1sc(-c2ccccc2)nc1C1=C(c2c(C)sc(-c3ccccc3)c2C)C(F)(F)C(F)(F)C1(F)F,,1.0,,
Asai et al. 2012 - Practical synthesis of photochromic diarylethenes in integrated flow microreactor systems,26.0,halogen-metal exchange,tetrahydrofuran,flow microreactor,10.1002/cssc.201100376,2012.0,tR2,,10.0,,0.0,Cc1sc(-c2ccccc2)nc1Br,n-BuLi,heteroaryllithium,octafluorocyclopentene,synthetic,Cc1sc(-c2ccccc2)nc1C1=C(c2c(C)sc(-c3ccccc3)c2C)C(F)(F)C(F)(F)C1(F)F,0.1,0.42,1.05,0.15,Cc1sc(-c2ccccc2)nc1Br,CCCC[Li],Cc1sc(-c2ccccc2)nc1[Li],FC1=C(F)C(F)(F)C(F)(F)C1(F)F,Cc1sc(-c2ccccc2)nc1C1=C(c2c(C)sc(-c3ccccc3)c2C)C(F)(F)C(F)(F)C1(F)F,,10.0,,
Asai et al. 2012 - Practical synthesis of photochromic diarylethenes in integrated flow microreactor systems,0.0,halogen-metal exchange,tetrahydrofuran,flow microreactor,10.1002/cssc.201100376,2012.0,tR2,,0.01122,,-30.0,Cc1sc(-c2ccccc2)nc1Br,n-BuLi,heteroaryllithium,octafluorocyclopentene,synthetic,Cc1sc(-c2ccccc2)nc1C1=C(c2c(C)sc(-c3ccccc3)c2C)C(F)(F)C(F)(F)C1(F)F,0.1,0.42,1.05,0.15,Cc1sc(-c2ccccc2)nc1Br,CCCC[Li],Cc1sc(-c2ccccc2)nc1[Li],FC1=C(F)C(F)(F)C(F)(F)C1(F)F,Cc1sc(-c2ccccc2)nc1C1=C(c2c(C)sc(-c3ccccc3)c2C)C(F)(F)C(F)(F)C1(F)F,,0.0316,0.0,
Asai et al. 2012 - Practical synthesis of photochromic diarylethenes in integrated flow microreactor systems,0.0,halogen-metal exchange,tetrahydrofuran,flow microreactor,10.1002/cssc.201100376,2012.0,tR2,,0.63096,,-30.0,Cc1sc(-c2ccccc2)nc1Br,n-BuLi,heteroaryllithium,octafluorocyclopentene,synthetic,Cc1sc(-c2ccccc2)nc1C1=C(c2c(C)sc(-c3ccccc3)c2C)C(F)(F)C(F)(F)C1(F)F,0.1,0.42,1.05,0.15,Cc1sc(-c2ccccc2)nc1Br,CCCC[Li],Cc1sc(-c2ccccc2)nc1[Li],FC1=C(F)C(F)(F)C(F)(F)C1(F)F,Cc1sc(-c2ccccc2)nc1C1=C(c2c(C)sc(-c3ccccc3)c2C)C(F)(F)C(F)(F)C1(F)F,,1.0,0.0,
Asai et al. 2012 - Practical synthesis of photochromic diarylethenes in integrated flow microreactor systems,15.0,halogen-metal exchange,tetrahydrofuran,flow microreactor,10.1002/cssc.201100376,2012.0,tR2,,10.0,,-30.0,Cc1sc(-c2ccccc2)nc1Br,n-BuLi,heteroaryllithium,octafluorocyclopentene,synthetic,Cc1sc(-c2ccccc2)nc1C1=C(c2c(C)sc(-c3ccccc3)c2C)C(F)(F)C(F)(F)C1(F)F,0.1,0.42,1.05,0.15,Cc1sc(-c2ccccc2)nc1Br,CCCC[Li],Cc1sc(-c2ccccc2)nc1[Li],FC1=C(F)C(F)(F)C(F)(F)C1(F)F,Cc1sc(-c2ccccc2)nc1C1=C(c2c(C)sc(-c3ccccc3)c2C)C(F)(F)C(F)(F)C1(F)F,,10.0,,
Asai et al. 2012 - Practical synthesis of photochromic diarylethenes in integrated flow microreactor systems,0.0,halogen-metal exchange,tetrahydrofuran,flow microreactor,10.1002/cssc.201100376,2012.0,tR2,,0.01122,,-40.0,Cc1sc(-c2ccccc2)nc1Br,n-BuLi,heteroaryllithium,octafluorocyclopentene,synthetic,Cc1sc(-c2ccccc2)nc1C1=C(c2c(C)sc(-c3ccccc3)c2C)C(F)(F)C(F)(F)C1(F)F,0.1,0.42,1.05,0.15,Cc1sc(-c2ccccc2)nc1Br,CCCC[Li],Cc1sc(-c2ccccc2)nc1[Li],FC1=C(F)C(F)(F)C(F)(F)C1(F)F,Cc1sc(-c2ccccc2)nc1C1=C(c2c(C)sc(-c3ccccc3)c2C)C(F)(F)C(F)(F)C1(F)F,,0.0316,0.0,
Asai et al. 2012 - Practical synthesis of photochromic diarylethenes in integrated flow microreactor systems,0.0,halogen-metal exchange,tetrahydrofuran,flow microreactor,10.1002/cssc.201100376,2012.0,tR2,,0.63096,,-40.0,Cc1sc(-c2ccccc2)nc1Br,n-BuLi,heteroaryllithium,octafluorocyclopentene,synthetic,Cc1sc(-c2ccccc2)nc1C1=C(c2c(C)sc(-c3ccccc3)c2C)C(F)(F)C(F)(F)C1(F)F,0.1,0.42,1.05,0.15,Cc1sc(-c2ccccc2)nc1Br,CCCC[Li],Cc1sc(-c2ccccc2)nc1[Li],FC1=C(F)C(F)(F)C(F)(F)C1(F)F,Cc1sc(-c2ccccc2)nc1C1=C(c2c(C)sc(-c3ccccc3)c2C)C(F)(F)C(F)(F)C1(F)F,,1.0,0.0,
Asai et al. 2012 - Practical synthesis of photochromic diarylethenes in integrated flow microreactor systems,0.0,halogen-metal exchange,tetrahydrofuran,flow microreactor,10.1002/cssc.201100376,2012.0,tR2,,10.0,,-40.0,Cc1sc(-c2ccccc2)nc1Br,n-BuLi,heteroaryllithium,octafluorocyclopentene,synthetic,Cc1sc(-c2ccccc2)nc1C1=C(c2c(C)sc(-c3ccccc3)c2C)C(F)(F)C(F)(F)C1(F)F,0.1,0.42,1.05,0.15,Cc1sc(-c2ccccc2)nc1Br,CCCC[Li],Cc1sc(-c2ccccc2)nc1[Li],FC1=C(F)C(F)(F)C(F)(F)C1(F)F,Cc1sc(-c2ccccc2)nc1C1=C(c2c(C)sc(-c3ccccc3)c2C)C(F)(F)C(F)(F)C1(F)F,,10.0,0.0,
Nagaki et al. 2019 - Alkyllithium compounds bearing electrophilic functional groups - A flash chemistry approach (Angew Chem),58.0,halogen-metal exchange,THF,flow microreactor,,2019.0,tR1,0.0051,,0.0,,,s-BuLi,alkyllithium bearing EWG,tributylstannyl chloride,synthetic,,,,,,,CCC([Li])C,,,,0.003,,58.0,存疑:热图+表格混合来源
Nagaki et al. 2019 - Alkyllithium compounds bearing electrophilic functional groups - A flash chemistry approach (Angew Chem),53.0,halogen-metal exchange,THF,flow microreactor,,2019.0,tR1,0.0072,,0.0,,,s-BuLi,alkyllithium bearing EWG,tributylstannyl chloride,synthetic,,,,,,,CCC([Li])C,,,,0.01,,53.0,存疑:热图+表格混合来源
Nagaki et al. 2019 - Alkyllithium compounds bearing electrophilic functional groups - A flash chemistry approach (Angew Chem),39.0,halogen-metal exchange,THF,flow microreactor,,2019.0,tR1,0.0312,,0.0,,,s-BuLi,alkyllithium bearing EWG,tributylstannyl chloride,synthetic,,,,,,,CCC([Li])C,,,,0.032,,39.0,存疑:热图+表格混合来源
Nagaki et al. 2019 - Alkyllithium compounds bearing electrophilic functional groups - A flash chemistry approach (Angew Chem),47.0,halogen-metal exchange,THF,flow microreactor,,2019.0,tR1,0.3747,,0.0,,,s-BuLi,alkyllithium bearing EWG,tributylstannyl chloride,synthetic,,,,,,,CCC([Li])C,,,,0.1,,47.0,存疑:热图+表格混合来源
Nagaki et al. 2019 - Alkyllithium compounds bearing electrophilic functional groups - A flash chemistry approach (Angew Chem),7.0,halogen-metal exchange,THF,flow microreactor,,2019.0,tR1,3.0467,,0.0,,,s-BuLi,alkyllithium bearing EWG,tributylstannyl chloride,synthetic,,,,,,,CCC([Li])C,,,,1.0,,7.0,存疑:热图+表格混合来源
Nagaki et al. 2019 - Alkyllithium compounds bearing electrophilic functional groups - A flash chemistry approach (Angew Chem),1.0,halogen-metal exchange,THF,flow microreactor,,2019.0,tR1,15.5366,,0.0,,,s-BuLi,alkyllithium bearing EWG,tributylstannyl chloride,synthetic,,,,,,,CCC([Li])C,,,,10.0,,,存疑:热图+表格混合来源
Nagaki et al. 2019 - Alkyllithium compounds bearing electrophilic functional groups - A flash chemistry approach (Angew Chem),56.0,halogen-metal exchange,THF,flow microreactor,,2019.0,tR1,0.0051,,-20.0,,,s-BuLi,alkyllithium bearing EWG,tributylstannyl chloride,synthetic,,,,,,,CCC([Li])C,,,,0.003,,56.0,存疑:热图+表格混合来源
Nagaki et al. 2019 - Alkyllithium compounds bearing electrophilic functional groups - A flash chemistry approach (Angew Chem),62.0,halogen-metal exchange,THF,flow microreactor,,2019.0,tR1,0.0072,,-20.0,,,s-BuLi,alkyllithium bearing EWG,tributylstannyl chloride,synthetic,,,,,,,CCC([Li])C,,,,0.01,,62.0,存疑:热图+表格混合来源
Nagaki et al. 2019 - Alkyllithium compounds bearing electrophilic functional groups - A flash chemistry approach (Angew Chem),57.0,halogen-metal exchange,THF,flow microreactor,,2019.0,tR1,0.0312,,-20.0,,,s-BuLi,alkyllithium bearing EWG,tributylstannyl chloride,synthetic,,,,,,,CCC([Li])C,,,,0.032,,57.0,存疑:热图+表格混合来源
Nagaki et al. 2019 - Alkyllithium compounds bearing electrophilic functional groups - A flash chemistry approach (Angew Chem),52.0,halogen-metal exchange,THF,flow microreactor,,2019.0,tR1,0.3747,,-20.0,,,s-BuLi,alkyllithium bearing EWG,tributylstannyl chloride,synthetic,,,,,,,CCC([Li])C,,,,0.1,,52.0,存疑:热图+表格混合来源
Nagaki et al. 2019 - Alkyllithium compounds bearing electrophilic functional groups - A flash chemistry approach (Angew Chem),25.0,halogen-metal exchange,THF,flow microreactor,,2019.0,tR1,3.0467,,-20.0,,,s-BuLi,alkyllithium bearing EWG,tributylstannyl chloride,synthetic,,,,,,,CCC([Li])C,,,,1.0,,25.0,存疑:热图+表格混合来源
Nagaki et al. 2019 - Alkyllithium compounds bearing electrophilic functional groups - A flash chemistry approach (Angew Chem),15.0,halogen-metal exchange,THF,flow microreactor,,2019.0,tR1,15.5366,,-20.0,,,s-BuLi,alkyllithium bearing EWG,tributylstannyl chloride,synthetic,,,,,,,CCC([Li])C,,,,10.0,,15.0,存疑:热图+表格混合来源
Nagaki et al. 2019 - Alkyllithium compounds bearing electrophilic functional groups - A flash chemistry approach (Angew Chem),66.0,halogen-metal exchange,THF,flow microreactor,,2019.0,tR1,0.0051,,-40.0,,,s-BuLi,alkyllithium bearing EWG,tributylstannyl chloride,synthetic,,,,,,,CCC([Li])C,,,,0.003,,66.0,存疑:热图+表格混合来源
Nagaki et al. 2019 - Alkyllithium compounds bearing electrophilic functional groups - A flash chemistry approach (Angew Chem),69.0,halogen-metal exchange,THF,flow microreactor,,2019.0,tR1,0.0072,,-40.0,,,s-BuLi,alkyllithium bearing EWG,tributylstannyl chloride,synthetic,,,,,,,CCC([Li])C,,,,0.01,,69.0,存疑:热图+表格混合来源
Nagaki et al. 2019 - Alkyllithium compounds bearing electrophilic functional groups - A flash chemistry approach (Angew Chem),66.0,halogen-metal exchange,THF,flow microreactor,,2019.0,tR1,0.0312,,-40.0,,,s-BuLi,alkyllithium bearing EWG,tributylstannyl chloride,synthetic,,,,,,,CCC([Li])C,,,,0.032,,66.0,存疑:热图+表格混合来源
Nagaki et al. 2019 - Alkyllithium compounds bearing electrophilic functional groups - A flash chemistry approach (Angew Chem),53.0,halogen-metal exchange,THF,flow microreactor,,2019.0,tR1,0.3747,,-40.0,,,s-BuLi,alkyllithium bearing EWG,tributylstannyl chloride,synthetic,,,,,,,CCC([Li])C,,,,0.1,,53.0,存疑:热图+表格混合来源
Nagaki et al. 2019 - Alkyllithium compounds bearing electrophilic functional groups - A flash chemistry approach (Angew Chem),50.0,halogen-metal exchange,THF,flow microreactor,,2019.0,tR1,3.0467,,-40.0,,,s-BuLi,alkyllithium bearing EWG,tributylstannyl chloride,synthetic,,,,,,,CCC([Li])C,,,,1.0,,50.0,存疑:热图+表格混合来源
Nagaki et al. 2019 - Alkyllithium compounds bearing electrophilic functional groups - A flash chemistry approach (Angew Chem),24.0,halogen-metal exchange,THF,flow microreactor,,2019.0,tR1,15.5366,,-40.0,,,s-BuLi,alkyllithium bearing EWG,tributylstannyl chloride,synthetic,,,,,,,CCC([Li])C,,,,10.0,,24.0,存疑:热图+表格混合来源
Nagaki et al. 2019 - Alkyllithium compounds bearing electrophilic functional groups - A flash chemistry approach (Angew Chem),50.0,halogen-metal exchange,THF,flow microreactor,,2019.0,tR1,0.0051,,-60.0,,,s-BuLi,alkyllithium bearing EWG,tributylstannyl chloride,synthetic,,,,,,,CCC([Li])C,,,,0.003,,50.0,存疑:热图+表格混合来源
Nagaki et al. 2019 - Alkyllithium compounds bearing electrophilic functional groups - A flash chemistry approach (Angew Chem),79.0,halogen-metal exchange,THF,flow microreactor,,2019.0,tR1,0.0072,,-60.0,,,s-BuLi,alkyllithium bearing EWG,tributylstannyl chloride,synthetic,,,,,,,CCC([Li])C,,,,0.01,,79.0,存疑:热图+表格混合来源
Nagaki et al. 2019 - Alkyllithium compounds bearing electrophilic functional groups - A flash chemistry approach (Angew Chem),69.0,halogen-metal exchange,THF,flow microreactor,,2019.0,tR1,0.0312,,-60.0,,,s-BuLi,alkyllithium bearing EWG,tributylstannyl chloride,synthetic,,,,,,,CCC([Li])C,,,,0.032,,69.0,存疑:热图+表格混合来源
Nagaki et al. 2019 - Alkyllithium compounds bearing electrophilic functional groups - A flash chemistry approach (Angew Chem),64.0,halogen-metal exchange,THF,flow microreactor,,2019.0,tR1,0.3747,,-60.0,,,s-BuLi,alkyllithium bearing EWG,tributylstannyl chloride,synthetic,,,,,,,CCC([Li])C,,,,0.1,,64.0,存疑:热图+表格混合来源
Nagaki et al. 2019 - Alkyllithium compounds bearing electrophilic functional groups - A flash chemistry approach (Angew Chem),56.0,halogen-metal exchange,THF,flow microreactor,,2019.0,tR1,3.0467,,-60.0,,,s-BuLi,alkyllithium bearing EWG,tributylstannyl chloride,synthetic,,,,,,,CCC([Li])C,,,,1.0,,56.0,存疑:热图+表格混合来源
Nagaki et al. 2019 - Alkyllithium compounds bearing electrophilic functional groups - A flash chemistry approach (Angew Chem),40.0,halogen-metal exchange,THF,flow microreactor,,2019.0,tR1,15.5366,,-60.0,,,s-BuLi,alkyllithium bearing EWG,tributylstannyl chloride,synthetic,,,,,,,CCC([Li])C,,,,10.0,,40.0,存疑:热图+表格混合来源
Nagaki et al. 2019 - Alkyllithium compounds bearing electrophilic functional groups - A flash chemistry approach (Angew Chem),25.0,halogen-metal exchange,THF,flow microreactor,,2019.0,tR1,0.0051,,-78.0,,,s-BuLi,alkyllithium bearing EWG,tributylstannyl chloride,synthetic,,,,,,,CCC([Li])C,,,,0.003,,25.0,存疑:热图+表格混合来源
Nagaki et al. 2019 - Alkyllithium compounds bearing electrophilic functional groups - A flash chemistry approach (Angew Chem),56.0,halogen-metal exchange,THF,flow microreactor,,2019.0,tR1,0.0072,,-78.0,,,s-BuLi,alkyllithium bearing EWG,tributylstannyl chloride,synthetic,,,,,,,CCC([Li])C,,,,0.01,,56.0,存疑:热图+表格混合来源
Nagaki et al. 2019 - Alkyllithium compounds bearing electrophilic functional groups - A flash chemistry approach (Angew Chem),69.0,halogen-metal exchange,THF,flow microreactor,,2019.0,tR1,0.0312,,-78.0,,,s-BuLi,alkyllithium bearing EWG,tributylstannyl chloride,synthetic,,,,,,,CCC([Li])C,,,,0.032,,69.0,存疑:热图+表格混合来源
Nagaki et al. 2019 - Alkyllithium compounds bearing electrophilic functional groups - A flash chemistry approach (Angew Chem),65.0,halogen-metal exchange,THF,flow microreactor,,2019.0,tR1,0.3747,,-78.0,,,s-BuLi,alkyllithium bearing EWG,tributylstannyl chloride,synthetic,,,,,,,CCC([Li])C,,,,0.1,,65.0,存疑:热图+表格混合来源
Nagaki et al. 2019 - Alkyllithium compounds bearing electrophilic functional groups - A flash chemistry approach (Angew Chem),57.0,halogen-metal exchange,THF,flow microreactor,,2019.0,tR1,3.0467,,-78.0,,,s-BuLi,alkyllithium bearing EWG,tributylstannyl chloride,synthetic,,,,,,,CCC([Li])C,,,,1.0,,57.0,存疑:热图+表格混合来源
Nagaki et al. 2019 - Alkyllithium compounds bearing electrophilic functional groups - A flash chemistry approach (Angew Chem),54.0,halogen-metal exchange,THF,flow microreactor,,2019.0,tR1,15.5366,,-78.0,,,s-BuLi,alkyllithium bearing EWG,tributylstannyl chloride,synthetic,,,,,,,CCC([Li])C,,,,10.0,,54.0,存疑:热图+表格混合来源
Musci et al. 2020 - Flow microreactor technology for taming highly reactive chloroiodomethyllithium carbenoid,51.0,directed metalation,THF,flow microreactor,10.1021/acs.orglett.0c01085,2020.0,tR1,0.08,,0.0,,chloroiodomethane (ICH2Cl),LDA,chloroiodomethyllithium (CHLi(I)(Cl)),CD3OD,quench_probe,chloroiodomethane-d1 (CHD(I)(Cl)),,,,,ClCI,CC(C)[Li]N(C(C)C)C(C)C,[Li]C(Cl)I,,,0.08,,51.0,
Musci et al. 2020 - Flow microreactor technology for taming highly reactive chloroiodomethyllithium carbenoid,47.0,directed metalation,THF,flow microreactor,10.1021/acs.orglett.0c01085,2020.0,tR1,0.33,,0.0,,chloroiodomethane (ICH2Cl),LDA,chloroiodomethyllithium (CHLi(I)(Cl)),CD3OD,quench_probe,chloroiodomethane-d1 (CHD(I)(Cl)),,,,,ClCI,CC(C)[Li]N(C(C)C)C(C)C,[Li]C(Cl)I,,,0.33,,47.0,
Musci et al. 2020 - Flow microreactor technology for taming highly reactive chloroiodomethyllithium carbenoid,24.0,directed metalation,THF,flow microreactor,10.1021/acs.orglett.0c01085,2020.0,tR1,1.17,,0.0,,chloroiodomethane (ICH2Cl),LDA,chloroiodomethyllithium (CHLi(I)(Cl)),CD3OD,quench_probe,chloroiodomethane-d1 (CHD(I)(Cl)),,,,,ClCI,CC(C)[Li]N(C(C)C)C(C)C,[Li]C(Cl)I,,,1.17,,24.0,
Musci et al. 2020 - Flow microreactor technology for taming highly reactive chloroiodomethyllithium carbenoid,16.0,directed metalation,THF,flow microreactor,10.1021/acs.orglett.0c01085,2020.0,tR1,2.34,,0.0,,chloroiodomethane (ICH2Cl),LDA,chloroiodomethyllithium (CHLi(I)(Cl)),CD3OD,quench_probe,chloroiodomethane-d1 (CHD(I)(Cl)),,,,,ClCI,CC(C)[Li]N(C(C)C)C(C)C,[Li]C(Cl)I,,,2.34,,16.0,
Musci et al. 2020 - Flow microreactor technology for taming highly reactive chloroiodomethyllithium carbenoid,7.0,directed metalation,THF,flow microreactor,10.1021/acs.orglett.0c01085,2020.0,tR1,4.7,,0.0,,chloroiodomethane (ICH2Cl),LDA,chloroiodomethyllithium (CHLi(I)(Cl)),CD3OD,quench_probe,chloroiodomethane-d1 (CHD(I)(Cl)),,,,,ClCI,CC(C)[Li]N(C(C)C)C(C)C,[Li]C(Cl)I,,,4.7,,,
Musci et al. 2020 - Flow microreactor technology for taming highly reactive chloroiodomethyllithium carbenoid,70.0,directed metalation,THF,flow microreactor,10.1021/acs.orglett.0c01085,2020.0,tR1,0.08,,-20.0,,chloroiodomethane (ICH2Cl),LDA,chloroiodomethyllithium (CHLi(I)(Cl)),CD3OD,quench_probe,chloroiodomethane-d1 (CHD(I)(Cl)),,,,,ClCI,CC(C)[Li]N(C(C)C)C(C)C,[Li]C(Cl)I,,,0.08,,70.0,
Musci et al. 2020 - Flow microreactor technology for taming highly reactive chloroiodomethyllithium carbenoid,94.0,directed metalation,THF,flow microreactor,10.1021/acs.orglett.0c01085,2020.0,tR1,0.33,,-20.0,,chloroiodomethane (ICH2Cl),LDA,chloroiodomethyllithium (CHLi(I)(Cl)),CD3OD,quench_probe,chloroiodomethane-d1 (CHD(I)(Cl)),,,,,ClCI,CC(C)[Li]N(C(C)C)C(C)C,[Li]C(Cl)I,,,0.33,,94.0,
Musci et al. 2020 - Flow microreactor technology for taming highly reactive chloroiodomethyllithium carbenoid,57.0,directed metalation,THF,flow microreactor,10.1021/acs.orglett.0c01085,2020.0,tR1,1.17,,-20.0,,chloroiodomethane (ICH2Cl),LDA,chloroiodomethyllithium (CHLi(I)(Cl)),CD3OD,quench_probe,chloroiodomethane-d1 (CHD(I)(Cl)),,,,,ClCI,CC(C)[Li]N(C(C)C)C(C)C,[Li]C(Cl)I,,,1.17,,57.0,
Musci et al. 2020 - Flow microreactor technology for taming highly reactive chloroiodomethyllithium carbenoid,50.0,directed metalation,THF,flow microreactor,10.1021/acs.orglett.0c01085,2020.0,tR1,2.34,,-20.0,,chloroiodomethane (ICH2Cl),LDA,chloroiodomethyllithium (CHLi(I)(Cl)),CD3OD,quench_probe,chloroiodomethane-d1 (CHD(I)(Cl)),,,,,ClCI,CC(C)[Li]N(C(C)C)C(C)C,[Li]C(Cl)I,,,2.34,,50.0,
Musci et al. 2020 - Flow microreactor technology for taming highly reactive chloroiodomethyllithium carbenoid,36.0,directed metalation,THF,flow microreactor,10.1021/acs.orglett.0c01085,2020.0,tR1,4.7,,-20.0,,chloroiodomethane (ICH2Cl),LDA,chloroiodomethyllithium (CHLi(I)(Cl)),CD3OD,quench_probe,chloroiodomethane-d1 (CHD(I)(Cl)),,,,,ClCI,CC(C)[Li]N(C(C)C)C(C)C,[Li]C(Cl)I,,,4.7,,36.0,
Musci et al. 2020 - Flow microreactor technology for taming highly reactive chloroiodomethyllithium carbenoid,21.0,directed metalation,THF,flow microreactor,10.1021/acs.orglett.0c01085,2020.0,tR1,9.4,,-20.0,,chloroiodomethane (ICH2Cl),LDA,chloroiodomethyllithium (CHLi(I)(Cl)),CD3OD,quench_probe,chloroiodomethane-d1 (CHD(I)(Cl)),,,,,ClCI,CC(C)[Li]N(C(C)C)C(C)C,[Li]C(Cl)I,,,9.4,,21.0,
Musci et al. 2020 - Flow microreactor technology for taming highly reactive chloroiodomethyllithium carbenoid,45.0,directed metalation,THF,flow microreactor,10.1021/acs.orglett.0c01085,2020.0,tR1,0.08,,-40.0,,chloroiodomethane (ICH2Cl),LDA,chloroiodomethyllithium (CHLi(I)(Cl)),CD3OD,quench_probe,chloroiodomethane-d1 (CHD(I)(Cl)),,,,,ClCI,CC(C)[Li]N(C(C)C)C(C)C,[Li]C(Cl)I,,,0.08,,45.0,
Musci et al. 2020 - Flow microreactor technology for taming highly reactive chloroiodomethyllithium carbenoid,66.0,directed metalation,THF,flow microreactor,10.1021/acs.orglett.0c01085,2020.0,tR1,0.33,,-40.0,,chloroiodomethane (ICH2Cl),LDA,chloroiodomethyllithium (CHLi(I)(Cl)),CD3OD,quench_probe,chloroiodomethane-d1 (CHD(I)(Cl)),,,,,ClCI,CC(C)[Li]N(C(C)C)C(C)C,[Li]C(Cl)I,,,0.33,,66.0,
Musci et al. 2020 - Flow microreactor technology for taming highly reactive chloroiodomethyllithium carbenoid,78.0,directed metalation,THF,flow microreactor,10.1021/acs.orglett.0c01085,2020.0,tR1,1.17,,-40.0,,chloroiodomethane (ICH2Cl),LDA,chloroiodomethyllithium (CHLi(I)(Cl)),CD3OD,quench_probe,chloroiodomethane-d1 (CHD(I)(Cl)),,,,,ClCI,CC(C)[Li]N(C(C)C)C(C)C,[Li]C(Cl)I,,,1.17,,78.0,
Musci et al. 2020 - Flow microreactor technology for taming highly reactive chloroiodomethyllithium carbenoid,69.0,directed metalation,THF,flow microreactor,10.1021/acs.orglett.0c01085,2020.0,tR1,2.34,,-40.0,,chloroiodomethane (ICH2Cl),LDA,chloroiodomethyllithium (CHLi(I)(Cl)),CD3OD,quench_probe,chloroiodomethane-d1 (CHD(I)(Cl)),,,,,ClCI,CC(C)[Li]N(C(C)C)C(C)C,[Li]C(Cl)I,,,2.34,,69.0,
Musci et al. 2020 - Flow microreactor technology for taming highly reactive chloroiodomethyllithium carbenoid,50.0,directed metalation,THF,flow microreactor,10.1021/acs.orglett.0c01085,2020.0,tR1,4.7,,-40.0,,chloroiodomethane (ICH2Cl),LDA,chloroiodomethyllithium (CHLi(I)(Cl)),CD3OD,quench_probe,chloroiodomethane-d1 (CHD(I)(Cl)),,,,,ClCI,CC(C)[Li]N(C(C)C)C(C)C,[Li]C(Cl)I,,,4.7,,50.0,
Musci et al. 2020 - Flow microreactor technology for taming highly reactive chloroiodomethyllithium carbenoid,36.0,directed metalation,THF,flow microreactor,10.1021/acs.orglett.0c01085,2020.0,tR1,9.4,,-40.0,,chloroiodomethane (ICH2Cl),LDA,chloroiodomethyllithium (CHLi(I)(Cl)),CD3OD,quench_probe,chloroiodomethane-d1 (CHD(I)(Cl)),,,,,ClCI,CC(C)[Li]N(C(C)C)C(C)C,[Li]C(Cl)I,,,9.4,,36.0,
Musci et al. 2020 - Flow microreactor technology for taming highly reactive chloroiodomethyllithium carbenoid,24.0,directed metalation,THF,flow microreactor,10.1021/acs.orglett.0c01085,2020.0,tR1,0.08,,-60.0,,chloroiodomethane (ICH2Cl),LDA,chloroiodomethyllithium (CHLi(I)(Cl)),CD3OD,quench_probe,chloroiodomethane-d1 (CHD(I)(Cl)),,,,,ClCI,CC(C)[Li]N(C(C)C)C(C)C,[Li]C(Cl)I,,,0.08,,24.0,
Musci et al. 2020 - Flow microreactor technology for taming highly reactive chloroiodomethyllithium carbenoid,39.0,directed metalation,THF,flow microreactor,10.1021/acs.orglett.0c01085,2020.0,tR1,0.33,,-60.0,,chloroiodomethane (ICH2Cl),LDA,chloroiodomethyllithium (CHLi(I)(Cl)),CD3OD,quench_probe,chloroiodomethane-d1 (CHD(I)(Cl)),,,,,ClCI,CC(C)[Li]N(C(C)C)C(C)C,[Li]C(Cl)I,,,0.33,,39.0,
Musci et al. 2020 - Flow microreactor technology for taming highly reactive chloroiodomethyllithium carbenoid,65.0,directed metalation,THF,flow microreactor,10.1021/acs.orglett.0c01085,2020.0,tR1,1.17,,-60.0,,chloroiodomethane (ICH2Cl),LDA,chloroiodomethyllithium (CHLi(I)(Cl)),CD3OD,quench_probe,chloroiodomethane-d1 (CHD(I)(Cl)),,,,,ClCI,CC(C)[Li]N(C(C)C)C(C)C,[Li]C(Cl)I,,,1.17,,65.0,
Musci et al. 2020 - Flow microreactor technology for taming highly reactive chloroiodomethyllithium carbenoid,67.0,directed metalation,THF,flow microreactor,10.1021/acs.orglett.0c01085,2020.0,tR1,2.34,,-60.0,,chloroiodomethane (ICH2Cl),LDA,chloroiodomethyllithium (CHLi(I)(Cl)),CD3OD,quench_probe,chloroiodomethane-d1 (CHD(I)(Cl)),,,,,ClCI,CC(C)[Li]N(C(C)C)C(C)C,[Li]C(Cl)I,,,2.34,,67.0,
Musci et al. 2020 - Flow microreactor technology for taming highly reactive chloroiodomethyllithium carbenoid,75.0,directed metalation,THF,flow microreactor,10.1021/acs.orglett.0c01085,2020.0,tR1,4.7,,-60.0,,chloroiodomethane (ICH2Cl),LDA,chloroiodomethyllithium (CHLi(I)(Cl)),CD3OD,quench_probe,chloroiodomethane-d1 (CHD(I)(Cl)),,,,,ClCI,CC(C)[Li]N(C(C)C)C(C)C,[Li]C(Cl)I,,,4.7,,75.0,
Musci et al. 2020 - Flow microreactor technology for taming highly reactive chloroiodomethyllithium carbenoid,75.0,directed metalation,THF,flow microreactor,10.1021/acs.orglett.0c01085,2020.0,tR1,9.4,,-60.0,,chloroiodomethane (ICH2Cl),LDA,chloroiodomethyllithium (CHLi(I)(Cl)),CD3OD,quench_probe,chloroiodomethane-d1 (CHD(I)(Cl)),,,,,ClCI,CC(C)[Li]N(C(C)C)C(C)C,[Li]C(Cl)I,,,9.4,,75.0,
Musci et al. 2020 - Flow microreactor technology for taming highly reactive chloroiodomethyllithium carbenoid,29.0,directed metalation,THF,flow microreactor,10.1021/acs.orglett.0c01085,2020.0,tR1,0.08,,-78.0,,chloroiodomethane (ICH2Cl),LDA,chloroiodomethyllithium (CHLi(I)(Cl)),CD3OD,quench_probe,chloroiodomethane-d1 (CHD(I)(Cl)),,,,,ClCI,CC(C)[Li]N(C(C)C)C(C)C,[Li]C(Cl)I,,,0.08,,29.0,
Musci et al. 2020 - Flow microreactor technology for taming highly reactive chloroiodomethyllithium carbenoid,32.0,directed metalation,THF,flow microreactor,10.1021/acs.orglett.0c01085,2020.0,tR1,0.33,,-78.0,,chloroiodomethane (ICH2Cl),LDA,chloroiodomethyllithium (CHLi(I)(Cl)),CD3OD,quench_probe,chloroiodomethane-d1 (CHD(I)(Cl)),,,,,ClCI,CC(C)[Li]N(C(C)C)C(C)C,[Li]C(Cl)I,,,0.33,,32.0,
Musci et al. 2020 - Flow microreactor technology for taming highly reactive chloroiodomethyllithium carbenoid,59.0,directed metalation,THF,flow microreactor,10.1021/acs.orglett.0c01085,2020.0,tR1,1.17,,-78.0,,chloroiodomethane (ICH2Cl),LDA,chloroiodomethyllithium (CHLi(I)(Cl)),CD3OD,quench_probe,chloroiodomethane-d1 (CHD(I)(Cl)),,,,,ClCI,CC(C)[Li]N(C(C)C)C(C)C,[Li]C(Cl)I,,,1.17,,59.0,
Musci et al. 2020 - Flow microreactor technology for taming highly reactive chloroiodomethyllithium carbenoid,61.0,directed metalation,THF,flow microreactor,10.1021/acs.orglett.0c01085,2020.0,tR1,2.34,,-78.0,,chloroiodomethane (ICH2Cl),LDA,chloroiodomethyllithium (CHLi(I)(Cl)),CD3OD,quench_probe,chloroiodomethane-d1 (CHD(I)(Cl)),,,,,ClCI,CC(C)[Li]N(C(C)C)C(C)C,[Li]C(Cl)I,,,2.34,,61.0,
Musci et al. 2020 - Flow microreactor technology for taming highly reactive chloroiodomethyllithium carbenoid,78.0,directed metalation,THF,flow microreactor,10.1021/acs.orglett.0c01085,2020.0,tR1,4.7,,-78.0,,chloroiodomethane (ICH2Cl),LDA,chloroiodomethyllithium (CHLi(I)(Cl)),CD3OD,quench_probe,chloroiodomethane-d1 (CHD(I)(Cl)),,,,,ClCI,CC(C)[Li]N(C(C)C)C(C)C,[Li]C(Cl)I,,,4.7,,78.0,
Musci et al. 2020 - Flow microreactor technology for taming highly reactive chloroiodomethyllithium carbenoid,87.0,directed metalation,THF,flow microreactor,10.1021/acs.orglett.0c01085,2020.0,tR1,9.4,,-78.0,,chloroiodomethane (ICH2Cl),LDA,chloroiodomethyllithium (CHLi(I)(Cl)),CD3OD,quench_probe,chloroiodomethane-d1 (CHD(I)(Cl)),,,,,ClCI,CC(C)[Li]N(C(C)C)C(C)C,[Li]C(Cl)I,,,9.4,,87.0,
Nagaki et al. 2015 - Benzyllithiums bearing aldehyde carbonyl groups. A flash chemistry approach,66.0,reductive lithiation,THF,flow microreactor,10.1039/c5ob00958h,2015.0,tR1,0.00133,,0.0,,p-propanoylbenzyl chloride,lithium naphthalenide (LiNp),benzyllithium bearing aldehyde,methanol,quench_probe,,,,,,CCC(=O)c1ccc(CCl)cc1,[Li],,,,0.003,,,
Nagaki et al. 2015 - Benzyllithiums bearing aldehyde carbonyl groups. A flash chemistry approach,63.0,reductive lithiation,THF,flow microreactor,10.1039/c5ob00958h,2015.0,tR1,0.01778,,0.0,,p-propanoylbenzyl chloride,lithium naphthalenide (LiNp),benzyllithium bearing aldehyde,methanol,quench_probe,,,,,,CCC(=O)c1ccc(CCl)cc1,[Li],,,,0.01,,,
Nagaki et al. 2015 - Benzyllithiums bearing aldehyde carbonyl groups. A flash chemistry approach,63.0,reductive lithiation,THF,flow microreactor,10.1039/c5ob00958h,2015.0,tR1,0.13335,,0.0,,p-propanoylbenzyl chloride,lithium naphthalenide (LiNp),benzyllithium bearing aldehyde,methanol,quench_probe,,,,,,CCC(=O)c1ccc(CCl)cc1,[Li],,,,0.1,,,
Nagaki et al. 2015 - Benzyllithiums bearing aldehyde carbonyl groups. A flash chemistry approach,53.0,reductive lithiation,THF,flow microreactor,10.1039/c5ob00958h,2015.0,tR1,1.77828,,0.0,,p-propanoylbenzyl chloride,lithium naphthalenide (LiNp),benzyllithium bearing aldehyde,methanol,quench_probe,,,,,,CCC(=O)c1ccc(CCl)cc1,[Li],,,,1.0,,,
Nagaki et al. 2015 - Benzyllithiums bearing aldehyde carbonyl groups. A flash chemistry approach,27.0,reductive lithiation,THF,flow microreactor,10.1039/c5ob00958h,2015.0,tR1,17.78279,,0.0,,p-propanoylbenzyl chloride,lithium naphthalenide (LiNp),benzyllithium bearing aldehyde,methanol,quench_probe,,,,,,CCC(=O)c1ccc(CCl)cc1,[Li],,,,10.0,,,
Nagaki et al. 2015 - Benzyllithiums bearing aldehyde carbonyl groups. A flash chemistry approach,71.0,reductive lithiation,THF,flow microreactor,10.1039/c5ob00958h,2015.0,tR1,0.00133,,-20.0,,p-propanoylbenzyl chloride,lithium naphthalenide (LiNp),benzyllithium bearing aldehyde,methanol,quench_probe,,,,,,CCC(=O)c1ccc(CCl)cc1,[Li],,,,0.003,,,
Nagaki et al. 2015 - Benzyllithiums bearing aldehyde carbonyl groups. A flash chemistry approach,66.0,reductive lithiation,THF,flow microreactor,10.1039/c5ob00958h,2015.0,tR1,0.01778,,-20.0,,p-propanoylbenzyl chloride,lithium naphthalenide (LiNp),benzyllithium bearing aldehyde,methanol,quench_probe,,,,,,CCC(=O)c1ccc(CCl)cc1,[Li],,,,0.01,,,
Nagaki et al. 2015 - Benzyllithiums bearing aldehyde carbonyl groups. A flash chemistry approach,60.0,reductive lithiation,THF,flow microreactor,10.1039/c5ob00958h,2015.0,tR1,0.13335,,-20.0,,p-propanoylbenzyl chloride,lithium naphthalenide (LiNp),benzyllithium bearing aldehyde,methanol,quench_probe,,,,,,CCC(=O)c1ccc(CCl)cc1,[Li],,,,0.1,,,
Nagaki et al. 2015 - Benzyllithiums bearing aldehyde carbonyl groups. A flash chemistry approach,62.0,reductive lithiation,THF,flow microreactor,10.1039/c5ob00958h,2015.0,tR1,1.77828,,-20.0,,p-propanoylbenzyl chloride,lithium naphthalenide (LiNp),benzyllithium bearing aldehyde,methanol,quench_probe,,,,,,CCC(=O)c1ccc(CCl)cc1,[Li],,,,1.0,,,
Nagaki et al. 2015 - Benzyllithiums bearing aldehyde carbonyl groups. A flash chemistry approach,35.0,reductive lithiation,THF,flow microreactor,10.1039/c5ob00958h,2015.0,tR1,17.78279,,-20.0,,p-propanoylbenzyl chloride,lithium naphthalenide (LiNp),benzyllithium bearing aldehyde,methanol,quench_probe,,,,,,CCC(=O)c1ccc(CCl)cc1,[Li],,,,10.0,,,
Nagaki et al. 2015 - Benzyllithiums bearing aldehyde carbonyl groups. A flash chemistry approach,75.0,reductive lithiation,THF,flow microreactor,10.1039/c5ob00958h,2015.0,tR1,0.00133,,-40.0,,p-propanoylbenzyl chloride,lithium naphthalenide (LiNp),benzyllithium bearing aldehyde,methanol,quench_probe,,,,,,CCC(=O)c1ccc(CCl)cc1,[Li],,,,0.003,,,
Nagaki et al. 2015 - Benzyllithiums bearing aldehyde carbonyl groups. A flash chemistry approach,69.0,reductive lithiation,THF,flow microreactor,10.1039/c5ob00958h,2015.0,tR1,0.01778,,-40.0,,p-propanoylbenzyl chloride,lithium naphthalenide (LiNp),benzyllithium bearing aldehyde,methanol,quench_probe,,,,,,CCC(=O)c1ccc(CCl)cc1,[Li],,,,0.01,,,
Nagaki et al. 2015 - Benzyllithiums bearing aldehyde carbonyl groups. A flash chemistry approach,62.0,reductive lithiation,THF,flow microreactor,10.1039/c5ob00958h,2015.0,tR1,0.13335,,-40.0,,p-propanoylbenzyl chloride,lithium naphthalenide (LiNp),benzyllithium bearing aldehyde,methanol,quench_probe,,,,,,CCC(=O)c1ccc(CCl)cc1,[Li],,,,0.1,,,
Nagaki et al. 2015 - Benzyllithiums bearing aldehyde carbonyl groups. A flash chemistry approach,64.0,reductive lithiation,THF,flow microreactor,10.1039/c5ob00958h,2015.0,tR1,1.77828,,-40.0,,p-propanoylbenzyl chloride,lithium naphthalenide (LiNp),benzyllithium bearing aldehyde,methanol,quench_probe,,,,,,CCC(=O)c1ccc(CCl)cc1,[Li],,,,1.0,,,
Nagaki et al. 2015 - Benzyllithiums bearing aldehyde carbonyl groups. A flash chemistry approach,41.0,reductive lithiation,THF,flow microreactor,10.1039/c5ob00958h,2015.0,tR1,17.78279,,-40.0,,p-propanoylbenzyl chloride,lithium naphthalenide (LiNp),benzyllithium bearing aldehyde,methanol,quench_probe,,,,,,CCC(=O)c1ccc(CCl)cc1,[Li],,,,10.0,,,
Nagaki et al. 2015 - Benzyllithiums bearing aldehyde carbonyl groups. A flash chemistry approach,78.0,reductive lithiation,THF,flow microreactor,10.1039/c5ob00958h,2015.0,tR1,0.00133,,-60.0,,p-propanoylbenzyl chloride,lithium naphthalenide (LiNp),benzyllithium bearing aldehyde,methanol,quench_probe,,,,,,CCC(=O)c1ccc(CCl)cc1,[Li],,,,0.003,,,
Nagaki et al. 2015 - Benzyllithiums bearing aldehyde carbonyl groups. A flash chemistry approach,67.0,reductive lithiation,THF,flow microreactor,10.1039/c5ob00958h,2015.0,tR1,0.01778,,-60.0,,p-propanoylbenzyl chloride,lithium naphthalenide (LiNp),benzyllithium bearing aldehyde,methanol,quench_probe,,,,,,CCC(=O)c1ccc(CCl)cc1,[Li],,,,0.01,,,
Nagaki et al. 2015 - Benzyllithiums bearing aldehyde carbonyl groups. A flash chemistry approach,63.0,reductive lithiation,THF,flow microreactor,10.1039/c5ob00958h,2015.0,tR1,0.13335,,-60.0,,p-propanoylbenzyl chloride,lithium naphthalenide (LiNp),benzyllithium bearing aldehyde,methanol,quench_probe,,,,,,CCC(=O)c1ccc(CCl)cc1,[Li],,,,0.1,,,
Nagaki et al. 2015 - Benzyllithiums bearing aldehyde carbonyl groups. A flash chemistry approach,64.0,reductive lithiation,THF,flow microreactor,10.1039/c5ob00958h,2015.0,tR1,1.77828,,-60.0,,p-propanoylbenzyl chloride,lithium naphthalenide (LiNp),benzyllithium bearing aldehyde,methanol,quench_probe,,,,,,CCC(=O)c1ccc(CCl)cc1,[Li],,,,1.0,,,
Nagaki et al. 2015 - Benzyllithiums bearing aldehyde carbonyl groups. A flash chemistry approach,41.0,reductive lithiation,THF,flow microreactor,10.1039/c5ob00958h,2015.0,tR1,17.78279,,-60.0,,p-propanoylbenzyl chloride,lithium naphthalenide (LiNp),benzyllithium bearing aldehyde,methanol,quench_probe,,,,,,CCC(=O)c1ccc(CCl)cc1,[Li],,,,10.0,,,
Nagaki et al. 2015 - Benzyllithiums bearing aldehyde carbonyl groups. A flash chemistry approach,80.0,reductive lithiation,THF,flow microreactor,10.1039/c5ob00958h,2015.0,tR1,0.00133,,-78.0,,p-propanoylbenzyl chloride,lithium naphthalenide (LiNp),benzyllithium bearing aldehyde,methanol,quench_probe,,,,,,CCC(=O)c1ccc(CCl)cc1,[Li],,,,0.003,,,
Nagaki et al. 2015 - Benzyllithiums bearing aldehyde carbonyl groups. A flash chemistry approach,71.0,reductive lithiation,THF,flow microreactor,10.1039/c5ob00958h,2015.0,tR1,0.01778,,-78.0,,p-propanoylbenzyl chloride,lithium naphthalenide (LiNp),benzyllithium bearing aldehyde,methanol,quench_probe,,,,,,CCC(=O)c1ccc(CCl)cc1,[Li],,,,0.01,,,
Nagaki et al. 2015 - Benzyllithiums bearing aldehyde carbonyl groups. A flash chemistry approach,67.0,reductive lithiation,THF,flow microreactor,10.1039/c5ob00958h,2015.0,tR1,0.13335,,-78.0,,p-propanoylbenzyl chloride,lithium naphthalenide (LiNp),benzyllithium bearing aldehyde,methanol,quench_probe,,,,,,CCC(=O)c1ccc(CCl)cc1,[Li],,,,0.1,,,
Nagaki et al. 2015 - Benzyllithiums bearing aldehyde carbonyl groups. A flash chemistry approach,66.0,reductive lithiation,THF,flow microreactor,10.1039/c5ob00958h,2015.0,tR1,1.77828,,-78.0,,p-propanoylbenzyl chloride,lithium naphthalenide (LiNp),benzyllithium bearing aldehyde,methanol,quench_probe,,,,,,CCC(=O)c1ccc(CCl)cc1,[Li],,,,1.0,,,
Nagaki et al. 2015 - Benzyllithiums bearing aldehyde carbonyl groups. A flash chemistry approach,43.0,reductive lithiation,THF,flow microreactor,10.1039/c5ob00958h,2015.0,tR1,17.78279,,-78.0,,p-propanoylbenzyl chloride,lithium naphthalenide (LiNp),benzyllithium bearing aldehyde,methanol,quench_probe,,,,,,CCC(=O)c1ccc(CCl)cc1,[Li],,,,10.0,,,
Nagaki et al. 2015 - Benzyllithiums bearing aldehyde carbonyl groups. A flash chemistry approach,52.0,reductive lithiation,THF,flow microreactor,10.1039/c5ob00958h,2015.0,tR1,0.00133,,0.0,,p-propanoylbenzyl chloride,lithium naphthalenide (LiNp),benzyllithium bearing aldehyde,methanol,quench_probe,,,,,,CCC(=O)c1ccc(CCl)cc1,[Li],,,,0.003,,,
Nagaki et al. 2015 - Benzyllithiums bearing aldehyde carbonyl groups. A flash chemistry approach,39.0,reductive lithiation,THF,flow microreactor,10.1039/c5ob00958h,2015.0,tR1,0.01778,,0.0,,p-propanoylbenzyl chloride,lithium naphthalenide (LiNp),benzyllithium bearing aldehyde,methanol,quench_probe,,,,,,CCC(=O)c1ccc(CCl)cc1,[Li],,,,0.01,,,
Nagaki et al. 2015 - Benzyllithiums bearing aldehyde carbonyl groups. A flash chemistry approach,31.0,reductive lithiation,THF,flow microreactor,10.1039/c5ob00958h,2015.0,tR1,0.13335,,0.0,,p-propanoylbenzyl chloride,lithium naphthalenide (LiNp),benzyllithium bearing aldehyde,methanol,quench_probe,,,,,,CCC(=O)c1ccc(CCl)cc1,[Li],,,,0.1,,,
Nagaki et al. 2015 - Benzyllithiums bearing aldehyde carbonyl groups. A flash chemistry approach,29.0,reductive lithiation,THF,flow microreactor,10.1039/c5ob00958h,2015.0,tR1,1.77828,,0.0,,p-propanoylbenzyl chloride,lithium naphthalenide (LiNp),benzyllithium bearing aldehyde,methanol,quench_probe,,,,,,CCC(=O)c1ccc(CCl)cc1,[Li],,,,1.0,,,
Nagaki et al. 2015 - Benzyllithiums bearing aldehyde carbonyl groups. A flash chemistry approach,14.0,reductive lithiation,THF,flow microreactor,10.1039/c5ob00958h,2015.0,tR1,17.78279,,0.0,,p-propanoylbenzyl chloride,lithium naphthalenide (LiNp),benzyllithium bearing aldehyde,methanol,quench_probe,,,,,,CCC(=O)c1ccc(CCl)cc1,[Li],,,,10.0,,,
Nagaki et al. 2015 - Benzyllithiums bearing aldehyde carbonyl groups. A flash chemistry approach,60.0,reductive lithiation,THF,flow microreactor,10.1039/c5ob00958h,2015.0,tR1,0.00133,,-20.0,,p-propanoylbenzyl chloride,lithium naphthalenide (LiNp),benzyllithium bearing aldehyde,methanol,quench_probe,,,,,,CCC(=O)c1ccc(CCl)cc1,[Li],,,,0.003,,,
Nagaki et al. 2015 - Benzyllithiums bearing aldehyde carbonyl groups. A flash chemistry approach,45.0,reductive lithiation,THF,flow microreactor,10.1039/c5ob00958h,2015.0,tR1,0.01778,,-20.0,,p-propanoylbenzyl chloride,lithium naphthalenide (LiNp),benzyllithium bearing aldehyde,methanol,quench_probe,,,,,,CCC(=O)c1ccc(CCl)cc1,[Li],,,,0.01,,,
Nagaki et al. 2015 - Benzyllithiums bearing aldehyde carbonyl groups. A flash chemistry approach,43.0,reductive lithiation,THF,flow microreactor,10.1039/c5ob00958h,2015.0,tR1,0.13335,,-20.0,,p-propanoylbenzyl chloride,lithium naphthalenide (LiNp),benzyllithium bearing aldehyde,methanol,quench_probe,,,,,,CCC(=O)c1ccc(CCl)cc1,[Li],,,,0.1,,,
Nagaki et al. 2015 - Benzyllithiums bearing aldehyde carbonyl groups. A flash chemistry approach,34.0,reductive lithiation,THF,flow microreactor,10.1039/c5ob00958h,2015.0,tR1,1.77828,,-20.0,,p-propanoylbenzyl chloride,lithium naphthalenide (LiNp),benzyllithium bearing aldehyde,methanol,quench_probe,,,,,,CCC(=O)c1ccc(CCl)cc1,[Li],,,,1.0,,,
Nagaki et al. 2015 - Benzyllithiums bearing aldehyde carbonyl groups. A flash chemistry approach,17.0,reductive lithiation,THF,flow microreactor,10.1039/c5ob00958h,2015.0,tR1,17.78279,,-20.0,,p-propanoylbenzyl chloride,lithium naphthalenide (LiNp),benzyllithium bearing aldehyde,methanol,quench_probe,,,,,,CCC(=O)c1ccc(CCl)cc1,[Li],,,,10.0,,,
Nagaki et al. 2015 - Benzyllithiums bearing aldehyde carbonyl groups. A flash chemistry approach,62.0,reductive lithiation,THF,flow microreactor,10.1039/c5ob00958h,2015.0,tR1,0.00133,,-40.0,,p-propanoylbenzyl chloride,lithium naphthalenide (LiNp),benzyllithium bearing aldehyde,methanol,quench_probe,,,,,,CCC(=O)c1ccc(CCl)cc1,[Li],,,,0.003,,,
Nagaki et al. 2015 - Benzyllithiums bearing aldehyde carbonyl groups. A flash chemistry approach,56.0,reductive lithiation,THF,flow microreactor,10.1039/c5ob00958h,2015.0,tR1,0.01778,,-40.0,,p-propanoylbenzyl chloride,lithium naphthalenide (LiNp),benzyllithium bearing aldehyde,methanol,quench_probe,,,,,,CCC(=O)c1ccc(CCl)cc1,[Li],,,,0.01,,,
Nagaki et al. 2015 - Benzyllithiums bearing aldehyde carbonyl groups. A flash chemistry approach,46.0,reductive lithiation,THF,flow microreactor,10.1039/c5ob00958h,2015.0,tR1,0.13335,,-40.0,,p-propanoylbenzyl chloride,lithium naphthalenide (LiNp),benzyllithium bearing aldehyde,methanol,quench_probe,,,,,,CCC(=O)c1ccc(CCl)cc1,[Li],,,,0.1,,,
Nagaki et al. 2015 - Benzyllithiums bearing aldehyde carbonyl groups. A flash chemistry approach,40.0,reductive lithiation,THF,flow microreactor,10.1039/c5ob00958h,2015.0,tR1,1.77828,,-40.0,,p-propanoylbenzyl chloride,lithium naphthalenide (LiNp),benzyllithium bearing aldehyde,methanol,quench_probe,,,,,,CCC(=O)c1ccc(CCl)cc1,[Li],,,,1.0,,,
Nagaki et al. 2015 - Benzyllithiums bearing aldehyde carbonyl groups. A flash chemistry approach,25.0,reductive lithiation,THF,flow microreactor,10.1039/c5ob00958h,2015.0,tR1,17.78279,,-40.0,,p-propanoylbenzyl chloride,lithium naphthalenide (LiNp),benzyllithium bearing aldehyde,methanol,quench_probe,,,,,,CCC(=O)c1ccc(CCl)cc1,[Li],,,,10.0,,,
Nagaki et al. 2015 - Benzyllithiums bearing aldehyde carbonyl groups. A flash chemistry approach,65.0,reductive lithiation,THF,flow microreactor,10.1039/c5ob00958h,2015.0,tR1,0.00133,,-60.0,,p-propanoylbenzyl chloride,lithium naphthalenide (LiNp),benzyllithium bearing aldehyde,methanol,quench_probe,,,,,,CCC(=O)c1ccc(CCl)cc1,[Li],,,,0.003,,,
Nagaki et al. 2015 - Benzyllithiums bearing aldehyde carbonyl groups. A flash chemistry approach,57.0,reductive lithiation,THF,flow microreactor,10.1039/c5ob00958h,2015.0,tR1,0.01778,,-60.0,,p-propanoylbenzyl chloride,lithium naphthalenide (LiNp),benzyllithium bearing aldehyde,methanol,quench_probe,,,,,,CCC(=O)c1ccc(CCl)cc1,[Li],,,,0.01,,,
Nagaki et al. 2015 - Benzyllithiums bearing aldehyde carbonyl groups. A flash chemistry approach,58.0,reductive lithiation,THF,flow microreactor,10.1039/c5ob00958h,2015.0,tR1,0.13335,,-60.0,,p-propanoylbenzyl chloride,lithium naphthalenide (LiNp),benzyllithium bearing aldehyde,methanol,quench_probe,,,,,,CCC(=O)c1ccc(CCl)cc1,[Li],,,,0.1,,,
Nagaki et al. 2015 - Benzyllithiums bearing aldehyde carbonyl groups. A flash chemistry approach,42.0,reductive lithiation,THF,flow microreactor,10.1039/c5ob00958h,2015.0,tR1,1.77828,,-60.0,,p-propanoylbenzyl chloride,lithium naphthalenide (LiNp),benzyllithium bearing aldehyde,methanol,quench_probe,,,,,,CCC(=O)c1ccc(CCl)cc1,[Li],,,,1.0,,,
Nagaki et al. 2015 - Benzyllithiums bearing aldehyde carbonyl groups. A flash chemistry approach,38.0,reductive lithiation,THF,flow microreactor,10.1039/c5ob00958h,2015.0,tR1,17.78279,,-60.0,,p-propanoylbenzyl chloride,lithium naphthalenide (LiNp),benzyllithium bearing aldehyde,methanol,quench_probe,,,,,,CCC(=O)c1ccc(CCl)cc1,[Li],,,,10.0,,,
Nagaki et al. 2015 - Benzyllithiums bearing aldehyde carbonyl groups. A flash chemistry approach,68.0,reductive lithiation,THF,flow microreactor,10.1039/c5ob00958h,2015.0,tR1,0.00133,,-78.0,,p-propanoylbenzyl chloride,lithium naphthalenide (LiNp),benzyllithium bearing aldehyde,methanol,quench_probe,,,,,,CCC(=O)c1ccc(CCl)cc1,[Li],,,,0.003,,,
Nagaki et al. 2015 - Benzyllithiums bearing aldehyde carbonyl groups. A flash chemistry approach,61.0,reductive lithiation,THF,flow microreactor,10.1039/c5ob00958h,2015.0,tR1,0.01778,,-78.0,,p-propanoylbenzyl chloride,lithium naphthalenide (LiNp),benzyllithium bearing aldehyde,methanol,quench_probe,,,,,,CCC(=O)c1ccc(CCl)cc1,[Li],,,,0.01,,,
Nagaki et al. 2015 - Benzyllithiums bearing aldehyde carbonyl groups. A flash chemistry approach,60.0,reductive lithiation,THF,flow microreactor,10.1039/c5ob00958h,2015.0,tR1,0.13335,,-78.0,,p-propanoylbenzyl chloride,lithium naphthalenide (LiNp),benzyllithium bearing aldehyde,methanol,quench_probe,,,,,,CCC(=O)c1ccc(CCl)cc1,[Li],,,,0.1,,,
Nagaki et al. 2015 - Benzyllithiums bearing aldehyde carbonyl groups. A flash chemistry approach,49.0,reductive lithiation,THF,flow microreactor,10.1039/c5ob00958h,2015.0,tR1,1.77828,,-78.0,,p-propanoylbenzyl chloride,lithium naphthalenide (LiNp),benzyllithium bearing aldehyde,methanol,quench_probe,,,,,,CCC(=O)c1ccc(CCl)cc1,[Li],,,,1.0,,,
Nagaki et al. 2015 - Benzyllithiums bearing aldehyde carbonyl groups. A flash chemistry approach,44.0,reductive lithiation,THF,flow microreactor,10.1039/c5ob00958h,2015.0,tR1,17.78279,,-78.0,,p-propanoylbenzyl chloride,lithium naphthalenide (LiNp),benzyllithium bearing aldehyde,methanol,quench_probe,,,,,,CCC(=O)c1ccc(CCl)cc1,[Li],,,,10.0,,,
Nagaki et al. 2016 - Integration of borylation of aryllithiums and Suzuki-Miyaura coupling using monolithic Pd catalyst,92.0,C-C coupling,THF,monolithic flow reactor,10.1039/c5cy02098k,2016.0,tR_generic,75.5358,,120.0,,bromobenzene,n-BuLi,phenyllithium (then borylated),p-bromobenzonitrile,synthetic,,,,,,Brc1ccccc1,CCCC[Li],[Li]c1ccccc1,,,60.0,,,
Nagaki et al. 2016 - Integration of borylation of aryllithiums and Suzuki-Miyaura coupling using monolithic Pd catalyst,95.0,C-C coupling,THF,monolithic flow reactor,10.1039/c5cy02098k,2016.0,tR_generic,111.7254,,120.0,,bromobenzene,n-BuLi,phenyllithium (then borylated),p-bromobenzonitrile,synthetic,,,,,,Brc1ccccc1,CCCC[Li],[Li]c1ccccc1,,,95.0,,,
Nagaki et al. 2016 - Integration of borylation of aryllithiums and Suzuki-Miyaura coupling using monolithic Pd catalyst,93.0,C-C coupling,THF,monolithic flow reactor,10.1039/c5cy02098k,2016.0,tR_generic,274.2528,,120.0,,bromobenzene,n-BuLi,phenyllithium (then borylated),p-bromobenzonitrile,synthetic,,,,,,Brc1ccccc1,CCCC[Li],[Li]c1ccccc1,,,239.0,,,
Nagaki et al. 2016 - Integration of borylation of aryllithiums and Suzuki-Miyaura coupling using monolithic Pd catalyst,100.0,C-C coupling,THF,monolithic flow reactor,10.1039/c5cy02098k,2016.0,tR_generic,600.0,,120.0,,bromobenzene,n-BuLi,phenyllithium (then borylated),p-bromobenzonitrile,synthetic,,,,,,Brc1ccccc1,CCCC[Li],[Li]c1ccccc1,,,600.0,,,
Nagaki et al. 2016 - Integration of borylation of aryllithiums and Suzuki-Miyaura coupling using monolithic Pd catalyst,66.0,C-C coupling,THF,monolithic flow reactor,10.1039/c5cy02098k,2016.0,tR_generic,75.5358,,100.0,,bromobenzene,n-BuLi,phenyllithium (then borylated),p-bromobenzonitrile,synthetic,,,,,,Brc1ccccc1,CCCC[Li],[Li]c1ccccc1,,,60.0,,,
Nagaki et al. 2016 - Integration of borylation of aryllithiums and Suzuki-Miyaura coupling using monolithic Pd catalyst,81.0,C-C coupling,THF,monolithic flow reactor,10.1039/c5cy02098k,2016.0,tR_generic,111.7254,,100.0,,bromobenzene,n-BuLi,phenyllithium (then borylated),p-bromobenzonitrile,synthetic,,,,,,Brc1ccccc1,CCCC[Li],[Li]c1ccccc1,,,95.0,,,
Nagaki et al. 2016 - Integration of borylation of aryllithiums and Suzuki-Miyaura coupling using monolithic Pd catalyst,96.0,C-C coupling,THF,monolithic flow reactor,10.1039/c5cy02098k,2016.0,tR_generic,274.2528,,100.0,,bromobenzene,n-BuLi,phenyllithium (then borylated),p-bromobenzonitrile,synthetic,,,,,,Brc1ccccc1,CCCC[Li],[Li]c1ccccc1,,,239.0,,,
Nagaki et al. 2016 - Integration of borylation of aryllithiums and Suzuki-Miyaura coupling using monolithic Pd catalyst,96.0,C-C coupling,THF,monolithic flow reactor,10.1039/c5cy02098k,2016.0,tR_generic,600.0,,100.0,,bromobenzene,n-BuLi,phenyllithium (then borylated),p-bromobenzonitrile,synthetic,,,,,,Brc1ccccc1,CCCC[Li],[Li]c1ccccc1,,,600.0,,,
Nagaki et al. 2016 - Integration of borylation of aryllithiums and Suzuki-Miyaura coupling using monolithic Pd catalyst,30.0,C-C coupling,THF,monolithic flow reactor,10.1039/c5cy02098k,2016.0,tR_generic,75.5358,,80.0,,bromobenzene,n-BuLi,phenyllithium (then borylated),p-bromobenzonitrile,synthetic,,,,,,Brc1ccccc1,CCCC[Li],[Li]c1ccccc1,,,60.0,,,
Nagaki et al. 2016 - Integration of borylation of aryllithiums and Suzuki-Miyaura coupling using monolithic Pd catalyst,39.0,C-C coupling,THF,monolithic flow reactor,10.1039/c5cy02098k,2016.0,tR_generic,111.7254,,80.0,,bromobenzene,n-BuLi,phenyllithium (then borylated),p-bromobenzonitrile,synthetic,,,,,,Brc1ccccc1,CCCC[Li],[Li]c1ccccc1,,,95.0,,,
Nagaki et al. 2016 - Integration of borylation of aryllithiums and Suzuki-Miyaura coupling using monolithic Pd catalyst,81.0,C-C coupling,THF,monolithic flow reactor,10.1039/c5cy02098k,2016.0,tR_generic,274.2528,,80.0,,bromobenzene,n-BuLi,phenyllithium (then borylated),p-bromobenzonitrile,synthetic,,,,,,Brc1ccccc1,CCCC[Li],[Li]c1ccccc1,,,239.0,,,
Nagaki et al. 2016 - Integration of borylation of aryllithiums and Suzuki-Miyaura coupling using monolithic Pd catalyst,81.0,C-C coupling,THF,monolithic flow reactor,10.1039/c5cy02098k,2016.0,tR_generic,600.0,,80.0,,bromobenzene,n-BuLi,phenyllithium (then borylated),p-bromobenzonitrile,synthetic,,,,,,Brc1ccccc1,CCCC[Li],[Li]c1ccccc1,,,600.0,,,
Nagaki et al. 2016 - Integration of borylation of aryllithiums and Suzuki-Miyaura coupling using monolithic Pd catalyst,0.0,C-C coupling,THF,monolithic flow reactor,10.1039/c5cy02098k,2016.0,tR_generic,75.5358,,60.0,,bromobenzene,n-BuLi,phenyllithium (then borylated),p-bromobenzonitrile,synthetic,,,,,,Brc1ccccc1,CCCC[Li],[Li]c1ccccc1,,,60.0,,,
Nagaki et al. 2016 - Integration of borylation of aryllithiums and Suzuki-Miyaura coupling using monolithic Pd catalyst,0.0,C-C coupling,THF,monolithic flow reactor,10.1039/c5cy02098k,2016.0,tR_generic,111.7254,,60.0,,bromobenzene,n-BuLi,phenyllithium (then borylated),p-bromobenzonitrile,synthetic,,,,,,Brc1ccccc1,CCCC[Li],[Li]c1ccccc1,,,95.0,,,
Nagaki et al. 2016 - Integration of borylation of aryllithiums and Suzuki-Miyaura coupling using monolithic Pd catalyst,14.0,C-C coupling,THF,monolithic flow reactor,10.1039/c5cy02098k,2016.0,tR_generic,274.2528,,60.0,,bromobenzene,n-BuLi,phenyllithium (then borylated),p-bromobenzonitrile,synthetic,,,,,,Brc1ccccc1,CCCC[Li],[Li]c1ccccc1,,,239.0,,,
Nagaki et al. 2016 - Integration of borylation of aryllithiums and Suzuki-Miyaura coupling using monolithic Pd catalyst,37.0,C-C coupling,THF,monolithic flow reactor,10.1039/c5cy02098k,2016.0,tR_generic,600.0,,60.0,,bromobenzene,n-BuLi,phenyllithium (then borylated),p-bromobenzonitrile,synthetic,,,,,,Brc1ccccc1,CCCC[Li],[Li]c1ccccc1,,,600.0,,,
Okamoto et al. 2026 - Reductive generation of anionic C1 carbenoid species attached to organosulfur functional groups,51.0,reductive lithiation,THF,flow microreactor,,2026.0,tR1,0.1,,0.0,,,n-BuLi,anionic C1 carbenoid (thio-substituted),,synthetic,,,,,,,CCCC[Li],,,,0.1,,,
Okamoto et al. 2026 - Reductive generation of anionic C1 carbenoid species attached to organosulfur functional groups,0.0,reductive lithiation,THF,flow microreactor,,2026.0,tR1,1.0,,0.0,,,n-BuLi,anionic C1 carbenoid (thio-substituted),,synthetic,,,,,,,CCCC[Li],,,,1.0,,,
Okamoto et al. 2026 - Reductive generation of anionic C1 carbenoid species attached to organosulfur functional groups,0.0,reductive lithiation,THF,flow microreactor,,2026.0,tR1,3.16,,0.0,,,n-BuLi,anionic C1 carbenoid (thio-substituted),,synthetic,,,,,,,CCCC[Li],,,,3.16,,,
Okamoto et al. 2026 - Reductive generation of anionic C1 carbenoid species attached to organosulfur functional groups,88.0,reductive lithiation,THF,flow microreactor,,2026.0,tR1,0.00316,,-20.0,,,n-BuLi,anionic C1 carbenoid (thio-substituted),,synthetic,,,,,,,CCCC[Li],,,,0.00316,,,
Okamoto et al. 2026 - Reductive generation of anionic C1 carbenoid species attached to organosulfur functional groups,88.0,reductive lithiation,THF,flow microreactor,,2026.0,tR1,0.01,,-20.0,,,n-BuLi,anionic C1 carbenoid (thio-substituted),,synthetic,,,,,,,CCCC[Li],,,,0.01,,,
Okamoto et al. 2026 - Reductive generation of anionic C1 carbenoid species attached to organosulfur functional groups,87.0,reductive lithiation,THF,flow microreactor,,2026.0,tR1,0.1,,0.0,,,n-BuLi,anionic C1 carbenoid (thio-substituted),,synthetic,,,,,,,CCCC[Li],,,,0.1,,,
Okamoto et al. 2026 - Reductive generation of anionic C1 carbenoid species attached to organosulfur functional groups,47.0,reductive lithiation,THF,flow microreactor,,2026.0,tR1,0.316,,-20.0,,,n-BuLi,anionic C1 carbenoid (thio-substituted),,synthetic,,,,,,,CCCC[Li],,,,0.316,,,
Okamoto et al. 2026 - Reductive generation of anionic C1 carbenoid species attached to organosulfur functional groups,23.0,reductive lithiation,THF,flow microreactor,,2026.0,tR1,3.16,,-20.0,,,n-BuLi,anionic C1 carbenoid (thio-substituted),,synthetic,,,,,,,CCCC[Li],,,,3.16,,,
Okamoto et al. 2026 - Reductive generation of anionic C1 carbenoid species attached to organosulfur functional groups,87.0,reductive lithiation,THF,flow microreactor,,2026.0,tR1,0.00316,,-40.0,,,n-BuLi,anionic C1 carbenoid (thio-substituted),,synthetic,,,,,,,CCCC[Li],,,,0.00316,,,
Okamoto et al. 2026 - Reductive generation of anionic C1 carbenoid species attached to organosulfur functional groups,89.0,reductive lithiation,THF,flow microreactor,,2026.0,tR1,0.01,,-40.0,,,n-BuLi,anionic C1 carbenoid (thio-substituted),,synthetic,,,,,,,CCCC[Li],,,,0.01,,,
Okamoto et al. 2026 - Reductive generation of anionic C1 carbenoid species attached to organosulfur functional groups,88.0,reductive lithiation,THF,flow microreactor,,2026.0,tR1,0.1,,-40.0,,,n-BuLi,anionic C1 carbenoid (thio-substituted),,synthetic,,,,,,,CCCC[Li],,,,0.1,,,
Okamoto et al. 2026 - Reductive generation of anionic C1 carbenoid species attached to organosulfur functional groups,89.0,reductive lithiation,THF,flow microreactor,,2026.0,tR1,1.0,,-40.0,,,n-BuLi,anionic C1 carbenoid (thio-substituted),,synthetic,,,,,,,CCCC[Li],,,,1.0,,,
Okamoto et al. 2026 - Reductive generation of anionic C1 carbenoid species attached to organosulfur functional groups,77.0,reductive lithiation,THF,flow microreactor,,2026.0,tR1,3.16,,-40.0,,,n-BuLi,anionic C1 carbenoid (thio-substituted),,synthetic,,,,,,,CCCC[Li],,,,3.16,,,
Okamoto et al. 2026 - Reductive generation of anionic C1 carbenoid species attached to organosulfur functional groups,73.0,reductive lithiation,THF,flow microreactor,,2026.0,tR1,0.00316,,-60.0,,,n-BuLi,anionic C1 carbenoid (thio-substituted),,synthetic,,,,,,,CCCC[Li],,,,0.00316,,,
Okamoto et al. 2026 - Reductive generation of anionic C1 carbenoid species attached to organosulfur functional groups,88.0,reductive lithiation,THF,flow microreactor,,2026.0,tR1,0.01,,-60.0,,,n-BuLi,anionic C1 carbenoid (thio-substituted),,synthetic,,,,,,,CCCC[Li],,,,0.01,,,
Okamoto et al. 2026 - Reductive generation of anionic C1 carbenoid species attached to organosulfur functional groups,93.0,reductive lithiation,THF,flow microreactor,,2026.0,tR1,0.1,,-60.0,,,n-BuLi,anionic C1 carbenoid (thio-substituted),,synthetic,,,,,,,CCCC[Li],,,,0.1,,,
Okamoto et al. 2026 - Reductive generation of anionic C1 carbenoid species attached to organosulfur functional groups,93.0,reductive lithiation,THF,flow microreactor,,2026.0,tR1,1.0,,-60.0,,,n-BuLi,anionic C1 carbenoid (thio-substituted),,synthetic,,,,,,,CCCC[Li],,,,1.0,,,
Okamoto et al. 2026 - Reductive generation of anionic C1 carbenoid species attached to organosulfur functional groups,92.0,reductive lithiation,THF,flow microreactor,,2026.0,tR1,3.16,,-60.0,,,n-BuLi,anionic C1 carbenoid (thio-substituted),,synthetic,,,,,,,CCCC[Li],,,,3.16,,,
Okamoto et al. 2026 - Reductive generation of anionic C1 carbenoid species attached to organosulfur functional groups,63.0,reductive lithiation,THF,flow microreactor,,2026.0,tR1,0.00316,,-78.0,,,n-BuLi,anionic C1 carbenoid (thio-substituted),,synthetic,,,,,,,CCCC[Li],,,,0.00316,,,
Okamoto et al. 2026 - Reductive generation of anionic C1 carbenoid species attached to organosulfur functional groups,87.0,reductive lithiation,THF,flow microreactor,,2026.0,tR1,0.01,,-78.0,,,n-BuLi,anionic C1 carbenoid (thio-substituted),,synthetic,,,,,,,CCCC[Li],,,,0.01,,,
Okamoto et al. 2026 - Reductive generation of anionic C1 carbenoid species attached to organosulfur functional groups,91.0,reductive lithiation,THF,flow microreactor,,2026.0,tR1,0.1,,-78.0,,,n-BuLi,anionic C1 carbenoid (thio-substituted),,synthetic,,,,,,,CCCC[Li],,,,0.1,,,
Okamoto et al. 2026 - Reductive generation of anionic C1 carbenoid species attached to organosulfur functional groups,95.0,reductive lithiation,THF,flow microreactor,,2026.0,tR1,1.0,,-78.0,,,n-BuLi,anionic C1 carbenoid (thio-substituted),,synthetic,,,,,,,CCCC[Li],,,,1.0,,,
Okamoto et al. 2026 - Reductive generation of anionic C1 carbenoid species attached to organosulfur functional groups,95.0,reductive lithiation,THF,flow microreactor,,2026.0,tR1,3.16,,-78.0,,,n-BuLi,anionic C1 carbenoid (thio-substituted),,synthetic,,,,,,,CCCC[Li],,,,3.16,,,
Okamoto et al. 2026 - Reductive generation of anionic C1 carbenoid species attached to organosulfur functional groups,6.0,reductive lithiation,THF,flow microreactor,,2026.0,tR1,0.1,,0.0,,,n-BuLi,anionic C1 carbenoid (thio-substituted),,synthetic,,,,,,,CCCC[Li],,,,0.1,,,
Okamoto et al. 2026 - Reductive generation of anionic C1 carbenoid species attached to organosulfur functional groups,63.0,reductive lithiation,THF,flow microreactor,,2026.0,tR1,1.0,,0.0,,,n-BuLi,anionic C1 carbenoid (thio-substituted),,synthetic,,,,,,,CCCC[Li],,,,1.0,,,
Okamoto et al. 2026 - Reductive generation of anionic C1 carbenoid species attached to organosulfur functional groups,59.0,reductive lithiation,THF,flow microreactor,,2026.0,tR1,3.16,,0.0,,,n-BuLi,anionic C1 carbenoid (thio-substituted),,synthetic,,,,,,,CCCC[Li],,,,3.16,,,
Okamoto et al. 2026 - Reductive generation of anionic C1 carbenoid species attached to organosulfur functional groups,0.0,reductive lithiation,THF,flow microreactor,,2026.0,tR1,0.00316,,-20.0,,,n-BuLi,anionic C1 carbenoid (thio-substituted),,synthetic,,,,,,,CCCC[Li],,,,0.00316,,,
Okamoto et al. 2026 - Reductive generation of anionic C1 carbenoid species attached to organosulfur functional groups,0.0,reductive lithiation,THF,flow microreactor,,2026.0,tR1,0.01,,-20.0,,,n-BuLi,anionic C1 carbenoid (thio-substituted),,synthetic,,,,,,,CCCC[Li],,,,0.01,,,
Okamoto et al. 2026 - Reductive generation of anionic C1 carbenoid species attached to organosulfur functional groups,0.0,reductive lithiation,THF,flow microreactor,,2026.0,tR1,0.1,,-20.0,,,n-BuLi,anionic C1 carbenoid (thio-substituted),,synthetic,,,,,,,CCCC[Li],,,,0.1,,,
Okamoto et al. 2026 - Reductive generation of anionic C1 carbenoid species attached to organosulfur functional groups,10.0,reductive lithiation,THF,flow microreactor,,2026.0,tR1,1.0,,-20.0,,,n-BuLi,anionic C1 carbenoid (thio-substituted),,synthetic,,,,,,,CCCC[Li],,,,1.0,,,
Okamoto et al. 2026 - Reductive generation of anionic C1 carbenoid species attached to organosulfur functional groups,24.0,reductive lithiation,THF,flow microreactor,,2026.0,tR1,3.16,,-20.0,,,n-BuLi,anionic C1 carbenoid (thio-substituted),,synthetic,,,,,,,CCCC[Li],,,,3.16,,,
Okamoto et al. 2026 - Reductive generation of anionic C1 carbenoid species attached to organosulfur functional groups,0.0,reductive lithiation,THF,flow microreactor,,2026.0,tR1,0.00316,,-40.0,,,n-BuLi,anionic C1 carbenoid (thio-substituted),,synthetic,,,,,,,CCCC[Li],,,,0.00316,,,
Okamoto et al. 2026 - Reductive generation of anionic C1 carbenoid species attached to organosulfur functional groups,0.0,reductive lithiation,THF,flow microreactor,,2026.0,tR1,0.01,,-40.0,,,n-BuLi,anionic C1 carbenoid (thio-substituted),,synthetic,,,,,,,CCCC[Li],,,,0.01,,,
Okamoto et al. 2026 - Reductive generation of anionic C1 carbenoid species attached to organosulfur functional groups,0.0,reductive lithiation,THF,flow microreactor,,2026.0,tR1,0.1,,-40.0,,,n-BuLi,anionic C1 carbenoid (thio-substituted),,synthetic,,,,,,,CCCC[Li],,,,0.1,,,
Okamoto et al. 2026 - Reductive generation of anionic C1 carbenoid species attached to organosulfur functional groups,0.0,reductive lithiation,THF,flow microreactor,,2026.0,tR1,1.0,,-40.0,,,n-BuLi,anionic C1 carbenoid (thio-substituted),,synthetic,,,,,,,CCCC[Li],,,,1.0,,,
Okamoto et al. 2026 - Reductive generation of anionic C1 carbenoid species attached to organosulfur functional groups,0.0,reductive lithiation,THF,flow microreactor,,2026.0,tR1,3.16,,-40.0,,,n-BuLi,anionic C1 carbenoid (thio-substituted),,synthetic,,,,,,,CCCC[Li],,,,3.16,,,
Miyagishi et al. 2024 - Expanding the scope of C-glycoside synthesis from unstable organolithium reagents using flow microreactors,87.0,halogen-metal exchange,THF,flow microreactor,,2024.0,tR_generic,0.1,,40.0,,,n-BuLi,aryllithium (for C-glycosylation),,synthetic,,,,,,,CCCC[Li],,,,0.1,,,
Miyagishi et al. 2024 - Expanding the scope of C-glycoside synthesis from unstable organolithium reagents using flow microreactors,88.0,halogen-metal exchange,THF,flow microreactor,,2024.0,tR_generic,0.316,,40.0,,,n-BuLi,aryllithium (for C-glycosylation),,synthetic,,,,,,,CCCC[Li],,,,0.316,,,
Miyagishi et al. 2024 - Expanding the scope of C-glycoside synthesis from unstable organolithium reagents using flow microreactors,86.0,halogen-metal exchange,THF,flow microreactor,,2024.0,tR_generic,1.0,,40.0,,,n-BuLi,aryllithium (for C-glycosylation),,synthetic,,,,,,,CCCC[Li],,,,1.0,,0.0,
Miyagishi et al. 2024 - Expanding the scope of C-glycoside synthesis from unstable organolithium reagents using flow microreactors,78.0,halogen-metal exchange,THF,flow microreactor,,2024.0,tR_generic,3.16,,40.0,,,n-BuLi,aryllithium (for C-glycosylation),,synthetic,,,,,,,CCCC[Li],,,,3.16,,7.0,
Miyagishi et al. 2024 - Expanding the scope of C-glycoside synthesis from unstable organolithium reagents using flow microreactors,81.0,halogen-metal exchange,THF,flow microreactor,,2024.0,tR_generic,10.0,,40.0,,,n-BuLi,aryllithium (for C-glycosylation),,synthetic,,,,,,,CCCC[Li],,,,10.0,,,
Miyagishi et al. 2024 - Expanding the scope of C-glycoside synthesis from unstable organolithium reagents using flow microreactors,98.0,halogen-metal exchange,THF,flow microreactor,,2024.0,tR_generic,0.1,,20.0,,,n-BuLi,aryllithium (for C-glycosylation),,synthetic,,,,,,,CCCC[Li],,,,0.1,,98.0,
Miyagishi et al. 2024 - Expanding the scope of C-glycoside synthesis from unstable organolithium reagents using flow microreactors,97.0,halogen-metal exchange,THF,flow microreactor,,2024.0,tR_generic,0.316,,20.0,,,n-BuLi,aryllithium (for C-glycosylation),,synthetic,,,,,,,CCCC[Li],,,,0.316,,97.0,
Miyagishi et al. 2024 - Expanding the scope of C-glycoside synthesis from unstable organolithium reagents using flow microreactors,69.0,halogen-metal exchange,THF,flow microreactor,,2024.0,tR_generic,1.0,,20.0,,,n-BuLi,aryllithium (for C-glycosylation),,synthetic,,,,,,,CCCC[Li],,,,1.0,,69.0,
Miyagishi et al. 2024 - Expanding the scope of C-glycoside synthesis from unstable organolithium reagents using flow microreactors,95.0,halogen-metal exchange,THF,flow microreactor,,2024.0,tR_generic,3.16,,20.0,,,n-BuLi,aryllithium (for C-glycosylation),,synthetic,,,,,,,CCCC[Li],,,,3.16,,95.0,
Miyagishi et al. 2024 - Expanding the scope of C-glycoside synthesis from unstable organolithium reagents using flow microreactors,94.0,halogen-metal exchange,THF,flow microreactor,,2024.0,tR_generic,10.0,,20.0,,,n-BuLi,aryllithium (for C-glycosylation),,synthetic,,,,,,,CCCC[Li],,,,10.0,,,
Miyagishi et al. 2024 - Expanding the scope of C-glycoside synthesis from unstable organolithium reagents using flow microreactors,98.0,halogen-metal exchange,THF,flow microreactor,,2024.0,tR_generic,0.1,,0.0,,,n-BuLi,aryllithium (for C-glycosylation),,synthetic,,,,,,,CCCC[Li],,,,0.1,,98.0,
Miyagishi et al. 2024 - Expanding the scope of C-glycoside synthesis from unstable organolithium reagents using flow microreactors,96.0,halogen-metal exchange,THF,flow microreactor,,2024.0,tR_generic,0.316,,0.0,,,n-BuLi,aryllithium (for C-glycosylation),,synthetic,,,,,,,CCCC[Li],,,,0.316,,96.0,
Miyagishi et al. 2024 - Expanding the scope of C-glycoside synthesis from unstable organolithium reagents using flow microreactors,99.0,halogen-metal exchange,THF,flow microreactor,,2024.0,tR_generic,1.0,,0.0,,,n-BuLi,aryllithium (for C-glycosylation),,synthetic,,,,,,,CCCC[Li],,,,1.0,,99.0,
Miyagishi et al. 2024 - Expanding the scope of C-glycoside synthesis from unstable organolithium reagents using flow microreactors,98.0,halogen-metal exchange,THF,flow microreactor,,2024.0,tR_generic,3.16,,0.0,,,n-BuLi,aryllithium (for C-glycosylation),,synthetic,,,,,,,CCCC[Li],,,,3.16,,98.0,
Miyagishi et al. 2024 - Expanding the scope of C-glycoside synthesis from unstable organolithium reagents using flow microreactors,96.0,halogen-metal exchange,THF,flow microreactor,,2024.0,tR_generic,10.0,,0.0,,,n-BuLi,aryllithium (for C-glycosylation),,synthetic,,,,,,,CCCC[Li],,,,10.0,,96.0,
Miyagishi et al. 2024 - Expanding the scope of C-glycoside synthesis from unstable organolithium reagents using flow microreactors,95.0,halogen-metal exchange,THF,flow microreactor,,2024.0,tR_generic,0.1,,-20.0,,,n-BuLi,aryllithium (for C-glycosylation),,synthetic,,,,,,,CCCC[Li],,,,0.1,,95.0,
Miyagishi et al. 2024 - Expanding the scope of C-glycoside synthesis from unstable organolithium reagents using flow microreactors,96.0,halogen-metal exchange,THF,flow microreactor,,2024.0,tR_generic,0.316,,-20.0,,,n-BuLi,aryllithium (for C-glycosylation),,synthetic,,,,,,,CCCC[Li],,,,0.316,,96.0,
Miyagishi et al. 2024 - Expanding the scope of C-glycoside synthesis from unstable organolithium reagents using flow microreactors,84.0,halogen-metal exchange,THF,flow microreactor,,2024.0,tR_generic,1.0,,-20.0,,,n-BuLi,aryllithium (for C-glycosylation),,synthetic,,,,,,,CCCC[Li],,,,1.0,,84.0,
Miyagishi et al. 2024 - Expanding the scope of C-glycoside synthesis from unstable organolithium reagents using flow microreactors,99.0,halogen-metal exchange,THF,flow microreactor,,2024.0,tR_generic,3.16,,-20.0,,,n-BuLi,aryllithium (for C-glycosylation),,synthetic,,,,,,,CCCC[Li],,,,3.16,,99.0,
Miyagishi et al. 2024 - Expanding the scope of C-glycoside synthesis from unstable organolithium reagents using flow microreactors,100.0,halogen-metal exchange,THF,flow microreactor,,2024.0,tR_generic,10.0,,-20.0,,,n-BuLi,aryllithium (for C-glycosylation),,synthetic,,,,,,,CCCC[Li],,,,10.0,,,
Miyagishi et al. 2024 - Expanding the scope of C-glycoside synthesis from unstable organolithium reagents using flow microreactors,80.0,halogen-metal exchange,THF,flow microreactor,,2024.0,tR_generic,0.1,,-40.0,,,n-BuLi,aryllithium (for C-glycosylation),,synthetic,,,,,,,CCCC[Li],,,,0.1,,80.0,
Miyagishi et al. 2024 - Expanding the scope of C-glycoside synthesis from unstable organolithium reagents using flow microreactors,80.0,halogen-metal exchange,THF,flow microreactor,,2024.0,tR_generic,0.316,,-40.0,,,n-BuLi,aryllithium (for C-glycosylation),,synthetic,,,,,,,CCCC[Li],,,,0.316,,80.0,
Miyagishi et al. 2024 - Expanding the scope of C-glycoside synthesis from unstable organolithium reagents using flow microreactors,87.0,halogen-metal exchange,THF,flow microreactor,,2024.0,tR_generic,1.0,,-40.0,,,n-BuLi,aryllithium (for C-glycosylation),,synthetic,,,,,,,CCCC[Li],,,,1.0,,87.0,
Miyagishi et al. 2024 - Expanding the scope of C-glycoside synthesis from unstable organolithium reagents using flow microreactors,94.0,halogen-metal exchange,THF,flow microreactor,,2024.0,tR_generic,3.16,,-40.0,,,n-BuLi,aryllithium (for C-glycosylation),,synthetic,,,,,,,CCCC[Li],,,,3.16,,94.0,
Miyagishi et al. 2024 - Expanding the scope of C-glycoside synthesis from unstable organolithium reagents using flow microreactors,95.0,halogen-metal exchange,THF,flow microreactor,,2024.0,tR_generic,10.0,,-40.0,,,n-BuLi,aryllithium (for C-glycosylation),,synthetic,,,,,,,CCCC[Li],,,,10.0,,95.0,
Miyagishi et al. 2024 - Expanding the scope of C-glycoside synthesis from unstable organolithium reagents using flow microreactors,29.0,halogen-metal exchange,THF,flow microreactor,,2024.0,tR_generic,0.1,,-60.0,,,n-BuLi,aryllithium (for C-glycosylation),,synthetic,,,,,,,CCCC[Li],,,,0.1,,29.0,
Miyagishi et al. 2024 - Expanding the scope of C-glycoside synthesis from unstable organolithium reagents using flow microreactors,54.0,halogen-metal exchange,THF,flow microreactor,,2024.0,tR_generic,0.316,,-60.0,,,n-BuLi,aryllithium (for C-glycosylation),,synthetic,,,,,,,CCCC[Li],,,,0.316,,54.0,
Miyagishi et al. 2024 - Expanding the scope of C-glycoside synthesis from unstable organolithium reagents using flow microreactors,82.0,halogen-metal exchange,THF,flow microreactor,,2024.0,tR_generic,1.0,,-60.0,,,n-BuLi,aryllithium (for C-glycosylation),,synthetic,,,,,,,CCCC[Li],,,,1.0,,82.0,
Miyagishi et al. 2024 - Expanding the scope of C-glycoside synthesis from unstable organolithium reagents using flow microreactors,85.0,halogen-metal exchange,THF,flow microreactor,,2024.0,tR_generic,3.16,,-60.0,,,n-BuLi,aryllithium (for C-glycosylation),,synthetic,,,,,,,CCCC[Li],,,,3.16,,85.0,
Miyagishi et al. 2024 - Expanding the scope of C-glycoside synthesis from unstable organolithium reagents using flow microreactors,98.0,halogen-metal exchange,THF,flow microreactor,,2024.0,tR_generic,10.0,,-60.0,,,n-BuLi,aryllithium (for C-glycosylation),,synthetic,,,,,,,CCCC[Li],,,,10.0,,98.0,
80,96.0,C-C coupling,tetrahydrofuran,monolithic flow reactor,,2019.0,tR1,1.7,,0.0,,c1ccccc1Br,n-BuLi,aryllithium (then borylated to arylboronate),N#Cc1ccc(I)cc1,synthetic,N#Cc1ccc(-c2ccccc2)cc1,,0.5,,,c1ccccc1Br,CCCC[Li],[Li]c1ccccc1,N#Cc1ccc(I)cc1,N#Cc1ccc(-c2ccccc2)cc1,1.7,,,
80,0.0,C-C coupling,tetrahydrofuran,monolithic flow reactor,,2019.0,tR1,1.7,,0.0,,bromobenzene,n-BuLi,aryllithium (then borylated to arylboronate),N#Cc1ccc(Br)cc1,synthetic,N#Cc1ccc(-c2ccccc2)cc1,,0.5,,,Brc1ccccc1,CCCC[Li],[Li]c1ccccc1,N#Cc1ccc(Br)cc1,N#Cc1ccc(-c2ccccc2)cc1,1.7,,,
80,76.0,C-C coupling,tetrahydrofuran,monolithic flow reactor,,2019.0,tR1,1.7,,0.0,,bromobenzene,n-BuLi,aryllithium (then borylated to arylboronate),COC(=O)c1ccc(I)cc1,synthetic,COC(=O)c1ccc(-c2ccccc2)cc1,,0.5,,,Brc1ccccc1,CCCC[Li],[Li]c1ccccc1,COC(=O)c1ccc(I)cc1,COC(=O)c1ccc(-c2ccccc2)cc1,1.7,,,
80,6.0,C-C coupling,tetrahydrofuran,monolithic flow reactor,,2019.0,tR1,1.7,,0.0,,bromobenzene,n-BuLi,aryllithium (then borylated to arylboronate),Ic1ccccc1,synthetic,c1ccc(-c2ccccc2)cc1,,0.5,,,Brc1ccccc1,CCCC[Li],[Li]c1ccccc1,Ic1ccccc1,c1ccc(-c2ccccc2)cc1,1.7,,,
80,1.0,C-C coupling,tetrahydrofuran,monolithic flow reactor,,2019.0,tR1,1.7,,0.0,,bromobenzene,n-BuLi,aryllithium (then borylated to arylboronate),COc1ccc(I)cc1,synthetic,COc1ccc(-c2ccccc2)cc1,,0.5,,,Brc1ccccc1,CCCC[Li],[Li]c1ccccc1,COc1ccc(I)cc1,COc1ccc(-c2ccccc2)cc1,1.7,,,
80,86.0,C-C coupling,tetrahydrofuran,monolithic flow reactor,,2019.0,tR1,1.7,,0.0,,bromobenzene,n-BuLi,aryllithium (then borylated to arylboronate),Ic1cccs1,synthetic,c1ccc(-c2cccs2)cc1,,0.5,,,Brc1ccccc1,CCCC[Li],[Li]c1ccccc1,Ic1cccs1,c1ccc(-c2cccs2)cc1,1.7,,,
80,68.0,C-C coupling,tetrahydrofuran,monolithic flow reactor,,2019.0,tR1,0.059,,0.0,,N#Cc1ccc(Br)cc1,n-BuLi,aryllithium (then borylated to arylboronate),N#Cc1ccc(I)cc1,synthetic,N#Cc1ccc(-c2ccc(C#N)cc2)cc1,,0.5,,,N#Cc1ccc(Br)cc1,CCCC[Li],[Li]c1ccccc1,N#Cc1ccc(I)cc1,N#Cc1ccc(-c2ccc(C#N)cc2)cc1,0.059,,,
80,17.0,C-C coupling,tetrahydrofuran,monolithic flow reactor,,2019.0,tR1,0.059,,0.0,,bromobenzene,n-BuLi,aryllithium (then borylated to arylboronate),N#Cc1cccc(I)c1,synthetic,N#Cc1ccc(-c2cccc(C#N)c2)cc1,,0.5,,,Brc1ccccc1,CCCC[Li],[Li]c1ccccc1,N#Cc1cccc(I)c1,N#Cc1ccc(-c2cccc(C#N)c2)cc1,0.059,,,
80,12.0,C-C coupling,tetrahydrofuran,monolithic flow reactor,,2019.0,tR1,0.059,,0.0,,bromobenzene,n-BuLi,aryllithium (then borylated to arylboronate),N#Cc1ccccc1I,synthetic,N#Cc1ccc(-c2ccccc2C#N)cc1,,0.5,,,Brc1ccccc1,CCCC[Li],[Li]c1ccccc1,N#Cc1ccccc1I,N#Cc1ccc(-c2ccccc2C#N)cc1,0.059,,,
80,34.0,C-C coupling,tetrahydrofuran,monolithic flow reactor,,2019.0,tR1,0.059,,0.0,,bromobenzene,n-BuLi,aryllithium (then borylated to arylboronate),COC(=O)c1ccc(I)cc1,synthetic,COC(=O)c1ccc(-c2ccc(C#N)cc2)cc1,,0.5,,,Brc1ccccc1,CCCC[Li],[Li]c1ccccc1,COC(=O)c1ccc(I)cc1,COC(=O)c1ccc(-c2ccc(C#N)cc2)cc1,0.059,,,
80,63.0,C-C coupling,tetrahydrofuran,monolithic flow reactor,,2019.0,tR1,0.059,,0.0,,N#Cc1cccc(Br)c1,n-BuLi,aryllithium (then borylated to arylboronate),N#Cc1ccc(I)cc1,synthetic,N#Cc1ccc(-c2cccc(C#N)c2)cc1,,0.5,,,N#Cc1cccc(Br)c1,CCCC[Li],[Li]c1ccccc1,N#Cc1ccc(I)cc1,N#Cc1ccc(-c2cccc(C#N)c2)cc1,0.059,,,
80,15.0,C-C coupling,tetrahydrofuran,monolithic flow reactor,,2019.0,tR1,0.059,,0.0,,bromobenzene,n-BuLi,aryllithium (then borylated to arylboronate),COC(=O)c1ccc(I)cc1,synthetic,COC(=O)c1ccc(-c2cccc(C#N)c2)cc1,,0.5,,,Brc1ccccc1,CCCC[Li],[Li]c1ccccc1,COC(=O)c1ccc(I)cc1,COC(=O)c1ccc(-c2cccc(C#N)c2)cc1,0.059,,,
80,63.0,C-C coupling,tetrahydrofuran,monolithic flow reactor,,2019.0,tR1,0.059,,24.0,,N#Cc1ccccc1Br,n-BuLi,aryllithium (then borylated to arylboronate),N#Cc1ccc(I)cc1,synthetic,N#Cc1ccc(-c2ccccc2C#N)cc1,,0.5,,,N#Cc1ccccc1Br,CCCC[Li],[Li]c1ccccc1,N#Cc1ccc(I)cc1,N#Cc1ccc(-c2ccccc2C#N)cc1,0.059,,,
80,2.0,C-C coupling,tetrahydrofuran,monolithic flow reactor,,2019.0,tR1,0.059,,24.0,,bromobenzene,n-BuLi,aryllithium (then borylated to arylboronate),COC(=O)c1ccc(I)cc1,synthetic,COC(=O)c1ccc(-c2ccccc2C#N)cc1,,0.5,,,Brc1ccccc1,CCCC[Li],[Li]c1ccccc1,COC(=O)c1ccc(I)cc1,COC(=O)c1ccc(-c2ccccc2C#N)cc1,0.059,,,
80,0.0,C-C coupling,tetrahydrofuran,monolithic flow reactor,,2019.0,tR1,0.059,,0.0,,Brc1ccc(-c2ccc(Br)cc2)cc1,n-BuLi,aryllithium (then borylated to arylboronate),N#Cc1ccc(I)cc1,synthetic,Brc1ccc(-c2ccc(-c3ccc(C#N)cc3)cc2)cc1,,0.5,,,Brc1ccc(-c2ccc(Br)cc2)cc1,CCCC[Li],[Li]c1ccccc1,N#Cc1ccc(I)cc1,Brc1ccc(-c2ccc(-c3ccc(C#N)cc3)cc2)cc1,0.059,,,
80,83.0,C-C coupling,tetrahydrofuran,monolithic flow reactor,,2019.0,tR1,1.7,,0.0,,Brc1cccs1,n-BuLi,aryllithium (then borylated to arylboronate),Ic1cccs1,synthetic,c1csc(-c2cccs2)c1,,0.5,,,Brc1cccs1,CCCC[Li],[Li]c1ccccc1,Ic1cccs1,c1csc(-c2cccs2)c1,1.7,,,
80,78.0,C-C coupling,tetrahydrofuran,monolithic flow reactor,,2019.0,tR1,1.7,,0.0,,bromobenzene,n-BuLi,aryllithium (then borylated to arylboronate),N#Cc1ccc(I)cc1,synthetic,N#Cc1ccc(-c2cccs2)cc1,,0.5,,,Brc1ccccc1,CCCC[Li],[Li]c1ccccc1,N#Cc1ccc(I)cc1,N#Cc1ccc(-c2cccs2)cc1,1.7,,,
80,71.0,C-C coupling,tetrahydrofuran,monolithic flow reactor,,2019.0,tR1,1.7,,0.0,,bromobenzene,n-BuLi,aryllithium (then borylated to arylboronate),COC(=O)c1ccc(I)cc1,synthetic,COC(=O)c1ccc(-c2cccs2)cc1,,0.5,,,Brc1ccccc1,CCCC[Li],[Li]c1ccccc1,COC(=O)c1ccc(I)cc1,COC(=O)c1ccc(-c2cccs2)cc1,1.7,,,
80,96.0,C-C coupling,tetrahydrofuran,monolithic flow reactor,,2019.0,tR_generic,564.0,,,,bromobenzene,n-BuLi,aryllithium (then borylated to arylboronate),p-iodobenzonitrile,synthetic,biphenyl-4-carbonitrile,,0.5,,,Brc1ccccc1,CCCC[Li],[Li]c1ccccc1,N#Cc1ccc(I)cc1,N#Cc1ccc(-c2ccccc2)cc1,564.0,,,
80,96.0,C-C coupling,tetrahydrofuran,monolithic flow reactor,,2019.0,tR_generic,282.0,,,,bromobenzene,n-BuLi,aryllithium (then borylated to arylboronate),p-iodobenzonitrile,synthetic,biphenyl-4-carbonitrile,,0.5,,,Brc1ccccc1,CCCC[Li],[Li]c1ccccc1,N#Cc1ccc(I)cc1,N#Cc1ccc(-c2ccccc2)cc1,282.0,,,
80,81.0,C-C coupling,tetrahydrofuran,monolithic flow reactor,,2019.0,tR_generic,114.0,,,,bromobenzene,n-BuLi,aryllithium (then borylated to arylboronate),p-iodobenzonitrile,synthetic,biphenyl-4-carbonitrile,,0.5,,,Brc1ccccc1,CCCC[Li],[Li]c1ccccc1,N#Cc1ccc(I)cc1,N#Cc1ccc(-c2ccccc2)cc1,114.0,,,
80,66.0,C-C coupling,tetrahydrofuran,monolithic flow reactor,,2019.0,tR_generic,78.0,,,,bromobenzene,n-BuLi,aryllithium (then borylated to arylboronate),p-iodobenzonitrile,synthetic,biphenyl-4-carbonitrile,,0.5,,,Brc1ccccc1,CCCC[Li],[Li]c1ccccc1,N#Cc1ccc(I)cc1,N#Cc1ccc(-c2ccccc2)cc1,78.0,,,
80,98.0,C-C coupling,tetrahydrofuran,monolithic flow reactor,,2019.0,tR_generic,576.0,,,,bromobenzene,n-BuLi,aryllithium (then borylated to arylboronate),p-iodobenzonitrile,synthetic,biphenyl-4-carbonitrile,,0.5,,,Brc1ccccc1,CCCC[Li],[Li]c1ccccc1,N#Cc1ccc(I)cc1,N#Cc1ccc(-c2ccccc2)cc1,576.0,,,
80,100.0,C-C coupling,tetrahydrofuran,monolithic flow reactor,,2019.0,tR_generic,288.0,,,,bromobenzene,n-BuLi,aryllithium (then borylated to arylboronate),p-iodobenzonitrile,synthetic,biphenyl-4-carbonitrile,,0.5,,,Brc1ccccc1,CCCC[Li],[Li]c1ccccc1,N#Cc1ccc(I)cc1,N#Cc1ccc(-c2ccccc2)cc1,288.0,,,
80,87.0,C-C coupling,tetrahydrofuran,monolithic flow reactor,,2019.0,tR_generic,114.0,,,,bromobenzene,n-BuLi,aryllithium (then borylated to arylboronate),p-iodobenzonitrile,synthetic,biphenyl-4-carbonitrile,,0.5,,,Brc1ccccc1,CCCC[Li],[Li]c1ccccc1,N#Cc1ccc(I)cc1,N#Cc1ccc(-c2ccccc2)cc1,114.0,,,
80,67.0,C-C coupling,tetrahydrofuran,monolithic flow reactor,,2019.0,tR_generic,78.0,,,,bromobenzene,n-BuLi,aryllithium (then borylated to arylboronate),p-iodobenzonitrile,synthetic,biphenyl-4-carbonitrile,,0.5,,,Brc1ccccc1,CCCC[Li],[Li]c1ccccc1,N#Cc1ccc(I)cc1,N#Cc1ccc(-c2ccccc2)cc1,78.0,,,
80,98.0,C-C coupling,tetrahydrofuran,monolithic flow reactor,,2019.0,tR_generic,576.0,,,,bromobenzene,n-BuLi,aryllithium (then borylated to arylboronate),p-iodobenzonitrile,synthetic,biphenyl-4-carbonitrile,,0.5,,,Brc1ccccc1,CCCC[Li],[Li]c1ccccc1,N#Cc1ccc(I)cc1,N#Cc1ccc(-c2ccccc2)cc1,576.0,,,
80,97.0,C-C coupling,tetrahydrofuran,monolithic flow reactor,,2019.0,tR_generic,288.0,,,,bromobenzene,n-BuLi,aryllithium (then borylated to arylboronate),p-iodobenzonitrile,synthetic,biphenyl-4-carbonitrile,,0.5,,,Brc1ccccc1,CCCC[Li],[Li]c1ccccc1,N#Cc1ccc(I)cc1,N#Cc1ccc(-c2ccccc2)cc1,288.0,,,
80,86.0,C-C coupling,tetrahydrofuran,monolithic flow reactor,,2019.0,tR_generic,114.0,,,,bromobenzene,n-BuLi,aryllithium (then borylated to arylboronate),p-iodobenzonitrile,synthetic,biphenyl-4-carbonitrile,,0.5,,,Brc1ccccc1,CCCC[Li],[Li]c1ccccc1,N#Cc1ccc(I)cc1,N#Cc1ccc(-c2ccccc2)cc1,114.0,,,
80,55.0,C-C coupling,tetrahydrofuran,monolithic flow reactor,,2019.0,tR_generic,78.0,,,,bromobenzene,n-BuLi,aryllithium (then borylated to arylboronate),p-iodobenzonitrile,synthetic,biphenyl-4-carbonitrile,,0.5,,,Brc1ccccc1,CCCC[Li],[Li]c1ccccc1,N#Cc1ccc(I)cc1,N#Cc1ccc(-c2ccccc2)cc1,78.0,,,
80,100.0,C-C coupling,tetrahydrofuran,monolithic flow reactor,,2019.0,tR_generic,576.0,,,,bromobenzene,n-BuLi,aryllithium (then borylated to arylboronate),p-iodobenzonitrile,synthetic,biphenyl-4-carbonitrile,,0.5,,,Brc1ccccc1,CCCC[Li],[Li]c1ccccc1,N#Cc1ccc(I)cc1,N#Cc1ccc(-c2ccccc2)cc1,576.0,,,
80,99.0,C-C coupling,tetrahydrofuran,monolithic flow reactor,,2019.0,tR_generic,288.0,,,,bromobenzene,n-BuLi,aryllithium (then borylated to arylboronate),p-iodobenzonitrile,synthetic,biphenyl-4-carbonitrile,,0.5,,,Brc1ccccc1,CCCC[Li],[Li]c1ccccc1,N#Cc1ccc(I)cc1,N#Cc1ccc(-c2ccccc2)cc1,288.0,,,
80,75.0,C-C coupling,tetrahydrofuran,monolithic flow reactor,,2019.0,tR_generic,114.0,,,,bromobenzene,n-BuLi,aryllithium (then borylated to arylboronate),p-iodobenzonitrile,synthetic,biphenyl-4-carbonitrile,,0.5,,,Brc1ccccc1,CCCC[Li],[Li]c1ccccc1,N#Cc1ccc(I)cc1,N#Cc1ccc(-c2ccccc2)cc1,114.0,,,
80,52.0,C-C coupling,tetrahydrofuran,monolithic flow reactor,,2019.0,tR_generic,78.0,,,,bromobenzene,n-BuLi,aryllithium (then borylated to arylboronate),p-iodobenzonitrile,synthetic,biphenyl-4-carbonitrile,,0.5,,,Brc1ccccc1,CCCC[Li],[Li]c1ccccc1,N#Cc1ccc(I)cc1,N#Cc1ccc(-c2ccccc2)cc1,78.0,,,
80,62.0,C-C coupling,tetrahydrofuran,monolithic flow reactor,,2019.0,tR1,1.7,,0.0,,c1ccccc1Br,n-BuLi,aryllithium (then borylated to arylboronate),Ic1ccccc1,synthetic,c1ccc(-c2ccccc2)cc1,,0.5,,,c1ccccc1Br,CCCC[Li],[Li]c1ccccc1,Ic1ccccc1,c1ccc(-c2ccccc2)cc1,1.7,,,
80,41.0,C-C coupling,tetrahydrofuran,monolithic flow reactor,,2019.0,tR1,1.7,,0.0,,bromobenzene,n-BuLi,aryllithium (then borylated to arylboronate),COc1ccc(I)cc1,synthetic,COc1ccc(-c2ccccc2)cc1,,0.5,,,Brc1ccccc1,CCCC[Li],[Li]c1ccccc1,COc1ccc(I)cc1,COc1ccc(-c2ccccc2)cc1,1.7,,,
80,26.0,C-C coupling,tetrahydrofuran,monolithic flow reactor,,2019.0,tR1,0.059,,24.0,,N#Cc1ccccc1Br,n-BuLi,aryllithium (then borylated to arylboronate),O=Cc1ccc(I)cc1,synthetic,O=Cc1ccc(-c2ccccc2C#N)cc1,,0.5,,,N#Cc1ccccc1Br,CCCC[Li],[Li]c1ccccc1,O=Cc1ccc(I)cc1,O=Cc1ccc(-c2ccccc2C#N)cc1,0.059,,,
80,63.0,C-C coupling,tetrahydrofuran,monolithic flow reactor,,2019.0,tR1,0.059,,24.0,,bromobenzene,n-BuLi,aryllithium (then borylated to arylboronate),N#Cc1ccccc1I,synthetic,N#Cc1ccccc1-c1ccccc1C#N,,0.5,,,Brc1ccccc1,CCCC[Li],[Li]c1ccccc1,N#Cc1ccccc1I,N#Cc1ccccc1-c1ccccc1C#N,0.059,,,
80,43.0,C-C coupling,tetrahydrofuran,monolithic flow reactor,,2019.0,tR1,0.059,,24.0,,bromobenzene,n-BuLi,aryllithium (then borylated to arylboronate),COC(=O)c1ccccc1I,synthetic,COC(=O)c1ccccc1-c1ccccc1C#N,,0.5,,,Brc1ccccc1,CCCC[Li],[Li]c1ccccc1,COC(=O)c1ccccc1I,COC(=O)c1ccccc1-c1ccccc1C#N,0.059,,,
Nagaki et al. 2019 - Alkyllithium compounds bearing electrophilic functional groups - A flash chemistry approach (Angew Chem),71.0,halogen-metal exchange,THF,flow microreactor,,2019.0,tR_generic,3.4,,,,N#CCCCBr,s-BuLi,alkyllithium bearing EWG,,synthetic,N#CCCC(O)c1ccccc1,,,,,N#CCCCBr,CCC([Li])C,,,N#CCCC(O)c1ccccc1,3.4,,,"存疑:表格数据混入,tR未矫正"
Nagaki et al. 2019 - Alkyllithium compounds bearing electrophilic functional groups - A flash chemistry approach (Angew Chem),52.0,halogen-metal exchange,THF,flow microreactor,,2019.0,tR_generic,3.4,,,,N#CCCCBr,s-BuLi,alkyllithium bearing EWG,,synthetic,N#CCCCMe,,,,,N#CCCCBr,CCC([Li])C,,,N#CCCCMe,3.4,,,"存疑:表格数据混入,tR未矫正"
Nagaki et al. 2019 - Alkyllithium compounds bearing electrophilic functional groups - A flash chemistry approach (Angew Chem),72.0,halogen-metal exchange,THF,flow microreactor,,2019.0,tR_generic,3.4,,,,N#CCCI,s-BuLi,alkyllithium bearing EWG,,synthetic,N#CCCC(O)c1ccccc1,,,,,N#CCCI,CCC([Li])C,,,N#CCCC(O)c1ccccc1,3.4,,,"存疑:表格数据混入,tR未矫正"
Nagaki et al. 2019 - Alkyllithium compounds bearing electrophilic functional groups - A flash chemistry approach (Angew Chem),50.0,halogen-metal exchange,THF,flow microreactor,,2019.0,tR_generic,3.4,,,,O=C(CCCCBr)OC(C)(C)C,s-BuLi,alkyllithium bearing EWG,,synthetic,O=C(CCCC(O)c1ccccc1)OC(C)(C)C,,,,,O=C(CCCCBr)OC(C)(C)C,CCC([Li])C,,,O=C(CCCC(O)c1ccccc1)OC(C)(C)C,3.4,,,"存疑:表格数据混入,tR未矫正"
Nagaki et al. 2019 - Alkyllithium compounds bearing electrophilic functional groups - A flash chemistry approach (Angew Chem),80.0,halogen-metal exchange,THF,flow microreactor,,2019.0,tR_generic,2.0,,,,O=C(OCCl)C(C)(C)C,s-BuLi,alkyllithium bearing EWG,,synthetic,O=C(OC[Si](C)(C)c1ccccc1)C(C)(C)C,,,,,O=C(OCCl)C(C)(C)C,CCC([Li])C,,,O=C(OC[Si](C)(C)c1ccccc1)C(C)(C)C,2.0,,,"存疑:表格数据混入,tR未矫正"
Degennaro et al. 2016 - A direct and sustainable synthesis of tertiary butyl esters enabled by flow microreactors,42.0,C-H functionalization,THF,tube reactor,10.1002/chem.201504482,2016.0,tR2,,7.35,,,Boc-protected pyrrolidine,n-BuLi,alpha-lithiated Boc-pyrrolidine,Boc2O (di-tert-butyl dicarbonate),synthetic,α-lithiated Boc-pyrrolidine + Boc2O trapped product (6a),,,3.0,0.16,CC(C)(C)OC(=O)N1CCCC1,CCCC[Li],CC(C)(C)OC(=O)N1CCC([Li])C1,CC(C)(C)OC(=O)OC(=O)OC(C)(C)C,CC(C)(C)OC(=O)C1CCCN1C(=O)OC(C)(C)C,,7.35,,
Degennaro et al. 2016 - A direct and sustainable synthesis of tertiary butyl esters enabled by flow microreactors,45.0,C-H functionalization,THF,tube reactor,10.1002/chem.201504482,2016.0,tR2,,9.11,,,Boc-protected pyrrolidine,n-BuLi,alpha-lithiated Boc-pyrrolidine,Boc2O (di-tert-butyl dicarbonate),synthetic,α-lithiated Boc-pyrrolidine + Boc2O trapped product (6a),,,3.0,0.16,CC(C)(C)OC(=O)N1CCCC1,CCCC[Li],CC(C)(C)OC(=O)N1CCC([Li])C1,CC(C)(C)OC(=O)OC(=O)OC(C)(C)C,CC(C)(C)OC(=O)C1CCCN1C(=O)OC(C)(C)C,,9.11,,
Degennaro et al. 2016 - A direct and sustainable synthesis of tertiary butyl esters enabled by flow microreactors,60.0,C-H functionalization,THF,tube reactor,10.1002/chem.201504482,2016.0,tR2,,11.38,,,Boc-protected pyrrolidine,n-BuLi,alpha-lithiated Boc-pyrrolidine,Boc2O (di-tert-butyl dicarbonate),synthetic,α-lithiated Boc-pyrrolidine + Boc2O trapped product (6a),,,3.0,0.16,CC(C)(C)OC(=O)N1CCCC1,CCCC[Li],CC(C)(C)OC(=O)N1CCC([Li])C1,CC(C)(C)OC(=O)OC(=O)OC(C)(C)C,CC(C)(C)OC(=O)C1CCCN1C(=O)OC(C)(C)C,,11.38,,
Degennaro et al. 2016 - A direct and sustainable synthesis of tertiary butyl esters enabled by flow microreactors,90.0,C-H functionalization,THF,tube reactor,10.1002/chem.201504482,2016.0,tR2,,17.1,,,Boc-protected pyrrolidine,n-BuLi,alpha-lithiated Boc-pyrrolidine,Boc2O (di-tert-butyl dicarbonate),synthetic,α-lithiated Boc-pyrrolidine + Boc2O trapped product (6a),,,3.0,0.16,CC(C)(C)OC(=O)N1CCCC1,CCCC[Li],CC(C)(C)OC(=O)N1CCC([Li])C1,CC(C)(C)OC(=O)OC(=O)OC(C)(C)C,CC(C)(C)OC(=O)C1CCCN1C(=O)OC(C)(C)C,,17.1,,
Nagaki et al. 2019 - Generation and reaction of functional alkyllithiums by using microreactors,71.0,halogen-metal exchange,THF,flow microreactor,,2019.0,tR_generic,3.4,,,,,s-BuLi,functional alkyllithium,,synthetic,N#CCCC(O)c1ccccc1,,,,,,CCC([Li])C,,,N#CCCC(O)c1ccccc1,3.4,,,
Nagaki et al. 2019 - Generation and reaction of functional alkyllithiums by using microreactors,52.0,halogen-metal exchange,THF,flow microreactor,,2019.0,tR_generic,3.4,,,,,s-BuLi,functional alkyllithium,,synthetic,N#CCCCMe,,,,,,CCC([Li])C,,,N#CCCCMe,3.4,,,
Nagaki et al. 2019 - Generation and reaction of functional alkyllithiums by using microreactors,72.0,halogen-metal exchange,THF,flow microreactor,,2019.0,tR_generic,3.4,,,,,s-BuLi,functional alkyllithium,,synthetic,N#CCCC(O)c1ccccc1,,,,,,CCC([Li])C,,,N#CCCC(O)c1ccccc1,3.4,,,
Nagaki et al. 2019 - Generation and reaction of functional alkyllithiums by using microreactors,50.0,halogen-metal exchange,THF,flow microreactor,,2019.0,tR_generic,3.4,,,,,s-BuLi,functional alkyllithium,,synthetic,O=C(CCCC(O)c1ccccc1)OC(C)(C)C,,,,,,CCC([Li])C,,,O=C(CCCC(O)c1ccccc1)OC(C)(C)C,3.4,,,
Nagaki et al. 2019 - Generation and reaction of functional alkyllithiums by using microreactors,80.0,halogen-metal exchange,THF,flow microreactor,,2019.0,tR_generic,2.0,,,,,s-BuLi,functional alkyllithium,,synthetic,O=C(OC[Si](C)(C)c1ccccc1)C(C)(C)C,,,,,,CCC([Li])C,,,O=C(OC[Si](C)(C)c1ccccc1)C(C)(C)C,2.0,,,
Sun et al. 2020 - Practical and rapid construction of 2-pyridyl ketone library in continuous flow,81.0,,,,,,tR1,1.58,,,,aryl halide,n-BuLi,2-pyridyllithium,ethyl benzoate (PhCO₂Et),synthetic,aryl-alkyl coupling product,0.2,0.2,,0.3,Brc1ccccn1,CCCC[Li],[Li]c1ccccn1,CCOC(=O)c1ccccc1,,1.58,,,
Sun et al. 2020 - Practical and rapid construction of 2-pyridyl ketone library in continuous flow,88.0,,,,,,tR1,1.05,,,,aryl halide,n-BuLi,2-pyridyllithium,ethyl benzoate (PhCO₂Et),synthetic,aryl-alkyl coupling product,0.2,0.2,,0.3,Brc1ccccn1,CCCC[Li],[Li]c1ccccn1,CCOC(=O)c1ccccc1,,1.05,,,
Sun et al. 2020 - Practical and rapid construction of 2-pyridyl ketone library in continuous flow,86.0,,,,,,tR1,0.79,,,,aryl halide,n-BuLi,2-pyridyllithium,ethyl benzoate (PhCO₂Et),synthetic,aryl-alkyl coupling product,0.2,0.2,,0.3,Brc1ccccn1,CCCC[Li],[Li]c1ccccn1,CCOC(=O)c1ccccc1,,0.79,,,
Sun et al. 2020 - Practical and rapid construction of 2-pyridyl ketone library in continuous flow,85.0,,,,,,tR1,0.63,,,,aryl halide,n-BuLi,2-pyridyllithium,ethyl benzoate (PhCO₂Et),synthetic,aryl-alkyl coupling product,0.2,0.2,,0.3,Brc1ccccn1,CCCC[Li],[Li]c1ccccn1,CCOC(=O)c1ccccc1,,0.63,,,
Sun et al. 2020 - Practical and rapid construction of 2-pyridyl ketone library in continuous flow,75.0,,,,,,tR1,0.53,,,,aryl halide,n-BuLi,2-pyridyllithium,ethyl benzoate (PhCO₂Et),synthetic,aryl-alkyl coupling product,0.2,0.2,,0.3,Brc1ccccn1,CCCC[Li],[Li]c1ccccn1,CCOC(=O)c1ccccc1,,0.53,,,
Sun et al. 2020 - Practical and rapid construction of 2-pyridyl ketone library in continuous flow,87.0,,,,,,tR1,0.79,,,,aryl halide,n-BuLi,2-pyridyllithium,ethyl benzoate (PhCO₂Et),synthetic,aryl-alkyl coupling product,0.2,0.2,,0.3,Brc1ccccn1,CCCC[Li],[Li]c1ccccn1,CCOC(=O)c1ccccc1,,0.79,,,
