paper,yield_pct,reaction_class,solvent,reactor_type,paper_doi,paper_year,tR_step,tR1_s,tR2_s,T1_C,T2_C,substrate1,organolithium_reagent,intermediate,substrate2_electrophile,electrophile_type,product_final,conc_substrate_M,conc_orgLi_M,equiv_orgLi,conc_electrophile_M,substrate1_smiles,organolithium_smiles,intermediate_smiles,substrate2_smiles,product_smiles
three-component-coupling-based-on-flash-chemistry-carbolithiation-of-benzyne-with-functionalized-aryllithiums-followed,30,C-C coupling,,,10.1021/ja5071762,2014.0,tR1,0.01,,-50,,dihalobenzene (benzyne precursor),PhLi,aryllithium (via carbolithiation of benzyne),,synthetic,alcohol product,,,,,Ic1ccccc1I,[Li]c1ccccc1,,,
three-component-coupling-based-on-flash-chemistry-carbolithiation-of-benzyne-with-functionalized-aryllithiums-followed,51,C-C coupling,,,10.1021/ja5071762,2014.0,tR1,0.0316,,-50,,dihalobenzene (benzyne precursor),PhLi,aryllithium (via carbolithiation of benzyne),,synthetic,alcohol product,,,,,Ic1ccccc1I,[Li]c1ccccc1,,,
three-component-coupling-based-on-flash-chemistry-carbolithiation-of-benzyne-with-functionalized-aryllithiums-followed,60,C-C coupling,,,10.1021/ja5071762,2014.0,tR1,0.1,,-50,,dihalobenzene (benzyne precursor),PhLi,aryllithium (via carbolithiation of benzyne),,synthetic,alcohol product,,,,,Ic1ccccc1I,[Li]c1ccccc1,,,
three-component-coupling-based-on-flash-chemistry-carbolithiation-of-benzyne-with-functionalized-aryllithiums-followed,37,C-C coupling,,,10.1021/ja5071762,2014.0,tR1,0.316,,-50,,dihalobenzene (benzyne precursor),PhLi,aryllithium (via carbolithiation of benzyne),,synthetic,alcohol product,,,,,Ic1ccccc1I,[Li]c1ccccc1,,,
three-component-coupling-based-on-flash-chemistry-carbolithiation-of-benzyne-with-functionalized-aryllithiums-followed,15,C-C coupling,,,10.1021/ja5071762,2014.0,tR1,1.0,,-50,,dihalobenzene (benzyne precursor),PhLi,aryllithium (via carbolithiation of benzyne),,synthetic,alcohol product,,,,,Ic1ccccc1I,[Li]c1ccccc1,,,
three-component-coupling-based-on-flash-chemistry-carbolithiation-of-benzyne-with-functionalized-aryllithiums-followed,3,C-C coupling,,,10.1021/ja5071762,2014.0,tR1,3.16,,-50,,dihalobenzene (benzyne precursor),PhLi,aryllithium (via carbolithiation of benzyne),,synthetic,alcohol product,,,,,Ic1ccccc1I,[Li]c1ccccc1,,,
three-component-coupling-based-on-flash-chemistry-carbolithiation-of-benzyne-with-functionalized-aryllithiums-followed,0,C-C coupling,,,10.1021/ja5071762,2014.0,tR1,10.0,,-50,,dihalobenzene (benzyne precursor),PhLi,aryllithium (via carbolithiation of benzyne),,synthetic,alcohol product,,,,,Ic1ccccc1I,[Li]c1ccccc1,,,
three-component-coupling-based-on-flash-chemistry-carbolithiation-of-benzyne-with-functionalized-aryllithiums-followed,31,C-C coupling,,,10.1021/ja5071762,2014.0,tR1,0.01,,-60,,dihalobenzene (benzyne precursor),PhLi,aryllithium (via carbolithiation of benzyne),,synthetic,alcohol product,,,,,Ic1ccccc1I,[Li]c1ccccc1,,,
three-component-coupling-based-on-flash-chemistry-carbolithiation-of-benzyne-with-functionalized-aryllithiums-followed,38,C-C coupling,,,10.1021/ja5071762,2014.0,tR1,0.0316,,-60,,dihalobenzene (benzyne precursor),PhLi,aryllithium (via carbolithiation of benzyne),,synthetic,alcohol product,,,,,Ic1ccccc1I,[Li]c1ccccc1,,,
three-component-coupling-based-on-flash-chemistry-carbolithiation-of-benzyne-with-functionalized-aryllithiums-followed,62,C-C coupling,,,10.1021/ja5071762,2014.0,tR1,0.1,,-60,,dihalobenzene (benzyne precursor),PhLi,aryllithium (via carbolithiation of benzyne),,synthetic,alcohol product,,,,,Ic1ccccc1I,[Li]c1ccccc1,,,
three-component-coupling-based-on-flash-chemistry-carbolithiation-of-benzyne-with-functionalized-aryllithiums-followed,74,C-C coupling,,,10.1021/ja5071762,2014.0,tR1,0.316,,-60,,dihalobenzene (benzyne precursor),PhLi,aryllithium (via carbolithiation of benzyne),,synthetic,alcohol product,,,,,Ic1ccccc1I,[Li]c1ccccc1,,,
three-component-coupling-based-on-flash-chemistry-carbolithiation-of-benzyne-with-functionalized-aryllithiums-followed,71,C-C coupling,,,10.1021/ja5071762,2014.0,tR1,1.0,,-60,,dihalobenzene (benzyne precursor),PhLi,aryllithium (via carbolithiation of benzyne),,synthetic,alcohol product,,,,,Ic1ccccc1I,[Li]c1ccccc1,,,
three-component-coupling-based-on-flash-chemistry-carbolithiation-of-benzyne-with-functionalized-aryllithiums-followed,46,C-C coupling,,,10.1021/ja5071762,2014.0,tR1,3.16,,-60,,dihalobenzene (benzyne precursor),PhLi,aryllithium (via carbolithiation of benzyne),,synthetic,alcohol product,,,,,Ic1ccccc1I,[Li]c1ccccc1,,,
three-component-coupling-based-on-flash-chemistry-carbolithiation-of-benzyne-with-functionalized-aryllithiums-followed,22,C-C coupling,,,10.1021/ja5071762,2014.0,tR1,10.0,,-60,,dihalobenzene (benzyne precursor),PhLi,aryllithium (via carbolithiation of benzyne),,synthetic,alcohol product,,,,,Ic1ccccc1I,[Li]c1ccccc1,,,
three-component-coupling-based-on-flash-chemistry-carbolithiation-of-benzyne-with-functionalized-aryllithiums-followed,26,C-C coupling,,,10.1021/ja5071762,2014.0,tR1,0.01,,-70,,dihalobenzene (benzyne precursor),PhLi,aryllithium (via carbolithiation of benzyne),,synthetic,alcohol product,,,,,Ic1ccccc1I,[Li]c1ccccc1,,,
three-component-coupling-based-on-flash-chemistry-carbolithiation-of-benzyne-with-functionalized-aryllithiums-followed,29,C-C coupling,,,10.1021/ja5071762,2014.0,tR1,0.0316,,-70,,dihalobenzene (benzyne precursor),PhLi,aryllithium (via carbolithiation of benzyne),,synthetic,alcohol product,,,,,Ic1ccccc1I,[Li]c1ccccc1,,,
three-component-coupling-based-on-flash-chemistry-carbolithiation-of-benzyne-with-functionalized-aryllithiums-followed,41,C-C coupling,,,10.1021/ja5071762,2014.0,tR1,0.1,,-70,,dihalobenzene (benzyne precursor),PhLi,aryllithium (via carbolithiation of benzyne),,synthetic,alcohol product,,,,,Ic1ccccc1I,[Li]c1ccccc1,,,
three-component-coupling-based-on-flash-chemistry-carbolithiation-of-benzyne-with-functionalized-aryllithiums-followed,49,C-C coupling,,,10.1021/ja5071762,2014.0,tR1,0.316,,-70,,dihalobenzene (benzyne precursor),PhLi,aryllithium (via carbolithiation of benzyne),,synthetic,alcohol product,,,,,Ic1ccccc1I,[Li]c1ccccc1,,,
three-component-coupling-based-on-flash-chemistry-carbolithiation-of-benzyne-with-functionalized-aryllithiums-followed,68,C-C coupling,,,10.1021/ja5071762,2014.0,tR1,1.0,,-70,,dihalobenzene (benzyne precursor),PhLi,aryllithium (via carbolithiation of benzyne),,synthetic,alcohol product,,,,,Ic1ccccc1I,[Li]c1ccccc1,,,
three-component-coupling-based-on-flash-chemistry-carbolithiation-of-benzyne-with-functionalized-aryllithiums-followed,80,C-C coupling,,,10.1021/ja5071762,2014.0,tR1,3.16,,-70,,dihalobenzene (benzyne precursor),PhLi,aryllithium (via carbolithiation of benzyne),,synthetic,alcohol product,,,,,Ic1ccccc1I,[Li]c1ccccc1,,,
three-component-coupling-based-on-flash-chemistry-carbolithiation-of-benzyne-with-functionalized-aryllithiums-followed,74,C-C coupling,,,10.1021/ja5071762,2014.0,tR1,10.0,,-70,,dihalobenzene (benzyne precursor),PhLi,aryllithium (via carbolithiation of benzyne),,synthetic,alcohol product,,,,,Ic1ccccc1I,[Li]c1ccccc1,,,
three-component-coupling-based-on-flash-chemistry-carbolithiation-of-benzyne-with-functionalized-aryllithiums-followed,19,C-C coupling,,,10.1021/ja5071762,2014.0,tR1,0.01,,-78,,dihalobenzene (benzyne precursor),PhLi,aryllithium (via carbolithiation of benzyne),,synthetic,alcohol product,,,,,Ic1ccccc1I,[Li]c1ccccc1,,,
three-component-coupling-based-on-flash-chemistry-carbolithiation-of-benzyne-with-functionalized-aryllithiums-followed,14,C-C coupling,,,10.1021/ja5071762,2014.0,tR1,0.0316,,-78,,dihalobenzene (benzyne precursor),PhLi,aryllithium (via carbolithiation of benzyne),,synthetic,alcohol product,,,,,Ic1ccccc1I,[Li]c1ccccc1,,,
three-component-coupling-based-on-flash-chemistry-carbolithiation-of-benzyne-with-functionalized-aryllithiums-followed,17,C-C coupling,,,10.1021/ja5071762,2014.0,tR1,0.1,,-78,,dihalobenzene (benzyne precursor),PhLi,aryllithium (via carbolithiation of benzyne),,synthetic,alcohol product,,,,,Ic1ccccc1I,[Li]c1ccccc1,,,
three-component-coupling-based-on-flash-chemistry-carbolithiation-of-benzyne-with-functionalized-aryllithiums-followed,27,C-C coupling,,,10.1021/ja5071762,2014.0,tR1,0.316,,-78,,dihalobenzene (benzyne precursor),PhLi,aryllithium (via carbolithiation of benzyne),,synthetic,alcohol product,,,,,Ic1ccccc1I,[Li]c1ccccc1,,,
three-component-coupling-based-on-flash-chemistry-carbolithiation-of-benzyne-with-functionalized-aryllithiums-followed,36,C-C coupling,,,10.1021/ja5071762,2014.0,tR1,1.0,,-78,,dihalobenzene (benzyne precursor),PhLi,aryllithium (via carbolithiation of benzyne),,synthetic,alcohol product,,,,,Ic1ccccc1I,[Li]c1ccccc1,,,
three-component-coupling-based-on-flash-chemistry-carbolithiation-of-benzyne-with-functionalized-aryllithiums-followed,52,C-C coupling,,,10.1021/ja5071762,2014.0,tR1,3.16,,-78,,dihalobenzene (benzyne precursor),PhLi,aryllithium (via carbolithiation of benzyne),,synthetic,alcohol product,,,,,Ic1ccccc1I,[Li]c1ccccc1,,,
three-component-coupling-based-on-flash-chemistry-carbolithiation-of-benzyne-with-functionalized-aryllithiums-followed,76,C-C coupling,,,10.1021/ja5071762,2014.0,tR1,10.0,,-78,,dihalobenzene (benzyne precursor),PhLi,aryllithium (via carbolithiation of benzyne),,synthetic,alcohol product,,,,,Ic1ccccc1I,[Li]c1ccccc1,,,
three-component-coupling-based-on-flash-chemistry-carbolithiation-of-benzyne-with-functionalized-aryllithiums-followed,0,C-C coupling,,,10.1021/ja5071762,2014.0,tR1,31.6,,-50,,dihalobenzene (benzyne precursor),PhLi,aryllithium (via carbolithiation of benzyne),,synthetic,alcohol product,,,,,Ic1ccccc1I,[Li]c1ccccc1,,,
three-component-coupling-based-on-flash-chemistry-carbolithiation-of-benzyne-with-functionalized-aryllithiums-followed,9,C-C coupling,,,10.1021/ja5071762,2014.0,tR1,31.6,,-60,,dihalobenzene (benzyne precursor),PhLi,aryllithium (via carbolithiation of benzyne),,synthetic,alcohol product,,,,,Ic1ccccc1I,[Li]c1ccccc1,,,
three-component-coupling-based-on-flash-chemistry-carbolithiation-of-benzyne-with-functionalized-aryllithiums-followed,60,C-C coupling,,,10.1021/ja5071762,2014.0,tR1,31.6,,-70,,dihalobenzene (benzyne precursor),PhLi,aryllithium (via carbolithiation of benzyne),,synthetic,alcohol product,,,,,Ic1ccccc1I,[Li]c1ccccc1,,,
three-component-coupling-based-on-flash-chemistry-carbolithiation-of-benzyne-with-functionalized-aryllithiums-followed,81,C-C coupling,,,10.1021/ja5071762,2014.0,tR1,31.6,,-78,,dihalobenzene (benzyne precursor),PhLi,aryllithium (via carbolithiation of benzyne),,synthetic,alcohol product,,,,,Ic1ccccc1I,[Li]c1ccccc1,,,
three-component-coupling-based-on-flash-chemistry-carbolithiation-of-benzyne-with-functionalized-aryllithiums-followed,58,C-C coupling,,,10.1021/ja5071762,2014.0,tR1,0.01,,-50,,"1,2-diiodobenzene",PhLi,"(I, Li substituents on benzene ring)",PhCHO (benzaldehyde),synthetic,alcohol product,,,,,Ic1ccccc1I,[Li]c1ccccc1,Ic1ccccc1[Li],O=Cc1ccccc1,
three-component-coupling-based-on-flash-chemistry-carbolithiation-of-benzyne-with-functionalized-aryllithiums-followed,17,C-C coupling,,,10.1021/ja5071762,2014.0,tR1,0.0316,,-50,,"1,2-diiodobenzene",PhLi,"(I, Li substituents on benzene ring)",PhCHO (benzaldehyde),synthetic,alcohol product,,,,,Ic1ccccc1I,[Li]c1ccccc1,Ic1ccccc1[Li],O=Cc1ccccc1,
three-component-coupling-based-on-flash-chemistry-carbolithiation-of-benzyne-with-functionalized-aryllithiums-followed,0,C-C coupling,,,10.1021/ja5071762,2014.0,tR1,0.1,,-50,,"1,2-diiodobenzene",PhLi,"(I, Li substituents on benzene ring)",PhCHO (benzaldehyde),synthetic,alcohol product,,,,,Ic1ccccc1I,[Li]c1ccccc1,Ic1ccccc1[Li],O=Cc1ccccc1,
three-component-coupling-based-on-flash-chemistry-carbolithiation-of-benzyne-with-functionalized-aryllithiums-followed,0,C-C coupling,,,10.1021/ja5071762,2014.0,tR1,0.316,,-50,,"1,2-diiodobenzene",PhLi,"(I, Li substituents on benzene ring)",PhCHO (benzaldehyde),synthetic,alcohol product,,,,,Ic1ccccc1I,[Li]c1ccccc1,Ic1ccccc1[Li],O=Cc1ccccc1,
three-component-coupling-based-on-flash-chemistry-carbolithiation-of-benzyne-with-functionalized-aryllithiums-followed,0,C-C coupling,,,10.1021/ja5071762,2014.0,tR1,1.0,,-50,,"1,2-diiodobenzene",PhLi,"(I, Li substituents on benzene ring)",PhCHO (benzaldehyde),synthetic,alcohol product,,,,,Ic1ccccc1I,[Li]c1ccccc1,Ic1ccccc1[Li],O=Cc1ccccc1,
three-component-coupling-based-on-flash-chemistry-carbolithiation-of-benzyne-with-functionalized-aryllithiums-followed,80,C-C coupling,,,10.1021/ja5071762,2014.0,tR1,0.01,,-60,,"1,2-diiodobenzene",PhLi,"(I, Li substituents on benzene ring)",PhCHO (benzaldehyde),synthetic,alcohol product,,,,,Ic1ccccc1I,[Li]c1ccccc1,Ic1ccccc1[Li],O=Cc1ccccc1,
three-component-coupling-based-on-flash-chemistry-carbolithiation-of-benzyne-with-functionalized-aryllithiums-followed,59,C-C coupling,,,10.1021/ja5071762,2014.0,tR1,0.0316,,-60,,"1,2-diiodobenzene",PhLi,"(I, Li substituents on benzene ring)",PhCHO (benzaldehyde),synthetic,alcohol product,,,,,Ic1ccccc1I,[Li]c1ccccc1,Ic1ccccc1[Li],O=Cc1ccccc1,
three-component-coupling-based-on-flash-chemistry-carbolithiation-of-benzyne-with-functionalized-aryllithiums-followed,10,C-C coupling,,,10.1021/ja5071762,2014.0,tR1,0.1,,-60,,"1,2-diiodobenzene",PhLi,"(I, Li substituents on benzene ring)",PhCHO (benzaldehyde),synthetic,alcohol product,,,,,Ic1ccccc1I,[Li]c1ccccc1,Ic1ccccc1[Li],O=Cc1ccccc1,
three-component-coupling-based-on-flash-chemistry-carbolithiation-of-benzyne-with-functionalized-aryllithiums-followed,0,C-C coupling,,,10.1021/ja5071762,2014.0,tR1,0.316,,-60,,"1,2-diiodobenzene",PhLi,"(I, Li substituents on benzene ring)",PhCHO (benzaldehyde),synthetic,alcohol product,,,,,Ic1ccccc1I,[Li]c1ccccc1,Ic1ccccc1[Li],O=Cc1ccccc1,
three-component-coupling-based-on-flash-chemistry-carbolithiation-of-benzyne-with-functionalized-aryllithiums-followed,0,C-C coupling,,,10.1021/ja5071762,2014.0,tR1,1.0,,-60,,"1,2-diiodobenzene",PhLi,"(I, Li substituents on benzene ring)",PhCHO (benzaldehyde),synthetic,alcohol product,,,,,Ic1ccccc1I,[Li]c1ccccc1,Ic1ccccc1[Li],O=Cc1ccccc1,
three-component-coupling-based-on-flash-chemistry-carbolithiation-of-benzyne-with-functionalized-aryllithiums-followed,0,C-C coupling,,,10.1021/ja5071762,2014.0,tR1,3.16,,-60,,"1,2-diiodobenzene",PhLi,"(I, Li substituents on benzene ring)",PhCHO (benzaldehyde),synthetic,alcohol product,,,,,Ic1ccccc1I,[Li]c1ccccc1,Ic1ccccc1[Li],O=Cc1ccccc1,
three-component-coupling-based-on-flash-chemistry-carbolithiation-of-benzyne-with-functionalized-aryllithiums-followed,81,C-C coupling,,,10.1021/ja5071762,2014.0,tR1,0.01,,-70,,"1,2-diiodobenzene",PhLi,"(I, Li substituents on benzene ring)",PhCHO (benzaldehyde),synthetic,alcohol product,,,,,Ic1ccccc1I,[Li]c1ccccc1,Ic1ccccc1[Li],O=Cc1ccccc1,
three-component-coupling-based-on-flash-chemistry-carbolithiation-of-benzyne-with-functionalized-aryllithiums-followed,75,C-C coupling,,,10.1021/ja5071762,2014.0,tR1,0.0316,,-70,,"1,2-diiodobenzene",PhLi,"(I, Li substituents on benzene ring)",PhCHO (benzaldehyde),synthetic,alcohol product,,,,,Ic1ccccc1I,[Li]c1ccccc1,Ic1ccccc1[Li],O=Cc1ccccc1,
three-component-coupling-based-on-flash-chemistry-carbolithiation-of-benzyne-with-functionalized-aryllithiums-followed,55,C-C coupling,,,10.1021/ja5071762,2014.0,tR1,0.1,,-70,,"1,2-diiodobenzene",PhLi,"(I, Li substituents on benzene ring)",PhCHO (benzaldehyde),synthetic,alcohol product,,,,,Ic1ccccc1I,[Li]c1ccccc1,Ic1ccccc1[Li],O=Cc1ccccc1,
three-component-coupling-based-on-flash-chemistry-carbolithiation-of-benzyne-with-functionalized-aryllithiums-followed,36,C-C coupling,,,10.1021/ja5071762,2014.0,tR1,0.316,,-70,,"1,2-diiodobenzene",PhLi,"(I, Li substituents on benzene ring)",PhCHO (benzaldehyde),synthetic,alcohol product,,,,,Ic1ccccc1I,[Li]c1ccccc1,Ic1ccccc1[Li],O=Cc1ccccc1,
three-component-coupling-based-on-flash-chemistry-carbolithiation-of-benzyne-with-functionalized-aryllithiums-followed,14,C-C coupling,,,10.1021/ja5071762,2014.0,tR1,1.0,,-70,,"1,2-diiodobenzene",PhLi,"(I, Li substituents on benzene ring)",PhCHO (benzaldehyde),synthetic,alcohol product,,,,,Ic1ccccc1I,[Li]c1ccccc1,Ic1ccccc1[Li],O=Cc1ccccc1,
three-component-coupling-based-on-flash-chemistry-carbolithiation-of-benzyne-with-functionalized-aryllithiums-followed,5,C-C coupling,,,10.1021/ja5071762,2014.0,tR1,3.16,,-70,,"1,2-diiodobenzene",PhLi,"(I, Li substituents on benzene ring)",PhCHO (benzaldehyde),synthetic,alcohol product,,,,,Ic1ccccc1I,[Li]c1ccccc1,Ic1ccccc1[Li],O=Cc1ccccc1,
three-component-coupling-based-on-flash-chemistry-carbolithiation-of-benzyne-with-functionalized-aryllithiums-followed,76,C-C coupling,,,10.1021/ja5071762,2014.0,tR1,0.01,,-78,,"1,2-diiodobenzene",PhLi,"(I, Li substituents on benzene ring)",PhCHO (benzaldehyde),synthetic,alcohol product,,,,,Ic1ccccc1I,[Li]c1ccccc1,Ic1ccccc1[Li],O=Cc1ccccc1,
three-component-coupling-based-on-flash-chemistry-carbolithiation-of-benzyne-with-functionalized-aryllithiums-followed,72,C-C coupling,,,10.1021/ja5071762,2014.0,tR1,0.0316,,-78,,"1,2-diiodobenzene",PhLi,"(I, Li substituents on benzene ring)",PhCHO (benzaldehyde),synthetic,alcohol product,,,,,Ic1ccccc1I,[Li]c1ccccc1,Ic1ccccc1[Li],O=Cc1ccccc1,
three-component-coupling-based-on-flash-chemistry-carbolithiation-of-benzyne-with-functionalized-aryllithiums-followed,68,C-C coupling,,,10.1021/ja5071762,2014.0,tR1,0.1,,-78,,"1,2-diiodobenzene",PhLi,"(I, Li substituents on benzene ring)",PhCHO (benzaldehyde),synthetic,alcohol product,,,,,Ic1ccccc1I,[Li]c1ccccc1,Ic1ccccc1[Li],O=Cc1ccccc1,
three-component-coupling-based-on-flash-chemistry-carbolithiation-of-benzyne-with-functionalized-aryllithiums-followed,71,C-C coupling,,,10.1021/ja5071762,2014.0,tR1,0.316,,-78,,"1,2-diiodobenzene",PhLi,"(I, Li substituents on benzene ring)",PhCHO (benzaldehyde),synthetic,alcohol product,,,,,Ic1ccccc1I,[Li]c1ccccc1,Ic1ccccc1[Li],O=Cc1ccccc1,
three-component-coupling-based-on-flash-chemistry-carbolithiation-of-benzyne-with-functionalized-aryllithiums-followed,65,C-C coupling,,,10.1021/ja5071762,2014.0,tR1,1.0,,-78,,"1,2-diiodobenzene",PhLi,"(I, Li substituents on benzene ring)",PhCHO (benzaldehyde),synthetic,alcohol product,,,,,Ic1ccccc1I,[Li]c1ccccc1,Ic1ccccc1[Li],O=Cc1ccccc1,
three-component-coupling-based-on-flash-chemistry-carbolithiation-of-benzyne-with-functionalized-aryllithiums-followed,43,C-C coupling,,,10.1021/ja5071762,2014.0,tR1,3.16,,-78,,"1,2-diiodobenzene",PhLi,"(I, Li substituents on benzene ring)",PhCHO (benzaldehyde),synthetic,alcohol product,,,,,Ic1ccccc1I,[Li]c1ccccc1,Ic1ccccc1[Li],O=Cc1ccccc1,
three-component-coupling-based-on-flash-chemistry-carbolithiation-of-benzyne-with-functionalized-aryllithiums-followed,9,C-C coupling,,,10.1021/ja5071762,2014.0,tR1,10.0,,-70,,"1,2-diiodobenzene",PhLi,"(I, Li substituents on benzene ring)",PhCHO (benzaldehyde),synthetic,alcohol product,,,,,Ic1ccccc1I,[Li]c1ccccc1,Ic1ccccc1[Li],O=Cc1ccccc1,
three-component-coupling-based-on-flash-chemistry-carbolithiation-of-benzyne-with-functionalized-aryllithiums-followed,23,C-C coupling,,,10.1021/ja5071762,2014.0,tR1,10.0,,-78,,"1,2-diiodobenzene",PhLi,"(I, Li substituents on benzene ring)",PhCHO (benzaldehyde),synthetic,alcohol product,,,,,Ic1ccccc1I,[Li]c1ccccc1,Ic1ccccc1[Li],O=Cc1ccccc1,
three-component-coupling-based-on-flash-chemistry-carbolithiation-of-benzyne-with-functionalized-aryllithiums-followed,4,C-C coupling,,,10.1021/ja5071762,2014.0,tR1,31.6,,-78,,"1,2-diiodobenzene",PhLi,"(I, Li substituents on benzene ring)",PhCHO (benzaldehyde),synthetic,alcohol product,,,,,Ic1ccccc1I,[Li]c1ccccc1,Ic1ccccc1[Li],O=Cc1ccccc1,
three-component-coupling-based-on-flash-chemistry-carbolithiation-of-benzyne-with-functionalized-aryllithiums-followed,0,C-C coupling,,,10.1021/ja5071762,2014.0,tR1,31.6,,-70,,"1,2-diiodobenzene",PhLi,"(I, Li substituents on benzene ring)",PhCHO (benzaldehyde),synthetic,alcohol product,,,,,Ic1ccccc1I,[Li]c1ccccc1,Ic1ccccc1[Li],O=Cc1ccccc1,
three-component-coupling-based-on-flash-chemistry-carbolithiation-of-benzyne-with-functionalized-aryllithiums-followed,0,C-C coupling,,,10.1021/ja5071762,2014.0,tR1,31.6,,-60,,"1,2-diiodobenzene",PhLi,"(I, Li substituents on benzene ring)",PhCHO (benzaldehyde),synthetic,alcohol product,,,,,Ic1ccccc1I,[Li]c1ccccc1,Ic1ccccc1[Li],O=Cc1ccccc1,
three-component-coupling-based-on-flash-chemistry-carbolithiation-of-benzyne-with-functionalized-aryllithiums-followed,0,C-C coupling,,,10.1021/ja5071762,2014.0,tR1,31.6,,-50,,"1,2-diiodobenzene",PhLi,"(I, Li substituents on benzene ring)",PhCHO (benzaldehyde),synthetic,alcohol product,,,,,Ic1ccccc1I,[Li]c1ccccc1,Ic1ccccc1[Li],O=Cc1ccccc1,
three-component-coupling-based-on-flash-chemistry-carbolithiation-of-benzyne-with-functionalized-aryllithiums-followed,75,C-C coupling,,,10.1021/ja5071762,2014.0,tR1,0.01,,-50,,2-bromoiodobenzene,PhLi,"(Br, Li substituents on benzene ring)",PhCHO (benzaldehyde),synthetic,alcohol product,,,,,Brc1ccccc1I,[Li]c1ccccc1,Brc1ccccc1[Li],O=Cc1ccccc1,
three-component-coupling-based-on-flash-chemistry-carbolithiation-of-benzyne-with-functionalized-aryllithiums-followed,85,C-C coupling,,,10.1021/ja5071762,2014.0,tR1,0.0316,,-50,,2-bromoiodobenzene,PhLi,"(Br, Li substituents on benzene ring)",PhCHO (benzaldehyde),synthetic,alcohol product,,,,,Brc1ccccc1I,[Li]c1ccccc1,Brc1ccccc1[Li],O=Cc1ccccc1,
three-component-coupling-based-on-flash-chemistry-carbolithiation-of-benzyne-with-functionalized-aryllithiums-followed,58,C-C coupling,,,10.1021/ja5071762,2014.0,tR1,0.1,,-50,,2-bromoiodobenzene,PhLi,"(Br, Li substituents on benzene ring)",PhCHO (benzaldehyde),synthetic,alcohol product,,,,,Brc1ccccc1I,[Li]c1ccccc1,Brc1ccccc1[Li],O=Cc1ccccc1,
three-component-coupling-based-on-flash-chemistry-carbolithiation-of-benzyne-with-functionalized-aryllithiums-followed,37,C-C coupling,,,10.1021/ja5071762,2014.0,tR1,0.316,,-50,,2-bromoiodobenzene,PhLi,"(Br, Li substituents on benzene ring)",PhCHO (benzaldehyde),synthetic,alcohol product,,,,,Brc1ccccc1I,[Li]c1ccccc1,Brc1ccccc1[Li],O=Cc1ccccc1,
three-component-coupling-based-on-flash-chemistry-carbolithiation-of-benzyne-with-functionalized-aryllithiums-followed,33,C-C coupling,,,10.1021/ja5071762,2014.0,tR1,1.0,,-50,,2-bromoiodobenzene,PhLi,"(Br, Li substituents on benzene ring)",PhCHO (benzaldehyde),synthetic,alcohol product,,,,,Brc1ccccc1I,[Li]c1ccccc1,Brc1ccccc1[Li],O=Cc1ccccc1,
three-component-coupling-based-on-flash-chemistry-carbolithiation-of-benzyne-with-functionalized-aryllithiums-followed,14,C-C coupling,,,10.1021/ja5071762,2014.0,tR1,3.16,,-50,,2-bromoiodobenzene,PhLi,"(Br, Li substituents on benzene ring)",PhCHO (benzaldehyde),synthetic,alcohol product,,,,,Brc1ccccc1I,[Li]c1ccccc1,Brc1ccccc1[Li],O=Cc1ccccc1,
three-component-coupling-based-on-flash-chemistry-carbolithiation-of-benzyne-with-functionalized-aryllithiums-followed,0,C-C coupling,,,10.1021/ja5071762,2014.0,tR1,10.0,,-50,,2-bromoiodobenzene,PhLi,"(Br, Li substituents on benzene ring)",PhCHO (benzaldehyde),synthetic,alcohol product,,,,,Brc1ccccc1I,[Li]c1ccccc1,Brc1ccccc1[Li],O=Cc1ccccc1,
three-component-coupling-based-on-flash-chemistry-carbolithiation-of-benzyne-with-functionalized-aryllithiums-followed,0,C-C coupling,,,10.1021/ja5071762,2014.0,tR1,31.6,,-50,,2-bromoiodobenzene,PhLi,"(Br, Li substituents on benzene ring)",PhCHO (benzaldehyde),synthetic,alcohol product,,,,,Brc1ccccc1I,[Li]c1ccccc1,Brc1ccccc1[Li],O=Cc1ccccc1,
three-component-coupling-based-on-flash-chemistry-carbolithiation-of-benzyne-with-functionalized-aryllithiums-followed,74,C-C coupling,,,10.1021/ja5071762,2014.0,tR1,0.01,,-60,,2-bromoiodobenzene,PhLi,"(Br, Li substituents on benzene ring)",PhCHO (benzaldehyde),synthetic,alcohol product,,,,,Brc1ccccc1I,[Li]c1ccccc1,Brc1ccccc1[Li],O=Cc1ccccc1,
three-component-coupling-based-on-flash-chemistry-carbolithiation-of-benzyne-with-functionalized-aryllithiums-followed,88,C-C coupling,,,10.1021/ja5071762,2014.0,tR1,0.0316,,-60,,2-bromoiodobenzene,PhLi,"(Br, Li substituents on benzene ring)",PhCHO (benzaldehyde),synthetic,alcohol product,,,,,Brc1ccccc1I,[Li]c1ccccc1,Brc1ccccc1[Li],O=Cc1ccccc1,
three-component-coupling-based-on-flash-chemistry-carbolithiation-of-benzyne-with-functionalized-aryllithiums-followed,84,C-C coupling,,,10.1021/ja5071762,2014.0,tR1,0.1,,-60,,2-bromoiodobenzene,PhLi,"(Br, Li substituents on benzene ring)",PhCHO (benzaldehyde),synthetic,alcohol product,,,,,Brc1ccccc1I,[Li]c1ccccc1,Brc1ccccc1[Li],O=Cc1ccccc1,
three-component-coupling-based-on-flash-chemistry-carbolithiation-of-benzyne-with-functionalized-aryllithiums-followed,81,C-C coupling,,,10.1021/ja5071762,2014.0,tR1,0.316,,-60,,2-bromoiodobenzene,PhLi,"(Br, Li substituents on benzene ring)",PhCHO (benzaldehyde),synthetic,alcohol product,,,,,Brc1ccccc1I,[Li]c1ccccc1,Brc1ccccc1[Li],O=Cc1ccccc1,
three-component-coupling-based-on-flash-chemistry-carbolithiation-of-benzyne-with-functionalized-aryllithiums-followed,64,C-C coupling,,,10.1021/ja5071762,2014.0,tR1,1.0,,-60,,2-bromoiodobenzene,PhLi,"(Br, Li substituents on benzene ring)",PhCHO (benzaldehyde),synthetic,alcohol product,,,,,Brc1ccccc1I,[Li]c1ccccc1,Brc1ccccc1[Li],O=Cc1ccccc1,
three-component-coupling-based-on-flash-chemistry-carbolithiation-of-benzyne-with-functionalized-aryllithiums-followed,18,C-C coupling,,,10.1021/ja5071762,2014.0,tR1,3.16,,-60,,2-bromoiodobenzene,PhLi,"(Br, Li substituents on benzene ring)",PhCHO (benzaldehyde),synthetic,alcohol product,,,,,Brc1ccccc1I,[Li]c1ccccc1,Brc1ccccc1[Li],O=Cc1ccccc1,
three-component-coupling-based-on-flash-chemistry-carbolithiation-of-benzyne-with-functionalized-aryllithiums-followed,18,C-C coupling,,,10.1021/ja5071762,2014.0,tR1,10.0,,-60,,2-bromoiodobenzene,PhLi,"(Br, Li substituents on benzene ring)",PhCHO (benzaldehyde),synthetic,alcohol product,,,,,Brc1ccccc1I,[Li]c1ccccc1,Brc1ccccc1[Li],O=Cc1ccccc1,
three-component-coupling-based-on-flash-chemistry-carbolithiation-of-benzyne-with-functionalized-aryllithiums-followed,8,C-C coupling,,,10.1021/ja5071762,2014.0,tR1,31.6,,-60,,2-bromoiodobenzene,PhLi,"(Br, Li substituents on benzene ring)",PhCHO (benzaldehyde),synthetic,alcohol product,,,,,Brc1ccccc1I,[Li]c1ccccc1,Brc1ccccc1[Li],O=Cc1ccccc1,
three-component-coupling-based-on-flash-chemistry-carbolithiation-of-benzyne-with-functionalized-aryllithiums-followed,76,C-C coupling,,,10.1021/ja5071762,2014.0,tR1,0.01,,-70,,2-bromoiodobenzene,PhLi,"(Br, Li substituents on benzene ring)",PhCHO (benzaldehyde),synthetic,alcohol product,,,,,Brc1ccccc1I,[Li]c1ccccc1,Brc1ccccc1[Li],O=Cc1ccccc1,
three-component-coupling-based-on-flash-chemistry-carbolithiation-of-benzyne-with-functionalized-aryllithiums-followed,83,C-C coupling,,,10.1021/ja5071762,2014.0,tR1,0.0316,,-70,,2-bromoiodobenzene,PhLi,"(Br, Li substituents on benzene ring)",PhCHO (benzaldehyde),synthetic,alcohol product,,,,,Brc1ccccc1I,[Li]c1ccccc1,Brc1ccccc1[Li],O=Cc1ccccc1,
three-component-coupling-based-on-flash-chemistry-carbolithiation-of-benzyne-with-functionalized-aryllithiums-followed,93,C-C coupling,,,10.1021/ja5071762,2014.0,tR1,0.1,,-70,,2-bromoiodobenzene,PhLi,"(Br, Li substituents on benzene ring)",PhCHO (benzaldehyde),synthetic,alcohol product,,,,,Brc1ccccc1I,[Li]c1ccccc1,Brc1ccccc1[Li],O=Cc1ccccc1,
three-component-coupling-based-on-flash-chemistry-carbolithiation-of-benzyne-with-functionalized-aryllithiums-followed,90,C-C coupling,,,10.1021/ja5071762,2014.0,tR1,0.316,,-70,,2-bromoiodobenzene,PhLi,"(Br, Li substituents on benzene ring)",PhCHO (benzaldehyde),synthetic,alcohol product,,,,,Brc1ccccc1I,[Li]c1ccccc1,Brc1ccccc1[Li],O=Cc1ccccc1,
three-component-coupling-based-on-flash-chemistry-carbolithiation-of-benzyne-with-functionalized-aryllithiums-followed,89,C-C coupling,,,10.1021/ja5071762,2014.0,tR1,1.0,,-70,,2-bromoiodobenzene,PhLi,"(Br, Li substituents on benzene ring)",PhCHO (benzaldehyde),synthetic,alcohol product,,,,,Brc1ccccc1I,[Li]c1ccccc1,Brc1ccccc1[Li],O=Cc1ccccc1,
three-component-coupling-based-on-flash-chemistry-carbolithiation-of-benzyne-with-functionalized-aryllithiums-followed,83,C-C coupling,,,10.1021/ja5071762,2014.0,tR1,3.16,,-70,,2-bromoiodobenzene,PhLi,"(Br, Li substituents on benzene ring)",PhCHO (benzaldehyde),synthetic,alcohol product,,,,,Brc1ccccc1I,[Li]c1ccccc1,Brc1ccccc1[Li],O=Cc1ccccc1,
three-component-coupling-based-on-flash-chemistry-carbolithiation-of-benzyne-with-functionalized-aryllithiums-followed,71,C-C coupling,,,10.1021/ja5071762,2014.0,tR1,10.0,,-70,,2-bromoiodobenzene,PhLi,"(Br, Li substituents on benzene ring)",PhCHO (benzaldehyde),synthetic,alcohol product,,,,,Brc1ccccc1I,[Li]c1ccccc1,Brc1ccccc1[Li],O=Cc1ccccc1,
three-component-coupling-based-on-flash-chemistry-carbolithiation-of-benzyne-with-functionalized-aryllithiums-followed,60,C-C coupling,,,10.1021/ja5071762,2014.0,tR1,31.6,,-70,,2-bromoiodobenzene,PhLi,"(Br, Li substituents on benzene ring)",PhCHO (benzaldehyde),synthetic,alcohol product,,,,,Brc1ccccc1I,[Li]c1ccccc1,Brc1ccccc1[Li],O=Cc1ccccc1,
three-component-coupling-based-on-flash-chemistry-carbolithiation-of-benzyne-with-functionalized-aryllithiums-followed,70,C-C coupling,,,10.1021/ja5071762,2014.0,tR1,0.01,,-78,,2-bromoiodobenzene,PhLi,"(Br, Li substituents on benzene ring)",PhCHO (benzaldehyde),synthetic,alcohol product,,,,,Brc1ccccc1I,[Li]c1ccccc1,Brc1ccccc1[Li],O=Cc1ccccc1,
three-component-coupling-based-on-flash-chemistry-carbolithiation-of-benzyne-with-functionalized-aryllithiums-followed,79,C-C coupling,,,10.1021/ja5071762,2014.0,tR1,0.0316,,-78,,2-bromoiodobenzene,PhLi,"(Br, Li substituents on benzene ring)",PhCHO (benzaldehyde),synthetic,alcohol product,,,,,Brc1ccccc1I,[Li]c1ccccc1,Brc1ccccc1[Li],O=Cc1ccccc1,
three-component-coupling-based-on-flash-chemistry-carbolithiation-of-benzyne-with-functionalized-aryllithiums-followed,86,C-C coupling,,,10.1021/ja5071762,2014.0,tR1,0.1,,-78,,2-bromoiodobenzene,PhLi,"(Br, Li substituents on benzene ring)",PhCHO (benzaldehyde),synthetic,alcohol product,,,,,Brc1ccccc1I,[Li]c1ccccc1,Brc1ccccc1[Li],O=Cc1ccccc1,
three-component-coupling-based-on-flash-chemistry-carbolithiation-of-benzyne-with-functionalized-aryllithiums-followed,80,C-C coupling,,,10.1021/ja5071762,2014.0,tR1,0.316,,-78,,2-bromoiodobenzene,PhLi,"(Br, Li substituents on benzene ring)",PhCHO (benzaldehyde),synthetic,alcohol product,,,,,Brc1ccccc1I,[Li]c1ccccc1,Brc1ccccc1[Li],O=Cc1ccccc1,
three-component-coupling-based-on-flash-chemistry-carbolithiation-of-benzyne-with-functionalized-aryllithiums-followed,87,C-C coupling,,,10.1021/ja5071762,2014.0,tR1,1.0,,-78,,2-bromoiodobenzene,PhLi,"(Br, Li substituents on benzene ring)",PhCHO (benzaldehyde),synthetic,alcohol product,,,,,Brc1ccccc1I,[Li]c1ccccc1,Brc1ccccc1[Li],O=Cc1ccccc1,
three-component-coupling-based-on-flash-chemistry-carbolithiation-of-benzyne-with-functionalized-aryllithiums-followed,81,C-C coupling,,,10.1021/ja5071762,2014.0,tR1,3.16,,-78,,2-bromoiodobenzene,PhLi,"(Br, Li substituents on benzene ring)",PhCHO (benzaldehyde),synthetic,alcohol product,,,,,Brc1ccccc1I,[Li]c1ccccc1,Brc1ccccc1[Li],O=Cc1ccccc1,
three-component-coupling-based-on-flash-chemistry-carbolithiation-of-benzyne-with-functionalized-aryllithiums-followed,81,C-C coupling,,,10.1021/ja5071762,2014.0,tR1,10.0,,-78,,2-bromoiodobenzene,PhLi,"(Br, Li substituents on benzene ring)",PhCHO (benzaldehyde),synthetic,alcohol product,,,,,Brc1ccccc1I,[Li]c1ccccc1,Brc1ccccc1[Li],O=Cc1ccccc1,
three-component-coupling-based-on-flash-chemistry-carbolithiation-of-benzyne-with-functionalized-aryllithiums-followed,76,C-C coupling,,,10.1021/ja5071762,2014.0,tR1,31.6,,-78,,2-bromoiodobenzene,PhLi,"(Br, Li substituents on benzene ring)",PhCHO (benzaldehyde),synthetic,alcohol product,,,,,Brc1ccccc1I,[Li]c1ccccc1,Brc1ccccc1[Li],O=Cc1ccccc1,
three-component-coupling-based-on-flash-chemistry-carbolithiation-of-benzyne-with-functionalized-aryllithiums-followed,58,C-C coupling,,,10.1021/ja5071762,2014.0,tR1,0.01,,-50,,dihalobenzene (benzyne precursor),PhLi,aryllithium (via carbolithiation of benzyne),,synthetic,alcohol product,,,,,Ic1ccccc1I,[Li]c1ccccc1,,,
three-component-coupling-based-on-flash-chemistry-carbolithiation-of-benzyne-with-functionalized-aryllithiums-followed,17,C-C coupling,,,10.1021/ja5071762,2014.0,tR1,0.0316,,-50,,dihalobenzene (benzyne precursor),PhLi,aryllithium (via carbolithiation of benzyne),,synthetic,alcohol product,,,,,Ic1ccccc1I,[Li]c1ccccc1,,,
three-component-coupling-based-on-flash-chemistry-carbolithiation-of-benzyne-with-functionalized-aryllithiums-followed,0,C-C coupling,,,10.1021/ja5071762,2014.0,tR1,0.1,,-50,,dihalobenzene (benzyne precursor),PhLi,aryllithium (via carbolithiation of benzyne),,synthetic,alcohol product,,,,,Ic1ccccc1I,[Li]c1ccccc1,,,
three-component-coupling-based-on-flash-chemistry-carbolithiation-of-benzyne-with-functionalized-aryllithiums-followed,0,C-C coupling,,,10.1021/ja5071762,2014.0,tR1,0.316,,-50,,dihalobenzene (benzyne precursor),PhLi,aryllithium (via carbolithiation of benzyne),,synthetic,alcohol product,,,,,Ic1ccccc1I,[Li]c1ccccc1,,,
three-component-coupling-based-on-flash-chemistry-carbolithiation-of-benzyne-with-functionalized-aryllithiums-followed,0,C-C coupling,,,10.1021/ja5071762,2014.0,tR1,1.0,,-50,,dihalobenzene (benzyne precursor),PhLi,aryllithium (via carbolithiation of benzyne),,synthetic,alcohol product,,,,,Ic1ccccc1I,[Li]c1ccccc1,,,
three-component-coupling-based-on-flash-chemistry-carbolithiation-of-benzyne-with-functionalized-aryllithiums-followed,80,C-C coupling,,,10.1021/ja5071762,2014.0,tR1,0.01,,-60,,dihalobenzene (benzyne precursor),PhLi,aryllithium (via carbolithiation of benzyne),,synthetic,alcohol product,,,,,Ic1ccccc1I,[Li]c1ccccc1,,,
three-component-coupling-based-on-flash-chemistry-carbolithiation-of-benzyne-with-functionalized-aryllithiums-followed,59,C-C coupling,,,10.1021/ja5071762,2014.0,tR1,0.0316,,-60,,dihalobenzene (benzyne precursor),PhLi,aryllithium (via carbolithiation of benzyne),,synthetic,alcohol product,,,,,Ic1ccccc1I,[Li]c1ccccc1,,,
three-component-coupling-based-on-flash-chemistry-carbolithiation-of-benzyne-with-functionalized-aryllithiums-followed,10,C-C coupling,,,10.1021/ja5071762,2014.0,tR1,0.1,,-60,,dihalobenzene (benzyne precursor),PhLi,aryllithium (via carbolithiation of benzyne),,synthetic,alcohol product,,,,,Ic1ccccc1I,[Li]c1ccccc1,,,
three-component-coupling-based-on-flash-chemistry-carbolithiation-of-benzyne-with-functionalized-aryllithiums-followed,0,C-C coupling,,,10.1021/ja5071762,2014.0,tR1,0.316,,-60,,dihalobenzene (benzyne precursor),PhLi,aryllithium (via carbolithiation of benzyne),,synthetic,alcohol product,,,,,Ic1ccccc1I,[Li]c1ccccc1,,,
three-component-coupling-based-on-flash-chemistry-carbolithiation-of-benzyne-with-functionalized-aryllithiums-followed,0,C-C coupling,,,10.1021/ja5071762,2014.0,tR1,1.0,,-60,,dihalobenzene (benzyne precursor),PhLi,aryllithium (via carbolithiation of benzyne),,synthetic,alcohol product,,,,,Ic1ccccc1I,[Li]c1ccccc1,,,
three-component-coupling-based-on-flash-chemistry-carbolithiation-of-benzyne-with-functionalized-aryllithiums-followed,0,C-C coupling,,,10.1021/ja5071762,2014.0,tR1,3.16,,-60,,dihalobenzene (benzyne precursor),PhLi,aryllithium (via carbolithiation of benzyne),,synthetic,alcohol product,,,,,Ic1ccccc1I,[Li]c1ccccc1,,,
three-component-coupling-based-on-flash-chemistry-carbolithiation-of-benzyne-with-functionalized-aryllithiums-followed,0,C-C coupling,,,10.1021/ja5071762,2014.0,tR1,31.6,,-60,,dihalobenzene (benzyne precursor),PhLi,aryllithium (via carbolithiation of benzyne),,synthetic,alcohol product,,,,,Ic1ccccc1I,[Li]c1ccccc1,,,
three-component-coupling-based-on-flash-chemistry-carbolithiation-of-benzyne-with-functionalized-aryllithiums-followed,81,C-C coupling,,,10.1021/ja5071762,2014.0,tR1,0.01,,-70,,dihalobenzene (benzyne precursor),PhLi,aryllithium (via carbolithiation of benzyne),,synthetic,alcohol product,,,,,Ic1ccccc1I,[Li]c1ccccc1,,,
three-component-coupling-based-on-flash-chemistry-carbolithiation-of-benzyne-with-functionalized-aryllithiums-followed,75,C-C coupling,,,10.1021/ja5071762,2014.0,tR1,0.0316,,-70,,dihalobenzene (benzyne precursor),PhLi,aryllithium (via carbolithiation of benzyne),,synthetic,alcohol product,,,,,Ic1ccccc1I,[Li]c1ccccc1,,,
three-component-coupling-based-on-flash-chemistry-carbolithiation-of-benzyne-with-functionalized-aryllithiums-followed,55,C-C coupling,,,10.1021/ja5071762,2014.0,tR1,0.1,,-70,,dihalobenzene (benzyne precursor),PhLi,aryllithium (via carbolithiation of benzyne),,synthetic,alcohol product,,,,,Ic1ccccc1I,[Li]c1ccccc1,,,
three-component-coupling-based-on-flash-chemistry-carbolithiation-of-benzyne-with-functionalized-aryllithiums-followed,36,C-C coupling,,,10.1021/ja5071762,2014.0,tR1,0.316,,-70,,dihalobenzene (benzyne precursor),PhLi,aryllithium (via carbolithiation of benzyne),,synthetic,alcohol product,,,,,Ic1ccccc1I,[Li]c1ccccc1,,,
three-component-coupling-based-on-flash-chemistry-carbolithiation-of-benzyne-with-functionalized-aryllithiums-followed,14,C-C coupling,,,10.1021/ja5071762,2014.0,tR1,1.0,,-70,,dihalobenzene (benzyne precursor),PhLi,aryllithium (via carbolithiation of benzyne),,synthetic,alcohol product,,,,,Ic1ccccc1I,[Li]c1ccccc1,,,
three-component-coupling-based-on-flash-chemistry-carbolithiation-of-benzyne-with-functionalized-aryllithiums-followed,5,C-C coupling,,,10.1021/ja5071762,2014.0,tR1,3.16,,-70,,dihalobenzene (benzyne precursor),PhLi,aryllithium (via carbolithiation of benzyne),,synthetic,alcohol product,,,,,Ic1ccccc1I,[Li]c1ccccc1,,,
three-component-coupling-based-on-flash-chemistry-carbolithiation-of-benzyne-with-functionalized-aryllithiums-followed,9,C-C coupling,,,10.1021/ja5071762,2014.0,tR1,10.0,,-70,,dihalobenzene (benzyne precursor),PhLi,aryllithium (via carbolithiation of benzyne),,synthetic,alcohol product,,,,,Ic1ccccc1I,[Li]c1ccccc1,,,
three-component-coupling-based-on-flash-chemistry-carbolithiation-of-benzyne-with-functionalized-aryllithiums-followed,0,C-C coupling,,,10.1021/ja5071762,2014.0,tR1,31.6,,-70,,dihalobenzene (benzyne precursor),PhLi,aryllithium (via carbolithiation of benzyne),,synthetic,alcohol product,,,,,Ic1ccccc1I,[Li]c1ccccc1,,,
three-component-coupling-based-on-flash-chemistry-carbolithiation-of-benzyne-with-functionalized-aryllithiums-followed,76,C-C coupling,,,10.1021/ja5071762,2014.0,tR1,0.01,,-78,,dihalobenzene (benzyne precursor),PhLi,aryllithium (via carbolithiation of benzyne),,synthetic,alcohol product,,,,,Ic1ccccc1I,[Li]c1ccccc1,,,
three-component-coupling-based-on-flash-chemistry-carbolithiation-of-benzyne-with-functionalized-aryllithiums-followed,72,C-C coupling,,,10.1021/ja5071762,2014.0,tR1,0.0316,,-78,,dihalobenzene (benzyne precursor),PhLi,aryllithium (via carbolithiation of benzyne),,synthetic,alcohol product,,,,,Ic1ccccc1I,[Li]c1ccccc1,,,
three-component-coupling-based-on-flash-chemistry-carbolithiation-of-benzyne-with-functionalized-aryllithiums-followed,68,C-C coupling,,,10.1021/ja5071762,2014.0,tR1,0.1,,-78,,dihalobenzene (benzyne precursor),PhLi,aryllithium (via carbolithiation of benzyne),,synthetic,alcohol product,,,,,Ic1ccccc1I,[Li]c1ccccc1,,,
three-component-coupling-based-on-flash-chemistry-carbolithiation-of-benzyne-with-functionalized-aryllithiums-followed,71,C-C coupling,,,10.1021/ja5071762,2014.0,tR1,0.316,,-78,,dihalobenzene (benzyne precursor),PhLi,aryllithium (via carbolithiation of benzyne),,synthetic,alcohol product,,,,,Ic1ccccc1I,[Li]c1ccccc1,,,
three-component-coupling-based-on-flash-chemistry-carbolithiation-of-benzyne-with-functionalized-aryllithiums-followed,65,C-C coupling,,,10.1021/ja5071762,2014.0,tR1,1.0,,-78,,dihalobenzene (benzyne precursor),PhLi,aryllithium (via carbolithiation of benzyne),,synthetic,alcohol product,,,,,Ic1ccccc1I,[Li]c1ccccc1,,,
three-component-coupling-based-on-flash-chemistry-carbolithiation-of-benzyne-with-functionalized-aryllithiums-followed,43,C-C coupling,,,10.1021/ja5071762,2014.0,tR1,3.16,,-78,,dihalobenzene (benzyne precursor),PhLi,aryllithium (via carbolithiation of benzyne),,synthetic,alcohol product,,,,,Ic1ccccc1I,[Li]c1ccccc1,,,
three-component-coupling-based-on-flash-chemistry-carbolithiation-of-benzyne-with-functionalized-aryllithiums-followed,23,C-C coupling,,,10.1021/ja5071762,2014.0,tR1,10.0,,-78,,dihalobenzene (benzyne precursor),PhLi,aryllithium (via carbolithiation of benzyne),,synthetic,alcohol product,,,,,Ic1ccccc1I,[Li]c1ccccc1,,,
three-component-coupling-based-on-flash-chemistry-carbolithiation-of-benzyne-with-functionalized-aryllithiums-followed,4,C-C coupling,,,10.1021/ja5071762,2014.0,tR1,31.6,,-78,,dihalobenzene (benzyne precursor),PhLi,aryllithium (via carbolithiation of benzyne),,synthetic,alcohol product,,,,,Ic1ccccc1I,[Li]c1ccccc1,,,
three-component-coupling-based-on-flash-chemistry-carbolithiation-of-benzyne-with-functionalized-aryllithiums-followed,75,C-C coupling,,,10.1021/ja5071762,2014.0,tR1,0.01,,-50,,dihalobenzene (benzyne precursor),PhLi,aryllithium (via carbolithiation of benzyne),,synthetic,alcohol product,,,,,Ic1ccccc1I,[Li]c1ccccc1,,,
three-component-coupling-based-on-flash-chemistry-carbolithiation-of-benzyne-with-functionalized-aryllithiums-followed,85,C-C coupling,,,10.1021/ja5071762,2014.0,tR1,0.0316,,-50,,dihalobenzene (benzyne precursor),PhLi,aryllithium (via carbolithiation of benzyne),,synthetic,alcohol product,,,,,Ic1ccccc1I,[Li]c1ccccc1,,,
three-component-coupling-based-on-flash-chemistry-carbolithiation-of-benzyne-with-functionalized-aryllithiums-followed,58,C-C coupling,,,10.1021/ja5071762,2014.0,tR1,0.1,,-50,,dihalobenzene (benzyne precursor),PhLi,aryllithium (via carbolithiation of benzyne),,synthetic,alcohol product,,,,,Ic1ccccc1I,[Li]c1ccccc1,,,
three-component-coupling-based-on-flash-chemistry-carbolithiation-of-benzyne-with-functionalized-aryllithiums-followed,37,C-C coupling,,,10.1021/ja5071762,2014.0,tR1,0.316,,-50,,dihalobenzene (benzyne precursor),PhLi,aryllithium (via carbolithiation of benzyne),,synthetic,alcohol product,,,,,Ic1ccccc1I,[Li]c1ccccc1,,,
three-component-coupling-based-on-flash-chemistry-carbolithiation-of-benzyne-with-functionalized-aryllithiums-followed,33,C-C coupling,,,10.1021/ja5071762,2014.0,tR1,1.0,,-50,,dihalobenzene (benzyne precursor),PhLi,aryllithium (via carbolithiation of benzyne),,synthetic,alcohol product,,,,,Ic1ccccc1I,[Li]c1ccccc1,,,
three-component-coupling-based-on-flash-chemistry-carbolithiation-of-benzyne-with-functionalized-aryllithiums-followed,14,C-C coupling,,,10.1021/ja5071762,2014.0,tR1,3.16,,-50,,dihalobenzene (benzyne precursor),PhLi,aryllithium (via carbolithiation of benzyne),,synthetic,alcohol product,,,,,Ic1ccccc1I,[Li]c1ccccc1,,,
three-component-coupling-based-on-flash-chemistry-carbolithiation-of-benzyne-with-functionalized-aryllithiums-followed,0,C-C coupling,,,10.1021/ja5071762,2014.0,tR1,10.0,,-50,,dihalobenzene (benzyne precursor),PhLi,aryllithium (via carbolithiation of benzyne),,synthetic,alcohol product,,,,,Ic1ccccc1I,[Li]c1ccccc1,,,
three-component-coupling-based-on-flash-chemistry-carbolithiation-of-benzyne-with-functionalized-aryllithiums-followed,0,C-C coupling,,,10.1021/ja5071762,2014.0,tR1,31.6,,-50,,dihalobenzene (benzyne precursor),PhLi,aryllithium (via carbolithiation of benzyne),,synthetic,alcohol product,,,,,Ic1ccccc1I,[Li]c1ccccc1,,,
three-component-coupling-based-on-flash-chemistry-carbolithiation-of-benzyne-with-functionalized-aryllithiums-followed,74,C-C coupling,,,10.1021/ja5071762,2014.0,tR1,0.01,,-60,,dihalobenzene (benzyne precursor),PhLi,aryllithium (via carbolithiation of benzyne),,synthetic,alcohol product,,,,,Ic1ccccc1I,[Li]c1ccccc1,,,
three-component-coupling-based-on-flash-chemistry-carbolithiation-of-benzyne-with-functionalized-aryllithiums-followed,88,C-C coupling,,,10.1021/ja5071762,2014.0,tR1,0.0316,,-60,,dihalobenzene (benzyne precursor),PhLi,aryllithium (via carbolithiation of benzyne),,synthetic,alcohol product,,,,,Ic1ccccc1I,[Li]c1ccccc1,,,
three-component-coupling-based-on-flash-chemistry-carbolithiation-of-benzyne-with-functionalized-aryllithiums-followed,84,C-C coupling,,,10.1021/ja5071762,2014.0,tR1,0.1,,-60,,dihalobenzene (benzyne precursor),PhLi,aryllithium (via carbolithiation of benzyne),,synthetic,alcohol product,,,,,Ic1ccccc1I,[Li]c1ccccc1,,,
three-component-coupling-based-on-flash-chemistry-carbolithiation-of-benzyne-with-functionalized-aryllithiums-followed,81,C-C coupling,,,10.1021/ja5071762,2014.0,tR1,0.316,,-60,,dihalobenzene (benzyne precursor),PhLi,aryllithium (via carbolithiation of benzyne),,synthetic,alcohol product,,,,,Ic1ccccc1I,[Li]c1ccccc1,,,
three-component-coupling-based-on-flash-chemistry-carbolithiation-of-benzyne-with-functionalized-aryllithiums-followed,64,C-C coupling,,,10.1021/ja5071762,2014.0,tR1,1.0,,-60,,dihalobenzene (benzyne precursor),PhLi,aryllithium (via carbolithiation of benzyne),,synthetic,alcohol product,,,,,Ic1ccccc1I,[Li]c1ccccc1,,,
three-component-coupling-based-on-flash-chemistry-carbolithiation-of-benzyne-with-functionalized-aryllithiums-followed,18,C-C coupling,,,10.1021/ja5071762,2014.0,tR1,3.16,,-60,,dihalobenzene (benzyne precursor),PhLi,aryllithium (via carbolithiation of benzyne),,synthetic,alcohol product,,,,,Ic1ccccc1I,[Li]c1ccccc1,,,
three-component-coupling-based-on-flash-chemistry-carbolithiation-of-benzyne-with-functionalized-aryllithiums-followed,18,C-C coupling,,,10.1021/ja5071762,2014.0,tR1,10.0,,-60,,dihalobenzene (benzyne precursor),PhLi,aryllithium (via carbolithiation of benzyne),,synthetic,alcohol product,,,,,Ic1ccccc1I,[Li]c1ccccc1,,,
three-component-coupling-based-on-flash-chemistry-carbolithiation-of-benzyne-with-functionalized-aryllithiums-followed,8,C-C coupling,,,10.1021/ja5071762,2014.0,tR1,31.6,,-60,,dihalobenzene (benzyne precursor),PhLi,aryllithium (via carbolithiation of benzyne),,synthetic,alcohol product,,,,,Ic1ccccc1I,[Li]c1ccccc1,,,
three-component-coupling-based-on-flash-chemistry-carbolithiation-of-benzyne-with-functionalized-aryllithiums-followed,76,C-C coupling,,,10.1021/ja5071762,2014.0,tR1,0.01,,-70,,dihalobenzene (benzyne precursor),PhLi,aryllithium (via carbolithiation of benzyne),,synthetic,alcohol product,,,,,Ic1ccccc1I,[Li]c1ccccc1,,,
three-component-coupling-based-on-flash-chemistry-carbolithiation-of-benzyne-with-functionalized-aryllithiums-followed,83,C-C coupling,,,10.1021/ja5071762,2014.0,tR1,0.0316,,-70,,dihalobenzene (benzyne precursor),PhLi,aryllithium (via carbolithiation of benzyne),,synthetic,alcohol product,,,,,Ic1ccccc1I,[Li]c1ccccc1,,,
three-component-coupling-based-on-flash-chemistry-carbolithiation-of-benzyne-with-functionalized-aryllithiums-followed,93,C-C coupling,,,10.1021/ja5071762,2014.0,tR1,0.1,,-70,,dihalobenzene (benzyne precursor),PhLi,aryllithium (via carbolithiation of benzyne),,synthetic,alcohol product,,,,,Ic1ccccc1I,[Li]c1ccccc1,,,
three-component-coupling-based-on-flash-chemistry-carbolithiation-of-benzyne-with-functionalized-aryllithiums-followed,90,C-C coupling,,,10.1021/ja5071762,2014.0,tR1,0.316,,-70,,dihalobenzene (benzyne precursor),PhLi,aryllithium (via carbolithiation of benzyne),,synthetic,alcohol product,,,,,Ic1ccccc1I,[Li]c1ccccc1,,,
three-component-coupling-based-on-flash-chemistry-carbolithiation-of-benzyne-with-functionalized-aryllithiums-followed,89,C-C coupling,,,10.1021/ja5071762,2014.0,tR1,1.0,,-70,,dihalobenzene (benzyne precursor),PhLi,aryllithium (via carbolithiation of benzyne),,synthetic,alcohol product,,,,,Ic1ccccc1I,[Li]c1ccccc1,,,
three-component-coupling-based-on-flash-chemistry-carbolithiation-of-benzyne-with-functionalized-aryllithiums-followed,83,C-C coupling,,,10.1021/ja5071762,2014.0,tR1,3.16,,-70,,dihalobenzene (benzyne precursor),PhLi,aryllithium (via carbolithiation of benzyne),,synthetic,alcohol product,,,,,Ic1ccccc1I,[Li]c1ccccc1,,,
three-component-coupling-based-on-flash-chemistry-carbolithiation-of-benzyne-with-functionalized-aryllithiums-followed,71,C-C coupling,,,10.1021/ja5071762,2014.0,tR1,10.0,,-70,,dihalobenzene (benzyne precursor),PhLi,aryllithium (via carbolithiation of benzyne),,synthetic,alcohol product,,,,,Ic1ccccc1I,[Li]c1ccccc1,,,
three-component-coupling-based-on-flash-chemistry-carbolithiation-of-benzyne-with-functionalized-aryllithiums-followed,60,C-C coupling,,,10.1021/ja5071762,2014.0,tR1,31.6,,-70,,dihalobenzene (benzyne precursor),PhLi,aryllithium (via carbolithiation of benzyne),,synthetic,alcohol product,,,,,Ic1ccccc1I,[Li]c1ccccc1,,,
three-component-coupling-based-on-flash-chemistry-carbolithiation-of-benzyne-with-functionalized-aryllithiums-followed,70,C-C coupling,,,10.1021/ja5071762,2014.0,tR1,0.01,,-78,,dihalobenzene (benzyne precursor),PhLi,aryllithium (via carbolithiation of benzyne),,synthetic,alcohol product,,,,,Ic1ccccc1I,[Li]c1ccccc1,,,
three-component-coupling-based-on-flash-chemistry-carbolithiation-of-benzyne-with-functionalized-aryllithiums-followed,79,C-C coupling,,,10.1021/ja5071762,2014.0,tR1,0.0316,,-78,,dihalobenzene (benzyne precursor),PhLi,aryllithium (via carbolithiation of benzyne),,synthetic,alcohol product,,,,,Ic1ccccc1I,[Li]c1ccccc1,,,
three-component-coupling-based-on-flash-chemistry-carbolithiation-of-benzyne-with-functionalized-aryllithiums-followed,86,C-C coupling,,,10.1021/ja5071762,2014.0,tR1,0.1,,-78,,dihalobenzene (benzyne precursor),PhLi,aryllithium (via carbolithiation of benzyne),,synthetic,alcohol product,,,,,Ic1ccccc1I,[Li]c1ccccc1,,,
three-component-coupling-based-on-flash-chemistry-carbolithiation-of-benzyne-with-functionalized-aryllithiums-followed,80,C-C coupling,,,10.1021/ja5071762,2014.0,tR1,0.316,,-78,,dihalobenzene (benzyne precursor),PhLi,aryllithium (via carbolithiation of benzyne),,synthetic,alcohol product,,,,,Ic1ccccc1I,[Li]c1ccccc1,,,
three-component-coupling-based-on-flash-chemistry-carbolithiation-of-benzyne-with-functionalized-aryllithiums-followed,87,C-C coupling,,,10.1021/ja5071762,2014.0,tR1,1.0,,-78,,dihalobenzene (benzyne precursor),PhLi,aryllithium (via carbolithiation of benzyne),,synthetic,alcohol product,,,,,Ic1ccccc1I,[Li]c1ccccc1,,,
three-component-coupling-based-on-flash-chemistry-carbolithiation-of-benzyne-with-functionalized-aryllithiums-followed,81,C-C coupling,,,10.1021/ja5071762,2014.0,tR1,3.16,,-78,,dihalobenzene (benzyne precursor),PhLi,aryllithium (via carbolithiation of benzyne),,synthetic,alcohol product,,,,,Ic1ccccc1I,[Li]c1ccccc1,,,
three-component-coupling-based-on-flash-chemistry-carbolithiation-of-benzyne-with-functionalized-aryllithiums-followed,81,C-C coupling,,,10.1021/ja5071762,2014.0,tR1,10.0,,-78,,dihalobenzene (benzyne precursor),PhLi,aryllithium (via carbolithiation of benzyne),,synthetic,alcohol product,,,,,Ic1ccccc1I,[Li]c1ccccc1,,,
three-component-coupling-based-on-flash-chemistry-carbolithiation-of-benzyne-with-functionalized-aryllithiums-followed,76,C-C coupling,,,10.1021/ja5071762,2014.0,tR1,31.6,,-78,,dihalobenzene (benzyne precursor),PhLi,aryllithium (via carbolithiation of benzyne),,synthetic,alcohol product,,,,,Ic1ccccc1I,[Li]c1ccccc1,,,
Nagaki et al. 2010 - Generation and reactions of oxiranyllithiums by use of a flow microreactor system,89,directed metalation,tetrahydrofuran,flow microreactor,10.1002/chem.201000815,2010.0,tR1,0.0316,,20,,epibromohydrin,s-BuLi,oxiranyllithium,,quench_probe,oxiranyllithium intermediate,0.10,0.75,,0.45,BrCC1CO1,CCC([Li])C,[Li]C1CO1,,[Li]C1CO1
Nagaki et al. 2010 - Generation and reactions of oxiranyllithiums by use of a flow microreactor system,86,directed metalation,tetrahydrofuran,flow microreactor,10.1002/chem.201000815,2010.0,tR1,0.1,,20,,epibromohydrin,s-BuLi,oxiranyllithium,,quench_probe,oxiranyllithium intermediate,0.10,0.75,,0.45,BrCC1CO1,CCC([Li])C,[Li]C1CO1,,[Li]C1CO1
Nagaki et al. 2010 - Generation and reactions of oxiranyllithiums by use of a flow microreactor system,68,directed metalation,tetrahydrofuran,flow microreactor,10.1002/chem.201000815,2010.0,tR1,0.316,,20,,epibromohydrin,s-BuLi,oxiranyllithium,,quench_probe,oxiranyllithium intermediate,0.10,0.75,,0.45,BrCC1CO1,CCC([Li])C,[Li]C1CO1,,[Li]C1CO1
Nagaki et al. 2010 - Generation and reactions of oxiranyllithiums by use of a flow microreactor system,19,directed metalation,tetrahydrofuran,flow microreactor,10.1002/chem.201000815,2010.0,tR1,1.0,,20,,epibromohydrin,s-BuLi,oxiranyllithium,,quench_probe,oxiranyllithium intermediate,0.10,0.75,,0.45,BrCC1CO1,CCC([Li])C,[Li]C1CO1,,[Li]C1CO1
Nagaki et al. 2010 - Generation and reactions of oxiranyllithiums by use of a flow microreactor system,4,directed metalation,tetrahydrofuran,flow microreactor,10.1002/chem.201000815,2010.0,tR1,3.16,,20,,epibromohydrin,s-BuLi,oxiranyllithium,,quench_probe,oxiranyllithium intermediate,0.10,0.75,,0.45,BrCC1CO1,CCC([Li])C,[Li]C1CO1,,[Li]C1CO1
Nagaki et al. 2010 - Generation and reactions of oxiranyllithiums by use of a flow microreactor system,3,directed metalation,tetrahydrofuran,flow microreactor,10.1002/chem.201000815,2010.0,tR1,10.0,,20,,epibromohydrin,s-BuLi,oxiranyllithium,,quench_probe,oxiranyllithium intermediate,0.10,0.75,,0.45,BrCC1CO1,CCC([Li])C,[Li]C1CO1,,[Li]C1CO1
Nagaki et al. 2010 - Generation and reactions of oxiranyllithiums by use of a flow microreactor system,88,directed metalation,tetrahydrofuran,flow microreactor,10.1002/chem.201000815,2010.0,tR1,0.0316,,0,,epibromohydrin,s-BuLi,oxiranyllithium,,quench_probe,oxiranyllithium intermediate,0.10,0.75,,0.45,BrCC1CO1,CCC([Li])C,[Li]C1CO1,,[Li]C1CO1
Nagaki et al. 2010 - Generation and reactions of oxiranyllithiums by use of a flow microreactor system,92,directed metalation,tetrahydrofuran,flow microreactor,10.1002/chem.201000815,2010.0,tR1,0.1,,0,,epibromohydrin,s-BuLi,oxiranyllithium,,quench_probe,oxiranyllithium intermediate,0.10,0.75,,0.45,BrCC1CO1,CCC([Li])C,[Li]C1CO1,,[Li]C1CO1
Nagaki et al. 2010 - Generation and reactions of oxiranyllithiums by use of a flow microreactor system,91,directed metalation,tetrahydrofuran,flow microreactor,10.1002/chem.201000815,2010.0,tR1,0.316,,0,,epibromohydrin,s-BuLi,oxiranyllithium,,quench_probe,oxiranyllithium intermediate,0.10,0.75,,0.45,BrCC1CO1,CCC([Li])C,[Li]C1CO1,,[Li]C1CO1
Nagaki et al. 2010 - Generation and reactions of oxiranyllithiums by use of a flow microreactor system,86,directed metalation,tetrahydrofuran,flow microreactor,10.1002/chem.201000815,2010.0,tR1,1.0,,0,,epibromohydrin,s-BuLi,oxiranyllithium,,quench_probe,oxiranyllithium intermediate,0.10,0.75,,0.45,BrCC1CO1,CCC([Li])C,[Li]C1CO1,,[Li]C1CO1
Nagaki et al. 2010 - Generation and reactions of oxiranyllithiums by use of a flow microreactor system,65,directed metalation,tetrahydrofuran,flow microreactor,10.1002/chem.201000815,2010.0,tR1,3.16,,0,,epibromohydrin,s-BuLi,oxiranyllithium,,quench_probe,oxiranyllithium intermediate,0.10,0.75,,0.45,BrCC1CO1,CCC([Li])C,[Li]C1CO1,,[Li]C1CO1
Nagaki et al. 2010 - Generation and reactions of oxiranyllithiums by use of a flow microreactor system,16,directed metalation,tetrahydrofuran,flow microreactor,10.1002/chem.201000815,2010.0,tR1,10.0,,0,,epibromohydrin,s-BuLi,oxiranyllithium,,quench_probe,oxiranyllithium intermediate,0.10,0.75,,0.45,BrCC1CO1,CCC([Li])C,[Li]C1CO1,,[Li]C1CO1
Nagaki et al. 2010 - Generation and reactions of oxiranyllithiums by use of a flow microreactor system,67,directed metalation,tetrahydrofuran,flow microreactor,10.1002/chem.201000815,2010.0,tR1,0.0316,,-20,,epibromohydrin,s-BuLi,oxiranyllithium,,quench_probe,oxiranyllithium intermediate,0.10,0.75,,0.45,BrCC1CO1,CCC([Li])C,[Li]C1CO1,,[Li]C1CO1
Nagaki et al. 2010 - Generation and reactions of oxiranyllithiums by use of a flow microreactor system,91,directed metalation,tetrahydrofuran,flow microreactor,10.1002/chem.201000815,2010.0,tR1,0.1,,-20,,epibromohydrin,s-BuLi,oxiranyllithium,,quench_probe,oxiranyllithium intermediate,0.10,0.75,,0.45,BrCC1CO1,CCC([Li])C,[Li]C1CO1,,[Li]C1CO1
Nagaki et al. 2010 - Generation and reactions of oxiranyllithiums by use of a flow microreactor system,92,directed metalation,tetrahydrofuran,flow microreactor,10.1002/chem.201000815,2010.0,tR1,0.316,,-20,,epibromohydrin,s-BuLi,oxiranyllithium,,quench_probe,oxiranyllithium intermediate,0.10,0.75,,0.45,BrCC1CO1,CCC([Li])C,[Li]C1CO1,,[Li]C1CO1
Nagaki et al. 2010 - Generation and reactions of oxiranyllithiums by use of a flow microreactor system,92,directed metalation,tetrahydrofuran,flow microreactor,10.1002/chem.201000815,2010.0,tR1,1.0,,-20,,epibromohydrin,s-BuLi,oxiranyllithium,,quench_probe,oxiranyllithium intermediate,0.10,0.75,,0.45,BrCC1CO1,CCC([Li])C,[Li]C1CO1,,[Li]C1CO1
Nagaki et al. 2010 - Generation and reactions of oxiranyllithiums by use of a flow microreactor system,92,directed metalation,tetrahydrofuran,flow microreactor,10.1002/chem.201000815,2010.0,tR1,3.16,,-20,,epibromohydrin,s-BuLi,oxiranyllithium,,quench_probe,oxiranyllithium intermediate,0.10,0.75,,0.45,BrCC1CO1,CCC([Li])C,[Li]C1CO1,,[Li]C1CO1
Nagaki et al. 2010 - Generation and reactions of oxiranyllithiums by use of a flow microreactor system,90,directed metalation,tetrahydrofuran,flow microreactor,10.1002/chem.201000815,2010.0,tR1,10.0,,-20,,epibromohydrin,s-BuLi,oxiranyllithium,,quench_probe,oxiranyllithium intermediate,0.10,0.75,,0.45,BrCC1CO1,CCC([Li])C,[Li]C1CO1,,[Li]C1CO1
Nagaki et al. 2010 - Generation and reactions of oxiranyllithiums by use of a flow microreactor system,41,directed metalation,tetrahydrofuran,flow microreactor,10.1002/chem.201000815,2010.0,tR1,0.0316,,-40,,epibromohydrin,s-BuLi,oxiranyllithium,,quench_probe,oxiranyllithium intermediate,0.10,0.75,,0.45,BrCC1CO1,CCC([Li])C,[Li]C1CO1,,[Li]C1CO1
Nagaki et al. 2010 - Generation and reactions of oxiranyllithiums by use of a flow microreactor system,83,directed metalation,tetrahydrofuran,flow microreactor,10.1002/chem.201000815,2010.0,tR1,0.1,,-40,,epibromohydrin,s-BuLi,oxiranyllithium,,quench_probe,oxiranyllithium intermediate,0.10,0.75,,0.45,BrCC1CO1,CCC([Li])C,[Li]C1CO1,,[Li]C1CO1
Nagaki et al. 2010 - Generation and reactions of oxiranyllithiums by use of a flow microreactor system,93,directed metalation,tetrahydrofuran,flow microreactor,10.1002/chem.201000815,2010.0,tR1,0.316,,-40,,epibromohydrin,s-BuLi,oxiranyllithium,,quench_probe,oxiranyllithium intermediate,0.10,0.75,,0.45,BrCC1CO1,CCC([Li])C,[Li]C1CO1,,[Li]C1CO1
Nagaki et al. 2010 - Generation and reactions of oxiranyllithiums by use of a flow microreactor system,94,directed metalation,tetrahydrofuran,flow microreactor,10.1002/chem.201000815,2010.0,tR1,1.0,,-40,,epibromohydrin,s-BuLi,oxiranyllithium,,quench_probe,oxiranyllithium intermediate,0.10,0.75,,0.45,BrCC1CO1,CCC([Li])C,[Li]C1CO1,,[Li]C1CO1
Nagaki et al. 2010 - Generation and reactions of oxiranyllithiums by use of a flow microreactor system,94,directed metalation,tetrahydrofuran,flow microreactor,10.1002/chem.201000815,2010.0,tR1,3.16,,-40,,epibromohydrin,s-BuLi,oxiranyllithium,,quench_probe,oxiranyllithium intermediate,0.10,0.75,,0.45,BrCC1CO1,CCC([Li])C,[Li]C1CO1,,[Li]C1CO1
Nagaki et al. 2010 - Generation and reactions of oxiranyllithiums by use of a flow microreactor system,94,directed metalation,tetrahydrofuran,flow microreactor,10.1002/chem.201000815,2010.0,tR1,10.0,,-40,,epibromohydrin,s-BuLi,oxiranyllithium,,quench_probe,oxiranyllithium intermediate,0.10,0.75,,0.45,BrCC1CO1,CCC([Li])C,[Li]C1CO1,,[Li]C1CO1
Nagaki et al. 2010 - Generation and reactions of oxiranyllithiums by use of a flow microreactor system,11,directed metalation,tetrahydrofuran,flow microreactor,10.1002/chem.201000815,2010.0,tR1,0.0316,,20,,epibromohydrin,s-BuLi,oxiranyllithium,,quench_probe,oxiranyllithium intermediate,0.10,0.75,,0.45,BrCC1CO1,CCC([Li])C,[Li]C1CO1,,[Li]C1CO1
Nagaki et al. 2010 - Generation and reactions of oxiranyllithiums by use of a flow microreactor system,16,directed metalation,tetrahydrofuran,flow microreactor,10.1002/chem.201000815,2010.0,tR1,0.1,,20,,epibromohydrin,s-BuLi,oxiranyllithium,,quench_probe,oxiranyllithium intermediate,0.10,0.75,,0.45,BrCC1CO1,CCC([Li])C,[Li]C1CO1,,[Li]C1CO1
Nagaki et al. 2010 - Generation and reactions of oxiranyllithiums by use of a flow microreactor system,4,directed metalation,tetrahydrofuran,flow microreactor,10.1002/chem.201000815,2010.0,tR1,0.316,,20,,epibromohydrin,s-BuLi,oxiranyllithium,,quench_probe,oxiranyllithium intermediate,0.10,0.75,,0.45,BrCC1CO1,CCC([Li])C,[Li]C1CO1,,[Li]C1CO1
Nagaki et al. 2010 - Generation and reactions of oxiranyllithiums by use of a flow microreactor system,1,directed metalation,tetrahydrofuran,flow microreactor,10.1002/chem.201000815,2010.0,tR1,1.0,,20,,epibromohydrin,s-BuLi,oxiranyllithium,,quench_probe,oxiranyllithium intermediate,0.10,0.75,,0.45,BrCC1CO1,CCC([Li])C,[Li]C1CO1,,[Li]C1CO1
Nagaki et al. 2010 - Generation and reactions of oxiranyllithiums by use of a flow microreactor system,1,directed metalation,tetrahydrofuran,flow microreactor,10.1002/chem.201000815,2010.0,tR1,3.16,,20,,epibromohydrin,s-BuLi,oxiranyllithium,,quench_probe,oxiranyllithium intermediate,0.10,0.75,,0.45,BrCC1CO1,CCC([Li])C,[Li]C1CO1,,[Li]C1CO1
Nagaki et al. 2010 - Generation and reactions of oxiranyllithiums by use of a flow microreactor system,2,directed metalation,tetrahydrofuran,flow microreactor,10.1002/chem.201000815,2010.0,tR1,10.0,,20,,epibromohydrin,s-BuLi,oxiranyllithium,,quench_probe,oxiranyllithium intermediate,0.10,0.75,,0.45,BrCC1CO1,CCC([Li])C,[Li]C1CO1,,[Li]C1CO1
Nagaki et al. 2010 - Generation and reactions of oxiranyllithiums by use of a flow microreactor system,2,directed metalation,tetrahydrofuran,flow microreactor,10.1002/chem.201000815,2010.0,tR1,0.0316,,0,,epibromohydrin,s-BuLi,oxiranyllithium,,quench_probe,oxiranyllithium intermediate,0.10,0.75,,0.45,BrCC1CO1,CCC([Li])C,[Li]C1CO1,,[Li]C1CO1
Nagaki et al. 2010 - Generation and reactions of oxiranyllithiums by use of a flow microreactor system,10,directed metalation,tetrahydrofuran,flow microreactor,10.1002/chem.201000815,2010.0,tR1,0.1,,0,,epibromohydrin,s-BuLi,oxiranyllithium,,quench_probe,oxiranyllithium intermediate,0.10,0.75,,0.45,BrCC1CO1,CCC([Li])C,[Li]C1CO1,,[Li]C1CO1
Nagaki et al. 2010 - Generation and reactions of oxiranyllithiums by use of a flow microreactor system,23,directed metalation,tetrahydrofuran,flow microreactor,10.1002/chem.201000815,2010.0,tR1,0.316,,0,,epibromohydrin,s-BuLi,oxiranyllithium,,quench_probe,oxiranyllithium intermediate,0.10,0.75,,0.45,BrCC1CO1,CCC([Li])C,[Li]C1CO1,,[Li]C1CO1
Nagaki et al. 2010 - Generation and reactions of oxiranyllithiums by use of a flow microreactor system,24,directed metalation,tetrahydrofuran,flow microreactor,10.1002/chem.201000815,2010.0,tR1,1.0,,0,,epibromohydrin,s-BuLi,oxiranyllithium,,quench_probe,oxiranyllithium intermediate,0.10,0.75,,0.45,BrCC1CO1,CCC([Li])C,[Li]C1CO1,,[Li]C1CO1
Nagaki et al. 2010 - Generation and reactions of oxiranyllithiums by use of a flow microreactor system,2,directed metalation,tetrahydrofuran,flow microreactor,10.1002/chem.201000815,2010.0,tR1,3.16,,0,,epibromohydrin,s-BuLi,oxiranyllithium,,quench_probe,oxiranyllithium intermediate,0.10,0.75,,0.45,BrCC1CO1,CCC([Li])C,[Li]C1CO1,,[Li]C1CO1
Nagaki et al. 2010 - Generation and reactions of oxiranyllithiums by use of a flow microreactor system,0,directed metalation,tetrahydrofuran,flow microreactor,10.1002/chem.201000815,2010.0,tR1,10.0,,0,,epibromohydrin,s-BuLi,oxiranyllithium,,quench_probe,oxiranyllithium intermediate,0.10,0.75,,0.45,BrCC1CO1,CCC([Li])C,[Li]C1CO1,,[Li]C1CO1
Nagaki et al. 2010 - Generation and reactions of oxiranyllithiums by use of a flow microreactor system,0,directed metalation,tetrahydrofuran,flow microreactor,10.1002/chem.201000815,2010.0,tR1,0.0316,,-20,,epibromohydrin,s-BuLi,oxiranyllithium,,quench_probe,oxiranyllithium intermediate,0.10,0.75,,0.45,BrCC1CO1,CCC([Li])C,[Li]C1CO1,,[Li]C1CO1
Nagaki et al. 2010 - Generation and reactions of oxiranyllithiums by use of a flow microreactor system,1,directed metalation,tetrahydrofuran,flow microreactor,10.1002/chem.201000815,2010.0,tR1,0.1,,-20,,epibromohydrin,s-BuLi,oxiranyllithium,,quench_probe,oxiranyllithium intermediate,0.10,0.75,,0.45,BrCC1CO1,CCC([Li])C,[Li]C1CO1,,[Li]C1CO1
Nagaki et al. 2010 - Generation and reactions of oxiranyllithiums by use of a flow microreactor system,5,directed metalation,tetrahydrofuran,flow microreactor,10.1002/chem.201000815,2010.0,tR1,0.316,,-20,,epibromohydrin,s-BuLi,oxiranyllithium,,quench_probe,oxiranyllithium intermediate,0.10,0.75,,0.45,BrCC1CO1,CCC([Li])C,[Li]C1CO1,,[Li]C1CO1
Nagaki et al. 2010 - Generation and reactions of oxiranyllithiums by use of a flow microreactor system,19,directed metalation,tetrahydrofuran,flow microreactor,10.1002/chem.201000815,2010.0,tR1,1.0,,-20,,epibromohydrin,s-BuLi,oxiranyllithium,,quench_probe,oxiranyllithium intermediate,0.10,0.75,,0.45,BrCC1CO1,CCC([Li])C,[Li]C1CO1,,[Li]C1CO1
Nagaki et al. 2010 - Generation and reactions of oxiranyllithiums by use of a flow microreactor system,46,directed metalation,tetrahydrofuran,flow microreactor,10.1002/chem.201000815,2010.0,tR1,3.16,,-20,,epibromohydrin,s-BuLi,oxiranyllithium,,quench_probe,oxiranyllithium intermediate,0.10,0.75,,0.45,BrCC1CO1,CCC([Li])C,[Li]C1CO1,,[Li]C1CO1
Nagaki et al. 2010 - Generation and reactions of oxiranyllithiums by use of a flow microreactor system,62,directed metalation,tetrahydrofuran,flow microreactor,10.1002/chem.201000815,2010.0,tR1,10.0,,-20,,epibromohydrin,s-BuLi,oxiranyllithium,,quench_probe,oxiranyllithium intermediate,0.10,0.75,,0.45,BrCC1CO1,CCC([Li])C,[Li]C1CO1,,[Li]C1CO1
Nagaki et al. 2010 - Generation and reactions of oxiranyllithiums by use of a flow microreactor system,0,directed metalation,tetrahydrofuran,flow microreactor,10.1002/chem.201000815,2010.0,tR1,0.0316,,-40,,epibromohydrin,s-BuLi,oxiranyllithium,,quench_probe,oxiranyllithium intermediate,0.10,0.75,,0.45,BrCC1CO1,CCC([Li])C,[Li]C1CO1,,[Li]C1CO1
Nagaki et al. 2010 - Generation and reactions of oxiranyllithiums by use of a flow microreactor system,0,directed metalation,tetrahydrofuran,flow microreactor,10.1002/chem.201000815,2010.0,tR1,0.1,,-40,,epibromohydrin,s-BuLi,oxiranyllithium,,quench_probe,oxiranyllithium intermediate,0.10,0.75,,0.45,BrCC1CO1,CCC([Li])C,[Li]C1CO1,,[Li]C1CO1
Nagaki et al. 2010 - Generation and reactions of oxiranyllithiums by use of a flow microreactor system,1,directed metalation,tetrahydrofuran,flow microreactor,10.1002/chem.201000815,2010.0,tR1,0.316,,-40,,epibromohydrin,s-BuLi,oxiranyllithium,,quench_probe,oxiranyllithium intermediate,0.10,0.75,,0.45,BrCC1CO1,CCC([Li])C,[Li]C1CO1,,[Li]C1CO1
Nagaki et al. 2010 - Generation and reactions of oxiranyllithiums by use of a flow microreactor system,5,directed metalation,tetrahydrofuran,flow microreactor,10.1002/chem.201000815,2010.0,tR1,1.0,,-40,,epibromohydrin,s-BuLi,oxiranyllithium,,quench_probe,oxiranyllithium intermediate,0.10,0.75,,0.45,BrCC1CO1,CCC([Li])C,[Li]C1CO1,,[Li]C1CO1
Nagaki et al. 2010 - Generation and reactions of oxiranyllithiums by use of a flow microreactor system,13,directed metalation,tetrahydrofuran,flow microreactor,10.1002/chem.201000815,2010.0,tR1,3.16,,-40,,epibromohydrin,s-BuLi,oxiranyllithium,,quench_probe,oxiranyllithium intermediate,0.10,0.75,,0.45,BrCC1CO1,CCC([Li])C,[Li]C1CO1,,[Li]C1CO1
Nagaki et al. 2010 - Generation and reactions of oxiranyllithiums by use of a flow microreactor system,41,directed metalation,tetrahydrofuran,flow microreactor,10.1002/chem.201000815,2010.0,tR1,10.0,,-40,,epibromohydrin,s-BuLi,oxiranyllithium,,quench_probe,oxiranyllithium intermediate,0.10,0.75,,0.45,BrCC1CO1,CCC([Li])C,[Li]C1CO1,,[Li]C1CO1
Nagaki et al. 2010 - Generation and reactions of oxiranyllithiums by use of a flow microreactor system,17,directed metalation,tetrahydrofuran,flow microreactor,10.1002/chem.201000815,2010.0,tR1,0.316,,-40,,epibromohydrin,s-BuLi,oxiranyllithium,,quench_probe,oxiranyllithium intermediate,0.10,0.75,,0.45,BrCC1CO1,CCC([Li])C,[Li]C1CO1,,[Li]C1CO1
Nagaki et al. 2010 - Generation and reactions of oxiranyllithiums by use of a flow microreactor system,29,directed metalation,tetrahydrofuran,flow microreactor,10.1002/chem.201000815,2010.0,tR1,1.0,,-40,,epibromohydrin,s-BuLi,oxiranyllithium,,quench_probe,oxiranyllithium intermediate,0.10,0.75,,0.45,BrCC1CO1,CCC([Li])C,[Li]C1CO1,,[Li]C1CO1
Nagaki et al. 2010 - Generation and reactions of oxiranyllithiums by use of a flow microreactor system,46,directed metalation,tetrahydrofuran,flow microreactor,10.1002/chem.201000815,2010.0,tR1,3.16,,-40,,epibromohydrin,s-BuLi,oxiranyllithium,,quench_probe,oxiranyllithium intermediate,0.10,0.75,,0.45,BrCC1CO1,CCC([Li])C,[Li]C1CO1,,[Li]C1CO1
Nagaki et al. 2010 - Generation and reactions of oxiranyllithiums by use of a flow microreactor system,61,directed metalation,tetrahydrofuran,flow microreactor,10.1002/chem.201000815,2010.0,tR1,10.0,,-40,,epibromohydrin,s-BuLi,oxiranyllithium,,quench_probe,oxiranyllithium intermediate,0.10,0.75,,0.45,BrCC1CO1,CCC([Li])C,[Li]C1CO1,,[Li]C1CO1
Nagaki et al. 2010 - Generation and reactions of oxiranyllithiums by use of a flow microreactor system,56,directed metalation,tetrahydrofuran,flow microreactor,10.1002/chem.201000815,2010.0,tR1,31.6,,-40,,epibromohydrin,s-BuLi,oxiranyllithium,,quench_probe,oxiranyllithium intermediate,0.10,0.75,,0.45,BrCC1CO1,CCC([Li])C,[Li]C1CO1,,[Li]C1CO1
Nagaki et al. 2010 - Generation and reactions of oxiranyllithiums by use of a flow microreactor system,10,directed metalation,tetrahydrofuran,flow microreactor,10.1002/chem.201000815,2010.0,tR1,0.316,,-50,,epibromohydrin,s-BuLi,oxiranyllithium,,quench_probe,oxiranyllithium intermediate,0.10,0.75,,0.45,BrCC1CO1,CCC([Li])C,[Li]C1CO1,,[Li]C1CO1
Nagaki et al. 2010 - Generation and reactions of oxiranyllithiums by use of a flow microreactor system,23,directed metalation,tetrahydrofuran,flow microreactor,10.1002/chem.201000815,2010.0,tR1,1.0,,-50,,epibromohydrin,s-BuLi,oxiranyllithium,,quench_probe,oxiranyllithium intermediate,0.10,0.75,,0.45,BrCC1CO1,CCC([Li])C,[Li]C1CO1,,[Li]C1CO1
Nagaki et al. 2010 - Generation and reactions of oxiranyllithiums by use of a flow microreactor system,35,directed metalation,tetrahydrofuran,flow microreactor,10.1002/chem.201000815,2010.0,tR1,3.16,,-50,,epibromohydrin,s-BuLi,oxiranyllithium,,quench_probe,oxiranyllithium intermediate,0.10,0.75,,0.45,BrCC1CO1,CCC([Li])C,[Li]C1CO1,,[Li]C1CO1
Nagaki et al. 2010 - Generation and reactions of oxiranyllithiums by use of a flow microreactor system,48,directed metalation,tetrahydrofuran,flow microreactor,10.1002/chem.201000815,2010.0,tR1,10.0,,-50,,epibromohydrin,s-BuLi,oxiranyllithium,,quench_probe,oxiranyllithium intermediate,0.10,0.75,,0.45,BrCC1CO1,CCC([Li])C,[Li]C1CO1,,[Li]C1CO1
Nagaki et al. 2010 - Generation and reactions of oxiranyllithiums by use of a flow microreactor system,66,directed metalation,tetrahydrofuran,flow microreactor,10.1002/chem.201000815,2010.0,tR1,31.6,,-50,,epibromohydrin,s-BuLi,oxiranyllithium,,quench_probe,oxiranyllithium intermediate,0.10,0.75,,0.45,BrCC1CO1,CCC([Li])C,[Li]C1CO1,,[Li]C1CO1
Nagaki et al. 2010 - Generation and reactions of oxiranyllithiums by use of a flow microreactor system,7,directed metalation,tetrahydrofuran,flow microreactor,10.1002/chem.201000815,2010.0,tR1,0.316,,-60,,epibromohydrin,s-BuLi,oxiranyllithium,,quench_probe,oxiranyllithium intermediate,0.10,0.75,,0.45,BrCC1CO1,CCC([Li])C,[Li]C1CO1,,[Li]C1CO1
Nagaki et al. 2010 - Generation and reactions of oxiranyllithiums by use of a flow microreactor system,12,directed metalation,tetrahydrofuran,flow microreactor,10.1002/chem.201000815,2010.0,tR1,1.0,,-60,,epibromohydrin,s-BuLi,oxiranyllithium,,quench_probe,oxiranyllithium intermediate,0.10,0.75,,0.45,BrCC1CO1,CCC([Li])C,[Li]C1CO1,,[Li]C1CO1
Nagaki et al. 2010 - Generation and reactions of oxiranyllithiums by use of a flow microreactor system,20,directed metalation,tetrahydrofuran,flow microreactor,10.1002/chem.201000815,2010.0,tR1,3.16,,-60,,epibromohydrin,s-BuLi,oxiranyllithium,,quench_probe,oxiranyllithium intermediate,0.10,0.75,,0.45,BrCC1CO1,CCC([Li])C,[Li]C1CO1,,[Li]C1CO1
Nagaki et al. 2010 - Generation and reactions of oxiranyllithiums by use of a flow microreactor system,32,directed metalation,tetrahydrofuran,flow microreactor,10.1002/chem.201000815,2010.0,tR1,10.0,,-60,,epibromohydrin,s-BuLi,oxiranyllithium,,quench_probe,oxiranyllithium intermediate,0.10,0.75,,0.45,BrCC1CO1,CCC([Li])C,[Li]C1CO1,,[Li]C1CO1
Nagaki et al. 2010 - Generation and reactions of oxiranyllithiums by use of a flow microreactor system,51,directed metalation,tetrahydrofuran,flow microreactor,10.1002/chem.201000815,2010.0,tR1,31.6,,-60,,epibromohydrin,s-BuLi,oxiranyllithium,,quench_probe,oxiranyllithium intermediate,0.10,0.75,,0.45,BrCC1CO1,CCC([Li])C,[Li]C1CO1,,[Li]C1CO1
Nagaki et al. 2010 - Generation and reactions of oxiranyllithiums by use of a flow microreactor system,4,directed metalation,tetrahydrofuran,flow microreactor,10.1002/chem.201000815,2010.0,tR1,0.316,,-70,,epibromohydrin,s-BuLi,oxiranyllithium,,quench_probe,oxiranyllithium intermediate,0.10,0.75,,0.45,BrCC1CO1,CCC([Li])C,[Li]C1CO1,,[Li]C1CO1
Nagaki et al. 2010 - Generation and reactions of oxiranyllithiums by use of a flow microreactor system,9,directed metalation,tetrahydrofuran,flow microreactor,10.1002/chem.201000815,2010.0,tR1,1.0,,-70,,epibromohydrin,s-BuLi,oxiranyllithium,,quench_probe,oxiranyllithium intermediate,0.10,0.75,,0.45,BrCC1CO1,CCC([Li])C,[Li]C1CO1,,[Li]C1CO1
Nagaki et al. 2010 - Generation and reactions of oxiranyllithiums by use of a flow microreactor system,11,directed metalation,tetrahydrofuran,flow microreactor,10.1002/chem.201000815,2010.0,tR1,3.16,,-70,,epibromohydrin,s-BuLi,oxiranyllithium,,quench_probe,oxiranyllithium intermediate,0.10,0.75,,0.45,BrCC1CO1,CCC([Li])C,[Li]C1CO1,,[Li]C1CO1
Nagaki et al. 2010 - Generation and reactions of oxiranyllithiums by use of a flow microreactor system,20,directed metalation,tetrahydrofuran,flow microreactor,10.1002/chem.201000815,2010.0,tR1,10.0,,-70,,epibromohydrin,s-BuLi,oxiranyllithium,,quench_probe,oxiranyllithium intermediate,0.10,0.75,,0.45,BrCC1CO1,CCC([Li])C,[Li]C1CO1,,[Li]C1CO1
Nagaki et al. 2010 - Generation and reactions of oxiranyllithiums by use of a flow microreactor system,33,directed metalation,tetrahydrofuran,flow microreactor,10.1002/chem.201000815,2010.0,tR1,31.6,,-70,,epibromohydrin,s-BuLi,oxiranyllithium,,quench_probe,oxiranyllithium intermediate,0.10,0.75,,0.45,BrCC1CO1,CCC([Li])C,[Li]C1CO1,,[Li]C1CO1
Nagaki et al. 2010 - Generation and reactions of oxiranyllithiums by use of a flow microreactor system,3,directed metalation,tetrahydrofuran,flow microreactor,10.1002/chem.201000815,2010.0,tR1,0.316,,-78,,epibromohydrin,s-BuLi,oxiranyllithium,,quench_probe,oxiranyllithium intermediate,0.10,0.75,,0.45,BrCC1CO1,CCC([Li])C,[Li]C1CO1,,[Li]C1CO1
Nagaki et al. 2010 - Generation and reactions of oxiranyllithiums by use of a flow microreactor system,2,directed metalation,tetrahydrofuran,flow microreactor,10.1002/chem.201000815,2010.0,tR1,1.0,,-78,,epibromohydrin,s-BuLi,oxiranyllithium,,quench_probe,oxiranyllithium intermediate,0.10,0.75,,0.45,BrCC1CO1,CCC([Li])C,[Li]C1CO1,,[Li]C1CO1
Nagaki et al. 2010 - Generation and reactions of oxiranyllithiums by use of a flow microreactor system,4,directed metalation,tetrahydrofuran,flow microreactor,10.1002/chem.201000815,2010.0,tR1,3.16,,-78,,epibromohydrin,s-BuLi,oxiranyllithium,,quench_probe,oxiranyllithium intermediate,0.10,0.75,,0.45,BrCC1CO1,CCC([Li])C,[Li]C1CO1,,[Li]C1CO1
Nagaki et al. 2010 - Generation and reactions of oxiranyllithiums by use of a flow microreactor system,7,directed metalation,tetrahydrofuran,flow microreactor,10.1002/chem.201000815,2010.0,tR1,10.0,,-78,,epibromohydrin,s-BuLi,oxiranyllithium,,quench_probe,oxiranyllithium intermediate,0.10,0.75,,0.45,BrCC1CO1,CCC([Li])C,[Li]C1CO1,,[Li]C1CO1
Nagaki et al. 2010 - Generation and reactions of oxiranyllithiums by use of a flow microreactor system,13,directed metalation,tetrahydrofuran,flow microreactor,10.1002/chem.201000815,2010.0,tR1,31.6,,-78,,epibromohydrin,s-BuLi,oxiranyllithium,,quench_probe,oxiranyllithium intermediate,0.10,0.75,,0.45,BrCC1CO1,CCC([Li])C,[Li]C1CO1,,[Li]C1CO1
Nagaki et al. 2010 - Generation and reactions of oxiranyllithiums by use of a flow microreactor system,32,directed metalation,tetrahydrofuran,flow microreactor,10.1002/chem.201000815,2010.0,tR1,100.0,,-40,,epibromohydrin,s-BuLi,oxiranyllithium,,quench_probe,oxiranyllithium intermediate,0.10,0.75,,0.45,BrCC1CO1,CCC([Li])C,[Li]C1CO1,,[Li]C1CO1
Nagaki et al. 2010 - Generation and reactions of oxiranyllithiums by use of a flow microreactor system,5,directed metalation,tetrahydrofuran,flow microreactor,10.1002/chem.201000815,2010.0,tR1,100.0,,-40,,epibromohydrin,s-BuLi,oxiranyllithium,,quench_probe,oxiranyllithium intermediate,0.10,0.75,,0.45,BrCC1CO1,CCC([Li])C,[Li]C1CO1,,[Li]C1CO1
Nagaki et al. 2010 - Generation and reactions of oxiranyllithiums by use of a flow microreactor system,64,directed metalation,tetrahydrofuran,flow microreactor,10.1002/chem.201000815,2010.0,tR1,100.0,,-50,,epibromohydrin,s-BuLi,oxiranyllithium,,quench_probe,oxiranyllithium intermediate,0.10,0.75,,0.45,BrCC1CO1,CCC([Li])C,[Li]C1CO1,,[Li]C1CO1
Nagaki et al. 2010 - Generation and reactions of oxiranyllithiums by use of a flow microreactor system,56,directed metalation,tetrahydrofuran,flow microreactor,10.1002/chem.201000815,2010.0,tR1,100.0,,-50,,epibromohydrin,s-BuLi,oxiranyllithium,,quench_probe,oxiranyllithium intermediate,0.10,0.75,,0.45,BrCC1CO1,CCC([Li])C,[Li]C1CO1,,[Li]C1CO1
Nagaki et al. 2010 - Generation and reactions of oxiranyllithiums by use of a flow microreactor system,69,directed metalation,tetrahydrofuran,flow microreactor,10.1002/chem.201000815,2010.0,tR1,100.0,,-60,,epibromohydrin,s-BuLi,oxiranyllithium,,quench_probe,oxiranyllithium intermediate,0.10,0.75,,0.45,BrCC1CO1,CCC([Li])C,[Li]C1CO1,,[Li]C1CO1
Nagaki et al. 2010 - Generation and reactions of oxiranyllithiums by use of a flow microreactor system,79,directed metalation,tetrahydrofuran,flow microreactor,10.1002/chem.201000815,2010.0,tR1,100.0,,-60,,epibromohydrin,s-BuLi,oxiranyllithium,,quench_probe,oxiranyllithium intermediate,0.10,0.75,,0.45,BrCC1CO1,CCC([Li])C,[Li]C1CO1,,[Li]C1CO1
Nagaki et al. 2010 - Generation and reactions of oxiranyllithiums by use of a flow microreactor system,51,directed metalation,tetrahydrofuran,flow microreactor,10.1002/chem.201000815,2010.0,tR1,100.0,,-70,,epibromohydrin,s-BuLi,oxiranyllithium,,quench_probe,oxiranyllithium intermediate,0.10,0.75,,0.45,BrCC1CO1,CCC([Li])C,[Li]C1CO1,,[Li]C1CO1
Nagaki et al. 2010 - Generation and reactions of oxiranyllithiums by use of a flow microreactor system,67,directed metalation,tetrahydrofuran,flow microreactor,10.1002/chem.201000815,2010.0,tR1,100.0,,-70,,epibromohydrin,s-BuLi,oxiranyllithium,,quench_probe,oxiranyllithium intermediate,0.10,0.75,,0.45,BrCC1CO1,CCC([Li])C,[Li]C1CO1,,[Li]C1CO1
Nagaki et al. 2010 - Generation and reactions of oxiranyllithiums by use of a flow microreactor system,21,directed metalation,tetrahydrofuran,flow microreactor,10.1002/chem.201000815,2010.0,tR1,100.0,,-78,,epibromohydrin,s-BuLi,oxiranyllithium,,quench_probe,oxiranyllithium intermediate,0.10,0.75,,0.45,BrCC1CO1,CCC([Li])C,[Li]C1CO1,,[Li]C1CO1
Nagaki et al. 2010 - Generation and reactions of oxiranyllithiums by use of a flow microreactor system,41,directed metalation,tetrahydrofuran,flow microreactor,10.1002/chem.201000815,2010.0,tR1,100.0,,-78,,epibromohydrin,s-BuLi,oxiranyllithium,,quench_probe,oxiranyllithium intermediate,0.10,0.75,,0.45,BrCC1CO1,CCC([Li])C,[Li]C1CO1,,[Li]C1CO1
Nagaki et al. 2010 - Generation and reactions of oxiranyllithiums by use of a flow microreactor system,65,directed metalation,tetrahydrofuran,flow microreactor,10.1002/chem.201000815,2010.0,tR1,0.0316,,20,,epibromohydrin,s-BuLi,oxiranyllithium,,quench_probe,oxiranyllithium intermediate,0.10,0.75,,0.45,BrCC1CO1,CCC([Li])C,[Li]C1CO1,,[Li]C1CO1
Nagaki et al. 2010 - Generation and reactions of oxiranyllithiums by use of a flow microreactor system,57,directed metalation,tetrahydrofuran,flow microreactor,10.1002/chem.201000815,2010.0,tR1,0.1,,20,,epibromohydrin,s-BuLi,oxiranyllithium,,quench_probe,oxiranyllithium intermediate,0.10,0.75,,0.45,BrCC1CO1,CCC([Li])C,[Li]C1CO1,,[Li]C1CO1
Nagaki et al. 2010 - Generation and reactions of oxiranyllithiums by use of a flow microreactor system,7,directed metalation,tetrahydrofuran,flow microreactor,10.1002/chem.201000815,2010.0,tR1,0.316,,20,,epibromohydrin,s-BuLi,oxiranyllithium,,quench_probe,oxiranyllithium intermediate,0.10,0.75,,0.45,BrCC1CO1,CCC([Li])C,[Li]C1CO1,,[Li]C1CO1
Nagaki et al. 2010 - Generation and reactions of oxiranyllithiums by use of a flow microreactor system,2,directed metalation,tetrahydrofuran,flow microreactor,10.1002/chem.201000815,2010.0,tR1,1.0,,20,,epibromohydrin,s-BuLi,oxiranyllithium,,quench_probe,oxiranyllithium intermediate,0.10,0.75,,0.45,BrCC1CO1,CCC([Li])C,[Li]C1CO1,,[Li]C1CO1
Nagaki et al. 2010 - Generation and reactions of oxiranyllithiums by use of a flow microreactor system,1,directed metalation,tetrahydrofuran,flow microreactor,10.1002/chem.201000815,2010.0,tR1,3.16,,20,,epibromohydrin,s-BuLi,oxiranyllithium,,quench_probe,oxiranyllithium intermediate,0.10,0.75,,0.45,BrCC1CO1,CCC([Li])C,[Li]C1CO1,,[Li]C1CO1
Nagaki et al. 2010 - Generation and reactions of oxiranyllithiums by use of a flow microreactor system,0,directed metalation,tetrahydrofuran,flow microreactor,10.1002/chem.201000815,2010.0,tR1,10.0,,20,,epibromohydrin,s-BuLi,oxiranyllithium,,quench_probe,oxiranyllithium intermediate,0.10,0.75,,0.45,BrCC1CO1,CCC([Li])C,[Li]C1CO1,,[Li]C1CO1
Nagaki et al. 2010 - Generation and reactions of oxiranyllithiums by use of a flow microreactor system,63,directed metalation,tetrahydrofuran,flow microreactor,10.1002/chem.201000815,2010.0,tR1,0.0316,,0,,epibromohydrin,s-BuLi,oxiranyllithium,,quench_probe,oxiranyllithium intermediate,0.10,0.75,,0.45,BrCC1CO1,CCC([Li])C,[Li]C1CO1,,[Li]C1CO1
Nagaki et al. 2010 - Generation and reactions of oxiranyllithiums by use of a flow microreactor system,87,directed metalation,tetrahydrofuran,flow microreactor,10.1002/chem.201000815,2010.0,tR1,0.1,,0,,epibromohydrin,s-BuLi,oxiranyllithium,,quench_probe,oxiranyllithium intermediate,0.10,0.75,,0.45,BrCC1CO1,CCC([Li])C,[Li]C1CO1,,[Li]C1CO1
Nagaki et al. 2010 - Generation and reactions of oxiranyllithiums by use of a flow microreactor system,77,directed metalation,tetrahydrofuran,flow microreactor,10.1002/chem.201000815,2010.0,tR1,0.316,,0,,epibromohydrin,s-BuLi,oxiranyllithium,,quench_probe,oxiranyllithium intermediate,0.10,0.75,,0.45,BrCC1CO1,CCC([Li])C,[Li]C1CO1,,[Li]C1CO1
Nagaki et al. 2010 - Generation and reactions of oxiranyllithiums by use of a flow microreactor system,34,directed metalation,tetrahydrofuran,flow microreactor,10.1002/chem.201000815,2010.0,tR1,1.0,,0,,epibromohydrin,s-BuLi,oxiranyllithium,,quench_probe,oxiranyllithium intermediate,0.10,0.75,,0.45,BrCC1CO1,CCC([Li])C,[Li]C1CO1,,[Li]C1CO1
Nagaki et al. 2010 - Generation and reactions of oxiranyllithiums by use of a flow microreactor system,6,directed metalation,tetrahydrofuran,flow microreactor,10.1002/chem.201000815,2010.0,tR1,3.16,,0,,epibromohydrin,s-BuLi,oxiranyllithium,,quench_probe,oxiranyllithium intermediate,0.10,0.75,,0.45,BrCC1CO1,CCC([Li])C,[Li]C1CO1,,[Li]C1CO1
Nagaki et al. 2010 - Generation and reactions of oxiranyllithiums by use of a flow microreactor system,1,directed metalation,tetrahydrofuran,flow microreactor,10.1002/chem.201000815,2010.0,tR1,10.0,,0,,epibromohydrin,s-BuLi,oxiranyllithium,,quench_probe,oxiranyllithium intermediate,0.10,0.75,,0.45,BrCC1CO1,CCC([Li])C,[Li]C1CO1,,[Li]C1CO1
Nagaki et al. 2010 - Generation and reactions of oxiranyllithiums by use of a flow microreactor system,29,directed metalation,tetrahydrofuran,flow microreactor,10.1002/chem.201000815,2010.0,tR1,0.0316,,-20,,epibromohydrin,s-BuLi,oxiranyllithium,,quench_probe,oxiranyllithium intermediate,0.10,0.75,,0.45,BrCC1CO1,CCC([Li])C,[Li]C1CO1,,[Li]C1CO1
Nagaki et al. 2010 - Generation and reactions of oxiranyllithiums by use of a flow microreactor system,80,directed metalation,tetrahydrofuran,flow microreactor,10.1002/chem.201000815,2010.0,tR1,0.1,,-20,,epibromohydrin,s-BuLi,oxiranyllithium,,quench_probe,oxiranyllithium intermediate,0.10,0.75,,0.45,BrCC1CO1,CCC([Li])C,[Li]C1CO1,,[Li]C1CO1
Nagaki et al. 2010 - Generation and reactions of oxiranyllithiums by use of a flow microreactor system,92,directed metalation,tetrahydrofuran,flow microreactor,10.1002/chem.201000815,2010.0,tR1,0.316,,-20,,epibromohydrin,s-BuLi,oxiranyllithium,,quench_probe,oxiranyllithium intermediate,0.10,0.75,,0.45,BrCC1CO1,CCC([Li])C,[Li]C1CO1,,[Li]C1CO1
Nagaki et al. 2010 - Generation and reactions of oxiranyllithiums by use of a flow microreactor system,90,directed metalation,tetrahydrofuran,flow microreactor,10.1002/chem.201000815,2010.0,tR1,1.0,,-20,,epibromohydrin,s-BuLi,oxiranyllithium,,quench_probe,oxiranyllithium intermediate,0.10,0.75,,0.45,BrCC1CO1,CCC([Li])C,[Li]C1CO1,,[Li]C1CO1
Nagaki et al. 2010 - Generation and reactions of oxiranyllithiums by use of a flow microreactor system,81,directed metalation,tetrahydrofuran,flow microreactor,10.1002/chem.201000815,2010.0,tR1,3.16,,-20,,epibromohydrin,s-BuLi,oxiranyllithium,,quench_probe,oxiranyllithium intermediate,0.10,0.75,,0.45,BrCC1CO1,CCC([Li])C,[Li]C1CO1,,[Li]C1CO1
Nagaki et al. 2010 - Generation and reactions of oxiranyllithiums by use of a flow microreactor system,59,directed metalation,tetrahydrofuran,flow microreactor,10.1002/chem.201000815,2010.0,tR1,10.0,,-20,,epibromohydrin,s-BuLi,oxiranyllithium,,quench_probe,oxiranyllithium intermediate,0.10,0.75,,0.45,BrCC1CO1,CCC([Li])C,[Li]C1CO1,,[Li]C1CO1
Nagaki et al. 2010 - Generation and reactions of oxiranyllithiums by use of a flow microreactor system,12,directed metalation,tetrahydrofuran,flow microreactor,10.1002/chem.201000815,2010.0,tR1,0.0316,,-40,,epibromohydrin,s-BuLi,oxiranyllithium,,quench_probe,oxiranyllithium intermediate,0.10,0.75,,0.45,BrCC1CO1,CCC([Li])C,[Li]C1CO1,,[Li]C1CO1
Nagaki et al. 2010 - Generation and reactions of oxiranyllithiums by use of a flow microreactor system,51,directed metalation,tetrahydrofuran,flow microreactor,10.1002/chem.201000815,2010.0,tR1,0.1,,-40,,epibromohydrin,s-BuLi,oxiranyllithium,,quench_probe,oxiranyllithium intermediate,0.10,0.75,,0.45,BrCC1CO1,CCC([Li])C,[Li]C1CO1,,[Li]C1CO1
Nagaki et al. 2010 - Generation and reactions of oxiranyllithiums by use of a flow microreactor system,80,directed metalation,tetrahydrofuran,flow microreactor,10.1002/chem.201000815,2010.0,tR1,0.316,,-40,,epibromohydrin,s-BuLi,oxiranyllithium,,quench_probe,oxiranyllithium intermediate,0.10,0.75,,0.45,BrCC1CO1,CCC([Li])C,[Li]C1CO1,,[Li]C1CO1
Nagaki et al. 2010 - Generation and reactions of oxiranyllithiums by use of a flow microreactor system,92,directed metalation,tetrahydrofuran,flow microreactor,10.1002/chem.201000815,2010.0,tR1,1.0,,-40,,epibromohydrin,s-BuLi,oxiranyllithium,,quench_probe,oxiranyllithium intermediate,0.10,0.75,,0.45,BrCC1CO1,CCC([Li])C,[Li]C1CO1,,[Li]C1CO1
Nagaki et al. 2010 - Generation and reactions of oxiranyllithiums by use of a flow microreactor system,94,directed metalation,tetrahydrofuran,flow microreactor,10.1002/chem.201000815,2010.0,tR1,3.16,,-40,,epibromohydrin,s-BuLi,oxiranyllithium,,quench_probe,oxiranyllithium intermediate,0.10,0.75,,0.45,BrCC1CO1,CCC([Li])C,[Li]C1CO1,,[Li]C1CO1
Nagaki et al. 2010 - Generation and reactions of oxiranyllithiums by use of a flow microreactor system,92,directed metalation,tetrahydrofuran,flow microreactor,10.1002/chem.201000815,2010.0,tR1,10.0,,-40,,epibromohydrin,s-BuLi,oxiranyllithium,,quench_probe,oxiranyllithium intermediate,0.10,0.75,,0.45,BrCC1CO1,CCC([Li])C,[Li]C1CO1,,[Li]C1CO1
Nagaki et al. 2008 - Aryllithium compounds bearing alkoxycarbonyl groups - generation and reactions using a microflow system,41,halogen-metal exchange,tetrahydrofuran,microtube reactor R1,10.1002/anie.200803205,2008.0,tR1,0.0316,,0,,tert-butyl o-bromobenzoate,s-BuLi,tert-butyl o-(lithio)benzoate (aryllithium),ROH (alcohol quench),quench_probe,tert-butyl benzoate,0.10,0.42,1.1,,CC(C)(C)OC(=O)c1ccccc1Br,CCC([Li])C,CC(C)(C)OC(=O)c1ccccc1[Li],CO,CC(C)(C)OC(=O)c1ccccc1
Nagaki et al. 2008 - Aryllithium compounds bearing alkoxycarbonyl groups - generation and reactions using a microflow system,24,halogen-metal exchange,tetrahydrofuran,microtube reactor R1,10.1002/anie.200803205,2008.0,tR1,0.0316,,0,,tert-butyl o-bromobenzoate,s-BuLi,tert-butyl o-(lithio)benzoate (aryllithium),ROH (alcohol quench),quench_probe,tert-butyl benzoate,0.10,0.42,1.1,,CC(C)(C)OC(=O)c1ccccc1Br,CCC([Li])C,CC(C)(C)OC(=O)c1ccccc1[Li],CO,CC(C)(C)OC(=O)c1ccccc1
Nagaki et al. 2008 - Aryllithium compounds bearing alkoxycarbonyl groups - generation and reactions using a microflow system,13,halogen-metal exchange,tetrahydrofuran,microtube reactor R1,10.1002/anie.200803205,2008.0,tR1,0.1,,0,,tert-butyl o-bromobenzoate,s-BuLi,tert-butyl o-(lithio)benzoate (aryllithium),ROH (alcohol quench),quench_probe,tert-butyl benzoate,0.10,0.42,1.1,,CC(C)(C)OC(=O)c1ccccc1Br,CCC([Li])C,CC(C)(C)OC(=O)c1ccccc1[Li],CO,CC(C)(C)OC(=O)c1ccccc1
Nagaki et al. 2008 - Aryllithium compounds bearing alkoxycarbonyl groups - generation and reactions using a microflow system,4,halogen-metal exchange,tetrahydrofuran,microtube reactor R1,10.1002/anie.200803205,2008.0,tR1,0.316,,0,,tert-butyl o-bromobenzoate,s-BuLi,tert-butyl o-(lithio)benzoate (aryllithium),ROH (alcohol quench),quench_probe,tert-butyl benzoate,0.10,0.42,1.1,,CC(C)(C)OC(=O)c1ccccc1Br,CCC([Li])C,CC(C)(C)OC(=O)c1ccccc1[Li],CO,CC(C)(C)OC(=O)c1ccccc1
Nagaki et al. 2008 - Aryllithium compounds bearing alkoxycarbonyl groups - generation and reactions using a microflow system,0,halogen-metal exchange,tetrahydrofuran,microtube reactor R1,10.1002/anie.200803205,2008.0,tR1,1.0,,0,,tert-butyl o-bromobenzoate,s-BuLi,tert-butyl o-(lithio)benzoate (aryllithium),ROH (alcohol quench),quench_probe,tert-butyl benzoate,0.10,0.42,1.1,,CC(C)(C)OC(=O)c1ccccc1Br,CCC([Li])C,CC(C)(C)OC(=O)c1ccccc1[Li],CO,CC(C)(C)OC(=O)c1ccccc1
Nagaki et al. 2008 - Aryllithium compounds bearing alkoxycarbonyl groups - generation and reactions using a microflow system,0,halogen-metal exchange,tetrahydrofuran,microtube reactor R1,10.1002/anie.200803205,2008.0,tR1,3.16,,0,,tert-butyl o-bromobenzoate,s-BuLi,tert-butyl o-(lithio)benzoate (aryllithium),ROH (alcohol quench),quench_probe,tert-butyl benzoate,0.10,0.42,1.1,,CC(C)(C)OC(=O)c1ccccc1Br,CCC([Li])C,CC(C)(C)OC(=O)c1ccccc1[Li],CO,CC(C)(C)OC(=O)c1ccccc1
Nagaki et al. 2008 - Aryllithium compounds bearing alkoxycarbonyl groups - generation and reactions using a microflow system,0,halogen-metal exchange,tetrahydrofuran,microtube reactor R1,10.1002/anie.200803205,2008.0,tR1,31.6,,0,,tert-butyl o-bromobenzoate,s-BuLi,tert-butyl o-(lithio)benzoate (aryllithium),ROH (alcohol quench),quench_probe,tert-butyl benzoate,0.10,0.42,1.1,,CC(C)(C)OC(=O)c1ccccc1Br,CCC([Li])C,CC(C)(C)OC(=O)c1ccccc1[Li],CO,CC(C)(C)OC(=O)c1ccccc1
Nagaki et al. 2008 - Aryllithium compounds bearing alkoxycarbonyl groups - generation and reactions using a microflow system,50,halogen-metal exchange,tetrahydrofuran,microtube reactor R1,10.1002/anie.200803205,2008.0,tR1,0.0316,,-30,,tert-butyl o-bromobenzoate,s-BuLi,tert-butyl o-(lithio)benzoate (aryllithium),ROH (alcohol quench),quench_probe,tert-butyl benzoate,0.10,0.42,1.1,,CC(C)(C)OC(=O)c1ccccc1Br,CCC([Li])C,CC(C)(C)OC(=O)c1ccccc1[Li],CO,CC(C)(C)OC(=O)c1ccccc1
Nagaki et al. 2008 - Aryllithium compounds bearing alkoxycarbonyl groups - generation and reactions using a microflow system,57,halogen-metal exchange,tetrahydrofuran,microtube reactor R1,10.1002/anie.200803205,2008.0,tR1,0.0316,,-30,,tert-butyl o-bromobenzoate,s-BuLi,tert-butyl o-(lithio)benzoate (aryllithium),ROH (alcohol quench),quench_probe,tert-butyl benzoate,0.10,0.42,1.1,,CC(C)(C)OC(=O)c1ccccc1Br,CCC([Li])C,CC(C)(C)OC(=O)c1ccccc1[Li],CO,CC(C)(C)OC(=O)c1ccccc1
Nagaki et al. 2008 - Aryllithium compounds bearing alkoxycarbonyl groups - generation and reactions using a microflow system,57,halogen-metal exchange,tetrahydrofuran,microtube reactor R1,10.1002/anie.200803205,2008.0,tR1,0.1,,-30,,tert-butyl o-bromobenzoate,s-BuLi,tert-butyl o-(lithio)benzoate (aryllithium),ROH (alcohol quench),quench_probe,tert-butyl benzoate,0.10,0.42,1.1,,CC(C)(C)OC(=O)c1ccccc1Br,CCC([Li])C,CC(C)(C)OC(=O)c1ccccc1[Li],CO,CC(C)(C)OC(=O)c1ccccc1
Nagaki et al. 2008 - Aryllithium compounds bearing alkoxycarbonyl groups - generation and reactions using a microflow system,36,halogen-metal exchange,tetrahydrofuran,microtube reactor R1,10.1002/anie.200803205,2008.0,tR1,0.316,,-30,,tert-butyl o-bromobenzoate,s-BuLi,tert-butyl o-(lithio)benzoate (aryllithium),ROH (alcohol quench),quench_probe,tert-butyl benzoate,0.10,0.42,1.1,,CC(C)(C)OC(=O)c1ccccc1Br,CCC([Li])C,CC(C)(C)OC(=O)c1ccccc1[Li],CO,CC(C)(C)OC(=O)c1ccccc1
Nagaki et al. 2008 - Aryllithium compounds bearing alkoxycarbonyl groups - generation and reactions using a microflow system,21,halogen-metal exchange,tetrahydrofuran,microtube reactor R1,10.1002/anie.200803205,2008.0,tR1,1.0,,-30,,tert-butyl o-bromobenzoate,s-BuLi,tert-butyl o-(lithio)benzoate (aryllithium),ROH (alcohol quench),quench_probe,tert-butyl benzoate,0.10,0.42,1.1,,CC(C)(C)OC(=O)c1ccccc1Br,CCC([Li])C,CC(C)(C)OC(=O)c1ccccc1[Li],CO,CC(C)(C)OC(=O)c1ccccc1
Nagaki et al. 2008 - Aryllithium compounds bearing alkoxycarbonyl groups - generation and reactions using a microflow system,20,halogen-metal exchange,tetrahydrofuran,microtube reactor R1,10.1002/anie.200803205,2008.0,tR1,3.16,,-30,,tert-butyl o-bromobenzoate,s-BuLi,tert-butyl o-(lithio)benzoate (aryllithium),ROH (alcohol quench),quench_probe,tert-butyl benzoate,0.10,0.42,1.1,,CC(C)(C)OC(=O)c1ccccc1Br,CCC([Li])C,CC(C)(C)OC(=O)c1ccccc1[Li],CO,CC(C)(C)OC(=O)c1ccccc1
Nagaki et al. 2008 - Aryllithium compounds bearing alkoxycarbonyl groups - generation and reactions using a microflow system,5,halogen-metal exchange,tetrahydrofuran,microtube reactor R1,10.1002/anie.200803205,2008.0,tR1,31.6,,-30,,tert-butyl o-bromobenzoate,s-BuLi,tert-butyl o-(lithio)benzoate (aryllithium),ROH (alcohol quench),quench_probe,tert-butyl benzoate,0.10,0.42,1.1,,CC(C)(C)OC(=O)c1ccccc1Br,CCC([Li])C,CC(C)(C)OC(=O)c1ccccc1[Li],CO,CC(C)(C)OC(=O)c1ccccc1
Nagaki et al. 2008 - Aryllithium compounds bearing alkoxycarbonyl groups - generation and reactions using a microflow system,71,halogen-metal exchange,tetrahydrofuran,microtube reactor R1,10.1002/anie.200803205,2008.0,tR1,0.0316,,-50,,tert-butyl o-bromobenzoate,s-BuLi,tert-butyl o-(lithio)benzoate (aryllithium),ROH (alcohol quench),quench_probe,tert-butyl benzoate,0.10,0.42,1.1,,CC(C)(C)OC(=O)c1ccccc1Br,CCC([Li])C,CC(C)(C)OC(=O)c1ccccc1[Li],CO,CC(C)(C)OC(=O)c1ccccc1
Nagaki et al. 2008 - Aryllithium compounds bearing alkoxycarbonyl groups - generation and reactions using a microflow system,74,halogen-metal exchange,tetrahydrofuran,microtube reactor R1,10.1002/anie.200803205,2008.0,tR1,0.0316,,-50,,tert-butyl o-bromobenzoate,s-BuLi,tert-butyl o-(lithio)benzoate (aryllithium),ROH (alcohol quench),quench_probe,tert-butyl benzoate,0.10,0.42,1.1,,CC(C)(C)OC(=O)c1ccccc1Br,CCC([Li])C,CC(C)(C)OC(=O)c1ccccc1[Li],CO,CC(C)(C)OC(=O)c1ccccc1
Nagaki et al. 2008 - Aryllithium compounds bearing alkoxycarbonyl groups - generation and reactions using a microflow system,63,halogen-metal exchange,tetrahydrofuran,microtube reactor R1,10.1002/anie.200803205,2008.0,tR1,0.1,,-50,,tert-butyl o-bromobenzoate,s-BuLi,tert-butyl o-(lithio)benzoate (aryllithium),ROH (alcohol quench),quench_probe,tert-butyl benzoate,0.10,0.42,1.1,,CC(C)(C)OC(=O)c1ccccc1Br,CCC([Li])C,CC(C)(C)OC(=O)c1ccccc1[Li],CO,CC(C)(C)OC(=O)c1ccccc1
Nagaki et al. 2008 - Aryllithium compounds bearing alkoxycarbonyl groups - generation and reactions using a microflow system,52,halogen-metal exchange,tetrahydrofuran,microtube reactor R1,10.1002/anie.200803205,2008.0,tR1,0.316,,-50,,tert-butyl o-bromobenzoate,s-BuLi,tert-butyl o-(lithio)benzoate (aryllithium),ROH (alcohol quench),quench_probe,tert-butyl benzoate,0.10,0.42,1.1,,CC(C)(C)OC(=O)c1ccccc1Br,CCC([Li])C,CC(C)(C)OC(=O)c1ccccc1[Li],CO,CC(C)(C)OC(=O)c1ccccc1
Nagaki et al. 2008 - Aryllithium compounds bearing alkoxycarbonyl groups - generation and reactions using a microflow system,45,halogen-metal exchange,tetrahydrofuran,microtube reactor R1,10.1002/anie.200803205,2008.0,tR1,1.0,,-50,,tert-butyl o-bromobenzoate,s-BuLi,tert-butyl o-(lithio)benzoate (aryllithium),ROH (alcohol quench),quench_probe,tert-butyl benzoate,0.10,0.42,1.1,,CC(C)(C)OC(=O)c1ccccc1Br,CCC([Li])C,CC(C)(C)OC(=O)c1ccccc1[Li],CO,CC(C)(C)OC(=O)c1ccccc1
Nagaki et al. 2008 - Aryllithium compounds bearing alkoxycarbonyl groups - generation and reactions using a microflow system,42,halogen-metal exchange,tetrahydrofuran,microtube reactor R1,10.1002/anie.200803205,2008.0,tR1,3.16,,-50,,tert-butyl o-bromobenzoate,s-BuLi,tert-butyl o-(lithio)benzoate (aryllithium),ROH (alcohol quench),quench_probe,tert-butyl benzoate,0.10,0.42,1.1,,CC(C)(C)OC(=O)c1ccccc1Br,CCC([Li])C,CC(C)(C)OC(=O)c1ccccc1[Li],CO,CC(C)(C)OC(=O)c1ccccc1
Nagaki et al. 2008 - Aryllithium compounds bearing alkoxycarbonyl groups - generation and reactions using a microflow system,14,halogen-metal exchange,tetrahydrofuran,microtube reactor R1,10.1002/anie.200803205,2008.0,tR1,31.6,,-50,,tert-butyl o-bromobenzoate,s-BuLi,tert-butyl o-(lithio)benzoate (aryllithium),ROH (alcohol quench),quench_probe,tert-butyl benzoate,0.10,0.42,1.1,,CC(C)(C)OC(=O)c1ccccc1Br,CCC([Li])C,CC(C)(C)OC(=O)c1ccccc1[Li],CO,CC(C)(C)OC(=O)c1ccccc1
Nagaki et al. 2008 - Aryllithium compounds bearing alkoxycarbonyl groups - generation and reactions using a microflow system,61,halogen-metal exchange,tetrahydrofuran,microtube reactor R1,10.1002/anie.200803205,2008.0,tR1,0.0316,,-60,,tert-butyl o-bromobenzoate,s-BuLi,tert-butyl o-(lithio)benzoate (aryllithium),ROH (alcohol quench),quench_probe,tert-butyl benzoate,0.10,0.42,1.1,,CC(C)(C)OC(=O)c1ccccc1Br,CCC([Li])C,CC(C)(C)OC(=O)c1ccccc1[Li],CO,CC(C)(C)OC(=O)c1ccccc1
Nagaki et al. 2008 - Aryllithium compounds bearing alkoxycarbonyl groups - generation and reactions using a microflow system,72,halogen-metal exchange,tetrahydrofuran,microtube reactor R1,10.1002/anie.200803205,2008.0,tR1,0.0316,,-60,,tert-butyl o-bromobenzoate,s-BuLi,tert-butyl o-(lithio)benzoate (aryllithium),ROH (alcohol quench),quench_probe,tert-butyl benzoate,0.10,0.42,1.1,,CC(C)(C)OC(=O)c1ccccc1Br,CCC([Li])C,CC(C)(C)OC(=O)c1ccccc1[Li],CO,CC(C)(C)OC(=O)c1ccccc1
Nagaki et al. 2008 - Aryllithium compounds bearing alkoxycarbonyl groups - generation and reactions using a microflow system,62,halogen-metal exchange,tetrahydrofuran,microtube reactor R1,10.1002/anie.200803205,2008.0,tR1,0.1,,-60,,tert-butyl o-bromobenzoate,s-BuLi,tert-butyl o-(lithio)benzoate (aryllithium),ROH (alcohol quench),quench_probe,tert-butyl benzoate,0.10,0.42,1.1,,CC(C)(C)OC(=O)c1ccccc1Br,CCC([Li])C,CC(C)(C)OC(=O)c1ccccc1[Li],CO,CC(C)(C)OC(=O)c1ccccc1
Nagaki et al. 2008 - Aryllithium compounds bearing alkoxycarbonyl groups - generation and reactions using a microflow system,62,halogen-metal exchange,tetrahydrofuran,microtube reactor R1,10.1002/anie.200803205,2008.0,tR1,0.316,,-60,,tert-butyl o-bromobenzoate,s-BuLi,tert-butyl o-(lithio)benzoate (aryllithium),ROH (alcohol quench),quench_probe,tert-butyl benzoate,0.10,0.42,1.1,,CC(C)(C)OC(=O)c1ccccc1Br,CCC([Li])C,CC(C)(C)OC(=O)c1ccccc1[Li],CO,CC(C)(C)OC(=O)c1ccccc1
Nagaki et al. 2008 - Aryllithium compounds bearing alkoxycarbonyl groups - generation and reactions using a microflow system,55,halogen-metal exchange,tetrahydrofuran,microtube reactor R1,10.1002/anie.200803205,2008.0,tR1,1.0,,-60,,tert-butyl o-bromobenzoate,s-BuLi,tert-butyl o-(lithio)benzoate (aryllithium),ROH (alcohol quench),quench_probe,tert-butyl benzoate,0.10,0.42,1.1,,CC(C)(C)OC(=O)c1ccccc1Br,CCC([Li])C,CC(C)(C)OC(=O)c1ccccc1[Li],CO,CC(C)(C)OC(=O)c1ccccc1
Nagaki et al. 2008 - Aryllithium compounds bearing alkoxycarbonyl groups - generation and reactions using a microflow system,49,halogen-metal exchange,tetrahydrofuran,microtube reactor R1,10.1002/anie.200803205,2008.0,tR1,3.16,,-60,,tert-butyl o-bromobenzoate,s-BuLi,tert-butyl o-(lithio)benzoate (aryllithium),ROH (alcohol quench),quench_probe,tert-butyl benzoate,0.10,0.42,1.1,,CC(C)(C)OC(=O)c1ccccc1Br,CCC([Li])C,CC(C)(C)OC(=O)c1ccccc1[Li],CO,CC(C)(C)OC(=O)c1ccccc1
Nagaki et al. 2008 - Aryllithium compounds bearing alkoxycarbonyl groups - generation and reactions using a microflow system,33,halogen-metal exchange,tetrahydrofuran,microtube reactor R1,10.1002/anie.200803205,2008.0,tR1,31.6,,-60,,tert-butyl o-bromobenzoate,s-BuLi,tert-butyl o-(lithio)benzoate (aryllithium),ROH (alcohol quench),quench_probe,tert-butyl benzoate,0.10,0.42,1.1,,CC(C)(C)OC(=O)c1ccccc1Br,CCC([Li])C,CC(C)(C)OC(=O)c1ccccc1[Li],CO,CC(C)(C)OC(=O)c1ccccc1
Nagaki et al. 2008 - Aryllithium compounds bearing alkoxycarbonyl groups - generation and reactions using a microflow system,33,halogen-metal exchange,tetrahydrofuran,microtube reactor R1,10.1002/anie.200803205,2008.0,tR1,0.0316,,-78,,tert-butyl o-bromobenzoate,s-BuLi,tert-butyl o-(lithio)benzoate (aryllithium),ROH (alcohol quench),quench_probe,tert-butyl benzoate,0.10,0.42,1.1,,CC(C)(C)OC(=O)c1ccccc1Br,CCC([Li])C,CC(C)(C)OC(=O)c1ccccc1[Li],CO,CC(C)(C)OC(=O)c1ccccc1
Nagaki et al. 2008 - Aryllithium compounds bearing alkoxycarbonyl groups - generation and reactions using a microflow system,33,halogen-metal exchange,tetrahydrofuran,microtube reactor R1,10.1002/anie.200803205,2008.0,tR1,0.0316,,-78,,tert-butyl o-bromobenzoate,s-BuLi,tert-butyl o-(lithio)benzoate (aryllithium),ROH (alcohol quench),quench_probe,tert-butyl benzoate,0.10,0.42,1.1,,CC(C)(C)OC(=O)c1ccccc1Br,CCC([Li])C,CC(C)(C)OC(=O)c1ccccc1[Li],CO,CC(C)(C)OC(=O)c1ccccc1
Nagaki et al. 2008 - Aryllithium compounds bearing alkoxycarbonyl groups - generation and reactions using a microflow system,33,halogen-metal exchange,tetrahydrofuran,microtube reactor R1,10.1002/anie.200803205,2008.0,tR1,0.1,,-78,,tert-butyl o-bromobenzoate,s-BuLi,tert-butyl o-(lithio)benzoate (aryllithium),ROH (alcohol quench),quench_probe,tert-butyl benzoate,0.10,0.42,1.1,,CC(C)(C)OC(=O)c1ccccc1Br,CCC([Li])C,CC(C)(C)OC(=O)c1ccccc1[Li],CO,CC(C)(C)OC(=O)c1ccccc1
Nagaki et al. 2008 - Aryllithium compounds bearing alkoxycarbonyl groups - generation and reactions using a microflow system,41,halogen-metal exchange,tetrahydrofuran,microtube reactor R1,10.1002/anie.200803205,2008.0,tR1,0.316,,-78,,tert-butyl o-bromobenzoate,s-BuLi,tert-butyl o-(lithio)benzoate (aryllithium),ROH (alcohol quench),quench_probe,tert-butyl benzoate,0.10,0.42,1.1,,CC(C)(C)OC(=O)c1ccccc1Br,CCC([Li])C,CC(C)(C)OC(=O)c1ccccc1[Li],CO,CC(C)(C)OC(=O)c1ccccc1
Nagaki et al. 2008 - Aryllithium compounds bearing alkoxycarbonyl groups - generation and reactions using a microflow system,49,halogen-metal exchange,tetrahydrofuran,microtube reactor R1,10.1002/anie.200803205,2008.0,tR1,1.0,,-78,,tert-butyl o-bromobenzoate,s-BuLi,tert-butyl o-(lithio)benzoate (aryllithium),ROH (alcohol quench),quench_probe,tert-butyl benzoate,0.10,0.42,1.1,,CC(C)(C)OC(=O)c1ccccc1Br,CCC([Li])C,CC(C)(C)OC(=O)c1ccccc1[Li],CO,CC(C)(C)OC(=O)c1ccccc1
Nagaki et al. 2008 - Aryllithium compounds bearing alkoxycarbonyl groups - generation and reactions using a microflow system,46,halogen-metal exchange,tetrahydrofuran,microtube reactor R1,10.1002/anie.200803205,2008.0,tR1,3.16,,-78,,tert-butyl o-bromobenzoate,s-BuLi,tert-butyl o-(lithio)benzoate (aryllithium),ROH (alcohol quench),quench_probe,tert-butyl benzoate,0.10,0.42,1.1,,CC(C)(C)OC(=O)c1ccccc1Br,CCC([Li])C,CC(C)(C)OC(=O)c1ccccc1[Li],CO,CC(C)(C)OC(=O)c1ccccc1
Nagaki et al. 2008 - Aryllithium compounds bearing alkoxycarbonyl groups - generation and reactions using a microflow system,34,halogen-metal exchange,tetrahydrofuran,microtube reactor R1,10.1002/anie.200803205,2008.0,tR1,31.6,,-78,,tert-butyl o-bromobenzoate,s-BuLi,tert-butyl o-(lithio)benzoate (aryllithium),ROH (alcohol quench),quench_probe,tert-butyl benzoate,0.10,0.42,1.1,,CC(C)(C)OC(=O)c1ccccc1Br,CCC([Li])C,CC(C)(C)OC(=O)c1ccccc1[Li],CO,CC(C)(C)OC(=O)c1ccccc1
Nagaki et al. 2008 - Aryllithium compounds bearing alkoxycarbonyl groups - generation and reactions using a microflow system,81,halogen-metal exchange,tetrahydrofuran,microtube reactor R1,10.1002/anie.200803205,2008.0,tR1,0.0316,,0,,tert-butyl o-bromobenzoate,s-BuLi,tert-butyl o-(lithio)benzoate (aryllithium),ROH (alcohol quench),quench_probe,tert-butyl benzoate,0.10,0.42,1.1,,CC(C)(C)OC(=O)c1ccccc1Br,CCC([Li])C,CC(C)(C)OC(=O)c1ccccc1[Li],CO,CC(C)(C)OC(=O)c1ccccc1
Nagaki et al. 2008 - Aryllithium compounds bearing alkoxycarbonyl groups - generation and reactions using a microflow system,70,halogen-metal exchange,tetrahydrofuran,microtube reactor R1,10.1002/anie.200803205,2008.0,tR1,0.1,,0,,tert-butyl o-bromobenzoate,s-BuLi,tert-butyl o-(lithio)benzoate (aryllithium),ROH (alcohol quench),quench_probe,tert-butyl benzoate,0.10,0.42,1.1,,CC(C)(C)OC(=O)c1ccccc1Br,CCC([Li])C,CC(C)(C)OC(=O)c1ccccc1[Li],CO,CC(C)(C)OC(=O)c1ccccc1
Nagaki et al. 2008 - Aryllithium compounds bearing alkoxycarbonyl groups - generation and reactions using a microflow system,44,halogen-metal exchange,tetrahydrofuran,microtube reactor R1,10.1002/anie.200803205,2008.0,tR1,0.316,,0,,tert-butyl o-bromobenzoate,s-BuLi,tert-butyl o-(lithio)benzoate (aryllithium),ROH (alcohol quench),quench_probe,tert-butyl benzoate,0.10,0.42,1.1,,CC(C)(C)OC(=O)c1ccccc1Br,CCC([Li])C,CC(C)(C)OC(=O)c1ccccc1[Li],CO,CC(C)(C)OC(=O)c1ccccc1
Nagaki et al. 2008 - Aryllithium compounds bearing alkoxycarbonyl groups - generation and reactions using a microflow system,32,halogen-metal exchange,tetrahydrofuran,microtube reactor R1,10.1002/anie.200803205,2008.0,tR1,1.0,,0,,tert-butyl o-bromobenzoate,s-BuLi,tert-butyl o-(lithio)benzoate (aryllithium),ROH (alcohol quench),quench_probe,tert-butyl benzoate,0.10,0.42,1.1,,CC(C)(C)OC(=O)c1ccccc1Br,CCC([Li])C,CC(C)(C)OC(=O)c1ccccc1[Li],CO,CC(C)(C)OC(=O)c1ccccc1
Nagaki et al. 2008 - Aryllithium compounds bearing alkoxycarbonyl groups - generation and reactions using a microflow system,20,halogen-metal exchange,tetrahydrofuran,microtube reactor R1,10.1002/anie.200803205,2008.0,tR1,3.16,,0,,tert-butyl o-bromobenzoate,s-BuLi,tert-butyl o-(lithio)benzoate (aryllithium),ROH (alcohol quench),quench_probe,tert-butyl benzoate,0.10,0.42,1.1,,CC(C)(C)OC(=O)c1ccccc1Br,CCC([Li])C,CC(C)(C)OC(=O)c1ccccc1[Li],CO,CC(C)(C)OC(=O)c1ccccc1
Nagaki et al. 2008 - Aryllithium compounds bearing alkoxycarbonyl groups - generation and reactions using a microflow system,87,halogen-metal exchange,tetrahydrofuran,microtube reactor R1,10.1002/anie.200803205,2008.0,tR1,0.0316,,-30,,tert-butyl o-bromobenzoate,s-BuLi,tert-butyl o-(lithio)benzoate (aryllithium),ROH (alcohol quench),quench_probe,tert-butyl benzoate,0.10,0.42,1.1,,CC(C)(C)OC(=O)c1ccccc1Br,CCC([Li])C,CC(C)(C)OC(=O)c1ccccc1[Li],CO,CC(C)(C)OC(=O)c1ccccc1
Nagaki et al. 2008 - Aryllithium compounds bearing alkoxycarbonyl groups - generation and reactions using a microflow system,87,halogen-metal exchange,tetrahydrofuran,microtube reactor R1,10.1002/anie.200803205,2008.0,tR1,0.1,,-30,,tert-butyl o-bromobenzoate,s-BuLi,tert-butyl o-(lithio)benzoate (aryllithium),ROH (alcohol quench),quench_probe,tert-butyl benzoate,0.10,0.42,1.1,,CC(C)(C)OC(=O)c1ccccc1Br,CCC([Li])C,CC(C)(C)OC(=O)c1ccccc1[Li],CO,CC(C)(C)OC(=O)c1ccccc1
Nagaki et al. 2008 - Aryllithium compounds bearing alkoxycarbonyl groups - generation and reactions using a microflow system,80,halogen-metal exchange,tetrahydrofuran,microtube reactor R1,10.1002/anie.200803205,2008.0,tR1,0.316,,-30,,tert-butyl o-bromobenzoate,s-BuLi,tert-butyl o-(lithio)benzoate (aryllithium),ROH (alcohol quench),quench_probe,tert-butyl benzoate,0.10,0.42,1.1,,CC(C)(C)OC(=O)c1ccccc1Br,CCC([Li])C,CC(C)(C)OC(=O)c1ccccc1[Li],CO,CC(C)(C)OC(=O)c1ccccc1
Nagaki et al. 2008 - Aryllithium compounds bearing alkoxycarbonyl groups - generation and reactions using a microflow system,79,halogen-metal exchange,tetrahydrofuran,microtube reactor R1,10.1002/anie.200803205,2008.0,tR1,1.0,,-30,,tert-butyl o-bromobenzoate,s-BuLi,tert-butyl o-(lithio)benzoate (aryllithium),ROH (alcohol quench),quench_probe,tert-butyl benzoate,0.10,0.42,1.1,,CC(C)(C)OC(=O)c1ccccc1Br,CCC([Li])C,CC(C)(C)OC(=O)c1ccccc1[Li],CO,CC(C)(C)OC(=O)c1ccccc1
Nagaki et al. 2008 - Aryllithium compounds bearing alkoxycarbonyl groups - generation and reactions using a microflow system,71,halogen-metal exchange,tetrahydrofuran,microtube reactor R1,10.1002/anie.200803205,2008.0,tR1,3.16,,-30,,tert-butyl o-bromobenzoate,s-BuLi,tert-butyl o-(lithio)benzoate (aryllithium),ROH (alcohol quench),quench_probe,tert-butyl benzoate,0.10,0.42,1.1,,CC(C)(C)OC(=O)c1ccccc1Br,CCC([Li])C,CC(C)(C)OC(=O)c1ccccc1[Li],CO,CC(C)(C)OC(=O)c1ccccc1
Nagaki et al. 2008 - Aryllithium compounds bearing alkoxycarbonyl groups - generation and reactions using a microflow system,64,halogen-metal exchange,tetrahydrofuran,microtube reactor R1,10.1002/anie.200803205,2008.0,tR1,0.0316,,-50,,tert-butyl o-bromobenzoate,s-BuLi,tert-butyl o-(lithio)benzoate (aryllithium),ROH (alcohol quench),quench_probe,tert-butyl benzoate,0.10,0.42,1.1,,CC(C)(C)OC(=O)c1ccccc1Br,CCC([Li])C,CC(C)(C)OC(=O)c1ccccc1[Li],CO,CC(C)(C)OC(=O)c1ccccc1
Nagaki et al. 2008 - Aryllithium compounds bearing alkoxycarbonyl groups - generation and reactions using a microflow system,81,halogen-metal exchange,tetrahydrofuran,microtube reactor R1,10.1002/anie.200803205,2008.0,tR1,0.1,,-50,,tert-butyl o-bromobenzoate,s-BuLi,tert-butyl o-(lithio)benzoate (aryllithium),ROH (alcohol quench),quench_probe,tert-butyl benzoate,0.10,0.42,1.1,,CC(C)(C)OC(=O)c1ccccc1Br,CCC([Li])C,CC(C)(C)OC(=O)c1ccccc1[Li],CO,CC(C)(C)OC(=O)c1ccccc1
Nagaki et al. 2008 - Aryllithium compounds bearing alkoxycarbonyl groups - generation and reactions using a microflow system,86,halogen-metal exchange,tetrahydrofuran,microtube reactor R1,10.1002/anie.200803205,2008.0,tR1,0.316,,-50,,tert-butyl o-bromobenzoate,s-BuLi,tert-butyl o-(lithio)benzoate (aryllithium),ROH (alcohol quench),quench_probe,tert-butyl benzoate,0.10,0.42,1.1,,CC(C)(C)OC(=O)c1ccccc1Br,CCC([Li])C,CC(C)(C)OC(=O)c1ccccc1[Li],CO,CC(C)(C)OC(=O)c1ccccc1
Nagaki et al. 2008 - Aryllithium compounds bearing alkoxycarbonyl groups - generation and reactions using a microflow system,87,halogen-metal exchange,tetrahydrofuran,microtube reactor R1,10.1002/anie.200803205,2008.0,tR1,1.0,,-50,,tert-butyl o-bromobenzoate,s-BuLi,tert-butyl o-(lithio)benzoate (aryllithium),ROH (alcohol quench),quench_probe,tert-butyl benzoate,0.10,0.42,1.1,,CC(C)(C)OC(=O)c1ccccc1Br,CCC([Li])C,CC(C)(C)OC(=O)c1ccccc1[Li],CO,CC(C)(C)OC(=O)c1ccccc1
Nagaki et al. 2008 - Aryllithium compounds bearing alkoxycarbonyl groups - generation and reactions using a microflow system,83,halogen-metal exchange,tetrahydrofuran,microtube reactor R1,10.1002/anie.200803205,2008.0,tR1,3.16,,-50,,tert-butyl o-bromobenzoate,s-BuLi,tert-butyl o-(lithio)benzoate (aryllithium),ROH (alcohol quench),quench_probe,tert-butyl benzoate,0.10,0.42,1.1,,CC(C)(C)OC(=O)c1ccccc1Br,CCC([Li])C,CC(C)(C)OC(=O)c1ccccc1[Li],CO,CC(C)(C)OC(=O)c1ccccc1
Nagaki et al. 2008 - Aryllithium compounds bearing alkoxycarbonyl groups - generation and reactions using a microflow system,57,halogen-metal exchange,tetrahydrofuran,microtube reactor R1,10.1002/anie.200803205,2008.0,tR1,0.0316,,-60,,tert-butyl o-bromobenzoate,s-BuLi,tert-butyl o-(lithio)benzoate (aryllithium),ROH (alcohol quench),quench_probe,tert-butyl benzoate,0.10,0.42,1.1,,CC(C)(C)OC(=O)c1ccccc1Br,CCC([Li])C,CC(C)(C)OC(=O)c1ccccc1[Li],CO,CC(C)(C)OC(=O)c1ccccc1
Nagaki et al. 2008 - Aryllithium compounds bearing alkoxycarbonyl groups - generation and reactions using a microflow system,75,halogen-metal exchange,tetrahydrofuran,microtube reactor R1,10.1002/anie.200803205,2008.0,tR1,0.1,,-60,,tert-butyl o-bromobenzoate,s-BuLi,tert-butyl o-(lithio)benzoate (aryllithium),ROH (alcohol quench),quench_probe,tert-butyl benzoate,0.10,0.42,1.1,,CC(C)(C)OC(=O)c1ccccc1Br,CCC([Li])C,CC(C)(C)OC(=O)c1ccccc1[Li],CO,CC(C)(C)OC(=O)c1ccccc1
Nagaki et al. 2008 - Aryllithium compounds bearing alkoxycarbonyl groups - generation and reactions using a microflow system,79,halogen-metal exchange,tetrahydrofuran,microtube reactor R1,10.1002/anie.200803205,2008.0,tR1,0.316,,-60,,tert-butyl o-bromobenzoate,s-BuLi,tert-butyl o-(lithio)benzoate (aryllithium),ROH (alcohol quench),quench_probe,tert-butyl benzoate,0.10,0.42,1.1,,CC(C)(C)OC(=O)c1ccccc1Br,CCC([Li])C,CC(C)(C)OC(=O)c1ccccc1[Li],CO,CC(C)(C)OC(=O)c1ccccc1
Nagaki et al. 2008 - Aryllithium compounds bearing alkoxycarbonyl groups - generation and reactions using a microflow system,91,halogen-metal exchange,tetrahydrofuran,microtube reactor R1,10.1002/anie.200803205,2008.0,tR1,1.0,,-60,,tert-butyl o-bromobenzoate,s-BuLi,tert-butyl o-(lithio)benzoate (aryllithium),ROH (alcohol quench),quench_probe,tert-butyl benzoate,0.10,0.42,1.1,,CC(C)(C)OC(=O)c1ccccc1Br,CCC([Li])C,CC(C)(C)OC(=O)c1ccccc1[Li],CO,CC(C)(C)OC(=O)c1ccccc1
Nagaki et al. 2008 - Aryllithium compounds bearing alkoxycarbonyl groups - generation and reactions using a microflow system,85,halogen-metal exchange,tetrahydrofuran,microtube reactor R1,10.1002/anie.200803205,2008.0,tR1,3.16,,-60,,tert-butyl o-bromobenzoate,s-BuLi,tert-butyl o-(lithio)benzoate (aryllithium),ROH (alcohol quench),quench_probe,tert-butyl benzoate,0.10,0.42,1.1,,CC(C)(C)OC(=O)c1ccccc1Br,CCC([Li])C,CC(C)(C)OC(=O)c1ccccc1[Li],CO,CC(C)(C)OC(=O)c1ccccc1
Nagaki et al. 2008 - Aryllithium compounds bearing alkoxycarbonyl groups - generation and reactions using a microflow system,49,halogen-metal exchange,tetrahydrofuran,microtube reactor R1,10.1002/anie.200803205,2008.0,tR1,0.0316,,-78,,tert-butyl o-bromobenzoate,s-BuLi,tert-butyl o-(lithio)benzoate (aryllithium),ROH (alcohol quench),quench_probe,tert-butyl benzoate,0.10,0.42,1.1,,CC(C)(C)OC(=O)c1ccccc1Br,CCC([Li])C,CC(C)(C)OC(=O)c1ccccc1[Li],CO,CC(C)(C)OC(=O)c1ccccc1
Nagaki et al. 2008 - Aryllithium compounds bearing alkoxycarbonyl groups - generation and reactions using a microflow system,41,halogen-metal exchange,tetrahydrofuran,microtube reactor R1,10.1002/anie.200803205,2008.0,tR1,0.1,,-78,,tert-butyl o-bromobenzoate,s-BuLi,tert-butyl o-(lithio)benzoate (aryllithium),ROH (alcohol quench),quench_probe,tert-butyl benzoate,0.10,0.42,1.1,,CC(C)(C)OC(=O)c1ccccc1Br,CCC([Li])C,CC(C)(C)OC(=O)c1ccccc1[Li],CO,CC(C)(C)OC(=O)c1ccccc1
Nagaki et al. 2008 - Aryllithium compounds bearing alkoxycarbonyl groups - generation and reactions using a microflow system,48,halogen-metal exchange,tetrahydrofuran,microtube reactor R1,10.1002/anie.200803205,2008.0,tR1,0.316,,-78,,tert-butyl o-bromobenzoate,s-BuLi,tert-butyl o-(lithio)benzoate (aryllithium),ROH (alcohol quench),quench_probe,tert-butyl benzoate,0.10,0.42,1.1,,CC(C)(C)OC(=O)c1ccccc1Br,CCC([Li])C,CC(C)(C)OC(=O)c1ccccc1[Li],CO,CC(C)(C)OC(=O)c1ccccc1
Nagaki et al. 2008 - Aryllithium compounds bearing alkoxycarbonyl groups - generation and reactions using a microflow system,62,halogen-metal exchange,tetrahydrofuran,microtube reactor R1,10.1002/anie.200803205,2008.0,tR1,1.0,,-78,,tert-butyl o-bromobenzoate,s-BuLi,tert-butyl o-(lithio)benzoate (aryllithium),ROH (alcohol quench),quench_probe,tert-butyl benzoate,0.10,0.42,1.1,,CC(C)(C)OC(=O)c1ccccc1Br,CCC([Li])C,CC(C)(C)OC(=O)c1ccccc1[Li],CO,CC(C)(C)OC(=O)c1ccccc1
Nagaki et al. 2008 - Aryllithium compounds bearing alkoxycarbonyl groups - generation and reactions using a microflow system,65,halogen-metal exchange,tetrahydrofuran,microtube reactor R1,10.1002/anie.200803205,2008.0,tR1,3.16,,-78,,tert-butyl o-bromobenzoate,s-BuLi,tert-butyl o-(lithio)benzoate (aryllithium),ROH (alcohol quench),quench_probe,tert-butyl benzoate,0.10,0.42,1.1,,CC(C)(C)OC(=O)c1ccccc1Br,CCC([Li])C,CC(C)(C)OC(=O)c1ccccc1[Li],CO,CC(C)(C)OC(=O)c1ccccc1
Nagaki et al. 2008 - Aryllithium compounds bearing alkoxycarbonyl groups - generation and reactions using a microflow system,10,halogen-metal exchange,tetrahydrofuran,microtube reactor R1,10.1002/anie.200803205,2008.0,tR1,31.6,,0,,tert-butyl o-bromobenzoate,s-BuLi,tert-butyl o-(lithio)benzoate (aryllithium),ROH (alcohol quench),quench_probe,tert-butyl benzoate,0.10,0.42,1.1,,CC(C)(C)OC(=O)c1ccccc1Br,CCC([Li])C,CC(C)(C)OC(=O)c1ccccc1[Li],CO,CC(C)(C)OC(=O)c1ccccc1
Nagaki et al. 2008 - Aryllithium compounds bearing alkoxycarbonyl groups - generation and reactions using a microflow system,18,halogen-metal exchange,tetrahydrofuran,microtube reactor R1,10.1002/anie.200803205,2008.0,tR1,31.6,,-30,,tert-butyl o-bromobenzoate,s-BuLi,tert-butyl o-(lithio)benzoate (aryllithium),ROH (alcohol quench),quench_probe,tert-butyl benzoate,0.10,0.42,1.1,,CC(C)(C)OC(=O)c1ccccc1Br,CCC([Li])C,CC(C)(C)OC(=O)c1ccccc1[Li],CO,CC(C)(C)OC(=O)c1ccccc1
Nagaki et al. 2008 - Aryllithium compounds bearing alkoxycarbonyl groups - generation and reactions using a microflow system,68,halogen-metal exchange,tetrahydrofuran,microtube reactor R1,10.1002/anie.200803205,2008.0,tR1,31.6,,-50,,tert-butyl o-bromobenzoate,s-BuLi,tert-butyl o-(lithio)benzoate (aryllithium),ROH (alcohol quench),quench_probe,tert-butyl benzoate,0.10,0.42,1.1,,CC(C)(C)OC(=O)c1ccccc1Br,CCC([Li])C,CC(C)(C)OC(=O)c1ccccc1[Li],CO,CC(C)(C)OC(=O)c1ccccc1
Nagaki et al. 2008 - Aryllithium compounds bearing alkoxycarbonyl groups - generation and reactions using a microflow system,72,halogen-metal exchange,tetrahydrofuran,microtube reactor R1,10.1002/anie.200803205,2008.0,tR1,31.6,,-60,,tert-butyl o-bromobenzoate,s-BuLi,tert-butyl o-(lithio)benzoate (aryllithium),ROH (alcohol quench),quench_probe,tert-butyl benzoate,0.10,0.42,1.1,,CC(C)(C)OC(=O)c1ccccc1Br,CCC([Li])C,CC(C)(C)OC(=O)c1ccccc1[Li],CO,CC(C)(C)OC(=O)c1ccccc1
Nagaki et al. 2008 - Aryllithium compounds bearing alkoxycarbonyl groups - generation and reactions using a microflow system,78,halogen-metal exchange,tetrahydrofuran,microtube reactor R1,10.1002/anie.200803205,2008.0,tR1,31.6,,-78,,tert-butyl o-bromobenzoate,s-BuLi,tert-butyl o-(lithio)benzoate (aryllithium),ROH (alcohol quench),quench_probe,tert-butyl benzoate,0.10,0.42,1.1,,CC(C)(C)OC(=O)c1ccccc1Br,CCC([Li])C,CC(C)(C)OC(=O)c1ccccc1[Li],CO,CC(C)(C)OC(=O)c1ccccc1
Nagaki et al. 2008 - Aryllithium compounds bearing alkoxycarbonyl groups - generation and reactions using a microflow system,65,halogen-metal exchange,tetrahydrofuran,microtube reactor R1,10.1002/anie.200803205,2008.0,tR1,0.0316,,0,,tert-butyl o-bromobenzoate,s-BuLi,tert-butyl o-(lithio)benzoate (aryllithium),ROH (alcohol quench),quench_probe,tert-butyl benzoate,0.10,0.42,1.1,,CC(C)(C)OC(=O)c1ccccc1Br,CCC([Li])C,CC(C)(C)OC(=O)c1ccccc1[Li],CO,CC(C)(C)OC(=O)c1ccccc1
Nagaki et al. 2008 - Aryllithium compounds bearing alkoxycarbonyl groups - generation and reactions using a microflow system,37,halogen-metal exchange,tetrahydrofuran,microtube reactor R1,10.1002/anie.200803205,2008.0,tR1,0.1,,0,,tert-butyl o-bromobenzoate,s-BuLi,tert-butyl o-(lithio)benzoate (aryllithium),ROH (alcohol quench),quench_probe,tert-butyl benzoate,0.10,0.42,1.1,,CC(C)(C)OC(=O)c1ccccc1Br,CCC([Li])C,CC(C)(C)OC(=O)c1ccccc1[Li],CO,CC(C)(C)OC(=O)c1ccccc1
Nagaki et al. 2008 - Aryllithium compounds bearing alkoxycarbonyl groups - generation and reactions using a microflow system,15,halogen-metal exchange,tetrahydrofuran,microtube reactor R1,10.1002/anie.200803205,2008.0,tR1,0.316,,0,,tert-butyl o-bromobenzoate,s-BuLi,tert-butyl o-(lithio)benzoate (aryllithium),ROH (alcohol quench),quench_probe,tert-butyl benzoate,0.10,0.42,1.1,,CC(C)(C)OC(=O)c1ccccc1Br,CCC([Li])C,CC(C)(C)OC(=O)c1ccccc1[Li],CO,CC(C)(C)OC(=O)c1ccccc1
Nagaki et al. 2008 - Aryllithium compounds bearing alkoxycarbonyl groups - generation and reactions using a microflow system,9,halogen-metal exchange,tetrahydrofuran,microtube reactor R1,10.1002/anie.200803205,2008.0,tR1,1.0,,0,,tert-butyl o-bromobenzoate,s-BuLi,tert-butyl o-(lithio)benzoate (aryllithium),ROH (alcohol quench),quench_probe,tert-butyl benzoate,0.10,0.42,1.1,,CC(C)(C)OC(=O)c1ccccc1Br,CCC([Li])C,CC(C)(C)OC(=O)c1ccccc1[Li],CO,CC(C)(C)OC(=O)c1ccccc1
Nagaki et al. 2008 - Aryllithium compounds bearing alkoxycarbonyl groups - generation and reactions using a microflow system,4,halogen-metal exchange,tetrahydrofuran,microtube reactor R1,10.1002/anie.200803205,2008.0,tR1,3.16,,0,,tert-butyl o-bromobenzoate,s-BuLi,tert-butyl o-(lithio)benzoate (aryllithium),ROH (alcohol quench),quench_probe,tert-butyl benzoate,0.10,0.42,1.1,,CC(C)(C)OC(=O)c1ccccc1Br,CCC([Li])C,CC(C)(C)OC(=O)c1ccccc1[Li],CO,CC(C)(C)OC(=O)c1ccccc1
Nagaki et al. 2008 - Aryllithium compounds bearing alkoxycarbonyl groups - generation and reactions using a microflow system,0,halogen-metal exchange,tetrahydrofuran,microtube reactor R1,10.1002/anie.200803205,2008.0,tR1,31.6,,0,,tert-butyl o-bromobenzoate,s-BuLi,tert-butyl o-(lithio)benzoate (aryllithium),ROH (alcohol quench),quench_probe,tert-butyl benzoate,0.10,0.42,1.1,,CC(C)(C)OC(=O)c1ccccc1Br,CCC([Li])C,CC(C)(C)OC(=O)c1ccccc1[Li],CO,CC(C)(C)OC(=O)c1ccccc1
Nagaki et al. 2008 - Aryllithium compounds bearing alkoxycarbonyl groups - generation and reactions using a microflow system,84,halogen-metal exchange,tetrahydrofuran,microtube reactor R1,10.1002/anie.200803205,2008.0,tR1,0.0316,,-30,,tert-butyl o-bromobenzoate,s-BuLi,tert-butyl o-(lithio)benzoate (aryllithium),ROH (alcohol quench),quench_probe,tert-butyl benzoate,0.10,0.42,1.1,,CC(C)(C)OC(=O)c1ccccc1Br,CCC([Li])C,CC(C)(C)OC(=O)c1ccccc1[Li],CO,CC(C)(C)OC(=O)c1ccccc1
Nagaki et al. 2008 - Aryllithium compounds bearing alkoxycarbonyl groups - generation and reactions using a microflow system,63,halogen-metal exchange,tetrahydrofuran,microtube reactor R1,10.1002/anie.200803205,2008.0,tR1,0.1,,-30,,tert-butyl o-bromobenzoate,s-BuLi,tert-butyl o-(lithio)benzoate (aryllithium),ROH (alcohol quench),quench_probe,tert-butyl benzoate,0.10,0.42,1.1,,CC(C)(C)OC(=O)c1ccccc1Br,CCC([Li])C,CC(C)(C)OC(=O)c1ccccc1[Li],CO,CC(C)(C)OC(=O)c1ccccc1
Nagaki et al. 2008 - Aryllithium compounds bearing alkoxycarbonyl groups - generation and reactions using a microflow system,58,halogen-metal exchange,tetrahydrofuran,microtube reactor R1,10.1002/anie.200803205,2008.0,tR1,0.316,,-30,,tert-butyl o-bromobenzoate,s-BuLi,tert-butyl o-(lithio)benzoate (aryllithium),ROH (alcohol quench),quench_probe,tert-butyl benzoate,0.10,0.42,1.1,,CC(C)(C)OC(=O)c1ccccc1Br,CCC([Li])C,CC(C)(C)OC(=O)c1ccccc1[Li],CO,CC(C)(C)OC(=O)c1ccccc1
Nagaki et al. 2008 - Aryllithium compounds bearing alkoxycarbonyl groups - generation and reactions using a microflow system,48,halogen-metal exchange,tetrahydrofuran,microtube reactor R1,10.1002/anie.200803205,2008.0,tR1,1.0,,-30,,tert-butyl o-bromobenzoate,s-BuLi,tert-butyl o-(lithio)benzoate (aryllithium),ROH (alcohol quench),quench_probe,tert-butyl benzoate,0.10,0.42,1.1,,CC(C)(C)OC(=O)c1ccccc1Br,CCC([Li])C,CC(C)(C)OC(=O)c1ccccc1[Li],CO,CC(C)(C)OC(=O)c1ccccc1
Nagaki et al. 2008 - Aryllithium compounds bearing alkoxycarbonyl groups - generation and reactions using a microflow system,38,halogen-metal exchange,tetrahydrofuran,microtube reactor R1,10.1002/anie.200803205,2008.0,tR1,3.16,,-30,,tert-butyl o-bromobenzoate,s-BuLi,tert-butyl o-(lithio)benzoate (aryllithium),ROH (alcohol quench),quench_probe,tert-butyl benzoate,0.10,0.42,1.1,,CC(C)(C)OC(=O)c1ccccc1Br,CCC([Li])C,CC(C)(C)OC(=O)c1ccccc1[Li],CO,CC(C)(C)OC(=O)c1ccccc1
Nagaki et al. 2008 - Aryllithium compounds bearing alkoxycarbonyl groups - generation and reactions using a microflow system,10,halogen-metal exchange,tetrahydrofuran,microtube reactor R1,10.1002/anie.200803205,2008.0,tR1,31.6,,-30,,tert-butyl o-bromobenzoate,s-BuLi,tert-butyl o-(lithio)benzoate (aryllithium),ROH (alcohol quench),quench_probe,tert-butyl benzoate,0.10,0.42,1.1,,CC(C)(C)OC(=O)c1ccccc1Br,CCC([Li])C,CC(C)(C)OC(=O)c1ccccc1[Li],CO,CC(C)(C)OC(=O)c1ccccc1
Nagaki et al. 2008 - Aryllithium compounds bearing alkoxycarbonyl groups - generation and reactions using a microflow system,64,halogen-metal exchange,tetrahydrofuran,microtube reactor R1,10.1002/anie.200803205,2008.0,tR1,0.0316,,-50,,tert-butyl o-bromobenzoate,s-BuLi,tert-butyl o-(lithio)benzoate (aryllithium),ROH (alcohol quench),quench_probe,tert-butyl benzoate,0.10,0.42,1.1,,CC(C)(C)OC(=O)c1ccccc1Br,CCC([Li])C,CC(C)(C)OC(=O)c1ccccc1[Li],CO,CC(C)(C)OC(=O)c1ccccc1
Nagaki et al. 2008 - Aryllithium compounds bearing alkoxycarbonyl groups - generation and reactions using a microflow system,90,halogen-metal exchange,tetrahydrofuran,microtube reactor R1,10.1002/anie.200803205,2008.0,tR1,0.1,,-50,,tert-butyl o-bromobenzoate,s-BuLi,tert-butyl o-(lithio)benzoate (aryllithium),ROH (alcohol quench),quench_probe,tert-butyl benzoate,0.10,0.42,1.1,,CC(C)(C)OC(=O)c1ccccc1Br,CCC([Li])C,CC(C)(C)OC(=O)c1ccccc1[Li],CO,CC(C)(C)OC(=O)c1ccccc1
Nagaki et al. 2008 - Aryllithium compounds bearing alkoxycarbonyl groups - generation and reactions using a microflow system,86,halogen-metal exchange,tetrahydrofuran,microtube reactor R1,10.1002/anie.200803205,2008.0,tR1,0.316,,-50,,tert-butyl o-bromobenzoate,s-BuLi,tert-butyl o-(lithio)benzoate (aryllithium),ROH (alcohol quench),quench_probe,tert-butyl benzoate,0.10,0.42,1.1,,CC(C)(C)OC(=O)c1ccccc1Br,CCC([Li])C,CC(C)(C)OC(=O)c1ccccc1[Li],CO,CC(C)(C)OC(=O)c1ccccc1
Nagaki et al. 2008 - Aryllithium compounds bearing alkoxycarbonyl groups - generation and reactions using a microflow system,80,halogen-metal exchange,tetrahydrofuran,microtube reactor R1,10.1002/anie.200803205,2008.0,tR1,1.0,,-50,,tert-butyl o-bromobenzoate,s-BuLi,tert-butyl o-(lithio)benzoate (aryllithium),ROH (alcohol quench),quench_probe,tert-butyl benzoate,0.10,0.42,1.1,,CC(C)(C)OC(=O)c1ccccc1Br,CCC([Li])C,CC(C)(C)OC(=O)c1ccccc1[Li],CO,CC(C)(C)OC(=O)c1ccccc1
Nagaki et al. 2008 - Aryllithium compounds bearing alkoxycarbonyl groups - generation and reactions using a microflow system,77,halogen-metal exchange,tetrahydrofuran,microtube reactor R1,10.1002/anie.200803205,2008.0,tR1,3.16,,-50,,tert-butyl o-bromobenzoate,s-BuLi,tert-butyl o-(lithio)benzoate (aryllithium),ROH (alcohol quench),quench_probe,tert-butyl benzoate,0.10,0.42,1.1,,CC(C)(C)OC(=O)c1ccccc1Br,CCC([Li])C,CC(C)(C)OC(=O)c1ccccc1[Li],CO,CC(C)(C)OC(=O)c1ccccc1
Nagaki et al. 2008 - Aryllithium compounds bearing alkoxycarbonyl groups - generation and reactions using a microflow system,43,halogen-metal exchange,tetrahydrofuran,microtube reactor R1,10.1002/anie.200803205,2008.0,tR1,31.6,,-50,,tert-butyl o-bromobenzoate,s-BuLi,tert-butyl o-(lithio)benzoate (aryllithium),ROH (alcohol quench),quench_probe,tert-butyl benzoate,0.10,0.42,1.1,,CC(C)(C)OC(=O)c1ccccc1Br,CCC([Li])C,CC(C)(C)OC(=O)c1ccccc1[Li],CO,CC(C)(C)OC(=O)c1ccccc1
Nagaki et al. 2008 - Aryllithium compounds bearing alkoxycarbonyl groups - generation and reactions using a microflow system,56,halogen-metal exchange,tetrahydrofuran,microtube reactor R1,10.1002/anie.200803205,2008.0,tR1,0.0316,,-60,,tert-butyl o-bromobenzoate,s-BuLi,tert-butyl o-(lithio)benzoate (aryllithium),ROH (alcohol quench),quench_probe,tert-butyl benzoate,0.10,0.42,1.1,,CC(C)(C)OC(=O)c1ccccc1Br,CCC([Li])C,CC(C)(C)OC(=O)c1ccccc1[Li],CO,CC(C)(C)OC(=O)c1ccccc1
Nagaki et al. 2008 - Aryllithium compounds bearing alkoxycarbonyl groups - generation and reactions using a microflow system,88,halogen-metal exchange,tetrahydrofuran,microtube reactor R1,10.1002/anie.200803205,2008.0,tR1,0.1,,-60,,tert-butyl o-bromobenzoate,s-BuLi,tert-butyl o-(lithio)benzoate (aryllithium),ROH (alcohol quench),quench_probe,tert-butyl benzoate,0.10,0.42,1.1,,CC(C)(C)OC(=O)c1ccccc1Br,CCC([Li])C,CC(C)(C)OC(=O)c1ccccc1[Li],CO,CC(C)(C)OC(=O)c1ccccc1
Nagaki et al. 2008 - Aryllithium compounds bearing alkoxycarbonyl groups - generation and reactions using a microflow system,82,halogen-metal exchange,tetrahydrofuran,microtube reactor R1,10.1002/anie.200803205,2008.0,tR1,0.316,,-60,,tert-butyl o-bromobenzoate,s-BuLi,tert-butyl o-(lithio)benzoate (aryllithium),ROH (alcohol quench),quench_probe,tert-butyl benzoate,0.10,0.42,1.1,,CC(C)(C)OC(=O)c1ccccc1Br,CCC([Li])C,CC(C)(C)OC(=O)c1ccccc1[Li],CO,CC(C)(C)OC(=O)c1ccccc1
Nagaki et al. 2008 - Aryllithium compounds bearing alkoxycarbonyl groups - generation and reactions using a microflow system,77,halogen-metal exchange,tetrahydrofuran,microtube reactor R1,10.1002/anie.200803205,2008.0,tR1,1.0,,-60,,tert-butyl o-bromobenzoate,s-BuLi,tert-butyl o-(lithio)benzoate (aryllithium),ROH (alcohol quench),quench_probe,tert-butyl benzoate,0.10,0.42,1.1,,CC(C)(C)OC(=O)c1ccccc1Br,CCC([Li])C,CC(C)(C)OC(=O)c1ccccc1[Li],CO,CC(C)(C)OC(=O)c1ccccc1
Nagaki et al. 2008 - Aryllithium compounds bearing alkoxycarbonyl groups - generation and reactions using a microflow system,78,halogen-metal exchange,tetrahydrofuran,microtube reactor R1,10.1002/anie.200803205,2008.0,tR1,3.16,,-60,,tert-butyl o-bromobenzoate,s-BuLi,tert-butyl o-(lithio)benzoate (aryllithium),ROH (alcohol quench),quench_probe,tert-butyl benzoate,0.10,0.42,1.1,,CC(C)(C)OC(=O)c1ccccc1Br,CCC([Li])C,CC(C)(C)OC(=O)c1ccccc1[Li],CO,CC(C)(C)OC(=O)c1ccccc1
Nagaki et al. 2008 - Aryllithium compounds bearing alkoxycarbonyl groups - generation and reactions using a microflow system,62,halogen-metal exchange,tetrahydrofuran,microtube reactor R1,10.1002/anie.200803205,2008.0,tR1,31.6,,-60,,tert-butyl o-bromobenzoate,s-BuLi,tert-butyl o-(lithio)benzoate (aryllithium),ROH (alcohol quench),quench_probe,tert-butyl benzoate,0.10,0.42,1.1,,CC(C)(C)OC(=O)c1ccccc1Br,CCC([Li])C,CC(C)(C)OC(=O)c1ccccc1[Li],CO,CC(C)(C)OC(=O)c1ccccc1
Nagaki et al. 2008 - Aryllithium compounds bearing alkoxycarbonyl groups - generation and reactions using a microflow system,33,halogen-metal exchange,tetrahydrofuran,microtube reactor R1,10.1002/anie.200803205,2008.0,tR1,0.0316,,-78,,tert-butyl o-bromobenzoate,s-BuLi,tert-butyl o-(lithio)benzoate (aryllithium),ROH (alcohol quench),quench_probe,tert-butyl benzoate,0.10,0.42,1.1,,CC(C)(C)OC(=O)c1ccccc1Br,CCC([Li])C,CC(C)(C)OC(=O)c1ccccc1[Li],CO,CC(C)(C)OC(=O)c1ccccc1
Nagaki et al. 2008 - Aryllithium compounds bearing alkoxycarbonyl groups - generation and reactions using a microflow system,43,halogen-metal exchange,tetrahydrofuran,microtube reactor R1,10.1002/anie.200803205,2008.0,tR1,0.1,,-78,,tert-butyl o-bromobenzoate,s-BuLi,tert-butyl o-(lithio)benzoate (aryllithium),ROH (alcohol quench),quench_probe,tert-butyl benzoate,0.10,0.42,1.1,,CC(C)(C)OC(=O)c1ccccc1Br,CCC([Li])C,CC(C)(C)OC(=O)c1ccccc1[Li],CO,CC(C)(C)OC(=O)c1ccccc1
Nagaki et al. 2008 - Aryllithium compounds bearing alkoxycarbonyl groups - generation and reactions using a microflow system,52,halogen-metal exchange,tetrahydrofuran,microtube reactor R1,10.1002/anie.200803205,2008.0,tR1,0.316,,-78,,tert-butyl o-bromobenzoate,s-BuLi,tert-butyl o-(lithio)benzoate (aryllithium),ROH (alcohol quench),quench_probe,tert-butyl benzoate,0.10,0.42,1.1,,CC(C)(C)OC(=O)c1ccccc1Br,CCC([Li])C,CC(C)(C)OC(=O)c1ccccc1[Li],CO,CC(C)(C)OC(=O)c1ccccc1
Nagaki et al. 2008 - Aryllithium compounds bearing alkoxycarbonyl groups - generation and reactions using a microflow system,56,halogen-metal exchange,tetrahydrofuran,microtube reactor R1,10.1002/anie.200803205,2008.0,tR1,1.0,,-78,,tert-butyl o-bromobenzoate,s-BuLi,tert-butyl o-(lithio)benzoate (aryllithium),ROH (alcohol quench),quench_probe,tert-butyl benzoate,0.10,0.42,1.1,,CC(C)(C)OC(=O)c1ccccc1Br,CCC([Li])C,CC(C)(C)OC(=O)c1ccccc1[Li],CO,CC(C)(C)OC(=O)c1ccccc1
Nagaki et al. 2008 - Aryllithium compounds bearing alkoxycarbonyl groups - generation and reactions using a microflow system,64,halogen-metal exchange,tetrahydrofuran,microtube reactor R1,10.1002/anie.200803205,2008.0,tR1,3.16,,-78,,tert-butyl o-bromobenzoate,s-BuLi,tert-butyl o-(lithio)benzoate (aryllithium),ROH (alcohol quench),quench_probe,tert-butyl benzoate,0.10,0.42,1.1,,CC(C)(C)OC(=O)c1ccccc1Br,CCC([Li])C,CC(C)(C)OC(=O)c1ccccc1[Li],CO,CC(C)(C)OC(=O)c1ccccc1
Nagaki et al. 2008 - Aryllithium compounds bearing alkoxycarbonyl groups - generation and reactions using a microflow system,58,halogen-metal exchange,tetrahydrofuran,microtube reactor R1,10.1002/anie.200803205,2008.0,tR1,31.6,,-78,,tert-butyl o-bromobenzoate,s-BuLi,tert-butyl o-(lithio)benzoate (aryllithium),ROH (alcohol quench),quench_probe,tert-butyl benzoate,0.10,0.42,1.1,,CC(C)(C)OC(=O)c1ccccc1Br,CCC([Li])C,CC(C)(C)OC(=O)c1ccccc1[Li],CO,CC(C)(C)OC(=O)c1ccccc1
Nagaki et al. 2008 - Aryllithium compounds bearing alkoxycarbonyl groups - generation and reactions using a microflow system,83,halogen-metal exchange,tetrahydrofuran,microtube reactor R1,10.1002/anie.200803205,2008.0,tR1,0.0316,,20,,tert-butyl o-bromobenzoate,s-BuLi,tert-butyl o-(lithio)benzoate (aryllithium),ROH (alcohol quench),quench_probe,tert-butyl benzoate,0.10,0.42,1.1,,CC(C)(C)OC(=O)c1ccccc1Br,CCC([Li])C,CC(C)(C)OC(=O)c1ccccc1[Li],CO,CC(C)(C)OC(=O)c1ccccc1
Nagaki et al. 2008 - Aryllithium compounds bearing alkoxycarbonyl groups - generation and reactions using a microflow system,81,halogen-metal exchange,tetrahydrofuran,microtube reactor R1,10.1002/anie.200803205,2008.0,tR1,0.1,,20,,tert-butyl o-bromobenzoate,s-BuLi,tert-butyl o-(lithio)benzoate (aryllithium),ROH (alcohol quench),quench_probe,tert-butyl benzoate,0.10,0.42,1.1,,CC(C)(C)OC(=O)c1ccccc1Br,CCC([Li])C,CC(C)(C)OC(=O)c1ccccc1[Li],CO,CC(C)(C)OC(=O)c1ccccc1
Nagaki et al. 2008 - Aryllithium compounds bearing alkoxycarbonyl groups - generation and reactions using a microflow system,74,halogen-metal exchange,tetrahydrofuran,microtube reactor R1,10.1002/anie.200803205,2008.0,tR1,0.316,,20,,tert-butyl o-bromobenzoate,s-BuLi,tert-butyl o-(lithio)benzoate (aryllithium),ROH (alcohol quench),quench_probe,tert-butyl benzoate,0.10,0.42,1.1,,CC(C)(C)OC(=O)c1ccccc1Br,CCC([Li])C,CC(C)(C)OC(=O)c1ccccc1[Li],CO,CC(C)(C)OC(=O)c1ccccc1
Nagaki et al. 2008 - Aryllithium compounds bearing alkoxycarbonyl groups - generation and reactions using a microflow system,71,halogen-metal exchange,tetrahydrofuran,microtube reactor R1,10.1002/anie.200803205,2008.0,tR1,1.0,,20,,tert-butyl o-bromobenzoate,s-BuLi,tert-butyl o-(lithio)benzoate (aryllithium),ROH (alcohol quench),quench_probe,tert-butyl benzoate,0.10,0.42,1.1,,CC(C)(C)OC(=O)c1ccccc1Br,CCC([Li])C,CC(C)(C)OC(=O)c1ccccc1[Li],CO,CC(C)(C)OC(=O)c1ccccc1
Nagaki et al. 2008 - Aryllithium compounds bearing alkoxycarbonyl groups - generation and reactions using a microflow system,61,halogen-metal exchange,tetrahydrofuran,microtube reactor R1,10.1002/anie.200803205,2008.0,tR1,3.16,,20,,tert-butyl o-bromobenzoate,s-BuLi,tert-butyl o-(lithio)benzoate (aryllithium),ROH (alcohol quench),quench_probe,tert-butyl benzoate,0.10,0.42,1.1,,CC(C)(C)OC(=O)c1ccccc1Br,CCC([Li])C,CC(C)(C)OC(=O)c1ccccc1[Li],CO,CC(C)(C)OC(=O)c1ccccc1
Nagaki et al. 2008 - Aryllithium compounds bearing alkoxycarbonyl groups - generation and reactions using a microflow system,30,halogen-metal exchange,tetrahydrofuran,microtube reactor R1,10.1002/anie.200803205,2008.0,tR1,31.6,,20,,tert-butyl o-bromobenzoate,s-BuLi,tert-butyl o-(lithio)benzoate (aryllithium),ROH (alcohol quench),quench_probe,tert-butyl benzoate,0.10,0.42,1.1,,CC(C)(C)OC(=O)c1ccccc1Br,CCC([Li])C,CC(C)(C)OC(=O)c1ccccc1[Li],CO,CC(C)(C)OC(=O)c1ccccc1
Nagaki et al. 2008 - Aryllithium compounds bearing alkoxycarbonyl groups - generation and reactions using a microflow system,93,halogen-metal exchange,tetrahydrofuran,microtube reactor R1,10.1002/anie.200803205,2008.0,tR1,0.0316,,0,,tert-butyl o-bromobenzoate,s-BuLi,tert-butyl o-(lithio)benzoate (aryllithium),ROH (alcohol quench),quench_probe,tert-butyl benzoate,0.10,0.42,1.1,,CC(C)(C)OC(=O)c1ccccc1Br,CCC([Li])C,CC(C)(C)OC(=O)c1ccccc1[Li],CO,CC(C)(C)OC(=O)c1ccccc1
Nagaki et al. 2008 - Aryllithium compounds bearing alkoxycarbonyl groups - generation and reactions using a microflow system,93,halogen-metal exchange,tetrahydrofuran,microtube reactor R1,10.1002/anie.200803205,2008.0,tR1,0.1,,0,,tert-butyl o-bromobenzoate,s-BuLi,tert-butyl o-(lithio)benzoate (aryllithium),ROH (alcohol quench),quench_probe,tert-butyl benzoate,0.10,0.42,1.1,,CC(C)(C)OC(=O)c1ccccc1Br,CCC([Li])C,CC(C)(C)OC(=O)c1ccccc1[Li],CO,CC(C)(C)OC(=O)c1ccccc1
Nagaki et al. 2008 - Aryllithium compounds bearing alkoxycarbonyl groups - generation and reactions using a microflow system,90,halogen-metal exchange,tetrahydrofuran,microtube reactor R1,10.1002/anie.200803205,2008.0,tR1,0.316,,0,,tert-butyl o-bromobenzoate,s-BuLi,tert-butyl o-(lithio)benzoate (aryllithium),ROH (alcohol quench),quench_probe,tert-butyl benzoate,0.10,0.42,1.1,,CC(C)(C)OC(=O)c1ccccc1Br,CCC([Li])C,CC(C)(C)OC(=O)c1ccccc1[Li],CO,CC(C)(C)OC(=O)c1ccccc1
Nagaki et al. 2008 - Aryllithium compounds bearing alkoxycarbonyl groups - generation and reactions using a microflow system,89,halogen-metal exchange,tetrahydrofuran,microtube reactor R1,10.1002/anie.200803205,2008.0,tR1,1.0,,0,,tert-butyl o-bromobenzoate,s-BuLi,tert-butyl o-(lithio)benzoate (aryllithium),ROH (alcohol quench),quench_probe,tert-butyl benzoate,0.10,0.42,1.1,,CC(C)(C)OC(=O)c1ccccc1Br,CCC([Li])C,CC(C)(C)OC(=O)c1ccccc1[Li],CO,CC(C)(C)OC(=O)c1ccccc1
Nagaki et al. 2008 - Aryllithium compounds bearing alkoxycarbonyl groups - generation and reactions using a microflow system,84,halogen-metal exchange,tetrahydrofuran,microtube reactor R1,10.1002/anie.200803205,2008.0,tR1,3.16,,0,,tert-butyl o-bromobenzoate,s-BuLi,tert-butyl o-(lithio)benzoate (aryllithium),ROH (alcohol quench),quench_probe,tert-butyl benzoate,0.10,0.42,1.1,,CC(C)(C)OC(=O)c1ccccc1Br,CCC([Li])C,CC(C)(C)OC(=O)c1ccccc1[Li],CO,CC(C)(C)OC(=O)c1ccccc1
Nagaki et al. 2008 - Aryllithium compounds bearing alkoxycarbonyl groups - generation and reactions using a microflow system,43,halogen-metal exchange,tetrahydrofuran,microtube reactor R1,10.1002/anie.200803205,2008.0,tR1,31.6,,0,,tert-butyl o-bromobenzoate,s-BuLi,tert-butyl o-(lithio)benzoate (aryllithium),ROH (alcohol quench),quench_probe,tert-butyl benzoate,0.10,0.42,1.1,,CC(C)(C)OC(=O)c1ccccc1Br,CCC([Li])C,CC(C)(C)OC(=O)c1ccccc1[Li],CO,CC(C)(C)OC(=O)c1ccccc1
Nagaki et al. 2008 - Aryllithium compounds bearing alkoxycarbonyl groups - generation and reactions using a microflow system,75,halogen-metal exchange,tetrahydrofuran,microtube reactor R1,10.1002/anie.200803205,2008.0,tR1,0.0316,,-30,,tert-butyl o-bromobenzoate,s-BuLi,tert-butyl o-(lithio)benzoate (aryllithium),ROH (alcohol quench),quench_probe,tert-butyl benzoate,0.10,0.42,1.1,,CC(C)(C)OC(=O)c1ccccc1Br,CCC([Li])C,CC(C)(C)OC(=O)c1ccccc1[Li],CO,CC(C)(C)OC(=O)c1ccccc1
Nagaki et al. 2008 - Aryllithium compounds bearing alkoxycarbonyl groups - generation and reactions using a microflow system,99,halogen-metal exchange,tetrahydrofuran,microtube reactor R1,10.1002/anie.200803205,2008.0,tR1,0.1,,-30,,tert-butyl o-bromobenzoate,s-BuLi,tert-butyl o-(lithio)benzoate (aryllithium),ROH (alcohol quench),quench_probe,tert-butyl benzoate,0.10,0.42,1.1,,CC(C)(C)OC(=O)c1ccccc1Br,CCC([Li])C,CC(C)(C)OC(=O)c1ccccc1[Li],CO,CC(C)(C)OC(=O)c1ccccc1
Nagaki et al. 2008 - Aryllithium compounds bearing alkoxycarbonyl groups - generation and reactions using a microflow system,98,halogen-metal exchange,tetrahydrofuran,microtube reactor R1,10.1002/anie.200803205,2008.0,tR1,0.316,,-30,,tert-butyl o-bromobenzoate,s-BuLi,tert-butyl o-(lithio)benzoate (aryllithium),ROH (alcohol quench),quench_probe,tert-butyl benzoate,0.10,0.42,1.1,,CC(C)(C)OC(=O)c1ccccc1Br,CCC([Li])C,CC(C)(C)OC(=O)c1ccccc1[Li],CO,CC(C)(C)OC(=O)c1ccccc1
Nagaki et al. 2008 - Aryllithium compounds bearing alkoxycarbonyl groups - generation and reactions using a microflow system,99,halogen-metal exchange,tetrahydrofuran,microtube reactor R1,10.1002/anie.200803205,2008.0,tR1,1.0,,-30,,tert-butyl o-bromobenzoate,s-BuLi,tert-butyl o-(lithio)benzoate (aryllithium),ROH (alcohol quench),quench_probe,tert-butyl benzoate,0.10,0.42,1.1,,CC(C)(C)OC(=O)c1ccccc1Br,CCC([Li])C,CC(C)(C)OC(=O)c1ccccc1[Li],CO,CC(C)(C)OC(=O)c1ccccc1
Nagaki et al. 2008 - Aryllithium compounds bearing alkoxycarbonyl groups - generation and reactions using a microflow system,97,halogen-metal exchange,tetrahydrofuran,microtube reactor R1,10.1002/anie.200803205,2008.0,tR1,3.16,,-30,,tert-butyl o-bromobenzoate,s-BuLi,tert-butyl o-(lithio)benzoate (aryllithium),ROH (alcohol quench),quench_probe,tert-butyl benzoate,0.10,0.42,1.1,,CC(C)(C)OC(=O)c1ccccc1Br,CCC([Li])C,CC(C)(C)OC(=O)c1ccccc1[Li],CO,CC(C)(C)OC(=O)c1ccccc1
Nagaki et al. 2008 - Aryllithium compounds bearing alkoxycarbonyl groups - generation and reactions using a microflow system,88,halogen-metal exchange,tetrahydrofuran,microtube reactor R1,10.1002/anie.200803205,2008.0,tR1,31.6,,-30,,tert-butyl o-bromobenzoate,s-BuLi,tert-butyl o-(lithio)benzoate (aryllithium),ROH (alcohol quench),quench_probe,tert-butyl benzoate,0.10,0.42,1.1,,CC(C)(C)OC(=O)c1ccccc1Br,CCC([Li])C,CC(C)(C)OC(=O)c1ccccc1[Li],CO,CC(C)(C)OC(=O)c1ccccc1
Nagaki et al. 2008 - Aryllithium compounds bearing alkoxycarbonyl groups - generation and reactions using a microflow system,65,halogen-metal exchange,tetrahydrofuran,microtube reactor R1,10.1002/anie.200803205,2008.0,tR1,0.0316,,-50,,tert-butyl o-bromobenzoate,s-BuLi,tert-butyl o-(lithio)benzoate (aryllithium),ROH (alcohol quench),quench_probe,tert-butyl benzoate,0.10,0.42,1.1,,CC(C)(C)OC(=O)c1ccccc1Br,CCC([Li])C,CC(C)(C)OC(=O)c1ccccc1[Li],CO,CC(C)(C)OC(=O)c1ccccc1
Nagaki et al. 2008 - Aryllithium compounds bearing alkoxycarbonyl groups - generation and reactions using a microflow system,94,halogen-metal exchange,tetrahydrofuran,microtube reactor R1,10.1002/anie.200803205,2008.0,tR1,0.1,,-50,,tert-butyl o-bromobenzoate,s-BuLi,tert-butyl o-(lithio)benzoate (aryllithium),ROH (alcohol quench),quench_probe,tert-butyl benzoate,0.10,0.42,1.1,,CC(C)(C)OC(=O)c1ccccc1Br,CCC([Li])C,CC(C)(C)OC(=O)c1ccccc1[Li],CO,CC(C)(C)OC(=O)c1ccccc1
Nagaki et al. 2008 - Aryllithium compounds bearing alkoxycarbonyl groups - generation and reactions using a microflow system,98,halogen-metal exchange,tetrahydrofuran,microtube reactor R1,10.1002/anie.200803205,2008.0,tR1,0.316,,-50,,tert-butyl o-bromobenzoate,s-BuLi,tert-butyl o-(lithio)benzoate (aryllithium),ROH (alcohol quench),quench_probe,tert-butyl benzoate,0.10,0.42,1.1,,CC(C)(C)OC(=O)c1ccccc1Br,CCC([Li])C,CC(C)(C)OC(=O)c1ccccc1[Li],CO,CC(C)(C)OC(=O)c1ccccc1
Nagaki et al. 2008 - Aryllithium compounds bearing alkoxycarbonyl groups - generation and reactions using a microflow system,99,halogen-metal exchange,tetrahydrofuran,microtube reactor R1,10.1002/anie.200803205,2008.0,tR1,1.0,,-50,,tert-butyl o-bromobenzoate,s-BuLi,tert-butyl o-(lithio)benzoate (aryllithium),ROH (alcohol quench),quench_probe,tert-butyl benzoate,0.10,0.42,1.1,,CC(C)(C)OC(=O)c1ccccc1Br,CCC([Li])C,CC(C)(C)OC(=O)c1ccccc1[Li],CO,CC(C)(C)OC(=O)c1ccccc1
Nagaki et al. 2008 - Aryllithium compounds bearing alkoxycarbonyl groups - generation and reactions using a microflow system,96,halogen-metal exchange,tetrahydrofuran,microtube reactor R1,10.1002/anie.200803205,2008.0,tR1,3.16,,-50,,tert-butyl o-bromobenzoate,s-BuLi,tert-butyl o-(lithio)benzoate (aryllithium),ROH (alcohol quench),quench_probe,tert-butyl benzoate,0.10,0.42,1.1,,CC(C)(C)OC(=O)c1ccccc1Br,CCC([Li])C,CC(C)(C)OC(=O)c1ccccc1[Li],CO,CC(C)(C)OC(=O)c1ccccc1
Nagaki et al. 2008 - Aryllithium compounds bearing alkoxycarbonyl groups - generation and reactions using a microflow system,92,halogen-metal exchange,tetrahydrofuran,microtube reactor R1,10.1002/anie.200803205,2008.0,tR1,31.6,,-50,,tert-butyl o-bromobenzoate,s-BuLi,tert-butyl o-(lithio)benzoate (aryllithium),ROH (alcohol quench),quench_probe,tert-butyl benzoate,0.10,0.42,1.1,,CC(C)(C)OC(=O)c1ccccc1Br,CCC([Li])C,CC(C)(C)OC(=O)c1ccccc1[Li],CO,CC(C)(C)OC(=O)c1ccccc1
Nagaki et al. 2008 - Aryllithium compounds bearing alkoxycarbonyl groups - generation and reactions using a microflow system,54,halogen-metal exchange,tetrahydrofuran,microtube reactor R1,10.1002/anie.200803205,2008.0,tR1,0.0316,,-60,,tert-butyl o-bromobenzoate,s-BuLi,tert-butyl o-(lithio)benzoate (aryllithium),ROH (alcohol quench),quench_probe,tert-butyl benzoate,0.10,0.42,1.1,,CC(C)(C)OC(=O)c1ccccc1Br,CCC([Li])C,CC(C)(C)OC(=O)c1ccccc1[Li],CO,CC(C)(C)OC(=O)c1ccccc1
Nagaki et al. 2008 - Aryllithium compounds bearing alkoxycarbonyl groups - generation and reactions using a microflow system,77,halogen-metal exchange,tetrahydrofuran,microtube reactor R1,10.1002/anie.200803205,2008.0,tR1,0.1,,-60,,tert-butyl o-bromobenzoate,s-BuLi,tert-butyl o-(lithio)benzoate (aryllithium),ROH (alcohol quench),quench_probe,tert-butyl benzoate,0.10,0.42,1.1,,CC(C)(C)OC(=O)c1ccccc1Br,CCC([Li])C,CC(C)(C)OC(=O)c1ccccc1[Li],CO,CC(C)(C)OC(=O)c1ccccc1
Nagaki et al. 2008 - Aryllithium compounds bearing alkoxycarbonyl groups - generation and reactions using a microflow system,92,halogen-metal exchange,tetrahydrofuran,microtube reactor R1,10.1002/anie.200803205,2008.0,tR1,0.316,,-60,,tert-butyl o-bromobenzoate,s-BuLi,tert-butyl o-(lithio)benzoate (aryllithium),ROH (alcohol quench),quench_probe,tert-butyl benzoate,0.10,0.42,1.1,,CC(C)(C)OC(=O)c1ccccc1Br,CCC([Li])C,CC(C)(C)OC(=O)c1ccccc1[Li],CO,CC(C)(C)OC(=O)c1ccccc1
Nagaki et al. 2008 - Aryllithium compounds bearing alkoxycarbonyl groups - generation and reactions using a microflow system,96,halogen-metal exchange,tetrahydrofuran,microtube reactor R1,10.1002/anie.200803205,2008.0,tR1,1.0,,-60,,tert-butyl o-bromobenzoate,s-BuLi,tert-butyl o-(lithio)benzoate (aryllithium),ROH (alcohol quench),quench_probe,tert-butyl benzoate,0.10,0.42,1.1,,CC(C)(C)OC(=O)c1ccccc1Br,CCC([Li])C,CC(C)(C)OC(=O)c1ccccc1[Li],CO,CC(C)(C)OC(=O)c1ccccc1
Nagaki et al. 2008 - Aryllithium compounds bearing alkoxycarbonyl groups - generation and reactions using a microflow system,97,halogen-metal exchange,tetrahydrofuran,microtube reactor R1,10.1002/anie.200803205,2008.0,tR1,3.16,,-60,,tert-butyl o-bromobenzoate,s-BuLi,tert-butyl o-(lithio)benzoate (aryllithium),ROH (alcohol quench),quench_probe,tert-butyl benzoate,0.10,0.42,1.1,,CC(C)(C)OC(=O)c1ccccc1Br,CCC([Li])C,CC(C)(C)OC(=O)c1ccccc1[Li],CO,CC(C)(C)OC(=O)c1ccccc1
Nagaki et al. 2008 - Aryllithium compounds bearing alkoxycarbonyl groups - generation and reactions using a microflow system,94,halogen-metal exchange,tetrahydrofuran,microtube reactor R1,10.1002/anie.200803205,2008.0,tR1,31.6,,-60,,tert-butyl o-bromobenzoate,s-BuLi,tert-butyl o-(lithio)benzoate (aryllithium),ROH (alcohol quench),quench_probe,tert-butyl benzoate,0.10,0.42,1.1,,CC(C)(C)OC(=O)c1ccccc1Br,CCC([Li])C,CC(C)(C)OC(=O)c1ccccc1[Li],CO,CC(C)(C)OC(=O)c1ccccc1
Nagaki et al. 2008 - Aryllithium compounds bearing alkoxycarbonyl groups - generation and reactions using a microflow system,48,halogen-metal exchange,tetrahydrofuran,microtube reactor R1,10.1002/anie.200803205,2008.0,tR1,0.0316,,-78,,tert-butyl o-bromobenzoate,s-BuLi,tert-butyl o-(lithio)benzoate (aryllithium),ROH (alcohol quench),quench_probe,tert-butyl benzoate,0.10,0.42,1.1,,CC(C)(C)OC(=O)c1ccccc1Br,CCC([Li])C,CC(C)(C)OC(=O)c1ccccc1[Li],CO,CC(C)(C)OC(=O)c1ccccc1
Nagaki et al. 2008 - Aryllithium compounds bearing alkoxycarbonyl groups - generation and reactions using a microflow system,48,halogen-metal exchange,tetrahydrofuran,microtube reactor R1,10.1002/anie.200803205,2008.0,tR1,0.1,,-78,,tert-butyl o-bromobenzoate,s-BuLi,tert-butyl o-(lithio)benzoate (aryllithium),ROH (alcohol quench),quench_probe,tert-butyl benzoate,0.10,0.42,1.1,,CC(C)(C)OC(=O)c1ccccc1Br,CCC([Li])C,CC(C)(C)OC(=O)c1ccccc1[Li],CO,CC(C)(C)OC(=O)c1ccccc1
Nagaki et al. 2008 - Aryllithium compounds bearing alkoxycarbonyl groups - generation and reactions using a microflow system,58,halogen-metal exchange,tetrahydrofuran,microtube reactor R1,10.1002/anie.200803205,2008.0,tR1,0.316,,-78,,tert-butyl o-bromobenzoate,s-BuLi,tert-butyl o-(lithio)benzoate (aryllithium),ROH (alcohol quench),quench_probe,tert-butyl benzoate,0.10,0.42,1.1,,CC(C)(C)OC(=O)c1ccccc1Br,CCC([Li])C,CC(C)(C)OC(=O)c1ccccc1[Li],CO,CC(C)(C)OC(=O)c1ccccc1
Nagaki et al. 2008 - Aryllithium compounds bearing alkoxycarbonyl groups - generation and reactions using a microflow system,61,halogen-metal exchange,tetrahydrofuran,microtube reactor R1,10.1002/anie.200803205,2008.0,tR1,1.0,,-78,,tert-butyl o-bromobenzoate,s-BuLi,tert-butyl o-(lithio)benzoate (aryllithium),ROH (alcohol quench),quench_probe,tert-butyl benzoate,0.10,0.42,1.1,,CC(C)(C)OC(=O)c1ccccc1Br,CCC([Li])C,CC(C)(C)OC(=O)c1ccccc1[Li],CO,CC(C)(C)OC(=O)c1ccccc1
Nagaki et al. 2008 - Aryllithium compounds bearing alkoxycarbonyl groups - generation and reactions using a microflow system,76,halogen-metal exchange,tetrahydrofuran,microtube reactor R1,10.1002/anie.200803205,2008.0,tR1,3.16,,-78,,tert-butyl o-bromobenzoate,s-BuLi,tert-butyl o-(lithio)benzoate (aryllithium),ROH (alcohol quench),quench_probe,tert-butyl benzoate,0.10,0.42,1.1,,CC(C)(C)OC(=O)c1ccccc1Br,CCC([Li])C,CC(C)(C)OC(=O)c1ccccc1[Li],CO,CC(C)(C)OC(=O)c1ccccc1
Nagaki et al. 2008 - Aryllithium compounds bearing alkoxycarbonyl groups - generation and reactions using a microflow system,91,halogen-metal exchange,tetrahydrofuran,microtube reactor R1,10.1002/anie.200803205,2008.0,tR1,31.6,,-78,,tert-butyl o-bromobenzoate,s-BuLi,tert-butyl o-(lithio)benzoate (aryllithium),ROH (alcohol quench),quench_probe,tert-butyl benzoate,0.10,0.42,1.1,,CC(C)(C)OC(=O)c1ccccc1Br,CCC([Li])C,CC(C)(C)OC(=O)c1ccccc1[Li],CO,CC(C)(C)OC(=O)c1ccccc1
Nagaki et al. 2010 - A flow microreactor system enables organolithium reactions without protecting alkoxycarbonyl groups,19,halogen-metal exchange,tetrahydrofuran,flow microreactor,10.1002/chem.201000876,2010.0,tR1,0.0316,,0,,tert-butyl p-bromobenzoate,s-BuLi,tert-butyl 4-(lithio)benzoate (aryllithium),ROH (alcohol quench),quench_probe,tert-butyl 4-(lithio)benzoate (aryllithium intermediate),0.10,0.42,1.1,,CC(C)(C)OC(=O)c1ccc(Br)cc1,CCC([Li])C,CC(C)(C)OC(=O)c1ccc([Li])cc1,CO,CC(C)(C)OC(=O)c1ccc([Li])cc1
Nagaki et al. 2010 - A flow microreactor system enables organolithium reactions without protecting alkoxycarbonyl groups,11,halogen-metal exchange,tetrahydrofuran,flow microreactor,10.1002/chem.201000876,2010.0,tR1,0.1,,0,,tert-butyl p-bromobenzoate,s-BuLi,tert-butyl 4-(lithio)benzoate (aryllithium),ROH (alcohol quench),quench_probe,tert-butyl 4-(lithio)benzoate (aryllithium intermediate),0.10,0.42,1.1,,CC(C)(C)OC(=O)c1ccc(Br)cc1,CCC([Li])C,CC(C)(C)OC(=O)c1ccc([Li])cc1,CO,CC(C)(C)OC(=O)c1ccc([Li])cc1
Nagaki et al. 2010 - A flow microreactor system enables organolithium reactions without protecting alkoxycarbonyl groups,5,halogen-metal exchange,tetrahydrofuran,flow microreactor,10.1002/chem.201000876,2010.0,tR1,0.316,,0,,tert-butyl p-bromobenzoate,s-BuLi,tert-butyl 4-(lithio)benzoate (aryllithium),ROH (alcohol quench),quench_probe,tert-butyl 4-(lithio)benzoate (aryllithium intermediate),0.10,0.42,1.1,,CC(C)(C)OC(=O)c1ccc(Br)cc1,CCC([Li])C,CC(C)(C)OC(=O)c1ccc([Li])cc1,CO,CC(C)(C)OC(=O)c1ccc([Li])cc1
Nagaki et al. 2010 - A flow microreactor system enables organolithium reactions without protecting alkoxycarbonyl groups,3,halogen-metal exchange,tetrahydrofuran,flow microreactor,10.1002/chem.201000876,2010.0,tR1,1.0,,0,,tert-butyl p-bromobenzoate,s-BuLi,tert-butyl 4-(lithio)benzoate (aryllithium),ROH (alcohol quench),quench_probe,tert-butyl 4-(lithio)benzoate (aryllithium intermediate),0.10,0.42,1.1,,CC(C)(C)OC(=O)c1ccc(Br)cc1,CCC([Li])C,CC(C)(C)OC(=O)c1ccc([Li])cc1,CO,CC(C)(C)OC(=O)c1ccc([Li])cc1
Nagaki et al. 2010 - A flow microreactor system enables organolithium reactions without protecting alkoxycarbonyl groups,3,halogen-metal exchange,tetrahydrofuran,flow microreactor,10.1002/chem.201000876,2010.0,tR1,3.16,,0,,tert-butyl p-bromobenzoate,s-BuLi,tert-butyl 4-(lithio)benzoate (aryllithium),ROH (alcohol quench),quench_probe,tert-butyl 4-(lithio)benzoate (aryllithium intermediate),0.10,0.42,1.1,,CC(C)(C)OC(=O)c1ccc(Br)cc1,CCC([Li])C,CC(C)(C)OC(=O)c1ccc([Li])cc1,CO,CC(C)(C)OC(=O)c1ccc([Li])cc1
Nagaki et al. 2010 - A flow microreactor system enables organolithium reactions without protecting alkoxycarbonyl groups,47,halogen-metal exchange,tetrahydrofuran,flow microreactor,10.1002/chem.201000876,2010.0,tR1,0.0316,,-30,,tert-butyl p-bromobenzoate,s-BuLi,tert-butyl 4-(lithio)benzoate (aryllithium),ROH (alcohol quench),quench_probe,tert-butyl 4-(lithio)benzoate (aryllithium intermediate),0.10,0.42,1.1,,CC(C)(C)OC(=O)c1ccc(Br)cc1,CCC([Li])C,CC(C)(C)OC(=O)c1ccc([Li])cc1,CO,CC(C)(C)OC(=O)c1ccc([Li])cc1
Nagaki et al. 2010 - A flow microreactor system enables organolithium reactions without protecting alkoxycarbonyl groups,31,halogen-metal exchange,tetrahydrofuran,flow microreactor,10.1002/chem.201000876,2010.0,tR1,0.1,,-30,,tert-butyl p-bromobenzoate,s-BuLi,tert-butyl 4-(lithio)benzoate (aryllithium),ROH (alcohol quench),quench_probe,tert-butyl 4-(lithio)benzoate (aryllithium intermediate),0.10,0.42,1.1,,CC(C)(C)OC(=O)c1ccc(Br)cc1,CCC([Li])C,CC(C)(C)OC(=O)c1ccc([Li])cc1,CO,CC(C)(C)OC(=O)c1ccc([Li])cc1
Nagaki et al. 2010 - A flow microreactor system enables organolithium reactions without protecting alkoxycarbonyl groups,20,halogen-metal exchange,tetrahydrofuran,flow microreactor,10.1002/chem.201000876,2010.0,tR1,0.316,,-30,,tert-butyl p-bromobenzoate,s-BuLi,tert-butyl 4-(lithio)benzoate (aryllithium),ROH (alcohol quench),quench_probe,tert-butyl 4-(lithio)benzoate (aryllithium intermediate),0.10,0.42,1.1,,CC(C)(C)OC(=O)c1ccc(Br)cc1,CCC([Li])C,CC(C)(C)OC(=O)c1ccc([Li])cc1,CO,CC(C)(C)OC(=O)c1ccc([Li])cc1
Nagaki et al. 2010 - A flow microreactor system enables organolithium reactions without protecting alkoxycarbonyl groups,21,halogen-metal exchange,tetrahydrofuran,flow microreactor,10.1002/chem.201000876,2010.0,tR1,1.0,,-30,,tert-butyl p-bromobenzoate,s-BuLi,tert-butyl 4-(lithio)benzoate (aryllithium),ROH (alcohol quench),quench_probe,tert-butyl 4-(lithio)benzoate (aryllithium intermediate),0.10,0.42,1.1,,CC(C)(C)OC(=O)c1ccc(Br)cc1,CCC([Li])C,CC(C)(C)OC(=O)c1ccc([Li])cc1,CO,CC(C)(C)OC(=O)c1ccc([Li])cc1
Nagaki et al. 2010 - A flow microreactor system enables organolithium reactions without protecting alkoxycarbonyl groups,12,halogen-metal exchange,tetrahydrofuran,flow microreactor,10.1002/chem.201000876,2010.0,tR1,3.16,,-30,,tert-butyl p-bromobenzoate,s-BuLi,tert-butyl 4-(lithio)benzoate (aryllithium),ROH (alcohol quench),quench_probe,tert-butyl 4-(lithio)benzoate (aryllithium intermediate),0.10,0.42,1.1,,CC(C)(C)OC(=O)c1ccc(Br)cc1,CCC([Li])C,CC(C)(C)OC(=O)c1ccc([Li])cc1,CO,CC(C)(C)OC(=O)c1ccc([Li])cc1
Nagaki et al. 2010 - A flow microreactor system enables organolithium reactions without protecting alkoxycarbonyl groups,30,halogen-metal exchange,tetrahydrofuran,flow microreactor,10.1002/chem.201000876,2010.0,tR1,0.0316,,-50,,tert-butyl p-bromobenzoate,s-BuLi,tert-butyl 4-(lithio)benzoate (aryllithium),ROH (alcohol quench),quench_probe,tert-butyl 4-(lithio)benzoate (aryllithium intermediate),0.10,0.42,1.1,,CC(C)(C)OC(=O)c1ccc(Br)cc1,CCC([Li])C,CC(C)(C)OC(=O)c1ccc([Li])cc1,CO,CC(C)(C)OC(=O)c1ccc([Li])cc1
Nagaki et al. 2010 - A flow microreactor system enables organolithium reactions without protecting alkoxycarbonyl groups,25,halogen-metal exchange,tetrahydrofuran,flow microreactor,10.1002/chem.201000876,2010.0,tR1,0.1,,-50,,tert-butyl p-bromobenzoate,s-BuLi,tert-butyl 4-(lithio)benzoate (aryllithium),ROH (alcohol quench),quench_probe,tert-butyl 4-(lithio)benzoate (aryllithium intermediate),0.10,0.42,1.1,,CC(C)(C)OC(=O)c1ccc(Br)cc1,CCC([Li])C,CC(C)(C)OC(=O)c1ccc([Li])cc1,CO,CC(C)(C)OC(=O)c1ccc([Li])cc1
Nagaki et al. 2010 - A flow microreactor system enables organolithium reactions without protecting alkoxycarbonyl groups,29,halogen-metal exchange,tetrahydrofuran,flow microreactor,10.1002/chem.201000876,2010.0,tR1,0.316,,-50,,tert-butyl p-bromobenzoate,s-BuLi,tert-butyl 4-(lithio)benzoate (aryllithium),ROH (alcohol quench),quench_probe,tert-butyl 4-(lithio)benzoate (aryllithium intermediate),0.10,0.42,1.1,,CC(C)(C)OC(=O)c1ccc(Br)cc1,CCC([Li])C,CC(C)(C)OC(=O)c1ccc([Li])cc1,CO,CC(C)(C)OC(=O)c1ccc([Li])cc1
Nagaki et al. 2010 - A flow microreactor system enables organolithium reactions without protecting alkoxycarbonyl groups,29,halogen-metal exchange,tetrahydrofuran,flow microreactor,10.1002/chem.201000876,2010.0,tR1,1.0,,-50,,tert-butyl p-bromobenzoate,s-BuLi,tert-butyl 4-(lithio)benzoate (aryllithium),ROH (alcohol quench),quench_probe,tert-butyl 4-(lithio)benzoate (aryllithium intermediate),0.10,0.42,1.1,,CC(C)(C)OC(=O)c1ccc(Br)cc1,CCC([Li])C,CC(C)(C)OC(=O)c1ccc([Li])cc1,CO,CC(C)(C)OC(=O)c1ccc([Li])cc1
Nagaki et al. 2010 - A flow microreactor system enables organolithium reactions without protecting alkoxycarbonyl groups,25,halogen-metal exchange,tetrahydrofuran,flow microreactor,10.1002/chem.201000876,2010.0,tR1,3.16,,-50,,tert-butyl p-bromobenzoate,s-BuLi,tert-butyl 4-(lithio)benzoate (aryllithium),ROH (alcohol quench),quench_probe,tert-butyl 4-(lithio)benzoate (aryllithium intermediate),0.10,0.42,1.1,,CC(C)(C)OC(=O)c1ccc(Br)cc1,CCC([Li])C,CC(C)(C)OC(=O)c1ccc([Li])cc1,CO,CC(C)(C)OC(=O)c1ccc([Li])cc1
Nagaki et al. 2010 - A flow microreactor system enables organolithium reactions without protecting alkoxycarbonyl groups,31,halogen-metal exchange,tetrahydrofuran,flow microreactor,10.1002/chem.201000876,2010.0,tR1,0.0316,,-60,,tert-butyl p-bromobenzoate,s-BuLi,tert-butyl 4-(lithio)benzoate (aryllithium),ROH (alcohol quench),quench_probe,tert-butyl 4-(lithio)benzoate (aryllithium intermediate),0.10,0.42,1.1,,CC(C)(C)OC(=O)c1ccc(Br)cc1,CCC([Li])C,CC(C)(C)OC(=O)c1ccc([Li])cc1,CO,CC(C)(C)OC(=O)c1ccc([Li])cc1
Nagaki et al. 2010 - A flow microreactor system enables organolithium reactions without protecting alkoxycarbonyl groups,31,halogen-metal exchange,tetrahydrofuran,flow microreactor,10.1002/chem.201000876,2010.0,tR1,0.1,,-60,,tert-butyl p-bromobenzoate,s-BuLi,tert-butyl 4-(lithio)benzoate (aryllithium),ROH (alcohol quench),quench_probe,tert-butyl 4-(lithio)benzoate (aryllithium intermediate),0.10,0.42,1.1,,CC(C)(C)OC(=O)c1ccc(Br)cc1,CCC([Li])C,CC(C)(C)OC(=O)c1ccc([Li])cc1,CO,CC(C)(C)OC(=O)c1ccc([Li])cc1
Nagaki et al. 2010 - A flow microreactor system enables organolithium reactions without protecting alkoxycarbonyl groups,28,halogen-metal exchange,tetrahydrofuran,flow microreactor,10.1002/chem.201000876,2010.0,tR1,0.316,,-60,,tert-butyl p-bromobenzoate,s-BuLi,tert-butyl 4-(lithio)benzoate (aryllithium),ROH (alcohol quench),quench_probe,tert-butyl 4-(lithio)benzoate (aryllithium intermediate),0.10,0.42,1.1,,CC(C)(C)OC(=O)c1ccc(Br)cc1,CCC([Li])C,CC(C)(C)OC(=O)c1ccc([Li])cc1,CO,CC(C)(C)OC(=O)c1ccc([Li])cc1
Nagaki et al. 2010 - A flow microreactor system enables organolithium reactions without protecting alkoxycarbonyl groups,29,halogen-metal exchange,tetrahydrofuran,flow microreactor,10.1002/chem.201000876,2010.0,tR1,1.0,,-60,,tert-butyl p-bromobenzoate,s-BuLi,tert-butyl 4-(lithio)benzoate (aryllithium),ROH (alcohol quench),quench_probe,tert-butyl 4-(lithio)benzoate (aryllithium intermediate),0.10,0.42,1.1,,CC(C)(C)OC(=O)c1ccc(Br)cc1,CCC([Li])C,CC(C)(C)OC(=O)c1ccc([Li])cc1,CO,CC(C)(C)OC(=O)c1ccc([Li])cc1
Nagaki et al. 2010 - A flow microreactor system enables organolithium reactions without protecting alkoxycarbonyl groups,22,halogen-metal exchange,tetrahydrofuran,flow microreactor,10.1002/chem.201000876,2010.0,tR1,3.16,,-60,,tert-butyl p-bromobenzoate,s-BuLi,tert-butyl 4-(lithio)benzoate (aryllithium),ROH (alcohol quench),quench_probe,tert-butyl 4-(lithio)benzoate (aryllithium intermediate),0.10,0.42,1.1,,CC(C)(C)OC(=O)c1ccc(Br)cc1,CCC([Li])C,CC(C)(C)OC(=O)c1ccc([Li])cc1,CO,CC(C)(C)OC(=O)c1ccc([Li])cc1
Nagaki et al. 2010 - A flow microreactor system enables organolithium reactions without protecting alkoxycarbonyl groups,29,halogen-metal exchange,tetrahydrofuran,flow microreactor,10.1002/chem.201000876,2010.0,tR1,0.0316,,-78,,tert-butyl p-bromobenzoate,s-BuLi,tert-butyl 4-(lithio)benzoate (aryllithium),ROH (alcohol quench),quench_probe,tert-butyl 4-(lithio)benzoate (aryllithium intermediate),0.10,0.42,1.1,,CC(C)(C)OC(=O)c1ccc(Br)cc1,CCC([Li])C,CC(C)(C)OC(=O)c1ccc([Li])cc1,CO,CC(C)(C)OC(=O)c1ccc([Li])cc1
Nagaki et al. 2010 - A flow microreactor system enables organolithium reactions without protecting alkoxycarbonyl groups,28,halogen-metal exchange,tetrahydrofuran,flow microreactor,10.1002/chem.201000876,2010.0,tR1,0.1,,-78,,tert-butyl p-bromobenzoate,s-BuLi,tert-butyl 4-(lithio)benzoate (aryllithium),ROH (alcohol quench),quench_probe,tert-butyl 4-(lithio)benzoate (aryllithium intermediate),0.10,0.42,1.1,,CC(C)(C)OC(=O)c1ccc(Br)cc1,CCC([Li])C,CC(C)(C)OC(=O)c1ccc([Li])cc1,CO,CC(C)(C)OC(=O)c1ccc([Li])cc1
Nagaki et al. 2010 - A flow microreactor system enables organolithium reactions without protecting alkoxycarbonyl groups,28,halogen-metal exchange,tetrahydrofuran,flow microreactor,10.1002/chem.201000876,2010.0,tR1,0.316,,-78,,tert-butyl p-bromobenzoate,s-BuLi,tert-butyl 4-(lithio)benzoate (aryllithium),ROH (alcohol quench),quench_probe,tert-butyl 4-(lithio)benzoate (aryllithium intermediate),0.10,0.42,1.1,,CC(C)(C)OC(=O)c1ccc(Br)cc1,CCC([Li])C,CC(C)(C)OC(=O)c1ccc([Li])cc1,CO,CC(C)(C)OC(=O)c1ccc([Li])cc1
Nagaki et al. 2010 - A flow microreactor system enables organolithium reactions without protecting alkoxycarbonyl groups,33,halogen-metal exchange,tetrahydrofuran,flow microreactor,10.1002/chem.201000876,2010.0,tR1,1.0,,-78,,tert-butyl p-bromobenzoate,s-BuLi,tert-butyl 4-(lithio)benzoate (aryllithium),ROH (alcohol quench),quench_probe,tert-butyl 4-(lithio)benzoate (aryllithium intermediate),0.10,0.42,1.1,,CC(C)(C)OC(=O)c1ccc(Br)cc1,CCC([Li])C,CC(C)(C)OC(=O)c1ccc([Li])cc1,CO,CC(C)(C)OC(=O)c1ccc([Li])cc1
Nagaki et al. 2010 - A flow microreactor system enables organolithium reactions without protecting alkoxycarbonyl groups,30,halogen-metal exchange,tetrahydrofuran,flow microreactor,10.1002/chem.201000876,2010.0,tR1,3.16,,-78,,tert-butyl p-bromobenzoate,s-BuLi,tert-butyl 4-(lithio)benzoate (aryllithium),ROH (alcohol quench),quench_probe,tert-butyl 4-(lithio)benzoate (aryllithium intermediate),0.10,0.42,1.1,,CC(C)(C)OC(=O)c1ccc(Br)cc1,CCC([Li])C,CC(C)(C)OC(=O)c1ccc([Li])cc1,CO,CC(C)(C)OC(=O)c1ccc([Li])cc1
Nagaki et al. 2010 - A flow microreactor system enables organolithium reactions without protecting alkoxycarbonyl groups,0,halogen-metal exchange,tetrahydrofuran,flow microreactor,10.1002/chem.201000876,2010.0,tR1,31.6,,0,,tert-butyl p-bromobenzoate,s-BuLi,tert-butyl 4-(lithio)benzoate (aryllithium),ROH (alcohol quench),quench_probe,tert-butyl 4-(lithio)benzoate (aryllithium intermediate),0.10,0.42,1.1,,CC(C)(C)OC(=O)c1ccc(Br)cc1,CCC([Li])C,CC(C)(C)OC(=O)c1ccc([Li])cc1,CO,CC(C)(C)OC(=O)c1ccc([Li])cc1
Nagaki et al. 2010 - A flow microreactor system enables organolithium reactions without protecting alkoxycarbonyl groups,5,halogen-metal exchange,tetrahydrofuran,flow microreactor,10.1002/chem.201000876,2010.0,tR1,31.6,,-30,,tert-butyl p-bromobenzoate,s-BuLi,tert-butyl 4-(lithio)benzoate (aryllithium),ROH (alcohol quench),quench_probe,tert-butyl 4-(lithio)benzoate (aryllithium intermediate),0.10,0.42,1.1,,CC(C)(C)OC(=O)c1ccc(Br)cc1,CCC([Li])C,CC(C)(C)OC(=O)c1ccc([Li])cc1,CO,CC(C)(C)OC(=O)c1ccc([Li])cc1
Nagaki et al. 2010 - A flow microreactor system enables organolithium reactions without protecting alkoxycarbonyl groups,11,halogen-metal exchange,tetrahydrofuran,flow microreactor,10.1002/chem.201000876,2010.0,tR1,31.6,,-50,,tert-butyl p-bromobenzoate,s-BuLi,tert-butyl 4-(lithio)benzoate (aryllithium),ROH (alcohol quench),quench_probe,tert-butyl 4-(lithio)benzoate (aryllithium intermediate),0.10,0.42,1.1,,CC(C)(C)OC(=O)c1ccc(Br)cc1,CCC([Li])C,CC(C)(C)OC(=O)c1ccc([Li])cc1,CO,CC(C)(C)OC(=O)c1ccc([Li])cc1
Nagaki et al. 2010 - A flow microreactor system enables organolithium reactions without protecting alkoxycarbonyl groups,23,halogen-metal exchange,tetrahydrofuran,flow microreactor,10.1002/chem.201000876,2010.0,tR1,31.6,,-60,,tert-butyl p-bromobenzoate,s-BuLi,tert-butyl 4-(lithio)benzoate (aryllithium),ROH (alcohol quench),quench_probe,tert-butyl 4-(lithio)benzoate (aryllithium intermediate),0.10,0.42,1.1,,CC(C)(C)OC(=O)c1ccc(Br)cc1,CCC([Li])C,CC(C)(C)OC(=O)c1ccc([Li])cc1,CO,CC(C)(C)OC(=O)c1ccc([Li])cc1
Nagaki et al. 2010 - A flow microreactor system enables organolithium reactions without protecting alkoxycarbonyl groups,21,halogen-metal exchange,tetrahydrofuran,flow microreactor,10.1002/chem.201000876,2010.0,tR1,31.6,,-78,,tert-butyl p-bromobenzoate,s-BuLi,tert-butyl 4-(lithio)benzoate (aryllithium),ROH (alcohol quench),quench_probe,tert-butyl 4-(lithio)benzoate (aryllithium intermediate),0.10,0.42,1.1,,CC(C)(C)OC(=O)c1ccc(Br)cc1,CCC([Li])C,CC(C)(C)OC(=O)c1ccc([Li])cc1,CO,CC(C)(C)OC(=O)c1ccc([Li])cc1
Nagaki et al. 2010 - A flow microreactor system enables organolithium reactions without protecting alkoxycarbonyl groups,80,halogen-metal exchange,tetrahydrofuran,flow microreactor,10.1002/chem.201000876,2010.0,tR1,0.0316,,20,,tert-butyl p-bromobenzoate,s-BuLi,tert-butyl 4-(lithio)benzoate (aryllithium),ROH (alcohol quench),quench_probe,tert-butyl 4-(lithio)benzoate (aryllithium intermediate),0.10,0.42,1.1,,CC(C)(C)OC(=O)c1ccc(Br)cc1,CCC([Li])C,CC(C)(C)OC(=O)c1ccc([Li])cc1,CO,CC(C)(C)OC(=O)c1ccc([Li])cc1
Nagaki et al. 2010 - A flow microreactor system enables organolithium reactions without protecting alkoxycarbonyl groups,66,halogen-metal exchange,tetrahydrofuran,flow microreactor,10.1002/chem.201000876,2010.0,tR1,0.1,,20,,tert-butyl p-bromobenzoate,s-BuLi,tert-butyl 4-(lithio)benzoate (aryllithium),ROH (alcohol quench),quench_probe,tert-butyl 4-(lithio)benzoate (aryllithium intermediate),0.10,0.42,1.1,,CC(C)(C)OC(=O)c1ccc(Br)cc1,CCC([Li])C,CC(C)(C)OC(=O)c1ccc([Li])cc1,CO,CC(C)(C)OC(=O)c1ccc([Li])cc1
Nagaki et al. 2010 - A flow microreactor system enables organolithium reactions without protecting alkoxycarbonyl groups,54,halogen-metal exchange,tetrahydrofuran,flow microreactor,10.1002/chem.201000876,2010.0,tR1,0.316,,20,,tert-butyl p-bromobenzoate,s-BuLi,tert-butyl 4-(lithio)benzoate (aryllithium),ROH (alcohol quench),quench_probe,tert-butyl 4-(lithio)benzoate (aryllithium intermediate),0.10,0.42,1.1,,CC(C)(C)OC(=O)c1ccc(Br)cc1,CCC([Li])C,CC(C)(C)OC(=O)c1ccc([Li])cc1,CO,CC(C)(C)OC(=O)c1ccc([Li])cc1
Nagaki et al. 2010 - A flow microreactor system enables organolithium reactions without protecting alkoxycarbonyl groups,44,halogen-metal exchange,tetrahydrofuran,flow microreactor,10.1002/chem.201000876,2010.0,tR1,1.0,,20,,tert-butyl p-bromobenzoate,s-BuLi,tert-butyl 4-(lithio)benzoate (aryllithium),ROH (alcohol quench),quench_probe,tert-butyl 4-(lithio)benzoate (aryllithium intermediate),0.10,0.42,1.1,,CC(C)(C)OC(=O)c1ccc(Br)cc1,CCC([Li])C,CC(C)(C)OC(=O)c1ccc([Li])cc1,CO,CC(C)(C)OC(=O)c1ccc([Li])cc1
Nagaki et al. 2010 - A flow microreactor system enables organolithium reactions without protecting alkoxycarbonyl groups,22,halogen-metal exchange,tetrahydrofuran,flow microreactor,10.1002/chem.201000876,2010.0,tR1,3.16,,20,,tert-butyl p-bromobenzoate,s-BuLi,tert-butyl 4-(lithio)benzoate (aryllithium),ROH (alcohol quench),quench_probe,tert-butyl 4-(lithio)benzoate (aryllithium intermediate),0.10,0.42,1.1,,CC(C)(C)OC(=O)c1ccc(Br)cc1,CCC([Li])C,CC(C)(C)OC(=O)c1ccc([Li])cc1,CO,CC(C)(C)OC(=O)c1ccc([Li])cc1
Nagaki et al. 2010 - A flow microreactor system enables organolithium reactions without protecting alkoxycarbonyl groups,6,halogen-metal exchange,tetrahydrofuran,flow microreactor,10.1002/chem.201000876,2010.0,tR1,31.6,,20,,tert-butyl p-bromobenzoate,s-BuLi,tert-butyl 4-(lithio)benzoate (aryllithium),ROH (alcohol quench),quench_probe,tert-butyl 4-(lithio)benzoate (aryllithium intermediate),0.10,0.42,1.1,,CC(C)(C)OC(=O)c1ccc(Br)cc1,CCC([Li])C,CC(C)(C)OC(=O)c1ccc([Li])cc1,CO,CC(C)(C)OC(=O)c1ccc([Li])cc1
Nagaki et al. 2010 - A flow microreactor system enables organolithium reactions without protecting alkoxycarbonyl groups,88,halogen-metal exchange,tetrahydrofuran,flow microreactor,10.1002/chem.201000876,2010.0,tR1,0.0316,,0,,tert-butyl p-bromobenzoate,s-BuLi,tert-butyl 4-(lithio)benzoate (aryllithium),ROH (alcohol quench),quench_probe,tert-butyl 4-(lithio)benzoate (aryllithium intermediate),0.10,0.42,1.1,,CC(C)(C)OC(=O)c1ccc(Br)cc1,CCC([Li])C,CC(C)(C)OC(=O)c1ccc([Li])cc1,CO,CC(C)(C)OC(=O)c1ccc([Li])cc1
Nagaki et al. 2010 - A flow microreactor system enables organolithium reactions without protecting alkoxycarbonyl groups,91,halogen-metal exchange,tetrahydrofuran,flow microreactor,10.1002/chem.201000876,2010.0,tR1,0.1,,0,,tert-butyl p-bromobenzoate,s-BuLi,tert-butyl 4-(lithio)benzoate (aryllithium),ROH (alcohol quench),quench_probe,tert-butyl 4-(lithio)benzoate (aryllithium intermediate),0.10,0.42,1.1,,CC(C)(C)OC(=O)c1ccc(Br)cc1,CCC([Li])C,CC(C)(C)OC(=O)c1ccc([Li])cc1,CO,CC(C)(C)OC(=O)c1ccc([Li])cc1
Nagaki et al. 2010 - A flow microreactor system enables organolithium reactions without protecting alkoxycarbonyl groups,90,halogen-metal exchange,tetrahydrofuran,flow microreactor,10.1002/chem.201000876,2010.0,tR1,0.316,,0,,tert-butyl p-bromobenzoate,s-BuLi,tert-butyl 4-(lithio)benzoate (aryllithium),ROH (alcohol quench),quench_probe,tert-butyl 4-(lithio)benzoate (aryllithium intermediate),0.10,0.42,1.1,,CC(C)(C)OC(=O)c1ccc(Br)cc1,CCC([Li])C,CC(C)(C)OC(=O)c1ccc([Li])cc1,CO,CC(C)(C)OC(=O)c1ccc([Li])cc1
Nagaki et al. 2010 - A flow microreactor system enables organolithium reactions without protecting alkoxycarbonyl groups,88,halogen-metal exchange,tetrahydrofuran,flow microreactor,10.1002/chem.201000876,2010.0,tR1,1.0,,0,,tert-butyl p-bromobenzoate,s-BuLi,tert-butyl 4-(lithio)benzoate (aryllithium),ROH (alcohol quench),quench_probe,tert-butyl 4-(lithio)benzoate (aryllithium intermediate),0.10,0.42,1.1,,CC(C)(C)OC(=O)c1ccc(Br)cc1,CCC([Li])C,CC(C)(C)OC(=O)c1ccc([Li])cc1,CO,CC(C)(C)OC(=O)c1ccc([Li])cc1
Nagaki et al. 2010 - A flow microreactor system enables organolithium reactions without protecting alkoxycarbonyl groups,86,halogen-metal exchange,tetrahydrofuran,flow microreactor,10.1002/chem.201000876,2010.0,tR1,3.16,,0,,tert-butyl p-bromobenzoate,s-BuLi,tert-butyl 4-(lithio)benzoate (aryllithium),ROH (alcohol quench),quench_probe,tert-butyl 4-(lithio)benzoate (aryllithium intermediate),0.10,0.42,1.1,,CC(C)(C)OC(=O)c1ccc(Br)cc1,CCC([Li])C,CC(C)(C)OC(=O)c1ccc([Li])cc1,CO,CC(C)(C)OC(=O)c1ccc([Li])cc1
Nagaki et al. 2010 - A flow microreactor system enables organolithium reactions without protecting alkoxycarbonyl groups,71,halogen-metal exchange,tetrahydrofuran,flow microreactor,10.1002/chem.201000876,2010.0,tR1,31.6,,0,,tert-butyl p-bromobenzoate,s-BuLi,tert-butyl 4-(lithio)benzoate (aryllithium),ROH (alcohol quench),quench_probe,tert-butyl 4-(lithio)benzoate (aryllithium intermediate),0.10,0.42,1.1,,CC(C)(C)OC(=O)c1ccc(Br)cc1,CCC([Li])C,CC(C)(C)OC(=O)c1ccc([Li])cc1,CO,CC(C)(C)OC(=O)c1ccc([Li])cc1
Nagaki et al. 2010 - A flow microreactor system enables organolithium reactions without protecting alkoxycarbonyl groups,97,halogen-metal exchange,tetrahydrofuran,flow microreactor,10.1002/chem.201000876,2010.0,tR1,0.0316,,-30,,tert-butyl p-bromobenzoate,s-BuLi,tert-butyl 4-(lithio)benzoate (aryllithium),ROH (alcohol quench),quench_probe,tert-butyl 4-(lithio)benzoate (aryllithium intermediate),0.10,0.42,1.1,,CC(C)(C)OC(=O)c1ccc(Br)cc1,CCC([Li])C,CC(C)(C)OC(=O)c1ccc([Li])cc1,CO,CC(C)(C)OC(=O)c1ccc([Li])cc1
Nagaki et al. 2010 - A flow microreactor system enables organolithium reactions without protecting alkoxycarbonyl groups,90,halogen-metal exchange,tetrahydrofuran,flow microreactor,10.1002/chem.201000876,2010.0,tR1,0.1,,-30,,tert-butyl p-bromobenzoate,s-BuLi,tert-butyl 4-(lithio)benzoate (aryllithium),ROH (alcohol quench),quench_probe,tert-butyl 4-(lithio)benzoate (aryllithium intermediate),0.10,0.42,1.1,,CC(C)(C)OC(=O)c1ccc(Br)cc1,CCC([Li])C,CC(C)(C)OC(=O)c1ccc([Li])cc1,CO,CC(C)(C)OC(=O)c1ccc([Li])cc1
Nagaki et al. 2010 - A flow microreactor system enables organolithium reactions without protecting alkoxycarbonyl groups,94,halogen-metal exchange,tetrahydrofuran,flow microreactor,10.1002/chem.201000876,2010.0,tR1,0.316,,-30,,tert-butyl p-bromobenzoate,s-BuLi,tert-butyl 4-(lithio)benzoate (aryllithium),ROH (alcohol quench),quench_probe,tert-butyl 4-(lithio)benzoate (aryllithium intermediate),0.10,0.42,1.1,,CC(C)(C)OC(=O)c1ccc(Br)cc1,CCC([Li])C,CC(C)(C)OC(=O)c1ccc([Li])cc1,CO,CC(C)(C)OC(=O)c1ccc([Li])cc1
Nagaki et al. 2010 - A flow microreactor system enables organolithium reactions without protecting alkoxycarbonyl groups,94,halogen-metal exchange,tetrahydrofuran,flow microreactor,10.1002/chem.201000876,2010.0,tR1,1.0,,-30,,tert-butyl p-bromobenzoate,s-BuLi,tert-butyl 4-(lithio)benzoate (aryllithium),ROH (alcohol quench),quench_probe,tert-butyl 4-(lithio)benzoate (aryllithium intermediate),0.10,0.42,1.1,,CC(C)(C)OC(=O)c1ccc(Br)cc1,CCC([Li])C,CC(C)(C)OC(=O)c1ccc([Li])cc1,CO,CC(C)(C)OC(=O)c1ccc([Li])cc1
Nagaki et al. 2010 - A flow microreactor system enables organolithium reactions without protecting alkoxycarbonyl groups,95,halogen-metal exchange,tetrahydrofuran,flow microreactor,10.1002/chem.201000876,2010.0,tR1,3.16,,-30,,tert-butyl p-bromobenzoate,s-BuLi,tert-butyl 4-(lithio)benzoate (aryllithium),ROH (alcohol quench),quench_probe,tert-butyl 4-(lithio)benzoate (aryllithium intermediate),0.10,0.42,1.1,,CC(C)(C)OC(=O)c1ccc(Br)cc1,CCC([Li])C,CC(C)(C)OC(=O)c1ccc([Li])cc1,CO,CC(C)(C)OC(=O)c1ccc([Li])cc1
Nagaki et al. 2010 - A flow microreactor system enables organolithium reactions without protecting alkoxycarbonyl groups,92,halogen-metal exchange,tetrahydrofuran,flow microreactor,10.1002/chem.201000876,2010.0,tR1,31.6,,-30,,tert-butyl p-bromobenzoate,s-BuLi,tert-butyl 4-(lithio)benzoate (aryllithium),ROH (alcohol quench),quench_probe,tert-butyl 4-(lithio)benzoate (aryllithium intermediate),0.10,0.42,1.1,,CC(C)(C)OC(=O)c1ccc(Br)cc1,CCC([Li])C,CC(C)(C)OC(=O)c1ccc([Li])cc1,CO,CC(C)(C)OC(=O)c1ccc([Li])cc1
Nagaki et al. 2010 - A flow microreactor system enables organolithium reactions without protecting alkoxycarbonyl groups,81,halogen-metal exchange,tetrahydrofuran,flow microreactor,10.1002/chem.201000876,2010.0,tR1,0.0316,,-50,,tert-butyl p-bromobenzoate,s-BuLi,tert-butyl 4-(lithio)benzoate (aryllithium),ROH (alcohol quench),quench_probe,tert-butyl 4-(lithio)benzoate (aryllithium intermediate),0.10,0.42,1.1,,CC(C)(C)OC(=O)c1ccc(Br)cc1,CCC([Li])C,CC(C)(C)OC(=O)c1ccc([Li])cc1,CO,CC(C)(C)OC(=O)c1ccc([Li])cc1
Nagaki et al. 2010 - A flow microreactor system enables organolithium reactions without protecting alkoxycarbonyl groups,87,halogen-metal exchange,tetrahydrofuran,flow microreactor,10.1002/chem.201000876,2010.0,tR1,0.1,,-50,,tert-butyl p-bromobenzoate,s-BuLi,tert-butyl 4-(lithio)benzoate (aryllithium),ROH (alcohol quench),quench_probe,tert-butyl 4-(lithio)benzoate (aryllithium intermediate),0.10,0.42,1.1,,CC(C)(C)OC(=O)c1ccc(Br)cc1,CCC([Li])C,CC(C)(C)OC(=O)c1ccc([Li])cc1,CO,CC(C)(C)OC(=O)c1ccc([Li])cc1
Nagaki et al. 2010 - A flow microreactor system enables organolithium reactions without protecting alkoxycarbonyl groups,98,halogen-metal exchange,tetrahydrofuran,flow microreactor,10.1002/chem.201000876,2010.0,tR1,0.316,,-50,,tert-butyl p-bromobenzoate,s-BuLi,tert-butyl 4-(lithio)benzoate (aryllithium),ROH (alcohol quench),quench_probe,tert-butyl 4-(lithio)benzoate (aryllithium intermediate),0.10,0.42,1.1,,CC(C)(C)OC(=O)c1ccc(Br)cc1,CCC([Li])C,CC(C)(C)OC(=O)c1ccc([Li])cc1,CO,CC(C)(C)OC(=O)c1ccc([Li])cc1
Nagaki et al. 2010 - A flow microreactor system enables organolithium reactions without protecting alkoxycarbonyl groups,97,halogen-metal exchange,tetrahydrofuran,flow microreactor,10.1002/chem.201000876,2010.0,tR1,1.0,,-50,,tert-butyl p-bromobenzoate,s-BuLi,tert-butyl 4-(lithio)benzoate (aryllithium),ROH (alcohol quench),quench_probe,tert-butyl 4-(lithio)benzoate (aryllithium intermediate),0.10,0.42,1.1,,CC(C)(C)OC(=O)c1ccc(Br)cc1,CCC([Li])C,CC(C)(C)OC(=O)c1ccc([Li])cc1,CO,CC(C)(C)OC(=O)c1ccc([Li])cc1
Nagaki et al. 2010 - A flow microreactor system enables organolithium reactions without protecting alkoxycarbonyl groups,98,halogen-metal exchange,tetrahydrofuran,flow microreactor,10.1002/chem.201000876,2010.0,tR1,3.16,,-50,,tert-butyl p-bromobenzoate,s-BuLi,tert-butyl 4-(lithio)benzoate (aryllithium),ROH (alcohol quench),quench_probe,tert-butyl 4-(lithio)benzoate (aryllithium intermediate),0.10,0.42,1.1,,CC(C)(C)OC(=O)c1ccc(Br)cc1,CCC([Li])C,CC(C)(C)OC(=O)c1ccc([Li])cc1,CO,CC(C)(C)OC(=O)c1ccc([Li])cc1
Nagaki et al. 2010 - A flow microreactor system enables organolithium reactions without protecting alkoxycarbonyl groups,95,halogen-metal exchange,tetrahydrofuran,flow microreactor,10.1002/chem.201000876,2010.0,tR1,31.6,,-50,,tert-butyl p-bromobenzoate,s-BuLi,tert-butyl 4-(lithio)benzoate (aryllithium),ROH (alcohol quench),quench_probe,tert-butyl 4-(lithio)benzoate (aryllithium intermediate),0.10,0.42,1.1,,CC(C)(C)OC(=O)c1ccc(Br)cc1,CCC([Li])C,CC(C)(C)OC(=O)c1ccc([Li])cc1,CO,CC(C)(C)OC(=O)c1ccc([Li])cc1
Nagaki et al. 2010 - A flow microreactor system enables organolithium reactions without protecting alkoxycarbonyl groups,62,halogen-metal exchange,tetrahydrofuran,flow microreactor,10.1002/chem.201000876,2010.0,tR1,0.0316,,-60,,tert-butyl p-bromobenzoate,s-BuLi,tert-butyl 4-(lithio)benzoate (aryllithium),ROH (alcohol quench),quench_probe,tert-butyl 4-(lithio)benzoate (aryllithium intermediate),0.10,0.42,1.1,,CC(C)(C)OC(=O)c1ccc(Br)cc1,CCC([Li])C,CC(C)(C)OC(=O)c1ccc([Li])cc1,CO,CC(C)(C)OC(=O)c1ccc([Li])cc1
Nagaki et al. 2010 - A flow microreactor system enables organolithium reactions without protecting alkoxycarbonyl groups,67,halogen-metal exchange,tetrahydrofuran,flow microreactor,10.1002/chem.201000876,2010.0,tR1,0.1,,-60,,tert-butyl p-bromobenzoate,s-BuLi,tert-butyl 4-(lithio)benzoate (aryllithium),ROH (alcohol quench),quench_probe,tert-butyl 4-(lithio)benzoate (aryllithium intermediate),0.10,0.42,1.1,,CC(C)(C)OC(=O)c1ccc(Br)cc1,CCC([Li])C,CC(C)(C)OC(=O)c1ccc([Li])cc1,CO,CC(C)(C)OC(=O)c1ccc([Li])cc1
Nagaki et al. 2010 - A flow microreactor system enables organolithium reactions without protecting alkoxycarbonyl groups,97,halogen-metal exchange,tetrahydrofuran,flow microreactor,10.1002/chem.201000876,2010.0,tR1,0.316,,-60,,tert-butyl p-bromobenzoate,s-BuLi,tert-butyl 4-(lithio)benzoate (aryllithium),ROH (alcohol quench),quench_probe,tert-butyl 4-(lithio)benzoate (aryllithium intermediate),0.10,0.42,1.1,,CC(C)(C)OC(=O)c1ccc(Br)cc1,CCC([Li])C,CC(C)(C)OC(=O)c1ccc([Li])cc1,CO,CC(C)(C)OC(=O)c1ccc([Li])cc1
Nagaki et al. 2010 - A flow microreactor system enables organolithium reactions without protecting alkoxycarbonyl groups,99,halogen-metal exchange,tetrahydrofuran,flow microreactor,10.1002/chem.201000876,2010.0,tR1,1.0,,-60,,tert-butyl p-bromobenzoate,s-BuLi,tert-butyl 4-(lithio)benzoate (aryllithium),ROH (alcohol quench),quench_probe,tert-butyl 4-(lithio)benzoate (aryllithium intermediate),0.10,0.42,1.1,,CC(C)(C)OC(=O)c1ccc(Br)cc1,CCC([Li])C,CC(C)(C)OC(=O)c1ccc([Li])cc1,CO,CC(C)(C)OC(=O)c1ccc([Li])cc1
Nagaki et al. 2010 - A flow microreactor system enables organolithium reactions without protecting alkoxycarbonyl groups,98,halogen-metal exchange,tetrahydrofuran,flow microreactor,10.1002/chem.201000876,2010.0,tR1,3.16,,-60,,tert-butyl p-bromobenzoate,s-BuLi,tert-butyl 4-(lithio)benzoate (aryllithium),ROH (alcohol quench),quench_probe,tert-butyl 4-(lithio)benzoate (aryllithium intermediate),0.10,0.42,1.1,,CC(C)(C)OC(=O)c1ccc(Br)cc1,CCC([Li])C,CC(C)(C)OC(=O)c1ccc([Li])cc1,CO,CC(C)(C)OC(=O)c1ccc([Li])cc1
Nagaki et al. 2010 - A flow microreactor system enables organolithium reactions without protecting alkoxycarbonyl groups,97,halogen-metal exchange,tetrahydrofuran,flow microreactor,10.1002/chem.201000876,2010.0,tR1,31.6,,-60,,tert-butyl p-bromobenzoate,s-BuLi,tert-butyl 4-(lithio)benzoate (aryllithium),ROH (alcohol quench),quench_probe,tert-butyl 4-(lithio)benzoate (aryllithium intermediate),0.10,0.42,1.1,,CC(C)(C)OC(=O)c1ccc(Br)cc1,CCC([Li])C,CC(C)(C)OC(=O)c1ccc([Li])cc1,CO,CC(C)(C)OC(=O)c1ccc([Li])cc1
Nagaki et al. 2010 - A flow microreactor system enables organolithium reactions without protecting alkoxycarbonyl groups,50,halogen-metal exchange,tetrahydrofuran,flow microreactor,10.1002/chem.201000876,2010.0,tR1,0.0316,,-78,,tert-butyl p-bromobenzoate,s-BuLi,tert-butyl 4-(lithio)benzoate (aryllithium),ROH (alcohol quench),quench_probe,tert-butyl 4-(lithio)benzoate (aryllithium intermediate),0.10,0.42,1.1,,CC(C)(C)OC(=O)c1ccc(Br)cc1,CCC([Li])C,CC(C)(C)OC(=O)c1ccc([Li])cc1,CO,CC(C)(C)OC(=O)c1ccc([Li])cc1
Nagaki et al. 2010 - A flow microreactor system enables organolithium reactions without protecting alkoxycarbonyl groups,54,halogen-metal exchange,tetrahydrofuran,flow microreactor,10.1002/chem.201000876,2010.0,tR1,0.1,,-78,,tert-butyl p-bromobenzoate,s-BuLi,tert-butyl 4-(lithio)benzoate (aryllithium),ROH (alcohol quench),quench_probe,tert-butyl 4-(lithio)benzoate (aryllithium intermediate),0.10,0.42,1.1,,CC(C)(C)OC(=O)c1ccc(Br)cc1,CCC([Li])C,CC(C)(C)OC(=O)c1ccc([Li])cc1,CO,CC(C)(C)OC(=O)c1ccc([Li])cc1
Nagaki et al. 2010 - A flow microreactor system enables organolithium reactions without protecting alkoxycarbonyl groups,60,halogen-metal exchange,tetrahydrofuran,flow microreactor,10.1002/chem.201000876,2010.0,tR1,0.316,,-78,,tert-butyl p-bromobenzoate,s-BuLi,tert-butyl 4-(lithio)benzoate (aryllithium),ROH (alcohol quench),quench_probe,tert-butyl 4-(lithio)benzoate (aryllithium intermediate),0.10,0.42,1.1,,CC(C)(C)OC(=O)c1ccc(Br)cc1,CCC([Li])C,CC(C)(C)OC(=O)c1ccc([Li])cc1,CO,CC(C)(C)OC(=O)c1ccc([Li])cc1
Nagaki et al. 2010 - A flow microreactor system enables organolithium reactions without protecting alkoxycarbonyl groups,76,halogen-metal exchange,tetrahydrofuran,flow microreactor,10.1002/chem.201000876,2010.0,tR1,1.0,,-78,,tert-butyl p-bromobenzoate,s-BuLi,tert-butyl 4-(lithio)benzoate (aryllithium),ROH (alcohol quench),quench_probe,tert-butyl 4-(lithio)benzoate (aryllithium intermediate),0.10,0.42,1.1,,CC(C)(C)OC(=O)c1ccc(Br)cc1,CCC([Li])C,CC(C)(C)OC(=O)c1ccc([Li])cc1,CO,CC(C)(C)OC(=O)c1ccc([Li])cc1
Nagaki et al. 2010 - A flow microreactor system enables organolithium reactions without protecting alkoxycarbonyl groups,94,halogen-metal exchange,tetrahydrofuran,flow microreactor,10.1002/chem.201000876,2010.0,tR1,3.16,,-78,,tert-butyl p-bromobenzoate,s-BuLi,tert-butyl 4-(lithio)benzoate (aryllithium),ROH (alcohol quench),quench_probe,tert-butyl 4-(lithio)benzoate (aryllithium intermediate),0.10,0.42,1.1,,CC(C)(C)OC(=O)c1ccc(Br)cc1,CCC([Li])C,CC(C)(C)OC(=O)c1ccc([Li])cc1,CO,CC(C)(C)OC(=O)c1ccc([Li])cc1
Nagaki et al. 2010 - A flow microreactor system enables organolithium reactions without protecting alkoxycarbonyl groups,98,halogen-metal exchange,tetrahydrofuran,flow microreactor,10.1002/chem.201000876,2010.0,tR1,31.6,,-78,,tert-butyl p-bromobenzoate,s-BuLi,tert-butyl 4-(lithio)benzoate (aryllithium),ROH (alcohol quench),quench_probe,tert-butyl 4-(lithio)benzoate (aryllithium intermediate),0.10,0.42,1.1,,CC(C)(C)OC(=O)c1ccc(Br)cc1,CCC([Li])C,CC(C)(C)OC(=O)c1ccc([Li])cc1,CO,CC(C)(C)OC(=O)c1ccc([Li])cc1
Nagaki et al. 2010 - A flow microreactor system enables organolithium reactions without protecting alkoxycarbonyl groups,77,halogen-metal exchange,tetrahydrofuran,flow microreactor,10.1002/chem.201000876,2010.0,tR1,0.0316,,20,,tert-butyl p-bromobenzoate,s-BuLi,tert-butyl 4-(lithio)benzoate (aryllithium),ROH (alcohol quench),quench_probe,tert-butyl 4-(lithio)benzoate (aryllithium intermediate),0.10,0.42,1.1,,CC(C)(C)OC(=O)c1ccc(Br)cc1,CCC([Li])C,CC(C)(C)OC(=O)c1ccc([Li])cc1,CO,CC(C)(C)OC(=O)c1ccc([Li])cc1
Nagaki et al. 2010 - A flow microreactor system enables organolithium reactions without protecting alkoxycarbonyl groups,70,halogen-metal exchange,tetrahydrofuran,flow microreactor,10.1002/chem.201000876,2010.0,tR1,0.1,,20,,tert-butyl p-bromobenzoate,s-BuLi,tert-butyl 4-(lithio)benzoate (aryllithium),ROH (alcohol quench),quench_probe,tert-butyl 4-(lithio)benzoate (aryllithium intermediate),0.10,0.42,1.1,,CC(C)(C)OC(=O)c1ccc(Br)cc1,CCC([Li])C,CC(C)(C)OC(=O)c1ccc([Li])cc1,CO,CC(C)(C)OC(=O)c1ccc([Li])cc1
Nagaki et al. 2010 - A flow microreactor system enables organolithium reactions without protecting alkoxycarbonyl groups,60,halogen-metal exchange,tetrahydrofuran,flow microreactor,10.1002/chem.201000876,2010.0,tR1,0.316,,20,,tert-butyl p-bromobenzoate,s-BuLi,tert-butyl 4-(lithio)benzoate (aryllithium),ROH (alcohol quench),quench_probe,tert-butyl 4-(lithio)benzoate (aryllithium intermediate),0.10,0.42,1.1,,CC(C)(C)OC(=O)c1ccc(Br)cc1,CCC([Li])C,CC(C)(C)OC(=O)c1ccc([Li])cc1,CO,CC(C)(C)OC(=O)c1ccc([Li])cc1
Nagaki et al. 2010 - A flow microreactor system enables organolithium reactions without protecting alkoxycarbonyl groups,59,halogen-metal exchange,tetrahydrofuran,flow microreactor,10.1002/chem.201000876,2010.0,tR1,1.0,,20,,tert-butyl p-bromobenzoate,s-BuLi,tert-butyl 4-(lithio)benzoate (aryllithium),ROH (alcohol quench),quench_probe,tert-butyl 4-(lithio)benzoate (aryllithium intermediate),0.10,0.42,1.1,,CC(C)(C)OC(=O)c1ccc(Br)cc1,CCC([Li])C,CC(C)(C)OC(=O)c1ccc([Li])cc1,CO,CC(C)(C)OC(=O)c1ccc([Li])cc1
Nagaki et al. 2010 - A flow microreactor system enables organolithium reactions without protecting alkoxycarbonyl groups,32,halogen-metal exchange,tetrahydrofuran,flow microreactor,10.1002/chem.201000876,2010.0,tR1,3.16,,20,,tert-butyl p-bromobenzoate,s-BuLi,tert-butyl 4-(lithio)benzoate (aryllithium),ROH (alcohol quench),quench_probe,tert-butyl 4-(lithio)benzoate (aryllithium intermediate),0.10,0.42,1.1,,CC(C)(C)OC(=O)c1ccc(Br)cc1,CCC([Li])C,CC(C)(C)OC(=O)c1ccc([Li])cc1,CO,CC(C)(C)OC(=O)c1ccc([Li])cc1
Nagaki et al. 2010 - A flow microreactor system enables organolithium reactions without protecting alkoxycarbonyl groups,16,halogen-metal exchange,tetrahydrofuran,flow microreactor,10.1002/chem.201000876,2010.0,tR1,31.6,,20,,tert-butyl p-bromobenzoate,s-BuLi,tert-butyl 4-(lithio)benzoate (aryllithium),ROH (alcohol quench),quench_probe,tert-butyl 4-(lithio)benzoate (aryllithium intermediate),0.10,0.42,1.1,,CC(C)(C)OC(=O)c1ccc(Br)cc1,CCC([Li])C,CC(C)(C)OC(=O)c1ccc([Li])cc1,CO,CC(C)(C)OC(=O)c1ccc([Li])cc1
Nagaki et al. 2010 - A flow microreactor system enables organolithium reactions without protecting alkoxycarbonyl groups,85,halogen-metal exchange,tetrahydrofuran,flow microreactor,10.1002/chem.201000876,2010.0,tR1,0.0316,,0,,tert-butyl p-bromobenzoate,s-BuLi,tert-butyl 4-(lithio)benzoate (aryllithium),ROH (alcohol quench),quench_probe,tert-butyl 4-(lithio)benzoate (aryllithium intermediate),0.10,0.42,1.1,,CC(C)(C)OC(=O)c1ccc(Br)cc1,CCC([Li])C,CC(C)(C)OC(=O)c1ccc([Li])cc1,CO,CC(C)(C)OC(=O)c1ccc([Li])cc1
Nagaki et al. 2010 - A flow microreactor system enables organolithium reactions without protecting alkoxycarbonyl groups,79,halogen-metal exchange,tetrahydrofuran,flow microreactor,10.1002/chem.201000876,2010.0,tR1,0.1,,0,,tert-butyl p-bromobenzoate,s-BuLi,tert-butyl 4-(lithio)benzoate (aryllithium),ROH (alcohol quench),quench_probe,tert-butyl 4-(lithio)benzoate (aryllithium intermediate),0.10,0.42,1.1,,CC(C)(C)OC(=O)c1ccc(Br)cc1,CCC([Li])C,CC(C)(C)OC(=O)c1ccc([Li])cc1,CO,CC(C)(C)OC(=O)c1ccc([Li])cc1
Nagaki et al. 2010 - A flow microreactor system enables organolithium reactions without protecting alkoxycarbonyl groups,78,halogen-metal exchange,tetrahydrofuran,flow microreactor,10.1002/chem.201000876,2010.0,tR1,0.316,,0,,tert-butyl p-bromobenzoate,s-BuLi,tert-butyl 4-(lithio)benzoate (aryllithium),ROH (alcohol quench),quench_probe,tert-butyl 4-(lithio)benzoate (aryllithium intermediate),0.10,0.42,1.1,,CC(C)(C)OC(=O)c1ccc(Br)cc1,CCC([Li])C,CC(C)(C)OC(=O)c1ccc([Li])cc1,CO,CC(C)(C)OC(=O)c1ccc([Li])cc1
Nagaki et al. 2010 - A flow microreactor system enables organolithium reactions without protecting alkoxycarbonyl groups,78,halogen-metal exchange,tetrahydrofuran,flow microreactor,10.1002/chem.201000876,2010.0,tR1,1.0,,0,,tert-butyl p-bromobenzoate,s-BuLi,tert-butyl 4-(lithio)benzoate (aryllithium),ROH (alcohol quench),quench_probe,tert-butyl 4-(lithio)benzoate (aryllithium intermediate),0.10,0.42,1.1,,CC(C)(C)OC(=O)c1ccc(Br)cc1,CCC([Li])C,CC(C)(C)OC(=O)c1ccc([Li])cc1,CO,CC(C)(C)OC(=O)c1ccc([Li])cc1
Nagaki et al. 2010 - A flow microreactor system enables organolithium reactions without protecting alkoxycarbonyl groups,75,halogen-metal exchange,tetrahydrofuran,flow microreactor,10.1002/chem.201000876,2010.0,tR1,3.16,,0,,tert-butyl p-bromobenzoate,s-BuLi,tert-butyl 4-(lithio)benzoate (aryllithium),ROH (alcohol quench),quench_probe,tert-butyl 4-(lithio)benzoate (aryllithium intermediate),0.10,0.42,1.1,,CC(C)(C)OC(=O)c1ccc(Br)cc1,CCC([Li])C,CC(C)(C)OC(=O)c1ccc([Li])cc1,CO,CC(C)(C)OC(=O)c1ccc([Li])cc1
Nagaki et al. 2010 - A flow microreactor system enables organolithium reactions without protecting alkoxycarbonyl groups,48,halogen-metal exchange,tetrahydrofuran,flow microreactor,10.1002/chem.201000876,2010.0,tR1,31.6,,0,,tert-butyl p-bromobenzoate,s-BuLi,tert-butyl 4-(lithio)benzoate (aryllithium),ROH (alcohol quench),quench_probe,tert-butyl 4-(lithio)benzoate (aryllithium intermediate),0.10,0.42,1.1,,CC(C)(C)OC(=O)c1ccc(Br)cc1,CCC([Li])C,CC(C)(C)OC(=O)c1ccc([Li])cc1,CO,CC(C)(C)OC(=O)c1ccc([Li])cc1
Nagaki et al. 2010 - A flow microreactor system enables organolithium reactions without protecting alkoxycarbonyl groups,91,halogen-metal exchange,tetrahydrofuran,flow microreactor,10.1002/chem.201000876,2010.0,tR1,0.0316,,-30,,tert-butyl p-bromobenzoate,s-BuLi,tert-butyl 4-(lithio)benzoate (aryllithium),ROH (alcohol quench),quench_probe,tert-butyl 4-(lithio)benzoate (aryllithium intermediate),0.10,0.42,1.1,,CC(C)(C)OC(=O)c1ccc(Br)cc1,CCC([Li])C,CC(C)(C)OC(=O)c1ccc([Li])cc1,CO,CC(C)(C)OC(=O)c1ccc([Li])cc1
Nagaki et al. 2010 - A flow microreactor system enables organolithium reactions without protecting alkoxycarbonyl groups,91,halogen-metal exchange,tetrahydrofuran,flow microreactor,10.1002/chem.201000876,2010.0,tR1,0.1,,-30,,tert-butyl p-bromobenzoate,s-BuLi,tert-butyl 4-(lithio)benzoate (aryllithium),ROH (alcohol quench),quench_probe,tert-butyl 4-(lithio)benzoate (aryllithium intermediate),0.10,0.42,1.1,,CC(C)(C)OC(=O)c1ccc(Br)cc1,CCC([Li])C,CC(C)(C)OC(=O)c1ccc([Li])cc1,CO,CC(C)(C)OC(=O)c1ccc([Li])cc1
Nagaki et al. 2010 - A flow microreactor system enables organolithium reactions without protecting alkoxycarbonyl groups,91,halogen-metal exchange,tetrahydrofuran,flow microreactor,10.1002/chem.201000876,2010.0,tR1,0.316,,-30,,tert-butyl p-bromobenzoate,s-BuLi,tert-butyl 4-(lithio)benzoate (aryllithium),ROH (alcohol quench),quench_probe,tert-butyl 4-(lithio)benzoate (aryllithium intermediate),0.10,0.42,1.1,,CC(C)(C)OC(=O)c1ccc(Br)cc1,CCC([Li])C,CC(C)(C)OC(=O)c1ccc([Li])cc1,CO,CC(C)(C)OC(=O)c1ccc([Li])cc1
Nagaki et al. 2010 - A flow microreactor system enables organolithium reactions without protecting alkoxycarbonyl groups,84,halogen-metal exchange,tetrahydrofuran,flow microreactor,10.1002/chem.201000876,2010.0,tR1,1.0,,-30,,tert-butyl p-bromobenzoate,s-BuLi,tert-butyl 4-(lithio)benzoate (aryllithium),ROH (alcohol quench),quench_probe,tert-butyl 4-(lithio)benzoate (aryllithium intermediate),0.10,0.42,1.1,,CC(C)(C)OC(=O)c1ccc(Br)cc1,CCC([Li])C,CC(C)(C)OC(=O)c1ccc([Li])cc1,CO,CC(C)(C)OC(=O)c1ccc([Li])cc1
Nagaki et al. 2010 - A flow microreactor system enables organolithium reactions without protecting alkoxycarbonyl groups,89,halogen-metal exchange,tetrahydrofuran,flow microreactor,10.1002/chem.201000876,2010.0,tR1,3.16,,-30,,tert-butyl p-bromobenzoate,s-BuLi,tert-butyl 4-(lithio)benzoate (aryllithium),ROH (alcohol quench),quench_probe,tert-butyl 4-(lithio)benzoate (aryllithium intermediate),0.10,0.42,1.1,,CC(C)(C)OC(=O)c1ccc(Br)cc1,CCC([Li])C,CC(C)(C)OC(=O)c1ccc([Li])cc1,CO,CC(C)(C)OC(=O)c1ccc([Li])cc1
Nagaki et al. 2010 - A flow microreactor system enables organolithium reactions without protecting alkoxycarbonyl groups,80,halogen-metal exchange,tetrahydrofuran,flow microreactor,10.1002/chem.201000876,2010.0,tR1,31.6,,-30,,tert-butyl p-bromobenzoate,s-BuLi,tert-butyl 4-(lithio)benzoate (aryllithium),ROH (alcohol quench),quench_probe,tert-butyl 4-(lithio)benzoate (aryllithium intermediate),0.10,0.42,1.1,,CC(C)(C)OC(=O)c1ccc(Br)cc1,CCC([Li])C,CC(C)(C)OC(=O)c1ccc([Li])cc1,CO,CC(C)(C)OC(=O)c1ccc([Li])cc1
Nagaki et al. 2010 - A flow microreactor system enables organolithium reactions without protecting alkoxycarbonyl groups,93,halogen-metal exchange,tetrahydrofuran,flow microreactor,10.1002/chem.201000876,2010.0,tR1,0.0316,,-50,,tert-butyl p-bromobenzoate,s-BuLi,tert-butyl 4-(lithio)benzoate (aryllithium),ROH (alcohol quench),quench_probe,tert-butyl 4-(lithio)benzoate (aryllithium intermediate),0.10,0.42,1.1,,CC(C)(C)OC(=O)c1ccc(Br)cc1,CCC([Li])C,CC(C)(C)OC(=O)c1ccc([Li])cc1,CO,CC(C)(C)OC(=O)c1ccc([Li])cc1
Nagaki et al. 2010 - A flow microreactor system enables organolithium reactions without protecting alkoxycarbonyl groups,94,halogen-metal exchange,tetrahydrofuran,flow microreactor,10.1002/chem.201000876,2010.0,tR1,0.1,,-50,,tert-butyl p-bromobenzoate,s-BuLi,tert-butyl 4-(lithio)benzoate (aryllithium),ROH (alcohol quench),quench_probe,tert-butyl 4-(lithio)benzoate (aryllithium intermediate),0.10,0.42,1.1,,CC(C)(C)OC(=O)c1ccc(Br)cc1,CCC([Li])C,CC(C)(C)OC(=O)c1ccc([Li])cc1,CO,CC(C)(C)OC(=O)c1ccc([Li])cc1
Nagaki et al. 2010 - A flow microreactor system enables organolithium reactions without protecting alkoxycarbonyl groups,91,halogen-metal exchange,tetrahydrofuran,flow microreactor,10.1002/chem.201000876,2010.0,tR1,0.316,,-50,,tert-butyl p-bromobenzoate,s-BuLi,tert-butyl 4-(lithio)benzoate (aryllithium),ROH (alcohol quench),quench_probe,tert-butyl 4-(lithio)benzoate (aryllithium intermediate),0.10,0.42,1.1,,CC(C)(C)OC(=O)c1ccc(Br)cc1,CCC([Li])C,CC(C)(C)OC(=O)c1ccc([Li])cc1,CO,CC(C)(C)OC(=O)c1ccc([Li])cc1
Nagaki et al. 2010 - A flow microreactor system enables organolithium reactions without protecting alkoxycarbonyl groups,91,halogen-metal exchange,tetrahydrofuran,flow microreactor,10.1002/chem.201000876,2010.0,tR1,1.0,,-50,,tert-butyl p-bromobenzoate,s-BuLi,tert-butyl 4-(lithio)benzoate (aryllithium),ROH (alcohol quench),quench_probe,tert-butyl 4-(lithio)benzoate (aryllithium intermediate),0.10,0.42,1.1,,CC(C)(C)OC(=O)c1ccc(Br)cc1,CCC([Li])C,CC(C)(C)OC(=O)c1ccc([Li])cc1,CO,CC(C)(C)OC(=O)c1ccc([Li])cc1
Nagaki et al. 2010 - A flow microreactor system enables organolithium reactions without protecting alkoxycarbonyl groups,93,halogen-metal exchange,tetrahydrofuran,flow microreactor,10.1002/chem.201000876,2010.0,tR1,3.16,,-50,,tert-butyl p-bromobenzoate,s-BuLi,tert-butyl 4-(lithio)benzoate (aryllithium),ROH (alcohol quench),quench_probe,tert-butyl 4-(lithio)benzoate (aryllithium intermediate),0.10,0.42,1.1,,CC(C)(C)OC(=O)c1ccc(Br)cc1,CCC([Li])C,CC(C)(C)OC(=O)c1ccc([Li])cc1,CO,CC(C)(C)OC(=O)c1ccc([Li])cc1
Nagaki et al. 2010 - A flow microreactor system enables organolithium reactions without protecting alkoxycarbonyl groups,95,halogen-metal exchange,tetrahydrofuran,flow microreactor,10.1002/chem.201000876,2010.0,tR1,31.6,,-50,,tert-butyl p-bromobenzoate,s-BuLi,tert-butyl 4-(lithio)benzoate (aryllithium),ROH (alcohol quench),quench_probe,tert-butyl 4-(lithio)benzoate (aryllithium intermediate),0.10,0.42,1.1,,CC(C)(C)OC(=O)c1ccc(Br)cc1,CCC([Li])C,CC(C)(C)OC(=O)c1ccc([Li])cc1,CO,CC(C)(C)OC(=O)c1ccc([Li])cc1
Nagaki et al. 2010 - A flow microreactor system enables organolithium reactions without protecting alkoxycarbonyl groups,73,halogen-metal exchange,tetrahydrofuran,flow microreactor,10.1002/chem.201000876,2010.0,tR1,0.0316,,-60,,tert-butyl p-bromobenzoate,s-BuLi,tert-butyl 4-(lithio)benzoate (aryllithium),ROH (alcohol quench),quench_probe,tert-butyl 4-(lithio)benzoate (aryllithium intermediate),0.10,0.42,1.1,,CC(C)(C)OC(=O)c1ccc(Br)cc1,CCC([Li])C,CC(C)(C)OC(=O)c1ccc([Li])cc1,CO,CC(C)(C)OC(=O)c1ccc([Li])cc1
Nagaki et al. 2010 - A flow microreactor system enables organolithium reactions without protecting alkoxycarbonyl groups,93,halogen-metal exchange,tetrahydrofuran,flow microreactor,10.1002/chem.201000876,2010.0,tR1,0.1,,-60,,tert-butyl p-bromobenzoate,s-BuLi,tert-butyl 4-(lithio)benzoate (aryllithium),ROH (alcohol quench),quench_probe,tert-butyl 4-(lithio)benzoate (aryllithium intermediate),0.10,0.42,1.1,,CC(C)(C)OC(=O)c1ccc(Br)cc1,CCC([Li])C,CC(C)(C)OC(=O)c1ccc([Li])cc1,CO,CC(C)(C)OC(=O)c1ccc([Li])cc1
Nagaki et al. 2010 - A flow microreactor system enables organolithium reactions without protecting alkoxycarbonyl groups,93,halogen-metal exchange,tetrahydrofuran,flow microreactor,10.1002/chem.201000876,2010.0,tR1,0.316,,-60,,tert-butyl p-bromobenzoate,s-BuLi,tert-butyl 4-(lithio)benzoate (aryllithium),ROH (alcohol quench),quench_probe,tert-butyl 4-(lithio)benzoate (aryllithium intermediate),0.10,0.42,1.1,,CC(C)(C)OC(=O)c1ccc(Br)cc1,CCC([Li])C,CC(C)(C)OC(=O)c1ccc([Li])cc1,CO,CC(C)(C)OC(=O)c1ccc([Li])cc1
Nagaki et al. 2010 - A flow microreactor system enables organolithium reactions without protecting alkoxycarbonyl groups,92,halogen-metal exchange,tetrahydrofuran,flow microreactor,10.1002/chem.201000876,2010.0,tR1,1.0,,-60,,tert-butyl p-bromobenzoate,s-BuLi,tert-butyl 4-(lithio)benzoate (aryllithium),ROH (alcohol quench),quench_probe,tert-butyl 4-(lithio)benzoate (aryllithium intermediate),0.10,0.42,1.1,,CC(C)(C)OC(=O)c1ccc(Br)cc1,CCC([Li])C,CC(C)(C)OC(=O)c1ccc([Li])cc1,CO,CC(C)(C)OC(=O)c1ccc([Li])cc1
Nagaki et al. 2010 - A flow microreactor system enables organolithium reactions without protecting alkoxycarbonyl groups,93,halogen-metal exchange,tetrahydrofuran,flow microreactor,10.1002/chem.201000876,2010.0,tR1,3.16,,-60,,tert-butyl p-bromobenzoate,s-BuLi,tert-butyl 4-(lithio)benzoate (aryllithium),ROH (alcohol quench),quench_probe,tert-butyl 4-(lithio)benzoate (aryllithium intermediate),0.10,0.42,1.1,,CC(C)(C)OC(=O)c1ccc(Br)cc1,CCC([Li])C,CC(C)(C)OC(=O)c1ccc([Li])cc1,CO,CC(C)(C)OC(=O)c1ccc([Li])cc1
Nagaki et al. 2010 - A flow microreactor system enables organolithium reactions without protecting alkoxycarbonyl groups,92,halogen-metal exchange,tetrahydrofuran,flow microreactor,10.1002/chem.201000876,2010.0,tR1,31.6,,-60,,tert-butyl p-bromobenzoate,s-BuLi,tert-butyl 4-(lithio)benzoate (aryllithium),ROH (alcohol quench),quench_probe,tert-butyl 4-(lithio)benzoate (aryllithium intermediate),0.10,0.42,1.1,,CC(C)(C)OC(=O)c1ccc(Br)cc1,CCC([Li])C,CC(C)(C)OC(=O)c1ccc([Li])cc1,CO,CC(C)(C)OC(=O)c1ccc([Li])cc1
Nagaki et al. 2010 - A flow microreactor system enables organolithium reactions without protecting alkoxycarbonyl groups,55,halogen-metal exchange,tetrahydrofuran,flow microreactor,10.1002/chem.201000876,2010.0,tR1,0.0316,,-78,,tert-butyl p-bromobenzoate,s-BuLi,tert-butyl 4-(lithio)benzoate (aryllithium),ROH (alcohol quench),quench_probe,tert-butyl 4-(lithio)benzoate (aryllithium intermediate),0.10,0.42,1.1,,CC(C)(C)OC(=O)c1ccc(Br)cc1,CCC([Li])C,CC(C)(C)OC(=O)c1ccc([Li])cc1,CO,CC(C)(C)OC(=O)c1ccc([Li])cc1
Nagaki et al. 2010 - A flow microreactor system enables organolithium reactions without protecting alkoxycarbonyl groups,59,halogen-metal exchange,tetrahydrofuran,flow microreactor,10.1002/chem.201000876,2010.0,tR1,0.1,,-78,,tert-butyl p-bromobenzoate,s-BuLi,tert-butyl 4-(lithio)benzoate (aryllithium),ROH (alcohol quench),quench_probe,tert-butyl 4-(lithio)benzoate (aryllithium intermediate),0.10,0.42,1.1,,CC(C)(C)OC(=O)c1ccc(Br)cc1,CCC([Li])C,CC(C)(C)OC(=O)c1ccc([Li])cc1,CO,CC(C)(C)OC(=O)c1ccc([Li])cc1
Nagaki et al. 2010 - A flow microreactor system enables organolithium reactions without protecting alkoxycarbonyl groups,67,halogen-metal exchange,tetrahydrofuran,flow microreactor,10.1002/chem.201000876,2010.0,tR1,0.316,,-78,,tert-butyl p-bromobenzoate,s-BuLi,tert-butyl 4-(lithio)benzoate (aryllithium),ROH (alcohol quench),quench_probe,tert-butyl 4-(lithio)benzoate (aryllithium intermediate),0.10,0.42,1.1,,CC(C)(C)OC(=O)c1ccc(Br)cc1,CCC([Li])C,CC(C)(C)OC(=O)c1ccc([Li])cc1,CO,CC(C)(C)OC(=O)c1ccc([Li])cc1
Nagaki et al. 2010 - A flow microreactor system enables organolithium reactions without protecting alkoxycarbonyl groups,87,halogen-metal exchange,tetrahydrofuran,flow microreactor,10.1002/chem.201000876,2010.0,tR1,1.0,,-78,,tert-butyl p-bromobenzoate,s-BuLi,tert-butyl 4-(lithio)benzoate (aryllithium),ROH (alcohol quench),quench_probe,tert-butyl 4-(lithio)benzoate (aryllithium intermediate),0.10,0.42,1.1,,CC(C)(C)OC(=O)c1ccc(Br)cc1,CCC([Li])C,CC(C)(C)OC(=O)c1ccc([Li])cc1,CO,CC(C)(C)OC(=O)c1ccc([Li])cc1
Nagaki et al. 2010 - A flow microreactor system enables organolithium reactions without protecting alkoxycarbonyl groups,87,halogen-metal exchange,tetrahydrofuran,flow microreactor,10.1002/chem.201000876,2010.0,tR1,3.16,,-78,,tert-butyl p-bromobenzoate,s-BuLi,tert-butyl 4-(lithio)benzoate (aryllithium),ROH (alcohol quench),quench_probe,tert-butyl 4-(lithio)benzoate (aryllithium intermediate),0.10,0.42,1.1,,CC(C)(C)OC(=O)c1ccc(Br)cc1,CCC([Li])C,CC(C)(C)OC(=O)c1ccc([Li])cc1,CO,CC(C)(C)OC(=O)c1ccc([Li])cc1
Nagaki et al. 2010 - A flow microreactor system enables organolithium reactions without protecting alkoxycarbonyl groups,87,halogen-metal exchange,tetrahydrofuran,flow microreactor,10.1002/chem.201000876,2010.0,tR1,31.6,,-78,,tert-butyl p-bromobenzoate,s-BuLi,tert-butyl 4-(lithio)benzoate (aryllithium),ROH (alcohol quench),quench_probe,tert-butyl 4-(lithio)benzoate (aryllithium intermediate),0.10,0.42,1.1,,CC(C)(C)OC(=O)c1ccc(Br)cc1,CCC([Li])C,CC(C)(C)OC(=O)c1ccc([Li])cc1,CO,CC(C)(C)OC(=O)c1ccc([Li])cc1
Nagaki et al. 2010 - A flow microreactor system enables organolithium reactions without protecting alkoxycarbonyl groups,42,halogen-metal exchange,tetrahydrofuran,flow microreactor,10.1002/chem.201000876,2010.0,tR1,0.0316,,-30,,tert-butyl p-bromobenzoate,s-BuLi,tert-butyl 4-(lithio)benzoate (aryllithium),ROH (alcohol quench),quench_probe,tert-butyl 4-(lithio)benzoate (aryllithium intermediate),0.10,0.42,1.1,,CC(C)(C)OC(=O)c1ccc(Br)cc1,CCC([Li])C,CC(C)(C)OC(=O)c1ccc([Li])cc1,CO,CC(C)(C)OC(=O)c1ccc([Li])cc1
Nagaki et al. 2010 - A flow microreactor system enables organolithium reactions without protecting alkoxycarbonyl groups,30,halogen-metal exchange,tetrahydrofuran,flow microreactor,10.1002/chem.201000876,2010.0,tR1,0.1,,-30,,tert-butyl p-bromobenzoate,s-BuLi,tert-butyl 4-(lithio)benzoate (aryllithium),ROH (alcohol quench),quench_probe,tert-butyl 4-(lithio)benzoate (aryllithium intermediate),0.10,0.42,1.1,,CC(C)(C)OC(=O)c1ccc(Br)cc1,CCC([Li])C,CC(C)(C)OC(=O)c1ccc([Li])cc1,CO,CC(C)(C)OC(=O)c1ccc([Li])cc1
Nagaki et al. 2010 - A flow microreactor system enables organolithium reactions without protecting alkoxycarbonyl groups,22,halogen-metal exchange,tetrahydrofuran,flow microreactor,10.1002/chem.201000876,2010.0,tR1,0.316,,-30,,tert-butyl p-bromobenzoate,s-BuLi,tert-butyl 4-(lithio)benzoate (aryllithium),ROH (alcohol quench),quench_probe,tert-butyl 4-(lithio)benzoate (aryllithium intermediate),0.10,0.42,1.1,,CC(C)(C)OC(=O)c1ccc(Br)cc1,CCC([Li])C,CC(C)(C)OC(=O)c1ccc([Li])cc1,CO,CC(C)(C)OC(=O)c1ccc([Li])cc1
Nagaki et al. 2010 - A flow microreactor system enables organolithium reactions without protecting alkoxycarbonyl groups,19,halogen-metal exchange,tetrahydrofuran,flow microreactor,10.1002/chem.201000876,2010.0,tR1,1.0,,-30,,tert-butyl p-bromobenzoate,s-BuLi,tert-butyl 4-(lithio)benzoate (aryllithium),ROH (alcohol quench),quench_probe,tert-butyl 4-(lithio)benzoate (aryllithium intermediate),0.10,0.42,1.1,,CC(C)(C)OC(=O)c1ccc(Br)cc1,CCC([Li])C,CC(C)(C)OC(=O)c1ccc([Li])cc1,CO,CC(C)(C)OC(=O)c1ccc([Li])cc1
Nagaki et al. 2010 - A flow microreactor system enables organolithium reactions without protecting alkoxycarbonyl groups,62,halogen-metal exchange,tetrahydrofuran,flow microreactor,10.1002/chem.201000876,2010.0,tR1,0.0316,,-50,,tert-butyl p-bromobenzoate,s-BuLi,tert-butyl 4-(lithio)benzoate (aryllithium),ROH (alcohol quench),quench_probe,tert-butyl 4-(lithio)benzoate (aryllithium intermediate),0.10,0.42,1.1,,CC(C)(C)OC(=O)c1ccc(Br)cc1,CCC([Li])C,CC(C)(C)OC(=O)c1ccc([Li])cc1,CO,CC(C)(C)OC(=O)c1ccc([Li])cc1
Nagaki et al. 2010 - A flow microreactor system enables organolithium reactions without protecting alkoxycarbonyl groups,53,halogen-metal exchange,tetrahydrofuran,flow microreactor,10.1002/chem.201000876,2010.0,tR1,0.1,,-50,,tert-butyl p-bromobenzoate,s-BuLi,tert-butyl 4-(lithio)benzoate (aryllithium),ROH (alcohol quench),quench_probe,tert-butyl 4-(lithio)benzoate (aryllithium intermediate),0.10,0.42,1.1,,CC(C)(C)OC(=O)c1ccc(Br)cc1,CCC([Li])C,CC(C)(C)OC(=O)c1ccc([Li])cc1,CO,CC(C)(C)OC(=O)c1ccc([Li])cc1
Nagaki et al. 2010 - A flow microreactor system enables organolithium reactions without protecting alkoxycarbonyl groups,48,halogen-metal exchange,tetrahydrofuran,flow microreactor,10.1002/chem.201000876,2010.0,tR1,0.316,,-50,,tert-butyl p-bromobenzoate,s-BuLi,tert-butyl 4-(lithio)benzoate (aryllithium),ROH (alcohol quench),quench_probe,tert-butyl 4-(lithio)benzoate (aryllithium intermediate),0.10,0.42,1.1,,CC(C)(C)OC(=O)c1ccc(Br)cc1,CCC([Li])C,CC(C)(C)OC(=O)c1ccc([Li])cc1,CO,CC(C)(C)OC(=O)c1ccc([Li])cc1
Nagaki et al. 2010 - A flow microreactor system enables organolithium reactions without protecting alkoxycarbonyl groups,44,halogen-metal exchange,tetrahydrofuran,flow microreactor,10.1002/chem.201000876,2010.0,tR1,1.0,,-50,,tert-butyl p-bromobenzoate,s-BuLi,tert-butyl 4-(lithio)benzoate (aryllithium),ROH (alcohol quench),quench_probe,tert-butyl 4-(lithio)benzoate (aryllithium intermediate),0.10,0.42,1.1,,CC(C)(C)OC(=O)c1ccc(Br)cc1,CCC([Li])C,CC(C)(C)OC(=O)c1ccc([Li])cc1,CO,CC(C)(C)OC(=O)c1ccc([Li])cc1
Nagaki et al. 2010 - A flow microreactor system enables organolithium reactions without protecting alkoxycarbonyl groups,36,halogen-metal exchange,tetrahydrofuran,flow microreactor,10.1002/chem.201000876,2010.0,tR1,3.16,,-50,,tert-butyl p-bromobenzoate,s-BuLi,tert-butyl 4-(lithio)benzoate (aryllithium),ROH (alcohol quench),quench_probe,tert-butyl 4-(lithio)benzoate (aryllithium intermediate),0.10,0.42,1.1,,CC(C)(C)OC(=O)c1ccc(Br)cc1,CCC([Li])C,CC(C)(C)OC(=O)c1ccc([Li])cc1,CO,CC(C)(C)OC(=O)c1ccc([Li])cc1
Nagaki et al. 2010 - A flow microreactor system enables organolithium reactions without protecting alkoxycarbonyl groups,26,halogen-metal exchange,tetrahydrofuran,flow microreactor,10.1002/chem.201000876,2010.0,tR1,31.6,,-50,,tert-butyl p-bromobenzoate,s-BuLi,tert-butyl 4-(lithio)benzoate (aryllithium),ROH (alcohol quench),quench_probe,tert-butyl 4-(lithio)benzoate (aryllithium intermediate),0.10,0.42,1.1,,CC(C)(C)OC(=O)c1ccc(Br)cc1,CCC([Li])C,CC(C)(C)OC(=O)c1ccc([Li])cc1,CO,CC(C)(C)OC(=O)c1ccc([Li])cc1
Nagaki et al. 2010 - A flow microreactor system enables organolithium reactions without protecting alkoxycarbonyl groups,67,halogen-metal exchange,tetrahydrofuran,flow microreactor,10.1002/chem.201000876,2010.0,tR1,0.0316,,-60,,tert-butyl p-bromobenzoate,s-BuLi,tert-butyl 4-(lithio)benzoate (aryllithium),ROH (alcohol quench),quench_probe,tert-butyl 4-(lithio)benzoate (aryllithium intermediate),0.10,0.42,1.1,,CC(C)(C)OC(=O)c1ccc(Br)cc1,CCC([Li])C,CC(C)(C)OC(=O)c1ccc([Li])cc1,CO,CC(C)(C)OC(=O)c1ccc([Li])cc1
Nagaki et al. 2010 - A flow microreactor system enables organolithium reactions without protecting alkoxycarbonyl groups,56,halogen-metal exchange,tetrahydrofuran,flow microreactor,10.1002/chem.201000876,2010.0,tR1,0.1,,-60,,tert-butyl p-bromobenzoate,s-BuLi,tert-butyl 4-(lithio)benzoate (aryllithium),ROH (alcohol quench),quench_probe,tert-butyl 4-(lithio)benzoate (aryllithium intermediate),0.10,0.42,1.1,,CC(C)(C)OC(=O)c1ccc(Br)cc1,CCC([Li])C,CC(C)(C)OC(=O)c1ccc([Li])cc1,CO,CC(C)(C)OC(=O)c1ccc([Li])cc1
Nagaki et al. 2010 - A flow microreactor system enables organolithium reactions without protecting alkoxycarbonyl groups,58,halogen-metal exchange,tetrahydrofuran,flow microreactor,10.1002/chem.201000876,2010.0,tR1,0.316,,-60,,tert-butyl p-bromobenzoate,s-BuLi,tert-butyl 4-(lithio)benzoate (aryllithium),ROH (alcohol quench),quench_probe,tert-butyl 4-(lithio)benzoate (aryllithium intermediate),0.10,0.42,1.1,,CC(C)(C)OC(=O)c1ccc(Br)cc1,CCC([Li])C,CC(C)(C)OC(=O)c1ccc([Li])cc1,CO,CC(C)(C)OC(=O)c1ccc([Li])cc1
Nagaki et al. 2010 - A flow microreactor system enables organolithium reactions without protecting alkoxycarbonyl groups,55,halogen-metal exchange,tetrahydrofuran,flow microreactor,10.1002/chem.201000876,2010.0,tR1,1.0,,-60,,tert-butyl p-bromobenzoate,s-BuLi,tert-butyl 4-(lithio)benzoate (aryllithium),ROH (alcohol quench),quench_probe,tert-butyl 4-(lithio)benzoate (aryllithium intermediate),0.10,0.42,1.1,,CC(C)(C)OC(=O)c1ccc(Br)cc1,CCC([Li])C,CC(C)(C)OC(=O)c1ccc([Li])cc1,CO,CC(C)(C)OC(=O)c1ccc([Li])cc1
Nagaki et al. 2010 - A flow microreactor system enables organolithium reactions without protecting alkoxycarbonyl groups,51,halogen-metal exchange,tetrahydrofuran,flow microreactor,10.1002/chem.201000876,2010.0,tR1,3.16,,-60,,tert-butyl p-bromobenzoate,s-BuLi,tert-butyl 4-(lithio)benzoate (aryllithium),ROH (alcohol quench),quench_probe,tert-butyl 4-(lithio)benzoate (aryllithium intermediate),0.10,0.42,1.1,,CC(C)(C)OC(=O)c1ccc(Br)cc1,CCC([Li])C,CC(C)(C)OC(=O)c1ccc([Li])cc1,CO,CC(C)(C)OC(=O)c1ccc([Li])cc1
Nagaki et al. 2010 - A flow microreactor system enables organolithium reactions without protecting alkoxycarbonyl groups,38,halogen-metal exchange,tetrahydrofuran,flow microreactor,10.1002/chem.201000876,2010.0,tR1,31.6,,-60,,tert-butyl p-bromobenzoate,s-BuLi,tert-butyl 4-(lithio)benzoate (aryllithium),ROH (alcohol quench),quench_probe,tert-butyl 4-(lithio)benzoate (aryllithium intermediate),0.10,0.42,1.1,,CC(C)(C)OC(=O)c1ccc(Br)cc1,CCC([Li])C,CC(C)(C)OC(=O)c1ccc([Li])cc1,CO,CC(C)(C)OC(=O)c1ccc([Li])cc1
Nagaki et al. 2010 - A flow microreactor system enables organolithium reactions without protecting alkoxycarbonyl groups,54,halogen-metal exchange,tetrahydrofuran,flow microreactor,10.1002/chem.201000876,2010.0,tR1,0.0316,,-78,,tert-butyl p-bromobenzoate,s-BuLi,tert-butyl 4-(lithio)benzoate (aryllithium),ROH (alcohol quench),quench_probe,tert-butyl 4-(lithio)benzoate (aryllithium intermediate),0.10,0.42,1.1,,CC(C)(C)OC(=O)c1ccc(Br)cc1,CCC([Li])C,CC(C)(C)OC(=O)c1ccc([Li])cc1,CO,CC(C)(C)OC(=O)c1ccc([Li])cc1
Nagaki et al. 2010 - A flow microreactor system enables organolithium reactions without protecting alkoxycarbonyl groups,45,halogen-metal exchange,tetrahydrofuran,flow microreactor,10.1002/chem.201000876,2010.0,tR1,0.1,,-78,,tert-butyl p-bromobenzoate,s-BuLi,tert-butyl 4-(lithio)benzoate (aryllithium),ROH (alcohol quench),quench_probe,tert-butyl 4-(lithio)benzoate (aryllithium intermediate),0.10,0.42,1.1,,CC(C)(C)OC(=O)c1ccc(Br)cc1,CCC([Li])C,CC(C)(C)OC(=O)c1ccc([Li])cc1,CO,CC(C)(C)OC(=O)c1ccc([Li])cc1
Nagaki et al. 2010 - A flow microreactor system enables organolithium reactions without protecting alkoxycarbonyl groups,37,halogen-metal exchange,tetrahydrofuran,flow microreactor,10.1002/chem.201000876,2010.0,tR1,0.316,,-78,,tert-butyl p-bromobenzoate,s-BuLi,tert-butyl 4-(lithio)benzoate (aryllithium),ROH (alcohol quench),quench_probe,tert-butyl 4-(lithio)benzoate (aryllithium intermediate),0.10,0.42,1.1,,CC(C)(C)OC(=O)c1ccc(Br)cc1,CCC([Li])C,CC(C)(C)OC(=O)c1ccc([Li])cc1,CO,CC(C)(C)OC(=O)c1ccc([Li])cc1
Nagaki et al. 2010 - A flow microreactor system enables organolithium reactions without protecting alkoxycarbonyl groups,40,halogen-metal exchange,tetrahydrofuran,flow microreactor,10.1002/chem.201000876,2010.0,tR1,1.0,,-78,,tert-butyl p-bromobenzoate,s-BuLi,tert-butyl 4-(lithio)benzoate (aryllithium),ROH (alcohol quench),quench_probe,tert-butyl 4-(lithio)benzoate (aryllithium intermediate),0.10,0.42,1.1,,CC(C)(C)OC(=O)c1ccc(Br)cc1,CCC([Li])C,CC(C)(C)OC(=O)c1ccc([Li])cc1,CO,CC(C)(C)OC(=O)c1ccc([Li])cc1
Nagaki et al. 2010 - A flow microreactor system enables organolithium reactions without protecting alkoxycarbonyl groups,43,halogen-metal exchange,tetrahydrofuran,flow microreactor,10.1002/chem.201000876,2010.0,tR1,3.16,,-78,,tert-butyl p-bromobenzoate,s-BuLi,tert-butyl 4-(lithio)benzoate (aryllithium),ROH (alcohol quench),quench_probe,tert-butyl 4-(lithio)benzoate (aryllithium intermediate),0.10,0.42,1.1,,CC(C)(C)OC(=O)c1ccc(Br)cc1,CCC([Li])C,CC(C)(C)OC(=O)c1ccc([Li])cc1,CO,CC(C)(C)OC(=O)c1ccc([Li])cc1
Nagaki et al. 2010 - A flow microreactor system enables organolithium reactions without protecting alkoxycarbonyl groups,27,halogen-metal exchange,tetrahydrofuran,flow microreactor,10.1002/chem.201000876,2010.0,tR1,31.6,,-78,,tert-butyl p-bromobenzoate,s-BuLi,tert-butyl 4-(lithio)benzoate (aryllithium),ROH (alcohol quench),quench_probe,tert-butyl 4-(lithio)benzoate (aryllithium intermediate),0.10,0.42,1.1,,CC(C)(C)OC(=O)c1ccc(Br)cc1,CCC([Li])C,CC(C)(C)OC(=O)c1ccc([Li])cc1,CO,CC(C)(C)OC(=O)c1ccc([Li])cc1
Nagaki et al. 2010 - A flow microreactor system enables organolithium reactions without protecting alkoxycarbonyl groups,81,halogen-metal exchange,tetrahydrofuran,flow microreactor,10.1002/chem.201000876,2010.0,tR1,0.0316,,0,,tert-butyl p-bromobenzoate,s-BuLi,tert-butyl 4-(lithio)benzoate (aryllithium),ROH (alcohol quench),quench_probe,tert-butyl 4-(lithio)benzoate (aryllithium intermediate),0.10,0.42,1.1,,CC(C)(C)OC(=O)c1ccc(Br)cc1,CCC([Li])C,CC(C)(C)OC(=O)c1ccc([Li])cc1,CO,CC(C)(C)OC(=O)c1ccc([Li])cc1
Nagaki et al. 2010 - A flow microreactor system enables organolithium reactions without protecting alkoxycarbonyl groups,70,halogen-metal exchange,tetrahydrofuran,flow microreactor,10.1002/chem.201000876,2010.0,tR1,0.1,,0,,tert-butyl p-bromobenzoate,s-BuLi,tert-butyl 4-(lithio)benzoate (aryllithium),ROH (alcohol quench),quench_probe,tert-butyl 4-(lithio)benzoate (aryllithium intermediate),0.10,0.42,1.1,,CC(C)(C)OC(=O)c1ccc(Br)cc1,CCC([Li])C,CC(C)(C)OC(=O)c1ccc([Li])cc1,CO,CC(C)(C)OC(=O)c1ccc([Li])cc1
Nagaki et al. 2010 - A flow microreactor system enables organolithium reactions without protecting alkoxycarbonyl groups,44,halogen-metal exchange,tetrahydrofuran,flow microreactor,10.1002/chem.201000876,2010.0,tR1,0.316,,0,,tert-butyl p-bromobenzoate,s-BuLi,tert-butyl 4-(lithio)benzoate (aryllithium),ROH (alcohol quench),quench_probe,tert-butyl 4-(lithio)benzoate (aryllithium intermediate),0.10,0.42,1.1,,CC(C)(C)OC(=O)c1ccc(Br)cc1,CCC([Li])C,CC(C)(C)OC(=O)c1ccc([Li])cc1,CO,CC(C)(C)OC(=O)c1ccc([Li])cc1
Nagaki et al. 2010 - A flow microreactor system enables organolithium reactions without protecting alkoxycarbonyl groups,32,halogen-metal exchange,tetrahydrofuran,flow microreactor,10.1002/chem.201000876,2010.0,tR1,1.0,,0,,tert-butyl p-bromobenzoate,s-BuLi,tert-butyl 4-(lithio)benzoate (aryllithium),ROH (alcohol quench),quench_probe,tert-butyl 4-(lithio)benzoate (aryllithium intermediate),0.10,0.42,1.1,,CC(C)(C)OC(=O)c1ccc(Br)cc1,CCC([Li])C,CC(C)(C)OC(=O)c1ccc([Li])cc1,CO,CC(C)(C)OC(=O)c1ccc([Li])cc1
Nagaki et al. 2010 - A flow microreactor system enables organolithium reactions without protecting alkoxycarbonyl groups,20,halogen-metal exchange,tetrahydrofuran,flow microreactor,10.1002/chem.201000876,2010.0,tR1,3.16,,0,,tert-butyl p-bromobenzoate,s-BuLi,tert-butyl 4-(lithio)benzoate (aryllithium),ROH (alcohol quench),quench_probe,tert-butyl 4-(lithio)benzoate (aryllithium intermediate),0.10,0.42,1.1,,CC(C)(C)OC(=O)c1ccc(Br)cc1,CCC([Li])C,CC(C)(C)OC(=O)c1ccc([Li])cc1,CO,CC(C)(C)OC(=O)c1ccc([Li])cc1
Nagaki et al. 2010 - A flow microreactor system enables organolithium reactions without protecting alkoxycarbonyl groups,10,halogen-metal exchange,tetrahydrofuran,flow microreactor,10.1002/chem.201000876,2010.0,tR1,31.6,,0,,tert-butyl p-bromobenzoate,s-BuLi,tert-butyl 4-(lithio)benzoate (aryllithium),ROH (alcohol quench),quench_probe,tert-butyl 4-(lithio)benzoate (aryllithium intermediate),0.10,0.42,1.1,,CC(C)(C)OC(=O)c1ccc(Br)cc1,CCC([Li])C,CC(C)(C)OC(=O)c1ccc([Li])cc1,CO,CC(C)(C)OC(=O)c1ccc([Li])cc1
Nagaki et al. 2010 - A flow microreactor system enables organolithium reactions without protecting alkoxycarbonyl groups,87,halogen-metal exchange,tetrahydrofuran,flow microreactor,10.1002/chem.201000876,2010.0,tR1,0.0316,,-30,,tert-butyl p-bromobenzoate,s-BuLi,tert-butyl 4-(lithio)benzoate (aryllithium),ROH (alcohol quench),quench_probe,tert-butyl 4-(lithio)benzoate (aryllithium intermediate),0.10,0.42,1.1,,CC(C)(C)OC(=O)c1ccc(Br)cc1,CCC([Li])C,CC(C)(C)OC(=O)c1ccc([Li])cc1,CO,CC(C)(C)OC(=O)c1ccc([Li])cc1
Nagaki et al. 2010 - A flow microreactor system enables organolithium reactions without protecting alkoxycarbonyl groups,87,halogen-metal exchange,tetrahydrofuran,flow microreactor,10.1002/chem.201000876,2010.0,tR1,0.1,,-30,,tert-butyl p-bromobenzoate,s-BuLi,tert-butyl 4-(lithio)benzoate (aryllithium),ROH (alcohol quench),quench_probe,tert-butyl 4-(lithio)benzoate (aryllithium intermediate),0.10,0.42,1.1,,CC(C)(C)OC(=O)c1ccc(Br)cc1,CCC([Li])C,CC(C)(C)OC(=O)c1ccc([Li])cc1,CO,CC(C)(C)OC(=O)c1ccc([Li])cc1
Nagaki et al. 2010 - A flow microreactor system enables organolithium reactions without protecting alkoxycarbonyl groups,80,halogen-metal exchange,tetrahydrofuran,flow microreactor,10.1002/chem.201000876,2010.0,tR1,0.316,,-30,,tert-butyl p-bromobenzoate,s-BuLi,tert-butyl 4-(lithio)benzoate (aryllithium),ROH (alcohol quench),quench_probe,tert-butyl 4-(lithio)benzoate (aryllithium intermediate),0.10,0.42,1.1,,CC(C)(C)OC(=O)c1ccc(Br)cc1,CCC([Li])C,CC(C)(C)OC(=O)c1ccc([Li])cc1,CO,CC(C)(C)OC(=O)c1ccc([Li])cc1
Nagaki et al. 2010 - A flow microreactor system enables organolithium reactions without protecting alkoxycarbonyl groups,79,halogen-metal exchange,tetrahydrofuran,flow microreactor,10.1002/chem.201000876,2010.0,tR1,1.0,,-30,,tert-butyl p-bromobenzoate,s-BuLi,tert-butyl 4-(lithio)benzoate (aryllithium),ROH (alcohol quench),quench_probe,tert-butyl 4-(lithio)benzoate (aryllithium intermediate),0.10,0.42,1.1,,CC(C)(C)OC(=O)c1ccc(Br)cc1,CCC([Li])C,CC(C)(C)OC(=O)c1ccc([Li])cc1,CO,CC(C)(C)OC(=O)c1ccc([Li])cc1
Nagaki et al. 2010 - A flow microreactor system enables organolithium reactions without protecting alkoxycarbonyl groups,71,halogen-metal exchange,tetrahydrofuran,flow microreactor,10.1002/chem.201000876,2010.0,tR1,3.16,,-30,,tert-butyl p-bromobenzoate,s-BuLi,tert-butyl 4-(lithio)benzoate (aryllithium),ROH (alcohol quench),quench_probe,tert-butyl 4-(lithio)benzoate (aryllithium intermediate),0.10,0.42,1.1,,CC(C)(C)OC(=O)c1ccc(Br)cc1,CCC([Li])C,CC(C)(C)OC(=O)c1ccc([Li])cc1,CO,CC(C)(C)OC(=O)c1ccc([Li])cc1
Nagaki et al. 2010 - A flow microreactor system enables organolithium reactions without protecting alkoxycarbonyl groups,18,halogen-metal exchange,tetrahydrofuran,flow microreactor,10.1002/chem.201000876,2010.0,tR1,31.6,,-30,,tert-butyl p-bromobenzoate,s-BuLi,tert-butyl 4-(lithio)benzoate (aryllithium),ROH (alcohol quench),quench_probe,tert-butyl 4-(lithio)benzoate (aryllithium intermediate),0.10,0.42,1.1,,CC(C)(C)OC(=O)c1ccc(Br)cc1,CCC([Li])C,CC(C)(C)OC(=O)c1ccc([Li])cc1,CO,CC(C)(C)OC(=O)c1ccc([Li])cc1
Nagaki et al. 2010 - A flow microreactor system enables organolithium reactions without protecting alkoxycarbonyl groups,64,halogen-metal exchange,tetrahydrofuran,flow microreactor,10.1002/chem.201000876,2010.0,tR1,0.0316,,-50,,tert-butyl p-bromobenzoate,s-BuLi,tert-butyl 4-(lithio)benzoate (aryllithium),ROH (alcohol quench),quench_probe,tert-butyl 4-(lithio)benzoate (aryllithium intermediate),0.10,0.42,1.1,,CC(C)(C)OC(=O)c1ccc(Br)cc1,CCC([Li])C,CC(C)(C)OC(=O)c1ccc([Li])cc1,CO,CC(C)(C)OC(=O)c1ccc([Li])cc1
Nagaki et al. 2010 - A flow microreactor system enables organolithium reactions without protecting alkoxycarbonyl groups,81,halogen-metal exchange,tetrahydrofuran,flow microreactor,10.1002/chem.201000876,2010.0,tR1,0.1,,-50,,tert-butyl p-bromobenzoate,s-BuLi,tert-butyl 4-(lithio)benzoate (aryllithium),ROH (alcohol quench),quench_probe,tert-butyl 4-(lithio)benzoate (aryllithium intermediate),0.10,0.42,1.1,,CC(C)(C)OC(=O)c1ccc(Br)cc1,CCC([Li])C,CC(C)(C)OC(=O)c1ccc([Li])cc1,CO,CC(C)(C)OC(=O)c1ccc([Li])cc1
Nagaki et al. 2010 - A flow microreactor system enables organolithium reactions without protecting alkoxycarbonyl groups,86,halogen-metal exchange,tetrahydrofuran,flow microreactor,10.1002/chem.201000876,2010.0,tR1,0.316,,-50,,tert-butyl p-bromobenzoate,s-BuLi,tert-butyl 4-(lithio)benzoate (aryllithium),ROH (alcohol quench),quench_probe,tert-butyl 4-(lithio)benzoate (aryllithium intermediate),0.10,0.42,1.1,,CC(C)(C)OC(=O)c1ccc(Br)cc1,CCC([Li])C,CC(C)(C)OC(=O)c1ccc([Li])cc1,CO,CC(C)(C)OC(=O)c1ccc([Li])cc1
Nagaki et al. 2010 - A flow microreactor system enables organolithium reactions without protecting alkoxycarbonyl groups,87,halogen-metal exchange,tetrahydrofuran,flow microreactor,10.1002/chem.201000876,2010.0,tR1,1.0,,-50,,tert-butyl p-bromobenzoate,s-BuLi,tert-butyl 4-(lithio)benzoate (aryllithium),ROH (alcohol quench),quench_probe,tert-butyl 4-(lithio)benzoate (aryllithium intermediate),0.10,0.42,1.1,,CC(C)(C)OC(=O)c1ccc(Br)cc1,CCC([Li])C,CC(C)(C)OC(=O)c1ccc([Li])cc1,CO,CC(C)(C)OC(=O)c1ccc([Li])cc1
Nagaki et al. 2010 - A flow microreactor system enables organolithium reactions without protecting alkoxycarbonyl groups,83,halogen-metal exchange,tetrahydrofuran,flow microreactor,10.1002/chem.201000876,2010.0,tR1,3.16,,-50,,tert-butyl p-bromobenzoate,s-BuLi,tert-butyl 4-(lithio)benzoate (aryllithium),ROH (alcohol quench),quench_probe,tert-butyl 4-(lithio)benzoate (aryllithium intermediate),0.10,0.42,1.1,,CC(C)(C)OC(=O)c1ccc(Br)cc1,CCC([Li])C,CC(C)(C)OC(=O)c1ccc([Li])cc1,CO,CC(C)(C)OC(=O)c1ccc([Li])cc1
Nagaki et al. 2010 - A flow microreactor system enables organolithium reactions without protecting alkoxycarbonyl groups,68,halogen-metal exchange,tetrahydrofuran,flow microreactor,10.1002/chem.201000876,2010.0,tR1,31.6,,-50,,tert-butyl p-bromobenzoate,s-BuLi,tert-butyl 4-(lithio)benzoate (aryllithium),ROH (alcohol quench),quench_probe,tert-butyl 4-(lithio)benzoate (aryllithium intermediate),0.10,0.42,1.1,,CC(C)(C)OC(=O)c1ccc(Br)cc1,CCC([Li])C,CC(C)(C)OC(=O)c1ccc([Li])cc1,CO,CC(C)(C)OC(=O)c1ccc([Li])cc1
Nagaki et al. 2010 - A flow microreactor system enables organolithium reactions without protecting alkoxycarbonyl groups,57,halogen-metal exchange,tetrahydrofuran,flow microreactor,10.1002/chem.201000876,2010.0,tR1,0.0316,,-60,,tert-butyl p-bromobenzoate,s-BuLi,tert-butyl 4-(lithio)benzoate (aryllithium),ROH (alcohol quench),quench_probe,tert-butyl 4-(lithio)benzoate (aryllithium intermediate),0.10,0.42,1.1,,CC(C)(C)OC(=O)c1ccc(Br)cc1,CCC([Li])C,CC(C)(C)OC(=O)c1ccc([Li])cc1,CO,CC(C)(C)OC(=O)c1ccc([Li])cc1
Nagaki et al. 2010 - A flow microreactor system enables organolithium reactions without protecting alkoxycarbonyl groups,75,halogen-metal exchange,tetrahydrofuran,flow microreactor,10.1002/chem.201000876,2010.0,tR1,0.1,,-60,,tert-butyl p-bromobenzoate,s-BuLi,tert-butyl 4-(lithio)benzoate (aryllithium),ROH (alcohol quench),quench_probe,tert-butyl 4-(lithio)benzoate (aryllithium intermediate),0.10,0.42,1.1,,CC(C)(C)OC(=O)c1ccc(Br)cc1,CCC([Li])C,CC(C)(C)OC(=O)c1ccc([Li])cc1,CO,CC(C)(C)OC(=O)c1ccc([Li])cc1
Nagaki et al. 2010 - A flow microreactor system enables organolithium reactions without protecting alkoxycarbonyl groups,79,halogen-metal exchange,tetrahydrofuran,flow microreactor,10.1002/chem.201000876,2010.0,tR1,0.316,,-60,,tert-butyl p-bromobenzoate,s-BuLi,tert-butyl 4-(lithio)benzoate (aryllithium),ROH (alcohol quench),quench_probe,tert-butyl 4-(lithio)benzoate (aryllithium intermediate),0.10,0.42,1.1,,CC(C)(C)OC(=O)c1ccc(Br)cc1,CCC([Li])C,CC(C)(C)OC(=O)c1ccc([Li])cc1,CO,CC(C)(C)OC(=O)c1ccc([Li])cc1
Nagaki et al. 2010 - A flow microreactor system enables organolithium reactions without protecting alkoxycarbonyl groups,91,halogen-metal exchange,tetrahydrofuran,flow microreactor,10.1002/chem.201000876,2010.0,tR1,1.0,,-60,,tert-butyl p-bromobenzoate,s-BuLi,tert-butyl 4-(lithio)benzoate (aryllithium),ROH (alcohol quench),quench_probe,tert-butyl 4-(lithio)benzoate (aryllithium intermediate),0.10,0.42,1.1,,CC(C)(C)OC(=O)c1ccc(Br)cc1,CCC([Li])C,CC(C)(C)OC(=O)c1ccc([Li])cc1,CO,CC(C)(C)OC(=O)c1ccc([Li])cc1
Nagaki et al. 2010 - A flow microreactor system enables organolithium reactions without protecting alkoxycarbonyl groups,85,halogen-metal exchange,tetrahydrofuran,flow microreactor,10.1002/chem.201000876,2010.0,tR1,3.16,,-60,,tert-butyl p-bromobenzoate,s-BuLi,tert-butyl 4-(lithio)benzoate (aryllithium),ROH (alcohol quench),quench_probe,tert-butyl 4-(lithio)benzoate (aryllithium intermediate),0.10,0.42,1.1,,CC(C)(C)OC(=O)c1ccc(Br)cc1,CCC([Li])C,CC(C)(C)OC(=O)c1ccc([Li])cc1,CO,CC(C)(C)OC(=O)c1ccc([Li])cc1
Nagaki et al. 2010 - A flow microreactor system enables organolithium reactions without protecting alkoxycarbonyl groups,72,halogen-metal exchange,tetrahydrofuran,flow microreactor,10.1002/chem.201000876,2010.0,tR1,31.6,,-60,,tert-butyl p-bromobenzoate,s-BuLi,tert-butyl 4-(lithio)benzoate (aryllithium),ROH (alcohol quench),quench_probe,tert-butyl 4-(lithio)benzoate (aryllithium intermediate),0.10,0.42,1.1,,CC(C)(C)OC(=O)c1ccc(Br)cc1,CCC([Li])C,CC(C)(C)OC(=O)c1ccc([Li])cc1,CO,CC(C)(C)OC(=O)c1ccc([Li])cc1
Nagaki et al. 2010 - A flow microreactor system enables organolithium reactions without protecting alkoxycarbonyl groups,49,halogen-metal exchange,tetrahydrofuran,flow microreactor,10.1002/chem.201000876,2010.0,tR1,0.0316,,-78,,tert-butyl p-bromobenzoate,s-BuLi,tert-butyl 4-(lithio)benzoate (aryllithium),ROH (alcohol quench),quench_probe,tert-butyl 4-(lithio)benzoate (aryllithium intermediate),0.10,0.42,1.1,,CC(C)(C)OC(=O)c1ccc(Br)cc1,CCC([Li])C,CC(C)(C)OC(=O)c1ccc([Li])cc1,CO,CC(C)(C)OC(=O)c1ccc([Li])cc1
Nagaki et al. 2010 - A flow microreactor system enables organolithium reactions without protecting alkoxycarbonyl groups,41,halogen-metal exchange,tetrahydrofuran,flow microreactor,10.1002/chem.201000876,2010.0,tR1,0.1,,-78,,tert-butyl p-bromobenzoate,s-BuLi,tert-butyl 4-(lithio)benzoate (aryllithium),ROH (alcohol quench),quench_probe,tert-butyl 4-(lithio)benzoate (aryllithium intermediate),0.10,0.42,1.1,,CC(C)(C)OC(=O)c1ccc(Br)cc1,CCC([Li])C,CC(C)(C)OC(=O)c1ccc([Li])cc1,CO,CC(C)(C)OC(=O)c1ccc([Li])cc1
Nagaki et al. 2010 - A flow microreactor system enables organolithium reactions without protecting alkoxycarbonyl groups,48,halogen-metal exchange,tetrahydrofuran,flow microreactor,10.1002/chem.201000876,2010.0,tR1,0.316,,-78,,tert-butyl p-bromobenzoate,s-BuLi,tert-butyl 4-(lithio)benzoate (aryllithium),ROH (alcohol quench),quench_probe,tert-butyl 4-(lithio)benzoate (aryllithium intermediate),0.10,0.42,1.1,,CC(C)(C)OC(=O)c1ccc(Br)cc1,CCC([Li])C,CC(C)(C)OC(=O)c1ccc([Li])cc1,CO,CC(C)(C)OC(=O)c1ccc([Li])cc1
Nagaki et al. 2010 - A flow microreactor system enables organolithium reactions without protecting alkoxycarbonyl groups,62,halogen-metal exchange,tetrahydrofuran,flow microreactor,10.1002/chem.201000876,2010.0,tR1,1.0,,-78,,tert-butyl p-bromobenzoate,s-BuLi,tert-butyl 4-(lithio)benzoate (aryllithium),ROH (alcohol quench),quench_probe,tert-butyl 4-(lithio)benzoate (aryllithium intermediate),0.10,0.42,1.1,,CC(C)(C)OC(=O)c1ccc(Br)cc1,CCC([Li])C,CC(C)(C)OC(=O)c1ccc([Li])cc1,CO,CC(C)(C)OC(=O)c1ccc([Li])cc1
Nagaki et al. 2010 - A flow microreactor system enables organolithium reactions without protecting alkoxycarbonyl groups,65,halogen-metal exchange,tetrahydrofuran,flow microreactor,10.1002/chem.201000876,2010.0,tR1,3.16,,-78,,tert-butyl p-bromobenzoate,s-BuLi,tert-butyl 4-(lithio)benzoate (aryllithium),ROH (alcohol quench),quench_probe,tert-butyl 4-(lithio)benzoate (aryllithium intermediate),0.10,0.42,1.1,,CC(C)(C)OC(=O)c1ccc(Br)cc1,CCC([Li])C,CC(C)(C)OC(=O)c1ccc([Li])cc1,CO,CC(C)(C)OC(=O)c1ccc([Li])cc1
Nagaki et al. 2010 - A flow microreactor system enables organolithium reactions without protecting alkoxycarbonyl groups,78,halogen-metal exchange,tetrahydrofuran,flow microreactor,10.1002/chem.201000876,2010.0,tR1,31.6,,-78,,tert-butyl p-bromobenzoate,s-BuLi,tert-butyl 4-(lithio)benzoate (aryllithium),ROH (alcohol quench),quench_probe,tert-butyl 4-(lithio)benzoate (aryllithium intermediate),0.10,0.42,1.1,,CC(C)(C)OC(=O)c1ccc(Br)cc1,CCC([Li])C,CC(C)(C)OC(=O)c1ccc([Li])cc1,CO,CC(C)(C)OC(=O)c1ccc([Li])cc1
Nagaki et al. 2010 - A flow microreactor system enables organolithium reactions without protecting alkoxycarbonyl groups,65,halogen-metal exchange,tetrahydrofuran,flow microreactor,10.1002/chem.201000876,2010.0,tR1,0.0316,,0,,tert-butyl p-bromobenzoate,s-BuLi,tert-butyl 4-(lithio)benzoate (aryllithium),ROH (alcohol quench),quench_probe,tert-butyl 4-(lithio)benzoate (aryllithium intermediate),0.10,0.42,1.1,,CC(C)(C)OC(=O)c1ccc(Br)cc1,CCC([Li])C,CC(C)(C)OC(=O)c1ccc([Li])cc1,CO,CC(C)(C)OC(=O)c1ccc([Li])cc1
Nagaki et al. 2010 - A flow microreactor system enables organolithium reactions without protecting alkoxycarbonyl groups,37,halogen-metal exchange,tetrahydrofuran,flow microreactor,10.1002/chem.201000876,2010.0,tR1,0.1,,0,,tert-butyl p-bromobenzoate,s-BuLi,tert-butyl 4-(lithio)benzoate (aryllithium),ROH (alcohol quench),quench_probe,tert-butyl 4-(lithio)benzoate (aryllithium intermediate),0.10,0.42,1.1,,CC(C)(C)OC(=O)c1ccc(Br)cc1,CCC([Li])C,CC(C)(C)OC(=O)c1ccc([Li])cc1,CO,CC(C)(C)OC(=O)c1ccc([Li])cc1
Nagaki et al. 2010 - A flow microreactor system enables organolithium reactions without protecting alkoxycarbonyl groups,15,halogen-metal exchange,tetrahydrofuran,flow microreactor,10.1002/chem.201000876,2010.0,tR1,0.316,,0,,tert-butyl p-bromobenzoate,s-BuLi,tert-butyl 4-(lithio)benzoate (aryllithium),ROH (alcohol quench),quench_probe,tert-butyl 4-(lithio)benzoate (aryllithium intermediate),0.10,0.42,1.1,,CC(C)(C)OC(=O)c1ccc(Br)cc1,CCC([Li])C,CC(C)(C)OC(=O)c1ccc([Li])cc1,CO,CC(C)(C)OC(=O)c1ccc([Li])cc1
Nagaki et al. 2010 - A flow microreactor system enables organolithium reactions without protecting alkoxycarbonyl groups,9,halogen-metal exchange,tetrahydrofuran,flow microreactor,10.1002/chem.201000876,2010.0,tR1,1.0,,0,,tert-butyl p-bromobenzoate,s-BuLi,tert-butyl 4-(lithio)benzoate (aryllithium),ROH (alcohol quench),quench_probe,tert-butyl 4-(lithio)benzoate (aryllithium intermediate),0.10,0.42,1.1,,CC(C)(C)OC(=O)c1ccc(Br)cc1,CCC([Li])C,CC(C)(C)OC(=O)c1ccc([Li])cc1,CO,CC(C)(C)OC(=O)c1ccc([Li])cc1
Nagaki et al. 2010 - A flow microreactor system enables organolithium reactions without protecting alkoxycarbonyl groups,4,halogen-metal exchange,tetrahydrofuran,flow microreactor,10.1002/chem.201000876,2010.0,tR1,3.16,,0,,tert-butyl p-bromobenzoate,s-BuLi,tert-butyl 4-(lithio)benzoate (aryllithium),ROH (alcohol quench),quench_probe,tert-butyl 4-(lithio)benzoate (aryllithium intermediate),0.10,0.42,1.1,,CC(C)(C)OC(=O)c1ccc(Br)cc1,CCC([Li])C,CC(C)(C)OC(=O)c1ccc([Li])cc1,CO,CC(C)(C)OC(=O)c1ccc([Li])cc1
Nagaki et al. 2010 - A flow microreactor system enables organolithium reactions without protecting alkoxycarbonyl groups,0,halogen-metal exchange,tetrahydrofuran,flow microreactor,10.1002/chem.201000876,2010.0,tR1,31.6,,0,,tert-butyl p-bromobenzoate,s-BuLi,tert-butyl 4-(lithio)benzoate (aryllithium),ROH (alcohol quench),quench_probe,tert-butyl 4-(lithio)benzoate (aryllithium intermediate),0.10,0.42,1.1,,CC(C)(C)OC(=O)c1ccc(Br)cc1,CCC([Li])C,CC(C)(C)OC(=O)c1ccc([Li])cc1,CO,CC(C)(C)OC(=O)c1ccc([Li])cc1
Nagaki et al. 2010 - A flow microreactor system enables organolithium reactions without protecting alkoxycarbonyl groups,84,halogen-metal exchange,tetrahydrofuran,flow microreactor,10.1002/chem.201000876,2010.0,tR1,0.0316,,-30,,tert-butyl p-bromobenzoate,s-BuLi,tert-butyl 4-(lithio)benzoate (aryllithium),ROH (alcohol quench),quench_probe,tert-butyl 4-(lithio)benzoate (aryllithium intermediate),0.10,0.42,1.1,,CC(C)(C)OC(=O)c1ccc(Br)cc1,CCC([Li])C,CC(C)(C)OC(=O)c1ccc([Li])cc1,CO,CC(C)(C)OC(=O)c1ccc([Li])cc1
Nagaki et al. 2010 - A flow microreactor system enables organolithium reactions without protecting alkoxycarbonyl groups,63,halogen-metal exchange,tetrahydrofuran,flow microreactor,10.1002/chem.201000876,2010.0,tR1,0.1,,-30,,tert-butyl p-bromobenzoate,s-BuLi,tert-butyl 4-(lithio)benzoate (aryllithium),ROH (alcohol quench),quench_probe,tert-butyl 4-(lithio)benzoate (aryllithium intermediate),0.10,0.42,1.1,,CC(C)(C)OC(=O)c1ccc(Br)cc1,CCC([Li])C,CC(C)(C)OC(=O)c1ccc([Li])cc1,CO,CC(C)(C)OC(=O)c1ccc([Li])cc1
Nagaki et al. 2010 - A flow microreactor system enables organolithium reactions without protecting alkoxycarbonyl groups,58,halogen-metal exchange,tetrahydrofuran,flow microreactor,10.1002/chem.201000876,2010.0,tR1,0.316,,-30,,tert-butyl p-bromobenzoate,s-BuLi,tert-butyl 4-(lithio)benzoate (aryllithium),ROH (alcohol quench),quench_probe,tert-butyl 4-(lithio)benzoate (aryllithium intermediate),0.10,0.42,1.1,,CC(C)(C)OC(=O)c1ccc(Br)cc1,CCC([Li])C,CC(C)(C)OC(=O)c1ccc([Li])cc1,CO,CC(C)(C)OC(=O)c1ccc([Li])cc1
Nagaki et al. 2010 - A flow microreactor system enables organolithium reactions without protecting alkoxycarbonyl groups,48,halogen-metal exchange,tetrahydrofuran,flow microreactor,10.1002/chem.201000876,2010.0,tR1,1.0,,-30,,tert-butyl p-bromobenzoate,s-BuLi,tert-butyl 4-(lithio)benzoate (aryllithium),ROH (alcohol quench),quench_probe,tert-butyl 4-(lithio)benzoate (aryllithium intermediate),0.10,0.42,1.1,,CC(C)(C)OC(=O)c1ccc(Br)cc1,CCC([Li])C,CC(C)(C)OC(=O)c1ccc([Li])cc1,CO,CC(C)(C)OC(=O)c1ccc([Li])cc1
Nagaki et al. 2010 - A flow microreactor system enables organolithium reactions without protecting alkoxycarbonyl groups,38,halogen-metal exchange,tetrahydrofuran,flow microreactor,10.1002/chem.201000876,2010.0,tR1,3.16,,-30,,tert-butyl p-bromobenzoate,s-BuLi,tert-butyl 4-(lithio)benzoate (aryllithium),ROH (alcohol quench),quench_probe,tert-butyl 4-(lithio)benzoate (aryllithium intermediate),0.10,0.42,1.1,,CC(C)(C)OC(=O)c1ccc(Br)cc1,CCC([Li])C,CC(C)(C)OC(=O)c1ccc([Li])cc1,CO,CC(C)(C)OC(=O)c1ccc([Li])cc1
Nagaki et al. 2010 - A flow microreactor system enables organolithium reactions without protecting alkoxycarbonyl groups,10,halogen-metal exchange,tetrahydrofuran,flow microreactor,10.1002/chem.201000876,2010.0,tR1,31.6,,-30,,tert-butyl p-bromobenzoate,s-BuLi,tert-butyl 4-(lithio)benzoate (aryllithium),ROH (alcohol quench),quench_probe,tert-butyl 4-(lithio)benzoate (aryllithium intermediate),0.10,0.42,1.1,,CC(C)(C)OC(=O)c1ccc(Br)cc1,CCC([Li])C,CC(C)(C)OC(=O)c1ccc([Li])cc1,CO,CC(C)(C)OC(=O)c1ccc([Li])cc1
Nagaki et al. 2010 - A flow microreactor system enables organolithium reactions without protecting alkoxycarbonyl groups,64,halogen-metal exchange,tetrahydrofuran,flow microreactor,10.1002/chem.201000876,2010.0,tR1,0.0316,,-50,,tert-butyl p-bromobenzoate,s-BuLi,tert-butyl 4-(lithio)benzoate (aryllithium),ROH (alcohol quench),quench_probe,tert-butyl 4-(lithio)benzoate (aryllithium intermediate),0.10,0.42,1.1,,CC(C)(C)OC(=O)c1ccc(Br)cc1,CCC([Li])C,CC(C)(C)OC(=O)c1ccc([Li])cc1,CO,CC(C)(C)OC(=O)c1ccc([Li])cc1
Nagaki et al. 2010 - A flow microreactor system enables organolithium reactions without protecting alkoxycarbonyl groups,90,halogen-metal exchange,tetrahydrofuran,flow microreactor,10.1002/chem.201000876,2010.0,tR1,0.1,,-50,,tert-butyl p-bromobenzoate,s-BuLi,tert-butyl 4-(lithio)benzoate (aryllithium),ROH (alcohol quench),quench_probe,tert-butyl 4-(lithio)benzoate (aryllithium intermediate),0.10,0.42,1.1,,CC(C)(C)OC(=O)c1ccc(Br)cc1,CCC([Li])C,CC(C)(C)OC(=O)c1ccc([Li])cc1,CO,CC(C)(C)OC(=O)c1ccc([Li])cc1
Nagaki et al. 2010 - A flow microreactor system enables organolithium reactions without protecting alkoxycarbonyl groups,86,halogen-metal exchange,tetrahydrofuran,flow microreactor,10.1002/chem.201000876,2010.0,tR1,0.316,,-50,,tert-butyl p-bromobenzoate,s-BuLi,tert-butyl 4-(lithio)benzoate (aryllithium),ROH (alcohol quench),quench_probe,tert-butyl 4-(lithio)benzoate (aryllithium intermediate),0.10,0.42,1.1,,CC(C)(C)OC(=O)c1ccc(Br)cc1,CCC([Li])C,CC(C)(C)OC(=O)c1ccc([Li])cc1,CO,CC(C)(C)OC(=O)c1ccc([Li])cc1
Nagaki et al. 2010 - A flow microreactor system enables organolithium reactions without protecting alkoxycarbonyl groups,80,halogen-metal exchange,tetrahydrofuran,flow microreactor,10.1002/chem.201000876,2010.0,tR1,1.0,,-50,,tert-butyl p-bromobenzoate,s-BuLi,tert-butyl 4-(lithio)benzoate (aryllithium),ROH (alcohol quench),quench_probe,tert-butyl 4-(lithio)benzoate (aryllithium intermediate),0.10,0.42,1.1,,CC(C)(C)OC(=O)c1ccc(Br)cc1,CCC([Li])C,CC(C)(C)OC(=O)c1ccc([Li])cc1,CO,CC(C)(C)OC(=O)c1ccc([Li])cc1
Nagaki et al. 2010 - A flow microreactor system enables organolithium reactions without protecting alkoxycarbonyl groups,77,halogen-metal exchange,tetrahydrofuran,flow microreactor,10.1002/chem.201000876,2010.0,tR1,3.16,,-50,,tert-butyl p-bromobenzoate,s-BuLi,tert-butyl 4-(lithio)benzoate (aryllithium),ROH (alcohol quench),quench_probe,tert-butyl 4-(lithio)benzoate (aryllithium intermediate),0.10,0.42,1.1,,CC(C)(C)OC(=O)c1ccc(Br)cc1,CCC([Li])C,CC(C)(C)OC(=O)c1ccc([Li])cc1,CO,CC(C)(C)OC(=O)c1ccc([Li])cc1
Nagaki et al. 2010 - A flow microreactor system enables organolithium reactions without protecting alkoxycarbonyl groups,43,halogen-metal exchange,tetrahydrofuran,flow microreactor,10.1002/chem.201000876,2010.0,tR1,31.6,,-50,,tert-butyl p-bromobenzoate,s-BuLi,tert-butyl 4-(lithio)benzoate (aryllithium),ROH (alcohol quench),quench_probe,tert-butyl 4-(lithio)benzoate (aryllithium intermediate),0.10,0.42,1.1,,CC(C)(C)OC(=O)c1ccc(Br)cc1,CCC([Li])C,CC(C)(C)OC(=O)c1ccc([Li])cc1,CO,CC(C)(C)OC(=O)c1ccc([Li])cc1
Nagaki et al. 2010 - A flow microreactor system enables organolithium reactions without protecting alkoxycarbonyl groups,56,halogen-metal exchange,tetrahydrofuran,flow microreactor,10.1002/chem.201000876,2010.0,tR1,0.0316,,-60,,tert-butyl p-bromobenzoate,s-BuLi,tert-butyl 4-(lithio)benzoate (aryllithium),ROH (alcohol quench),quench_probe,tert-butyl 4-(lithio)benzoate (aryllithium intermediate),0.10,0.42,1.1,,CC(C)(C)OC(=O)c1ccc(Br)cc1,CCC([Li])C,CC(C)(C)OC(=O)c1ccc([Li])cc1,CO,CC(C)(C)OC(=O)c1ccc([Li])cc1
Nagaki et al. 2010 - A flow microreactor system enables organolithium reactions without protecting alkoxycarbonyl groups,88,halogen-metal exchange,tetrahydrofuran,flow microreactor,10.1002/chem.201000876,2010.0,tR1,0.1,,-60,,tert-butyl p-bromobenzoate,s-BuLi,tert-butyl 4-(lithio)benzoate (aryllithium),ROH (alcohol quench),quench_probe,tert-butyl 4-(lithio)benzoate (aryllithium intermediate),0.10,0.42,1.1,,CC(C)(C)OC(=O)c1ccc(Br)cc1,CCC([Li])C,CC(C)(C)OC(=O)c1ccc([Li])cc1,CO,CC(C)(C)OC(=O)c1ccc([Li])cc1
Nagaki et al. 2010 - A flow microreactor system enables organolithium reactions without protecting alkoxycarbonyl groups,82,halogen-metal exchange,tetrahydrofuran,flow microreactor,10.1002/chem.201000876,2010.0,tR1,0.316,,-60,,tert-butyl p-bromobenzoate,s-BuLi,tert-butyl 4-(lithio)benzoate (aryllithium),ROH (alcohol quench),quench_probe,tert-butyl 4-(lithio)benzoate (aryllithium intermediate),0.10,0.42,1.1,,CC(C)(C)OC(=O)c1ccc(Br)cc1,CCC([Li])C,CC(C)(C)OC(=O)c1ccc([Li])cc1,CO,CC(C)(C)OC(=O)c1ccc([Li])cc1
Nagaki et al. 2010 - A flow microreactor system enables organolithium reactions without protecting alkoxycarbonyl groups,77,halogen-metal exchange,tetrahydrofuran,flow microreactor,10.1002/chem.201000876,2010.0,tR1,1.0,,-60,,tert-butyl p-bromobenzoate,s-BuLi,tert-butyl 4-(lithio)benzoate (aryllithium),ROH (alcohol quench),quench_probe,tert-butyl 4-(lithio)benzoate (aryllithium intermediate),0.10,0.42,1.1,,CC(C)(C)OC(=O)c1ccc(Br)cc1,CCC([Li])C,CC(C)(C)OC(=O)c1ccc([Li])cc1,CO,CC(C)(C)OC(=O)c1ccc([Li])cc1
Nagaki et al. 2010 - A flow microreactor system enables organolithium reactions without protecting alkoxycarbonyl groups,78,halogen-metal exchange,tetrahydrofuran,flow microreactor,10.1002/chem.201000876,2010.0,tR1,3.16,,-60,,tert-butyl p-bromobenzoate,s-BuLi,tert-butyl 4-(lithio)benzoate (aryllithium),ROH (alcohol quench),quench_probe,tert-butyl 4-(lithio)benzoate (aryllithium intermediate),0.10,0.42,1.1,,CC(C)(C)OC(=O)c1ccc(Br)cc1,CCC([Li])C,CC(C)(C)OC(=O)c1ccc([Li])cc1,CO,CC(C)(C)OC(=O)c1ccc([Li])cc1
Nagaki et al. 2010 - A flow microreactor system enables organolithium reactions without protecting alkoxycarbonyl groups,62,halogen-metal exchange,tetrahydrofuran,flow microreactor,10.1002/chem.201000876,2010.0,tR1,31.6,,-60,,tert-butyl p-bromobenzoate,s-BuLi,tert-butyl 4-(lithio)benzoate (aryllithium),ROH (alcohol quench),quench_probe,tert-butyl 4-(lithio)benzoate (aryllithium intermediate),0.10,0.42,1.1,,CC(C)(C)OC(=O)c1ccc(Br)cc1,CCC([Li])C,CC(C)(C)OC(=O)c1ccc([Li])cc1,CO,CC(C)(C)OC(=O)c1ccc([Li])cc1
Nagaki et al. 2010 - A flow microreactor system enables organolithium reactions without protecting alkoxycarbonyl groups,33,halogen-metal exchange,tetrahydrofuran,flow microreactor,10.1002/chem.201000876,2010.0,tR1,0.0316,,-78,,tert-butyl p-bromobenzoate,s-BuLi,tert-butyl 4-(lithio)benzoate (aryllithium),ROH (alcohol quench),quench_probe,tert-butyl 4-(lithio)benzoate (aryllithium intermediate),0.10,0.42,1.1,,CC(C)(C)OC(=O)c1ccc(Br)cc1,CCC([Li])C,CC(C)(C)OC(=O)c1ccc([Li])cc1,CO,CC(C)(C)OC(=O)c1ccc([Li])cc1
Nagaki et al. 2010 - A flow microreactor system enables organolithium reactions without protecting alkoxycarbonyl groups,43,halogen-metal exchange,tetrahydrofuran,flow microreactor,10.1002/chem.201000876,2010.0,tR1,0.1,,-78,,tert-butyl p-bromobenzoate,s-BuLi,tert-butyl 4-(lithio)benzoate (aryllithium),ROH (alcohol quench),quench_probe,tert-butyl 4-(lithio)benzoate (aryllithium intermediate),0.10,0.42,1.1,,CC(C)(C)OC(=O)c1ccc(Br)cc1,CCC([Li])C,CC(C)(C)OC(=O)c1ccc([Li])cc1,CO,CC(C)(C)OC(=O)c1ccc([Li])cc1
Nagaki et al. 2010 - A flow microreactor system enables organolithium reactions without protecting alkoxycarbonyl groups,52,halogen-metal exchange,tetrahydrofuran,flow microreactor,10.1002/chem.201000876,2010.0,tR1,0.316,,-78,,tert-butyl p-bromobenzoate,s-BuLi,tert-butyl 4-(lithio)benzoate (aryllithium),ROH (alcohol quench),quench_probe,tert-butyl 4-(lithio)benzoate (aryllithium intermediate),0.10,0.42,1.1,,CC(C)(C)OC(=O)c1ccc(Br)cc1,CCC([Li])C,CC(C)(C)OC(=O)c1ccc([Li])cc1,CO,CC(C)(C)OC(=O)c1ccc([Li])cc1
Nagaki et al. 2010 - A flow microreactor system enables organolithium reactions without protecting alkoxycarbonyl groups,56,halogen-metal exchange,tetrahydrofuran,flow microreactor,10.1002/chem.201000876,2010.0,tR1,1.0,,-78,,tert-butyl p-bromobenzoate,s-BuLi,tert-butyl 4-(lithio)benzoate (aryllithium),ROH (alcohol quench),quench_probe,tert-butyl 4-(lithio)benzoate (aryllithium intermediate),0.10,0.42,1.1,,CC(C)(C)OC(=O)c1ccc(Br)cc1,CCC([Li])C,CC(C)(C)OC(=O)c1ccc([Li])cc1,CO,CC(C)(C)OC(=O)c1ccc([Li])cc1
Nagaki et al. 2010 - A flow microreactor system enables organolithium reactions without protecting alkoxycarbonyl groups,64,halogen-metal exchange,tetrahydrofuran,flow microreactor,10.1002/chem.201000876,2010.0,tR1,3.16,,-78,,tert-butyl p-bromobenzoate,s-BuLi,tert-butyl 4-(lithio)benzoate (aryllithium),ROH (alcohol quench),quench_probe,tert-butyl 4-(lithio)benzoate (aryllithium intermediate),0.10,0.42,1.1,,CC(C)(C)OC(=O)c1ccc(Br)cc1,CCC([Li])C,CC(C)(C)OC(=O)c1ccc([Li])cc1,CO,CC(C)(C)OC(=O)c1ccc([Li])cc1
Nagaki et al. 2010 - A flow microreactor system enables organolithium reactions without protecting alkoxycarbonyl groups,58,halogen-metal exchange,tetrahydrofuran,flow microreactor,10.1002/chem.201000876,2010.0,tR1,31.6,,-78,,tert-butyl p-bromobenzoate,s-BuLi,tert-butyl 4-(lithio)benzoate (aryllithium),ROH (alcohol quench),quench_probe,tert-butyl 4-(lithio)benzoate (aryllithium intermediate),0.10,0.42,1.1,,CC(C)(C)OC(=O)c1ccc(Br)cc1,CCC([Li])C,CC(C)(C)OC(=O)c1ccc([Li])cc1,CO,CC(C)(C)OC(=O)c1ccc([Li])cc1
Nagaki et al. 2010 - A flow microreactor system enables organolithium reactions without protecting alkoxycarbonyl groups,83,halogen-metal exchange,tetrahydrofuran,flow microreactor,10.1002/chem.201000876,2010.0,tR1,0.0316,,20,,tert-butyl p-bromobenzoate,s-BuLi,tert-butyl 4-(lithio)benzoate (aryllithium),ROH (alcohol quench),quench_probe,tert-butyl 4-(lithio)benzoate (aryllithium intermediate),0.10,0.42,1.1,,CC(C)(C)OC(=O)c1ccc(Br)cc1,CCC([Li])C,CC(C)(C)OC(=O)c1ccc([Li])cc1,CO,CC(C)(C)OC(=O)c1ccc([Li])cc1
Nagaki et al. 2010 - A flow microreactor system enables organolithium reactions without protecting alkoxycarbonyl groups,81,halogen-metal exchange,tetrahydrofuran,flow microreactor,10.1002/chem.201000876,2010.0,tR1,0.1,,20,,tert-butyl p-bromobenzoate,s-BuLi,tert-butyl 4-(lithio)benzoate (aryllithium),ROH (alcohol quench),quench_probe,tert-butyl 4-(lithio)benzoate (aryllithium intermediate),0.10,0.42,1.1,,CC(C)(C)OC(=O)c1ccc(Br)cc1,CCC([Li])C,CC(C)(C)OC(=O)c1ccc([Li])cc1,CO,CC(C)(C)OC(=O)c1ccc([Li])cc1
Nagaki et al. 2010 - A flow microreactor system enables organolithium reactions without protecting alkoxycarbonyl groups,74,halogen-metal exchange,tetrahydrofuran,flow microreactor,10.1002/chem.201000876,2010.0,tR1,0.316,,20,,tert-butyl p-bromobenzoate,s-BuLi,tert-butyl 4-(lithio)benzoate (aryllithium),ROH (alcohol quench),quench_probe,tert-butyl 4-(lithio)benzoate (aryllithium intermediate),0.10,0.42,1.1,,CC(C)(C)OC(=O)c1ccc(Br)cc1,CCC([Li])C,CC(C)(C)OC(=O)c1ccc([Li])cc1,CO,CC(C)(C)OC(=O)c1ccc([Li])cc1
Nagaki et al. 2010 - A flow microreactor system enables organolithium reactions without protecting alkoxycarbonyl groups,71,halogen-metal exchange,tetrahydrofuran,flow microreactor,10.1002/chem.201000876,2010.0,tR1,1.0,,20,,tert-butyl p-bromobenzoate,s-BuLi,tert-butyl 4-(lithio)benzoate (aryllithium),ROH (alcohol quench),quench_probe,tert-butyl 4-(lithio)benzoate (aryllithium intermediate),0.10,0.42,1.1,,CC(C)(C)OC(=O)c1ccc(Br)cc1,CCC([Li])C,CC(C)(C)OC(=O)c1ccc([Li])cc1,CO,CC(C)(C)OC(=O)c1ccc([Li])cc1
Nagaki et al. 2010 - A flow microreactor system enables organolithium reactions without protecting alkoxycarbonyl groups,61,halogen-metal exchange,tetrahydrofuran,flow microreactor,10.1002/chem.201000876,2010.0,tR1,3.16,,20,,tert-butyl p-bromobenzoate,s-BuLi,tert-butyl 4-(lithio)benzoate (aryllithium),ROH (alcohol quench),quench_probe,tert-butyl 4-(lithio)benzoate (aryllithium intermediate),0.10,0.42,1.1,,CC(C)(C)OC(=O)c1ccc(Br)cc1,CCC([Li])C,CC(C)(C)OC(=O)c1ccc([Li])cc1,CO,CC(C)(C)OC(=O)c1ccc([Li])cc1
Nagaki et al. 2010 - A flow microreactor system enables organolithium reactions without protecting alkoxycarbonyl groups,30,halogen-metal exchange,tetrahydrofuran,flow microreactor,10.1002/chem.201000876,2010.0,tR1,31.6,,20,,tert-butyl p-bromobenzoate,s-BuLi,tert-butyl 4-(lithio)benzoate (aryllithium),ROH (alcohol quench),quench_probe,tert-butyl 4-(lithio)benzoate (aryllithium intermediate),0.10,0.42,1.1,,CC(C)(C)OC(=O)c1ccc(Br)cc1,CCC([Li])C,CC(C)(C)OC(=O)c1ccc([Li])cc1,CO,CC(C)(C)OC(=O)c1ccc([Li])cc1
Nagaki et al. 2010 - A flow microreactor system enables organolithium reactions without protecting alkoxycarbonyl groups,93,halogen-metal exchange,tetrahydrofuran,flow microreactor,10.1002/chem.201000876,2010.0,tR1,0.0316,,0,,tert-butyl p-bromobenzoate,s-BuLi,tert-butyl 4-(lithio)benzoate (aryllithium),ROH (alcohol quench),quench_probe,tert-butyl 4-(lithio)benzoate (aryllithium intermediate),0.10,0.42,1.1,,CC(C)(C)OC(=O)c1ccc(Br)cc1,CCC([Li])C,CC(C)(C)OC(=O)c1ccc([Li])cc1,CO,CC(C)(C)OC(=O)c1ccc([Li])cc1
Nagaki et al. 2010 - A flow microreactor system enables organolithium reactions without protecting alkoxycarbonyl groups,93,halogen-metal exchange,tetrahydrofuran,flow microreactor,10.1002/chem.201000876,2010.0,tR1,0.1,,0,,tert-butyl p-bromobenzoate,s-BuLi,tert-butyl 4-(lithio)benzoate (aryllithium),ROH (alcohol quench),quench_probe,tert-butyl 4-(lithio)benzoate (aryllithium intermediate),0.10,0.42,1.1,,CC(C)(C)OC(=O)c1ccc(Br)cc1,CCC([Li])C,CC(C)(C)OC(=O)c1ccc([Li])cc1,CO,CC(C)(C)OC(=O)c1ccc([Li])cc1
Nagaki et al. 2010 - A flow microreactor system enables organolithium reactions without protecting alkoxycarbonyl groups,90,halogen-metal exchange,tetrahydrofuran,flow microreactor,10.1002/chem.201000876,2010.0,tR1,0.316,,0,,tert-butyl p-bromobenzoate,s-BuLi,tert-butyl 4-(lithio)benzoate (aryllithium),ROH (alcohol quench),quench_probe,tert-butyl 4-(lithio)benzoate (aryllithium intermediate),0.10,0.42,1.1,,CC(C)(C)OC(=O)c1ccc(Br)cc1,CCC([Li])C,CC(C)(C)OC(=O)c1ccc([Li])cc1,CO,CC(C)(C)OC(=O)c1ccc([Li])cc1
Nagaki et al. 2010 - A flow microreactor system enables organolithium reactions without protecting alkoxycarbonyl groups,89,halogen-metal exchange,tetrahydrofuran,flow microreactor,10.1002/chem.201000876,2010.0,tR1,1.0,,0,,tert-butyl p-bromobenzoate,s-BuLi,tert-butyl 4-(lithio)benzoate (aryllithium),ROH (alcohol quench),quench_probe,tert-butyl 4-(lithio)benzoate (aryllithium intermediate),0.10,0.42,1.1,,CC(C)(C)OC(=O)c1ccc(Br)cc1,CCC([Li])C,CC(C)(C)OC(=O)c1ccc([Li])cc1,CO,CC(C)(C)OC(=O)c1ccc([Li])cc1
Nagaki et al. 2010 - A flow microreactor system enables organolithium reactions without protecting alkoxycarbonyl groups,84,halogen-metal exchange,tetrahydrofuran,flow microreactor,10.1002/chem.201000876,2010.0,tR1,3.16,,0,,tert-butyl p-bromobenzoate,s-BuLi,tert-butyl 4-(lithio)benzoate (aryllithium),ROH (alcohol quench),quench_probe,tert-butyl 4-(lithio)benzoate (aryllithium intermediate),0.10,0.42,1.1,,CC(C)(C)OC(=O)c1ccc(Br)cc1,CCC([Li])C,CC(C)(C)OC(=O)c1ccc([Li])cc1,CO,CC(C)(C)OC(=O)c1ccc([Li])cc1
Nagaki et al. 2010 - A flow microreactor system enables organolithium reactions without protecting alkoxycarbonyl groups,43,halogen-metal exchange,tetrahydrofuran,flow microreactor,10.1002/chem.201000876,2010.0,tR1,31.6,,0,,tert-butyl p-bromobenzoate,s-BuLi,tert-butyl 4-(lithio)benzoate (aryllithium),ROH (alcohol quench),quench_probe,tert-butyl 4-(lithio)benzoate (aryllithium intermediate),0.10,0.42,1.1,,CC(C)(C)OC(=O)c1ccc(Br)cc1,CCC([Li])C,CC(C)(C)OC(=O)c1ccc([Li])cc1,CO,CC(C)(C)OC(=O)c1ccc([Li])cc1
Nagaki et al. 2010 - A flow microreactor system enables organolithium reactions without protecting alkoxycarbonyl groups,75,halogen-metal exchange,tetrahydrofuran,flow microreactor,10.1002/chem.201000876,2010.0,tR1,0.0316,,-30,,tert-butyl p-bromobenzoate,s-BuLi,tert-butyl 4-(lithio)benzoate (aryllithium),ROH (alcohol quench),quench_probe,tert-butyl 4-(lithio)benzoate (aryllithium intermediate),0.10,0.42,1.1,,CC(C)(C)OC(=O)c1ccc(Br)cc1,CCC([Li])C,CC(C)(C)OC(=O)c1ccc([Li])cc1,CO,CC(C)(C)OC(=O)c1ccc([Li])cc1
Nagaki et al. 2010 - A flow microreactor system enables organolithium reactions without protecting alkoxycarbonyl groups,99,halogen-metal exchange,tetrahydrofuran,flow microreactor,10.1002/chem.201000876,2010.0,tR1,0.1,,-30,,tert-butyl p-bromobenzoate,s-BuLi,tert-butyl 4-(lithio)benzoate (aryllithium),ROH (alcohol quench),quench_probe,tert-butyl 4-(lithio)benzoate (aryllithium intermediate),0.10,0.42,1.1,,CC(C)(C)OC(=O)c1ccc(Br)cc1,CCC([Li])C,CC(C)(C)OC(=O)c1ccc([Li])cc1,CO,CC(C)(C)OC(=O)c1ccc([Li])cc1
Nagaki et al. 2010 - A flow microreactor system enables organolithium reactions without protecting alkoxycarbonyl groups,98,halogen-metal exchange,tetrahydrofuran,flow microreactor,10.1002/chem.201000876,2010.0,tR1,0.316,,-30,,tert-butyl p-bromobenzoate,s-BuLi,tert-butyl 4-(lithio)benzoate (aryllithium),ROH (alcohol quench),quench_probe,tert-butyl 4-(lithio)benzoate (aryllithium intermediate),0.10,0.42,1.1,,CC(C)(C)OC(=O)c1ccc(Br)cc1,CCC([Li])C,CC(C)(C)OC(=O)c1ccc([Li])cc1,CO,CC(C)(C)OC(=O)c1ccc([Li])cc1
Nagaki et al. 2010 - A flow microreactor system enables organolithium reactions without protecting alkoxycarbonyl groups,99,halogen-metal exchange,tetrahydrofuran,flow microreactor,10.1002/chem.201000876,2010.0,tR1,1.0,,-30,,tert-butyl p-bromobenzoate,s-BuLi,tert-butyl 4-(lithio)benzoate (aryllithium),ROH (alcohol quench),quench_probe,tert-butyl 4-(lithio)benzoate (aryllithium intermediate),0.10,0.42,1.1,,CC(C)(C)OC(=O)c1ccc(Br)cc1,CCC([Li])C,CC(C)(C)OC(=O)c1ccc([Li])cc1,CO,CC(C)(C)OC(=O)c1ccc([Li])cc1
Nagaki et al. 2010 - A flow microreactor system enables organolithium reactions without protecting alkoxycarbonyl groups,97,halogen-metal exchange,tetrahydrofuran,flow microreactor,10.1002/chem.201000876,2010.0,tR1,3.16,,-30,,tert-butyl p-bromobenzoate,s-BuLi,tert-butyl 4-(lithio)benzoate (aryllithium),ROH (alcohol quench),quench_probe,tert-butyl 4-(lithio)benzoate (aryllithium intermediate),0.10,0.42,1.1,,CC(C)(C)OC(=O)c1ccc(Br)cc1,CCC([Li])C,CC(C)(C)OC(=O)c1ccc([Li])cc1,CO,CC(C)(C)OC(=O)c1ccc([Li])cc1
Nagaki et al. 2010 - A flow microreactor system enables organolithium reactions without protecting alkoxycarbonyl groups,88,halogen-metal exchange,tetrahydrofuran,flow microreactor,10.1002/chem.201000876,2010.0,tR1,31.6,,-30,,tert-butyl p-bromobenzoate,s-BuLi,tert-butyl 4-(lithio)benzoate (aryllithium),ROH (alcohol quench),quench_probe,tert-butyl 4-(lithio)benzoate (aryllithium intermediate),0.10,0.42,1.1,,CC(C)(C)OC(=O)c1ccc(Br)cc1,CCC([Li])C,CC(C)(C)OC(=O)c1ccc([Li])cc1,CO,CC(C)(C)OC(=O)c1ccc([Li])cc1
Nagaki et al. 2010 - A flow microreactor system enables organolithium reactions without protecting alkoxycarbonyl groups,65,halogen-metal exchange,tetrahydrofuran,flow microreactor,10.1002/chem.201000876,2010.0,tR1,0.0316,,-50,,tert-butyl p-bromobenzoate,s-BuLi,tert-butyl 4-(lithio)benzoate (aryllithium),ROH (alcohol quench),quench_probe,tert-butyl 4-(lithio)benzoate (aryllithium intermediate),0.10,0.42,1.1,,CC(C)(C)OC(=O)c1ccc(Br)cc1,CCC([Li])C,CC(C)(C)OC(=O)c1ccc([Li])cc1,CO,CC(C)(C)OC(=O)c1ccc([Li])cc1
Nagaki et al. 2010 - A flow microreactor system enables organolithium reactions without protecting alkoxycarbonyl groups,94,halogen-metal exchange,tetrahydrofuran,flow microreactor,10.1002/chem.201000876,2010.0,tR1,0.1,,-50,,tert-butyl p-bromobenzoate,s-BuLi,tert-butyl 4-(lithio)benzoate (aryllithium),ROH (alcohol quench),quench_probe,tert-butyl 4-(lithio)benzoate (aryllithium intermediate),0.10,0.42,1.1,,CC(C)(C)OC(=O)c1ccc(Br)cc1,CCC([Li])C,CC(C)(C)OC(=O)c1ccc([Li])cc1,CO,CC(C)(C)OC(=O)c1ccc([Li])cc1
Nagaki et al. 2010 - A flow microreactor system enables organolithium reactions without protecting alkoxycarbonyl groups,98,halogen-metal exchange,tetrahydrofuran,flow microreactor,10.1002/chem.201000876,2010.0,tR1,0.316,,-50,,tert-butyl p-bromobenzoate,s-BuLi,tert-butyl 4-(lithio)benzoate (aryllithium),ROH (alcohol quench),quench_probe,tert-butyl 4-(lithio)benzoate (aryllithium intermediate),0.10,0.42,1.1,,CC(C)(C)OC(=O)c1ccc(Br)cc1,CCC([Li])C,CC(C)(C)OC(=O)c1ccc([Li])cc1,CO,CC(C)(C)OC(=O)c1ccc([Li])cc1
Nagaki et al. 2010 - A flow microreactor system enables organolithium reactions without protecting alkoxycarbonyl groups,99,halogen-metal exchange,tetrahydrofuran,flow microreactor,10.1002/chem.201000876,2010.0,tR1,1.0,,-50,,tert-butyl p-bromobenzoate,s-BuLi,tert-butyl 4-(lithio)benzoate (aryllithium),ROH (alcohol quench),quench_probe,tert-butyl 4-(lithio)benzoate (aryllithium intermediate),0.10,0.42,1.1,,CC(C)(C)OC(=O)c1ccc(Br)cc1,CCC([Li])C,CC(C)(C)OC(=O)c1ccc([Li])cc1,CO,CC(C)(C)OC(=O)c1ccc([Li])cc1
Nagaki et al. 2010 - A flow microreactor system enables organolithium reactions without protecting alkoxycarbonyl groups,96,halogen-metal exchange,tetrahydrofuran,flow microreactor,10.1002/chem.201000876,2010.0,tR1,3.16,,-50,,tert-butyl p-bromobenzoate,s-BuLi,tert-butyl 4-(lithio)benzoate (aryllithium),ROH (alcohol quench),quench_probe,tert-butyl 4-(lithio)benzoate (aryllithium intermediate),0.10,0.42,1.1,,CC(C)(C)OC(=O)c1ccc(Br)cc1,CCC([Li])C,CC(C)(C)OC(=O)c1ccc([Li])cc1,CO,CC(C)(C)OC(=O)c1ccc([Li])cc1
Nagaki et al. 2010 - A flow microreactor system enables organolithium reactions without protecting alkoxycarbonyl groups,92,halogen-metal exchange,tetrahydrofuran,flow microreactor,10.1002/chem.201000876,2010.0,tR1,31.6,,-50,,tert-butyl p-bromobenzoate,s-BuLi,tert-butyl 4-(lithio)benzoate (aryllithium),ROH (alcohol quench),quench_probe,tert-butyl 4-(lithio)benzoate (aryllithium intermediate),0.10,0.42,1.1,,CC(C)(C)OC(=O)c1ccc(Br)cc1,CCC([Li])C,CC(C)(C)OC(=O)c1ccc([Li])cc1,CO,CC(C)(C)OC(=O)c1ccc([Li])cc1
Nagaki et al. 2010 - A flow microreactor system enables organolithium reactions without protecting alkoxycarbonyl groups,54,halogen-metal exchange,tetrahydrofuran,flow microreactor,10.1002/chem.201000876,2010.0,tR1,0.0316,,-60,,tert-butyl p-bromobenzoate,s-BuLi,tert-butyl 4-(lithio)benzoate (aryllithium),ROH (alcohol quench),quench_probe,tert-butyl 4-(lithio)benzoate (aryllithium intermediate),0.10,0.42,1.1,,CC(C)(C)OC(=O)c1ccc(Br)cc1,CCC([Li])C,CC(C)(C)OC(=O)c1ccc([Li])cc1,CO,CC(C)(C)OC(=O)c1ccc([Li])cc1
Nagaki et al. 2010 - A flow microreactor system enables organolithium reactions without protecting alkoxycarbonyl groups,77,halogen-metal exchange,tetrahydrofuran,flow microreactor,10.1002/chem.201000876,2010.0,tR1,0.1,,-60,,tert-butyl p-bromobenzoate,s-BuLi,tert-butyl 4-(lithio)benzoate (aryllithium),ROH (alcohol quench),quench_probe,tert-butyl 4-(lithio)benzoate (aryllithium intermediate),0.10,0.42,1.1,,CC(C)(C)OC(=O)c1ccc(Br)cc1,CCC([Li])C,CC(C)(C)OC(=O)c1ccc([Li])cc1,CO,CC(C)(C)OC(=O)c1ccc([Li])cc1
Nagaki et al. 2010 - A flow microreactor system enables organolithium reactions without protecting alkoxycarbonyl groups,92,halogen-metal exchange,tetrahydrofuran,flow microreactor,10.1002/chem.201000876,2010.0,tR1,0.316,,-60,,tert-butyl p-bromobenzoate,s-BuLi,tert-butyl 4-(lithio)benzoate (aryllithium),ROH (alcohol quench),quench_probe,tert-butyl 4-(lithio)benzoate (aryllithium intermediate),0.10,0.42,1.1,,CC(C)(C)OC(=O)c1ccc(Br)cc1,CCC([Li])C,CC(C)(C)OC(=O)c1ccc([Li])cc1,CO,CC(C)(C)OC(=O)c1ccc([Li])cc1
Nagaki et al. 2010 - A flow microreactor system enables organolithium reactions without protecting alkoxycarbonyl groups,96,halogen-metal exchange,tetrahydrofuran,flow microreactor,10.1002/chem.201000876,2010.0,tR1,1.0,,-60,,tert-butyl p-bromobenzoate,s-BuLi,tert-butyl 4-(lithio)benzoate (aryllithium),ROH (alcohol quench),quench_probe,tert-butyl 4-(lithio)benzoate (aryllithium intermediate),0.10,0.42,1.1,,CC(C)(C)OC(=O)c1ccc(Br)cc1,CCC([Li])C,CC(C)(C)OC(=O)c1ccc([Li])cc1,CO,CC(C)(C)OC(=O)c1ccc([Li])cc1
Nagaki et al. 2010 - A flow microreactor system enables organolithium reactions without protecting alkoxycarbonyl groups,97,halogen-metal exchange,tetrahydrofuran,flow microreactor,10.1002/chem.201000876,2010.0,tR1,3.16,,-60,,tert-butyl p-bromobenzoate,s-BuLi,tert-butyl 4-(lithio)benzoate (aryllithium),ROH (alcohol quench),quench_probe,tert-butyl 4-(lithio)benzoate (aryllithium intermediate),0.10,0.42,1.1,,CC(C)(C)OC(=O)c1ccc(Br)cc1,CCC([Li])C,CC(C)(C)OC(=O)c1ccc([Li])cc1,CO,CC(C)(C)OC(=O)c1ccc([Li])cc1
Nagaki et al. 2010 - A flow microreactor system enables organolithium reactions without protecting alkoxycarbonyl groups,94,halogen-metal exchange,tetrahydrofuran,flow microreactor,10.1002/chem.201000876,2010.0,tR1,31.6,,-60,,tert-butyl p-bromobenzoate,s-BuLi,tert-butyl 4-(lithio)benzoate (aryllithium),ROH (alcohol quench),quench_probe,tert-butyl 4-(lithio)benzoate (aryllithium intermediate),0.10,0.42,1.1,,CC(C)(C)OC(=O)c1ccc(Br)cc1,CCC([Li])C,CC(C)(C)OC(=O)c1ccc([Li])cc1,CO,CC(C)(C)OC(=O)c1ccc([Li])cc1
Nagaki et al. 2010 - A flow microreactor system enables organolithium reactions without protecting alkoxycarbonyl groups,48,halogen-metal exchange,tetrahydrofuran,flow microreactor,10.1002/chem.201000876,2010.0,tR1,0.0316,,-78,,tert-butyl p-bromobenzoate,s-BuLi,tert-butyl 4-(lithio)benzoate (aryllithium),ROH (alcohol quench),quench_probe,tert-butyl 4-(lithio)benzoate (aryllithium intermediate),0.10,0.42,1.1,,CC(C)(C)OC(=O)c1ccc(Br)cc1,CCC([Li])C,CC(C)(C)OC(=O)c1ccc([Li])cc1,CO,CC(C)(C)OC(=O)c1ccc([Li])cc1
Nagaki et al. 2010 - A flow microreactor system enables organolithium reactions without protecting alkoxycarbonyl groups,48,halogen-metal exchange,tetrahydrofuran,flow microreactor,10.1002/chem.201000876,2010.0,tR1,0.1,,-78,,tert-butyl p-bromobenzoate,s-BuLi,tert-butyl 4-(lithio)benzoate (aryllithium),ROH (alcohol quench),quench_probe,tert-butyl 4-(lithio)benzoate (aryllithium intermediate),0.10,0.42,1.1,,CC(C)(C)OC(=O)c1ccc(Br)cc1,CCC([Li])C,CC(C)(C)OC(=O)c1ccc([Li])cc1,CO,CC(C)(C)OC(=O)c1ccc([Li])cc1
Nagaki et al. 2010 - A flow microreactor system enables organolithium reactions without protecting alkoxycarbonyl groups,58,halogen-metal exchange,tetrahydrofuran,flow microreactor,10.1002/chem.201000876,2010.0,tR1,0.316,,-78,,tert-butyl p-bromobenzoate,s-BuLi,tert-butyl 4-(lithio)benzoate (aryllithium),ROH (alcohol quench),quench_probe,tert-butyl 4-(lithio)benzoate (aryllithium intermediate),0.10,0.42,1.1,,CC(C)(C)OC(=O)c1ccc(Br)cc1,CCC([Li])C,CC(C)(C)OC(=O)c1ccc([Li])cc1,CO,CC(C)(C)OC(=O)c1ccc([Li])cc1
Nagaki et al. 2010 - A flow microreactor system enables organolithium reactions without protecting alkoxycarbonyl groups,61,halogen-metal exchange,tetrahydrofuran,flow microreactor,10.1002/chem.201000876,2010.0,tR1,1.0,,-78,,tert-butyl p-bromobenzoate,s-BuLi,tert-butyl 4-(lithio)benzoate (aryllithium),ROH (alcohol quench),quench_probe,tert-butyl 4-(lithio)benzoate (aryllithium intermediate),0.10,0.42,1.1,,CC(C)(C)OC(=O)c1ccc(Br)cc1,CCC([Li])C,CC(C)(C)OC(=O)c1ccc([Li])cc1,CO,CC(C)(C)OC(=O)c1ccc([Li])cc1
Nagaki et al. 2010 - A flow microreactor system enables organolithium reactions without protecting alkoxycarbonyl groups,76,halogen-metal exchange,tetrahydrofuran,flow microreactor,10.1002/chem.201000876,2010.0,tR1,3.16,,-78,,tert-butyl p-bromobenzoate,s-BuLi,tert-butyl 4-(lithio)benzoate (aryllithium),ROH (alcohol quench),quench_probe,tert-butyl 4-(lithio)benzoate (aryllithium intermediate),0.10,0.42,1.1,,CC(C)(C)OC(=O)c1ccc(Br)cc1,CCC([Li])C,CC(C)(C)OC(=O)c1ccc([Li])cc1,CO,CC(C)(C)OC(=O)c1ccc([Li])cc1
Nagaki et al. 2010 - A flow microreactor system enables organolithium reactions without protecting alkoxycarbonyl groups,91,halogen-metal exchange,tetrahydrofuran,flow microreactor,10.1002/chem.201000876,2010.0,tR1,31.6,,-78,,tert-butyl p-bromobenzoate,s-BuLi,tert-butyl 4-(lithio)benzoate (aryllithium),ROH (alcohol quench),quench_probe,tert-butyl 4-(lithio)benzoate (aryllithium intermediate),0.10,0.42,1.1,,CC(C)(C)OC(=O)c1ccc(Br)cc1,CCC([Li])C,CC(C)(C)OC(=O)c1ccc([Li])cc1,CO,CC(C)(C)OC(=O)c1ccc([Li])cc1
Nagaki et al. 2010 - A flow microreactor system enables organolithium reactions without protecting alkoxycarbonyl groups,41,halogen-metal exchange,tetrahydrofuran,flow microreactor,10.1002/chem.201000876,2010.0,tR1,0.0316,,0,,tert-butyl p-bromobenzoate,s-BuLi,tert-butyl 4-(lithio)benzoate (aryllithium),ROH (alcohol quench),quench_probe,tert-butyl 4-(lithio)benzoate (aryllithium intermediate),0.10,0.42,1.1,,CC(C)(C)OC(=O)c1ccc(Br)cc1,CCC([Li])C,CC(C)(C)OC(=O)c1ccc([Li])cc1,CO,CC(C)(C)OC(=O)c1ccc([Li])cc1
Nagaki et al. 2010 - A flow microreactor system enables organolithium reactions without protecting alkoxycarbonyl groups,24,halogen-metal exchange,tetrahydrofuran,flow microreactor,10.1002/chem.201000876,2010.0,tR1,0.0316,,0,,tert-butyl p-bromobenzoate,s-BuLi,tert-butyl 4-(lithio)benzoate (aryllithium),ROH (alcohol quench),quench_probe,tert-butyl 4-(lithio)benzoate (aryllithium intermediate),0.10,0.42,1.1,,CC(C)(C)OC(=O)c1ccc(Br)cc1,CCC([Li])C,CC(C)(C)OC(=O)c1ccc([Li])cc1,CO,CC(C)(C)OC(=O)c1ccc([Li])cc1
Nagaki et al. 2010 - A flow microreactor system enables organolithium reactions without protecting alkoxycarbonyl groups,13,halogen-metal exchange,tetrahydrofuran,flow microreactor,10.1002/chem.201000876,2010.0,tR1,0.1,,0,,tert-butyl p-bromobenzoate,s-BuLi,tert-butyl 4-(lithio)benzoate (aryllithium),ROH (alcohol quench),quench_probe,tert-butyl 4-(lithio)benzoate (aryllithium intermediate),0.10,0.42,1.1,,CC(C)(C)OC(=O)c1ccc(Br)cc1,CCC([Li])C,CC(C)(C)OC(=O)c1ccc([Li])cc1,CO,CC(C)(C)OC(=O)c1ccc([Li])cc1
Nagaki et al. 2010 - A flow microreactor system enables organolithium reactions without protecting alkoxycarbonyl groups,4,halogen-metal exchange,tetrahydrofuran,flow microreactor,10.1002/chem.201000876,2010.0,tR1,0.316,,0,,tert-butyl p-bromobenzoate,s-BuLi,tert-butyl 4-(lithio)benzoate (aryllithium),ROH (alcohol quench),quench_probe,tert-butyl 4-(lithio)benzoate (aryllithium intermediate),0.10,0.42,1.1,,CC(C)(C)OC(=O)c1ccc(Br)cc1,CCC([Li])C,CC(C)(C)OC(=O)c1ccc([Li])cc1,CO,CC(C)(C)OC(=O)c1ccc([Li])cc1
Nagaki et al. 2010 - A flow microreactor system enables organolithium reactions without protecting alkoxycarbonyl groups,0,halogen-metal exchange,tetrahydrofuran,flow microreactor,10.1002/chem.201000876,2010.0,tR1,1.0,,0,,tert-butyl p-bromobenzoate,s-BuLi,tert-butyl 4-(lithio)benzoate (aryllithium),ROH (alcohol quench),quench_probe,tert-butyl 4-(lithio)benzoate (aryllithium intermediate),0.10,0.42,1.1,,CC(C)(C)OC(=O)c1ccc(Br)cc1,CCC([Li])C,CC(C)(C)OC(=O)c1ccc([Li])cc1,CO,CC(C)(C)OC(=O)c1ccc([Li])cc1
Nagaki et al. 2010 - A flow microreactor system enables organolithium reactions without protecting alkoxycarbonyl groups,0,halogen-metal exchange,tetrahydrofuran,flow microreactor,10.1002/chem.201000876,2010.0,tR1,3.16,,0,,tert-butyl p-bromobenzoate,s-BuLi,tert-butyl 4-(lithio)benzoate (aryllithium),ROH (alcohol quench),quench_probe,tert-butyl 4-(lithio)benzoate (aryllithium intermediate),0.10,0.42,1.1,,CC(C)(C)OC(=O)c1ccc(Br)cc1,CCC([Li])C,CC(C)(C)OC(=O)c1ccc([Li])cc1,CO,CC(C)(C)OC(=O)c1ccc([Li])cc1
Nagaki et al. 2010 - A flow microreactor system enables organolithium reactions without protecting alkoxycarbonyl groups,0,halogen-metal exchange,tetrahydrofuran,flow microreactor,10.1002/chem.201000876,2010.0,tR1,31.6,,0,,tert-butyl p-bromobenzoate,s-BuLi,tert-butyl 4-(lithio)benzoate (aryllithium),ROH (alcohol quench),quench_probe,tert-butyl 4-(lithio)benzoate (aryllithium intermediate),0.10,0.42,1.1,,CC(C)(C)OC(=O)c1ccc(Br)cc1,CCC([Li])C,CC(C)(C)OC(=O)c1ccc([Li])cc1,CO,CC(C)(C)OC(=O)c1ccc([Li])cc1
Nagaki et al. 2010 - A flow microreactor system enables organolithium reactions without protecting alkoxycarbonyl groups,50,halogen-metal exchange,tetrahydrofuran,flow microreactor,10.1002/chem.201000876,2010.0,tR1,0.0316,,-30,,tert-butyl p-bromobenzoate,s-BuLi,tert-butyl 4-(lithio)benzoate (aryllithium),ROH (alcohol quench),quench_probe,tert-butyl 4-(lithio)benzoate (aryllithium intermediate),0.10,0.42,1.1,,CC(C)(C)OC(=O)c1ccc(Br)cc1,CCC([Li])C,CC(C)(C)OC(=O)c1ccc([Li])cc1,CO,CC(C)(C)OC(=O)c1ccc([Li])cc1
Nagaki et al. 2010 - A flow microreactor system enables organolithium reactions without protecting alkoxycarbonyl groups,57,halogen-metal exchange,tetrahydrofuran,flow microreactor,10.1002/chem.201000876,2010.0,tR1,0.0316,,-30,,tert-butyl p-bromobenzoate,s-BuLi,tert-butyl 4-(lithio)benzoate (aryllithium),ROH (alcohol quench),quench_probe,tert-butyl 4-(lithio)benzoate (aryllithium intermediate),0.10,0.42,1.1,,CC(C)(C)OC(=O)c1ccc(Br)cc1,CCC([Li])C,CC(C)(C)OC(=O)c1ccc([Li])cc1,CO,CC(C)(C)OC(=O)c1ccc([Li])cc1
Nagaki et al. 2010 - A flow microreactor system enables organolithium reactions without protecting alkoxycarbonyl groups,57,halogen-metal exchange,tetrahydrofuran,flow microreactor,10.1002/chem.201000876,2010.0,tR1,0.1,,-30,,tert-butyl p-bromobenzoate,s-BuLi,tert-butyl 4-(lithio)benzoate (aryllithium),ROH (alcohol quench),quench_probe,tert-butyl 4-(lithio)benzoate (aryllithium intermediate),0.10,0.42,1.1,,CC(C)(C)OC(=O)c1ccc(Br)cc1,CCC([Li])C,CC(C)(C)OC(=O)c1ccc([Li])cc1,CO,CC(C)(C)OC(=O)c1ccc([Li])cc1
Nagaki et al. 2010 - A flow microreactor system enables organolithium reactions without protecting alkoxycarbonyl groups,36,halogen-metal exchange,tetrahydrofuran,flow microreactor,10.1002/chem.201000876,2010.0,tR1,0.316,,-30,,tert-butyl p-bromobenzoate,s-BuLi,tert-butyl 4-(lithio)benzoate (aryllithium),ROH (alcohol quench),quench_probe,tert-butyl 4-(lithio)benzoate (aryllithium intermediate),0.10,0.42,1.1,,CC(C)(C)OC(=O)c1ccc(Br)cc1,CCC([Li])C,CC(C)(C)OC(=O)c1ccc([Li])cc1,CO,CC(C)(C)OC(=O)c1ccc([Li])cc1
Nagaki et al. 2010 - A flow microreactor system enables organolithium reactions without protecting alkoxycarbonyl groups,21,halogen-metal exchange,tetrahydrofuran,flow microreactor,10.1002/chem.201000876,2010.0,tR1,1.0,,-30,,tert-butyl p-bromobenzoate,s-BuLi,tert-butyl 4-(lithio)benzoate (aryllithium),ROH (alcohol quench),quench_probe,tert-butyl 4-(lithio)benzoate (aryllithium intermediate),0.10,0.42,1.1,,CC(C)(C)OC(=O)c1ccc(Br)cc1,CCC([Li])C,CC(C)(C)OC(=O)c1ccc([Li])cc1,CO,CC(C)(C)OC(=O)c1ccc([Li])cc1
Nagaki et al. 2010 - A flow microreactor system enables organolithium reactions without protecting alkoxycarbonyl groups,20,halogen-metal exchange,tetrahydrofuran,flow microreactor,10.1002/chem.201000876,2010.0,tR1,3.16,,-30,,tert-butyl p-bromobenzoate,s-BuLi,tert-butyl 4-(lithio)benzoate (aryllithium),ROH (alcohol quench),quench_probe,tert-butyl 4-(lithio)benzoate (aryllithium intermediate),0.10,0.42,1.1,,CC(C)(C)OC(=O)c1ccc(Br)cc1,CCC([Li])C,CC(C)(C)OC(=O)c1ccc([Li])cc1,CO,CC(C)(C)OC(=O)c1ccc([Li])cc1
Nagaki et al. 2010 - A flow microreactor system enables organolithium reactions without protecting alkoxycarbonyl groups,5,halogen-metal exchange,tetrahydrofuran,flow microreactor,10.1002/chem.201000876,2010.0,tR1,31.6,,-30,,tert-butyl p-bromobenzoate,s-BuLi,tert-butyl 4-(lithio)benzoate (aryllithium),ROH (alcohol quench),quench_probe,tert-butyl 4-(lithio)benzoate (aryllithium intermediate),0.10,0.42,1.1,,CC(C)(C)OC(=O)c1ccc(Br)cc1,CCC([Li])C,CC(C)(C)OC(=O)c1ccc([Li])cc1,CO,CC(C)(C)OC(=O)c1ccc([Li])cc1
Nagaki et al. 2010 - A flow microreactor system enables organolithium reactions without protecting alkoxycarbonyl groups,71,halogen-metal exchange,tetrahydrofuran,flow microreactor,10.1002/chem.201000876,2010.0,tR1,0.0316,,-50,,tert-butyl p-bromobenzoate,s-BuLi,tert-butyl 4-(lithio)benzoate (aryllithium),ROH (alcohol quench),quench_probe,tert-butyl 4-(lithio)benzoate (aryllithium intermediate),0.10,0.42,1.1,,CC(C)(C)OC(=O)c1ccc(Br)cc1,CCC([Li])C,CC(C)(C)OC(=O)c1ccc([Li])cc1,CO,CC(C)(C)OC(=O)c1ccc([Li])cc1
Nagaki et al. 2010 - A flow microreactor system enables organolithium reactions without protecting alkoxycarbonyl groups,74,halogen-metal exchange,tetrahydrofuran,flow microreactor,10.1002/chem.201000876,2010.0,tR1,0.0316,,-50,,tert-butyl p-bromobenzoate,s-BuLi,tert-butyl 4-(lithio)benzoate (aryllithium),ROH (alcohol quench),quench_probe,tert-butyl 4-(lithio)benzoate (aryllithium intermediate),0.10,0.42,1.1,,CC(C)(C)OC(=O)c1ccc(Br)cc1,CCC([Li])C,CC(C)(C)OC(=O)c1ccc([Li])cc1,CO,CC(C)(C)OC(=O)c1ccc([Li])cc1
Nagaki et al. 2010 - A flow microreactor system enables organolithium reactions without protecting alkoxycarbonyl groups,63,halogen-metal exchange,tetrahydrofuran,flow microreactor,10.1002/chem.201000876,2010.0,tR1,0.1,,-50,,tert-butyl p-bromobenzoate,s-BuLi,tert-butyl 4-(lithio)benzoate (aryllithium),ROH (alcohol quench),quench_probe,tert-butyl 4-(lithio)benzoate (aryllithium intermediate),0.10,0.42,1.1,,CC(C)(C)OC(=O)c1ccc(Br)cc1,CCC([Li])C,CC(C)(C)OC(=O)c1ccc([Li])cc1,CO,CC(C)(C)OC(=O)c1ccc([Li])cc1
Nagaki et al. 2010 - A flow microreactor system enables organolithium reactions without protecting alkoxycarbonyl groups,52,halogen-metal exchange,tetrahydrofuran,flow microreactor,10.1002/chem.201000876,2010.0,tR1,0.316,,-50,,tert-butyl p-bromobenzoate,s-BuLi,tert-butyl 4-(lithio)benzoate (aryllithium),ROH (alcohol quench),quench_probe,tert-butyl 4-(lithio)benzoate (aryllithium intermediate),0.10,0.42,1.1,,CC(C)(C)OC(=O)c1ccc(Br)cc1,CCC([Li])C,CC(C)(C)OC(=O)c1ccc([Li])cc1,CO,CC(C)(C)OC(=O)c1ccc([Li])cc1
Nagaki et al. 2010 - A flow microreactor system enables organolithium reactions without protecting alkoxycarbonyl groups,45,halogen-metal exchange,tetrahydrofuran,flow microreactor,10.1002/chem.201000876,2010.0,tR1,1.0,,-50,,tert-butyl p-bromobenzoate,s-BuLi,tert-butyl 4-(lithio)benzoate (aryllithium),ROH (alcohol quench),quench_probe,tert-butyl 4-(lithio)benzoate (aryllithium intermediate),0.10,0.42,1.1,,CC(C)(C)OC(=O)c1ccc(Br)cc1,CCC([Li])C,CC(C)(C)OC(=O)c1ccc([Li])cc1,CO,CC(C)(C)OC(=O)c1ccc([Li])cc1
Nagaki et al. 2010 - A flow microreactor system enables organolithium reactions without protecting alkoxycarbonyl groups,42,halogen-metal exchange,tetrahydrofuran,flow microreactor,10.1002/chem.201000876,2010.0,tR1,3.16,,-50,,tert-butyl p-bromobenzoate,s-BuLi,tert-butyl 4-(lithio)benzoate (aryllithium),ROH (alcohol quench),quench_probe,tert-butyl 4-(lithio)benzoate (aryllithium intermediate),0.10,0.42,1.1,,CC(C)(C)OC(=O)c1ccc(Br)cc1,CCC([Li])C,CC(C)(C)OC(=O)c1ccc([Li])cc1,CO,CC(C)(C)OC(=O)c1ccc([Li])cc1
Nagaki et al. 2010 - A flow microreactor system enables organolithium reactions without protecting alkoxycarbonyl groups,14,halogen-metal exchange,tetrahydrofuran,flow microreactor,10.1002/chem.201000876,2010.0,tR1,31.6,,-50,,tert-butyl p-bromobenzoate,s-BuLi,tert-butyl 4-(lithio)benzoate (aryllithium),ROH (alcohol quench),quench_probe,tert-butyl 4-(lithio)benzoate (aryllithium intermediate),0.10,0.42,1.1,,CC(C)(C)OC(=O)c1ccc(Br)cc1,CCC([Li])C,CC(C)(C)OC(=O)c1ccc([Li])cc1,CO,CC(C)(C)OC(=O)c1ccc([Li])cc1
Nagaki et al. 2010 - A flow microreactor system enables organolithium reactions without protecting alkoxycarbonyl groups,61,halogen-metal exchange,tetrahydrofuran,flow microreactor,10.1002/chem.201000876,2010.0,tR1,0.0316,,-60,,tert-butyl p-bromobenzoate,s-BuLi,tert-butyl 4-(lithio)benzoate (aryllithium),ROH (alcohol quench),quench_probe,tert-butyl 4-(lithio)benzoate (aryllithium intermediate),0.10,0.42,1.1,,CC(C)(C)OC(=O)c1ccc(Br)cc1,CCC([Li])C,CC(C)(C)OC(=O)c1ccc([Li])cc1,CO,CC(C)(C)OC(=O)c1ccc([Li])cc1
Nagaki et al. 2010 - A flow microreactor system enables organolithium reactions without protecting alkoxycarbonyl groups,72,halogen-metal exchange,tetrahydrofuran,flow microreactor,10.1002/chem.201000876,2010.0,tR1,0.0316,,-60,,tert-butyl p-bromobenzoate,s-BuLi,tert-butyl 4-(lithio)benzoate (aryllithium),ROH (alcohol quench),quench_probe,tert-butyl 4-(lithio)benzoate (aryllithium intermediate),0.10,0.42,1.1,,CC(C)(C)OC(=O)c1ccc(Br)cc1,CCC([Li])C,CC(C)(C)OC(=O)c1ccc([Li])cc1,CO,CC(C)(C)OC(=O)c1ccc([Li])cc1
Nagaki et al. 2010 - A flow microreactor system enables organolithium reactions without protecting alkoxycarbonyl groups,62,halogen-metal exchange,tetrahydrofuran,flow microreactor,10.1002/chem.201000876,2010.0,tR1,0.1,,-60,,tert-butyl p-bromobenzoate,s-BuLi,tert-butyl 4-(lithio)benzoate (aryllithium),ROH (alcohol quench),quench_probe,tert-butyl 4-(lithio)benzoate (aryllithium intermediate),0.10,0.42,1.1,,CC(C)(C)OC(=O)c1ccc(Br)cc1,CCC([Li])C,CC(C)(C)OC(=O)c1ccc([Li])cc1,CO,CC(C)(C)OC(=O)c1ccc([Li])cc1
Nagaki et al. 2010 - A flow microreactor system enables organolithium reactions without protecting alkoxycarbonyl groups,62,halogen-metal exchange,tetrahydrofuran,flow microreactor,10.1002/chem.201000876,2010.0,tR1,0.316,,-60,,tert-butyl p-bromobenzoate,s-BuLi,tert-butyl 4-(lithio)benzoate (aryllithium),ROH (alcohol quench),quench_probe,tert-butyl 4-(lithio)benzoate (aryllithium intermediate),0.10,0.42,1.1,,CC(C)(C)OC(=O)c1ccc(Br)cc1,CCC([Li])C,CC(C)(C)OC(=O)c1ccc([Li])cc1,CO,CC(C)(C)OC(=O)c1ccc([Li])cc1
Nagaki et al. 2010 - A flow microreactor system enables organolithium reactions without protecting alkoxycarbonyl groups,55,halogen-metal exchange,tetrahydrofuran,flow microreactor,10.1002/chem.201000876,2010.0,tR1,1.0,,-60,,tert-butyl p-bromobenzoate,s-BuLi,tert-butyl 4-(lithio)benzoate (aryllithium),ROH (alcohol quench),quench_probe,tert-butyl 4-(lithio)benzoate (aryllithium intermediate),0.10,0.42,1.1,,CC(C)(C)OC(=O)c1ccc(Br)cc1,CCC([Li])C,CC(C)(C)OC(=O)c1ccc([Li])cc1,CO,CC(C)(C)OC(=O)c1ccc([Li])cc1
Nagaki et al. 2010 - A flow microreactor system enables organolithium reactions without protecting alkoxycarbonyl groups,49,halogen-metal exchange,tetrahydrofuran,flow microreactor,10.1002/chem.201000876,2010.0,tR1,3.16,,-60,,tert-butyl p-bromobenzoate,s-BuLi,tert-butyl 4-(lithio)benzoate (aryllithium),ROH (alcohol quench),quench_probe,tert-butyl 4-(lithio)benzoate (aryllithium intermediate),0.10,0.42,1.1,,CC(C)(C)OC(=O)c1ccc(Br)cc1,CCC([Li])C,CC(C)(C)OC(=O)c1ccc([Li])cc1,CO,CC(C)(C)OC(=O)c1ccc([Li])cc1
Nagaki et al. 2010 - A flow microreactor system enables organolithium reactions without protecting alkoxycarbonyl groups,33,halogen-metal exchange,tetrahydrofuran,flow microreactor,10.1002/chem.201000876,2010.0,tR1,31.6,,-60,,tert-butyl p-bromobenzoate,s-BuLi,tert-butyl 4-(lithio)benzoate (aryllithium),ROH (alcohol quench),quench_probe,tert-butyl 4-(lithio)benzoate (aryllithium intermediate),0.10,0.42,1.1,,CC(C)(C)OC(=O)c1ccc(Br)cc1,CCC([Li])C,CC(C)(C)OC(=O)c1ccc([Li])cc1,CO,CC(C)(C)OC(=O)c1ccc([Li])cc1
Nagaki et al. 2010 - A flow microreactor system enables organolithium reactions without protecting alkoxycarbonyl groups,33,halogen-metal exchange,tetrahydrofuran,flow microreactor,10.1002/chem.201000876,2010.0,tR1,0.0316,,-78,,tert-butyl p-bromobenzoate,s-BuLi,tert-butyl 4-(lithio)benzoate (aryllithium),ROH (alcohol quench),quench_probe,tert-butyl 4-(lithio)benzoate (aryllithium intermediate),0.10,0.42,1.1,,CC(C)(C)OC(=O)c1ccc(Br)cc1,CCC([Li])C,CC(C)(C)OC(=O)c1ccc([Li])cc1,CO,CC(C)(C)OC(=O)c1ccc([Li])cc1
Nagaki et al. 2010 - A flow microreactor system enables organolithium reactions without protecting alkoxycarbonyl groups,33,halogen-metal exchange,tetrahydrofuran,flow microreactor,10.1002/chem.201000876,2010.0,tR1,0.0316,,-78,,tert-butyl p-bromobenzoate,s-BuLi,tert-butyl 4-(lithio)benzoate (aryllithium),ROH (alcohol quench),quench_probe,tert-butyl 4-(lithio)benzoate (aryllithium intermediate),0.10,0.42,1.1,,CC(C)(C)OC(=O)c1ccc(Br)cc1,CCC([Li])C,CC(C)(C)OC(=O)c1ccc([Li])cc1,CO,CC(C)(C)OC(=O)c1ccc([Li])cc1
Nagaki et al. 2010 - A flow microreactor system enables organolithium reactions without protecting alkoxycarbonyl groups,33,halogen-metal exchange,tetrahydrofuran,flow microreactor,10.1002/chem.201000876,2010.0,tR1,0.1,,-78,,tert-butyl p-bromobenzoate,s-BuLi,tert-butyl 4-(lithio)benzoate (aryllithium),ROH (alcohol quench),quench_probe,tert-butyl 4-(lithio)benzoate (aryllithium intermediate),0.10,0.42,1.1,,CC(C)(C)OC(=O)c1ccc(Br)cc1,CCC([Li])C,CC(C)(C)OC(=O)c1ccc([Li])cc1,CO,CC(C)(C)OC(=O)c1ccc([Li])cc1
Nagaki et al. 2010 - A flow microreactor system enables organolithium reactions without protecting alkoxycarbonyl groups,41,halogen-metal exchange,tetrahydrofuran,flow microreactor,10.1002/chem.201000876,2010.0,tR1,0.316,,-78,,tert-butyl p-bromobenzoate,s-BuLi,tert-butyl 4-(lithio)benzoate (aryllithium),ROH (alcohol quench),quench_probe,tert-butyl 4-(lithio)benzoate (aryllithium intermediate),0.10,0.42,1.1,,CC(C)(C)OC(=O)c1ccc(Br)cc1,CCC([Li])C,CC(C)(C)OC(=O)c1ccc([Li])cc1,CO,CC(C)(C)OC(=O)c1ccc([Li])cc1
Nagaki et al. 2010 - A flow microreactor system enables organolithium reactions without protecting alkoxycarbonyl groups,49,halogen-metal exchange,tetrahydrofuran,flow microreactor,10.1002/chem.201000876,2010.0,tR1,1.0,,-78,,tert-butyl p-bromobenzoate,s-BuLi,tert-butyl 4-(lithio)benzoate (aryllithium),ROH (alcohol quench),quench_probe,tert-butyl 4-(lithio)benzoate (aryllithium intermediate),0.10,0.42,1.1,,CC(C)(C)OC(=O)c1ccc(Br)cc1,CCC([Li])C,CC(C)(C)OC(=O)c1ccc([Li])cc1,CO,CC(C)(C)OC(=O)c1ccc([Li])cc1
Nagaki et al. 2010 - A flow microreactor system enables organolithium reactions without protecting alkoxycarbonyl groups,46,halogen-metal exchange,tetrahydrofuran,flow microreactor,10.1002/chem.201000876,2010.0,tR1,3.16,,-78,,tert-butyl p-bromobenzoate,s-BuLi,tert-butyl 4-(lithio)benzoate (aryllithium),ROH (alcohol quench),quench_probe,tert-butyl 4-(lithio)benzoate (aryllithium intermediate),0.10,0.42,1.1,,CC(C)(C)OC(=O)c1ccc(Br)cc1,CCC([Li])C,CC(C)(C)OC(=O)c1ccc([Li])cc1,CO,CC(C)(C)OC(=O)c1ccc([Li])cc1
Nagaki et al. 2010 - A flow microreactor system enables organolithium reactions without protecting alkoxycarbonyl groups,34,halogen-metal exchange,tetrahydrofuran,flow microreactor,10.1002/chem.201000876,2010.0,tR1,31.6,,-78,,tert-butyl p-bromobenzoate,s-BuLi,tert-butyl 4-(lithio)benzoate (aryllithium),ROH (alcohol quench),quench_probe,tert-butyl 4-(lithio)benzoate (aryllithium intermediate),0.10,0.42,1.1,,CC(C)(C)OC(=O)c1ccc(Br)cc1,CCC([Li])C,CC(C)(C)OC(=O)c1ccc([Li])cc1,CO,CC(C)(C)OC(=O)c1ccc([Li])cc1
Nagaki et al. 2010 - Generation and reaction of cyano-substituted aryllithium compounds using microreactors,82,halogen-metal exchange,tetrahydrofuran,,10.1039/b919325c,2009.0,tR1,0.0316,,20,,,n-BuLi,p-lithiobenzonitrile (from 1c),MeOH (methanol quench),quench_probe,lithiobenzonitrile (cyano-aryllithium),0.10,,1.1,,,CCCC[Li],N#Cc1ccc([Li])cc1,CO,N#Cc1ccc([Li])cc1
Nagaki et al. 2010 - Generation and reaction of cyano-substituted aryllithium compounds using microreactors,78,halogen-metal exchange,tetrahydrofuran,,10.1039/b919325c,2009.0,tR1,0.1,,20,,,n-BuLi,p-lithiobenzonitrile (from 1c),MeOH (methanol quench),quench_probe,lithiobenzonitrile (cyano-aryllithium),0.10,,1.1,,,CCCC[Li],N#Cc1ccc([Li])cc1,CO,N#Cc1ccc([Li])cc1
Nagaki et al. 2010 - Generation and reaction of cyano-substituted aryllithium compounds using microreactors,78,halogen-metal exchange,tetrahydrofuran,,10.1039/b919325c,2009.0,tR1,0.316,,20,,,n-BuLi,p-lithiobenzonitrile (from 1c),MeOH (methanol quench),quench_probe,lithiobenzonitrile (cyano-aryllithium),0.10,,1.1,,,CCCC[Li],N#Cc1ccc([Li])cc1,CO,N#Cc1ccc([Li])cc1
Nagaki et al. 2010 - Generation and reaction of cyano-substituted aryllithium compounds using microreactors,72,halogen-metal exchange,tetrahydrofuran,,10.1039/b919325c,2009.0,tR1,1.0,,20,,,n-BuLi,p-lithiobenzonitrile (from 1c),MeOH (methanol quench),quench_probe,lithiobenzonitrile (cyano-aryllithium),0.10,,1.1,,,CCCC[Li],N#Cc1ccc([Li])cc1,CO,N#Cc1ccc([Li])cc1
Nagaki et al. 2010 - Generation and reaction of cyano-substituted aryllithium compounds using microreactors,77,halogen-metal exchange,tetrahydrofuran,,10.1039/b919325c,2009.0,tR1,3.16,,20,,,n-BuLi,p-lithiobenzonitrile (from 1c),MeOH (methanol quench),quench_probe,lithiobenzonitrile (cyano-aryllithium),0.10,,1.1,,,CCCC[Li],N#Cc1ccc([Li])cc1,CO,N#Cc1ccc([Li])cc1
Nagaki et al. 2010 - Generation and reaction of cyano-substituted aryllithium compounds using microreactors,48,halogen-metal exchange,tetrahydrofuran,,10.1039/b919325c,2009.0,tR1,31.6,,20,,,n-BuLi,p-lithiobenzonitrile (from 1c),MeOH (methanol quench),quench_probe,lithiobenzonitrile (cyano-aryllithium),0.10,,1.1,,,CCCC[Li],N#Cc1ccc([Li])cc1,CO,N#Cc1ccc([Li])cc1
Nagaki et al. 2010 - Generation and reaction of cyano-substituted aryllithium compounds using microreactors,88,halogen-metal exchange,tetrahydrofuran,,10.1039/b919325c,2009.0,tR1,0.0316,,0,,,n-BuLi,p-lithiobenzonitrile (from 1c),MeOH (methanol quench),quench_probe,lithiobenzonitrile (cyano-aryllithium),0.10,,1.1,,,CCCC[Li],N#Cc1ccc([Li])cc1,CO,N#Cc1ccc([Li])cc1
Nagaki et al. 2010 - Generation and reaction of cyano-substituted aryllithium compounds using microreactors,82,halogen-metal exchange,tetrahydrofuran,,10.1039/b919325c,2009.0,tR1,0.1,,0,,,n-BuLi,p-lithiobenzonitrile (from 1c),MeOH (methanol quench),quench_probe,lithiobenzonitrile (cyano-aryllithium),0.10,,1.1,,,CCCC[Li],N#Cc1ccc([Li])cc1,CO,N#Cc1ccc([Li])cc1
Nagaki et al. 2010 - Generation and reaction of cyano-substituted aryllithium compounds using microreactors,85,halogen-metal exchange,tetrahydrofuran,,10.1039/b919325c,2009.0,tR1,0.316,,0,,,n-BuLi,p-lithiobenzonitrile (from 1c),MeOH (methanol quench),quench_probe,lithiobenzonitrile (cyano-aryllithium),0.10,,1.1,,,CCCC[Li],N#Cc1ccc([Li])cc1,CO,N#Cc1ccc([Li])cc1
Nagaki et al. 2010 - Generation and reaction of cyano-substituted aryllithium compounds using microreactors,82,halogen-metal exchange,tetrahydrofuran,,10.1039/b919325c,2009.0,tR1,1.0,,0,,,n-BuLi,p-lithiobenzonitrile (from 1c),MeOH (methanol quench),quench_probe,lithiobenzonitrile (cyano-aryllithium),0.10,,1.1,,,CCCC[Li],N#Cc1ccc([Li])cc1,CO,N#Cc1ccc([Li])cc1
Nagaki et al. 2010 - Generation and reaction of cyano-substituted aryllithium compounds using microreactors,84,halogen-metal exchange,tetrahydrofuran,,10.1039/b919325c,2009.0,tR1,3.16,,0,,,n-BuLi,p-lithiobenzonitrile (from 1c),MeOH (methanol quench),quench_probe,lithiobenzonitrile (cyano-aryllithium),0.10,,1.1,,,CCCC[Li],N#Cc1ccc([Li])cc1,CO,N#Cc1ccc([Li])cc1
Nagaki et al. 2010 - Generation and reaction of cyano-substituted aryllithium compounds using microreactors,57,halogen-metal exchange,tetrahydrofuran,,10.1039/b919325c,2009.0,tR1,31.6,,0,,,n-BuLi,p-lithiobenzonitrile (from 1c),MeOH (methanol quench),quench_probe,lithiobenzonitrile (cyano-aryllithium),0.10,,1.1,,,CCCC[Li],N#Cc1ccc([Li])cc1,CO,N#Cc1ccc([Li])cc1
Nagaki et al. 2010 - Generation and reaction of cyano-substituted aryllithium compounds using microreactors,87,halogen-metal exchange,tetrahydrofuran,,10.1039/b919325c,2009.0,tR1,0.0316,,-30,,,n-BuLi,p-lithiobenzonitrile (from 1c),MeOH (methanol quench),quench_probe,lithiobenzonitrile (cyano-aryllithium),0.10,,1.1,,,CCCC[Li],N#Cc1ccc([Li])cc1,CO,N#Cc1ccc([Li])cc1
Nagaki et al. 2010 - Generation and reaction of cyano-substituted aryllithium compounds using microreactors,89,halogen-metal exchange,tetrahydrofuran,,10.1039/b919325c,2009.0,tR1,0.1,,-30,,,n-BuLi,p-lithiobenzonitrile (from 1c),MeOH (methanol quench),quench_probe,lithiobenzonitrile (cyano-aryllithium),0.10,,1.1,,,CCCC[Li],N#Cc1ccc([Li])cc1,CO,N#Cc1ccc([Li])cc1
Nagaki et al. 2010 - Generation and reaction of cyano-substituted aryllithium compounds using microreactors,87,halogen-metal exchange,tetrahydrofuran,,10.1039/b919325c,2009.0,tR1,0.316,,-30,,,n-BuLi,p-lithiobenzonitrile (from 1c),MeOH (methanol quench),quench_probe,lithiobenzonitrile (cyano-aryllithium),0.10,,1.1,,,CCCC[Li],N#Cc1ccc([Li])cc1,CO,N#Cc1ccc([Li])cc1
Nagaki et al. 2010 - Generation and reaction of cyano-substituted aryllithium compounds using microreactors,88,halogen-metal exchange,tetrahydrofuran,,10.1039/b919325c,2009.0,tR1,1.0,,-30,,,n-BuLi,p-lithiobenzonitrile (from 1c),MeOH (methanol quench),quench_probe,lithiobenzonitrile (cyano-aryllithium),0.10,,1.1,,,CCCC[Li],N#Cc1ccc([Li])cc1,CO,N#Cc1ccc([Li])cc1
Nagaki et al. 2010 - Generation and reaction of cyano-substituted aryllithium compounds using microreactors,88,halogen-metal exchange,tetrahydrofuran,,10.1039/b919325c,2009.0,tR1,3.16,,-30,,,n-BuLi,p-lithiobenzonitrile (from 1c),MeOH (methanol quench),quench_probe,lithiobenzonitrile (cyano-aryllithium),0.10,,1.1,,,CCCC[Li],N#Cc1ccc([Li])cc1,CO,N#Cc1ccc([Li])cc1
Nagaki et al. 2010 - Generation and reaction of cyano-substituted aryllithium compounds using microreactors,85,halogen-metal exchange,tetrahydrofuran,,10.1039/b919325c,2009.0,tR1,31.6,,-30,,,n-BuLi,p-lithiobenzonitrile (from 1c),MeOH (methanol quench),quench_probe,lithiobenzonitrile (cyano-aryllithium),0.10,,1.1,,,CCCC[Li],N#Cc1ccc([Li])cc1,CO,N#Cc1ccc([Li])cc1
Nagaki et al. 2010 - Generation and reaction of cyano-substituted aryllithium compounds using microreactors,33,halogen-metal exchange,tetrahydrofuran,,10.1039/b919325c,2009.0,tR1,0.0316,,-50,,,n-BuLi,p-lithiobenzonitrile (from 1c),MeOH (methanol quench),quench_probe,lithiobenzonitrile (cyano-aryllithium),0.10,,1.1,,,CCCC[Li],N#Cc1ccc([Li])cc1,CO,N#Cc1ccc([Li])cc1
Nagaki et al. 2010 - Generation and reaction of cyano-substituted aryllithium compounds using microreactors,63,halogen-metal exchange,tetrahydrofuran,,10.1039/b919325c,2009.0,tR1,0.1,,-50,,,n-BuLi,p-lithiobenzonitrile (from 1c),MeOH (methanol quench),quench_probe,lithiobenzonitrile (cyano-aryllithium),0.10,,1.1,,,CCCC[Li],N#Cc1ccc([Li])cc1,CO,N#Cc1ccc([Li])cc1
Nagaki et al. 2010 - Generation and reaction of cyano-substituted aryllithium compounds using microreactors,85,halogen-metal exchange,tetrahydrofuran,,10.1039/b919325c,2009.0,tR1,0.316,,-50,,,n-BuLi,p-lithiobenzonitrile (from 1c),MeOH (methanol quench),quench_probe,lithiobenzonitrile (cyano-aryllithium),0.10,,1.1,,,CCCC[Li],N#Cc1ccc([Li])cc1,CO,N#Cc1ccc([Li])cc1
Nagaki et al. 2010 - Generation and reaction of cyano-substituted aryllithium compounds using microreactors,86,halogen-metal exchange,tetrahydrofuran,,10.1039/b919325c,2009.0,tR1,1.0,,-50,,,n-BuLi,p-lithiobenzonitrile (from 1c),MeOH (methanol quench),quench_probe,lithiobenzonitrile (cyano-aryllithium),0.10,,1.1,,,CCCC[Li],N#Cc1ccc([Li])cc1,CO,N#Cc1ccc([Li])cc1
Nagaki et al. 2010 - Generation and reaction of cyano-substituted aryllithium compounds using microreactors,89,halogen-metal exchange,tetrahydrofuran,,10.1039/b919325c,2009.0,tR1,3.16,,-50,,,n-BuLi,p-lithiobenzonitrile (from 1c),MeOH (methanol quench),quench_probe,lithiobenzonitrile (cyano-aryllithium),0.10,,1.1,,,CCCC[Li],N#Cc1ccc([Li])cc1,CO,N#Cc1ccc([Li])cc1
Nagaki et al. 2010 - Generation and reaction of cyano-substituted aryllithium compounds using microreactors,86,halogen-metal exchange,tetrahydrofuran,,10.1039/b919325c,2009.0,tR1,31.6,,-50,,,n-BuLi,p-lithiobenzonitrile (from 1c),MeOH (methanol quench),quench_probe,lithiobenzonitrile (cyano-aryllithium),0.10,,1.1,,,CCCC[Li],N#Cc1ccc([Li])cc1,CO,N#Cc1ccc([Li])cc1
Nagaki et al. 2010 - Generation and reaction of cyano-substituted aryllithium compounds using microreactors,17,halogen-metal exchange,tetrahydrofuran,,10.1039/b919325c,2009.0,tR1,0.0316,,-60,,,n-BuLi,p-lithiobenzonitrile (from 1c),MeOH (methanol quench),quench_probe,lithiobenzonitrile (cyano-aryllithium),0.10,,1.1,,,CCCC[Li],N#Cc1ccc([Li])cc1,CO,N#Cc1ccc([Li])cc1
Nagaki et al. 2010 - Generation and reaction of cyano-substituted aryllithium compounds using microreactors,31,halogen-metal exchange,tetrahydrofuran,,10.1039/b919325c,2009.0,tR1,0.1,,-60,,,n-BuLi,p-lithiobenzonitrile (from 1c),MeOH (methanol quench),quench_probe,lithiobenzonitrile (cyano-aryllithium),0.10,,1.1,,,CCCC[Li],N#Cc1ccc([Li])cc1,CO,N#Cc1ccc([Li])cc1
Nagaki et al. 2010 - Generation and reaction of cyano-substituted aryllithium compounds using microreactors,51,halogen-metal exchange,tetrahydrofuran,,10.1039/b919325c,2009.0,tR1,0.316,,-60,,,n-BuLi,p-lithiobenzonitrile (from 1c),MeOH (methanol quench),quench_probe,lithiobenzonitrile (cyano-aryllithium),0.10,,1.1,,,CCCC[Li],N#Cc1ccc([Li])cc1,CO,N#Cc1ccc([Li])cc1
Nagaki et al. 2010 - Generation and reaction of cyano-substituted aryllithium compounds using microreactors,79,halogen-metal exchange,tetrahydrofuran,,10.1039/b919325c,2009.0,tR1,1.0,,-60,,,n-BuLi,p-lithiobenzonitrile (from 1c),MeOH (methanol quench),quench_probe,lithiobenzonitrile (cyano-aryllithium),0.10,,1.1,,,CCCC[Li],N#Cc1ccc([Li])cc1,CO,N#Cc1ccc([Li])cc1
Nagaki et al. 2010 - Generation and reaction of cyano-substituted aryllithium compounds using microreactors,87,halogen-metal exchange,tetrahydrofuran,,10.1039/b919325c,2009.0,tR1,3.16,,-60,,,n-BuLi,p-lithiobenzonitrile (from 1c),MeOH (methanol quench),quench_probe,lithiobenzonitrile (cyano-aryllithium),0.10,,1.1,,,CCCC[Li],N#Cc1ccc([Li])cc1,CO,N#Cc1ccc([Li])cc1
Nagaki et al. 2010 - Generation and reaction of cyano-substituted aryllithium compounds using microreactors,91,halogen-metal exchange,tetrahydrofuran,,10.1039/b919325c,2009.0,tR1,31.6,,-60,,,n-BuLi,p-lithiobenzonitrile (from 1c),MeOH (methanol quench),quench_probe,lithiobenzonitrile (cyano-aryllithium),0.10,,1.1,,,CCCC[Li],N#Cc1ccc([Li])cc1,CO,N#Cc1ccc([Li])cc1
Nagaki et al. 2010 - Generation and reaction of cyano-substituted aryllithium compounds using microreactors,5,halogen-metal exchange,tetrahydrofuran,,10.1039/b919325c,2009.0,tR1,0.0316,,-78,,,n-BuLi,p-lithiobenzonitrile (from 1c),MeOH (methanol quench),quench_probe,lithiobenzonitrile (cyano-aryllithium),0.10,,1.1,,,CCCC[Li],N#Cc1ccc([Li])cc1,CO,N#Cc1ccc([Li])cc1
Nagaki et al. 2010 - Generation and reaction of cyano-substituted aryllithium compounds using microreactors,6,halogen-metal exchange,tetrahydrofuran,,10.1039/b919325c,2009.0,tR1,0.1,,-78,,,n-BuLi,p-lithiobenzonitrile (from 1c),MeOH (methanol quench),quench_probe,lithiobenzonitrile (cyano-aryllithium),0.10,,1.1,,,CCCC[Li],N#Cc1ccc([Li])cc1,CO,N#Cc1ccc([Li])cc1
Nagaki et al. 2010 - Generation and reaction of cyano-substituted aryllithium compounds using microreactors,30,halogen-metal exchange,tetrahydrofuran,,10.1039/b919325c,2009.0,tR1,0.316,,-78,,,n-BuLi,p-lithiobenzonitrile (from 1c),MeOH (methanol quench),quench_probe,lithiobenzonitrile (cyano-aryllithium),0.10,,1.1,,,CCCC[Li],N#Cc1ccc([Li])cc1,CO,N#Cc1ccc([Li])cc1
Nagaki et al. 2010 - Generation and reaction of cyano-substituted aryllithium compounds using microreactors,35,halogen-metal exchange,tetrahydrofuran,,10.1039/b919325c,2009.0,tR1,1.0,,-78,,,n-BuLi,p-lithiobenzonitrile (from 1c),MeOH (methanol quench),quench_probe,lithiobenzonitrile (cyano-aryllithium),0.10,,1.1,,,CCCC[Li],N#Cc1ccc([Li])cc1,CO,N#Cc1ccc([Li])cc1
Nagaki et al. 2010 - Generation and reaction of cyano-substituted aryllithium compounds using microreactors,47,halogen-metal exchange,tetrahydrofuran,,10.1039/b919325c,2009.0,tR1,3.16,,-78,,,n-BuLi,p-lithiobenzonitrile (from 1c),MeOH (methanol quench),quench_probe,lithiobenzonitrile (cyano-aryllithium),0.10,,1.1,,,CCCC[Li],N#Cc1ccc([Li])cc1,CO,N#Cc1ccc([Li])cc1
Nagaki et al. 2010 - Generation and reaction of cyano-substituted aryllithium compounds using microreactors,92,halogen-metal exchange,tetrahydrofuran,,10.1039/b919325c,2009.0,tR1,31.6,,-78,,,n-BuLi,p-lithiobenzonitrile (from 1c),MeOH (methanol quench),quench_probe,lithiobenzonitrile (cyano-aryllithium),0.10,,1.1,,,CCCC[Li],N#Cc1ccc([Li])cc1,CO,N#Cc1ccc([Li])cc1
Nagaki et al. 2010 - Generation and reaction of cyano-substituted aryllithium compounds using microreactors,90,halogen-metal exchange,tetrahydrofuran,,10.1039/b919325c,2009.0,tR1,0.0316,,20,,,n-BuLi,o-lithiobenzonitrile (from 1a),MeOH (methanol quench),quench_probe,lithiobenzonitrile (cyano-aryllithium),0.10,,1.1,,,CCCC[Li],N#Cc1ccccc1[Li],CO,N#Cc1ccc([Li])cc1
Nagaki et al. 2010 - Generation and reaction of cyano-substituted aryllithium compounds using microreactors,82,halogen-metal exchange,tetrahydrofuran,,10.1039/b919325c,2009.0,tR1,0.1,,20,,,n-BuLi,o-lithiobenzonitrile (from 1a),MeOH (methanol quench),quench_probe,lithiobenzonitrile (cyano-aryllithium),0.10,,1.1,,,CCCC[Li],N#Cc1ccccc1[Li],CO,N#Cc1ccc([Li])cc1
Nagaki et al. 2010 - Generation and reaction of cyano-substituted aryllithium compounds using microreactors,83,halogen-metal exchange,tetrahydrofuran,,10.1039/b919325c,2009.0,tR1,0.316,,20,,,n-BuLi,o-lithiobenzonitrile (from 1a),MeOH (methanol quench),quench_probe,lithiobenzonitrile (cyano-aryllithium),0.10,,1.1,,,CCCC[Li],N#Cc1ccccc1[Li],CO,N#Cc1ccc([Li])cc1
Nagaki et al. 2010 - Generation and reaction of cyano-substituted aryllithium compounds using microreactors,82,halogen-metal exchange,tetrahydrofuran,,10.1039/b919325c,2009.0,tR1,1.0,,20,,,n-BuLi,o-lithiobenzonitrile (from 1a),MeOH (methanol quench),quench_probe,lithiobenzonitrile (cyano-aryllithium),0.10,,1.1,,,CCCC[Li],N#Cc1ccccc1[Li],CO,N#Cc1ccc([Li])cc1
Nagaki et al. 2010 - Generation and reaction of cyano-substituted aryllithium compounds using microreactors,80,halogen-metal exchange,tetrahydrofuran,,10.1039/b919325c,2009.0,tR1,3.16,,20,,,n-BuLi,o-lithiobenzonitrile (from 1a),MeOH (methanol quench),quench_probe,lithiobenzonitrile (cyano-aryllithium),0.10,,1.1,,,CCCC[Li],N#Cc1ccccc1[Li],CO,N#Cc1ccc([Li])cc1
Nagaki et al. 2010 - Generation and reaction of cyano-substituted aryllithium compounds using microreactors,71,halogen-metal exchange,tetrahydrofuran,,10.1039/b919325c,2009.0,tR1,31.6,,20,,,n-BuLi,o-lithiobenzonitrile (from 1a),MeOH (methanol quench),quench_probe,lithiobenzonitrile (cyano-aryllithium),0.10,,1.1,,,CCCC[Li],N#Cc1ccccc1[Li],CO,N#Cc1ccc([Li])cc1
Nagaki et al. 2010 - Generation and reaction of cyano-substituted aryllithium compounds using microreactors,92,halogen-metal exchange,tetrahydrofuran,,10.1039/b919325c,2009.0,tR1,0.0316,,0,,,n-BuLi,o-lithiobenzonitrile (from 1a),MeOH (methanol quench),quench_probe,lithiobenzonitrile (cyano-aryllithium),0.10,,1.1,,,CCCC[Li],N#Cc1ccccc1[Li],CO,N#Cc1ccc([Li])cc1
Nagaki et al. 2010 - Generation and reaction of cyano-substituted aryllithium compounds using microreactors,82,halogen-metal exchange,tetrahydrofuran,,10.1039/b919325c,2009.0,tR1,0.1,,0,,,n-BuLi,o-lithiobenzonitrile (from 1a),MeOH (methanol quench),quench_probe,lithiobenzonitrile (cyano-aryllithium),0.10,,1.1,,,CCCC[Li],N#Cc1ccccc1[Li],CO,N#Cc1ccc([Li])cc1
Nagaki et al. 2010 - Generation and reaction of cyano-substituted aryllithium compounds using microreactors,88,halogen-metal exchange,tetrahydrofuran,,10.1039/b919325c,2009.0,tR1,0.316,,0,,,n-BuLi,o-lithiobenzonitrile (from 1a),MeOH (methanol quench),quench_probe,lithiobenzonitrile (cyano-aryllithium),0.10,,1.1,,,CCCC[Li],N#Cc1ccccc1[Li],CO,N#Cc1ccc([Li])cc1
Nagaki et al. 2010 - Generation and reaction of cyano-substituted aryllithium compounds using microreactors,82,halogen-metal exchange,tetrahydrofuran,,10.1039/b919325c,2009.0,tR1,1.0,,0,,,n-BuLi,o-lithiobenzonitrile (from 1a),MeOH (methanol quench),quench_probe,lithiobenzonitrile (cyano-aryllithium),0.10,,1.1,,,CCCC[Li],N#Cc1ccccc1[Li],CO,N#Cc1ccc([Li])cc1
Nagaki et al. 2010 - Generation and reaction of cyano-substituted aryllithium compounds using microreactors,87,halogen-metal exchange,tetrahydrofuran,,10.1039/b919325c,2009.0,tR1,3.16,,0,,,n-BuLi,o-lithiobenzonitrile (from 1a),MeOH (methanol quench),quench_probe,lithiobenzonitrile (cyano-aryllithium),0.10,,1.1,,,CCCC[Li],N#Cc1ccccc1[Li],CO,N#Cc1ccc([Li])cc1
Nagaki et al. 2010 - Generation and reaction of cyano-substituted aryllithium compounds using microreactors,83,halogen-metal exchange,tetrahydrofuran,,10.1039/b919325c,2009.0,tR1,31.6,,0,,,n-BuLi,o-lithiobenzonitrile (from 1a),MeOH (methanol quench),quench_probe,lithiobenzonitrile (cyano-aryllithium),0.10,,1.1,,,CCCC[Li],N#Cc1ccccc1[Li],CO,N#Cc1ccc([Li])cc1
Nagaki et al. 2010 - Generation and reaction of cyano-substituted aryllithium compounds using microreactors,89,halogen-metal exchange,tetrahydrofuran,,10.1039/b919325c,2009.0,tR1,0.0316,,-30,,,n-BuLi,o-lithiobenzonitrile (from 1a),MeOH (methanol quench),quench_probe,lithiobenzonitrile (cyano-aryllithium),0.10,,1.1,,,CCCC[Li],N#Cc1ccccc1[Li],CO,N#Cc1ccc([Li])cc1
Nagaki et al. 2010 - Generation and reaction of cyano-substituted aryllithium compounds using microreactors,88,halogen-metal exchange,tetrahydrofuran,,10.1039/b919325c,2009.0,tR1,0.1,,-30,,,n-BuLi,o-lithiobenzonitrile (from 1a),MeOH (methanol quench),quench_probe,lithiobenzonitrile (cyano-aryllithium),0.10,,1.1,,,CCCC[Li],N#Cc1ccccc1[Li],CO,N#Cc1ccc([Li])cc1
Nagaki et al. 2010 - Generation and reaction of cyano-substituted aryllithium compounds using microreactors,85,halogen-metal exchange,tetrahydrofuran,,10.1039/b919325c,2009.0,tR1,0.316,,-30,,,n-BuLi,o-lithiobenzonitrile (from 1a),MeOH (methanol quench),quench_probe,lithiobenzonitrile (cyano-aryllithium),0.10,,1.1,,,CCCC[Li],N#Cc1ccccc1[Li],CO,N#Cc1ccc([Li])cc1
Nagaki et al. 2010 - Generation and reaction of cyano-substituted aryllithium compounds using microreactors,84,halogen-metal exchange,tetrahydrofuran,,10.1039/b919325c,2009.0,tR1,1.0,,-30,,,n-BuLi,o-lithiobenzonitrile (from 1a),MeOH (methanol quench),quench_probe,lithiobenzonitrile (cyano-aryllithium),0.10,,1.1,,,CCCC[Li],N#Cc1ccccc1[Li],CO,N#Cc1ccc([Li])cc1
Nagaki et al. 2010 - Generation and reaction of cyano-substituted aryllithium compounds using microreactors,86,halogen-metal exchange,tetrahydrofuran,,10.1039/b919325c,2009.0,tR1,3.16,,-30,,,n-BuLi,o-lithiobenzonitrile (from 1a),MeOH (methanol quench),quench_probe,lithiobenzonitrile (cyano-aryllithium),0.10,,1.1,,,CCCC[Li],N#Cc1ccccc1[Li],CO,N#Cc1ccc([Li])cc1
Nagaki et al. 2010 - Generation and reaction of cyano-substituted aryllithium compounds using microreactors,84,halogen-metal exchange,tetrahydrofuran,,10.1039/b919325c,2009.0,tR1,31.6,,-30,,,n-BuLi,o-lithiobenzonitrile (from 1a),MeOH (methanol quench),quench_probe,lithiobenzonitrile (cyano-aryllithium),0.10,,1.1,,,CCCC[Li],N#Cc1ccccc1[Li],CO,N#Cc1ccc([Li])cc1
Nagaki et al. 2010 - Generation and reaction of cyano-substituted aryllithium compounds using microreactors,25,halogen-metal exchange,tetrahydrofuran,,10.1039/b919325c,2009.0,tR1,0.0316,,-50,,,n-BuLi,o-lithiobenzonitrile (from 1a),MeOH (methanol quench),quench_probe,lithiobenzonitrile (cyano-aryllithium),0.10,,1.1,,,CCCC[Li],N#Cc1ccccc1[Li],CO,N#Cc1ccc([Li])cc1
Nagaki et al. 2010 - Generation and reaction of cyano-substituted aryllithium compounds using microreactors,72,halogen-metal exchange,tetrahydrofuran,,10.1039/b919325c,2009.0,tR1,0.1,,-50,,,n-BuLi,o-lithiobenzonitrile (from 1a),MeOH (methanol quench),quench_probe,lithiobenzonitrile (cyano-aryllithium),0.10,,1.1,,,CCCC[Li],N#Cc1ccccc1[Li],CO,N#Cc1ccc([Li])cc1
Nagaki et al. 2010 - Generation and reaction of cyano-substituted aryllithium compounds using microreactors,93,halogen-metal exchange,tetrahydrofuran,,10.1039/b919325c,2009.0,tR1,0.316,,-50,,,n-BuLi,o-lithiobenzonitrile (from 1a),MeOH (methanol quench),quench_probe,lithiobenzonitrile (cyano-aryllithium),0.10,,1.1,,,CCCC[Li],N#Cc1ccccc1[Li],CO,N#Cc1ccc([Li])cc1
Nagaki et al. 2010 - Generation and reaction of cyano-substituted aryllithium compounds using microreactors,86,halogen-metal exchange,tetrahydrofuran,,10.1039/b919325c,2009.0,tR1,1.0,,-50,,,n-BuLi,o-lithiobenzonitrile (from 1a),MeOH (methanol quench),quench_probe,lithiobenzonitrile (cyano-aryllithium),0.10,,1.1,,,CCCC[Li],N#Cc1ccccc1[Li],CO,N#Cc1ccc([Li])cc1
Nagaki et al. 2010 - Generation and reaction of cyano-substituted aryllithium compounds using microreactors,92,halogen-metal exchange,tetrahydrofuran,,10.1039/b919325c,2009.0,tR1,3.16,,-50,,,n-BuLi,o-lithiobenzonitrile (from 1a),MeOH (methanol quench),quench_probe,lithiobenzonitrile (cyano-aryllithium),0.10,,1.1,,,CCCC[Li],N#Cc1ccccc1[Li],CO,N#Cc1ccc([Li])cc1
Nagaki et al. 2010 - Generation and reaction of cyano-substituted aryllithium compounds using microreactors,85,halogen-metal exchange,tetrahydrofuran,,10.1039/b919325c,2009.0,tR1,31.6,,-50,,,n-BuLi,o-lithiobenzonitrile (from 1a),MeOH (methanol quench),quench_probe,lithiobenzonitrile (cyano-aryllithium),0.10,,1.1,,,CCCC[Li],N#Cc1ccccc1[Li],CO,N#Cc1ccc([Li])cc1
Nagaki et al. 2010 - Generation and reaction of cyano-substituted aryllithium compounds using microreactors,13,halogen-metal exchange,tetrahydrofuran,,10.1039/b919325c,2009.0,tR1,0.0316,,-60,,,n-BuLi,o-lithiobenzonitrile (from 1a),MeOH (methanol quench),quench_probe,lithiobenzonitrile (cyano-aryllithium),0.10,,1.1,,,CCCC[Li],N#Cc1ccccc1[Li],CO,N#Cc1ccc([Li])cc1
Nagaki et al. 2010 - Generation and reaction of cyano-substituted aryllithium compounds using microreactors,40,halogen-metal exchange,tetrahydrofuran,,10.1039/b919325c,2009.0,tR1,0.1,,-60,,,n-BuLi,o-lithiobenzonitrile (from 1a),MeOH (methanol quench),quench_probe,lithiobenzonitrile (cyano-aryllithium),0.10,,1.1,,,CCCC[Li],N#Cc1ccccc1[Li],CO,N#Cc1ccc([Li])cc1
Nagaki et al. 2010 - Generation and reaction of cyano-substituted aryllithium compounds using microreactors,56,halogen-metal exchange,tetrahydrofuran,,10.1039/b919325c,2009.0,tR1,0.316,,-60,,,n-BuLi,o-lithiobenzonitrile (from 1a),MeOH (methanol quench),quench_probe,lithiobenzonitrile (cyano-aryllithium),0.10,,1.1,,,CCCC[Li],N#Cc1ccccc1[Li],CO,N#Cc1ccc([Li])cc1
Nagaki et al. 2010 - Generation and reaction of cyano-substituted aryllithium compounds using microreactors,89,halogen-metal exchange,tetrahydrofuran,,10.1039/b919325c,2009.0,tR1,1.0,,-60,,,n-BuLi,o-lithiobenzonitrile (from 1a),MeOH (methanol quench),quench_probe,lithiobenzonitrile (cyano-aryllithium),0.10,,1.1,,,CCCC[Li],N#Cc1ccccc1[Li],CO,N#Cc1ccc([Li])cc1
Nagaki et al. 2010 - Generation and reaction of cyano-substituted aryllithium compounds using microreactors,87,halogen-metal exchange,tetrahydrofuran,,10.1039/b919325c,2009.0,tR1,3.16,,-60,,,n-BuLi,o-lithiobenzonitrile (from 1a),MeOH (methanol quench),quench_probe,lithiobenzonitrile (cyano-aryllithium),0.10,,1.1,,,CCCC[Li],N#Cc1ccccc1[Li],CO,N#Cc1ccc([Li])cc1
Nagaki et al. 2010 - Generation and reaction of cyano-substituted aryllithium compounds using microreactors,87,halogen-metal exchange,tetrahydrofuran,,10.1039/b919325c,2009.0,tR1,31.6,,-60,,,n-BuLi,o-lithiobenzonitrile (from 1a),MeOH (methanol quench),quench_probe,lithiobenzonitrile (cyano-aryllithium),0.10,,1.1,,,CCCC[Li],N#Cc1ccccc1[Li],CO,N#Cc1ccc([Li])cc1
Nagaki et al. 2010 - Generation and reaction of cyano-substituted aryllithium compounds using microreactors,6,halogen-metal exchange,tetrahydrofuran,,10.1039/b919325c,2009.0,tR1,0.0316,,-78,,,n-BuLi,o-lithiobenzonitrile (from 1a),MeOH (methanol quench),quench_probe,lithiobenzonitrile (cyano-aryllithium),0.10,,1.1,,,CCCC[Li],N#Cc1ccccc1[Li],CO,N#Cc1ccc([Li])cc1
Nagaki et al. 2010 - Generation and reaction of cyano-substituted aryllithium compounds using microreactors,12,halogen-metal exchange,tetrahydrofuran,,10.1039/b919325c,2009.0,tR1,0.1,,-78,,,n-BuLi,o-lithiobenzonitrile (from 1a),MeOH (methanol quench),quench_probe,lithiobenzonitrile (cyano-aryllithium),0.10,,1.1,,,CCCC[Li],N#Cc1ccccc1[Li],CO,N#Cc1ccc([Li])cc1
Nagaki et al. 2010 - Generation and reaction of cyano-substituted aryllithium compounds using microreactors,40,halogen-metal exchange,tetrahydrofuran,,10.1039/b919325c,2009.0,tR1,0.316,,-78,,,n-BuLi,o-lithiobenzonitrile (from 1a),MeOH (methanol quench),quench_probe,lithiobenzonitrile (cyano-aryllithium),0.10,,1.1,,,CCCC[Li],N#Cc1ccccc1[Li],CO,N#Cc1ccc([Li])cc1
Nagaki et al. 2010 - Generation and reaction of cyano-substituted aryllithium compounds using microreactors,48,halogen-metal exchange,tetrahydrofuran,,10.1039/b919325c,2009.0,tR1,1.0,,-78,,,n-BuLi,o-lithiobenzonitrile (from 1a),MeOH (methanol quench),quench_probe,lithiobenzonitrile (cyano-aryllithium),0.10,,1.1,,,CCCC[Li],N#Cc1ccccc1[Li],CO,N#Cc1ccc([Li])cc1
Nagaki et al. 2010 - Generation and reaction of cyano-substituted aryllithium compounds using microreactors,62,halogen-metal exchange,tetrahydrofuran,,10.1039/b919325c,2009.0,tR1,3.16,,-78,,,n-BuLi,o-lithiobenzonitrile (from 1a),MeOH (methanol quench),quench_probe,lithiobenzonitrile (cyano-aryllithium),0.10,,1.1,,,CCCC[Li],N#Cc1ccccc1[Li],CO,N#Cc1ccc([Li])cc1
Nagaki et al. 2010 - Generation and reaction of cyano-substituted aryllithium compounds using microreactors,81,halogen-metal exchange,tetrahydrofuran,,10.1039/b919325c,2009.0,tR1,31.6,,-78,,,n-BuLi,o-lithiobenzonitrile (from 1a),MeOH (methanol quench),quench_probe,lithiobenzonitrile (cyano-aryllithium),0.10,,1.1,,,CCCC[Li],N#Cc1ccccc1[Li],CO,N#Cc1ccc([Li])cc1
Nagaki et al. 2010 - Generation and reaction of cyano-substituted aryllithium compounds using microreactors,82,halogen-metal exchange,tetrahydrofuran,,10.1039/b919325c,2009.0,tR1,0.0316,,20,,,n-BuLi,m-lithiobenzonitrile (from 1b),MeOH (methanol quench),quench_probe,lithiobenzonitrile (cyano-aryllithium),0.10,,1.1,,,CCCC[Li],N#Cc1cccc([Li])c1,CO,N#Cc1ccc([Li])cc1
Nagaki et al. 2010 - Generation and reaction of cyano-substituted aryllithium compounds using microreactors,69,halogen-metal exchange,tetrahydrofuran,,10.1039/b919325c,2009.0,tR1,0.1,,20,,,n-BuLi,m-lithiobenzonitrile (from 1b),MeOH (methanol quench),quench_probe,lithiobenzonitrile (cyano-aryllithium),0.10,,1.1,,,CCCC[Li],N#Cc1cccc([Li])c1,CO,N#Cc1ccc([Li])cc1
Nagaki et al. 2010 - Generation and reaction of cyano-substituted aryllithium compounds using microreactors,76,halogen-metal exchange,tetrahydrofuran,,10.1039/b919325c,2009.0,tR1,0.316,,20,,,n-BuLi,m-lithiobenzonitrile (from 1b),MeOH (methanol quench),quench_probe,lithiobenzonitrile (cyano-aryllithium),0.10,,1.1,,,CCCC[Li],N#Cc1cccc([Li])c1,CO,N#Cc1ccc([Li])cc1
Nagaki et al. 2010 - Generation and reaction of cyano-substituted aryllithium compounds using microreactors,74,halogen-metal exchange,tetrahydrofuran,,10.1039/b919325c,2009.0,tR1,1.0,,20,,,n-BuLi,m-lithiobenzonitrile (from 1b),MeOH (methanol quench),quench_probe,lithiobenzonitrile (cyano-aryllithium),0.10,,1.1,,,CCCC[Li],N#Cc1cccc([Li])c1,CO,N#Cc1ccc([Li])cc1
Nagaki et al. 2010 - Generation and reaction of cyano-substituted aryllithium compounds using microreactors,73,halogen-metal exchange,tetrahydrofuran,,10.1039/b919325c,2009.0,tR1,3.16,,20,,,n-BuLi,m-lithiobenzonitrile (from 1b),MeOH (methanol quench),quench_probe,lithiobenzonitrile (cyano-aryllithium),0.10,,1.1,,,CCCC[Li],N#Cc1cccc([Li])c1,CO,N#Cc1ccc([Li])cc1
Nagaki et al. 2010 - Generation and reaction of cyano-substituted aryllithium compounds using microreactors,44,halogen-metal exchange,tetrahydrofuran,,10.1039/b919325c,2009.0,tR1,31.6,,20,,,n-BuLi,m-lithiobenzonitrile (from 1b),MeOH (methanol quench),quench_probe,lithiobenzonitrile (cyano-aryllithium),0.10,,1.1,,,CCCC[Li],N#Cc1cccc([Li])c1,CO,N#Cc1ccc([Li])cc1
Nagaki et al. 2010 - Generation and reaction of cyano-substituted aryllithium compounds using microreactors,80,halogen-metal exchange,tetrahydrofuran,,10.1039/b919325c,2009.0,tR1,0.0316,,0,,,n-BuLi,m-lithiobenzonitrile (from 1b),MeOH (methanol quench),quench_probe,lithiobenzonitrile (cyano-aryllithium),0.10,,1.1,,,CCCC[Li],N#Cc1cccc([Li])c1,CO,N#Cc1ccc([Li])cc1
Nagaki et al. 2010 - Generation and reaction of cyano-substituted aryllithium compounds using microreactors,80,halogen-metal exchange,tetrahydrofuran,,10.1039/b919325c,2009.0,tR1,0.1,,0,,,n-BuLi,m-lithiobenzonitrile (from 1b),MeOH (methanol quench),quench_probe,lithiobenzonitrile (cyano-aryllithium),0.10,,1.1,,,CCCC[Li],N#Cc1cccc([Li])c1,CO,N#Cc1ccc([Li])cc1
Nagaki et al. 2010 - Generation and reaction of cyano-substituted aryllithium compounds using microreactors,83,halogen-metal exchange,tetrahydrofuran,,10.1039/b919325c,2009.0,tR1,0.316,,0,,,n-BuLi,m-lithiobenzonitrile (from 1b),MeOH (methanol quench),quench_probe,lithiobenzonitrile (cyano-aryllithium),0.10,,1.1,,,CCCC[Li],N#Cc1cccc([Li])c1,CO,N#Cc1ccc([Li])cc1
Nagaki et al. 2010 - Generation and reaction of cyano-substituted aryllithium compounds using microreactors,84,halogen-metal exchange,tetrahydrofuran,,10.1039/b919325c,2009.0,tR1,1.0,,0,,,n-BuLi,m-lithiobenzonitrile (from 1b),MeOH (methanol quench),quench_probe,lithiobenzonitrile (cyano-aryllithium),0.10,,1.1,,,CCCC[Li],N#Cc1cccc([Li])c1,CO,N#Cc1ccc([Li])cc1
Nagaki et al. 2010 - Generation and reaction of cyano-substituted aryllithium compounds using microreactors,83,halogen-metal exchange,tetrahydrofuran,,10.1039/b919325c,2009.0,tR1,3.16,,0,,,n-BuLi,m-lithiobenzonitrile (from 1b),MeOH (methanol quench),quench_probe,lithiobenzonitrile (cyano-aryllithium),0.10,,1.1,,,CCCC[Li],N#Cc1cccc([Li])c1,CO,N#Cc1ccc([Li])cc1
Nagaki et al. 2010 - Generation and reaction of cyano-substituted aryllithium compounds using microreactors,52,halogen-metal exchange,tetrahydrofuran,,10.1039/b919325c,2009.0,tR1,31.6,,0,,,n-BuLi,m-lithiobenzonitrile (from 1b),MeOH (methanol quench),quench_probe,lithiobenzonitrile (cyano-aryllithium),0.10,,1.1,,,CCCC[Li],N#Cc1cccc([Li])c1,CO,N#Cc1ccc([Li])cc1
Nagaki et al. 2010 - Generation and reaction of cyano-substituted aryllithium compounds using microreactors,83,halogen-metal exchange,tetrahydrofuran,,10.1039/b919325c,2009.0,tR1,0.0316,,-30,,,n-BuLi,m-lithiobenzonitrile (from 1b),MeOH (methanol quench),quench_probe,lithiobenzonitrile (cyano-aryllithium),0.10,,1.1,,,CCCC[Li],N#Cc1cccc([Li])c1,CO,N#Cc1ccc([Li])cc1
Nagaki et al. 2010 - Generation and reaction of cyano-substituted aryllithium compounds using microreactors,85,halogen-metal exchange,tetrahydrofuran,,10.1039/b919325c,2009.0,tR1,0.1,,-30,,,n-BuLi,m-lithiobenzonitrile (from 1b),MeOH (methanol quench),quench_probe,lithiobenzonitrile (cyano-aryllithium),0.10,,1.1,,,CCCC[Li],N#Cc1cccc([Li])c1,CO,N#Cc1ccc([Li])cc1
Nagaki et al. 2010 - Generation and reaction of cyano-substituted aryllithium compounds using microreactors,84,halogen-metal exchange,tetrahydrofuran,,10.1039/b919325c,2009.0,tR1,0.316,,-30,,,n-BuLi,m-lithiobenzonitrile (from 1b),MeOH (methanol quench),quench_probe,lithiobenzonitrile (cyano-aryllithium),0.10,,1.1,,,CCCC[Li],N#Cc1cccc([Li])c1,CO,N#Cc1ccc([Li])cc1
Nagaki et al. 2010 - Generation and reaction of cyano-substituted aryllithium compounds using microreactors,85,halogen-metal exchange,tetrahydrofuran,,10.1039/b919325c,2009.0,tR1,1.0,,-30,,,n-BuLi,m-lithiobenzonitrile (from 1b),MeOH (methanol quench),quench_probe,lithiobenzonitrile (cyano-aryllithium),0.10,,1.1,,,CCCC[Li],N#Cc1cccc([Li])c1,CO,N#Cc1ccc([Li])cc1
Nagaki et al. 2010 - Generation and reaction of cyano-substituted aryllithium compounds using microreactors,83,halogen-metal exchange,tetrahydrofuran,,10.1039/b919325c,2009.0,tR1,3.16,,-30,,,n-BuLi,m-lithiobenzonitrile (from 1b),MeOH (methanol quench),quench_probe,lithiobenzonitrile (cyano-aryllithium),0.10,,1.1,,,CCCC[Li],N#Cc1cccc([Li])c1,CO,N#Cc1ccc([Li])cc1
Nagaki et al. 2010 - Generation and reaction of cyano-substituted aryllithium compounds using microreactors,81,halogen-metal exchange,tetrahydrofuran,,10.1039/b919325c,2009.0,tR1,31.6,,-30,,,n-BuLi,m-lithiobenzonitrile (from 1b),MeOH (methanol quench),quench_probe,lithiobenzonitrile (cyano-aryllithium),0.10,,1.1,,,CCCC[Li],N#Cc1cccc([Li])c1,CO,N#Cc1ccc([Li])cc1
Nagaki et al. 2010 - Generation and reaction of cyano-substituted aryllithium compounds using microreactors,28,halogen-metal exchange,tetrahydrofuran,,10.1039/b919325c,2009.0,tR1,0.0316,,-50,,,n-BuLi,m-lithiobenzonitrile (from 1b),MeOH (methanol quench),quench_probe,lithiobenzonitrile (cyano-aryllithium),0.10,,1.1,,,CCCC[Li],N#Cc1cccc([Li])c1,CO,N#Cc1ccc([Li])cc1
Nagaki et al. 2010 - Generation and reaction of cyano-substituted aryllithium compounds using microreactors,73,halogen-metal exchange,tetrahydrofuran,,10.1039/b919325c,2009.0,tR1,0.1,,-50,,,n-BuLi,m-lithiobenzonitrile (from 1b),MeOH (methanol quench),quench_probe,lithiobenzonitrile (cyano-aryllithium),0.10,,1.1,,,CCCC[Li],N#Cc1cccc([Li])c1,CO,N#Cc1ccc([Li])cc1
Nagaki et al. 2010 - Generation and reaction of cyano-substituted aryllithium compounds using microreactors,80,halogen-metal exchange,tetrahydrofuran,,10.1039/b919325c,2009.0,tR1,0.316,,-50,,,n-BuLi,m-lithiobenzonitrile (from 1b),MeOH (methanol quench),quench_probe,lithiobenzonitrile (cyano-aryllithium),0.10,,1.1,,,CCCC[Li],N#Cc1cccc([Li])c1,CO,N#Cc1ccc([Li])cc1
Nagaki et al. 2010 - Generation and reaction of cyano-substituted aryllithium compounds using microreactors,82,halogen-metal exchange,tetrahydrofuran,,10.1039/b919325c,2009.0,tR1,1.0,,-50,,,n-BuLi,m-lithiobenzonitrile (from 1b),MeOH (methanol quench),quench_probe,lithiobenzonitrile (cyano-aryllithium),0.10,,1.1,,,CCCC[Li],N#Cc1cccc([Li])c1,CO,N#Cc1ccc([Li])cc1
Nagaki et al. 2010 - Generation and reaction of cyano-substituted aryllithium compounds using microreactors,82,halogen-metal exchange,tetrahydrofuran,,10.1039/b919325c,2009.0,tR1,3.16,,-50,,,n-BuLi,m-lithiobenzonitrile (from 1b),MeOH (methanol quench),quench_probe,lithiobenzonitrile (cyano-aryllithium),0.10,,1.1,,,CCCC[Li],N#Cc1cccc([Li])c1,CO,N#Cc1ccc([Li])cc1
Nagaki et al. 2010 - Generation and reaction of cyano-substituted aryllithium compounds using microreactors,83,halogen-metal exchange,tetrahydrofuran,,10.1039/b919325c,2009.0,tR1,31.6,,-50,,,n-BuLi,m-lithiobenzonitrile (from 1b),MeOH (methanol quench),quench_probe,lithiobenzonitrile (cyano-aryllithium),0.10,,1.1,,,CCCC[Li],N#Cc1cccc([Li])c1,CO,N#Cc1ccc([Li])cc1
Nagaki et al. 2010 - Generation and reaction of cyano-substituted aryllithium compounds using microreactors,8,halogen-metal exchange,tetrahydrofuran,,10.1039/b919325c,2009.0,tR1,0.0316,,-60,,,n-BuLi,m-lithiobenzonitrile (from 1b),MeOH (methanol quench),quench_probe,lithiobenzonitrile (cyano-aryllithium),0.10,,1.1,,,CCCC[Li],N#Cc1cccc([Li])c1,CO,N#Cc1ccc([Li])cc1
Nagaki et al. 2010 - Generation and reaction of cyano-substituted aryllithium compounds using microreactors,41,halogen-metal exchange,tetrahydrofuran,,10.1039/b919325c,2009.0,tR1,0.1,,-60,,,n-BuLi,m-lithiobenzonitrile (from 1b),MeOH (methanol quench),quench_probe,lithiobenzonitrile (cyano-aryllithium),0.10,,1.1,,,CCCC[Li],N#Cc1cccc([Li])c1,CO,N#Cc1ccc([Li])cc1
Nagaki et al. 2010 - Generation and reaction of cyano-substituted aryllithium compounds using microreactors,82,halogen-metal exchange,tetrahydrofuran,,10.1039/b919325c,2009.0,tR1,0.316,,-60,,,n-BuLi,m-lithiobenzonitrile (from 1b),MeOH (methanol quench),quench_probe,lithiobenzonitrile (cyano-aryllithium),0.10,,1.1,,,CCCC[Li],N#Cc1cccc([Li])c1,CO,N#Cc1ccc([Li])cc1
Nagaki et al. 2010 - Generation and reaction of cyano-substituted aryllithium compounds using microreactors,84,halogen-metal exchange,tetrahydrofuran,,10.1039/b919325c,2009.0,tR1,1.0,,-60,,,n-BuLi,m-lithiobenzonitrile (from 1b),MeOH (methanol quench),quench_probe,lithiobenzonitrile (cyano-aryllithium),0.10,,1.1,,,CCCC[Li],N#Cc1cccc([Li])c1,CO,N#Cc1ccc([Li])cc1
Nagaki et al. 2010 - Generation and reaction of cyano-substituted aryllithium compounds using microreactors,86,halogen-metal exchange,tetrahydrofuran,,10.1039/b919325c,2009.0,tR1,3.16,,-60,,,n-BuLi,m-lithiobenzonitrile (from 1b),MeOH (methanol quench),quench_probe,lithiobenzonitrile (cyano-aryllithium),0.10,,1.1,,,CCCC[Li],N#Cc1cccc([Li])c1,CO,N#Cc1ccc([Li])cc1
Nagaki et al. 2010 - Generation and reaction of cyano-substituted aryllithium compounds using microreactors,88,halogen-metal exchange,tetrahydrofuran,,10.1039/b919325c,2009.0,tR1,31.6,,-60,,,n-BuLi,m-lithiobenzonitrile (from 1b),MeOH (methanol quench),quench_probe,lithiobenzonitrile (cyano-aryllithium),0.10,,1.1,,,CCCC[Li],N#Cc1cccc([Li])c1,CO,N#Cc1ccc([Li])cc1
Nagaki et al. 2010 - Generation and reaction of cyano-substituted aryllithium compounds using microreactors,9,halogen-metal exchange,tetrahydrofuran,,10.1039/b919325c,2009.0,tR1,0.0316,,-78,,,n-BuLi,m-lithiobenzonitrile (from 1b),MeOH (methanol quench),quench_probe,lithiobenzonitrile (cyano-aryllithium),0.10,,1.1,,,CCCC[Li],N#Cc1cccc([Li])c1,CO,N#Cc1ccc([Li])cc1
Nagaki et al. 2010 - Generation and reaction of cyano-substituted aryllithium compounds using microreactors,13,halogen-metal exchange,tetrahydrofuran,,10.1039/b919325c,2009.0,tR1,0.1,,-78,,,n-BuLi,m-lithiobenzonitrile (from 1b),MeOH (methanol quench),quench_probe,lithiobenzonitrile (cyano-aryllithium),0.10,,1.1,,,CCCC[Li],N#Cc1cccc([Li])c1,CO,N#Cc1ccc([Li])cc1
Nagaki et al. 2010 - Generation and reaction of cyano-substituted aryllithium compounds using microreactors,36,halogen-metal exchange,tetrahydrofuran,,10.1039/b919325c,2009.0,tR1,0.316,,-78,,,n-BuLi,m-lithiobenzonitrile (from 1b),MeOH (methanol quench),quench_probe,lithiobenzonitrile (cyano-aryllithium),0.10,,1.1,,,CCCC[Li],N#Cc1cccc([Li])c1,CO,N#Cc1ccc([Li])cc1
Nagaki et al. 2010 - Generation and reaction of cyano-substituted aryllithium compounds using microreactors,42,halogen-metal exchange,tetrahydrofuran,,10.1039/b919325c,2009.0,tR1,1.0,,-78,,,n-BuLi,m-lithiobenzonitrile (from 1b),MeOH (methanol quench),quench_probe,lithiobenzonitrile (cyano-aryllithium),0.10,,1.1,,,CCCC[Li],N#Cc1cccc([Li])c1,CO,N#Cc1ccc([Li])cc1
Nagaki et al. 2010 - Generation and reaction of cyano-substituted aryllithium compounds using microreactors,53,halogen-metal exchange,tetrahydrofuran,,10.1039/b919325c,2009.0,tR1,3.16,,-78,,,n-BuLi,m-lithiobenzonitrile (from 1b),MeOH (methanol quench),quench_probe,lithiobenzonitrile (cyano-aryllithium),0.10,,1.1,,,CCCC[Li],N#Cc1cccc([Li])c1,CO,N#Cc1ccc([Li])cc1
Nagaki et al. 2010 - Generation and reaction of cyano-substituted aryllithium compounds using microreactors,84,halogen-metal exchange,tetrahydrofuran,,10.1039/b919325c,2009.0,tR1,31.6,,-78,,,n-BuLi,m-lithiobenzonitrile (from 1b),MeOH (methanol quench),quench_probe,lithiobenzonitrile (cyano-aryllithium),0.10,,1.1,,,CCCC[Li],N#Cc1cccc([Li])c1,CO,N#Cc1ccc([Li])cc1
Nagaki et al. 2010 - Generation and reactions of oxiranyllithiums by use of a flow microreactor system,41,directed metalation,tetrahydrofuran,flow microreactor,10.1002/chem.201000815,2010.0,tR1,0.316,,-40,,epibromohydrin,s-BuLi,oxiranyllithium,,quench_probe,oxiranyllithium intermediate,0.10,0.75,,0.45,BrCC1CO1,CCC([Li])C,[Li]C1CO1,,[Li]C1CO1
Nagaki et al. 2010 - Generation and reactions of oxiranyllithiums by use of a flow microreactor system,31,directed metalation,tetrahydrofuran,flow microreactor,10.1002/chem.201000815,2010.0,tR1,1.0,,-40,,epibromohydrin,s-BuLi,oxiranyllithium,,quench_probe,oxiranyllithium intermediate,0.10,0.75,,0.45,BrCC1CO1,CCC([Li])C,[Li]C1CO1,,[Li]C1CO1
Nagaki et al. 2010 - Generation and reactions of oxiranyllithiums by use of a flow microreactor system,15,directed metalation,tetrahydrofuran,flow microreactor,10.1002/chem.201000815,2010.0,tR1,3.16,,-40,,epibromohydrin,s-BuLi,oxiranyllithium,,quench_probe,oxiranyllithium intermediate,0.10,0.75,,0.45,BrCC1CO1,CCC([Li])C,[Li]C1CO1,,[Li]C1CO1
Nagaki et al. 2010 - Generation and reactions of oxiranyllithiums by use of a flow microreactor system,9,directed metalation,tetrahydrofuran,flow microreactor,10.1002/chem.201000815,2010.0,tR1,10.0,,-40,,epibromohydrin,s-BuLi,oxiranyllithium,,quench_probe,oxiranyllithium intermediate,0.10,0.75,,0.45,BrCC1CO1,CCC([Li])C,[Li]C1CO1,,[Li]C1CO1
Nagaki et al. 2010 - Generation and reactions of oxiranyllithiums by use of a flow microreactor system,4,directed metalation,tetrahydrofuran,flow microreactor,10.1002/chem.201000815,2010.0,tR1,31.6,,-40,,epibromohydrin,s-BuLi,oxiranyllithium,,quench_probe,oxiranyllithium intermediate,0.10,0.75,,0.45,BrCC1CO1,CCC([Li])C,[Li]C1CO1,,[Li]C1CO1
Nagaki et al. 2010 - Generation and reactions of oxiranyllithiums by use of a flow microreactor system,1,directed metalation,tetrahydrofuran,flow microreactor,10.1002/chem.201000815,2010.0,tR1,100.0,,-40,,epibromohydrin,s-BuLi,oxiranyllithium,,quench_probe,oxiranyllithium intermediate,0.10,0.75,,0.45,BrCC1CO1,CCC([Li])C,[Li]C1CO1,,[Li]C1CO1
Nagaki et al. 2010 - Generation and reactions of oxiranyllithiums by use of a flow microreactor system,0,directed metalation,tetrahydrofuran,flow microreactor,10.1002/chem.201000815,2010.0,tR1,316.0,,-40,,epibromohydrin,s-BuLi,oxiranyllithium,,quench_probe,oxiranyllithium intermediate,0.10,0.75,,0.45,BrCC1CO1,CCC([Li])C,[Li]C1CO1,,[Li]C1CO1
Nagaki et al. 2010 - Generation and reactions of oxiranyllithiums by use of a flow microreactor system,41,directed metalation,tetrahydrofuran,flow microreactor,10.1002/chem.201000815,2010.0,tR1,0.316,,-50,,epibromohydrin,s-BuLi,oxiranyllithium,,quench_probe,oxiranyllithium intermediate,0.10,0.75,,0.45,BrCC1CO1,CCC([Li])C,[Li]C1CO1,,[Li]C1CO1
Nagaki et al. 2010 - Generation and reactions of oxiranyllithiums by use of a flow microreactor system,51,directed metalation,tetrahydrofuran,flow microreactor,10.1002/chem.201000815,2010.0,tR1,1.0,,-50,,epibromohydrin,s-BuLi,oxiranyllithium,,quench_probe,oxiranyllithium intermediate,0.10,0.75,,0.45,BrCC1CO1,CCC([Li])C,[Li]C1CO1,,[Li]C1CO1
Nagaki et al. 2010 - Generation and reactions of oxiranyllithiums by use of a flow microreactor system,48,directed metalation,tetrahydrofuran,flow microreactor,10.1002/chem.201000815,2010.0,tR1,3.16,,-50,,epibromohydrin,s-BuLi,oxiranyllithium,,quench_probe,oxiranyllithium intermediate,0.10,0.75,,0.45,BrCC1CO1,CCC([Li])C,[Li]C1CO1,,[Li]C1CO1
Nagaki et al. 2010 - Generation and reactions of oxiranyllithiums by use of a flow microreactor system,37,directed metalation,tetrahydrofuran,flow microreactor,10.1002/chem.201000815,2010.0,tR1,10.0,,-50,,epibromohydrin,s-BuLi,oxiranyllithium,,quench_probe,oxiranyllithium intermediate,0.10,0.75,,0.45,BrCC1CO1,CCC([Li])C,[Li]C1CO1,,[Li]C1CO1
Nagaki et al. 2010 - Generation and reactions of oxiranyllithiums by use of a flow microreactor system,24,directed metalation,tetrahydrofuran,flow microreactor,10.1002/chem.201000815,2010.0,tR1,31.6,,-50,,epibromohydrin,s-BuLi,oxiranyllithium,,quench_probe,oxiranyllithium intermediate,0.10,0.75,,0.45,BrCC1CO1,CCC([Li])C,[Li]C1CO1,,[Li]C1CO1
Nagaki et al. 2010 - Generation and reactions of oxiranyllithiums by use of a flow microreactor system,8,directed metalation,tetrahydrofuran,flow microreactor,10.1002/chem.201000815,2010.0,tR1,100.0,,-50,,epibromohydrin,s-BuLi,oxiranyllithium,,quench_probe,oxiranyllithium intermediate,0.10,0.75,,0.45,BrCC1CO1,CCC([Li])C,[Li]C1CO1,,[Li]C1CO1
Nagaki et al. 2010 - Generation and reactions of oxiranyllithiums by use of a flow microreactor system,4,directed metalation,tetrahydrofuran,flow microreactor,10.1002/chem.201000815,2010.0,tR1,316.0,,-50,,epibromohydrin,s-BuLi,oxiranyllithium,,quench_probe,oxiranyllithium intermediate,0.10,0.75,,0.45,BrCC1CO1,CCC([Li])C,[Li]C1CO1,,[Li]C1CO1
Nagaki et al. 2010 - Generation and reactions of oxiranyllithiums by use of a flow microreactor system,34,directed metalation,tetrahydrofuran,flow microreactor,10.1002/chem.201000815,2010.0,tR1,0.316,,-60,,epibromohydrin,s-BuLi,oxiranyllithium,,quench_probe,oxiranyllithium intermediate,0.10,0.75,,0.45,BrCC1CO1,CCC([Li])C,[Li]C1CO1,,[Li]C1CO1
Nagaki et al. 2010 - Generation and reactions of oxiranyllithiums by use of a flow microreactor system,46,directed metalation,tetrahydrofuran,flow microreactor,10.1002/chem.201000815,2010.0,tR1,1.0,,-60,,epibromohydrin,s-BuLi,oxiranyllithium,,quench_probe,oxiranyllithium intermediate,0.10,0.75,,0.45,BrCC1CO1,CCC([Li])C,[Li]C1CO1,,[Li]C1CO1
Nagaki et al. 2010 - Generation and reactions of oxiranyllithiums by use of a flow microreactor system,57,directed metalation,tetrahydrofuran,flow microreactor,10.1002/chem.201000815,2010.0,tR1,3.16,,-60,,epibromohydrin,s-BuLi,oxiranyllithium,,quench_probe,oxiranyllithium intermediate,0.10,0.75,,0.45,BrCC1CO1,CCC([Li])C,[Li]C1CO1,,[Li]C1CO1
Nagaki et al. 2010 - Generation and reactions of oxiranyllithiums by use of a flow microreactor system,62,directed metalation,tetrahydrofuran,flow microreactor,10.1002/chem.201000815,2010.0,tR1,10.0,,-60,,epibromohydrin,s-BuLi,oxiranyllithium,,quench_probe,oxiranyllithium intermediate,0.10,0.75,,0.45,BrCC1CO1,CCC([Li])C,[Li]C1CO1,,[Li]C1CO1
Nagaki et al. 2010 - Generation and reactions of oxiranyllithiums by use of a flow microreactor system,58,directed metalation,tetrahydrofuran,flow microreactor,10.1002/chem.201000815,2010.0,tR1,31.6,,-60,,epibromohydrin,s-BuLi,oxiranyllithium,,quench_probe,oxiranyllithium intermediate,0.10,0.75,,0.45,BrCC1CO1,CCC([Li])C,[Li]C1CO1,,[Li]C1CO1
Nagaki et al. 2010 - Generation and reactions of oxiranyllithiums by use of a flow microreactor system,39,directed metalation,tetrahydrofuran,flow microreactor,10.1002/chem.201000815,2010.0,tR1,100.0,,-60,,epibromohydrin,s-BuLi,oxiranyllithium,,quench_probe,oxiranyllithium intermediate,0.10,0.75,,0.45,BrCC1CO1,CCC([Li])C,[Li]C1CO1,,[Li]C1CO1
Nagaki et al. 2010 - Generation and reactions of oxiranyllithiums by use of a flow microreactor system,28,directed metalation,tetrahydrofuran,flow microreactor,10.1002/chem.201000815,2010.0,tR1,316.0,,-60,,epibromohydrin,s-BuLi,oxiranyllithium,,quench_probe,oxiranyllithium intermediate,0.10,0.75,,0.45,BrCC1CO1,CCC([Li])C,[Li]C1CO1,,[Li]C1CO1
Nagaki et al. 2010 - Generation and reactions of oxiranyllithiums by use of a flow microreactor system,20,directed metalation,tetrahydrofuran,flow microreactor,10.1002/chem.201000815,2010.0,tR1,0.316,,-70,,epibromohydrin,s-BuLi,oxiranyllithium,,quench_probe,oxiranyllithium intermediate,0.10,0.75,,0.45,BrCC1CO1,CCC([Li])C,[Li]C1CO1,,[Li]C1CO1
Nagaki et al. 2010 - Generation and reactions of oxiranyllithiums by use of a flow microreactor system,32,directed metalation,tetrahydrofuran,flow microreactor,10.1002/chem.201000815,2010.0,tR1,1.0,,-70,,epibromohydrin,s-BuLi,oxiranyllithium,,quench_probe,oxiranyllithium intermediate,0.10,0.75,,0.45,BrCC1CO1,CCC([Li])C,[Li]C1CO1,,[Li]C1CO1
Nagaki et al. 2010 - Generation and reactions of oxiranyllithiums by use of a flow microreactor system,45,directed metalation,tetrahydrofuran,flow microreactor,10.1002/chem.201000815,2010.0,tR1,3.16,,-70,,epibromohydrin,s-BuLi,oxiranyllithium,,quench_probe,oxiranyllithium intermediate,0.10,0.75,,0.45,BrCC1CO1,CCC([Li])C,[Li]C1CO1,,[Li]C1CO1
Nagaki et al. 2010 - Generation and reactions of oxiranyllithiums by use of a flow microreactor system,57,directed metalation,tetrahydrofuran,flow microreactor,10.1002/chem.201000815,2010.0,tR1,10.0,,-70,,epibromohydrin,s-BuLi,oxiranyllithium,,quench_probe,oxiranyllithium intermediate,0.10,0.75,,0.45,BrCC1CO1,CCC([Li])C,[Li]C1CO1,,[Li]C1CO1
Nagaki et al. 2010 - Generation and reactions of oxiranyllithiums by use of a flow microreactor system,69,directed metalation,tetrahydrofuran,flow microreactor,10.1002/chem.201000815,2010.0,tR1,31.6,,-70,,epibromohydrin,s-BuLi,oxiranyllithium,,quench_probe,oxiranyllithium intermediate,0.10,0.75,,0.45,BrCC1CO1,CCC([Li])C,[Li]C1CO1,,[Li]C1CO1
Nagaki et al. 2010 - Generation and reactions of oxiranyllithiums by use of a flow microreactor system,72,directed metalation,tetrahydrofuran,flow microreactor,10.1002/chem.201000815,2010.0,tR1,100.0,,-70,,epibromohydrin,s-BuLi,oxiranyllithium,,quench_probe,oxiranyllithium intermediate,0.10,0.75,,0.45,BrCC1CO1,CCC([Li])C,[Li]C1CO1,,[Li]C1CO1
Nagaki et al. 2010 - Generation and reactions of oxiranyllithiums by use of a flow microreactor system,64,directed metalation,tetrahydrofuran,flow microreactor,10.1002/chem.201000815,2010.0,tR1,316.0,,-70,,epibromohydrin,s-BuLi,oxiranyllithium,,quench_probe,oxiranyllithium intermediate,0.10,0.75,,0.45,BrCC1CO1,CCC([Li])C,[Li]C1CO1,,[Li]C1CO1
Nagaki et al. 2010 - Generation and reactions of oxiranyllithiums by use of a flow microreactor system,13,directed metalation,tetrahydrofuran,flow microreactor,10.1002/chem.201000815,2010.0,tR1,0.316,,-78,,epibromohydrin,s-BuLi,oxiranyllithium,,quench_probe,oxiranyllithium intermediate,0.10,0.75,,0.45,BrCC1CO1,CCC([Li])C,[Li]C1CO1,,[Li]C1CO1
Nagaki et al. 2010 - Generation and reactions of oxiranyllithiums by use of a flow microreactor system,18,directed metalation,tetrahydrofuran,flow microreactor,10.1002/chem.201000815,2010.0,tR1,1.0,,-78,,epibromohydrin,s-BuLi,oxiranyllithium,,quench_probe,oxiranyllithium intermediate,0.10,0.75,,0.45,BrCC1CO1,CCC([Li])C,[Li]C1CO1,,[Li]C1CO1
Nagaki et al. 2010 - Generation and reactions of oxiranyllithiums by use of a flow microreactor system,26,directed metalation,tetrahydrofuran,flow microreactor,10.1002/chem.201000815,2010.0,tR1,3.16,,-78,,epibromohydrin,s-BuLi,oxiranyllithium,,quench_probe,oxiranyllithium intermediate,0.10,0.75,,0.45,BrCC1CO1,CCC([Li])C,[Li]C1CO1,,[Li]C1CO1
Nagaki et al. 2010 - Generation and reactions of oxiranyllithiums by use of a flow microreactor system,38,directed metalation,tetrahydrofuran,flow microreactor,10.1002/chem.201000815,2010.0,tR1,10.0,,-78,,epibromohydrin,s-BuLi,oxiranyllithium,,quench_probe,oxiranyllithium intermediate,0.10,0.75,,0.45,BrCC1CO1,CCC([Li])C,[Li]C1CO1,,[Li]C1CO1
Nagaki et al. 2010 - Generation and reactions of oxiranyllithiums by use of a flow microreactor system,53,directed metalation,tetrahydrofuran,flow microreactor,10.1002/chem.201000815,2010.0,tR1,31.6,,-78,,epibromohydrin,s-BuLi,oxiranyllithium,,quench_probe,oxiranyllithium intermediate,0.10,0.75,,0.45,BrCC1CO1,CCC([Li])C,[Li]C1CO1,,[Li]C1CO1
Nagaki et al. 2010 - Generation and reactions of oxiranyllithiums by use of a flow microreactor system,68,directed metalation,tetrahydrofuran,flow microreactor,10.1002/chem.201000815,2010.0,tR1,100.0,,-78,,epibromohydrin,s-BuLi,oxiranyllithium,,quench_probe,oxiranyllithium intermediate,0.10,0.75,,0.45,BrCC1CO1,CCC([Li])C,[Li]C1CO1,,[Li]C1CO1
Nagaki et al. 2010 - Generation and reactions of oxiranyllithiums by use of a flow microreactor system,77,directed metalation,tetrahydrofuran,flow microreactor,10.1002/chem.201000815,2010.0,tR1,316.0,,-78,,epibromohydrin,s-BuLi,oxiranyllithium,,quench_probe,oxiranyllithium intermediate,0.10,0.75,,0.45,BrCC1CO1,CCC([Li])C,[Li]C1CO1,,[Li]C1CO1
Nagaki et al. 2010 - Generation and reactions of oxiranyllithiums by use of a flow microreactor system,45,directed metalation,tetrahydrofuran,flow microreactor,10.1002/chem.201000815,2010.0,tR1,0.316,,-40,,epibromohydrin,s-BuLi,oxiranyllithium,,quench_probe,oxiranyllithium intermediate,0.10,0.75,,0.45,BrCC1CO1,CCC([Li])C,[Li]C1CO1,,[Li]C1CO1
Nagaki et al. 2010 - Generation and reactions of oxiranyllithiums by use of a flow microreactor system,26,directed metalation,tetrahydrofuran,flow microreactor,10.1002/chem.201000815,2010.0,tR1,1.0,,-40,,epibromohydrin,s-BuLi,oxiranyllithium,,quench_probe,oxiranyllithium intermediate,0.10,0.75,,0.45,BrCC1CO1,CCC([Li])C,[Li]C1CO1,,[Li]C1CO1
Nagaki et al. 2010 - Generation and reactions of oxiranyllithiums by use of a flow microreactor system,11,directed metalation,tetrahydrofuran,flow microreactor,10.1002/chem.201000815,2010.0,tR1,3.16,,-40,,epibromohydrin,s-BuLi,oxiranyllithium,,quench_probe,oxiranyllithium intermediate,0.10,0.75,,0.45,BrCC1CO1,CCC([Li])C,[Li]C1CO1,,[Li]C1CO1
Nagaki et al. 2010 - Generation and reactions of oxiranyllithiums by use of a flow microreactor system,4,directed metalation,tetrahydrofuran,flow microreactor,10.1002/chem.201000815,2010.0,tR1,10.0,,-40,,epibromohydrin,s-BuLi,oxiranyllithium,,quench_probe,oxiranyllithium intermediate,0.10,0.75,,0.45,BrCC1CO1,CCC([Li])C,[Li]C1CO1,,[Li]C1CO1
Nagaki et al. 2010 - Generation and reactions of oxiranyllithiums by use of a flow microreactor system,1,directed metalation,tetrahydrofuran,flow microreactor,10.1002/chem.201000815,2010.0,tR1,31.6,,-40,,epibromohydrin,s-BuLi,oxiranyllithium,,quench_probe,oxiranyllithium intermediate,0.10,0.75,,0.45,BrCC1CO1,CCC([Li])C,[Li]C1CO1,,[Li]C1CO1
Nagaki et al. 2010 - Generation and reactions of oxiranyllithiums by use of a flow microreactor system,0,directed metalation,tetrahydrofuran,flow microreactor,10.1002/chem.201000815,2010.0,tR1,100.0,,-40,,epibromohydrin,s-BuLi,oxiranyllithium,,quench_probe,oxiranyllithium intermediate,0.10,0.75,,0.45,BrCC1CO1,CCC([Li])C,[Li]C1CO1,,[Li]C1CO1
Nagaki et al. 2010 - Generation and reactions of oxiranyllithiums by use of a flow microreactor system,0,directed metalation,tetrahydrofuran,flow microreactor,10.1002/chem.201000815,2010.0,tR1,316.0,,-40,,epibromohydrin,s-BuLi,oxiranyllithium,,quench_probe,oxiranyllithium intermediate,0.10,0.75,,0.45,BrCC1CO1,CCC([Li])C,[Li]C1CO1,,[Li]C1CO1
Nagaki et al. 2010 - Generation and reactions of oxiranyllithiums by use of a flow microreactor system,47,directed metalation,tetrahydrofuran,flow microreactor,10.1002/chem.201000815,2010.0,tR1,0.316,,-50,,epibromohydrin,s-BuLi,oxiranyllithium,,quench_probe,oxiranyllithium intermediate,0.10,0.75,,0.45,BrCC1CO1,CCC([Li])C,[Li]C1CO1,,[Li]C1CO1
Nagaki et al. 2010 - Generation and reactions of oxiranyllithiums by use of a flow microreactor system,54,directed metalation,tetrahydrofuran,flow microreactor,10.1002/chem.201000815,2010.0,tR1,1.0,,-50,,epibromohydrin,s-BuLi,oxiranyllithium,,quench_probe,oxiranyllithium intermediate,0.10,0.75,,0.45,BrCC1CO1,CCC([Li])C,[Li]C1CO1,,[Li]C1CO1
Nagaki et al. 2010 - Generation and reactions of oxiranyllithiums by use of a flow microreactor system,47,directed metalation,tetrahydrofuran,flow microreactor,10.1002/chem.201000815,2010.0,tR1,3.16,,-50,,epibromohydrin,s-BuLi,oxiranyllithium,,quench_probe,oxiranyllithium intermediate,0.10,0.75,,0.45,BrCC1CO1,CCC([Li])C,[Li]C1CO1,,[Li]C1CO1
Nagaki et al. 2010 - Generation and reactions of oxiranyllithiums by use of a flow microreactor system,31,directed metalation,tetrahydrofuran,flow microreactor,10.1002/chem.201000815,2010.0,tR1,10.0,,-50,,epibromohydrin,s-BuLi,oxiranyllithium,,quench_probe,oxiranyllithium intermediate,0.10,0.75,,0.45,BrCC1CO1,CCC([Li])C,[Li]C1CO1,,[Li]C1CO1
Nagaki et al. 2010 - Generation and reactions of oxiranyllithiums by use of a flow microreactor system,13,directed metalation,tetrahydrofuran,flow microreactor,10.1002/chem.201000815,2010.0,tR1,31.6,,-50,,epibromohydrin,s-BuLi,oxiranyllithium,,quench_probe,oxiranyllithium intermediate,0.10,0.75,,0.45,BrCC1CO1,CCC([Li])C,[Li]C1CO1,,[Li]C1CO1
Nagaki et al. 2010 - Generation and reactions of oxiranyllithiums by use of a flow microreactor system,4,directed metalation,tetrahydrofuran,flow microreactor,10.1002/chem.201000815,2010.0,tR1,100.0,,-50,,epibromohydrin,s-BuLi,oxiranyllithium,,quench_probe,oxiranyllithium intermediate,0.10,0.75,,0.45,BrCC1CO1,CCC([Li])C,[Li]C1CO1,,[Li]C1CO1
Nagaki et al. 2010 - Generation and reactions of oxiranyllithiums by use of a flow microreactor system,1,directed metalation,tetrahydrofuran,flow microreactor,10.1002/chem.201000815,2010.0,tR1,316.0,,-50,,epibromohydrin,s-BuLi,oxiranyllithium,,quench_probe,oxiranyllithium intermediate,0.10,0.75,,0.45,BrCC1CO1,CCC([Li])C,[Li]C1CO1,,[Li]C1CO1
Nagaki et al. 2010 - Generation and reactions of oxiranyllithiums by use of a flow microreactor system,38,directed metalation,tetrahydrofuran,flow microreactor,10.1002/chem.201000815,2010.0,tR1,0.316,,-60,,epibromohydrin,s-BuLi,oxiranyllithium,,quench_probe,oxiranyllithium intermediate,0.10,0.75,,0.45,BrCC1CO1,CCC([Li])C,[Li]C1CO1,,[Li]C1CO1
Nagaki et al. 2010 - Generation and reactions of oxiranyllithiums by use of a flow microreactor system,54,directed metalation,tetrahydrofuran,flow microreactor,10.1002/chem.201000815,2010.0,tR1,1.0,,-60,,epibromohydrin,s-BuLi,oxiranyllithium,,quench_probe,oxiranyllithium intermediate,0.10,0.75,,0.45,BrCC1CO1,CCC([Li])C,[Li]C1CO1,,[Li]C1CO1
Nagaki et al. 2010 - Generation and reactions of oxiranyllithiums by use of a flow microreactor system,64,directed metalation,tetrahydrofuran,flow microreactor,10.1002/chem.201000815,2010.0,tR1,3.16,,-60,,epibromohydrin,s-BuLi,oxiranyllithium,,quench_probe,oxiranyllithium intermediate,0.10,0.75,,0.45,BrCC1CO1,CCC([Li])C,[Li]C1CO1,,[Li]C1CO1
Nagaki et al. 2010 - Generation and reactions of oxiranyllithiums by use of a flow microreactor system,66,directed metalation,tetrahydrofuran,flow microreactor,10.1002/chem.201000815,2010.0,tR1,10.0,,-60,,epibromohydrin,s-BuLi,oxiranyllithium,,quench_probe,oxiranyllithium intermediate,0.10,0.75,,0.45,BrCC1CO1,CCC([Li])C,[Li]C1CO1,,[Li]C1CO1
Nagaki et al. 2010 - Generation and reactions of oxiranyllithiums by use of a flow microreactor system,58,directed metalation,tetrahydrofuran,flow microreactor,10.1002/chem.201000815,2010.0,tR1,31.6,,-60,,epibromohydrin,s-BuLi,oxiranyllithium,,quench_probe,oxiranyllithium intermediate,0.10,0.75,,0.45,BrCC1CO1,CCC([Li])C,[Li]C1CO1,,[Li]C1CO1
Nagaki et al. 2010 - Generation and reactions of oxiranyllithiums by use of a flow microreactor system,32,directed metalation,tetrahydrofuran,flow microreactor,10.1002/chem.201000815,2010.0,tR1,100.0,,-60,,epibromohydrin,s-BuLi,oxiranyllithium,,quench_probe,oxiranyllithium intermediate,0.10,0.75,,0.45,BrCC1CO1,CCC([Li])C,[Li]C1CO1,,[Li]C1CO1
Nagaki et al. 2010 - Generation and reactions of oxiranyllithiums by use of a flow microreactor system,12,directed metalation,tetrahydrofuran,flow microreactor,10.1002/chem.201000815,2010.0,tR1,316.0,,-60,,epibromohydrin,s-BuLi,oxiranyllithium,,quench_probe,oxiranyllithium intermediate,0.10,0.75,,0.45,BrCC1CO1,CCC([Li])C,[Li]C1CO1,,[Li]C1CO1
Nagaki et al. 2010 - Generation and reactions of oxiranyllithiums by use of a flow microreactor system,27,directed metalation,tetrahydrofuran,flow microreactor,10.1002/chem.201000815,2010.0,tR1,0.316,,-70,,epibromohydrin,s-BuLi,oxiranyllithium,,quench_probe,oxiranyllithium intermediate,0.10,0.75,,0.45,BrCC1CO1,CCC([Li])C,[Li]C1CO1,,[Li]C1CO1
Nagaki et al. 2010 - Generation and reactions of oxiranyllithiums by use of a flow microreactor system,38,directed metalation,tetrahydrofuran,flow microreactor,10.1002/chem.201000815,2010.0,tR1,1.0,,-70,,epibromohydrin,s-BuLi,oxiranyllithium,,quench_probe,oxiranyllithium intermediate,0.10,0.75,,0.45,BrCC1CO1,CCC([Li])C,[Li]C1CO1,,[Li]C1CO1
Nagaki et al. 2010 - Generation and reactions of oxiranyllithiums by use of a flow microreactor system,53,directed metalation,tetrahydrofuran,flow microreactor,10.1002/chem.201000815,2010.0,tR1,3.16,,-70,,epibromohydrin,s-BuLi,oxiranyllithium,,quench_probe,oxiranyllithium intermediate,0.10,0.75,,0.45,BrCC1CO1,CCC([Li])C,[Li]C1CO1,,[Li]C1CO1
Nagaki et al. 2010 - Generation and reactions of oxiranyllithiums by use of a flow microreactor system,66,directed metalation,tetrahydrofuran,flow microreactor,10.1002/chem.201000815,2010.0,tR1,10.0,,-70,,epibromohydrin,s-BuLi,oxiranyllithium,,quench_probe,oxiranyllithium intermediate,0.10,0.75,,0.45,BrCC1CO1,CCC([Li])C,[Li]C1CO1,,[Li]C1CO1
Nagaki et al. 2010 - Generation and reactions of oxiranyllithiums by use of a flow microreactor system,75,directed metalation,tetrahydrofuran,flow microreactor,10.1002/chem.201000815,2010.0,tR1,31.6,,-70,,epibromohydrin,s-BuLi,oxiranyllithium,,quench_probe,oxiranyllithium intermediate,0.10,0.75,,0.45,BrCC1CO1,CCC([Li])C,[Li]C1CO1,,[Li]C1CO1
Nagaki et al. 2010 - Generation and reactions of oxiranyllithiums by use of a flow microreactor system,68,directed metalation,tetrahydrofuran,flow microreactor,10.1002/chem.201000815,2010.0,tR1,100.0,,-70,,epibromohydrin,s-BuLi,oxiranyllithium,,quench_probe,oxiranyllithium intermediate,0.10,0.75,,0.45,BrCC1CO1,CCC([Li])C,[Li]C1CO1,,[Li]C1CO1
Nagaki et al. 2010 - Generation and reactions of oxiranyllithiums by use of a flow microreactor system,57,directed metalation,tetrahydrofuran,flow microreactor,10.1002/chem.201000815,2010.0,tR1,316.0,,-70,,epibromohydrin,s-BuLi,oxiranyllithium,,quench_probe,oxiranyllithium intermediate,0.10,0.75,,0.45,BrCC1CO1,CCC([Li])C,[Li]C1CO1,,[Li]C1CO1
Nagaki et al. 2010 - Generation and reactions of oxiranyllithiums by use of a flow microreactor system,15,directed metalation,tetrahydrofuran,flow microreactor,10.1002/chem.201000815,2010.0,tR1,0.316,,-78,,epibromohydrin,s-BuLi,oxiranyllithium,,quench_probe,oxiranyllithium intermediate,0.10,0.75,,0.45,BrCC1CO1,CCC([Li])C,[Li]C1CO1,,[Li]C1CO1
Nagaki et al. 2010 - Generation and reactions of oxiranyllithiums by use of a flow microreactor system,23,directed metalation,tetrahydrofuran,flow microreactor,10.1002/chem.201000815,2010.0,tR1,1.0,,-78,,epibromohydrin,s-BuLi,oxiranyllithium,,quench_probe,oxiranyllithium intermediate,0.10,0.75,,0.45,BrCC1CO1,CCC([Li])C,[Li]C1CO1,,[Li]C1CO1
Nagaki et al. 2010 - Generation and reactions of oxiranyllithiums by use of a flow microreactor system,34,directed metalation,tetrahydrofuran,flow microreactor,10.1002/chem.201000815,2010.0,tR1,3.16,,-78,,epibromohydrin,s-BuLi,oxiranyllithium,,quench_probe,oxiranyllithium intermediate,0.10,0.75,,0.45,BrCC1CO1,CCC([Li])C,[Li]C1CO1,,[Li]C1CO1
Nagaki et al. 2010 - Generation and reactions of oxiranyllithiums by use of a flow microreactor system,45,directed metalation,tetrahydrofuran,flow microreactor,10.1002/chem.201000815,2010.0,tR1,10.0,,-78,,epibromohydrin,s-BuLi,oxiranyllithium,,quench_probe,oxiranyllithium intermediate,0.10,0.75,,0.45,BrCC1CO1,CCC([Li])C,[Li]C1CO1,,[Li]C1CO1
Nagaki et al. 2010 - Generation and reactions of oxiranyllithiums by use of a flow microreactor system,63,directed metalation,tetrahydrofuran,flow microreactor,10.1002/chem.201000815,2010.0,tR1,31.6,,-78,,epibromohydrin,s-BuLi,oxiranyllithium,,quench_probe,oxiranyllithium intermediate,0.10,0.75,,0.45,BrCC1CO1,CCC([Li])C,[Li]C1CO1,,[Li]C1CO1
Nagaki et al. 2010 - Generation and reactions of oxiranyllithiums by use of a flow microreactor system,73,directed metalation,tetrahydrofuran,flow microreactor,10.1002/chem.201000815,2010.0,tR1,100.0,,-78,,epibromohydrin,s-BuLi,oxiranyllithium,,quench_probe,oxiranyllithium intermediate,0.10,0.75,,0.45,BrCC1CO1,CCC([Li])C,[Li]C1CO1,,[Li]C1CO1
Nagaki et al. 2010 - Generation and reactions of oxiranyllithiums by use of a flow microreactor system,81,directed metalation,tetrahydrofuran,flow microreactor,10.1002/chem.201000815,2010.0,tR1,316.0,,-78,,epibromohydrin,s-BuLi,oxiranyllithium,,quench_probe,oxiranyllithium intermediate,0.10,0.75,,0.45,BrCC1CO1,CCC([Li])C,[Li]C1CO1,,[Li]C1CO1
Nagaki et al. 2010 - Generation and reactions of oxiranyllithiums by use of a flow microreactor system,47,directed metalation,tetrahydrofuran,flow microreactor,10.1002/chem.201000815,2010.0,tR1,0.316,,-40,,epibromohydrin,s-BuLi,oxiranyllithium,,quench_probe,oxiranyllithium intermediate,0.10,0.75,,0.45,BrCC1CO1,CCC([Li])C,[Li]C1CO1,,[Li]C1CO1
Nagaki et al. 2010 - Generation and reactions of oxiranyllithiums by use of a flow microreactor system,25,directed metalation,tetrahydrofuran,flow microreactor,10.1002/chem.201000815,2010.0,tR1,1.0,,-40,,epibromohydrin,s-BuLi,oxiranyllithium,,quench_probe,oxiranyllithium intermediate,0.10,0.75,,0.45,BrCC1CO1,CCC([Li])C,[Li]C1CO1,,[Li]C1CO1
Nagaki et al. 2010 - Generation and reactions of oxiranyllithiums by use of a flow microreactor system,8,directed metalation,tetrahydrofuran,flow microreactor,10.1002/chem.201000815,2010.0,tR1,3.16,,-40,,epibromohydrin,s-BuLi,oxiranyllithium,,quench_probe,oxiranyllithium intermediate,0.10,0.75,,0.45,BrCC1CO1,CCC([Li])C,[Li]C1CO1,,[Li]C1CO1
Nagaki et al. 2010 - Generation and reactions of oxiranyllithiums by use of a flow microreactor system,3,directed metalation,tetrahydrofuran,flow microreactor,10.1002/chem.201000815,2010.0,tR1,10.0,,-40,,epibromohydrin,s-BuLi,oxiranyllithium,,quench_probe,oxiranyllithium intermediate,0.10,0.75,,0.45,BrCC1CO1,CCC([Li])C,[Li]C1CO1,,[Li]C1CO1
Nagaki et al. 2010 - Generation and reactions of oxiranyllithiums by use of a flow microreactor system,1,directed metalation,tetrahydrofuran,flow microreactor,10.1002/chem.201000815,2010.0,tR1,31.6,,-40,,epibromohydrin,s-BuLi,oxiranyllithium,,quench_probe,oxiranyllithium intermediate,0.10,0.75,,0.45,BrCC1CO1,CCC([Li])C,[Li]C1CO1,,[Li]C1CO1
Nagaki et al. 2010 - Generation and reactions of oxiranyllithiums by use of a flow microreactor system,0,directed metalation,tetrahydrofuran,flow microreactor,10.1002/chem.201000815,2010.0,tR1,100.0,,-40,,epibromohydrin,s-BuLi,oxiranyllithium,,quench_probe,oxiranyllithium intermediate,0.10,0.75,,0.45,BrCC1CO1,CCC([Li])C,[Li]C1CO1,,[Li]C1CO1
Nagaki et al. 2010 - Generation and reactions of oxiranyllithiums by use of a flow microreactor system,0,directed metalation,tetrahydrofuran,flow microreactor,10.1002/chem.201000815,2010.0,tR1,316.0,,-40,,epibromohydrin,s-BuLi,oxiranyllithium,,quench_probe,oxiranyllithium intermediate,0.10,0.75,,0.45,BrCC1CO1,CCC([Li])C,[Li]C1CO1,,[Li]C1CO1
Nagaki et al. 2010 - Generation and reactions of oxiranyllithiums by use of a flow microreactor system,52,directed metalation,tetrahydrofuran,flow microreactor,10.1002/chem.201000815,2010.0,tR1,0.316,,-50,,epibromohydrin,s-BuLi,oxiranyllithium,,quench_probe,oxiranyllithium intermediate,0.10,0.75,,0.45,BrCC1CO1,CCC([Li])C,[Li]C1CO1,,[Li]C1CO1
Nagaki et al. 2010 - Generation and reactions of oxiranyllithiums by use of a flow microreactor system,60,directed metalation,tetrahydrofuran,flow microreactor,10.1002/chem.201000815,2010.0,tR1,1.0,,-50,,epibromohydrin,s-BuLi,oxiranyllithium,,quench_probe,oxiranyllithium intermediate,0.10,0.75,,0.45,BrCC1CO1,CCC([Li])C,[Li]C1CO1,,[Li]C1CO1
Nagaki et al. 2010 - Generation and reactions of oxiranyllithiums by use of a flow microreactor system,51,directed metalation,tetrahydrofuran,flow microreactor,10.1002/chem.201000815,2010.0,tR1,3.16,,-50,,epibromohydrin,s-BuLi,oxiranyllithium,,quench_probe,oxiranyllithium intermediate,0.10,0.75,,0.45,BrCC1CO1,CCC([Li])C,[Li]C1CO1,,[Li]C1CO1
Nagaki et al. 2010 - Generation and reactions of oxiranyllithiums by use of a flow microreactor system,39,directed metalation,tetrahydrofuran,flow microreactor,10.1002/chem.201000815,2010.0,tR1,10.0,,-50,,epibromohydrin,s-BuLi,oxiranyllithium,,quench_probe,oxiranyllithium intermediate,0.10,0.75,,0.45,BrCC1CO1,CCC([Li])C,[Li]C1CO1,,[Li]C1CO1
Nagaki et al. 2010 - Generation and reactions of oxiranyllithiums by use of a flow microreactor system,18,directed metalation,tetrahydrofuran,flow microreactor,10.1002/chem.201000815,2010.0,tR1,31.6,,-50,,epibromohydrin,s-BuLi,oxiranyllithium,,quench_probe,oxiranyllithium intermediate,0.10,0.75,,0.45,BrCC1CO1,CCC([Li])C,[Li]C1CO1,,[Li]C1CO1
Nagaki et al. 2010 - Generation and reactions of oxiranyllithiums by use of a flow microreactor system,4,directed metalation,tetrahydrofuran,flow microreactor,10.1002/chem.201000815,2010.0,tR1,100.0,,-50,,epibromohydrin,s-BuLi,oxiranyllithium,,quench_probe,oxiranyllithium intermediate,0.10,0.75,,0.45,BrCC1CO1,CCC([Li])C,[Li]C1CO1,,[Li]C1CO1
Nagaki et al. 2010 - Generation and reactions of oxiranyllithiums by use of a flow microreactor system,1,directed metalation,tetrahydrofuran,flow microreactor,10.1002/chem.201000815,2010.0,tR1,316.0,,-50,,epibromohydrin,s-BuLi,oxiranyllithium,,quench_probe,oxiranyllithium intermediate,0.10,0.75,,0.45,BrCC1CO1,CCC([Li])C,[Li]C1CO1,,[Li]C1CO1
Nagaki et al. 2010 - Generation and reactions of oxiranyllithiums by use of a flow microreactor system,44,directed metalation,tetrahydrofuran,flow microreactor,10.1002/chem.201000815,2010.0,tR1,0.316,,-60,,epibromohydrin,s-BuLi,oxiranyllithium,,quench_probe,oxiranyllithium intermediate,0.10,0.75,,0.45,BrCC1CO1,CCC([Li])C,[Li]C1CO1,,[Li]C1CO1
Nagaki et al. 2010 - Generation and reactions of oxiranyllithiums by use of a flow microreactor system,60,directed metalation,tetrahydrofuran,flow microreactor,10.1002/chem.201000815,2010.0,tR1,1.0,,-60,,epibromohydrin,s-BuLi,oxiranyllithium,,quench_probe,oxiranyllithium intermediate,0.10,0.75,,0.45,BrCC1CO1,CCC([Li])C,[Li]C1CO1,,[Li]C1CO1
Nagaki et al. 2010 - Generation and reactions of oxiranyllithiums by use of a flow microreactor system,73,directed metalation,tetrahydrofuran,flow microreactor,10.1002/chem.201000815,2010.0,tR1,3.16,,-60,,epibromohydrin,s-BuLi,oxiranyllithium,,quench_probe,oxiranyllithium intermediate,0.10,0.75,,0.45,BrCC1CO1,CCC([Li])C,[Li]C1CO1,,[Li]C1CO1
Nagaki et al. 2010 - Generation and reactions of oxiranyllithiums by use of a flow microreactor system,72,directed metalation,tetrahydrofuran,flow microreactor,10.1002/chem.201000815,2010.0,tR1,10.0,,-60,,epibromohydrin,s-BuLi,oxiranyllithium,,quench_probe,oxiranyllithium intermediate,0.10,0.75,,0.45,BrCC1CO1,CCC([Li])C,[Li]C1CO1,,[Li]C1CO1
Nagaki et al. 2010 - Generation and reactions of oxiranyllithiums by use of a flow microreactor system,58,directed metalation,tetrahydrofuran,flow microreactor,10.1002/chem.201000815,2010.0,tR1,31.6,,-60,,epibromohydrin,s-BuLi,oxiranyllithium,,quench_probe,oxiranyllithium intermediate,0.10,0.75,,0.45,BrCC1CO1,CCC([Li])C,[Li]C1CO1,,[Li]C1CO1
Nagaki et al. 2010 - Generation and reactions of oxiranyllithiums by use of a flow microreactor system,40,directed metalation,tetrahydrofuran,flow microreactor,10.1002/chem.201000815,2010.0,tR1,100.0,,-60,,epibromohydrin,s-BuLi,oxiranyllithium,,quench_probe,oxiranyllithium intermediate,0.10,0.75,,0.45,BrCC1CO1,CCC([Li])C,[Li]C1CO1,,[Li]C1CO1
Nagaki et al. 2010 - Generation and reactions of oxiranyllithiums by use of a flow microreactor system,17,directed metalation,tetrahydrofuran,flow microreactor,10.1002/chem.201000815,2010.0,tR1,316.0,,-60,,epibromohydrin,s-BuLi,oxiranyllithium,,quench_probe,oxiranyllithium intermediate,0.10,0.75,,0.45,BrCC1CO1,CCC([Li])C,[Li]C1CO1,,[Li]C1CO1
Nagaki et al. 2010 - Generation and reactions of oxiranyllithiums by use of a flow microreactor system,29,directed metalation,tetrahydrofuran,flow microreactor,10.1002/chem.201000815,2010.0,tR1,0.316,,-70,,epibromohydrin,s-BuLi,oxiranyllithium,,quench_probe,oxiranyllithium intermediate,0.10,0.75,,0.45,BrCC1CO1,CCC([Li])C,[Li]C1CO1,,[Li]C1CO1
Nagaki et al. 2010 - Generation and reactions of oxiranyllithiums by use of a flow microreactor system,41,directed metalation,tetrahydrofuran,flow microreactor,10.1002/chem.201000815,2010.0,tR1,1.0,,-70,,epibromohydrin,s-BuLi,oxiranyllithium,,quench_probe,oxiranyllithium intermediate,0.10,0.75,,0.45,BrCC1CO1,CCC([Li])C,[Li]C1CO1,,[Li]C1CO1
Nagaki et al. 2010 - Generation and reactions of oxiranyllithiums by use of a flow microreactor system,60,directed metalation,tetrahydrofuran,flow microreactor,10.1002/chem.201000815,2010.0,tR1,3.16,,-70,,epibromohydrin,s-BuLi,oxiranyllithium,,quench_probe,oxiranyllithium intermediate,0.10,0.75,,0.45,BrCC1CO1,CCC([Li])C,[Li]C1CO1,,[Li]C1CO1
Nagaki et al. 2010 - Generation and reactions of oxiranyllithiums by use of a flow microreactor system,73,directed metalation,tetrahydrofuran,flow microreactor,10.1002/chem.201000815,2010.0,tR1,10.0,,-70,,epibromohydrin,s-BuLi,oxiranyllithium,,quench_probe,oxiranyllithium intermediate,0.10,0.75,,0.45,BrCC1CO1,CCC([Li])C,[Li]C1CO1,,[Li]C1CO1
Nagaki et al. 2010 - Generation and reactions of oxiranyllithiums by use of a flow microreactor system,83,directed metalation,tetrahydrofuran,flow microreactor,10.1002/chem.201000815,2010.0,tR1,31.6,,-70,,epibromohydrin,s-BuLi,oxiranyllithium,,quench_probe,oxiranyllithium intermediate,0.10,0.75,,0.45,BrCC1CO1,CCC([Li])C,[Li]C1CO1,,[Li]C1CO1
Nagaki et al. 2010 - Generation and reactions of oxiranyllithiums by use of a flow microreactor system,76,directed metalation,tetrahydrofuran,flow microreactor,10.1002/chem.201000815,2010.0,tR1,100.0,,-70,,epibromohydrin,s-BuLi,oxiranyllithium,,quench_probe,oxiranyllithium intermediate,0.10,0.75,,0.45,BrCC1CO1,CCC([Li])C,[Li]C1CO1,,[Li]C1CO1
Nagaki et al. 2010 - Generation and reactions of oxiranyllithiums by use of a flow microreactor system,62,directed metalation,tetrahydrofuran,flow microreactor,10.1002/chem.201000815,2010.0,tR1,316.0,,-70,,epibromohydrin,s-BuLi,oxiranyllithium,,quench_probe,oxiranyllithium intermediate,0.10,0.75,,0.45,BrCC1CO1,CCC([Li])C,[Li]C1CO1,,[Li]C1CO1
Nagaki et al. 2010 - Generation and reactions of oxiranyllithiums by use of a flow microreactor system,20,directed metalation,tetrahydrofuran,flow microreactor,10.1002/chem.201000815,2010.0,tR1,0.316,,-78,,epibromohydrin,s-BuLi,oxiranyllithium,,quench_probe,oxiranyllithium intermediate,0.10,0.75,,0.45,BrCC1CO1,CCC([Li])C,[Li]C1CO1,,[Li]C1CO1
Nagaki et al. 2010 - Generation and reactions of oxiranyllithiums by use of a flow microreactor system,26,directed metalation,tetrahydrofuran,flow microreactor,10.1002/chem.201000815,2010.0,tR1,1.0,,-78,,epibromohydrin,s-BuLi,oxiranyllithium,,quench_probe,oxiranyllithium intermediate,0.10,0.75,,0.45,BrCC1CO1,CCC([Li])C,[Li]C1CO1,,[Li]C1CO1
Nagaki et al. 2010 - Generation and reactions of oxiranyllithiums by use of a flow microreactor system,39,directed metalation,tetrahydrofuran,flow microreactor,10.1002/chem.201000815,2010.0,tR1,3.16,,-78,,epibromohydrin,s-BuLi,oxiranyllithium,,quench_probe,oxiranyllithium intermediate,0.10,0.75,,0.45,BrCC1CO1,CCC([Li])C,[Li]C1CO1,,[Li]C1CO1
Nagaki et al. 2010 - Generation and reactions of oxiranyllithiums by use of a flow microreactor system,56,directed metalation,tetrahydrofuran,flow microreactor,10.1002/chem.201000815,2010.0,tR1,10.0,,-78,,epibromohydrin,s-BuLi,oxiranyllithium,,quench_probe,oxiranyllithium intermediate,0.10,0.75,,0.45,BrCC1CO1,CCC([Li])C,[Li]C1CO1,,[Li]C1CO1
Nagaki et al. 2010 - Generation and reactions of oxiranyllithiums by use of a flow microreactor system,73,directed metalation,tetrahydrofuran,flow microreactor,10.1002/chem.201000815,2010.0,tR1,31.6,,-78,,epibromohydrin,s-BuLi,oxiranyllithium,,quench_probe,oxiranyllithium intermediate,0.10,0.75,,0.45,BrCC1CO1,CCC([Li])C,[Li]C1CO1,,[Li]C1CO1
Nagaki et al. 2010 - Generation and reactions of oxiranyllithiums by use of a flow microreactor system,83,directed metalation,tetrahydrofuran,flow microreactor,10.1002/chem.201000815,2010.0,tR1,100.0,,-78,,epibromohydrin,s-BuLi,oxiranyllithium,,quench_probe,oxiranyllithium intermediate,0.10,0.75,,0.45,BrCC1CO1,CCC([Li])C,[Li]C1CO1,,[Li]C1CO1
Nagaki et al. 2010 - Generation and reactions of oxiranyllithiums by use of a flow microreactor system,88,directed metalation,tetrahydrofuran,flow microreactor,10.1002/chem.201000815,2010.0,tR1,316.0,,-78,,epibromohydrin,s-BuLi,oxiranyllithium,,quench_probe,oxiranyllithium intermediate,0.10,0.75,,0.45,BrCC1CO1,CCC([Li])C,[Li]C1CO1,,[Li]C1CO1
Nagaki et al. 2010 - Cross-coupling in a flow microreactor - space integration of lithiation and Murahashi coupling,82,C-C coupling,tetrahydrofuran,,10.1002/anie.201002763,2010.0,tR2,,1.0,,70,p-bromoanisole,n-BuLi,p-methoxyphenyllithium,bromobenzene,synthetic,p-methoxybiphenyl,0.10,0.42,1.1,,COc1ccc(Br)cc1,CCCC[Li],COc1ccc([Li])cc1,Brc1ccccc1,COc1ccc(-c2ccccc2)cc1
Nagaki et al. 2010 - Cross-coupling in a flow microreactor - space integration of lithiation and Murahashi coupling,89,C-C coupling,tetrahydrofuran,,10.1002/anie.201002763,2010.0,tR2,,3.16,,70,p-bromoanisole,n-BuLi,p-methoxyphenyllithium,bromobenzene,synthetic,p-methoxybiphenyl,0.10,0.42,1.1,,COc1ccc(Br)cc1,CCCC[Li],COc1ccc([Li])cc1,Brc1ccccc1,COc1ccc(-c2ccccc2)cc1
Nagaki et al. 2010 - Cross-coupling in a flow microreactor - space integration of lithiation and Murahashi coupling,90,C-C coupling,tetrahydrofuran,,10.1002/anie.201002763,2010.0,tR2,,10.0,,70,p-bromoanisole,n-BuLi,p-methoxyphenyllithium,bromobenzene,synthetic,p-methoxybiphenyl,0.10,0.42,1.1,,COc1ccc(Br)cc1,CCCC[Li],COc1ccc([Li])cc1,Brc1ccccc1,COc1ccc(-c2ccccc2)cc1
Nagaki et al. 2010 - Cross-coupling in a flow microreactor - space integration of lithiation and Murahashi coupling,92,C-C coupling,tetrahydrofuran,,10.1002/anie.201002763,2010.0,tR2,,31.6,,70,p-bromoanisole,n-BuLi,p-methoxyphenyllithium,bromobenzene,synthetic,p-methoxybiphenyl,0.10,0.42,1.1,,COc1ccc(Br)cc1,CCCC[Li],COc1ccc([Li])cc1,Brc1ccccc1,COc1ccc(-c2ccccc2)cc1
Nagaki et al. 2010 - Cross-coupling in a flow microreactor - space integration of lithiation and Murahashi coupling,90,C-C coupling,tetrahydrofuran,,10.1002/anie.201002763,2010.0,tR2,,100.0,,70,p-bromoanisole,n-BuLi,p-methoxyphenyllithium,bromobenzene,synthetic,p-methoxybiphenyl,0.10,0.42,1.1,,COc1ccc(Br)cc1,CCCC[Li],COc1ccc([Li])cc1,Brc1ccccc1,COc1ccc(-c2ccccc2)cc1
Nagaki et al. 2010 - Cross-coupling in a flow microreactor - space integration of lithiation and Murahashi coupling,63,C-C coupling,tetrahydrofuran,,10.1002/anie.201002763,2010.0,tR2,,1.0,,50,p-bromoanisole,n-BuLi,p-methoxyphenyllithium,bromobenzene,synthetic,p-methoxybiphenyl,0.10,0.42,1.1,,COc1ccc(Br)cc1,CCCC[Li],COc1ccc([Li])cc1,Brc1ccccc1,COc1ccc(-c2ccccc2)cc1
Nagaki et al. 2010 - Cross-coupling in a flow microreactor - space integration of lithiation and Murahashi coupling,86,C-C coupling,tetrahydrofuran,,10.1002/anie.201002763,2010.0,tR2,,3.16,,50,p-bromoanisole,n-BuLi,p-methoxyphenyllithium,bromobenzene,synthetic,p-methoxybiphenyl,0.10,0.42,1.1,,COc1ccc(Br)cc1,CCCC[Li],COc1ccc([Li])cc1,Brc1ccccc1,COc1ccc(-c2ccccc2)cc1
Nagaki et al. 2010 - Cross-coupling in a flow microreactor - space integration of lithiation and Murahashi coupling,90,C-C coupling,tetrahydrofuran,,10.1002/anie.201002763,2010.0,tR2,,10.0,,50,p-bromoanisole,n-BuLi,p-methoxyphenyllithium,bromobenzene,synthetic,p-methoxybiphenyl,0.10,0.42,1.1,,COc1ccc(Br)cc1,CCCC[Li],COc1ccc([Li])cc1,Brc1ccccc1,COc1ccc(-c2ccccc2)cc1
Nagaki et al. 2010 - Cross-coupling in a flow microreactor - space integration of lithiation and Murahashi coupling,89,C-C coupling,tetrahydrofuran,,10.1002/anie.201002763,2010.0,tR2,,31.6,,50,p-bromoanisole,n-BuLi,p-methoxyphenyllithium,bromobenzene,synthetic,p-methoxybiphenyl,0.10,0.42,1.1,,COc1ccc(Br)cc1,CCCC[Li],COc1ccc([Li])cc1,Brc1ccccc1,COc1ccc(-c2ccccc2)cc1
Nagaki et al. 2010 - Cross-coupling in a flow microreactor - space integration of lithiation and Murahashi coupling,90,C-C coupling,tetrahydrofuran,,10.1002/anie.201002763,2010.0,tR2,,100.0,,50,p-bromoanisole,n-BuLi,p-methoxyphenyllithium,bromobenzene,synthetic,p-methoxybiphenyl,0.10,0.42,1.1,,COc1ccc(Br)cc1,CCCC[Li],COc1ccc([Li])cc1,Brc1ccccc1,COc1ccc(-c2ccccc2)cc1
Nagaki et al. 2010 - Cross-coupling in a flow microreactor - space integration of lithiation and Murahashi coupling,44,C-C coupling,tetrahydrofuran,,10.1002/anie.201002763,2010.0,tR2,,1.0,,30,p-bromoanisole,n-BuLi,p-methoxyphenyllithium,bromobenzene,synthetic,p-methoxybiphenyl,0.10,0.42,1.1,,COc1ccc(Br)cc1,CCCC[Li],COc1ccc([Li])cc1,Brc1ccccc1,COc1ccc(-c2ccccc2)cc1
Nagaki et al. 2010 - Cross-coupling in a flow microreactor - space integration of lithiation and Murahashi coupling,74,C-C coupling,tetrahydrofuran,,10.1002/anie.201002763,2010.0,tR2,,3.16,,30,p-bromoanisole,n-BuLi,p-methoxyphenyllithium,bromobenzene,synthetic,p-methoxybiphenyl,0.10,0.42,1.1,,COc1ccc(Br)cc1,CCCC[Li],COc1ccc([Li])cc1,Brc1ccccc1,COc1ccc(-c2ccccc2)cc1
Nagaki et al. 2010 - Cross-coupling in a flow microreactor - space integration of lithiation and Murahashi coupling,84,C-C coupling,tetrahydrofuran,,10.1002/anie.201002763,2010.0,tR2,,10.0,,30,p-bromoanisole,n-BuLi,p-methoxyphenyllithium,bromobenzene,synthetic,p-methoxybiphenyl,0.10,0.42,1.1,,COc1ccc(Br)cc1,CCCC[Li],COc1ccc([Li])cc1,Brc1ccccc1,COc1ccc(-c2ccccc2)cc1
Nagaki et al. 2010 - Cross-coupling in a flow microreactor - space integration of lithiation and Murahashi coupling,86,C-C coupling,tetrahydrofuran,,10.1002/anie.201002763,2010.0,tR2,,31.6,,30,p-bromoanisole,n-BuLi,p-methoxyphenyllithium,bromobenzene,synthetic,p-methoxybiphenyl,0.10,0.42,1.1,,COc1ccc(Br)cc1,CCCC[Li],COc1ccc([Li])cc1,Brc1ccccc1,COc1ccc(-c2ccccc2)cc1
Nagaki et al. 2010 - Cross-coupling in a flow microreactor - space integration of lithiation and Murahashi coupling,83,C-C coupling,tetrahydrofuran,,10.1002/anie.201002763,2010.0,tR2,,100.0,,30,p-bromoanisole,n-BuLi,p-methoxyphenyllithium,bromobenzene,synthetic,p-methoxybiphenyl,0.10,0.42,1.1,,COc1ccc(Br)cc1,CCCC[Li],COc1ccc([Li])cc1,Brc1ccccc1,COc1ccc(-c2ccccc2)cc1
Nagaki et al. 2010 - Cross-coupling in a flow microreactor - space integration of lithiation and Murahashi coupling,26,C-C coupling,tetrahydrofuran,,10.1002/anie.201002763,2010.0,tR2,,1.0,,15,p-bromoanisole,n-BuLi,p-methoxyphenyllithium,bromobenzene,synthetic,p-methoxybiphenyl,0.10,0.42,1.1,,COc1ccc(Br)cc1,CCCC[Li],COc1ccc([Li])cc1,Brc1ccccc1,COc1ccc(-c2ccccc2)cc1
Nagaki et al. 2010 - Cross-coupling in a flow microreactor - space integration of lithiation and Murahashi coupling,48,C-C coupling,tetrahydrofuran,,10.1002/anie.201002763,2010.0,tR2,,3.16,,15,p-bromoanisole,n-BuLi,p-methoxyphenyllithium,bromobenzene,synthetic,p-methoxybiphenyl,0.10,0.42,1.1,,COc1ccc(Br)cc1,CCCC[Li],COc1ccc([Li])cc1,Brc1ccccc1,COc1ccc(-c2ccccc2)cc1
Nagaki et al. 2010 - Cross-coupling in a flow microreactor - space integration of lithiation and Murahashi coupling,72,C-C coupling,tetrahydrofuran,,10.1002/anie.201002763,2010.0,tR2,,10.0,,15,p-bromoanisole,n-BuLi,p-methoxyphenyllithium,bromobenzene,synthetic,p-methoxybiphenyl,0.10,0.42,1.1,,COc1ccc(Br)cc1,CCCC[Li],COc1ccc([Li])cc1,Brc1ccccc1,COc1ccc(-c2ccccc2)cc1
Nagaki et al. 2010 - Cross-coupling in a flow microreactor - space integration of lithiation and Murahashi coupling,78,C-C coupling,tetrahydrofuran,,10.1002/anie.201002763,2010.0,tR2,,31.6,,15,p-bromoanisole,n-BuLi,p-methoxyphenyllithium,bromobenzene,synthetic,p-methoxybiphenyl,0.10,0.42,1.1,,COc1ccc(Br)cc1,CCCC[Li],COc1ccc([Li])cc1,Brc1ccccc1,COc1ccc(-c2ccccc2)cc1
Nagaki et al. 2010 - Cross-coupling in a flow microreactor - space integration of lithiation and Murahashi coupling,81,C-C coupling,tetrahydrofuran,,10.1002/anie.201002763,2010.0,tR2,,100.0,,15,p-bromoanisole,n-BuLi,p-methoxyphenyllithium,bromobenzene,synthetic,p-methoxybiphenyl,0.10,0.42,1.1,,COc1ccc(Br)cc1,CCCC[Li],COc1ccc([Li])cc1,Brc1ccccc1,COc1ccc(-c2ccccc2)cc1
Nagaki et al. 2010 - Cross-coupling in a flow microreactor - space integration of lithiation and Murahashi coupling,22,C-C coupling,tetrahydrofuran,,10.1002/anie.201002763,2010.0,tR2,,1.0,,0,p-bromoanisole,n-BuLi,p-methoxyphenyllithium,bromobenzene,synthetic,p-methoxybiphenyl,0.10,0.42,1.1,,COc1ccc(Br)cc1,CCCC[Li],COc1ccc([Li])cc1,Brc1ccccc1,COc1ccc(-c2ccccc2)cc1
Nagaki et al. 2010 - Cross-coupling in a flow microreactor - space integration of lithiation and Murahashi coupling,35,C-C coupling,tetrahydrofuran,,10.1002/anie.201002763,2010.0,tR2,,3.16,,0,p-bromoanisole,n-BuLi,p-methoxyphenyllithium,bromobenzene,synthetic,p-methoxybiphenyl,0.10,0.42,1.1,,COc1ccc(Br)cc1,CCCC[Li],COc1ccc([Li])cc1,Brc1ccccc1,COc1ccc(-c2ccccc2)cc1
Nagaki et al. 2010 - Cross-coupling in a flow microreactor - space integration of lithiation and Murahashi coupling,47,C-C coupling,tetrahydrofuran,,10.1002/anie.201002763,2010.0,tR2,,10.0,,0,p-bromoanisole,n-BuLi,p-methoxyphenyllithium,bromobenzene,synthetic,p-methoxybiphenyl,0.10,0.42,1.1,,COc1ccc(Br)cc1,CCCC[Li],COc1ccc([Li])cc1,Brc1ccccc1,COc1ccc(-c2ccccc2)cc1
Nagaki et al. 2010 - Cross-coupling in a flow microreactor - space integration of lithiation and Murahashi coupling,53,C-C coupling,tetrahydrofuran,,10.1002/anie.201002763,2010.0,tR2,,31.6,,0,p-bromoanisole,n-BuLi,p-methoxyphenyllithium,bromobenzene,synthetic,p-methoxybiphenyl,0.10,0.42,1.1,,COc1ccc(Br)cc1,CCCC[Li],COc1ccc([Li])cc1,Brc1ccccc1,COc1ccc(-c2ccccc2)cc1
Nagaki et al. 2010 - Cross-coupling in a flow microreactor - space integration of lithiation and Murahashi coupling,65,C-C coupling,tetrahydrofuran,,10.1002/anie.201002763,2010.0,tR2,,100.0,,0,p-bromoanisole,n-BuLi,p-methoxyphenyllithium,bromobenzene,synthetic,p-methoxybiphenyl,0.10,0.42,1.1,,COc1ccc(Br)cc1,CCCC[Li],COc1ccc([Li])cc1,Brc1ccccc1,COc1ccc(-c2ccccc2)cc1
Nagaki et al. 2010 - Cross-coupling in a flow microreactor - space integration of lithiation and Murahashi coupling,91,C-C coupling,tetrahydrofuran,,10.1002/anie.201002763,2010.0,tR2,,316.0,,70,p-bromoanisole,n-BuLi,p-methoxyphenyllithium,bromobenzene,synthetic,p-methoxybiphenyl,0.10,0.42,1.1,,COc1ccc(Br)cc1,CCCC[Li],COc1ccc([Li])cc1,Brc1ccccc1,COc1ccc(-c2ccccc2)cc1
Nagaki et al. 2010 - Cross-coupling in a flow microreactor - space integration of lithiation and Murahashi coupling,93,C-C coupling,tetrahydrofuran,,10.1002/anie.201002763,2010.0,tR2,,316.0,,50,p-bromoanisole,n-BuLi,p-methoxyphenyllithium,bromobenzene,synthetic,p-methoxybiphenyl,0.10,0.42,1.1,,COc1ccc(Br)cc1,CCCC[Li],COc1ccc([Li])cc1,Brc1ccccc1,COc1ccc(-c2ccccc2)cc1
Nagaki et al. 2010 - Cross-coupling in a flow microreactor - space integration of lithiation and Murahashi coupling,88,C-C coupling,tetrahydrofuran,,10.1002/anie.201002763,2010.0,tR2,,316.0,,30,p-bromoanisole,n-BuLi,p-methoxyphenyllithium,bromobenzene,synthetic,p-methoxybiphenyl,0.10,0.42,1.1,,COc1ccc(Br)cc1,CCCC[Li],COc1ccc([Li])cc1,Brc1ccccc1,COc1ccc(-c2ccccc2)cc1
Nagaki et al. 2010 - Cross-coupling in a flow microreactor - space integration of lithiation and Murahashi coupling,82,C-C coupling,tetrahydrofuran,,10.1002/anie.201002763,2010.0,tR2,,316.0,,15,p-bromoanisole,n-BuLi,p-methoxyphenyllithium,bromobenzene,synthetic,p-methoxybiphenyl,0.10,0.42,1.1,,COc1ccc(Br)cc1,CCCC[Li],COc1ccc([Li])cc1,Brc1ccccc1,COc1ccc(-c2ccccc2)cc1
Nagaki et al. 2010 - Cross-coupling in a flow microreactor - space integration of lithiation and Murahashi coupling,69,C-C coupling,tetrahydrofuran,,10.1002/anie.201002763,2010.0,tR2,,316.0,,0,p-bromoanisole,n-BuLi,p-methoxyphenyllithium,bromobenzene,synthetic,p-methoxybiphenyl,0.10,0.42,1.1,,COc1ccc(Br)cc1,CCCC[Li],COc1ccc([Li])cc1,Brc1ccccc1,COc1ccc(-c2ccccc2)cc1
Nagaki et al. 2010 - A flow microreactor system enables organolithium reactions without protecting alkoxycarbonyl groups,85,halogen-metal exchange,tetrahydrofuran,flow microreactor,10.1002/chem.201000876,2010.0,tR1,0.0316,,0,,tert-butyl p-bromobenzoate,s-BuLi,tert-butyl 4-(lithio)benzoate (aryllithium),ROH (alcohol quench),quench_probe,tert-butyl 4-(lithio)benzoate (aryllithium intermediate),0.10,0.42,1.1,,CC(C)(C)OC(=O)c1ccc(Br)cc1,CCC([Li])C,CC(C)(C)OC(=O)c1ccc([Li])cc1,CO,CC(C)(C)OC(=O)c1ccc([Li])cc1
Nagaki et al. 2010 - A flow microreactor system enables organolithium reactions without protecting alkoxycarbonyl groups,82,halogen-metal exchange,tetrahydrofuran,flow microreactor,10.1002/chem.201000876,2010.0,tR1,0.1,,0,,tert-butyl p-bromobenzoate,s-BuLi,tert-butyl 4-(lithio)benzoate (aryllithium),ROH (alcohol quench),quench_probe,tert-butyl 4-(lithio)benzoate (aryllithium intermediate),0.10,0.42,1.1,,CC(C)(C)OC(=O)c1ccc(Br)cc1,CCC([Li])C,CC(C)(C)OC(=O)c1ccc([Li])cc1,CO,CC(C)(C)OC(=O)c1ccc([Li])cc1
Nagaki et al. 2010 - A flow microreactor system enables organolithium reactions without protecting alkoxycarbonyl groups,76,halogen-metal exchange,tetrahydrofuran,flow microreactor,10.1002/chem.201000876,2010.0,tR1,0.316,,0,,tert-butyl p-bromobenzoate,s-BuLi,tert-butyl 4-(lithio)benzoate (aryllithium),ROH (alcohol quench),quench_probe,tert-butyl 4-(lithio)benzoate (aryllithium intermediate),0.10,0.42,1.1,,CC(C)(C)OC(=O)c1ccc(Br)cc1,CCC([Li])C,CC(C)(C)OC(=O)c1ccc([Li])cc1,CO,CC(C)(C)OC(=O)c1ccc([Li])cc1
Nagaki et al. 2010 - A flow microreactor system enables organolithium reactions without protecting alkoxycarbonyl groups,66,halogen-metal exchange,tetrahydrofuran,flow microreactor,10.1002/chem.201000876,2010.0,tR1,1.0,,0,,tert-butyl p-bromobenzoate,s-BuLi,tert-butyl 4-(lithio)benzoate (aryllithium),ROH (alcohol quench),quench_probe,tert-butyl 4-(lithio)benzoate (aryllithium intermediate),0.10,0.42,1.1,,CC(C)(C)OC(=O)c1ccc(Br)cc1,CCC([Li])C,CC(C)(C)OC(=O)c1ccc([Li])cc1,CO,CC(C)(C)OC(=O)c1ccc([Li])cc1
Nagaki et al. 2010 - A flow microreactor system enables organolithium reactions without protecting alkoxycarbonyl groups,53,halogen-metal exchange,tetrahydrofuran,flow microreactor,10.1002/chem.201000876,2010.0,tR1,3.16,,0,,tert-butyl p-bromobenzoate,s-BuLi,tert-butyl 4-(lithio)benzoate (aryllithium),ROH (alcohol quench),quench_probe,tert-butyl 4-(lithio)benzoate (aryllithium intermediate),0.10,0.42,1.1,,CC(C)(C)OC(=O)c1ccc(Br)cc1,CCC([Li])C,CC(C)(C)OC(=O)c1ccc([Li])cc1,CO,CC(C)(C)OC(=O)c1ccc([Li])cc1
Nagaki et al. 2010 - A flow microreactor system enables organolithium reactions without protecting alkoxycarbonyl groups,7,halogen-metal exchange,tetrahydrofuran,flow microreactor,10.1002/chem.201000876,2010.0,tR1,31.6,,0,,tert-butyl p-bromobenzoate,s-BuLi,tert-butyl 4-(lithio)benzoate (aryllithium),ROH (alcohol quench),quench_probe,tert-butyl 4-(lithio)benzoate (aryllithium intermediate),0.10,0.42,1.1,,CC(C)(C)OC(=O)c1ccc(Br)cc1,CCC([Li])C,CC(C)(C)OC(=O)c1ccc([Li])cc1,CO,CC(C)(C)OC(=O)c1ccc([Li])cc1
Nagaki et al. 2010 - A flow microreactor system enables organolithium reactions without protecting alkoxycarbonyl groups,94,halogen-metal exchange,tetrahydrofuran,flow microreactor,10.1002/chem.201000876,2010.0,tR1,0.0316,,-30,,tert-butyl p-bromobenzoate,s-BuLi,tert-butyl 4-(lithio)benzoate (aryllithium),ROH (alcohol quench),quench_probe,tert-butyl 4-(lithio)benzoate (aryllithium intermediate),0.10,0.42,1.1,,CC(C)(C)OC(=O)c1ccc(Br)cc1,CCC([Li])C,CC(C)(C)OC(=O)c1ccc([Li])cc1,CO,CC(C)(C)OC(=O)c1ccc([Li])cc1
Nagaki et al. 2010 - A flow microreactor system enables organolithium reactions without protecting alkoxycarbonyl groups,95,halogen-metal exchange,tetrahydrofuran,flow microreactor,10.1002/chem.201000876,2010.0,tR1,0.1,,-30,,tert-butyl p-bromobenzoate,s-BuLi,tert-butyl 4-(lithio)benzoate (aryllithium),ROH (alcohol quench),quench_probe,tert-butyl 4-(lithio)benzoate (aryllithium intermediate),0.10,0.42,1.1,,CC(C)(C)OC(=O)c1ccc(Br)cc1,CCC([Li])C,CC(C)(C)OC(=O)c1ccc([Li])cc1,CO,CC(C)(C)OC(=O)c1ccc([Li])cc1
Nagaki et al. 2010 - A flow microreactor system enables organolithium reactions without protecting alkoxycarbonyl groups,95,halogen-metal exchange,tetrahydrofuran,flow microreactor,10.1002/chem.201000876,2010.0,tR1,0.316,,-30,,tert-butyl p-bromobenzoate,s-BuLi,tert-butyl 4-(lithio)benzoate (aryllithium),ROH (alcohol quench),quench_probe,tert-butyl 4-(lithio)benzoate (aryllithium intermediate),0.10,0.42,1.1,,CC(C)(C)OC(=O)c1ccc(Br)cc1,CCC([Li])C,CC(C)(C)OC(=O)c1ccc([Li])cc1,CO,CC(C)(C)OC(=O)c1ccc([Li])cc1
Nagaki et al. 2010 - A flow microreactor system enables organolithium reactions without protecting alkoxycarbonyl groups,94,halogen-metal exchange,tetrahydrofuran,flow microreactor,10.1002/chem.201000876,2010.0,tR1,1.0,,-30,,tert-butyl p-bromobenzoate,s-BuLi,tert-butyl 4-(lithio)benzoate (aryllithium),ROH (alcohol quench),quench_probe,tert-butyl 4-(lithio)benzoate (aryllithium intermediate),0.10,0.42,1.1,,CC(C)(C)OC(=O)c1ccc(Br)cc1,CCC([Li])C,CC(C)(C)OC(=O)c1ccc([Li])cc1,CO,CC(C)(C)OC(=O)c1ccc([Li])cc1
Nagaki et al. 2010 - A flow microreactor system enables organolithium reactions without protecting alkoxycarbonyl groups,90,halogen-metal exchange,tetrahydrofuran,flow microreactor,10.1002/chem.201000876,2010.0,tR1,3.16,,-30,,tert-butyl p-bromobenzoate,s-BuLi,tert-butyl 4-(lithio)benzoate (aryllithium),ROH (alcohol quench),quench_probe,tert-butyl 4-(lithio)benzoate (aryllithium intermediate),0.10,0.42,1.1,,CC(C)(C)OC(=O)c1ccc(Br)cc1,CCC([Li])C,CC(C)(C)OC(=O)c1ccc([Li])cc1,CO,CC(C)(C)OC(=O)c1ccc([Li])cc1
Nagaki et al. 2010 - A flow microreactor system enables organolithium reactions without protecting alkoxycarbonyl groups,74,halogen-metal exchange,tetrahydrofuran,flow microreactor,10.1002/chem.201000876,2010.0,tR1,31.6,,-30,,tert-butyl p-bromobenzoate,s-BuLi,tert-butyl 4-(lithio)benzoate (aryllithium),ROH (alcohol quench),quench_probe,tert-butyl 4-(lithio)benzoate (aryllithium intermediate),0.10,0.42,1.1,,CC(C)(C)OC(=O)c1ccc(Br)cc1,CCC([Li])C,CC(C)(C)OC(=O)c1ccc([Li])cc1,CO,CC(C)(C)OC(=O)c1ccc([Li])cc1
Nagaki et al. 2010 - A flow microreactor system enables organolithium reactions without protecting alkoxycarbonyl groups,91,halogen-metal exchange,tetrahydrofuran,flow microreactor,10.1002/chem.201000876,2010.0,tR1,0.0316,,-50,,tert-butyl p-bromobenzoate,s-BuLi,tert-butyl 4-(lithio)benzoate (aryllithium),ROH (alcohol quench),quench_probe,tert-butyl 4-(lithio)benzoate (aryllithium intermediate),0.10,0.42,1.1,,CC(C)(C)OC(=O)c1ccc(Br)cc1,CCC([Li])C,CC(C)(C)OC(=O)c1ccc([Li])cc1,CO,CC(C)(C)OC(=O)c1ccc([Li])cc1
Nagaki et al. 2010 - A flow microreactor system enables organolithium reactions without protecting alkoxycarbonyl groups,92,halogen-metal exchange,tetrahydrofuran,flow microreactor,10.1002/chem.201000876,2010.0,tR1,0.1,,-50,,tert-butyl p-bromobenzoate,s-BuLi,tert-butyl 4-(lithio)benzoate (aryllithium),ROH (alcohol quench),quench_probe,tert-butyl 4-(lithio)benzoate (aryllithium intermediate),0.10,0.42,1.1,,CC(C)(C)OC(=O)c1ccc(Br)cc1,CCC([Li])C,CC(C)(C)OC(=O)c1ccc([Li])cc1,CO,CC(C)(C)OC(=O)c1ccc([Li])cc1
Nagaki et al. 2010 - A flow microreactor system enables organolithium reactions without protecting alkoxycarbonyl groups,93,halogen-metal exchange,tetrahydrofuran,flow microreactor,10.1002/chem.201000876,2010.0,tR1,0.316,,-50,,tert-butyl p-bromobenzoate,s-BuLi,tert-butyl 4-(lithio)benzoate (aryllithium),ROH (alcohol quench),quench_probe,tert-butyl 4-(lithio)benzoate (aryllithium intermediate),0.10,0.42,1.1,,CC(C)(C)OC(=O)c1ccc(Br)cc1,CCC([Li])C,CC(C)(C)OC(=O)c1ccc([Li])cc1,CO,CC(C)(C)OC(=O)c1ccc([Li])cc1
Nagaki et al. 2010 - A flow microreactor system enables organolithium reactions without protecting alkoxycarbonyl groups,92,halogen-metal exchange,tetrahydrofuran,flow microreactor,10.1002/chem.201000876,2010.0,tR1,1.0,,-50,,tert-butyl p-bromobenzoate,s-BuLi,tert-butyl 4-(lithio)benzoate (aryllithium),ROH (alcohol quench),quench_probe,tert-butyl 4-(lithio)benzoate (aryllithium intermediate),0.10,0.42,1.1,,CC(C)(C)OC(=O)c1ccc(Br)cc1,CCC([Li])C,CC(C)(C)OC(=O)c1ccc([Li])cc1,CO,CC(C)(C)OC(=O)c1ccc([Li])cc1
Nagaki et al. 2010 - A flow microreactor system enables organolithium reactions without protecting alkoxycarbonyl groups,93,halogen-metal exchange,tetrahydrofuran,flow microreactor,10.1002/chem.201000876,2010.0,tR1,3.16,,-50,,tert-butyl p-bromobenzoate,s-BuLi,tert-butyl 4-(lithio)benzoate (aryllithium),ROH (alcohol quench),quench_probe,tert-butyl 4-(lithio)benzoate (aryllithium intermediate),0.10,0.42,1.1,,CC(C)(C)OC(=O)c1ccc(Br)cc1,CCC([Li])C,CC(C)(C)OC(=O)c1ccc([Li])cc1,CO,CC(C)(C)OC(=O)c1ccc([Li])cc1
Nagaki et al. 2010 - A flow microreactor system enables organolithium reactions without protecting alkoxycarbonyl groups,89,halogen-metal exchange,tetrahydrofuran,flow microreactor,10.1002/chem.201000876,2010.0,tR1,31.6,,-50,,tert-butyl p-bromobenzoate,s-BuLi,tert-butyl 4-(lithio)benzoate (aryllithium),ROH (alcohol quench),quench_probe,tert-butyl 4-(lithio)benzoate (aryllithium intermediate),0.10,0.42,1.1,,CC(C)(C)OC(=O)c1ccc(Br)cc1,CCC([Li])C,CC(C)(C)OC(=O)c1ccc([Li])cc1,CO,CC(C)(C)OC(=O)c1ccc([Li])cc1
Nagaki et al. 2010 - A flow microreactor system enables organolithium reactions without protecting alkoxycarbonyl groups,92,halogen-metal exchange,tetrahydrofuran,flow microreactor,10.1002/chem.201000876,2010.0,tR1,0.0316,,-60,,tert-butyl p-bromobenzoate,s-BuLi,tert-butyl 4-(lithio)benzoate (aryllithium),ROH (alcohol quench),quench_probe,tert-butyl 4-(lithio)benzoate (aryllithium intermediate),0.10,0.42,1.1,,CC(C)(C)OC(=O)c1ccc(Br)cc1,CCC([Li])C,CC(C)(C)OC(=O)c1ccc([Li])cc1,CO,CC(C)(C)OC(=O)c1ccc([Li])cc1
Nagaki et al. 2010 - A flow microreactor system enables organolithium reactions without protecting alkoxycarbonyl groups,90,halogen-metal exchange,tetrahydrofuran,flow microreactor,10.1002/chem.201000876,2010.0,tR1,0.1,,-60,,tert-butyl p-bromobenzoate,s-BuLi,tert-butyl 4-(lithio)benzoate (aryllithium),ROH (alcohol quench),quench_probe,tert-butyl 4-(lithio)benzoate (aryllithium intermediate),0.10,0.42,1.1,,CC(C)(C)OC(=O)c1ccc(Br)cc1,CCC([Li])C,CC(C)(C)OC(=O)c1ccc([Li])cc1,CO,CC(C)(C)OC(=O)c1ccc([Li])cc1
Nagaki et al. 2010 - A flow microreactor system enables organolithium reactions without protecting alkoxycarbonyl groups,93,halogen-metal exchange,tetrahydrofuran,flow microreactor,10.1002/chem.201000876,2010.0,tR1,0.316,,-60,,tert-butyl p-bromobenzoate,s-BuLi,tert-butyl 4-(lithio)benzoate (aryllithium),ROH (alcohol quench),quench_probe,tert-butyl 4-(lithio)benzoate (aryllithium intermediate),0.10,0.42,1.1,,CC(C)(C)OC(=O)c1ccc(Br)cc1,CCC([Li])C,CC(C)(C)OC(=O)c1ccc([Li])cc1,CO,CC(C)(C)OC(=O)c1ccc([Li])cc1
Nagaki et al. 2010 - A flow microreactor system enables organolithium reactions without protecting alkoxycarbonyl groups,90,halogen-metal exchange,tetrahydrofuran,flow microreactor,10.1002/chem.201000876,2010.0,tR1,1.0,,-60,,tert-butyl p-bromobenzoate,s-BuLi,tert-butyl 4-(lithio)benzoate (aryllithium),ROH (alcohol quench),quench_probe,tert-butyl 4-(lithio)benzoate (aryllithium intermediate),0.10,0.42,1.1,,CC(C)(C)OC(=O)c1ccc(Br)cc1,CCC([Li])C,CC(C)(C)OC(=O)c1ccc([Li])cc1,CO,CC(C)(C)OC(=O)c1ccc([Li])cc1
Nagaki et al. 2010 - A flow microreactor system enables organolithium reactions without protecting alkoxycarbonyl groups,93,halogen-metal exchange,tetrahydrofuran,flow microreactor,10.1002/chem.201000876,2010.0,tR1,3.16,,-60,,tert-butyl p-bromobenzoate,s-BuLi,tert-butyl 4-(lithio)benzoate (aryllithium),ROH (alcohol quench),quench_probe,tert-butyl 4-(lithio)benzoate (aryllithium intermediate),0.10,0.42,1.1,,CC(C)(C)OC(=O)c1ccc(Br)cc1,CCC([Li])C,CC(C)(C)OC(=O)c1ccc([Li])cc1,CO,CC(C)(C)OC(=O)c1ccc([Li])cc1
Nagaki et al. 2010 - A flow microreactor system enables organolithium reactions without protecting alkoxycarbonyl groups,92,halogen-metal exchange,tetrahydrofuran,flow microreactor,10.1002/chem.201000876,2010.0,tR1,31.6,,-60,,tert-butyl p-bromobenzoate,s-BuLi,tert-butyl 4-(lithio)benzoate (aryllithium),ROH (alcohol quench),quench_probe,tert-butyl 4-(lithio)benzoate (aryllithium intermediate),0.10,0.42,1.1,,CC(C)(C)OC(=O)c1ccc(Br)cc1,CCC([Li])C,CC(C)(C)OC(=O)c1ccc([Li])cc1,CO,CC(C)(C)OC(=O)c1ccc([Li])cc1
Nagaki et al. 2010 - A flow microreactor system enables organolithium reactions without protecting alkoxycarbonyl groups,77,halogen-metal exchange,tetrahydrofuran,flow microreactor,10.1002/chem.201000876,2010.0,tR1,0.0316,,-78,,tert-butyl p-bromobenzoate,s-BuLi,tert-butyl 4-(lithio)benzoate (aryllithium),ROH (alcohol quench),quench_probe,tert-butyl 4-(lithio)benzoate (aryllithium intermediate),0.10,0.42,1.1,,CC(C)(C)OC(=O)c1ccc(Br)cc1,CCC([Li])C,CC(C)(C)OC(=O)c1ccc([Li])cc1,CO,CC(C)(C)OC(=O)c1ccc([Li])cc1
Nagaki et al. 2010 - A flow microreactor system enables organolithium reactions without protecting alkoxycarbonyl groups,60,halogen-metal exchange,tetrahydrofuran,flow microreactor,10.1002/chem.201000876,2010.0,tR1,0.1,,-78,,tert-butyl p-bromobenzoate,s-BuLi,tert-butyl 4-(lithio)benzoate (aryllithium),ROH (alcohol quench),quench_probe,tert-butyl 4-(lithio)benzoate (aryllithium intermediate),0.10,0.42,1.1,,CC(C)(C)OC(=O)c1ccc(Br)cc1,CCC([Li])C,CC(C)(C)OC(=O)c1ccc([Li])cc1,CO,CC(C)(C)OC(=O)c1ccc([Li])cc1
Nagaki et al. 2010 - A flow microreactor system enables organolithium reactions without protecting alkoxycarbonyl groups,67,halogen-metal exchange,tetrahydrofuran,flow microreactor,10.1002/chem.201000876,2010.0,tR1,0.316,,-78,,tert-butyl p-bromobenzoate,s-BuLi,tert-butyl 4-(lithio)benzoate (aryllithium),ROH (alcohol quench),quench_probe,tert-butyl 4-(lithio)benzoate (aryllithium intermediate),0.10,0.42,1.1,,CC(C)(C)OC(=O)c1ccc(Br)cc1,CCC([Li])C,CC(C)(C)OC(=O)c1ccc([Li])cc1,CO,CC(C)(C)OC(=O)c1ccc([Li])cc1
Nagaki et al. 2010 - A flow microreactor system enables organolithium reactions without protecting alkoxycarbonyl groups,72,halogen-metal exchange,tetrahydrofuran,flow microreactor,10.1002/chem.201000876,2010.0,tR1,1.0,,-78,,tert-butyl p-bromobenzoate,s-BuLi,tert-butyl 4-(lithio)benzoate (aryllithium),ROH (alcohol quench),quench_probe,tert-butyl 4-(lithio)benzoate (aryllithium intermediate),0.10,0.42,1.1,,CC(C)(C)OC(=O)c1ccc(Br)cc1,CCC([Li])C,CC(C)(C)OC(=O)c1ccc([Li])cc1,CO,CC(C)(C)OC(=O)c1ccc([Li])cc1
Nagaki et al. 2010 - A flow microreactor system enables organolithium reactions without protecting alkoxycarbonyl groups,76,halogen-metal exchange,tetrahydrofuran,flow microreactor,10.1002/chem.201000876,2010.0,tR1,3.16,,-78,,tert-butyl p-bromobenzoate,s-BuLi,tert-butyl 4-(lithio)benzoate (aryllithium),ROH (alcohol quench),quench_probe,tert-butyl 4-(lithio)benzoate (aryllithium intermediate),0.10,0.42,1.1,,CC(C)(C)OC(=O)c1ccc(Br)cc1,CCC([Li])C,CC(C)(C)OC(=O)c1ccc([Li])cc1,CO,CC(C)(C)OC(=O)c1ccc([Li])cc1
Nagaki et al. 2010 - A flow microreactor system enables organolithium reactions without protecting alkoxycarbonyl groups,84,halogen-metal exchange,tetrahydrofuran,flow microreactor,10.1002/chem.201000876,2010.0,tR1,31.6,,-78,,tert-butyl p-bromobenzoate,s-BuLi,tert-butyl 4-(lithio)benzoate (aryllithium),ROH (alcohol quench),quench_probe,tert-butyl 4-(lithio)benzoate (aryllithium intermediate),0.10,0.42,1.1,,CC(C)(C)OC(=O)c1ccc(Br)cc1,CCC([Li])C,CC(C)(C)OC(=O)c1ccc([Li])cc1,CO,CC(C)(C)OC(=O)c1ccc([Li])cc1
Nagaki et al. 2010 - A flow microreactor system enables organolithium reactions without protecting alkoxycarbonyl groups,10,halogen-metal exchange,tetrahydrofuran,flow microreactor,10.1002/chem.201000876,2010.0,tR1,0.0316,,0,,tert-butyl p-bromobenzoate,s-BuLi,tert-butyl 4-(lithio)benzoate (aryllithium),ROH (alcohol quench),quench_probe,tert-butyl 4-(lithio)benzoate (aryllithium intermediate),0.10,0.42,1.1,,CC(C)(C)OC(=O)c1ccc(Br)cc1,CCC([Li])C,CC(C)(C)OC(=O)c1ccc([Li])cc1,CO,CC(C)(C)OC(=O)c1ccc([Li])cc1
Nagaki et al. 2010 - A flow microreactor system enables organolithium reactions without protecting alkoxycarbonyl groups,7,halogen-metal exchange,tetrahydrofuran,flow microreactor,10.1002/chem.201000876,2010.0,tR1,0.1,,0,,tert-butyl p-bromobenzoate,s-BuLi,tert-butyl 4-(lithio)benzoate (aryllithium),ROH (alcohol quench),quench_probe,tert-butyl 4-(lithio)benzoate (aryllithium intermediate),0.10,0.42,1.1,,CC(C)(C)OC(=O)c1ccc(Br)cc1,CCC([Li])C,CC(C)(C)OC(=O)c1ccc([Li])cc1,CO,CC(C)(C)OC(=O)c1ccc([Li])cc1
Nagaki et al. 2010 - A flow microreactor system enables organolithium reactions without protecting alkoxycarbonyl groups,5,halogen-metal exchange,tetrahydrofuran,flow microreactor,10.1002/chem.201000876,2010.0,tR1,0.316,,0,,tert-butyl p-bromobenzoate,s-BuLi,tert-butyl 4-(lithio)benzoate (aryllithium),ROH (alcohol quench),quench_probe,tert-butyl 4-(lithio)benzoate (aryllithium intermediate),0.10,0.42,1.1,,CC(C)(C)OC(=O)c1ccc(Br)cc1,CCC([Li])C,CC(C)(C)OC(=O)c1ccc([Li])cc1,CO,CC(C)(C)OC(=O)c1ccc([Li])cc1
Nagaki et al. 2010 - A flow microreactor system enables organolithium reactions without protecting alkoxycarbonyl groups,4,halogen-metal exchange,tetrahydrofuran,flow microreactor,10.1002/chem.201000876,2010.0,tR1,1.0,,0,,tert-butyl p-bromobenzoate,s-BuLi,tert-butyl 4-(lithio)benzoate (aryllithium),ROH (alcohol quench),quench_probe,tert-butyl 4-(lithio)benzoate (aryllithium intermediate),0.10,0.42,1.1,,CC(C)(C)OC(=O)c1ccc(Br)cc1,CCC([Li])C,CC(C)(C)OC(=O)c1ccc([Li])cc1,CO,CC(C)(C)OC(=O)c1ccc([Li])cc1
Nagaki et al. 2010 - A flow microreactor system enables organolithium reactions without protecting alkoxycarbonyl groups,4,halogen-metal exchange,tetrahydrofuran,flow microreactor,10.1002/chem.201000876,2010.0,tR1,3.16,,0,,tert-butyl p-bromobenzoate,s-BuLi,tert-butyl 4-(lithio)benzoate (aryllithium),ROH (alcohol quench),quench_probe,tert-butyl 4-(lithio)benzoate (aryllithium intermediate),0.10,0.42,1.1,,CC(C)(C)OC(=O)c1ccc(Br)cc1,CCC([Li])C,CC(C)(C)OC(=O)c1ccc([Li])cc1,CO,CC(C)(C)OC(=O)c1ccc([Li])cc1
Nagaki et al. 2010 - A flow microreactor system enables organolithium reactions without protecting alkoxycarbonyl groups,5,halogen-metal exchange,tetrahydrofuran,flow microreactor,10.1002/chem.201000876,2010.0,tR1,31.6,,0,,tert-butyl p-bromobenzoate,s-BuLi,tert-butyl 4-(lithio)benzoate (aryllithium),ROH (alcohol quench),quench_probe,tert-butyl 4-(lithio)benzoate (aryllithium intermediate),0.10,0.42,1.1,,CC(C)(C)OC(=O)c1ccc(Br)cc1,CCC([Li])C,CC(C)(C)OC(=O)c1ccc([Li])cc1,CO,CC(C)(C)OC(=O)c1ccc([Li])cc1
Nagaki et al. 2010 - A flow microreactor system enables organolithium reactions without protecting alkoxycarbonyl groups,56,halogen-metal exchange,tetrahydrofuran,flow microreactor,10.1002/chem.201000876,2010.0,tR1,0.0316,,-30,,tert-butyl p-bromobenzoate,s-BuLi,tert-butyl 4-(lithio)benzoate (aryllithium),ROH (alcohol quench),quench_probe,tert-butyl 4-(lithio)benzoate (aryllithium intermediate),0.10,0.42,1.1,,CC(C)(C)OC(=O)c1ccc(Br)cc1,CCC([Li])C,CC(C)(C)OC(=O)c1ccc([Li])cc1,CO,CC(C)(C)OC(=O)c1ccc([Li])cc1
Nagaki et al. 2010 - A flow microreactor system enables organolithium reactions without protecting alkoxycarbonyl groups,45,halogen-metal exchange,tetrahydrofuran,flow microreactor,10.1002/chem.201000876,2010.0,tR1,0.1,,-30,,tert-butyl p-bromobenzoate,s-BuLi,tert-butyl 4-(lithio)benzoate (aryllithium),ROH (alcohol quench),quench_probe,tert-butyl 4-(lithio)benzoate (aryllithium intermediate),0.10,0.42,1.1,,CC(C)(C)OC(=O)c1ccc(Br)cc1,CCC([Li])C,CC(C)(C)OC(=O)c1ccc([Li])cc1,CO,CC(C)(C)OC(=O)c1ccc([Li])cc1
Nagaki et al. 2010 - A flow microreactor system enables organolithium reactions without protecting alkoxycarbonyl groups,11,halogen-metal exchange,tetrahydrofuran,flow microreactor,10.1002/chem.201000876,2010.0,tR1,0.316,,-30,,tert-butyl p-bromobenzoate,s-BuLi,tert-butyl 4-(lithio)benzoate (aryllithium),ROH (alcohol quench),quench_probe,tert-butyl 4-(lithio)benzoate (aryllithium intermediate),0.10,0.42,1.1,,CC(C)(C)OC(=O)c1ccc(Br)cc1,CCC([Li])C,CC(C)(C)OC(=O)c1ccc([Li])cc1,CO,CC(C)(C)OC(=O)c1ccc([Li])cc1
Nagaki et al. 2010 - A flow microreactor system enables organolithium reactions without protecting alkoxycarbonyl groups,8,halogen-metal exchange,tetrahydrofuran,flow microreactor,10.1002/chem.201000876,2010.0,tR1,1.0,,-30,,tert-butyl p-bromobenzoate,s-BuLi,tert-butyl 4-(lithio)benzoate (aryllithium),ROH (alcohol quench),quench_probe,tert-butyl 4-(lithio)benzoate (aryllithium intermediate),0.10,0.42,1.1,,CC(C)(C)OC(=O)c1ccc(Br)cc1,CCC([Li])C,CC(C)(C)OC(=O)c1ccc([Li])cc1,CO,CC(C)(C)OC(=O)c1ccc([Li])cc1
Nagaki et al. 2010 - A flow microreactor system enables organolithium reactions without protecting alkoxycarbonyl groups,5,halogen-metal exchange,tetrahydrofuran,flow microreactor,10.1002/chem.201000876,2010.0,tR1,3.16,,-30,,tert-butyl p-bromobenzoate,s-BuLi,tert-butyl 4-(lithio)benzoate (aryllithium),ROH (alcohol quench),quench_probe,tert-butyl 4-(lithio)benzoate (aryllithium intermediate),0.10,0.42,1.1,,CC(C)(C)OC(=O)c1ccc(Br)cc1,CCC([Li])C,CC(C)(C)OC(=O)c1ccc([Li])cc1,CO,CC(C)(C)OC(=O)c1ccc([Li])cc1
Nagaki et al. 2010 - A flow microreactor system enables organolithium reactions without protecting alkoxycarbonyl groups,3,halogen-metal exchange,tetrahydrofuran,flow microreactor,10.1002/chem.201000876,2010.0,tR1,31.6,,-30,,tert-butyl p-bromobenzoate,s-BuLi,tert-butyl 4-(lithio)benzoate (aryllithium),ROH (alcohol quench),quench_probe,tert-butyl 4-(lithio)benzoate (aryllithium intermediate),0.10,0.42,1.1,,CC(C)(C)OC(=O)c1ccc(Br)cc1,CCC([Li])C,CC(C)(C)OC(=O)c1ccc([Li])cc1,CO,CC(C)(C)OC(=O)c1ccc([Li])cc1
Nagaki et al. 2010 - A flow microreactor system enables organolithium reactions without protecting alkoxycarbonyl groups,78,halogen-metal exchange,tetrahydrofuran,flow microreactor,10.1002/chem.201000876,2010.0,tR1,0.0316,,-50,,tert-butyl p-bromobenzoate,s-BuLi,tert-butyl 4-(lithio)benzoate (aryllithium),ROH (alcohol quench),quench_probe,tert-butyl 4-(lithio)benzoate (aryllithium intermediate),0.10,0.42,1.1,,CC(C)(C)OC(=O)c1ccc(Br)cc1,CCC([Li])C,CC(C)(C)OC(=O)c1ccc([Li])cc1,CO,CC(C)(C)OC(=O)c1ccc([Li])cc1
Nagaki et al. 2010 - A flow microreactor system enables organolithium reactions without protecting alkoxycarbonyl groups,64,halogen-metal exchange,tetrahydrofuran,flow microreactor,10.1002/chem.201000876,2010.0,tR1,0.1,,-50,,tert-butyl p-bromobenzoate,s-BuLi,tert-butyl 4-(lithio)benzoate (aryllithium),ROH (alcohol quench),quench_probe,tert-butyl 4-(lithio)benzoate (aryllithium intermediate),0.10,0.42,1.1,,CC(C)(C)OC(=O)c1ccc(Br)cc1,CCC([Li])C,CC(C)(C)OC(=O)c1ccc([Li])cc1,CO,CC(C)(C)OC(=O)c1ccc([Li])cc1
Nagaki et al. 2010 - A flow microreactor system enables organolithium reactions without protecting alkoxycarbonyl groups,61,halogen-metal exchange,tetrahydrofuran,flow microreactor,10.1002/chem.201000876,2010.0,tR1,0.316,,-50,,tert-butyl p-bromobenzoate,s-BuLi,tert-butyl 4-(lithio)benzoate (aryllithium),ROH (alcohol quench),quench_probe,tert-butyl 4-(lithio)benzoate (aryllithium intermediate),0.10,0.42,1.1,,CC(C)(C)OC(=O)c1ccc(Br)cc1,CCC([Li])C,CC(C)(C)OC(=O)c1ccc([Li])cc1,CO,CC(C)(C)OC(=O)c1ccc([Li])cc1
Nagaki et al. 2010 - A flow microreactor system enables organolithium reactions without protecting alkoxycarbonyl groups,46,halogen-metal exchange,tetrahydrofuran,flow microreactor,10.1002/chem.201000876,2010.0,tR1,1.0,,-50,,tert-butyl p-bromobenzoate,s-BuLi,tert-butyl 4-(lithio)benzoate (aryllithium),ROH (alcohol quench),quench_probe,tert-butyl 4-(lithio)benzoate (aryllithium intermediate),0.10,0.42,1.1,,CC(C)(C)OC(=O)c1ccc(Br)cc1,CCC([Li])C,CC(C)(C)OC(=O)c1ccc([Li])cc1,CO,CC(C)(C)OC(=O)c1ccc([Li])cc1
Nagaki et al. 2010 - A flow microreactor system enables organolithium reactions without protecting alkoxycarbonyl groups,16,halogen-metal exchange,tetrahydrofuran,flow microreactor,10.1002/chem.201000876,2010.0,tR1,3.16,,-50,,tert-butyl p-bromobenzoate,s-BuLi,tert-butyl 4-(lithio)benzoate (aryllithium),ROH (alcohol quench),quench_probe,tert-butyl 4-(lithio)benzoate (aryllithium intermediate),0.10,0.42,1.1,,CC(C)(C)OC(=O)c1ccc(Br)cc1,CCC([Li])C,CC(C)(C)OC(=O)c1ccc([Li])cc1,CO,CC(C)(C)OC(=O)c1ccc([Li])cc1
Nagaki et al. 2010 - A flow microreactor system enables organolithium reactions without protecting alkoxycarbonyl groups,4,halogen-metal exchange,tetrahydrofuran,flow microreactor,10.1002/chem.201000876,2010.0,tR1,31.6,,-50,,tert-butyl p-bromobenzoate,s-BuLi,tert-butyl 4-(lithio)benzoate (aryllithium),ROH (alcohol quench),quench_probe,tert-butyl 4-(lithio)benzoate (aryllithium intermediate),0.10,0.42,1.1,,CC(C)(C)OC(=O)c1ccc(Br)cc1,CCC([Li])C,CC(C)(C)OC(=O)c1ccc([Li])cc1,CO,CC(C)(C)OC(=O)c1ccc([Li])cc1
Nagaki et al. 2010 - A flow microreactor system enables organolithium reactions without protecting alkoxycarbonyl groups,81,halogen-metal exchange,tetrahydrofuran,flow microreactor,10.1002/chem.201000876,2010.0,tR1,0.0316,,-60,,tert-butyl p-bromobenzoate,s-BuLi,tert-butyl 4-(lithio)benzoate (aryllithium),ROH (alcohol quench),quench_probe,tert-butyl 4-(lithio)benzoate (aryllithium intermediate),0.10,0.42,1.1,,CC(C)(C)OC(=O)c1ccc(Br)cc1,CCC([Li])C,CC(C)(C)OC(=O)c1ccc([Li])cc1,CO,CC(C)(C)OC(=O)c1ccc([Li])cc1
Nagaki et al. 2010 - A flow microreactor system enables organolithium reactions without protecting alkoxycarbonyl groups,68,halogen-metal exchange,tetrahydrofuran,flow microreactor,10.1002/chem.201000876,2010.0,tR1,0.1,,-60,,tert-butyl p-bromobenzoate,s-BuLi,tert-butyl 4-(lithio)benzoate (aryllithium),ROH (alcohol quench),quench_probe,tert-butyl 4-(lithio)benzoate (aryllithium intermediate),0.10,0.42,1.1,,CC(C)(C)OC(=O)c1ccc(Br)cc1,CCC([Li])C,CC(C)(C)OC(=O)c1ccc([Li])cc1,CO,CC(C)(C)OC(=O)c1ccc([Li])cc1
Nagaki et al. 2010 - A flow microreactor system enables organolithium reactions without protecting alkoxycarbonyl groups,64,halogen-metal exchange,tetrahydrofuran,flow microreactor,10.1002/chem.201000876,2010.0,tR1,0.316,,-60,,tert-butyl p-bromobenzoate,s-BuLi,tert-butyl 4-(lithio)benzoate (aryllithium),ROH (alcohol quench),quench_probe,tert-butyl 4-(lithio)benzoate (aryllithium intermediate),0.10,0.42,1.1,,CC(C)(C)OC(=O)c1ccc(Br)cc1,CCC([Li])C,CC(C)(C)OC(=O)c1ccc([Li])cc1,CO,CC(C)(C)OC(=O)c1ccc([Li])cc1
Nagaki et al. 2010 - A flow microreactor system enables organolithium reactions without protecting alkoxycarbonyl groups,53,halogen-metal exchange,tetrahydrofuran,flow microreactor,10.1002/chem.201000876,2010.0,tR1,1.0,,-60,,tert-butyl p-bromobenzoate,s-BuLi,tert-butyl 4-(lithio)benzoate (aryllithium),ROH (alcohol quench),quench_probe,tert-butyl 4-(lithio)benzoate (aryllithium intermediate),0.10,0.42,1.1,,CC(C)(C)OC(=O)c1ccc(Br)cc1,CCC([Li])C,CC(C)(C)OC(=O)c1ccc([Li])cc1,CO,CC(C)(C)OC(=O)c1ccc([Li])cc1
Nagaki et al. 2010 - A flow microreactor system enables organolithium reactions without protecting alkoxycarbonyl groups,47,halogen-metal exchange,tetrahydrofuran,flow microreactor,10.1002/chem.201000876,2010.0,tR1,3.16,,-60,,tert-butyl p-bromobenzoate,s-BuLi,tert-butyl 4-(lithio)benzoate (aryllithium),ROH (alcohol quench),quench_probe,tert-butyl 4-(lithio)benzoate (aryllithium intermediate),0.10,0.42,1.1,,CC(C)(C)OC(=O)c1ccc(Br)cc1,CCC([Li])C,CC(C)(C)OC(=O)c1ccc([Li])cc1,CO,CC(C)(C)OC(=O)c1ccc([Li])cc1
Nagaki et al. 2010 - A flow microreactor system enables organolithium reactions without protecting alkoxycarbonyl groups,7,halogen-metal exchange,tetrahydrofuran,flow microreactor,10.1002/chem.201000876,2010.0,tR1,31.6,,-60,,tert-butyl p-bromobenzoate,s-BuLi,tert-butyl 4-(lithio)benzoate (aryllithium),ROH (alcohol quench),quench_probe,tert-butyl 4-(lithio)benzoate (aryllithium intermediate),0.10,0.42,1.1,,CC(C)(C)OC(=O)c1ccc(Br)cc1,CCC([Li])C,CC(C)(C)OC(=O)c1ccc([Li])cc1,CO,CC(C)(C)OC(=O)c1ccc([Li])cc1
Nagaki et al. 2010 - A flow microreactor system enables organolithium reactions without protecting alkoxycarbonyl groups,80,halogen-metal exchange,tetrahydrofuran,flow microreactor,10.1002/chem.201000876,2010.0,tR1,0.0316,,-78,,tert-butyl p-bromobenzoate,s-BuLi,tert-butyl 4-(lithio)benzoate (aryllithium),ROH (alcohol quench),quench_probe,tert-butyl 4-(lithio)benzoate (aryllithium intermediate),0.10,0.42,1.1,,CC(C)(C)OC(=O)c1ccc(Br)cc1,CCC([Li])C,CC(C)(C)OC(=O)c1ccc([Li])cc1,CO,CC(C)(C)OC(=O)c1ccc([Li])cc1
Nagaki et al. 2010 - A flow microreactor system enables organolithium reactions without protecting alkoxycarbonyl groups,67,halogen-metal exchange,tetrahydrofuran,flow microreactor,10.1002/chem.201000876,2010.0,tR1,0.1,,-78,,tert-butyl p-bromobenzoate,s-BuLi,tert-butyl 4-(lithio)benzoate (aryllithium),ROH (alcohol quench),quench_probe,tert-butyl 4-(lithio)benzoate (aryllithium intermediate),0.10,0.42,1.1,,CC(C)(C)OC(=O)c1ccc(Br)cc1,CCC([Li])C,CC(C)(C)OC(=O)c1ccc([Li])cc1,CO,CC(C)(C)OC(=O)c1ccc([Li])cc1
Nagaki et al. 2010 - A flow microreactor system enables organolithium reactions without protecting alkoxycarbonyl groups,63,halogen-metal exchange,tetrahydrofuran,flow microreactor,10.1002/chem.201000876,2010.0,tR1,0.316,,-78,,tert-butyl p-bromobenzoate,s-BuLi,tert-butyl 4-(lithio)benzoate (aryllithium),ROH (alcohol quench),quench_probe,tert-butyl 4-(lithio)benzoate (aryllithium intermediate),0.10,0.42,1.1,,CC(C)(C)OC(=O)c1ccc(Br)cc1,CCC([Li])C,CC(C)(C)OC(=O)c1ccc([Li])cc1,CO,CC(C)(C)OC(=O)c1ccc([Li])cc1
Nagaki et al. 2010 - A flow microreactor system enables organolithium reactions without protecting alkoxycarbonyl groups,64,halogen-metal exchange,tetrahydrofuran,flow microreactor,10.1002/chem.201000876,2010.0,tR1,1.0,,-78,,tert-butyl p-bromobenzoate,s-BuLi,tert-butyl 4-(lithio)benzoate (aryllithium),ROH (alcohol quench),quench_probe,tert-butyl 4-(lithio)benzoate (aryllithium intermediate),0.10,0.42,1.1,,CC(C)(C)OC(=O)c1ccc(Br)cc1,CCC([Li])C,CC(C)(C)OC(=O)c1ccc([Li])cc1,CO,CC(C)(C)OC(=O)c1ccc([Li])cc1
Nagaki et al. 2010 - A flow microreactor system enables organolithium reactions without protecting alkoxycarbonyl groups,67,halogen-metal exchange,tetrahydrofuran,flow microreactor,10.1002/chem.201000876,2010.0,tR1,3.16,,-78,,tert-butyl p-bromobenzoate,s-BuLi,tert-butyl 4-(lithio)benzoate (aryllithium),ROH (alcohol quench),quench_probe,tert-butyl 4-(lithio)benzoate (aryllithium intermediate),0.10,0.42,1.1,,CC(C)(C)OC(=O)c1ccc(Br)cc1,CCC([Li])C,CC(C)(C)OC(=O)c1ccc([Li])cc1,CO,CC(C)(C)OC(=O)c1ccc([Li])cc1
Nagaki et al. 2010 - A flow microreactor system enables organolithium reactions without protecting alkoxycarbonyl groups,55,halogen-metal exchange,tetrahydrofuran,flow microreactor,10.1002/chem.201000876,2010.0,tR1,31.6,,-78,,tert-butyl p-bromobenzoate,s-BuLi,tert-butyl 4-(lithio)benzoate (aryllithium),ROH (alcohol quench),quench_probe,tert-butyl 4-(lithio)benzoate (aryllithium intermediate),0.10,0.42,1.1,,CC(C)(C)OC(=O)c1ccc(Br)cc1,CCC([Li])C,CC(C)(C)OC(=O)c1ccc([Li])cc1,CO,CC(C)(C)OC(=O)c1ccc([Li])cc1
Nagaki et al. 2010 - A flow microreactor system enables organolithium reactions without protecting alkoxycarbonyl groups,40,halogen-metal exchange,tetrahydrofuran,flow microreactor,10.1002/chem.201000876,2010.0,tR1,0.0316,,0,,tert-butyl p-bromobenzoate,s-BuLi,tert-butyl 4-(lithio)benzoate (aryllithium),ROH (alcohol quench),quench_probe,tert-butyl 4-(lithio)benzoate (aryllithium intermediate),0.10,0.42,1.1,,CC(C)(C)OC(=O)c1ccc(Br)cc1,CCC([Li])C,CC(C)(C)OC(=O)c1ccc([Li])cc1,CO,CC(C)(C)OC(=O)c1ccc([Li])cc1
Nagaki et al. 2010 - A flow microreactor system enables organolithium reactions without protecting alkoxycarbonyl groups,28,halogen-metal exchange,tetrahydrofuran,flow microreactor,10.1002/chem.201000876,2010.0,tR1,0.1,,0,,tert-butyl p-bromobenzoate,s-BuLi,tert-butyl 4-(lithio)benzoate (aryllithium),ROH (alcohol quench),quench_probe,tert-butyl 4-(lithio)benzoate (aryllithium intermediate),0.10,0.42,1.1,,CC(C)(C)OC(=O)c1ccc(Br)cc1,CCC([Li])C,CC(C)(C)OC(=O)c1ccc([Li])cc1,CO,CC(C)(C)OC(=O)c1ccc([Li])cc1
Nagaki et al. 2010 - A flow microreactor system enables organolithium reactions without protecting alkoxycarbonyl groups,11,halogen-metal exchange,tetrahydrofuran,flow microreactor,10.1002/chem.201000876,2010.0,tR1,0.316,,0,,tert-butyl p-bromobenzoate,s-BuLi,tert-butyl 4-(lithio)benzoate (aryllithium),ROH (alcohol quench),quench_probe,tert-butyl 4-(lithio)benzoate (aryllithium intermediate),0.10,0.42,1.1,,CC(C)(C)OC(=O)c1ccc(Br)cc1,CCC([Li])C,CC(C)(C)OC(=O)c1ccc([Li])cc1,CO,CC(C)(C)OC(=O)c1ccc([Li])cc1
Nagaki et al. 2010 - A flow microreactor system enables organolithium reactions without protecting alkoxycarbonyl groups,8,halogen-metal exchange,tetrahydrofuran,flow microreactor,10.1002/chem.201000876,2010.0,tR1,1.0,,0,,tert-butyl p-bromobenzoate,s-BuLi,tert-butyl 4-(lithio)benzoate (aryllithium),ROH (alcohol quench),quench_probe,tert-butyl 4-(lithio)benzoate (aryllithium intermediate),0.10,0.42,1.1,,CC(C)(C)OC(=O)c1ccc(Br)cc1,CCC([Li])C,CC(C)(C)OC(=O)c1ccc([Li])cc1,CO,CC(C)(C)OC(=O)c1ccc([Li])cc1
Nagaki et al. 2010 - A flow microreactor system enables organolithium reactions without protecting alkoxycarbonyl groups,7,halogen-metal exchange,tetrahydrofuran,flow microreactor,10.1002/chem.201000876,2010.0,tR1,3.16,,0,,tert-butyl p-bromobenzoate,s-BuLi,tert-butyl 4-(lithio)benzoate (aryllithium),ROH (alcohol quench),quench_probe,tert-butyl 4-(lithio)benzoate (aryllithium intermediate),0.10,0.42,1.1,,CC(C)(C)OC(=O)c1ccc(Br)cc1,CCC([Li])C,CC(C)(C)OC(=O)c1ccc([Li])cc1,CO,CC(C)(C)OC(=O)c1ccc([Li])cc1
Nagaki et al. 2010 - A flow microreactor system enables organolithium reactions without protecting alkoxycarbonyl groups,2,halogen-metal exchange,tetrahydrofuran,flow microreactor,10.1002/chem.201000876,2010.0,tR1,31.6,,0,,tert-butyl p-bromobenzoate,s-BuLi,tert-butyl 4-(lithio)benzoate (aryllithium),ROH (alcohol quench),quench_probe,tert-butyl 4-(lithio)benzoate (aryllithium intermediate),0.10,0.42,1.1,,CC(C)(C)OC(=O)c1ccc(Br)cc1,CCC([Li])C,CC(C)(C)OC(=O)c1ccc([Li])cc1,CO,CC(C)(C)OC(=O)c1ccc([Li])cc1
Nagaki et al. 2010 - A flow microreactor system enables organolithium reactions without protecting alkoxycarbonyl groups,78,halogen-metal exchange,tetrahydrofuran,flow microreactor,10.1002/chem.201000876,2010.0,tR1,0.0316,,-30,,tert-butyl p-bromobenzoate,s-BuLi,tert-butyl 4-(lithio)benzoate (aryllithium),ROH (alcohol quench),quench_probe,tert-butyl 4-(lithio)benzoate (aryllithium intermediate),0.10,0.42,1.1,,CC(C)(C)OC(=O)c1ccc(Br)cc1,CCC([Li])C,CC(C)(C)OC(=O)c1ccc([Li])cc1,CO,CC(C)(C)OC(=O)c1ccc([Li])cc1
Nagaki et al. 2010 - A flow microreactor system enables organolithium reactions without protecting alkoxycarbonyl groups,69,halogen-metal exchange,tetrahydrofuran,flow microreactor,10.1002/chem.201000876,2010.0,tR1,0.1,,-30,,tert-butyl p-bromobenzoate,s-BuLi,tert-butyl 4-(lithio)benzoate (aryllithium),ROH (alcohol quench),quench_probe,tert-butyl 4-(lithio)benzoate (aryllithium intermediate),0.10,0.42,1.1,,CC(C)(C)OC(=O)c1ccc(Br)cc1,CCC([Li])C,CC(C)(C)OC(=O)c1ccc([Li])cc1,CO,CC(C)(C)OC(=O)c1ccc([Li])cc1
Nagaki et al. 2010 - A flow microreactor system enables organolithium reactions without protecting alkoxycarbonyl groups,51,halogen-metal exchange,tetrahydrofuran,flow microreactor,10.1002/chem.201000876,2010.0,tR1,0.316,,-30,,tert-butyl p-bromobenzoate,s-BuLi,tert-butyl 4-(lithio)benzoate (aryllithium),ROH (alcohol quench),quench_probe,tert-butyl 4-(lithio)benzoate (aryllithium intermediate),0.10,0.42,1.1,,CC(C)(C)OC(=O)c1ccc(Br)cc1,CCC([Li])C,CC(C)(C)OC(=O)c1ccc([Li])cc1,CO,CC(C)(C)OC(=O)c1ccc([Li])cc1
Nagaki et al. 2010 - A flow microreactor system enables organolithium reactions without protecting alkoxycarbonyl groups,37,halogen-metal exchange,tetrahydrofuran,flow microreactor,10.1002/chem.201000876,2010.0,tR1,1.0,,-30,,tert-butyl p-bromobenzoate,s-BuLi,tert-butyl 4-(lithio)benzoate (aryllithium),ROH (alcohol quench),quench_probe,tert-butyl 4-(lithio)benzoate (aryllithium intermediate),0.10,0.42,1.1,,CC(C)(C)OC(=O)c1ccc(Br)cc1,CCC([Li])C,CC(C)(C)OC(=O)c1ccc([Li])cc1,CO,CC(C)(C)OC(=O)c1ccc([Li])cc1
Nagaki et al. 2010 - A flow microreactor system enables organolithium reactions without protecting alkoxycarbonyl groups,27,halogen-metal exchange,tetrahydrofuran,flow microreactor,10.1002/chem.201000876,2010.0,tR1,3.16,,-30,,tert-butyl p-bromobenzoate,s-BuLi,tert-butyl 4-(lithio)benzoate (aryllithium),ROH (alcohol quench),quench_probe,tert-butyl 4-(lithio)benzoate (aryllithium intermediate),0.10,0.42,1.1,,CC(C)(C)OC(=O)c1ccc(Br)cc1,CCC([Li])C,CC(C)(C)OC(=O)c1ccc([Li])cc1,CO,CC(C)(C)OC(=O)c1ccc([Li])cc1
Nagaki et al. 2010 - A flow microreactor system enables organolithium reactions without protecting alkoxycarbonyl groups,8,halogen-metal exchange,tetrahydrofuran,flow microreactor,10.1002/chem.201000876,2010.0,tR1,31.6,,-30,,tert-butyl p-bromobenzoate,s-BuLi,tert-butyl 4-(lithio)benzoate (aryllithium),ROH (alcohol quench),quench_probe,tert-butyl 4-(lithio)benzoate (aryllithium intermediate),0.10,0.42,1.1,,CC(C)(C)OC(=O)c1ccc(Br)cc1,CCC([Li])C,CC(C)(C)OC(=O)c1ccc([Li])cc1,CO,CC(C)(C)OC(=O)c1ccc([Li])cc1
Nagaki et al. 2010 - A flow microreactor system enables organolithium reactions without protecting alkoxycarbonyl groups,89,halogen-metal exchange,tetrahydrofuran,flow microreactor,10.1002/chem.201000876,2010.0,tR1,0.0316,,-50,,tert-butyl p-bromobenzoate,s-BuLi,tert-butyl 4-(lithio)benzoate (aryllithium),ROH (alcohol quench),quench_probe,tert-butyl 4-(lithio)benzoate (aryllithium intermediate),0.10,0.42,1.1,,CC(C)(C)OC(=O)c1ccc(Br)cc1,CCC([Li])C,CC(C)(C)OC(=O)c1ccc([Li])cc1,CO,CC(C)(C)OC(=O)c1ccc([Li])cc1
Nagaki et al. 2010 - A flow microreactor system enables organolithium reactions without protecting alkoxycarbonyl groups,85,halogen-metal exchange,tetrahydrofuran,flow microreactor,10.1002/chem.201000876,2010.0,tR1,0.1,,-50,,tert-butyl p-bromobenzoate,s-BuLi,tert-butyl 4-(lithio)benzoate (aryllithium),ROH (alcohol quench),quench_probe,tert-butyl 4-(lithio)benzoate (aryllithium intermediate),0.10,0.42,1.1,,CC(C)(C)OC(=O)c1ccc(Br)cc1,CCC([Li])C,CC(C)(C)OC(=O)c1ccc([Li])cc1,CO,CC(C)(C)OC(=O)c1ccc([Li])cc1
Nagaki et al. 2010 - A flow microreactor system enables organolithium reactions without protecting alkoxycarbonyl groups,83,halogen-metal exchange,tetrahydrofuran,flow microreactor,10.1002/chem.201000876,2010.0,tR1,0.316,,-50,,tert-butyl p-bromobenzoate,s-BuLi,tert-butyl 4-(lithio)benzoate (aryllithium),ROH (alcohol quench),quench_probe,tert-butyl 4-(lithio)benzoate (aryllithium intermediate),0.10,0.42,1.1,,CC(C)(C)OC(=O)c1ccc(Br)cc1,CCC([Li])C,CC(C)(C)OC(=O)c1ccc([Li])cc1,CO,CC(C)(C)OC(=O)c1ccc([Li])cc1
Nagaki et al. 2010 - A flow microreactor system enables organolithium reactions without protecting alkoxycarbonyl groups,80,halogen-metal exchange,tetrahydrofuran,flow microreactor,10.1002/chem.201000876,2010.0,tR1,1.0,,-50,,tert-butyl p-bromobenzoate,s-BuLi,tert-butyl 4-(lithio)benzoate (aryllithium),ROH (alcohol quench),quench_probe,tert-butyl 4-(lithio)benzoate (aryllithium intermediate),0.10,0.42,1.1,,CC(C)(C)OC(=O)c1ccc(Br)cc1,CCC([Li])C,CC(C)(C)OC(=O)c1ccc([Li])cc1,CO,CC(C)(C)OC(=O)c1ccc([Li])cc1
Nagaki et al. 2010 - A flow microreactor system enables organolithium reactions without protecting alkoxycarbonyl groups,73,halogen-metal exchange,tetrahydrofuran,flow microreactor,10.1002/chem.201000876,2010.0,tR1,3.16,,-50,,tert-butyl p-bromobenzoate,s-BuLi,tert-butyl 4-(lithio)benzoate (aryllithium),ROH (alcohol quench),quench_probe,tert-butyl 4-(lithio)benzoate (aryllithium intermediate),0.10,0.42,1.1,,CC(C)(C)OC(=O)c1ccc(Br)cc1,CCC([Li])C,CC(C)(C)OC(=O)c1ccc([Li])cc1,CO,CC(C)(C)OC(=O)c1ccc([Li])cc1
Nagaki et al. 2010 - A flow microreactor system enables organolithium reactions without protecting alkoxycarbonyl groups,27,halogen-metal exchange,tetrahydrofuran,flow microreactor,10.1002/chem.201000876,2010.0,tR1,31.6,,-50,,tert-butyl p-bromobenzoate,s-BuLi,tert-butyl 4-(lithio)benzoate (aryllithium),ROH (alcohol quench),quench_probe,tert-butyl 4-(lithio)benzoate (aryllithium intermediate),0.10,0.42,1.1,,CC(C)(C)OC(=O)c1ccc(Br)cc1,CCC([Li])C,CC(C)(C)OC(=O)c1ccc([Li])cc1,CO,CC(C)(C)OC(=O)c1ccc([Li])cc1
Nagaki et al. 2010 - A flow microreactor system enables organolithium reactions without protecting alkoxycarbonyl groups,93,halogen-metal exchange,tetrahydrofuran,flow microreactor,10.1002/chem.201000876,2010.0,tR1,0.0316,,-60,,tert-butyl p-bromobenzoate,s-BuLi,tert-butyl 4-(lithio)benzoate (aryllithium),ROH (alcohol quench),quench_probe,tert-butyl 4-(lithio)benzoate (aryllithium intermediate),0.10,0.42,1.1,,CC(C)(C)OC(=O)c1ccc(Br)cc1,CCC([Li])C,CC(C)(C)OC(=O)c1ccc([Li])cc1,CO,CC(C)(C)OC(=O)c1ccc([Li])cc1
Nagaki et al. 2010 - A flow microreactor system enables organolithium reactions without protecting alkoxycarbonyl groups,94,halogen-metal exchange,tetrahydrofuran,flow microreactor,10.1002/chem.201000876,2010.0,tR1,0.1,,-60,,tert-butyl p-bromobenzoate,s-BuLi,tert-butyl 4-(lithio)benzoate (aryllithium),ROH (alcohol quench),quench_probe,tert-butyl 4-(lithio)benzoate (aryllithium intermediate),0.10,0.42,1.1,,CC(C)(C)OC(=O)c1ccc(Br)cc1,CCC([Li])C,CC(C)(C)OC(=O)c1ccc([Li])cc1,CO,CC(C)(C)OC(=O)c1ccc([Li])cc1
Nagaki et al. 2010 - A flow microreactor system enables organolithium reactions without protecting alkoxycarbonyl groups,94,halogen-metal exchange,tetrahydrofuran,flow microreactor,10.1002/chem.201000876,2010.0,tR1,0.316,,-60,,tert-butyl p-bromobenzoate,s-BuLi,tert-butyl 4-(lithio)benzoate (aryllithium),ROH (alcohol quench),quench_probe,tert-butyl 4-(lithio)benzoate (aryllithium intermediate),0.10,0.42,1.1,,CC(C)(C)OC(=O)c1ccc(Br)cc1,CCC([Li])C,CC(C)(C)OC(=O)c1ccc([Li])cc1,CO,CC(C)(C)OC(=O)c1ccc([Li])cc1
Nagaki et al. 2010 - A flow microreactor system enables organolithium reactions without protecting alkoxycarbonyl groups,92,halogen-metal exchange,tetrahydrofuran,flow microreactor,10.1002/chem.201000876,2010.0,tR1,1.0,,-60,,tert-butyl p-bromobenzoate,s-BuLi,tert-butyl 4-(lithio)benzoate (aryllithium),ROH (alcohol quench),quench_probe,tert-butyl 4-(lithio)benzoate (aryllithium intermediate),0.10,0.42,1.1,,CC(C)(C)OC(=O)c1ccc(Br)cc1,CCC([Li])C,CC(C)(C)OC(=O)c1ccc([Li])cc1,CO,CC(C)(C)OC(=O)c1ccc([Li])cc1
Nagaki et al. 2010 - A flow microreactor system enables organolithium reactions without protecting alkoxycarbonyl groups,88,halogen-metal exchange,tetrahydrofuran,flow microreactor,10.1002/chem.201000876,2010.0,tR1,3.16,,-60,,tert-butyl p-bromobenzoate,s-BuLi,tert-butyl 4-(lithio)benzoate (aryllithium),ROH (alcohol quench),quench_probe,tert-butyl 4-(lithio)benzoate (aryllithium intermediate),0.10,0.42,1.1,,CC(C)(C)OC(=O)c1ccc(Br)cc1,CCC([Li])C,CC(C)(C)OC(=O)c1ccc([Li])cc1,CO,CC(C)(C)OC(=O)c1ccc([Li])cc1
Nagaki et al. 2010 - A flow microreactor system enables organolithium reactions without protecting alkoxycarbonyl groups,55,halogen-metal exchange,tetrahydrofuran,flow microreactor,10.1002/chem.201000876,2010.0,tR1,31.6,,-60,,tert-butyl p-bromobenzoate,s-BuLi,tert-butyl 4-(lithio)benzoate (aryllithium),ROH (alcohol quench),quench_probe,tert-butyl 4-(lithio)benzoate (aryllithium intermediate),0.10,0.42,1.1,,CC(C)(C)OC(=O)c1ccc(Br)cc1,CCC([Li])C,CC(C)(C)OC(=O)c1ccc([Li])cc1,CO,CC(C)(C)OC(=O)c1ccc([Li])cc1
Nagaki et al. 2010 - A flow microreactor system enables organolithium reactions without protecting alkoxycarbonyl groups,77,halogen-metal exchange,tetrahydrofuran,flow microreactor,10.1002/chem.201000876,2010.0,tR1,0.0316,,-78,,tert-butyl p-bromobenzoate,s-BuLi,tert-butyl 4-(lithio)benzoate (aryllithium),ROH (alcohol quench),quench_probe,tert-butyl 4-(lithio)benzoate (aryllithium intermediate),0.10,0.42,1.1,,CC(C)(C)OC(=O)c1ccc(Br)cc1,CCC([Li])C,CC(C)(C)OC(=O)c1ccc([Li])cc1,CO,CC(C)(C)OC(=O)c1ccc([Li])cc1
Nagaki et al. 2010 - A flow microreactor system enables organolithium reactions without protecting alkoxycarbonyl groups,71,halogen-metal exchange,tetrahydrofuran,flow microreactor,10.1002/chem.201000876,2010.0,tR1,0.1,,-78,,tert-butyl p-bromobenzoate,s-BuLi,tert-butyl 4-(lithio)benzoate (aryllithium),ROH (alcohol quench),quench_probe,tert-butyl 4-(lithio)benzoate (aryllithium intermediate),0.10,0.42,1.1,,CC(C)(C)OC(=O)c1ccc(Br)cc1,CCC([Li])C,CC(C)(C)OC(=O)c1ccc([Li])cc1,CO,CC(C)(C)OC(=O)c1ccc([Li])cc1
Nagaki et al. 2010 - A flow microreactor system enables organolithium reactions without protecting alkoxycarbonyl groups,66,halogen-metal exchange,tetrahydrofuran,flow microreactor,10.1002/chem.201000876,2010.0,tR1,0.316,,-78,,tert-butyl p-bromobenzoate,s-BuLi,tert-butyl 4-(lithio)benzoate (aryllithium),ROH (alcohol quench),quench_probe,tert-butyl 4-(lithio)benzoate (aryllithium intermediate),0.10,0.42,1.1,,CC(C)(C)OC(=O)c1ccc(Br)cc1,CCC([Li])C,CC(C)(C)OC(=O)c1ccc([Li])cc1,CO,CC(C)(C)OC(=O)c1ccc([Li])cc1
Nagaki et al. 2010 - A flow microreactor system enables organolithium reactions without protecting alkoxycarbonyl groups,74,halogen-metal exchange,tetrahydrofuran,flow microreactor,10.1002/chem.201000876,2010.0,tR1,1.0,,-78,,tert-butyl p-bromobenzoate,s-BuLi,tert-butyl 4-(lithio)benzoate (aryllithium),ROH (alcohol quench),quench_probe,tert-butyl 4-(lithio)benzoate (aryllithium intermediate),0.10,0.42,1.1,,CC(C)(C)OC(=O)c1ccc(Br)cc1,CCC([Li])C,CC(C)(C)OC(=O)c1ccc([Li])cc1,CO,CC(C)(C)OC(=O)c1ccc([Li])cc1
Nagaki et al. 2010 - A flow microreactor system enables organolithium reactions without protecting alkoxycarbonyl groups,80,halogen-metal exchange,tetrahydrofuran,flow microreactor,10.1002/chem.201000876,2010.0,tR1,3.16,,-78,,tert-butyl p-bromobenzoate,s-BuLi,tert-butyl 4-(lithio)benzoate (aryllithium),ROH (alcohol quench),quench_probe,tert-butyl 4-(lithio)benzoate (aryllithium intermediate),0.10,0.42,1.1,,CC(C)(C)OC(=O)c1ccc(Br)cc1,CCC([Li])C,CC(C)(C)OC(=O)c1ccc([Li])cc1,CO,CC(C)(C)OC(=O)c1ccc([Li])cc1
Nagaki et al. 2010 - A flow microreactor system enables organolithium reactions without protecting alkoxycarbonyl groups,89,halogen-metal exchange,tetrahydrofuran,flow microreactor,10.1002/chem.201000876,2010.0,tR1,31.6,,-78,,tert-butyl p-bromobenzoate,s-BuLi,tert-butyl 4-(lithio)benzoate (aryllithium),ROH (alcohol quench),quench_probe,tert-butyl 4-(lithio)benzoate (aryllithium intermediate),0.10,0.42,1.1,,CC(C)(C)OC(=O)c1ccc(Br)cc1,CCC([Li])C,CC(C)(C)OC(=O)c1ccc([Li])cc1,CO,CC(C)(C)OC(=O)c1ccc([Li])cc1
Nagaki et al. 2010 - A flow microreactor system enables organolithium reactions without protecting alkoxycarbonyl groups,19,halogen-metal exchange,tetrahydrofuran,flow microreactor,10.1002/chem.201000876,2010.0,tR1,0.0316,,0,,tert-butyl p-bromobenzoate,s-BuLi,tert-butyl 4-(lithio)benzoate (aryllithium),ROH (alcohol quench),quench_probe,tert-butyl 4-(lithio)benzoate (aryllithium intermediate),0.10,0.42,1.1,,CC(C)(C)OC(=O)c1ccc(Br)cc1,CCC([Li])C,CC(C)(C)OC(=O)c1ccc([Li])cc1,CO,CC(C)(C)OC(=O)c1ccc([Li])cc1
Nagaki et al. 2010 - A flow microreactor system enables organolithium reactions without protecting alkoxycarbonyl groups,8,halogen-metal exchange,tetrahydrofuran,flow microreactor,10.1002/chem.201000876,2010.0,tR1,0.1,,0,,tert-butyl p-bromobenzoate,s-BuLi,tert-butyl 4-(lithio)benzoate (aryllithium),ROH (alcohol quench),quench_probe,tert-butyl 4-(lithio)benzoate (aryllithium intermediate),0.10,0.42,1.1,,CC(C)(C)OC(=O)c1ccc(Br)cc1,CCC([Li])C,CC(C)(C)OC(=O)c1ccc([Li])cc1,CO,CC(C)(C)OC(=O)c1ccc([Li])cc1
Nagaki et al. 2010 - A flow microreactor system enables organolithium reactions without protecting alkoxycarbonyl groups,4,halogen-metal exchange,tetrahydrofuran,flow microreactor,10.1002/chem.201000876,2010.0,tR1,0.316,,0,,tert-butyl p-bromobenzoate,s-BuLi,tert-butyl 4-(lithio)benzoate (aryllithium),ROH (alcohol quench),quench_probe,tert-butyl 4-(lithio)benzoate (aryllithium intermediate),0.10,0.42,1.1,,CC(C)(C)OC(=O)c1ccc(Br)cc1,CCC([Li])C,CC(C)(C)OC(=O)c1ccc([Li])cc1,CO,CC(C)(C)OC(=O)c1ccc([Li])cc1
Nagaki et al. 2010 - A flow microreactor system enables organolithium reactions without protecting alkoxycarbonyl groups,3,halogen-metal exchange,tetrahydrofuran,flow microreactor,10.1002/chem.201000876,2010.0,tR1,1.0,,0,,tert-butyl p-bromobenzoate,s-BuLi,tert-butyl 4-(lithio)benzoate (aryllithium),ROH (alcohol quench),quench_probe,tert-butyl 4-(lithio)benzoate (aryllithium intermediate),0.10,0.42,1.1,,CC(C)(C)OC(=O)c1ccc(Br)cc1,CCC([Li])C,CC(C)(C)OC(=O)c1ccc([Li])cc1,CO,CC(C)(C)OC(=O)c1ccc([Li])cc1
Nagaki et al. 2010 - A flow microreactor system enables organolithium reactions without protecting alkoxycarbonyl groups,2,halogen-metal exchange,tetrahydrofuran,flow microreactor,10.1002/chem.201000876,2010.0,tR1,3.16,,0,,tert-butyl p-bromobenzoate,s-BuLi,tert-butyl 4-(lithio)benzoate (aryllithium),ROH (alcohol quench),quench_probe,tert-butyl 4-(lithio)benzoate (aryllithium intermediate),0.10,0.42,1.1,,CC(C)(C)OC(=O)c1ccc(Br)cc1,CCC([Li])C,CC(C)(C)OC(=O)c1ccc([Li])cc1,CO,CC(C)(C)OC(=O)c1ccc([Li])cc1
Nagaki et al. 2010 - A flow microreactor system enables organolithium reactions without protecting alkoxycarbonyl groups,0,halogen-metal exchange,tetrahydrofuran,flow microreactor,10.1002/chem.201000876,2010.0,tR1,31.6,,0,,tert-butyl p-bromobenzoate,s-BuLi,tert-butyl 4-(lithio)benzoate (aryllithium),ROH (alcohol quench),quench_probe,tert-butyl 4-(lithio)benzoate (aryllithium intermediate),0.10,0.42,1.1,,CC(C)(C)OC(=O)c1ccc(Br)cc1,CCC([Li])C,CC(C)(C)OC(=O)c1ccc([Li])cc1,CO,CC(C)(C)OC(=O)c1ccc([Li])cc1
Nagaki et al. 2010 - A flow microreactor system enables organolithium reactions without protecting alkoxycarbonyl groups,75,halogen-metal exchange,tetrahydrofuran,flow microreactor,10.1002/chem.201000876,2010.0,tR1,0.0316,,-30,,tert-butyl p-bromobenzoate,s-BuLi,tert-butyl 4-(lithio)benzoate (aryllithium),ROH (alcohol quench),quench_probe,tert-butyl 4-(lithio)benzoate (aryllithium intermediate),0.10,0.42,1.1,,CC(C)(C)OC(=O)c1ccc(Br)cc1,CCC([Li])C,CC(C)(C)OC(=O)c1ccc([Li])cc1,CO,CC(C)(C)OC(=O)c1ccc([Li])cc1
Nagaki et al. 2010 - A flow microreactor system enables organolithium reactions without protecting alkoxycarbonyl groups,65,halogen-metal exchange,tetrahydrofuran,flow microreactor,10.1002/chem.201000876,2010.0,tR1,0.1,,-30,,tert-butyl p-bromobenzoate,s-BuLi,tert-butyl 4-(lithio)benzoate (aryllithium),ROH (alcohol quench),quench_probe,tert-butyl 4-(lithio)benzoate (aryllithium intermediate),0.10,0.42,1.1,,CC(C)(C)OC(=O)c1ccc(Br)cc1,CCC([Li])C,CC(C)(C)OC(=O)c1ccc([Li])cc1,CO,CC(C)(C)OC(=O)c1ccc([Li])cc1
Nagaki et al. 2010 - A flow microreactor system enables organolithium reactions without protecting alkoxycarbonyl groups,28,halogen-metal exchange,tetrahydrofuran,flow microreactor,10.1002/chem.201000876,2010.0,tR1,0.316,,-30,,tert-butyl p-bromobenzoate,s-BuLi,tert-butyl 4-(lithio)benzoate (aryllithium),ROH (alcohol quench),quench_probe,tert-butyl 4-(lithio)benzoate (aryllithium intermediate),0.10,0.42,1.1,,CC(C)(C)OC(=O)c1ccc(Br)cc1,CCC([Li])C,CC(C)(C)OC(=O)c1ccc([Li])cc1,CO,CC(C)(C)OC(=O)c1ccc([Li])cc1
Nagaki et al. 2010 - A flow microreactor system enables organolithium reactions without protecting alkoxycarbonyl groups,12,halogen-metal exchange,tetrahydrofuran,flow microreactor,10.1002/chem.201000876,2010.0,tR1,1.0,,-30,,tert-butyl p-bromobenzoate,s-BuLi,tert-butyl 4-(lithio)benzoate (aryllithium),ROH (alcohol quench),quench_probe,tert-butyl 4-(lithio)benzoate (aryllithium intermediate),0.10,0.42,1.1,,CC(C)(C)OC(=O)c1ccc(Br)cc1,CCC([Li])C,CC(C)(C)OC(=O)c1ccc([Li])cc1,CO,CC(C)(C)OC(=O)c1ccc([Li])cc1
Nagaki et al. 2010 - A flow microreactor system enables organolithium reactions without protecting alkoxycarbonyl groups,6,halogen-metal exchange,tetrahydrofuran,flow microreactor,10.1002/chem.201000876,2010.0,tR1,3.16,,-30,,tert-butyl p-bromobenzoate,s-BuLi,tert-butyl 4-(lithio)benzoate (aryllithium),ROH (alcohol quench),quench_probe,tert-butyl 4-(lithio)benzoate (aryllithium intermediate),0.10,0.42,1.1,,CC(C)(C)OC(=O)c1ccc(Br)cc1,CCC([Li])C,CC(C)(C)OC(=O)c1ccc([Li])cc1,CO,CC(C)(C)OC(=O)c1ccc([Li])cc1
Nagaki et al. 2010 - A flow microreactor system enables organolithium reactions without protecting alkoxycarbonyl groups,3,halogen-metal exchange,tetrahydrofuran,flow microreactor,10.1002/chem.201000876,2010.0,tR1,31.6,,-30,,tert-butyl p-bromobenzoate,s-BuLi,tert-butyl 4-(lithio)benzoate (aryllithium),ROH (alcohol quench),quench_probe,tert-butyl 4-(lithio)benzoate (aryllithium intermediate),0.10,0.42,1.1,,CC(C)(C)OC(=O)c1ccc(Br)cc1,CCC([Li])C,CC(C)(C)OC(=O)c1ccc([Li])cc1,CO,CC(C)(C)OC(=O)c1ccc([Li])cc1
Nagaki et al. 2010 - A flow microreactor system enables organolithium reactions without protecting alkoxycarbonyl groups,92,halogen-metal exchange,tetrahydrofuran,flow microreactor,10.1002/chem.201000876,2010.0,tR1,0.0316,,-50,,tert-butyl p-bromobenzoate,s-BuLi,tert-butyl 4-(lithio)benzoate (aryllithium),ROH (alcohol quench),quench_probe,tert-butyl 4-(lithio)benzoate (aryllithium intermediate),0.10,0.42,1.1,,CC(C)(C)OC(=O)c1ccc(Br)cc1,CCC([Li])C,CC(C)(C)OC(=O)c1ccc([Li])cc1,CO,CC(C)(C)OC(=O)c1ccc([Li])cc1
Nagaki et al. 2010 - A flow microreactor system enables organolithium reactions without protecting alkoxycarbonyl groups,90,halogen-metal exchange,tetrahydrofuran,flow microreactor,10.1002/chem.201000876,2010.0,tR1,0.1,,-50,,tert-butyl p-bromobenzoate,s-BuLi,tert-butyl 4-(lithio)benzoate (aryllithium),ROH (alcohol quench),quench_probe,tert-butyl 4-(lithio)benzoate (aryllithium intermediate),0.10,0.42,1.1,,CC(C)(C)OC(=O)c1ccc(Br)cc1,CCC([Li])C,CC(C)(C)OC(=O)c1ccc([Li])cc1,CO,CC(C)(C)OC(=O)c1ccc([Li])cc1
Nagaki et al. 2010 - A flow microreactor system enables organolithium reactions without protecting alkoxycarbonyl groups,79,halogen-metal exchange,tetrahydrofuran,flow microreactor,10.1002/chem.201000876,2010.0,tR1,0.316,,-50,,tert-butyl p-bromobenzoate,s-BuLi,tert-butyl 4-(lithio)benzoate (aryllithium),ROH (alcohol quench),quench_probe,tert-butyl 4-(lithio)benzoate (aryllithium intermediate),0.10,0.42,1.1,,CC(C)(C)OC(=O)c1ccc(Br)cc1,CCC([Li])C,CC(C)(C)OC(=O)c1ccc([Li])cc1,CO,CC(C)(C)OC(=O)c1ccc([Li])cc1
Nagaki et al. 2010 - A flow microreactor system enables organolithium reactions without protecting alkoxycarbonyl groups,72,halogen-metal exchange,tetrahydrofuran,flow microreactor,10.1002/chem.201000876,2010.0,tR1,1.0,,-50,,tert-butyl p-bromobenzoate,s-BuLi,tert-butyl 4-(lithio)benzoate (aryllithium),ROH (alcohol quench),quench_probe,tert-butyl 4-(lithio)benzoate (aryllithium intermediate),0.10,0.42,1.1,,CC(C)(C)OC(=O)c1ccc(Br)cc1,CCC([Li])C,CC(C)(C)OC(=O)c1ccc([Li])cc1,CO,CC(C)(C)OC(=O)c1ccc([Li])cc1
Nagaki et al. 2010 - A flow microreactor system enables organolithium reactions without protecting alkoxycarbonyl groups,55,halogen-metal exchange,tetrahydrofuran,flow microreactor,10.1002/chem.201000876,2010.0,tR1,3.16,,-50,,tert-butyl p-bromobenzoate,s-BuLi,tert-butyl 4-(lithio)benzoate (aryllithium),ROH (alcohol quench),quench_probe,tert-butyl 4-(lithio)benzoate (aryllithium intermediate),0.10,0.42,1.1,,CC(C)(C)OC(=O)c1ccc(Br)cc1,CCC([Li])C,CC(C)(C)OC(=O)c1ccc([Li])cc1,CO,CC(C)(C)OC(=O)c1ccc([Li])cc1
Nagaki et al. 2010 - A flow microreactor system enables organolithium reactions without protecting alkoxycarbonyl groups,7,halogen-metal exchange,tetrahydrofuran,flow microreactor,10.1002/chem.201000876,2010.0,tR1,31.6,,-50,,tert-butyl p-bromobenzoate,s-BuLi,tert-butyl 4-(lithio)benzoate (aryllithium),ROH (alcohol quench),quench_probe,tert-butyl 4-(lithio)benzoate (aryllithium intermediate),0.10,0.42,1.1,,CC(C)(C)OC(=O)c1ccc(Br)cc1,CCC([Li])C,CC(C)(C)OC(=O)c1ccc([Li])cc1,CO,CC(C)(C)OC(=O)c1ccc([Li])cc1
Nagaki et al. 2010 - A flow microreactor system enables organolithium reactions without protecting alkoxycarbonyl groups,94,halogen-metal exchange,tetrahydrofuran,flow microreactor,10.1002/chem.201000876,2010.0,tR1,0.0316,,-60,,tert-butyl p-bromobenzoate,s-BuLi,tert-butyl 4-(lithio)benzoate (aryllithium),ROH (alcohol quench),quench_probe,tert-butyl 4-(lithio)benzoate (aryllithium intermediate),0.10,0.42,1.1,,CC(C)(C)OC(=O)c1ccc(Br)cc1,CCC([Li])C,CC(C)(C)OC(=O)c1ccc([Li])cc1,CO,CC(C)(C)OC(=O)c1ccc([Li])cc1
Nagaki et al. 2010 - A flow microreactor system enables organolithium reactions without protecting alkoxycarbonyl groups,91,halogen-metal exchange,tetrahydrofuran,flow microreactor,10.1002/chem.201000876,2010.0,tR1,0.1,,-60,,tert-butyl p-bromobenzoate,s-BuLi,tert-butyl 4-(lithio)benzoate (aryllithium),ROH (alcohol quench),quench_probe,tert-butyl 4-(lithio)benzoate (aryllithium intermediate),0.10,0.42,1.1,,CC(C)(C)OC(=O)c1ccc(Br)cc1,CCC([Li])C,CC(C)(C)OC(=O)c1ccc([Li])cc1,CO,CC(C)(C)OC(=O)c1ccc([Li])cc1
Nagaki et al. 2010 - A flow microreactor system enables organolithium reactions without protecting alkoxycarbonyl groups,85,halogen-metal exchange,tetrahydrofuran,flow microreactor,10.1002/chem.201000876,2010.0,tR1,0.316,,-60,,tert-butyl p-bromobenzoate,s-BuLi,tert-butyl 4-(lithio)benzoate (aryllithium),ROH (alcohol quench),quench_probe,tert-butyl 4-(lithio)benzoate (aryllithium intermediate),0.10,0.42,1.1,,CC(C)(C)OC(=O)c1ccc(Br)cc1,CCC([Li])C,CC(C)(C)OC(=O)c1ccc([Li])cc1,CO,CC(C)(C)OC(=O)c1ccc([Li])cc1
Nagaki et al. 2010 - A flow microreactor system enables organolithium reactions without protecting alkoxycarbonyl groups,79,halogen-metal exchange,tetrahydrofuran,flow microreactor,10.1002/chem.201000876,2010.0,tR1,1.0,,-60,,tert-butyl p-bromobenzoate,s-BuLi,tert-butyl 4-(lithio)benzoate (aryllithium),ROH (alcohol quench),quench_probe,tert-butyl 4-(lithio)benzoate (aryllithium intermediate),0.10,0.42,1.1,,CC(C)(C)OC(=O)c1ccc(Br)cc1,CCC([Li])C,CC(C)(C)OC(=O)c1ccc([Li])cc1,CO,CC(C)(C)OC(=O)c1ccc([Li])cc1
Nagaki et al. 2010 - A flow microreactor system enables organolithium reactions without protecting alkoxycarbonyl groups,79,halogen-metal exchange,tetrahydrofuran,flow microreactor,10.1002/chem.201000876,2010.0,tR1,3.16,,-60,,tert-butyl p-bromobenzoate,s-BuLi,tert-butyl 4-(lithio)benzoate (aryllithium),ROH (alcohol quench),quench_probe,tert-butyl 4-(lithio)benzoate (aryllithium intermediate),0.10,0.42,1.1,,CC(C)(C)OC(=O)c1ccc(Br)cc1,CCC([Li])C,CC(C)(C)OC(=O)c1ccc([Li])cc1,CO,CC(C)(C)OC(=O)c1ccc([Li])cc1
Nagaki et al. 2010 - A flow microreactor system enables organolithium reactions without protecting alkoxycarbonyl groups,22,halogen-metal exchange,tetrahydrofuran,flow microreactor,10.1002/chem.201000876,2010.0,tR1,31.6,,-60,,tert-butyl p-bromobenzoate,s-BuLi,tert-butyl 4-(lithio)benzoate (aryllithium),ROH (alcohol quench),quench_probe,tert-butyl 4-(lithio)benzoate (aryllithium intermediate),0.10,0.42,1.1,,CC(C)(C)OC(=O)c1ccc(Br)cc1,CCC([Li])C,CC(C)(C)OC(=O)c1ccc([Li])cc1,CO,CC(C)(C)OC(=O)c1ccc([Li])cc1
Nagaki et al. 2010 - A flow microreactor system enables organolithium reactions without protecting alkoxycarbonyl groups,66,halogen-metal exchange,tetrahydrofuran,flow microreactor,10.1002/chem.201000876,2010.0,tR1,0.0316,,-78,,tert-butyl p-bromobenzoate,s-BuLi,tert-butyl 4-(lithio)benzoate (aryllithium),ROH (alcohol quench),quench_probe,tert-butyl 4-(lithio)benzoate (aryllithium intermediate),0.10,0.42,1.1,,CC(C)(C)OC(=O)c1ccc(Br)cc1,CCC([Li])C,CC(C)(C)OC(=O)c1ccc([Li])cc1,CO,CC(C)(C)OC(=O)c1ccc([Li])cc1
Nagaki et al. 2010 - A flow microreactor system enables organolithium reactions without protecting alkoxycarbonyl groups,69,halogen-metal exchange,tetrahydrofuran,flow microreactor,10.1002/chem.201000876,2010.0,tR1,0.1,,-78,,tert-butyl p-bromobenzoate,s-BuLi,tert-butyl 4-(lithio)benzoate (aryllithium),ROH (alcohol quench),quench_probe,tert-butyl 4-(lithio)benzoate (aryllithium intermediate),0.10,0.42,1.1,,CC(C)(C)OC(=O)c1ccc(Br)cc1,CCC([Li])C,CC(C)(C)OC(=O)c1ccc([Li])cc1,CO,CC(C)(C)OC(=O)c1ccc([Li])cc1
Nagaki et al. 2010 - A flow microreactor system enables organolithium reactions without protecting alkoxycarbonyl groups,70,halogen-metal exchange,tetrahydrofuran,flow microreactor,10.1002/chem.201000876,2010.0,tR1,0.316,,-78,,tert-butyl p-bromobenzoate,s-BuLi,tert-butyl 4-(lithio)benzoate (aryllithium),ROH (alcohol quench),quench_probe,tert-butyl 4-(lithio)benzoate (aryllithium intermediate),0.10,0.42,1.1,,CC(C)(C)OC(=O)c1ccc(Br)cc1,CCC([Li])C,CC(C)(C)OC(=O)c1ccc([Li])cc1,CO,CC(C)(C)OC(=O)c1ccc([Li])cc1
Nagaki et al. 2010 - A flow microreactor system enables organolithium reactions without protecting alkoxycarbonyl groups,70,halogen-metal exchange,tetrahydrofuran,flow microreactor,10.1002/chem.201000876,2010.0,tR1,1.0,,-78,,tert-butyl p-bromobenzoate,s-BuLi,tert-butyl 4-(lithio)benzoate (aryllithium),ROH (alcohol quench),quench_probe,tert-butyl 4-(lithio)benzoate (aryllithium intermediate),0.10,0.42,1.1,,CC(C)(C)OC(=O)c1ccc(Br)cc1,CCC([Li])C,CC(C)(C)OC(=O)c1ccc([Li])cc1,CO,CC(C)(C)OC(=O)c1ccc([Li])cc1
Nagaki et al. 2010 - A flow microreactor system enables organolithium reactions without protecting alkoxycarbonyl groups,76,halogen-metal exchange,tetrahydrofuran,flow microreactor,10.1002/chem.201000876,2010.0,tR1,3.16,,-78,,tert-butyl p-bromobenzoate,s-BuLi,tert-butyl 4-(lithio)benzoate (aryllithium),ROH (alcohol quench),quench_probe,tert-butyl 4-(lithio)benzoate (aryllithium intermediate),0.10,0.42,1.1,,CC(C)(C)OC(=O)c1ccc(Br)cc1,CCC([Li])C,CC(C)(C)OC(=O)c1ccc([Li])cc1,CO,CC(C)(C)OC(=O)c1ccc([Li])cc1
Nagaki et al. 2010 - A flow microreactor system enables organolithium reactions without protecting alkoxycarbonyl groups,76,halogen-metal exchange,tetrahydrofuran,flow microreactor,10.1002/chem.201000876,2010.0,tR1,31.6,,-78,,tert-butyl p-bromobenzoate,s-BuLi,tert-butyl 4-(lithio)benzoate (aryllithium),ROH (alcohol quench),quench_probe,tert-butyl 4-(lithio)benzoate (aryllithium intermediate),0.10,0.42,1.1,,CC(C)(C)OC(=O)c1ccc(Br)cc1,CCC([Li])C,CC(C)(C)OC(=O)c1ccc([Li])cc1,CO,CC(C)(C)OC(=O)c1ccc([Li])cc1
Nagaki et al. 2010 - A flow microreactor system enables organolithium reactions without protecting alkoxycarbonyl groups,90,halogen-metal exchange,tetrahydrofuran,flow microreactor,10.1002/chem.201000876,2010.0,tR1,0.0316,,0,,tert-butyl p-bromobenzoate,s-BuLi,tert-butyl 4-(lithio)benzoate (aryllithium),ROH (alcohol quench),quench_probe,tert-butyl 4-(lithio)benzoate (aryllithium intermediate),0.10,0.42,1.1,,CC(C)(C)OC(=O)c1ccc(Br)cc1,CCC([Li])C,CC(C)(C)OC(=O)c1ccc([Li])cc1,CO,CC(C)(C)OC(=O)c1ccc([Li])cc1
Nagaki et al. 2010 - A flow microreactor system enables organolithium reactions without protecting alkoxycarbonyl groups,90,halogen-metal exchange,tetrahydrofuran,flow microreactor,10.1002/chem.201000876,2010.0,tR1,0.1,,0,,tert-butyl p-bromobenzoate,s-BuLi,tert-butyl 4-(lithio)benzoate (aryllithium),ROH (alcohol quench),quench_probe,tert-butyl 4-(lithio)benzoate (aryllithium intermediate),0.10,0.42,1.1,,CC(C)(C)OC(=O)c1ccc(Br)cc1,CCC([Li])C,CC(C)(C)OC(=O)c1ccc([Li])cc1,CO,CC(C)(C)OC(=O)c1ccc([Li])cc1
Nagaki et al. 2010 - A flow microreactor system enables organolithium reactions without protecting alkoxycarbonyl groups,81,halogen-metal exchange,tetrahydrofuran,flow microreactor,10.1002/chem.201000876,2010.0,tR1,0.316,,0,,tert-butyl p-bromobenzoate,s-BuLi,tert-butyl 4-(lithio)benzoate (aryllithium),ROH (alcohol quench),quench_probe,tert-butyl 4-(lithio)benzoate (aryllithium intermediate),0.10,0.42,1.1,,CC(C)(C)OC(=O)c1ccc(Br)cc1,CCC([Li])C,CC(C)(C)OC(=O)c1ccc([Li])cc1,CO,CC(C)(C)OC(=O)c1ccc([Li])cc1
Nagaki et al. 2010 - A flow microreactor system enables organolithium reactions without protecting alkoxycarbonyl groups,76,halogen-metal exchange,tetrahydrofuran,flow microreactor,10.1002/chem.201000876,2010.0,tR1,1.0,,0,,tert-butyl p-bromobenzoate,s-BuLi,tert-butyl 4-(lithio)benzoate (aryllithium),ROH (alcohol quench),quench_probe,tert-butyl 4-(lithio)benzoate (aryllithium intermediate),0.10,0.42,1.1,,CC(C)(C)OC(=O)c1ccc(Br)cc1,CCC([Li])C,CC(C)(C)OC(=O)c1ccc([Li])cc1,CO,CC(C)(C)OC(=O)c1ccc([Li])cc1
Nagaki et al. 2010 - A flow microreactor system enables organolithium reactions without protecting alkoxycarbonyl groups,56,halogen-metal exchange,tetrahydrofuran,flow microreactor,10.1002/chem.201000876,2010.0,tR1,3.16,,0,,tert-butyl p-bromobenzoate,s-BuLi,tert-butyl 4-(lithio)benzoate (aryllithium),ROH (alcohol quench),quench_probe,tert-butyl 4-(lithio)benzoate (aryllithium intermediate),0.10,0.42,1.1,,CC(C)(C)OC(=O)c1ccc(Br)cc1,CCC([Li])C,CC(C)(C)OC(=O)c1ccc([Li])cc1,CO,CC(C)(C)OC(=O)c1ccc([Li])cc1
Nagaki et al. 2010 - A flow microreactor system enables organolithium reactions without protecting alkoxycarbonyl groups,11,halogen-metal exchange,tetrahydrofuran,flow microreactor,10.1002/chem.201000876,2010.0,tR1,31.6,,0,,tert-butyl p-bromobenzoate,s-BuLi,tert-butyl 4-(lithio)benzoate (aryllithium),ROH (alcohol quench),quench_probe,tert-butyl 4-(lithio)benzoate (aryllithium intermediate),0.10,0.42,1.1,,CC(C)(C)OC(=O)c1ccc(Br)cc1,CCC([Li])C,CC(C)(C)OC(=O)c1ccc([Li])cc1,CO,CC(C)(C)OC(=O)c1ccc([Li])cc1
Nagaki et al. 2010 - A flow microreactor system enables organolithium reactions without protecting alkoxycarbonyl groups,83,halogen-metal exchange,tetrahydrofuran,flow microreactor,10.1002/chem.201000876,2010.0,tR1,0.0316,,-30,,tert-butyl p-bromobenzoate,s-BuLi,tert-butyl 4-(lithio)benzoate (aryllithium),ROH (alcohol quench),quench_probe,tert-butyl 4-(lithio)benzoate (aryllithium intermediate),0.10,0.42,1.1,,CC(C)(C)OC(=O)c1ccc(Br)cc1,CCC([Li])C,CC(C)(C)OC(=O)c1ccc([Li])cc1,CO,CC(C)(C)OC(=O)c1ccc([Li])cc1
Nagaki et al. 2010 - A flow microreactor system enables organolithium reactions without protecting alkoxycarbonyl groups,95,halogen-metal exchange,tetrahydrofuran,flow microreactor,10.1002/chem.201000876,2010.0,tR1,0.1,,-30,,tert-butyl p-bromobenzoate,s-BuLi,tert-butyl 4-(lithio)benzoate (aryllithium),ROH (alcohol quench),quench_probe,tert-butyl 4-(lithio)benzoate (aryllithium intermediate),0.10,0.42,1.1,,CC(C)(C)OC(=O)c1ccc(Br)cc1,CCC([Li])C,CC(C)(C)OC(=O)c1ccc([Li])cc1,CO,CC(C)(C)OC(=O)c1ccc([Li])cc1
Nagaki et al. 2010 - A flow microreactor system enables organolithium reactions without protecting alkoxycarbonyl groups,95,halogen-metal exchange,tetrahydrofuran,flow microreactor,10.1002/chem.201000876,2010.0,tR1,0.316,,-30,,tert-butyl p-bromobenzoate,s-BuLi,tert-butyl 4-(lithio)benzoate (aryllithium),ROH (alcohol quench),quench_probe,tert-butyl 4-(lithio)benzoate (aryllithium intermediate),0.10,0.42,1.1,,CC(C)(C)OC(=O)c1ccc(Br)cc1,CCC([Li])C,CC(C)(C)OC(=O)c1ccc([Li])cc1,CO,CC(C)(C)OC(=O)c1ccc([Li])cc1
Nagaki et al. 2010 - A flow microreactor system enables organolithium reactions without protecting alkoxycarbonyl groups,95,halogen-metal exchange,tetrahydrofuran,flow microreactor,10.1002/chem.201000876,2010.0,tR1,1.0,,-30,,tert-butyl p-bromobenzoate,s-BuLi,tert-butyl 4-(lithio)benzoate (aryllithium),ROH (alcohol quench),quench_probe,tert-butyl 4-(lithio)benzoate (aryllithium intermediate),0.10,0.42,1.1,,CC(C)(C)OC(=O)c1ccc(Br)cc1,CCC([Li])C,CC(C)(C)OC(=O)c1ccc([Li])cc1,CO,CC(C)(C)OC(=O)c1ccc([Li])cc1
Nagaki et al. 2010 - A flow microreactor system enables organolithium reactions without protecting alkoxycarbonyl groups,91,halogen-metal exchange,tetrahydrofuran,flow microreactor,10.1002/chem.201000876,2010.0,tR1,3.16,,-30,,tert-butyl p-bromobenzoate,s-BuLi,tert-butyl 4-(lithio)benzoate (aryllithium),ROH (alcohol quench),quench_probe,tert-butyl 4-(lithio)benzoate (aryllithium intermediate),0.10,0.42,1.1,,CC(C)(C)OC(=O)c1ccc(Br)cc1,CCC([Li])C,CC(C)(C)OC(=O)c1ccc([Li])cc1,CO,CC(C)(C)OC(=O)c1ccc([Li])cc1
Nagaki et al. 2010 - A flow microreactor system enables organolithium reactions without protecting alkoxycarbonyl groups,69,halogen-metal exchange,tetrahydrofuran,flow microreactor,10.1002/chem.201000876,2010.0,tR1,31.6,,-30,,tert-butyl p-bromobenzoate,s-BuLi,tert-butyl 4-(lithio)benzoate (aryllithium),ROH (alcohol quench),quench_probe,tert-butyl 4-(lithio)benzoate (aryllithium intermediate),0.10,0.42,1.1,,CC(C)(C)OC(=O)c1ccc(Br)cc1,CCC([Li])C,CC(C)(C)OC(=O)c1ccc([Li])cc1,CO,CC(C)(C)OC(=O)c1ccc([Li])cc1
Nagaki et al. 2010 - A flow microreactor system enables organolithium reactions without protecting alkoxycarbonyl groups,95,halogen-metal exchange,tetrahydrofuran,flow microreactor,10.1002/chem.201000876,2010.0,tR1,0.0316,,-50,,tert-butyl p-bromobenzoate,s-BuLi,tert-butyl 4-(lithio)benzoate (aryllithium),ROH (alcohol quench),quench_probe,tert-butyl 4-(lithio)benzoate (aryllithium intermediate),0.10,0.42,1.1,,CC(C)(C)OC(=O)c1ccc(Br)cc1,CCC([Li])C,CC(C)(C)OC(=O)c1ccc([Li])cc1,CO,CC(C)(C)OC(=O)c1ccc([Li])cc1
Nagaki et al. 2010 - A flow microreactor system enables organolithium reactions without protecting alkoxycarbonyl groups,83,halogen-metal exchange,tetrahydrofuran,flow microreactor,10.1002/chem.201000876,2010.0,tR1,0.1,,-50,,tert-butyl p-bromobenzoate,s-BuLi,tert-butyl 4-(lithio)benzoate (aryllithium),ROH (alcohol quench),quench_probe,tert-butyl 4-(lithio)benzoate (aryllithium intermediate),0.10,0.42,1.1,,CC(C)(C)OC(=O)c1ccc(Br)cc1,CCC([Li])C,CC(C)(C)OC(=O)c1ccc([Li])cc1,CO,CC(C)(C)OC(=O)c1ccc([Li])cc1
Nagaki et al. 2010 - A flow microreactor system enables organolithium reactions without protecting alkoxycarbonyl groups,97,halogen-metal exchange,tetrahydrofuran,flow microreactor,10.1002/chem.201000876,2010.0,tR1,0.316,,-50,,tert-butyl p-bromobenzoate,s-BuLi,tert-butyl 4-(lithio)benzoate (aryllithium),ROH (alcohol quench),quench_probe,tert-butyl 4-(lithio)benzoate (aryllithium intermediate),0.10,0.42,1.1,,CC(C)(C)OC(=O)c1ccc(Br)cc1,CCC([Li])C,CC(C)(C)OC(=O)c1ccc([Li])cc1,CO,CC(C)(C)OC(=O)c1ccc([Li])cc1
Nagaki et al. 2010 - A flow microreactor system enables organolithium reactions without protecting alkoxycarbonyl groups,99,halogen-metal exchange,tetrahydrofuran,flow microreactor,10.1002/chem.201000876,2010.0,tR1,1.0,,-50,,tert-butyl p-bromobenzoate,s-BuLi,tert-butyl 4-(lithio)benzoate (aryllithium),ROH (alcohol quench),quench_probe,tert-butyl 4-(lithio)benzoate (aryllithium intermediate),0.10,0.42,1.1,,CC(C)(C)OC(=O)c1ccc(Br)cc1,CCC([Li])C,CC(C)(C)OC(=O)c1ccc([Li])cc1,CO,CC(C)(C)OC(=O)c1ccc([Li])cc1
Nagaki et al. 2010 - A flow microreactor system enables organolithium reactions without protecting alkoxycarbonyl groups,97,halogen-metal exchange,tetrahydrofuran,flow microreactor,10.1002/chem.201000876,2010.0,tR1,3.16,,-50,,tert-butyl p-bromobenzoate,s-BuLi,tert-butyl 4-(lithio)benzoate (aryllithium),ROH (alcohol quench),quench_probe,tert-butyl 4-(lithio)benzoate (aryllithium intermediate),0.10,0.42,1.1,,CC(C)(C)OC(=O)c1ccc(Br)cc1,CCC([Li])C,CC(C)(C)OC(=O)c1ccc([Li])cc1,CO,CC(C)(C)OC(=O)c1ccc([Li])cc1
Nagaki et al. 2010 - A flow microreactor system enables organolithium reactions without protecting alkoxycarbonyl groups,94,halogen-metal exchange,tetrahydrofuran,flow microreactor,10.1002/chem.201000876,2010.0,tR1,31.6,,-50,,tert-butyl p-bromobenzoate,s-BuLi,tert-butyl 4-(lithio)benzoate (aryllithium),ROH (alcohol quench),quench_probe,tert-butyl 4-(lithio)benzoate (aryllithium intermediate),0.10,0.42,1.1,,CC(C)(C)OC(=O)c1ccc(Br)cc1,CCC([Li])C,CC(C)(C)OC(=O)c1ccc([Li])cc1,CO,CC(C)(C)OC(=O)c1ccc([Li])cc1
Nagaki et al. 2010 - A flow microreactor system enables organolithium reactions without protecting alkoxycarbonyl groups,74,halogen-metal exchange,tetrahydrofuran,flow microreactor,10.1002/chem.201000876,2010.0,tR1,0.0316,,-60,,tert-butyl p-bromobenzoate,s-BuLi,tert-butyl 4-(lithio)benzoate (aryllithium),ROH (alcohol quench),quench_probe,tert-butyl 4-(lithio)benzoate (aryllithium intermediate),0.10,0.42,1.1,,CC(C)(C)OC(=O)c1ccc(Br)cc1,CCC([Li])C,CC(C)(C)OC(=O)c1ccc([Li])cc1,CO,CC(C)(C)OC(=O)c1ccc([Li])cc1
Nagaki et al. 2010 - A flow microreactor system enables organolithium reactions without protecting alkoxycarbonyl groups,70,halogen-metal exchange,tetrahydrofuran,flow microreactor,10.1002/chem.201000876,2010.0,tR1,0.1,,-60,,tert-butyl p-bromobenzoate,s-BuLi,tert-butyl 4-(lithio)benzoate (aryllithium),ROH (alcohol quench),quench_probe,tert-butyl 4-(lithio)benzoate (aryllithium intermediate),0.10,0.42,1.1,,CC(C)(C)OC(=O)c1ccc(Br)cc1,CCC([Li])C,CC(C)(C)OC(=O)c1ccc([Li])cc1,CO,CC(C)(C)OC(=O)c1ccc([Li])cc1
Nagaki et al. 2010 - A flow microreactor system enables organolithium reactions without protecting alkoxycarbonyl groups,97,halogen-metal exchange,tetrahydrofuran,flow microreactor,10.1002/chem.201000876,2010.0,tR1,0.316,,-60,,tert-butyl p-bromobenzoate,s-BuLi,tert-butyl 4-(lithio)benzoate (aryllithium),ROH (alcohol quench),quench_probe,tert-butyl 4-(lithio)benzoate (aryllithium intermediate),0.10,0.42,1.1,,CC(C)(C)OC(=O)c1ccc(Br)cc1,CCC([Li])C,CC(C)(C)OC(=O)c1ccc([Li])cc1,CO,CC(C)(C)OC(=O)c1ccc([Li])cc1
Nagaki et al. 2010 - A flow microreactor system enables organolithium reactions without protecting alkoxycarbonyl groups,98,halogen-metal exchange,tetrahydrofuran,flow microreactor,10.1002/chem.201000876,2010.0,tR1,1.0,,-60,,tert-butyl p-bromobenzoate,s-BuLi,tert-butyl 4-(lithio)benzoate (aryllithium),ROH (alcohol quench),quench_probe,tert-butyl 4-(lithio)benzoate (aryllithium intermediate),0.10,0.42,1.1,,CC(C)(C)OC(=O)c1ccc(Br)cc1,CCC([Li])C,CC(C)(C)OC(=O)c1ccc([Li])cc1,CO,CC(C)(C)OC(=O)c1ccc([Li])cc1
Nagaki et al. 2010 - A flow microreactor system enables organolithium reactions without protecting alkoxycarbonyl groups,92,halogen-metal exchange,tetrahydrofuran,flow microreactor,10.1002/chem.201000876,2010.0,tR1,3.16,,-60,,tert-butyl p-bromobenzoate,s-BuLi,tert-butyl 4-(lithio)benzoate (aryllithium),ROH (alcohol quench),quench_probe,tert-butyl 4-(lithio)benzoate (aryllithium intermediate),0.10,0.42,1.1,,CC(C)(C)OC(=O)c1ccc(Br)cc1,CCC([Li])C,CC(C)(C)OC(=O)c1ccc([Li])cc1,CO,CC(C)(C)OC(=O)c1ccc([Li])cc1
Nagaki et al. 2010 - A flow microreactor system enables organolithium reactions without protecting alkoxycarbonyl groups,98,halogen-metal exchange,tetrahydrofuran,flow microreactor,10.1002/chem.201000876,2010.0,tR1,31.6,,-60,,tert-butyl p-bromobenzoate,s-BuLi,tert-butyl 4-(lithio)benzoate (aryllithium),ROH (alcohol quench),quench_probe,tert-butyl 4-(lithio)benzoate (aryllithium intermediate),0.10,0.42,1.1,,CC(C)(C)OC(=O)c1ccc(Br)cc1,CCC([Li])C,CC(C)(C)OC(=O)c1ccc([Li])cc1,CO,CC(C)(C)OC(=O)c1ccc([Li])cc1
Nagaki et al. 2010 - A flow microreactor system enables organolithium reactions without protecting alkoxycarbonyl groups,48,halogen-metal exchange,tetrahydrofuran,flow microreactor,10.1002/chem.201000876,2010.0,tR1,0.0316,,-78,,tert-butyl p-bromobenzoate,s-BuLi,tert-butyl 4-(lithio)benzoate (aryllithium),ROH (alcohol quench),quench_probe,tert-butyl 4-(lithio)benzoate (aryllithium intermediate),0.10,0.42,1.1,,CC(C)(C)OC(=O)c1ccc(Br)cc1,CCC([Li])C,CC(C)(C)OC(=O)c1ccc([Li])cc1,CO,CC(C)(C)OC(=O)c1ccc([Li])cc1
Nagaki et al. 2010 - A flow microreactor system enables organolithium reactions without protecting alkoxycarbonyl groups,61,halogen-metal exchange,tetrahydrofuran,flow microreactor,10.1002/chem.201000876,2010.0,tR1,0.1,,-78,,tert-butyl p-bromobenzoate,s-BuLi,tert-butyl 4-(lithio)benzoate (aryllithium),ROH (alcohol quench),quench_probe,tert-butyl 4-(lithio)benzoate (aryllithium intermediate),0.10,0.42,1.1,,CC(C)(C)OC(=O)c1ccc(Br)cc1,CCC([Li])C,CC(C)(C)OC(=O)c1ccc([Li])cc1,CO,CC(C)(C)OC(=O)c1ccc([Li])cc1
Nagaki et al. 2010 - A flow microreactor system enables organolithium reactions without protecting alkoxycarbonyl groups,75,halogen-metal exchange,tetrahydrofuran,flow microreactor,10.1002/chem.201000876,2010.0,tR1,0.316,,-78,,tert-butyl p-bromobenzoate,s-BuLi,tert-butyl 4-(lithio)benzoate (aryllithium),ROH (alcohol quench),quench_probe,tert-butyl 4-(lithio)benzoate (aryllithium intermediate),0.10,0.42,1.1,,CC(C)(C)OC(=O)c1ccc(Br)cc1,CCC([Li])C,CC(C)(C)OC(=O)c1ccc([Li])cc1,CO,CC(C)(C)OC(=O)c1ccc([Li])cc1
Nagaki et al. 2010 - A flow microreactor system enables organolithium reactions without protecting alkoxycarbonyl groups,77,halogen-metal exchange,tetrahydrofuran,flow microreactor,10.1002/chem.201000876,2010.0,tR1,1.0,,-78,,tert-butyl p-bromobenzoate,s-BuLi,tert-butyl 4-(lithio)benzoate (aryllithium),ROH (alcohol quench),quench_probe,tert-butyl 4-(lithio)benzoate (aryllithium intermediate),0.10,0.42,1.1,,CC(C)(C)OC(=O)c1ccc(Br)cc1,CCC([Li])C,CC(C)(C)OC(=O)c1ccc([Li])cc1,CO,CC(C)(C)OC(=O)c1ccc([Li])cc1
Nagaki et al. 2010 - A flow microreactor system enables organolithium reactions without protecting alkoxycarbonyl groups,82,halogen-metal exchange,tetrahydrofuran,flow microreactor,10.1002/chem.201000876,2010.0,tR1,3.16,,-78,,tert-butyl p-bromobenzoate,s-BuLi,tert-butyl 4-(lithio)benzoate (aryllithium),ROH (alcohol quench),quench_probe,tert-butyl 4-(lithio)benzoate (aryllithium intermediate),0.10,0.42,1.1,,CC(C)(C)OC(=O)c1ccc(Br)cc1,CCC([Li])C,CC(C)(C)OC(=O)c1ccc([Li])cc1,CO,CC(C)(C)OC(=O)c1ccc([Li])cc1
Nagaki et al. 2010 - A flow microreactor system enables organolithium reactions without protecting alkoxycarbonyl groups,95,halogen-metal exchange,tetrahydrofuran,flow microreactor,10.1002/chem.201000876,2010.0,tR1,31.6,,-78,,tert-butyl p-bromobenzoate,s-BuLi,tert-butyl 4-(lithio)benzoate (aryllithium),ROH (alcohol quench),quench_probe,tert-butyl 4-(lithio)benzoate (aryllithium intermediate),0.10,0.42,1.1,,CC(C)(C)OC(=O)c1ccc(Br)cc1,CCC([Li])C,CC(C)(C)OC(=O)c1ccc([Li])cc1,CO,CC(C)(C)OC(=O)c1ccc([Li])cc1
Nagaki et al. 2010 - A flow microreactor system enables organolithium reactions without protecting alkoxycarbonyl groups,27,halogen-metal exchange,tetrahydrofuran,flow microreactor,10.1002/chem.201000876,2010.0,tR1,0.0316,,0,,tert-butyl p-bromobenzoate,s-BuLi,tert-butyl 4-(lithio)benzoate (aryllithium),ROH (alcohol quench),quench_probe,tert-butyl 4-(lithio)benzoate (aryllithium intermediate),0.10,0.42,1.1,,CC(C)(C)OC(=O)c1ccc(Br)cc1,CCC([Li])C,CC(C)(C)OC(=O)c1ccc([Li])cc1,CO,CC(C)(C)OC(=O)c1ccc([Li])cc1
Nagaki et al. 2010 - A flow microreactor system enables organolithium reactions without protecting alkoxycarbonyl groups,11,halogen-metal exchange,tetrahydrofuran,flow microreactor,10.1002/chem.201000876,2010.0,tR1,0.1,,0,,tert-butyl p-bromobenzoate,s-BuLi,tert-butyl 4-(lithio)benzoate (aryllithium),ROH (alcohol quench),quench_probe,tert-butyl 4-(lithio)benzoate (aryllithium intermediate),0.10,0.42,1.1,,CC(C)(C)OC(=O)c1ccc(Br)cc1,CCC([Li])C,CC(C)(C)OC(=O)c1ccc([Li])cc1,CO,CC(C)(C)OC(=O)c1ccc([Li])cc1
Nagaki et al. 2010 - A flow microreactor system enables organolithium reactions without protecting alkoxycarbonyl groups,5,halogen-metal exchange,tetrahydrofuran,flow microreactor,10.1002/chem.201000876,2010.0,tR1,0.316,,0,,tert-butyl p-bromobenzoate,s-BuLi,tert-butyl 4-(lithio)benzoate (aryllithium),ROH (alcohol quench),quench_probe,tert-butyl 4-(lithio)benzoate (aryllithium intermediate),0.10,0.42,1.1,,CC(C)(C)OC(=O)c1ccc(Br)cc1,CCC([Li])C,CC(C)(C)OC(=O)c1ccc([Li])cc1,CO,CC(C)(C)OC(=O)c1ccc([Li])cc1
Nagaki et al. 2010 - A flow microreactor system enables organolithium reactions without protecting alkoxycarbonyl groups,5,halogen-metal exchange,tetrahydrofuran,flow microreactor,10.1002/chem.201000876,2010.0,tR1,1.0,,0,,tert-butyl p-bromobenzoate,s-BuLi,tert-butyl 4-(lithio)benzoate (aryllithium),ROH (alcohol quench),quench_probe,tert-butyl 4-(lithio)benzoate (aryllithium intermediate),0.10,0.42,1.1,,CC(C)(C)OC(=O)c1ccc(Br)cc1,CCC([Li])C,CC(C)(C)OC(=O)c1ccc([Li])cc1,CO,CC(C)(C)OC(=O)c1ccc([Li])cc1
Nagaki et al. 2010 - A flow microreactor system enables organolithium reactions without protecting alkoxycarbonyl groups,4,halogen-metal exchange,tetrahydrofuran,flow microreactor,10.1002/chem.201000876,2010.0,tR1,3.16,,0,,tert-butyl p-bromobenzoate,s-BuLi,tert-butyl 4-(lithio)benzoate (aryllithium),ROH (alcohol quench),quench_probe,tert-butyl 4-(lithio)benzoate (aryllithium intermediate),0.10,0.42,1.1,,CC(C)(C)OC(=O)c1ccc(Br)cc1,CCC([Li])C,CC(C)(C)OC(=O)c1ccc([Li])cc1,CO,CC(C)(C)OC(=O)c1ccc([Li])cc1
Nagaki et al. 2010 - A flow microreactor system enables organolithium reactions without protecting alkoxycarbonyl groups,3,halogen-metal exchange,tetrahydrofuran,flow microreactor,10.1002/chem.201000876,2010.0,tR1,31.6,,0,,tert-butyl p-bromobenzoate,s-BuLi,tert-butyl 4-(lithio)benzoate (aryllithium),ROH (alcohol quench),quench_probe,tert-butyl 4-(lithio)benzoate (aryllithium intermediate),0.10,0.42,1.1,,CC(C)(C)OC(=O)c1ccc(Br)cc1,CCC([Li])C,CC(C)(C)OC(=O)c1ccc([Li])cc1,CO,CC(C)(C)OC(=O)c1ccc([Li])cc1
Nagaki et al. 2010 - A flow microreactor system enables organolithium reactions without protecting alkoxycarbonyl groups,64,halogen-metal exchange,tetrahydrofuran,flow microreactor,10.1002/chem.201000876,2010.0,tR1,0.0316,,-30,,tert-butyl p-bromobenzoate,s-BuLi,tert-butyl 4-(lithio)benzoate (aryllithium),ROH (alcohol quench),quench_probe,tert-butyl 4-(lithio)benzoate (aryllithium intermediate),0.10,0.42,1.1,,CC(C)(C)OC(=O)c1ccc(Br)cc1,CCC([Li])C,CC(C)(C)OC(=O)c1ccc([Li])cc1,CO,CC(C)(C)OC(=O)c1ccc([Li])cc1
Nagaki et al. 2010 - A flow microreactor system enables organolithium reactions without protecting alkoxycarbonyl groups,65,halogen-metal exchange,tetrahydrofuran,flow microreactor,10.1002/chem.201000876,2010.0,tR1,0.1,,-30,,tert-butyl p-bromobenzoate,s-BuLi,tert-butyl 4-(lithio)benzoate (aryllithium),ROH (alcohol quench),quench_probe,tert-butyl 4-(lithio)benzoate (aryllithium intermediate),0.10,0.42,1.1,,CC(C)(C)OC(=O)c1ccc(Br)cc1,CCC([Li])C,CC(C)(C)OC(=O)c1ccc([Li])cc1,CO,CC(C)(C)OC(=O)c1ccc([Li])cc1
Nagaki et al. 2010 - A flow microreactor system enables organolithium reactions without protecting alkoxycarbonyl groups,26,halogen-metal exchange,tetrahydrofuran,flow microreactor,10.1002/chem.201000876,2010.0,tR1,0.316,,-30,,tert-butyl p-bromobenzoate,s-BuLi,tert-butyl 4-(lithio)benzoate (aryllithium),ROH (alcohol quench),quench_probe,tert-butyl 4-(lithio)benzoate (aryllithium intermediate),0.10,0.42,1.1,,CC(C)(C)OC(=O)c1ccc(Br)cc1,CCC([Li])C,CC(C)(C)OC(=O)c1ccc([Li])cc1,CO,CC(C)(C)OC(=O)c1ccc([Li])cc1
Nagaki et al. 2010 - A flow microreactor system enables organolithium reactions without protecting alkoxycarbonyl groups,14,halogen-metal exchange,tetrahydrofuran,flow microreactor,10.1002/chem.201000876,2010.0,tR1,1.0,,-30,,tert-butyl p-bromobenzoate,s-BuLi,tert-butyl 4-(lithio)benzoate (aryllithium),ROH (alcohol quench),quench_probe,tert-butyl 4-(lithio)benzoate (aryllithium intermediate),0.10,0.42,1.1,,CC(C)(C)OC(=O)c1ccc(Br)cc1,CCC([Li])C,CC(C)(C)OC(=O)c1ccc([Li])cc1,CO,CC(C)(C)OC(=O)c1ccc([Li])cc1
Nagaki et al. 2010 - A flow microreactor system enables organolithium reactions without protecting alkoxycarbonyl groups,7,halogen-metal exchange,tetrahydrofuran,flow microreactor,10.1002/chem.201000876,2010.0,tR1,3.16,,-30,,tert-butyl p-bromobenzoate,s-BuLi,tert-butyl 4-(lithio)benzoate (aryllithium),ROH (alcohol quench),quench_probe,tert-butyl 4-(lithio)benzoate (aryllithium intermediate),0.10,0.42,1.1,,CC(C)(C)OC(=O)c1ccc(Br)cc1,CCC([Li])C,CC(C)(C)OC(=O)c1ccc([Li])cc1,CO,CC(C)(C)OC(=O)c1ccc([Li])cc1
Nagaki et al. 2010 - A flow microreactor system enables organolithium reactions without protecting alkoxycarbonyl groups,3,halogen-metal exchange,tetrahydrofuran,flow microreactor,10.1002/chem.201000876,2010.0,tR1,31.6,,-30,,tert-butyl p-bromobenzoate,s-BuLi,tert-butyl 4-(lithio)benzoate (aryllithium),ROH (alcohol quench),quench_probe,tert-butyl 4-(lithio)benzoate (aryllithium intermediate),0.10,0.42,1.1,,CC(C)(C)OC(=O)c1ccc(Br)cc1,CCC([Li])C,CC(C)(C)OC(=O)c1ccc([Li])cc1,CO,CC(C)(C)OC(=O)c1ccc([Li])cc1
Nagaki et al. 2010 - A flow microreactor system enables organolithium reactions without protecting alkoxycarbonyl groups,89,halogen-metal exchange,tetrahydrofuran,flow microreactor,10.1002/chem.201000876,2010.0,tR1,0.0316,,-50,,tert-butyl p-bromobenzoate,s-BuLi,tert-butyl 4-(lithio)benzoate (aryllithium),ROH (alcohol quench),quench_probe,tert-butyl 4-(lithio)benzoate (aryllithium intermediate),0.10,0.42,1.1,,CC(C)(C)OC(=O)c1ccc(Br)cc1,CCC([Li])C,CC(C)(C)OC(=O)c1ccc([Li])cc1,CO,CC(C)(C)OC(=O)c1ccc([Li])cc1
Nagaki et al. 2010 - A flow microreactor system enables organolithium reactions without protecting alkoxycarbonyl groups,77,halogen-metal exchange,tetrahydrofuran,flow microreactor,10.1002/chem.201000876,2010.0,tR1,0.1,,-50,,tert-butyl p-bromobenzoate,s-BuLi,tert-butyl 4-(lithio)benzoate (aryllithium),ROH (alcohol quench),quench_probe,tert-butyl 4-(lithio)benzoate (aryllithium intermediate),0.10,0.42,1.1,,CC(C)(C)OC(=O)c1ccc(Br)cc1,CCC([Li])C,CC(C)(C)OC(=O)c1ccc([Li])cc1,CO,CC(C)(C)OC(=O)c1ccc([Li])cc1
Nagaki et al. 2010 - A flow microreactor system enables organolithium reactions without protecting alkoxycarbonyl groups,62,halogen-metal exchange,tetrahydrofuran,flow microreactor,10.1002/chem.201000876,2010.0,tR1,0.316,,-50,,tert-butyl p-bromobenzoate,s-BuLi,tert-butyl 4-(lithio)benzoate (aryllithium),ROH (alcohol quench),quench_probe,tert-butyl 4-(lithio)benzoate (aryllithium intermediate),0.10,0.42,1.1,,CC(C)(C)OC(=O)c1ccc(Br)cc1,CCC([Li])C,CC(C)(C)OC(=O)c1ccc([Li])cc1,CO,CC(C)(C)OC(=O)c1ccc([Li])cc1
Nagaki et al. 2010 - A flow microreactor system enables organolithium reactions without protecting alkoxycarbonyl groups,53,halogen-metal exchange,tetrahydrofuran,flow microreactor,10.1002/chem.201000876,2010.0,tR1,1.0,,-50,,tert-butyl p-bromobenzoate,s-BuLi,tert-butyl 4-(lithio)benzoate (aryllithium),ROH (alcohol quench),quench_probe,tert-butyl 4-(lithio)benzoate (aryllithium intermediate),0.10,0.42,1.1,,CC(C)(C)OC(=O)c1ccc(Br)cc1,CCC([Li])C,CC(C)(C)OC(=O)c1ccc([Li])cc1,CO,CC(C)(C)OC(=O)c1ccc([Li])cc1
Nagaki et al. 2010 - A flow microreactor system enables organolithium reactions without protecting alkoxycarbonyl groups,39,halogen-metal exchange,tetrahydrofuran,flow microreactor,10.1002/chem.201000876,2010.0,tR1,3.16,,-50,,tert-butyl p-bromobenzoate,s-BuLi,tert-butyl 4-(lithio)benzoate (aryllithium),ROH (alcohol quench),quench_probe,tert-butyl 4-(lithio)benzoate (aryllithium intermediate),0.10,0.42,1.1,,CC(C)(C)OC(=O)c1ccc(Br)cc1,CCC([Li])C,CC(C)(C)OC(=O)c1ccc([Li])cc1,CO,CC(C)(C)OC(=O)c1ccc([Li])cc1
Nagaki et al. 2010 - A flow microreactor system enables organolithium reactions without protecting alkoxycarbonyl groups,7,halogen-metal exchange,tetrahydrofuran,flow microreactor,10.1002/chem.201000876,2010.0,tR1,31.6,,-50,,tert-butyl p-bromobenzoate,s-BuLi,tert-butyl 4-(lithio)benzoate (aryllithium),ROH (alcohol quench),quench_probe,tert-butyl 4-(lithio)benzoate (aryllithium intermediate),0.10,0.42,1.1,,CC(C)(C)OC(=O)c1ccc(Br)cc1,CCC([Li])C,CC(C)(C)OC(=O)c1ccc([Li])cc1,CO,CC(C)(C)OC(=O)c1ccc([Li])cc1
Nagaki et al. 2010 - A flow microreactor system enables organolithium reactions without protecting alkoxycarbonyl groups,81,halogen-metal exchange,tetrahydrofuran,flow microreactor,10.1002/chem.201000876,2010.0,tR1,0.0316,,-60,,tert-butyl p-bromobenzoate,s-BuLi,tert-butyl 4-(lithio)benzoate (aryllithium),ROH (alcohol quench),quench_probe,tert-butyl 4-(lithio)benzoate (aryllithium intermediate),0.10,0.42,1.1,,CC(C)(C)OC(=O)c1ccc(Br)cc1,CCC([Li])C,CC(C)(C)OC(=O)c1ccc([Li])cc1,CO,CC(C)(C)OC(=O)c1ccc([Li])cc1
Nagaki et al. 2010 - A flow microreactor system enables organolithium reactions without protecting alkoxycarbonyl groups,83,halogen-metal exchange,tetrahydrofuran,flow microreactor,10.1002/chem.201000876,2010.0,tR1,0.1,,-60,,tert-butyl p-bromobenzoate,s-BuLi,tert-butyl 4-(lithio)benzoate (aryllithium),ROH (alcohol quench),quench_probe,tert-butyl 4-(lithio)benzoate (aryllithium intermediate),0.10,0.42,1.1,,CC(C)(C)OC(=O)c1ccc(Br)cc1,CCC([Li])C,CC(C)(C)OC(=O)c1ccc([Li])cc1,CO,CC(C)(C)OC(=O)c1ccc([Li])cc1
Nagaki et al. 2010 - A flow microreactor system enables organolithium reactions without protecting alkoxycarbonyl groups,80,halogen-metal exchange,tetrahydrofuran,flow microreactor,10.1002/chem.201000876,2010.0,tR1,0.316,,-60,,tert-butyl p-bromobenzoate,s-BuLi,tert-butyl 4-(lithio)benzoate (aryllithium),ROH (alcohol quench),quench_probe,tert-butyl 4-(lithio)benzoate (aryllithium intermediate),0.10,0.42,1.1,,CC(C)(C)OC(=O)c1ccc(Br)cc1,CCC([Li])C,CC(C)(C)OC(=O)c1ccc([Li])cc1,CO,CC(C)(C)OC(=O)c1ccc([Li])cc1
Nagaki et al. 2010 - A flow microreactor system enables organolithium reactions without protecting alkoxycarbonyl groups,72,halogen-metal exchange,tetrahydrofuran,flow microreactor,10.1002/chem.201000876,2010.0,tR1,1.0,,-60,,tert-butyl p-bromobenzoate,s-BuLi,tert-butyl 4-(lithio)benzoate (aryllithium),ROH (alcohol quench),quench_probe,tert-butyl 4-(lithio)benzoate (aryllithium intermediate),0.10,0.42,1.1,,CC(C)(C)OC(=O)c1ccc(Br)cc1,CCC([Li])C,CC(C)(C)OC(=O)c1ccc([Li])cc1,CO,CC(C)(C)OC(=O)c1ccc([Li])cc1
Nagaki et al. 2010 - A flow microreactor system enables organolithium reactions without protecting alkoxycarbonyl groups,57,halogen-metal exchange,tetrahydrofuran,flow microreactor,10.1002/chem.201000876,2010.0,tR1,3.16,,-60,,tert-butyl p-bromobenzoate,s-BuLi,tert-butyl 4-(lithio)benzoate (aryllithium),ROH (alcohol quench),quench_probe,tert-butyl 4-(lithio)benzoate (aryllithium intermediate),0.10,0.42,1.1,,CC(C)(C)OC(=O)c1ccc(Br)cc1,CCC([Li])C,CC(C)(C)OC(=O)c1ccc([Li])cc1,CO,CC(C)(C)OC(=O)c1ccc([Li])cc1
Nagaki et al. 2010 - A flow microreactor system enables organolithium reactions without protecting alkoxycarbonyl groups,31,halogen-metal exchange,tetrahydrofuran,flow microreactor,10.1002/chem.201000876,2010.0,tR1,31.6,,-60,,tert-butyl p-bromobenzoate,s-BuLi,tert-butyl 4-(lithio)benzoate (aryllithium),ROH (alcohol quench),quench_probe,tert-butyl 4-(lithio)benzoate (aryllithium intermediate),0.10,0.42,1.1,,CC(C)(C)OC(=O)c1ccc(Br)cc1,CCC([Li])C,CC(C)(C)OC(=O)c1ccc([Li])cc1,CO,CC(C)(C)OC(=O)c1ccc([Li])cc1
Nagaki et al. 2010 - A flow microreactor system enables organolithium reactions without protecting alkoxycarbonyl groups,70,halogen-metal exchange,tetrahydrofuran,flow microreactor,10.1002/chem.201000876,2010.0,tR1,0.0316,,-78,,tert-butyl p-bromobenzoate,s-BuLi,tert-butyl 4-(lithio)benzoate (aryllithium),ROH (alcohol quench),quench_probe,tert-butyl 4-(lithio)benzoate (aryllithium intermediate),0.10,0.42,1.1,,CC(C)(C)OC(=O)c1ccc(Br)cc1,CCC([Li])C,CC(C)(C)OC(=O)c1ccc([Li])cc1,CO,CC(C)(C)OC(=O)c1ccc([Li])cc1
Nagaki et al. 2010 - A flow microreactor system enables organolithium reactions without protecting alkoxycarbonyl groups,68,halogen-metal exchange,tetrahydrofuran,flow microreactor,10.1002/chem.201000876,2010.0,tR1,0.1,,-78,,tert-butyl p-bromobenzoate,s-BuLi,tert-butyl 4-(lithio)benzoate (aryllithium),ROH (alcohol quench),quench_probe,tert-butyl 4-(lithio)benzoate (aryllithium intermediate),0.10,0.42,1.1,,CC(C)(C)OC(=O)c1ccc(Br)cc1,CCC([Li])C,CC(C)(C)OC(=O)c1ccc([Li])cc1,CO,CC(C)(C)OC(=O)c1ccc([Li])cc1
Nagaki et al. 2010 - A flow microreactor system enables organolithium reactions without protecting alkoxycarbonyl groups,75,halogen-metal exchange,tetrahydrofuran,flow microreactor,10.1002/chem.201000876,2010.0,tR1,0.316,,-78,,tert-butyl p-bromobenzoate,s-BuLi,tert-butyl 4-(lithio)benzoate (aryllithium),ROH (alcohol quench),quench_probe,tert-butyl 4-(lithio)benzoate (aryllithium intermediate),0.10,0.42,1.1,,CC(C)(C)OC(=O)c1ccc(Br)cc1,CCC([Li])C,CC(C)(C)OC(=O)c1ccc([Li])cc1,CO,CC(C)(C)OC(=O)c1ccc([Li])cc1
Nagaki et al. 2010 - A flow microreactor system enables organolithium reactions without protecting alkoxycarbonyl groups,76,halogen-metal exchange,tetrahydrofuran,flow microreactor,10.1002/chem.201000876,2010.0,tR1,1.0,,-78,,tert-butyl p-bromobenzoate,s-BuLi,tert-butyl 4-(lithio)benzoate (aryllithium),ROH (alcohol quench),quench_probe,tert-butyl 4-(lithio)benzoate (aryllithium intermediate),0.10,0.42,1.1,,CC(C)(C)OC(=O)c1ccc(Br)cc1,CCC([Li])C,CC(C)(C)OC(=O)c1ccc([Li])cc1,CO,CC(C)(C)OC(=O)c1ccc([Li])cc1
Nagaki et al. 2010 - A flow microreactor system enables organolithium reactions without protecting alkoxycarbonyl groups,78,halogen-metal exchange,tetrahydrofuran,flow microreactor,10.1002/chem.201000876,2010.0,tR1,3.16,,-78,,tert-butyl p-bromobenzoate,s-BuLi,tert-butyl 4-(lithio)benzoate (aryllithium),ROH (alcohol quench),quench_probe,tert-butyl 4-(lithio)benzoate (aryllithium intermediate),0.10,0.42,1.1,,CC(C)(C)OC(=O)c1ccc(Br)cc1,CCC([Li])C,CC(C)(C)OC(=O)c1ccc([Li])cc1,CO,CC(C)(C)OC(=O)c1ccc([Li])cc1
Nagaki et al. 2010 - A flow microreactor system enables organolithium reactions without protecting alkoxycarbonyl groups,78,halogen-metal exchange,tetrahydrofuran,flow microreactor,10.1002/chem.201000876,2010.0,tR1,31.6,,-78,,tert-butyl p-bromobenzoate,s-BuLi,tert-butyl 4-(lithio)benzoate (aryllithium),ROH (alcohol quench),quench_probe,tert-butyl 4-(lithio)benzoate (aryllithium intermediate),0.10,0.42,1.1,,CC(C)(C)OC(=O)c1ccc(Br)cc1,CCC([Li])C,CC(C)(C)OC(=O)c1ccc([Li])cc1,CO,CC(C)(C)OC(=O)c1ccc([Li])cc1
Nagaki et al. 2010 - A flow microreactor system enables organolithium reactions without protecting alkoxycarbonyl groups,39,halogen-metal exchange,tetrahydrofuran,flow microreactor,10.1002/chem.201000876,2010.0,tR1,0.0316,,0,,tert-butyl p-bromobenzoate,s-BuLi,tert-butyl 4-(lithio)benzoate (aryllithium),ROH (alcohol quench),quench_probe,tert-butyl 4-(lithio)benzoate (aryllithium intermediate),0.10,0.42,1.1,,CC(C)(C)OC(=O)c1ccc(Br)cc1,CCC([Li])C,CC(C)(C)OC(=O)c1ccc([Li])cc1,CO,CC(C)(C)OC(=O)c1ccc([Li])cc1
Nagaki et al. 2010 - A flow microreactor system enables organolithium reactions without protecting alkoxycarbonyl groups,32,halogen-metal exchange,tetrahydrofuran,flow microreactor,10.1002/chem.201000876,2010.0,tR1,0.1,,0,,tert-butyl p-bromobenzoate,s-BuLi,tert-butyl 4-(lithio)benzoate (aryllithium),ROH (alcohol quench),quench_probe,tert-butyl 4-(lithio)benzoate (aryllithium intermediate),0.10,0.42,1.1,,CC(C)(C)OC(=O)c1ccc(Br)cc1,CCC([Li])C,CC(C)(C)OC(=O)c1ccc([Li])cc1,CO,CC(C)(C)OC(=O)c1ccc([Li])cc1
Nagaki et al. 2010 - A flow microreactor system enables organolithium reactions without protecting alkoxycarbonyl groups,12,halogen-metal exchange,tetrahydrofuran,flow microreactor,10.1002/chem.201000876,2010.0,tR1,0.316,,0,,tert-butyl p-bromobenzoate,s-BuLi,tert-butyl 4-(lithio)benzoate (aryllithium),ROH (alcohol quench),quench_probe,tert-butyl 4-(lithio)benzoate (aryllithium intermediate),0.10,0.42,1.1,,CC(C)(C)OC(=O)c1ccc(Br)cc1,CCC([Li])C,CC(C)(C)OC(=O)c1ccc([Li])cc1,CO,CC(C)(C)OC(=O)c1ccc([Li])cc1
Nagaki et al. 2010 - A flow microreactor system enables organolithium reactions without protecting alkoxycarbonyl groups,9,halogen-metal exchange,tetrahydrofuran,flow microreactor,10.1002/chem.201000876,2010.0,tR1,1.0,,0,,tert-butyl p-bromobenzoate,s-BuLi,tert-butyl 4-(lithio)benzoate (aryllithium),ROH (alcohol quench),quench_probe,tert-butyl 4-(lithio)benzoate (aryllithium intermediate),0.10,0.42,1.1,,CC(C)(C)OC(=O)c1ccc(Br)cc1,CCC([Li])C,CC(C)(C)OC(=O)c1ccc([Li])cc1,CO,CC(C)(C)OC(=O)c1ccc([Li])cc1
Nagaki et al. 2010 - A flow microreactor system enables organolithium reactions without protecting alkoxycarbonyl groups,7,halogen-metal exchange,tetrahydrofuran,flow microreactor,10.1002/chem.201000876,2010.0,tR1,3.16,,0,,tert-butyl p-bromobenzoate,s-BuLi,tert-butyl 4-(lithio)benzoate (aryllithium),ROH (alcohol quench),quench_probe,tert-butyl 4-(lithio)benzoate (aryllithium intermediate),0.10,0.42,1.1,,CC(C)(C)OC(=O)c1ccc(Br)cc1,CCC([Li])C,CC(C)(C)OC(=O)c1ccc([Li])cc1,CO,CC(C)(C)OC(=O)c1ccc([Li])cc1
Nagaki et al. 2010 - A flow microreactor system enables organolithium reactions without protecting alkoxycarbonyl groups,3,halogen-metal exchange,tetrahydrofuran,flow microreactor,10.1002/chem.201000876,2010.0,tR1,31.6,,0,,tert-butyl p-bromobenzoate,s-BuLi,tert-butyl 4-(lithio)benzoate (aryllithium),ROH (alcohol quench),quench_probe,tert-butyl 4-(lithio)benzoate (aryllithium intermediate),0.10,0.42,1.1,,CC(C)(C)OC(=O)c1ccc(Br)cc1,CCC([Li])C,CC(C)(C)OC(=O)c1ccc([Li])cc1,CO,CC(C)(C)OC(=O)c1ccc([Li])cc1
Nagaki et al. 2010 - A flow microreactor system enables organolithium reactions without protecting alkoxycarbonyl groups,77,halogen-metal exchange,tetrahydrofuran,flow microreactor,10.1002/chem.201000876,2010.0,tR1,0.0316,,-30,,tert-butyl p-bromobenzoate,s-BuLi,tert-butyl 4-(lithio)benzoate (aryllithium),ROH (alcohol quench),quench_probe,tert-butyl 4-(lithio)benzoate (aryllithium intermediate),0.10,0.42,1.1,,CC(C)(C)OC(=O)c1ccc(Br)cc1,CCC([Li])C,CC(C)(C)OC(=O)c1ccc([Li])cc1,CO,CC(C)(C)OC(=O)c1ccc([Li])cc1
Nagaki et al. 2010 - A flow microreactor system enables organolithium reactions without protecting alkoxycarbonyl groups,69,halogen-metal exchange,tetrahydrofuran,flow microreactor,10.1002/chem.201000876,2010.0,tR1,0.1,,-30,,tert-butyl p-bromobenzoate,s-BuLi,tert-butyl 4-(lithio)benzoate (aryllithium),ROH (alcohol quench),quench_probe,tert-butyl 4-(lithio)benzoate (aryllithium intermediate),0.10,0.42,1.1,,CC(C)(C)OC(=O)c1ccc(Br)cc1,CCC([Li])C,CC(C)(C)OC(=O)c1ccc([Li])cc1,CO,CC(C)(C)OC(=O)c1ccc([Li])cc1
Nagaki et al. 2010 - A flow microreactor system enables organolithium reactions without protecting alkoxycarbonyl groups,50,halogen-metal exchange,tetrahydrofuran,flow microreactor,10.1002/chem.201000876,2010.0,tR1,0.316,,-30,,tert-butyl p-bromobenzoate,s-BuLi,tert-butyl 4-(lithio)benzoate (aryllithium),ROH (alcohol quench),quench_probe,tert-butyl 4-(lithio)benzoate (aryllithium intermediate),0.10,0.42,1.1,,CC(C)(C)OC(=O)c1ccc(Br)cc1,CCC([Li])C,CC(C)(C)OC(=O)c1ccc([Li])cc1,CO,CC(C)(C)OC(=O)c1ccc([Li])cc1
Nagaki et al. 2010 - A flow microreactor system enables organolithium reactions without protecting alkoxycarbonyl groups,34,halogen-metal exchange,tetrahydrofuran,flow microreactor,10.1002/chem.201000876,2010.0,tR1,1.0,,-30,,tert-butyl p-bromobenzoate,s-BuLi,tert-butyl 4-(lithio)benzoate (aryllithium),ROH (alcohol quench),quench_probe,tert-butyl 4-(lithio)benzoate (aryllithium intermediate),0.10,0.42,1.1,,CC(C)(C)OC(=O)c1ccc(Br)cc1,CCC([Li])C,CC(C)(C)OC(=O)c1ccc([Li])cc1,CO,CC(C)(C)OC(=O)c1ccc([Li])cc1
Nagaki et al. 2010 - A flow microreactor system enables organolithium reactions without protecting alkoxycarbonyl groups,24,halogen-metal exchange,tetrahydrofuran,flow microreactor,10.1002/chem.201000876,2010.0,tR1,3.16,,-30,,tert-butyl p-bromobenzoate,s-BuLi,tert-butyl 4-(lithio)benzoate (aryllithium),ROH (alcohol quench),quench_probe,tert-butyl 4-(lithio)benzoate (aryllithium intermediate),0.10,0.42,1.1,,CC(C)(C)OC(=O)c1ccc(Br)cc1,CCC([Li])C,CC(C)(C)OC(=O)c1ccc([Li])cc1,CO,CC(C)(C)OC(=O)c1ccc([Li])cc1
Nagaki et al. 2010 - A flow microreactor system enables organolithium reactions without protecting alkoxycarbonyl groups,9,halogen-metal exchange,tetrahydrofuran,flow microreactor,10.1002/chem.201000876,2010.0,tR1,31.6,,-30,,tert-butyl p-bromobenzoate,s-BuLi,tert-butyl 4-(lithio)benzoate (aryllithium),ROH (alcohol quench),quench_probe,tert-butyl 4-(lithio)benzoate (aryllithium intermediate),0.10,0.42,1.1,,CC(C)(C)OC(=O)c1ccc(Br)cc1,CCC([Li])C,CC(C)(C)OC(=O)c1ccc([Li])cc1,CO,CC(C)(C)OC(=O)c1ccc([Li])cc1
Nagaki et al. 2010 - A flow microreactor system enables organolithium reactions without protecting alkoxycarbonyl groups,84,halogen-metal exchange,tetrahydrofuran,flow microreactor,10.1002/chem.201000876,2010.0,tR1,0.0316,,-50,,tert-butyl p-bromobenzoate,s-BuLi,tert-butyl 4-(lithio)benzoate (aryllithium),ROH (alcohol quench),quench_probe,tert-butyl 4-(lithio)benzoate (aryllithium intermediate),0.10,0.42,1.1,,CC(C)(C)OC(=O)c1ccc(Br)cc1,CCC([Li])C,CC(C)(C)OC(=O)c1ccc([Li])cc1,CO,CC(C)(C)OC(=O)c1ccc([Li])cc1
Nagaki et al. 2010 - A flow microreactor system enables organolithium reactions without protecting alkoxycarbonyl groups,81,halogen-metal exchange,tetrahydrofuran,flow microreactor,10.1002/chem.201000876,2010.0,tR1,0.1,,-50,,tert-butyl p-bromobenzoate,s-BuLi,tert-butyl 4-(lithio)benzoate (aryllithium),ROH (alcohol quench),quench_probe,tert-butyl 4-(lithio)benzoate (aryllithium intermediate),0.10,0.42,1.1,,CC(C)(C)OC(=O)c1ccc(Br)cc1,CCC([Li])C,CC(C)(C)OC(=O)c1ccc([Li])cc1,CO,CC(C)(C)OC(=O)c1ccc([Li])cc1
Nagaki et al. 2010 - A flow microreactor system enables organolithium reactions without protecting alkoxycarbonyl groups,82,halogen-metal exchange,tetrahydrofuran,flow microreactor,10.1002/chem.201000876,2010.0,tR1,0.316,,-50,,tert-butyl p-bromobenzoate,s-BuLi,tert-butyl 4-(lithio)benzoate (aryllithium),ROH (alcohol quench),quench_probe,tert-butyl 4-(lithio)benzoate (aryllithium intermediate),0.10,0.42,1.1,,CC(C)(C)OC(=O)c1ccc(Br)cc1,CCC([Li])C,CC(C)(C)OC(=O)c1ccc([Li])cc1,CO,CC(C)(C)OC(=O)c1ccc([Li])cc1
Nagaki et al. 2010 - A flow microreactor system enables organolithium reactions without protecting alkoxycarbonyl groups,78,halogen-metal exchange,tetrahydrofuran,flow microreactor,10.1002/chem.201000876,2010.0,tR1,1.0,,-50,,tert-butyl p-bromobenzoate,s-BuLi,tert-butyl 4-(lithio)benzoate (aryllithium),ROH (alcohol quench),quench_probe,tert-butyl 4-(lithio)benzoate (aryllithium intermediate),0.10,0.42,1.1,,CC(C)(C)OC(=O)c1ccc(Br)cc1,CCC([Li])C,CC(C)(C)OC(=O)c1ccc([Li])cc1,CO,CC(C)(C)OC(=O)c1ccc([Li])cc1
Nagaki et al. 2010 - A flow microreactor system enables organolithium reactions without protecting alkoxycarbonyl groups,64,halogen-metal exchange,tetrahydrofuran,flow microreactor,10.1002/chem.201000876,2010.0,tR1,3.16,,-50,,tert-butyl p-bromobenzoate,s-BuLi,tert-butyl 4-(lithio)benzoate (aryllithium),ROH (alcohol quench),quench_probe,tert-butyl 4-(lithio)benzoate (aryllithium intermediate),0.10,0.42,1.1,,CC(C)(C)OC(=O)c1ccc(Br)cc1,CCC([Li])C,CC(C)(C)OC(=O)c1ccc([Li])cc1,CO,CC(C)(C)OC(=O)c1ccc([Li])cc1
Nagaki et al. 2010 - A flow microreactor system enables organolithium reactions without protecting alkoxycarbonyl groups,23,halogen-metal exchange,tetrahydrofuran,flow microreactor,10.1002/chem.201000876,2010.0,tR1,31.6,,-50,,tert-butyl p-bromobenzoate,s-BuLi,tert-butyl 4-(lithio)benzoate (aryllithium),ROH (alcohol quench),quench_probe,tert-butyl 4-(lithio)benzoate (aryllithium intermediate),0.10,0.42,1.1,,CC(C)(C)OC(=O)c1ccc(Br)cc1,CCC([Li])C,CC(C)(C)OC(=O)c1ccc([Li])cc1,CO,CC(C)(C)OC(=O)c1ccc([Li])cc1
Nagaki et al. 2010 - A flow microreactor system enables organolithium reactions without protecting alkoxycarbonyl groups,75,halogen-metal exchange,tetrahydrofuran,flow microreactor,10.1002/chem.201000876,2010.0,tR1,0.0316,,-60,,tert-butyl p-bromobenzoate,s-BuLi,tert-butyl 4-(lithio)benzoate (aryllithium),ROH (alcohol quench),quench_probe,tert-butyl 4-(lithio)benzoate (aryllithium intermediate),0.10,0.42,1.1,,CC(C)(C)OC(=O)c1ccc(Br)cc1,CCC([Li])C,CC(C)(C)OC(=O)c1ccc([Li])cc1,CO,CC(C)(C)OC(=O)c1ccc([Li])cc1
Nagaki et al. 2010 - A flow microreactor system enables organolithium reactions without protecting alkoxycarbonyl groups,84,halogen-metal exchange,tetrahydrofuran,flow microreactor,10.1002/chem.201000876,2010.0,tR1,0.1,,-60,,tert-butyl p-bromobenzoate,s-BuLi,tert-butyl 4-(lithio)benzoate (aryllithium),ROH (alcohol quench),quench_probe,tert-butyl 4-(lithio)benzoate (aryllithium intermediate),0.10,0.42,1.1,,CC(C)(C)OC(=O)c1ccc(Br)cc1,CCC([Li])C,CC(C)(C)OC(=O)c1ccc([Li])cc1,CO,CC(C)(C)OC(=O)c1ccc([Li])cc1
Nagaki et al. 2010 - A flow microreactor system enables organolithium reactions without protecting alkoxycarbonyl groups,89,halogen-metal exchange,tetrahydrofuran,flow microreactor,10.1002/chem.201000876,2010.0,tR1,0.316,,-60,,tert-butyl p-bromobenzoate,s-BuLi,tert-butyl 4-(lithio)benzoate (aryllithium),ROH (alcohol quench),quench_probe,tert-butyl 4-(lithio)benzoate (aryllithium intermediate),0.10,0.42,1.1,,CC(C)(C)OC(=O)c1ccc(Br)cc1,CCC([Li])C,CC(C)(C)OC(=O)c1ccc([Li])cc1,CO,CC(C)(C)OC(=O)c1ccc([Li])cc1
Nagaki et al. 2010 - A flow microreactor system enables organolithium reactions without protecting alkoxycarbonyl groups,85,halogen-metal exchange,tetrahydrofuran,flow microreactor,10.1002/chem.201000876,2010.0,tR1,1.0,,-60,,tert-butyl p-bromobenzoate,s-BuLi,tert-butyl 4-(lithio)benzoate (aryllithium),ROH (alcohol quench),quench_probe,tert-butyl 4-(lithio)benzoate (aryllithium intermediate),0.10,0.42,1.1,,CC(C)(C)OC(=O)c1ccc(Br)cc1,CCC([Li])C,CC(C)(C)OC(=O)c1ccc([Li])cc1,CO,CC(C)(C)OC(=O)c1ccc([Li])cc1
Nagaki et al. 2010 - A flow microreactor system enables organolithium reactions without protecting alkoxycarbonyl groups,78,halogen-metal exchange,tetrahydrofuran,flow microreactor,10.1002/chem.201000876,2010.0,tR1,3.16,,-60,,tert-butyl p-bromobenzoate,s-BuLi,tert-butyl 4-(lithio)benzoate (aryllithium),ROH (alcohol quench),quench_probe,tert-butyl 4-(lithio)benzoate (aryllithium intermediate),0.10,0.42,1.1,,CC(C)(C)OC(=O)c1ccc(Br)cc1,CCC([Li])C,CC(C)(C)OC(=O)c1ccc([Li])cc1,CO,CC(C)(C)OC(=O)c1ccc([Li])cc1
Nagaki et al. 2010 - A flow microreactor system enables organolithium reactions without protecting alkoxycarbonyl groups,43,halogen-metal exchange,tetrahydrofuran,flow microreactor,10.1002/chem.201000876,2010.0,tR1,31.6,,-60,,tert-butyl p-bromobenzoate,s-BuLi,tert-butyl 4-(lithio)benzoate (aryllithium),ROH (alcohol quench),quench_probe,tert-butyl 4-(lithio)benzoate (aryllithium intermediate),0.10,0.42,1.1,,CC(C)(C)OC(=O)c1ccc(Br)cc1,CCC([Li])C,CC(C)(C)OC(=O)c1ccc([Li])cc1,CO,CC(C)(C)OC(=O)c1ccc([Li])cc1
Nagaki et al. 2010 - A flow microreactor system enables organolithium reactions without protecting alkoxycarbonyl groups,54,halogen-metal exchange,tetrahydrofuran,flow microreactor,10.1002/chem.201000876,2010.0,tR1,0.0316,,-78,,tert-butyl p-bromobenzoate,s-BuLi,tert-butyl 4-(lithio)benzoate (aryllithium),ROH (alcohol quench),quench_probe,tert-butyl 4-(lithio)benzoate (aryllithium intermediate),0.10,0.42,1.1,,CC(C)(C)OC(=O)c1ccc(Br)cc1,CCC([Li])C,CC(C)(C)OC(=O)c1ccc([Li])cc1,CO,CC(C)(C)OC(=O)c1ccc([Li])cc1
Nagaki et al. 2010 - A flow microreactor system enables organolithium reactions without protecting alkoxycarbonyl groups,57,halogen-metal exchange,tetrahydrofuran,flow microreactor,10.1002/chem.201000876,2010.0,tR1,0.1,,-78,,tert-butyl p-bromobenzoate,s-BuLi,tert-butyl 4-(lithio)benzoate (aryllithium),ROH (alcohol quench),quench_probe,tert-butyl 4-(lithio)benzoate (aryllithium intermediate),0.10,0.42,1.1,,CC(C)(C)OC(=O)c1ccc(Br)cc1,CCC([Li])C,CC(C)(C)OC(=O)c1ccc([Li])cc1,CO,CC(C)(C)OC(=O)c1ccc([Li])cc1
Nagaki et al. 2010 - A flow microreactor system enables organolithium reactions without protecting alkoxycarbonyl groups,68,halogen-metal exchange,tetrahydrofuran,flow microreactor,10.1002/chem.201000876,2010.0,tR1,0.316,,-78,,tert-butyl p-bromobenzoate,s-BuLi,tert-butyl 4-(lithio)benzoate (aryllithium),ROH (alcohol quench),quench_probe,tert-butyl 4-(lithio)benzoate (aryllithium intermediate),0.10,0.42,1.1,,CC(C)(C)OC(=O)c1ccc(Br)cc1,CCC([Li])C,CC(C)(C)OC(=O)c1ccc([Li])cc1,CO,CC(C)(C)OC(=O)c1ccc([Li])cc1
Nagaki et al. 2010 - A flow microreactor system enables organolithium reactions without protecting alkoxycarbonyl groups,69,halogen-metal exchange,tetrahydrofuran,flow microreactor,10.1002/chem.201000876,2010.0,tR1,1.0,,-78,,tert-butyl p-bromobenzoate,s-BuLi,tert-butyl 4-(lithio)benzoate (aryllithium),ROH (alcohol quench),quench_probe,tert-butyl 4-(lithio)benzoate (aryllithium intermediate),0.10,0.42,1.1,,CC(C)(C)OC(=O)c1ccc(Br)cc1,CCC([Li])C,CC(C)(C)OC(=O)c1ccc([Li])cc1,CO,CC(C)(C)OC(=O)c1ccc([Li])cc1
Nagaki et al. 2010 - A flow microreactor system enables organolithium reactions without protecting alkoxycarbonyl groups,84,halogen-metal exchange,tetrahydrofuran,flow microreactor,10.1002/chem.201000876,2010.0,tR1,3.16,,-78,,tert-butyl p-bromobenzoate,s-BuLi,tert-butyl 4-(lithio)benzoate (aryllithium),ROH (alcohol quench),quench_probe,tert-butyl 4-(lithio)benzoate (aryllithium intermediate),0.10,0.42,1.1,,CC(C)(C)OC(=O)c1ccc(Br)cc1,CCC([Li])C,CC(C)(C)OC(=O)c1ccc([Li])cc1,CO,CC(C)(C)OC(=O)c1ccc([Li])cc1
Nagaki et al. 2010 - A flow microreactor system enables organolithium reactions without protecting alkoxycarbonyl groups,85,halogen-metal exchange,tetrahydrofuran,flow microreactor,10.1002/chem.201000876,2010.0,tR1,31.6,,-78,,tert-butyl p-bromobenzoate,s-BuLi,tert-butyl 4-(lithio)benzoate (aryllithium),ROH (alcohol quench),quench_probe,tert-butyl 4-(lithio)benzoate (aryllithium intermediate),0.10,0.42,1.1,,CC(C)(C)OC(=O)c1ccc(Br)cc1,CCC([Li])C,CC(C)(C)OC(=O)c1ccc([Li])cc1,CO,CC(C)(C)OC(=O)c1ccc([Li])cc1
Nagaki et al. 2010 - A flow microreactor system enables organolithium reactions without protecting alkoxycarbonyl groups,4,halogen-metal exchange,tetrahydrofuran,flow microreactor,10.1002/chem.201000876,2010.0,tR1,0.0316,,0,,tert-butyl p-bromobenzoate,s-BuLi,tert-butyl 4-(lithio)benzoate (aryllithium),ROH (alcohol quench),quench_probe,tert-butyl 4-(lithio)benzoate (aryllithium intermediate),0.10,0.42,1.1,,CC(C)(C)OC(=O)c1ccc(Br)cc1,CCC([Li])C,CC(C)(C)OC(=O)c1ccc([Li])cc1,CO,CC(C)(C)OC(=O)c1ccc([Li])cc1
Nagaki et al. 2010 - A flow microreactor system enables organolithium reactions without protecting alkoxycarbonyl groups,4,halogen-metal exchange,tetrahydrofuran,flow microreactor,10.1002/chem.201000876,2010.0,tR1,0.1,,0,,tert-butyl p-bromobenzoate,s-BuLi,tert-butyl 4-(lithio)benzoate (aryllithium),ROH (alcohol quench),quench_probe,tert-butyl 4-(lithio)benzoate (aryllithium intermediate),0.10,0.42,1.1,,CC(C)(C)OC(=O)c1ccc(Br)cc1,CCC([Li])C,CC(C)(C)OC(=O)c1ccc([Li])cc1,CO,CC(C)(C)OC(=O)c1ccc([Li])cc1
Nagaki et al. 2010 - A flow microreactor system enables organolithium reactions without protecting alkoxycarbonyl groups,2,halogen-metal exchange,tetrahydrofuran,flow microreactor,10.1002/chem.201000876,2010.0,tR1,0.316,,0,,tert-butyl p-bromobenzoate,s-BuLi,tert-butyl 4-(lithio)benzoate (aryllithium),ROH (alcohol quench),quench_probe,tert-butyl 4-(lithio)benzoate (aryllithium intermediate),0.10,0.42,1.1,,CC(C)(C)OC(=O)c1ccc(Br)cc1,CCC([Li])C,CC(C)(C)OC(=O)c1ccc([Li])cc1,CO,CC(C)(C)OC(=O)c1ccc([Li])cc1
Nagaki et al. 2010 - A flow microreactor system enables organolithium reactions without protecting alkoxycarbonyl groups,1,halogen-metal exchange,tetrahydrofuran,flow microreactor,10.1002/chem.201000876,2010.0,tR1,1.0,,0,,tert-butyl p-bromobenzoate,s-BuLi,tert-butyl 4-(lithio)benzoate (aryllithium),ROH (alcohol quench),quench_probe,tert-butyl 4-(lithio)benzoate (aryllithium intermediate),0.10,0.42,1.1,,CC(C)(C)OC(=O)c1ccc(Br)cc1,CCC([Li])C,CC(C)(C)OC(=O)c1ccc([Li])cc1,CO,CC(C)(C)OC(=O)c1ccc([Li])cc1
Nagaki et al. 2010 - A flow microreactor system enables organolithium reactions without protecting alkoxycarbonyl groups,0,halogen-metal exchange,tetrahydrofuran,flow microreactor,10.1002/chem.201000876,2010.0,tR1,3.16,,0,,tert-butyl p-bromobenzoate,s-BuLi,tert-butyl 4-(lithio)benzoate (aryllithium),ROH (alcohol quench),quench_probe,tert-butyl 4-(lithio)benzoate (aryllithium intermediate),0.10,0.42,1.1,,CC(C)(C)OC(=O)c1ccc(Br)cc1,CCC([Li])C,CC(C)(C)OC(=O)c1ccc([Li])cc1,CO,CC(C)(C)OC(=O)c1ccc([Li])cc1
Nagaki et al. 2010 - A flow microreactor system enables organolithium reactions without protecting alkoxycarbonyl groups,0,halogen-metal exchange,tetrahydrofuran,flow microreactor,10.1002/chem.201000876,2010.0,tR1,31.6,,0,,tert-butyl p-bromobenzoate,s-BuLi,tert-butyl 4-(lithio)benzoate (aryllithium),ROH (alcohol quench),quench_probe,tert-butyl 4-(lithio)benzoate (aryllithium intermediate),0.10,0.42,1.1,,CC(C)(C)OC(=O)c1ccc(Br)cc1,CCC([Li])C,CC(C)(C)OC(=O)c1ccc([Li])cc1,CO,CC(C)(C)OC(=O)c1ccc([Li])cc1
Nagaki et al. 2010 - A flow microreactor system enables organolithium reactions without protecting alkoxycarbonyl groups,48,halogen-metal exchange,tetrahydrofuran,flow microreactor,10.1002/chem.201000876,2010.0,tR1,0.0316,,-30,,tert-butyl p-bromobenzoate,s-BuLi,tert-butyl 4-(lithio)benzoate (aryllithium),ROH (alcohol quench),quench_probe,tert-butyl 4-(lithio)benzoate (aryllithium intermediate),0.10,0.42,1.1,,CC(C)(C)OC(=O)c1ccc(Br)cc1,CCC([Li])C,CC(C)(C)OC(=O)c1ccc([Li])cc1,CO,CC(C)(C)OC(=O)c1ccc([Li])cc1
Nagaki et al. 2010 - A flow microreactor system enables organolithium reactions without protecting alkoxycarbonyl groups,56,halogen-metal exchange,tetrahydrofuran,flow microreactor,10.1002/chem.201000876,2010.0,tR1,0.1,,-30,,tert-butyl p-bromobenzoate,s-BuLi,tert-butyl 4-(lithio)benzoate (aryllithium),ROH (alcohol quench),quench_probe,tert-butyl 4-(lithio)benzoate (aryllithium intermediate),0.10,0.42,1.1,,CC(C)(C)OC(=O)c1ccc(Br)cc1,CCC([Li])C,CC(C)(C)OC(=O)c1ccc([Li])cc1,CO,CC(C)(C)OC(=O)c1ccc([Li])cc1
Nagaki et al. 2010 - A flow microreactor system enables organolithium reactions without protecting alkoxycarbonyl groups,17,halogen-metal exchange,tetrahydrofuran,flow microreactor,10.1002/chem.201000876,2010.0,tR1,0.316,,-30,,tert-butyl p-bromobenzoate,s-BuLi,tert-butyl 4-(lithio)benzoate (aryllithium),ROH (alcohol quench),quench_probe,tert-butyl 4-(lithio)benzoate (aryllithium intermediate),0.10,0.42,1.1,,CC(C)(C)OC(=O)c1ccc(Br)cc1,CCC([Li])C,CC(C)(C)OC(=O)c1ccc([Li])cc1,CO,CC(C)(C)OC(=O)c1ccc([Li])cc1
Nagaki et al. 2010 - A flow microreactor system enables organolithium reactions without protecting alkoxycarbonyl groups,6,halogen-metal exchange,tetrahydrofuran,flow microreactor,10.1002/chem.201000876,2010.0,tR1,1.0,,-30,,tert-butyl p-bromobenzoate,s-BuLi,tert-butyl 4-(lithio)benzoate (aryllithium),ROH (alcohol quench),quench_probe,tert-butyl 4-(lithio)benzoate (aryllithium intermediate),0.10,0.42,1.1,,CC(C)(C)OC(=O)c1ccc(Br)cc1,CCC([Li])C,CC(C)(C)OC(=O)c1ccc([Li])cc1,CO,CC(C)(C)OC(=O)c1ccc([Li])cc1
Nagaki et al. 2010 - A flow microreactor system enables organolithium reactions without protecting alkoxycarbonyl groups,4,halogen-metal exchange,tetrahydrofuran,flow microreactor,10.1002/chem.201000876,2010.0,tR1,3.16,,-30,,tert-butyl p-bromobenzoate,s-BuLi,tert-butyl 4-(lithio)benzoate (aryllithium),ROH (alcohol quench),quench_probe,tert-butyl 4-(lithio)benzoate (aryllithium intermediate),0.10,0.42,1.1,,CC(C)(C)OC(=O)c1ccc(Br)cc1,CCC([Li])C,CC(C)(C)OC(=O)c1ccc([Li])cc1,CO,CC(C)(C)OC(=O)c1ccc([Li])cc1
Nagaki et al. 2010 - A flow microreactor system enables organolithium reactions without protecting alkoxycarbonyl groups,0,halogen-metal exchange,tetrahydrofuran,flow microreactor,10.1002/chem.201000876,2010.0,tR1,31.6,,-30,,tert-butyl p-bromobenzoate,s-BuLi,tert-butyl 4-(lithio)benzoate (aryllithium),ROH (alcohol quench),quench_probe,tert-butyl 4-(lithio)benzoate (aryllithium intermediate),0.10,0.42,1.1,,CC(C)(C)OC(=O)c1ccc(Br)cc1,CCC([Li])C,CC(C)(C)OC(=O)c1ccc([Li])cc1,CO,CC(C)(C)OC(=O)c1ccc([Li])cc1
Nagaki et al. 2010 - A flow microreactor system enables organolithium reactions without protecting alkoxycarbonyl groups,87,halogen-metal exchange,tetrahydrofuran,flow microreactor,10.1002/chem.201000876,2010.0,tR1,0.0316,,-50,,tert-butyl p-bromobenzoate,s-BuLi,tert-butyl 4-(lithio)benzoate (aryllithium),ROH (alcohol quench),quench_probe,tert-butyl 4-(lithio)benzoate (aryllithium intermediate),0.10,0.42,1.1,,CC(C)(C)OC(=O)c1ccc(Br)cc1,CCC([Li])C,CC(C)(C)OC(=O)c1ccc([Li])cc1,CO,CC(C)(C)OC(=O)c1ccc([Li])cc1
Nagaki et al. 2010 - A flow microreactor system enables organolithium reactions without protecting alkoxycarbonyl groups,63,halogen-metal exchange,tetrahydrofuran,flow microreactor,10.1002/chem.201000876,2010.0,tR1,0.1,,-50,,tert-butyl p-bromobenzoate,s-BuLi,tert-butyl 4-(lithio)benzoate (aryllithium),ROH (alcohol quench),quench_probe,tert-butyl 4-(lithio)benzoate (aryllithium intermediate),0.10,0.42,1.1,,CC(C)(C)OC(=O)c1ccc(Br)cc1,CCC([Li])C,CC(C)(C)OC(=O)c1ccc([Li])cc1,CO,CC(C)(C)OC(=O)c1ccc([Li])cc1
Nagaki et al. 2010 - A flow microreactor system enables organolithium reactions without protecting alkoxycarbonyl groups,50,halogen-metal exchange,tetrahydrofuran,flow microreactor,10.1002/chem.201000876,2010.0,tR1,0.316,,-50,,tert-butyl p-bromobenzoate,s-BuLi,tert-butyl 4-(lithio)benzoate (aryllithium),ROH (alcohol quench),quench_probe,tert-butyl 4-(lithio)benzoate (aryllithium intermediate),0.10,0.42,1.1,,CC(C)(C)OC(=O)c1ccc(Br)cc1,CCC([Li])C,CC(C)(C)OC(=O)c1ccc([Li])cc1,CO,CC(C)(C)OC(=O)c1ccc([Li])cc1
Nagaki et al. 2010 - A flow microreactor system enables organolithium reactions without protecting alkoxycarbonyl groups,38,halogen-metal exchange,tetrahydrofuran,flow microreactor,10.1002/chem.201000876,2010.0,tR1,1.0,,-50,,tert-butyl p-bromobenzoate,s-BuLi,tert-butyl 4-(lithio)benzoate (aryllithium),ROH (alcohol quench),quench_probe,tert-butyl 4-(lithio)benzoate (aryllithium intermediate),0.10,0.42,1.1,,CC(C)(C)OC(=O)c1ccc(Br)cc1,CCC([Li])C,CC(C)(C)OC(=O)c1ccc([Li])cc1,CO,CC(C)(C)OC(=O)c1ccc([Li])cc1
Nagaki et al. 2010 - A flow microreactor system enables organolithium reactions without protecting alkoxycarbonyl groups,25,halogen-metal exchange,tetrahydrofuran,flow microreactor,10.1002/chem.201000876,2010.0,tR1,3.16,,-50,,tert-butyl p-bromobenzoate,s-BuLi,tert-butyl 4-(lithio)benzoate (aryllithium),ROH (alcohol quench),quench_probe,tert-butyl 4-(lithio)benzoate (aryllithium intermediate),0.10,0.42,1.1,,CC(C)(C)OC(=O)c1ccc(Br)cc1,CCC([Li])C,CC(C)(C)OC(=O)c1ccc([Li])cc1,CO,CC(C)(C)OC(=O)c1ccc([Li])cc1
Nagaki et al. 2010 - A flow microreactor system enables organolithium reactions without protecting alkoxycarbonyl groups,0,halogen-metal exchange,tetrahydrofuran,flow microreactor,10.1002/chem.201000876,2010.0,tR1,31.6,,-50,,tert-butyl p-bromobenzoate,s-BuLi,tert-butyl 4-(lithio)benzoate (aryllithium),ROH (alcohol quench),quench_probe,tert-butyl 4-(lithio)benzoate (aryllithium intermediate),0.10,0.42,1.1,,CC(C)(C)OC(=O)c1ccc(Br)cc1,CCC([Li])C,CC(C)(C)OC(=O)c1ccc([Li])cc1,CO,CC(C)(C)OC(=O)c1ccc([Li])cc1
Nagaki et al. 2010 - A flow microreactor system enables organolithium reactions without protecting alkoxycarbonyl groups,85,halogen-metal exchange,tetrahydrofuran,flow microreactor,10.1002/chem.201000876,2010.0,tR1,0.0316,,-60,,tert-butyl p-bromobenzoate,s-BuLi,tert-butyl 4-(lithio)benzoate (aryllithium),ROH (alcohol quench),quench_probe,tert-butyl 4-(lithio)benzoate (aryllithium intermediate),0.10,0.42,1.1,,CC(C)(C)OC(=O)c1ccc(Br)cc1,CCC([Li])C,CC(C)(C)OC(=O)c1ccc([Li])cc1,CO,CC(C)(C)OC(=O)c1ccc([Li])cc1
Nagaki et al. 2010 - A flow microreactor system enables organolithium reactions without protecting alkoxycarbonyl groups,68,halogen-metal exchange,tetrahydrofuran,flow microreactor,10.1002/chem.201000876,2010.0,tR1,0.1,,-60,,tert-butyl p-bromobenzoate,s-BuLi,tert-butyl 4-(lithio)benzoate (aryllithium),ROH (alcohol quench),quench_probe,tert-butyl 4-(lithio)benzoate (aryllithium intermediate),0.10,0.42,1.1,,CC(C)(C)OC(=O)c1ccc(Br)cc1,CCC([Li])C,CC(C)(C)OC(=O)c1ccc([Li])cc1,CO,CC(C)(C)OC(=O)c1ccc([Li])cc1
Nagaki et al. 2010 - A flow microreactor system enables organolithium reactions without protecting alkoxycarbonyl groups,61,halogen-metal exchange,tetrahydrofuran,flow microreactor,10.1002/chem.201000876,2010.0,tR1,0.316,,-60,,tert-butyl p-bromobenzoate,s-BuLi,tert-butyl 4-(lithio)benzoate (aryllithium),ROH (alcohol quench),quench_probe,tert-butyl 4-(lithio)benzoate (aryllithium intermediate),0.10,0.42,1.1,,CC(C)(C)OC(=O)c1ccc(Br)cc1,CCC([Li])C,CC(C)(C)OC(=O)c1ccc([Li])cc1,CO,CC(C)(C)OC(=O)c1ccc([Li])cc1
Nagaki et al. 2010 - A flow microreactor system enables organolithium reactions without protecting alkoxycarbonyl groups,47,halogen-metal exchange,tetrahydrofuran,flow microreactor,10.1002/chem.201000876,2010.0,tR1,1.0,,-60,,tert-butyl p-bromobenzoate,s-BuLi,tert-butyl 4-(lithio)benzoate (aryllithium),ROH (alcohol quench),quench_probe,tert-butyl 4-(lithio)benzoate (aryllithium intermediate),0.10,0.42,1.1,,CC(C)(C)OC(=O)c1ccc(Br)cc1,CCC([Li])C,CC(C)(C)OC(=O)c1ccc([Li])cc1,CO,CC(C)(C)OC(=O)c1ccc([Li])cc1
Nagaki et al. 2010 - A flow microreactor system enables organolithium reactions without protecting alkoxycarbonyl groups,43,halogen-metal exchange,tetrahydrofuran,flow microreactor,10.1002/chem.201000876,2010.0,tR1,3.16,,-60,,tert-butyl p-bromobenzoate,s-BuLi,tert-butyl 4-(lithio)benzoate (aryllithium),ROH (alcohol quench),quench_probe,tert-butyl 4-(lithio)benzoate (aryllithium intermediate),0.10,0.42,1.1,,CC(C)(C)OC(=O)c1ccc(Br)cc1,CCC([Li])C,CC(C)(C)OC(=O)c1ccc([Li])cc1,CO,CC(C)(C)OC(=O)c1ccc([Li])cc1
Nagaki et al. 2010 - A flow microreactor system enables organolithium reactions without protecting alkoxycarbonyl groups,4,halogen-metal exchange,tetrahydrofuran,flow microreactor,10.1002/chem.201000876,2010.0,tR1,31.6,,-60,,tert-butyl p-bromobenzoate,s-BuLi,tert-butyl 4-(lithio)benzoate (aryllithium),ROH (alcohol quench),quench_probe,tert-butyl 4-(lithio)benzoate (aryllithium intermediate),0.10,0.42,1.1,,CC(C)(C)OC(=O)c1ccc(Br)cc1,CCC([Li])C,CC(C)(C)OC(=O)c1ccc([Li])cc1,CO,CC(C)(C)OC(=O)c1ccc([Li])cc1
Nagaki et al. 2010 - A flow microreactor system enables organolithium reactions without protecting alkoxycarbonyl groups,67,halogen-metal exchange,tetrahydrofuran,flow microreactor,10.1002/chem.201000876,2010.0,tR1,0.0316,,-78,,tert-butyl p-bromobenzoate,s-BuLi,tert-butyl 4-(lithio)benzoate (aryllithium),ROH (alcohol quench),quench_probe,tert-butyl 4-(lithio)benzoate (aryllithium intermediate),0.10,0.42,1.1,,CC(C)(C)OC(=O)c1ccc(Br)cc1,CCC([Li])C,CC(C)(C)OC(=O)c1ccc([Li])cc1,CO,CC(C)(C)OC(=O)c1ccc([Li])cc1
Nagaki et al. 2010 - A flow microreactor system enables organolithium reactions without protecting alkoxycarbonyl groups,64,halogen-metal exchange,tetrahydrofuran,flow microreactor,10.1002/chem.201000876,2010.0,tR1,0.1,,-78,,tert-butyl p-bromobenzoate,s-BuLi,tert-butyl 4-(lithio)benzoate (aryllithium),ROH (alcohol quench),quench_probe,tert-butyl 4-(lithio)benzoate (aryllithium intermediate),0.10,0.42,1.1,,CC(C)(C)OC(=O)c1ccc(Br)cc1,CCC([Li])C,CC(C)(C)OC(=O)c1ccc([Li])cc1,CO,CC(C)(C)OC(=O)c1ccc([Li])cc1
Nagaki et al. 2010 - A flow microreactor system enables organolithium reactions without protecting alkoxycarbonyl groups,62,halogen-metal exchange,tetrahydrofuran,flow microreactor,10.1002/chem.201000876,2010.0,tR1,0.316,,-78,,tert-butyl p-bromobenzoate,s-BuLi,tert-butyl 4-(lithio)benzoate (aryllithium),ROH (alcohol quench),quench_probe,tert-butyl 4-(lithio)benzoate (aryllithium intermediate),0.10,0.42,1.1,,CC(C)(C)OC(=O)c1ccc(Br)cc1,CCC([Li])C,CC(C)(C)OC(=O)c1ccc([Li])cc1,CO,CC(C)(C)OC(=O)c1ccc([Li])cc1
Nagaki et al. 2010 - A flow microreactor system enables organolithium reactions without protecting alkoxycarbonyl groups,74,halogen-metal exchange,tetrahydrofuran,flow microreactor,10.1002/chem.201000876,2010.0,tR1,1.0,,-78,,tert-butyl p-bromobenzoate,s-BuLi,tert-butyl 4-(lithio)benzoate (aryllithium),ROH (alcohol quench),quench_probe,tert-butyl 4-(lithio)benzoate (aryllithium intermediate),0.10,0.42,1.1,,CC(C)(C)OC(=O)c1ccc(Br)cc1,CCC([Li])C,CC(C)(C)OC(=O)c1ccc([Li])cc1,CO,CC(C)(C)OC(=O)c1ccc([Li])cc1
Nagaki et al. 2010 - A flow microreactor system enables organolithium reactions without protecting alkoxycarbonyl groups,70,halogen-metal exchange,tetrahydrofuran,flow microreactor,10.1002/chem.201000876,2010.0,tR1,3.16,,-78,,tert-butyl p-bromobenzoate,s-BuLi,tert-butyl 4-(lithio)benzoate (aryllithium),ROH (alcohol quench),quench_probe,tert-butyl 4-(lithio)benzoate (aryllithium intermediate),0.10,0.42,1.1,,CC(C)(C)OC(=O)c1ccc(Br)cc1,CCC([Li])C,CC(C)(C)OC(=O)c1ccc([Li])cc1,CO,CC(C)(C)OC(=O)c1ccc([Li])cc1
Nagaki et al. 2010 - A flow microreactor system enables organolithium reactions without protecting alkoxycarbonyl groups,51,halogen-metal exchange,tetrahydrofuran,flow microreactor,10.1002/chem.201000876,2010.0,tR1,31.6,,-78,,tert-butyl p-bromobenzoate,s-BuLi,tert-butyl 4-(lithio)benzoate (aryllithium),ROH (alcohol quench),quench_probe,tert-butyl 4-(lithio)benzoate (aryllithium intermediate),0.10,0.42,1.1,,CC(C)(C)OC(=O)c1ccc(Br)cc1,CCC([Li])C,CC(C)(C)OC(=O)c1ccc([Li])cc1,CO,CC(C)(C)OC(=O)c1ccc([Li])cc1
Nagaki et al. 2012 - Cross-coupling of aryllithiums with aryl and vinyl halides in flow microreactors,82,C-C coupling,tetrahydrofuran,flow microreactor,10.1002/asia.201101019,2012.0,tR2,,1.0,,70,,n-BuLi,aryllithium,bromobenzene,synthetic,biaryl cross-coupling product,,,,,,CCCC[Li],[Li]c1ccccc1,Brc1ccccc1,
Nagaki et al. 2012 - Cross-coupling of aryllithiums with aryl and vinyl halides in flow microreactors,89,C-C coupling,tetrahydrofuran,flow microreactor,10.1002/asia.201101019,2012.0,tR2,,3.16,,70,,n-BuLi,aryllithium,bromobenzene,synthetic,biaryl cross-coupling product,,,,,,CCCC[Li],[Li]c1ccccc1,Brc1ccccc1,
Nagaki et al. 2012 - Cross-coupling of aryllithiums with aryl and vinyl halides in flow microreactors,90,C-C coupling,tetrahydrofuran,flow microreactor,10.1002/asia.201101019,2012.0,tR2,,10.0,,70,,n-BuLi,aryllithium,bromobenzene,synthetic,biaryl cross-coupling product,,,,,,CCCC[Li],[Li]c1ccccc1,Brc1ccccc1,
Nagaki et al. 2012 - Cross-coupling of aryllithiums with aryl and vinyl halides in flow microreactors,92,C-C coupling,tetrahydrofuran,flow microreactor,10.1002/asia.201101019,2012.0,tR2,,31.6,,70,,n-BuLi,aryllithium,bromobenzene,synthetic,biaryl cross-coupling product,,,,,,CCCC[Li],[Li]c1ccccc1,Brc1ccccc1,
Nagaki et al. 2012 - Cross-coupling of aryllithiums with aryl and vinyl halides in flow microreactors,90,C-C coupling,tetrahydrofuran,flow microreactor,10.1002/asia.201101019,2012.0,tR2,,100.0,,70,,n-BuLi,aryllithium,bromobenzene,synthetic,biaryl cross-coupling product,,,,,,CCCC[Li],[Li]c1ccccc1,Brc1ccccc1,
Nagaki et al. 2012 - Cross-coupling of aryllithiums with aryl and vinyl halides in flow microreactors,63,C-C coupling,tetrahydrofuran,flow microreactor,10.1002/asia.201101019,2012.0,tR2,,1.0,,50,,n-BuLi,aryllithium,bromobenzene,synthetic,biaryl cross-coupling product,,,,,,CCCC[Li],[Li]c1ccccc1,Brc1ccccc1,
Nagaki et al. 2012 - Cross-coupling of aryllithiums with aryl and vinyl halides in flow microreactors,86,C-C coupling,tetrahydrofuran,flow microreactor,10.1002/asia.201101019,2012.0,tR2,,3.16,,50,,n-BuLi,aryllithium,bromobenzene,synthetic,biaryl cross-coupling product,,,,,,CCCC[Li],[Li]c1ccccc1,Brc1ccccc1,
Nagaki et al. 2012 - Cross-coupling of aryllithiums with aryl and vinyl halides in flow microreactors,90,C-C coupling,tetrahydrofuran,flow microreactor,10.1002/asia.201101019,2012.0,tR2,,10.0,,50,,n-BuLi,aryllithium,bromobenzene,synthetic,biaryl cross-coupling product,,,,,,CCCC[Li],[Li]c1ccccc1,Brc1ccccc1,
Nagaki et al. 2012 - Cross-coupling of aryllithiums with aryl and vinyl halides in flow microreactors,89,C-C coupling,tetrahydrofuran,flow microreactor,10.1002/asia.201101019,2012.0,tR2,,31.6,,50,,n-BuLi,aryllithium,bromobenzene,synthetic,biaryl cross-coupling product,,,,,,CCCC[Li],[Li]c1ccccc1,Brc1ccccc1,
Nagaki et al. 2012 - Cross-coupling of aryllithiums with aryl and vinyl halides in flow microreactors,90,C-C coupling,tetrahydrofuran,flow microreactor,10.1002/asia.201101019,2012.0,tR2,,100.0,,50,,n-BuLi,aryllithium,bromobenzene,synthetic,biaryl cross-coupling product,,,,,,CCCC[Li],[Li]c1ccccc1,Brc1ccccc1,
Nagaki et al. 2012 - Cross-coupling of aryllithiums with aryl and vinyl halides in flow microreactors,44,C-C coupling,tetrahydrofuran,flow microreactor,10.1002/asia.201101019,2012.0,tR2,,1.0,,30,,n-BuLi,aryllithium,bromobenzene,synthetic,biaryl cross-coupling product,,,,,,CCCC[Li],[Li]c1ccccc1,Brc1ccccc1,
Nagaki et al. 2012 - Cross-coupling of aryllithiums with aryl and vinyl halides in flow microreactors,74,C-C coupling,tetrahydrofuran,flow microreactor,10.1002/asia.201101019,2012.0,tR2,,3.16,,30,,n-BuLi,aryllithium,bromobenzene,synthetic,biaryl cross-coupling product,,,,,,CCCC[Li],[Li]c1ccccc1,Brc1ccccc1,
Nagaki et al. 2012 - Cross-coupling of aryllithiums with aryl and vinyl halides in flow microreactors,84,C-C coupling,tetrahydrofuran,flow microreactor,10.1002/asia.201101019,2012.0,tR2,,10.0,,30,,n-BuLi,aryllithium,bromobenzene,synthetic,biaryl cross-coupling product,,,,,,CCCC[Li],[Li]c1ccccc1,Brc1ccccc1,
Nagaki et al. 2012 - Cross-coupling of aryllithiums with aryl and vinyl halides in flow microreactors,86,C-C coupling,tetrahydrofuran,flow microreactor,10.1002/asia.201101019,2012.0,tR2,,31.6,,30,,n-BuLi,aryllithium,bromobenzene,synthetic,biaryl cross-coupling product,,,,,,CCCC[Li],[Li]c1ccccc1,Brc1ccccc1,
Nagaki et al. 2012 - Cross-coupling of aryllithiums with aryl and vinyl halides in flow microreactors,83,C-C coupling,tetrahydrofuran,flow microreactor,10.1002/asia.201101019,2012.0,tR2,,100.0,,30,,n-BuLi,aryllithium,bromobenzene,synthetic,biaryl cross-coupling product,,,,,,CCCC[Li],[Li]c1ccccc1,Brc1ccccc1,
Nagaki et al. 2012 - Cross-coupling of aryllithiums with aryl and vinyl halides in flow microreactors,26,C-C coupling,tetrahydrofuran,flow microreactor,10.1002/asia.201101019,2012.0,tR2,,1.0,,15,,n-BuLi,aryllithium,bromobenzene,synthetic,biaryl cross-coupling product,,,,,,CCCC[Li],[Li]c1ccccc1,Brc1ccccc1,
Nagaki et al. 2012 - Cross-coupling of aryllithiums with aryl and vinyl halides in flow microreactors,48,C-C coupling,tetrahydrofuran,flow microreactor,10.1002/asia.201101019,2012.0,tR2,,3.16,,15,,n-BuLi,aryllithium,bromobenzene,synthetic,biaryl cross-coupling product,,,,,,CCCC[Li],[Li]c1ccccc1,Brc1ccccc1,
Nagaki et al. 2012 - Cross-coupling of aryllithiums with aryl and vinyl halides in flow microreactors,72,C-C coupling,tetrahydrofuran,flow microreactor,10.1002/asia.201101019,2012.0,tR2,,10.0,,15,,n-BuLi,aryllithium,bromobenzene,synthetic,biaryl cross-coupling product,,,,,,CCCC[Li],[Li]c1ccccc1,Brc1ccccc1,
Nagaki et al. 2012 - Cross-coupling of aryllithiums with aryl and vinyl halides in flow microreactors,78,C-C coupling,tetrahydrofuran,flow microreactor,10.1002/asia.201101019,2012.0,tR2,,31.6,,15,,n-BuLi,aryllithium,bromobenzene,synthetic,biaryl cross-coupling product,,,,,,CCCC[Li],[Li]c1ccccc1,Brc1ccccc1,
Nagaki et al. 2012 - Cross-coupling of aryllithiums with aryl and vinyl halides in flow microreactors,81,C-C coupling,tetrahydrofuran,flow microreactor,10.1002/asia.201101019,2012.0,tR2,,100.0,,15,,n-BuLi,aryllithium,bromobenzene,synthetic,biaryl cross-coupling product,,,,,,CCCC[Li],[Li]c1ccccc1,Brc1ccccc1,
Nagaki et al. 2012 - Cross-coupling of aryllithiums with aryl and vinyl halides in flow microreactors,22,C-C coupling,tetrahydrofuran,flow microreactor,10.1002/asia.201101019,2012.0,tR2,,1.0,,0,,n-BuLi,aryllithium,bromobenzene,synthetic,biaryl cross-coupling product,,,,,,CCCC[Li],[Li]c1ccccc1,Brc1ccccc1,
Nagaki et al. 2012 - Cross-coupling of aryllithiums with aryl and vinyl halides in flow microreactors,35,C-C coupling,tetrahydrofuran,flow microreactor,10.1002/asia.201101019,2012.0,tR2,,3.16,,0,,n-BuLi,aryllithium,bromobenzene,synthetic,biaryl cross-coupling product,,,,,,CCCC[Li],[Li]c1ccccc1,Brc1ccccc1,
Nagaki et al. 2012 - Cross-coupling of aryllithiums with aryl and vinyl halides in flow microreactors,47,C-C coupling,tetrahydrofuran,flow microreactor,10.1002/asia.201101019,2012.0,tR2,,10.0,,0,,n-BuLi,aryllithium,bromobenzene,synthetic,biaryl cross-coupling product,,,,,,CCCC[Li],[Li]c1ccccc1,Brc1ccccc1,
Nagaki et al. 2012 - Cross-coupling of aryllithiums with aryl and vinyl halides in flow microreactors,53,C-C coupling,tetrahydrofuran,flow microreactor,10.1002/asia.201101019,2012.0,tR2,,31.6,,0,,n-BuLi,aryllithium,bromobenzene,synthetic,biaryl cross-coupling product,,,,,,CCCC[Li],[Li]c1ccccc1,Brc1ccccc1,
Nagaki et al. 2012 - Cross-coupling of aryllithiums with aryl and vinyl halides in flow microreactors,65,C-C coupling,tetrahydrofuran,flow microreactor,10.1002/asia.201101019,2012.0,tR2,,100.0,,0,,n-BuLi,aryllithium,bromobenzene,synthetic,biaryl cross-coupling product,,,,,,CCCC[Li],[Li]c1ccccc1,Brc1ccccc1,
Nagaki et al. 2012 - Cross-coupling of aryllithiums with aryl and vinyl halides in flow microreactors,91,C-C coupling,tetrahydrofuran,flow microreactor,10.1002/asia.201101019,2012.0,tR2,,316.0,,70,,n-BuLi,aryllithium,bromobenzene,synthetic,biaryl cross-coupling product,,,,,,CCCC[Li],[Li]c1ccccc1,Brc1ccccc1,
Nagaki et al. 2012 - Cross-coupling of aryllithiums with aryl and vinyl halides in flow microreactors,93,C-C coupling,tetrahydrofuran,flow microreactor,10.1002/asia.201101019,2012.0,tR2,,316.0,,50,,n-BuLi,aryllithium,bromobenzene,synthetic,biaryl cross-coupling product,,,,,,CCCC[Li],[Li]c1ccccc1,Brc1ccccc1,
Nagaki et al. 2012 - Cross-coupling of aryllithiums with aryl and vinyl halides in flow microreactors,88,C-C coupling,tetrahydrofuran,flow microreactor,10.1002/asia.201101019,2012.0,tR2,,316.0,,30,,n-BuLi,aryllithium,bromobenzene,synthetic,biaryl cross-coupling product,,,,,,CCCC[Li],[Li]c1ccccc1,Brc1ccccc1,
Nagaki et al. 2012 - Cross-coupling of aryllithiums with aryl and vinyl halides in flow microreactors,82,C-C coupling,tetrahydrofuran,flow microreactor,10.1002/asia.201101019,2012.0,tR2,,316.0,,15,,n-BuLi,aryllithium,bromobenzene,synthetic,biaryl cross-coupling product,,,,,,CCCC[Li],[Li]c1ccccc1,Brc1ccccc1,
Nagaki et al. 2012 - Cross-coupling of aryllithiums with aryl and vinyl halides in flow microreactors,69,C-C coupling,tetrahydrofuran,flow microreactor,10.1002/asia.201101019,2012.0,tR2,,316.0,,0,,n-BuLi,aryllithium,bromobenzene,synthetic,biaryl cross-coupling product,,,,,,CCCC[Li],[Li]c1ccccc1,Brc1ccccc1,
example1,60,other,tetrahydrofuran,flow microreactor,10.1002/anie.202003831,2020.0,tR1,0.003,,-20,,fluoroiodomethane (1),,"Li-CH2-F (fluoromethyllithium), lifetime 13 ms at -60 °C",,,,,,,,FCI,,[Li]CF,,
example1,13,other,tetrahydrofuran,flow microreactor,10.1002/anie.202003831,2020.0,tR1,0.01,,-20,,fluoroiodomethane (1),,"Li-CH2-F (fluoromethyllithium), lifetime 13 ms at -60 °C",,,,,,,,FCI,,[Li]CF,,
example1,5,other,tetrahydrofuran,flow microreactor,10.1002/anie.202003831,2020.0,tR1,0.03,,-20,,fluoroiodomethane (1),,"Li-CH2-F (fluoromethyllithium), lifetime 13 ms at -60 °C",,,,,,,,FCI,,[Li]CF,,
example1,0,other,tetrahydrofuran,flow microreactor,10.1002/anie.202003831,2020.0,tR1,0.1,,-20,,fluoroiodomethane (1),,"Li-CH2-F (fluoromethyllithium), lifetime 13 ms at -60 °C",,,,,,,,FCI,,[Li]CF,,
example1,0,other,tetrahydrofuran,flow microreactor,10.1002/anie.202003831,2020.0,tR1,0.3,,-20,,fluoroiodomethane (1),,"Li-CH2-F (fluoromethyllithium), lifetime 13 ms at -60 °C",,,,,,,,FCI,,[Li]CF,,
example1,0,other,tetrahydrofuran,flow microreactor,10.1002/anie.202003831,2020.0,tR1,1.0,,-20,,fluoroiodomethane (1),,"Li-CH2-F (fluoromethyllithium), lifetime 13 ms at -60 °C",,,,,,,,FCI,,[Li]CF,,
example1,0,other,tetrahydrofuran,flow microreactor,10.1002/anie.202003831,2020.0,tR1,3.16,,-20,,fluoroiodomethane (1),,"Li-CH2-F (fluoromethyllithium), lifetime 13 ms at -60 °C",,,,,,,,FCI,,[Li]CF,,
example1,71,other,tetrahydrofuran,flow microreactor,10.1002/anie.202003831,2020.0,tR1,0.003,,-40,,fluoroiodomethane (1),,"Li-CH2-F (fluoromethyllithium), lifetime 13 ms at -60 °C",,,,,,,,FCI,,[Li]CF,,
example1,57,other,tetrahydrofuran,flow microreactor,10.1002/anie.202003831,2020.0,tR1,0.01,,-40,,fluoroiodomethane (1),,"Li-CH2-F (fluoromethyllithium), lifetime 13 ms at -60 °C",,,,,,,,FCI,,[Li]CF,,
example1,40,other,tetrahydrofuran,flow microreactor,10.1002/anie.202003831,2020.0,tR1,0.03,,-40,,fluoroiodomethane (1),,"Li-CH2-F (fluoromethyllithium), lifetime 13 ms at -60 °C",,,,,,,,FCI,,[Li]CF,,
example1,0,other,tetrahydrofuran,flow microreactor,10.1002/anie.202003831,2020.0,tR1,0.1,,-40,,fluoroiodomethane (1),,"Li-CH2-F (fluoromethyllithium), lifetime 13 ms at -60 °C",,,,,,,,FCI,,[Li]CF,,
example1,0,other,tetrahydrofuran,flow microreactor,10.1002/anie.202003831,2020.0,tR1,0.3,,-40,,fluoroiodomethane (1),,"Li-CH2-F (fluoromethyllithium), lifetime 13 ms at -60 °C",,,,,,,,FCI,,[Li]CF,,
example1,0,other,tetrahydrofuran,flow microreactor,10.1002/anie.202003831,2020.0,tR1,1.0,,-40,,fluoroiodomethane (1),,"Li-CH2-F (fluoromethyllithium), lifetime 13 ms at -60 °C",,,,,,,,FCI,,[Li]CF,,
example1,80,other,tetrahydrofuran,flow microreactor,10.1002/anie.202003831,2020.0,tR1,0.003,,-60,,fluoroiodomethane (1),,"Li-CH2-F (fluoromethyllithium), lifetime 13 ms at -60 °C",,,,,,,,FCI,,[Li]CF,,
example1,84,other,tetrahydrofuran,flow microreactor,10.1002/anie.202003831,2020.0,tR1,0.01,,-60,,fluoroiodomethane (1),,"Li-CH2-F (fluoromethyllithium), lifetime 13 ms at -60 °C",,,,,,,,FCI,,[Li]CF,,
example1,74,other,tetrahydrofuran,flow microreactor,10.1002/anie.202003831,2020.0,tR1,0.03,,-60,,fluoroiodomethane (1),,"Li-CH2-F (fluoromethyllithium), lifetime 13 ms at -60 °C",,,,,,,,FCI,,[Li]CF,,
example1,55,other,tetrahydrofuran,flow microreactor,10.1002/anie.202003831,2020.0,tR1,0.1,,-60,,fluoroiodomethane (1),,"Li-CH2-F (fluoromethyllithium), lifetime 13 ms at -60 °C",,,,,,,,FCI,,[Li]CF,,
example1,14,other,tetrahydrofuran,flow microreactor,10.1002/anie.202003831,2020.0,tR1,0.3,,-60,,fluoroiodomethane (1),,"Li-CH2-F (fluoromethyllithium), lifetime 13 ms at -60 °C",,,,,,,,FCI,,[Li]CF,,
example1,0,other,tetrahydrofuran,flow microreactor,10.1002/anie.202003831,2020.0,tR1,1.0,,-60,,fluoroiodomethane (1),,"Li-CH2-F (fluoromethyllithium), lifetime 13 ms at -60 °C",,,,,,,,FCI,,[Li]CF,,
example1,0,other,tetrahydrofuran,flow microreactor,10.1002/anie.202003831,2020.0,tR1,3.16,,-60,,fluoroiodomethane (1),,"Li-CH2-F (fluoromethyllithium), lifetime 13 ms at -60 °C",,,,,,,,FCI,,[Li]CF,,
example1,87,other,tetrahydrofuran,flow microreactor,10.1002/anie.202003831,2020.0,tR1,0.003,,-78,,fluoroiodomethane (1),,"Li-CH2-F (fluoromethyllithium), lifetime 13 ms at -60 °C",,,,,,,,FCI,,[Li]CF,,
example1,80,other,tetrahydrofuran,flow microreactor,10.1002/anie.202003831,2020.0,tR1,0.01,,-78,,fluoroiodomethane (1),,"Li-CH2-F (fluoromethyllithium), lifetime 13 ms at -60 °C",,,,,,,,FCI,,[Li]CF,,
example1,80,other,tetrahydrofuran,flow microreactor,10.1002/anie.202003831,2020.0,tR1,0.03,,-78,,fluoroiodomethane (1),,"Li-CH2-F (fluoromethyllithium), lifetime 13 ms at -60 °C",,,,,,,,FCI,,[Li]CF,,
example1,76,other,tetrahydrofuran,flow microreactor,10.1002/anie.202003831,2020.0,tR1,0.1,,-78,,fluoroiodomethane (1),,"Li-CH2-F (fluoromethyllithium), lifetime 13 ms at -60 °C",,,,,,,,FCI,,[Li]CF,,
example1,70,other,tetrahydrofuran,flow microreactor,10.1002/anie.202003831,2020.0,tR1,0.316,,-78,,fluoroiodomethane (1),,"Li-CH2-F (fluoromethyllithium), lifetime 13 ms at -60 °C",,,,,,,,FCI,,[Li]CF,,
example1,65,other,tetrahydrofuran,flow microreactor,10.1002/anie.202003831,2020.0,tR1,1.0,,-78,,fluoroiodomethane (1),,"Li-CH2-F (fluoromethyllithium), lifetime 13 ms at -60 °C",,,,,,,,FCI,,[Li]CF,,
example1,59,other,tetrahydrofuran,flow microreactor,10.1002/anie.202003831,2020.0,tR1,3.16,,-78,,fluoroiodomethane (1),,"Li-CH2-F (fluoromethyllithium), lifetime 13 ms at -60 °C",,,,,,,,FCI,,[Li]CF,,
example1,59,other,tetrahydrofuran,flow microreactor,10.1002/anie.202003831,2020.0,tR1,0.003,,-20,,fluoroiodomethane (1),,"CHLi(I)(F) (iodofluoromethyllithium), lifetime 82 ms at -40 °C",,,,,,,,FCI,,[Li]C(F)I,,
example1,69,other,tetrahydrofuran,flow microreactor,10.1002/anie.202003831,2020.0,tR1,0.01,,-20,,fluoroiodomethane (1),,"CHLi(I)(F) (iodofluoromethyllithium), lifetime 82 ms at -40 °C",,,,,,,,FCI,,[Li]C(F)I,,
example1,85,other,tetrahydrofuran,flow microreactor,10.1002/anie.202003831,2020.0,tR1,0.03,,-20,,fluoroiodomethane (1),,"CHLi(I)(F) (iodofluoromethyllithium), lifetime 82 ms at -40 °C",,,,,,,,FCI,,[Li]C(F)I,,
example1,69,other,tetrahydrofuran,flow microreactor,10.1002/anie.202003831,2020.0,tR1,0.1,,-20,,fluoroiodomethane (1),,"CHLi(I)(F) (iodofluoromethyllithium), lifetime 82 ms at -40 °C",,,,,,,,FCI,,[Li]C(F)I,,
example1,47,other,tetrahydrofuran,flow microreactor,10.1002/anie.202003831,2020.0,tR1,0.316,,-20,,fluoroiodomethane (1),,"CHLi(I)(F) (iodofluoromethyllithium), lifetime 82 ms at -40 °C",,,,,,,,FCI,,[Li]C(F)I,,
example1,0,other,tetrahydrofuran,flow microreactor,10.1002/anie.202003831,2020.0,tR1,1.0,,-20,,fluoroiodomethane (1),,"CHLi(I)(F) (iodofluoromethyllithium), lifetime 82 ms at -40 °C",,,,,,,,FCI,,[Li]C(F)I,,
example1,0,other,tetrahydrofuran,flow microreactor,10.1002/anie.202003831,2020.0,tR1,3.16,,-20,,fluoroiodomethane (1),,"CHLi(I)(F) (iodofluoromethyllithium), lifetime 82 ms at -40 °C",,,,,,,,FCI,,[Li]C(F)I,,
example1,34,other,tetrahydrofuran,flow microreactor,10.1002/anie.202003831,2020.0,tR1,0.003,,-40,,fluoroiodomethane (1),,"CHLi(I)(F) (iodofluoromethyllithium), lifetime 82 ms at -40 °C",,,,,,,,FCI,,[Li]C(F)I,,
example1,60,other,tetrahydrofuran,flow microreactor,10.1002/anie.202003831,2020.0,tR1,0.01,,-40,,fluoroiodomethane (1),,"CHLi(I)(F) (iodofluoromethyllithium), lifetime 82 ms at -40 °C",,,,,,,,FCI,,[Li]C(F)I,,
example1,99,other,tetrahydrofuran,flow microreactor,10.1002/anie.202003831,2020.0,tR1,0.03,,-40,,fluoroiodomethane (1),,"CHLi(I)(F) (iodofluoromethyllithium), lifetime 82 ms at -40 °C",,,,,,,,FCI,,[Li]C(F)I,,
example1,99,other,tetrahydrofuran,flow microreactor,10.1002/anie.202003831,2020.0,tR1,0.1,,-40,,fluoroiodomethane (1),,"CHLi(I)(F) (iodofluoromethyllithium), lifetime 82 ms at -40 °C",,,,,,,,FCI,,[Li]C(F)I,,
example1,94,other,tetrahydrofuran,flow microreactor,10.1002/anie.202003831,2020.0,tR1,0.316,,-40,,fluoroiodomethane (1),,"CHLi(I)(F) (iodofluoromethyllithium), lifetime 82 ms at -40 °C",,,,,,,,FCI,,[Li]C(F)I,,
example1,48,other,tetrahydrofuran,flow microreactor,10.1002/anie.202003831,2020.0,tR1,1.0,,-40,,fluoroiodomethane (1),,"CHLi(I)(F) (iodofluoromethyllithium), lifetime 82 ms at -40 °C",,,,,,,,FCI,,[Li]C(F)I,,
example1,0,other,tetrahydrofuran,flow microreactor,10.1002/anie.202003831,2020.0,tR1,3.16,,-40,,fluoroiodomethane (1),,"CHLi(I)(F) (iodofluoromethyllithium), lifetime 82 ms at -40 °C",,,,,,,,FCI,,[Li]C(F)I,,
example1,34,other,tetrahydrofuran,flow microreactor,10.1002/anie.202003831,2020.0,tR1,0.003,,-60,,fluoroiodomethane (1),,"CHLi(I)(F) (iodofluoromethyllithium), lifetime 82 ms at -40 °C",,,,,,,,FCI,,[Li]C(F)I,,
example1,57,other,tetrahydrofuran,flow microreactor,10.1002/anie.202003831,2020.0,tR1,0.01,,-60,,fluoroiodomethane (1),,"CHLi(I)(F) (iodofluoromethyllithium), lifetime 82 ms at -40 °C",,,,,,,,FCI,,[Li]C(F)I,,
example1,73,other,tetrahydrofuran,flow microreactor,10.1002/anie.202003831,2020.0,tR1,0.03,,-60,,fluoroiodomethane (1),,"CHLi(I)(F) (iodofluoromethyllithium), lifetime 82 ms at -40 °C",,,,,,,,FCI,,[Li]C(F)I,,
example1,91,other,tetrahydrofuran,flow microreactor,10.1002/anie.202003831,2020.0,tR1,0.1,,-60,,fluoroiodomethane (1),,"CHLi(I)(F) (iodofluoromethyllithium), lifetime 82 ms at -40 °C",,,,,,,,FCI,,[Li]C(F)I,,
example1,86,other,tetrahydrofuran,flow microreactor,10.1002/anie.202003831,2020.0,tR1,0.316,,-60,,fluoroiodomethane (1),,"CHLi(I)(F) (iodofluoromethyllithium), lifetime 82 ms at -40 °C",,,,,,,,FCI,,[Li]C(F)I,,
example1,81,other,tetrahydrofuran,flow microreactor,10.1002/anie.202003831,2020.0,tR1,1.0,,-60,,fluoroiodomethane (1),,"CHLi(I)(F) (iodofluoromethyllithium), lifetime 82 ms at -40 °C",,,,,,,,FCI,,[Li]C(F)I,,
example1,34,other,tetrahydrofuran,flow microreactor,10.1002/anie.202003831,2020.0,tR1,3.16,,-60,,fluoroiodomethane (1),,"CHLi(I)(F) (iodofluoromethyllithium), lifetime 82 ms at -40 °C",,,,,,,,FCI,,[Li]C(F)I,,
example1,24,other,tetrahydrofuran,flow microreactor,10.1002/anie.202003831,2020.0,tR1,0.003,,-78,,fluoroiodomethane (1),,"CHLi(I)(F) (iodofluoromethyllithium), lifetime 82 ms at -40 °C",,,,,,,,FCI,,[Li]C(F)I,,
example1,35,other,tetrahydrofuran,flow microreactor,10.1002/anie.202003831,2020.0,tR1,0.01,,-78,,fluoroiodomethane (1),,"CHLi(I)(F) (iodofluoromethyllithium), lifetime 82 ms at -40 °C",,,,,,,,FCI,,[Li]C(F)I,,
example1,80,other,tetrahydrofuran,flow microreactor,10.1002/anie.202003831,2020.0,tR1,0.03,,-78,,fluoroiodomethane (1),,"CHLi(I)(F) (iodofluoromethyllithium), lifetime 82 ms at -40 °C",,,,,,,,FCI,,[Li]C(F)I,,
example1,91,other,tetrahydrofuran,flow microreactor,10.1002/anie.202003831,2020.0,tR1,0.1,,-78,,fluoroiodomethane (1),,"CHLi(I)(F) (iodofluoromethyllithium), lifetime 82 ms at -40 °C",,,,,,,,FCI,,[Li]C(F)I,,
example1,99,other,tetrahydrofuran,flow microreactor,10.1002/anie.202003831,2020.0,tR1,0.316,,-78,,fluoroiodomethane (1),,"CHLi(I)(F) (iodofluoromethyllithium), lifetime 82 ms at -40 °C",,,,,,,,FCI,,[Li]C(F)I,,
example1,90,other,tetrahydrofuran,flow microreactor,10.1002/anie.202003831,2020.0,tR1,1.0,,-78,,fluoroiodomethane (1),,"CHLi(I)(F) (iodofluoromethyllithium), lifetime 82 ms at -40 °C",,,,,,,,FCI,,[Li]C(F)I,,
example1,62,other,tetrahydrofuran,flow microreactor,10.1002/anie.202003831,2020.0,tR1,3.16,,-78,,fluoroiodomethane (1),,"CHLi(I)(F) (iodofluoromethyllithium), lifetime 82 ms at -40 °C",,,,,,,,FCI,,[Li]C(F)I,,
Homocoupling of aryl halides in flow- Space integration of lithiation and FeCl-sub-3--sub- promoted homocoupling,67,C-C coupling,tetrahydrofuran,flow microreactor,10.3762/bjoc.7.122,2011.0,tR2,,0.0316,,20,p-bromoanisole,n-BuLi,aryllithium,FeCl3 (oxidative coupling catalyst),synthetic,"4,4'-dimethoxybiphenyl",0.10,0.40,,,COc1ccc(Br)cc1,CCCC[Li],[Li]c1ccccc1,[Fe](Cl)(Cl)Cl,COc1ccc(-c2ccc(OC)cc2)cc1
Homocoupling of aryl halides in flow- Space integration of lithiation and FeCl-sub-3--sub- promoted homocoupling,72,C-C coupling,tetrahydrofuran,flow microreactor,10.3762/bjoc.7.122,2011.0,tR2,,0.1,,20,p-bromoanisole,n-BuLi,aryllithium,FeCl3 (oxidative coupling catalyst),synthetic,"4,4'-dimethoxybiphenyl",0.10,0.40,,,COc1ccc(Br)cc1,CCCC[Li],[Li]c1ccccc1,[Fe](Cl)(Cl)Cl,COc1ccc(-c2ccc(OC)cc2)cc1
Homocoupling of aryl halides in flow- Space integration of lithiation and FeCl-sub-3--sub- promoted homocoupling,72,C-C coupling,tetrahydrofuran,flow microreactor,10.3762/bjoc.7.122,2011.0,tR2,,0.316,,20,p-bromoanisole,n-BuLi,aryllithium,FeCl3 (oxidative coupling catalyst),synthetic,"4,4'-dimethoxybiphenyl",0.10,0.40,,,COc1ccc(Br)cc1,CCCC[Li],[Li]c1ccccc1,[Fe](Cl)(Cl)Cl,COc1ccc(-c2ccc(OC)cc2)cc1
Homocoupling of aryl halides in flow- Space integration of lithiation and FeCl-sub-3--sub- promoted homocoupling,71,C-C coupling,tetrahydrofuran,flow microreactor,10.3762/bjoc.7.122,2011.0,tR2,,3.16,,20,p-bromoanisole,n-BuLi,aryllithium,FeCl3 (oxidative coupling catalyst),synthetic,"4,4'-dimethoxybiphenyl",0.10,0.40,,,COc1ccc(Br)cc1,CCCC[Li],[Li]c1ccccc1,[Fe](Cl)(Cl)Cl,COc1ccc(-c2ccc(OC)cc2)cc1
Homocoupling of aryl halides in flow- Space integration of lithiation and FeCl-sub-3--sub- promoted homocoupling,65,C-C coupling,tetrahydrofuran,flow microreactor,10.3762/bjoc.7.122,2011.0,tR2,,31.6,,20,p-bromoanisole,n-BuLi,aryllithium,FeCl3 (oxidative coupling catalyst),synthetic,"4,4'-dimethoxybiphenyl",0.10,0.40,,,COc1ccc(Br)cc1,CCCC[Li],[Li]c1ccccc1,[Fe](Cl)(Cl)Cl,COc1ccc(-c2ccc(OC)cc2)cc1
Homocoupling of aryl halides in flow- Space integration of lithiation and FeCl-sub-3--sub- promoted homocoupling,61,C-C coupling,tetrahydrofuran,flow microreactor,10.3762/bjoc.7.122,2011.0,tR2,,0.0316,,0,p-bromoanisole,n-BuLi,aryllithium,FeCl3 (oxidative coupling catalyst),synthetic,"4,4'-dimethoxybiphenyl",0.10,0.40,,,COc1ccc(Br)cc1,CCCC[Li],[Li]c1ccccc1,[Fe](Cl)(Cl)Cl,COc1ccc(-c2ccc(OC)cc2)cc1
Homocoupling of aryl halides in flow- Space integration of lithiation and FeCl-sub-3--sub- promoted homocoupling,72,C-C coupling,tetrahydrofuran,flow microreactor,10.3762/bjoc.7.122,2011.0,tR2,,0.1,,0,p-bromoanisole,n-BuLi,aryllithium,FeCl3 (oxidative coupling catalyst),synthetic,"4,4'-dimethoxybiphenyl",0.10,0.40,,,COc1ccc(Br)cc1,CCCC[Li],[Li]c1ccccc1,[Fe](Cl)(Cl)Cl,COc1ccc(-c2ccc(OC)cc2)cc1
Homocoupling of aryl halides in flow- Space integration of lithiation and FeCl-sub-3--sub- promoted homocoupling,73,C-C coupling,tetrahydrofuran,flow microreactor,10.3762/bjoc.7.122,2011.0,tR2,,0.316,,0,p-bromoanisole,n-BuLi,aryllithium,FeCl3 (oxidative coupling catalyst),synthetic,"4,4'-dimethoxybiphenyl",0.10,0.40,,,COc1ccc(Br)cc1,CCCC[Li],[Li]c1ccccc1,[Fe](Cl)(Cl)Cl,COc1ccc(-c2ccc(OC)cc2)cc1
Homocoupling of aryl halides in flow- Space integration of lithiation and FeCl-sub-3--sub- promoted homocoupling,73,C-C coupling,tetrahydrofuran,flow microreactor,10.3762/bjoc.7.122,2011.0,tR2,,3.16,,0,p-bromoanisole,n-BuLi,aryllithium,FeCl3 (oxidative coupling catalyst),synthetic,"4,4'-dimethoxybiphenyl",0.10,0.40,,,COc1ccc(Br)cc1,CCCC[Li],[Li]c1ccccc1,[Fe](Cl)(Cl)Cl,COc1ccc(-c2ccc(OC)cc2)cc1
Homocoupling of aryl halides in flow- Space integration of lithiation and FeCl-sub-3--sub- promoted homocoupling,69,C-C coupling,tetrahydrofuran,flow microreactor,10.3762/bjoc.7.122,2011.0,tR2,,31.6,,0,p-bromoanisole,n-BuLi,aryllithium,FeCl3 (oxidative coupling catalyst),synthetic,"4,4'-dimethoxybiphenyl",0.10,0.40,,,COc1ccc(Br)cc1,CCCC[Li],[Li]c1ccccc1,[Fe](Cl)(Cl)Cl,COc1ccc(-c2ccc(OC)cc2)cc1
Homocoupling of aryl halides in flow- Space integration of lithiation and FeCl-sub-3--sub- promoted homocoupling,53,C-C coupling,tetrahydrofuran,flow microreactor,10.3762/bjoc.7.122,2011.0,tR2,,0.0316,,-30,p-bromoanisole,n-BuLi,aryllithium,FeCl3 (oxidative coupling catalyst),synthetic,"4,4'-dimethoxybiphenyl",0.10,0.40,,,COc1ccc(Br)cc1,CCCC[Li],[Li]c1ccccc1,[Fe](Cl)(Cl)Cl,COc1ccc(-c2ccc(OC)cc2)cc1
Homocoupling of aryl halides in flow- Space integration of lithiation and FeCl-sub-3--sub- promoted homocoupling,63,C-C coupling,tetrahydrofuran,flow microreactor,10.3762/bjoc.7.122,2011.0,tR2,,0.1,,-30,p-bromoanisole,n-BuLi,aryllithium,FeCl3 (oxidative coupling catalyst),synthetic,"4,4'-dimethoxybiphenyl",0.10,0.40,,,COc1ccc(Br)cc1,CCCC[Li],[Li]c1ccccc1,[Fe](Cl)(Cl)Cl,COc1ccc(-c2ccc(OC)cc2)cc1
Homocoupling of aryl halides in flow- Space integration of lithiation and FeCl-sub-3--sub- promoted homocoupling,66,C-C coupling,tetrahydrofuran,flow microreactor,10.3762/bjoc.7.122,2011.0,tR2,,0.316,,-30,p-bromoanisole,n-BuLi,aryllithium,FeCl3 (oxidative coupling catalyst),synthetic,"4,4'-dimethoxybiphenyl",0.10,0.40,,,COc1ccc(Br)cc1,CCCC[Li],[Li]c1ccccc1,[Fe](Cl)(Cl)Cl,COc1ccc(-c2ccc(OC)cc2)cc1
Homocoupling of aryl halides in flow- Space integration of lithiation and FeCl-sub-3--sub- promoted homocoupling,71,C-C coupling,tetrahydrofuran,flow microreactor,10.3762/bjoc.7.122,2011.0,tR2,,3.16,,-30,p-bromoanisole,n-BuLi,aryllithium,FeCl3 (oxidative coupling catalyst),synthetic,"4,4'-dimethoxybiphenyl",0.10,0.40,,,COc1ccc(Br)cc1,CCCC[Li],[Li]c1ccccc1,[Fe](Cl)(Cl)Cl,COc1ccc(-c2ccc(OC)cc2)cc1
Homocoupling of aryl halides in flow- Space integration of lithiation and FeCl-sub-3--sub- promoted homocoupling,69,C-C coupling,tetrahydrofuran,flow microreactor,10.3762/bjoc.7.122,2011.0,tR2,,31.6,,-30,p-bromoanisole,n-BuLi,aryllithium,FeCl3 (oxidative coupling catalyst),synthetic,"4,4'-dimethoxybiphenyl",0.10,0.40,,,COc1ccc(Br)cc1,CCCC[Li],[Li]c1ccccc1,[Fe](Cl)(Cl)Cl,COc1ccc(-c2ccc(OC)cc2)cc1
Homocoupling of aryl halides in flow- Space integration of lithiation and FeCl-sub-3--sub- promoted homocoupling,45,C-C coupling,tetrahydrofuran,flow microreactor,10.3762/bjoc.7.122,2011.0,tR2,,0.0316,,-50,p-bromoanisole,n-BuLi,aryllithium,FeCl3 (oxidative coupling catalyst),synthetic,"4,4'-dimethoxybiphenyl",0.10,0.40,,,COc1ccc(Br)cc1,CCCC[Li],[Li]c1ccccc1,[Fe](Cl)(Cl)Cl,COc1ccc(-c2ccc(OC)cc2)cc1
Homocoupling of aryl halides in flow- Space integration of lithiation and FeCl-sub-3--sub- promoted homocoupling,59,C-C coupling,tetrahydrofuran,flow microreactor,10.3762/bjoc.7.122,2011.0,tR2,,0.1,,-50,p-bromoanisole,n-BuLi,aryllithium,FeCl3 (oxidative coupling catalyst),synthetic,"4,4'-dimethoxybiphenyl",0.10,0.40,,,COc1ccc(Br)cc1,CCCC[Li],[Li]c1ccccc1,[Fe](Cl)(Cl)Cl,COc1ccc(-c2ccc(OC)cc2)cc1
Homocoupling of aryl halides in flow- Space integration of lithiation and FeCl-sub-3--sub- promoted homocoupling,67,C-C coupling,tetrahydrofuran,flow microreactor,10.3762/bjoc.7.122,2011.0,tR2,,0.316,,-50,p-bromoanisole,n-BuLi,aryllithium,FeCl3 (oxidative coupling catalyst),synthetic,"4,4'-dimethoxybiphenyl",0.10,0.40,,,COc1ccc(Br)cc1,CCCC[Li],[Li]c1ccccc1,[Fe](Cl)(Cl)Cl,COc1ccc(-c2ccc(OC)cc2)cc1
Homocoupling of aryl halides in flow- Space integration of lithiation and FeCl-sub-3--sub- promoted homocoupling,74,C-C coupling,tetrahydrofuran,flow microreactor,10.3762/bjoc.7.122,2011.0,tR2,,3.16,,-50,p-bromoanisole,n-BuLi,aryllithium,FeCl3 (oxidative coupling catalyst),synthetic,"4,4'-dimethoxybiphenyl",0.10,0.40,,,COc1ccc(Br)cc1,CCCC[Li],[Li]c1ccccc1,[Fe](Cl)(Cl)Cl,COc1ccc(-c2ccc(OC)cc2)cc1
Homocoupling of aryl halides in flow- Space integration of lithiation and FeCl-sub-3--sub- promoted homocoupling,71,C-C coupling,tetrahydrofuran,flow microreactor,10.3762/bjoc.7.122,2011.0,tR2,,31.6,,-50,p-bromoanisole,n-BuLi,aryllithium,FeCl3 (oxidative coupling catalyst),synthetic,"4,4'-dimethoxybiphenyl",0.10,0.40,,,COc1ccc(Br)cc1,CCCC[Li],[Li]c1ccccc1,[Fe](Cl)(Cl)Cl,COc1ccc(-c2ccc(OC)cc2)cc1
Homocoupling of aryl halides in flow- Space integration of lithiation and FeCl-sub-3--sub- promoted homocoupling,21,C-C coupling,tetrahydrofuran,flow microreactor,10.3762/bjoc.7.122,2011.0,tR2,,0.0316,,-78,p-bromoanisole,n-BuLi,aryllithium,FeCl3 (oxidative coupling catalyst),synthetic,"4,4'-dimethoxybiphenyl",0.10,0.40,,,COc1ccc(Br)cc1,CCCC[Li],[Li]c1ccccc1,[Fe](Cl)(Cl)Cl,COc1ccc(-c2ccc(OC)cc2)cc1
Homocoupling of aryl halides in flow- Space integration of lithiation and FeCl-sub-3--sub- promoted homocoupling,22,C-C coupling,tetrahydrofuran,flow microreactor,10.3762/bjoc.7.122,2011.0,tR2,,0.1,,-78,p-bromoanisole,n-BuLi,aryllithium,FeCl3 (oxidative coupling catalyst),synthetic,"4,4'-dimethoxybiphenyl",0.10,0.40,,,COc1ccc(Br)cc1,CCCC[Li],[Li]c1ccccc1,[Fe](Cl)(Cl)Cl,COc1ccc(-c2ccc(OC)cc2)cc1
Homocoupling of aryl halides in flow- Space integration of lithiation and FeCl-sub-3--sub- promoted homocoupling,23,C-C coupling,tetrahydrofuran,flow microreactor,10.3762/bjoc.7.122,2011.0,tR2,,0.316,,-78,p-bromoanisole,n-BuLi,aryllithium,FeCl3 (oxidative coupling catalyst),synthetic,"4,4'-dimethoxybiphenyl",0.10,0.40,,,COc1ccc(Br)cc1,CCCC[Li],[Li]c1ccccc1,[Fe](Cl)(Cl)Cl,COc1ccc(-c2ccc(OC)cc2)cc1
Homocoupling of aryl halides in flow- Space integration of lithiation and FeCl-sub-3--sub- promoted homocoupling,35,C-C coupling,tetrahydrofuran,flow microreactor,10.3762/bjoc.7.122,2011.0,tR2,,3.16,,-78,p-bromoanisole,n-BuLi,aryllithium,FeCl3 (oxidative coupling catalyst),synthetic,"4,4'-dimethoxybiphenyl",0.10,0.40,,,COc1ccc(Br)cc1,CCCC[Li],[Li]c1ccccc1,[Fe](Cl)(Cl)Cl,COc1ccc(-c2ccc(OC)cc2)cc1
Homocoupling of aryl halides in flow- Space integration of lithiation and FeCl-sub-3--sub- promoted homocoupling,51,C-C coupling,tetrahydrofuran,flow microreactor,10.3762/bjoc.7.122,2011.0,tR2,,31.6,,-78,p-bromoanisole,n-BuLi,aryllithium,FeCl3 (oxidative coupling catalyst),synthetic,"4,4'-dimethoxybiphenyl",0.10,0.40,,,COc1ccc(Br)cc1,CCCC[Li],[Li]c1ccccc1,[Fe](Cl)(Cl)Cl,COc1ccc(-c2ccc(OC)cc2)cc1
Nagaki et al. 2011 - Homocoupling of aryl halides in flow - Space integration of lithiation and FeCl(3) promoted homocoupling,67,C-C coupling,tetrahydrofuran,microreactor,10.3762/bjoc.7.122,2011.0,tR2,,0.0316,,20,p-bromoanisole,n-BuLi,aryllithium,FeCl3 (oxidative coupling catalyst),synthetic,"4,4'-dimethoxybiphenyl",0.10,0.40,,,COc1ccc(Br)cc1,CCCC[Li],[Li]c1ccccc1,[Fe](Cl)(Cl)Cl,COc1ccc(-c2ccc(OC)cc2)cc1
Nagaki et al. 2011 - Homocoupling of aryl halides in flow - Space integration of lithiation and FeCl(3) promoted homocoupling,72,C-C coupling,tetrahydrofuran,microreactor,10.3762/bjoc.7.122,2011.0,tR2,,0.1,,20,p-bromoanisole,n-BuLi,aryllithium,FeCl3 (oxidative coupling catalyst),synthetic,"4,4'-dimethoxybiphenyl",0.10,0.40,,,COc1ccc(Br)cc1,CCCC[Li],[Li]c1ccccc1,[Fe](Cl)(Cl)Cl,COc1ccc(-c2ccc(OC)cc2)cc1
Nagaki et al. 2011 - Homocoupling of aryl halides in flow - Space integration of lithiation and FeCl(3) promoted homocoupling,72,C-C coupling,tetrahydrofuran,microreactor,10.3762/bjoc.7.122,2011.0,tR2,,0.316,,20,p-bromoanisole,n-BuLi,aryllithium,FeCl3 (oxidative coupling catalyst),synthetic,"4,4'-dimethoxybiphenyl",0.10,0.40,,,COc1ccc(Br)cc1,CCCC[Li],[Li]c1ccccc1,[Fe](Cl)(Cl)Cl,COc1ccc(-c2ccc(OC)cc2)cc1
Nagaki et al. 2011 - Homocoupling of aryl halides in flow - Space integration of lithiation and FeCl(3) promoted homocoupling,71,C-C coupling,tetrahydrofuran,microreactor,10.3762/bjoc.7.122,2011.0,tR2,,3.16,,20,p-bromoanisole,n-BuLi,aryllithium,FeCl3 (oxidative coupling catalyst),synthetic,"4,4'-dimethoxybiphenyl",0.10,0.40,,,COc1ccc(Br)cc1,CCCC[Li],[Li]c1ccccc1,[Fe](Cl)(Cl)Cl,COc1ccc(-c2ccc(OC)cc2)cc1
Nagaki et al. 2011 - Homocoupling of aryl halides in flow - Space integration of lithiation and FeCl(3) promoted homocoupling,65,C-C coupling,tetrahydrofuran,microreactor,10.3762/bjoc.7.122,2011.0,tR2,,31.6,,20,p-bromoanisole,n-BuLi,aryllithium,FeCl3 (oxidative coupling catalyst),synthetic,"4,4'-dimethoxybiphenyl",0.10,0.40,,,COc1ccc(Br)cc1,CCCC[Li],[Li]c1ccccc1,[Fe](Cl)(Cl)Cl,COc1ccc(-c2ccc(OC)cc2)cc1
Nagaki et al. 2011 - Homocoupling of aryl halides in flow - Space integration of lithiation and FeCl(3) promoted homocoupling,61,C-C coupling,tetrahydrofuran,microreactor,10.3762/bjoc.7.122,2011.0,tR2,,0.0316,,0,p-bromoanisole,n-BuLi,aryllithium,FeCl3 (oxidative coupling catalyst),synthetic,"4,4'-dimethoxybiphenyl",0.10,0.40,,,COc1ccc(Br)cc1,CCCC[Li],[Li]c1ccccc1,[Fe](Cl)(Cl)Cl,COc1ccc(-c2ccc(OC)cc2)cc1
Nagaki et al. 2011 - Homocoupling of aryl halides in flow - Space integration of lithiation and FeCl(3) promoted homocoupling,72,C-C coupling,tetrahydrofuran,microreactor,10.3762/bjoc.7.122,2011.0,tR2,,0.1,,0,p-bromoanisole,n-BuLi,aryllithium,FeCl3 (oxidative coupling catalyst),synthetic,"4,4'-dimethoxybiphenyl",0.10,0.40,,,COc1ccc(Br)cc1,CCCC[Li],[Li]c1ccccc1,[Fe](Cl)(Cl)Cl,COc1ccc(-c2ccc(OC)cc2)cc1
Nagaki et al. 2011 - Homocoupling of aryl halides in flow - Space integration of lithiation and FeCl(3) promoted homocoupling,73,C-C coupling,tetrahydrofuran,microreactor,10.3762/bjoc.7.122,2011.0,tR2,,0.316,,0,p-bromoanisole,n-BuLi,aryllithium,FeCl3 (oxidative coupling catalyst),synthetic,"4,4'-dimethoxybiphenyl",0.10,0.40,,,COc1ccc(Br)cc1,CCCC[Li],[Li]c1ccccc1,[Fe](Cl)(Cl)Cl,COc1ccc(-c2ccc(OC)cc2)cc1
Nagaki et al. 2011 - Homocoupling of aryl halides in flow - Space integration of lithiation and FeCl(3) promoted homocoupling,73,C-C coupling,tetrahydrofuran,microreactor,10.3762/bjoc.7.122,2011.0,tR2,,3.16,,0,p-bromoanisole,n-BuLi,aryllithium,FeCl3 (oxidative coupling catalyst),synthetic,"4,4'-dimethoxybiphenyl",0.10,0.40,,,COc1ccc(Br)cc1,CCCC[Li],[Li]c1ccccc1,[Fe](Cl)(Cl)Cl,COc1ccc(-c2ccc(OC)cc2)cc1
Nagaki et al. 2011 - Homocoupling of aryl halides in flow - Space integration of lithiation and FeCl(3) promoted homocoupling,69,C-C coupling,tetrahydrofuran,microreactor,10.3762/bjoc.7.122,2011.0,tR2,,31.6,,0,p-bromoanisole,n-BuLi,aryllithium,FeCl3 (oxidative coupling catalyst),synthetic,"4,4'-dimethoxybiphenyl",0.10,0.40,,,COc1ccc(Br)cc1,CCCC[Li],[Li]c1ccccc1,[Fe](Cl)(Cl)Cl,COc1ccc(-c2ccc(OC)cc2)cc1
Nagaki et al. 2011 - Homocoupling of aryl halides in flow - Space integration of lithiation and FeCl(3) promoted homocoupling,53,C-C coupling,tetrahydrofuran,microreactor,10.3762/bjoc.7.122,2011.0,tR2,,0.0316,,-30,p-bromoanisole,n-BuLi,aryllithium,FeCl3 (oxidative coupling catalyst),synthetic,"4,4'-dimethoxybiphenyl",0.10,0.40,,,COc1ccc(Br)cc1,CCCC[Li],[Li]c1ccccc1,[Fe](Cl)(Cl)Cl,COc1ccc(-c2ccc(OC)cc2)cc1
Nagaki et al. 2011 - Homocoupling of aryl halides in flow - Space integration of lithiation and FeCl(3) promoted homocoupling,63,C-C coupling,tetrahydrofuran,microreactor,10.3762/bjoc.7.122,2011.0,tR2,,0.1,,-30,p-bromoanisole,n-BuLi,aryllithium,FeCl3 (oxidative coupling catalyst),synthetic,"4,4'-dimethoxybiphenyl",0.10,0.40,,,COc1ccc(Br)cc1,CCCC[Li],[Li]c1ccccc1,[Fe](Cl)(Cl)Cl,COc1ccc(-c2ccc(OC)cc2)cc1
Nagaki et al. 2011 - Homocoupling of aryl halides in flow - Space integration of lithiation and FeCl(3) promoted homocoupling,66,C-C coupling,tetrahydrofuran,microreactor,10.3762/bjoc.7.122,2011.0,tR2,,0.316,,-30,p-bromoanisole,n-BuLi,aryllithium,FeCl3 (oxidative coupling catalyst),synthetic,"4,4'-dimethoxybiphenyl",0.10,0.40,,,COc1ccc(Br)cc1,CCCC[Li],[Li]c1ccccc1,[Fe](Cl)(Cl)Cl,COc1ccc(-c2ccc(OC)cc2)cc1
Nagaki et al. 2011 - Homocoupling of aryl halides in flow - Space integration of lithiation and FeCl(3) promoted homocoupling,71,C-C coupling,tetrahydrofuran,microreactor,10.3762/bjoc.7.122,2011.0,tR2,,3.16,,-30,p-bromoanisole,n-BuLi,aryllithium,FeCl3 (oxidative coupling catalyst),synthetic,"4,4'-dimethoxybiphenyl",0.10,0.40,,,COc1ccc(Br)cc1,CCCC[Li],[Li]c1ccccc1,[Fe](Cl)(Cl)Cl,COc1ccc(-c2ccc(OC)cc2)cc1
Nagaki et al. 2011 - Homocoupling of aryl halides in flow - Space integration of lithiation and FeCl(3) promoted homocoupling,69,C-C coupling,tetrahydrofuran,microreactor,10.3762/bjoc.7.122,2011.0,tR2,,31.6,,-30,p-bromoanisole,n-BuLi,aryllithium,FeCl3 (oxidative coupling catalyst),synthetic,"4,4'-dimethoxybiphenyl",0.10,0.40,,,COc1ccc(Br)cc1,CCCC[Li],[Li]c1ccccc1,[Fe](Cl)(Cl)Cl,COc1ccc(-c2ccc(OC)cc2)cc1
Nagaki et al. 2011 - Homocoupling of aryl halides in flow - Space integration of lithiation and FeCl(3) promoted homocoupling,45,C-C coupling,tetrahydrofuran,microreactor,10.3762/bjoc.7.122,2011.0,tR2,,0.0316,,-50,p-bromoanisole,n-BuLi,aryllithium,FeCl3 (oxidative coupling catalyst),synthetic,"4,4'-dimethoxybiphenyl",0.10,0.40,,,COc1ccc(Br)cc1,CCCC[Li],[Li]c1ccccc1,[Fe](Cl)(Cl)Cl,COc1ccc(-c2ccc(OC)cc2)cc1
Nagaki et al. 2011 - Homocoupling of aryl halides in flow - Space integration of lithiation and FeCl(3) promoted homocoupling,59,C-C coupling,tetrahydrofuran,microreactor,10.3762/bjoc.7.122,2011.0,tR2,,0.1,,-50,p-bromoanisole,n-BuLi,aryllithium,FeCl3 (oxidative coupling catalyst),synthetic,"4,4'-dimethoxybiphenyl",0.10,0.40,,,COc1ccc(Br)cc1,CCCC[Li],[Li]c1ccccc1,[Fe](Cl)(Cl)Cl,COc1ccc(-c2ccc(OC)cc2)cc1
Nagaki et al. 2011 - Homocoupling of aryl halides in flow - Space integration of lithiation and FeCl(3) promoted homocoupling,67,C-C coupling,tetrahydrofuran,microreactor,10.3762/bjoc.7.122,2011.0,tR2,,0.316,,-50,p-bromoanisole,n-BuLi,aryllithium,FeCl3 (oxidative coupling catalyst),synthetic,"4,4'-dimethoxybiphenyl",0.10,0.40,,,COc1ccc(Br)cc1,CCCC[Li],[Li]c1ccccc1,[Fe](Cl)(Cl)Cl,COc1ccc(-c2ccc(OC)cc2)cc1
Nagaki et al. 2011 - Homocoupling of aryl halides in flow - Space integration of lithiation and FeCl(3) promoted homocoupling,74,C-C coupling,tetrahydrofuran,microreactor,10.3762/bjoc.7.122,2011.0,tR2,,3.16,,-50,p-bromoanisole,n-BuLi,aryllithium,FeCl3 (oxidative coupling catalyst),synthetic,"4,4'-dimethoxybiphenyl",0.10,0.40,,,COc1ccc(Br)cc1,CCCC[Li],[Li]c1ccccc1,[Fe](Cl)(Cl)Cl,COc1ccc(-c2ccc(OC)cc2)cc1
Nagaki et al. 2011 - Homocoupling of aryl halides in flow - Space integration of lithiation and FeCl(3) promoted homocoupling,71,C-C coupling,tetrahydrofuran,microreactor,10.3762/bjoc.7.122,2011.0,tR2,,31.6,,-50,p-bromoanisole,n-BuLi,aryllithium,FeCl3 (oxidative coupling catalyst),synthetic,"4,4'-dimethoxybiphenyl",0.10,0.40,,,COc1ccc(Br)cc1,CCCC[Li],[Li]c1ccccc1,[Fe](Cl)(Cl)Cl,COc1ccc(-c2ccc(OC)cc2)cc1
Nagaki et al. 2011 - Homocoupling of aryl halides in flow - Space integration of lithiation and FeCl(3) promoted homocoupling,21,C-C coupling,tetrahydrofuran,microreactor,10.3762/bjoc.7.122,2011.0,tR2,,0.0316,,-78,p-bromoanisole,n-BuLi,aryllithium,FeCl3 (oxidative coupling catalyst),synthetic,"4,4'-dimethoxybiphenyl",0.10,0.40,,,COc1ccc(Br)cc1,CCCC[Li],[Li]c1ccccc1,[Fe](Cl)(Cl)Cl,COc1ccc(-c2ccc(OC)cc2)cc1
Nagaki et al. 2011 - Homocoupling of aryl halides in flow - Space integration of lithiation and FeCl(3) promoted homocoupling,22,C-C coupling,tetrahydrofuran,microreactor,10.3762/bjoc.7.122,2011.0,tR2,,0.1,,-78,p-bromoanisole,n-BuLi,aryllithium,FeCl3 (oxidative coupling catalyst),synthetic,"4,4'-dimethoxybiphenyl",0.10,0.40,,,COc1ccc(Br)cc1,CCCC[Li],[Li]c1ccccc1,[Fe](Cl)(Cl)Cl,COc1ccc(-c2ccc(OC)cc2)cc1
Nagaki et al. 2011 - Homocoupling of aryl halides in flow - Space integration of lithiation and FeCl(3) promoted homocoupling,23,C-C coupling,tetrahydrofuran,microreactor,10.3762/bjoc.7.122,2011.0,tR2,,0.316,,-78,p-bromoanisole,n-BuLi,aryllithium,FeCl3 (oxidative coupling catalyst),synthetic,"4,4'-dimethoxybiphenyl",0.10,0.40,,,COc1ccc(Br)cc1,CCCC[Li],[Li]c1ccccc1,[Fe](Cl)(Cl)Cl,COc1ccc(-c2ccc(OC)cc2)cc1
Nagaki et al. 2011 - Homocoupling of aryl halides in flow - Space integration of lithiation and FeCl(3) promoted homocoupling,35,C-C coupling,tetrahydrofuran,microreactor,10.3762/bjoc.7.122,2011.0,tR2,,3.16,,-78,p-bromoanisole,n-BuLi,aryllithium,FeCl3 (oxidative coupling catalyst),synthetic,"4,4'-dimethoxybiphenyl",0.10,0.40,,,COc1ccc(Br)cc1,CCCC[Li],[Li]c1ccccc1,[Fe](Cl)(Cl)Cl,COc1ccc(-c2ccc(OC)cc2)cc1
Nagaki et al. 2011 - Homocoupling of aryl halides in flow - Space integration of lithiation and FeCl(3) promoted homocoupling,51,C-C coupling,tetrahydrofuran,microreactor,10.3762/bjoc.7.122,2011.0,tR2,,31.6,,-78,p-bromoanisole,n-BuLi,aryllithium,FeCl3 (oxidative coupling catalyst),synthetic,"4,4'-dimethoxybiphenyl",0.10,0.40,,,COc1ccc(Br)cc1,CCCC[Li],[Li]c1ccccc1,[Fe](Cl)(Cl)Cl,COc1ccc(-c2ccc(OC)cc2)cc1
Asai et al. 2012 - Practical synthesis of photochromic diarylethenes in integrated flow microreactor systems,0,halogen-metal exchange,tetrahydrofuran,flow microreactor,10.1002/cssc.201100376,2012.0,tR2,,0.0316,,20,Cc1sc(-c2ccccc2)nc1Br,n-BuLi,heteroaryllithium,octafluorocyclopentene,synthetic,Cc1sc(-c2ccccc2)nc1C1=C(c2c(C)sc(-c3ccccc3)c2C)C(F)(F)C(F)(F)C1(F)F,0.10,0.42,1.05,0.15,Cc1sc(-c2ccccc2)nc1Br,CCCC[Li],Cc1sc(-c2ccccc2)nc1[Li],FC1=C(F)C(F)(F)C(F)(F)C1(F)F,Cc1sc(-c2ccccc2)nc1C1=C(c2c(C)sc(-c3ccccc3)c2C)C(F)(F)C(F)(F)C1(F)F
Asai et al. 2012 - Practical synthesis of photochromic diarylethenes in integrated flow microreactor systems,6,halogen-metal exchange,tetrahydrofuran,flow microreactor,10.1002/cssc.201100376,2012.0,tR2,,0.1,,20,Cc1sc(-c2ccccc2)nc1Br,n-BuLi,heteroaryllithium,octafluorocyclopentene,synthetic,Cc1sc(-c2ccccc2)nc1C1=C(c2c(C)sc(-c3ccccc3)c2C)C(F)(F)C(F)(F)C1(F)F,0.10,0.42,1.05,0.15,Cc1sc(-c2ccccc2)nc1Br,CCCC[Li],Cc1sc(-c2ccccc2)nc1[Li],FC1=C(F)C(F)(F)C(F)(F)C1(F)F,Cc1sc(-c2ccccc2)nc1C1=C(c2c(C)sc(-c3ccccc3)c2C)C(F)(F)C(F)(F)C1(F)F
Asai et al. 2012 - Practical synthesis of photochromic diarylethenes in integrated flow microreactor systems,18,halogen-metal exchange,tetrahydrofuran,flow microreactor,10.1002/cssc.201100376,2012.0,tR2,,0.316,,20,Cc1sc(-c2ccccc2)nc1Br,n-BuLi,heteroaryllithium,octafluorocyclopentene,synthetic,Cc1sc(-c2ccccc2)nc1C1=C(c2c(C)sc(-c3ccccc3)c2C)C(F)(F)C(F)(F)C1(F)F,0.10,0.42,1.05,0.15,Cc1sc(-c2ccccc2)nc1Br,CCCC[Li],Cc1sc(-c2ccccc2)nc1[Li],FC1=C(F)C(F)(F)C(F)(F)C1(F)F,Cc1sc(-c2ccccc2)nc1C1=C(c2c(C)sc(-c3ccccc3)c2C)C(F)(F)C(F)(F)C1(F)F
Asai et al. 2012 - Practical synthesis of photochromic diarylethenes in integrated flow microreactor systems,43,halogen-metal exchange,tetrahydrofuran,flow microreactor,10.1002/cssc.201100376,2012.0,tR2,,1.0,,20,Cc1sc(-c2ccccc2)nc1Br,n-BuLi,heteroaryllithium,octafluorocyclopentene,synthetic,Cc1sc(-c2ccccc2)nc1C1=C(c2c(C)sc(-c3ccccc3)c2C)C(F)(F)C(F)(F)C1(F)F,0.10,0.42,1.05,0.15,Cc1sc(-c2ccccc2)nc1Br,CCCC[Li],Cc1sc(-c2ccccc2)nc1[Li],FC1=C(F)C(F)(F)C(F)(F)C1(F)F,Cc1sc(-c2ccccc2)nc1C1=C(c2c(C)sc(-c3ccccc3)c2C)C(F)(F)C(F)(F)C1(F)F
Asai et al. 2012 - Practical synthesis of photochromic diarylethenes in integrated flow microreactor systems,68,halogen-metal exchange,tetrahydrofuran,flow microreactor,10.1002/cssc.201100376,2012.0,tR2,,3.16,,20,Cc1sc(-c2ccccc2)nc1Br,n-BuLi,heteroaryllithium,octafluorocyclopentene,synthetic,Cc1sc(-c2ccccc2)nc1C1=C(c2c(C)sc(-c3ccccc3)c2C)C(F)(F)C(F)(F)C1(F)F,0.10,0.42,1.05,0.15,Cc1sc(-c2ccccc2)nc1Br,CCCC[Li],Cc1sc(-c2ccccc2)nc1[Li],FC1=C(F)C(F)(F)C(F)(F)C1(F)F,Cc1sc(-c2ccccc2)nc1C1=C(c2c(C)sc(-c3ccccc3)c2C)C(F)(F)C(F)(F)C1(F)F
Asai et al. 2012 - Practical synthesis of photochromic diarylethenes in integrated flow microreactor systems,75,halogen-metal exchange,tetrahydrofuran,flow microreactor,10.1002/cssc.201100376,2012.0,tR2,,10.0,,20,Cc1sc(-c2ccccc2)nc1Br,n-BuLi,heteroaryllithium,octafluorocyclopentene,synthetic,Cc1sc(-c2ccccc2)nc1C1=C(c2c(C)sc(-c3ccccc3)c2C)C(F)(F)C(F)(F)C1(F)F,0.10,0.42,1.05,0.15,Cc1sc(-c2ccccc2)nc1Br,CCCC[Li],Cc1sc(-c2ccccc2)nc1[Li],FC1=C(F)C(F)(F)C(F)(F)C1(F)F,Cc1sc(-c2ccccc2)nc1C1=C(c2c(C)sc(-c3ccccc3)c2C)C(F)(F)C(F)(F)C1(F)F
Asai et al. 2012 - Practical synthesis of photochromic diarylethenes in integrated flow microreactor systems,0,halogen-metal exchange,tetrahydrofuran,flow microreactor,10.1002/cssc.201100376,2012.0,tR2,,0.0316,,0,Cc1sc(-c2ccccc2)nc1Br,n-BuLi,heteroaryllithium,octafluorocyclopentene,synthetic,Cc1sc(-c2ccccc2)nc1C1=C(c2c(C)sc(-c3ccccc3)c2C)C(F)(F)C(F)(F)C1(F)F,0.10,0.42,1.05,0.15,Cc1sc(-c2ccccc2)nc1Br,CCCC[Li],Cc1sc(-c2ccccc2)nc1[Li],FC1=C(F)C(F)(F)C(F)(F)C1(F)F,Cc1sc(-c2ccccc2)nc1C1=C(c2c(C)sc(-c3ccccc3)c2C)C(F)(F)C(F)(F)C1(F)F
Asai et al. 2012 - Practical synthesis of photochromic diarylethenes in integrated flow microreactor systems,9,halogen-metal exchange,tetrahydrofuran,flow microreactor,10.1002/cssc.201100376,2012.0,tR2,,0.1,,0,Cc1sc(-c2ccccc2)nc1Br,n-BuLi,heteroaryllithium,octafluorocyclopentene,synthetic,Cc1sc(-c2ccccc2)nc1C1=C(c2c(C)sc(-c3ccccc3)c2C)C(F)(F)C(F)(F)C1(F)F,0.10,0.42,1.05,0.15,Cc1sc(-c2ccccc2)nc1Br,CCCC[Li],Cc1sc(-c2ccccc2)nc1[Li],FC1=C(F)C(F)(F)C(F)(F)C1(F)F,Cc1sc(-c2ccccc2)nc1C1=C(c2c(C)sc(-c3ccccc3)c2C)C(F)(F)C(F)(F)C1(F)F
Asai et al. 2012 - Practical synthesis of photochromic diarylethenes in integrated flow microreactor systems,10,halogen-metal exchange,tetrahydrofuran,flow microreactor,10.1002/cssc.201100376,2012.0,tR2,,0.316,,0,Cc1sc(-c2ccccc2)nc1Br,n-BuLi,heteroaryllithium,octafluorocyclopentene,synthetic,Cc1sc(-c2ccccc2)nc1C1=C(c2c(C)sc(-c3ccccc3)c2C)C(F)(F)C(F)(F)C1(F)F,0.10,0.42,1.05,0.15,Cc1sc(-c2ccccc2)nc1Br,CCCC[Li],Cc1sc(-c2ccccc2)nc1[Li],FC1=C(F)C(F)(F)C(F)(F)C1(F)F,Cc1sc(-c2ccccc2)nc1C1=C(c2c(C)sc(-c3ccccc3)c2C)C(F)(F)C(F)(F)C1(F)F
Asai et al. 2012 - Practical synthesis of photochromic diarylethenes in integrated flow microreactor systems,28,halogen-metal exchange,tetrahydrofuran,flow microreactor,10.1002/cssc.201100376,2012.0,tR2,,1.0,,0,Cc1sc(-c2ccccc2)nc1Br,n-BuLi,heteroaryllithium,octafluorocyclopentene,synthetic,Cc1sc(-c2ccccc2)nc1C1=C(c2c(C)sc(-c3ccccc3)c2C)C(F)(F)C(F)(F)C1(F)F,0.10,0.42,1.05,0.15,Cc1sc(-c2ccccc2)nc1Br,CCCC[Li],Cc1sc(-c2ccccc2)nc1[Li],FC1=C(F)C(F)(F)C(F)(F)C1(F)F,Cc1sc(-c2ccccc2)nc1C1=C(c2c(C)sc(-c3ccccc3)c2C)C(F)(F)C(F)(F)C1(F)F
Asai et al. 2012 - Practical synthesis of photochromic diarylethenes in integrated flow microreactor systems,59,halogen-metal exchange,tetrahydrofuran,flow microreactor,10.1002/cssc.201100376,2012.0,tR2,,3.16,,0,Cc1sc(-c2ccccc2)nc1Br,n-BuLi,heteroaryllithium,octafluorocyclopentene,synthetic,Cc1sc(-c2ccccc2)nc1C1=C(c2c(C)sc(-c3ccccc3)c2C)C(F)(F)C(F)(F)C1(F)F,0.10,0.42,1.05,0.15,Cc1sc(-c2ccccc2)nc1Br,CCCC[Li],Cc1sc(-c2ccccc2)nc1[Li],FC1=C(F)C(F)(F)C(F)(F)C1(F)F,Cc1sc(-c2ccccc2)nc1C1=C(c2c(C)sc(-c3ccccc3)c2C)C(F)(F)C(F)(F)C1(F)F
Asai et al. 2012 - Practical synthesis of photochromic diarylethenes in integrated flow microreactor systems,75,halogen-metal exchange,tetrahydrofuran,flow microreactor,10.1002/cssc.201100376,2012.0,tR2,,10.0,,0,Cc1sc(-c2ccccc2)nc1Br,n-BuLi,heteroaryllithium,octafluorocyclopentene,synthetic,Cc1sc(-c2ccccc2)nc1C1=C(c2c(C)sc(-c3ccccc3)c2C)C(F)(F)C(F)(F)C1(F)F,0.10,0.42,1.05,0.15,Cc1sc(-c2ccccc2)nc1Br,CCCC[Li],Cc1sc(-c2ccccc2)nc1[Li],FC1=C(F)C(F)(F)C(F)(F)C1(F)F,Cc1sc(-c2ccccc2)nc1C1=C(c2c(C)sc(-c3ccccc3)c2C)C(F)(F)C(F)(F)C1(F)F
Asai et al. 2012 - Practical synthesis of photochromic diarylethenes in integrated flow microreactor systems,0,halogen-metal exchange,tetrahydrofuran,flow microreactor,10.1002/cssc.201100376,2012.0,tR2,,0.0316,,-20,Cc1sc(-c2ccccc2)nc1Br,n-BuLi,heteroaryllithium,octafluorocyclopentene,synthetic,Cc1sc(-c2ccccc2)nc1C1=C(c2c(C)sc(-c3ccccc3)c2C)C(F)(F)C(F)(F)C1(F)F,0.10,0.42,1.05,0.15,Cc1sc(-c2ccccc2)nc1Br,CCCC[Li],Cc1sc(-c2ccccc2)nc1[Li],FC1=C(F)C(F)(F)C(F)(F)C1(F)F,Cc1sc(-c2ccccc2)nc1C1=C(c2c(C)sc(-c3ccccc3)c2C)C(F)(F)C(F)(F)C1(F)F
Asai et al. 2012 - Practical synthesis of photochromic diarylethenes in integrated flow microreactor systems,0,halogen-metal exchange,tetrahydrofuran,flow microreactor,10.1002/cssc.201100376,2012.0,tR2,,0.1,,-20,Cc1sc(-c2ccccc2)nc1Br,n-BuLi,heteroaryllithium,octafluorocyclopentene,synthetic,Cc1sc(-c2ccccc2)nc1C1=C(c2c(C)sc(-c3ccccc3)c2C)C(F)(F)C(F)(F)C1(F)F,0.10,0.42,1.05,0.15,Cc1sc(-c2ccccc2)nc1Br,CCCC[Li],Cc1sc(-c2ccccc2)nc1[Li],FC1=C(F)C(F)(F)C(F)(F)C1(F)F,Cc1sc(-c2ccccc2)nc1C1=C(c2c(C)sc(-c3ccccc3)c2C)C(F)(F)C(F)(F)C1(F)F
Asai et al. 2012 - Practical synthesis of photochromic diarylethenes in integrated flow microreactor systems,4,halogen-metal exchange,tetrahydrofuran,flow microreactor,10.1002/cssc.201100376,2012.0,tR2,,0.316,,-20,Cc1sc(-c2ccccc2)nc1Br,n-BuLi,heteroaryllithium,octafluorocyclopentene,synthetic,Cc1sc(-c2ccccc2)nc1C1=C(c2c(C)sc(-c3ccccc3)c2C)C(F)(F)C(F)(F)C1(F)F,0.10,0.42,1.05,0.15,Cc1sc(-c2ccccc2)nc1Br,CCCC[Li],Cc1sc(-c2ccccc2)nc1[Li],FC1=C(F)C(F)(F)C(F)(F)C1(F)F,Cc1sc(-c2ccccc2)nc1C1=C(c2c(C)sc(-c3ccccc3)c2C)C(F)(F)C(F)(F)C1(F)F
Asai et al. 2012 - Practical synthesis of photochromic diarylethenes in integrated flow microreactor systems,12,halogen-metal exchange,tetrahydrofuran,flow microreactor,10.1002/cssc.201100376,2012.0,tR2,,1.0,,-20,Cc1sc(-c2ccccc2)nc1Br,n-BuLi,heteroaryllithium,octafluorocyclopentene,synthetic,Cc1sc(-c2ccccc2)nc1C1=C(c2c(C)sc(-c3ccccc3)c2C)C(F)(F)C(F)(F)C1(F)F,0.10,0.42,1.05,0.15,Cc1sc(-c2ccccc2)nc1Br,CCCC[Li],Cc1sc(-c2ccccc2)nc1[Li],FC1=C(F)C(F)(F)C(F)(F)C1(F)F,Cc1sc(-c2ccccc2)nc1C1=C(c2c(C)sc(-c3ccccc3)c2C)C(F)(F)C(F)(F)C1(F)F
Asai et al. 2012 - Practical synthesis of photochromic diarylethenes in integrated flow microreactor systems,33,halogen-metal exchange,tetrahydrofuran,flow microreactor,10.1002/cssc.201100376,2012.0,tR2,,3.16,,-20,Cc1sc(-c2ccccc2)nc1Br,n-BuLi,heteroaryllithium,octafluorocyclopentene,synthetic,Cc1sc(-c2ccccc2)nc1C1=C(c2c(C)sc(-c3ccccc3)c2C)C(F)(F)C(F)(F)C1(F)F,0.10,0.42,1.05,0.15,Cc1sc(-c2ccccc2)nc1Br,CCCC[Li],Cc1sc(-c2ccccc2)nc1[Li],FC1=C(F)C(F)(F)C(F)(F)C1(F)F,Cc1sc(-c2ccccc2)nc1C1=C(c2c(C)sc(-c3ccccc3)c2C)C(F)(F)C(F)(F)C1(F)F
Asai et al. 2012 - Practical synthesis of photochromic diarylethenes in integrated flow microreactor systems,60,halogen-metal exchange,tetrahydrofuran,flow microreactor,10.1002/cssc.201100376,2012.0,tR2,,10.0,,-20,Cc1sc(-c2ccccc2)nc1Br,n-BuLi,heteroaryllithium,octafluorocyclopentene,synthetic,Cc1sc(-c2ccccc2)nc1C1=C(c2c(C)sc(-c3ccccc3)c2C)C(F)(F)C(F)(F)C1(F)F,0.10,0.42,1.05,0.15,Cc1sc(-c2ccccc2)nc1Br,CCCC[Li],Cc1sc(-c2ccccc2)nc1[Li],FC1=C(F)C(F)(F)C(F)(F)C1(F)F,Cc1sc(-c2ccccc2)nc1C1=C(c2c(C)sc(-c3ccccc3)c2C)C(F)(F)C(F)(F)C1(F)F
Asai et al. 2012 - Practical synthesis of photochromic diarylethenes in integrated flow microreactor systems,0,halogen-metal exchange,tetrahydrofuran,flow microreactor,10.1002/cssc.201100376,2012.0,tR2,,0.0316,,-40,Cc1sc(-c2ccccc2)nc1Br,n-BuLi,heteroaryllithium,octafluorocyclopentene,synthetic,Cc1sc(-c2ccccc2)nc1C1=C(c2c(C)sc(-c3ccccc3)c2C)C(F)(F)C(F)(F)C1(F)F,0.10,0.42,1.05,0.15,Cc1sc(-c2ccccc2)nc1Br,CCCC[Li],Cc1sc(-c2ccccc2)nc1[Li],FC1=C(F)C(F)(F)C(F)(F)C1(F)F,Cc1sc(-c2ccccc2)nc1C1=C(c2c(C)sc(-c3ccccc3)c2C)C(F)(F)C(F)(F)C1(F)F
Asai et al. 2012 - Practical synthesis of photochromic diarylethenes in integrated flow microreactor systems,0,halogen-metal exchange,tetrahydrofuran,flow microreactor,10.1002/cssc.201100376,2012.0,tR2,,0.1,,-40,Cc1sc(-c2ccccc2)nc1Br,n-BuLi,heteroaryllithium,octafluorocyclopentene,synthetic,Cc1sc(-c2ccccc2)nc1C1=C(c2c(C)sc(-c3ccccc3)c2C)C(F)(F)C(F)(F)C1(F)F,0.10,0.42,1.05,0.15,Cc1sc(-c2ccccc2)nc1Br,CCCC[Li],Cc1sc(-c2ccccc2)nc1[Li],FC1=C(F)C(F)(F)C(F)(F)C1(F)F,Cc1sc(-c2ccccc2)nc1C1=C(c2c(C)sc(-c3ccccc3)c2C)C(F)(F)C(F)(F)C1(F)F
Asai et al. 2012 - Practical synthesis of photochromic diarylethenes in integrated flow microreactor systems,0,halogen-metal exchange,tetrahydrofuran,flow microreactor,10.1002/cssc.201100376,2012.0,tR2,,0.316,,-40,Cc1sc(-c2ccccc2)nc1Br,n-BuLi,heteroaryllithium,octafluorocyclopentene,synthetic,Cc1sc(-c2ccccc2)nc1C1=C(c2c(C)sc(-c3ccccc3)c2C)C(F)(F)C(F)(F)C1(F)F,0.10,0.42,1.05,0.15,Cc1sc(-c2ccccc2)nc1Br,CCCC[Li],Cc1sc(-c2ccccc2)nc1[Li],FC1=C(F)C(F)(F)C(F)(F)C1(F)F,Cc1sc(-c2ccccc2)nc1C1=C(c2c(C)sc(-c3ccccc3)c2C)C(F)(F)C(F)(F)C1(F)F
Asai et al. 2012 - Practical synthesis of photochromic diarylethenes in integrated flow microreactor systems,4,halogen-metal exchange,tetrahydrofuran,flow microreactor,10.1002/cssc.201100376,2012.0,tR2,,1.0,,-40,Cc1sc(-c2ccccc2)nc1Br,n-BuLi,heteroaryllithium,octafluorocyclopentene,synthetic,Cc1sc(-c2ccccc2)nc1C1=C(c2c(C)sc(-c3ccccc3)c2C)C(F)(F)C(F)(F)C1(F)F,0.10,0.42,1.05,0.15,Cc1sc(-c2ccccc2)nc1Br,CCCC[Li],Cc1sc(-c2ccccc2)nc1[Li],FC1=C(F)C(F)(F)C(F)(F)C1(F)F,Cc1sc(-c2ccccc2)nc1C1=C(c2c(C)sc(-c3ccccc3)c2C)C(F)(F)C(F)(F)C1(F)F
Asai et al. 2012 - Practical synthesis of photochromic diarylethenes in integrated flow microreactor systems,15,halogen-metal exchange,tetrahydrofuran,flow microreactor,10.1002/cssc.201100376,2012.0,tR2,,3.16,,-40,Cc1sc(-c2ccccc2)nc1Br,n-BuLi,heteroaryllithium,octafluorocyclopentene,synthetic,Cc1sc(-c2ccccc2)nc1C1=C(c2c(C)sc(-c3ccccc3)c2C)C(F)(F)C(F)(F)C1(F)F,0.10,0.42,1.05,0.15,Cc1sc(-c2ccccc2)nc1Br,CCCC[Li],Cc1sc(-c2ccccc2)nc1[Li],FC1=C(F)C(F)(F)C(F)(F)C1(F)F,Cc1sc(-c2ccccc2)nc1C1=C(c2c(C)sc(-c3ccccc3)c2C)C(F)(F)C(F)(F)C1(F)F
Asai et al. 2012 - Practical synthesis of photochromic diarylethenes in integrated flow microreactor systems,38,halogen-metal exchange,tetrahydrofuran,flow microreactor,10.1002/cssc.201100376,2012.0,tR2,,10.0,,-40,Cc1sc(-c2ccccc2)nc1Br,n-BuLi,heteroaryllithium,octafluorocyclopentene,synthetic,Cc1sc(-c2ccccc2)nc1C1=C(c2c(C)sc(-c3ccccc3)c2C)C(F)(F)C(F)(F)C1(F)F,0.10,0.42,1.05,0.15,Cc1sc(-c2ccccc2)nc1Br,CCCC[Li],Cc1sc(-c2ccccc2)nc1[Li],FC1=C(F)C(F)(F)C(F)(F)C1(F)F,Cc1sc(-c2ccccc2)nc1C1=C(c2c(C)sc(-c3ccccc3)c2C)C(F)(F)C(F)(F)C1(F)F
Asai et al. 2012 - Practical synthesis of photochromic diarylethenes in integrated flow microreactor systems,0,halogen-metal exchange,tetrahydrofuran,flow microreactor,10.1002/cssc.201100376,2012.0,tR2,,0.0316,,20,Cc1sc(-c2ccccc2)nc1Br,n-BuLi,heteroaryllithium,octafluorocyclopentene,synthetic,Cc1sc(-c2ccccc2)nc1C1=C(c2c(C)sc(-c3ccccc3)c2C)C(F)(F)C(F)(F)C1(F)F,0.10,0.42,1.05,0.15,Cc1sc(-c2ccccc2)nc1Br,CCCC[Li],Cc1sc(-c2ccccc2)nc1[Li],FC1=C(F)C(F)(F)C(F)(F)C1(F)F,Cc1sc(-c2ccccc2)nc1C1=C(c2c(C)sc(-c3ccccc3)c2C)C(F)(F)C(F)(F)C1(F)F
Asai et al. 2012 - Practical synthesis of photochromic diarylethenes in integrated flow microreactor systems,0,halogen-metal exchange,tetrahydrofuran,flow microreactor,10.1002/cssc.201100376,2012.0,tR2,,0.1,,20,Cc1sc(-c2ccccc2)nc1Br,n-BuLi,heteroaryllithium,octafluorocyclopentene,synthetic,Cc1sc(-c2ccccc2)nc1C1=C(c2c(C)sc(-c3ccccc3)c2C)C(F)(F)C(F)(F)C1(F)F,0.10,0.42,1.05,0.15,Cc1sc(-c2ccccc2)nc1Br,CCCC[Li],Cc1sc(-c2ccccc2)nc1[Li],FC1=C(F)C(F)(F)C(F)(F)C1(F)F,Cc1sc(-c2ccccc2)nc1C1=C(c2c(C)sc(-c3ccccc3)c2C)C(F)(F)C(F)(F)C1(F)F
Asai et al. 2012 - Practical synthesis of photochromic diarylethenes in integrated flow microreactor systems,2,halogen-metal exchange,tetrahydrofuran,flow microreactor,10.1002/cssc.201100376,2012.0,tR2,,0.316,,20,Cc1sc(-c2ccccc2)nc1Br,n-BuLi,heteroaryllithium,octafluorocyclopentene,synthetic,Cc1sc(-c2ccccc2)nc1C1=C(c2c(C)sc(-c3ccccc3)c2C)C(F)(F)C(F)(F)C1(F)F,0.10,0.42,1.05,0.15,Cc1sc(-c2ccccc2)nc1Br,CCCC[Li],Cc1sc(-c2ccccc2)nc1[Li],FC1=C(F)C(F)(F)C(F)(F)C1(F)F,Cc1sc(-c2ccccc2)nc1C1=C(c2c(C)sc(-c3ccccc3)c2C)C(F)(F)C(F)(F)C1(F)F
Asai et al. 2012 - Practical synthesis of photochromic diarylethenes in integrated flow microreactor systems,21,halogen-metal exchange,tetrahydrofuran,flow microreactor,10.1002/cssc.201100376,2012.0,tR2,,1.0,,20,Cc1sc(-c2ccccc2)nc1Br,n-BuLi,heteroaryllithium,octafluorocyclopentene,synthetic,Cc1sc(-c2ccccc2)nc1C1=C(c2c(C)sc(-c3ccccc3)c2C)C(F)(F)C(F)(F)C1(F)F,0.10,0.42,1.05,0.15,Cc1sc(-c2ccccc2)nc1Br,CCCC[Li],Cc1sc(-c2ccccc2)nc1[Li],FC1=C(F)C(F)(F)C(F)(F)C1(F)F,Cc1sc(-c2ccccc2)nc1C1=C(c2c(C)sc(-c3ccccc3)c2C)C(F)(F)C(F)(F)C1(F)F
Asai et al. 2012 - Practical synthesis of photochromic diarylethenes in integrated flow microreactor systems,59,halogen-metal exchange,tetrahydrofuran,flow microreactor,10.1002/cssc.201100376,2012.0,tR2,,3.16,,20,Cc1sc(-c2ccccc2)nc1Br,n-BuLi,heteroaryllithium,octafluorocyclopentene,synthetic,Cc1sc(-c2ccccc2)nc1C1=C(c2c(C)sc(-c3ccccc3)c2C)C(F)(F)C(F)(F)C1(F)F,0.10,0.42,1.05,0.15,Cc1sc(-c2ccccc2)nc1Br,CCCC[Li],Cc1sc(-c2ccccc2)nc1[Li],FC1=C(F)C(F)(F)C(F)(F)C1(F)F,Cc1sc(-c2ccccc2)nc1C1=C(c2c(C)sc(-c3ccccc3)c2C)C(F)(F)C(F)(F)C1(F)F
Asai et al. 2012 - Practical synthesis of photochromic diarylethenes in integrated flow microreactor systems,67,halogen-metal exchange,tetrahydrofuran,flow microreactor,10.1002/cssc.201100376,2012.0,tR2,,10.0,,20,Cc1sc(-c2ccccc2)nc1Br,n-BuLi,heteroaryllithium,octafluorocyclopentene,synthetic,Cc1sc(-c2ccccc2)nc1C1=C(c2c(C)sc(-c3ccccc3)c2C)C(F)(F)C(F)(F)C1(F)F,0.10,0.42,1.05,0.15,Cc1sc(-c2ccccc2)nc1Br,CCCC[Li],Cc1sc(-c2ccccc2)nc1[Li],FC1=C(F)C(F)(F)C(F)(F)C1(F)F,Cc1sc(-c2ccccc2)nc1C1=C(c2c(C)sc(-c3ccccc3)c2C)C(F)(F)C(F)(F)C1(F)F
Asai et al. 2012 - Practical synthesis of photochromic diarylethenes in integrated flow microreactor systems,0,halogen-metal exchange,tetrahydrofuran,flow microreactor,10.1002/cssc.201100376,2012.0,tR2,,0.0316,,0,Cc1sc(-c2ccccc2)nc1Br,n-BuLi,heteroaryllithium,octafluorocyclopentene,synthetic,Cc1sc(-c2ccccc2)nc1C1=C(c2c(C)sc(-c3ccccc3)c2C)C(F)(F)C(F)(F)C1(F)F,0.10,0.42,1.05,0.15,Cc1sc(-c2ccccc2)nc1Br,CCCC[Li],Cc1sc(-c2ccccc2)nc1[Li],FC1=C(F)C(F)(F)C(F)(F)C1(F)F,Cc1sc(-c2ccccc2)nc1C1=C(c2c(C)sc(-c3ccccc3)c2C)C(F)(F)C(F)(F)C1(F)F
Asai et al. 2012 - Practical synthesis of photochromic diarylethenes in integrated flow microreactor systems,0,halogen-metal exchange,tetrahydrofuran,flow microreactor,10.1002/cssc.201100376,2012.0,tR2,,0.1,,0,Cc1sc(-c2ccccc2)nc1Br,n-BuLi,heteroaryllithium,octafluorocyclopentene,synthetic,Cc1sc(-c2ccccc2)nc1C1=C(c2c(C)sc(-c3ccccc3)c2C)C(F)(F)C(F)(F)C1(F)F,0.10,0.42,1.05,0.15,Cc1sc(-c2ccccc2)nc1Br,CCCC[Li],Cc1sc(-c2ccccc2)nc1[Li],FC1=C(F)C(F)(F)C(F)(F)C1(F)F,Cc1sc(-c2ccccc2)nc1C1=C(c2c(C)sc(-c3ccccc3)c2C)C(F)(F)C(F)(F)C1(F)F
Asai et al. 2012 - Practical synthesis of photochromic diarylethenes in integrated flow microreactor systems,0,halogen-metal exchange,tetrahydrofuran,flow microreactor,10.1002/cssc.201100376,2012.0,tR2,,0.316,,0,Cc1sc(-c2ccccc2)nc1Br,n-BuLi,heteroaryllithium,octafluorocyclopentene,synthetic,Cc1sc(-c2ccccc2)nc1C1=C(c2c(C)sc(-c3ccccc3)c2C)C(F)(F)C(F)(F)C1(F)F,0.10,0.42,1.05,0.15,Cc1sc(-c2ccccc2)nc1Br,CCCC[Li],Cc1sc(-c2ccccc2)nc1[Li],FC1=C(F)C(F)(F)C(F)(F)C1(F)F,Cc1sc(-c2ccccc2)nc1C1=C(c2c(C)sc(-c3ccccc3)c2C)C(F)(F)C(F)(F)C1(F)F
Asai et al. 2012 - Practical synthesis of photochromic diarylethenes in integrated flow microreactor systems,1,halogen-metal exchange,tetrahydrofuran,flow microreactor,10.1002/cssc.201100376,2012.0,tR2,,1.0,,0,Cc1sc(-c2ccccc2)nc1Br,n-BuLi,heteroaryllithium,octafluorocyclopentene,synthetic,Cc1sc(-c2ccccc2)nc1C1=C(c2c(C)sc(-c3ccccc3)c2C)C(F)(F)C(F)(F)C1(F)F,0.10,0.42,1.05,0.15,Cc1sc(-c2ccccc2)nc1Br,CCCC[Li],Cc1sc(-c2ccccc2)nc1[Li],FC1=C(F)C(F)(F)C(F)(F)C1(F)F,Cc1sc(-c2ccccc2)nc1C1=C(c2c(C)sc(-c3ccccc3)c2C)C(F)(F)C(F)(F)C1(F)F
Asai et al. 2012 - Practical synthesis of photochromic diarylethenes in integrated flow microreactor systems,12,halogen-metal exchange,tetrahydrofuran,flow microreactor,10.1002/cssc.201100376,2012.0,tR2,,3.16,,0,Cc1sc(-c2ccccc2)nc1Br,n-BuLi,heteroaryllithium,octafluorocyclopentene,synthetic,Cc1sc(-c2ccccc2)nc1C1=C(c2c(C)sc(-c3ccccc3)c2C)C(F)(F)C(F)(F)C1(F)F,0.10,0.42,1.05,0.15,Cc1sc(-c2ccccc2)nc1Br,CCCC[Li],Cc1sc(-c2ccccc2)nc1[Li],FC1=C(F)C(F)(F)C(F)(F)C1(F)F,Cc1sc(-c2ccccc2)nc1C1=C(c2c(C)sc(-c3ccccc3)c2C)C(F)(F)C(F)(F)C1(F)F
Asai et al. 2012 - Practical synthesis of photochromic diarylethenes in integrated flow microreactor systems,21,halogen-metal exchange,tetrahydrofuran,flow microreactor,10.1002/cssc.201100376,2012.0,tR2,,10.0,,0,Cc1sc(-c2ccccc2)nc1Br,n-BuLi,heteroaryllithium,octafluorocyclopentene,synthetic,Cc1sc(-c2ccccc2)nc1C1=C(c2c(C)sc(-c3ccccc3)c2C)C(F)(F)C(F)(F)C1(F)F,0.10,0.42,1.05,0.15,Cc1sc(-c2ccccc2)nc1Br,CCCC[Li],Cc1sc(-c2ccccc2)nc1[Li],FC1=C(F)C(F)(F)C(F)(F)C1(F)F,Cc1sc(-c2ccccc2)nc1C1=C(c2c(C)sc(-c3ccccc3)c2C)C(F)(F)C(F)(F)C1(F)F
Asai et al. 2012 - Practical synthesis of photochromic diarylethenes in integrated flow microreactor systems,0,halogen-metal exchange,tetrahydrofuran,flow microreactor,10.1002/cssc.201100376,2012.0,tR2,,0.0316,,-20,Cc1sc(-c2ccccc2)nc1Br,n-BuLi,heteroaryllithium,octafluorocyclopentene,synthetic,Cc1sc(-c2ccccc2)nc1C1=C(c2c(C)sc(-c3ccccc3)c2C)C(F)(F)C(F)(F)C1(F)F,0.10,0.42,1.05,0.15,Cc1sc(-c2ccccc2)nc1Br,CCCC[Li],Cc1sc(-c2ccccc2)nc1[Li],FC1=C(F)C(F)(F)C(F)(F)C1(F)F,Cc1sc(-c2ccccc2)nc1C1=C(c2c(C)sc(-c3ccccc3)c2C)C(F)(F)C(F)(F)C1(F)F
Asai et al. 2012 - Practical synthesis of photochromic diarylethenes in integrated flow microreactor systems,0,halogen-metal exchange,tetrahydrofuran,flow microreactor,10.1002/cssc.201100376,2012.0,tR2,,0.1,,-20,Cc1sc(-c2ccccc2)nc1Br,n-BuLi,heteroaryllithium,octafluorocyclopentene,synthetic,Cc1sc(-c2ccccc2)nc1C1=C(c2c(C)sc(-c3ccccc3)c2C)C(F)(F)C(F)(F)C1(F)F,0.10,0.42,1.05,0.15,Cc1sc(-c2ccccc2)nc1Br,CCCC[Li],Cc1sc(-c2ccccc2)nc1[Li],FC1=C(F)C(F)(F)C(F)(F)C1(F)F,Cc1sc(-c2ccccc2)nc1C1=C(c2c(C)sc(-c3ccccc3)c2C)C(F)(F)C(F)(F)C1(F)F
Asai et al. 2012 - Practical synthesis of photochromic diarylethenes in integrated flow microreactor systems,0,halogen-metal exchange,tetrahydrofuran,flow microreactor,10.1002/cssc.201100376,2012.0,tR2,,0.316,,-20,Cc1sc(-c2ccccc2)nc1Br,n-BuLi,heteroaryllithium,octafluorocyclopentene,synthetic,Cc1sc(-c2ccccc2)nc1C1=C(c2c(C)sc(-c3ccccc3)c2C)C(F)(F)C(F)(F)C1(F)F,0.10,0.42,1.05,0.15,Cc1sc(-c2ccccc2)nc1Br,CCCC[Li],Cc1sc(-c2ccccc2)nc1[Li],FC1=C(F)C(F)(F)C(F)(F)C1(F)F,Cc1sc(-c2ccccc2)nc1C1=C(c2c(C)sc(-c3ccccc3)c2C)C(F)(F)C(F)(F)C1(F)F
Asai et al. 2012 - Practical synthesis of photochromic diarylethenes in integrated flow microreactor systems,0,halogen-metal exchange,tetrahydrofuran,flow microreactor,10.1002/cssc.201100376,2012.0,tR2,,1.0,,-20,Cc1sc(-c2ccccc2)nc1Br,n-BuLi,heteroaryllithium,octafluorocyclopentene,synthetic,Cc1sc(-c2ccccc2)nc1C1=C(c2c(C)sc(-c3ccccc3)c2C)C(F)(F)C(F)(F)C1(F)F,0.10,0.42,1.05,0.15,Cc1sc(-c2ccccc2)nc1Br,CCCC[Li],Cc1sc(-c2ccccc2)nc1[Li],FC1=C(F)C(F)(F)C(F)(F)C1(F)F,Cc1sc(-c2ccccc2)nc1C1=C(c2c(C)sc(-c3ccccc3)c2C)C(F)(F)C(F)(F)C1(F)F
Asai et al. 2012 - Practical synthesis of photochromic diarylethenes in integrated flow microreactor systems,0,halogen-metal exchange,tetrahydrofuran,flow microreactor,10.1002/cssc.201100376,2012.0,tR2,,3.16,,-20,Cc1sc(-c2ccccc2)nc1Br,n-BuLi,heteroaryllithium,octafluorocyclopentene,synthetic,Cc1sc(-c2ccccc2)nc1C1=C(c2c(C)sc(-c3ccccc3)c2C)C(F)(F)C(F)(F)C1(F)F,0.10,0.42,1.05,0.15,Cc1sc(-c2ccccc2)nc1Br,CCCC[Li],Cc1sc(-c2ccccc2)nc1[Li],FC1=C(F)C(F)(F)C(F)(F)C1(F)F,Cc1sc(-c2ccccc2)nc1C1=C(c2c(C)sc(-c3ccccc3)c2C)C(F)(F)C(F)(F)C1(F)F
Asai et al. 2012 - Practical synthesis of photochromic diarylethenes in integrated flow microreactor systems,3,halogen-metal exchange,tetrahydrofuran,flow microreactor,10.1002/cssc.201100376,2012.0,tR2,,10.0,,-20,Cc1sc(-c2ccccc2)nc1Br,n-BuLi,heteroaryllithium,octafluorocyclopentene,synthetic,Cc1sc(-c2ccccc2)nc1C1=C(c2c(C)sc(-c3ccccc3)c2C)C(F)(F)C(F)(F)C1(F)F,0.10,0.42,1.05,0.15,Cc1sc(-c2ccccc2)nc1Br,CCCC[Li],Cc1sc(-c2ccccc2)nc1[Li],FC1=C(F)C(F)(F)C(F)(F)C1(F)F,Cc1sc(-c2ccccc2)nc1C1=C(c2c(C)sc(-c3ccccc3)c2C)C(F)(F)C(F)(F)C1(F)F
Asai et al. 2012 - Practical synthesis of photochromic diarylethenes in integrated flow microreactor systems,0,halogen-metal exchange,tetrahydrofuran,flow microreactor,10.1002/cssc.201100376,2012.0,tR2,,0.0316,,-40,Cc1sc(-c2ccccc2)nc1Br,n-BuLi,heteroaryllithium,octafluorocyclopentene,synthetic,Cc1sc(-c2ccccc2)nc1C1=C(c2c(C)sc(-c3ccccc3)c2C)C(F)(F)C(F)(F)C1(F)F,0.10,0.42,1.05,0.15,Cc1sc(-c2ccccc2)nc1Br,CCCC[Li],Cc1sc(-c2ccccc2)nc1[Li],FC1=C(F)C(F)(F)C(F)(F)C1(F)F,Cc1sc(-c2ccccc2)nc1C1=C(c2c(C)sc(-c3ccccc3)c2C)C(F)(F)C(F)(F)C1(F)F
Asai et al. 2012 - Practical synthesis of photochromic diarylethenes in integrated flow microreactor systems,0,halogen-metal exchange,tetrahydrofuran,flow microreactor,10.1002/cssc.201100376,2012.0,tR2,,0.1,,-40,Cc1sc(-c2ccccc2)nc1Br,n-BuLi,heteroaryllithium,octafluorocyclopentene,synthetic,Cc1sc(-c2ccccc2)nc1C1=C(c2c(C)sc(-c3ccccc3)c2C)C(F)(F)C(F)(F)C1(F)F,0.10,0.42,1.05,0.15,Cc1sc(-c2ccccc2)nc1Br,CCCC[Li],Cc1sc(-c2ccccc2)nc1[Li],FC1=C(F)C(F)(F)C(F)(F)C1(F)F,Cc1sc(-c2ccccc2)nc1C1=C(c2c(C)sc(-c3ccccc3)c2C)C(F)(F)C(F)(F)C1(F)F
Asai et al. 2012 - Practical synthesis of photochromic diarylethenes in integrated flow microreactor systems,0,halogen-metal exchange,tetrahydrofuran,flow microreactor,10.1002/cssc.201100376,2012.0,tR2,,0.316,,-40,Cc1sc(-c2ccccc2)nc1Br,n-BuLi,heteroaryllithium,octafluorocyclopentene,synthetic,Cc1sc(-c2ccccc2)nc1C1=C(c2c(C)sc(-c3ccccc3)c2C)C(F)(F)C(F)(F)C1(F)F,0.10,0.42,1.05,0.15,Cc1sc(-c2ccccc2)nc1Br,CCCC[Li],Cc1sc(-c2ccccc2)nc1[Li],FC1=C(F)C(F)(F)C(F)(F)C1(F)F,Cc1sc(-c2ccccc2)nc1C1=C(c2c(C)sc(-c3ccccc3)c2C)C(F)(F)C(F)(F)C1(F)F
Asai et al. 2012 - Practical synthesis of photochromic diarylethenes in integrated flow microreactor systems,0,halogen-metal exchange,tetrahydrofuran,flow microreactor,10.1002/cssc.201100376,2012.0,tR2,,1.0,,-40,Cc1sc(-c2ccccc2)nc1Br,n-BuLi,heteroaryllithium,octafluorocyclopentene,synthetic,Cc1sc(-c2ccccc2)nc1C1=C(c2c(C)sc(-c3ccccc3)c2C)C(F)(F)C(F)(F)C1(F)F,0.10,0.42,1.05,0.15,Cc1sc(-c2ccccc2)nc1Br,CCCC[Li],Cc1sc(-c2ccccc2)nc1[Li],FC1=C(F)C(F)(F)C(F)(F)C1(F)F,Cc1sc(-c2ccccc2)nc1C1=C(c2c(C)sc(-c3ccccc3)c2C)C(F)(F)C(F)(F)C1(F)F
Asai et al. 2012 - Practical synthesis of photochromic diarylethenes in integrated flow microreactor systems,0,halogen-metal exchange,tetrahydrofuran,flow microreactor,10.1002/cssc.201100376,2012.0,tR2,,3.16,,-40,Cc1sc(-c2ccccc2)nc1Br,n-BuLi,heteroaryllithium,octafluorocyclopentene,synthetic,Cc1sc(-c2ccccc2)nc1C1=C(c2c(C)sc(-c3ccccc3)c2C)C(F)(F)C(F)(F)C1(F)F,0.10,0.42,1.05,0.15,Cc1sc(-c2ccccc2)nc1Br,CCCC[Li],Cc1sc(-c2ccccc2)nc1[Li],FC1=C(F)C(F)(F)C(F)(F)C1(F)F,Cc1sc(-c2ccccc2)nc1C1=C(c2c(C)sc(-c3ccccc3)c2C)C(F)(F)C(F)(F)C1(F)F
Asai et al. 2012 - Practical synthesis of photochromic diarylethenes in integrated flow microreactor systems,0,halogen-metal exchange,tetrahydrofuran,flow microreactor,10.1002/cssc.201100376,2012.0,tR2,,10.0,,-40,Cc1sc(-c2ccccc2)nc1Br,n-BuLi,heteroaryllithium,octafluorocyclopentene,synthetic,Cc1sc(-c2ccccc2)nc1C1=C(c2c(C)sc(-c3ccccc3)c2C)C(F)(F)C(F)(F)C1(F)F,0.10,0.42,1.05,0.15,Cc1sc(-c2ccccc2)nc1Br,CCCC[Li],Cc1sc(-c2ccccc2)nc1[Li],FC1=C(F)C(F)(F)C(F)(F)C1(F)F,Cc1sc(-c2ccccc2)nc1C1=C(c2c(C)sc(-c3ccccc3)c2C)C(F)(F)C(F)(F)C1(F)F
Asai et al. 2012 - Practical synthesis of photochromic diarylethenes in integrated flow microreactor systems,20,halogen-metal exchange,tetrahydrofuran,flow microreactor,10.1002/cssc.201100376,2012.0,tR2,,0.0316,,20,Cc1sc(-c2ccccc2)nc1Br,n-BuLi,heteroaryllithium,octafluorocyclopentene,synthetic,Cc1sc(-c2ccccc2)nc1C1=C(c2c(C)sc(-c3ccccc3)c2C)C(F)(F)C(F)(F)C1(F)F,0.10,0.42,1.05,0.15,Cc1sc(-c2ccccc2)nc1Br,CCCC[Li],Cc1sc(-c2ccccc2)nc1[Li],FC1=C(F)C(F)(F)C(F)(F)C1(F)F,Cc1sc(-c2ccccc2)nc1C1=C(c2c(C)sc(-c3ccccc3)c2C)C(F)(F)C(F)(F)C1(F)F
Asai et al. 2012 - Practical synthesis of photochromic diarylethenes in integrated flow microreactor systems,46,halogen-metal exchange,tetrahydrofuran,flow microreactor,10.1002/cssc.201100376,2012.0,tR2,,0.1,,20,Cc1sc(-c2ccccc2)nc1Br,n-BuLi,heteroaryllithium,octafluorocyclopentene,synthetic,Cc1sc(-c2ccccc2)nc1C1=C(c2c(C)sc(-c3ccccc3)c2C)C(F)(F)C(F)(F)C1(F)F,0.10,0.42,1.05,0.15,Cc1sc(-c2ccccc2)nc1Br,CCCC[Li],Cc1sc(-c2ccccc2)nc1[Li],FC1=C(F)C(F)(F)C(F)(F)C1(F)F,Cc1sc(-c2ccccc2)nc1C1=C(c2c(C)sc(-c3ccccc3)c2C)C(F)(F)C(F)(F)C1(F)F
Asai et al. 2012 - Practical synthesis of photochromic diarylethenes in integrated flow microreactor systems,77,halogen-metal exchange,tetrahydrofuran,flow microreactor,10.1002/cssc.201100376,2012.0,tR2,,0.316,,20,Cc1sc(-c2ccccc2)nc1Br,n-BuLi,heteroaryllithium,octafluorocyclopentene,synthetic,Cc1sc(-c2ccccc2)nc1C1=C(c2c(C)sc(-c3ccccc3)c2C)C(F)(F)C(F)(F)C1(F)F,0.10,0.42,1.05,0.15,Cc1sc(-c2ccccc2)nc1Br,CCCC[Li],Cc1sc(-c2ccccc2)nc1[Li],FC1=C(F)C(F)(F)C(F)(F)C1(F)F,Cc1sc(-c2ccccc2)nc1C1=C(c2c(C)sc(-c3ccccc3)c2C)C(F)(F)C(F)(F)C1(F)F
Asai et al. 2012 - Practical synthesis of photochromic diarylethenes in integrated flow microreactor systems,84,halogen-metal exchange,tetrahydrofuran,flow microreactor,10.1002/cssc.201100376,2012.0,tR2,,1.0,,20,Cc1sc(-c2ccccc2)nc1Br,n-BuLi,heteroaryllithium,octafluorocyclopentene,synthetic,Cc1sc(-c2ccccc2)nc1C1=C(c2c(C)sc(-c3ccccc3)c2C)C(F)(F)C(F)(F)C1(F)F,0.10,0.42,1.05,0.15,Cc1sc(-c2ccccc2)nc1Br,CCCC[Li],Cc1sc(-c2ccccc2)nc1[Li],FC1=C(F)C(F)(F)C(F)(F)C1(F)F,Cc1sc(-c2ccccc2)nc1C1=C(c2c(C)sc(-c3ccccc3)c2C)C(F)(F)C(F)(F)C1(F)F
Asai et al. 2012 - Practical synthesis of photochromic diarylethenes in integrated flow microreactor systems,88,halogen-metal exchange,tetrahydrofuran,flow microreactor,10.1002/cssc.201100376,2012.0,tR2,,3.16,,20,Cc1sc(-c2ccccc2)nc1Br,n-BuLi,heteroaryllithium,octafluorocyclopentene,synthetic,Cc1sc(-c2ccccc2)nc1C1=C(c2c(C)sc(-c3ccccc3)c2C)C(F)(F)C(F)(F)C1(F)F,0.10,0.42,1.05,0.15,Cc1sc(-c2ccccc2)nc1Br,CCCC[Li],Cc1sc(-c2ccccc2)nc1[Li],FC1=C(F)C(F)(F)C(F)(F)C1(F)F,Cc1sc(-c2ccccc2)nc1C1=C(c2c(C)sc(-c3ccccc3)c2C)C(F)(F)C(F)(F)C1(F)F
Asai et al. 2012 - Practical synthesis of photochromic diarylethenes in integrated flow microreactor systems,84,halogen-metal exchange,tetrahydrofuran,flow microreactor,10.1002/cssc.201100376,2012.0,tR2,,10.0,,20,Cc1sc(-c2ccccc2)nc1Br,n-BuLi,heteroaryllithium,octafluorocyclopentene,synthetic,Cc1sc(-c2ccccc2)nc1C1=C(c2c(C)sc(-c3ccccc3)c2C)C(F)(F)C(F)(F)C1(F)F,0.10,0.42,1.05,0.15,Cc1sc(-c2ccccc2)nc1Br,CCCC[Li],Cc1sc(-c2ccccc2)nc1[Li],FC1=C(F)C(F)(F)C(F)(F)C1(F)F,Cc1sc(-c2ccccc2)nc1C1=C(c2c(C)sc(-c3ccccc3)c2C)C(F)(F)C(F)(F)C1(F)F
Asai et al. 2012 - Practical synthesis of photochromic diarylethenes in integrated flow microreactor systems,8,halogen-metal exchange,tetrahydrofuran,flow microreactor,10.1002/cssc.201100376,2012.0,tR2,,0.0316,,0,Cc1sc(-c2ccccc2)nc1Br,n-BuLi,heteroaryllithium,octafluorocyclopentene,synthetic,Cc1sc(-c2ccccc2)nc1C1=C(c2c(C)sc(-c3ccccc3)c2C)C(F)(F)C(F)(F)C1(F)F,0.10,0.42,1.05,0.15,Cc1sc(-c2ccccc2)nc1Br,CCCC[Li],Cc1sc(-c2ccccc2)nc1[Li],FC1=C(F)C(F)(F)C(F)(F)C1(F)F,Cc1sc(-c2ccccc2)nc1C1=C(c2c(C)sc(-c3ccccc3)c2C)C(F)(F)C(F)(F)C1(F)F
Asai et al. 2012 - Practical synthesis of photochromic diarylethenes in integrated flow microreactor systems,28,halogen-metal exchange,tetrahydrofuran,flow microreactor,10.1002/cssc.201100376,2012.0,tR2,,0.1,,0,Cc1sc(-c2ccccc2)nc1Br,n-BuLi,heteroaryllithium,octafluorocyclopentene,synthetic,Cc1sc(-c2ccccc2)nc1C1=C(c2c(C)sc(-c3ccccc3)c2C)C(F)(F)C(F)(F)C1(F)F,0.10,0.42,1.05,0.15,Cc1sc(-c2ccccc2)nc1Br,CCCC[Li],Cc1sc(-c2ccccc2)nc1[Li],FC1=C(F)C(F)(F)C(F)(F)C1(F)F,Cc1sc(-c2ccccc2)nc1C1=C(c2c(C)sc(-c3ccccc3)c2C)C(F)(F)C(F)(F)C1(F)F
Asai et al. 2012 - Practical synthesis of photochromic diarylethenes in integrated flow microreactor systems,64,halogen-metal exchange,tetrahydrofuran,flow microreactor,10.1002/cssc.201100376,2012.0,tR2,,0.316,,0,Cc1sc(-c2ccccc2)nc1Br,n-BuLi,heteroaryllithium,octafluorocyclopentene,synthetic,Cc1sc(-c2ccccc2)nc1C1=C(c2c(C)sc(-c3ccccc3)c2C)C(F)(F)C(F)(F)C1(F)F,0.10,0.42,1.05,0.15,Cc1sc(-c2ccccc2)nc1Br,CCCC[Li],Cc1sc(-c2ccccc2)nc1[Li],FC1=C(F)C(F)(F)C(F)(F)C1(F)F,Cc1sc(-c2ccccc2)nc1C1=C(c2c(C)sc(-c3ccccc3)c2C)C(F)(F)C(F)(F)C1(F)F
Asai et al. 2012 - Practical synthesis of photochromic diarylethenes in integrated flow microreactor systems,76,halogen-metal exchange,tetrahydrofuran,flow microreactor,10.1002/cssc.201100376,2012.0,tR2,,1.0,,0,Cc1sc(-c2ccccc2)nc1Br,n-BuLi,heteroaryllithium,octafluorocyclopentene,synthetic,Cc1sc(-c2ccccc2)nc1C1=C(c2c(C)sc(-c3ccccc3)c2C)C(F)(F)C(F)(F)C1(F)F,0.10,0.42,1.05,0.15,Cc1sc(-c2ccccc2)nc1Br,CCCC[Li],Cc1sc(-c2ccccc2)nc1[Li],FC1=C(F)C(F)(F)C(F)(F)C1(F)F,Cc1sc(-c2ccccc2)nc1C1=C(c2c(C)sc(-c3ccccc3)c2C)C(F)(F)C(F)(F)C1(F)F
Asai et al. 2012 - Practical synthesis of photochromic diarylethenes in integrated flow microreactor systems,90,halogen-metal exchange,tetrahydrofuran,flow microreactor,10.1002/cssc.201100376,2012.0,tR2,,3.16,,0,Cc1sc(-c2ccccc2)nc1Br,n-BuLi,heteroaryllithium,octafluorocyclopentene,synthetic,Cc1sc(-c2ccccc2)nc1C1=C(c2c(C)sc(-c3ccccc3)c2C)C(F)(F)C(F)(F)C1(F)F,0.10,0.42,1.05,0.15,Cc1sc(-c2ccccc2)nc1Br,CCCC[Li],Cc1sc(-c2ccccc2)nc1[Li],FC1=C(F)C(F)(F)C(F)(F)C1(F)F,Cc1sc(-c2ccccc2)nc1C1=C(c2c(C)sc(-c3ccccc3)c2C)C(F)(F)C(F)(F)C1(F)F
Asai et al. 2012 - Practical synthesis of photochromic diarylethenes in integrated flow microreactor systems,90,halogen-metal exchange,tetrahydrofuran,flow microreactor,10.1002/cssc.201100376,2012.0,tR2,,10.0,,0,Cc1sc(-c2ccccc2)nc1Br,n-BuLi,heteroaryllithium,octafluorocyclopentene,synthetic,Cc1sc(-c2ccccc2)nc1C1=C(c2c(C)sc(-c3ccccc3)c2C)C(F)(F)C(F)(F)C1(F)F,0.10,0.42,1.05,0.15,Cc1sc(-c2ccccc2)nc1Br,CCCC[Li],Cc1sc(-c2ccccc2)nc1[Li],FC1=C(F)C(F)(F)C(F)(F)C1(F)F,Cc1sc(-c2ccccc2)nc1C1=C(c2c(C)sc(-c3ccccc3)c2C)C(F)(F)C(F)(F)C1(F)F
Asai et al. 2012 - Practical synthesis of photochromic diarylethenes in integrated flow microreactor systems,2,halogen-metal exchange,tetrahydrofuran,flow microreactor,10.1002/cssc.201100376,2012.0,tR2,,0.0316,,-30,Cc1sc(-c2ccccc2)nc1Br,n-BuLi,heteroaryllithium,octafluorocyclopentene,synthetic,Cc1sc(-c2ccccc2)nc1C1=C(c2c(C)sc(-c3ccccc3)c2C)C(F)(F)C(F)(F)C1(F)F,0.10,0.42,1.05,0.15,Cc1sc(-c2ccccc2)nc1Br,CCCC[Li],Cc1sc(-c2ccccc2)nc1[Li],FC1=C(F)C(F)(F)C(F)(F)C1(F)F,Cc1sc(-c2ccccc2)nc1C1=C(c2c(C)sc(-c3ccccc3)c2C)C(F)(F)C(F)(F)C1(F)F
Asai et al. 2012 - Practical synthesis of photochromic diarylethenes in integrated flow microreactor systems,5,halogen-metal exchange,tetrahydrofuran,flow microreactor,10.1002/cssc.201100376,2012.0,tR2,,0.1,,-30,Cc1sc(-c2ccccc2)nc1Br,n-BuLi,heteroaryllithium,octafluorocyclopentene,synthetic,Cc1sc(-c2ccccc2)nc1C1=C(c2c(C)sc(-c3ccccc3)c2C)C(F)(F)C(F)(F)C1(F)F,0.10,0.42,1.05,0.15,Cc1sc(-c2ccccc2)nc1Br,CCCC[Li],Cc1sc(-c2ccccc2)nc1[Li],FC1=C(F)C(F)(F)C(F)(F)C1(F)F,Cc1sc(-c2ccccc2)nc1C1=C(c2c(C)sc(-c3ccccc3)c2C)C(F)(F)C(F)(F)C1(F)F
Asai et al. 2012 - Practical synthesis of photochromic diarylethenes in integrated flow microreactor systems,32,halogen-metal exchange,tetrahydrofuran,flow microreactor,10.1002/cssc.201100376,2012.0,tR2,,0.316,,-30,Cc1sc(-c2ccccc2)nc1Br,n-BuLi,heteroaryllithium,octafluorocyclopentene,synthetic,Cc1sc(-c2ccccc2)nc1C1=C(c2c(C)sc(-c3ccccc3)c2C)C(F)(F)C(F)(F)C1(F)F,0.10,0.42,1.05,0.15,Cc1sc(-c2ccccc2)nc1Br,CCCC[Li],Cc1sc(-c2ccccc2)nc1[Li],FC1=C(F)C(F)(F)C(F)(F)C1(F)F,Cc1sc(-c2ccccc2)nc1C1=C(c2c(C)sc(-c3ccccc3)c2C)C(F)(F)C(F)(F)C1(F)F
Asai et al. 2012 - Practical synthesis of photochromic diarylethenes in integrated flow microreactor systems,67,halogen-metal exchange,tetrahydrofuran,flow microreactor,10.1002/cssc.201100376,2012.0,tR2,,1.0,,-30,Cc1sc(-c2ccccc2)nc1Br,n-BuLi,heteroaryllithium,octafluorocyclopentene,synthetic,Cc1sc(-c2ccccc2)nc1C1=C(c2c(C)sc(-c3ccccc3)c2C)C(F)(F)C(F)(F)C1(F)F,0.10,0.42,1.05,0.15,Cc1sc(-c2ccccc2)nc1Br,CCCC[Li],Cc1sc(-c2ccccc2)nc1[Li],FC1=C(F)C(F)(F)C(F)(F)C1(F)F,Cc1sc(-c2ccccc2)nc1C1=C(c2c(C)sc(-c3ccccc3)c2C)C(F)(F)C(F)(F)C1(F)F
Asai et al. 2012 - Practical synthesis of photochromic diarylethenes in integrated flow microreactor systems,83,halogen-metal exchange,tetrahydrofuran,flow microreactor,10.1002/cssc.201100376,2012.0,tR2,,3.16,,-30,Cc1sc(-c2ccccc2)nc1Br,n-BuLi,heteroaryllithium,octafluorocyclopentene,synthetic,Cc1sc(-c2ccccc2)nc1C1=C(c2c(C)sc(-c3ccccc3)c2C)C(F)(F)C(F)(F)C1(F)F,0.10,0.42,1.05,0.15,Cc1sc(-c2ccccc2)nc1Br,CCCC[Li],Cc1sc(-c2ccccc2)nc1[Li],FC1=C(F)C(F)(F)C(F)(F)C1(F)F,Cc1sc(-c2ccccc2)nc1C1=C(c2c(C)sc(-c3ccccc3)c2C)C(F)(F)C(F)(F)C1(F)F
Asai et al. 2012 - Practical synthesis of photochromic diarylethenes in integrated flow microreactor systems,96,halogen-metal exchange,tetrahydrofuran,flow microreactor,10.1002/cssc.201100376,2012.0,tR2,,10.0,,-30,Cc1sc(-c2ccccc2)nc1Br,n-BuLi,heteroaryllithium,octafluorocyclopentene,synthetic,Cc1sc(-c2ccccc2)nc1C1=C(c2c(C)sc(-c3ccccc3)c2C)C(F)(F)C(F)(F)C1(F)F,0.10,0.42,1.05,0.15,Cc1sc(-c2ccccc2)nc1Br,CCCC[Li],Cc1sc(-c2ccccc2)nc1[Li],FC1=C(F)C(F)(F)C(F)(F)C1(F)F,Cc1sc(-c2ccccc2)nc1C1=C(c2c(C)sc(-c3ccccc3)c2C)C(F)(F)C(F)(F)C1(F)F
Asai et al. 2012 - Practical synthesis of photochromic diarylethenes in integrated flow microreactor systems,0,halogen-metal exchange,tetrahydrofuran,flow microreactor,10.1002/cssc.201100376,2012.0,tR2,,0.0316,,-40,Cc1sc(-c2ccccc2)nc1Br,n-BuLi,heteroaryllithium,octafluorocyclopentene,synthetic,Cc1sc(-c2ccccc2)nc1C1=C(c2c(C)sc(-c3ccccc3)c2C)C(F)(F)C(F)(F)C1(F)F,0.10,0.42,1.05,0.15,Cc1sc(-c2ccccc2)nc1Br,CCCC[Li],Cc1sc(-c2ccccc2)nc1[Li],FC1=C(F)C(F)(F)C(F)(F)C1(F)F,Cc1sc(-c2ccccc2)nc1C1=C(c2c(C)sc(-c3ccccc3)c2C)C(F)(F)C(F)(F)C1(F)F
Asai et al. 2012 - Practical synthesis of photochromic diarylethenes in integrated flow microreactor systems,2,halogen-metal exchange,tetrahydrofuran,flow microreactor,10.1002/cssc.201100376,2012.0,tR2,,0.1,,-40,Cc1sc(-c2ccccc2)nc1Br,n-BuLi,heteroaryllithium,octafluorocyclopentene,synthetic,Cc1sc(-c2ccccc2)nc1C1=C(c2c(C)sc(-c3ccccc3)c2C)C(F)(F)C(F)(F)C1(F)F,0.10,0.42,1.05,0.15,Cc1sc(-c2ccccc2)nc1Br,CCCC[Li],Cc1sc(-c2ccccc2)nc1[Li],FC1=C(F)C(F)(F)C(F)(F)C1(F)F,Cc1sc(-c2ccccc2)nc1C1=C(c2c(C)sc(-c3ccccc3)c2C)C(F)(F)C(F)(F)C1(F)F
Asai et al. 2012 - Practical synthesis of photochromic diarylethenes in integrated flow microreactor systems,15,halogen-metal exchange,tetrahydrofuran,flow microreactor,10.1002/cssc.201100376,2012.0,tR2,,0.316,,-40,Cc1sc(-c2ccccc2)nc1Br,n-BuLi,heteroaryllithium,octafluorocyclopentene,synthetic,Cc1sc(-c2ccccc2)nc1C1=C(c2c(C)sc(-c3ccccc3)c2C)C(F)(F)C(F)(F)C1(F)F,0.10,0.42,1.05,0.15,Cc1sc(-c2ccccc2)nc1Br,CCCC[Li],Cc1sc(-c2ccccc2)nc1[Li],FC1=C(F)C(F)(F)C(F)(F)C1(F)F,Cc1sc(-c2ccccc2)nc1C1=C(c2c(C)sc(-c3ccccc3)c2C)C(F)(F)C(F)(F)C1(F)F
Asai et al. 2012 - Practical synthesis of photochromic diarylethenes in integrated flow microreactor systems,38,halogen-metal exchange,tetrahydrofuran,flow microreactor,10.1002/cssc.201100376,2012.0,tR2,,1.0,,-40,Cc1sc(-c2ccccc2)nc1Br,n-BuLi,heteroaryllithium,octafluorocyclopentene,synthetic,Cc1sc(-c2ccccc2)nc1C1=C(c2c(C)sc(-c3ccccc3)c2C)C(F)(F)C(F)(F)C1(F)F,0.10,0.42,1.05,0.15,Cc1sc(-c2ccccc2)nc1Br,CCCC[Li],Cc1sc(-c2ccccc2)nc1[Li],FC1=C(F)C(F)(F)C(F)(F)C1(F)F,Cc1sc(-c2ccccc2)nc1C1=C(c2c(C)sc(-c3ccccc3)c2C)C(F)(F)C(F)(F)C1(F)F
Asai et al. 2012 - Practical synthesis of photochromic diarylethenes in integrated flow microreactor systems,65,halogen-metal exchange,tetrahydrofuran,flow microreactor,10.1002/cssc.201100376,2012.0,tR2,,3.16,,-40,Cc1sc(-c2ccccc2)nc1Br,n-BuLi,heteroaryllithium,octafluorocyclopentene,synthetic,Cc1sc(-c2ccccc2)nc1C1=C(c2c(C)sc(-c3ccccc3)c2C)C(F)(F)C(F)(F)C1(F)F,0.10,0.42,1.05,0.15,Cc1sc(-c2ccccc2)nc1Br,CCCC[Li],Cc1sc(-c2ccccc2)nc1[Li],FC1=C(F)C(F)(F)C(F)(F)C1(F)F,Cc1sc(-c2ccccc2)nc1C1=C(c2c(C)sc(-c3ccccc3)c2C)C(F)(F)C(F)(F)C1(F)F
Asai et al. 2012 - Practical synthesis of photochromic diarylethenes in integrated flow microreactor systems,87,halogen-metal exchange,tetrahydrofuran,flow microreactor,10.1002/cssc.201100376,2012.0,tR2,,10.0,,-40,Cc1sc(-c2ccccc2)nc1Br,n-BuLi,heteroaryllithium,octafluorocyclopentene,synthetic,Cc1sc(-c2ccccc2)nc1C1=C(c2c(C)sc(-c3ccccc3)c2C)C(F)(F)C(F)(F)C1(F)F,0.10,0.42,1.05,0.15,Cc1sc(-c2ccccc2)nc1Br,CCCC[Li],Cc1sc(-c2ccccc2)nc1[Li],FC1=C(F)C(F)(F)C(F)(F)C1(F)F,Cc1sc(-c2ccccc2)nc1C1=C(c2c(C)sc(-c3ccccc3)c2C)C(F)(F)C(F)(F)C1(F)F
Asai et al. 2012 - Practical synthesis of photochromic diarylethenes in integrated flow microreactor systems,2,halogen-metal exchange,tetrahydrofuran,flow microreactor,10.1002/cssc.201100376,2012.0,tR2,,0.0316,,20,Cc1sc(-c2ccccc2)nc1Br,n-BuLi,heteroaryllithium,octafluorocyclopentene,synthetic,Cc1sc(-c2ccccc2)nc1C1=C(c2c(C)sc(-c3ccccc3)c2C)C(F)(F)C(F)(F)C1(F)F,0.10,0.42,1.05,0.15,Cc1sc(-c2ccccc2)nc1Br,CCCC[Li],Cc1sc(-c2ccccc2)nc1[Li],FC1=C(F)C(F)(F)C(F)(F)C1(F)F,Cc1sc(-c2ccccc2)nc1C1=C(c2c(C)sc(-c3ccccc3)c2C)C(F)(F)C(F)(F)C1(F)F
Asai et al. 2012 - Practical synthesis of photochromic diarylethenes in integrated flow microreactor systems,6,halogen-metal exchange,tetrahydrofuran,flow microreactor,10.1002/cssc.201100376,2012.0,tR2,,0.316,,20,Cc1sc(-c2ccccc2)nc1Br,n-BuLi,heteroaryllithium,octafluorocyclopentene,synthetic,Cc1sc(-c2ccccc2)nc1C1=C(c2c(C)sc(-c3ccccc3)c2C)C(F)(F)C(F)(F)C1(F)F,0.10,0.42,1.05,0.15,Cc1sc(-c2ccccc2)nc1Br,CCCC[Li],Cc1sc(-c2ccccc2)nc1[Li],FC1=C(F)C(F)(F)C(F)(F)C1(F)F,Cc1sc(-c2ccccc2)nc1C1=C(c2c(C)sc(-c3ccccc3)c2C)C(F)(F)C(F)(F)C1(F)F
Asai et al. 2012 - Practical synthesis of photochromic diarylethenes in integrated flow microreactor systems,7,halogen-metal exchange,tetrahydrofuran,flow microreactor,10.1002/cssc.201100376,2012.0,tR2,,1.0,,20,Cc1sc(-c2ccccc2)nc1Br,n-BuLi,heteroaryllithium,octafluorocyclopentene,synthetic,Cc1sc(-c2ccccc2)nc1C1=C(c2c(C)sc(-c3ccccc3)c2C)C(F)(F)C(F)(F)C1(F)F,0.10,0.42,1.05,0.15,Cc1sc(-c2ccccc2)nc1Br,CCCC[Li],Cc1sc(-c2ccccc2)nc1[Li],FC1=C(F)C(F)(F)C(F)(F)C1(F)F,Cc1sc(-c2ccccc2)nc1C1=C(c2c(C)sc(-c3ccccc3)c2C)C(F)(F)C(F)(F)C1(F)F
Asai et al. 2012 - Practical synthesis of photochromic diarylethenes in integrated flow microreactor systems,7,halogen-metal exchange,tetrahydrofuran,flow microreactor,10.1002/cssc.201100376,2012.0,tR2,,3.16,,20,Cc1sc(-c2ccccc2)nc1Br,n-BuLi,heteroaryllithium,octafluorocyclopentene,synthetic,Cc1sc(-c2ccccc2)nc1C1=C(c2c(C)sc(-c3ccccc3)c2C)C(F)(F)C(F)(F)C1(F)F,0.10,0.42,1.05,0.15,Cc1sc(-c2ccccc2)nc1Br,CCCC[Li],Cc1sc(-c2ccccc2)nc1[Li],FC1=C(F)C(F)(F)C(F)(F)C1(F)F,Cc1sc(-c2ccccc2)nc1C1=C(c2c(C)sc(-c3ccccc3)c2C)C(F)(F)C(F)(F)C1(F)F
Asai et al. 2012 - Practical synthesis of photochromic diarylethenes in integrated flow microreactor systems,7,halogen-metal exchange,tetrahydrofuran,flow microreactor,10.1002/cssc.201100376,2012.0,tR2,,10.0,,20,Cc1sc(-c2ccccc2)nc1Br,n-BuLi,heteroaryllithium,octafluorocyclopentene,synthetic,Cc1sc(-c2ccccc2)nc1C1=C(c2c(C)sc(-c3ccccc3)c2C)C(F)(F)C(F)(F)C1(F)F,0.10,0.42,1.05,0.15,Cc1sc(-c2ccccc2)nc1Br,CCCC[Li],Cc1sc(-c2ccccc2)nc1[Li],FC1=C(F)C(F)(F)C(F)(F)C1(F)F,Cc1sc(-c2ccccc2)nc1C1=C(c2c(C)sc(-c3ccccc3)c2C)C(F)(F)C(F)(F)C1(F)F
Asai et al. 2012 - Practical synthesis of photochromic diarylethenes in integrated flow microreactor systems,0,halogen-metal exchange,tetrahydrofuran,flow microreactor,10.1002/cssc.201100376,2012.0,tR2,,0.0316,,0,Cc1sc(-c2ccccc2)nc1Br,n-BuLi,heteroaryllithium,octafluorocyclopentene,synthetic,Cc1sc(-c2ccccc2)nc1C1=C(c2c(C)sc(-c3ccccc3)c2C)C(F)(F)C(F)(F)C1(F)F,0.10,0.42,1.05,0.15,Cc1sc(-c2ccccc2)nc1Br,CCCC[Li],Cc1sc(-c2ccccc2)nc1[Li],FC1=C(F)C(F)(F)C(F)(F)C1(F)F,Cc1sc(-c2ccccc2)nc1C1=C(c2c(C)sc(-c3ccccc3)c2C)C(F)(F)C(F)(F)C1(F)F
Asai et al. 2012 - Practical synthesis of photochromic diarylethenes in integrated flow microreactor systems,5,halogen-metal exchange,tetrahydrofuran,flow microreactor,10.1002/cssc.201100376,2012.0,tR2,,0.316,,0,Cc1sc(-c2ccccc2)nc1Br,n-BuLi,heteroaryllithium,octafluorocyclopentene,synthetic,Cc1sc(-c2ccccc2)nc1C1=C(c2c(C)sc(-c3ccccc3)c2C)C(F)(F)C(F)(F)C1(F)F,0.10,0.42,1.05,0.15,Cc1sc(-c2ccccc2)nc1Br,CCCC[Li],Cc1sc(-c2ccccc2)nc1[Li],FC1=C(F)C(F)(F)C(F)(F)C1(F)F,Cc1sc(-c2ccccc2)nc1C1=C(c2c(C)sc(-c3ccccc3)c2C)C(F)(F)C(F)(F)C1(F)F
Asai et al. 2012 - Practical synthesis of photochromic diarylethenes in integrated flow microreactor systems,10,halogen-metal exchange,tetrahydrofuran,flow microreactor,10.1002/cssc.201100376,2012.0,tR2,,1.0,,0,Cc1sc(-c2ccccc2)nc1Br,n-BuLi,heteroaryllithium,octafluorocyclopentene,synthetic,Cc1sc(-c2ccccc2)nc1C1=C(c2c(C)sc(-c3ccccc3)c2C)C(F)(F)C(F)(F)C1(F)F,0.10,0.42,1.05,0.15,Cc1sc(-c2ccccc2)nc1Br,CCCC[Li],Cc1sc(-c2ccccc2)nc1[Li],FC1=C(F)C(F)(F)C(F)(F)C1(F)F,Cc1sc(-c2ccccc2)nc1C1=C(c2c(C)sc(-c3ccccc3)c2C)C(F)(F)C(F)(F)C1(F)F
Asai et al. 2012 - Practical synthesis of photochromic diarylethenes in integrated flow microreactor systems,19,halogen-metal exchange,tetrahydrofuran,flow microreactor,10.1002/cssc.201100376,2012.0,tR2,,3.16,,0,Cc1sc(-c2ccccc2)nc1Br,n-BuLi,heteroaryllithium,octafluorocyclopentene,synthetic,Cc1sc(-c2ccccc2)nc1C1=C(c2c(C)sc(-c3ccccc3)c2C)C(F)(F)C(F)(F)C1(F)F,0.10,0.42,1.05,0.15,Cc1sc(-c2ccccc2)nc1Br,CCCC[Li],Cc1sc(-c2ccccc2)nc1[Li],FC1=C(F)C(F)(F)C(F)(F)C1(F)F,Cc1sc(-c2ccccc2)nc1C1=C(c2c(C)sc(-c3ccccc3)c2C)C(F)(F)C(F)(F)C1(F)F
Asai et al. 2012 - Practical synthesis of photochromic diarylethenes in integrated flow microreactor systems,20,halogen-metal exchange,tetrahydrofuran,flow microreactor,10.1002/cssc.201100376,2012.0,tR2,,10.0,,0,Cc1sc(-c2ccccc2)nc1Br,n-BuLi,heteroaryllithium,octafluorocyclopentene,synthetic,Cc1sc(-c2ccccc2)nc1C1=C(c2c(C)sc(-c3ccccc3)c2C)C(F)(F)C(F)(F)C1(F)F,0.10,0.42,1.05,0.15,Cc1sc(-c2ccccc2)nc1Br,CCCC[Li],Cc1sc(-c2ccccc2)nc1[Li],FC1=C(F)C(F)(F)C(F)(F)C1(F)F,Cc1sc(-c2ccccc2)nc1C1=C(c2c(C)sc(-c3ccccc3)c2C)C(F)(F)C(F)(F)C1(F)F
Asai et al. 2012 - Practical synthesis of photochromic diarylethenes in integrated flow microreactor systems,0,halogen-metal exchange,tetrahydrofuran,flow microreactor,10.1002/cssc.201100376,2012.0,tR2,,0.0316,,-30,Cc1sc(-c2ccccc2)nc1Br,n-BuLi,heteroaryllithium,octafluorocyclopentene,synthetic,Cc1sc(-c2ccccc2)nc1C1=C(c2c(C)sc(-c3ccccc3)c2C)C(F)(F)C(F)(F)C1(F)F,0.10,0.42,1.05,0.15,Cc1sc(-c2ccccc2)nc1Br,CCCC[Li],Cc1sc(-c2ccccc2)nc1[Li],FC1=C(F)C(F)(F)C(F)(F)C1(F)F,Cc1sc(-c2ccccc2)nc1C1=C(c2c(C)sc(-c3ccccc3)c2C)C(F)(F)C(F)(F)C1(F)F
Asai et al. 2012 - Practical synthesis of photochromic diarylethenes in integrated flow microreactor systems,0,halogen-metal exchange,tetrahydrofuran,flow microreactor,10.1002/cssc.201100376,2012.0,tR2,,0.316,,-30,Cc1sc(-c2ccccc2)nc1Br,n-BuLi,heteroaryllithium,octafluorocyclopentene,synthetic,Cc1sc(-c2ccccc2)nc1C1=C(c2c(C)sc(-c3ccccc3)c2C)C(F)(F)C(F)(F)C1(F)F,0.10,0.42,1.05,0.15,Cc1sc(-c2ccccc2)nc1Br,CCCC[Li],Cc1sc(-c2ccccc2)nc1[Li],FC1=C(F)C(F)(F)C(F)(F)C1(F)F,Cc1sc(-c2ccccc2)nc1C1=C(c2c(C)sc(-c3ccccc3)c2C)C(F)(F)C(F)(F)C1(F)F
Asai et al. 2012 - Practical synthesis of photochromic diarylethenes in integrated flow microreactor systems,0,halogen-metal exchange,tetrahydrofuran,flow microreactor,10.1002/cssc.201100376,2012.0,tR2,,1.0,,-30,Cc1sc(-c2ccccc2)nc1Br,n-BuLi,heteroaryllithium,octafluorocyclopentene,synthetic,Cc1sc(-c2ccccc2)nc1C1=C(c2c(C)sc(-c3ccccc3)c2C)C(F)(F)C(F)(F)C1(F)F,0.10,0.42,1.05,0.15,Cc1sc(-c2ccccc2)nc1Br,CCCC[Li],Cc1sc(-c2ccccc2)nc1[Li],FC1=C(F)C(F)(F)C(F)(F)C1(F)F,Cc1sc(-c2ccccc2)nc1C1=C(c2c(C)sc(-c3ccccc3)c2C)C(F)(F)C(F)(F)C1(F)F
Asai et al. 2012 - Practical synthesis of photochromic diarylethenes in integrated flow microreactor systems,22,halogen-metal exchange,tetrahydrofuran,flow microreactor,10.1002/cssc.201100376,2012.0,tR2,,3.16,,-30,Cc1sc(-c2ccccc2)nc1Br,n-BuLi,heteroaryllithium,octafluorocyclopentene,synthetic,Cc1sc(-c2ccccc2)nc1C1=C(c2c(C)sc(-c3ccccc3)c2C)C(F)(F)C(F)(F)C1(F)F,0.10,0.42,1.05,0.15,Cc1sc(-c2ccccc2)nc1Br,CCCC[Li],Cc1sc(-c2ccccc2)nc1[Li],FC1=C(F)C(F)(F)C(F)(F)C1(F)F,Cc1sc(-c2ccccc2)nc1C1=C(c2c(C)sc(-c3ccccc3)c2C)C(F)(F)C(F)(F)C1(F)F
Asai et al. 2012 - Practical synthesis of photochromic diarylethenes in integrated flow microreactor systems,29,halogen-metal exchange,tetrahydrofuran,flow microreactor,10.1002/cssc.201100376,2012.0,tR2,,10.0,,-30,Cc1sc(-c2ccccc2)nc1Br,n-BuLi,heteroaryllithium,octafluorocyclopentene,synthetic,Cc1sc(-c2ccccc2)nc1C1=C(c2c(C)sc(-c3ccccc3)c2C)C(F)(F)C(F)(F)C1(F)F,0.10,0.42,1.05,0.15,Cc1sc(-c2ccccc2)nc1Br,CCCC[Li],Cc1sc(-c2ccccc2)nc1[Li],FC1=C(F)C(F)(F)C(F)(F)C1(F)F,Cc1sc(-c2ccccc2)nc1C1=C(c2c(C)sc(-c3ccccc3)c2C)C(F)(F)C(F)(F)C1(F)F
Asai et al. 2012 - Practical synthesis of photochromic diarylethenes in integrated flow microreactor systems,0,halogen-metal exchange,tetrahydrofuran,flow microreactor,10.1002/cssc.201100376,2012.0,tR2,,0.0316,,-40,Cc1sc(-c2ccccc2)nc1Br,n-BuLi,heteroaryllithium,octafluorocyclopentene,synthetic,Cc1sc(-c2ccccc2)nc1C1=C(c2c(C)sc(-c3ccccc3)c2C)C(F)(F)C(F)(F)C1(F)F,0.10,0.42,1.05,0.15,Cc1sc(-c2ccccc2)nc1Br,CCCC[Li],Cc1sc(-c2ccccc2)nc1[Li],FC1=C(F)C(F)(F)C(F)(F)C1(F)F,Cc1sc(-c2ccccc2)nc1C1=C(c2c(C)sc(-c3ccccc3)c2C)C(F)(F)C(F)(F)C1(F)F
Asai et al. 2012 - Practical synthesis of photochromic diarylethenes in integrated flow microreactor systems,0,halogen-metal exchange,tetrahydrofuran,flow microreactor,10.1002/cssc.201100376,2012.0,tR2,,0.316,,-40,Cc1sc(-c2ccccc2)nc1Br,n-BuLi,heteroaryllithium,octafluorocyclopentene,synthetic,Cc1sc(-c2ccccc2)nc1C1=C(c2c(C)sc(-c3ccccc3)c2C)C(F)(F)C(F)(F)C1(F)F,0.10,0.42,1.05,0.15,Cc1sc(-c2ccccc2)nc1Br,CCCC[Li],Cc1sc(-c2ccccc2)nc1[Li],FC1=C(F)C(F)(F)C(F)(F)C1(F)F,Cc1sc(-c2ccccc2)nc1C1=C(c2c(C)sc(-c3ccccc3)c2C)C(F)(F)C(F)(F)C1(F)F
Asai et al. 2012 - Practical synthesis of photochromic diarylethenes in integrated flow microreactor systems,1,halogen-metal exchange,tetrahydrofuran,flow microreactor,10.1002/cssc.201100376,2012.0,tR2,,1.0,,-40,Cc1sc(-c2ccccc2)nc1Br,n-BuLi,heteroaryllithium,octafluorocyclopentene,synthetic,Cc1sc(-c2ccccc2)nc1C1=C(c2c(C)sc(-c3ccccc3)c2C)C(F)(F)C(F)(F)C1(F)F,0.10,0.42,1.05,0.15,Cc1sc(-c2ccccc2)nc1Br,CCCC[Li],Cc1sc(-c2ccccc2)nc1[Li],FC1=C(F)C(F)(F)C(F)(F)C1(F)F,Cc1sc(-c2ccccc2)nc1C1=C(c2c(C)sc(-c3ccccc3)c2C)C(F)(F)C(F)(F)C1(F)F
Asai et al. 2012 - Practical synthesis of photochromic diarylethenes in integrated flow microreactor systems,10,halogen-metal exchange,tetrahydrofuran,flow microreactor,10.1002/cssc.201100376,2012.0,tR2,,3.16,,-40,Cc1sc(-c2ccccc2)nc1Br,n-BuLi,heteroaryllithium,octafluorocyclopentene,synthetic,Cc1sc(-c2ccccc2)nc1C1=C(c2c(C)sc(-c3ccccc3)c2C)C(F)(F)C(F)(F)C1(F)F,0.10,0.42,1.05,0.15,Cc1sc(-c2ccccc2)nc1Br,CCCC[Li],Cc1sc(-c2ccccc2)nc1[Li],FC1=C(F)C(F)(F)C(F)(F)C1(F)F,Cc1sc(-c2ccccc2)nc1C1=C(c2c(C)sc(-c3ccccc3)c2C)C(F)(F)C(F)(F)C1(F)F
Asai et al. 2012 - Practical synthesis of photochromic diarylethenes in integrated flow microreactor systems,26,halogen-metal exchange,tetrahydrofuran,flow microreactor,10.1002/cssc.201100376,2012.0,tR2,,10.0,,-40,Cc1sc(-c2ccccc2)nc1Br,n-BuLi,heteroaryllithium,octafluorocyclopentene,synthetic,Cc1sc(-c2ccccc2)nc1C1=C(c2c(C)sc(-c3ccccc3)c2C)C(F)(F)C(F)(F)C1(F)F,0.10,0.42,1.05,0.15,Cc1sc(-c2ccccc2)nc1Br,CCCC[Li],Cc1sc(-c2ccccc2)nc1[Li],FC1=C(F)C(F)(F)C(F)(F)C1(F)F,Cc1sc(-c2ccccc2)nc1C1=C(c2c(C)sc(-c3ccccc3)c2C)C(F)(F)C(F)(F)C1(F)F
80,92,C-C coupling,tetrahydrofuran,monolithic flow reactor,,2019.0,tR_generic,60,,120,,bromobenzene,n-BuLi,aryllithium (then borylated to arylboronate),p-iodobenzonitrile,synthetic,biphenyl-4-carbonitrile,,0.50,,,Brc1ccccc1,CCCC[Li],[Li]c1ccccc1,N#Cc1ccc(I)cc1,N#Cc1ccc(-c2ccccc2)cc1
80,95,C-C coupling,tetrahydrofuran,monolithic flow reactor,,2019.0,tR_generic,95,,120,,bromobenzene,n-BuLi,aryllithium (then borylated to arylboronate),p-iodobenzonitrile,synthetic,biphenyl-4-carbonitrile,,0.50,,,Brc1ccccc1,CCCC[Li],[Li]c1ccccc1,N#Cc1ccc(I)cc1,N#Cc1ccc(-c2ccccc2)cc1
80,93,C-C coupling,tetrahydrofuran,monolithic flow reactor,,2019.0,tR_generic,239,,120,,bromobenzene,n-BuLi,aryllithium (then borylated to arylboronate),p-iodobenzonitrile,synthetic,biphenyl-4-carbonitrile,,0.50,,,Brc1ccccc1,CCCC[Li],[Li]c1ccccc1,N#Cc1ccc(I)cc1,N#Cc1ccc(-c2ccccc2)cc1
80,100,C-C coupling,tetrahydrofuran,monolithic flow reactor,,2019.0,tR_generic,600,,120,,bromobenzene,n-BuLi,aryllithium (then borylated to arylboronate),p-iodobenzonitrile,synthetic,biphenyl-4-carbonitrile,,0.50,,,Brc1ccccc1,CCCC[Li],[Li]c1ccccc1,N#Cc1ccc(I)cc1,N#Cc1ccc(-c2ccccc2)cc1
80,66,C-C coupling,tetrahydrofuran,monolithic flow reactor,,2019.0,tR_generic,60,,100,,bromobenzene,n-BuLi,aryllithium (then borylated to arylboronate),p-iodobenzonitrile,synthetic,biphenyl-4-carbonitrile,,0.50,,,Brc1ccccc1,CCCC[Li],[Li]c1ccccc1,N#Cc1ccc(I)cc1,N#Cc1ccc(-c2ccccc2)cc1
80,81,C-C coupling,tetrahydrofuran,monolithic flow reactor,,2019.0,tR_generic,95,,100,,bromobenzene,n-BuLi,aryllithium (then borylated to arylboronate),p-iodobenzonitrile,synthetic,biphenyl-4-carbonitrile,,0.50,,,Brc1ccccc1,CCCC[Li],[Li]c1ccccc1,N#Cc1ccc(I)cc1,N#Cc1ccc(-c2ccccc2)cc1
80,96,C-C coupling,tetrahydrofuran,monolithic flow reactor,,2019.0,tR_generic,239,,100,,bromobenzene,n-BuLi,aryllithium (then borylated to arylboronate),p-iodobenzonitrile,synthetic,biphenyl-4-carbonitrile,,0.50,,,Brc1ccccc1,CCCC[Li],[Li]c1ccccc1,N#Cc1ccc(I)cc1,N#Cc1ccc(-c2ccccc2)cc1
80,96,C-C coupling,tetrahydrofuran,monolithic flow reactor,,2019.0,tR_generic,600,,100,,bromobenzene,n-BuLi,aryllithium (then borylated to arylboronate),p-iodobenzonitrile,synthetic,biphenyl-4-carbonitrile,,0.50,,,Brc1ccccc1,CCCC[Li],[Li]c1ccccc1,N#Cc1ccc(I)cc1,N#Cc1ccc(-c2ccccc2)cc1
80,30,C-C coupling,tetrahydrofuran,monolithic flow reactor,,2019.0,tR_generic,60,,80,,bromobenzene,n-BuLi,aryllithium (then borylated to arylboronate),p-iodobenzonitrile,synthetic,biphenyl-4-carbonitrile,,0.50,,,Brc1ccccc1,CCCC[Li],[Li]c1ccccc1,N#Cc1ccc(I)cc1,N#Cc1ccc(-c2ccccc2)cc1
80,39,C-C coupling,tetrahydrofuran,monolithic flow reactor,,2019.0,tR_generic,95,,80,,bromobenzene,n-BuLi,aryllithium (then borylated to arylboronate),p-iodobenzonitrile,synthetic,biphenyl-4-carbonitrile,,0.50,,,Brc1ccccc1,CCCC[Li],[Li]c1ccccc1,N#Cc1ccc(I)cc1,N#Cc1ccc(-c2ccccc2)cc1
80,81,C-C coupling,tetrahydrofuran,monolithic flow reactor,,2019.0,tR_generic,239,,80,,bromobenzene,n-BuLi,aryllithium (then borylated to arylboronate),p-iodobenzonitrile,synthetic,biphenyl-4-carbonitrile,,0.50,,,Brc1ccccc1,CCCC[Li],[Li]c1ccccc1,N#Cc1ccc(I)cc1,N#Cc1ccc(-c2ccccc2)cc1
80,81,C-C coupling,tetrahydrofuran,monolithic flow reactor,,2019.0,tR_generic,600,,80,,bromobenzene,n-BuLi,aryllithium (then borylated to arylboronate),p-iodobenzonitrile,synthetic,biphenyl-4-carbonitrile,,0.50,,,Brc1ccccc1,CCCC[Li],[Li]c1ccccc1,N#Cc1ccc(I)cc1,N#Cc1ccc(-c2ccccc2)cc1
80,0,C-C coupling,tetrahydrofuran,monolithic flow reactor,,2019.0,tR_generic,60,,60,,bromobenzene,n-BuLi,aryllithium (then borylated to arylboronate),p-iodobenzonitrile,synthetic,biphenyl-4-carbonitrile,,0.50,,,Brc1ccccc1,CCCC[Li],[Li]c1ccccc1,N#Cc1ccc(I)cc1,N#Cc1ccc(-c2ccccc2)cc1
80,0,C-C coupling,tetrahydrofuran,monolithic flow reactor,,2019.0,tR_generic,95,,60,,bromobenzene,n-BuLi,aryllithium (then borylated to arylboronate),p-iodobenzonitrile,synthetic,biphenyl-4-carbonitrile,,0.50,,,Brc1ccccc1,CCCC[Li],[Li]c1ccccc1,N#Cc1ccc(I)cc1,N#Cc1ccc(-c2ccccc2)cc1
80,14,C-C coupling,tetrahydrofuran,monolithic flow reactor,,2019.0,tR_generic,239,,60,,bromobenzene,n-BuLi,aryllithium (then borylated to arylboronate),p-iodobenzonitrile,synthetic,biphenyl-4-carbonitrile,,0.50,,,Brc1ccccc1,CCCC[Li],[Li]c1ccccc1,N#Cc1ccc(I)cc1,N#Cc1ccc(-c2ccccc2)cc1
80,37,C-C coupling,tetrahydrofuran,monolithic flow reactor,,2019.0,tR_generic,600,,60,,bromobenzene,n-BuLi,aryllithium (then borylated to arylboronate),p-iodobenzonitrile,synthetic,biphenyl-4-carbonitrile,,0.50,,,Brc1ccccc1,CCCC[Li],[Li]c1ccccc1,N#Cc1ccc(I)cc1,N#Cc1ccc(-c2ccccc2)cc1
80,89,C-C coupling,tetrahydrofuran,flow microreactor,,2019.0,tR_generic,60,,120,,bromobenzene,n-BuLi,aryllithium (then borylated to arylboronate),p-iodobenzonitrile,synthetic,biphenyl-4-carbonitrile,,0.50,,,Brc1ccccc1,CCCC[Li],[Li]c1ccccc1,N#Cc1ccc(I)cc1,N#Cc1ccc(-c2ccccc2)cc1
80,92,C-C coupling,tetrahydrofuran,flow microreactor,,2019.0,tR_generic,95,,120,,bromobenzene,n-BuLi,aryllithium (then borylated to arylboronate),p-iodobenzonitrile,synthetic,biphenyl-4-carbonitrile,,0.50,,,Brc1ccccc1,CCCC[Li],[Li]c1ccccc1,N#Cc1ccc(I)cc1,N#Cc1ccc(-c2ccccc2)cc1
80,99,C-C coupling,tetrahydrofuran,flow microreactor,,2019.0,tR_generic,239,,120,,bromobenzene,n-BuLi,aryllithium (then borylated to arylboronate),p-iodobenzonitrile,synthetic,biphenyl-4-carbonitrile,,0.50,,,Brc1ccccc1,CCCC[Li],[Li]c1ccccc1,N#Cc1ccc(I)cc1,N#Cc1ccc(-c2ccccc2)cc1
80,99,C-C coupling,tetrahydrofuran,flow microreactor,,2019.0,tR_generic,600,,120,,bromobenzene,n-BuLi,aryllithium (then borylated to arylboronate),p-iodobenzonitrile,synthetic,biphenyl-4-carbonitrile,,0.50,,,Brc1ccccc1,CCCC[Li],[Li]c1ccccc1,N#Cc1ccc(I)cc1,N#Cc1ccc(-c2ccccc2)cc1
80,67,C-C coupling,tetrahydrofuran,flow microreactor,,2019.0,tR_generic,60,,100,,bromobenzene,n-BuLi,aryllithium (then borylated to arylboronate),p-iodobenzonitrile,synthetic,biphenyl-4-carbonitrile,,0.50,,,Brc1ccccc1,CCCC[Li],[Li]c1ccccc1,N#Cc1ccc(I)cc1,N#Cc1ccc(-c2ccccc2)cc1
80,87,C-C coupling,tetrahydrofuran,flow microreactor,,2019.0,tR_generic,95,,100,,bromobenzene,n-BuLi,aryllithium (then borylated to arylboronate),p-iodobenzonitrile,synthetic,biphenyl-4-carbonitrile,,0.50,,,Brc1ccccc1,CCCC[Li],[Li]c1ccccc1,N#Cc1ccc(I)cc1,N#Cc1ccc(-c2ccccc2)cc1
80,100,C-C coupling,tetrahydrofuran,flow microreactor,,2019.0,tR_generic,239,,100,,bromobenzene,n-BuLi,aryllithium (then borylated to arylboronate),p-iodobenzonitrile,synthetic,biphenyl-4-carbonitrile,,0.50,,,Brc1ccccc1,CCCC[Li],[Li]c1ccccc1,N#Cc1ccc(I)cc1,N#Cc1ccc(-c2ccccc2)cc1
80,98,C-C coupling,tetrahydrofuran,flow microreactor,,2019.0,tR_generic,600,,100,,bromobenzene,n-BuLi,aryllithium (then borylated to arylboronate),p-iodobenzonitrile,synthetic,biphenyl-4-carbonitrile,,0.50,,,Brc1ccccc1,CCCC[Li],[Li]c1ccccc1,N#Cc1ccc(I)cc1,N#Cc1ccc(-c2ccccc2)cc1
80,61,C-C coupling,tetrahydrofuran,flow microreactor,,2019.0,tR_generic,60,,80,,bromobenzene,n-BuLi,aryllithium (then borylated to arylboronate),p-iodobenzonitrile,synthetic,biphenyl-4-carbonitrile,,0.50,,,Brc1ccccc1,CCCC[Li],[Li]c1ccccc1,N#Cc1ccc(I)cc1,N#Cc1ccc(-c2ccccc2)cc1
80,74,C-C coupling,tetrahydrofuran,flow microreactor,,2019.0,tR_generic,95,,80,,bromobenzene,n-BuLi,aryllithium (then borylated to arylboronate),p-iodobenzonitrile,synthetic,biphenyl-4-carbonitrile,,0.50,,,Brc1ccccc1,CCCC[Li],[Li]c1ccccc1,N#Cc1ccc(I)cc1,N#Cc1ccc(-c2ccccc2)cc1
80,92,C-C coupling,tetrahydrofuran,flow microreactor,,2019.0,tR_generic,239,,80,,bromobenzene,n-BuLi,aryllithium (then borylated to arylboronate),p-iodobenzonitrile,synthetic,biphenyl-4-carbonitrile,,0.50,,,Brc1ccccc1,CCCC[Li],[Li]c1ccccc1,N#Cc1ccc(I)cc1,N#Cc1ccc(-c2ccccc2)cc1
80,100,C-C coupling,tetrahydrofuran,flow microreactor,,2019.0,tR_generic,600,,80,,bromobenzene,n-BuLi,aryllithium (then borylated to arylboronate),p-iodobenzonitrile,synthetic,biphenyl-4-carbonitrile,,0.50,,,Brc1ccccc1,CCCC[Li],[Li]c1ccccc1,N#Cc1ccc(I)cc1,N#Cc1ccc(-c2ccccc2)cc1
80,50,C-C coupling,tetrahydrofuran,flow microreactor,,2019.0,tR_generic,60,,60,,bromobenzene,n-BuLi,aryllithium (then borylated to arylboronate),p-iodobenzonitrile,synthetic,biphenyl-4-carbonitrile,,0.50,,,Brc1ccccc1,CCCC[Li],[Li]c1ccccc1,N#Cc1ccc(I)cc1,N#Cc1ccc(-c2ccccc2)cc1
80,60,C-C coupling,tetrahydrofuran,flow microreactor,,2019.0,tR_generic,95,,60,,bromobenzene,n-BuLi,aryllithium (then borylated to arylboronate),p-iodobenzonitrile,synthetic,biphenyl-4-carbonitrile,,0.50,,,Brc1ccccc1,CCCC[Li],[Li]c1ccccc1,N#Cc1ccc(I)cc1,N#Cc1ccc(-c2ccccc2)cc1
80,76,C-C coupling,tetrahydrofuran,flow microreactor,,2019.0,tR_generic,239,,60,,bromobenzene,n-BuLi,aryllithium (then borylated to arylboronate),p-iodobenzonitrile,synthetic,biphenyl-4-carbonitrile,,0.50,,,Brc1ccccc1,CCCC[Li],[Li]c1ccccc1,N#Cc1ccc(I)cc1,N#Cc1ccc(-c2ccccc2)cc1
80,82,C-C coupling,tetrahydrofuran,flow microreactor,,2019.0,tR_generic,600,,60,,bromobenzene,n-BuLi,aryllithium (then borylated to arylboronate),p-iodobenzonitrile,synthetic,biphenyl-4-carbonitrile,,0.50,,,Brc1ccccc1,CCCC[Li],[Li]c1ccccc1,N#Cc1ccc(I)cc1,N#Cc1ccc(-c2ccccc2)cc1
Asai et al. 2012 - Practical synthesis of photochromic diarylethenes in integrated flow microreactor systems,0,halogen-metal exchange,tetrahydrofuran,flow microreactor,10.1002/cssc.201100376,2012.0,tR2,,0.0316,,20,Cc1sc(-c2ccccc2)nc1Br,n-BuLi,heteroaryllithium,octafluorocyclopentene,synthetic,Cc1sc(-c2ccccc2)nc1C1=C(c2c(C)sc(-c3ccccc3)c2C)C(F)(F)C(F)(F)C1(F)F,0.10,0.42,1.05,0.15,Cc1sc(-c2ccccc2)nc1Br,CCCC[Li],Cc1sc(-c2ccccc2)nc1[Li],FC1=C(F)C(F)(F)C(F)(F)C1(F)F,Cc1sc(-c2ccccc2)nc1C1=C(c2c(C)sc(-c3ccccc3)c2C)C(F)(F)C(F)(F)C1(F)F
Asai et al. 2012 - Practical synthesis of photochromic diarylethenes in integrated flow microreactor systems,10,halogen-metal exchange,tetrahydrofuran,flow microreactor,10.1002/cssc.201100376,2012.0,tR2,,1.0,,20,Cc1sc(-c2ccccc2)nc1Br,n-BuLi,heteroaryllithium,octafluorocyclopentene,synthetic,Cc1sc(-c2ccccc2)nc1C1=C(c2c(C)sc(-c3ccccc3)c2C)C(F)(F)C(F)(F)C1(F)F,0.10,0.42,1.05,0.15,Cc1sc(-c2ccccc2)nc1Br,CCCC[Li],Cc1sc(-c2ccccc2)nc1[Li],FC1=C(F)C(F)(F)C(F)(F)C1(F)F,Cc1sc(-c2ccccc2)nc1C1=C(c2c(C)sc(-c3ccccc3)c2C)C(F)(F)C(F)(F)C1(F)F
Asai et al. 2012 - Practical synthesis of photochromic diarylethenes in integrated flow microreactor systems,13,halogen-metal exchange,tetrahydrofuran,flow microreactor,10.1002/cssc.201100376,2012.0,tR2,,10.0,,20,Cc1sc(-c2ccccc2)nc1Br,n-BuLi,heteroaryllithium,octafluorocyclopentene,synthetic,Cc1sc(-c2ccccc2)nc1C1=C(c2c(C)sc(-c3ccccc3)c2C)C(F)(F)C(F)(F)C1(F)F,0.10,0.42,1.05,0.15,Cc1sc(-c2ccccc2)nc1Br,CCCC[Li],Cc1sc(-c2ccccc2)nc1[Li],FC1=C(F)C(F)(F)C(F)(F)C1(F)F,Cc1sc(-c2ccccc2)nc1C1=C(c2c(C)sc(-c3ccccc3)c2C)C(F)(F)C(F)(F)C1(F)F
Asai et al. 2012 - Practical synthesis of photochromic diarylethenes in integrated flow microreactor systems,0,halogen-metal exchange,tetrahydrofuran,flow microreactor,10.1002/cssc.201100376,2012.0,tR2,,0.0316,,0,Cc1sc(-c2ccccc2)nc1Br,n-BuLi,heteroaryllithium,octafluorocyclopentene,synthetic,Cc1sc(-c2ccccc2)nc1C1=C(c2c(C)sc(-c3ccccc3)c2C)C(F)(F)C(F)(F)C1(F)F,0.10,0.42,1.05,0.15,Cc1sc(-c2ccccc2)nc1Br,CCCC[Li],Cc1sc(-c2ccccc2)nc1[Li],FC1=C(F)C(F)(F)C(F)(F)C1(F)F,Cc1sc(-c2ccccc2)nc1C1=C(c2c(C)sc(-c3ccccc3)c2C)C(F)(F)C(F)(F)C1(F)F
Asai et al. 2012 - Practical synthesis of photochromic diarylethenes in integrated flow microreactor systems,15,halogen-metal exchange,tetrahydrofuran,flow microreactor,10.1002/cssc.201100376,2012.0,tR2,,1.0,,0,Cc1sc(-c2ccccc2)nc1Br,n-BuLi,heteroaryllithium,octafluorocyclopentene,synthetic,Cc1sc(-c2ccccc2)nc1C1=C(c2c(C)sc(-c3ccccc3)c2C)C(F)(F)C(F)(F)C1(F)F,0.10,0.42,1.05,0.15,Cc1sc(-c2ccccc2)nc1Br,CCCC[Li],Cc1sc(-c2ccccc2)nc1[Li],FC1=C(F)C(F)(F)C(F)(F)C1(F)F,Cc1sc(-c2ccccc2)nc1C1=C(c2c(C)sc(-c3ccccc3)c2C)C(F)(F)C(F)(F)C1(F)F
Asai et al. 2012 - Practical synthesis of photochromic diarylethenes in integrated flow microreactor systems,26,halogen-metal exchange,tetrahydrofuran,flow microreactor,10.1002/cssc.201100376,2012.0,tR2,,10.0,,0,Cc1sc(-c2ccccc2)nc1Br,n-BuLi,heteroaryllithium,octafluorocyclopentene,synthetic,Cc1sc(-c2ccccc2)nc1C1=C(c2c(C)sc(-c3ccccc3)c2C)C(F)(F)C(F)(F)C1(F)F,0.10,0.42,1.05,0.15,Cc1sc(-c2ccccc2)nc1Br,CCCC[Li],Cc1sc(-c2ccccc2)nc1[Li],FC1=C(F)C(F)(F)C(F)(F)C1(F)F,Cc1sc(-c2ccccc2)nc1C1=C(c2c(C)sc(-c3ccccc3)c2C)C(F)(F)C(F)(F)C1(F)F
Asai et al. 2012 - Practical synthesis of photochromic diarylethenes in integrated flow microreactor systems,0,halogen-metal exchange,tetrahydrofuran,flow microreactor,10.1002/cssc.201100376,2012.0,tR2,,0.0316,,-30,Cc1sc(-c2ccccc2)nc1Br,n-BuLi,heteroaryllithium,octafluorocyclopentene,synthetic,Cc1sc(-c2ccccc2)nc1C1=C(c2c(C)sc(-c3ccccc3)c2C)C(F)(F)C(F)(F)C1(F)F,0.10,0.42,1.05,0.15,Cc1sc(-c2ccccc2)nc1Br,CCCC[Li],Cc1sc(-c2ccccc2)nc1[Li],FC1=C(F)C(F)(F)C(F)(F)C1(F)F,Cc1sc(-c2ccccc2)nc1C1=C(c2c(C)sc(-c3ccccc3)c2C)C(F)(F)C(F)(F)C1(F)F
Asai et al. 2012 - Practical synthesis of photochromic diarylethenes in integrated flow microreactor systems,0,halogen-metal exchange,tetrahydrofuran,flow microreactor,10.1002/cssc.201100376,2012.0,tR2,,1.0,,-30,Cc1sc(-c2ccccc2)nc1Br,n-BuLi,heteroaryllithium,octafluorocyclopentene,synthetic,Cc1sc(-c2ccccc2)nc1C1=C(c2c(C)sc(-c3ccccc3)c2C)C(F)(F)C(F)(F)C1(F)F,0.10,0.42,1.05,0.15,Cc1sc(-c2ccccc2)nc1Br,CCCC[Li],Cc1sc(-c2ccccc2)nc1[Li],FC1=C(F)C(F)(F)C(F)(F)C1(F)F,Cc1sc(-c2ccccc2)nc1C1=C(c2c(C)sc(-c3ccccc3)c2C)C(F)(F)C(F)(F)C1(F)F
Asai et al. 2012 - Practical synthesis of photochromic diarylethenes in integrated flow microreactor systems,15,halogen-metal exchange,tetrahydrofuran,flow microreactor,10.1002/cssc.201100376,2012.0,tR2,,10.0,,-30,Cc1sc(-c2ccccc2)nc1Br,n-BuLi,heteroaryllithium,octafluorocyclopentene,synthetic,Cc1sc(-c2ccccc2)nc1C1=C(c2c(C)sc(-c3ccccc3)c2C)C(F)(F)C(F)(F)C1(F)F,0.10,0.42,1.05,0.15,Cc1sc(-c2ccccc2)nc1Br,CCCC[Li],Cc1sc(-c2ccccc2)nc1[Li],FC1=C(F)C(F)(F)C(F)(F)C1(F)F,Cc1sc(-c2ccccc2)nc1C1=C(c2c(C)sc(-c3ccccc3)c2C)C(F)(F)C(F)(F)C1(F)F
Asai et al. 2012 - Practical synthesis of photochromic diarylethenes in integrated flow microreactor systems,0,halogen-metal exchange,tetrahydrofuran,flow microreactor,10.1002/cssc.201100376,2012.0,tR2,,0.0316,,-40,Cc1sc(-c2ccccc2)nc1Br,n-BuLi,heteroaryllithium,octafluorocyclopentene,synthetic,Cc1sc(-c2ccccc2)nc1C1=C(c2c(C)sc(-c3ccccc3)c2C)C(F)(F)C(F)(F)C1(F)F,0.10,0.42,1.05,0.15,Cc1sc(-c2ccccc2)nc1Br,CCCC[Li],Cc1sc(-c2ccccc2)nc1[Li],FC1=C(F)C(F)(F)C(F)(F)C1(F)F,Cc1sc(-c2ccccc2)nc1C1=C(c2c(C)sc(-c3ccccc3)c2C)C(F)(F)C(F)(F)C1(F)F
Asai et al. 2012 - Practical synthesis of photochromic diarylethenes in integrated flow microreactor systems,0,halogen-metal exchange,tetrahydrofuran,flow microreactor,10.1002/cssc.201100376,2012.0,tR2,,1.0,,-40,Cc1sc(-c2ccccc2)nc1Br,n-BuLi,heteroaryllithium,octafluorocyclopentene,synthetic,Cc1sc(-c2ccccc2)nc1C1=C(c2c(C)sc(-c3ccccc3)c2C)C(F)(F)C(F)(F)C1(F)F,0.10,0.42,1.05,0.15,Cc1sc(-c2ccccc2)nc1Br,CCCC[Li],Cc1sc(-c2ccccc2)nc1[Li],FC1=C(F)C(F)(F)C(F)(F)C1(F)F,Cc1sc(-c2ccccc2)nc1C1=C(c2c(C)sc(-c3ccccc3)c2C)C(F)(F)C(F)(F)C1(F)F
Asai et al. 2012 - Practical synthesis of photochromic diarylethenes in integrated flow microreactor systems,0,halogen-metal exchange,tetrahydrofuran,flow microreactor,10.1002/cssc.201100376,2012.0,tR2,,10.0,,-40,Cc1sc(-c2ccccc2)nc1Br,n-BuLi,heteroaryllithium,octafluorocyclopentene,synthetic,Cc1sc(-c2ccccc2)nc1C1=C(c2c(C)sc(-c3ccccc3)c2C)C(F)(F)C(F)(F)C1(F)F,0.10,0.42,1.05,0.15,Cc1sc(-c2ccccc2)nc1Br,CCCC[Li],Cc1sc(-c2ccccc2)nc1[Li],FC1=C(F)C(F)(F)C(F)(F)C1(F)F,Cc1sc(-c2ccccc2)nc1C1=C(c2c(C)sc(-c3ccccc3)c2C)C(F)(F)C(F)(F)C1(F)F
Nagaki et al. 2019 - Alkyllithium compounds bearing electrophilic functional groups - A flash chemistry approach (Angew Chem),58,halogen-metal exchange,THF,flow microreactor,,2019,tR1,0.003,,0,,,s-BuLi,alkyllithium bearing EWG,tributylstannyl chloride,synthetic,,,,,,,CCC([Li])C,,,
Nagaki et al. 2019 - Alkyllithium compounds bearing electrophilic functional groups - A flash chemistry approach (Angew Chem),53,halogen-metal exchange,THF,flow microreactor,,2019,tR1,0.01,,0,,,s-BuLi,alkyllithium bearing EWG,tributylstannyl chloride,synthetic,,,,,,,CCC([Li])C,,,
Nagaki et al. 2019 - Alkyllithium compounds bearing electrophilic functional groups - A flash chemistry approach (Angew Chem),39,halogen-metal exchange,THF,flow microreactor,,2019,tR1,0.032,,0,,,s-BuLi,alkyllithium bearing EWG,tributylstannyl chloride,synthetic,,,,,,,CCC([Li])C,,,
Nagaki et al. 2019 - Alkyllithium compounds bearing electrophilic functional groups - A flash chemistry approach (Angew Chem),47,halogen-metal exchange,THF,flow microreactor,,2019,tR1,0.1,,0,,,s-BuLi,alkyllithium bearing EWG,tributylstannyl chloride,synthetic,,,,,,,CCC([Li])C,,,
Nagaki et al. 2019 - Alkyllithium compounds bearing electrophilic functional groups - A flash chemistry approach (Angew Chem),7,halogen-metal exchange,THF,flow microreactor,,2019,tR1,1.0,,0,,,s-BuLi,alkyllithium bearing EWG,tributylstannyl chloride,synthetic,,,,,,,CCC([Li])C,,,
Nagaki et al. 2019 - Alkyllithium compounds bearing electrophilic functional groups - A flash chemistry approach (Angew Chem),1,halogen-metal exchange,THF,flow microreactor,,2019,tR1,10.0,,0,,,s-BuLi,alkyllithium bearing EWG,tributylstannyl chloride,synthetic,,,,,,,CCC([Li])C,,,
Nagaki et al. 2019 - Alkyllithium compounds bearing electrophilic functional groups - A flash chemistry approach (Angew Chem),56,halogen-metal exchange,THF,flow microreactor,,2019,tR1,0.003,,-20,,,s-BuLi,alkyllithium bearing EWG,tributylstannyl chloride,synthetic,,,,,,,CCC([Li])C,,,
Nagaki et al. 2019 - Alkyllithium compounds bearing electrophilic functional groups - A flash chemistry approach (Angew Chem),62,halogen-metal exchange,THF,flow microreactor,,2019,tR1,0.01,,-20,,,s-BuLi,alkyllithium bearing EWG,tributylstannyl chloride,synthetic,,,,,,,CCC([Li])C,,,
Nagaki et al. 2019 - Alkyllithium compounds bearing electrophilic functional groups - A flash chemistry approach (Angew Chem),57,halogen-metal exchange,THF,flow microreactor,,2019,tR1,0.032,,-20,,,s-BuLi,alkyllithium bearing EWG,tributylstannyl chloride,synthetic,,,,,,,CCC([Li])C,,,
Nagaki et al. 2019 - Alkyllithium compounds bearing electrophilic functional groups - A flash chemistry approach (Angew Chem),52,halogen-metal exchange,THF,flow microreactor,,2019,tR1,0.1,,-20,,,s-BuLi,alkyllithium bearing EWG,tributylstannyl chloride,synthetic,,,,,,,CCC([Li])C,,,
Nagaki et al. 2019 - Alkyllithium compounds bearing electrophilic functional groups - A flash chemistry approach (Angew Chem),25,halogen-metal exchange,THF,flow microreactor,,2019,tR1,1.0,,-20,,,s-BuLi,alkyllithium bearing EWG,tributylstannyl chloride,synthetic,,,,,,,CCC([Li])C,,,
Nagaki et al. 2019 - Alkyllithium compounds bearing electrophilic functional groups - A flash chemistry approach (Angew Chem),15,halogen-metal exchange,THF,flow microreactor,,2019,tR1,10.0,,-20,,,s-BuLi,alkyllithium bearing EWG,tributylstannyl chloride,synthetic,,,,,,,CCC([Li])C,,,
Nagaki et al. 2019 - Alkyllithium compounds bearing electrophilic functional groups - A flash chemistry approach (Angew Chem),66,halogen-metal exchange,THF,flow microreactor,,2019,tR1,0.003,,-40,,,s-BuLi,alkyllithium bearing EWG,tributylstannyl chloride,synthetic,,,,,,,CCC([Li])C,,,
Nagaki et al. 2019 - Alkyllithium compounds bearing electrophilic functional groups - A flash chemistry approach (Angew Chem),69,halogen-metal exchange,THF,flow microreactor,,2019,tR1,0.01,,-40,,,s-BuLi,alkyllithium bearing EWG,tributylstannyl chloride,synthetic,,,,,,,CCC([Li])C,,,
Nagaki et al. 2019 - Alkyllithium compounds bearing electrophilic functional groups - A flash chemistry approach (Angew Chem),66,halogen-metal exchange,THF,flow microreactor,,2019,tR1,0.032,,-40,,,s-BuLi,alkyllithium bearing EWG,tributylstannyl chloride,synthetic,,,,,,,CCC([Li])C,,,
Nagaki et al. 2019 - Alkyllithium compounds bearing electrophilic functional groups - A flash chemistry approach (Angew Chem),53,halogen-metal exchange,THF,flow microreactor,,2019,tR1,0.1,,-40,,,s-BuLi,alkyllithium bearing EWG,tributylstannyl chloride,synthetic,,,,,,,CCC([Li])C,,,
Nagaki et al. 2019 - Alkyllithium compounds bearing electrophilic functional groups - A flash chemistry approach (Angew Chem),50,halogen-metal exchange,THF,flow microreactor,,2019,tR1,1.0,,-40,,,s-BuLi,alkyllithium bearing EWG,tributylstannyl chloride,synthetic,,,,,,,CCC([Li])C,,,
Nagaki et al. 2019 - Alkyllithium compounds bearing electrophilic functional groups - A flash chemistry approach (Angew Chem),24,halogen-metal exchange,THF,flow microreactor,,2019,tR1,10.0,,-40,,,s-BuLi,alkyllithium bearing EWG,tributylstannyl chloride,synthetic,,,,,,,CCC([Li])C,,,
Nagaki et al. 2019 - Alkyllithium compounds bearing electrophilic functional groups - A flash chemistry approach (Angew Chem),50,halogen-metal exchange,THF,flow microreactor,,2019,tR1,0.003,,-60,,,s-BuLi,alkyllithium bearing EWG,tributylstannyl chloride,synthetic,,,,,,,CCC([Li])C,,,
Nagaki et al. 2019 - Alkyllithium compounds bearing electrophilic functional groups - A flash chemistry approach (Angew Chem),79,halogen-metal exchange,THF,flow microreactor,,2019,tR1,0.01,,-60,,,s-BuLi,alkyllithium bearing EWG,tributylstannyl chloride,synthetic,,,,,,,CCC([Li])C,,,
Nagaki et al. 2019 - Alkyllithium compounds bearing electrophilic functional groups - A flash chemistry approach (Angew Chem),69,halogen-metal exchange,THF,flow microreactor,,2019,tR1,0.032,,-60,,,s-BuLi,alkyllithium bearing EWG,tributylstannyl chloride,synthetic,,,,,,,CCC([Li])C,,,
Nagaki et al. 2019 - Alkyllithium compounds bearing electrophilic functional groups - A flash chemistry approach (Angew Chem),64,halogen-metal exchange,THF,flow microreactor,,2019,tR1,0.1,,-60,,,s-BuLi,alkyllithium bearing EWG,tributylstannyl chloride,synthetic,,,,,,,CCC([Li])C,,,
Nagaki et al. 2019 - Alkyllithium compounds bearing electrophilic functional groups - A flash chemistry approach (Angew Chem),56,halogen-metal exchange,THF,flow microreactor,,2019,tR1,1.0,,-60,,,s-BuLi,alkyllithium bearing EWG,tributylstannyl chloride,synthetic,,,,,,,CCC([Li])C,,,
Nagaki et al. 2019 - Alkyllithium compounds bearing electrophilic functional groups - A flash chemistry approach (Angew Chem),40,halogen-metal exchange,THF,flow microreactor,,2019,tR1,10.0,,-60,,,s-BuLi,alkyllithium bearing EWG,tributylstannyl chloride,synthetic,,,,,,,CCC([Li])C,,,
Nagaki et al. 2019 - Alkyllithium compounds bearing electrophilic functional groups - A flash chemistry approach (Angew Chem),25,halogen-metal exchange,THF,flow microreactor,,2019,tR1,0.003,,-78,,,s-BuLi,alkyllithium bearing EWG,tributylstannyl chloride,synthetic,,,,,,,CCC([Li])C,,,
Nagaki et al. 2019 - Alkyllithium compounds bearing electrophilic functional groups - A flash chemistry approach (Angew Chem),56,halogen-metal exchange,THF,flow microreactor,,2019,tR1,0.01,,-78,,,s-BuLi,alkyllithium bearing EWG,tributylstannyl chloride,synthetic,,,,,,,CCC([Li])C,,,
Nagaki et al. 2019 - Alkyllithium compounds bearing electrophilic functional groups - A flash chemistry approach (Angew Chem),69,halogen-metal exchange,THF,flow microreactor,,2019,tR1,0.032,,-78,,,s-BuLi,alkyllithium bearing EWG,tributylstannyl chloride,synthetic,,,,,,,CCC([Li])C,,,
Nagaki et al. 2019 - Alkyllithium compounds bearing electrophilic functional groups - A flash chemistry approach (Angew Chem),65,halogen-metal exchange,THF,flow microreactor,,2019,tR1,0.1,,-78,,,s-BuLi,alkyllithium bearing EWG,tributylstannyl chloride,synthetic,,,,,,,CCC([Li])C,,,
Nagaki et al. 2019 - Alkyllithium compounds bearing electrophilic functional groups - A flash chemistry approach (Angew Chem),57,halogen-metal exchange,THF,flow microreactor,,2019,tR1,1.0,,-78,,,s-BuLi,alkyllithium bearing EWG,tributylstannyl chloride,synthetic,,,,,,,CCC([Li])C,,,
Nagaki et al. 2019 - Alkyllithium compounds bearing electrophilic functional groups - A flash chemistry approach (Angew Chem),54,halogen-metal exchange,THF,flow microreactor,,2019,tR1,10.0,,-78,,,s-BuLi,alkyllithium bearing EWG,tributylstannyl chloride,synthetic,,,,,,,CCC([Li])C,,,
Musci et al. 2020 - Flow microreactor technology for taming highly reactive chloroiodomethyllithium carbenoid,51,directed metalation,THF,flow microreactor,10.1021/acs.orglett.0c01085,2020,tR1,0.08,,0,,chloroiodomethane (ICH2Cl),LDA,chloroiodomethyllithium (CHLi(I)(Cl)),CD3OD,quench_probe,chloroiodomethane-d1 (CHD(I)(Cl)),,,,,ClCI,CC(C)[Li]N(C(C)C)C(C)C,[Li]C(Cl)I,,
Musci et al. 2020 - Flow microreactor technology for taming highly reactive chloroiodomethyllithium carbenoid,47,directed metalation,THF,flow microreactor,10.1021/acs.orglett.0c01085,2020,tR1,0.33,,0,,chloroiodomethane (ICH2Cl),LDA,chloroiodomethyllithium (CHLi(I)(Cl)),CD3OD,quench_probe,chloroiodomethane-d1 (CHD(I)(Cl)),,,,,ClCI,CC(C)[Li]N(C(C)C)C(C)C,[Li]C(Cl)I,,
Musci et al. 2020 - Flow microreactor technology for taming highly reactive chloroiodomethyllithium carbenoid,24,directed metalation,THF,flow microreactor,10.1021/acs.orglett.0c01085,2020,tR1,1.17,,0,,chloroiodomethane (ICH2Cl),LDA,chloroiodomethyllithium (CHLi(I)(Cl)),CD3OD,quench_probe,chloroiodomethane-d1 (CHD(I)(Cl)),,,,,ClCI,CC(C)[Li]N(C(C)C)C(C)C,[Li]C(Cl)I,,
Musci et al. 2020 - Flow microreactor technology for taming highly reactive chloroiodomethyllithium carbenoid,16,directed metalation,THF,flow microreactor,10.1021/acs.orglett.0c01085,2020,tR1,2.34,,0,,chloroiodomethane (ICH2Cl),LDA,chloroiodomethyllithium (CHLi(I)(Cl)),CD3OD,quench_probe,chloroiodomethane-d1 (CHD(I)(Cl)),,,,,ClCI,CC(C)[Li]N(C(C)C)C(C)C,[Li]C(Cl)I,,
Musci et al. 2020 - Flow microreactor technology for taming highly reactive chloroiodomethyllithium carbenoid,7,directed metalation,THF,flow microreactor,10.1021/acs.orglett.0c01085,2020,tR1,4.7,,0,,chloroiodomethane (ICH2Cl),LDA,chloroiodomethyllithium (CHLi(I)(Cl)),CD3OD,quench_probe,chloroiodomethane-d1 (CHD(I)(Cl)),,,,,ClCI,CC(C)[Li]N(C(C)C)C(C)C,[Li]C(Cl)I,,
Musci et al. 2020 - Flow microreactor technology for taming highly reactive chloroiodomethyllithium carbenoid,70,directed metalation,THF,flow microreactor,10.1021/acs.orglett.0c01085,2020,tR1,0.08,,-20,,chloroiodomethane (ICH2Cl),LDA,chloroiodomethyllithium (CHLi(I)(Cl)),CD3OD,quench_probe,chloroiodomethane-d1 (CHD(I)(Cl)),,,,,ClCI,CC(C)[Li]N(C(C)C)C(C)C,[Li]C(Cl)I,,
Musci et al. 2020 - Flow microreactor technology for taming highly reactive chloroiodomethyllithium carbenoid,94,directed metalation,THF,flow microreactor,10.1021/acs.orglett.0c01085,2020,tR1,0.33,,-20,,chloroiodomethane (ICH2Cl),LDA,chloroiodomethyllithium (CHLi(I)(Cl)),CD3OD,quench_probe,chloroiodomethane-d1 (CHD(I)(Cl)),,,,,ClCI,CC(C)[Li]N(C(C)C)C(C)C,[Li]C(Cl)I,,
Musci et al. 2020 - Flow microreactor technology for taming highly reactive chloroiodomethyllithium carbenoid,57,directed metalation,THF,flow microreactor,10.1021/acs.orglett.0c01085,2020,tR1,1.17,,-20,,chloroiodomethane (ICH2Cl),LDA,chloroiodomethyllithium (CHLi(I)(Cl)),CD3OD,quench_probe,chloroiodomethane-d1 (CHD(I)(Cl)),,,,,ClCI,CC(C)[Li]N(C(C)C)C(C)C,[Li]C(Cl)I,,
Musci et al. 2020 - Flow microreactor technology for taming highly reactive chloroiodomethyllithium carbenoid,50,directed metalation,THF,flow microreactor,10.1021/acs.orglett.0c01085,2020,tR1,2.34,,-20,,chloroiodomethane (ICH2Cl),LDA,chloroiodomethyllithium (CHLi(I)(Cl)),CD3OD,quench_probe,chloroiodomethane-d1 (CHD(I)(Cl)),,,,,ClCI,CC(C)[Li]N(C(C)C)C(C)C,[Li]C(Cl)I,,
Musci et al. 2020 - Flow microreactor technology for taming highly reactive chloroiodomethyllithium carbenoid,36,directed metalation,THF,flow microreactor,10.1021/acs.orglett.0c01085,2020,tR1,4.7,,-20,,chloroiodomethane (ICH2Cl),LDA,chloroiodomethyllithium (CHLi(I)(Cl)),CD3OD,quench_probe,chloroiodomethane-d1 (CHD(I)(Cl)),,,,,ClCI,CC(C)[Li]N(C(C)C)C(C)C,[Li]C(Cl)I,,
Musci et al. 2020 - Flow microreactor technology for taming highly reactive chloroiodomethyllithium carbenoid,21,directed metalation,THF,flow microreactor,10.1021/acs.orglett.0c01085,2020,tR1,9.4,,-20,,chloroiodomethane (ICH2Cl),LDA,chloroiodomethyllithium (CHLi(I)(Cl)),CD3OD,quench_probe,chloroiodomethane-d1 (CHD(I)(Cl)),,,,,ClCI,CC(C)[Li]N(C(C)C)C(C)C,[Li]C(Cl)I,,
Musci et al. 2020 - Flow microreactor technology for taming highly reactive chloroiodomethyllithium carbenoid,45,directed metalation,THF,flow microreactor,10.1021/acs.orglett.0c01085,2020,tR1,0.08,,-40,,chloroiodomethane (ICH2Cl),LDA,chloroiodomethyllithium (CHLi(I)(Cl)),CD3OD,quench_probe,chloroiodomethane-d1 (CHD(I)(Cl)),,,,,ClCI,CC(C)[Li]N(C(C)C)C(C)C,[Li]C(Cl)I,,
Musci et al. 2020 - Flow microreactor technology for taming highly reactive chloroiodomethyllithium carbenoid,66,directed metalation,THF,flow microreactor,10.1021/acs.orglett.0c01085,2020,tR1,0.33,,-40,,chloroiodomethane (ICH2Cl),LDA,chloroiodomethyllithium (CHLi(I)(Cl)),CD3OD,quench_probe,chloroiodomethane-d1 (CHD(I)(Cl)),,,,,ClCI,CC(C)[Li]N(C(C)C)C(C)C,[Li]C(Cl)I,,
Musci et al. 2020 - Flow microreactor technology for taming highly reactive chloroiodomethyllithium carbenoid,78,directed metalation,THF,flow microreactor,10.1021/acs.orglett.0c01085,2020,tR1,1.17,,-40,,chloroiodomethane (ICH2Cl),LDA,chloroiodomethyllithium (CHLi(I)(Cl)),CD3OD,quench_probe,chloroiodomethane-d1 (CHD(I)(Cl)),,,,,ClCI,CC(C)[Li]N(C(C)C)C(C)C,[Li]C(Cl)I,,
Musci et al. 2020 - Flow microreactor technology for taming highly reactive chloroiodomethyllithium carbenoid,69,directed metalation,THF,flow microreactor,10.1021/acs.orglett.0c01085,2020,tR1,2.34,,-40,,chloroiodomethane (ICH2Cl),LDA,chloroiodomethyllithium (CHLi(I)(Cl)),CD3OD,quench_probe,chloroiodomethane-d1 (CHD(I)(Cl)),,,,,ClCI,CC(C)[Li]N(C(C)C)C(C)C,[Li]C(Cl)I,,
Musci et al. 2020 - Flow microreactor technology for taming highly reactive chloroiodomethyllithium carbenoid,50,directed metalation,THF,flow microreactor,10.1021/acs.orglett.0c01085,2020,tR1,4.7,,-40,,chloroiodomethane (ICH2Cl),LDA,chloroiodomethyllithium (CHLi(I)(Cl)),CD3OD,quench_probe,chloroiodomethane-d1 (CHD(I)(Cl)),,,,,ClCI,CC(C)[Li]N(C(C)C)C(C)C,[Li]C(Cl)I,,
Musci et al. 2020 - Flow microreactor technology for taming highly reactive chloroiodomethyllithium carbenoid,36,directed metalation,THF,flow microreactor,10.1021/acs.orglett.0c01085,2020,tR1,9.4,,-40,,chloroiodomethane (ICH2Cl),LDA,chloroiodomethyllithium (CHLi(I)(Cl)),CD3OD,quench_probe,chloroiodomethane-d1 (CHD(I)(Cl)),,,,,ClCI,CC(C)[Li]N(C(C)C)C(C)C,[Li]C(Cl)I,,
Musci et al. 2020 - Flow microreactor technology for taming highly reactive chloroiodomethyllithium carbenoid,24,directed metalation,THF,flow microreactor,10.1021/acs.orglett.0c01085,2020,tR1,0.08,,-60,,chloroiodomethane (ICH2Cl),LDA,chloroiodomethyllithium (CHLi(I)(Cl)),CD3OD,quench_probe,chloroiodomethane-d1 (CHD(I)(Cl)),,,,,ClCI,CC(C)[Li]N(C(C)C)C(C)C,[Li]C(Cl)I,,
Musci et al. 2020 - Flow microreactor technology for taming highly reactive chloroiodomethyllithium carbenoid,39,directed metalation,THF,flow microreactor,10.1021/acs.orglett.0c01085,2020,tR1,0.33,,-60,,chloroiodomethane (ICH2Cl),LDA,chloroiodomethyllithium (CHLi(I)(Cl)),CD3OD,quench_probe,chloroiodomethane-d1 (CHD(I)(Cl)),,,,,ClCI,CC(C)[Li]N(C(C)C)C(C)C,[Li]C(Cl)I,,
Musci et al. 2020 - Flow microreactor technology for taming highly reactive chloroiodomethyllithium carbenoid,65,directed metalation,THF,flow microreactor,10.1021/acs.orglett.0c01085,2020,tR1,1.17,,-60,,chloroiodomethane (ICH2Cl),LDA,chloroiodomethyllithium (CHLi(I)(Cl)),CD3OD,quench_probe,chloroiodomethane-d1 (CHD(I)(Cl)),,,,,ClCI,CC(C)[Li]N(C(C)C)C(C)C,[Li]C(Cl)I,,
Musci et al. 2020 - Flow microreactor technology for taming highly reactive chloroiodomethyllithium carbenoid,67,directed metalation,THF,flow microreactor,10.1021/acs.orglett.0c01085,2020,tR1,2.34,,-60,,chloroiodomethane (ICH2Cl),LDA,chloroiodomethyllithium (CHLi(I)(Cl)),CD3OD,quench_probe,chloroiodomethane-d1 (CHD(I)(Cl)),,,,,ClCI,CC(C)[Li]N(C(C)C)C(C)C,[Li]C(Cl)I,,
Musci et al. 2020 - Flow microreactor technology for taming highly reactive chloroiodomethyllithium carbenoid,75,directed metalation,THF,flow microreactor,10.1021/acs.orglett.0c01085,2020,tR1,4.7,,-60,,chloroiodomethane (ICH2Cl),LDA,chloroiodomethyllithium (CHLi(I)(Cl)),CD3OD,quench_probe,chloroiodomethane-d1 (CHD(I)(Cl)),,,,,ClCI,CC(C)[Li]N(C(C)C)C(C)C,[Li]C(Cl)I,,
Musci et al. 2020 - Flow microreactor technology for taming highly reactive chloroiodomethyllithium carbenoid,75,directed metalation,THF,flow microreactor,10.1021/acs.orglett.0c01085,2020,tR1,9.4,,-60,,chloroiodomethane (ICH2Cl),LDA,chloroiodomethyllithium (CHLi(I)(Cl)),CD3OD,quench_probe,chloroiodomethane-d1 (CHD(I)(Cl)),,,,,ClCI,CC(C)[Li]N(C(C)C)C(C)C,[Li]C(Cl)I,,
Musci et al. 2020 - Flow microreactor technology for taming highly reactive chloroiodomethyllithium carbenoid,29,directed metalation,THF,flow microreactor,10.1021/acs.orglett.0c01085,2020,tR1,0.08,,-78,,chloroiodomethane (ICH2Cl),LDA,chloroiodomethyllithium (CHLi(I)(Cl)),CD3OD,quench_probe,chloroiodomethane-d1 (CHD(I)(Cl)),,,,,ClCI,CC(C)[Li]N(C(C)C)C(C)C,[Li]C(Cl)I,,
Musci et al. 2020 - Flow microreactor technology for taming highly reactive chloroiodomethyllithium carbenoid,32,directed metalation,THF,flow microreactor,10.1021/acs.orglett.0c01085,2020,tR1,0.33,,-78,,chloroiodomethane (ICH2Cl),LDA,chloroiodomethyllithium (CHLi(I)(Cl)),CD3OD,quench_probe,chloroiodomethane-d1 (CHD(I)(Cl)),,,,,ClCI,CC(C)[Li]N(C(C)C)C(C)C,[Li]C(Cl)I,,
Musci et al. 2020 - Flow microreactor technology for taming highly reactive chloroiodomethyllithium carbenoid,59,directed metalation,THF,flow microreactor,10.1021/acs.orglett.0c01085,2020,tR1,1.17,,-78,,chloroiodomethane (ICH2Cl),LDA,chloroiodomethyllithium (CHLi(I)(Cl)),CD3OD,quench_probe,chloroiodomethane-d1 (CHD(I)(Cl)),,,,,ClCI,CC(C)[Li]N(C(C)C)C(C)C,[Li]C(Cl)I,,
Musci et al. 2020 - Flow microreactor technology for taming highly reactive chloroiodomethyllithium carbenoid,61,directed metalation,THF,flow microreactor,10.1021/acs.orglett.0c01085,2020,tR1,2.34,,-78,,chloroiodomethane (ICH2Cl),LDA,chloroiodomethyllithium (CHLi(I)(Cl)),CD3OD,quench_probe,chloroiodomethane-d1 (CHD(I)(Cl)),,,,,ClCI,CC(C)[Li]N(C(C)C)C(C)C,[Li]C(Cl)I,,
Musci et al. 2020 - Flow microreactor technology for taming highly reactive chloroiodomethyllithium carbenoid,78,directed metalation,THF,flow microreactor,10.1021/acs.orglett.0c01085,2020,tR1,4.7,,-78,,chloroiodomethane (ICH2Cl),LDA,chloroiodomethyllithium (CHLi(I)(Cl)),CD3OD,quench_probe,chloroiodomethane-d1 (CHD(I)(Cl)),,,,,ClCI,CC(C)[Li]N(C(C)C)C(C)C,[Li]C(Cl)I,,
Musci et al. 2020 - Flow microreactor technology for taming highly reactive chloroiodomethyllithium carbenoid,87,directed metalation,THF,flow microreactor,10.1021/acs.orglett.0c01085,2020,tR1,9.4,,-78,,chloroiodomethane (ICH2Cl),LDA,chloroiodomethyllithium (CHLi(I)(Cl)),CD3OD,quench_probe,chloroiodomethane-d1 (CHD(I)(Cl)),,,,,ClCI,CC(C)[Li]N(C(C)C)C(C)C,[Li]C(Cl)I,,
Nagaki et al. 2015 - Benzyllithiums bearing aldehyde carbonyl groups. A flash chemistry approach,66,reductive lithiation,THF,flow microreactor,10.1039/c5ob00958h,2015,tR1,0.003,,0,,p-propanoylbenzyl chloride,lithium naphthalenide (LiNp),benzyllithium bearing aldehyde,methanol,quench_probe,,,,,,CCC(=O)c1ccc(CCl)cc1,[Li],,,
Nagaki et al. 2015 - Benzyllithiums bearing aldehyde carbonyl groups. A flash chemistry approach,63,reductive lithiation,THF,flow microreactor,10.1039/c5ob00958h,2015,tR1,0.01,,0,,p-propanoylbenzyl chloride,lithium naphthalenide (LiNp),benzyllithium bearing aldehyde,methanol,quench_probe,,,,,,CCC(=O)c1ccc(CCl)cc1,[Li],,,
Nagaki et al. 2015 - Benzyllithiums bearing aldehyde carbonyl groups. A flash chemistry approach,63,reductive lithiation,THF,flow microreactor,10.1039/c5ob00958h,2015,tR1,0.1,,0,,p-propanoylbenzyl chloride,lithium naphthalenide (LiNp),benzyllithium bearing aldehyde,methanol,quench_probe,,,,,,CCC(=O)c1ccc(CCl)cc1,[Li],,,
Nagaki et al. 2015 - Benzyllithiums bearing aldehyde carbonyl groups. A flash chemistry approach,53,reductive lithiation,THF,flow microreactor,10.1039/c5ob00958h,2015,tR1,1.0,,0,,p-propanoylbenzyl chloride,lithium naphthalenide (LiNp),benzyllithium bearing aldehyde,methanol,quench_probe,,,,,,CCC(=O)c1ccc(CCl)cc1,[Li],,,
Nagaki et al. 2015 - Benzyllithiums bearing aldehyde carbonyl groups. A flash chemistry approach,27,reductive lithiation,THF,flow microreactor,10.1039/c5ob00958h,2015,tR1,10.0,,0,,p-propanoylbenzyl chloride,lithium naphthalenide (LiNp),benzyllithium bearing aldehyde,methanol,quench_probe,,,,,,CCC(=O)c1ccc(CCl)cc1,[Li],,,
Nagaki et al. 2015 - Benzyllithiums bearing aldehyde carbonyl groups. A flash chemistry approach,71,reductive lithiation,THF,flow microreactor,10.1039/c5ob00958h,2015,tR1,0.003,,-20,,p-propanoylbenzyl chloride,lithium naphthalenide (LiNp),benzyllithium bearing aldehyde,methanol,quench_probe,,,,,,CCC(=O)c1ccc(CCl)cc1,[Li],,,
Nagaki et al. 2015 - Benzyllithiums bearing aldehyde carbonyl groups. A flash chemistry approach,66,reductive lithiation,THF,flow microreactor,10.1039/c5ob00958h,2015,tR1,0.01,,-20,,p-propanoylbenzyl chloride,lithium naphthalenide (LiNp),benzyllithium bearing aldehyde,methanol,quench_probe,,,,,,CCC(=O)c1ccc(CCl)cc1,[Li],,,
Nagaki et al. 2015 - Benzyllithiums bearing aldehyde carbonyl groups. A flash chemistry approach,60,reductive lithiation,THF,flow microreactor,10.1039/c5ob00958h,2015,tR1,0.1,,-20,,p-propanoylbenzyl chloride,lithium naphthalenide (LiNp),benzyllithium bearing aldehyde,methanol,quench_probe,,,,,,CCC(=O)c1ccc(CCl)cc1,[Li],,,
Nagaki et al. 2015 - Benzyllithiums bearing aldehyde carbonyl groups. A flash chemistry approach,62,reductive lithiation,THF,flow microreactor,10.1039/c5ob00958h,2015,tR1,1.0,,-20,,p-propanoylbenzyl chloride,lithium naphthalenide (LiNp),benzyllithium bearing aldehyde,methanol,quench_probe,,,,,,CCC(=O)c1ccc(CCl)cc1,[Li],,,
Nagaki et al. 2015 - Benzyllithiums bearing aldehyde carbonyl groups. A flash chemistry approach,35,reductive lithiation,THF,flow microreactor,10.1039/c5ob00958h,2015,tR1,10.0,,-20,,p-propanoylbenzyl chloride,lithium naphthalenide (LiNp),benzyllithium bearing aldehyde,methanol,quench_probe,,,,,,CCC(=O)c1ccc(CCl)cc1,[Li],,,
Nagaki et al. 2015 - Benzyllithiums bearing aldehyde carbonyl groups. A flash chemistry approach,75,reductive lithiation,THF,flow microreactor,10.1039/c5ob00958h,2015,tR1,0.003,,-40,,p-propanoylbenzyl chloride,lithium naphthalenide (LiNp),benzyllithium bearing aldehyde,methanol,quench_probe,,,,,,CCC(=O)c1ccc(CCl)cc1,[Li],,,
Nagaki et al. 2015 - Benzyllithiums bearing aldehyde carbonyl groups. A flash chemistry approach,69,reductive lithiation,THF,flow microreactor,10.1039/c5ob00958h,2015,tR1,0.01,,-40,,p-propanoylbenzyl chloride,lithium naphthalenide (LiNp),benzyllithium bearing aldehyde,methanol,quench_probe,,,,,,CCC(=O)c1ccc(CCl)cc1,[Li],,,
Nagaki et al. 2015 - Benzyllithiums bearing aldehyde carbonyl groups. A flash chemistry approach,62,reductive lithiation,THF,flow microreactor,10.1039/c5ob00958h,2015,tR1,0.1,,-40,,p-propanoylbenzyl chloride,lithium naphthalenide (LiNp),benzyllithium bearing aldehyde,methanol,quench_probe,,,,,,CCC(=O)c1ccc(CCl)cc1,[Li],,,
Nagaki et al. 2015 - Benzyllithiums bearing aldehyde carbonyl groups. A flash chemistry approach,64,reductive lithiation,THF,flow microreactor,10.1039/c5ob00958h,2015,tR1,1.0,,-40,,p-propanoylbenzyl chloride,lithium naphthalenide (LiNp),benzyllithium bearing aldehyde,methanol,quench_probe,,,,,,CCC(=O)c1ccc(CCl)cc1,[Li],,,
Nagaki et al. 2015 - Benzyllithiums bearing aldehyde carbonyl groups. A flash chemistry approach,41,reductive lithiation,THF,flow microreactor,10.1039/c5ob00958h,2015,tR1,10.0,,-40,,p-propanoylbenzyl chloride,lithium naphthalenide (LiNp),benzyllithium bearing aldehyde,methanol,quench_probe,,,,,,CCC(=O)c1ccc(CCl)cc1,[Li],,,
Nagaki et al. 2015 - Benzyllithiums bearing aldehyde carbonyl groups. A flash chemistry approach,78,reductive lithiation,THF,flow microreactor,10.1039/c5ob00958h,2015,tR1,0.003,,-60,,p-propanoylbenzyl chloride,lithium naphthalenide (LiNp),benzyllithium bearing aldehyde,methanol,quench_probe,,,,,,CCC(=O)c1ccc(CCl)cc1,[Li],,,
Nagaki et al. 2015 - Benzyllithiums bearing aldehyde carbonyl groups. A flash chemistry approach,67,reductive lithiation,THF,flow microreactor,10.1039/c5ob00958h,2015,tR1,0.01,,-60,,p-propanoylbenzyl chloride,lithium naphthalenide (LiNp),benzyllithium bearing aldehyde,methanol,quench_probe,,,,,,CCC(=O)c1ccc(CCl)cc1,[Li],,,
Nagaki et al. 2015 - Benzyllithiums bearing aldehyde carbonyl groups. A flash chemistry approach,63,reductive lithiation,THF,flow microreactor,10.1039/c5ob00958h,2015,tR1,0.1,,-60,,p-propanoylbenzyl chloride,lithium naphthalenide (LiNp),benzyllithium bearing aldehyde,methanol,quench_probe,,,,,,CCC(=O)c1ccc(CCl)cc1,[Li],,,
Nagaki et al. 2015 - Benzyllithiums bearing aldehyde carbonyl groups. A flash chemistry approach,64,reductive lithiation,THF,flow microreactor,10.1039/c5ob00958h,2015,tR1,1.0,,-60,,p-propanoylbenzyl chloride,lithium naphthalenide (LiNp),benzyllithium bearing aldehyde,methanol,quench_probe,,,,,,CCC(=O)c1ccc(CCl)cc1,[Li],,,
Nagaki et al. 2015 - Benzyllithiums bearing aldehyde carbonyl groups. A flash chemistry approach,41,reductive lithiation,THF,flow microreactor,10.1039/c5ob00958h,2015,tR1,10.0,,-60,,p-propanoylbenzyl chloride,lithium naphthalenide (LiNp),benzyllithium bearing aldehyde,methanol,quench_probe,,,,,,CCC(=O)c1ccc(CCl)cc1,[Li],,,
Nagaki et al. 2015 - Benzyllithiums bearing aldehyde carbonyl groups. A flash chemistry approach,80,reductive lithiation,THF,flow microreactor,10.1039/c5ob00958h,2015,tR1,0.003,,-78,,p-propanoylbenzyl chloride,lithium naphthalenide (LiNp),benzyllithium bearing aldehyde,methanol,quench_probe,,,,,,CCC(=O)c1ccc(CCl)cc1,[Li],,,
Nagaki et al. 2015 - Benzyllithiums bearing aldehyde carbonyl groups. A flash chemistry approach,71,reductive lithiation,THF,flow microreactor,10.1039/c5ob00958h,2015,tR1,0.01,,-78,,p-propanoylbenzyl chloride,lithium naphthalenide (LiNp),benzyllithium bearing aldehyde,methanol,quench_probe,,,,,,CCC(=O)c1ccc(CCl)cc1,[Li],,,
Nagaki et al. 2015 - Benzyllithiums bearing aldehyde carbonyl groups. A flash chemistry approach,67,reductive lithiation,THF,flow microreactor,10.1039/c5ob00958h,2015,tR1,0.1,,-78,,p-propanoylbenzyl chloride,lithium naphthalenide (LiNp),benzyllithium bearing aldehyde,methanol,quench_probe,,,,,,CCC(=O)c1ccc(CCl)cc1,[Li],,,
Nagaki et al. 2015 - Benzyllithiums bearing aldehyde carbonyl groups. A flash chemistry approach,66,reductive lithiation,THF,flow microreactor,10.1039/c5ob00958h,2015,tR1,1.0,,-78,,p-propanoylbenzyl chloride,lithium naphthalenide (LiNp),benzyllithium bearing aldehyde,methanol,quench_probe,,,,,,CCC(=O)c1ccc(CCl)cc1,[Li],,,
Nagaki et al. 2015 - Benzyllithiums bearing aldehyde carbonyl groups. A flash chemistry approach,43,reductive lithiation,THF,flow microreactor,10.1039/c5ob00958h,2015,tR1,10.0,,-78,,p-propanoylbenzyl chloride,lithium naphthalenide (LiNp),benzyllithium bearing aldehyde,methanol,quench_probe,,,,,,CCC(=O)c1ccc(CCl)cc1,[Li],,,
Nagaki et al. 2015 - Benzyllithiums bearing aldehyde carbonyl groups. A flash chemistry approach,52,reductive lithiation,THF,flow microreactor,10.1039/c5ob00958h,2015,tR1,0.003,,0,,p-propanoylbenzyl chloride,lithium naphthalenide (LiNp),benzyllithium bearing aldehyde,methanol,quench_probe,,,,,,CCC(=O)c1ccc(CCl)cc1,[Li],,,
Nagaki et al. 2015 - Benzyllithiums bearing aldehyde carbonyl groups. A flash chemistry approach,39,reductive lithiation,THF,flow microreactor,10.1039/c5ob00958h,2015,tR1,0.01,,0,,p-propanoylbenzyl chloride,lithium naphthalenide (LiNp),benzyllithium bearing aldehyde,methanol,quench_probe,,,,,,CCC(=O)c1ccc(CCl)cc1,[Li],,,
Nagaki et al. 2015 - Benzyllithiums bearing aldehyde carbonyl groups. A flash chemistry approach,31,reductive lithiation,THF,flow microreactor,10.1039/c5ob00958h,2015,tR1,0.1,,0,,p-propanoylbenzyl chloride,lithium naphthalenide (LiNp),benzyllithium bearing aldehyde,methanol,quench_probe,,,,,,CCC(=O)c1ccc(CCl)cc1,[Li],,,
Nagaki et al. 2015 - Benzyllithiums bearing aldehyde carbonyl groups. A flash chemistry approach,29,reductive lithiation,THF,flow microreactor,10.1039/c5ob00958h,2015,tR1,1.0,,0,,p-propanoylbenzyl chloride,lithium naphthalenide (LiNp),benzyllithium bearing aldehyde,methanol,quench_probe,,,,,,CCC(=O)c1ccc(CCl)cc1,[Li],,,
Nagaki et al. 2015 - Benzyllithiums bearing aldehyde carbonyl groups. A flash chemistry approach,14,reductive lithiation,THF,flow microreactor,10.1039/c5ob00958h,2015,tR1,10.0,,0,,p-propanoylbenzyl chloride,lithium naphthalenide (LiNp),benzyllithium bearing aldehyde,methanol,quench_probe,,,,,,CCC(=O)c1ccc(CCl)cc1,[Li],,,
Nagaki et al. 2015 - Benzyllithiums bearing aldehyde carbonyl groups. A flash chemistry approach,60,reductive lithiation,THF,flow microreactor,10.1039/c5ob00958h,2015,tR1,0.003,,-20,,p-propanoylbenzyl chloride,lithium naphthalenide (LiNp),benzyllithium bearing aldehyde,methanol,quench_probe,,,,,,CCC(=O)c1ccc(CCl)cc1,[Li],,,
Nagaki et al. 2015 - Benzyllithiums bearing aldehyde carbonyl groups. A flash chemistry approach,45,reductive lithiation,THF,flow microreactor,10.1039/c5ob00958h,2015,tR1,0.01,,-20,,p-propanoylbenzyl chloride,lithium naphthalenide (LiNp),benzyllithium bearing aldehyde,methanol,quench_probe,,,,,,CCC(=O)c1ccc(CCl)cc1,[Li],,,
Nagaki et al. 2015 - Benzyllithiums bearing aldehyde carbonyl groups. A flash chemistry approach,43,reductive lithiation,THF,flow microreactor,10.1039/c5ob00958h,2015,tR1,0.1,,-20,,p-propanoylbenzyl chloride,lithium naphthalenide (LiNp),benzyllithium bearing aldehyde,methanol,quench_probe,,,,,,CCC(=O)c1ccc(CCl)cc1,[Li],,,
Nagaki et al. 2015 - Benzyllithiums bearing aldehyde carbonyl groups. A flash chemistry approach,34,reductive lithiation,THF,flow microreactor,10.1039/c5ob00958h,2015,tR1,1.0,,-20,,p-propanoylbenzyl chloride,lithium naphthalenide (LiNp),benzyllithium bearing aldehyde,methanol,quench_probe,,,,,,CCC(=O)c1ccc(CCl)cc1,[Li],,,
Nagaki et al. 2015 - Benzyllithiums bearing aldehyde carbonyl groups. A flash chemistry approach,17,reductive lithiation,THF,flow microreactor,10.1039/c5ob00958h,2015,tR1,10.0,,-20,,p-propanoylbenzyl chloride,lithium naphthalenide (LiNp),benzyllithium bearing aldehyde,methanol,quench_probe,,,,,,CCC(=O)c1ccc(CCl)cc1,[Li],,,
Nagaki et al. 2015 - Benzyllithiums bearing aldehyde carbonyl groups. A flash chemistry approach,62,reductive lithiation,THF,flow microreactor,10.1039/c5ob00958h,2015,tR1,0.003,,-40,,p-propanoylbenzyl chloride,lithium naphthalenide (LiNp),benzyllithium bearing aldehyde,methanol,quench_probe,,,,,,CCC(=O)c1ccc(CCl)cc1,[Li],,,
Nagaki et al. 2015 - Benzyllithiums bearing aldehyde carbonyl groups. A flash chemistry approach,56,reductive lithiation,THF,flow microreactor,10.1039/c5ob00958h,2015,tR1,0.01,,-40,,p-propanoylbenzyl chloride,lithium naphthalenide (LiNp),benzyllithium bearing aldehyde,methanol,quench_probe,,,,,,CCC(=O)c1ccc(CCl)cc1,[Li],,,
Nagaki et al. 2015 - Benzyllithiums bearing aldehyde carbonyl groups. A flash chemistry approach,46,reductive lithiation,THF,flow microreactor,10.1039/c5ob00958h,2015,tR1,0.1,,-40,,p-propanoylbenzyl chloride,lithium naphthalenide (LiNp),benzyllithium bearing aldehyde,methanol,quench_probe,,,,,,CCC(=O)c1ccc(CCl)cc1,[Li],,,
Nagaki et al. 2015 - Benzyllithiums bearing aldehyde carbonyl groups. A flash chemistry approach,40,reductive lithiation,THF,flow microreactor,10.1039/c5ob00958h,2015,tR1,1.0,,-40,,p-propanoylbenzyl chloride,lithium naphthalenide (LiNp),benzyllithium bearing aldehyde,methanol,quench_probe,,,,,,CCC(=O)c1ccc(CCl)cc1,[Li],,,
Nagaki et al. 2015 - Benzyllithiums bearing aldehyde carbonyl groups. A flash chemistry approach,25,reductive lithiation,THF,flow microreactor,10.1039/c5ob00958h,2015,tR1,10.0,,-40,,p-propanoylbenzyl chloride,lithium naphthalenide (LiNp),benzyllithium bearing aldehyde,methanol,quench_probe,,,,,,CCC(=O)c1ccc(CCl)cc1,[Li],,,
Nagaki et al. 2015 - Benzyllithiums bearing aldehyde carbonyl groups. A flash chemistry approach,65,reductive lithiation,THF,flow microreactor,10.1039/c5ob00958h,2015,tR1,0.003,,-60,,p-propanoylbenzyl chloride,lithium naphthalenide (LiNp),benzyllithium bearing aldehyde,methanol,quench_probe,,,,,,CCC(=O)c1ccc(CCl)cc1,[Li],,,
Nagaki et al. 2015 - Benzyllithiums bearing aldehyde carbonyl groups. A flash chemistry approach,57,reductive lithiation,THF,flow microreactor,10.1039/c5ob00958h,2015,tR1,0.01,,-60,,p-propanoylbenzyl chloride,lithium naphthalenide (LiNp),benzyllithium bearing aldehyde,methanol,quench_probe,,,,,,CCC(=O)c1ccc(CCl)cc1,[Li],,,
Nagaki et al. 2015 - Benzyllithiums bearing aldehyde carbonyl groups. A flash chemistry approach,58,reductive lithiation,THF,flow microreactor,10.1039/c5ob00958h,2015,tR1,0.1,,-60,,p-propanoylbenzyl chloride,lithium naphthalenide (LiNp),benzyllithium bearing aldehyde,methanol,quench_probe,,,,,,CCC(=O)c1ccc(CCl)cc1,[Li],,,
Nagaki et al. 2015 - Benzyllithiums bearing aldehyde carbonyl groups. A flash chemistry approach,42,reductive lithiation,THF,flow microreactor,10.1039/c5ob00958h,2015,tR1,1.0,,-60,,p-propanoylbenzyl chloride,lithium naphthalenide (LiNp),benzyllithium bearing aldehyde,methanol,quench_probe,,,,,,CCC(=O)c1ccc(CCl)cc1,[Li],,,
Nagaki et al. 2015 - Benzyllithiums bearing aldehyde carbonyl groups. A flash chemistry approach,38,reductive lithiation,THF,flow microreactor,10.1039/c5ob00958h,2015,tR1,10.0,,-60,,p-propanoylbenzyl chloride,lithium naphthalenide (LiNp),benzyllithium bearing aldehyde,methanol,quench_probe,,,,,,CCC(=O)c1ccc(CCl)cc1,[Li],,,
Nagaki et al. 2015 - Benzyllithiums bearing aldehyde carbonyl groups. A flash chemistry approach,68,reductive lithiation,THF,flow microreactor,10.1039/c5ob00958h,2015,tR1,0.003,,-78,,p-propanoylbenzyl chloride,lithium naphthalenide (LiNp),benzyllithium bearing aldehyde,methanol,quench_probe,,,,,,CCC(=O)c1ccc(CCl)cc1,[Li],,,
Nagaki et al. 2015 - Benzyllithiums bearing aldehyde carbonyl groups. A flash chemistry approach,61,reductive lithiation,THF,flow microreactor,10.1039/c5ob00958h,2015,tR1,0.01,,-78,,p-propanoylbenzyl chloride,lithium naphthalenide (LiNp),benzyllithium bearing aldehyde,methanol,quench_probe,,,,,,CCC(=O)c1ccc(CCl)cc1,[Li],,,
Nagaki et al. 2015 - Benzyllithiums bearing aldehyde carbonyl groups. A flash chemistry approach,60,reductive lithiation,THF,flow microreactor,10.1039/c5ob00958h,2015,tR1,0.1,,-78,,p-propanoylbenzyl chloride,lithium naphthalenide (LiNp),benzyllithium bearing aldehyde,methanol,quench_probe,,,,,,CCC(=O)c1ccc(CCl)cc1,[Li],,,
Nagaki et al. 2015 - Benzyllithiums bearing aldehyde carbonyl groups. A flash chemistry approach,49,reductive lithiation,THF,flow microreactor,10.1039/c5ob00958h,2015,tR1,1.0,,-78,,p-propanoylbenzyl chloride,lithium naphthalenide (LiNp),benzyllithium bearing aldehyde,methanol,quench_probe,,,,,,CCC(=O)c1ccc(CCl)cc1,[Li],,,
Nagaki et al. 2015 - Benzyllithiums bearing aldehyde carbonyl groups. A flash chemistry approach,44,reductive lithiation,THF,flow microreactor,10.1039/c5ob00958h,2015,tR1,10.0,,-78,,p-propanoylbenzyl chloride,lithium naphthalenide (LiNp),benzyllithium bearing aldehyde,methanol,quench_probe,,,,,,CCC(=O)c1ccc(CCl)cc1,[Li],,,
Nagaki et al. 2016 - Integration of borylation of aryllithiums and Suzuki-Miyaura coupling using monolithic Pd catalyst,92,C-C coupling,THF,monolithic flow reactor,10.1039/c5cy02098k,2016,tR_generic,60,,120,,bromobenzene,n-BuLi,phenyllithium (then borylated),p-bromobenzonitrile,synthetic,,,,,,Brc1ccccc1,CCCC[Li],[Li]c1ccccc1,,
Nagaki et al. 2016 - Integration of borylation of aryllithiums and Suzuki-Miyaura coupling using monolithic Pd catalyst,95,C-C coupling,THF,monolithic flow reactor,10.1039/c5cy02098k,2016,tR_generic,95,,120,,bromobenzene,n-BuLi,phenyllithium (then borylated),p-bromobenzonitrile,synthetic,,,,,,Brc1ccccc1,CCCC[Li],[Li]c1ccccc1,,
Nagaki et al. 2016 - Integration of borylation of aryllithiums and Suzuki-Miyaura coupling using monolithic Pd catalyst,93,C-C coupling,THF,monolithic flow reactor,10.1039/c5cy02098k,2016,tR_generic,239,,120,,bromobenzene,n-BuLi,phenyllithium (then borylated),p-bromobenzonitrile,synthetic,,,,,,Brc1ccccc1,CCCC[Li],[Li]c1ccccc1,,
Nagaki et al. 2016 - Integration of borylation of aryllithiums and Suzuki-Miyaura coupling using monolithic Pd catalyst,100,C-C coupling,THF,monolithic flow reactor,10.1039/c5cy02098k,2016,tR_generic,600,,120,,bromobenzene,n-BuLi,phenyllithium (then borylated),p-bromobenzonitrile,synthetic,,,,,,Brc1ccccc1,CCCC[Li],[Li]c1ccccc1,,
Nagaki et al. 2016 - Integration of borylation of aryllithiums and Suzuki-Miyaura coupling using monolithic Pd catalyst,66,C-C coupling,THF,monolithic flow reactor,10.1039/c5cy02098k,2016,tR_generic,60,,100,,bromobenzene,n-BuLi,phenyllithium (then borylated),p-bromobenzonitrile,synthetic,,,,,,Brc1ccccc1,CCCC[Li],[Li]c1ccccc1,,
Nagaki et al. 2016 - Integration of borylation of aryllithiums and Suzuki-Miyaura coupling using monolithic Pd catalyst,81,C-C coupling,THF,monolithic flow reactor,10.1039/c5cy02098k,2016,tR_generic,95,,100,,bromobenzene,n-BuLi,phenyllithium (then borylated),p-bromobenzonitrile,synthetic,,,,,,Brc1ccccc1,CCCC[Li],[Li]c1ccccc1,,
Nagaki et al. 2016 - Integration of borylation of aryllithiums and Suzuki-Miyaura coupling using monolithic Pd catalyst,96,C-C coupling,THF,monolithic flow reactor,10.1039/c5cy02098k,2016,tR_generic,239,,100,,bromobenzene,n-BuLi,phenyllithium (then borylated),p-bromobenzonitrile,synthetic,,,,,,Brc1ccccc1,CCCC[Li],[Li]c1ccccc1,,
Nagaki et al. 2016 - Integration of borylation of aryllithiums and Suzuki-Miyaura coupling using monolithic Pd catalyst,96,C-C coupling,THF,monolithic flow reactor,10.1039/c5cy02098k,2016,tR_generic,600,,100,,bromobenzene,n-BuLi,phenyllithium (then borylated),p-bromobenzonitrile,synthetic,,,,,,Brc1ccccc1,CCCC[Li],[Li]c1ccccc1,,
Nagaki et al. 2016 - Integration of borylation of aryllithiums and Suzuki-Miyaura coupling using monolithic Pd catalyst,30,C-C coupling,THF,monolithic flow reactor,10.1039/c5cy02098k,2016,tR_generic,60,,80,,bromobenzene,n-BuLi,phenyllithium (then borylated),p-bromobenzonitrile,synthetic,,,,,,Brc1ccccc1,CCCC[Li],[Li]c1ccccc1,,
Nagaki et al. 2016 - Integration of borylation of aryllithiums and Suzuki-Miyaura coupling using monolithic Pd catalyst,39,C-C coupling,THF,monolithic flow reactor,10.1039/c5cy02098k,2016,tR_generic,95,,80,,bromobenzene,n-BuLi,phenyllithium (then borylated),p-bromobenzonitrile,synthetic,,,,,,Brc1ccccc1,CCCC[Li],[Li]c1ccccc1,,
Nagaki et al. 2016 - Integration of borylation of aryllithiums and Suzuki-Miyaura coupling using monolithic Pd catalyst,81,C-C coupling,THF,monolithic flow reactor,10.1039/c5cy02098k,2016,tR_generic,239,,80,,bromobenzene,n-BuLi,phenyllithium (then borylated),p-bromobenzonitrile,synthetic,,,,,,Brc1ccccc1,CCCC[Li],[Li]c1ccccc1,,
Nagaki et al. 2016 - Integration of borylation of aryllithiums and Suzuki-Miyaura coupling using monolithic Pd catalyst,81,C-C coupling,THF,monolithic flow reactor,10.1039/c5cy02098k,2016,tR_generic,600,,80,,bromobenzene,n-BuLi,phenyllithium (then borylated),p-bromobenzonitrile,synthetic,,,,,,Brc1ccccc1,CCCC[Li],[Li]c1ccccc1,,
Nagaki et al. 2016 - Integration of borylation of aryllithiums and Suzuki-Miyaura coupling using monolithic Pd catalyst,0,C-C coupling,THF,monolithic flow reactor,10.1039/c5cy02098k,2016,tR_generic,60,,60,,bromobenzene,n-BuLi,phenyllithium (then borylated),p-bromobenzonitrile,synthetic,,,,,,Brc1ccccc1,CCCC[Li],[Li]c1ccccc1,,
Nagaki et al. 2016 - Integration of borylation of aryllithiums and Suzuki-Miyaura coupling using monolithic Pd catalyst,0,C-C coupling,THF,monolithic flow reactor,10.1039/c5cy02098k,2016,tR_generic,95,,60,,bromobenzene,n-BuLi,phenyllithium (then borylated),p-bromobenzonitrile,synthetic,,,,,,Brc1ccccc1,CCCC[Li],[Li]c1ccccc1,,
Nagaki et al. 2016 - Integration of borylation of aryllithiums and Suzuki-Miyaura coupling using monolithic Pd catalyst,14,C-C coupling,THF,monolithic flow reactor,10.1039/c5cy02098k,2016,tR_generic,239,,60,,bromobenzene,n-BuLi,phenyllithium (then borylated),p-bromobenzonitrile,synthetic,,,,,,Brc1ccccc1,CCCC[Li],[Li]c1ccccc1,,
Nagaki et al. 2016 - Integration of borylation of aryllithiums and Suzuki-Miyaura coupling using monolithic Pd catalyst,37,C-C coupling,THF,monolithic flow reactor,10.1039/c5cy02098k,2016,tR_generic,600,,60,,bromobenzene,n-BuLi,phenyllithium (then borylated),p-bromobenzonitrile,synthetic,,,,,,Brc1ccccc1,CCCC[Li],[Li]c1ccccc1,,
Okamoto et al. 2026 - Reductive generation of anionic C1 carbenoid species attached to organosulfur functional groups,51,reductive lithiation,THF,flow microreactor,,2026,tR1,0.1,,0,,,n-BuLi,anionic C1 carbenoid (thio-substituted),,synthetic,,,,,,,CCCC[Li],,,
Okamoto et al. 2026 - Reductive generation of anionic C1 carbenoid species attached to organosulfur functional groups,0,reductive lithiation,THF,flow microreactor,,2026,tR1,1.0,,0,,,n-BuLi,anionic C1 carbenoid (thio-substituted),,synthetic,,,,,,,CCCC[Li],,,
Okamoto et al. 2026 - Reductive generation of anionic C1 carbenoid species attached to organosulfur functional groups,0,reductive lithiation,THF,flow microreactor,,2026,tR1,3.16,,0,,,n-BuLi,anionic C1 carbenoid (thio-substituted),,synthetic,,,,,,,CCCC[Li],,,
Okamoto et al. 2026 - Reductive generation of anionic C1 carbenoid species attached to organosulfur functional groups,88,reductive lithiation,THF,flow microreactor,,2026,tR1,0.00316,,-20,,,n-BuLi,anionic C1 carbenoid (thio-substituted),,synthetic,,,,,,,CCCC[Li],,,
Okamoto et al. 2026 - Reductive generation of anionic C1 carbenoid species attached to organosulfur functional groups,88,reductive lithiation,THF,flow microreactor,,2026,tR1,0.01,,-20,,,n-BuLi,anionic C1 carbenoid (thio-substituted),,synthetic,,,,,,,CCCC[Li],,,
Okamoto et al. 2026 - Reductive generation of anionic C1 carbenoid species attached to organosulfur functional groups,87,reductive lithiation,THF,flow microreactor,,2026,tR1,0.1,,0,,,n-BuLi,anionic C1 carbenoid (thio-substituted),,synthetic,,,,,,,CCCC[Li],,,
Okamoto et al. 2026 - Reductive generation of anionic C1 carbenoid species attached to organosulfur functional groups,47,reductive lithiation,THF,flow microreactor,,2026,tR1,0.316,,-20,,,n-BuLi,anionic C1 carbenoid (thio-substituted),,synthetic,,,,,,,CCCC[Li],,,
Okamoto et al. 2026 - Reductive generation of anionic C1 carbenoid species attached to organosulfur functional groups,23,reductive lithiation,THF,flow microreactor,,2026,tR1,3.16,,-20,,,n-BuLi,anionic C1 carbenoid (thio-substituted),,synthetic,,,,,,,CCCC[Li],,,
Okamoto et al. 2026 - Reductive generation of anionic C1 carbenoid species attached to organosulfur functional groups,87,reductive lithiation,THF,flow microreactor,,2026,tR1,0.00316,,-40,,,n-BuLi,anionic C1 carbenoid (thio-substituted),,synthetic,,,,,,,CCCC[Li],,,
Okamoto et al. 2026 - Reductive generation of anionic C1 carbenoid species attached to organosulfur functional groups,89,reductive lithiation,THF,flow microreactor,,2026,tR1,0.01,,-40,,,n-BuLi,anionic C1 carbenoid (thio-substituted),,synthetic,,,,,,,CCCC[Li],,,
Okamoto et al. 2026 - Reductive generation of anionic C1 carbenoid species attached to organosulfur functional groups,88,reductive lithiation,THF,flow microreactor,,2026,tR1,0.1,,-40,,,n-BuLi,anionic C1 carbenoid (thio-substituted),,synthetic,,,,,,,CCCC[Li],,,
Okamoto et al. 2026 - Reductive generation of anionic C1 carbenoid species attached to organosulfur functional groups,89,reductive lithiation,THF,flow microreactor,,2026,tR1,1.0,,-40,,,n-BuLi,anionic C1 carbenoid (thio-substituted),,synthetic,,,,,,,CCCC[Li],,,
Okamoto et al. 2026 - Reductive generation of anionic C1 carbenoid species attached to organosulfur functional groups,77,reductive lithiation,THF,flow microreactor,,2026,tR1,3.16,,-40,,,n-BuLi,anionic C1 carbenoid (thio-substituted),,synthetic,,,,,,,CCCC[Li],,,
Okamoto et al. 2026 - Reductive generation of anionic C1 carbenoid species attached to organosulfur functional groups,73,reductive lithiation,THF,flow microreactor,,2026,tR1,0.00316,,-60,,,n-BuLi,anionic C1 carbenoid (thio-substituted),,synthetic,,,,,,,CCCC[Li],,,
Okamoto et al. 2026 - Reductive generation of anionic C1 carbenoid species attached to organosulfur functional groups,88,reductive lithiation,THF,flow microreactor,,2026,tR1,0.01,,-60,,,n-BuLi,anionic C1 carbenoid (thio-substituted),,synthetic,,,,,,,CCCC[Li],,,
Okamoto et al. 2026 - Reductive generation of anionic C1 carbenoid species attached to organosulfur functional groups,93,reductive lithiation,THF,flow microreactor,,2026,tR1,0.1,,-60,,,n-BuLi,anionic C1 carbenoid (thio-substituted),,synthetic,,,,,,,CCCC[Li],,,
Okamoto et al. 2026 - Reductive generation of anionic C1 carbenoid species attached to organosulfur functional groups,93,reductive lithiation,THF,flow microreactor,,2026,tR1,1.0,,-60,,,n-BuLi,anionic C1 carbenoid (thio-substituted),,synthetic,,,,,,,CCCC[Li],,,
Okamoto et al. 2026 - Reductive generation of anionic C1 carbenoid species attached to organosulfur functional groups,92,reductive lithiation,THF,flow microreactor,,2026,tR1,3.16,,-60,,,n-BuLi,anionic C1 carbenoid (thio-substituted),,synthetic,,,,,,,CCCC[Li],,,
Okamoto et al. 2026 - Reductive generation of anionic C1 carbenoid species attached to organosulfur functional groups,63,reductive lithiation,THF,flow microreactor,,2026,tR1,0.00316,,-78,,,n-BuLi,anionic C1 carbenoid (thio-substituted),,synthetic,,,,,,,CCCC[Li],,,
Okamoto et al. 2026 - Reductive generation of anionic C1 carbenoid species attached to organosulfur functional groups,87,reductive lithiation,THF,flow microreactor,,2026,tR1,0.01,,-78,,,n-BuLi,anionic C1 carbenoid (thio-substituted),,synthetic,,,,,,,CCCC[Li],,,
Okamoto et al. 2026 - Reductive generation of anionic C1 carbenoid species attached to organosulfur functional groups,91,reductive lithiation,THF,flow microreactor,,2026,tR1,0.1,,-78,,,n-BuLi,anionic C1 carbenoid (thio-substituted),,synthetic,,,,,,,CCCC[Li],,,
Okamoto et al. 2026 - Reductive generation of anionic C1 carbenoid species attached to organosulfur functional groups,95,reductive lithiation,THF,flow microreactor,,2026,tR1,1.0,,-78,,,n-BuLi,anionic C1 carbenoid (thio-substituted),,synthetic,,,,,,,CCCC[Li],,,
Okamoto et al. 2026 - Reductive generation of anionic C1 carbenoid species attached to organosulfur functional groups,95,reductive lithiation,THF,flow microreactor,,2026,tR1,3.16,,-78,,,n-BuLi,anionic C1 carbenoid (thio-substituted),,synthetic,,,,,,,CCCC[Li],,,
Okamoto et al. 2026 - Reductive generation of anionic C1 carbenoid species attached to organosulfur functional groups,6,reductive lithiation,THF,flow microreactor,,2026,tR1,0.1,,0,,,n-BuLi,anionic C1 carbenoid (thio-substituted),,synthetic,,,,,,,CCCC[Li],,,
Okamoto et al. 2026 - Reductive generation of anionic C1 carbenoid species attached to organosulfur functional groups,63,reductive lithiation,THF,flow microreactor,,2026,tR1,1.0,,0,,,n-BuLi,anionic C1 carbenoid (thio-substituted),,synthetic,,,,,,,CCCC[Li],,,
Okamoto et al. 2026 - Reductive generation of anionic C1 carbenoid species attached to organosulfur functional groups,59,reductive lithiation,THF,flow microreactor,,2026,tR1,3.16,,0,,,n-BuLi,anionic C1 carbenoid (thio-substituted),,synthetic,,,,,,,CCCC[Li],,,
Okamoto et al. 2026 - Reductive generation of anionic C1 carbenoid species attached to organosulfur functional groups,0,reductive lithiation,THF,flow microreactor,,2026,tR1,0.00316,,-20,,,n-BuLi,anionic C1 carbenoid (thio-substituted),,synthetic,,,,,,,CCCC[Li],,,
Okamoto et al. 2026 - Reductive generation of anionic C1 carbenoid species attached to organosulfur functional groups,0,reductive lithiation,THF,flow microreactor,,2026,tR1,0.01,,-20,,,n-BuLi,anionic C1 carbenoid (thio-substituted),,synthetic,,,,,,,CCCC[Li],,,
Okamoto et al. 2026 - Reductive generation of anionic C1 carbenoid species attached to organosulfur functional groups,0,reductive lithiation,THF,flow microreactor,,2026,tR1,0.1,,-20,,,n-BuLi,anionic C1 carbenoid (thio-substituted),,synthetic,,,,,,,CCCC[Li],,,
Okamoto et al. 2026 - Reductive generation of anionic C1 carbenoid species attached to organosulfur functional groups,10,reductive lithiation,THF,flow microreactor,,2026,tR1,1.0,,-20,,,n-BuLi,anionic C1 carbenoid (thio-substituted),,synthetic,,,,,,,CCCC[Li],,,
Okamoto et al. 2026 - Reductive generation of anionic C1 carbenoid species attached to organosulfur functional groups,24,reductive lithiation,THF,flow microreactor,,2026,tR1,3.16,,-20,,,n-BuLi,anionic C1 carbenoid (thio-substituted),,synthetic,,,,,,,CCCC[Li],,,
Okamoto et al. 2026 - Reductive generation of anionic C1 carbenoid species attached to organosulfur functional groups,0,reductive lithiation,THF,flow microreactor,,2026,tR1,0.00316,,-40,,,n-BuLi,anionic C1 carbenoid (thio-substituted),,synthetic,,,,,,,CCCC[Li],,,
Okamoto et al. 2026 - Reductive generation of anionic C1 carbenoid species attached to organosulfur functional groups,0,reductive lithiation,THF,flow microreactor,,2026,tR1,0.01,,-40,,,n-BuLi,anionic C1 carbenoid (thio-substituted),,synthetic,,,,,,,CCCC[Li],,,
Okamoto et al. 2026 - Reductive generation of anionic C1 carbenoid species attached to organosulfur functional groups,0,reductive lithiation,THF,flow microreactor,,2026,tR1,0.1,,-40,,,n-BuLi,anionic C1 carbenoid (thio-substituted),,synthetic,,,,,,,CCCC[Li],,,
Okamoto et al. 2026 - Reductive generation of anionic C1 carbenoid species attached to organosulfur functional groups,0,reductive lithiation,THF,flow microreactor,,2026,tR1,1.0,,-40,,,n-BuLi,anionic C1 carbenoid (thio-substituted),,synthetic,,,,,,,CCCC[Li],,,
Okamoto et al. 2026 - Reductive generation of anionic C1 carbenoid species attached to organosulfur functional groups,0,reductive lithiation,THF,flow microreactor,,2026,tR1,3.16,,-40,,,n-BuLi,anionic C1 carbenoid (thio-substituted),,synthetic,,,,,,,CCCC[Li],,,
Miyagishi et al. 2024 - Expanding the scope of C-glycoside synthesis from unstable organolithium reagents using flow microreactors,87,halogen-metal exchange,THF,flow microreactor,,2024,tR_generic,0.1,,40,,,n-BuLi,aryllithium (for C-glycosylation),,synthetic,,,,,,,CCCC[Li],,,
Miyagishi et al. 2024 - Expanding the scope of C-glycoside synthesis from unstable organolithium reagents using flow microreactors,88,halogen-metal exchange,THF,flow microreactor,,2024,tR_generic,0.316,,40,,,n-BuLi,aryllithium (for C-glycosylation),,synthetic,,,,,,,CCCC[Li],,,
Miyagishi et al. 2024 - Expanding the scope of C-glycoside synthesis from unstable organolithium reagents using flow microreactors,86,halogen-metal exchange,THF,flow microreactor,,2024,tR_generic,1.0,,40,,,n-BuLi,aryllithium (for C-glycosylation),,synthetic,,,,,,,CCCC[Li],,,
Miyagishi et al. 2024 - Expanding the scope of C-glycoside synthesis from unstable organolithium reagents using flow microreactors,78,halogen-metal exchange,THF,flow microreactor,,2024,tR_generic,3.16,,40,,,n-BuLi,aryllithium (for C-glycosylation),,synthetic,,,,,,,CCCC[Li],,,
Miyagishi et al. 2024 - Expanding the scope of C-glycoside synthesis from unstable organolithium reagents using flow microreactors,81,halogen-metal exchange,THF,flow microreactor,,2024,tR_generic,10.0,,40,,,n-BuLi,aryllithium (for C-glycosylation),,synthetic,,,,,,,CCCC[Li],,,
Miyagishi et al. 2024 - Expanding the scope of C-glycoside synthesis from unstable organolithium reagents using flow microreactors,98,halogen-metal exchange,THF,flow microreactor,,2024,tR_generic,0.1,,20,,,n-BuLi,aryllithium (for C-glycosylation),,synthetic,,,,,,,CCCC[Li],,,
Miyagishi et al. 2024 - Expanding the scope of C-glycoside synthesis from unstable organolithium reagents using flow microreactors,97,halogen-metal exchange,THF,flow microreactor,,2024,tR_generic,0.316,,20,,,n-BuLi,aryllithium (for C-glycosylation),,synthetic,,,,,,,CCCC[Li],,,
Miyagishi et al. 2024 - Expanding the scope of C-glycoside synthesis from unstable organolithium reagents using flow microreactors,69,halogen-metal exchange,THF,flow microreactor,,2024,tR_generic,1.0,,20,,,n-BuLi,aryllithium (for C-glycosylation),,synthetic,,,,,,,CCCC[Li],,,
Miyagishi et al. 2024 - Expanding the scope of C-glycoside synthesis from unstable organolithium reagents using flow microreactors,95,halogen-metal exchange,THF,flow microreactor,,2024,tR_generic,3.16,,20,,,n-BuLi,aryllithium (for C-glycosylation),,synthetic,,,,,,,CCCC[Li],,,
Miyagishi et al. 2024 - Expanding the scope of C-glycoside synthesis from unstable organolithium reagents using flow microreactors,94,halogen-metal exchange,THF,flow microreactor,,2024,tR_generic,10.0,,20,,,n-BuLi,aryllithium (for C-glycosylation),,synthetic,,,,,,,CCCC[Li],,,
Miyagishi et al. 2024 - Expanding the scope of C-glycoside synthesis from unstable organolithium reagents using flow microreactors,98,halogen-metal exchange,THF,flow microreactor,,2024,tR_generic,0.1,,0,,,n-BuLi,aryllithium (for C-glycosylation),,synthetic,,,,,,,CCCC[Li],,,
Miyagishi et al. 2024 - Expanding the scope of C-glycoside synthesis from unstable organolithium reagents using flow microreactors,96,halogen-metal exchange,THF,flow microreactor,,2024,tR_generic,0.316,,0,,,n-BuLi,aryllithium (for C-glycosylation),,synthetic,,,,,,,CCCC[Li],,,
Miyagishi et al. 2024 - Expanding the scope of C-glycoside synthesis from unstable organolithium reagents using flow microreactors,99,halogen-metal exchange,THF,flow microreactor,,2024,tR_generic,1.0,,0,,,n-BuLi,aryllithium (for C-glycosylation),,synthetic,,,,,,,CCCC[Li],,,
Miyagishi et al. 2024 - Expanding the scope of C-glycoside synthesis from unstable organolithium reagents using flow microreactors,98,halogen-metal exchange,THF,flow microreactor,,2024,tR_generic,3.16,,0,,,n-BuLi,aryllithium (for C-glycosylation),,synthetic,,,,,,,CCCC[Li],,,
Miyagishi et al. 2024 - Expanding the scope of C-glycoside synthesis from unstable organolithium reagents using flow microreactors,96,halogen-metal exchange,THF,flow microreactor,,2024,tR_generic,10.0,,0,,,n-BuLi,aryllithium (for C-glycosylation),,synthetic,,,,,,,CCCC[Li],,,
Miyagishi et al. 2024 - Expanding the scope of C-glycoside synthesis from unstable organolithium reagents using flow microreactors,95,halogen-metal exchange,THF,flow microreactor,,2024,tR_generic,0.1,,-20,,,n-BuLi,aryllithium (for C-glycosylation),,synthetic,,,,,,,CCCC[Li],,,
Miyagishi et al. 2024 - Expanding the scope of C-glycoside synthesis from unstable organolithium reagents using flow microreactors,96,halogen-metal exchange,THF,flow microreactor,,2024,tR_generic,0.316,,-20,,,n-BuLi,aryllithium (for C-glycosylation),,synthetic,,,,,,,CCCC[Li],,,
Miyagishi et al. 2024 - Expanding the scope of C-glycoside synthesis from unstable organolithium reagents using flow microreactors,84,halogen-metal exchange,THF,flow microreactor,,2024,tR_generic,1.0,,-20,,,n-BuLi,aryllithium (for C-glycosylation),,synthetic,,,,,,,CCCC[Li],,,
Miyagishi et al. 2024 - Expanding the scope of C-glycoside synthesis from unstable organolithium reagents using flow microreactors,99,halogen-metal exchange,THF,flow microreactor,,2024,tR_generic,3.16,,-20,,,n-BuLi,aryllithium (for C-glycosylation),,synthetic,,,,,,,CCCC[Li],,,
Miyagishi et al. 2024 - Expanding the scope of C-glycoside synthesis from unstable organolithium reagents using flow microreactors,100,halogen-metal exchange,THF,flow microreactor,,2024,tR_generic,10.0,,-20,,,n-BuLi,aryllithium (for C-glycosylation),,synthetic,,,,,,,CCCC[Li],,,
Miyagishi et al. 2024 - Expanding the scope of C-glycoside synthesis from unstable organolithium reagents using flow microreactors,80,halogen-metal exchange,THF,flow microreactor,,2024,tR_generic,0.1,,-40,,,n-BuLi,aryllithium (for C-glycosylation),,synthetic,,,,,,,CCCC[Li],,,
Miyagishi et al. 2024 - Expanding the scope of C-glycoside synthesis from unstable organolithium reagents using flow microreactors,80,halogen-metal exchange,THF,flow microreactor,,2024,tR_generic,0.316,,-40,,,n-BuLi,aryllithium (for C-glycosylation),,synthetic,,,,,,,CCCC[Li],,,
Miyagishi et al. 2024 - Expanding the scope of C-glycoside synthesis from unstable organolithium reagents using flow microreactors,87,halogen-metal exchange,THF,flow microreactor,,2024,tR_generic,1.0,,-40,,,n-BuLi,aryllithium (for C-glycosylation),,synthetic,,,,,,,CCCC[Li],,,
Miyagishi et al. 2024 - Expanding the scope of C-glycoside synthesis from unstable organolithium reagents using flow microreactors,94,halogen-metal exchange,THF,flow microreactor,,2024,tR_generic,3.16,,-40,,,n-BuLi,aryllithium (for C-glycosylation),,synthetic,,,,,,,CCCC[Li],,,
Miyagishi et al. 2024 - Expanding the scope of C-glycoside synthesis from unstable organolithium reagents using flow microreactors,95,halogen-metal exchange,THF,flow microreactor,,2024,tR_generic,10.0,,-40,,,n-BuLi,aryllithium (for C-glycosylation),,synthetic,,,,,,,CCCC[Li],,,
Miyagishi et al. 2024 - Expanding the scope of C-glycoside synthesis from unstable organolithium reagents using flow microreactors,29,halogen-metal exchange,THF,flow microreactor,,2024,tR_generic,0.1,,-60,,,n-BuLi,aryllithium (for C-glycosylation),,synthetic,,,,,,,CCCC[Li],,,
Miyagishi et al. 2024 - Expanding the scope of C-glycoside synthesis from unstable organolithium reagents using flow microreactors,54,halogen-metal exchange,THF,flow microreactor,,2024,tR_generic,0.316,,-60,,,n-BuLi,aryllithium (for C-glycosylation),,synthetic,,,,,,,CCCC[Li],,,
Miyagishi et al. 2024 - Expanding the scope of C-glycoside synthesis from unstable organolithium reagents using flow microreactors,82,halogen-metal exchange,THF,flow microreactor,,2024,tR_generic,1.0,,-60,,,n-BuLi,aryllithium (for C-glycosylation),,synthetic,,,,,,,CCCC[Li],,,
Miyagishi et al. 2024 - Expanding the scope of C-glycoside synthesis from unstable organolithium reagents using flow microreactors,85,halogen-metal exchange,THF,flow microreactor,,2024,tR_generic,3.16,,-60,,,n-BuLi,aryllithium (for C-glycosylation),,synthetic,,,,,,,CCCC[Li],,,
Miyagishi et al. 2024 - Expanding the scope of C-glycoside synthesis from unstable organolithium reagents using flow microreactors,98,halogen-metal exchange,THF,flow microreactor,,2024,tR_generic,10.0,,-60,,,n-BuLi,aryllithium (for C-glycosylation),,synthetic,,,,,,,CCCC[Li],,,
80,96.0,C-C coupling,tetrahydrofuran,monolithic flow reactor,,2019.0,tR1,1.7,,0.0,,c1ccccc1Br,n-BuLi,aryllithium (then borylated to arylboronate),N#Cc1ccc(I)cc1,synthetic,N#Cc1ccc(-c2ccccc2)cc1,,0.50,,,c1ccccc1Br,CCCC[Li],[Li]c1ccccc1,N#Cc1ccc(I)cc1,N#Cc1ccc(-c2ccccc2)cc1
80,0.0,C-C coupling,tetrahydrofuran,monolithic flow reactor,,2019.0,tR1,1.7,,0.0,,bromobenzene,n-BuLi,aryllithium (then borylated to arylboronate),N#Cc1ccc(Br)cc1,synthetic,N#Cc1ccc(-c2ccccc2)cc1,,0.50,,,Brc1ccccc1,CCCC[Li],[Li]c1ccccc1,N#Cc1ccc(Br)cc1,N#Cc1ccc(-c2ccccc2)cc1
80,76.0,C-C coupling,tetrahydrofuran,monolithic flow reactor,,2019.0,tR1,1.7,,0.0,,bromobenzene,n-BuLi,aryllithium (then borylated to arylboronate),COC(=O)c1ccc(I)cc1,synthetic,COC(=O)c1ccc(-c2ccccc2)cc1,,0.50,,,Brc1ccccc1,CCCC[Li],[Li]c1ccccc1,COC(=O)c1ccc(I)cc1,COC(=O)c1ccc(-c2ccccc2)cc1
80,6.0,C-C coupling,tetrahydrofuran,monolithic flow reactor,,2019.0,tR1,1.7,,0.0,,bromobenzene,n-BuLi,aryllithium (then borylated to arylboronate),Ic1ccccc1,synthetic,c1ccc(-c2ccccc2)cc1,,0.50,,,Brc1ccccc1,CCCC[Li],[Li]c1ccccc1,Ic1ccccc1,c1ccc(-c2ccccc2)cc1
80,1.0,C-C coupling,tetrahydrofuran,monolithic flow reactor,,2019.0,tR1,1.7,,0.0,,bromobenzene,n-BuLi,aryllithium (then borylated to arylboronate),COc1ccc(I)cc1,synthetic,COc1ccc(-c2ccccc2)cc1,,0.50,,,Brc1ccccc1,CCCC[Li],[Li]c1ccccc1,COc1ccc(I)cc1,COc1ccc(-c2ccccc2)cc1
80,86.0,C-C coupling,tetrahydrofuran,monolithic flow reactor,,2019.0,tR1,1.7,,0.0,,bromobenzene,n-BuLi,aryllithium (then borylated to arylboronate),Ic1cccs1,synthetic,c1ccc(-c2cccs2)cc1,,0.50,,,Brc1ccccc1,CCCC[Li],[Li]c1ccccc1,Ic1cccs1,c1ccc(-c2cccs2)cc1
80,68.0,C-C coupling,tetrahydrofuran,monolithic flow reactor,,2019.0,tR1,0.059,,0.0,,N#Cc1ccc(Br)cc1,n-BuLi,aryllithium (then borylated to arylboronate),N#Cc1ccc(I)cc1,synthetic,N#Cc1ccc(-c2ccc(C#N)cc2)cc1,,0.50,,,N#Cc1ccc(Br)cc1,CCCC[Li],[Li]c1ccccc1,N#Cc1ccc(I)cc1,N#Cc1ccc(-c2ccc(C#N)cc2)cc1
80,17.0,C-C coupling,tetrahydrofuran,monolithic flow reactor,,2019.0,tR1,0.059,,0.0,,bromobenzene,n-BuLi,aryllithium (then borylated to arylboronate),N#Cc1cccc(I)c1,synthetic,N#Cc1ccc(-c2cccc(C#N)c2)cc1,,0.50,,,Brc1ccccc1,CCCC[Li],[Li]c1ccccc1,N#Cc1cccc(I)c1,N#Cc1ccc(-c2cccc(C#N)c2)cc1
80,12.0,C-C coupling,tetrahydrofuran,monolithic flow reactor,,2019.0,tR1,0.059,,0.0,,bromobenzene,n-BuLi,aryllithium (then borylated to arylboronate),N#Cc1ccccc1I,synthetic,N#Cc1ccc(-c2ccccc2C#N)cc1,,0.50,,,Brc1ccccc1,CCCC[Li],[Li]c1ccccc1,N#Cc1ccccc1I,N#Cc1ccc(-c2ccccc2C#N)cc1
80,34.0,C-C coupling,tetrahydrofuran,monolithic flow reactor,,2019.0,tR1,0.059,,0.0,,bromobenzene,n-BuLi,aryllithium (then borylated to arylboronate),COC(=O)c1ccc(I)cc1,synthetic,COC(=O)c1ccc(-c2ccc(C#N)cc2)cc1,,0.50,,,Brc1ccccc1,CCCC[Li],[Li]c1ccccc1,COC(=O)c1ccc(I)cc1,COC(=O)c1ccc(-c2ccc(C#N)cc2)cc1
80,63.0,C-C coupling,tetrahydrofuran,monolithic flow reactor,,2019.0,tR1,0.059,,0.0,,N#Cc1cccc(Br)c1,n-BuLi,aryllithium (then borylated to arylboronate),N#Cc1ccc(I)cc1,synthetic,N#Cc1ccc(-c2cccc(C#N)c2)cc1,,0.50,,,N#Cc1cccc(Br)c1,CCCC[Li],[Li]c1ccccc1,N#Cc1ccc(I)cc1,N#Cc1ccc(-c2cccc(C#N)c2)cc1
80,15.0,C-C coupling,tetrahydrofuran,monolithic flow reactor,,2019.0,tR1,0.059,,0.0,,bromobenzene,n-BuLi,aryllithium (then borylated to arylboronate),COC(=O)c1ccc(I)cc1,synthetic,COC(=O)c1ccc(-c2cccc(C#N)c2)cc1,,0.50,,,Brc1ccccc1,CCCC[Li],[Li]c1ccccc1,COC(=O)c1ccc(I)cc1,COC(=O)c1ccc(-c2cccc(C#N)c2)cc1
80,63.0,C-C coupling,tetrahydrofuran,monolithic flow reactor,,2019.0,tR1,0.059,,24.0,,N#Cc1ccccc1Br,n-BuLi,aryllithium (then borylated to arylboronate),N#Cc1ccc(I)cc1,synthetic,N#Cc1ccc(-c2ccccc2C#N)cc1,,0.50,,,N#Cc1ccccc1Br,CCCC[Li],[Li]c1ccccc1,N#Cc1ccc(I)cc1,N#Cc1ccc(-c2ccccc2C#N)cc1
80,2.0,C-C coupling,tetrahydrofuran,monolithic flow reactor,,2019.0,tR1,0.059,,24.0,,bromobenzene,n-BuLi,aryllithium (then borylated to arylboronate),COC(=O)c1ccc(I)cc1,synthetic,COC(=O)c1ccc(-c2ccccc2C#N)cc1,,0.50,,,Brc1ccccc1,CCCC[Li],[Li]c1ccccc1,COC(=O)c1ccc(I)cc1,COC(=O)c1ccc(-c2ccccc2C#N)cc1
80,0.0,C-C coupling,tetrahydrofuran,monolithic flow reactor,,2019.0,tR1,0.059,,0.0,,Brc1ccc(-c2ccc(Br)cc2)cc1,n-BuLi,aryllithium (then borylated to arylboronate),N#Cc1ccc(I)cc1,synthetic,Brc1ccc(-c2ccc(-c3ccc(C#N)cc3)cc2)cc1,,0.50,,,Brc1ccc(-c2ccc(Br)cc2)cc1,CCCC[Li],[Li]c1ccccc1,N#Cc1ccc(I)cc1,Brc1ccc(-c2ccc(-c3ccc(C#N)cc3)cc2)cc1
80,83.0,C-C coupling,tetrahydrofuran,monolithic flow reactor,,2019.0,tR1,1.7,,0.0,,Brc1cccs1,n-BuLi,aryllithium (then borylated to arylboronate),Ic1cccs1,synthetic,c1csc(-c2cccs2)c1,,0.50,,,Brc1cccs1,CCCC[Li],[Li]c1ccccc1,Ic1cccs1,c1csc(-c2cccs2)c1
80,78.0,C-C coupling,tetrahydrofuran,monolithic flow reactor,,2019.0,tR1,1.7,,0.0,,bromobenzene,n-BuLi,aryllithium (then borylated to arylboronate),N#Cc1ccc(I)cc1,synthetic,N#Cc1ccc(-c2cccs2)cc1,,0.50,,,Brc1ccccc1,CCCC[Li],[Li]c1ccccc1,N#Cc1ccc(I)cc1,N#Cc1ccc(-c2cccs2)cc1
80,71.0,C-C coupling,tetrahydrofuran,monolithic flow reactor,,2019.0,tR1,1.7,,0.0,,bromobenzene,n-BuLi,aryllithium (then borylated to arylboronate),COC(=O)c1ccc(I)cc1,synthetic,COC(=O)c1ccc(-c2cccs2)cc1,,0.50,,,Brc1ccccc1,CCCC[Li],[Li]c1ccccc1,COC(=O)c1ccc(I)cc1,COC(=O)c1ccc(-c2cccs2)cc1
80,96.0,C-C coupling,tetrahydrofuran,monolithic flow reactor,,2019.0,tR_generic,564.0,,,,bromobenzene,n-BuLi,aryllithium (then borylated to arylboronate),p-iodobenzonitrile,synthetic,biphenyl-4-carbonitrile,,0.50,,,Brc1ccccc1,CCCC[Li],[Li]c1ccccc1,N#Cc1ccc(I)cc1,N#Cc1ccc(-c2ccccc2)cc1
80,96.0,C-C coupling,tetrahydrofuran,monolithic flow reactor,,2019.0,tR_generic,282.0,,,,bromobenzene,n-BuLi,aryllithium (then borylated to arylboronate),p-iodobenzonitrile,synthetic,biphenyl-4-carbonitrile,,0.50,,,Brc1ccccc1,CCCC[Li],[Li]c1ccccc1,N#Cc1ccc(I)cc1,N#Cc1ccc(-c2ccccc2)cc1
80,81.0,C-C coupling,tetrahydrofuran,monolithic flow reactor,,2019.0,tR_generic,114.0,,,,bromobenzene,n-BuLi,aryllithium (then borylated to arylboronate),p-iodobenzonitrile,synthetic,biphenyl-4-carbonitrile,,0.50,,,Brc1ccccc1,CCCC[Li],[Li]c1ccccc1,N#Cc1ccc(I)cc1,N#Cc1ccc(-c2ccccc2)cc1
80,66.0,C-C coupling,tetrahydrofuran,monolithic flow reactor,,2019.0,tR_generic,78.0,,,,bromobenzene,n-BuLi,aryllithium (then borylated to arylboronate),p-iodobenzonitrile,synthetic,biphenyl-4-carbonitrile,,0.50,,,Brc1ccccc1,CCCC[Li],[Li]c1ccccc1,N#Cc1ccc(I)cc1,N#Cc1ccc(-c2ccccc2)cc1
80,98.0,C-C coupling,tetrahydrofuran,monolithic flow reactor,,2019.0,tR_generic,576.0,,,,bromobenzene,n-BuLi,aryllithium (then borylated to arylboronate),p-iodobenzonitrile,synthetic,biphenyl-4-carbonitrile,,0.50,,,Brc1ccccc1,CCCC[Li],[Li]c1ccccc1,N#Cc1ccc(I)cc1,N#Cc1ccc(-c2ccccc2)cc1
80,100.0,C-C coupling,tetrahydrofuran,monolithic flow reactor,,2019.0,tR_generic,288.0,,,,bromobenzene,n-BuLi,aryllithium (then borylated to arylboronate),p-iodobenzonitrile,synthetic,biphenyl-4-carbonitrile,,0.50,,,Brc1ccccc1,CCCC[Li],[Li]c1ccccc1,N#Cc1ccc(I)cc1,N#Cc1ccc(-c2ccccc2)cc1
80,87.0,C-C coupling,tetrahydrofuran,monolithic flow reactor,,2019.0,tR_generic,114.0,,,,bromobenzene,n-BuLi,aryllithium (then borylated to arylboronate),p-iodobenzonitrile,synthetic,biphenyl-4-carbonitrile,,0.50,,,Brc1ccccc1,CCCC[Li],[Li]c1ccccc1,N#Cc1ccc(I)cc1,N#Cc1ccc(-c2ccccc2)cc1
80,67.0,C-C coupling,tetrahydrofuran,monolithic flow reactor,,2019.0,tR_generic,78.0,,,,bromobenzene,n-BuLi,aryllithium (then borylated to arylboronate),p-iodobenzonitrile,synthetic,biphenyl-4-carbonitrile,,0.50,,,Brc1ccccc1,CCCC[Li],[Li]c1ccccc1,N#Cc1ccc(I)cc1,N#Cc1ccc(-c2ccccc2)cc1
80,98.0,C-C coupling,tetrahydrofuran,monolithic flow reactor,,2019.0,tR_generic,576.0,,,,bromobenzene,n-BuLi,aryllithium (then borylated to arylboronate),p-iodobenzonitrile,synthetic,biphenyl-4-carbonitrile,,0.50,,,Brc1ccccc1,CCCC[Li],[Li]c1ccccc1,N#Cc1ccc(I)cc1,N#Cc1ccc(-c2ccccc2)cc1
80,97.0,C-C coupling,tetrahydrofuran,monolithic flow reactor,,2019.0,tR_generic,288.0,,,,bromobenzene,n-BuLi,aryllithium (then borylated to arylboronate),p-iodobenzonitrile,synthetic,biphenyl-4-carbonitrile,,0.50,,,Brc1ccccc1,CCCC[Li],[Li]c1ccccc1,N#Cc1ccc(I)cc1,N#Cc1ccc(-c2ccccc2)cc1
80,86.0,C-C coupling,tetrahydrofuran,monolithic flow reactor,,2019.0,tR_generic,114.0,,,,bromobenzene,n-BuLi,aryllithium (then borylated to arylboronate),p-iodobenzonitrile,synthetic,biphenyl-4-carbonitrile,,0.50,,,Brc1ccccc1,CCCC[Li],[Li]c1ccccc1,N#Cc1ccc(I)cc1,N#Cc1ccc(-c2ccccc2)cc1
80,55.0,C-C coupling,tetrahydrofuran,monolithic flow reactor,,2019.0,tR_generic,78.0,,,,bromobenzene,n-BuLi,aryllithium (then borylated to arylboronate),p-iodobenzonitrile,synthetic,biphenyl-4-carbonitrile,,0.50,,,Brc1ccccc1,CCCC[Li],[Li]c1ccccc1,N#Cc1ccc(I)cc1,N#Cc1ccc(-c2ccccc2)cc1
80,100.0,C-C coupling,tetrahydrofuran,monolithic flow reactor,,2019.0,tR_generic,576.0,,,,bromobenzene,n-BuLi,aryllithium (then borylated to arylboronate),p-iodobenzonitrile,synthetic,biphenyl-4-carbonitrile,,0.50,,,Brc1ccccc1,CCCC[Li],[Li]c1ccccc1,N#Cc1ccc(I)cc1,N#Cc1ccc(-c2ccccc2)cc1
80,99.0,C-C coupling,tetrahydrofuran,monolithic flow reactor,,2019.0,tR_generic,288.0,,,,bromobenzene,n-BuLi,aryllithium (then borylated to arylboronate),p-iodobenzonitrile,synthetic,biphenyl-4-carbonitrile,,0.50,,,Brc1ccccc1,CCCC[Li],[Li]c1ccccc1,N#Cc1ccc(I)cc1,N#Cc1ccc(-c2ccccc2)cc1
80,75.0,C-C coupling,tetrahydrofuran,monolithic flow reactor,,2019.0,tR_generic,114.0,,,,bromobenzene,n-BuLi,aryllithium (then borylated to arylboronate),p-iodobenzonitrile,synthetic,biphenyl-4-carbonitrile,,0.50,,,Brc1ccccc1,CCCC[Li],[Li]c1ccccc1,N#Cc1ccc(I)cc1,N#Cc1ccc(-c2ccccc2)cc1
80,52.0,C-C coupling,tetrahydrofuran,monolithic flow reactor,,2019.0,tR_generic,78.0,,,,bromobenzene,n-BuLi,aryllithium (then borylated to arylboronate),p-iodobenzonitrile,synthetic,biphenyl-4-carbonitrile,,0.50,,,Brc1ccccc1,CCCC[Li],[Li]c1ccccc1,N#Cc1ccc(I)cc1,N#Cc1ccc(-c2ccccc2)cc1
80,62.0,C-C coupling,tetrahydrofuran,monolithic flow reactor,,2019.0,tR1,1.7,,0.0,,c1ccccc1Br,n-BuLi,aryllithium (then borylated to arylboronate),Ic1ccccc1,synthetic,c1ccc(-c2ccccc2)cc1,,0.50,,,c1ccccc1Br,CCCC[Li],[Li]c1ccccc1,Ic1ccccc1,c1ccc(-c2ccccc2)cc1
80,41.0,C-C coupling,tetrahydrofuran,monolithic flow reactor,,2019.0,tR1,1.7,,0.0,,bromobenzene,n-BuLi,aryllithium (then borylated to arylboronate),COc1ccc(I)cc1,synthetic,COc1ccc(-c2ccccc2)cc1,,0.50,,,Brc1ccccc1,CCCC[Li],[Li]c1ccccc1,COc1ccc(I)cc1,COc1ccc(-c2ccccc2)cc1
80,26.0,C-C coupling,tetrahydrofuran,monolithic flow reactor,,2019.0,tR1,0.059,,24.0,,N#Cc1ccccc1Br,n-BuLi,aryllithium (then borylated to arylboronate),O=Cc1ccc(I)cc1,synthetic,O=Cc1ccc(-c2ccccc2C#N)cc1,,0.50,,,N#Cc1ccccc1Br,CCCC[Li],[Li]c1ccccc1,O=Cc1ccc(I)cc1,O=Cc1ccc(-c2ccccc2C#N)cc1
80,63.0,C-C coupling,tetrahydrofuran,monolithic flow reactor,,2019.0,tR1,0.059,,24.0,,bromobenzene,n-BuLi,aryllithium (then borylated to arylboronate),N#Cc1ccccc1I,synthetic,N#Cc1ccccc1-c1ccccc1C#N,,0.50,,,Brc1ccccc1,CCCC[Li],[Li]c1ccccc1,N#Cc1ccccc1I,N#Cc1ccccc1-c1ccccc1C#N
80,43.0,C-C coupling,tetrahydrofuran,monolithic flow reactor,,2019.0,tR1,0.059,,24.0,,bromobenzene,n-BuLi,aryllithium (then borylated to arylboronate),COC(=O)c1ccccc1I,synthetic,COC(=O)c1ccccc1-c1ccccc1C#N,,0.50,,,Brc1ccccc1,CCCC[Li],[Li]c1ccccc1,COC(=O)c1ccccc1I,COC(=O)c1ccccc1-c1ccccc1C#N
Nagaki et al. 2019 - Alkyllithium compounds bearing electrophilic functional groups - A flash chemistry approach (Angew Chem),71.0,halogen-metal exchange,THF,flow microreactor,,2019,tR_generic,3.4,,,,N#CCCCBr,s-BuLi,alkyllithium bearing EWG,,synthetic,N#CCCC(O)c1ccccc1,,,,,N#CCCCBr,CCC([Li])C,,,N#CCCC(O)c1ccccc1
Nagaki et al. 2019 - Alkyllithium compounds bearing electrophilic functional groups - A flash chemistry approach (Angew Chem),52.0,halogen-metal exchange,THF,flow microreactor,,2019,tR_generic,3.4,,,,N#CCCCBr,s-BuLi,alkyllithium bearing EWG,,synthetic,N#CCCCMe,,,,,N#CCCCBr,CCC([Li])C,,,N#CCCCMe
Nagaki et al. 2019 - Alkyllithium compounds bearing electrophilic functional groups - A flash chemistry approach (Angew Chem),72.0,halogen-metal exchange,THF,flow microreactor,,2019,tR_generic,3.4,,,,N#CCCI,s-BuLi,alkyllithium bearing EWG,,synthetic,N#CCCC(O)c1ccccc1,,,,,N#CCCI,CCC([Li])C,,,N#CCCC(O)c1ccccc1
Nagaki et al. 2019 - Alkyllithium compounds bearing electrophilic functional groups - A flash chemistry approach (Angew Chem),50.0,halogen-metal exchange,THF,flow microreactor,,2019,tR_generic,3.4,,,,O=C(CCCCBr)OC(C)(C)C,s-BuLi,alkyllithium bearing EWG,,synthetic,O=C(CCCC(O)c1ccccc1)OC(C)(C)C,,,,,O=C(CCCCBr)OC(C)(C)C,CCC([Li])C,,,O=C(CCCC(O)c1ccccc1)OC(C)(C)C
Nagaki et al. 2019 - Alkyllithium compounds bearing electrophilic functional groups - A flash chemistry approach (Angew Chem),80.0,halogen-metal exchange,THF,flow microreactor,,2019,tR_generic,2.0,,,,O=C(OCCl)C(C)(C)C,s-BuLi,alkyllithium bearing EWG,,synthetic,O=C(OC[Si](C)(C)c1ccccc1)C(C)(C)C,,,,,O=C(OCCl)C(C)(C)C,CCC([Li])C,,,O=C(OC[Si](C)(C)c1ccccc1)C(C)(C)C
Degennaro et al. 2016 - A direct and sustainable synthesis of tertiary butyl esters enabled by flow microreactors,42.0,C-H functionalization,THF,tube reactor,10.1002/chem.201504482,2016,tR2,,7.35,,,Boc-protected pyrrolidine,n-BuLi,alpha-lithiated Boc-pyrrolidine,Boc2O (di-tert-butyl dicarbonate),synthetic,α-lithiated Boc-pyrrolidine + Boc2O trapped product (6a),,,3.0,0.16,CC(C)(C)OC(=O)N1CCCC1,CCCC[Li],CC(C)(C)OC(=O)N1CCC([Li])C1,CC(C)(C)OC(=O)OC(=O)OC(C)(C)C,CC(C)(C)OC(=O)C1CCCN1C(=O)OC(C)(C)C
Degennaro et al. 2016 - A direct and sustainable synthesis of tertiary butyl esters enabled by flow microreactors,45.0,C-H functionalization,THF,tube reactor,10.1002/chem.201504482,2016,tR2,,9.11,,,Boc-protected pyrrolidine,n-BuLi,alpha-lithiated Boc-pyrrolidine,Boc2O (di-tert-butyl dicarbonate),synthetic,α-lithiated Boc-pyrrolidine + Boc2O trapped product (6a),,,3.0,0.16,CC(C)(C)OC(=O)N1CCCC1,CCCC[Li],CC(C)(C)OC(=O)N1CCC([Li])C1,CC(C)(C)OC(=O)OC(=O)OC(C)(C)C,CC(C)(C)OC(=O)C1CCCN1C(=O)OC(C)(C)C
Degennaro et al. 2016 - A direct and sustainable synthesis of tertiary butyl esters enabled by flow microreactors,60.0,C-H functionalization,THF,tube reactor,10.1002/chem.201504482,2016,tR2,,11.38,,,Boc-protected pyrrolidine,n-BuLi,alpha-lithiated Boc-pyrrolidine,Boc2O (di-tert-butyl dicarbonate),synthetic,α-lithiated Boc-pyrrolidine + Boc2O trapped product (6a),,,3.0,0.16,CC(C)(C)OC(=O)N1CCCC1,CCCC[Li],CC(C)(C)OC(=O)N1CCC([Li])C1,CC(C)(C)OC(=O)OC(=O)OC(C)(C)C,CC(C)(C)OC(=O)C1CCCN1C(=O)OC(C)(C)C
Degennaro et al. 2016 - A direct and sustainable synthesis of tertiary butyl esters enabled by flow microreactors,90.0,C-H functionalization,THF,tube reactor,10.1002/chem.201504482,2016,tR2,,17.1,,,Boc-protected pyrrolidine,n-BuLi,alpha-lithiated Boc-pyrrolidine,Boc2O (di-tert-butyl dicarbonate),synthetic,α-lithiated Boc-pyrrolidine + Boc2O trapped product (6a),,,3.0,0.16,CC(C)(C)OC(=O)N1CCCC1,CCCC[Li],CC(C)(C)OC(=O)N1CCC([Li])C1,CC(C)(C)OC(=O)OC(=O)OC(C)(C)C,CC(C)(C)OC(=O)C1CCCN1C(=O)OC(C)(C)C
Nagaki et al. 2019 - Generation and reaction of functional alkyllithiums by using microreactors,71.0,halogen-metal exchange,THF,flow microreactor,,2019,tR_generic,3.4,,,,,s-BuLi,functional alkyllithium,,synthetic,N#CCCC(O)c1ccccc1,,,,,,CCC([Li])C,,,N#CCCC(O)c1ccccc1
Nagaki et al. 2019 - Generation and reaction of functional alkyllithiums by using microreactors,52.0,halogen-metal exchange,THF,flow microreactor,,2019,tR_generic,3.4,,,,,s-BuLi,functional alkyllithium,,synthetic,N#CCCCMe,,,,,,CCC([Li])C,,,N#CCCCMe
Nagaki et al. 2019 - Generation and reaction of functional alkyllithiums by using microreactors,72.0,halogen-metal exchange,THF,flow microreactor,,2019,tR_generic,3.4,,,,,s-BuLi,functional alkyllithium,,synthetic,N#CCCC(O)c1ccccc1,,,,,,CCC([Li])C,,,N#CCCC(O)c1ccccc1
Nagaki et al. 2019 - Generation and reaction of functional alkyllithiums by using microreactors,50.0,halogen-metal exchange,THF,flow microreactor,,2019,tR_generic,3.4,,,,,s-BuLi,functional alkyllithium,,synthetic,O=C(CCCC(O)c1ccccc1)OC(C)(C)C,,,,,,CCC([Li])C,,,O=C(CCCC(O)c1ccccc1)OC(C)(C)C
Nagaki et al. 2019 - Generation and reaction of functional alkyllithiums by using microreactors,80.0,halogen-metal exchange,THF,flow microreactor,,2019,tR_generic,2.0,,,,,s-BuLi,functional alkyllithium,,synthetic,O=C(OC[Si](C)(C)c1ccccc1)C(C)(C)C,,,,,,CCC([Li])C,,,O=C(OC[Si](C)(C)c1ccccc1)C(C)(C)C
Sun et al. 2020 - Practical and rapid construction of 2-pyridyl ketone library in continuous flow,81.0,,,,,,tR1,1.58,,,,aryl halide,n-BuLi,2-pyridyllithium,ethyl benzoate (PhCO₂Et),synthetic,aryl-alkyl coupling product,0.20,0.20,,0.30,Brc1ccccn1,CCCC[Li],[Li]c1ccccn1,CCOC(=O)c1ccccc1,
Sun et al. 2020 - Practical and rapid construction of 2-pyridyl ketone library in continuous flow,88.0,,,,,,tR1,1.05,,,,aryl halide,n-BuLi,2-pyridyllithium,ethyl benzoate (PhCO₂Et),synthetic,aryl-alkyl coupling product,0.20,0.20,,0.30,Brc1ccccn1,CCCC[Li],[Li]c1ccccn1,CCOC(=O)c1ccccc1,
Sun et al. 2020 - Practical and rapid construction of 2-pyridyl ketone library in continuous flow,86.0,,,,,,tR1,0.79,,,,aryl halide,n-BuLi,2-pyridyllithium,ethyl benzoate (PhCO₂Et),synthetic,aryl-alkyl coupling product,0.20,0.20,,0.30,Brc1ccccn1,CCCC[Li],[Li]c1ccccn1,CCOC(=O)c1ccccc1,
Sun et al. 2020 - Practical and rapid construction of 2-pyridyl ketone library in continuous flow,85.0,,,,,,tR1,0.63,,,,aryl halide,n-BuLi,2-pyridyllithium,ethyl benzoate (PhCO₂Et),synthetic,aryl-alkyl coupling product,0.20,0.20,,0.30,Brc1ccccn1,CCCC[Li],[Li]c1ccccn1,CCOC(=O)c1ccccc1,
Sun et al. 2020 - Practical and rapid construction of 2-pyridyl ketone library in continuous flow,75.0,,,,,,tR1,0.53,,,,aryl halide,n-BuLi,2-pyridyllithium,ethyl benzoate (PhCO₂Et),synthetic,aryl-alkyl coupling product,0.20,0.20,,0.30,Brc1ccccn1,CCCC[Li],[Li]c1ccccn1,CCOC(=O)c1ccccc1,
Sun et al. 2020 - Practical and rapid construction of 2-pyridyl ketone library in continuous flow,87.0,,,,,,tR1,0.79,,,,aryl halide,n-BuLi,2-pyridyllithium,ethyl benzoate (PhCO₂Et),synthetic,aryl-alkyl coupling product,0.20,0.20,,0.30,Brc1ccccn1,CCCC[Li],[Li]c1ccccn1,CCOC(=O)c1ccccc1,
