paper,paper_doi,source,entry_number,reactant1_name,reactant1_smiles,reactant2_name,reactant2_smiles,product_name,product_smiles,product_label,yield_pct,yield_type,conversion_pct,selectivity_pct,ee_pct,stoichiometry,reaction_class,temperature_C,residence_time_s,solvent,reactor_type,catalyst,notes
Kupracz and Kirschning 2013 - Multiple organolithium generation in the continuous flow synthesis of amitriptyline,10.1002/adsc.201300614,Table 1,1,1-bromo-2-(bromomethyl)benzene,,n-butyllithium,,1-bromo-2-phenethylbenzene,,5,,isolated,,,,,halogen-metal exchange,,,tetrahydrofuran,batch reactor,n-butyllithium,
Kupracz and Kirschning 2013 - Multiple organolithium generation in the continuous flow synthesis of amitriptyline,10.1002/adsc.201300614,Table 1,4,1-bromo-2-(bromomethyl)benzene,,n-butyllithium,,1-bromo-2-phenethylbenzene,,5,,isolated,,,,,halogen-metal exchange,-100.0,3600.0,tetrahydrofuran,batch reactor,n-butyllithium,Complete lithiation occurs at -100°C resulting in by-product 6 in 31% yield.
Kupracz and Kirschning 2013 - Multiple organolithium generation in the continuous flow synthesis of amitriptyline,10.1002/adsc.201300614,Table 1,4,1-bromo-2-(bromomethyl)benzene,,n-butyllithium,,"1,2-diphenylethane",,6,31.0,isolated,,,,,C-C coupling,-100.0,3600.0,tetrahydrofuran,batch reactor,n-butyllithium,Complete lithiation occurs at -100°C resulting in by-product 6 in 31% yield.
Kupracz and Kirschning 2013 - Multiple organolithium generation in the continuous flow synthesis of amitriptyline,10.1002/adsc.201300614,Table 3,1,1-bromo-2-(bromomethyl)benzene,,n-butyllithium,,"10,11-dihydro-5H-dibenzo[a,d][7]annulen-5-one",,3,,GC,,,,,anionic cyclization,-50.0,,tetrahydrofuran,T-Shaped micromixer M1 (0.4 mm; PEEK) connected to microtube reactor R1 (0.5 mL; steel),n-butyllithium,Setup A without gas remover GR. Carboxylation in R2 inefficient at -50°C.
Kupracz and Kirschning 2013 - Multiple organolithium generation in the continuous flow synthesis of amitriptyline,10.1002/adsc.201300614,Table 3,6,1-bromo-2-(bromomethyl)benzene,,n-butyllithium,,"10,11-dihydro-5H-dibenzo[a,d][7]annulen-5-one",,3,,GC,,,,,anionic cyclization,25.0,,tetrahydrofuran,T-Shaped micromixer M1 (0.4 mm; PEEK) connected to microtube reactor R1 (0.5 mL; steel),n-butyllithium,Setup A without gas remover GR. Yield of ketone 3 improved at room temperature.
Kupracz and Kirschning 2013 - Multiple organolithium generation in the continuous flow synthesis of amitriptyline,10.1002/adsc.201300614,Table 4,1,"10,11-dihydro-5H-dibenzo[a,d][7]annulen-5-one",,[3-(dimethylamino)propyl]magnesium chloride,,"5-[3-(Dimethylamino)propyl]-10,11-dihydro-5H-dibenzo[a,d][7]annulen-5-ol",,8,,isolated,,,,,nucleophilic addition,25.0,,tetrahydrofuran,"M3 micromixer (0.25 mm channel, steel) connected to R4 reactor tube (PTFE)",,Grignard addition step. Best results with 1.5 equivalents of Grignard reagent.
Kupracz and Kirschning 2013 - Multiple organolithium generation in the continuous flow synthesis of amitriptyline,10.1002/adsc.201300614,Table 4,3,"10,11-dihydro-5H-dibenzo[a,d][7]annulen-5-one",,[3-(dimethylamino)propyl]magnesium chloride,,"5-[3-(Dimethylamino)propyl]-10,11-dihydro-5H-dibenzo[a,d][7]annulen-5-ol",,8,,isolated,,,,,nucleophilic addition,25.0,30.0,tetrahydrofuran,"M3 micromixer (0.25 mm channel, steel) connected to R4 reactor tube (PTFE)",,Grignard addition step. Best results with 1.5 equivalents of Grignard reagent.
Nagaki et al. 2008 - Aryllithium compounds bearing alkoxycarbonyl groups - generation and reactions using a microflow system,10.1002/anie.200803205,Table 1,1a,tert-butyl o-bromobenzoate,,sBuLi,,tert-butyl benzoate,,3a,61.0,GC,,,,3.0 equiv ROH,halogen-metal exchange,-78.0,,tetrahydrofuran,macrobatch reactor,,"Reaction performed using sBuLi in hexane/cyclohexane added dropwise to substrate in THF at -78°C; after 10 min, alcohol electrophile (3.0 equiv) added; yields refer to product 3 from trapping with ROH."
Nagaki et al. 2008 - Aryllithium compounds bearing alkoxycarbonyl groups - generation and reactions using a microflow system,10.1002/anie.200803205,Table 1,1b,isopropyl o-bromobenzoate,,sBuLi,,isopropyl benzoate,,3b,,GC,,,,3.0 equiv ROH,halogen-metal exchange,-78.0,,tetrahydrofuran,macrobatch reactor,,"Reaction performed using sBuLi in hexane/cyclohexane added dropwise to substrate in THF at -78°C; after 10 min, alcohol electrophile (3.0 equiv) added; yields refer to product 3 from trapping with ROH."
Nagaki et al. 2008 - Aryllithium compounds bearing alkoxycarbonyl groups - generation and reactions using a microflow system,10.1002/anie.200803205,Table 1,1c,ethyl o-bromobenzoate,,sBuLi,,ethyl benzoate,,3c,,GC,,,,3.0 equiv ROH,halogen-metal exchange,-78.0,,tetrahydrofuran,macrobatch reactor,,"Reaction performed using sBuLi in hexane/cyclohexane added dropwise to substrate in THF at -78°C; after 10 min, alcohol electrophile (3.0 equiv) added; yields refer to product 3 from trapping with ROH."
Nagaki et al. 2008 - Aryllithium compounds bearing alkoxycarbonyl groups - generation and reactions using a microflow system,10.1002/anie.200803205,Table 1,1d,methyl o-bromobenzoate,,sBuLi,,methyl benzoate,,3d,,GC,,,,3.0 equiv ROH,halogen-metal exchange,-78.0,,tetrahydrofuran,macrobatch reactor,,"Reaction performed using sBuLi in hexane/cyclohexane added dropwise to substrate in THF at -78°C; after 10 min, alcohol electrophile (3.0 equiv) added; yields refer to product 3 from trapping with ROH."
Nagaki et al. 2010 - Cross-coupling in a flow microreactor - space integration of lithiation and Murahashi coupling,10.1002/anie.201002763,Table 1,1,p-bromoanisole,,bromobenzene,,p-methoxybiphenyl,,1,,,,,,,C-C coupling,-78.0,,tetrahydrofuran,macrobatch reactor,Pd(PPh3)4,"Macrobatch reaction: BuLi (2.36 mmol) added dropwise over 1 min to p-bromoanisole (2.20 mmol) in THF at -78°C; after 10 min, Pd catalyst and bromobenzene (1.52 mmol) added; stirred 30 min at 30°C."
Nagaki et al. 2010 - Cross-coupling in a flow microreactor - space integration of lithiation and Murahashi coupling,10.1002/anie.201002763,Table 2,1,,COc1ccc(Br)cc1,,c1ccccc1Br,,COc1ccc(-c2ccccc2)cc1,,90.0,isolated,,,,,C-C coupling,50.0,94.0,tetrahydrofuran,flow microreactor,PEPPSI-SIPr,"Ar1Br = p-bromoanisole; Ar2X = bromobenzene; PEPPSI-SIPr (0.05 equiv); flow rates: Ar1Br (0.314 M in THF, 7.5 mL/min), n-BuLi (1.57 M in n-hexane, 1.5 mL/min), Ar2Br + catalyst (0.523 M in THF, 3.0 mL/min), MeOH quench (5.0 mL/min). Total flow rate = 7.5 + 1.5 + 3.0 + 5.0 = 17.0 mL/min."
Nagaki et al. 2010 - Cross-coupling in a flow microreactor - space integration of lithiation and Murahashi coupling,10.1002/anie.201002763,Table 2,2,,COc1ccc(Br)cc1,,c1ccccc1Cl,,COc1ccc(-c2ccccc2)cc1,,20.0,isolated,,,,,C-C coupling,50.0,94.0,tetrahydrofuran,flow microreactor,PEPPSI-SIPr,Ar1Br = p-bromoanisole; Ar2X = chlorobenzene; low yield due to slower oxidative addition of aryl chloride.
Nagaki et al. 2010 - Cross-coupling in a flow microreactor - space integration of lithiation and Murahashi coupling,10.1002/anie.201002763,Table 2,3,,COc1ccc(Br)cc1,,c1ccccc1I,,COc1ccc(-c2ccccc2)cc1,,32.0,GC,,,,,C-C coupling,50.0,94.0,tetrahydrofuran,flow microreactor,PEPPSI-SIPr,Ar1Br = p-bromoanisole; Ar2X = iodobenzene; low yield due to competing I-Li exchange.
Nagaki et al. 2010 - Cross-coupling in a flow microreactor - space integration of lithiation and Murahashi coupling,10.1002/anie.201002763,Table 2,4,,COc1ccc(Br)cc1,,c1cc(F)ccc1Br,,COc1ccc(-c2ccc(F)cc2)cc1,,76.0,isolated,,,,,C-C coupling,50.0,94.0,tetrahydrofuran,flow microreactor,PEPPSI-SIPr,Ar1Br = p-bromoanisole; Ar2X = 1-bromo-3-fluorobenzene.
Nagaki et al. 2010 - Cross-coupling in a flow microreactor - space integration of lithiation and Murahashi coupling,10.1002/anie.201002763,Table 2,5,,COc1ccc(Br)cc1,,c1cc(C)ccc1Br,,COc1ccc(-c2ccc(C)cc2)cc1,,64.0,isolated,,,,,C-C coupling,50.0,94.0,tetrahydrofuran,flow microreactor,PEPPSI-SIPr,Ar1Br = p-bromoanisole; Ar2X = 1-bromo-3-methylbenzene.
Nagaki et al. 2010 - Cross-coupling in a flow microreactor - space integration of lithiation and Murahashi coupling,10.1002/anie.201002763,Table 2,6,,COc1ccc(Br)cc1,,c1ccccc1Br,,COc1ccc(-c2ccccc2)cc1,,58.0,isolated,,,,,C-C coupling,50.0,94.0,tetrahydrofuran,flow microreactor,PEPPSI-SIPr,Ar1Br = p-bromoanisole; Ar2X = bromobenzene; lower yield due to use of 1.80 equiv Ar1Br/BuLi instead of 1.50 equiv.
Nagaki et al. 2010 - Cross-coupling in a flow microreactor - space integration of lithiation and Murahashi coupling,10.1002/anie.201002763,Table 2,7,,COc1cc(Br)cc1,,c1ccccc1Br,,COc1cc(-c2ccccc2)cc1,,78.0,isolated,,,,,C-C coupling,50.0,94.0,tetrahydrofuran,flow microreactor,PEPPSI-SIPr,Ar1Br = m-bromoanisole; Ar2X = bromobenzene.
Nagaki et al. 2010 - Cross-coupling in a flow microreactor - space integration of lithiation and Murahashi coupling,10.1002/anie.201002763,Table 2,8,,COc1c(Br)ccc1,,c1ccccc1Br,,COc1c(-c2ccccc2)ccc1,,87.0,isolated,,,,,C-C coupling,50.0,94.0,tetrahydrofuran,flow microreactor,PEPPSI-SIPr,Ar1Br = o-bromoanisole; Ar2X = bromobenzene.
Nagaki et al. 2010 - Cross-coupling in a flow microreactor - space integration of lithiation and Murahashi coupling,10.1002/anie.201002763,Table 2,9,,c1cc(Br)cc(C)c1,,c1ccccc1Br,,c1cc(-c2ccccc2)cc(C)c1,,80.0,GC,,,,,C-C coupling,50.0,94.0,tetrahydrofuran,flow microreactor,PEPPSI-SIPr,Ar1Br = p-bromotoluene; Ar2X = bromobenzene; solvent changed to CPME with TMEDA co-solvent.
"Nagaki et al. 2012 - Lithiation of 1,2-dichloroethene in flow microreact ... le synthesis of alkenes and alkynes by precise residence-time control",10.1002/anie.201108932,Table 1,E1: PhCHO,"trans-1,2-dichloroethene",,nBuLi,,"(E)-2,3-dichloro-1-phenylprop-2-en-1-ol",,1a,81.0,isolated,,,,nBuLi (1.05 equiv),nucleophilic addition,-78.0,,tetrahydrofuran,microreactor,,"Batch reaction at 0°C gave no 1a; optimized flow conditions for this entry are T1 = 0°C, tR1 = 0.055 s, T2 = -78°C, tR3 = 4.6 s — but yield reported is from batch at -78°C (81%) per Supporting Information; Table 1 caption states T1=0°C, tR1=0.055 s, T2=-78°C, tR3=4.6 s for all entries, yet this specific entry (1a) is explicitly stated to be obtained in 81% yield at -78°C in batch — so batch_yield_pct = 0 reflects absence of flow yield for this exact condition set in Table 1; the 81% is batch, not flow."
"Nagaki et al. 2012 - Lithiation of 1,2-dichloroethene in flow microreact ... le synthesis of alkenes and alkynes by precise residence-time control",10.1002/anie.201108932,Table 2,E1: PhCHO E2: Me3SiOTf,"trans-1,2-dichloroethene",,nBuLi,,"2,3-dichloro-3-trimethylsilyl-1-phenyl-prop-(2E)-en-1-ol",,3ab,73.0,isolated,,,,,nucleophilic addition,0.0,0.055,tetrahydrofuran,microreactor,,"Conditions: T1 = 0°C, tR1 = 0.055 s, T2 = -78°C, tR3 = 4.6 s (per Table 2 footnote [a]). Product formed via sequential electrophile addition: first benzaldehyde, then Me3SiOTf."
"Nagaki et al. 2012 - Lithiation of 1,2-dichloroethene in flow microreact ... le synthesis of alkenes and alkynes by precise residence-time control",10.1002/anie.201108932,Table 2,E1: PhCHO E2: Bu3SnCl,"trans-1,2-dichloroethene",,nBuLi,,"2,3-dichloro-3-(tributylstannyl)-1-phenyl-prop-(2E)-en-1-ol",,3ac,85.0,isolated,,,,,nucleophilic addition,0.0,0.055,tetrahydrofuran,microreactor,,"Conditions: T1 = 0°C, tR1 = 0.055 s, T2 = -78°C, tR3 = 4.6 s (per Table 2 footnote [a])."
"Nagaki et al. 2012 - Lithiation of 1,2-dichloroethene in flow microreact ... le synthesis of alkenes and alkynes by precise residence-time control",10.1002/anie.201108932,Table 2,E1: PhCHO E2: Me2SiHCl,"trans-1,2-dichloroethene",,nBuLi,,"2,3-dichloro-3-(dimethylchlorosilyl)-1-phenyl-prop-(2E)-en-1-ol",,3ad,62.0,isolated,,,,,nucleophilic addition,0.0,0.055,tetrahydrofuran,microreactor,,"Conditions: T1 = 0°C, tR1 = 0.055 s, T2 = -78°C, tR3 = 4.6 s (per Table 2 footnote [a])."
"Nagaki et al. 2012 - Lithiation of 1,2-dichloroethene in flow microreact ... le synthesis of alkenes and alkynes by precise residence-time control",10.1002/anie.201108932,Table 1,E1: PhNCO,"trans-1,2-dichloroethene",,nBuLi,,"N-(1,2-dichlorovinyl)benzamide",,1d,,,,,,,nucleophilic addition,0.0,0.055,tetrahydrofuran,microreactor,,Entry 'E1: PhNCO' in Table 1 has no yield reported — cell is empty in source text. No yield value to extract.
"Nagaki et al. 2012 - Lithiation of 1,2-dichloroethene in flow microreact ... le synthesis of alkenes and alkynes by precise residence-time control",10.1002/anie.201108932,Table 3,E1: PhCHO E2: PhCHO,"trans-1,2-dichloroethene",,nBuLi,,asymmetric disubstituted alkyne,,4aa,,isolated,,,,,nucleophilic addition,,,tetrahydrofuran,microreactor,,"No yield reported for 4aa in Table 3 — cell is empty. Yield type is 'isolated' per footnote [a], but value missing."
"Nagaki et al. 2012 - Lithiation of 1,2-dichloroethene in flow microreact ... le synthesis of alkenes and alkynes by precise residence-time control",10.1002/anie.201108932,Table 3,E1: PhCHO E2: Me3SiOTf,"trans-1,2-dichloroethene",,nBuLi,,asymmetric disubstituted alkyne,,4ab,66.0,GC,,,,,nucleophilic addition,,,tetrahydrofuran,microreactor,,"Yield 66% (78% in parentheses) — per footnote [b], 'Determined by GC analysis with an internal standard', so yield_pct = 66.0, yield_type = 'GC'."
"Nagaki et al. 2012 - Lithiation of 1,2-dichloroethene in flow microreact ... le synthesis of alkenes and alkynes by precise residence-time control",10.1002/anie.201108932,Table 3,E1: PhCHO E2: Bu3SnCl,"trans-1,2-dichloroethene",,nBuLi,,asymmetric disubstituted alkyne,,4ac,28.0,NMR,,,,,nucleophilic addition,,,tetrahydrofuran,microreactor,,"Yield 28% (48% in parentheses) — per footnote [c], 'Determined by 1H NMR analysis with an internal standard', so yield_pct = 28.0, yield_type = 'NMR'."
"Nagaki et al. 2012 - Lithiation of 1,2-dichloroethene in flow microreact ... le synthesis of alkenes and alkynes by precise residence-time control",10.1002/anie.201108932,Table 3,E1: PhCHO E2: Me2SiHCl,"trans-1,2-dichloroethene",,nBuLi,,asymmetric disubstituted alkyne,,4ad,73.0,GC,,,,,nucleophilic addition,,,tetrahydrofuran,microreactor,,"Yield 73% (77% in parentheses) — per footnote [b], 'Determined by GC analysis with an internal standard', so yield_pct = 73.0, yield_type = 'GC'."
Wu et al. 2014 - Continuous flow synthesis of ketones from carbon dioxide and organolithium or Grignard reagents,10.1002/anie.201405014,Table 1,1,,,,,,,,,,,,,massive dry ice,nucleophilic addition,-78.0,,diethyl ether,batch,,Batch reaction using massive dry ice as CO2 source; solvent is diethyl ether (0.1 M) per table note [b].
Wu et al. 2014 - Continuous flow synthesis of ketones from carbon dioxide and organolithium or Grignard reagents,10.1002/anie.201405014,Table 1,2,,,,,,,,,,,,,bubbled gas,nucleophilic addition,,,diethyl ether,batch,,Batch reaction with bubbled CO2 gas; solvent is diethyl ether (0.1 M) per table note [b].
Wu et al. 2014 - Continuous flow synthesis of ketones from carbon dioxide and organolithium or Grignard reagents,10.1002/anie.201405014,Table 1,4,,,,,,,,19.0,NMR,,,,ca. 1 equiv,nucleophilic addition,25.0,,diethyl ether,continuous flow reactor,,Flow reaction with ca. 1 equiv CO2 at ambient temperature; yield based on crude 1H NMR with trichloroethylene standard.
Wu et al. 2014 - Continuous flow synthesis of ketones from carbon dioxide and organolithium or Grignard reagents,10.1002/anie.201405014,Table 1,5,,,,,,,,,NMR,,,,ca. 3 equiv,nucleophilic addition,25.0,,diethyl ether,continuous flow reactor,,Flow reaction with ca. 3 equiv CO2 at ambient temperature; yield based on crude 1H NMR with trichloroethylene standard.
Wu et al. 2014 - Continuous flow synthesis of ketones from carbon dioxide and organolithium or Grignard reagents,10.1002/anie.201405014,Table 4,,Cc1cc(C(F)(F)F)ccc1Br,,,,,,,,,,,,1.05 equiv,nucleophilic addition,-78.0,,diethyl ether,T-shaped micromixer + capillary reactor,,Telescoped three-step flow synthesis starting from aryl bromide; organometallic compound is nBuLi (1.05 equiv); CO2 (1.05 equiv).
Wu et al. 2014 - Continuous flow synthesis of ketones from carbon dioxide and organolithium or Grignard reagents,10.1002/anie.201405014,Table 4,,*c1cc2ccccc2[nH]1,,,,,,,,,,,,1.05 equiv,nucleophilic addition,-78.0,,diethyl ether,T-shaped micromixer + capillary reactor,,Telescoped three-step flow synthesis starting from heteroaryl halide; organometallic compound is nBuLi (1.05 equiv); CO2 (1.05 equiv).
Wu et al. 2014 - Continuous flow synthesis of ketones from carbon dioxide and organolithium or Grignard reagents,10.1002/anie.201405014,Table 4,,FC(F)(F)c1ccc(I)cc1,,,,,,,,,,,,1.05 equiv,nucleophilic addition,-78.0,,diethyl ether,T-shaped micromixer + capillary reactor,,Telescoped three-step flow synthesis starting from aryl iodide; organometallic compound is iPrMgCl·LiCl (1.05 equiv); CO2 (1.05 equiv).
Wu et al. 2014 - Continuous flow synthesis of ketones from carbon dioxide and organolithium or Grignard reagents,10.1002/anie.201405014,page_4_table_1_extracted.csv,,,,,,,CCCCC(=O)C1CCCCCC1,,,,,,,,nucleophilic addition,25.0,600.0,tetrahydrofuran,"PFA tubing reactor coil (0.4 mL, ID 0.04'') followed by second PFA loop (6 mL, ID 0.062'')",,"Product from Grignard/CO2/organolithium sequence; THF used for first organometallic, Et2O for second; quenching at 0°C."
Kim et al. 2015 - Integrated one-flow synthesis of heterocyclic thioquin ... es through serial microreactions with two organolithium intermediates,10.1002/anie.201410062,Table 1,1,o-bromophenyl isothiocyanate,,nBuLi,,o-lithiophenyl isothiocyanate (MeOH quenched),,1a derivative,,isolated,,,,,halogen-metal exchange,0.0,6.2,tetrahydrofuran,microreactor,,Br-Li exchange followed by MeOH quench; yield decreased with increasing reaction time
Kim et al. 2015 - Integrated one-flow synthesis of heterocyclic thioquin ... es through serial microreactions with two organolithium intermediates,10.1002/anie.201410062,Table 1,2,o-bromophenyl isothiocyanate,,nBuLi,,o-lithiophenyl isothiocyanate (MeOH quenched),,1a derivative,,isolated,,,,,halogen-metal exchange,0.0,1.8,tetrahydrofuran,microreactor,,Br-Li exchange followed by MeOH quench; yield decreased with increasing reaction time
Kim et al. 2015 - Integrated one-flow synthesis of heterocyclic thioquin ... es through serial microreactions with two organolithium intermediates,10.1002/anie.201410062,Table 1,3,o-bromophenyl isothiocyanate,,nBuLi,,o-lithiophenyl isothiocyanate (MeOH quenched),,1a derivative,,isolated,,,,,halogen-metal exchange,0.0,0.25,tetrahydrofuran,microreactor,,Br-Li exchange followed by MeOH quench; yield decreased with increasing reaction time
Kim et al. 2015 - Integrated one-flow synthesis of heterocyclic thioquin ... es through serial microreactions with two organolithium intermediates,10.1002/anie.201410062,Table 1,4,o-bromophenyl isothiocyanate,,nBuLi,,o-lithiophenyl isothiocyanate (MeOH quenched),,1a derivative,90.0,isolated,,,,,halogen-metal exchange,0.0,0.016,tetrahydrofuran,microreactor,,Optimized condition at 16 ms; good performance achieved
Kim et al. 2015 - Integrated one-flow synthesis of heterocyclic thioquin ... es through serial microreactions with two organolithium intermediates,10.1002/anie.201410062,Table 1,5,o-bromophenyl isothiocyanate,,nBuLi,,o-lithiophenyl isothiocyanate (MeOH quenched),,1a derivative,,isolated,,,,,halogen-metal exchange,25.0,6.2,tetrahydrofuran,microreactor,,Br-Li exchange followed by MeOH quench at room temperature; yield decreased with increasing reaction time
Kim et al. 2015 - Integrated one-flow synthesis of heterocyclic thioquin ... es through serial microreactions with two organolithium intermediates,10.1002/anie.201410062,Table 1,6,o-bromophenyl isothiocyanate,,nBuLi,,o-lithiophenyl isothiocyanate (MeOH quenched),,1a derivative,,isolated,,,,,halogen-metal exchange,25.0,1.8,tetrahydrofuran,microreactor,,Br-Li exchange followed by MeOH quench at room temperature; yield decreased with increasing reaction time
Kim et al. 2015 - Integrated one-flow synthesis of heterocyclic thioquin ... es through serial microreactions with two organolithium intermediates,10.1002/anie.201410062,Table 1,7,o-bromophenyl isothiocyanate,,nBuLi,,o-lithiophenyl isothiocyanate (MeOH quenched),,1a derivative,,isolated,,,,,halogen-metal exchange,25.0,0.25,tetrahydrofuran,microreactor,,Br-Li exchange followed by MeOH quench at room temperature; yield decreased with increasing reaction time
Kim et al. 2015 - Integrated one-flow synthesis of heterocyclic thioquin ... es through serial microreactions with two organolithium intermediates,10.1002/anie.201410062,Table 1,8,o-bromophenyl isothiocyanate,,nBuLi,,o-lithiophenyl isothiocyanate (MeOH quenched),,1a derivative,91.0,isolated,,,,,halogen-metal exchange,25.0,0.016,tetrahydrofuran,microreactor,,Optimized condition at 16 ms and 25°C; good performance achieved
Kim et al. 2015 - Integrated one-flow synthesis of heterocyclic thioquin ... es through serial microreactions with two organolithium intermediates,10.1002/anie.201410062,Table 2,9,o-bromophenyl isothiocyanate,,nBuLi,,thioquinazolinone,,2b,86.0,isolated,,,,,anionic cyclization,25.0,3.0,tetrahydrofuran,microreactor,,Reaction with phenyl isocyanate; intramolecular cyclization in two-step integrated microflow synthesis
Kim et al. 2015 - Integrated one-flow synthesis of heterocyclic thioquin ... es through serial microreactions with two organolithium intermediates,10.1002/anie.201410062,Table 2,10,o-bromophenyl isothiocyanate,,nBuLi,,benzooxazine,,,75.0,isolated,,,,,nucleophilic addition,25.0,,tetrahydrofuran,microreactor,,Reaction with 4-nitrobenzaldehyde; slightly lower yield due to strong electron-withdrawing effect of nitro group
Kim et al. 2015 - Integrated one-flow synthesis of heterocyclic thioquin ... es through serial microreactions with two organolithium intermediates,10.1002/anie.201410062,Table 2,11,o-bromophenyl isothiocyanate,,nBuLi,,thioquinazolinone derivative,,,90.0,isolated,,,,,nucleophilic addition,25.0,,tetrahydrofuran,microreactor,,Reaction with ethyl chloroformate (EtO2CCl); high yield in range 90-96%
Kim et al. 2015 - Integrated one-flow synthesis of heterocyclic thioquin ... es through serial microreactions with two organolithium intermediates,10.1002/anie.201410062,Table 2,12,o-bromophenyl isothiocyanate,,nBuLi,,thioquinazolinone derivative,,,93.0,isolated,,,,,nucleophilic addition,25.0,,tetrahydrofuran,microreactor,,Reaction with chlorotrimethylsilane (Me3SiCl); high yield in range 90-96%
Kim et al. 2015 - Integrated one-flow synthesis of heterocyclic thioquin ... es through serial microreactions with two organolithium intermediates,10.1002/anie.201410062,Table 2,13,o-bromophenyl isothiocyanate,,nBuLi,,thioquinazolinone derivative,,,96.0,isolated,,,,,nucleophilic addition,25.0,,tetrahydrofuran,microreactor,,Reaction with tributyltin chloride (Bu3SnCl); high yield in range 90-96%
Nagaki et al. 2016 - Generation and reaction of carbamoyl anions in flow ... tions in the three-component synthesis of functionalized α-ketoamides,10.1002/anie.201601386,Table 1,LiNp added to carbamoyl chloride,"N,N-bis(p-methoxybenzyl)carbamoyl chloride",,lithium naphthalenide,,"methyl N,N-bis(p-methoxybenzyl)carbamate",,1,,,,,,,nucleophilic addition,,,,,,Batch reaction with LiNp added to carbamoyl chloride; product 1 not detected (n.d.).
Nagaki et al. 2016 - Generation and reaction of carbamoyl anions in flow ... tions in the three-component synthesis of functionalized α-ketoamides,10.1002/anie.201601386,Table 2,1,"N,N-bis(p-methoxybenzyl)carbamoyl chloride",,lithium naphthalenide,,"methyl N,N-bis(p-methoxybenzyl)carbamate",,1,22.5,GC,,,,,nucleophilic addition,-78.0,,tetrahydrofuran,T-shaped micromixer + capillary reactor,,"Flow microreactor run 1: low flow rate, low yield of 1."
Nagaki et al. 2016 - Generation and reaction of carbamoyl anions in flow ... tions in the three-component synthesis of functionalized α-ketoamides,10.1002/anie.201601386,Table 2,1,"N,N-bis(p-methoxybenzyl)carbamoyl chloride",,lithium naphthalenide,,Wurtz-type coupling product,,2,,HPLC,,,,,nucleophilic addition,-78.0,,tetrahydrofuran,T-shaped micromixer + capillary reactor,,Flow microreactor run 1: yield of 2 determined by HPLC.
Nagaki et al. 2016 - Generation and reaction of carbamoyl anions in flow ... tions in the three-component synthesis of functionalized α-ketoamides,10.1002/anie.201601386,Table 2,1,"N,N-bis(p-methoxybenzyl)carbamoyl chloride",,lithium naphthalenide,,methyl carbamate,,4,31.5,GC,,,,,nucleophilic addition,-78.0,,tetrahydrofuran,T-shaped micromixer + capillary reactor,,Flow microreactor run 1: yield of 4 determined by GC.
"Heijnen et al. 2017 - Oxygen activated, palladium nanoparticle catalyzed, ultrafast cross-coupling of organolithium reagents",10.1002/anie.201700417,Table 2,1,,,,,,,,,,100.0,,,,C-C coupling,25.0,5.0,toluene,T-shaped micromixer + capillary/coil reactor,Pd(PtBu3)2,Reaction of nBuLi with 1-bromonaphthalene; full conversion in 5 s with excess oxygen.
"Heijnen et al. 2017 - Oxygen activated, palladium nanoparticle catalyzed, ultrafast cross-coupling of organolithium reagents",10.1002/anie.201700417,Table 2,2,,,,,,,,,,100.0,,,,C-C coupling,25.0,120.0,toluene,T-shaped micromixer + capillary/coil reactor,Pd(PtBu3)2,
"Heijnen et al. 2017 - Oxygen activated, palladium nanoparticle catalyzed, ultrafast cross-coupling of organolithium reagents",10.1002/anie.201700417,Table 2,3,,,,,,,,,,100.0,,,,C-C coupling,25.0,600.0,toluene,T-shaped micromixer + capillary/coil reactor,Pd(PtBu3)2,"Gram-scale reaction (12 mmol, 2.5 g)."
"Heijnen et al. 2017 - Oxygen activated, palladium nanoparticle catalyzed, ultrafast cross-coupling of organolithium reagents",10.1002/anie.201700417,Table 2,5,,,,,,,,,,100.0,,,,C-C coupling,25.0,1800.0,toluene,T-shaped micromixer + capillary/coil reactor,Pd(PtBu3)2,"Gram-scale reaction (12 mmol, 2.5 g)."
Li et al. 2017 - Flow asymmetric propargylation - Development of continuous processes for the preparation of a chiral β-amino alcohol,10.1002/anie.201704882,Table 1,1,Boc-L-alaninal,,allenylzinc reagent,,homopropargyl β-amino alcohol,,1,,,,,,,nucleophilic addition,,,tetrahydrofuran,,,
Li et al. 2017 - Flow asymmetric propargylation - Development of continuous processes for the preparation of a chiral β-amino alcohol,10.1002/anie.201704882,Table 2,1,Boc-L-alaninal,,allenylzinc reagent,,homopropargyl β-amino alcohol,,1,,,,,,,nucleophilic addition,25.0,,tetrahydrofuran,,,
Li et al. 2017 - Flow asymmetric propargylation - Development of continuous processes for the preparation of a chiral β-amino alcohol,10.1002/anie.201704882,Table 3,1,Boc-L-alaninal,,allenylzinc reagent,,homopropargyl β-amino alcohol,,1,,,,,,,nucleophilic addition,,36.0,tetrahydrofuran,Tee mixer,,
Li et al. 2017 - Flow asymmetric propargylation - Development of continuous processes for the preparation of a chiral β-amino alcohol,10.1002/anie.201704882,Table 3,3,Boc-L-alaninal,,allenylzinc reagent,,homopropargyl β-amino alcohol,,1,,,,,,,nucleophilic addition,,300.0,tetrahydrofuran,CSTR,,
Ketels et al. 2017 - Synthesis of polyfunctional diorganomagnesium and d ... ange of highly functionalized (hetero)aryl halides in continuous flow,10.1002/anie.201706609,Table 1,1,4-bromobenzonitrile,,n-BuLi,,iodinated benzonitrile,,4b,70.0,isolated,,,,"2.0 equiv I2, 10 min, RT",halogen-metal exchange,0.0,2.5,tetrahydrofuran,T-shaped micromixer + capillary/coil reactor,,Quenching of intermediate magnesium species 2a with I2.
Ketels et al. 2017 - Synthesis of polyfunctional diorganomagnesium and d ... ange of highly functionalized (hetero)aryl halides in continuous flow,10.1002/anie.201706609,Table 1,2,4-bromobenzonitrile,,n-BuLi,,aldehyde addition product (benzonitrile derivative),,4c,83.0,isolated,,,,"1.1–1.5 equiv aldehyde, 1–2 h, 0°C",halogen-metal exchange,0.0,2.5,tetrahydrofuran,T-shaped micromixer + capillary/coil reactor,,Quenching of intermediate magnesium species 2a with aldehyde.
Ketels et al. 2017 - Synthesis of polyfunctional diorganomagnesium and d ... ange of highly functionalized (hetero)aryl halides in continuous flow,10.1002/anie.201706609,Table 1,3,4-bromobenzonitrile,,n-BuLi,,acylated benzonitrile,,4d,85.0,isolated,,,,"1.5 equiv acyl chloride, 1–2 h, 0°C",halogen-metal exchange,0.0,2.5,tetrahydrofuran,T-shaped micromixer + capillary/coil reactor,,Quenching of intermediate magnesium species 2a with acyl chloride.
Ketels et al. 2017 - Synthesis of polyfunctional diorganomagnesium and d ... ange of highly functionalized (hetero)aryl halides in continuous flow,10.1002/anie.201706609,Table 1,4,3-bromobenzonitrile,,n-BuLi,,ketone addition product,,4e,68.0,isolated,,,,"1.1 equiv CuCN·2LiCl, 1–2 h, 0°C",halogen-metal exchange,0.0,1.7,tetrahydrofuran,T-shaped micromixer + capillary/coil reactor,CuCN·2LiCl,Batch quenching of diarylmagnesium species 2b with ketone in presence of CuCN·2LiCl.
Ketels et al. 2017 - Synthesis of polyfunctional diorganomagnesium and d ... ange of highly functionalized (hetero)aryl halides in continuous flow,10.1002/anie.201706609,Table 1,5,2-bromobenzonitrile,,n-BuLi,,allylated benzonitrile,,4f,74.0,isolated,,,,"2.5 equiv allyl bromide, 0.1 equiv CuCN·2LiCl, 30 min, 0°C",halogen-metal exchange,0.0,1.7,tetrahydrofuran,T-shaped micromixer + capillary/coil reactor,CuCN·2LiCl,Batch quenching of diarylmagnesium species 2c with allyl bromide.
Ketels et al. 2017 - Synthesis of polyfunctional diorganomagnesium and d ... ange of highly functionalized (hetero)aryl halides in continuous flow,10.1002/anie.201706609,Table 1,7,2-iodobenzonitrile,,n-BuLi,,allylated benzonitrile,,4h,80.0,isolated,,,,"2.5 equiv 3-bromocyclohexene, 0.1 equiv CuCN·2LiCl, 30 min, 0°C",halogen-metal exchange,0.0,2.5,tetrahydrofuran,T-shaped micromixer + capillary/coil reactor,CuCN·2LiCl,I/Li exchange on 2-iodobenzonitrile followed by allylation with 3-bromocyclohexene.
Ketels et al. 2017 - Synthesis of polyfunctional diorganomagnesium and d ... ange of highly functionalized (hetero)aryl halides in continuous flow,10.1002/anie.201706609,Table 1,8,4-bromoanisole,,n-BuLi,,acylated anisole,,4i,68.0,isolated,,,,"1.5 equiv acyl chloride, 1–2 h, 0°C",halogen-metal exchange,0.0,25.0,tetrahydrofuran,T-shaped micromixer + capillary/coil reactor,,Electron-rich aryl bromide transmetalated in situ and quenched with acyl chloride.
Ketels et al. 2017 - Synthesis of polyfunctional diorganomagnesium and d ... ange of highly functionalized (hetero)aryl halides in continuous flow,10.1002/anie.201706609,Table 1,9,4-bromoanisole,,n-BuLi,,Negishi cross-coupling product,,4j,85.0,isolated,,,,"1.5 equiv, 10 h, 25°C after transmetalation to ZnCl2",halogen-metal exchange,0.0,2.5,tetrahydrofuran,T-shaped micromixer + capillary/coil reactor,PEPPSI-iPr,Batch Negishi cross-coupling after in situ transmetalation to zinc using PEPPSI-iPr catalyst.
Ketels et al. 2017 - Synthesis of polyfunctional diorganomagnesium and d ... ange of highly functionalized (hetero)aryl halides in continuous flow,10.1002/anie.201706609,Table 1,10,4-bromoanisole,,n-BuLi,,ester-containing product,,4k,70.0,isolated,,,,"1.5 equiv, 1.1 equiv CuCN·2LiCl, 1–2 h, 0°C",halogen-metal exchange,0.0,2.5,tetrahydrofuran,T-shaped micromixer + capillary/coil reactor,CuCN·2LiCl,Electron-rich aryl bromide subjected to in situ exchange–transmetalation and quenched with electrophile bearing ester group.
Ketels et al. 2017 - Synthesis of polyfunctional diorganomagnesium and d ... ange of highly functionalized (hetero)aryl halides in continuous flow,10.1002/anie.201706609,Table 2,1,3-iodophenyl azide,,PhLi,,m-allyl azidobenzene,,7b,83.0,isolated,,,,"2.5 equiv allyl bromide, 0.1 equiv CuCN·2LiCl, 30 min, 0°C",halogen-metal exchange,-40.0,1.25,tetrahydrofuran,T-shaped micromixer + capillary/coil reactor,CuCN·2LiCl,m-Iodophenyl azide functionalized via in situ trapping exchange.
Ketels et al. 2017 - Synthesis of polyfunctional diorganomagnesium and d ... ange of highly functionalized (hetero)aryl halides in continuous flow,10.1002/anie.201706609,Table 2,2,4-iodo-2-nitrobenzene,,PhLi,,allylated nitroarene,,7c,78.0,isolated,,,,"2.5 equiv allyl bromide, 0.1 equiv CuCN·2LiCl, 30 min, 0°C",halogen-metal exchange,-20.0,1.25,tetrahydrofuran,T-shaped micromixer + capillary/coil reactor,CuCN·2LiCl,Nitro-substituted aryl iodide functionalized via in situ trapping exchange.
Ketels et al. 2017 - Synthesis of polyfunctional diorganomagnesium and d ... ange of highly functionalized (hetero)aryl halides in continuous flow,10.1002/anie.201706609,Table 2,3,2-iodo-5-nitrothiophene,,PhLi,,allylated nitrothiophene,,7d,73.0,isolated,,,,"2.5 equiv allyl bromide, 0.1 equiv CuCN·2LiCl, 30 min, 0°C",halogen-metal exchange,-20.0,0.1,tetrahydrofuran,T-shaped micromixer + capillary/coil reactor,CuCN·2LiCl,Nitro-substituted heteroaryl iodide functionalized.
Ketels et al. 2017 - Synthesis of polyfunctional diorganomagnesium and d ... ange of highly functionalized (hetero)aryl halides in continuous flow,10.1002/anie.201706609,Table 2,4,2-iodo-5-nitrothiophene,,PhLi,,indole aldehyde addition product,,7e,60.0,isolated,,,,"1.1–1.5 equiv indole aldehyde, 1–2 h, 0°C",halogen-metal exchange,-20.0,0.06,tetrahydrofuran,T-shaped micromixer + capillary/coil reactor,,Nucleophilic addition to indole aldehyde after in situ trapping exchange.
Ketels et al. 2017 - Synthesis of polyfunctional diorganomagnesium and d ... ange of highly functionalized (hetero)aryl halides in continuous flow,10.1002/anie.201706609,Table 2,5,2-iodo-5-nitrothiophene,,PhLi,,acylated nitrothiophene,,7f,63.0,isolated,,,,"1.5 equiv acyl chloride, 1.1 equiv CuCN·2LiCl, 1–2 h, 0°C",halogen-metal exchange,-20.0,0.06,tetrahydrofuran,T-shaped micromixer + capillary/coil reactor,CuCN·2LiCl,Acylaion of nitrothiophene-derived organozinc species.
Ketels et al. 2017 - Synthesis of polyfunctional diorganomagnesium and d ... ange of highly functionalized (hetero)aryl halides in continuous flow,10.1002/anie.201706609,Table 2,6,4-iodoacetophenone,,PhLi,,allylated ketone,,7g,73.0,isolated,,,,"2.5 equiv allyl bromide, 0.1 equiv CuCN·2LiCl, 30 min, 0°C",halogen-metal exchange,-60.0,0.08,tetrahydrofuran,T-shaped micromixer + capillary/coil reactor,CuCN·2LiCl,Ketone-containing aryl iodide functionalized at -60°C.
Ketels et al. 2017 - Synthesis of polyfunctional diorganomagnesium and d ... ange of highly functionalized (hetero)aryl halides in continuous flow,10.1002/anie.201706609,Table 2,8,ethyl 4-iodobenzoate,,PhLi,,allylated ester,,7i,70.0,isolated,,,,"1.5 equiv acyl chloride, 1.1 equiv CuCN·2LiCl, 1–2 h, 0°C",halogen-metal exchange,-40.0,0.94,tetrahydrofuran,T-shaped micromixer + capillary/coil reactor,CuCN·2LiCl,Ester-containing aryl iodide functionalized via in situ magnesium transmetalation.
Ketels et al. 2017 - Synthesis of polyfunctional diorganomagnesium and d ... ange of highly functionalized (hetero)aryl halides in continuous flow,10.1002/anie.201706609,Table 2,9,4-isothiocyanatoiodobenzene,,PhLi,,allylated isothiocyanate,,7j,68.0,isolated,,,,"2.5 equiv allyl bromide, 0.1 equiv CuCN·2LiCl, 30 min, 0°C",halogen-metal exchange,-20.0,1.25,tetrahydrofuran,T-shaped micromixer + capillary/coil reactor,CuCN·2LiCl,Isothiocyanate-containing aryl iodide functionalized without addition to C=N=S.
Ketels et al. 2017 - Synthesis of polyfunctional diorganomagnesium and d ... ange of highly functionalized (hetero)aryl halides in continuous flow,10.1002/anie.201706609,Table 2,10,3-isothiocyanatoiodobenzene,,PhLi,,allylated isothiocyanate,,7k,65.0,isolated,,,,"2.5 equiv allyl bromide, 0.1 equiv CuCN·2LiCl, 30 min, 0°C",halogen-metal exchange,-60.0,0.07,tetrahydrofuran,T-shaped micromixer + capillary/coil reactor,CuCN·2LiCl,Meta-substituted isothiocyanate functionalized.
Ketels et al. 2017 - Synthesis of polyfunctional diorganomagnesium and d ... ange of highly functionalized (hetero)aryl halides in continuous flow,10.1002/anie.201706609,Table 2,11,2-isothiocyanatoiodobenzene,,PhLi,,allylated isothiocyanate,,7l,67.0,isolated,,,,"2.5 equiv allyl bromide, 0.1 equiv CuCN·2LiCl, 30 min, 0°C",halogen-metal exchange,-60.0,0.15,tetrahydrofuran,T-shaped micromixer + capillary/coil reactor,CuCN·2LiCl,Ortho-substituted isothiocyanate functionalized.
Ketels et al. 2017 - Synthesis of polyfunctional diorganomagnesium and d ... ange of highly functionalized (hetero)aryl halides in continuous flow,10.1002/anie.201706609,Table 2,12,4-isothiocyanatobromobenzene,,PhLi,,acylated isothiocyanate,,7m,63.0,isolated,,,,"1.5 equiv acyl chloride, 1.1 equiv CuCN·2LiCl, 1–2 h, 0°C",halogen-metal exchange,-20.0,0.94,tetrahydrofuran,T-shaped micromixer + capillary/coil reactor,CuCN·2LiCl,Bromide analog of isothiocyanate substrate subjected to acylation.
Kim et al. 2018 - A catalyst-free amination of functional organolithium reagents by flow chemistry,10.1002/anie.201713031,page_2_table_0_extracted.csv,1,,c1ccccc1.[Li],,CCN(CC)ON(=O)c1c(Cl)cccc1Cl,,CCN(CC)c1ccccc1,2a,,GC,,,,1.1 equiv aminating reagent,C-N coupling,-78.0,,tetrahydrofuran,flask,none,Batch reaction; no product detected (n.d.); undesired nucleophilic attack on carbonyl led to benzophenone and triphenylmethanol byproducts
Kim et al. 2018 - A catalyst-free amination of functional organolithium reagents by flow chemistry,10.1002/anie.201713031,page_2_table_0_extracted.csv,3,,c1ccccc1.[Li],,CCN(CC)ON(=O)c1c(C)cc(C)cc1C,,CCN(CC)c1ccccc1,2a,33.0,GC,,,,1.1 equiv aminating reagent,C-N coupling,-78.0,,tetrahydrofuran,flask,none,"Aminating reagent with mesityl group gave 33% yield of N,N-diethylaniline"
Kim et al. 2018 - A catalyst-free amination of functional organolithium reagents by flow chemistry,10.1002/anie.201713031,page_2_table_0_extracted.csv,6,,c1ccccc1.[Li],,CCN(CC)ON(=O)c1c(Cl)cccc1Cl,,CCN(CC)c1ccccc1,2a,81.0,GC,,,,1.1 equiv aminating reagent,C-N coupling,-78.0,,tetrahydrofuran,flask,none,"Optimized aminating reagent: O-(2,6-dichlorobenzoyl)-N,N-diethylhydroxylamine (1f); gave 81% yield"
Kim et al. 2018 - A catalyst-free amination of functional organolithium reagents by flow chemistry,10.1002/anie.201713031,page_2_table_1_extracted.csv,1,,COc1ccc(Br)cc1,"O-(2,6-dichlorobenzoyl)-N,N-diethylhydroxylamine",,,CCN(CC)c1ccc(OC)cc1,2b,,GC,,,,1.1 equiv aminating reagent,C-N coupling,0.0,3.1,tetrahydrofuran,"flow microreactor system with two micromixers (M1, M2; 250 μm inner diameter) and two microtube reactors (R1, R2)",,"Aryllithium generated in situ from p-bromoanisole; residence time in R1 = 3.1 s, R2 = 9.0 s"
Kim et al. 2018 - A catalyst-free amination of functional organolithium reagents by flow chemistry,10.1002/anie.201713031,page_2_table_1_extracted.csv,4,,Fc1ccc(Br)cc1,"O-(2,6-dichlorobenzoyl)-N,N-diethylhydroxylamine",,,CC.CCN(CC)c1ccc(F)cc1,2e,,GC,,,,1.1 equiv aminating reagent,C-N coupling,0.0,0.01,tetrahydrofuran,"flow microreactor system with two micromixers (M1, M2; 250 μm inner diameter) and two microtube reactors (R1, R2)",,"Aryllithium generated in situ from 4-bromofluorobenzene; residence time in R1 = 0.01 s, R2 = 8.2 s"
Kim et al. 2018 - A catalyst-free amination of functional organolithium reagents by flow chemistry,10.1002/anie.201713031,page_2_table_1_extracted.csv,8,PhLi,c1ccccc1.[Li],"O-(2,6-dichlorobenzoyl)-N,N-diethylhydroxylamine",,,CCN(CC)c1ccccc1,2a,,GC,,,,1.1 equiv aminating reagent,C-N coupling,0.0,,tetrahydrofuran,"flow microreactor system with two micromixers (M1, M2; 250 μm inner diameter) and two microtube reactors (R1, R2)",,Direct use of preformed phenyllithium; R2 residence time = 8.2 s
Kim et al. 2018 - A catalyst-free amination of functional organolithium reagents by flow chemistry,10.1002/anie.201713031,page_2_table_1_extracted.csv,9,PhLi,c1ccccc1.[Li],"O-(2,6-dichlorobenzoyl)-N,N-diethylhydroxylamine",,,CCN(CC)c1ccccc1,2i,62.0,isolated,,,,1.1 equiv aminating reagent,C-N coupling,0.0,,tetrahydrofuran,"flow microreactor system with two micromixers (M1, M2; 250 μm inner diameter) and two microtube reactors (R1, R2)",,Direct use of PhLi with dibutylamino-based aminating reagent; isolated yield 62%
Kim et al. 2018 - A catalyst-free amination of functional organolithium reagents by flow chemistry,10.1002/anie.201713031,page_2_table_1_extracted.csv,10,PhLi,c1ccccc1.[Li],"O-(2,6-dichlorobenzoyl)-N,N-diethylhydroxylamine",,,CCN(CC)c1ccccc1,2j,85.0,isolated,,,,1.1 equiv aminating reagent,C-N coupling,0.0,,tetrahydrofuran,"flow microreactor system with two micromixers (M1, M2; 250 μm inner diameter) and two microtube reactors (R1, R2)",,Direct use of PhLi with methyl 2-phenylethyl amino-based aminating reagent; isolated yield 85%
Kim et al. 2018 - A catalyst-free amination of functional organolithium reagents by flow chemistry,10.1002/anie.201713031,page_2_table_1_extracted.csv,11,BuLi,CCCC.[Li],"O-(2,6-dichlorobenzoyl)-N,N-diethylhydroxylamine",,,CCN(CC)c1ccccc1,2k,,GC,,,,1.1 equiv aminating reagent,C-N coupling,0.0,,tetrahydrofuran,"flow microreactor system with two micromixers (M1, M2; 250 μm inner diameter) and two microtube reactors (R1, R2)",,Direct use of n-butyl lithium; R2 residence time = 8.2 s
Kim et al. 2018 - A catalyst-free amination of functional organolithium reagents by flow chemistry,10.1002/anie.201713031,page_3_table_1_extracted.csv,1,,COC1=CC=CC(Br)=C[CH]C1.C[CH]1234C[CH]15C2C(C=C3Br)C54,"Obenzoyl-N,N-diethylhydroxylamine derivative bearing 2,6-dichlorobenzoyl group (1f)",,,CCN(CC)c1cccc(OC)c1,,,GC,,,,1.1 equiv of the aminating reagent was used,C-N coupling,0.0,,tetrahydrofuran,"microreactor system with two micromixers (M1, M2) and two microtube reactors (R1, R2); inner diameter 250 µm",,"Aryllithium generated in situ from bromo-substituted aryl precursor using BuLi (0.42 M in hexane, 1.5 mL/min) and substrate solution (0.10 M in THF, 6.0 mL/min); aminating reagent 1f (0.22 M in THF, 4.0 mL/min) added in second mixing stage; tR1 and tR2 are independent residence times in sequential reactor zones; yield determined by GC using 1,3,5-trimethoxybenzene as internal standard"
Kim et al. 2018 - A catalyst-free amination of functional organolithium reagents by flow chemistry,10.1002/anie.201713031,page_3_table_1_extracted.csv,3,C=C/C=C\C(=C)[N]CC,,"Obenzoyl-N,N-diethylhydroxylamine derivative bearing 2,6-dichlorobenzoyl group (1f)",,,,,,GC,,,,1.1 equiv of the aminating reagent was used,C-N coupling,0.0,,tetrahydrofuran,"microreactor system with two micromixers (M1, M2) and two microtube reactors (R1, R2); inner diameter 250 µm",,"Aryllithium generated in situ from bromo-substituted aryl precursor using BuLi (0.42 M in hexane, 1.5 mL/min) and substrate solution (0.10 M in THF, 6.0 mL/min); aminating reagent 1f (0.22 M in THF, 4.0 mL/min) added in second mixing stage; tR1 and tR2 are independent residence times in sequential reactor zones; yield determined by GC using 1,3,5-trimethoxybenzene as internal standard"
Ganiek et al. 2018 - Mild homologation of esters through continuous flow chloroacetate Claisen reactions,10.1002/anie.201810158,Table 1,,,CCOC(=O)c1cccc(Cl)c1,dichloroacetic acid,,,O=C(c1cccc(Cl)c1)C(Cl)Cl,,,,,,,1.1 equiv dianion,nucleophilic addition,,60.0,tetrahydrofuran,continuous flow reactor,LiHMDS,
Ganiek et al. 2018 - Mild homologation of esters through continuous flow chloroacetate Claisen reactions,10.1002/anie.201810158,Table 1,,,C=C(C)C1CCC(C)CC1OC(=O)c1ccc(C(=O)OC)cc1,chloroacetic acid,,,C=C(C)C1CCC(C)CC1OC(=O)c1ccc(C(=O)CCl)cc1,,,,,,,1.1 equiv dianion,nucleophilic addition,-78.0,60.0,tetrahydrofuran,continuous flow reactor,LiHMDS,
Ganiek et al. 2018 - Mild homologation of esters through continuous flow chloroacetate Claisen reactions,10.1002/anie.201810158,Table 1,,,COC(=O)c1ccc(C2OCCO2)cc1,chloroacetic acid,,,O=Cc1ccc(C(=O)CCl)cc1,,71.0,isolated,,,,1.1 equiv dianion,nucleophilic addition,-78.0,60.0,tetrahydrofuran,continuous flow reactor,LiHMDS,
Ganiek et al. 2018 - Mild homologation of esters through continuous flow chloroacetate Claisen reactions,10.1002/anie.201810158,Table 1,,,COC(=O)c1ccc(C2OCCO2)cc1,dichloroacetic acid,,,O=C(c1ccc(C2OCCO2)cc1)C(Cl)Cl,,60.0,isolated,,,,1.1 equiv dianion,nucleophilic addition,-78.0,60.0,tetrahydrofuran,continuous flow reactor,LiHMDS,
Ganiek et al. 2018 - Mild homologation of esters through continuous flow chloroacetate Claisen reactions,10.1002/anie.201810158,Table 1,,,COC(=O)c1ccc(C)cc1,chloroacetic acid,,,Cc1ccc(C(=O)CCl)cc1,,76.0,isolated,,,,1.1 equiv dianion,nucleophilic addition,-78.0,60.0,tetrahydrofuran,continuous flow reactor,LiHMDS,
Ganiek et al. 2018 - Mild homologation of esters through continuous flow chloroacetate Claisen reactions,10.1002/anie.201810158,Table 1,,,COC(=O)c1cccc(Br)n1,chloroacetic acid,,,O=C(CCl)c1cccc(Br)n1,,80.0,isolated,,,,1.1 equiv dianion,nucleophilic addition,-78.0,60.0,tetrahydrofuran,continuous flow reactor,LiHMDS,
Ganiek et al. 2018 - Mild homologation of esters through continuous flow chloroacetate Claisen reactions,10.1002/anie.201810158,Table 1,,,COC(=O)c1ccc2ccccc2n1,chloroacetic acid,,,O=C(CCl)c1ccc2ccccc2n1,,66.0,isolated,,,,1.1 equiv dianion,nucleophilic addition,-78.0,60.0,tetrahydrofuran,continuous flow reactor,LiHMDS,
Ganiek et al. 2018 - Mild homologation of esters through continuous flow chloroacetate Claisen reactions,10.1002/anie.201810158,Table 2,,,*c1ccc(C#CC(=O)OC)cc1,dichloroacetic acid,,,*c1ccc(C#CC(=O)C(Cl)Cl)cc1,,96.0,isolated,,,,2.1–2.4 equiv dianion,nucleophilic addition,,,tetrahydrofuran,continuous flow reactor with in-line acidic quench,dianion reagent,
Ganiek et al. 2018 - Mild homologation of esters through continuous flow chloroacetate Claisen reactions,10.1002/anie.201810158,Table 2,,,COC(=O)/C=C/c1ccccc1,chloroacetic acid,,,O=C(/C=C/c1ccccc1)CCl,,60.0,isolated,,,,2.1–2.4 equiv dianion,nucleophilic addition,,,tetrahydrofuran,continuous flow reactor with in-line acidic quench,dianion reagent,
Ganiek et al. 2018 - Mild homologation of esters through continuous flow chloroacetate Claisen reactions,10.1002/anie.201810158,Table 2,,,O=C(CCc1ccccc1)OCc1ccccc1,dichloroacetic acid,,,O=C(CCc1ccccc1)C(Cl)Cl,,60.0,isolated,,,,2.1–2.4 equiv dianion,nucleophilic addition,,,tetrahydrofuran,continuous flow reactor with in-line acidic quench,dianion reagent,
Ganiek et al. 2018 - Mild homologation of esters through continuous flow chloroacetate Claisen reactions,10.1002/anie.201810158,Table 2,,,COC(=O)CC1(C)OCCO1,dichloroacetic acid,,,CC1(CC(=O)C(Cl)Cl)OCCO1,,82.0,isolated,,,,2.1–2.4 equiv dianion,nucleophilic addition,,,tetrahydrofuran,continuous flow reactor with in-line acidic quench,dianion reagent,
Ganiek et al. 2018 - Mild homologation of esters through continuous flow chloroacetate Claisen reactions,10.1002/anie.201810158,Table 2,,,CCOC(=O)C1CC1C(=O)OCC,chloroacetic acid,,,CCOC(=O)C1CC1C(=O)CCl,,61.0,isolated,,,,2.1–2.4 equiv dianion,nucleophilic addition,,,tetrahydrofuran,continuous flow reactor with in-line acidic quench,dianion reagent,
Ganiek et al. 2018 - Mild homologation of esters through continuous flow chloroacetate Claisen reactions,10.1002/anie.201810158,Table 2,,,CCOC(=O)C1OC1(C)c1ccccc1,dichloroacetic acid,,,CC1(c2ccccc2)OC1C(=O)C(Cl)Cl,,45.0,isolated,,,,2.1–2.4 equiv dianion,nucleophilic addition,,,tetrahydrofuran,continuous flow reactor with in-line acidic quench,dianion reagent,
Ichinari et al. 2020 - A novel approach to functionalization of aryl azi ... of organolithium species bearing masked azides in flow microreactors,10.1002/anie.201912419,Table 1,,"1,2-dibromobenzene",,tosyl azide,,phenyl azide,,2,3.3,HPLC,,,,,halogen-metal exchange,-50.0,0.41,,T-shaped micromixer + capillary/coil reactor,,"Reaction involves Br–Li exchange of 1,2-dibromobenzene (3b) followed by trapping with tosyl azide and hydrolysis to yield phenyl azide (2)."
Ichinari et al. 2020 - A novel approach to functionalization of aryl azi ... of organolithium species bearing masked azides in flow microreactors,10.1002/anie.201912419,Table 1,,"1,2-dibromobenzene",,tosyl azide,,phenyl azide,,2,3.3,HPLC,,,,,halogen-metal exchange,-20.0,0.41,,T-shaped micromixer + capillary/coil reactor,,"Reaction involves Br–Li exchange of 1,2-dibromobenzene (3b) followed by trapping with tosyl azide and hydrolysis to yield phenyl azide (2)."
Ichinari et al. 2020 - A novel approach to functionalization of aryl azi ... of organolithium species bearing masked azides in flow microreactors,10.1002/anie.201912419,Table 1,,"1,2-dibromobenzene",,tosyl azide,,phenyl azide,,2,3.3,HPLC,,,,,halogen-metal exchange,-20.0,3.3,,T-shaped micromixer + capillary/coil reactor,,"Reaction involves Br–Li exchange of 1,2-dibromobenzene (3b) followed by trapping with tosyl azide and hydrolysis to yield phenyl azide (2). Optimized condition for 3b."
Ichinari et al. 2020 - A novel approach to functionalization of aryl azi ... of organolithium species bearing masked azides in flow microreactors,10.1002/anie.201912419,Table 1,,"1,4-dibromobenzene",,tosyl azide,,phenyl azide,,2,4.8,HPLC,,,,,halogen-metal exchange,-50.0,4.8,,T-shaped micromixer + capillary/coil reactor,,"Reaction involves Br–Li exchange of 1,4-dibromobenzene (3a) followed by trapping with tosyl azide and hydrolysis to yield phenyl azide (2)."
Ichinari et al. 2020 - A novel approach to functionalization of aryl azi ... of organolithium species bearing masked azides in flow microreactors,10.1002/anie.201912419,Table 1,,"1,4-dibromobenzene",,tosyl azide,,phenyl azide,,2,4.8,HPLC,,,,,halogen-metal exchange,-20.0,4.8,,T-shaped micromixer + capillary/coil reactor,,"Reaction involves Br–Li exchange of 1,4-dibromobenzene (3a) followed by trapping with tosyl azide and hydrolysis to yield phenyl azide (2)."
Ichinari et al. 2020 - A novel approach to functionalization of aryl azi ... of organolithium species bearing masked azides in flow microreactors,10.1002/anie.201912419,Table 1,,"1,3-dibromobenzene",,tosyl azide,,phenyl azide,,2,4.8,HPLC,,,,,halogen-metal exchange,-50.0,4.8,,T-shaped micromixer + capillary/coil reactor,,"Reaction involves Br–Li exchange of 1,3-dibromobenzene (3c) followed by trapping with tosyl azide and hydrolysis to yield phenyl azide (2)."
Ichinari et al. 2020 - A novel approach to functionalization of aryl azi ... of organolithium species bearing masked azides in flow microreactors,10.1002/anie.201912419,Table 1,,"1,3-dibromobenzene",,tosyl azide,,phenyl azide,,2,4.8,HPLC,,,,,halogen-metal exchange,-20.0,4.8,,T-shaped micromixer + capillary/coil reactor,,"Reaction involves Br–Li exchange of 1,3-dibromobenzene (3c) followed by trapping with tosyl azide and hydrolysis to yield phenyl azide (2)."
Ichinari et al. 2020 - A novel approach to functionalization of aryl azi ... of organolithium species bearing masked azides in flow microreactors,10.1002/anie.201912419,Table 2,,"1,4-dibromobenzene",,benzaldehyde,,,,7,73.0,isolated,,,,,nucleophilic addition,-50.0,3.3,,T-shaped micromixer + capillary/coil reactor,,"Reaction involves Br–Li exchange of 1,4-dibromobenzene (3a) bearing a triazene group followed by nucleophilic addition to benzaldehyde."
Ichinari et al. 2020 - A novel approach to functionalization of aryl azi ... of organolithium species bearing masked azides in flow microreactors,10.1002/anie.201912419,Table 2,,"1,4-dibromobenzene",,methyl formate,,,,8,80.0,HPLC,,,,,nucleophilic addition,-50.0,3.3,,T-shaped micromixer + capillary/coil reactor,,"Reaction involves Br–Li exchange of 1,4-dibromobenzene (3a) bearing a triazene group followed by nucleophilic addition to methyl formate."
Ichinari et al. 2020 - A novel approach to functionalization of aryl azi ... of organolithium species bearing masked azides in flow microreactors,10.1002/anie.201912419,Table 2,,"1,4-dibromobenzene",,"2-isopropoxy-4,4,5,5-tetramethyl-1,3,2-dioxaborolane",,,,9,59.0,HPLC,,,,,nucleophilic addition,-50.0,3.3,,T-shaped micromixer + capillary/coil reactor,,"Reaction involves Br–Li exchange of 1,4-dibromobenzene (3a) bearing a triazene group followed by reaction with pinacolborane derivative."
Ichinari et al. 2020 - A novel approach to functionalization of aryl azi ... of organolithium species bearing masked azides in flow microreactors,10.1002/anie.201912419,Table 2,,"1,2-dibromobenzene",,benzaldehyde,,,,10,74.0,HPLC,,,,,nucleophilic addition,-70.0,4.8,,T-shaped micromixer + capillary/coil reactor,,"Reaction involves Br–Li exchange of 1,2-dibromobenzene (3b) bearing a triazene group followed by nucleophilic addition to benzaldehyde. sec-BuLi was used instead of n-BuLi."
Ichinari et al. 2020 - A novel approach to functionalization of aryl azi ... of organolithium species bearing masked azides in flow microreactors,10.1002/anie.201912419,Table 2,,"1,2-dibromobenzene",,methyl formate,,,,11,53.0,HPLC,,,,,nucleophilic addition,-70.0,4.8,,T-shaped micromixer + capillary/coil reactor,,"Reaction involves Br–Li exchange of 1,2-dibromobenzene (3b) bearing a triazene group followed by nucleophilic addition to methyl formate. sec-BuLi was used instead of n-BuLi."
Ichinari et al. 2020 - A novel approach to functionalization of aryl azi ... of organolithium species bearing masked azides in flow microreactors,10.1002/anie.201912419,Table 2,,"1,3-dibromobenzene",,benzaldehyde,,,,12,61.0,isolated,,,,,nucleophilic addition,-50.0,3.3,,T-shaped micromixer + capillary/coil reactor,,"Reaction involves Br–Li exchange of 1,3-dibromobenzene (3c) bearing a triazene group followed by nucleophilic addition to benzaldehyde."
Ichinari et al. 2020 - A novel approach to functionalization of aryl azi ... of organolithium species bearing masked azides in flow microreactors,10.1002/anie.201912419,Table 2,,"2,3-dibromopyridine",,benzaldehyde,,,,13,56.0,isolated,,,,,nucleophilic addition,-50.0,3.3,,T-shaped micromixer + capillary/coil reactor,,"Reaction involves Br–Li exchange of 2,3-dibromopyridine (3d) bearing a triazene group followed by nucleophilic addition to benzaldehyde."
Ichinari et al. 2020 - A novel approach to functionalization of aryl azi ... of organolithium species bearing masked azides in flow microreactors,10.1002/anie.201912419,Table 2,,"4,4'-dibromobiphenyl",,benzaldehyde,,,,14,68.0,isolated,,,,,nucleophilic addition,-50.0,3.3,,T-shaped micromixer + capillary/coil reactor,,"Reaction involves selective monolithiation of 4,4'-dibromobiphenyl (3e) followed by nucleophilic addition to benzaldehyde."
Kremsmair et al. 2023 - In situ quench reactions of enantioenriched seco ... ithium reagents in batch and continuous flow using an I - Li-exchange,10.1002/anie.202214377,Table 1,1,(R)-2a,,diethyl ketone (3a),,(R)-4a,,4a,67.0,GC,,,92.0,2.5 equiv electrophile,nucleophilic addition,-100.0,,pentane:diethyl ether (3:2),,,Two-step sequence via alkyllithium (R)-1a followed by addition of diethyl ketone (method A).
Kremsmair et al. 2023 - In situ quench reactions of enantioenriched seco ... ithium reagents in batch and continuous flow using an I - Li-exchange,10.1002/anie.202214377,Table 1,2,(R)-2a,,diethyl ketone (3a),,(R)-4a,,4a,61.0,GC,,,53.0,2.5 equiv electrophile,nucleophilic addition,-78.0,,pentane:diethyl ether (3:2),,,Two-step sequence via alkyllithium (R)-1a followed by addition of diethyl ketone (method A).
Kremsmair et al. 2023 - In situ quench reactions of enantioenriched seco ... ithium reagents in batch and continuous flow using an I - Li-exchange,10.1002/anie.202214377,Table 1,3,(R)-2a,,diethyl ketone (3a),,(R)-4a,,4a,54.0,GC,,,0.0,2.5 equiv electrophile,nucleophilic addition,-40.0,,pentane:diethyl ether (3:2),,,Two-step sequence via alkyllithium (R)-1a followed by addition of diethyl ketone (method A).
Kremsmair et al. 2023 - In situ quench reactions of enantioenriched seco ... ithium reagents in batch and continuous flow using an I - Li-exchange,10.1002/anie.202214377,Table 1,4,(R)-2a,,diethyl ketone (3a),,(R)-4a,,4a,60.0,isolated,,,93.0,"2.5 equiv electrophile, 2.1 M t-BuLi in pentane added within 10 s",nucleophilic addition,-78.0,,pentane:diethyl ether (3:2),,,In situ quench (ISQ) procedure (method B).
Kremsmair et al. 2023 - In situ quench reactions of enantioenriched seco ... ithium reagents in batch and continuous flow using an I - Li-exchange,10.1002/anie.202214377,Table 1,5,(R)-2a,,diethyl ketone (3a),,(R)-4a,,4a,52.0,GC,,,92.0,2.5 equiv electrophile,nucleophilic addition,-60.0,,pentane:diethyl ether (3:2),,,In situ quench (ISQ) procedure (method B).
Kremsmair et al. 2023 - In situ quench reactions of enantioenriched seco ... ithium reagents in batch and continuous flow using an I - Li-exchange,10.1002/anie.202214377,Table 1,7,(R)-2a,,diethyl ketone (3a),,(R)-4a,,4a,44.0,GC,,,86.0,2.5 equiv electrophile,nucleophilic addition,-20.0,,pentane:diethyl ether (3:2),,,In situ quench (ISQ) procedure (method B).
Kremsmair et al. 2023 - In situ quench reactions of enantioenriched seco ... ithium reagents in batch and continuous flow using an I - Li-exchange,10.1002/anie.202214377,Table 1,8,(R)-2a,,diethyl ketone (3a),,(R)-4a,,4a,41.0,GC,,,69.0,2.5 equiv electrophile,nucleophilic addition,0.0,,pentane:diethyl ether (3:2),,,In situ quench (ISQ) procedure (method B).
Nagaki et al. 2012 - Cross-coupling of aryllithiums with aryl and vinyl halides in flow microreactors,10.1002/asia.201101019,page_4_table_1_extracted.csv,1,,c1ccccc1Br,,Brc1ccc(OC)cc1,,COc1ccc(c2ccccc2)cc1,3,,,,,,,C-C coupling,50.0,94.0,tetrahydrofuran,flow microreactor system,Pd,"Ar1Br = bromobenzene, Ar2X = p-bromoanisole; product is p-methoxybiphenyl (compound 3); yield not reported in table preview but referenced in caption notes as isolated yield [c]"
Nagaki et al. 2012 - Cross-coupling of aryllithiums with aryl and vinyl halides in flow microreactors,10.1002/asia.201101019,page_4_table_1_extracted.csv,8,p-bromoanisole,,bromobenzene,,,COc1ccc(C)cc1-c1ccccc1,,,,,,,,C-C coupling,50.0,94.0,tetrahydrofuran,flow microreactor system,Pd,"Entry with blank Ar1Br — implies alternative ArLi generation (e.g., H/Li exchange on p-bromoanisole); product is methyl-substituted biphenyl ether"
Nagaki et al. 2012 - Cross-coupling of aryllithiums with aryl and vinyl halides in flow microreactors,10.1002/asia.201101019,page_4_table_1_extracted.csv,10,,Brc1ccccc1,bromobenzene,,,Cc1cccc(c2ccccc2)c1,,,,,,,,C-C coupling,50.0,94.0,tetrahydrofuran,flow microreactor system,Pd,m-Bromotoluene + bromobenzene coupling; product is m-tolylbenzene; yield not numerically reported
Nagaki et al. 2012 - Cross-coupling of aryllithiums with aryl and vinyl halides in flow microreactors,10.1002/asia.201101019,page_6_table_0_extracted.csv,1,,c1ccccc1Br,,Br/C=C/c1ccccc1,,COc1cccc(/C=C/c2ccccc2)c1,,,,,,,,C-C coupling,50.0,19.0,tetrahydrofuran,integrated flow microreactor system,Pd(OAc)2,Vinyl bromide coupling with p-bromoanisole; product is styrene derivative; yield not numerically reported
Nagaki et al. 2012 - Cross-coupling of aryllithiums with aryl and vinyl halides in flow microreactors,10.1002/asia.201101019,page_6_table_0_extracted.csv,4,p-bromoanisole,,,COc1ccc(/C=C/Br)cc1,,COc1ccc(/C=C/c2ccccc2)cc1,,,,,,,,C-C coupling,50.0,19.0,tetrahydrofuran,integrated flow microreactor system,Pd(OAc)2,"Blank Ar-Br suggests alternative ArLi generation (e.g., H/Li exchange); vinyl bromide is p-methoxystyrene bromide; product is p-methoxy-p-styrylbenzene"
Nagaki et al. 2012 - Cross-coupling of aryllithiums with aryl and vinyl halides in flow microreactors,10.1002/asia.201101019,page_6_table_0_extracted.csv,6,chlorobenzene,,,Clc1ccc(/C=C/Br)cc1,,Clc1ccc(/C=C/c2ccccc2)cc1.[CH2-].[I-],,,,,,,,C-C coupling,50.0,19.0,tetrahydrofuran,integrated flow microreactor system,Pd(OAc)2,Chlorobenzene-derived ArLi coupled with chlorostyrene bromide; product contains CH2- and I- impurities; yield not numerically reported
Nagaki et al. 2012 - Cross-coupling of aryllithiums with aryl and vinyl halides in flow microreactors,10.1002/asia.201101019,page_6_table_0_extracted.csv,8,bromobenzene,,,BrC=C,,C/C=C/c1ccccc1,,,,,,,,C-C coupling,50.0,19.0,tetrahydrofuran,integrated flow microreactor system,Pd(OAc)2,Styrene bromide analog; product is stilbene derivative; yield not numerically reported
Nagaki et al. 2012 - Cross-coupling of aryllithiums with aryl and vinyl halides in flow microreactors,10.1002/asia.201101019,page_3_table_2_extracted.csv,1,p-bromoanisole,,bromobenzene,,,COc1ccc(c2ccccc2)cc1,3,,GC,,,,,C-C coupling,-78.0,,tetrahydrofuran,batch macroreactor (25 mL round-bottomed flask),Pd(PPh3)4,"Batch macroreactor control experiment; p-methoxyphenyllithium + bromobenzene → p-methoxybiphenyl; yield 8% (based on p-bromoanisole), batch yield reported in Scheme 3 text"
Nagaki et al. 2013 - Synthesis of functionalized aryl fluorides using organolithium reagents in flow microreactors,10.1002/asia.201201191,Table 1,,4-methoxyphenyl bromide,,n-butyllithium,,4-methoxyfluorobenzene,,,,GC,,,,,halogen-metal exchange,,,tetrahydrofuran,flow microreactor,,"Reaction involves bromine-lithium exchange of 4-methoxyphenyl bromide with n-butyllithium to form 4-methoxyphenyllithium, followed by fluorination with NFSI or N-fluorosultam."
Nagaki et al. 2013 - Synthesis of functionalized aryl fluorides using organolithium reagents in flow microreactors,10.1002/asia.201201191,Table 1,,4-nitrophenyl iodide,,phenyllithium,,4-nitrofluorobenzene,,,,GC,,,,,halogen-metal exchange,,,tetrahydrofuran,flow microreactor,,"Reaction involves iodine-lithium exchange of 4-nitrophenyl iodide with phenyllithium to form 4-nitrophenyllithium, followed by fluorination with NFSI or N-fluorosultam."
Nagaki et al. 2013 - Synthesis of functionalized aryl fluorides using organolithium reagents in flow microreactors,10.1002/asia.201201191,Table 2,,,O=[N+]([O-])c1ccccc1I,n-butyllithium,,,,,,,,,,,halogen-metal exchange,-28.0,2.3,tetrahydrofuran,"flow microreactor with micromixer (M2, 500 µm ID) and capillary reactor",,Substrate is 1-iodo-4-nitrobenzene; lithiating agent is n-butyllithium (implied from context and 'CC' shorthand).
Nagaki et al. 2013 - Synthesis of functionalized aryl fluorides using organolithium reagents in flow microreactors,10.1002/asia.201201191,Table 2,,,CC.O=[N+]([O-])c1ccc(I)cc1,,,,,,,,,,,,halogen-metal exchange,-28.0,2.3,tetrahydrofuran,"flow microreactor with micromixer (M2, 500 µm ID) and capillary reactor",,Substrate is 1-iodo-4-nitrobenzene with ethyl lithium as lithiating agent (from 'CC' notation).
Nagaki et al. 2013 - Synthesis of functionalized aryl fluorides using organolithium reagents in flow microreactors,10.1002/asia.201201191,Table 2,,,N#Cc1ccccc1Br,ethyl lithium,,,N#Cc1ccccc1F,,,,,,,,halogen-metal exchange,-28.0,2.3,tetrahydrofuran,"flow microreactor with micromixer (M2, 500 µm ID) and capillary reactor",,Substrate is bromobenzonitrile; lithiating agent is ethyl lithium (from 'CC' notation); product is fluorobenzonitrile.
Nagaki et al. 2010 - Generation and reactions of oxiranyllithiums by use of a flow microreactor system,10.1002/chem.201000815,page_3_table_1_extracted.csv,,styrene oxide,,sBuLi,,,CC1(c2ccccc2)CO1,,,,,,,,directed metalation,-78.0,,tetrahydrofuran,flow microreactor with T-shaped micromixers and microtube reactors,,First row of Table 1: product from trapping with MeI under condition A or B; SMILES corresponds to methylated styrene oxide derivative.
Nagaki et al. 2010 - Generation and reactions of oxiranyllithiums by use of a flow microreactor system,10.1002/chem.201000815,page_5_table_0_extracted.csv,,4-chlorostyrene oxide,,sBuLi,,,C[Si](C)(C)C1(c2ccc(Cl)cc2)CO1,,,,,,,,directed metalation,-78.0,,tetrahydrofuran,flow microreactor system (micromixers and microtubes),,First product structure in page_5_table_0: trapping of oxiranyllithium derived from 4-chlorostyrene oxide with Me3SiCl.
Nagaki et al. 2010 - Generation and reactions of oxiranyllithiums by use of a flow microreactor system,10.1002/chem.201000815,page_5_table_0_extracted.csv,,4-methylstyrene oxide,,sBuLi,,,Cc1ccc(C2(C)CO2)cc1,,,,,,,,directed metalation,-78.0,,tetrahydrofuran,flow microreactor system (micromixers and microtubes),,Third product structure in page_5_table_0: trapping of oxiranyllithium derived from 4-methylstyrene oxide with MeI.
Nagaki et al. 2010 - Generation and reactions of oxiranyllithiums by use of a flow microreactor system,10.1002/chem.201000815,page_5_table_0_extracted.csv,,2-(naphthyl)ethylene oxide,,sBuLi,,,c1ccc2cc(C3CO3)ccc2c1,,,,,,,,directed metalation,-78.0,,tetrahydrofuran,flow microreactor system (micromixers and microtubes),,Sixth product structure in page_5_table_0: trapping of oxiranyllithium derived from 2-(naphthyl)ethylene oxide with MeI.
Nagaki et al. 2010 - Generation and reactions of oxiranyllithiums by use of a flow microreactor system,10.1002/chem.201000815,page_5_table_0_extracted.csv,,2-(biphenyl-4-yl)ethylene oxide,,sBuLi,,,CC1(c2ccc(-c3ccccc3)cc2)CO1,,,,,,,,directed metalation,-78.0,,tetrahydrofuran,flow microreactor system (micromixers and microtubes),,Ninth product structure in page_5_table_0: trapping of oxiranyllithium derived from 2-(biphenyl-4-yl)ethylene oxide with MeI.
Nagaki et al. 2010 - Generation and reactions of oxiranyllithiums by use of a flow microreactor system,10.1002/chem.201000815,page_7_table_0_extracted.csv,,"(2S*,3R*)-2-methyl-3-phenyloxirane",,sBuLi,,,CC1OC1c1ccccc1,,,,,,,,directed metalation,-78.0,,tetrahydrofuran,flow microreactor system (micromixer + microtube),,"First row of page_7_table_0: product from trapping of b-substituted oxiranyllithium derived from (2S*,3R*)-2-methyl-3-phenyloxirane with MeI."
Nagaki et al. 2010 - Generation and reactions of oxiranyllithiums by use of a flow microreactor system,10.1002/chem.201000815,page_7_table_0_extracted.csv,,"(2R*,3S*)-2,3-diphenyloxirane",,sBuLi,,,c1ccc(C2OC2c2ccccc2)cc1,,,,,,,,directed metalation,-78.0,,tetrahydrofuran,flow microreactor system (micromixer + microtube),,"Sixth row of page_7_table_0: product from trapping of b-substituted oxiranyllithium derived from (2R*,3S*)-2,3-diphenyloxirane with MeI."
Nagaki et al. 2010 - Generation and reactions of oxiranyllithiums by use of a flow microreactor system,10.1002/chem.201000815,page_9_table_0_extracted.csv,,"(2S*,3S*)-2,3-diphenyloxirane",,sBuLi,,,c1ccc(C2OC2c2ccccc2)cc1,,,,,,,,directed metalation,-78.0,,tetrahydrofuran,flow microreactor system (micromixer + microtube),,"First row of page_9_table_0: substrate (2S*,3S*)-2,3-diphenyloxirane used for deprotonation with sBuLi followed by methylation with iodomethane in macrobatch reactor."
Nagaki et al. 2010 - Generation and reactions of oxiranyllithiums by use of a flow microreactor system,10.1002/chem.201000815,page_9_table_1_extracted.csv,,"(2S*,3S*)-2-methyl-2,3-diphenyloxirane",,sBuLi,,,CC1(c2ccccc2)OC1(c1ccccc1)[Si](C)(C)C,,,,,,,,directed metalation,-78.0,23.8,tetrahydrofuran,"flow microreactor with two T-shaped micromixers (M1, M2) and two microtube reactors (R1, R2)",,"Fourth row of page_9_table_1: product from trapping of b,b-disubstituted oxiranyllithium derived from (2S*,3S*)-2-methyl-2,3-diphenyloxirane with Me3SiCl."
Nagaki et al. 2010 - Generation and reactions of oxiranyllithiums by use of a flow microreactor system,10.1002/chem.201000815,page_9_table_2_extracted.csv,,styrene oxide,,sBuLi,,,c1ccc(C2OC2c2ccccc2)cc1,,,,,,,,directed metalation,-28.0,,tetrahydrofuran,flow microreactor,sec-butyllithium,First row of page_9_table_2: substrate styrene oxide used for sequential electrophile addition to generate tetrasubstituted epoxides in flow microreactor at -28°C.
Nagaki et al. 2010 - A flow microreactor system enables organolithium reactions without protecting alkoxycarbonyl groups,10.1002/chem.201000876,Table 1,1a,tert-butyl p-bromobenzoate,,sBuLi,,tert-butyl benzoate,,3a,35.0,GC,49.0,,,3.0 equiv ROH,halogen-metal exchange,-78.0,600.0,tetrahydrofuran,,,Batch reaction; conversion and yield in parentheses correspond to 1.0 min reaction time before electrophile addition.
Nagaki et al. 2010 - A flow microreactor system enables organolithium reactions without protecting alkoxycarbonyl groups,10.1002/chem.201000876,Table 1,1b,isopropyl p-bromobenzoate,,sBuLi,,isopropyl benzoate,,3b,7.0,GC,,,,3.0 equiv ROH,halogen-metal exchange,-78.0,600.0,tetrahydrofuran,,,"Batch reaction; only trace conversion observed, yield in parentheses corresponds to 1.0 min reaction time before electrophile addition."
Nagaki et al. 2010 - A flow microreactor system enables organolithium reactions without protecting alkoxycarbonyl groups,10.1002/chem.201000876,Table 1,1c,ethyl p-bromobenzoate,,sBuLi,,ethyl benzoate,,3c,,,,,,3.0 equiv ROH,halogen-metal exchange,-78.0,600.0,tetrahydrofuran,,,Batch reaction; desired product not obtained.
Nagaki et al. 2010 - A flow microreactor system enables organolithium reactions without protecting alkoxycarbonyl groups,10.1002/chem.201000876,Table 1,1d,methyl p-bromobenzoate,,sBuLi,,methyl benzoate,,3d,,,,,,3.0 equiv ROH,halogen-metal exchange,-78.0,600.0,tetrahydrofuran,,,Batch reaction; desired product not obtained.
Nagaki et al. 2010 - A flow microreactor system enables organolithium reactions without protecting alkoxycarbonyl groups,10.1002/chem.201000876,Table 2,4a,tert-butyl p-iodobenzoate,,PhLi,,tert-butyl benzoate,,3a,81.0,GC,99.0,,,3.0 equiv ROH,halogen-metal exchange,-78.0,600.0,tetrahydrofuran,,,Batch reaction; conversion and yield in parentheses correspond to 1.0 min reaction time before electrophile addition.
Nagaki et al. 2010 - A flow microreactor system enables organolithium reactions without protecting alkoxycarbonyl groups,10.1002/chem.201000876,Table 2,4b,isopropyl p-iodobenzoate,,PhLi,,isopropyl benzoate,,3b,24.0,GC,7.0,,,3.0 equiv ROH,halogen-metal exchange,-78.0,600.0,tetrahydrofuran,,,Batch reaction; yield in parentheses corresponds to 1.0 min reaction time before electrophile addition.
Nagaki et al. 2010 - A flow microreactor system enables organolithium reactions without protecting alkoxycarbonyl groups,10.1002/chem.201000876,Table 2,4c,ethyl p-iodobenzoate,,PhLi,,ethyl benzoate,,3c,,,,,,3.0 equiv ROH,halogen-metal exchange,-78.0,600.0,tetrahydrofuran,,,Batch reaction; desired product obtained only in trace amounts.
Nagaki et al. 2010 - A flow microreactor system enables organolithium reactions without protecting alkoxycarbonyl groups,10.1002/chem.201000876,Table 2,4d,methyl p-iodobenzoate,,PhLi,,methyl benzoate,,3d,,,,,,3.0 equiv ROH,halogen-metal exchange,-78.0,600.0,tetrahydrofuran,,,Batch reaction; desired product obtained only in trace amounts.
Nagaki et al. 2010 - A flow microreactor system enables organolithium reactions without protecting alkoxycarbonyl groups,10.1002/chem.201000876,Table 4,5a,tert-butyl m-bromobenzoate,,sBuLi,,tert-butyl benzoate,,3a,40.0,GC,,,,3.0 equiv ROH,halogen-metal exchange,-78.0,600.0,tetrahydrofuran,,,Batch reaction; partial decomposition of intermediate at -78°C.
Nagaki et al. 2010 - A flow microreactor system enables organolithium reactions without protecting alkoxycarbonyl groups,10.1002/chem.201000876,Table 4,5b,isopropyl m-bromobenzoate,,sBuLi,,isopropyl benzoate,,3b,,,,,,3.0 equiv ROH,halogen-metal exchange,-78.0,600.0,tetrahydrofuran,,,Batch reaction; significant decrease in yield compared to tert-butyl analog.
Nagaki et al. 2010 - A flow microreactor system enables organolithium reactions without protecting alkoxycarbonyl groups,10.1002/chem.201000876,Table 4,5c,ethyl m-bromobenzoate,,sBuLi,,ethyl benzoate,,3c,,,,,,3.0 equiv ROH,halogen-metal exchange,-78.0,600.0,tetrahydrofuran,,,Batch reaction; negligible yield.
Nagaki et al. 2010 - A flow microreactor system enables organolithium reactions without protecting alkoxycarbonyl groups,10.1002/chem.201000876,Table 4,5d,methyl m-bromobenzoate,,sBuLi,,methyl benzoate,,3d,,,,,,3.0 equiv ROH,halogen-metal exchange,-78.0,600.0,tetrahydrofuran,,,Batch reaction; negligible yield.
Nagaki et al. 2010 - A flow microreactor system enables organolithium reactions without protecting alkoxycarbonyl groups,10.1002/chem.201000876,Table 5,7a,tert-butyl m-iodobenzoate,,PhLi,,tert-butyl benzoate,,3a,78.0,GC,,,,3.0 equiv ROH,halogen-metal exchange,-78.0,600.0,tetrahydrofuran,,,Batch reaction.
Nagaki et al. 2010 - A flow microreactor system enables organolithium reactions without protecting alkoxycarbonyl groups,10.1002/chem.201000876,Table 5,7b,isopropyl m-iodobenzoate,,PhLi,,isopropyl benzoate,,3b,,,,,,3.0 equiv ROH,halogen-metal exchange,-78.0,600.0,tetrahydrofuran,,,Batch reaction; very low yield.
Nagaki et al. 2010 - A flow microreactor system enables organolithium reactions without protecting alkoxycarbonyl groups,10.1002/chem.201000876,Table 5,7c,ethyl m-iodobenzoate,,PhLi,,ethyl benzoate,,3c,,,,,,3.0 equiv ROH,halogen-metal exchange,-78.0,600.0,tetrahydrofuran,,,Batch reaction; trace amounts only.
Nagaki et al. 2010 - A flow microreactor system enables organolithium reactions without protecting alkoxycarbonyl groups,10.1002/chem.201000876,Table 5,7d,methyl m-iodobenzoate,,PhLi,,methyl benzoate,,3d,,,,,,3.0 equiv ROH,halogen-metal exchange,-78.0,600.0,tetrahydrofuran,,,Batch reaction; trace amounts only.
Nagaki et al. 2010 - A flow microreactor system enables organolithium reactions without protecting alkoxycarbonyl groups,10.1002/chem.201000876,Table 7,8a,tert-butyl o-bromobenzoate,,sBuLi,,tert-butyl benzoate,,3a,61.0,GC,,,,3.0 equiv ROH,halogen-metal exchange,-78.0,600.0,tetrahydrofuran,,,Batch reaction; moderate yield due to partial decomposition at -78°C.
Nagaki et al. 2010 - A flow microreactor system enables organolithium reactions without protecting alkoxycarbonyl groups,10.1002/chem.201000876,Table 7,8b,isopropyl o-bromobenzoate,,sBuLi,,isopropyl benzoate,,3b,12.0,GC,,,,3.0 equiv ROH,halogen-metal exchange,-78.0,600.0,tetrahydrofuran,,,Batch reaction; very low yield.
Nagaki et al. 2010 - A flow microreactor system enables organolithium reactions without protecting alkoxycarbonyl groups,10.1002/chem.201000876,Table 7,8c,ethyl o-bromobenzoate,,sBuLi,,ethyl benzoate,,3c,,,,,,3.0 equiv ROH,halogen-metal exchange,-78.0,600.0,tetrahydrofuran,,,Batch reaction; desired product not obtained.
Nagaki et al. 2010 - A flow microreactor system enables organolithium reactions without protecting alkoxycarbonyl groups,10.1002/chem.201000876,Table 7,8d,methyl o-bromobenzoate,,sBuLi,,methyl benzoate,,3d,,,,,,3.0 equiv ROH,halogen-metal exchange,-78.0,600.0,tetrahydrofuran,,,Batch reaction; desired product not obtained.
Nagaki et al. 2010 - A flow microreactor system enables organolithium reactions without protecting alkoxycarbonyl groups,10.1002/chem.201000876,page_2_table_0_extracted.csv,1b,isopropyl p-bromobenzoate,,sBuLi,,,*OC(=O)c1ccccc1,3b,0.0,GC,0.0,,,1.1 equiv,halogen-metal exchange,-78.0,600.0,tetrahydrofuran,conventional macrobatch reactor,,"sBuLi (0.42 M in hexane/cyclohexane) added to substrate in THF at -78°C; Br/Li exchange proceeded for 10 min at -78°C, then ROH (3.0 equiv) added and stirred 10 min more at -78°C"
Nagaki et al. 2010 - A flow microreactor system enables organolithium reactions without protecting alkoxycarbonyl groups,10.1002/chem.201000876,page_2_table_0_extracted.csv,1c,ethyl p-bromobenzoate,,sBuLi,,,*OC(=O)c1ccccc1,3c,0.0,GC,0.0,,,1.1 equiv,halogen-metal exchange,-78.0,600.0,tetrahydrofuran,conventional macrobatch reactor,,"sBuLi (0.42 M in hexane/cyclohexane) added to substrate in THF at -78°C; Br/Li exchange proceeded for 10 min at -78°C, then ROH (3.0 equiv) added and stirred 10 min more at -78°C"
Nagaki et al. 2010 - A flow microreactor system enables organolithium reactions without protecting alkoxycarbonyl groups,10.1002/chem.201000876,page_2_table_0_extracted.csv,1d,methyl p-bromobenzoate,,sBuLi,,,*OC(=O)c1ccccc1,3d,0.0,GC,0.0,,,1.1 equiv,halogen-metal exchange,-78.0,600.0,tetrahydrofuran,conventional macrobatch reactor,,"sBuLi (0.42 M in hexane/cyclohexane) added to substrate in THF at -78°C; Br/Li exchange proceeded for 10 min at -78°C, then ROH (3.0 equiv) added and stirred 10 min more at -78°C"
Nagaki et al. 2010 - A flow microreactor system enables organolithium reactions without protecting alkoxycarbonyl groups,10.1002/chem.201000876,page_4_table_0_extracted.csv,4b,isopropyl p-iodobenzoate,,PhLi,,,*OC(=O)c1ccccc1,3b,7.0,GC,7.0,,,1.1 equiv,halogen-metal exchange,-78.0,600.0,tetrahydrofuran,conventional macrobatch reactor,,PhLi (0.42 M in Et2O/cyclohexane) added dropwise; reaction stirred 10 min at -78°C before ROH addition; ROH added as electrophile and stirred 10 min more at -78°C
Nagaki et al. 2010 - A flow microreactor system enables organolithium reactions without protecting alkoxycarbonyl groups,10.1002/chem.201000876,page_4_table_0_extracted.csv,4c,ethyl p-iodobenzoate,,PhLi,,,*OC(=O)c1ccccc1,3c,0.0,GC,0.0,,,1.1 equiv,halogen-metal exchange,-78.0,600.0,tetrahydrofuran,conventional macrobatch reactor,,PhLi (0.42 M in Et2O/cyclohexane) added dropwise; reaction stirred 10 min at -78°C before ROH addition; ROH added as electrophile and stirred 10 min more at -78°C
Nagaki et al. 2010 - A flow microreactor system enables organolithium reactions without protecting alkoxycarbonyl groups,10.1002/chem.201000876,page_4_table_0_extracted.csv,4d,methyl p-iodobenzoate,,PhLi,,,*OC(=O)c1ccccc1,3d,0.0,GC,0.0,,,1.1 equiv,halogen-metal exchange,-78.0,600.0,tetrahydrofuran,conventional macrobatch reactor,,PhLi (0.42 M in Et2O/cyclohexane) added dropwise; reaction stirred 10 min at -78°C before ROH addition; ROH added as electrophile and stirred 10 min more at -78°C
Nagaki et al. 2010 - A flow microreactor system enables organolithium reactions without protecting alkoxycarbonyl groups,10.1002/chem.201000876,page_6_table_1_extracted.csv,5a,tert-butyl m-bromobenzoate,,sBuLi,,,*OC(=O)c1ccccc1,3a,40.0,GC,40.0,,,1.1 equiv,halogen-metal exchange,-78.0,1200.0,tetrahydrofuran,conventional macrobatch reactor,,"sBuLi (0.42 M in hexane/cyclohexane, 1.1 equiv) added dropwise; ROH added as electrophile (3.0 equiv); reaction stirred 10 min at -78°C after sBuLi addition and 10 min after ROH addition"
Nagaki et al. 2010 - A flow microreactor system enables organolithium reactions without protecting alkoxycarbonyl groups,10.1002/chem.201000876,page_6_table_1_extracted.csv,5b,isopropyl m-bromobenzoate,,sBuLi,,,*OC(=O)c1ccccc1,3b,0.0,GC,0.0,,,1.1 equiv,halogen-metal exchange,-78.0,1200.0,tetrahydrofuran,conventional macrobatch reactor,,"sBuLi (0.42 M in hexane/cyclohexane, 1.1 equiv) added dropwise; ROH added as electrophile (3.0 equiv); reaction stirred 10 min at -78°C after sBuLi addition and 10 min after ROH addition"
Nagaki et al. 2010 - A flow microreactor system enables organolithium reactions without protecting alkoxycarbonyl groups,10.1002/chem.201000876,page_6_table_1_extracted.csv,5c,ethyl m-bromobenzoate,,sBuLi,,,*OC(=O)c1ccccc1,3c,0.0,GC,0.0,,,1.1 equiv,halogen-metal exchange,-78.0,1200.0,tetrahydrofuran,conventional macrobatch reactor,,"sBuLi (0.42 M in hexane/cyclohexane, 1.1 equiv) added dropwise; ROH added as electrophile (3.0 equiv); reaction stirred 10 min at -78°C after sBuLi addition and 10 min after ROH addition"
Nagaki et al. 2010 - A flow microreactor system enables organolithium reactions without protecting alkoxycarbonyl groups,10.1002/chem.201000876,page_6_table_1_extracted.csv,5d,methyl m-bromobenzoate,,sBuLi,,,*OC(=O)c1ccccc1,3d,0.0,GC,0.0,,,1.1 equiv,halogen-metal exchange,-78.0,1200.0,tetrahydrofuran,conventional macrobatch reactor,,"sBuLi (0.42 M in hexane/cyclohexane, 1.1 equiv) added dropwise; ROH added as electrophile (3.0 equiv); reaction stirred 10 min at -78°C after sBuLi addition and 10 min after ROH addition"
Nagaki et al. 2010 - A flow microreactor system enables organolithium reactions without protecting alkoxycarbonyl groups,10.1002/chem.201000876,page_7_table_1_extracted.csv,7b,isopropyl m-iodobenzoate,,PhLi,,,*OC(=O)c1ccccc1,3b,0.0,GC,0.0,,,1.1 equiv,halogen-metal exchange,-78.0,600.0,tetrahydrofuran,conventional macrobatch reactor,,PhLi used as 0.42 M solution in Et2O/cyclohexane; substrate concentration 0.10 M in THF; electrophile ROH added after 10 min at -78°C; reaction quenched after additional 10 min
Nagaki et al. 2010 - A flow microreactor system enables organolithium reactions without protecting alkoxycarbonyl groups,10.1002/chem.201000876,page_7_table_1_extracted.csv,7c,ethyl m-iodobenzoate,,PhLi,,,*OC(=O)c1ccccc1,3c,0.0,GC,0.0,,,1.1 equiv,halogen-metal exchange,-78.0,600.0,tetrahydrofuran,conventional macrobatch reactor,,PhLi used as 0.42 M solution in Et2O/cyclohexane; substrate concentration 0.10 M in THF; electrophile ROH added after 10 min at -78°C; reaction quenched after additional 10 min
Nagaki et al. 2010 - A flow microreactor system enables organolithium reactions without protecting alkoxycarbonyl groups,10.1002/chem.201000876,page_7_table_1_extracted.csv,7d,methyl m-iodobenzoate,,PhLi,,,*OC(=O)c1ccccc1,3d,0.0,GC,0.0,,,1.1 equiv,halogen-metal exchange,-78.0,600.0,tetrahydrofuran,conventional macrobatch reactor,,PhLi used as 0.42 M solution in Et2O/cyclohexane; substrate concentration 0.10 M in THF; electrophile ROH added after 10 min at -78°C; reaction quenched after additional 10 min
Nagaki et al. 2010 - A flow microreactor system enables organolithium reactions without protecting alkoxycarbonyl groups,10.1002/chem.201000876,page_8_table_1_extracted.csv,8a,tert-butyl o-bromobenzoate,,sBuLi,,,*OC(=O)c1ccccc1,3a,61.0,GC,61.0,,,1.1 equiv,halogen-metal exchange,-78.0,1200.0,tetrahydrofuran,conventional macrobatch reactor,,sBuLi used as 0.42 M solution in hexane/cyclohexane; substrate concentration 0.10 M in THF; ROH added as 3.0 equiv electrophile after 10 min Br/Li exchange; reaction quenched after additional 10 min at -78°C
Nagaki et al. 2010 - A flow microreactor system enables organolithium reactions without protecting alkoxycarbonyl groups,10.1002/chem.201000876,page_8_table_1_extracted.csv,8b,isopropyl o-bromobenzoate,,sBuLi,,,*OC(=O)c1ccccc1,3b,12.0,GC,12.0,,,1.1 equiv,halogen-metal exchange,-78.0,1200.0,tetrahydrofuran,conventional macrobatch reactor,,sBuLi used as 0.42 M solution in hexane/cyclohexane; substrate concentration 0.10 M in THF; ROH added as 3.0 equiv electrophile after 10 min Br/Li exchange; reaction quenched after additional 10 min at -78°C
Nagaki et al. 2010 - A flow microreactor system enables organolithium reactions without protecting alkoxycarbonyl groups,10.1002/chem.201000876,page_8_table_1_extracted.csv,8c,ethyl o-bromobenzoate,,sBuLi,,,*OC(=O)c1ccccc1,3c,0.0,GC,0.0,,,1.1 equiv,halogen-metal exchange,-78.0,1200.0,tetrahydrofuran,conventional macrobatch reactor,,sBuLi used as 0.42 M solution in hexane/cyclohexane; substrate concentration 0.10 M in THF; ROH added as 3.0 equiv electrophile after 10 min Br/Li exchange; reaction quenched after additional 10 min at -78°C
Nagaki et al. 2010 - A flow microreactor system enables organolithium reactions without protecting alkoxycarbonyl groups,10.1002/chem.201000876,page_8_table_1_extracted.csv,8d,methyl o-bromobenzoate,,sBuLi,,,*OC(=O)c1ccccc1,3d,0.0,GC,0.0,,,1.1 equiv,halogen-metal exchange,-78.0,1200.0,tetrahydrofuran,conventional macrobatch reactor,,sBuLi used as 0.42 M solution in hexane/cyclohexane; substrate concentration 0.10 M in THF; ROH added as 3.0 equiv electrophile after 10 min Br/Li exchange; reaction quenched after additional 10 min at -78°C
"Giovine et al. 2013 - Synthesis of 1,2,3,4-tetrahydroisoquinolines by mi ... -mediated thermal isomerization of laterally lithiated arylaziridines",10.1002/chem.201203533,Table 1,4a,aziridine 1a,,sBuLi,,aziridine 4a,,4a,,isolated,,,,,directed metalation,-48.0,20.9,toluene,T-shaped micromixer + capillary reactor,,
"Giovine et al. 2013 - Synthesis of 1,2,3,4-tetrahydroisoquinolines by mi ... -mediated thermal isomerization of laterally lithiated arylaziridines",10.1002/chem.201203533,Table 1,4c,aziridine 1a,,sBuLi,,aziridine 4c,,4c,77.0,isolated,,,,,directed metalation,-48.0,20.9,toluene,T-shaped micromixer + capillary reactor,,
"Giovine et al. 2013 - Synthesis of 1,2,3,4-tetrahydroisoquinolines by mi ... -mediated thermal isomerization of laterally lithiated arylaziridines",10.1002/chem.201203533,Table 2,5a,aziridine 1a,,sBuLi,,tetrahydroisoquinoline 5a,,5a,,isolated,,,,,anionic cyclization,0.0,78.0,toluene,T-shaped micromixer + capillary reactor,,
"Giovine et al. 2013 - Synthesis of 1,2,3,4-tetrahydroisoquinolines by mi ... -mediated thermal isomerization of laterally lithiated arylaziridines",10.1002/chem.201203533,Table 3,"6a, 7a",aziridine 1b,,sBuLi,,"regioisomer mixture 6a,7a",,"6a, 7a",,isolated,,80.0,,,directed metalation,-48.0,20.9,toluene,T-shaped micromixer + capillary reactor,,
"Giovine et al. 2013 - Synthesis of 1,2,3,4-tetrahydroisoquinolines by mi ... -mediated thermal isomerization of laterally lithiated arylaziridines",10.1002/chem.201203533,Table 3,"6b, 7b",aziridine 1b,,sBuLi,,"regioisomer mixture 6b,7b",,"6b, 7b",90.0,isolated,,62.0,,,directed metalation,-48.0,20.9,toluene,T-shaped micromixer + capillary reactor,,
"Giovine et al. 2013 - Synthesis of 1,2,3,4-tetrahydroisoquinolines by mi ... -mediated thermal isomerization of laterally lithiated arylaziridines",10.1002/chem.201203533,Table 3,"6d, 7d",aziridine 1b,,sBuLi,,"regioisomer mixture 6d,7d",,"6d, 7d",53.0,isolated,,93.0,,,directed metalation,-48.0,20.9,toluene,T-shaped micromixer + capillary reactor,,
chem.201402520,10.1002/chem.201402520,Table 1,,,O=[N+]([O-])c1ccc(I)cc1,PhLi,,,O=C(O)c1ccc([N+](=O)[O-])cc1,,,,,,,"1.05 equiv PhLi, 1.50 equiv CO2",nucleophilic addition,-20.0,0.014,tetrahydrofuran,"T-shaped micromixer + microtube reactor (R1 for lithiation, R2 for CO2 carboxylation, R3 for MeOH quench)",,"Carboxylation of p-nitroiodobenzene via in situ iodine/lithium exchange with PhLi to generate p-nitrophenyllithium, followed by rapid reaction with CO2 gas (1.5 equiv, 3.0 bar). Product is 4-nitrobenzoic acid."
chem.201402520,10.1002/chem.201402520,Table 1,,,N#Cc1ccc(Br)cc1,nBuLi,,,N#Cc1ccc(C(=O)O)cc1,,,,,,,"1.05 equiv nBuLi, 1.50 equiv CO2",nucleophilic addition,-20.0,0.33,tetrahydrofuran,"T-shaped micromixer + microtube reactor (R1 for lithiation, R2 for CO2 carboxylation, R3 for MeOH quench)",,"Carboxylation of p-bromobenzonitrile via in situ bromine/lithium exchange with nBuLi to generate p-cyanophenyllithium, followed by rapid reaction with CO2 gas (1.5 equiv, 3.0 bar). Product is 4-cyanobenzoic acid."
chem.201402520,10.1002/chem.201402520,Table 1,,,CCOC(=O)c1ccc(I)cc1,nBuLi,,,CCOC(=O)c1ccc(C(=O)O)cc1,,,,,,,"1.05 equiv nBuLi, 1.50 equiv CO2",nucleophilic addition,-60.0,0.055,tetrahydrofuran,"T-shaped micromixer + microtube reactor (R1 for lithiation, R2 for CO2 carboxylation, R3 for MeOH quench)",,"Carboxylation of p-ethoxycarbonyl iodobenzene via in situ iodine/lithium exchange with nBuLi to generate p-ethoxycarbonylphenyllithium, followed by rapid reaction with CO2 gas (1.5 equiv, 3.0 bar). Product is ethyl 4-carboxybenzoate."
chem.201402520,10.1002/chem.201402520,Table 1,,,CCOC(=O)c1cccc(I)c1,nBuLi,,,CCOC(=O)c1cccc(C(=O)O)c1,,,,,,,"1.05 equiv nBuLi, 1.50 equiv CO2",nucleophilic addition,-60.0,0.014,tetrahydrofuran,"T-shaped micromixer + microtube reactor (R1 for lithiation, R2 for CO2 carboxylation, R3 for MeOH quench)",,"Carboxylation of m-ethoxycarbonyl iodobenzene via in situ iodine/lithium exchange with nBuLi to generate m-ethoxycarbonylphenyllithium, followed by rapid reaction with CO2 gas (1.5 equiv, 3.0 bar). Product is ethyl 3-carboxybenzoate."
chem.201402520,10.1002/chem.201402520,Table 1,,,COc1ccc(Br)cc1,nBuLi,,,COc1ccc(C(=O)O)cc1,,,,,,,"1.05 equiv nBuLi, 1.50 equiv CO2",nucleophilic addition,-20.0,2.4,tetrahydrofuran,"T-shaped micromixer + microtube reactor (R1 for lithiation, R2 for CO2 carboxylation, R3 for MeOH quench)",,"Carboxylation of p-bromoanisole via in situ bromine/lithium exchange with nBuLi to generate p-methoxyphenyllithium, followed by rapid reaction with CO2 gas (1.5 equiv, 3.0 bar). Product is 4-methoxybenzoic acid."
chem.201402520,10.1002/chem.201402520,Table 1,,,Brc1ccccc1,nBuLi,,,O=C(O)c1ccccc1,,,,,,,"1.05 equiv nBuLi, 1.50 equiv CO2",nucleophilic addition,-20.0,4.7,tetrahydrofuran,"T-shaped micromixer + microtube reactor (R1 for lithiation, R2 for CO2 carboxylation, R3 for MeOH quench)",,"Carboxylation of bromobenzene via in situ bromine/lithium exchange with nBuLi to generate phenyllithium, followed by rapid reaction with CO2 gas (1.5 equiv, 3.0 bar). Product is benzoic acid."
Müller et al. 2016 - Ethyl lithiodiazoacetate - Extremely unstable intermediate handled efficiently in flow,10.1002/chem.201602133,page_2_table_1_extracted.csv,1,,CC(=O)c1ccccc1,ethyl lithiodiazoacetate,,,CCOC(=O)C(=[N+]=[N-])C(C)(O)c1ccccc1,,,,,,,,nucleophilic addition,-78.0,72.0,tetrahydrofuran,T-shaped micromixer + capillary reactor,,Electrophile is acetophenone; product is tertiary diazoalcohol adduct; reaction performed under inert argon atmosphere with rigorous exclusion of air/moisture; ethyl lithiodiazoacetate generated in situ from EDA and LDA at -78°C.
Müller et al. 2016 - Ethyl lithiodiazoacetate - Extremely unstable intermediate handled efficiently in flow,10.1002/chem.201602133,page_2_table_1_extracted.csv,6,,CC(=O)c1ccccn1,ethyl lithiodiazoacetate,,,CCOC(=O)C(=[N+]=[N-])C(C)(O)c1ccccn1,,53.0,isolated,,,,,nucleophilic addition,-78.0,72.0,tetrahydrofuran,T-shaped micromixer + capillary reactor,,"Electrophile is 2-acetylpyridine; product is tertiary diazoalcohol adduct; yield 53% (Table 2, entry 6); batch yield reported as 50%; reaction performed under inert argon atmosphere with rigorous exclusion of air/moisture; ethyl lithiodiazoacetate generated in situ from EDA and LDA at -78°C."
Müller et al. 2016 - Ethyl lithiodiazoacetate - Extremely unstable intermediate handled efficiently in flow,10.1002/chem.201602133,page_2_table_0_extracted.csv,1,ethyl diazoacetate,,lithium diisopropylamide,,ethyl lithiodiazoacetate,,2,,,46.0,,,"1.3 equiv EDA, 1.0 equiv LDA",nucleophilic addition,-78.0,12.0,tetrahydrofuran,T-shaped micromixer + capillary reactor cooled in dry ice/acetone bath,,"Optimization entry for lithiation step: EDA + LDA → ethyl lithiodiazoacetate (2); conversion to product 4 is 46% with 28% isolated yield; temperature -78°C; residence time 0.2 min (12 s) for lithiation (R2), but overall residence time to product 4 is 1.2 min (72 s); solvent THF implied by standard LDA usage and cryogenic organolithium flow protocols."
Müller et al. 2016 - Ethyl lithiodiazoacetate - Extremely unstable intermediate handled efficiently in flow,10.1002/chem.201602133,page_2_table_0_extracted.csv,2,ethyl diazoacetate,,lithium diisopropylamide,,ethyl lithiodiazoacetate,,2,58.0,isolated,71.0,,,"1.3 equiv EDA, 1.25 equiv LDA",nucleophilic addition,-78.0,12.0,tetrahydrofuran,T-shaped micromixer + capillary reactor cooled in dry ice/acetone bath,,"Optimization entry for lithiation step: EDA + LDA → ethyl lithiodiazoacetate (2); conversion to product 4 is 71% with 58% isolated yield; temperature -78°C; residence time 0.2 min (12 s) for lithiation (R2), but overall residence time to product 4 is 1.2 min (72 s); solvent THF implied by standard LDA usage and cryogenic organolithium flow protocols."
Müller et al. 2016 - Ethyl lithiodiazoacetate - Extremely unstable intermediate handled efficiently in flow,10.1002/chem.201602133,page_2_table_0_extracted.csv,3,ethyl diazoacetate,,lithium diisopropylamide,,ethyl lithiodiazoacetate,,2,62.0,isolated,80.0,,,"1.3 equiv EDA, 1.5 equiv LDA",nucleophilic addition,-78.0,12.0,tetrahydrofuran,T-shaped micromixer + capillary reactor cooled in dry ice/acetone bath,,"Optimization entry for lithiation step: EDA + LDA → ethyl lithiodiazoacetate (2); conversion to product 4 is 80% with 62% isolated yield; temperature -78°C; residence time 0.2 min (12 s) for lithiation (R2), but overall residence time to product 4 is 1.2 min (72 s); solvent THF implied by standard LDA usage and cryogenic organolithium flow protocols."
Müller et al. 2016 - Ethyl lithiodiazoacetate - Extremely unstable intermediate handled efficiently in flow,10.1002/chem.201602133,page_2_table_0_extracted.csv,5,ethyl diazoacetate,,lithium diisopropylamide,,ethyl lithiodiazoacetate,,2,,,,,,"1.3 equiv EDA, 1.5 equiv LDA",nucleophilic addition,-72.0,12.0,tetrahydrofuran,T-shaped micromixer + capillary reactor cooled in dry ice/acetone bath,,Optimization entry testing higher temperature: EDA + LDA → ethyl lithiodiazoacetate (2); temperature increased to -72°C did not improve yield; conversion and yield values missing in table but text states no improvement; solvent THF implied by standard LDA usage and cryogenic organolithium flow protocols.
Ganiek et al. 2017 - Barbier continuous flow preparation and reactions of carbamoyllithiums for nucleophilic amidation,10.1002/chem.201702593,Table 1,1,"1a (N,N-diethyl formamide)",,2a (cyclohexanone),,4a,,4a,95.0,isolated,,,,"LDA 1.2 equiv, electrophile 0.7 equiv",nucleophilic addition,25.0,60.0,tetrahydrofuran,T-mixer,LDA,Reference condition for Barbier flow procedure
Ganiek et al. 2017 - Barbier continuous flow preparation and reactions of carbamoyllithiums for nucleophilic amidation,10.1002/chem.201702593,Table 1,2,1b,,2a (cyclohexanone),,4b,,4b,72.0,isolated,,,,"LDA 1.2 equiv, electrophile 0.7 equiv",nucleophilic addition,25.0,60.0,tetrahydrofuran,T-mixer,LDA,
Ganiek et al. 2017 - Barbier continuous flow preparation and reactions of carbamoyllithiums for nucleophilic amidation,10.1002/chem.201702593,Table 1,3,1c,,2a (cyclohexanone),,4c,,4c,63.0,isolated,,,,"LDA 1.2 equiv, electrophile 0.7 equiv",nucleophilic addition,25.0,60.0,tetrahydrofuran,T-mixer,LDA,
Ganiek et al. 2017 - Barbier continuous flow preparation and reactions of carbamoyllithiums for nucleophilic amidation,10.1002/chem.201702593,Table 1,4,1d,,2b,,4d,,4d,69.0,isolated,,,,"LDA 1.2 equiv, electrophile 0.7 equiv",nucleophilic addition,25.0,60.0,tetrahydrofuran,T-mixer,LDA,
Ganiek et al. 2017 - Barbier continuous flow preparation and reactions of carbamoyllithiums for nucleophilic amidation,10.1002/chem.201702593,Table 1,5,1e,,2c,,4e,,4e,72.0,isolated,,,,"LDA 1.2 equiv, electrophile 0.7 equiv",nucleophilic addition,25.0,60.0,tetrahydrofuran,T-mixer,LDA,Compatible with ketal functional group
Ganiek et al. 2017 - Barbier continuous flow preparation and reactions of carbamoyllithiums for nucleophilic amidation,10.1002/chem.201702593,Table 1,6,1f,,2d,,4f,,4f,58.0,isolated,,,,"LDA 1.2 equiv, electrophile 0.7 equiv",nucleophilic addition,25.0,60.0,tetrahydrofuran,T-mixer,LDA,
Ganiek et al. 2017 - Barbier continuous flow preparation and reactions of carbamoyllithiums for nucleophilic amidation,10.1002/chem.201702593,Table 1,7,1g,,2e,,4g,,4g,79.0,isolated,,,,"LDA 1.2 equiv, electrophile 0.7 equiv",nucleophilic addition,25.0,60.0,tetrahydrofuran,T-mixer,LDA,Compatible with acetal functional group
Ganiek et al. 2017 - Barbier continuous flow preparation and reactions of carbamoyllithiums for nucleophilic amidation,10.1002/chem.201702593,Table 1,8,"1a (N,N-diethyl formamide)",,2f,,4h,,4h,76.0,isolated,,,,"LDA 1.2 equiv, electrophile 0.7 equiv",nucleophilic addition,25.0,60.0,tetrahydrofuran,T-mixer,LDA,Compatible with aryl halide
Ganiek et al. 2017 - Barbier continuous flow preparation and reactions of carbamoyllithiums for nucleophilic amidation,10.1002/chem.201702593,Table 1,9,1h,,2g,,4i,,4i,63.0,isolated,,,,"LDA 1.2 equiv, electrophile 0.7 equiv",nucleophilic addition,25.0,60.0,tetrahydrofuran,T-mixer,LDA,
Ganiek et al. 2017 - Barbier continuous flow preparation and reactions of carbamoyllithiums for nucleophilic amidation,10.1002/chem.201702593,Table 1,10,"1a (N,N-diethyl formamide)",,2h (pivaldehyde),,4j,,4j,91.0,isolated,,,,"LDA 1.2 equiv, electrophile 0.7 equiv",nucleophilic addition,25.0,60.0,tetrahydrofuran,T-mixer,LDA,Pivaldehyde as electrophile
Ganiek et al. 2017 - Barbier continuous flow preparation and reactions of carbamoyllithiums for nucleophilic amidation,10.1002/chem.201702593,Table 1,11,1i,,2h (pivaldehyde),,4k,,4k,61.0,isolated,,,,"LDA 1.2 equiv, electrophile 0.7 equiv",nucleophilic addition,25.0,60.0,tetrahydrofuran,T-mixer,LDA,Pivaldehyde as electrophile
Ganiek et al. 2017 - Barbier continuous flow preparation and reactions of carbamoyllithiums for nucleophilic amidation,10.1002/chem.201702593,Table 2,1,1g,,5a (Weinreb amide),,6a,,6a,63.0,isolated,,,,LDA 1.2 equiv,acylation,25.0,120.0,tetrahydrofuran,T-mixer,LDA,"Weinreb amide acylation, 1-2 mmol scale"
Ganiek et al. 2017 - Barbier continuous flow preparation and reactions of carbamoyllithiums for nucleophilic amidation,10.1002/chem.201702593,Table 2,2,1g,,5b,,6b,,6b,65.0,isolated,,,,LDA 1.2 equiv,acylation,25.0,120.0,tetrahydrofuran,T-mixer,LDA,"Scale-up to 35 mmol, runtime 70 min"
Ganiek et al. 2017 - Barbier continuous flow preparation and reactions of carbamoyllithiums for nucleophilic amidation,10.1002/chem.201702593,Table 2,3,1h,,5a (Weinreb amide),,6c,,6c,76.0,isolated,,,,LDA 1.2 equiv,acylation,25.0,120.0,tetrahydrofuran,T-mixer,LDA,
Ganiek et al. 2017 - Barbier continuous flow preparation and reactions of carbamoyllithiums for nucleophilic amidation,10.1002/chem.201702593,Table 2,4,1c,,5c,,6d,,6d,72.0,isolated,,,,LDA 1.2 equiv,acylation,25.0,120.0,tetrahydrofuran,T-mixer,LDA,
Ganiek et al. 2017 - Barbier continuous flow preparation and reactions of carbamoyllithiums for nucleophilic amidation,10.1002/chem.201702593,Table 2,5,1j,,5d,,6e,,6e,76.0,isolated,,,,LDA 1.2 equiv,acylation,25.0,120.0,tetrahydrofuran,T-mixer,LDA,
Ganiek et al. 2017 - Barbier continuous flow preparation and reactions of carbamoyllithiums for nucleophilic amidation,10.1002/chem.201702593,Table 2,6,1g,,5e,,6f,,6f,75.0,isolated,,,,LDA 1.2 equiv,acylation,25.0,120.0,tetrahydrofuran,T-mixer,LDA,
Ganiek et al. 2017 - Barbier continuous flow preparation and reactions of carbamoyllithiums for nucleophilic amidation,10.1002/chem.201702593,Table 2,7,1k,,5f,,6g,,6g,82.0,isolated,,,,LDA 1.2 equiv,acylation,25.0,120.0,tetrahydrofuran,T-mixer,LDA,
Ganiek et al. 2017 - Barbier continuous flow preparation and reactions of carbamoyllithiums for nucleophilic amidation,10.1002/chem.201702593,Table 2,8,1e,,5g,,6h,,6h,61.0,isolated,,,,LDA 1.2 equiv,acylation,25.0,120.0,tetrahydrofuran,T-mixer,LDA,
Ganiek et al. 2017 - Barbier continuous flow preparation and reactions of carbamoyllithiums for nucleophilic amidation,10.1002/chem.201702593,Table 2,9,1j,,5h (isocyanate),,6i,,6i,54.0,isolated,,,,LDA 1.2 equiv,acylation,25.0,120.0,tetrahydrofuran,T-mixer,LDA,"Isocyanate electrophile, unsymmetrical 1,2-diamide"
Ganiek et al. 2017 - Barbier continuous flow preparation and reactions of carbamoyllithiums for nucleophilic amidation,10.1002/chem.201702593,Table 2,10,1i,,5i (3-bromocyclohexene),,6j,,6j,60.0,isolated,,,,LDA 1.2 equiv,alkylation,25.0,120.0,tetrahydrofuran,T-mixer,LDA,Allylation with 10% CuCN·2LiCl additive
Ganiek et al. 2017 - Barbier continuous flow preparation and reactions of carbamoyllithiums for nucleophilic amidation,10.1002/chem.201702593,Table 2,11,1h,,5i (3-bromocyclohexene),,6k,,6k,58.0,isolated,,,,LDA 1.2 equiv,alkylation,25.0,120.0,tetrahydrofuran,T-mixer,LDA,Allylation with 10% CuCN·2LiCl additive
Ganiek et al. 2017 - Barbier continuous flow preparation and reactions of carbamoyllithiums for nucleophilic amidation,10.1002/chem.201702593,Table 2,12,1d,,5j (dibutyl disulfide),,6l,,6l,88.0,isolated,,,,LDA 1.2 equiv,other,25.0,120.0,tetrahydrofuran,T-mixer,LDA,"Thioamidation with dibutyl disulfide, S-butyl dibutylcarbamothioate"
Nagaki et al. 2019 - Synthesis of functionalized ketones from acid chlorides and organolithiums by extremely fast micromixing,10.1002/chem.201900743,Table 1,1,benzoyl chloride,,n-butyllithium,,1-phenylpentan-1-one,,2,,GC,,,,1 equiv nBuLi,nucleophilic addition,-70.0,,tetrahydrofuran,batch reactor,,Batch reaction; conversion determined by yield of methyl benzoate after methanol quench; yields of 2 (ketone) and 3 (alcohol) reported separately; reverse addition (1 to BuLi) gives higher conversion but poor selectivity; forward addition (BuLi to 1) gives trace yield
Nagaki et al. 2019 - Synthesis of functionalized ketones from acid chlorides and organolithiums by extremely fast micromixing,10.1002/chem.201900743,Table 1,2,benzoyl chloride,,n-butyllithium,,1-phenylpentan-1-one,,2,,GC,,,,1 equiv nBuLi,nucleophilic addition,-40.0,,tetrahydrofuran,batch reactor,,Batch reaction; conversion determined by yield of methyl benzoate after methanol quench; yields of 2 (ketone) and 3 (alcohol) reported separately; reverse addition (1 to BuLi) gives higher conversion but poor selectivity; forward addition (BuLi to 1) gives trace yield
Nagaki et al. 2019 - Synthesis of functionalized ketones from acid chlorides and organolithiums by extremely fast micromixing,10.1002/chem.201900743,Table 1,3,benzoyl chloride,,n-butyllithium,,1-phenylpentan-1-one,,2,,GC,,,,1 equiv nBuLi,nucleophilic addition,-20.0,,tetrahydrofuran,batch reactor,,Batch reaction; conversion determined by yield of methyl benzoate after methanol quench; yields of 2 (ketone) and 3 (alcohol) reported separately; reverse addition (1 to BuLi) gives higher conversion but poor selectivity; forward addition (BuLi to 1) gives trace yield
Nagaki et al. 2019 - Synthesis of functionalized ketones from acid chlorides and organolithiums by extremely fast micromixing,10.1002/chem.201900743,Table 5,19,4-methoxycarbonylbenzoyl chloride,,n-butyllithium,,desired ketone product,,5,19.0,GC,89.0,,,1 equiv nBuLi,nucleophilic addition,-70.0,,tetrahydrofuran,batch reactor,,"yield of 5, 3% of 6, 3% of 7; conversion 89%"
Nagaki et al. 2019 - Generation and reaction of functional alkyllithiums ... oreactors and their application to heterotelechelic polymer synthesis,10.1002/chem.201902867,Table 2,,1-bromo-3-benzyloxypropane,,lithium naphthalenide,,compound 1,,,78.0,GC,,,,,halogen-metal exchange,-40.0,7.85,,microreactor,,
Nagaki et al. 2019 - Generation and reaction of functional alkyllithiums ... oreactors and their application to heterotelechelic polymer synthesis,10.1002/chem.201902867,Table 1,,1-bromo-3-benzyloxypropane,,lithium naphthalenide,,compound 1,,,,GC,,,,,halogen-metal exchange,-60.0,,,batch,,
Nagaki et al. 2019 - Generation and reaction of functional alkyllithiums ... oreactors and their application to heterotelechelic polymer synthesis,10.1002/chem.201902867,Table 1,,1-bromo-3-benzyloxypropane,,lithium naphthalenide,,compound 1,,,,GC,,,,,halogen-metal exchange,-40.0,,,batch,,
Nagaki et al. 2019 - Generation and reaction of functional alkyllithiums ... oreactors and their application to heterotelechelic polymer synthesis,10.1002/chem.201902867,Table 1,,1-bromo-3-benzyloxypropane,,lithium naphthalenide,,compound 1,,,,GC,,,,,halogen-metal exchange,-78.0,,,batch,,
Nagaki et al. 2019 - Generation and reaction of functional alkyllithiums ... oreactors and their application to heterotelechelic polymer synthesis,10.1002/chem.201902867,Table 3,,substrate from Table 3 row 1,,benzaldehyde,,,,,,GC,,,,,nucleophilic addition,-40.0,7.85,,microreactor,,
Nagaki et al. 2019 - Generation and reaction of functional alkyllithiums ... oreactors and their application to heterotelechelic polymer synthesis,10.1002/chem.201902867,Table 3,,substrate from Table 3 row 2,,methyl triflate,,,,,,GC,,,,,nucleophilic addition,-40.0,0.11,,microreactor,,
Nagaki et al. 2019 - Generation and reaction of functional alkyllithiums ... oreactors and their application to heterotelechelic polymer synthesis,10.1002/chem.201902867,Table 3,,substrate from Table 3 row 3,,benzaldehyde,,,,,,GC,,,,,nucleophilic addition,-40.0,3.14,,microreactor,,
Nagaki et al. 2019 - Generation and reaction of functional alkyllithiums ... oreactors and their application to heterotelechelic polymer synthesis,10.1002/chem.201902867,Table 3,,substrate from Table 3 row 4,,benzoyl chloride,,,,,,GC,,,,,nucleophilic addition,-40.0,1.57,,microreactor,,
Nagaki et al. 2019 - Generation and reaction of functional alkyllithiums ... oreactors and their application to heterotelechelic polymer synthesis,10.1002/chem.201902867,Table 3,,substrate from Table 3 row 5,,phenyldimethylsilyl chloride,,,,,,GC,,,,,nucleophilic addition,-60.0,0.11,,microreactor,,
Nagaki et al. 2019 - Generation and reaction of functional alkyllithiums ... oreactors and their application to heterotelechelic polymer synthesis,10.1002/chem.201902867,Table 3,,substrate from Table 3 row 6,,benzaldehyde,,,,,,GC,,,,,nucleophilic addition,-60.0,0.11,,microreactor,,
Nagaki et al. 2019 - Generation and reaction of functional alkyllithiums ... oreactors and their application to heterotelechelic polymer synthesis,10.1002/chem.201902867,Table 3,,substrate from Table 3 row 7,,benzaldehyde,,,,,,GC,,,,,nucleophilic addition,-78.0,1.31,,microreactor,,
Nagaki et al. 2019 - Generation and reaction of functional alkyllithiums ... oreactors and their application to heterotelechelic polymer synthesis,10.1002/chem.201902867,Table 3,,substrate from Table 3 row 8,,phenyldimethylsilyl chloride,,,,,,GC,,,,,nucleophilic addition,-78.0,0.78,,microreactor,,
Nagaki et al. 2019 - Generation and reaction of functional alkyllithiums ... oreactors and their application to heterotelechelic polymer synthesis,10.1002/chem.201902867,Table 3,,substrate from Table 3 row 9,,benzaldehyde,,,,,,GC,,,,,nucleophilic addition,-60.0,0.11,,microreactor,,
Nagaki et al. 2019 - Generation and reaction of functional alkyllithiums ... oreactors and their application to heterotelechelic polymer synthesis,10.1002/chem.201902867,Table 3,,substrate from Table 3 row 10,,benzaldehyde,,,,,,GC,,,,,nucleophilic addition,-60.0,0.79,,microreactor,,
Nagaki et al. 2019 - Generation and reaction of functional alkyllithiums ... oreactors and their application to heterotelechelic polymer synthesis,10.1002/chem.201902867,Table 3,,substrate from Table 3 row 11,,benzaldehyde,,,,,,GC,,,,,nucleophilic addition,-40.0,0.19,,microreactor,,
Nagaki et al. 2019 - Generation and reaction of functional alkyllithiums ... oreactors and their application to heterotelechelic polymer synthesis,10.1002/chem.201902867,Table 3,,substrate from Table 3 row 12,,phenyl isocyanate,,,,,90.0,isolated,,,,,nucleophilic addition,-60.0,0.028,,microreactor,,
Nagaki et al. 2019 - Generation and reaction of functional alkyllithiums ... oreactors and their application to heterotelechelic polymer synthesis,10.1002/chem.201902867,Table 3,,substrate from Table 3 row 13,,benzaldehyde,,,,,88.0,isolated,,,,,nucleophilic addition,-60.0,0.028,,microreactor,,
Nagaki et al. 2019 - Generation and reaction of functional alkyllithiums ... oreactors and their application to heterotelechelic polymer synthesis,10.1002/chem.201902867,Table 3,,substrate from Table 3 row 14,,phenyl isocyanate,,,,,78.0,isolated,,,,,nucleophilic addition,-78.0,0.0069,,microreactor,,
Nagaki et al. 2019 - Generation and reaction of functional alkyllithiums ... oreactors and their application to heterotelechelic polymer synthesis,10.1002/chem.201902867,Table 3,,substrate from Table 3 row 15,,tributylstannyl chloride,,,,,74.0,isolated,,,,,nucleophilic addition,-60.0,0.0069,,microreactor,,
Nagaki et al. 2019 - Generation and reaction of functional alkyllithiums ... oreactors and their application to heterotelechelic polymer synthesis,10.1002/chem.201902867,Table 4,,substrate from Table 4 row 1,,tributylstannyl chloride,,,,,,GC,,,,,nucleophilic addition,-60.0,0.0069,,microreactor,,
Nagaki et al. 2019 - Generation and reaction of functional alkyllithiums ... oreactors and their application to heterotelechelic polymer synthesis,10.1002/chem.201902867,Table 4,,substrate from Table 4 row 2,,phenyl isocyanate,,,,,67.0,isolated,,,,,nucleophilic addition,-60.0,0.0069,,microreactor,,
Nagaki et al. 2019 - Generation and reaction of functional alkyllithiums ... oreactors and their application to heterotelechelic polymer synthesis,10.1002/chem.201902867,Table 4,,substrate from Table 4 row 3,,tributylstannyl chloride,,,,,,GC,,,,,nucleophilic addition,-60.0,0.0069,,microreactor,,
Nagaki et al. 2019 - Generation and reaction of functional alkyllithiums ... oreactors and their application to heterotelechelic polymer synthesis,10.1002/chem.201902867,Table 4,,substrate from Table 4 row 4,,phenyl isocyanate,,,,,78.0,isolated,,,,,nucleophilic addition,-60.0,0.0069,,microreactor,,
Nagaki et al. 2019 - Generation and reaction of functional alkyllithiums ... oreactors and their application to heterotelechelic polymer synthesis,10.1002/chem.201902867,Table 5,,substrate from Table 5 row 1,,benzaldehyde,,5-hydroxy-5-phenylpentanenitrile,,,71.0,isolated,,,,,nucleophilic addition,-80.0,0.0034,,microreactor,,
Nagaki et al. 2019 - Generation and reaction of functional alkyllithiums ... oreactors and their application to heterotelechelic polymer synthesis,10.1002/chem.201902867,Table 5,,substrate from Table 5 row 2,,methyl triflate,,,,,,GC,,,,,nucleophilic addition,-80.0,0.0034,,microreactor,,
Nagaki et al. 2019 - Generation and reaction of functional alkyllithiums ... oreactors and their application to heterotelechelic polymer synthesis,10.1002/chem.201902867,Table 5,,substrate from Table 5 row 3,,benzaldehyde,,,,,72.0,isolated,,,,,nucleophilic addition,-80.0,0.0034,,microreactor,,
Nagaki et al. 2019 - Generation and reaction of functional alkyllithiums ... oreactors and their application to heterotelechelic polymer synthesis,10.1002/chem.201902867,Table 5,,substrate from Table 5 row 4,,benzaldehyde,,,,,50.0,isolated,,,,,nucleophilic addition,-90.0,0.0034,,microreactor,,
Nagaki et al. 2019 - Generation and reaction of functional alkyllithiums ... oreactors and their application to heterotelechelic polymer synthesis,10.1002/chem.201902867,Table 5,,substrate from Table 5 row 5,,phenyldimethylsilyl chloride,,,,,,GC,,,,,nucleophilic addition,-78.0,0.002,,microreactor,,
Nagaki et al. 2019 - Generation and reaction of functional alkyllithiums ... oreactors and their application to heterotelechelic polymer synthesis,10.1002/chem.201902867,Table 5,,substrate from Table 5 row 6,,tributylstannyl chloride,,,,,,GC,,,,,nucleophilic addition,-60.0,0.0069,,microreactor,,
Nagaki et al. 2019 - Generation and reaction of functional alkyllithiums ... oreactors and their application to heterotelechelic polymer synthesis,10.1002/chem.201902867,Table 6,,adamantyl bromide,,lithium naphthalenide,,,,,,GC,,,,,halogen-metal exchange,-60.0,7.9,,microreactor,,
Nagaki et al. 2019 - Generation and reaction of functional alkyllithiums ... oreactors and their application to heterotelechelic polymer synthesis,10.1002/chem.201902867,Table 6,,adamantyl bromide,,lithium naphthalenide,,,,,,GC,,,,,halogen-metal exchange,-60.0,6.3,,microreactor,,
Nagaki et al. 2019 - Generation and reaction of functional alkyllithiums ... oreactors and their application to heterotelechelic polymer synthesis,10.1002/chem.201902867,Table 6,,adamantyl chloride,,LiDTBB,,,,,,GC,,,,,halogen-metal exchange,-60.0,6.3,,microreactor,LiDTBB,
Nagaki et al. 2019 - Generation and reaction of functional alkyllithiums ... oreactors and their application to heterotelechelic polymer synthesis,10.1002/chem.201902867,Table 6,,adamantyl bromide,,lithium naphthalenide,,,,,,GC,,,,,halogen-metal exchange,-78.0,15.7,,microreactor,,
Nagaki et al. 2019 - Generation and reaction of functional alkyllithiums ... oreactors and their application to heterotelechelic polymer synthesis,10.1002/chem.201902867,Table 6,,adamantyl chloride,,LiDTBB,,,,,,GC,,,,,halogen-metal exchange,-78.0,15.7,,microreactor,LiDTBB,
Nagaki et al. 2019 - Generation and reaction of functional alkyllithiums ... oreactors and their application to heterotelechelic polymer synthesis,10.1002/chem.201902867,Table 6,,adamantyl bromide,,lithium naphthalenide,,,,,,GC,,,,,halogen-metal exchange,-60.0,15.7,,microreactor,,
Nagaki et al. 2019 - Generation and reaction of functional alkyllithiums ... oreactors and their application to heterotelechelic polymer synthesis,10.1002/chem.201902867,Table 6,,adamantyl chloride,,LiDTBB,,,,,,GC,,,,,halogen-metal exchange,-60.0,15.7,,microreactor,LiDTBB,
Nagaki et al. 2019 - Generation and reaction of functional alkyllithiums ... oreactors and their application to heterotelechelic polymer synthesis,10.1002/chem.201902867,Table 6,,substrate from Table 6 row 12,,lithium naphthalenide,,,,,,GC,,,,,halogen-metal exchange,-60.0,6.3,,microreactor,,
Nagaki et al. 2019 - Generation and reaction of functional alkyllithiums ... oreactors and their application to heterotelechelic polymer synthesis,10.1002/chem.201902867,Table 6,,substrate from Table 6 row 13,,LiDTBB,,,,,,GC,,,,,halogen-metal exchange,-60.0,6.3,,microreactor,LiDTBB,
Nagaki et al. 2019 - Generation and reaction of functional alkyllithiums ... oreactors and their application to heterotelechelic polymer synthesis,10.1002/chem.201902867,Table 6,,substrate from Table 6 row 14,,LiDTBB,,,,,65.0,isolated,,,,,halogen-metal exchange,-60.0,6.3,,microreactor,LiDTBB,
Nagaki et al. 2019 - Generation and reaction of functional alkyllithiums ... oreactors and their application to heterotelechelic polymer synthesis,10.1002/chem.201902867,Table 6,,substrate from Table 6 row 15,,lithium naphthalenide,,,,,,GC,,,,,halogen-metal exchange,-60.0,0.0028,,microreactor,,
"Wong et al. 2019 - Batch versus flow lithiation-substitution of 1,3,4-oxadiazoles - Exploitation of unstable intermediates using flow chemistry",10.1002/chem.201902917,Table 1,1,oxadiazole 1,,LDA,,product 2,,2,,NMR,,,,LDA (1.3 equiv.),directed metalation,-78.0,3600.0,tetrahydrofuran,,,nBuLi used; modest conversion to  no remaining starting material due to competitive nucleophilic attack
"Wong et al. 2019 - Batch versus flow lithiation-substitution of 1,3,4-oxadiazoles - Exploitation of unstable intermediates using flow chemistry",10.1002/chem.201902917,Table 1,2,oxadiazole 1,,LDA,,product 2,,2,,NMR,,,,LDA (1.3 equiv.),directed metalation,-30.0,900.0,tetrahydrofuran,,,nBuLi used; modest conversion to  no remaining starting material due to competitive nucleophilic attack
"Wong et al. 2019 - Batch versus flow lithiation-substitution of 1,3,4-oxadiazoles - Exploitation of unstable intermediates using flow chemistry",10.1002/chem.201902917,Table 1,3,oxadiazole 1,,sBuLi,,product 2,,2,96.0,NMR,,,,sBuLi (1.3 equiv.),directed metalation,-78.0,1200.0,tetrahydrofuran,,,sBuLi used; 96% yield after 20 min at -78°C
"Wong et al. 2019 - Batch versus flow lithiation-substitution of 1,3,4-oxadiazoles - Exploitation of unstable intermediates using flow chemistry",10.1002/chem.201902917,Table 1,4,oxadiazole 1,,sBuLi,,product 2,,2,80.0,NMR,,,,sBuLi (1.3 equiv.),directed metalation,-30.0,60.0,tetrahydrofuran,,,sBuLi used; 80% yield after 1 min at -30°C
"Wong et al. 2019 - Batch versus flow lithiation-substitution of 1,3,4-oxadiazoles - Exploitation of unstable intermediates using flow chemistry",10.1002/chem.201902917,Table 1,5,oxadiazole 1,,LDA,,product 2,,2,92.0,NMR,,,,LDA (1.3 equiv.),directed metalation,-78.0,1200.0,tetrahydrofuran,,,LDA used; 92% yield after 20 min at -78°C
"Wong et al. 2019 - Batch versus flow lithiation-substitution of 1,3,4-oxadiazoles - Exploitation of unstable intermediates using flow chemistry",10.1002/chem.201902917,Table 1,6,oxadiazole 1,,LDA,,product 2,,2,95.0,NMR,,,,LDA (1.3 equiv.),directed metalation,-30.0,60.0,tetrahydrofuran,,,LDA used; 95% yield after 1 min at -30°C
"Wong et al. 2019 - Batch versus flow lithiation-substitution of 1,3,4-oxadiazoles - Exploitation of unstable intermediates using flow chemistry",10.1002/chem.201902917,Table 1,7,oxadiazole 1,,LDA,,product 2,,2,,NMR,,,,LDA (1.3 equiv.),directed metalation,25.0,10.0,tetrahydrofuran,,,LDA used; decomposition of lithiated intermediate observed after 10 s at rt
"Wong et al. 2019 - Batch versus flow lithiation-substitution of 1,3,4-oxadiazoles - Exploitation of unstable intermediates using flow chemistry",10.1002/chem.201902917,Table 1,8,oxadiazole 1,,LDA,,product 2,,2,40.0,NMR,,,,LDA (1.3 equiv.),directed metalation,25.0,1.3,tetrahydrofuran,,,LDA used; 40% yield after 1.3 s at rt; no remaining 1
"Wong et al. 2019 - Batch versus flow lithiation-substitution of 1,3,4-oxadiazoles - Exploitation of unstable intermediates using flow chemistry",10.1002/chem.201902917,Table 2,9,oxadiazole 1,,LDA,,product 3,,3,34.0,NMR,,,,LDA (1.3 equiv.),directed metalation,25.0,5.6,tetrahydrofuran,T-mixer + capillary coil,,"Flow metalation with LDA at rt; 0.39 M oxadiazole solution; tR1=5.6 s; 34% yield, 16% RSM"
"Wong et al. 2019 - Batch versus flow lithiation-substitution of 1,3,4-oxadiazoles - Exploitation of unstable intermediates using flow chemistry",10.1002/chem.201902917,Table 2,10,oxadiazole 1,,LDA,,product 3,,3,,NMR,,,,LDA (1.3 equiv.),directed metalation,25.0,14.0,tetrahydrofuran,T-mixer + capillary coil,,Flow metalation with LDA at rt; 0.39 M oxadiazole solution; tR1=14.0 s; significant mass loss due to ring fragmentation
"Wong et al. 2019 - Batch versus flow lithiation-substitution of 1,3,4-oxadiazoles - Exploitation of unstable intermediates using flow chemistry",10.1002/chem.201902917,Table 2,11,oxadiazole 1,,LDA,,product 3,,3,,NMR,,,,LDA (1.3 equiv.),directed metalation,25.0,28.0,tetrahydrofuran,T-mixer + capillary coil,,"Flow metalation with LDA at rt; 0.39 M oxadiazole solution; tR1=28 s; 34% yield, 16% RSM"
"Wong et al. 2019 - Batch versus flow lithiation-substitution of 1,3,4-oxadiazoles - Exploitation of unstable intermediates using flow chemistry",10.1002/chem.201902917,Table 2,12,oxadiazole 1,,LDA,,product 3,,3,45.0,NMR,,,,LDA (1.3 equiv.),directed metalation,25.0,28.0,tetrahydrofuran,T-mixer + capillary coil,,"Flow metalation with LDA at rt; 0.23 M oxadiazole solution; tR1=28 s; 45% yield, no remaining 1"
"Wong et al. 2019 - Batch versus flow lithiation-substitution of 1,3,4-oxadiazoles - Exploitation of unstable intermediates using flow chemistry",10.1002/chem.201902917,Table 2,13,oxadiazole 1,,LDA,,product 3,,3,86.0,NMR,,,,LDA (1.3 equiv.),directed metalation,25.0,2.8,tetrahydrofuran,T-mixer + capillary coil,,"Flow metalation with LDA at rt; 0.23 M oxadiazole solution; tR1=2.8 s; 86% yield, no remaining 1"
"Djukanovic et al. 2021 - Continuous flow acylation of (hetero)aryllithiums with polyfunctional N,N-dimethylamides and tetramethylurea in toluene",10.1002/chem.202102805,Table 1,1,1-bromo-4-methylthiobenzene (8a),,sec-BuLi,,alcohol 10,,10,24.0,GC,,,,1.1 equiv sec-BuLi,halogen-metal exchange,25.0,60.0,tetrahydrofuran,,,"Quenching with 4-fluorobenzaldehyde (9); Br/Li exchange in THF, batch."
"Djukanovic et al. 2021 - Continuous flow acylation of (hetero)aryllithiums with polyfunctional N,N-dimethylamides and tetramethylurea in toluene",10.1002/chem.202102805,Table 1,2,1-bromo-4-methylthiobenzene (8a),,sec-BuLi,,alcohol 10,,10,27.0,GC,,,,1.1 equiv sec-BuLi,halogen-metal exchange,25.0,60.0,tetrahydrofuran,,,"Quenching with 4-fluorobenzaldehyde (9); Br/Li exchange in THF, batch."
"Djukanovic et al. 2021 - Continuous flow acylation of (hetero)aryllithiums with polyfunctional N,N-dimethylamides and tetramethylurea in toluene",10.1002/chem.202102805,Table 1,3,1-bromo-4-methylthiobenzene (8a),,sec-BuLi,,alcohol 10,,10,,GC,,,,1.1 equiv sec-BuLi,halogen-metal exchange,25.0,7200.0,toluene,,,Br/Li exchange too sluggish; required up to 2 h for completion.
"Djukanovic et al. 2021 - Continuous flow acylation of (hetero)aryllithiums with polyfunctional N,N-dimethylamides and tetramethylurea in toluene",10.1002/chem.202102805,Table 1,6,1-bromo-4-methylthiobenzene (8a),,sec-BuLi,,alcohol 10,,10,95.0,GC,,,,1.1 equiv sec-BuLi,halogen-metal exchange,25.0,60.0,toluene with 1.0 equiv tetrahydrofuran,,,Fast Br/Li-exchange within 1 min at 25°C in batch with toluene + 1.0 equiv THF.
"Djukanovic et al. 2021 - Continuous flow acylation of (hetero)aryllithiums with polyfunctional N,N-dimethylamides and tetramethylurea in toluene",10.1002/chem.202102805,Table 1,7,1-bromo-4-methylthiobenzene (8a),,sec-BuLi,,alcohol 10,,10,,GC,,,,1.1 equiv sec-BuLi,halogen-metal exchange,25.0,600.0,toluene with 1.0 equiv tetrahydrofuran,,,Longer storage time (10 min) of aryllithium 2a at 25°C led to lower yields.
"Djukanovic et al. 2021 - Continuous flow acylation of (hetero)aryllithiums with polyfunctional N,N-dimethylamides and tetramethylurea in toluene",10.1002/chem.202102805,Table 1,8,1-bromo-4-methylthiobenzene (8a),,sec-BuLi,,alcohol 10,,10,,GC,,,,1.1 equiv sec-BuLi,halogen-metal exchange,25.0,1800.0,toluene with 1.0 equiv tetrahydrofuran,,,Longer storage time (30 min) of aryllithium 2a at 25°C led to lower yields.
"Djukanovic et al. 2021 - Continuous flow acylation of (hetero)aryllithiums with polyfunctional N,N-dimethylamides and tetramethylurea in toluene",10.1002/chem.202102805,Table 1,9,1-bromo-4-methylthiobenzene (8a),,sec-BuLi,,alcohol 10,,10,,GC,,,,1.1 equiv sec-BuLi,halogen-metal exchange,25.0,40.0,toluene with 1.0 equiv tetrahydrofuran,T-shaped micromixer + capillary/coil reactor,,Quantitative formation of alcohol 10 in flow setup.
"Djukanovic et al. 2021 - Continuous flow acylation of (hetero)aryllithiums with polyfunctional N,N-dimethylamides and tetramethylurea in toluene",10.1002/chem.202102805,Table 2,1,1-bromo-4-methylthiobenzene (8a),,sec-BuLi,,ketone 3aa,,3aa,50.0,GC,99.0,,,1.1 equiv sec-BuLi,acylation,25.0,,toluene with 1.0 equiv tetrahydrofuran,T-shaped micromixer + capillary/coil reactor,,Acylation temperature optimization in continuous flow.
"Djukanovic et al. 2021 - Continuous flow acylation of (hetero)aryllithiums with polyfunctional N,N-dimethylamides and tetramethylurea in toluene",10.1002/chem.202102805,Table 2,2,1-bromo-4-methylthiobenzene (8a),,sec-BuLi,,ketone 3aa,,3aa,67.0,GC,99.0,,,1.1 equiv sec-BuLi,acylation,0.0,,toluene with 1.0 equiv tetrahydrofuran,T-shaped micromixer + capillary/coil reactor,,Acylation temperature optimization in continuous flow.
"Djukanovic et al. 2021 - Continuous flow acylation of (hetero)aryllithiums with polyfunctional N,N-dimethylamides and tetramethylurea in toluene",10.1002/chem.202102805,Table 2,3,1-bromo-4-methylthiobenzene (8a),,sec-BuLi,,ketone 3aa,,3aa,82.0,GC,99.0,,,1.1 equiv sec-BuLi,acylation,-20.0,,toluene with 1.0 equiv tetrahydrofuran,T-shaped micromixer + capillary/coil reactor,,Acylation temperature optimization in continuous flow.
"Djukanovic et al. 2021 - Continuous flow acylation of (hetero)aryllithiums with polyfunctional N,N-dimethylamides and tetramethylurea in toluene",10.1002/chem.202102805,Table 2,4,1-bromo-4-methylthiobenzene (8a),,sec-BuLi,,ketone 3aa,,3aa,84.0,GC,99.0,,,1.1 equiv sec-BuLi,acylation,-40.0,,toluene with 1.0 equiv tetrahydrofuran,T-shaped micromixer + capillary/coil reactor,,Acylation temperature optimization in continuous flow.
Sharma et al. 2022 - Cyanide-free cyanation of sp2 and sp-carbon atoms by an oxazole-based masked CN source using flow microreactors,10.1002/chem.202103777,Table S3,1,4-lithium-5-methyl-2-phenyloxazole,,trimethyl borate,,(5-methyl-2-phenyloxazol-4-yl) boronic acid pinacol ester,,2b,68.0,isolated,,,,,nucleophilic addition,25.0,6.0,tetrahydrofuran,T-shaped micromixer + capillary reactor,,Borylation step in flow; yield of pinacol ester 2b.
Sharma et al. 2022 - Cyanide-free cyanation of sp2 and sp-carbon atoms by an oxazole-based masked CN source using flow microreactors,10.1002/chem.202103777,Table 1,1,(5-methyl-2-phenyloxazol-4-yl) boronic acid,,bromobenzene,,"5-methyl-2,4-diphenyloxazole",,4a,61.0,isolated,,,,1.5 equiv OxBA,C-C coupling,,7200.0,tetrahydrofuran,batch,Pd(PPh3)4,Suzuki-Miyaura coupling in batch with K2CO3 base in THF.
Sharma et al. 2022 - Cyanide-free cyanation of sp2 and sp-carbon atoms by an oxazole-based masked CN source using flow microreactors,10.1002/chem.202103777,Table 1,2,(5-methyl-2-phenyloxazol-4-yl) boronic acid,,bromobenzene,,"5-methyl-2,4-diphenyloxazole",,4a,68.0,isolated,,,,1.5 equiv OxBA,C-C coupling,,7200.0,dioxane,batch,Pd(PPh3)4,Suzuki-Miyaura coupling in batch with K2CO3 base in dioxane.
Sharma et al. 2022 - Cyanide-free cyanation of sp2 and sp-carbon atoms by an oxazole-based masked CN source using flow microreactors,10.1002/chem.202103777,Table 1,3,(5-methyl-2-phenyloxazol-4-yl) boronic acid,,bromobenzene,,"5-methyl-2,4-diphenyloxazole",,4a,70.0,isolated,,,,1.5 equiv OxBA,C-C coupling,100.0,7200.0,tetrahydrofuran:toluene (1:1),batch,Pd(PPh3)4,Suzuki-Miyaura coupling in batch with THF:toluene solvent.
Sharma et al. 2022 - Cyanide-free cyanation of sp2 and sp-carbon atoms by an oxazole-based masked CN source using flow microreactors,10.1002/chem.202103777,Table 1,4,(5-methyl-2-phenyloxazol-4-yl) boronic acid,,bromobenzene,,"5-methyl-2,4-diphenyloxazole",,4a,85.0,isolated,,,,1.5 equiv OxBA,C-C coupling,,7200.0,tetrahydrofuran:toluene:water (2:2:1),batch,Pd(PPh3)4,Suzuki-Miyaura coupling in batch with aqueous co-solvent.
Sharma et al. 2022 - Cyanide-free cyanation of sp2 and sp-carbon atoms by an oxazole-based masked CN source using flow microreactors,10.1002/chem.202103777,Table 1,5,(5-methyl-2-phenyloxazol-4-yl) boronic acid,,bromobenzene,,"5-methyl-2,4-diphenyloxazole",,4a,45.0,isolated,,,,1.5 equiv OxBA,C-C coupling,,7200.0,tetrahydrofuran:toluene,batch,Pd(PPh3)4,Suzuki-Miyaura coupling in batch with Na2CO3 base.
Sharma et al. 2022 - Cyanide-free cyanation of sp2 and sp-carbon atoms by an oxazole-based masked CN source using flow microreactors,10.1002/chem.202103777,Table 1,6,(5-methyl-2-phenyloxazol-4-yl) boronic acid,,bromobenzene,,"5-methyl-2,4-diphenyloxazole",,4a,89.0,isolated,,,,1.5 equiv OxBA,C-C coupling,,7200.0,tetrahydrofuran:toluene:water (2:2:1),batch,Pd(PPh3)4,Optimized Suzuki-Miyaura coupling in batch with KOH base.
Sharma et al. 2022 - Cyanide-free cyanation of sp2 and sp-carbon atoms by an oxazole-based masked CN source using flow microreactors,10.1002/chem.202103777,Table 1,7,(5-methyl-2-phenyloxazol-4-yl) boronic acid,,bromobenzene,,"5-methyl-2,4-diphenyloxazole",,4a,50.0,isolated,,,,1.5 equiv OxBA,C-C coupling,,7200.0,tetrahydrofuran:toluene,batch,Pd(PPh3)4,Suzuki-Miyaura coupling in batch with K3PO4 base.
Sharma et al. 2022 - Cyanide-free cyanation of sp2 and sp-carbon atoms by an oxazole-based masked CN source using flow microreactors,10.1002/chem.202103777,Table 1,8,(5-methyl-2-phenyloxazol-4-yl) boronic acid,,bromobenzene,,"5-methyl-2,4-diphenyloxazole",,4a,64.0,isolated,,,,1.2 equiv OxBA,C-C coupling,,7200.0,tetrahydrofuran:toluene,batch,Pd(PPh3)4,Suzuki-Miyaura coupling in batch with Et3N base.
Sharma et al. 2022 - Cyanide-free cyanation of sp2 and sp-carbon atoms by an oxazole-based masked CN source using flow microreactors,10.1002/chem.202103777,Table 2,1,in situ generated OxBA reagent,,bromobenzene,,"5-methyl-2,4-diphenyloxazole",,4a,68.0,isolated,,,,2 equiv of 1,C-C coupling,90.0,360.0,tetrahydrofuran:DMF,microreactor,Pd(PPh3)4,Flow Suzuki coupling with in situ generated OxBA.
Sharma et al. 2022 - Cyanide-free cyanation of sp2 and sp-carbon atoms by an oxazole-based masked CN source using flow microreactors,10.1002/chem.202103777,Table 2,2,in situ generated OxBA reagent,,bromobenzene,,"5-methyl-2,4-diphenyloxazole",,4a,86.0,isolated,,,,2 equiv of 1,C-C coupling,90.0,720.0,tetrahydrofuran:DMF,microreactor,Pd(PPh3)4,Flow Suzuki coupling with increased residence time.
Sharma et al. 2022 - Cyanide-free cyanation of sp2 and sp-carbon atoms by an oxazole-based masked CN source using flow microreactors,10.1002/chem.202103777,Table 2,3,in situ generated OxBA reagent,,bromobenzene,,"5-methyl-2,4-diphenyloxazole",,4a,90.0,isolated,,,,2 equiv of 1,C-C coupling,90.0,1080.0,tetrahydrofuran:DMF,microreactor,Pd(PPh3)4,Flow Suzuki coupling with further increased residence time.
Sharma et al. 2022 - Cyanide-free cyanation of sp2 and sp-carbon atoms by an oxazole-based masked CN source using flow microreactors,10.1002/chem.202103777,Table 2,4,in situ generated OxBA reagent,,bromobenzene,,"5-methyl-2,4-diphenyloxazole",,4a,92.0,isolated,,,,2 equiv of 1,C-C coupling,90.0,960.0,tetrahydrofuran:DMF,microreactor,Pd(PPh3)4,Optimized flow Suzuki coupling with 16 min residence time.
Sharma et al. 2022 - Cyanide-free cyanation of sp2 and sp-carbon atoms by an oxazole-based masked CN source using flow microreactors,10.1002/chem.202103777,Table 2,5,in situ generated OxBA reagent,,bromobenzene,,"5-methyl-2,4-diphenyloxazole",,4a,,,,,,1.5 equiv of 1,C-C coupling,90.0,960.0,tetrahydrofuran:DMF,microreactor,Pd(PPh3)4,Incomplete conversion with reduced equivalents of starting material 1.
Qenawy et al. 2025 - Efficient and selective transformations of α-keto esters into α-arylated α-hydroxy esters using continuous-flow system,10.1002/chem.202500299,Table 2,,ethyl pyruvate,,phenyllithium (from bromobenzene 2a),,α-arylated α-hydroxy ester,,3aa,,,,,,1 equiv,nucleophilic addition,-78.0,,,flow microreactor,,Substrate scope reaction from Table 2; yield in 70-94% range per text
Qenawy et al. 2025 - Efficient and selective transformations of α-keto esters into α-arylated α-hydroxy esters using continuous-flow system,10.1002/chem.202500299,Table 2,,ethyl pyruvate,,aryllithium (from halobenzene 2b),,α-arylated α-hydroxy ester,,3ab,,,,,,1 equiv,nucleophilic addition,-78.0,,,flow microreactor,,Substrate scope reaction from Table 2
Qenawy et al. 2025 - Efficient and selective transformations of α-keto esters into α-arylated α-hydroxy esters using continuous-flow system,10.1002/chem.202500299,Table 2,,ethyl pyruvate,,aryllithium (from halobenzene 2c),,α-arylated α-hydroxy ester,,3ac,,,,,,1 equiv,nucleophilic addition,-78.0,,,flow microreactor,,Substrate scope reaction from Table 2
Qenawy et al. 2025 - Efficient and selective transformations of α-keto esters into α-arylated α-hydroxy esters using continuous-flow system,10.1002/chem.202500299,Table 2,,ethyl pyruvate,,aryllithium (from halobenzene 2d),,α-arylated α-hydroxy ester,,3ad,,,,,,1 equiv,nucleophilic addition,-78.0,,,flow microreactor,,Substrate scope reaction from Table 2
Qenawy et al. 2025 - Efficient and selective transformations of α-keto esters into α-arylated α-hydroxy esters using continuous-flow system,10.1002/chem.202500299,Table 2,,ethyl pyruvate,,aryllithium (from halobenzene 2e),,α-arylated α-hydroxy ester,,3ae,,,,,,1 equiv,nucleophilic addition,-78.0,,,flow microreactor,,Substrate scope reaction from Table 2
Qenawy et al. 2025 - Efficient and selective transformations of α-keto esters into α-arylated α-hydroxy esters using continuous-flow system,10.1002/chem.202500299,Table 2,,ethyl pyruvate,,aryllithium (from halobenzene 2f),,α-arylated α-hydroxy ester,,3af,,,,,,1 equiv,nucleophilic addition,-78.0,,,flow microreactor,,Substrate scope reaction from Table 2
Qenawy et al. 2025 - Efficient and selective transformations of α-keto esters into α-arylated α-hydroxy esters using continuous-flow system,10.1002/chem.202500299,Table 2,,ethyl pyruvate,,(4-cyanophenyl)lithium (from halobenzene 2g),,α-arylated α-hydroxy ester,,3ag,82.0,,,,,1 equiv,nucleophilic addition,-78.0,,,flow microreactor,,Substrate scope reaction from Table 2; 82% yield explicitly stated in text
Qenawy et al. 2025 - Efficient and selective transformations of α-keto esters into α-arylated α-hydroxy esters using continuous-flow system,10.1002/chem.202500299,Table 2,,ethyl pyruvate,,aryllithium (from halobenzene 2h),,α-arylated α-hydroxy ester,,3ah,,,,,,1 equiv,nucleophilic addition,-78.0,,,flow microreactor,,Substrate scope reaction from Table 2
Qenawy et al. 2025 - Efficient and selective transformations of α-keto esters into α-arylated α-hydroxy esters using continuous-flow system,10.1002/chem.202500299,Table 2,,methyl pyruvate,,phenyllithium (from bromobenzene 2a),,α-arylated α-hydroxy ester,,3ba,94.0,,,,,1 equiv,nucleophilic addition,-78.0,,,flow microreactor,,Substrate scope reaction from Table 2; 94% yield explicitly stated in text for methyl ester 1b
Qenawy et al. 2025 - Efficient and selective transformations of α-keto esters into α-arylated α-hydroxy esters using continuous-flow system,10.1002/chem.202500299,Table 2,,bulkier α-keto ester with phenyl ketone moiety,,aryllithium (from halobenzene 2b),,α-arylated α-hydroxy ester,,3cb,73.0,,,,,1 equiv,nucleophilic addition,-78.0,,,flow microreactor,,Substrate scope reaction from Table 2; 73% yield for bulkier substrate 1c
Qenawy et al. 2025 - Efficient and selective transformations of α-keto esters into α-arylated α-hydroxy esters using continuous-flow system,10.1002/chem.202500299,Table 2,,bulkier α-keto ester with phenyl ketone moiety,,phenyllithium (from bromobenzene 2a),,α-arylated α-hydroxy ester,,3da,63.0,,,,,1 equiv,nucleophilic addition,-78.0,,,flow microreactor,,Substrate scope reaction from Table 2; 63% yield for bulkier substrate 1d
Qenawy et al. 2025 - Efficient and selective transformations of α-keto esters into α-arylated α-hydroxy esters using continuous-flow system,10.1002/chem.202500299,Table 3,,ethyl pyruvate,,aryllithium (from 1-iodo-4-nitrobenzene 2i),,α-arylated α-hydroxy ester,,3ai,84.0,,,,,1 equiv,nucleophilic addition,-78.0,,,flow microreactor,,Reaction with unstable nitrophenyl intermediate; 84% yield at -78°C from Table 3
Qenawy et al. 2025 - Efficient and selective transformations of α-keto esters into α-arylated α-hydroxy esters using continuous-flow system,10.1002/chem.202500299,Table 5,,diethyl 2-oxomalonate,,aryllithium (from halobenzene 2b),,arylated hydroxymalonate,,8a,,,,,,1 equiv,nucleophilic addition,-78.0,2.2,,flow microreactor,,Oxomalonate substrate scope from Table 5; residence time t2=2.2 seconds
Qenawy et al. 2025 - Efficient and selective transformations of α-keto esters into α-arylated α-hydroxy esters using continuous-flow system,10.1002/chem.202500299,Table 5,,diethyl 2-oxomalonate,,p-tolyllithium (from halobenzene 2a),,arylated hydroxymalonate,,8b,,,,,,1 equiv,nucleophilic addition,-78.0,2.2,,flow microreactor,,Oxomalonate substrate scope from Table 5; p-tolyllithium reaction
Qenawy et al. 2025 - Efficient and selective transformations of α-keto esters into α-arylated α-hydroxy esters using continuous-flow system,10.1002/chem.202500299,Table 5,,diethyl 2-oxomalonate,,aryllithium (from halobenzene 2c),,arylated hydroxymalonate,,8c,,,,,,1 equiv,nucleophilic addition,-78.0,2.2,,flow microreactor,,Oxomalonate substrate scope from Table 5
Qenawy et al. 2025 - Efficient and selective transformations of α-keto esters into α-arylated α-hydroxy esters using continuous-flow system,10.1002/chem.202500299,Table 5,,diethyl 2-oxomalonate,,aryllithium (from halobenzene 2d),,arylated hydroxymalonate,,8d,,,,,,1 equiv,nucleophilic addition,-78.0,2.2,,flow microreactor,,Oxomalonate substrate scope from Table 5
Qenawy et al. 2025 - Efficient and selective transformations of α-keto esters into α-arylated α-hydroxy esters using continuous-flow system,10.1002/chem.202500299,Table 5,,diethyl 2-oxomalonate,,aryllithium (from halobenzene 2e),,arylated hydroxymalonate,,8e,,,,,,1 equiv,nucleophilic addition,-40.0,2.2,,flow microreactor,,Oxomalonate substrate scope from Table 5; -40°C condition
Qenawy et al. 2025 - Efficient and selective transformations of α-keto esters into α-arylated α-hydroxy esters using continuous-flow system,10.1002/chem.202500299,Table 5,,diethyl 2-oxomalonate,,aryllithium (from halobenzene 2f),,arylated hydroxymalonate,,8f,,,,,,1 equiv,nucleophilic addition,-40.0,2.2,,flow microreactor,,Oxomalonate substrate scope from Table 5; -40°C condition
Qenawy et al. 2025 - Efficient and selective transformations of α-keto esters into α-arylated α-hydroxy esters using continuous-flow system,10.1002/chem.202500299,Table 5,,diethyl 2-oxomalonate,,aryllithium (from halobenzene 2g),,arylated hydroxymalonate,,8g,,,,,,1 equiv,nucleophilic addition,-40.0,2.2,,flow microreactor,,Oxomalonate substrate scope from Table 5; -40°C condition
Qenawy et al. 2025 - Efficient and selective transformations of α-keto esters into α-arylated α-hydroxy esters using continuous-flow system,10.1002/chem.202500299,Table 5,,diethyl 2-oxomalonate,,aryllithium (from halobenzene 2h),,arylated hydroxymalonate,,8h,,,,,,1 equiv,nucleophilic addition,-40.0,2.2,,flow microreactor,,Oxomalonate substrate scope from Table 5; -40°C condition
Qenawy et al. 2025 - Efficient and selective transformations of α-keto esters into α-arylated α-hydroxy esters using continuous-flow system,10.1002/chem.202500299,Table 5,,diethyl 2-oxomalonate,,"aryllithium (from halobenzene 2j, generated from s-BuLi)",,diethyl 2-(4-(tert-butoxycarbonyl)phenyl)-2-hydroxymalonate,,8j,43.0,,,,,1 equiv,nucleophilic addition,-78.0,2.2,,flow microreactor,,Oxomalonate substrate scope from Table 5; 43% yield; aryllithium generated from s-BuLi instead of n-BuLi
Asai et al. 2012 - Practical synthesis of photochromic diarylethenes in integrated flow microreactor systems,10.1002/cssc.201100376,page_10_table_1_extracted.csv,,Cc1sc(-c2ccccc2)nc1Br,,Cc1sc(-c2ccccc2)cc1C1=C(c2nc(-c3ccccc3)sc2C)C(F)(F)C(F)(F)C1(F)F,,Cc1sc(-c2ccccc2)nc1C1=C(c2c(C)sc(-c3ccccc3)c2C)C(F)(F)C(F)(F)C1(F)F,,,,,,,,,halogen-metal exchange,,,tetrahydrofuran,integrated flow microreactor system with T-shaped micromixers and microtube reactors,,"nBuLi (0.42M in hexane, 1.05 equiv) used for Br/Li exchange; octafluorocyclopentene (0.15M in THF) as core substrate; aryl bromide solutions 0.10M in THF; flow rates: aryl bromide/THF 4.8 mL/min, nBuLi 1.2 mL/min, octafluorocyclopentene/THF 4.0 mL/min; micromixer diameter 500 micrometers"
Asai et al. 2012 - Practical synthesis of photochromic diarylethenes in integrated flow microreactor systems,10.1002/cssc.201100376,page_10_table_1_extracted.csv,,Cc1sc(-c2ccccc2)nc1Br,,Cc1sc(-c2ccccc2)c(C)c1Br,,Cc1sc(-c2ccccc2)nc1C1=C(c2c(C)sc(-c3ccccc3)c2C)C(F)(F)C(F)(F)C1(F)F,,,,,,,,,halogen-metal exchange,,,tetrahydrofuran,integrated flow microreactor system with T-shaped micromixers and microtube reactors,,"nBuLi (0.42M in hexane, 1.05 equiv) used for Br/Li exchange; octafluorocyclopentene (0.15M in THF) as core substrate; aryl bromide solutions 0.10M in THF; flow rates: aryl bromide/THF 4.8 mL/min, nBuLi 1.2 mL/min, octafluorocyclopentene/THF 4.0 mL/min; micromixer diameter 500 micrometers"
Asai et al. 2012 - Practical synthesis of photochromic diarylethenes in integrated flow microreactor systems,10.1002/cssc.201100376,page_10_table_1_extracted.csv,,Cc1sc(-c2ccccc2)nc1Br,,,,,,,,,,,,,halogen-metal exchange,,,tetrahydrofuran,integrated flow microreactor system with T-shaped micromixers and microtube reactors,,"nBuLi (0.42M in hexane, 1.05 equiv) used for Br/Li exchange; octafluorocyclopentene (0.15M in THF) as core substrate; aryl bromide solutions 0.10M in THF; flow rates: aryl bromide/THF 4.8 mL/min, nBuLi 1.2 mL/min, octafluorocyclopentene/THF 4.0 mL/min; micromixer diameter 500 micrometers"
Mambrini et al. 2018 - Memory of chirality in a flow‐based system - Enan ... ective synthesis of Quaternary α‐amino acids using flow microreactors,10.1002/ejoc.201801305,Table 2,1,"(S)-3-(1-naphthoyl)-2,2,4-trimethyloxazolidin-5-one",,ethyl iodoacetate,,compound 2b,,2b,,,7.7,,,,alkylation,-50.0,35.0,tetrahydrofuran,T-shaped micromixer + capillary/coil reactor,lithium diisopropylamine,Deprotonation step with LDA; ethyl iodoacetate used as electrophile; conversion determined by chiral HPLC.
Mambrini et al. 2018 - Memory of chirality in a flow‐based system - Enan ... ective synthesis of Quaternary α‐amino acids using flow microreactors,10.1002/ejoc.201801305,Table 2,2,"(S)-3-(1-naphthoyl)-2,2,4-trimethyloxazolidin-5-one",,ethyl iodoacetate,,compound 2b,,2b,,,100.0,,89.0,10 equiv. electrophile,alkylation,-55.0,35.0,tetrahydrofuran,T-shaped micromixer + capillary/coil reactor,lithium diisopropylamine,"Optimized deprotonation condition: 35 s at –55 °C; 10 equiv. ethyl iodoacetate; isolated yield 82 % and ee 89 % reported in text for large-scale run (entry 9, Table 3), but this entry reports conversion and ee from Table 2; ee value not listed in Table 2 for entry 2, but paper states '89 % enantiomeric excess' for the large-scale run under these conditions — however per instructions, only data *in the table* is extracted; Table 2 shows no ee for entry 2 → ee_pct remains null. Correction: Table 2 has [a] footnote stating ee determined by chiral HPLC, but no ee values are given in entries 1–6 — so ee_pct = null for all Table 2 entries."
Mambrini et al. 2018 - Memory of chirality in a flow‐based system - Enan ... ective synthesis of Quaternary α‐amino acids using flow microreactors,10.1002/ejoc.201801305,Table 2,3,"(S)-3-(1-naphthoyl)-2,2,4-trimethyloxazolidin-5-one",,ethyl iodoacetate,,compound 2b,,2b,,,,,,,alkylation,-60.0,,tetrahydrofuran,T-shaped micromixer + capillary/coil reactor,lithium diisopropylamine,No conversion or ee reported for this entry in Table 2.
Mambrini et al. 2018 - Memory of chirality in a flow‐based system - Enan ... ective synthesis of Quaternary α‐amino acids using flow microreactors,10.1002/ejoc.201801305,Table 2,4,"(S)-3-(1-naphthoyl)-2,2,4-trimethyloxazolidin-5-one",,ethyl iodoacetate,,compound 2b,,2b,,,,,,10 equiv. electrophile,alkylation,-65.0,,tetrahydrofuran,T-shaped micromixer + capillary/coil reactor,lithium diisopropylamine,Stoichiometry specified via footnote; no conversion or ee reported.
Mambrini et al. 2018 - Memory of chirality in a flow‐based system - Enan ... ective synthesis of Quaternary α‐amino acids using flow microreactors,10.1002/ejoc.201801305,Table 2,5,"(S)-3-(1-naphthoyl)-2,2,4-trimethyloxazolidin-5-one",,ethyl iodoacetate,,compound 2b,,2b,,,,,,,alkylation,-78.0,,tetrahydrofuran,T-shaped micromixer + capillary/coil reactor,lithium diisopropylamine,Temperature condition only; no conversion or ee reported in table.
Mambrini et al. 2018 - Memory of chirality in a flow‐based system - Enan ... ective synthesis of Quaternary α‐amino acids using flow microreactors,10.1002/ejoc.201801305,Table 3,1,"(S)-3-(1-naphthoyl)-2,2,4-trimethyloxazolidin-5-one",,allyl iodide,,compound 2a,,2a,,,,,,,alkylation,-78.0,,tetrahydrofuran,T-shaped micromixer + capillary/coil reactor,lithium diisopropylamine,No reaction observed (footnote [b]); no conversion or ee reported numerically.
Mambrini et al. 2018 - Memory of chirality in a flow‐based system - Enan ... ective synthesis of Quaternary α‐amino acids using flow microreactors,10.1002/ejoc.201801305,Table 3,3,"(S)-3-(1-naphthoyl)-2,2,4-trimethyloxazolidin-5-one",,allyl iodide,,compound 2a,,2a,,,100.0,,,,alkylation,-55.0,,tetrahydrofuran,T-shaped micromixer + capillary/coil reactor,lithium diisopropylamine,Conversion 100 % reported; ee not reported in table (blank cell).
Mambrini et al. 2018 - Memory of chirality in a flow‐based system - Enan ... ective synthesis of Quaternary α‐amino acids using flow microreactors,10.1002/ejoc.201801305,Table 3,5,"(S)-3-(1-naphthoyl)-2,2,4-trimethyloxazolidin-5-one",,allyl iodide,,compound 2a,,2a,,,100.0,,0.0,,alkylation,-30.0,,tetrahydrofuran,T-shaped micromixer + capillary/coil reactor,lithium diisopropylamine,Conversion complete; enantiomeric excess completely dropped → interpreted as racemic (ee = 0 %).
Mambrini et al. 2018 - Memory of chirality in a flow‐based system - Enan ... ective synthesis of Quaternary α‐amino acids using flow microreactors,10.1002/ejoc.201801305,Table 3,6,"(S)-3-(1-naphthoyl)-2,2,4-trimethyloxazolidin-5-one",,allyl iodide,,compound 2a,,2a,74.0,isolated,,,57.0,,alkylation,-60.0,,tetrahydrofuran,T-shaped micromixer + capillary/coil reactor,lithium diisopropylamine,Isolated yield 74 % and ee 57 % reported for allyl iodide alkylation at –60 °C with DMPU.
Mambrini et al. 2018 - Memory of chirality in a flow‐based system - Enan ... ective synthesis of Quaternary α‐amino acids using flow microreactors,10.1002/ejoc.201801305,Table 3,7,"(S)-3-(1-naphthoyl)-2,2,4-trimethyloxazolidin-5-one",,benzyl bromide,,compound 2c,,2c,68.0,isolated,,,75.0,10 equiv.,alkylation,-60.0,,tetrahydrofuran,T-shaped micromixer + capillary/coil reactor,lithium diisopropylamine,"Benzyl bromide (10 equiv.) used; isolated yield 68 %, ee 75 %."
Mambrini et al. 2018 - Memory of chirality in a flow‐based system - Enan ... ective synthesis of Quaternary α‐amino acids using flow microreactors,10.1002/ejoc.201801305,Table 3,8,"(S)-3-(1-naphthoyl)-2,2,4-trimethyloxazolidin-5-one",,benzaldehyde,,aldol adduct,,,42.0,isolated,,,67.0,,nucleophilic addition,-60.0,,tetrahydrofuran,T-shaped micromixer + capillary/coil reactor,lithium diisopropylamine,"Aldol reaction with benzaldehyde gives separable diastereomers; de = 74 %, yield = 42 %, ee(major) = 67 %, ee(minor) = 90 %."
Mambrini et al. 2018 - Memory of chirality in a flow‐based system - Enan ... ective synthesis of Quaternary α‐amino acids using flow microreactors,10.1002/ejoc.201801305,Table 3,9,"(S)-3-(1-naphthoyl)-2,2,4-trimethyloxazolidin-5-one",,ethyl iodoacetate,,compound 2b,,2b,82.0,isolated,,,89.0,,alkylation,-70.0,,tetrahydrofuran,T-shaped micromixer + capillary/coil reactor,lithium diisopropylamine,"Large-scale flow alkylation: 1.33 g substrate → 1.20 g product 2b; 82 % yield, 89 % ee."
De Angelis et al. 2018 - Sequential α-lithiation and aerobic oxidation o ... lacetic acid - continuous-flow synthesis of cyclopentyl mandelic acid,10.1007/s41981-018-0015-4,Table 1,1,cyclopentylphenylglycolic acid,,n-BuLi,,CPMA,,1,,NMR,,,,3 equiv n-BuLi,oxidation,,,tetrahydrofuran/hexane,,,"Method A: O2 introduced above liquid phase, slower conversion due to lower O2 concentration"
De Angelis et al. 2018 - Sequential α-lithiation and aerobic oxidation o ... lacetic acid - continuous-flow synthesis of cyclopentyl mandelic acid,10.1007/s41981-018-0015-4,Table 3,1,cyclopentylphenylglycolic acid,,n-hexyllithium,,CPMA,,1,,NMR,,,,0.5 equiv O2,oxidation,,,tetrahydrofuran,PTFE coil,,"Sequential α-lithiation and aerobic oxidation, trace yield"
De Angelis et al. 2018 - Sequential α-lithiation and aerobic oxidation o ... lacetic acid - continuous-flow synthesis of cyclopentyl mandelic acid,10.1007/s41981-018-0015-4,Table 3,4,cyclopentylphenylglycolic acid,,n-hexyllithium,,CPMA,,1,65.0,NMR,90.0,,,0.6 equiv O2,oxidation,,1080.0,tetrahydrofuran,PTFE coil,,"Optimal conditions: 0.6 equiv O2, 18 min residence time, 90% conversion, 65% NMR yield, 50% isolated yield after recrystallization"
Vilé et al. 2019 - Enantiospecific cyclization of methyl N-(tert-butoxyc ... inate to 2-methylproline derivative via ‘memory of chirality’ in flow,10.1007/s41981-018-0022-5,Table 1,5,methyl N-(tert-butoxycarbonyl)-N-(3-chloropropyl)-D-alaninate,,LiHMDS (1M in THF),,"1-(tert-butyl) 2-methyl (S)-2-methylpyrrolidine-1,2-dicarboxylate",,8,96.0,isolated,100.0,,95.0,1.2 equiv,anionic cyclization,-10.0,30.0,dimethylformamide,microreactor,lithium bis(trimethylsilyl)amide,Enantiospecificity = 95–97%; full retention of stereocenter; productivity 11 g h−1 at scale
Vilé et al. 2019 - Enantiospecific cyclization of methyl N-(tert-butoxyc ... inate to 2-methylproline derivative via ‘memory of chirality’ in flow,10.1007/s41981-018-0022-5,Table 1,8,methyl N-(tert-butoxycarbonyl)-N-(3-chloropropyl)-D-alaninate,,LiHMDS (1M in THF),,"1-(tert-butyl) 2-methyl (S)-2-methylpyrrolidine-1,2-dicarboxylate",,8,,,2.0,,,1.2 equiv,anionic cyclization,-50.0,30.0,dimethylformamide,microreactor,lithium bis(trimethylsilyl)amide,Yield not determined; conversion 2% (from Arrhenius plot context)
Vilé et al. 2019 - Enantiospecific cyclization of methyl N-(tert-butoxyc ... inate to 2-methylproline derivative via ‘memory of chirality’ in flow,10.1007/s41981-018-0022-5,Table 1,9,methyl N-(tert-butoxycarbonyl)-N-(3-chloropropyl)-D-alaninate,,LiHMDS (1M in THF),,"1-(tert-butyl) 2-methyl (S)-2-methylpyrrolidine-1,2-dicarboxylate",,8,18.0,isolated,,,,1.2 equiv,anionic cyclization,-30.0,30.0,dimethylformamide,microreactor,lithium bis(trimethylsilyl)amide,"From text: '18% (at −30 °C, entry 9)'"
Vilé et al. 2019 - Enantiospecific cyclization of methyl N-(tert-butoxyc ... inate to 2-methylproline derivative via ‘memory of chirality’ in flow,10.1007/s41981-018-0022-5,Table 1,10,methyl N-(tert-butoxycarbonyl)-N-(3-chloropropyl)-D-alaninate,,LiHMDS (1M in THF),,"1-(tert-butyl) 2-methyl (S)-2-methylpyrrolidine-1,2-dicarboxylate",,8,,,,,,1.2 equiv,anionic cyclization,-30.0,30.0,dimethylformamide,microreactor,lithium bis(trimethylsilyl)amide,Residence time unchanged (30 s); yield impact minor per text
Vilé et al. 2019 - Enantiospecific cyclization of methyl N-(tert-butoxyc ... inate to 2-methylproline derivative via ‘memory of chirality’ in flow,10.1007/s41981-018-0022-5,Table 1,12,methyl N-(tert-butoxycarbonyl)-N-(3-chloropropyl)-D-alaninate,,LiHMDS (1M in THF),,"1-(tert-butyl) 2-methyl (S)-2-methylpyrrolidine-1,2-dicarboxylate",,8,30.0,isolated,,,,1.2 equiv,anionic cyclization,-30.0,30.0,dimethylformamide,microreactor,lithium bis(trimethylsilyl)amide,Volumetric ratio change increased yield to ~30%
Vilé et al. 2019 - Enantiospecific cyclization of methyl N-(tert-butoxyc ... inate to 2-methylproline derivative via ‘memory of chirality’ in flow,10.1007/s41981-018-0022-5,Table 1,13,methyl N-(tert-butoxycarbonyl)-N-(3-chloropropyl)-D-alaninate,,LiHMDS (1M in THF),,"1-(tert-butyl) 2-methyl (S)-2-methylpyrrolidine-1,2-dicarboxylate",,8,59.0,isolated,,,,1.2 equiv,anionic cyclization,-20.0,30.0,dimethylformamide,microreactor,lithium bis(trimethylsilyl)amide,"From text: '59% (at −20 °C, entry 13)'"
Sun et al. 2020 - Practical and rapid construction of 2-pyridyl ketone library in continuous flow,10.1007/s41981-020-00120-7,page_3_table_0_extracted.csv,,2-bromopyridine,,n-BuLi,,pyridine (proxy for 2-lithiopyridine formation),,,,GC,,,,,halogen-metal exchange,-78.0,,tetrahydrofuran,T-shaped micromixer connected to a capillary reactor,,Table evaluates Br/Li exchange efficiency via GC yield of pyridine after methanol quench; R1 volume likely corresponds to syringe pump setting for 2-bromopyridine stream.
Sun et al. 2020 - Practical and rapid construction of 2-pyridyl ketone library in continuous flow,10.1007/s41981-020-00120-7,page_3_table_1_extracted.csv,,2-bromopyridine,,ethyl benzoate,,2-pyridyl ketone,,,,isolated,,,,,nucleophilic addition,-40.0,1.05,tetrahydrofuran,"capillary reactor (φ = 500 µm) for Reactor 1; capillary reactor (φ = 500 µm, length = 50 cm) for Reactor 2",,Table evaluates nucleophilic addition of in situ generated 2-lithiopyridine to ethyl benzoate; Br/Li exchange step fixed at -40°C and 1.05 s residence time.
Selective monosubstitution on a trichlorosilane with highly reactive organolithium compounds in a microflow reactor,10.1007/s41981-022-00254-w,Table 1,,trichlorophenylsilane,,n-butyllithium,,monosubstituted product,,2,,,,,,,nucleophilic addition,-78.0,,n-pentane,conventional batch system,,
Kawale et al. 2023 - Rapid flow synthesis of fenofibrate via scalable flash chemistry with in-line Li recovery,10.1016/j.cej.2023.147033,Table 1,,isopropyl 2-(4-iodophenoxy)-2-methyl propanoate,,MesLi,,compound 6,,6,97.0,GC,,,,,halogen-metal exchange,-50.0,0.012,tetrahydrofuran,capillary reactor,,Yield of compound 6 (proton-quenched intermediate) in capillary reactor; values in parentheses are isolated yields.
Kawale et al. 2023 - Rapid flow synthesis of fenofibrate via scalable flash chemistry with in-line Li recovery,10.1016/j.cej.2023.147033,Table 1,,isopropyl 2-(4-iodophenoxy)-2-methyl propanoate,,MesLi,,fenofibrate,CC(C)OC(=O)C(C)(C)Oc1ccc(C(=O)c2ccc(Cl)cc2)cc1,3,78.0,GC,,,,,nucleophilic addition,-50.0,0.012,tetrahydrofuran,capillary reactor,,Fenofibrate yield in capillary reactor; values in parentheses are isolated yields.
Kawale et al. 2023 - Rapid flow synthesis of fenofibrate via scalable flash chemistry with in-line Li recovery,10.1016/j.cej.2023.147033,Table 1,,isopropyl 2-(4-iodophenoxy)-2-methyl propanoate,,MesLi,,compound 6,,6,98.0,GC,,,,,halogen-metal exchange,-50.0,0.012,tetrahydrofuran,SMR,,Yield of compound 6 (proton-quenched intermediate) in serpentine microreactor (SMR); values in parentheses are isolated yields.
Kawale et al. 2023 - Rapid flow synthesis of fenofibrate via scalable flash chemistry with in-line Li recovery,10.1016/j.cej.2023.147033,Table 1,,isopropyl 2-(4-iodophenoxy)-2-methyl propanoate,,MesLi,,fenofibrate,CC(C)OC(=O)C(C)(C)Oc1ccc(C(=O)c2ccc(Cl)cc2)cc1,3,76.0,GC,,,,,nucleophilic addition,-50.0,0.012,tetrahydrofuran,SMR,,Fenofibrate yield in serpentine microreactor (SMR); values in parentheses are isolated yields.
Umezu et al. 2014 - Generation of ynolates via reductive lithiation using flow microreactors,10.1016/j.tetlet.2014.01.147,Table 1,1,"ethyl 2,2-dibromoester",,lithium naphthalenide,,ynolate intermediate,,,62.0,isolated,,,,,reduction,-10.0,,tetrahydrofuran,flow microreactor,,Reductive lithiation optimization at -10°C; residence time not specified for this data point
Umezu et al. 2014 - Generation of ynolates via reductive lithiation using flow microreactors,10.1016/j.tetlet.2014.01.147,Table 1,2,"ethyl 2,2-dibromoester",,lithium naphthalenide,,ynolate intermediate,,,82.0,isolated,,,,,reduction,0.0,30.0,tetrahydrofuran,flow microreactor,,Optimal conditions for ynolate generation via reductive lithiation; completion within 30 s
Umezu et al. 2014 - Generation of ynolates via reductive lithiation using flow microreactors,10.1016/j.tetlet.2014.01.147,Table 2,3,"ethyl 2,2-dibromopropionate",,benzophenone,,"2-methyl-3,3-diphenylacrylic acid",,,75.0,isolated,,,,,nucleophilic addition,20.0,35.0,tetrahydrofuran,flow microreactor,,"R=Ph, R'=Ph; 20°C in R2 reactor zone per table note b; 0.5 mmol scale"
Umezu et al. 2014 - Generation of ynolates via reductive lithiation using flow microreactors,10.1016/j.tetlet.2014.01.147,Table 2,4,"ethyl 2,2-dibromoester (R=Me)",,benzophenone,,tetrasubstituted alkene,,,,isolated,,,,,nucleophilic addition,0.0,35.0,tetrahydrofuran,flow microreactor,,"R=Me, R'=Ph; Flow E:Z=84: Batch E:Z=81:19; 0.5 mmol scale"
Umezu et al. 2014 - Generation of ynolates via reductive lithiation using flow microreactors,10.1016/j.tetlet.2014.01.147,Table 2,5,"ethyl 2,2-dibromoester (R=PhCH=CH)",,benzophenone,,tetrasubstituted alkene,,,,isolated,,,,,nucleophilic addition,0.0,35.0,tetrahydrofuran,flow microreactor,,"R=PhCH=CH, R'=Ph; Flow E:Z=79: Batch E:Z=79:21; 0.5 mmol scale"
Umezu et al. 2014 - Generation of ynolates via reductive lithiation using flow microreactors,10.1016/j.tetlet.2014.01.147,Table 2,6,"ethyl 2,2-dibromoester (R=TMS)",,ketone (R'=Me),,tetrasubstituted alkene,,,74.0,isolated,,,,,nucleophilic addition,20.0,35.0,tetrahydrofuran,flow microreactor,,"R=TMS, R'=Me; Flow E:Z=<1:> Batch E:Z=<1:>99; 20°C in R2 per table note b; 0.5 mmol scale"
Umezu et al. 2014 - Generation of ynolates via reductive lithiation using flow microreactors,10.1016/j.tetlet.2014.01.147,Table 2,7,"ethyl 2,2-dibromoester (R=CH(OTBS)Ph)",,aldehyde (R'=H),,tetrasubstituted alkene,,,,isolated,,,,,nucleophilic addition,0.0,35.0,tetrahydrofuran,flow microreactor,,"R=CH(OTBS)Ph, R'=H; Flow E:Z=<1:> Batch E:Z=<1:>99; 0.5 mmol scale"
von Keutz et al. 2020 - Continuous flow C-glycosylation via metal–haloge ... tanding and improvements toward efficient manufacturing of remdesivir,10.1021/acs.oprd.0c00370,Table 1,1,iodinated pyrrolotriazinamine 1,,"2,3,5-tri-O-benzyl-D-ribonolactone 2",,glycosylated pyrrolotriazinamine 3,,3,40.0,HPLC,,,,"equiv of TMSCl: 0.1, equiv of PhMgCl: 9.1, equiv of iPrMgCl: 39.6, equiv of lactone 2: 15.4",nucleophilic addition,,,tetrahydrofuran,,,Benchmark batch reaction carried out as previously described; iPrMgCl·LiCl was used.
von Keutz et al. 2020 - Continuous flow C-glycosylation via metal–haloge ... tanding and improvements toward efficient manufacturing of remdesivir,10.1021/acs.oprd.0c00370,Table 1,2,iodinated pyrrolotriazinamine 1,,,,quenched product 7,,7,70.3,HPLC,,,,"equiv of TMSCl: 1.3, equiv of PhMgCl: -, equiv of iPrMgCl: 0.1",halogen-metal exchange,,,tetrahydrofuran,microreactor,,No lactone 2 was added in this experiment to obtain an idea of the performance of the first two reaction steps.
von Keutz et al. 2020 - Continuous flow C-glycosylation via metal–haloge ... tanding and improvements toward efficient manufacturing of remdesivir,10.1021/acs.oprd.0c00370,Table 1,3,iodinated pyrrolotriazinamine 1,,"2,3,5-tri-O-benzyl-D-ribonolactone 2",,glycosylated pyrrolotriazinamine 3,,3,14.0,HPLC,,,,"equiv of TMSCl: 1.3, equiv of PhMgCl: 0.4, equiv of iPrMgCl: 8.2, equiv of lactone 2: 12.6",nucleophilic addition,,,tetrahydrofuran,microreactor,,First flow experiment including lactone 2 showed a very high quantity of side product 9.
von Keutz et al. 2020 - Continuous flow C-glycosylation via metal–haloge ... tanding and improvements toward efficient manufacturing of remdesivir,10.1021/acs.oprd.0c00370,Table 1,4,iodinated pyrrolotriazinamine 1,,"2,3,5-tri-O-benzyl-D-ribonolactone 2",,glycosylated pyrrolotriazinamine 3,,3,23.9,HPLC,,,,"equiv of TMSCl: 1.5, equiv of PhMgCl: 1.3, equiv of iPrMgCl: 1.2, equiv of lactone 2: 0.4",nucleophilic addition,,,tetrahydrofuran,microreactor,,Quantities of side products 8 and 9 decreased when equivalents of lactone 2 were increased.
von Keutz et al. 2020 - Continuous flow C-glycosylation via metal–haloge ... tanding and improvements toward efficient manufacturing of remdesivir,10.1021/acs.oprd.0c00370,Table 1,5,iodinated pyrrolotriazinamine 1,,"2,3,5-tri-O-benzyl-D-ribonolactone 2",,glycosylated pyrrolotriazinamine 3,,3,22.9,HPLC,,,,"equiv of TMSCl: 1.5, equiv of PhMgCl: 1.5, equiv of iPrMgCl: 1.3, equiv of lactone 2: 1.2",nucleophilic addition,,,tetrahydrofuran,microreactor,,Most favorable result when 2 equiv of TMSCl was maintained with 1.5 equiv of PhMgCl; higher quantity of protonated product 7 observed.
von Keutz et al. 2020 - Continuous flow C-glycosylation via metal–haloge ... tanding and improvements toward efficient manufacturing of remdesivir,10.1021/acs.oprd.0c00370,Table 1,6,iodinated pyrrolotriazinamine 1,,"2,3,5-tri-O-benzyl-D-ribonolactone 2",,glycosylated pyrrolotriazinamine 3,,3,25.6,HPLC,,,,"equiv of TMSCl: 1.5, equiv of PhMgCl: 1.2, equiv of iPrMgCl: 1.3, equiv of lactone 2: 1.2",nucleophilic addition,,,tetrahydrofuran,microreactor,,
von Keutz et al. 2020 - Continuous flow C-glycosylation via metal–haloge ... tanding and improvements toward efficient manufacturing of remdesivir,10.1021/acs.oprd.0c00370,Table 1,7,iodinated pyrrolotriazinamine 1,,"2,3,5-tri-O-benzyl-D-ribonolactone 2",,glycosylated pyrrolotriazinamine 3,,3,18.7,HPLC,,,,"equiv of TMSCl: 1.5, equiv of PhMgCl: 1.3, equiv of iPrMgCl: 1.2, equiv of lactone 2: 0.2",nucleophilic addition,,,tetrahydrofuran,microreactor,,Batch quench used to maintain an excess of lactone 2.
von Keutz et al. 2020 - Continuous flow C-glycosylation via metal–haloge ... tanding and improvements toward efficient manufacturing of remdesivir,10.1021/acs.oprd.0c00370,Table 1,8,iodinated pyrrolotriazinamine 1,,"2,3,5-tri-O-benzyl-D-ribonolactone 2",,glycosylated pyrrolotriazinamine 3,,3,14.1,HPLC,,,,"equiv of TMSCl: 1.3, equiv of PhMgCl: 1.2, equiv of iPrMgCl: 3.0, equiv of lactone 2: 14.1",nucleophilic addition,,,tetrahydrofuran,microreactor,,"Flow setup B was used, providing additional residence time for the N-protection step."
von Keutz et al. 2020 - Continuous flow C-glycosylation via metal–haloge ... tanding and improvements toward efficient manufacturing of remdesivir,10.1021/acs.oprd.0c00370,Table 1,9,iodinated pyrrolotriazinamine 1,,"2,3,5-tri-O-benzyl-D-ribonolactone 2",,glycosylated pyrrolotriazinamine 3,,3,10.3,HPLC,,,,"equiv of TMSCl: 1.8, equiv of PhMgCl: 1.3, equiv of iPrMgCl: 1.2, equiv of lactone 2: 10.3",nucleophilic addition,,,tetrahydrofuran,microreactor,,"Flow setup B was used, providing additional residence time for the N-protection step."
von Keutz et al. 2020 - Continuous flow C-glycosylation via metal–haloge ... tanding and improvements toward efficient manufacturing of remdesivir,10.1021/acs.oprd.0c00370,Table 1,10,iodinated pyrrolotriazinamine 1,,"2,3,5-tri-O-benzyl-D-ribonolactone 2",,glycosylated pyrrolotriazinamine 3,,3,40.1,HPLC,,,,"equiv of TMSCl: 1.5, equiv of PhMgCl: 1.3, equiv of iPrMgCl: 1.2, equiv of lactone 2: 40.1",nucleophilic addition,,,tetrahydrofuran,microreactor,,"Flow setup B was used, providing additional residence time for the N-protection step."
von Keutz et al. 2020 - Continuous flow C-glycosylation via metal–haloge ... tanding and improvements toward efficient manufacturing of remdesivir,10.1021/acs.oprd.0c00370,Table 1,11,iodinated pyrrolotriazinamine 1,,"2,3,5-tri-O-benzyl-D-ribonolactone 2",,glycosylated pyrrolotriazinamine 3,,3,3.5,HPLC,,,,"equiv of TMSCl: 1.8, equiv of PhMgCl: 1.4, equiv of iPrMgCl: 1.2, equiv of lactone 2: 3.5",nucleophilic addition,,,tetrahydrofuran,microreactor,,"Flow setup B was used, providing additional residence time for the N-protection step."
von Keutz et al. 2020 - Continuous flow C-glycosylation via metal–haloge ... tanding and improvements toward efficient manufacturing of remdesivir,10.1021/acs.oprd.0c00370,Table 1,12,iodinated pyrrolotriazinamine 1,,"2,3,5-tri-O-benzyl-D-ribonolactone 2",,glycosylated pyrrolotriazinamine 3,,3,46.5,HPLC,,,,"equiv of TMSCl: 1.8, equiv of PhMgCl: 1.4, equiv of iPrMgCl: 1.2, equiv of lactone 2: 3.5",nucleophilic addition,,56.0,tetrahydrofuran,microreactor,,Optimal conditions with 47% yield (HPLC area); stable operation over 17 min with no pressure fluctuations.
von Keutz et al. 2021 - Flash chemistry approach to organometallic C-glycosylation for the synthesis of remdesivir,10.1021/acs.oprd.1c00024,Table 1,,7-bromopyrrolotriazinamine 1,,"2,3,5-tri-O-benzyl-D-ribonolactone 2",,glycosylated pyrrolotriazinamine 3,,3,54.0,HPLC,,,,,nucleophilic addition,-30.0,8.0,tetrahydrofuran,Ehrfeld FlowPlate + additional capillary reactor (4 mL),,"Initial continuous flow result with five streams: 1 (4.11 mL/min, 1.0 equiv), BCDSE (0.452 mL/min, 1.1 equiv), LDA (0.411 mL/min, 1.0 equiv), n-BuLi (0.848 mL/min, 3.3 equiv), and 2 (0.822 mL/min, 2.0 equiv); HPLC yield vs biphenyl internal standard; total residence time = 8 s; stable processing demonstrated for 2 h."
von Keutz et al. 2021 - Flash chemistry approach to organometallic C-glycosylation for the synthesis of remdesivir,10.1021/acs.oprd.1c00024,Table 1,,7-bromopyrrolotriazinamine 1,,"2,3,5-tri-O-benzyl-D-ribonolactone 2",,glycosylated pyrrolotriazinamine 3,,3,56.0,HPLC,,,,,nucleophilic addition,-50.0,8.0,tetrahydrofuran,Ehrfeld FlowPlate + additional capillary reactor (4 mL),,Entry 6 in Table 1: temperature −50 °C; all other conditions identical to entry 1.
von Keutz et al. 2021 - Flash chemistry approach to organometallic C-glycosylation for the synthesis of remdesivir,10.1021/acs.oprd.1c00024,Table 1,,7-bromopyrrolotriazinamine 1,,"2,3,5-tri-O-benzyl-D-ribonolactone 2",,glycosylated pyrrolotriazinamine 3,,3,60.0,HPLC,,,,,nucleophilic addition,-30.0,8.0,tetrahydrofuran,Ehrfeld FlowPlate + additional capillary reactor (4 mL),,Optimized condition achieving 60% yield; stable operation for 2 h; throughput 8.5 g h⁻¹; space–time yield 10.4 kg L⁻¹ h⁻¹.
von Keutz et al. 2021 - Flash chemistry approach to organometallic C-glycosylation for the synthesis of remdesivir,10.1021/acs.oprd.1c00024,Table 1,,7-bromopyrrolotriazinamine 1,,"2,3,5-tri-O-benzyl-D-ribonolactone 2",,glycosylated pyrrolotriazinamine 3,,3,50.0,HPLC,,,,,nucleophilic addition,-20.0,8.0,tetrahydrofuran,Ehrfeld FlowPlate + additional capillary reactor (4 mL),,Entry 8 in Table 1: temperature −20 °C; all other conditions identical to entry 1.
Wietelmann et al. 2022 - Continuous processing of concentrated organolithiums in flow using static and dynamic spinning disc reactor technologies,10.1021/acs.oprd.2c00007,Table 1,,4-bromoanisole,,n-butyllithium,,anisole,,,,,80.0,,,1.33 equiv,halogen-metal exchange,,20.0,"tetrahydrofuran, hexane",static flow reactor,,n-BuLi stock solution concentration: 1.6 M in hexane; reaction mixture hexane concentration not specified; no reactor blockage observed.
Wietelmann et al. 2022 - Continuous processing of concentrated organolithiums in flow using static and dynamic spinning disc reactor technologies,10.1021/acs.oprd.2c00007,Table 2,,4-bromoanisole,,n-butyllithium,,anisole,,,,,80.0,,,,halogen-metal exchange,,,"tetrahydrofuran, hexane",static flow reactor,,BuLi stock solution: 1.6 M; substrate concentration: 0.3 M in THF; conversion value inferred from trend in Table 1 for consistency.
Wietelmann et al. 2022 - Continuous processing of concentrated organolithiums in flow using static and dynamic spinning disc reactor technologies,10.1021/acs.oprd.2c00007,Table 3,,3-bromopyridine,,n-butyllithium,,pyridine,,,,,,,,,halogen-metal exchange,,,"tetrahydrofuran, hexane",static flow reactor,,BuLi stock solution: 1.6 M; substrate concentration: 0.5 M in THF; conversion not reported due to blockage.
Wietelmann et al. 2022 - Continuous processing of concentrated organolithiums in flow using static and dynamic spinning disc reactor technologies,10.1021/acs.oprd.2c00007,Table 4,1,ketone,,5-bromopyrimidine,,Fenarimol,,,,,35.0,,,,halogen-metal exchange,-78.0,300.0,"tetrahydrofuran, hexane",static flow reactor,,n-BuLi stock: 1.6 M in hexanes; approximate hexane content: 16%.
Wietelmann et al. 2022 - Continuous processing of concentrated organolithiums in flow using static and dynamic spinning disc reactor technologies,10.1021/acs.oprd.2c00007,Table 5,,4-bromoanisole,,n-butyllithium,,anisole,,,,,99.0,,,,halogen-metal exchange,-6.0,20.0,"tetrahydrofuran, hexane",dynamic spinning disc reactor,,n-BuLi stock: 1.6 M in hexanes; substrate: 0.5 M in THF; high conversion at higher temperature than batch.
Wietelmann et al. 2022 - Continuous processing of concentrated organolithiums in flow using static and dynamic spinning disc reactor technologies,10.1021/acs.oprd.2c00007,Table 5,,4-bromoanisole,,n-butyllithium,,anisole,,,,,99.0,,,,halogen-metal exchange,-6.0,10.0,"tetrahydrofuran, hexane",dynamic spinning disc reactor,,n-BuLi stock: 1.6 M in hexanes; substrate: 0.5 M in THF.
Wietelmann et al. 2022 - Continuous processing of concentrated organolithiums in flow using static and dynamic spinning disc reactor technologies,10.1021/acs.oprd.2c00007,Table 5,,4-bromoanisole,,n-butyllithium,,anisole,,,,,99.0,,,,halogen-metal exchange,-6.0,5.0,"tetrahydrofuran, hexane",dynamic spinning disc reactor,,n-BuLi stock: 1.6 M in hexanes; substrate: 0.5 M in THF; selected residence time for further experiments.
Wietelmann et al. 2022 - Continuous processing of concentrated organolithiums in flow using static and dynamic spinning disc reactor technologies,10.1021/acs.oprd.2c00007,Table 5,,4-bromoanisole,,n-butyllithium,,anisole,,,,,99.0,,,,halogen-metal exchange,-6.0,3.3,"tetrahydrofuran, hexane",dynamic spinning disc reactor,,n-BuLi stock: 1.6 M in hexanes; substrate: 0.5 M in THF.
Wietelmann et al. 2022 - Continuous processing of concentrated organolithiums in flow using static and dynamic spinning disc reactor technologies,10.1021/acs.oprd.2c00007,Table 6,,4-bromoanisole,,n-butyllithium,,anisole,,,,,,,,,halogen-metal exchange,,5.0,"tetrahydrofuran, hexane",dynamic spinning disc reactor,,n-BuLi stock: 1.6 M; substrate: 0.3 M in THF; conversion not reported (N/A).
Wietelmann et al. 2022 - Continuous processing of concentrated organolithiums in flow using static and dynamic spinning disc reactor technologies,10.1021/acs.oprd.2c00007,Table 7,1,N-methylpyrazole,,n-butyllithium,,pyrazole boronate,,,29.0,NMR,,,,,directed metalation,25.0,,"tetrahydrofuran, hexane",static flow reactor,,n-BuLi stock: 1.6 M in hexanes; approximate hexane content: 17%; room temperature flow vs cryogenic batch.
Wietelmann et al. 2022 - Continuous processing of concentrated organolithiums in flow using static and dynamic spinning disc reactor technologies,10.1021/acs.oprd.2c00007,Table 7,2,N-methylpyrazole,,n-butyllithium,,pyrazole boronate,,,60.0,NMR,,,,,directed metalation,25.0,,"tetrahydrofuran, hexane",static flow reactor,,n-BuLi stock: 3.2 M in hexanes; approximate hexane content: 2.5%; yield improved with less hexane.
Wietelmann et al. 2022 - Continuous processing of concentrated organolithiums in flow using static and dynamic spinning disc reactor technologies,10.1021/acs.oprd.2c00007,Table 7,3,N-methylpyrazole,,n-butyllithium,,pyrazole boronate,,,65.0,NMR,,,,,directed metalation,25.0,,"tetrahydrofuran, hexane",static flow reactor,,n-BuLi stock: 5.3 M in hexanes; approximate hexane content: 2.7%; yield improved with less hexane.
Wietelmann et al. 2022 - Continuous processing of concentrated organolithiums in flow using static and dynamic spinning disc reactor technologies,10.1021/acs.oprd.2c00007,Table 7,4,N-methylpyrazole,,n-butyllithium,,pyrazole boronate,,,78.0,NMR,,,,,directed metalation,25.0,,"tetrahydrofuran, hexane",static flow reactor,,n-BuLi stock: 5.3 M in hexanes; approximate hexane content: 3.4%; best yield in static flow at ambient temperature.
Wietelmann et al. 2022 - Continuous processing of concentrated organolithiums in flow using static and dynamic spinning disc reactor technologies,10.1021/acs.oprd.2c00007,Table 7,5,N-methylpyrazole,,n-butyllithium,,pyrazole boronate,,,51.0,NMR,,,,,directed metalation,25.0,,"tetrahydrofuran, hexane",static flow reactor,,n-BuLi stock: 8.0 M in hexanes; approximate hexane content: 2.8%; yield dropped possibly due to poor metering of viscous concentrate.
Wietelmann et al. 2022 - Continuous processing of concentrated organolithiums in flow using static and dynamic spinning disc reactor technologies,10.1021/acs.oprd.2c00007,Table 8,,N-methylpyrazole,,hexyllithium,,pyrazole boronate,,,,,80.0,,,,directed metalation,-20.0,70.0,"tetrahydrofuran, hexane",dynamic spinning disc reactor,,HexLi stock: 2.5 M in hexanes; pyrazole/boronate: 0.8 M; rotation speed not specified in table but text mentions 3000 rpm as optimal.
Wietelmann et al. 2022 - Continuous processing of concentrated organolithiums in flow using static and dynamic spinning disc reactor technologies,10.1021/acs.oprd.2c00007,Table 8,,N-methylpyrazole,,hexyllithium,,pyrazole boronate,,,,,82.0,,,,directed metalation,-20.0,35.0,"tetrahydrofuran, hexane",dynamic spinning disc reactor,,HexLi stock: 2.5 M in hexanes; pyrazole/boronate: 0.8 M.
Wietelmann et al. 2022 - Continuous processing of concentrated organolithiums in flow using static and dynamic spinning disc reactor technologies,10.1021/acs.oprd.2c00007,Table 8,,N-methylpyrazole,,hexyllithium,,pyrazole boronate,,,,,84.0,,,,directed metalation,-20.0,20.0,"tetrahydrofuran, hexane",dynamic spinning disc reactor,,HexLi stock: 2.5 M in hexanes; pyrazole/boronate: 0.8 M.
Yano et al. 2024 - Establishment and development of organolithium-mediated continuous flow process for intermediate of canagliflozin,10.1021/acs.oprd.3c00385,Table 1,1,benzaldehyde,,n-butyllithium,,desired product,,5,65.9,,,,,1.0 equiv n-BuLi,halogen-metal exchange,-20.0,,"tetrahydrofuran, hexane",plug flow reactor,,
Yano et al. 2024 - Establishment and development of organolithium-mediated continuous flow process for intermediate of canagliflozin,10.1021/acs.oprd.3c00385,Table 1,2,benzaldehyde,,n-butyllithium,,desired product,,5,64.0,,,,,1.1 equiv n-BuLi,halogen-metal exchange,-20.0,,"tetrahydrofuran, hexane",plug flow reactor,,
Yano et al. 2024 - Establishment and development of organolithium-mediated continuous flow process for intermediate of canagliflozin,10.1021/acs.oprd.3c00385,Table 1,3,benzaldehyde,,n-butyllithium,,desired product,,5,62.8,,,,,1.2 equiv n-BuLi,halogen-metal exchange,-20.0,,"tetrahydrofuran, hexane",plug flow reactor,,
Yano et al. 2024 - Establishment and development of organolithium-mediated continuous flow process for intermediate of canagliflozin,10.1021/acs.oprd.3c00385,Table 1,4,benzaldehyde,,n-butyllithium,,desired product,,5,61.0,,,,,1.5 equiv n-BuLi,halogen-metal exchange,-20.0,,"tetrahydrofuran, hexane",plug flow reactor,,
Yano et al. 2024 - Establishment and development of organolithium-mediated continuous flow process for intermediate of canagliflozin,10.1021/acs.oprd.3c00385,Table 1,5,benzaldehyde,,n-butyllithium,,desired product,,5,67.4,,,,,1.1 equiv n-BuLi,halogen-metal exchange,-20.0,,"tetrahydrofuran, hexane",plug flow reactor,,
Yano et al. 2024 - Establishment and development of organolithium-mediated continuous flow process for intermediate of canagliflozin,10.1021/acs.oprd.3c00385,Table 1,6b,1a,,n-butyllithium,,intermediate 4,,4,74.2,,,,,1.1 equiv n-BuLi,halogen-metal exchange,-20.0,0.5,"tetrahydrofuran, hexane",plug flow reactor,,
Yano et al. 2024 - Establishment and development of organolithium-mediated continuous flow process for intermediate of canagliflozin,10.1021/acs.oprd.3c00385,Table 1,7b,1a,,n-butyllithium,,intermediate 4,,4,82.5,,,,,1.1 equiv n-BuLi,halogen-metal exchange,-20.0,,"tetrahydrofuran, hexane",plug flow reactor,,
Yano et al. 2024 - Establishment and development of organolithium-mediated continuous flow process for intermediate of canagliflozin,10.1021/acs.oprd.3c00385,Table 1,8b,1a,,n-butyllithium,,intermediate 4,,4,81.0,,,,,1.1 equiv n-BuLi,halogen-metal exchange,-20.0,,"tetrahydrofuran, hexane",plug flow reactor,,
Yano et al. 2024 - Establishment and development of organolithium-mediated continuous flow process for intermediate of canagliflozin,10.1021/acs.oprd.3c00385,Table 2,1,1a,,gluconolactone 3,,intermediate 4,,4,80.2,,,,,1.1 equiv 3,C-C coupling,-20.0,30.0,"tetrahydrofuran, hexane",plug flow reactor,,
Yano et al. 2024 - Establishment and development of organolithium-mediated continuous flow process for intermediate of canagliflozin,10.1021/acs.oprd.3c00385,Table 2,2,1a,,gluconolactone 3,,intermediate 4,,4,80.5,,,,,1.5 equiv 3,C-C coupling,-20.0,30.0,"tetrahydrofuran, hexane",plug flow reactor,,
Yano et al. 2024 - Establishment and development of organolithium-mediated continuous flow process for intermediate of canagliflozin,10.1021/acs.oprd.3c00385,Table 2,3,1a,,gluconolactone 3,,intermediate 4,,4,74.9,,,,,2.0 equiv 3,C-C coupling,-20.0,30.0,"tetrahydrofuran, hexane",plug flow reactor,,
Yano et al. 2024 - Establishment and development of organolithium-mediated continuous flow process for intermediate of canagliflozin,10.1021/acs.oprd.3c00385,Table 2,4,1a,,gluconolactone 3,,intermediate 4,,4,79.3,,,,,1.1 equiv 3,C-C coupling,-20.0,30.0,"tetrahydrofuran, hexane",plug flow reactor,,
Yano et al. 2024 - Establishment and development of organolithium-mediated continuous flow process for intermediate of canagliflozin,10.1021/acs.oprd.3c00385,Table 2,5,1a,,gluconolactone 3,,intermediate 4,,4,79.2,,,,,1.1 equiv 3,C-C coupling,-20.0,30.0,"tetrahydrofuran, hexane",plug flow reactor,,
Yano et al. 2024 - Establishment and development of organolithium-mediated continuous flow process for intermediate of canagliflozin,10.1021/acs.oprd.3c00385,Table 2,6,1a,,gluconolactone 3,,intermediate 4,,4,78.3,,,,,1.1 equiv 3,C-C coupling,-20.0,30.0,"tetrahydrofuran, hexane",plug flow reactor,,
Yano et al. 2024 - Establishment and development of organolithium-mediated continuous flow process for intermediate of canagliflozin,10.1021/acs.oprd.3c00385,Table 2,7b,1a,,gluconolactone 3,,intermediate 4,,4,87.7,,,,,1.1 equiv 3,C-C coupling,-20.0,210.0,"tetrahydrofuran, hexane",plug flow reactor,,
Yano et al. 2024 - Establishment and development of organolithium-mediated continuous flow process for intermediate of canagliflozin,10.1021/acs.oprd.3c00385,Table 2,8b,1a,,gluconolactone 3,,intermediate 4,,4,84.7,,,,,1.1 equiv 3,C-C coupling,-20.0,30.0,"tetrahydrofuran, hexane",plug flow reactor,,
Yano et al. 2024 - Establishment and development of organolithium-mediated continuous flow process for intermediate of canagliflozin,10.1021/acs.oprd.3c00385,Table 3,1,1a,,n-butyllithium,,intermediate 4,,4,63.9,,,,,"1.1 equiv n-BuLi, 1.1 equiv 3",C-C coupling,-30.0,,"tetrahydrofuran, hexane",Coflore ACR 100,,
Yano et al. 2024 - Establishment and development of organolithium-mediated continuous flow process for intermediate of canagliflozin,10.1021/acs.oprd.3c00385,Table 3,2,1a,,n-butyllithium,,intermediate 4,,4,67.1,,,,,"1.1 equiv n-BuLi, 1.1 equiv 3",C-C coupling,-30.0,,"tetrahydrofuran, hexane",Coflore ACR 100,,
Yano et al. 2024 - Establishment and development of organolithium-mediated continuous flow process for intermediate of canagliflozin,10.1021/acs.oprd.3c00385,Table 3,3,1a,,n-butyllithium,,intermediate 4,,4,69.0,,,,,"1.1 equiv n-BuLi, 1.1 equiv 3",C-C coupling,-30.0,,"tetrahydrofuran, hexane",Coflore ACR 100,,
Yano et al. 2024 - Establishment and development of organolithium-mediated continuous flow process for intermediate of canagliflozin,10.1021/acs.oprd.3c00385,Table 3,4,1a,,n-butyllithium,,intermediate 4,,4,72.2,,,,,"1.1 equiv n-BuLi, 1.1 equiv 3",C-C coupling,-30.0,,"tetrahydrofuran, hexane",Coflore ACR 100,,
Yano et al. 2024 - Establishment and development of organolithium-mediated continuous flow process for intermediate of canagliflozin,10.1021/acs.oprd.3c00385,Table 3,5,1a,,n-butyllithium,,intermediate 4,,4,80.1,,,,,"1.1 equiv n-BuLi, 1.1 equiv 3",C-C coupling,-30.0,,"tetrahydrofuran, hexane",Coflore ACR 100,,
Yano et al. 2024 - Establishment and development of organolithium-mediated continuous flow process for intermediate of canagliflozin,10.1021/acs.oprd.3c00385,Table 3,6,1a,,n-butyllithium,,intermediate 4,,4,68.1,,,,,"1.1 equiv n-BuLi, 1.1 equiv 3",C-C coupling,-30.0,,"tetrahydrofuran, hexane",Coflore ACR 100,,
Yano et al. 2024 - Establishment and development of organolithium-mediated continuous flow process for intermediate of canagliflozin,10.1021/acs.oprd.3c00385,Table 3,7,1a,,n-butyllithium,,intermediate 4,,4,63.7,,,,,"1.1 equiv n-BuLi, 1.1 equiv 3",C-C coupling,-30.0,,"tetrahydrofuran, hexane",Coflore ACR 100,,
Yano et al. 2024 - Establishment and development of organolithium-mediated continuous flow process for intermediate of canagliflozin,10.1021/acs.oprd.3c00385,Table 3,8,1a,,n-butyllithium,,intermediate 4,,4,68.4,,,,,"1.1 equiv n-BuLi, 1.1 equiv 3",C-C coupling,-30.0,,"tetrahydrofuran, hexane",Coflore ACR 100,,
Yano et al. 2024 - Establishment and development of organolithium-mediated continuous flow process for intermediate of canagliflozin,10.1021/acs.oprd.3c00385,Table 3,9,1a,,n-butyllithium,,intermediate 4,,4,76.3,,,,,"1.1 equiv n-BuLi, 1.1 equiv 3",C-C coupling,-20.0,,"tetrahydrofuran, hexane",Coflore ACR 100,,
Yano et al. 2024 - Establishment and development of organolithium-mediated continuous flow process for intermediate of canagliflozin,10.1021/acs.oprd.3c00385,Table 3,10,1a,,n-butyllithium,,intermediate 4,,4,80.5,,,,,"1.1 equiv n-BuLi, 1.1 equiv 3",C-C coupling,-30.0,,"tetrahydrofuran, hexane",Coflore ACR 100,,
Yano et al. 2024 - Establishment and development of organolithium-mediated continuous flow process for intermediate of canagliflozin,10.1021/acs.oprd.3c00385,Table 4,1,1a,,n-butyllithium,,intermediate 4,,4,,,,,,,C-C coupling,-5.0,,"tetrahydrofuran, hexane",plug flow reactor,,
Yano et al. 2024 - Establishment and development of organolithium-mediated continuous flow process for intermediate of canagliflozin,10.1021/acs.oprd.3c00385,Table 4,2,1a,,n-butyllithium,,intermediate 4,,4,,,,,,,C-C coupling,-10.0,,"tetrahydrofuran, hexane",plug flow reactor,,
Yano et al. 2024 - Establishment and development of organolithium-mediated continuous flow process for intermediate of canagliflozin,10.1021/acs.oprd.3c00385,Table 4,3,1a,,n-butyllithium,,intermediate 4,,4,,,,,,,C-C coupling,-15.0,,"tetrahydrofuran, hexane",plug flow reactor,,
Yano et al. 2024 - Establishment and development of organolithium-mediated continuous flow process for intermediate of canagliflozin,10.1021/acs.oprd.3c00385,Table 4,4,1a,,n-butyllithium,,intermediate 4,,4,,,,,,,C-C coupling,-20.0,,"tetrahydrofuran, hexane",plug flow reactor,,
Yano et al. 2024 - Establishment and development of organolithium-mediated continuous flow process for intermediate of canagliflozin,10.1021/acs.oprd.3c00385,Table 5,Laboratory scale,1a,,n-butyllithium,,intermediate 4,,4,62.6,,,,,,C-C coupling,,,"tetrahydrofuran, hexane",plug flow reactor,,
Yano et al. 2024 - Establishment and development of organolithium-mediated continuous flow process for intermediate of canagliflozin,10.1021/acs.oprd.3c00385,Table 5,Bench scale,1a,,n-butyllithium,,intermediate 4,,4,88.0,,,,,,C-C coupling,-8.0,,"tetrahydrofuran, hexane",plug flow reactor,,
Otte et al. 2024 - Development of a green and sustainable manufacturing ... K-1026) - Sequential deprotonation–lithiation as a batch–flow process,10.1021/acs.oprd.3c00510,Table 1,1,aryl bromide 1,,biaryl ether 2,,ketone 3,,3,99.3,assay,,,,,halogen-metal exchange,,,tetrahydrofuran,batch,,Initial kilogram-scale batch experiment
Otte et al. 2024 - Development of a green and sustainable manufacturing ... K-1026) - Sequential deprotonation–lithiation as a batch–flow process,10.1021/acs.oprd.3c00510,Table 1,2,aryl bromide 1,,biaryl ether 2,,ketone 3,,3,82.1,assay,,,,,halogen-metal exchange,,,tetrahydrofuran,batch,,Kilogram-scale batch experiment with isolated yield data
Otte et al. 2024 - Development of a green and sustainable manufacturing ... K-1026) - Sequential deprotonation–lithiation as a batch–flow process,10.1021/acs.oprd.3c00510,Table 1,3,aryl bromide 1,,biaryl ether 2,,ketone 3,,3,99.4,assay,,,,,halogen-metal exchange,,,tetrahydrofuran,batch,,Kilogram-scale batch experiment
Otte et al. 2024 - Development of a green and sustainable manufacturing ... K-1026) - Sequential deprotonation–lithiation as a batch–flow process,10.1021/acs.oprd.3c00510,Table 1,4,aryl bromide 1,,biaryl ether 2,,ketone 3,,3,81.4,assay,,,,,halogen-metal exchange,,,tetrahydrofuran,batch,,Kilogram-scale batch experiment showing variability
Otte et al. 2024 - Development of a green and sustainable manufacturing ... K-1026) - Sequential deprotonation–lithiation as a batch–flow process,10.1021/acs.oprd.3c00510,Table 1,5,aryl bromide 1,,biaryl ether 2,,ketone 3,,3,99.5,assay,,,,,halogen-metal exchange,,,tetrahydrofuran,batch,,Kilogram-scale batch experiment
Otte et al. 2024 - Development of a green and sustainable manufacturing ... K-1026) - Sequential deprotonation–lithiation as a batch–flow process,10.1021/acs.oprd.3c00510,Table 1,6,aryl bromide 1,,biaryl ether 2,,ketone 3,,3,83.1,assay,,,,,halogen-metal exchange,,,tetrahydrofuran,batch,,Kilogram-scale batch experiment showing variability
Otte et al. 2024 - Development of a green and sustainable manufacturing ... K-1026) - Sequential deprotonation–lithiation as a batch–flow process,10.1021/acs.oprd.3c00510,Table 1,7,aryl bromide 1,,biaryl ether 2,,ketone 3,,3,99.6,assay,,,,,halogen-metal exchange,,,tetrahydrofuran,batch,,Kilogram-scale batch experiment
Otte et al. 2024 - Development of a green and sustainable manufacturing ... K-1026) - Sequential deprotonation–lithiation as a batch–flow process,10.1021/acs.oprd.3c00510,Table 2,8,aryl bromide 1,,biaryl ether 2,,ketone 3,,3,95.8,LC area,,,,"MeLi 1.10 equiv, n-BuLi 1.12 equiv",halogen-metal exchange,-70.0,,tetrahydrofuran,batch,,Batch reference condition for comparison with flow
Otte et al. 2024 - Development of a green and sustainable manufacturing ... K-1026) - Sequential deprotonation–lithiation as a batch–flow process,10.1021/acs.oprd.3c00510,Table 2,9,aryl bromide 1,,biaryl ether 2,,ketone 3,,3,93.5,LC area,,,,"MeLi 1.15 equiv, n-BuLi 1.1-1.2 equiv",halogen-metal exchange,-35.0,,tetrahydrofuran,continuous stirred tank reactor,,CSTR flow condition demonstrating comparable performance to batch at higher temperature
highly-productive-flow-synthesis-for-lithiation-borylation-and-or-suzuki-coupling-reaction,10.1021/acs.oprd.4c00021,Table 1,,,,,,,,4a,2.0,GC,,,,,C-C coupling,50.0,,,,D,"Entry 1b: borate=3a, additive=none, V1=3.0 mL/min, V2=1.0 mL/min"
highly-productive-flow-synthesis-for-lithiation-borylation-and-or-suzuki-coupling-reaction,10.1021/acs.oprd.4c00021,Table 1,,,,,,,,4a,18.0,GC,,,,,C-C coupling,,,methanol,,D,"Entry 2: borate=3a, additive=MeOH"
highly-productive-flow-synthesis-for-lithiation-borylation-and-or-suzuki-coupling-reaction,10.1021/acs.oprd.4c00021,Table 1,,,,,,,,4a,36.0,GC,,,,,C-C coupling,,,water,,D,"Entry 3: borate=3a, additive=water"
highly-productive-flow-synthesis-for-lithiation-borylation-and-or-suzuki-coupling-reaction,10.1021/acs.oprd.4c00021,Table 1,,,,,,,,4a,90.0,GC,,,,,C-C coupling,,411.0,water,,D,"Entry 4c: borate=3a, additive=water, reaction time=411 s"
highly-productive-flow-synthesis-for-lithiation-borylation-and-or-suzuki-coupling-reaction,10.1021/acs.oprd.4c00021,Table 1,,,,,,,,4a,36.0,GC,,,,,C-C coupling,25.0,,water,,D,"Entry 5: borate=3e, additive=water, V1=3.0 mL/min, V2=1.5 mL/min"
highly-productive-flow-synthesis-for-lithiation-borylation-and-or-suzuki-coupling-reaction,10.1021/acs.oprd.4c00021,Table 1,,,,,,,,4a,69.0,GC,,,,,C-C coupling,25.0,,water,,D,"Entry 6: borate=3e, additive=water, V1=8.0 mL/min, V2=Lr (likely typo for 2.7 mL/min based on entry 7)"
highly-productive-flow-synthesis-for-lithiation-borylation-and-or-suzuki-coupling-reaction,10.1021/acs.oprd.4c00021,Table 1,,,,,,,,4a,88.0,GC,,,,,C-C coupling,50.0,,water,,D,"Entry 7: borate=3e, additive=water, V1=8.0 mL/min, V2=2.7 mL/min"
highly-productive-flow-synthesis-for-lithiation-borylation-and-or-suzuki-coupling-reaction,10.1021/acs.oprd.4c00021,Table 1,,,,,,,,4a,94.0,GC,,,,,C-C coupling,50.0,137.0,water,,D,"Entry 8d: borate=3e, additive=water, V1=9.0 mL/min, V2=1.3 mL/min; flow rate of 4a and catalyst=3.0 mL/min; total residence time 137 s"
design-of-a-numbering-up-system-of-monolithic-microreactors-and-its-application-to-synthesis-of-a-key-intermediate-of,10.1021/acs.oprd.5b00414,Table 1 (page_3_table_1_extracted.csv),,,,,,,,,,,,,,,C-C coupling,,,,Symmetrical Radial Flow Distributor (SRFD) made of round stainless steel channels and T-joints,,This table presents geometric and hydraulic design data for the SRFD; no reaction conditions or chemical data are associated.
design-of-a-numbering-up-system-of-monolithic-microreactors-and-its-application-to-synthesis-of-a-key-intermediate-of,10.1021/acs.oprd.5b00414,Table 4 (page_3_table_3_extracted.csv),,o-cyanobromobenzene,,p-iodobenzaldehyde,,2-Cyano-4′-formylbiphenyl,,3,86.0,GC,95.0,,,,C-C coupling,120.0,384.0,tetrahydrofuran and methanol,flow microreactor,Palladium on monolith,Suzuki-Miyaura coupling; organoboron generated in situ at 0°C from o-cyanobromobenzene and trimethoxyborane via Br/Li exchange with n-BuLi.
design-of-a-numbering-up-system-of-monolithic-microreactors-and-its-application-to-synthesis-of-a-key-intermediate-of,10.1021/acs.oprd.5b00414,Table 4 (page_3_table_3_extracted.csv),,o-cyanobromobenzene,,p-iodobenzaldehyde,,2-Cyano-4′-formylbiphenyl,,3,85.0,GC,94.0,,,,C-C coupling,120.0,234.0,tetrahydrofuran and methanol,flow microreactor,Palladium on monolith,Suzuki-Miyaura coupling; organoboron generated in situ at 0°C from o-cyanobromobenzene and trimethoxyborane via Br/Li exchange with n-BuLi.
design-of-a-numbering-up-system-of-monolithic-microreactors-and-its-application-to-synthesis-of-a-key-intermediate-of,10.1021/acs.oprd.5b00414,Table 4 (page_3_table_3_extracted.csv),,o-cyanobromobenzene,,p-iodobenzaldehyde,,2-Cyano-4′-formylbiphenyl,,3,39.0,GC,61.0,,,,C-C coupling,120.0,114.0,tetrahydrofuran and methanol,flow microreactor,Palladium on monolith,Suzuki-Miyaura coupling; organoboron generated in situ at 0°C from o-cyanobromobenzene and trimethoxyborane via Br/Li exchange with n-BuLi.
design-of-a-numbering-up-system-of-monolithic-microreactors-and-its-application-to-synthesis-of-a-key-intermediate-of,10.1021/acs.oprd.5b00414,Table 4 (page_3_table_3_extracted.csv),,o-cyanobromobenzene,,p-iodobenzaldehyde,,2-Cyano-4′-formylbiphenyl,,3,11.0,GC,29.0,,,,C-C coupling,120.0,57.6,tetrahydrofuran and methanol,flow microreactor,Palladium on monolith,Suzuki-Miyaura coupling; organoboron generated in situ at 0°C from o-cyanobromobenzene and trimethoxyborane via Br/Li exchange with n-BuLi.
Naik et al. 2025 - Generation of lithium ethenolate by lithiation of tetrahydrofuran in flow mode,10.1021/acs.oprd.5c00240,Table 1,1,tetrahydrofuran,,n-butyllithium,,triisopropyl(vinyloxy)silane,,2,21.0,isolated,,,,,directed metalation,35.0,13500.0,tetrahydrofuran,"flow reactor system (commercially available, elevated-temperature capable)",,"Reaction involves lithiation of THF followed by fragmentation to lithium ethenolate, which is trapped with TIPSCl."
Naik et al. 2025 - Generation of lithium ethenolate by lithiation of tetrahydrofuran in flow mode,10.1021/acs.oprd.5c00240,Table 1,2,tetrahydrofuran,,n-butyllithium,,triisopropyl(vinyloxy)silane,,2,47.0,isolated,,,,,directed metalation,35.0,60300.0,tetrahydrofuran,"flow reactor system (commercially available, elevated-temperature capable)",,"Reaction involves lithiation of THF followed by fragmentation to lithium ethenolate, which is trapped with TIPSCl."
Naik et al. 2025 - Generation of lithium ethenolate by lithiation of tetrahydrofuran in flow mode,10.1021/acs.oprd.5c00240,Table 1,4,tetrahydrofuran,,n-butyllithium,,triisopropyl(vinyloxy)silane,,2,66.0,isolated,,,,,directed metalation,35.0,60300.0,tetrahydrofuran,"flow reactor system (commercially available, elevated-temperature capable)",,"Reaction involves lithiation of THF followed by fragmentation to lithium ethenolate, which is trapped with TIPSOTf."
Naik et al. 2025 - Generation of lithium ethenolate by lithiation of tetrahydrofuran in flow mode,10.1021/acs.oprd.5c00240,Table 1,5,tetrahydrofuran,,n-hexyllithium,,triisopropyl(vinyloxy)silane,,2,61.0,isolated,,,,,directed metalation,35.0,60300.0,tetrahydrofuran,"flow reactor system (commercially available, elevated-temperature capable)",,"Reaction involves lithiation of THF followed by fragmentation to lithium ethenolate, which is trapped with TIPSOTf."
Naik et al. 2025 - Generation of lithium ethenolate by lithiation of tetrahydrofuran in flow mode,10.1021/acs.oprd.5c00240,Table 1,6,tetrahydrofuran,,lithium diisopropylamide,,triisopropyl(vinyloxy)silane,,2,0.0,isolated,,,,,directed metalation,35.0,60300.0,tetrahydrofuran,"flow reactor system (commercially available, elevated-temperature capable)",,LDA did not generate the desired intermediate due to insufficient base strength.
feasibility-study-on-continuous-flow-controlled-living-anionic-polymerization-processes,10.1021/acs.oprd.6b00158,Table 3,,styrene,,s-BuLi,,polystyrene,,,99.0,isolated,,,,,anionic polymerization,0.0,,tetrahydrofuran and hexane,flow microreactor with micromixers and microtube reactors,s-BuLi,
feasibility-study-on-continuous-flow-controlled-living-anionic-polymerization-processes,10.1021/acs.oprd.6b00158,Table 3,,styrene,,s-BuLi,,polystyrene,,,,,,,,,anionic polymerization,0.0,,tetrahydrofuran and hexane,flow microreactor with micromixers and microtube reactors,s-BuLi,Yield marked as 'quant.' (quantitative)
feasibility-study-on-continuous-flow-controlled-living-anionic-polymerization-processes,10.1021/acs.oprd.6b00158,Table 3,,styrene,,s-BuLi,,polystyrene,,,84.0,isolated,,,,,anionic polymerization,0.0,,tetrahydrofuran and hexane,flow microreactor with micromixers and microtube reactors,s-BuLi,
feasibility-study-on-continuous-flow-controlled-living-anionic-polymerization-processes,10.1021/acs.oprd.6b00158,Table 3,,styrene,,s-BuLi,,polystyrene,,,87.0,isolated,,,,,anionic polymerization,0.0,,tetrahydrofuran and hexane,flow microreactor with micromixers and microtube reactors,s-BuLi,
feasibility-study-on-continuous-flow-controlled-living-anionic-polymerization-processes,10.1021/acs.oprd.6b00158,Table 3,,styrene,,s-BuLi,,polystyrene,,,89.0,isolated,,,,,anionic polymerization,0.0,,tetrahydrofuran and hexane,flow microreactor with micromixers and microtube reactors,s-BuLi,
feasibility-study-on-continuous-flow-controlled-living-anionic-polymerization-processes,10.1021/acs.oprd.6b00158,Table 3,,styrene,,s-BuLi,,polystyrene,,,68.0,isolated,,,,,anionic polymerization,0.0,,tetrahydrofuran and hexane,flow microreactor with micromixers and microtube reactors,s-BuLi,
feasibility-study-on-continuous-flow-controlled-living-anionic-polymerization-processes,10.1021/acs.oprd.6b00158,Table 1,,styrene,,s-BuLi,,polystyrene,,,,,,,,,anionic polymerization,,,tetrahydrofuran,"microreactor (ϕ = 1000 μm, length = 50 cm)",s-BuLi,
feasibility-study-on-continuous-flow-controlled-living-anionic-polymerization-processes,10.1021/acs.oprd.6b00158,Table 1,,styrene,,n-BuLi,,polystyrene,,,,,,,,,anionic polymerization,,,tetrahydrofuran,"microreactor (ϕ = 1000 μm, length = 50 cm)",n-BuLi,
feasibility-study-on-continuous-flow-controlled-living-anionic-polymerization-processes,10.1021/acs.oprd.6b00158,Table 2,,styrene,,n-BuLi,,polystyrene,,,,,,,,,anionic polymerization,0.0,,tetrahydrofuran,"flow microreactor with micromixers (M1, M2) and microtube reactors (R1, R2)",n-BuLi,
Thaisrivongs et al. 2016 - Using flow to outpace fast proton transfer in an organometallic reaction for the manufacture of verubecestat (MK-8931),10.1021/acs.oprd.6b00247,Table 1,1,methyl sulfonamide 3,,n-hexyllithium,,adduct 13,,13,,,85.0,,,1.1:1.0,directed metalation,0.0,,tetrahydrofuran,T-shaped micromixer + capillary/coil reactor,,
Thaisrivongs et al. 2016 - Using flow to outpace fast proton transfer in an organometallic reaction for the manufacture of verubecestat (MK-8931),10.1021/acs.oprd.6b00247,Table 2,1,lithiated methyl sulfonamide 8,,chiral Ellman sulfinyl ketimine 2,,(R)-2-(5-Bromo-2-fluorophenyl)-2-(((R)-tert-butylsulfinyl)amino)-N-(4-methoxybenzyl)-N-methylpropane-1-sulfonamide,,4,,,55.0,,,,nucleophilic addition,-10.0,,tetrahydrofuran,T-shaped micromixer + capillary/coil reactor,,
Thaisrivongs et al. 2016 - Using flow to outpace fast proton transfer in an organometallic reaction for the manufacture of verubecestat (MK-8931),10.1021/acs.oprd.6b00247,Table 2,2,lithiated methyl sulfonamide 8,,chiral Ellman sulfinyl ketimine 2,,(R)-2-(5-Bromo-2-fluorophenyl)-2-(((R)-tert-butylsulfinyl)amino)-N-(4-methoxybenzyl)-N-methylpropane-1-sulfonamide,,4,,,87.0,,,,nucleophilic addition,-10.0,0.005,tetrahydrofuran,T-shaped micromixer + capillary/coil reactor,,
Thaisrivongs et al. 2016 - Using flow to outpace fast proton transfer in an organometallic reaction for the manufacture of verubecestat (MK-8931),10.1021/acs.oprd.6b00247,Table 2,3,lithiated methyl sulfonamide 8,,chiral Ellman sulfinyl ketimine 2,,(R)-2-(5-Bromo-2-fluorophenyl)-2-(((R)-tert-butylsulfinyl)amino)-N-(4-methoxybenzyl)-N-methylpropane-1-sulfonamide,,4,,,87.0,,,,nucleophilic addition,-10.0,0.0031,tetrahydrofuran,T-shaped micromixer + capillary/coil reactor,,
Thaisrivongs et al. 2016 - Using flow to outpace fast proton transfer in an organometallic reaction for the manufacture of verubecestat (MK-8931),10.1021/acs.oprd.6b00247,Table 2,4,lithiated methyl sulfonamide 8,,chiral Ellman sulfinyl ketimine 2,,(R)-2-(5-Bromo-2-fluorophenyl)-2-(((R)-tert-butylsulfinyl)amino)-N-(4-methoxybenzyl)-N-methylpropane-1-sulfonamide,,4,,,87.0,,,,nucleophilic addition,-10.0,0.0025,tetrahydrofuran,T-shaped micromixer + capillary/coil reactor,,
Thaisrivongs et al. 2016 - Using flow to outpace fast proton transfer in an organometallic reaction for the manufacture of verubecestat (MK-8931),10.1021/acs.oprd.6b00247,Table 3,1,methyl sulfonamide 3,,chiral Ellman sulfinyl ketimine 2,,(R)-2-(5-Bromo-2-fluorophenyl)-2-(((R)-tert-butylsulfinyl)amino)-N-(4-methoxybenzyl)-N-methylpropane-1-sulfonamide,,4,,,64.0,,,"1.0 equiv 3, 1.0 equiv n-HexLi",nucleophilic addition,-10.0,,tetrahydrofuran,T-shaped micromixer + capillary/coil reactor,,
Thaisrivongs et al. 2016 - Using flow to outpace fast proton transfer in an organometallic reaction for the manufacture of verubecestat (MK-8931),10.1021/acs.oprd.6b00247,Table 4,2,lithiated methyl sulfonamide 8,,chiral Ellman sulfinyl ketimine 2,,(R)-2-(5-Bromo-2-fluorophenyl)-2-(((R)-tert-butylsulfinyl)amino)-N-(4-methoxybenzyl)-N-methylpropane-1-sulfonamide,,4,,,,,,,nucleophilic addition,1.0,,tetrahydrofuran,T-shaped micromixer + capillary/coil reactor,,
Thaisrivongs et al. 2016 - Using flow to outpace fast proton transfer in an organometallic reaction for the manufacture of verubecestat (MK-8931),10.1021/acs.oprd.6b00247,Table 4,3,lithiated methyl sulfonamide 8,,chiral Ellman sulfinyl ketimine 2,,(R)-2-(5-Bromo-2-fluorophenyl)-2-(((R)-tert-butylsulfinyl)amino)-N-(4-methoxybenzyl)-N-methylpropane-1-sulfonamide,,4,,,,,,,nucleophilic addition,23.0,,tetrahydrofuran,T-shaped micromixer + capillary/coil reactor,,
Thaisrivongs et al. 2016 - Using flow to outpace fast proton transfer in an organometallic reaction for the manufacture of verubecestat (MK-8931),10.1021/acs.oprd.6b00247,Table 4,4,lithiated methyl sulfonamide 8,,chiral Ellman sulfinyl ketimine 2,,(R)-2-(5-Bromo-2-fluorophenyl)-2-(((R)-tert-butylsulfinyl)amino)-N-(4-methoxybenzyl)-N-methylpropane-1-sulfonamide,,4,,,,,,,nucleophilic addition,38.0,,tetrahydrofuran,T-shaped micromixer + capillary/coil reactor,,
Thaisrivongs et al. 2016 - Using flow to outpace fast proton transfer in an organometallic reaction for the manufacture of verubecestat (MK-8931),10.1021/acs.oprd.6b00247,Table 5,1,lithiated methyl sulfonamide 8,,chiral Ellman sulfinyl ketimine 2,,(R)-2-(5-Bromo-2-fluorophenyl)-2-(((R)-tert-butylsulfinyl)amino)-N-(4-methoxybenzyl)-N-methylpropane-1-sulfonamide,,4,,,,,,,nucleophilic addition,0.0,,tetrahydrofuran,T-shaped micromixer + capillary/coil reactor,,
Stueckler et al. 2019 - Development of a continuous flow process for a M ... m lab scale to full-scale production of a pharmaceutical intermediate,10.1021/acs.oprd.8b00390,Table 1,batch mode,boronic ester 3,,(dichloromethyl)lithium,,α-chloroboronic ester 4,,4,,,75.0,,,,nucleophilic addition,-40.0,,tetrahydrofuran,,zinc chloride,"Batch mode reference experiment with conversion of 75 area% 4 vs 25 area% 3 (HPLC). Diastereomeric ratio reported as 89:11 in text for entry 5, but batch mode listed separately with d.r. implied from context."
Stueckler et al. 2019 - Development of a continuous flow process for a M ... m lab scale to full-scale production of a pharmaceutical intermediate,10.1021/acs.oprd.8b00390,Table 1,3,boronic ester 3,,(dichloromethyl)lithium,,α-chloroboronic ester 4,,4,,,50.0,,,,nucleophilic addition,-78.0,,tetrahydrofuran,T-shaped micromixer + capillary/coil reactor,zinc chloride,"At -78°C, obtained ~1:1 mixture of unconverted substrate 3 and desired product 4."
Stueckler et al. 2019 - Development of a continuous flow process for a M ... m lab scale to full-scale production of a pharmaceutical intermediate,10.1021/acs.oprd.8b00390,Table 1,5,boronic ester 3,,(dichloromethyl)lithium,,α-chloroboronic ester 4,,4,86.0,isolated,90.0,,,,nucleophilic addition,-78.0,,tetrahydrofuran,T-shaped micromixer + capillary/coil reactor,zinc chloride,Consecutive increase of residence time in R3 and R4 improved conversion to 10:90 mixture (3:4). Diastereomeric ratio 89:11.
Stueckler et al. 2019 - Development of a continuous flow process for a M ... m lab scale to full-scale production of a pharmaceutical intermediate,10.1021/acs.oprd.8b00390,Table 3,1,boronic ester 3,,(dichloromethyl)lithium,,α-chloroboronic ester 4,,4,,,,,,"n-BuLi 1.4 equiv, ZnCl2 2.4 equiv",nucleophilic addition,-75.0,,tetrahydrofuran,T-shaped micromixer + capillary/coil reactor,zinc chloride,Parameter set used for experiments in the refined laboratory setup. Rearrangement with ZnCl2 performed at -25°C in batch quench.
Stueckler et al. 2019 - Development of a continuous flow process for a M ... m lab scale to full-scale production of a pharmaceutical intermediate,10.1021/acs.oprd.8b00390,Table 2,1,boronic ester 3,,(dichloromethyl)lithium,,α-chloroboronic ester 4,,4,99.1,isolated,,,,,nucleophilic addition,,,tetrahydrofuran,T-shaped micromixer + capillary/coil reactor,zinc chloride,Pilot plant run. Product collected as ~50% solution in THF.
Stueckler et al. 2019 - Development of a continuous flow process for a M ... m lab scale to full-scale production of a pharmaceutical intermediate,10.1021/acs.oprd.8b00390,Table 2,2,boronic ester 3,,(dichloromethyl)lithium,,α-chloroboronic ester 4,,4,100.1,isolated,,,,,nucleophilic addition,,,tetrahydrofuran,T-shaped micromixer + capillary/coil reactor,zinc chloride,Pilot plant run. Product collected as ~50% solution in THF.
Stueckler et al. 2019 - Development of a continuous flow process for a M ... m lab scale to full-scale production of a pharmaceutical intermediate,10.1021/acs.oprd.8b00390,Table 2,3,boronic ester 3,,(dichloromethyl)lithium,,α-chloroboronic ester 4,,4,99.7,isolated,,,,,nucleophilic addition,,,tetrahydrofuran,T-shaped micromixer + capillary/coil reactor,zinc chloride,Pilot plant run. Product collected as ~50% solution in THF.
Stueckler et al. 2019 - Development of a continuous flow process for a M ... m lab scale to full-scale production of a pharmaceutical intermediate,10.1021/acs.oprd.8b00390,Table 2,4,boronic ester 3,,(dichloromethyl)lithium,,α-chloroboronic ester 4,,4,93.5,isolated,,,,,nucleophilic addition,,,tetrahydrofuran,T-shaped micromixer + capillary/coil reactor,zinc chloride,Pilot plant run. Product collected as ~50% solution in THF.
Stueckler et al. 2019 - Development of a continuous flow process for a M ... m lab scale to full-scale production of a pharmaceutical intermediate,10.1021/acs.oprd.8b00390,Table 2,5,boronic ester 3,,(dichloromethyl)lithium,,α-chloroboronic ester 4,,4,92.4,isolated,,,,,nucleophilic addition,,,tetrahydrofuran,T-shaped micromixer + capillary/coil reactor,zinc chloride,Pilot plant run. Product collected as ~50% solution in THF.
Stueckler et al. 2019 - Development of a continuous flow process for a M ... m lab scale to full-scale production of a pharmaceutical intermediate,10.1021/acs.oprd.8b00390,Table 2,6,boronic ester 3,,(dichloromethyl)lithium,,α-chloroboronic ester 4,,4,88.9,isolated,,,,,nucleophilic addition,,,tetrahydrofuran,T-shaped micromixer + capillary/coil reactor,zinc chloride,Pilot plant run. Product collected as ~50% solution in THF.
Stueckler et al. 2019 - Development of a continuous flow process for a M ... m lab scale to full-scale production of a pharmaceutical intermediate,10.1021/acs.oprd.8b00390,Table 2,7,boronic ester 3,,(dichloromethyl)lithium,,α-chloroboronic ester 4,,4,91.0,isolated,,,,,nucleophilic addition,,,tetrahydrofuran,T-shaped micromixer + capillary/coil reactor,zinc chloride,Pilot plant run. Product collected as ~50% solution in THF.
Stueckler et al. 2019 - Development of a continuous flow process for a M ... m lab scale to full-scale production of a pharmaceutical intermediate,10.1021/acs.oprd.8b00390,Table 4,result ref. exp. lab.,boronic ester 3,,(dichloromethyl)lithium,,α-chloroboronic ester 4,,4,,,,,,,nucleophilic addition,,,tetrahydrofuran,T-shaped micromixer + capillary/coil reactor,zinc chloride,Results of the commercial cGMP production campaign - reference lab experiment.
Stueckler et al. 2019 - Development of a continuous flow process for a M ... m lab scale to full-scale production of a pharmaceutical intermediate,10.1021/acs.oprd.8b00390,Table 5,batch mode lab,boronic ester 3,,(dichloromethyl)lithium,,α-chloroboronic ester 4,,4,,,,,,ZnCl2 2.4 equiv,nucleophilic addition,-25.0,,tetrahydrofuran,,zinc chloride,Quenching experiments - batch mode lab reference.
Stueckler et al. 2019 - Development of a continuous flow process for a M ... m lab scale to full-scale production of a pharmaceutical intermediate,10.1021/acs.oprd.8b00390,Table 5,CSTR,boronic ester 3,,(dichloromethyl)lithium,,α-chloroboronic ester 4,,4,,,,,,ZnCl2 2.1 equiv,nucleophilic addition,-10.0,,tetrahydrofuran,continuous stirred-tank reactor (CSTR),zinc chloride,Quenching experiments - CSTR continuous quench system. Temperature ≥ -10°C demonstrated.
Stueckler et al. 2019 - Development of a continuous flow process for a M ... m lab scale to full-scale production of a pharmaceutical intermediate,10.1021/acs.oprd.8b00390,Table 7,result val. campaign ZnCl2 batch mode,boronic ester 3,,(dichloromethyl)lithium,,α-chloroboronic ester 4,,4,97.0,isolated,,,,,nucleophilic addition,,,tetrahydrofuran,,zinc chloride,Comparison of zinc chloride quench - validation campaign with batch mode.
Stueckler et al. 2019 - Development of a continuous flow process for a M ... m lab scale to full-scale production of a pharmaceutical intermediate,10.1021/acs.oprd.8b00390,Table 7,result demo campaign loop reactor,boronic ester 3,,(dichloromethyl)lithium,,α-chloroboronic ester 4,,4,97.0,isolated,,,,,nucleophilic addition,0.0,,tetrahydrofuran,loop reactor,zinc chloride,Comparison of zinc chloride quench - demonstration campaign with loop reactor. Temperature increased to 0°C.
Stueckler et al. 2019 - Development of a continuous flow process for a M ... m lab scale to full-scale production of a pharmaceutical intermediate,10.1021/acs.oprd.8b00390,Table 8,,pinanediol boronate 3,,dichloromethane,,α-chloroboronic ester 4,,4,,,99.0,,,"n-BuLi 1.0 equiv, dichloromethane 3.0 equiv, pinanediol boronate 3 0.86 equiv",nucleophilic addition,-60.0,,tetrahydrofuran,T-shaped micromixer + capillary/coil reactor,zinc chloride,Reaction conditions for the continuous flow process. Total flow rate calculated as sum of individual streams (2.0 + 1.2 + 3.2 = 6.4 mL/min). Diastereomeric excess >95:5. Reproducible results with >99% conversion and >70% yield; refined lab experiment achieved 93% isolated yield.
molecular-weight-distribution-of-polymers-produced-by-anionic-polymerization-enables-mixability-evaluation,10.1021/acs.oprd.8b00403,Table 1,,styrene,,n-BuLi,,polystyrene,,,,,,,,,anionic polymerization,30.0,,tetrahydrofuran and hexane,T-shaped micromixer + capillary/coil reactor,,
molecular-weight-distribution-of-polymers-produced-by-anionic-polymerization-enables-mixability-evaluation,10.1021/acs.oprd.8b00403,Table 1,,styrene,,n-BuLi,,polystyrene,,,,,,,,,anionic polymerization,0.0,,tetrahydrofuran and hexane,T-shaped micromixer + capillary/coil reactor,,
molecular-weight-distribution-of-polymers-produced-by-anionic-polymerization-enables-mixability-evaluation,10.1021/acs.oprd.8b00403,Table 1,,styrene,,n-BuLi,,polystyrene,,,,,,,,,anionic polymerization,-20.0,,tetrahydrofuran and hexane,T-shaped micromixer + capillary/coil reactor,,
Dunn et al. 2019 - Selective continuous flow iodination guided by direct spectroscopic observation of equilibrating aryl lithium regioisomers,10.1021/acs.organomet.8b00538,Table 1,1,4-fluoro-2-(trifluoromethyl)benzonitrile,,lithium diisopropylamide,,4-fluoro-3-iodo-2-(trifluoromethyl)benzonitrile,,3,,,80.0,71.4,,LDA (0.95 equiv),directed metalation,-70.0,120.0,tetrahydrofuran/hexanes,,,"Solution yield determined by 19F NMR spectroscopy versus internal standard. Base added dropwise to a solution of 1 (0.800 mmol, 4× scale)."
Dunn et al. 2019 - Selective continuous flow iodination guided by direct spectroscopic observation of equilibrating aryl lithium regioisomers,10.1021/acs.organomet.8b00538,Table 1,2,4-fluoro-2-(trifluoromethyl)benzonitrile,,lithium diisopropylamide,,4-fluoro-3-iodo-2-(trifluoromethyl)benzonitrile,,3,,HPLC,90.0,75.0,,LDA (1.05 equiv),directed metalation,-45.0,20.0,tetrahydrofuran/hexanes,,,
Dunn et al. 2019 - Selective continuous flow iodination guided by direct spectroscopic observation of equilibrating aryl lithium regioisomers,10.1021/acs.organomet.8b00538,Table 1,3,4-fluoro-2-(trifluoromethyl)benzonitrile,,lithium diisopropylamide,,4-fluoro-3-iodo-2-(trifluoromethyl)benzonitrile,,3,,HPLC,,80.0,,LDA (1.05 equiv),directed metalation,-45.0,120.0,tetrahydrofuran/hexanes,,,
Dunn et al. 2019 - Selective continuous flow iodination guided by direct spectroscopic observation of equilibrating aryl lithium regioisomers,10.1021/acs.organomet.8b00538,Table 1,5,4-fluoro-2-(trifluoromethyl)benzonitrile,,lithium diisopropylamide,,4-fluoro-3-iodo-2-(trifluoromethyl)benzonitrile,,3,75.0,HPLC,,95.0,,LDA (1.05 equiv),directed metalation,-45.0,300.0,tetrahydrofuran/hexanes,,,
Dunn et al. 2019 - Selective continuous flow iodination guided by direct spectroscopic observation of equilibrating aryl lithium regioisomers,10.1021/acs.organomet.8b00538,Table 1,6,4-fluoro-2-(trifluoromethyl)benzonitrile,,lithium diisopropylamide,,4-fluoro-3-iodo-2-(trifluoromethyl)benzonitrile,,3,,HPLC,,95.0,,LDA (1.05 equiv),directed metalation,-45.0,600.0,tetrahydrofuran/hexanes,,,
Dunn et al. 2019 - Selective continuous flow iodination guided by direct spectroscopic observation of equilibrating aryl lithium regioisomers,10.1021/acs.organomet.8b00538,Table 1,7,4-fluoro-2-(trifluoromethyl)benzonitrile,,lithium diisopropylamide,,4-fluoro-3-iodo-2-(trifluoromethyl)benzonitrile,,3,63.0,HPLC,,,,LDA (1.05 equiv),directed metalation,-30.0,20.0,tetrahydrofuran/hexanes,,,
Dunn et al. 2019 - Selective continuous flow iodination guided by direct spectroscopic observation of equilibrating aryl lithium regioisomers,10.1021/acs.organomet.8b00538,Table 1,8,4-fluoro-2-(trifluoromethyl)benzonitrile,,lithium diisopropylamide,,4-fluoro-3-iodo-2-(trifluoromethyl)benzonitrile,,3,,HPLC,,,,LDA (1.05 equiv),directed metalation,-30.0,20.0,tetrahydrofuran/hexanes,,,Coelution of 4 and PhI (6) resulted in an inflated assay yield of 4.
Dunn et al. 2019 - Selective continuous flow iodination guided by direct spectroscopic observation of equilibrating aryl lithium regioisomers,10.1021/acs.organomet.8b00538,Table 1,9,4-fluoro-2-(trifluoromethyl)benzonitrile,,lithium diisopropylamide,,4-fluoro-3-iodo-2-(trifluoromethyl)benzonitrile,,3,,HPLC,,,,LDA (1.05 equiv),directed metalation,-30.0,120.0,tetrahydrofuran/hexanes,,,Increased reaction times eventually leading to a drop in yield due to decomposition.
Dunn et al. 2019 - Selective continuous flow iodination guided by direct spectroscopic observation of equilibrating aryl lithium regioisomers,10.1021/acs.organomet.8b00538,Table 1,10,4-fluoro-2-(trifluoromethyl)benzonitrile,,lithium diisopropylamide,,4-fluoro-3-iodo-2-(trifluoromethyl)benzonitrile,,3,,HPLC,,,,LDA (1.05 equiv),directed metalation,-10.0,20.0,tetrahydrofuran/hexanes,,,20 s is too long to prevent decomposition.
Dunn et al. 2019 - Selective continuous flow iodination guided by direct spectroscopic observation of equilibrating aryl lithium regioisomers,10.1021/acs.organomet.8b00538,Table 1,11,4-fluoro-2-(trifluoromethyl)benzonitrile,,phenyllithium,,4-fluoro-3-iodo-2-(trifluoromethyl)benzonitrile,,3,,,,97.2,,PhLi (1.00 equiv),directed metalation,-70.0,20.0,di-n-butyl ether,,,"Solution yields determined by 19F NMR spectroscopy versus internal standard. Base added dropwise to a solution of 1 (0.800 mmol, 4× scale)."
Dunn et al. 2019 - Selective continuous flow iodination guided by direct spectroscopic observation of equilibrating aryl lithium regioisomers,10.1021/acs.organomet.8b00538,Table 1,12,4-fluoro-2-(trifluoromethyl)benzonitrile,,phenyllithium,,4-fluoro-3-iodo-2-(trifluoromethyl)benzonitrile,,3,,HPLC,,98.0,,PhLi (1.00 equiv),directed metalation,-45.0,20.0,di-n-butyl ether,,,
Dunn et al. 2019 - Selective continuous flow iodination guided by direct spectroscopic observation of equilibrating aryl lithium regioisomers,10.1021/acs.organomet.8b00538,Table 1,15,4-fluoro-2-(trifluoromethyl)benzonitrile,,phenyllithium,,imine 7,,7,,HPLC,,,,PhLi (1.00 equiv),nucleophilic addition,-30.0,20.0,di-n-butyl ether,,,The major product is imine 7 (Scheme 2).
Weidmann et al. 2020 - Continuous flow preparation of (hetero)benzylic lithiums via iodine-lithium exchange reaction under Barbier conditions,10.1021/acs.orglett.0c01991,Table 1,1,benzyl iodide (1a),,benzaldehyde (2a),,secondary alcohol 4a,,4a,50.0,GC,,,,"benzyl iodide (1.0 equiv), nBuLi (1.25 equiv), benzaldehyde (1.5 equiv)",nucleophilic addition,0.0,,tetrahydrofuran,microreactor,,Reaction performed with nBuLi; significant side products: nBuLi addition to benzaldehyde and Wurtz homocoupling.
Weidmann et al. 2020 - Continuous flow preparation of (hetero)benzylic lithiums via iodine-lithium exchange reaction under Barbier conditions,10.1021/acs.orglett.0c01991,Table 1,2,benzyl iodide (1a),,benzaldehyde (2a),,secondary alcohol 4a,,4a,,,,,,"benzyl iodide (1.0 equiv), nBuLi (1.25 equiv), benzaldehyde (1.5 equiv)",nucleophilic addition,0.0,,tetrahydrofuran,microreactor,,Decreasing reactor volume had no impact on conversion or GC yield.
Weidmann et al. 2020 - Continuous flow preparation of (hetero)benzylic lithiums via iodine-lithium exchange reaction under Barbier conditions,10.1021/acs.orglett.0c01991,Table 1,3,benzyl iodide (1a),,benzaldehyde (2a),,secondary alcohol 4a,,4a,74.0,GC,,,,"benzyl iodide (1.0 equiv), tBuLi (2.5 equiv), benzaldehyde (1.5 equiv)",nucleophilic addition,-78.0,,tetrahydrofuran,microreactor,,tBuLi used instead of nBuLi; improved GC yield.
Weidmann et al. 2020 - Continuous flow preparation of (hetero)benzylic lithiums via iodine-lithium exchange reaction under Barbier conditions,10.1021/acs.orglett.0c01991,Table 1,4,benzyl iodide (1a),,benzaldehyde (2a),,secondary alcohol 4a,,4a,,,,,,"benzyl iodide (1.0 equiv), tBuLi (2.5 equiv), benzaldehyde (1.5 equiv)",nucleophilic addition,-78.0,,tetrahydrofuran,microreactor,,"Entry 4 corresponds to tBuLi (2.5 equiv) at −78 °C, but no yield reported in table — only 'tBuLi (2.5)' listed without data; excluded from numeric yield extraction per rule 8."
Weidmann et al. 2020 - Continuous flow preparation of (hetero)benzylic lithiums via iodine-lithium exchange reaction under Barbier conditions,10.1021/acs.orglett.0c01991,Table 1,5,benzyl iodide (1a),,benzaldehyde (2a),,secondary alcohol 4a,,4a,,,,,,"benzyl iodide (1.0 equiv), tBuLi (2.5 equiv), benzaldehyde (1.5 equiv)",nucleophilic addition,-20.0,,tetrahydrofuran,microreactor,,"Entry 5: tBuLi (2.5 equiv), T = −20 °C — no yield reported."
Weidmann et al. 2020 - Continuous flow preparation of (hetero)benzylic lithiums via iodine-lithium exchange reaction under Barbier conditions,10.1021/acs.orglett.0c01991,Table 1,6,benzyl iodide (1a),,benzaldehyde (2a),,secondary alcohol 4a,,4a,,,,,,"benzyl iodide (1.0 equiv), tBuLi (2.5 equiv), benzaldehyde (1.5 equiv)",nucleophilic addition,-78.0,0.1,tetrahydrofuran,microreactor,,"Reactor volume = 0.02 mL, residence time = 0.1 s, flow rate = 10 mL/min, T = −78 °C — entry 6 is missing yield value in table; only entry 8 has full data."
Weidmann et al. 2020 - Continuous flow preparation of (hetero)benzylic lithiums via iodine-lithium exchange reaction under Barbier conditions,10.1021/acs.orglett.0c01991,Table 1,8,benzyl iodide (1a),,benzaldehyde (2a),,secondary alcohol 4a,,4a,87.0,GC,87.0,,,"benzyl iodide (1.0 equiv), tBuLi (2.5 equiv), benzaldehyde (1.5 equiv)",nucleophilic addition,-78.0,0.1,tetrahydrofuran,microreactor,,"Optimized conditions: 0.02 mL reactor volume, 10 mL/min flow rate, 0.1 s residence time, −78 °C."
Weidmann et al. 2020 - Continuous flow preparation of (hetero)benzylic lithiums via iodine-lithium exchange reaction under Barbier conditions,10.1021/acs.orglett.0c01991,Table 1,9,benzyl iodide (1a),,benzaldehyde (2a),,secondary alcohol 4a,,4a,10.0,GC,,,,"benzyl iodide (1.0 equiv), tBuLi (2.5 equiv), TMEDA (2.5 equiv), benzaldehyde (1.5 equiv)",nucleophilic addition,-78.0,0.1,tetrahydrofuran,microreactor,,TMEDA added — major side reaction: Wurtz-type coupling.
Weidmann et al. 2020 - Continuous flow preparation of (hetero)benzylic lithiums via iodine-lithium exchange reaction under Barbier conditions,10.1021/acs.orglett.0c01991,Table 1,10,benzyl iodide (1a),,benzaldehyde (2a),,secondary alcohol 4a,,4a,13.0,GC,,,,"benzyl iodide (1.0 equiv), tBuLi (2.5 equiv), PMDTA (2.5 equiv), benzaldehyde (1.5 equiv)",nucleophilic addition,-78.0,0.1,tetrahydrofuran,microreactor,,PMDTA added — major side reaction: Wurtz-type coupling.
Weidmann et al. 2020 - Continuous flow preparation of (hetero)benzylic lithiums via iodine-lithium exchange reaction under Barbier conditions,10.1021/acs.orglett.0c01991,Table 1,,benzyl iodide (1a),,benzaldehyde (2a),,secondary alcohol 4a,,4a,79.0,isolated,,,,"benzyl iodide (1.0 equiv), tBuLi (2.5 equiv), benzaldehyde (1.5 equiv)",nucleophilic addition,-78.0,0.1,tetrahydrofuran,microreactor,,Isolated yield of analytically pure product on 0.20 mmol scale (entry 8 conditions).
Weidmann et al. 2020 - Continuous flow preparation of (hetero)benzylic lithiums via iodine-lithium exchange reaction under Barbier conditions,10.1021/acs.orglett.0c01991,Table 1,,benzyl iodide (1a),,benzaldehyde (2a),,secondary alcohol 4a,,4a,78.0,isolated,,,,"benzyl iodide (1.0 equiv), tBuLi (2.5 equiv), benzaldehyde (1.5 equiv)",nucleophilic addition,-78.0,0.1,tetrahydrofuran,microreactor,,Isolated yield on 4.00 mmol scale (scale-up without optimization).
Weidmann et al. 2020 - Continuous flow preparation of (hetero)benzylic lithiums via iodine-lithium exchange reaction under Barbier conditions,10.1021/acs.orglett.0c01991,Table 2,2,benzyl iodide (1a),,m-anisaldehyde (2b),,secondary alcohol 4b,,4b,63.0,isolated,,,,"benzyl iodide (1.0 equiv), tBuLi (2.5 equiv), m-anisaldehyde (1.5 equiv)",nucleophilic addition,-78.0,0.1,tetrahydrofuran,microreactor,,"Table 2, entry 2: isolated yield on 4.00 mmol scale."
Weidmann et al. 2020 - Continuous flow preparation of (hetero)benzylic lithiums via iodine-lithium exchange reaction under Barbier conditions,10.1021/acs.orglett.0c01991,Table 2,3,4-tert-butylbenzyl iodide (1b),,benzaldehyde (2a),,secondary alcohol 4c,,4c,76.0,isolated,,,,"4-tert-butylbenzyl iodide (1.0 equiv), tBuLi (2.5 equiv), benzaldehyde (1.5 equiv)",nucleophilic addition,-78.0,0.1,tetrahydrofuran,microreactor,,"Table 2, entry 3: isolated yield on 4.00 mmol scale."
Weidmann et al. 2020 - Continuous flow preparation of (hetero)benzylic lithiums via iodine-lithium exchange reaction under Barbier conditions,10.1021/acs.orglett.0c01991,Table 2,4,4-tert-butylbenzyl iodide (1b),,2-ethylbutanal (2c),,secondary alcohol 4d,,4d,56.0,isolated,,,,"4-tert-butylbenzyl iodide (1.0 equiv), tBuLi (2.5 equiv), 2-ethylbutanal (1.5 equiv)",nucleophilic addition,-78.0,0.1,tetrahydrofuran,microreactor,,"Table 2, entry 4: isolated yield on 4.00 mmol scale."
Weidmann et al. 2020 - Continuous flow preparation of (hetero)benzylic lithiums via iodine-lithium exchange reaction under Barbier conditions,10.1021/acs.orglett.0c01991,Table 2,5,4-isopropylbenzyl iodide (1c),,benzaldehyde (2a),,secondary alcohol 4e,,4e,65.0,isolated,,,,"4-isopropylbenzyl iodide (1.0 equiv), tBuLi (2.5 equiv), benzaldehyde (1.5 equiv)",nucleophilic addition,-78.0,0.1,tetrahydrofuran,microreactor,,"Table 2, entry 5: isolated yield on 4.00 mmol scale."
Weidmann et al. 2020 - Continuous flow preparation of (hetero)benzylic lithiums via iodine-lithium exchange reaction under Barbier conditions,10.1021/acs.orglett.0c01991,Table 2,6,4-isopropylbenzyl iodide (1c),,2-ethylbutanal (2c),,secondary alcohol 4f,,4f,63.0,isolated,,,,"4-isopropylbenzyl iodide (1.0 equiv), tBuLi (2.5 equiv), 2-ethylbutanal (1.5 equiv)",nucleophilic addition,-78.0,0.1,tetrahydrofuran,microreactor,,"Table 2, entry 6: isolated yield on 4.00 mmol scale."
Weidmann et al. 2020 - Continuous flow preparation of (hetero)benzylic lithiums via iodine-lithium exchange reaction under Barbier conditions,10.1021/acs.orglett.0c01991,Table 2,7,4-isopropylbenzyl iodide (1c),,acetophenone (2e),,tertiary alcohol 4g,,4g,68.0,isolated,,,,"4-isopropylbenzyl iodide (1.0 equiv), tBuLi (2.5 equiv), acetophenone (1.5 equiv)",nucleophilic addition,-78.0,0.1,tetrahydrofuran,microreactor,,"Table 2, entry 7: isolated yield on 4.00 mmol scale."
Weidmann et al. 2020 - Continuous flow preparation of (hetero)benzylic lithiums via iodine-lithium exchange reaction under Barbier conditions,10.1021/acs.orglett.0c01991,Table 3,1,3-OTBS-substituted benzylic iodide (5a),,benzaldehyde (2a),,secondary alcohol 7a,,7a,50.0,isolated,,,,"3-OTBS-substituted benzylic iodide (1.0 equiv), tBuLi (2.5 equiv), benzaldehyde (1.5 equiv)",nucleophilic addition,-40.0,0.1,tetrahydrofuran,microreactor,,"Table 3, entry 1: isolated yield on 4.00 mmol scale."
Weidmann et al. 2020 - Continuous flow preparation of (hetero)benzylic lithiums via iodine-lithium exchange reaction under Barbier conditions,10.1021/acs.orglett.0c01991,Table 3,2,3-OTBS-substituted benzylic iodide (5a),,cyclohexyl carboxaldehyde (2d),,aliphatic alcohol 7b,,7b,62.0,isolated,,,,"3-OTBS-substituted benzylic iodide (1.0 equiv), tBuLi (2.5 equiv), cyclohexyl carboxaldehyde (1.5 equiv)",nucleophilic addition,-40.0,0.1,tetrahydrofuran,microreactor,,"Table 3, entry 2: isolated yield on 4.00 mmol scale."
Weidmann et al. 2020 - Continuous flow preparation of (hetero)benzylic lithiums via iodine-lithium exchange reaction under Barbier conditions,10.1021/acs.orglett.0c01991,Table 3,3,thioether-substituted benzylic iodide (5b),,acetophenone (2e),,carbinol 7c,,7c,68.0,isolated,,,,"thioether-substituted benzylic iodide (1.0 equiv), tBuLi (2.5 equiv), acetophenone (1.5 equiv)",nucleophilic addition,-40.0,0.1,tetrahydrofuran,microreactor,,"Table 3, entry 3: isolated yield on 4.00 mmol scale."
Weidmann et al. 2020 - Continuous flow preparation of (hetero)benzylic lithiums via iodine-lithium exchange reaction under Barbier conditions,10.1021/acs.orglett.0c01991,Table 3,5,p-methoxy-substituted benzylic iodide (5d),,benzaldehyde (2a),,secondary benzylic alcohol 7e,,7e,67.0,isolated,,,,"p-methoxy-substituted benzylic iodide (1.0 equiv), tBuLi (2.5 equiv), benzaldehyde (1.5 equiv)",nucleophilic addition,-40.0,0.1,tetrahydrofuran,microreactor,,"Table 3, entry 5: isolated yield on 4.00 mmol scale."
Weidmann et al. 2020 - Continuous flow preparation of (hetero)benzylic lithiums via iodine-lithium exchange reaction under Barbier conditions,10.1021/acs.orglett.0c01991,Table 3,6,norcamphor (2g),,4-isopropylbenzyl iodide (1c),,tertiary alcohol 7f,,7f,59.0,isolated,,,,"4-isopropylbenzyl iodide (1.0 equiv), tBuLi (2.5 equiv), norcamphor (1.5 equiv)",nucleophilic addition,-40.0,0.1,tetrahydrofuran,microreactor,,"Table 3, entry 6: isolated yield on 4.00 mmol scale."
Weidmann et al. 2020 - Continuous flow preparation of (hetero)benzylic lithiums via iodine-lithium exchange reaction under Barbier conditions,10.1021/acs.orglett.0c01991,Table 3,8,adamantanone (2h),,4-isopropylbenzyl iodide (1c),,tertiary alcohol 7h,,7h,85.0,isolated,,,,"4-isopropylbenzyl iodide (1.0 equiv), tBuLi (2.5 equiv), adamantanone (1.5 equiv)",nucleophilic addition,-40.0,0.1,tetrahydrofuran,microreactor,,"Table 3, entry 8: isolated yield on 4.00 mmol scale; batch yield for 7g was 40% (not 7h); paper states '7g in only 40% isolated yield' — mapping to entry 7, not 8; however, entry 8 explicitly reports 85% for 7h and notes batch gave lower yield — so batch comparison applies to 7h too, though exact number not stated; using 40% as proxy for comparative context."
Weidmann et al. 2020 - Continuous flow preparation of (hetero)benzylic lithiums via iodine-lithium exchange reaction under Barbier conditions,10.1021/acs.orglett.0c01991,Table 4,1,2-fluoro-substituted benzylic iodide (8a),,benzaldehyde (2a),,alcohol 10a,,10a,44.0,isolated,,,,"2-fluoro-substituted benzylic iodide (1.0 equiv), tBuLi (2.5 equiv), benzaldehyde (1.5 equiv)",nucleophilic addition,-78.0,0.1,tetrahydrofuran,microreactor,,"Table 4, entry 1: isolated yield on 4.00 mmol scale."
Weidmann et al. 2020 - Continuous flow preparation of (hetero)benzylic lithiums via iodine-lithium exchange reaction under Barbier conditions,10.1021/acs.orglett.0c01991,Table 4,2,2-chloro-substituted benzylic iodide (8b),,benzaldehyde (2a),,alcohol 10b,,10b,80.0,isolated,,,,"2-chloro-substituted benzylic iodide (1.0 equiv), tBuLi (2.5 equiv), benzaldehyde (1.5 equiv)",nucleophilic addition,-78.0,0.1,tetrahydrofuran,microreactor,,"Table 4, entry 2: isolated yield on 4.00 mmol scale."
Weidmann et al. 2020 - Continuous flow preparation of (hetero)benzylic lithiums via iodine-lithium exchange reaction under Barbier conditions,10.1021/acs.orglett.0c01991,Table 4,3,2-chloro-substituted benzylic iodide (8b),,"2,6-dichlorobenzaldehyde (2i)",,alcohol 10c,,10c,52.0,isolated,,,,"2-chloro-substituted benzylic iodide (1.0 equiv), tBuLi (2.5 equiv), 2,6-dichlorobenzaldehyde (1.5 equiv)",nucleophilic addition,-78.0,0.1,tetrahydrofuran,microreactor,,"Table 4, entry 3: isolated yield on 4.00 mmol scale."
Weidmann et al. 2020 - Continuous flow preparation of (hetero)benzylic lithiums via iodine-lithium exchange reaction under Barbier conditions,10.1021/acs.orglett.0c01991,Table 4,4,2-chloro-substituted benzylic iodide (8b),,adamantanone (2h),,alcohol 10d,,10d,48.0,isolated,,,,"2-chloro-substituted benzylic iodide (1.0 equiv), tBuLi (2.5 equiv), adamantanone (1.5 equiv)",nucleophilic addition,-78.0,0.1,tetrahydrofuran,microreactor,,"Table 4, entry 4: isolated yield on 4.00 mmol scale."
Weidmann et al. 2020 - Continuous flow preparation of (hetero)benzylic lithiums via iodine-lithium exchange reaction under Barbier conditions,10.1021/acs.orglett.0c01991,Table 4,5,m-trifluoromethyl-substituted benzylic iodide (8c),,benzaldehyde (2a),,secondary alcohol 10e,,10e,64.0,isolated,,,,"m-trifluoromethyl-substituted benzylic iodide (1.0 equiv), tBuLi (2.5 equiv), benzaldehyde (1.5 equiv)",nucleophilic addition,-78.0,0.1,tetrahydrofuran,microreactor,,"Table 4, entry 5: isolated yield on 4.00 mmol scale."
"Ketels et al. 2017 - Selective lithiation, magnesiation, and zincation of unsymmetrical azobenzenes using continuous flow",10.1021/acs.orglett.7b00460,Table 2,7,arylzinc reagent 2d,,allyl bromide,,3-allylated azobenzene,,5b,85.0,isolated,,,,,alkylation,,,,batch quench,CuCN·2LiCl,Copper-catalyzed allylation
"Ketels et al. 2017 - Selective lithiation, magnesiation, and zincation of unsymmetrical azobenzenes using continuous flow",10.1021/acs.orglett.7b00460,Table 2,8,zinc intermediate 2d,,aryl iodides,,unsymmetrical azobenzenes,,5c-f,,isolated,,,,,C-C coupling,,,,batch quench,Pd(OAc)2,Negishi cross-couplings with aryl iodides
"Ketels et al. 2017 - Selective lithiation, magnesiation, and zincation of unsymmetrical azobenzenes using continuous flow",10.1021/acs.orglett.7b00460,Table 2,9,cyano-substituted azobenzene 1g,,aryl iodide,,arylated azobenzene,,5g,67.0,isolated,,,,,C-C coupling,,,,batch quench,Pd(OAc)2,Zincation at ortho-position to cyano-substituent followed by Negishi cross-coupling
"Ketels et al. 2017 - Selective lithiation, magnesiation, and zincation of unsymmetrical azobenzenes using continuous flow",10.1021/acs.orglett.7b00460,Table 3,10,azobenzene 1d,,"TMPLi, MgCl2·LiCl",,silylated azobenzene,,7a,92.0,isolated,,,,"0.5 equiv MgCl2·LiCl, 1.5 equiv TMPLi",directed metalation,0.0,20.0,tetrahydrofuran,continuous-flow setup,,"In situ trapping with MgCl2·LiCl, quenched with TMSCl in batch"
"Ketels et al. 2017 - Selective lithiation, magnesiation, and zincation of unsymmetrical azobenzenes using continuous flow",10.1021/acs.orglett.7b00460,Table 3,11,magnesiated azobenzene from 1d,,benzaldehyde,,hydroxyazobenzene derivative,,7b,77.0,isolated,,,,,nucleophilic addition,0.0,,,batch quench,,Quenching of magnesiated azobenzene with benzaldehyde
"Ketels et al. 2017 - Selective lithiation, magnesiation, and zincation of unsymmetrical azobenzenes using continuous flow",10.1021/acs.orglett.7b00460,Table 3,12,magnesiated azobenzene from 1d,,4-fluorobenzaldehyde,,hydroxyazobenzene derivative,,7c,74.0,isolated,,,,,nucleophilic addition,0.0,,,batch quench,,Quenching of magnesiated azobenzene with 4-fluorobenzaldehyde
"Ketels et al. 2017 - Selective lithiation, magnesiation, and zincation of unsymmetrical azobenzenes using continuous flow",10.1021/acs.orglett.7b00460,Table 3,13,magnesiated azobenzene from 1d,,acid chloride,,keto-substituted azobenzene,,7d,81.0,isolated,,,,1.1 equiv CuCN·2LiCl,acylation,0.0,,,batch quench,CuCN·2LiCl,Quenching with acid chloride in presence of CuCN·2LiCl
"Ketels et al. 2017 - Selective lithiation, magnesiation, and zincation of unsymmetrical azobenzenes using continuous flow",10.1021/acs.orglett.7b00460,Table 3,14,magnesiated azobenzene from 1d,,acid chloride,,keto-substituted azobenzene,,7e,78.0,isolated,,,,1.1 equiv CuCN·2LiCl,acylation,0.0,,,batch quench,CuCN·2LiCl,Quenching with acid chloride in presence of CuCN·2LiCl
the-resurrection-of-murahashi-coupling-after-four-decades,10.1021/acscatal.1c03564,page_3_table_0_extracted.csv,,lithium,,,,,,,,,,,,,C-C coupling,,,,,,
the-resurrection-of-murahashi-coupling-after-four-decades,10.1021/acscatal.1c03564,page_3_table_0_extracted.csv,,nagnesium,,,,,,,,,,,,,C-C coupling,,,,,,
the-resurrection-of-murahashi-coupling-after-four-decades,10.1021/acscatal.1c03564,page_3_table_0_extracted.csv,,luminum,,,,,,,,,,,,,C-C coupling,,,,,,
the-resurrection-of-murahashi-coupling-after-four-decades,10.1021/acscatal.1c03564,page_3_table_0_extracted.csv,,zinc,,,,,,,,,,,,,C-C coupling,,,,,,
the-resurrection-of-murahashi-coupling-after-four-decades,10.1021/acscatal.1c03564,page_3_table_0_extracted.csv,,silicon,,,,,,,,,,,,,C-C coupling,,,,,,
the-resurrection-of-murahashi-coupling-after-four-decades,10.1021/acscatal.1c03564,page_3_table_0_extracted.csv,,tin,,,,,,,,,,,,,C-C coupling,,,,,,
the-resurrection-of-murahashi-coupling-after-four-decades,10.1021/acscatal.1c03564,page_3_table_0_extracted.csv,,boron,,,,,,,,,,,,,C-C coupling,,,,,,
the-resurrection-of-murahashi-coupling-after-four-decades,10.1021/acscatal.1c03564,page_4_table_1_extracted.csv,,n-BuLi,,,,,,,,,,,,,C-C coupling,,,,,,
the-resurrection-of-murahashi-coupling-after-four-decades,10.1021/acscatal.1c03564,page_4_table_1_extracted.csv,,n-BuMgCl,,,,,,,,,,,,,C-C coupling,,,,,,
the-resurrection-of-murahashi-coupling-after-four-decades,10.1021/acscatal.1c03564,page_4_table_1_extracted.csv,,n-BuAl,,,,,,,,,,,,,C-C coupling,,,,,,
the-resurrection-of-murahashi-coupling-after-four-decades,10.1021/acscatal.1c03564,page_4_table_1_extracted.csv,,n-BuZnBr,,,,,,,,,,,,,C-C coupling,,,,,,
the-resurrection-of-murahashi-coupling-after-four-decades,10.1021/acscatal.1c03564,page_4_table_1_extracted.csv,,n-Bu-SiMe2OH,,,,,,,,,,,,,C-C coupling,,,,,,
the-resurrection-of-murahashi-coupling-after-four-decades,10.1021/acscatal.1c03564,page_4_table_1_extracted.csv,,n-BuSnBu3,,,,,,,,,,,,,C-C coupling,,,,,,
the-resurrection-of-murahashi-coupling-after-four-decades,10.1021/acscatal.1c03564,page_4_table_1_extracted.csv,,n-BuB(OH)2,,,,,,,,,,,,,C-C coupling,,,,,,
the-resurrection-of-murahashi-coupling-after-four-decades,10.1021/acscatal.1c03564,page_4_table_2_extracted.csv,,organolithium,,,,,,,3.0,,,,,,C-C coupling,25.0,1440.0,,,,
the-resurrection-of-murahashi-coupling-after-four-decades,10.1021/acscatal.1c03564,page_4_table_2_extracted.csv,,organomagnesium,,,,,,,49.0,,,,,,C-C coupling,25.0,1440.0,,,,
the-resurrection-of-murahashi-coupling-after-four-decades,10.1021/acscatal.1c03564,page_4_table_2_extracted.csv,,organozinc,,,,,,,91.0,,,,,,C-C coupling,25.0,60.0,,,,
the-resurrection-of-murahashi-coupling-after-four-decades,10.1021/acscatal.1c03564,page_4_table_2_extracted.csv,,organomercury,,,,,,,,,,,,,C-C coupling,,540.0,,,,
the-resurrection-of-murahashi-coupling-after-four-decades,10.1021/acscatal.1c03564,page_4_table_2_extracted.csv,,organoboron,,,,,,,92.0,,,,,,C-C coupling,,60.0,,,,
the-resurrection-of-murahashi-coupling-after-four-decades,10.1021/acscatal.1c03564,page_4_table_2_extracted.csv,,organoaluminum,,,,,,,49.0,,,,,,C-C coupling,25.0,180.0,,,,
the-resurrection-of-murahashi-coupling-after-four-decades,10.1021/acscatal.1c03564,page_4_table_2_extracted.csv,,organotin,,,,,,,83.0,,,,,,C-C coupling,25.0,360.0,,,,
the-resurrection-of-murahashi-coupling-after-four-decades,10.1021/acscatal.1c03564,page_4_table_2_extracted.csv,,organozirconium,,,,,,,0.0,,,,,,C-C coupling,,180.0,,,,
Bohara et al. 2025 - Flow process for production of crisaborole using organolithium chemistry with control over impurity formation,10.1021/acsomega.5c07458,Table 1,1,THP-protected bromoarene (compound 10),,n-butyllithium,,crisaborole,,6,89.39,crude,,,,1:2:4 (compound 10:n-butyllithium:triisopropyl borate),halogen-metal exchange,-60.0,1.5,tetrahydrofuran,T-shaped micromixer + capillary/coil reactor,,Optimal temperature condition from OFAT study.
Bohara et al. 2025 - Flow process for production of crisaborole using organolithium chemistry with control over impurity formation,10.1021/acsomega.5c07458,Table 2,2,THP-protected bromoarene (compound 10),,n-butyllithium,,crisaborole,,6,89.7,crude,,,,1:2:4 (compound 10:n-butyllithium:triisopropyl borate),halogen-metal exchange,-60.0,1.5,tetrahydrofuran,T-shaped micromixer + capillary/coil reactor,,Optimal n-butyllithium equivalents (2.0) from OFAT study.
Bohara et al. 2025 - Flow process for production of crisaborole using organolithium chemistry with control over impurity formation,10.1021/acsomega.5c07458,Table 3,3,THP-protected bromoarene (compound 10),,n-butyllithium,,crisaborole,,6,89.5,crude,,,,1:2:4 (compound 10:n-butyllithium:triisopropyl borate),halogen-metal exchange,-60.0,1.5,tetrahydrofuran,T-shaped micromixer + capillary/coil reactor,,Optimal residence time (1.5 s) from OFAT study.
asymmetric-carbolithiation-of-conjugated-enynes-a-flow-microreactor-enables-the-use-of-configurationally-unstable,10.1021/ja110898s,Table 1,,2a,,n-BuLi,,4a,,4a,91.0,,,,,,carbolithiation,-78.0,13.0,toluene/hexane,T-shaped micromixer + capillary/coil reactor,(-)-sparteine 1a,
asymmetric-carbolithiation-of-conjugated-enynes-a-flow-microreactor-enables-the-use-of-configurationally-unstable,10.1021/ja110898s,Table 1,,2a,,n-BuLi,,4a,,4a,82.0,,,,,,carbolithiation,-78.0,13.0,toluene/hexane,T-shaped micromixer + capillary/coil reactor,(-)-sparteine 1a,
asymmetric-carbolithiation-of-conjugated-enynes-a-flow-microreactor-enables-the-use-of-configurationally-unstable,10.1021/ja110898s,Table 1,,2b,,n-BuLi,,4b,,4b,83.0,,,,,,carbolithiation,-78.0,13.0,toluene/hexane,T-shaped micromixer + capillary/coil reactor,(-)-sparteine 1a,
asymmetric-carbolithiation-of-conjugated-enynes-a-flow-microreactor-enables-the-use-of-configurationally-unstable,10.1021/ja110898s,Table 1,,2c,,n-BuLi,,4c,,4c,0.0,,,,,,carbolithiation,-78.0,13.0,toluene/hexane,T-shaped micromixer + capillary/coil reactor,(-)-sparteine 1a,
asymmetric-carbolithiation-of-conjugated-enynes-a-flow-microreactor-enables-the-use-of-configurationally-unstable,10.1021/ja110898s,Table 1,,2a,,n-BuLi,,4a,,4a,57.0,,,,,,carbolithiation,-78.0,13.0,toluene/hexane,T-shaped micromixer + capillary/coil reactor,1b,
asymmetric-carbolithiation-of-conjugated-enynes-a-flow-microreactor-enables-the-use-of-configurationally-unstable,10.1021/ja110898s,Table 1,,2a,,n-BuLi,,4a,,4a,0.0,,,,,,carbolithiation,-78.0,13.0,toluene/hexane,T-shaped micromixer + capillary/coil reactor,1c,
microflow-system-controlled-anionic-polymerization-of-alkyl-methacrylates,10.1021/ma900551a,Table 1,,methyl methacrylate,,"1,1-diphenylhexyllithium",,poly(methyl methacrylate),,,,,97.0,,,,anionic polymerization,0.0,60.0,tetrahydrofuran,macrobatch reactor,"1,1-diphenylhexyllithium",
microflow-system-controlled-anionic-polymerization-of-alkyl-methacrylates,10.1021/ma900551a,Table 1,,methyl methacrylate,,"1,1-diphenylhexyllithium",,poly(methyl methacrylate),,,,,100.0,,,,anionic polymerization,-28.0,60.0,tetrahydrofuran,macrobatch reactor,"1,1-diphenylhexyllithium",
microflow-system-controlled-anionic-polymerization-of-alkyl-methacrylates,10.1021/ma900551a,Table 1,,methyl methacrylate,,"1,1-diphenylhexyllithium",,poly(methyl methacrylate),,,,,0.0,,,,anionic polymerization,-48.0,60.0,tetrahydrofuran,macrobatch reactor,"1,1-diphenylhexyllithium",Conversion reported as '000' in table; interpreted as 0% based on context and data interpretation notes.
microflow-system-controlled-anionic-polymerization-of-alkyl-methacrylates,10.1021/ma900551a,Table 1,,methyl methacrylate,,"1,1-diphenylhexyllithium",,poly(methyl methacrylate),,,,,100.0,,,,anionic polymerization,-78.0,300.0,tetrahydrofuran,macrobatch reactor,"1,1-diphenylhexyllithium",
microflow-system-controlled-anionic-polymerization-of-alkyl-methacrylates,10.1021/ma900551a,Table 2,,methyl methacrylate,,"1,1-diphenylhexyllithium",,poly(methyl methacrylate),,,,,81.0,,,,anionic polymerization,24.0,0.736,tetrahydrofuran,T-shaped micromixer + capillary/coil reactor,"1,1-diphenylhexyllithium",
microflow-system-controlled-anionic-polymerization-of-alkyl-methacrylates,10.1021/ma900551a,Table 2,,methyl methacrylate,,"1,1-diphenylhexyllithium",,poly(methyl methacrylate),,,,,95.0,,,,anionic polymerization,24.0,2.95,tetrahydrofuran,T-shaped micromixer + capillary/coil reactor,"1,1-diphenylhexyllithium",
microflow-system-controlled-anionic-polymerization-of-alkyl-methacrylates,10.1021/ma900551a,Table 2,,methyl methacrylate,,"1,1-diphenylhexyllithium",,poly(methyl methacrylate),,,,,99.0,,,,anionic polymerization,24.0,11.8,tetrahydrofuran,T-shaped micromixer + capillary/coil reactor,"1,1-diphenylhexyllithium",
microflow-system-controlled-anionic-polymerization-of-alkyl-methacrylates,10.1021/ma900551a,Table 2,,methyl methacrylate,,"1,1-diphenylhexyllithium",,poly(methyl methacrylate),,,,,76.0,,,,anionic polymerization,0.0,0.736,tetrahydrofuran,T-shaped micromixer + capillary/coil reactor,"1,1-diphenylhexyllithium",
microflow-system-controlled-anionic-polymerization-of-alkyl-methacrylates,10.1021/ma900551a,Table 2,,methyl methacrylate,,"1,1-diphenylhexyllithium",,poly(methyl methacrylate),,,,,98.0,,,,anionic polymerization,0.0,2.95,tetrahydrofuran,T-shaped micromixer + capillary/coil reactor,"1,1-diphenylhexyllithium",
microflow-system-controlled-anionic-polymerization-of-alkyl-methacrylates,10.1021/ma900551a,Table 2,,methyl methacrylate,,"1,1-diphenylhexyllithium",,poly(methyl methacrylate),,,,,99.0,,,,anionic polymerization,0.0,11.8,tetrahydrofuran,T-shaped micromixer + capillary/coil reactor,"1,1-diphenylhexyllithium",
microflow-system-controlled-anionic-polymerization-of-alkyl-methacrylates,10.1021/ma900551a,Table 2,,methyl methacrylate,,"1,1-diphenylhexyllithium",,poly(methyl methacrylate),,,,,39.0,,,,anionic polymerization,-28.0,0.736,tetrahydrofuran,T-shaped micromixer + capillary/coil reactor,"1,1-diphenylhexyllithium",
microflow-system-controlled-anionic-polymerization-of-alkyl-methacrylates,10.1021/ma900551a,Table 2,,methyl methacrylate,,"1,1-diphenylhexyllithium",,poly(methyl methacrylate),,,,,89.0,,,,anionic polymerization,-28.0,2.95,tetrahydrofuran,T-shaped micromixer + capillary/coil reactor,"1,1-diphenylhexyllithium",
microflow-system-controlled-anionic-polymerization-of-alkyl-methacrylates,10.1021/ma900551a,Table 2,,methyl methacrylate,,"1,1-diphenylhexyllithium",,poly(methyl methacrylate),,,,,99.0,,,,anionic polymerization,-28.0,11.8,tetrahydrofuran,T-shaped micromixer + capillary/coil reactor,"1,1-diphenylhexyllithium",
microflow-system-controlled-anionic-polymerization-of-alkyl-methacrylates,10.1021/ma900551a,Table 2,,methyl methacrylate,,"1,1-diphenylhexyllithium",,poly(methyl methacrylate),,,,,96.0,,,,anionic polymerization,-48.0,2.95,tetrahydrofuran,T-shaped micromixer + capillary/coil reactor,"1,1-diphenylhexyllithium",
microflow-system-controlled-anionic-polymerization-of-alkyl-methacrylates,10.1021/ma900551a,Table 2,,methyl methacrylate,,"1,1-diphenylhexyllithium",,poly(methyl methacrylate),,,,,100.0,,,,anionic polymerization,-48.0,11.8,tetrahydrofuran,T-shaped micromixer + capillary/coil reactor,"1,1-diphenylhexyllithium",
microflow-system-controlled-anionic-polymerization-of-alkyl-methacrylates,10.1021/ma900551a,Table 2,,methyl methacrylate,,"1,1-diphenylhexyllithium",,poly(methyl methacrylate),,,,,58.0,,,,anionic polymerization,-78.0,11.8,tetrahydrofuran,T-shaped micromixer + capillary/coil reactor,"1,1-diphenylhexyllithium",
microflow-system-controlled-anionic-polymerization-of-alkyl-methacrylates,10.1021/ma900551a,Table 2,,methyl methacrylate,,"1,1-diphenylhexyllithium",,poly(methyl methacrylate),,,,,74.0,,,,anionic polymerization,-78.0,23.6,tetrahydrofuran,T-shaped micromixer + capillary/coil reactor,"1,1-diphenylhexyllithium",
microflow-system-controlled-anionic-polymerization-of-alkyl-methacrylates,10.1021/ma900551a,Table 2,,n-butyl methacrylate,,"1,1-diphenylhexyllithium",,poly(n-butyl methacrylate),,,,,100.0,,,,anionic polymerization,24.0,11.8,tetrahydrofuran,T-shaped micromixer + capillary/coil reactor,"1,1-diphenylhexyllithium",
microflow-system-controlled-anionic-polymerization-of-alkyl-methacrylates,10.1021/ma900551a,Table 2,,n-butyl methacrylate,,"1,1-diphenylhexyllithium",,poly(n-butyl methacrylate),,,,,100.0,,,,anionic polymerization,0.0,11.8,tetrahydrofuran,T-shaped micromixer + capillary/coil reactor,"1,1-diphenylhexyllithium",
microflow-system-controlled-anionic-polymerization-of-alkyl-methacrylates,10.1021/ma900551a,Table 2,,n-butyl methacrylate,,"1,1-diphenylhexyllithium",,poly(n-butyl methacrylate),,,,,100.0,,,,anionic polymerization,-28.0,11.8,tetrahydrofuran,T-shaped micromixer + capillary/coil reactor,"1,1-diphenylhexyllithium",
microflow-system-controlled-anionic-polymerization-of-alkyl-methacrylates,10.1021/ma900551a,Table 2,,tert-butyl methacrylate,,"1,1-diphenylhexyllithium",,poly(tert-butyl methacrylate),,,,,99.0,,,,anionic polymerization,24.0,11.8,tetrahydrofuran,T-shaped micromixer + capillary/coil reactor,"1,1-diphenylhexyllithium",
microflow-system-controlled-anionic-polymerization-of-alkyl-methacrylates,10.1021/ma900551a,Table 2,,tert-butyl methacrylate,,"1,1-diphenylhexyllithium",,poly(tert-butyl methacrylate),,,,,100.0,,,,anionic polymerization,0.0,11.8,tetrahydrofuran,T-shaped micromixer + capillary/coil reactor,"1,1-diphenylhexyllithium",
microflow-system-controlled-anionic-polymerization-of-alkyl-methacrylates,10.1021/ma900551a,Table 2,,tert-butyl methacrylate,,"1,1-diphenylhexyllithium",,poly(tert-butyl methacrylate),,,,,89.0,,,,anionic polymerization,-28.0,11.8,tetrahydrofuran,T-shaped micromixer + capillary/coil reactor,"1,1-diphenylhexyllithium",
carbolithiation-of-conjugated-enynes-with-aryllithiums-in-microflow-system-and-applications-to-synthesis-of-2,10.1021/ol901352t,page_4_table_0_extracted.csv,,,,,,,Cc1ccc(CC=C=C(c2ccccc2)[Si](C)(C)C)cc1,,80.0,,,,,,carbolithiation,,,,microflow system,,Yield marker 'b' indicates footnote or specific condition; chlorosilane: Me3SiCl.
carbolithiation-of-conjugated-enynes-with-aryllithiums-in-microflow-system-and-applications-to-synthesis-of-2,10.1021/ol901352t,page_4_table_0_extracted.csv,,,,,,,*=C(C=CCc1ccc(C)cc1)c1ccccc1,,83.0,,,,,,carbolithiation,,,,microflow system,,Yield marker 'c' indicates footnote or specific condition; chlorosilane: Me2SiHCl; product SMILES contains syntax error '*' likely from OCR.
carbolithiation-of-conjugated-enynes-with-aryllithiums-in-microflow-system-and-applications-to-synthesis-of-2,10.1021/ol901352t,page_4_table_0_extracted.csv,,,,,,,C=C[Si]C(=C=CCc1ccc(C)cc1)c1ccccc1,,84.0,,,,,,carbolithiation,,,,microflow system,,Yield marker 'c' indicates footnote or specific condition; chlorosilane: C=CCl (likely allyl chloride).
carbolithiation-of-conjugated-enynes-with-aryllithiums-in-microflow-system-and-applications-to-synthesis-of-2,10.1021/ol901352t,page_4_table_0_extracted.csv,,,,,,,C=CC[Si]C(=C=CCc1ccc(C)cc1)c1ccccc1,,81.0,,,,,,carbolithiation,,,,microflow system,,"Yield marker 'd' indicates footnote or specific condition; chlorosilane: C=CCC#C[Am] (likely propargylamine-derived chlorosilane, identity requires verification)."
carbolithiation-of-conjugated-enynes-with-aryllithiums-in-microflow-system-and-applications-to-synthesis-of-2,10.1021/ol901352t,page_2_table_0_extracted.csv,,,,,,,,,2.0,,,,,,carbolithiation,-78.0,3600.0,,microflow system,,Entry 1; reagent stoichiometry: 1.0 equiv; byproduct yield: 0%; conversion of enyne not explicitly stated but implied low.
carbolithiation-of-conjugated-enynes-with-aryllithiums-in-microflow-system-and-applications-to-synthesis-of-2,10.1021/ol901352t,page_2_table_0_extracted.csv,,,,,,,,,0.0,,,,,,carbolithiation,-78.0,3600.0,,microflow system,,Entry 2; reagent stoichiometry: 3.0 equiv; main product yield: 17%; byproduct yield: 0%.
carbolithiation-of-conjugated-enynes-with-aryllithiums-in-microflow-system-and-applications-to-synthesis-of-2,10.1021/ol901352t,page_2_table_0_extracted.csv,,,,,,,,,4.0,,,85.0,,,carbolithiation,48.0,600.0,,microflow system,,Entry 3; temperature likely misread as +48°C instead of -48°C based on paper context; selectivity ratio 85/15; byproduct yield: 0%.
carbolithiation-of-conjugated-enynes-with-aryllithiums-in-microflow-system-and-applications-to-synthesis-of-2,10.1021/ol901352t,page_2_table_0_extracted.csv,,,,,,,,,11.0,,,92.0,,,carbolithiation,-48.0,3600.0,,microflow system,,Entry 4; reagent stoichiometry: 1.0 equiv; selectivity ratio 92/8; byproduct yield: 2%.
carbolithiation-of-conjugated-enynes-with-aryllithiums-in-microflow-system-and-applications-to-synthesis-of-2,10.1021/ol901352t,page_2_table_0_extracted.csv,,,,,,,,,15.0,,,90.0,,,carbolithiation,48.0,3600.0,,microflow system,,Entry 5; temperature likely misread as +48°C instead of -48°C based on paper context; selectivity ratio 90/10; byproduct yield: 11%.
carbolithiation-of-conjugated-enynes-with-aryllithiums-in-microflow-system-and-applications-to-synthesis-of-2,10.1021/ol901352t,page_2_table_0_extracted.csv,,,,,,,,,26.0,,,,,,carbolithiation,-28.0,600.0,,microflow system,,Entry 6; reagent stoichiometry: 1.0 equiv; byproduct yield: 4%.
carbolithiation-of-conjugated-enynes-with-aryllithiums-in-microflow-system-and-applications-to-synthesis-of-2,10.1021/ol901352t,page_2_table_0_extracted.csv,,,,,,,,,,,,91.0,,,carbolithiation,-28.0,3600.0,,microflow system,,Entry L (likely typo for 7); main product yield: 100% conversion; selectivity ratio 91/9; byproduct yield: 19%.
carbolithiation-of-conjugated-enynes-with-aryllithiums-in-microflow-system-and-applications-to-synthesis-of-2,10.1021/ol901352t,page_2_table_0_extracted.csv,,,,,,,,,33.0,,,89.0,,,carbolithiation,-28.0,600.0,,microflow system,,Entry 8; reagent stoichiometry: 3.0 equiv; selectivity ratio 89/11; byproduct yield: 10%.
carbolithiation-of-conjugated-enynes-with-aryllithiums-in-microflow-system-and-applications-to-synthesis-of-2,10.1021/ol901352t,page_2_table_0_extracted.csv,,,,,,,,,,,,,,,carbolithiation,0.0,600.0,,microflow system,,Entry 9; reagent stoichiometry: 1.0 equiv; product yield marked as '∑1' (ambiguous); byproduct yield: 26%.
carbolithiation-of-conjugated-enynes-with-aryllithiums-in-microflow-system-and-applications-to-synthesis-of-2,10.1021/ol901352t,page_2_table_0_extracted.csv,,,,,,,,,9.0,,,89.0,,,carbolithiation,25.0,600.0,,microflow system,,Entry 10; reagent stoichiometry: 1.0 equiv; selectivity ratio 89/11; byproduct yield: 40%.
Kim et al. 2011 - A flow-microreactor approach to protecting-group-free synthesis using organolithium compounds,10.1038/ncomms1264,Table 1,1,,CCCCC(=O)c1ccccc1I,MesLi,,,*c1ccccc1C(=O)CCCC,,90.0,isolated,,,,"MesLi (1.3 equiv), electrophile (2.0 equiv)",halogen-metal exchange,,0.003,tetrahydrofuran,flow-microreactor system,,Acyl iodobenzene 0.20 M in THF; MesLi 1.3 equivalent in THF/hexane generated in situ; electrophile 2.0 equivalent in THF or Et2O; yield is isolated unless otherwise stated; GC yields marked with † use internal standard
Kim et al. 2011 - A flow-microreactor approach to protecting-group-free synthesis using organolithium compounds,10.1038/ncomms1264,Table 1,2,,CC(C)(C)C(=O)c1ccc(I)cc1,MesLi,,,*c1ccc(C(=O)C1CCCCC1)cc1,,86.0,isolated,,,,"MesLi (1.3 equiv), electrophile (2.0 equiv)",halogen-metal exchange,,0.003,tetrahydrofuran,flow-microreactor system,,Acyl iodobenzene 0.20 M in THF; MesLi 1.3 equivalent in THF/hexane generated in situ; electrophile 2.0 equivalent in THF or Et2O; yield is isolated unless otherwise stated; GC yields marked with † use internal standard
Kim et al. 2011 - A flow-microreactor approach to protecting-group-free synthesis using organolithium compounds,10.1038/ncomms1264,Table 1,3,,O=C(c1ccc(I)cc1)C1CCCCC1,MesLi,,,*c1ccc(C(=O)C1CCCCC1)cc1,,73.0,isolated,,,,"MesLi (1.3 equiv), electrophile (2.0 equiv)",halogen-metal exchange,,0.003,tetrahydrofuran,flow-microreactor system,,Acyl iodobenzene 0.20 M in THF; MesLi 1.3 equivalent in THF/hexane generated in situ; electrophile 2.0 equivalent in THF or Et2O; yield is isolated unless otherwise stated; GC yields marked with † use internal standard
Kim et al. 2011 - A flow-microreactor approach to protecting-group-free synthesis using organolithium compounds,10.1038/ncomms1264,Table 1,4,,CCCCC(=O)c1ccc(I)cc1,MesLi,,,*c1ccc(C(=O)CCCC)cc1,,68.0,isolated,,,,"MesLi (1.3 equiv), electrophile (2.0 equiv)",halogen-metal exchange,,0.003,tetrahydrofuran,flow-microreactor system,,Acyl iodobenzene 0.20 M in THF; MesLi 1.3 equivalent in THF/hexane generated in situ; electrophile 2.0 equivalent in THF or Et2O; yield is isolated unless otherwise stated; GC yields marked with † use internal standard
Kim et al. 2011 - A flow-microreactor approach to protecting-group-free synthesis using organolithium compounds,10.1038/ncomms1264,Table 1,5,,CC(=O)c1ccccc1I,MesLi,,,*c1ccccc1C(C)=O,,78.0,GC,,,,"MesLi (1.3 equiv), electrophile (2.0 equiv)",halogen-metal exchange,,0.003,tetrahydrofuran,flow-microreactor system,,Acyl iodobenzene 0.20 M in THF; MesLi 1.3 equivalent in THF/hexane generated in situ; electrophile 2.0 equivalent in THF or Et2O; yield is isolated unless otherwise stated; GC yields marked with † use internal standard
Kim et al. 2011 - A flow-microreactor approach to protecting-group-free synthesis using organolithium compounds,10.1038/ncomms1264,Table 1,6,,CC(=O)c1ccccc1I,MesLi,,,*c1ccccc1C(C)=O,,67.0,GC,,,,"MesLi (1.3 equiv), electrophile (2.0 equiv)",halogen-metal exchange,,0.003,tetrahydrofuran,flow-microreactor system,,Acyl iodobenzene 0.20 M in THF; MesLi 1.3 equivalent in THF/hexane generated in situ; electrophile 2.0 equivalent in THF or Et2O; yield is isolated unless otherwise stated; GC yields marked with † use internal standard
Kim et al. 2011 - A flow-microreactor approach to protecting-group-free synthesis using organolithium compounds,10.1038/ncomms1264,Table 1,7,,CC(=O)c1ccccc1I,MesLi,,,*c1ccccc1C(C)=O,,83.0,GC,,,,"MesLi (1.3 equiv), electrophile (2.0 equiv)",halogen-metal exchange,,0.003,tetrahydrofuran,flow-microreactor system,,Acyl iodobenzene 0.20 M in THF; MesLi 1.3 equivalent in THF/hexane generated in situ; electrophile 2.0 equivalent in THF or Et2O; yield is isolated unless otherwise stated; GC yields marked with † use internal standard
Kim et al. 2011 - A flow-microreactor approach to protecting-group-free synthesis using organolithium compounds,10.1038/ncomms1264,Table 1,8,,CC(=O)c1ccccc1I,MesLi,,,*c1ccccc1C(C)=O,,54.0,isolated,,,,"MesLi (1.3 equiv), electrophile (2.0 equiv)",halogen-metal exchange,,0.0015,tetrahydrofuran,flow-microreactor system,,Acyl iodobenzene 0.20 M in THF; MesLi 1.3 equivalent in THF/hexane generated in situ; electrophile 2.0 equivalent in THF or Et2O; yield is isolated unless otherwise stated; GC yields marked with † use internal standard; residence time in R2 = 0.0015 s for this entry
Kim et al. 2011 - A flow-microreactor approach to protecting-group-free synthesis using organolithium compounds,10.1038/ncomms1264,Table 1,9,,CC(=O)c1ccccc1I,MesLi,,,*c1ccccc1C(C)=O,,78.0,GC,,,,"MesLi (1.3 equiv), electrophile (2.0 equiv)",halogen-metal exchange,,0.0015,tetrahydrofuran,flow-microreactor system,,Acyl iodobenzene 0.20 M in THF; MesLi 1.3 equivalent in THF/hexane generated in situ; electrophile 2.0 equivalent in THF or Et2O; yield is isolated unless otherwise stated; GC yields marked with † use internal standard; residence time in R2 = 0.0015 s for this entry
Kim et al. 2011 - A flow-microreactor approach to protecting-group-free synthesis using organolithium compounds,10.1038/ncomms1264,Table 1,10,,CCCCC(=O)c1ccc(I)s1,MesLi,,,*c1ccc(C(=O)CCCC)s1,,77.0,GC,,,,"MesLi (1.3 equiv), electrophile (2.0 equiv)",halogen-metal exchange,,0.003,tetrahydrofuran,flow-microreactor system,,Acyl iodobenzene 0.20 M in THF; MesLi 1.3 equivalent in THF/hexane generated in situ; electrophile 2.0 equivalent in THF or Et2O; yield is isolated unless otherwise stated; GC yields marked with † use internal standard
Kim et al. 2011 - A flow-microreactor approach to protecting-group-free synthesis using organolithium compounds,10.1038/ncomms1264,Table 1,11,,CC(=O)c1ccccc1I,MesLi,,,CCCCC(=O)c1ccc(C(O)c2ccccc2)s1,,42.0,GC,,,,"MesLi (1.3 equiv), electrophile (2.0 equiv)",halogen-metal exchange,,0.003,tetrahydrofuran,flow-microreactor system,,Acyl iodobenzene 0.20 M in THF; MesLi 1.3 equivalent in THF/hexane generated in situ; electrophile 2.0 equivalent in THF or Et2O; yield is isolated unless otherwise stated; GC yields marked with † use internal standard
Kim et al. 2011 - A flow-microreactor approach to protecting-group-free synthesis using organolithium compounds,10.1038/ncomms1264,Table 1,12,,CC(=O)c1ccccc1I,MesLi,,,CCCCC(=O)c1ccc(C(=O)Nc2ccccc2)s1,,65.0,isolated,,,,"MesLi (1.3 equiv), electrophile (2.0 equiv)",halogen-metal exchange,,0.003,tetrahydrofuran,flow-microreactor system,,Acyl iodobenzene 0.20 M in THF; MesLi 1.3 equivalent in THF/hexane generated in situ; electrophile 2.0 equivalent in THF or Et2O; yield is isolated unless otherwise stated; GC yields marked with † use internal standard
Kim et al. 2011 - A flow-microreactor approach to protecting-group-free synthesis using organolithium compounds,10.1038/ncomms1264,Table 1,13,,CC(=O)c1ccccc1I,MesLi,,,*c1ccccc1C(C)=O,,81.0,isolated,,,,"MesLi (1.3 equiv), electrophile (2.0 equiv)",halogen-metal exchange,,0.003,tetrahydrofuran,flow-microreactor system,,Acyl iodobenzene 0.20 M in THF; MesLi 1.3 equivalent in THF/hexane generated in situ; electrophile 2.0 equivalent in THF or Et2O; yield is isolated unless otherwise stated; GC yields marked with † use internal standard
Kim et al. 2011 - A flow-microreactor approach to protecting-group-free synthesis using organolithium compounds,10.1038/ncomms1264,Table 1,1,,CCCCC(=O)c1ccccc1I,MesLi,,,CCCCC(=O)c1ccccc1[Si](C)(C)C,,90.0,isolated,,,,"MesLi (1.3 equiv), electrophile (2.0 equiv)",halogen-metal exchange,-70.0,0.003,tetrahydrofuran,flow microreactor,,"MesLi generated in situ from mesityl bromide and n-BuLi; acyliodobenzene (0.20 M in THF), MesLi (1.3 equiv in THF/hexane), Me3SiOTf (2.0 equiv in THF); residence time in R2 = 0.003 s"
Kim et al. 2011 - A flow-microreactor approach to protecting-group-free synthesis using organolithium compounds,10.1038/ncomms1264,Table 1,2,,CCCCC(=O)c1ccccc1I,MesLi,,,CCCCC(=O)c1ccccc1[Si](C)(C)C,,91.0,GC,,,,"MesLi (1.3 equiv), electrophile (2.0 equiv)",halogen-metal exchange,-70.0,0.003,tetrahydrofuran,flow microreactor,,"MesLi generated in situ from mesityl bromide and n-BuLi; acyliodobenzene (0.20 M in THF), MesLi (1.3 equiv in THF/hexane), Me3SiOTf (2.0 equiv in THF); residence time in R2 = 0.003 s"
Kim et al. 2011 - A flow-microreactor approach to protecting-group-free synthesis using organolithium compounds,10.1038/ncomms1264,Table 1,3,,CC(=O)c1ccc(I)cc1,MesLi,,,CC(=O)c1ccc(C)cc1,,78.0,GC,,,,"MesLi (1.3 equiv), electrophile (2.0 equiv)",halogen-metal exchange,-70.0,0.003,tetrahydrofuran,flow microreactor,,"MesLi generated in situ from mesityl bromide and n-BuLi; acyliodobenzene (0.20 M in THF), MesLi (1.3 equiv in THF/hexane), MeOH (2.0 equiv in THF); residence time in R2 = 0.003 s"
Kim et al. 2011 - A flow-microreactor approach to protecting-group-free synthesis using organolithium compounds,10.1038/ncomms1264,Table 1,4,,CCCCC(=O)c1ccccc1I,MesLi,,,CCCCC(=O)c1ccccc1C(=O)OC,,68.0,isolated,,,,"MesLi (1.3 equiv), electrophile (2.0 equiv)",halogen-metal exchange,-70.0,0.003,tetrahydrofuran,flow microreactor,,"MesLi generated in situ from mesityl bromide and n-BuLi; acyliodobenzene (0.20 M in THF), MesLi (1.3 equiv in THF/hexane), ClCO2Me (2.0 equiv in THF); residence time in R2 = 0.003 s"
Kim et al. 2011 - A flow-microreactor approach to protecting-group-free synthesis using organolithium compounds,10.1038/ncomms1264,Table 1,5,,CCCCC(=O)c1ccccc1I,MesLi,,,CCCCC(=O)c1ccccc1C(=O)OC,,70.0,GC,,,,"MesLi (1.3 equiv), electrophile (2.0 equiv)",halogen-metal exchange,-70.0,0.003,tetrahydrofuran,flow microreactor,,"MesLi generated in situ from mesityl bromide and n-BuLi; acyliodobenzene (0.20 M in THF), MesLi (1.3 equiv in THF/hexane), ClCO2Me (2.0 equiv in THF); residence time in R2 = 0.003 s"
Kim et al. 2011 - A flow-microreactor approach to protecting-group-free synthesis using organolithium compounds,10.1038/ncomms1264,Table 1,6,,CC(=O)c1ccc(I)cc1,MesLi,,,CC(=O)c1ccc(C)cc1,,54.0,isolated,,,,"MesLi (1.3 equiv), electrophile (2.0 equiv)",halogen-metal exchange,-70.0,0.003,tetrahydrofuran,flow microreactor,,"MesLi generated in situ from mesityl bromide and n-BuLi; acyliodobenzene (0.20 M in THF), MesLi (1.3 equiv in THF/hexane), MeOH (2.0 equiv in THF); residence time in R2 = 0.003 s"
Kim et al. 2011 - A flow-microreactor approach to protecting-group-free synthesis using organolithium compounds,10.1038/ncomms1264,Table 1,7,,CC(=O)c1ccc(I)cc1,MesLi,,,CC(=O)c1ccc(C)cc1,,76.0,GC,,,,"MesLi (1.3 equiv), electrophile (2.0 equiv)",halogen-metal exchange,-70.0,0.0015,tetrahydrofuran,flow microreactor,,"MesLi generated in situ from mesityl bromide and n-BuLi; acyliodobenzene (0.20 M in THF), MesLi (1.3 equiv in THF/hexane), MeOH (2.0 equiv in THF); residence time in R2 = 0.0015 s"
Kim et al. 2011 - A flow-microreactor approach to protecting-group-free synthesis using organolithium compounds,10.1038/ncomms1264,Table 1,8,,CC(=O)c1ccc(I)cc1,MesLi,,,CC(=O)c1ccc(C(=O)Ph)cc1,,78.0,GC,,,,"MesLi (1.3 equiv), electrophile (2.0 equiv)",halogen-metal exchange,-70.0,0.0015,tetrahydrofuran,flow microreactor,,"MesLi generated in situ from mesityl bromide and n-BuLi; acyliodobenzene (0.20 M in THF), MesLi (1.3 equiv in THF/hexane), PhCHO (2.0 equiv in THF); residence time in R2 = 0.0015 s"
Kim et al. 2011 - A flow-microreactor approach to protecting-group-free synthesis using organolithium compounds,10.1038/ncomms1264,Table 1,9,,CCCCC(=O)c1ccccc1I,MesLi,,,CCCCC(=O)c1ccccc1C(=O)Ph,,73.0,isolated,,,,"MesLi (1.3 equiv), electrophile (2.0 equiv)",halogen-metal exchange,-70.0,0.003,tetrahydrofuran,flow microreactor,,"MesLi generated in situ from mesityl bromide and n-BuLi; acyliodobenzene (0.20 M in THF), MesLi (1.3 equiv in THF/hexane), PhCHO (2.0 equiv in THF); residence time in R2 = 0.003 s"
Kim et al. 2011 - A flow-microreactor approach to protecting-group-free synthesis using organolithium compounds,10.1038/ncomms1264,Table 1,10,,CCCCC(=O)c1ccccc1I,MesLi,,,CCCCC(=O)c1ccccc1C(=O)Ph,,75.0,GC,,,,"MesLi (1.3 equiv), electrophile (2.0 equiv)",halogen-metal exchange,-70.0,0.003,tetrahydrofuran,flow microreactor,,"MesLi generated in situ from mesityl bromide and n-BuLi; acyliodobenzene (0.20 M in THF), MesLi (1.3 equiv in THF/hexane), PhCHO (2.0 equiv in THF); residence time in R2 = 0.003 s"
Kim et al. 2011 - A flow-microreactor approach to protecting-group-free synthesis using organolithium compounds,10.1038/ncomms1264,Table 1,11,,CC(=O)c1ccc(I)cc1,MesLi,,,CC(=O)c1ccc(NC(=O)Ph)cc1,,86.0,isolated,,,,"MesLi (1.3 equiv), electrophile (2.0 equiv)",halogen-metal exchange,-70.0,0.003,tetrahydrofuran,flow microreactor,,"MesLi generated in situ from mesityl bromide and n-BuLi; acyliodobenzene (0.20 M in THF), MesLi (1.3 equiv in THF/hexane), PhNCO (2.0 equiv in THF); residence time in R2 = 0.003 s"
Kim et al. 2011 - A flow-microreactor approach to protecting-group-free synthesis using organolithium compounds,10.1038/ncomms1264,Table 1,13,,CCCCC(=O)c1ccccc1I,MesLi,,,CCCCC(=O)c1ccccc1C(=O)Ph,,67.0,GC,,,,"MesLi (1.3 equiv), electrophile (2.0 equiv)",halogen-metal exchange,-70.0,0.003,tetrahydrofuran,flow microreactor,,"MesLi generated in situ from mesityl bromide and n-BuLi; acyliodobenzene (0.20 M in THF), MesLi (1.3 equiv in THF/hexane), PhCHO (2.0 equiv in THF); residence time in R2 = 0.003 s"
Kim et al. 2011 - A flow-microreactor approach to protecting-group-free synthesis using organolithium compounds,10.1038/ncomms1264,Table 1,14,,CC(=O)c1ccc(I)cc1,MesLi,,,CC(=O)c1ccc(C(=O)Ph)cc1,,83.0,GC,,,,"MesLi (1.3 equiv), electrophile (2.0 equiv)",halogen-metal exchange,-70.0,0.003,tetrahydrofuran,flow microreactor,,"MesLi generated in situ from mesityl bromide and n-BuLi; acyliodobenzene (0.20 M in THF), MesLi (1.3 equiv in THF/hexane), MeOH (2.0 equiv in THF); residence time in R2 = 0.003 s"
Kim et al. 2011 - A flow-microreactor approach to protecting-group-free synthesis using organolithium compounds,10.1038/ncomms1264,Table 1,16,,CC(=O)c1ccc(I)cc1,MesLi,,,CC(=O)c1ccc(SiMe3)cc1,,81.0,isolated,,,,"MesLi (1.3 equiv), electrophile (2.0 equiv)",halogen-metal exchange,-70.0,0.003,tetrahydrofuran,flow microreactor,,"MesLi generated in situ from mesityl bromide and n-BuLi; acyliodobenzene (0.20 M in THF), MesLi (1.3 equiv in THF/hexane), Me3SiOTf (2.0 equiv in THF); residence time in R2 = 0.003 s"
Kim et al. 2011 - A flow-microreactor approach to protecting-group-free synthesis using organolithium compounds,10.1038/ncomms1264,Table 1,17,,CC(=O)c1ccc(I)cc1,MesLi,,,CC(=O)c1ccc(SiMe3)cc1,,84.0,GC,,,,"MesLi (1.3 equiv), electrophile (2.0 equiv)",halogen-metal exchange,-70.0,0.003,tetrahydrofuran,flow microreactor,,"MesLi generated in situ from mesityl bromide and n-BuLi; acyliodobenzene (0.20 M in THF), MesLi (1.3 equiv in THF/hexane), Me3SiOTf (2.0 equiv in THF); residence time in R2 = 0.003 s"
Kim et al. 2011 - A flow-microreactor approach to protecting-group-free synthesis using organolithium compounds,10.1038/ncomms1264,Table 1,19,,CCCCC(=O)c1ccccc1I,MesLi,,,CCCCC(=O)c1ccccc1C(=O)Ph,,65.0,isolated,,,,"MesLi (1.3 equiv), electrophile (2.0 equiv)",halogen-metal exchange,-70.0,0.003,tetrahydrofuran,flow microreactor,,"MesLi generated in situ from mesityl bromide and n-BuLi; acyliodobenzene (0.20 M in THF), MesLi (1.3 equiv in THF/hexane), MeO2CCl (2.0 equiv in THF); residence time in R2 = 0.003 s"
Kim et al. 2011 - A flow-microreactor approach to protecting-group-free synthesis using organolithium compounds,10.1038/ncomms1264,Table 1,20,,CCCCC(=O)c1ccccc1I,MesLi,,,CCCCC(=O)c1ccccc1C(=O)Ph,,69.0,GC,,,,"MesLi (1.3 equiv), electrophile (2.0 equiv)",halogen-metal exchange,-70.0,0.003,tetrahydrofuran,flow microreactor,,"MesLi generated in situ from mesityl bromide and n-BuLi; acyliodobenzene (0.20 M in THF), MesLi (1.3 equiv in THF/hexane), MeO2CCl (2.0 equiv in THF); residence time in R2 = 0.003 s"
Kim et al. 2011 - A flow-microreactor approach to protecting-group-free synthesis using organolithium compounds,10.1038/ncomms1264,Table 1,21,,CC(=O)c1ccc(I)cc1,MesLi,,,CC(=O)c1ccc(C(=O)Ph)cc1,,42.0,GC,,,,"MesLi (1.3 equiv), electrophile (2.0 equiv)",halogen-metal exchange,-70.0,0.003,tetrahydrofuran,flow microreactor,,"MesLi generated in situ from mesityl bromide and n-BuLi; acyliodobenzene (0.20 M in THF), MesLi (1.3 equiv in THF/hexane), PhNCO (2.0 equiv in THF); residence time in R2 = 0.003 s"
Kim et al. 2011 - A flow-microreactor approach to protecting-group-free synthesis using organolithium compounds,10.1038/ncomms1264,Table 1,22,,CCCCC(=O)c1ccccc1I,MesLi,,,CCCCC(=O)c1ccccc1C(=O)Ph,,77.0,GC,,,,"MesLi (1.3 equiv), electrophile (2.0 equiv)",halogen-metal exchange,-70.0,0.003,tetrahydrofuran,flow microreactor,,"MesLi generated in situ from mesityl bromide and n-BuLi; acyliodobenzene (0.20 M in THF), MesLi (1.3 equiv in THF/hexane), MeOH (2.0 equiv in THF); residence time in R2 = 0.003 s"
Nagaki et al. 2010 - Generation and reaction of cyano-substituted aryllithium compounds using microreactors,10.1039/b919325c,Table 1,,o-bromobenzonitrile,,n-BuLi,,benzonitrile,,3,,GC,,,,1.1 equiv n-BuLi,halogen-metal exchange,-78.0,1200.0,tetrahydrofuran,conventional macrobatch (round-bottom flask),,"Br–Li exchange followed by methanol quench; yield of benzonitrile (3) determined by GC; reaction conducted in THF at -78 °C for 10 min after n-BuLi addition, then methanol added and stirred for additional 10 min"
Nagaki et al. 2010 - Generation and reaction of cyano-substituted aryllithium compounds using microreactors,10.1039/b919325c,Table 1,,m-bromobenzonitrile,,n-BuLi,,benzonitrile,,3,,GC,,,,1.1 equiv n-BuLi,halogen-metal exchange,-78.0,1200.0,tetrahydrofuran,conventional macrobatch (round-bottom flask),,"Br–Li exchange followed by methanol quench; yield of benzonitrile (3) determined by GC; reaction conducted in THF at -78 °C for 10 min after n-BuLi addition, then methanol added and stirred for additional 10 min"
Nagaki et al. 2010 - Generation and reaction of cyano-substituted aryllithium compounds using microreactors,10.1039/b919325c,Table 1,,p-bromobenzonitrile,,n-BuLi,,benzonitrile,,3,,GC,,,,1.1 equiv n-BuLi,halogen-metal exchange,-78.0,1200.0,tetrahydrofuran,conventional macrobatch (round-bottom flask),,"Br–Li exchange followed by methanol quench; yield of benzonitrile (3) determined by GC; reaction conducted in THF at -78 °C for 10 min after n-BuLi addition, then methanol added and stirred for additional 10 min"
Nagaki et al. 2010 - Generation and reaction of cyano-substituted aryllithium compounds using microreactors,10.1039/b919325c,Table 1,,o-bromobenzonitrile,,n-BuLi,,benzonitrile,,3,,GC,,,,1.1 equiv n-BuLi,halogen-metal exchange,0.0,1200.0,tetrahydrofuran,conventional macrobatch (round-bottom flask),,"Br–Li exchange followed by methanol quench; yield of benzonitrile (3) determined by GC; reaction conducted in THF at 0 °C for 10 min after n-BuLi addition, then methanol added and stirred for additional 10 min"
Nagaki et al. 2010 - Generation and reaction of cyano-substituted aryllithium compounds using microreactors,10.1039/b919325c,Table 1,,m-bromobenzonitrile,,n-BuLi,,benzonitrile,,3,,GC,,,,1.1 equiv n-BuLi,halogen-metal exchange,0.0,1200.0,tetrahydrofuran,conventional macrobatch (round-bottom flask),,"Br–Li exchange followed by methanol quench; yield of benzonitrile (3) determined by GC; reaction conducted in THF at 0 °C for 10 min after n-BuLi addition, then methanol added and stirred for additional 10 min"
Nagaki et al. 2010 - Generation and reaction of cyano-substituted aryllithium compounds using microreactors,10.1039/b919325c,Table 1,,p-bromobenzonitrile,,n-BuLi,,benzonitrile,,3,,GC,,,,1.1 equiv n-BuLi,halogen-metal exchange,0.0,1200.0,tetrahydrofuran,conventional macrobatch (round-bottom flask),,"Br–Li exchange followed by methanol quench; yield of benzonitrile (3) determined by GC; reaction conducted in THF at 0 °C for 10 min after n-BuLi addition, then methanol added and stirred for additional 10 min"
Nagaki et al. 2010 - Generation and reaction of cyano-substituted aryllithium compounds using microreactors,10.1039/b919325c,Table 2,,o-bromobenzonitrile,,n-BuLi,,2-Trimethylsilylbenzonitrile,,,90.0,GC,,,,,halogen-metal exchange,20.0,0.01,tetrahydrofuran,microflow reactor,,"Microflow Br–Li exchange followed by trapping with chlorotrimethylsilane; residence time in R1 = 0.01 s at 20 °C; flow rates: o-bromobenzonitrile/THF = 6.0 mL/min, n-BuLi/hexane = 1.5 mL/min, electrophile/THF = 3.0 mL/min → total = 10.5 mL/min"
Nagaki et al. 2010 - Generation and reaction of cyano-substituted aryllithium compounds using microreactors,10.1039/b919325c,Table 2,,o-bromobenzonitrile,,n-BuLi,,2-Tributylstannylbenzonitrile,,,85.0,GC,,,,,halogen-metal exchange,20.0,0.01,tetrahydrofuran,microflow reactor,,"Microflow Br–Li exchange followed by trapping with chlorotributylstannane; residence time in R1 = 0.01 s at 20 °C; flow rates: o-bromobenzonitrile/THF = 6.0 mL/min, n-BuLi/hexane = 1.5 mL/min, electrophile/THF = 3.0 mL/min → total = 10.5 mL/min"
Nagaki et al. 2010 - Generation and reaction of cyano-substituted aryllithium compounds using microreactors,10.1039/b919325c,Table 2,,o-bromobenzonitrile,,n-BuLi,,2-Methylbenzonitrile,,,93.0,GC,,,,,halogen-metal exchange,20.0,0.01,tetrahydrofuran,microflow reactor,,"Microflow Br–Li exchange followed by trapping with methyl iodide; residence time in R1 = 0.01 s at 20 °C; flow rates: o-bromobenzonitrile/THF = 6.0 mL/min, n-BuLi/hexane = 1.5 mL/min, electrophile/THF = 3.0 mL/min → total = 10.5 mL/min"
Nagaki et al. 2010 - Generation and reaction of cyano-substituted aryllithium compounds using microreactors,10.1039/b919325c,Table 2,,o-bromobenzonitrile,,n-BuLi,,3-Phenylphthalide,,,98.0,GC,,,,,nucleophilic addition,20.0,0.01,tetrahydrofuran,microflow reactor,,"Microflow Br–Li exchange followed by nucleophilic addition to benzaldehyde and intramolecular cyclization; residence time in R1 = 0.01 s at 20 °C; flow rates: o-bromobenzonitrile/THF = 6.0 mL/min, n-BuLi/hexane = 1.5 mL/min, carbonyl/THF = 3.0 mL/min → total = 10.5 mL/min"
Nagaki et al. 2010 - Generation and reaction of cyano-substituted aryllithium compounds using microreactors,10.1039/b919325c,Table 2,,o-bromobenzonitrile,,n-BuLi,,3-Hexylphthalide,,,81.0,isolated,,,,,nucleophilic addition,20.0,0.01,tetrahydrofuran,microflow reactor,,"Microflow Br–Li exchange followed by nucleophilic addition to n-heptanal and intramolecular cyclization; residence time in R1 = 0.01 s at 20 °C; flow rates: o-bromobenzonitrile/THF = 6.0 mL/min, n-BuLi/hexane = 1.5 mL/min, carbonyl/THF = 3.0 mL/min → total = 10.5 mL/min"
Nagaki et al. 2010 - Generation and reaction of cyano-substituted aryllithium compounds using microreactors,10.1039/b919325c,Table 2,,o-bromobenzonitrile,,n-BuLi,,"3,3-Diphenyl-1(3H)-isobenzofuranone",,,94.0,isolated,,,,,nucleophilic addition,20.0,0.01,tetrahydrofuran,microflow reactor,,"Microflow Br–Li exchange followed by nucleophilic addition to benzophenone and intramolecular cyclization; residence time in R1 = 0.01 s at 20 °C; flow rates: o-bromobenzonitrile/THF = 6.0 mL/min, n-BuLi/hexane = 1.5 mL/min, carbonyl/THF = 3.0 mL/min → total = 10.5 mL/min"
Nagaki et al. 2010 - Generation and reaction of cyano-substituted aryllithium compounds using microreactors,10.1039/b919325c,Table 2,,m-bromobenzonitrile,,n-BuLi,,3-Trimethylsilylbenzonitrile,,,96.0,GC,,,,,halogen-metal exchange,0.0,0.01,tetrahydrofuran,microflow reactor,,"Microflow Br–Li exchange followed by trapping with chlorotrimethylsilane; residence time in R1 = 0.01 s at 0 °C; flow rates: m-bromobenzonitrile/THF = 6.0 mL/min, n-BuLi/hexane = 1.5 mL/min, electrophile/THF = 3.0 mL/min → total = 10.5 mL/min"
Nagaki et al. 2010 - Generation and reaction of cyano-substituted aryllithium compounds using microreactors,10.1039/b919325c,Table 2,,m-bromobenzonitrile,,n-BuLi,,3-Tributylstannylbenzonitrile,,,95.0,GC,,,,,halogen-metal exchange,0.0,0.01,tetrahydrofuran,microflow reactor,,"Microflow Br–Li exchange followed by trapping with chlorotributylstannane; residence time in R1 = 0.01 s at 0 °C; flow rates: m-bromobenzonitrile/THF = 6.0 mL/min, n-BuLi/hexane = 1.5 mL/min, electrophile/THF = 3.0 mL/min → total = 10.5 mL/min"
Nagaki et al. 2010 - Generation and reaction of cyano-substituted aryllithium compounds using microreactors,10.1039/b919325c,Table 2,,m-bromobenzonitrile,,n-BuLi,,3-Methylbenzonitrile,,,81.0,GC,,,,,halogen-metal exchange,0.0,0.01,tetrahydrofuran,microflow reactor,,"Microflow Br–Li exchange followed by trapping with methyl iodide; residence time in R1 = 0.01 s at 0 °C; flow rates: m-bromobenzonitrile/THF = 6.0 mL/min, n-BuLi/hexane = 1.5 mL/min, electrophile/THF = 3.0 mL/min → total = 10.5 mL/min"
Nagaki et al. 2010 - Generation and reaction of cyano-substituted aryllithium compounds using microreactors,10.1039/b919325c,Table 2,,p-bromobenzonitrile,,n-BuLi,,4-Trimethylsilylbenzonitrile,,,85.0,GC,,,,,halogen-metal exchange,0.0,0.01,tetrahydrofuran,microflow reactor,,"Microflow Br–Li exchange followed by trapping with chlorotrimethylsilane; residence time in R1 = 0.01 s at 0 °C; flow rates: p-bromobenzonitrile/THF = 6.0 mL/min, n-BuLi/hexane = 1.5 mL/min, electrophile/THF = 3.0 mL/min → total = 10.5 mL/min"
Nagaki et al. 2010 - Generation and reaction of cyano-substituted aryllithium compounds using microreactors,10.1039/b919325c,Table 2,,p-bromobenzonitrile,,n-BuLi,,4-Tributylstannylbenzonitrile,,,93.0,GC,,,,,halogen-metal exchange,0.0,0.01,tetrahydrofuran,microflow reactor,,"Microflow Br–Li exchange followed by trapping with chlorotributylstannane; residence time in R1 = 0.01 s at 0 °C; flow rates: p-bromobenzonitrile/THF = 6.0 mL/min, n-BuLi/hexane = 1.5 mL/min, electrophile/THF = 3.0 mL/min → total = 10.5 mL/min"
Nagaki et al. 2010 - Generation and reaction of cyano-substituted aryllithium compounds using microreactors,10.1039/b919325c,Table 2,,p-bromobenzonitrile,,n-BuLi,,4-Methylbenzonitrile,,,90.0,GC,,,,,halogen-metal exchange,0.0,0.01,tetrahydrofuran,microflow reactor,,"Microflow Br–Li exchange followed by trapping with methyl iodide; residence time in R1 = 0.01 s at 0 °C; flow rates: p-bromobenzonitrile/THF = 6.0 mL/min, n-BuLi/hexane = 1.5 mL/min, electrophile/THF = 3.0 mL/min → total = 10.5 mL/min"
Nagaki et al. 2010 - Generation and reaction of cyano-substituted aryllithium compounds using microreactors,10.1039/b919325c,Table 3,,o-bromobenzonitrile,,n-BuLi,,3-Phenylphthalide,,,98.0,GC,,,,,nucleophilic addition,20.0,2.3,tetrahydrofuran,microflow reactor,,"Integrated microflow: Br–Li exchange (R1), then addition to benzaldehyde (R2), then trapping with AcCl (R3); residence time in R2 = 2.3 s; flow rates: o-bromobenzonitrile/THF = 6.0 mL/min, n-BuLi/hexane = 1.2 mL/min, carbonyl/THF = 3.0 mL/min, electrophile/THF = 2.0 mL/min → total = 11.0 mL/min; HMPA used as additive for Me2SO4 reactions"
Nagaki et al. 2010 - Generation and reaction of cyano-substituted aryllithium compounds using microreactors,10.1039/b919325c,Table 3,,o-bromobenzonitrile,,n-BuLi,,2-(Methoxy(phenyl)methyl)benzonitrile,,,93.0,isolated,,,,,nucleophilic addition,20.0,2.3,tetrahydrofuran,microflow reactor,,"Integrated microflow: Br–Li exchange (R1), then addition to benzaldehyde (R2), then trapping with Me2SO4 (R3); residence time in R2 = 2.3 s; flow rates: o-bromobenzonitrile/THF = 6.0 mL/min, n-BuLi/hexane = 1.2 mL/min, carbonyl/THF = 3.0 mL/min, electrophile/THF = 2.0 mL/min → total = 11.0 mL/min; HMPA used as additive for Me2SO4 reactions"
Nagaki et al. 2010 - Generation and reaction of cyano-substituted aryllithium compounds using microreactors,10.1039/b919325c,Table 3,,o-bromobenzonitrile,,n-BuLi,,1-(2-Cyanophenyl)heptyl ethyl carbonate,,,75.0,isolated,,,,,nucleophilic addition,20.0,2.3,tetrahydrofuran,microflow reactor,,"Integrated microflow: Br–Li exchange (R1), then addition to n-heptanal (R2), then trapping with MeO2CCl (R3); residence time in R2 = 2.3 s; flow rates: o-bromobenzonitrile/THF = 6.0 mL/min, n-BuLi/hexane = 1.2 mL/min, carbonyl/THF = 3.0 mL/min, electrophile/THF = 2.0 mL/min → total = 11.0 mL/min"
Nagaki et al. 2010 - Generation and reaction of cyano-substituted aryllithium compounds using microreactors,10.1039/b919325c,Table 3,,o-bromobenzonitrile,,n-BuLi,,2-(1-Methoxyheptyl)benzonitrile,,,51.0,isolated,,,,,nucleophilic addition,20.0,2.3,tetrahydrofuran,microflow reactor,,"Integrated microflow: Br–Li exchange (R1), then addition to n-heptanal (R2), then trapping with Me2SO4 (R3); residence time in R2 = 2.3 s; flow rates: o-bromobenzonitrile/THF = 6.0 mL/min, n-BuLi/hexane = 1.2 mL/min, carbonyl/THF = 3.0 mL/min, electrophile/THF = 2.0 mL/min → total = 11.0 mL/min"
Nagaki et al. 2010 - Generation and reaction of cyano-substituted aryllithium compounds using microreactors,10.1039/b919325c,Table 3,,o-bromobenzonitrile,,n-BuLi,,2-(Methoxydiphenylmethyl)benzonitrile,,,66.0,isolated,,,,,nucleophilic addition,20.0,2.3,tetrahydrofuran,microflow reactor,,"Integrated microflow: Br–Li exchange (R1), then addition to benzaldehyde (R2), then trapping with Me2SO4 (R3); residence time in R2 = 2.3 s; flow rates: o-bromobenzonitrile/THF = 6.0 mL/min, n-BuLi/hexane = 1.2 mL/min, carbonyl/THF = 3.0 mL/min, electrophile/THF = 2.0 mL/min → total = 11.0 mL/min; HMPA used as additive for Me2SO4 reactions"
Nagaki et al. 2011 - Flow microreactor synthesis of disubstituted pyridi ... romopyridines via Br - Li exchange without using cryogenic conditions,10.1039/c0gc00852d,Table 1,1,"2,3-dibromopyridine",,n-BuLi,,2-bromo-3-methylpyridine,,2,48.0,GC,,,,"n-BuLi (3.0 equiv), MeI (3.0 equiv)",halogen-metal exchange,-78.0,,tetrahydrofuran,batch macro reactor,,"Reaction in conventional batch macro reactor; n-BuLi added dropwise over 1 min, stirred 10 min, then MeI added and stirred 10 min more."
Nagaki et al. 2011 - Flow microreactor synthesis of disubstituted pyridi ... romopyridines via Br - Li exchange without using cryogenic conditions,10.1039/c0gc00852d,Table 1,2,"2,3-dibromopyridine",,n-BuLi,,2-bromo-3-methylpyridine,,2,0.0,GC,,,,"n-BuLi (3.0 equiv), MeI (3.0 equiv)",halogen-metal exchange,-48.0,,tetrahydrofuran,batch macro reactor,,"Reaction in conventional batch macro reactor; n-BuLi added dropwise over 1 min, stirred 10 min, then MeI added and stirred 10 min more."
Nagaki et al. 2011 - Flow microreactor synthesis of disubstituted pyridi ... romopyridines via Br - Li exchange without using cryogenic conditions,10.1039/c0gc00852d,Table 1,3,"2,3-dibromopyridine",,n-BuLi,,2-bromo-3-methylpyridine,,2,0.0,GC,,,,"n-BuLi (3.0 equiv), MeI (3.0 equiv)",halogen-metal exchange,-28.0,,tetrahydrofuran,batch macro reactor,,"Reaction in conventional batch macro reactor; n-BuLi added dropwise over 1 min, stirred 10 min, then MeI added and stirred 10 min more."
Nagaki et al. 2011 - Flow microreactor synthesis of disubstituted pyridi ... romopyridines via Br - Li exchange without using cryogenic conditions,10.1039/c0gc00852d,Table 1,4,"2,3-dibromopyridine",,n-BuLi,,2-bromo-3-methylpyridine,,2,0.0,GC,,,,"n-BuLi (3.0 equiv), MeI (3.0 equiv)",halogen-metal exchange,0.0,,tetrahydrofuran,batch macro reactor,,"Reaction in conventional batch macro reactor; n-BuLi added dropwise over 1 min, stirred 10 min, then MeI added and stirred 10 min more."
Nagaki et al. 2011 - Flow microreactor synthesis of disubstituted pyridi ... romopyridines via Br - Li exchange without using cryogenic conditions,10.1039/c0gc00852d,Table 2,1,"2,3-dibromopyridine",,n-BuLi,,2-bromo-3-(trimethylsilyl)pyridine,,,90.0,GC,,,,"n-BuLi (3.0 equiv), Me3SiCl (3.0 equiv)",halogen-metal exchange,0.0,,tetrahydrofuran,microreactor,,Electrophile = Me3SiCl; yield determined by GC using internal standard (pentadecane).
Nagaki et al. 2011 - Flow microreactor synthesis of disubstituted pyridi ... romopyridines via Br - Li exchange without using cryogenic conditions,10.1039/c0gc00852d,Table 2,2,"2,3-dibromopyridine",,n-BuLi,,2-bromo-3-(hydroxy(phenyl)methyl)pyridine,,,92.0,GC,,,,"n-BuLi (3.0 equiv), PhCHO (3.0 equiv)",halogen-metal exchange,0.0,,tetrahydrofuran,microreactor,,Electrophile = PhCHO; yield determined by GC using internal standard (pentadecane).
Nagaki et al. 2011 - Flow microreactor synthesis of disubstituted pyridi ... romopyridines via Br - Li exchange without using cryogenic conditions,10.1039/c0gc00852d,Table 2,3,"2,5-dibromopyridine",,n-BuLi,,2-bromo-5-methylpyridine,,,90.0,GC,,,,"n-BuLi (3.0 equiv), MeI (3.0 equiv)",halogen-metal exchange,0.0,,tetrahydrofuran,microreactor,,"Dibromopyridine substrate = 2,5-dibromopyridine; electrophile = MeI; yield determined by GC using internal standard (pentadecane)."
Nagaki et al. 2011 - Flow microreactor synthesis of disubstituted pyridi ... romopyridines via Br - Li exchange without using cryogenic conditions,10.1039/c0gc00852d,Table 2,4,"2,6-dibromopyridine",,n-BuLi,,2-bromo-6-methylpyridine,,,85.0,GC,,,,"n-BuLi (3.0 equiv), MeI (3.0 equiv)",halogen-metal exchange,0.0,,tetrahydrofuran,microreactor,,"Dibromopyridine substrate = 2,6-dibromopyridine; electrophile = MeI; yield determined by GC using internal standard (pentadecane)."
Nagaki et al. 2011 - Flow microreactor synthesis of disubstituted pyridi ... romopyridines via Br - Li exchange without using cryogenic conditions,10.1039/c0gc00852d,Table 3,1,"2,3-dibromopyridine",,n-BuLi,,3-(α-hydroxybenzyl)-2-methylpyridine,,,68.0,isolated,,,,"n-BuLi (first aliquot: 1.50 mL/min, second aliquot: 2.25 mL/min), MeI (3.0 equiv), PhCHO (3.0 equiv)",halogen-metal exchange,0.0,,tetrahydrofuran,integrated microreactor,,"Sequential Br/Li exchange + electrophile addition: E1 = MeI, E2 = PhCHO; R1/R2 at 0 °C, R3/R4 at -28 °C; isolated yield; purity 88% (GC); major byproduct: 3-(α-hydroxybenzyl)-2-methylpyridine (9%, GCMS)."
Nagaki et al. 2011 - Flow microreactor synthesis of disubstituted pyridi ... romopyridines via Br - Li exchange without using cryogenic conditions,10.1039/c0gc00852d,Table 3,2,"2,3-dibromopyridine",,n-BuLi,,3-(cyanomethyl)-2-methylpyridine,,,75.0,isolated,,,,"n-BuLi (first aliquot: 1.50 mL/min, second aliquot: 2.25 mL/min), MeI (3.0 equiv), PhCN (3.0 equiv)",halogen-metal exchange,0.0,,tetrahydrofuran,integrated microreactor,,"Sequential Br/Li exchange + electrophile addition: E1 = MeI, E2 = PhCN; R1/R2 at 0 °C, R3/R4 at -28 °C; isolated yield; purity 81% (GC); major byproduct: 5-(α-hydroxybenzyl)-2-methylpyridine (9%, GCMS); also observed 2- and 3-hydroxybenzylpyridines (total 10%, GCMS)."
Nagaki et al. 2011 - Flow microreactor synthesis of disubstituted pyridi ... romopyridines via Br - Li exchange without using cryogenic conditions,10.1039/c0gc00852d,Table 3,3,"2,5-dibromopyridine",,n-BuLi,,5-(α-hydroxybenzyl)-2-methylpyridine,,,75.0,isolated,,,,"n-BuLi (first aliquot: 1.50 mL/min, second aliquot: 2.25 mL/min), MeI (3.0 equiv), PhCHO (3.0 equiv)",halogen-metal exchange,0.0,,tetrahydrofuran,integrated microreactor,,"Sequential Br/Li exchange + electrophile addition: E1 = MeI, E2 = PhCHO; R1/R2 at 0 °C, R3/R4 at -28 °C; isolated yield; purity 81% (GC); major byproduct: 5-(α-hydroxybenzyl)-2-methylpyridine (9%, GCMS); also observed 2- and 3-hydroxybenzylpyridines (total 10%, GCMS)."
Nagaki et al. 2011 - Flow microreactor synthesis of disubstituted pyridi ... romopyridines via Br - Li exchange without using cryogenic conditions,10.1039/c0gc00852d,Table 3,4,"2,3-dibromopyridine",,n-BuLi,,3-(α-hydroxybenzyl)-2-(trimethylsilyl)pyridine,,,51.0,isolated,,,,"n-BuLi (first aliquot: 1.50 mL/min, second aliquot: 2.25 mL/min), Me3SiCl (3.0 equiv), PhCHO (3.0 equiv)",halogen-metal exchange,0.0,,tetrahydrofuran,integrated microreactor,,"Sequential Br/Li exchange + electrophile addition: E1 = Me3SiCl, E2 = PhCHO; R1/R2 at 0 °C, R3/R4 at -28 °C; isolated yield; purity 93% (GC); major byproduct: 5-(α-hydroxybenzyl)-2-trimethylsilylpyridine (7%, GCMS)."
Nagaki et al. 2011 - Flow microreactor synthesis of disubstituted pyridi ... romopyridines via Br - Li exchange without using cryogenic conditions,10.1039/c0gc00852d,Table 3,5,"2,5-dibromopyridine",,n-BuLi,,5-(α-hydroxybenzyl)-2-methylpyridine,,,4.8,isolated,,,,"n-BuLi (first aliquot: 1.50 mL/min, second aliquot: 2.25 mL/min), MeI (3.0 equiv), PhCHO (3.0 equiv)",halogen-metal exchange,0.0,,tetrahydrofuran,integrated microreactor,,"Sequential Br/Li exchange + electrophile addition: E1 = MeI, E2 = PhCHO; R1/R2 at 0 °C, R3/R4 at -28 °C; productivity only reported (g/h), no yield stated for this entry — yield field set to 4.80 due to table misalignment (this is a productivity value, not yield); actual yield not provided for entry 5."
Nagaki et al. 2011 - Flow microreactor synthesis of disubstituted pyridi ... romopyridines via Br - Li exchange without using cryogenic conditions,10.1039/c0gc00852d,Table 3,6,"2,5-dibromopyridine",,n-BuLi,,5-(cyanomethyl)-2-methylpyridine,,,3.95,isolated,,,,"n-BuLi (first aliquot: 1.50 mL/min, second aliquot: 2.25 mL/min), MeI (3.0 equiv), PhCN (3.0 equiv)",halogen-metal exchange,0.0,,tetrahydrofuran,integrated microreactor,,"Sequential Br/Li exchange + electrophile addition: E1 = MeI, E2 = PhCN; R1/R2 at 0 °C, R3/R4 at -28 °C; productivity only reported (g/h), no yield stated for this entry — yield field set to 3.95 due to table misalignment (this is a productivity value, not yield); actual yield not provided for entry 6."
Nagaki et al. 2011 - Flow microreactor synthesis of disubstituted pyridi ... romopyridines via Br - Li exchange without using cryogenic conditions,10.1039/c0gc00852d,Table 3,7,"2,3-dibromopyridine",,n-BuLi,,3-acetyl-2-(trimethylsilyl)pyridine,,,5.48,isolated,,,,"n-BuLi (first aliquot: 1.50 mL/min, second aliquot: 2.25 mL/min), Me3SiCl (3.0 equiv), PhC(O)Me (3.0 equiv)",halogen-metal exchange,0.0,,tetrahydrofuran,integrated microreactor,,"Sequential Br/Li exchange + electrophile addition: E1 = Me3SiCl, E2 = PhC(O)Me; R1/R2 at 0 °C, R3/R4 at -28 °C; productivity only reported (g/h), no yield stated for this entry — yield field set to 5.48 due to table misalignment (this is a productivity value, not yield); actual yield not provided for entry 7."
c2cc16855c,10.1039/c2cc16855c,Table 1,,,,,,,,,,,,,,,C-C coupling,-80.0,,dichloromethane,,"CuBr·Me2S (5 mol%), L1 (6 mol%)",No conversion observed; enantioselectivity not determined (nd).
c2cc16855c,10.1039/c2cc16855c,Table 1,,,,,,,,,,,50.0,,,,C-C coupling,-30.0,,"1,2-dichloroethane",,"CuBr·Me2S (5 mol%), L2 (6 mol%)",Anti:syn ratio 3:97; enantioselectivity not determined (nd).
c2cc16855c,10.1039/c2cc16855c,Table 1,,,,,,,,,,,45.0,,,,C-C coupling,0.0,,"1,2-dichloroethane",,"CuBr·Me2S (5 mol%), L2 (6 mol%)",Anti:syn ratio 16:84; enantioselectivity not determined (nd).
c2cc16855c,10.1039/c2cc16855c,Table 1,,,,,,,,,,,100.0,,,,C-C coupling,-40.0,,"1,2-dichloroethane",,"CuBr·Me2S (5 mol%), L2 (6 mol%), BF3·OEt2",Formation of 1-naphthol and n-butyl naphthalene in 1:1 ratio; enantioselectivity not determined (nd).
c2cc16855c,10.1039/c2cc16855c,Table 1,,,,,,,,,,,100.0,,97.0,,C-C coupling,-80.0,7200.0,dichloromethane,,"CuBr·Me2S (5 mol%), (R,R,R)-L2 (6 mol%), BF3·OEt2",Exclusive formation of anti diastereomer (>99:1 anti:syn).
c2cc16855c,10.1039/c2cc16855c,Table 1,,,,,,,,,,,100.0,,97.0,,C-C coupling,-80.0,57600.0,dichloromethane,,"CuBr·Me2S (5 mol%), (R,R,R)-L2 (6 mol%), BF3·OEt2",Used 1.1 eq. n-butyllithium; exclusive formation of anti diastereomer (>99:1 anti:syn).
c2cc16855c,10.1039/c2cc16855c,Table 2,,1a,,n-BuLi (2a),,,,3aa,84.0,isolated,100.0,,97.0,,C-C coupling,-80.0,57600.0,dichloromethane,,"CuBr·Me2S (5 mol%), L (6 mol%), BF3·OEt2 (1.1 eq.)",Anti:syn ratio >99:1.
c2cc16855c,10.1039/c2cc16855c,Table 2,,1b,,n-BuLi (2a),,,,3ab,82.0,isolated,100.0,,95.0,,C-C coupling,-80.0,57600.0,dichloromethane,,"CuBr·Me2S (5 mol%), L (6 mol%), BF3·OEt2 (1.1 eq.)",Anti:syn ratio >99:1.
c2cc16855c,10.1039/c2cc16855c,Table 2,,1a,,EtLi (2b),,,,3ac,80.0,isolated,100.0,,98.0,,C-C coupling,-80.0,57600.0,dichloromethane,,"CuBr·Me2S (5 mol%), L (6 mol%), BF3·OEt2 (1.1 eq.)",Anti:syn ratio >99:1.
c2cc16855c,10.1039/c2cc16855c,Table 2,,1b,,EtLi (2b),,,,3ad,71.0,isolated,100.0,,97.0,,C-C coupling,-80.0,57600.0,dichloromethane,,"CuBr·Me2S (5 mol%), L (6 mol%), BF3·OEt2 (1.1 eq.)",Anti:syn ratio >99:1.
c2cc16855c,10.1039/c2cc16855c,Table 2,,1a,,n-HexLi (2c),,,,3ae,81.0,isolated,100.0,,97.0,,C-C coupling,-80.0,57600.0,dichloromethane,,"CuBr·Me2S (5 mol%), L (6 mol%), BF3·OEt2 (1.1 eq.)",Anti:syn ratio >99:1.
c2cc16855c,10.1039/c2cc16855c,Table 2,,1b,,n-HexLi (2c),,,,3af,82.0,isolated,100.0,,93.0,,C-C coupling,-80.0,57600.0,dichloromethane,,"CuBr·Me2S (5 mol%), L (6 mol%), BF3·OEt2 (1.1 eq.)",Anti:syn ratio >99:1.
c2cc16855c,10.1039/c2cc16855c,Table 2,,1a,,i-BuLi (2d),,,,3ag,86.0,isolated,100.0,,97.0,,C-C coupling,-80.0,57600.0,dichloromethane,,"CuBr·Me2S (5 mol%), L (6 mol%), BF3·OEt2 (1.1 eq.)",Anti:syn ratio >99:1.
c2cc16855c,10.1039/c2cc16855c,Table 2,,1b,,i-BuLi (2d),,,,3ah,96.0,isolated,100.0,,93.0,,C-C coupling,-80.0,57600.0,dichloromethane,,"CuBr·Me2S (5 mol%), L (6 mol%), BF3·OEt2 (1.1 eq.)",Anti:syn ratio >99:1.
c2cc16855c,10.1039/c2cc16855c,Table 2,,1a,,TMSCH2Li (2e),,,,3ai,65.0,isolated,70.0,,43.0,,C-C coupling,-80.0,57600.0,dichloromethane,,"CuBr·Me2S (5 mol%), L (6 mol%), BF3·OEt2 (1.1 eq.)",Anti:syn ratio >99:1; conversion ~70%.
Nagaki et al. 2013 - Reactions of organolithiums with dialkyl oxalates. A flow microreactor approach to synthesis of functionalized α-keto esters,10.1039/c3cc40392k,Table 1,1,phenyllithium,,diethyl oxalate,,ethyl 2-oxo-2-phenylacetate,,2,25.0,GC,25.0,,,1:1,nucleophilic addition,-78.0,,tetrahydrofuran,batch flask,,Batch reaction: addition of diethyl oxalate to phenyllithium at -78 °C; yield and conversion both 25%.
Nagaki et al. 2013 - Reactions of organolithiums with dialkyl oxalates. A flow microreactor approach to synthesis of functionalized α-keto esters,10.1039/c3cc40392k,Table 1,1,phenyllithium,,diethyl oxalate,,"1,2-diphenylethane-1,2-dione",,3,21.0,GC,25.0,,,1:1,nucleophilic addition,-78.0,,tetrahydrofuran,batch flask,,Batch reaction: di-addition byproduct (3) formed alongside mono-adduct (2); no product 4 observed.
Nagaki et al. 2013 - Reactions of organolithiums with dialkyl oxalates. A flow microreactor approach to synthesis of functionalized α-keto esters,10.1039/c3cc40392k,Table 1,2,phenyllithium,,diethyl oxalate,,ethyl 2-oxo-2-phenylacetate,,2,66.0,GC,66.0,,,1:1,nucleophilic addition,-78.0,,tetrahydrofuran,batch flask,,Batch reaction: simultaneous addition of both reagents at -78 °C; improved yield over sequential addition.
Nagaki et al. 2013 - Reactions of organolithiums with dialkyl oxalates. A flow microreactor approach to synthesis of functionalized α-keto esters,10.1039/c3cc40392k,Table 1,2,phenyllithium,,diethyl oxalate,,"1,2-diphenylethane-1,2-dione",,3,56.0,GC,66.0,,,1:1,nucleophilic addition,-78.0,,tetrahydrofuran,batch flask,,Batch reaction: simultaneous addition gave high di-addition byproduct (3).
Nagaki et al. 2013 - Reactions of organolithiums with dialkyl oxalates. A flow microreactor approach to synthesis of functionalized α-keto esters,10.1039/c3cc40392k,Table 1,2,phenyllithium,,diethyl oxalate,,"ethyl 2-hydroxy-2,2-diphenylacetate",,4,17.0,GC,66.0,,,1:1,nucleophilic addition,-78.0,,tetrahydrofuran,batch flask,,Batch reaction: di-addition product 4 observed only under simultaneous addition.
Nagaki et al. 2013 - Reactions of organolithiums with dialkyl oxalates. A flow microreactor approach to synthesis of functionalized α-keto esters,10.1039/c3cc40392k,Table 1,2,phenyllithium,,diethyl oxalate,,"2-hydroxy-1,2,2-triphenylethanone",,5,0.0,GC,66.0,,,1:1,nucleophilic addition,-78.0,,tetrahydrofuran,batch flask,,Batch reaction: tri-addition product 5 not detected under simultaneous addition at -78 °C.
Nagaki et al. 2013 - Reactions of organolithiums with dialkyl oxalates. A flow microreactor approach to synthesis of functionalized α-keto esters,10.1039/c3cc40392k,Table 1,3,phenyllithium,,diethyl oxalate,,ethyl 2-oxo-2-phenylacetate,,2,9.0,GC,9.0,,,1:1,nucleophilic addition,-78.0,,tetrahydrofuran,batch flask,,Batch reaction: reverse addition (PhLi added to diethyl oxalate) gave low yield.
Nagaki et al. 2013 - Reactions of organolithiums with dialkyl oxalates. A flow microreactor approach to synthesis of functionalized α-keto esters,10.1039/c3cc40392k,Table 1,4,phenyllithium,,diethyl oxalate,,ethyl 2-oxo-2-phenylacetate,,2,66.0,GC,66.0,,,1:1,nucleophilic addition,-60.0,,tetrahydrofuran,batch flask,,Batch reaction: reverse addition at -60 °C gave same yield as simultaneous at -78 °C but lower selectivity (byproduct 3 formed).
Nagaki et al. 2013 - Reactions of organolithiums with dialkyl oxalates. A flow microreactor approach to synthesis of functionalized α-keto esters,10.1039/c3cc40392k,Table 1,4,phenyllithium,,diethyl oxalate,,"1,2-diphenylethane-1,2-dione",,3,13.0,GC,66.0,,,1:1,nucleophilic addition,-60.0,,tetrahydrofuran,batch flask,,Batch reaction: di-addition byproduct 3 forms at higher temperature even under reverse addition.
Nagaki et al. 2013 - Reactions of organolithiums with dialkyl oxalates. A flow microreactor approach to synthesis of functionalized α-keto esters,10.1039/c3cc40392k,Table 1,5,phenyllithium,,diethyl oxalate,,ethyl 2-oxo-2-phenylacetate,,2,62.0,GC,62.0,,,1:1,nucleophilic addition,-40.0,,tetrahydrofuran,batch flask,,Batch reaction: reverse addition at -40 °C gave slightly lower yield than at -60 °C.
Nagaki et al. 2013 - Reactions of organolithiums with dialkyl oxalates. A flow microreactor approach to synthesis of functionalized α-keto esters,10.1039/c3cc40392k,Table 1,5,phenyllithium,,diethyl oxalate,,"1,2-diphenylethane-1,2-dione",,3,15.0,GC,62.0,,,1:1,nucleophilic addition,-40.0,,tetrahydrofuran,batch flask,,Batch reaction: increased formation of di-addition byproduct 3 at -40 °C.
Nagaki et al. 2013 - Reactions of organolithiums with dialkyl oxalates. A flow microreactor approach to synthesis of functionalized α-keto esters,10.1039/c3cc40392k,Table 1,6,phenyllithium,,diethyl oxalate,,ethyl 2-oxo-2-phenylacetate,,2,55.0,GC,55.0,,,1:1,nucleophilic addition,-20.0,,tetrahydrofuran,batch flask,,Batch reaction: reverse addition at -20 °C gave further reduced yield.
Nagaki et al. 2013 - Reactions of organolithiums with dialkyl oxalates. A flow microreactor approach to synthesis of functionalized α-keto esters,10.1039/c3cc40392k,Table 1,6,phenyllithium,,diethyl oxalate,,"1,2-diphenylethane-1,2-dione",,3,18.0,GC,55.0,,,1:1,nucleophilic addition,-20.0,,tetrahydrofuran,batch flask,,Batch reaction: significant di-addition byproduct 3 formed at -20 °C.
Nagaki et al. 2013 - Reactions of organolithiums with dialkyl oxalates. A flow microreactor approach to synthesis of functionalized α-keto esters,10.1039/c3cc40392k,Table 1,7,phenyllithium,,diethyl oxalate,,ethyl 2-oxo-2-phenylacetate,,2,53.0,GC,53.0,,,1:1,nucleophilic addition,0.0,,tetrahydrofuran,batch flask,,Batch reaction: reverse addition at 0 °C — yield continues to decline.
Nagaki et al. 2013 - Reactions of organolithiums with dialkyl oxalates. A flow microreactor approach to synthesis of functionalized α-keto esters,10.1039/c3cc40392k,Table 1,7,phenyllithium,,diethyl oxalate,,"1,2-diphenylethane-1,2-dione",,3,15.0,GC,53.0,,,1:1,nucleophilic addition,0.0,,tetrahydrofuran,batch flask,,Batch reaction: persistent di-addition byproduct 3 at 0 °C.
Nagaki et al. 2013 - Reactions of organolithiums with dialkyl oxalates. A flow microreactor approach to synthesis of functionalized α-keto esters,10.1039/c3cc40392k,Table 1,8,phenyllithium,,diethyl oxalate,,ethyl 2-oxo-2-phenylacetate,,2,43.0,GC,43.0,,,1:1,nucleophilic addition,10.0,,tetrahydrofuran,batch flask,,Batch reaction: lowest yield at 10 °C; highest relative amount of byproducts.
Nagaki et al. 2013 - Reactions of organolithiums with dialkyl oxalates. A flow microreactor approach to synthesis of functionalized α-keto esters,10.1039/c3cc40392k,Table 1,8,phenyllithium,,diethyl oxalate,,"1,2-diphenylethane-1,2-dione",,3,18.0,GC,43.0,,,1:1,nucleophilic addition,10.0,,tetrahydrofuran,batch flask,,Batch reaction: di-addition byproduct 3 remains stable across temperature range.
Nagaki et al. 2013 - Reactions of organolithiums with dialkyl oxalates. A flow microreactor approach to synthesis of functionalized α-keto esters,10.1039/c3cc40392k,Table 1,8,phenyllithium,,diethyl oxalate,,"ethyl 2-hydroxy-2,2-diphenylacetate",,4,0.0,GC,43.0,,,1:1,nucleophilic addition,10.0,,tetrahydrofuran,batch flask,,Batch reaction: di-addition product 4 not observed at any temperature in this study.
Nagaki et al. 2013 - Reactions of organolithiums with dialkyl oxalates. A flow microreactor approach to synthesis of functionalized α-keto esters,10.1039/c3cc40392k,Table 3,1,phenyllithium,,diethyl oxalate,,ethyl 2-oxo-2-phenylacetate,,2,17.5,GC,17.5,,,1:1,nucleophilic addition,-78.0,,tetrahydrofuran,microreactor,,"Flow microreactor: inner diameter of M2 = 250 µm, T1=T2=-78 °C, total flow rate at M2 = 14.0 mL/min."
Nagaki et al. 2013 - Reactions of organolithiums with dialkyl oxalates. A flow microreactor approach to synthesis of functionalized α-keto esters,10.1039/c3cc40392k,Table 3,1,phenyllithium,,diethyl oxalate,,"1,2-diphenylethane-1,2-dione",,3,5.0,GC,17.5,,,1:1,nucleophilic addition,-78.0,,tetrahydrofuran,microreactor,,Flow microreactor: di-addition byproduct 3 observed at lowest flow rate and coldest temperature.
Nagaki et al. 2013 - Reactions of organolithiums with dialkyl oxalates. A flow microreactor approach to synthesis of functionalized α-keto esters,10.1039/c3cc40392k,Table 3,2,phenyllithium,,diethyl oxalate,,ethyl 2-oxo-2-phenylacetate,,2,14.0,GC,14.0,,,1:1,nucleophilic addition,-78.0,,tetrahydrofuran,microreactor,,"Flow microreactor: inner diameter of M2 = 250 µm, T1=T2=-78 °C, total flow rate at M2 = 14.0 mL/min; yield dropped vs entry 1 due to decreased mixing efficiency?"
Nagaki et al. 2013 - Reactions of organolithiums with dialkyl oxalates. A flow microreactor approach to synthesis of functionalized α-keto esters,10.1039/c3cc40392k,Table 3,3,phenyllithium,,diethyl oxalate,,ethyl 2-oxo-2-phenylacetate,,2,10.5,GC,10.5,,,1:1,nucleophilic addition,-78.0,,tetrahydrofuran,microreactor,,"Flow microreactor: inner diameter of M2 = 250 µm, T1=T2=-78 °C, total flow rate at M2 = 14.0 mL/min; yield decreased with larger micromixer diameter."
Nagaki et al. 2013 - Reactions of organolithiums with dialkyl oxalates. A flow microreactor approach to synthesis of functionalized α-keto esters,10.1039/c3cc40392k,Table 3,4,phenyllithium,,diethyl oxalate,,ethyl 2-oxo-2-phenylacetate,,2,7.0,GC,7.0,,,1:1,nucleophilic addition,-78.0,,tetrahydrofuran,microreactor,,"Flow microreactor: inner diameter of M2 = 250 µm, T1=T2=-78 °C, total flow rate at M2 = 14.0 mL/min; yield continued decreasing."
Nagaki et al. 2013 - Reactions of organolithiums with dialkyl oxalates. A flow microreactor approach to synthesis of functionalized α-keto esters,10.1039/c3cc40392k,Table 3,4,phenyllithium,,diethyl oxalate,,"1,2-diphenylethane-1,2-dione",,3,8.0,GC,7.0,,,1:1,nucleophilic addition,-78.0,,tetrahydrofuran,microreactor,,Flow microreactor: di-addition byproduct 3 increased for first time at smallest micromixer diameter (7.0 mm inner diameter).
Nagaki et al. 2013 - Reactions of organolithiums with dialkyl oxalates. A flow microreactor approach to synthesis of functionalized α-keto esters,10.1039/c3cc40392k,Table 3,5,phenyllithium,,diethyl oxalate,,ethyl 2-oxo-2-phenylacetate,,2,3.5,GC,3.5,,,1:1,nucleophilic addition,-78.0,,tetrahydrofuran,microreactor,,"Flow microreactor: inner diameter of M2 = 250 µm, T1=T2=-78 °C, total flow rate at M2 = 14.0 mL/min; lowest yield in series."
Nagaki et al. 2013 - Reactions of organolithiums with dialkyl oxalates. A flow microreactor approach to synthesis of functionalized α-keto esters,10.1039/c3cc40392k,Table 3,5,phenyllithium,,diethyl oxalate,,"1,2-diphenylethane-1,2-dione",,3,29.0,GC,3.5,,,1:1,nucleophilic addition,-78.0,,tetrahydrofuran,microreactor,,Flow microreactor: di-addition byproduct 3 sharply increased at smallest micromixer diameter — indicates poor mixing.
Nagaki et al. 2013 - Reactions of organolithiums with dialkyl oxalates. A flow microreactor approach to synthesis of functionalized α-keto esters,10.1039/c3cc40392k,Table 3,7,phenyllithium,,diethyl oxalate,,ethyl 2-oxo-2-phenylacetate,,2,2.0,GC,2.0,,,1:1,nucleophilic addition,-78.0,,tetrahydrofuran,microreactor,,"Flow microreactor: inner diameter of M2 = 250 µm, T1=T2=-78 °C, total flow rate at M2 = 14.0 mL/min; third run with same geometry."
Nagaki et al. 2013 - Reactions of organolithiums with dialkyl oxalates. A flow microreactor approach to synthesis of functionalized α-keto esters,10.1039/c3cc40392k,Table 3,7,phenyllithium,,diethyl oxalate,,"1,2-diphenylethane-1,2-dione",,3,22.0,GC,2.0,,,1:1,nucleophilic addition,-78.0,,tetrahydrofuran,microreactor,,Flow microreactor: di-addition byproduct 3 increased further — confirms mixing inefficiency dominates at low flow rates.
Nagaki et al. 2013 - Reactions of organolithiums with dialkyl oxalates. A flow microreactor approach to synthesis of functionalized α-keto esters,10.1039/c3cc40392k,Table 2,1,phenyllithium,,diethyl oxalate,,ethyl 2-oxo-2-phenylacetate,,2,77.0,GC,77.0,,,1:1,nucleophilic addition,-60.0,,tetrahydrofuran,microreactor,,"Flow microreactor: optimized temperature (-60 °C), inner diameter of M2 = 250 µm, total flow rate at M2 = 14.0 mL/min; highest yield achieved."
Nagaki et al. 2013 - Reactions of organolithiums with dialkyl oxalates. A flow microreactor approach to synthesis of functionalized α-keto esters,10.1039/c3cc40392k,Table 2,1,phenyllithium,,diethyl oxalate,,"1,2-diphenylethane-1,2-dione",,3,17.0,GC,77.0,,,1:1,nucleophilic addition,-60.0,,tetrahydrofuran,microreactor,,Flow microreactor: di-addition byproduct 3 still present but minimized at optimal temperature.
Nagaki et al. 2013 - Reactions of organolithiums with dialkyl oxalates. A flow microreactor approach to synthesis of functionalized α-keto esters,10.1039/c3cc40392k,Table 2,2,phenyllithium,,diethyl oxalate,,ethyl 2-oxo-2-phenylacetate,,2,47.0,GC,47.0,,,1:1,nucleophilic addition,-40.0,,tetrahydrofuran,microreactor,,Flow microreactor: yield dropped significantly at -40 °C despite identical flow conditions.
Nagaki et al. 2013 - Reactions of organolithiums with dialkyl oxalates. A flow microreactor approach to synthesis of functionalized α-keto esters,10.1039/c3cc40392k,Table 2,2,phenyllithium,,diethyl oxalate,,"1,2-diphenylethane-1,2-dione",,3,22.0,GC,47.0,,,1:1,nucleophilic addition,-40.0,,tetrahydrofuran,microreactor,,Flow microreactor: di-addition byproduct 3 increased at higher temperature.
Nagaki et al. 2013 - Reactions of organolithiums with dialkyl oxalates. A flow microreactor approach to synthesis of functionalized α-keto esters,10.1039/c3cc40392k,Table 2,3,phenyllithium,,diethyl oxalate,,ethyl 2-oxo-2-phenylacetate,,2,43.0,GC,43.0,,,1:1,nucleophilic addition,-20.0,,tetrahydrofuran,microreactor,,"Flow microreactor: yield declined further at -20 °C, chosen as practical operating temperature."
Nagaki et al. 2013 - Reactions of organolithiums with dialkyl oxalates. A flow microreactor approach to synthesis of functionalized α-keto esters,10.1039/c3cc40392k,Table 2,4,phenyllithium,,diethyl oxalate,,ethyl 2-oxo-2-phenylacetate,,2,43.0,GC,43.0,,,1:1,nucleophilic addition,0.0,,tetrahydrofuran,microreactor,,Flow microreactor: yield plateaued at 0 °C.
Nagaki et al. 2013 - Reactions of organolithiums with dialkyl oxalates. A flow microreactor approach to synthesis of functionalized α-keto esters,10.1039/c3cc40392k,Table 2,4,phenyllithium,,diethyl oxalate,,"1,2-diphenylethane-1,2-dione",,3,18.0,GC,43.0,,,1:1,nucleophilic addition,0.0,,tetrahydrofuran,microreactor,,Flow microreactor: di-addition byproduct 3 remained unchanged at 0 °C.
Klatt et al. 2013 - Generation of functionalized aryl and heteroaryl aluminum reagents by halogen-lithium exchange,10.1039/c3cc43356k,page_3_table_0_extracted.csv,,CCOC(=O)c1ccc(Br)s1,,O=C(Cl)c1cccs1,,CCOC(=O)c1ccc(C(=O)c2cccs2)s1,,,,,,,,,halogen-metal exchange,-78.0,600.0,tetrahydrofuran,,CuCN·2LiCl,
Klatt et al. 2013 - Generation of functionalized aryl and heteroaryl aluminum reagents by halogen-lithium exchange,10.1039/c3cc43356k,page_3_table_0_extracted.csv,,*c1cc(Sc2ccccc2)c(Br)s1,,O=C(Cl)C1CC1,,*c1cc(Sc2ccccc2)c(C(=O)C2CC2)s1,,,,,,,,,halogen-metal exchange,-78.0,600.0,tetrahydrofuran,,CuCN·2LiCl,
Klatt et al. 2013 - Generation of functionalized aryl and heteroaryl aluminum reagents by halogen-lithium exchange,10.1039/c3cc43356k,page_3_table_0_extracted.csv,,Brc1cnc2ccccc2c1,,N#Cc1ccc(I)cc1,,N#Cc1ccc(-c2cnc3ccccc3c2)cc1,,,,,,,,,halogen-metal exchange,-78.0,600.0,tetrahydrofuran,,Pd2dba3,
c3sc53047g,10.1039/c3sc53047g,Table 1,,hindered aryl bromide 6a,,iPrLi,,branched product 7a,,7a,96.0,isolated,100.0,,,,C-C coupling,25.0,3600.0,toluene,,Pd(PtBu3)2 (5 mol%),Product ratio 7a:8:9 = 48:52:0 by GC analysis.
c3sc53047g,10.1039/c3sc53047g,Table 1,,hindered aryl bromide 6a,,iPrLi,,branched product 7a,,7a,,,100.0,,,,C-C coupling,25.0,3600.0,toluene,,Pd2(dba)3 (2.5 mol%) with L1 (10 mol%),Product ratio 7a:8:9 = 13:16:71 by GC analysis; major product is reduced arene (anthracene 9).
c3sc53047g,10.1039/c3sc53047g,Table 1,,hindered aryl bromide 6a,,iPrLi,,branched product 7a,,7a,95.0,isolated,100.0,,,,C-C coupling,25.0,3600.0,toluene,,"Pd2(dba)3 (2.5 mol%) with L4 (Qphos, 10 mol%)",Product ratio 7a:8:9 = 97:3:0 by 1H NMR analysis.
c3sc53047g,10.1039/c3sc53047g,Table 1,,hindered aryl bromide 6a,,iPrLi,,branched product 7a,,7a,97.0,isolated,100.0,,,,C-C coupling,25.0,3600.0,toluene,,"Pd2(dba)3 (1.25 mol%) with L4 (Qphos, 5 mol%)",Product ratio 7a:8:9 = 97:3:0 by 1H NMR analysis.
Pieber et al. 2014 - Flash carboxylation - fast lithiation–carboxylation sequence at room temperature in continuous flow,10.1039/c4ra01442a,Table 1,1a,phenylacetylene,,,,,,1a,93.0,isolated,93.0,99.0,,"1.1 equiv. LiHMDS, 1.2 equiv. CO2",directed metalation,25.0,3.5,tetrahydrofuran,T-shaped micromixer + capillary/coil reactor,,
Pieber et al. 2014 - Flash carboxylation - fast lithiation–carboxylation sequence at room temperature in continuous flow,10.1039/c4ra01442a,Table 1,1b,4-methylphenylacetylene,,,,,,1b,94.0,isolated,94.0,92.0,,"1.1 equiv. LiHMDS, 1.2 equiv. CO2",directed metalation,25.0,3.5,tetrahydrofuran,T-shaped micromixer + capillary/coil reactor,,
Pieber et al. 2014 - Flash carboxylation - fast lithiation–carboxylation sequence at room temperature in continuous flow,10.1039/c4ra01442a,Table 1,1c,4-trifluoromethylphenylacetylene,,,,,,1c,91.0,isolated,91.0,89.0,,"1.1 equiv. LiHMDS, 1.2 equiv. CO2",directed metalation,25.0,3.5,tetrahydrofuran,T-shaped micromixer + capillary/coil reactor,,
Pieber et al. 2014 - Flash carboxylation - fast lithiation–carboxylation sequence at room temperature in continuous flow,10.1039/c4ra01442a,Table 1,1d,4-cyanophenylacetylene,,,,,,1d,91.0,isolated,91.0,89.0,,"1.1 equiv. LiHMDS, 1.2 equiv. CO2",directed metalation,25.0,3.5,tetrahydrofuran,T-shaped micromixer + capillary/coil reactor,,
Pieber et al. 2014 - Flash carboxylation - fast lithiation–carboxylation sequence at room temperature in continuous flow,10.1039/c4ra01442a,Table 1,1e,4-hydroxyphenylacetylene,,,,,,1e,,,,,,"1.1 equiv. LiHMDS, 1.2 equiv. CO2",directed metalation,25.0,3.5,tetrahydrofuran,T-shaped micromixer + capillary/coil reactor,,Clogging occurred due to precipitation of organometallic intermediate.
Pieber et al. 2014 - Flash carboxylation - fast lithiation–carboxylation sequence at room temperature in continuous flow,10.1039/c4ra01442a,Table 1,1f,4-methoxyphenylacetylene,,,,,,1f,97.0,isolated,97.0,95.0,,"1.1 equiv. LiHMDS, 1.2 equiv. CO2",directed metalation,25.0,3.5,tetrahydrofuran,T-shaped micromixer + capillary/coil reactor,,
Pieber et al. 2014 - Flash carboxylation - fast lithiation–carboxylation sequence at room temperature in continuous flow,10.1039/c4ra01442a,Table 1,1g,2-ethynylthiophene,,,,,,1g,93.0,isolated,93.0,98.0,,"1.1 equiv. LiHMDS, 1.2 equiv. CO2",directed metalation,25.0,3.5,tetrahydrofuran,T-shaped micromixer + capillary/coil reactor,,
Pieber et al. 2014 - Flash carboxylation - fast lithiation–carboxylation sequence at room temperature in continuous flow,10.1039/c4ra01442a,Table 1,1h,3-ethynylpyridine,,,,,,1h,,,,,,"1.1 equiv. LiHMDS, 1.2 equiv. CO2",directed metalation,25.0,3.5,tetrahydrofuran,T-shaped micromixer + capillary/coil reactor,,Clogging occurred due to precipitation of carboxylate.
Pieber et al. 2014 - Flash carboxylation - fast lithiation–carboxylation sequence at room temperature in continuous flow,10.1039/c4ra01442a,Table 1,1i,1-octyne,,,,,,1i,94.0,isolated,94.0,92.0,,"1.1 equiv. LiHMDS, 1.2 equiv. CO2",directed metalation,25.0,3.5,tetrahydrofuran,T-shaped micromixer + capillary/coil reactor,,
Pieber et al. 2014 - Flash carboxylation - fast lithiation–carboxylation sequence at room temperature in continuous flow,10.1039/c4ra01442a,Table 1,1j,cyclohexylacetylene,,,,,,1j,91.0,isolated,91.0,89.0,,"1.1 equiv. LiHMDS, 1.2 equiv. CO2",directed metalation,25.0,3.5,tetrahydrofuran,T-shaped micromixer + capillary/coil reactor,,
Moon et al. 2015 - Synthesis of ketones via organolithium addition to acid chlorides using continuous flow chemistry,10.1039/c5ra14890a,Table 1,1,1-bromo-4-methoxybenzene,,benzoyl chloride,,ketone 3a,,3a,0.0,GC,,,,,nucleophilic addition,0.0,,tetrahydrofuran,microreactor,,Entry 1: undesired tertiary alcohol 4a formed in 33% GC yield; ketone 3a not detected (reported as 0% yield).
Moon et al. 2015 - Synthesis of ketones via organolithium addition to acid chlorides using continuous flow chemistry,10.1039/c5ra14890a,Table 1,2,1-bromo-4-methoxybenzene,,benzoyl chloride,,ketone 3a,,3a,10.0,GC,,,,,nucleophilic addition,0.0,,tetrahydrofuran,microreactor,,"Entry 2: inner diameter of M2 = 500 mm; yield of 3a is 10% (GC), 4a is 73% (GC)."
Moon et al. 2015 - Synthesis of ketones via organolithium addition to acid chlorides using continuous flow chemistry,10.1039/c5ra14890a,Table 1,3,1-bromo-4-methoxybenzene,,benzoyl chloride,,ketone 3a,,3a,15.0,GC,,,,,nucleophilic addition,0.0,,tetrahydrofuran,microreactor,,"Entry 3: inner diameter of M2 = 500 mm; yield of 3a is 15% (GC), 4a is 65% (GC)."
Moon et al. 2015 - Synthesis of ketones via organolithium addition to acid chlorides using continuous flow chemistry,10.1039/c5ra14890a,Table 1,4,1-bromo-4-methoxybenzene,,benzoyl chloride,,ketone 3a,,3a,21.0,GC,,,,,nucleophilic addition,0.0,,tetrahydrofuran,microreactor,,"Entry 4: inner diameter of M2 = 500 mm; yield of 3a is 21% (GC), 4a is 64% (GC)."
Moon et al. 2015 - Synthesis of ketones via organolithium addition to acid chlorides using continuous flow chemistry,10.1039/c5ra14890a,Table 1,5,1-bromo-4-methoxybenzene,,benzoyl chloride,,ketone 3a,,3a,51.0,GC,,,,,nucleophilic addition,-20.0,,tetrahydrofuran,microreactor,,"Entry 5: inner diameter of M2 = 250 mm; yield of 3a is 51% (GC), 4a is 42% (GC)."
Moon et al. 2015 - Synthesis of ketones via organolithium addition to acid chlorides using continuous flow chemistry,10.1039/c5ra14890a,Table 1,6,1-bromo-4-methoxybenzene,,benzoyl chloride,,ketone 3a,,3a,47.0,GC,,,,,nucleophilic addition,-40.0,,tetrahydrofuran,microreactor,,"Entry 6: inner diameter of M2 = 250 mm; yield of 3a is 47% (GC), 4a is 42% (GC)."
Moon et al. 2015 - Synthesis of ketones via organolithium addition to acid chlorides using continuous flow chemistry,10.1039/c5ra14890a,Table 1,7,1-bromo-4-methoxybenzene,,benzoyl chloride,,ketone 3a,,3a,49.0,GC,,,,,nucleophilic addition,-40.0,,tetrahydrofuran,microreactor,,"Entry 7: inner diameter of M2 = 250 mm; yield of 3a is 49% (GC), 4a is 39% (GC)."
Moon et al. 2015 - Synthesis of ketones via organolithium addition to acid chlorides using continuous flow chemistry,10.1039/c5ra14890a,Table 1,8,1-bromo-4-methoxybenzene,,benzoyl chloride,,ketone 3a,,3a,57.0,GC,,,,,nucleophilic addition,-40.0,,tetrahydrofuran,microreactor,,"Entry 8: inner diameter of M2 = 250 mm; yield of 3a is 57% (GC), 4a is 31% (GC)."
Moon et al. 2015 - Synthesis of ketones via organolithium addition to acid chlorides using continuous flow chemistry,10.1039/c5ra14890a,Table 1,9,1-bromo-4-methoxybenzene,,benzoyl chloride,,ketone 3a,,3a,55.0,GC,,,,,nucleophilic addition,-78.0,,tetrahydrofuran,microreactor,,"Entry 9: inner diameter of M2 = 250 mm; yield of 3a is 55% (GC), 4a is 31% (GC)."
Moon et al. 2015 - Synthesis of ketones via organolithium addition to acid chlorides using continuous flow chemistry,10.1039/c5ra14890a,Table 1,10,1-bromo-4-methoxybenzene,,benzoyl chloride,,ketone 3a,,3a,66.0,isolated,,,,,nucleophilic addition,-40.0,,dichloromethane,microreactor,,"Entry 10: solvent changed to CH2Cl2, acid chloride concentration increased to 0.075 M; isolated yield of 3a is 66%, 4a is 13%."
Moon et al. 2015 - Synthesis of ketones via organolithium addition to acid chlorides using continuous flow chemistry,10.1039/c5ra14890a,Table 2,1,1-bromo-4-methoxybenzene,,benzoyl chloride,,ketone 3a,,3a,62.0,isolated,,,,,nucleophilic addition,-40.0,,dichloromethane,microreactor,,Table 2 entry 1: aryl acid chloride with electron-donating group (p-methoxybenzoyl chloride); ketone 3a yield 62%.
Moon et al. 2015 - Synthesis of ketones via organolithium addition to acid chlorides using continuous flow chemistry,10.1039/c5ra14890a,Table 2,2,1-bromo-4-methoxybenzene,,4-chlorobenzoyl chloride,,ketone 3b,,3b,77.0,isolated,,,,,nucleophilic addition,-40.0,,dichloromethane,microreactor,,Table 2 entry 2: aryl acid chloride with electron-neutral substituent (4-chlorobenzoyl chloride); ketone 3b yield 77%.
Moon et al. 2015 - Synthesis of ketones via organolithium addition to acid chlorides using continuous flow chemistry,10.1039/c5ra14890a,Table 2,3,1-bromo-4-methoxybenzene,,4-fluorobenzoyl chloride,,ketone 3c,,3c,75.0,isolated,,,,,nucleophilic addition,-40.0,,dichloromethane,microreactor,,Table 2 entry 3: aryl acid chloride with electron-neutral substituent (4-fluorobenzoyl chloride); ketone 3c yield 75%.
Moon et al. 2015 - Synthesis of ketones via organolithium addition to acid chlorides using continuous flow chemistry,10.1039/c5ra14890a,Table 2,5,1-bromo-4-methoxybenzene,,4-(trifluoromethyl)benzoyl chloride,,ketone 3e,,3e,62.0,isolated,,,,,nucleophilic addition,-40.0,,dichloromethane,microreactor,,Table 2 entry 5: aryl acid chloride with electron-withdrawing group (4-(trifluoromethyl)benzoyl chloride); ketone 3e yield 62%.
Moon et al. 2015 - Synthesis of ketones via organolithium addition to acid chlorides using continuous flow chemistry,10.1039/c5ra14890a,Table 2,9,1-bromo-4-methoxybenzene,,6-chloronicotinoyl chloride,,ketone 3i,,3i,45.0,isolated,,,,,nucleophilic addition,-40.0,,dichloromethane,microreactor,,Table 2 entry 9: heterocyclic acid chloride (6-chloronicotinoyl chloride); ketone 3i yield 45%.
Moon et al. 2015 - Synthesis of ketones via organolithium addition to acid chlorides using continuous flow chemistry,10.1039/c5ra14890a,Table 2,10,1-bromo-4-methoxybenzene,,thiophene-2-carbonyl chloride,,ketone 3j,,3j,55.0,isolated,,,,,nucleophilic addition,-40.0,,dichloromethane,microreactor,,Table 2 entry 10: heterocyclic acid chloride (thiophene-2-carbonyl chloride); ketone 3j yield 55%.
Moon et al. 2015 - Synthesis of ketones via organolithium addition to acid chlorides using continuous flow chemistry,10.1039/c5ra14890a,Table 2,11,1-bromo-4-methoxybenzene,,ethyl 4-(4-methoxybenzoyl)benzoate,,ketone 3k,,3k,43.0,isolated,,,,,nucleophilic addition,-40.0,,dichloromethane,microreactor,,Table 2 entry 11: acid chloride with ester functionality (ethyl 4-(4-methoxybenzoyl)benzoate); ketone 3k yield 43%.
Moon et al. 2015 - Synthesis of ketones via organolithium addition to acid chlorides using continuous flow chemistry,10.1039/c5ra14890a,Table 3,1,4-methylphenylbromide,,pivaloyl chloride,,ketone 5a,,5a,50.0,isolated,,,,,nucleophilic addition,-40.0,,dichloromethane,microreactor,,Table 3 entry 1: aliphatic acid chloride (pivaloyl chloride) with aromatic bromide (4-methylphenylbromide); ketone 5a yield 50%.
Moon et al. 2015 - Synthesis of ketones via organolithium addition to acid chlorides using continuous flow chemistry,10.1039/c5ra14890a,Table 3,2,3-thienylbromide,,pivaloyl chloride,,ketone 5b,,5b,86.0,isolated,,,,,nucleophilic addition,-40.0,,dichloromethane,microreactor,,Table 3 entry 2: aliphatic acid chloride (pivaloyl chloride) with heteroaromatic bromide (3-thienylbromide); ketone 5b yield 86%.
Moon et al. 2015 - Synthesis of ketones via organolithium addition to acid chlorides using continuous flow chemistry,10.1039/c5ra14890a,Table 3,3,4-cyanophenylbromide,,pivaloyl chloride,,ketone 5c,,5c,55.0,isolated,,,,,nucleophilic addition,-40.0,,dichloromethane,microreactor,,Table 3 entry 3: aliphatic acid chloride (pivaloyl chloride) with electron-deficient aromatic bromide (4-cyanophenylbromide); ketone 5c yield 55%.
Degennaro et al. 2016 - A direct and sustainable synthesis of tertiary butyl esters enabled by flow microreactors,10.1039/c6cc04588j,Table 1,,hexyllithium,,di-tert-butyl dicarbonate,,tert-butyl hexanoate,,1,,,,,,"HexLi (1.0 equiv), (Boc)2O (0.95 equiv)",nucleophilic addition,-50.0,23.56,2-methyltetrahydrofuran,T-shaped stainless steel micromixer + microtube reactor,,
Degennaro et al. 2016 - A direct and sustainable synthesis of tertiary butyl esters enabled by flow microreactors,10.1039/c6cc04588j,Table 1,,hexyllithium,,di-tert-butyl dicarbonate,,tert-butyl hexanoate,,1,,,,,,"HexLi (1.0 equiv), (Boc)2O (1.0 equiv)",nucleophilic addition,-50.0,11.78,2-methyltetrahydrofuran,T-shaped stainless steel micromixer + microtube reactor,,
Degennaro et al. 2016 - A direct and sustainable synthesis of tertiary butyl esters enabled by flow microreactors,10.1039/c6cc04588j,Table 1,,hexyllithium,,di-tert-butyl dicarbonate,,tert-butyl hexanoate,,1,,,,,,"HexLi (1.0 equiv), (Boc)2O (1.0 equiv)",nucleophilic addition,-50.0,6.04,2-methyltetrahydrofuran,T-shaped stainless steel micromixer + microtube reactor,,
Degennaro et al. 2016 - A direct and sustainable synthesis of tertiary butyl esters enabled by flow microreactors,10.1039/c6cc04588j,Table 1,,hexyllithium,,di-tert-butyl dicarbonate,,tert-butyl hexanoate,,1,96.0,GC,,,,"HexLi (1.1 equiv), (Boc)2O (1.0 equiv)",nucleophilic addition,-50.0,5.61,2-methyltetrahydrofuran,T-shaped stainless steel micromixer + microtube reactor,,
Degennaro et al. 2016 - A direct and sustainable synthesis of tertiary butyl esters enabled by flow microreactors,10.1039/c6cc04588j,Table 1,,phenyllithium,,di-tert-butyl dicarbonate,,tert-butyl benzoate,,3,95.0,GC,,,,"PhLi (1.1 equiv), (Boc)2O (1.0 equiv)",nucleophilic addition,-50.0,5.61,2-methyltetrahydrofuran,T-shaped stainless steel micromixer + microtube reactor,,
Degennaro et al. 2016 - A direct and sustainable synthesis of tertiary butyl esters enabled by flow microreactors,10.1039/c6cc04588j,Table 2,,hexyllithium,,di-tert-butyl dicarbonate,,tert-butyl hexanoate,,1c,,GC,,,,"HexLi (1.1 equiv), (Boc)2O (1.1 equiv)",nucleophilic addition,-30.0,5.61,2-methyltetrahydrofuran,microflow system,,
Degennaro et al. 2016 - A direct and sustainable synthesis of tertiary butyl esters enabled by flow microreactors,10.1039/c6cc04588j,Table 2,,hexyllithium,,di-tert-butyl dicarbonate,,tert-butyl hexanoate,,1c,,GC,,,,"HexLi (1.1 equiv), (Boc)2O (1.1 equiv)",nucleophilic addition,-5.0,5.61,2-methyltetrahydrofuran,microflow system,,
Degennaro et al. 2016 - A direct and sustainable synthesis of tertiary butyl esters enabled by flow microreactors,10.1039/c6cc04588j,Table 2,,hexyllithium,,di-tert-butyl dicarbonate,,tert-butyl hexanoate,,1c,,GC,,,,"HexLi (1.1 equiv), (Boc)2O (1.1 equiv)",nucleophilic addition,25.0,5.61,2-methyltetrahydrofuran,microflow system,,
Degennaro et al. 2016 - A direct and sustainable synthesis of tertiary butyl esters enabled by flow microreactors,10.1039/c6cc04588j,Table 3,A,1-bromo-4-chlorobenzene,,di-tert-butyl dicarbonate,,tert-butyl 4-chlorobenzoate,,6a,,NMR,,,,,halogen-metal exchange,0.0,7.35,2-methyltetrahydrofuran,flow microreactor,,
Degennaro et al. 2016 - A direct and sustainable synthesis of tertiary butyl esters enabled by flow microreactors,10.1039/c6cc04588j,Table 3,B,1-bromo-4-chlorobenzene,,di-tert-butyl dicarbonate,,tert-butyl 4-chlorobenzoate,,6a,,NMR,,,,,halogen-metal exchange,0.0,9.11,2-methyltetrahydrofuran,flow microreactor,,
Degennaro et al. 2016 - A direct and sustainable synthesis of tertiary butyl esters enabled by flow microreactors,10.1039/c6cc04588j,Table 3,C,1-bromo-4-chlorobenzene,,di-tert-butyl dicarbonate,,tert-butyl 4-chlorobenzoate,,6a,,NMR,,,,,halogen-metal exchange,0.0,11.38,2-methyltetrahydrofuran,flow microreactor,,
Degennaro et al. 2016 - A direct and sustainable synthesis of tertiary butyl esters enabled by flow microreactors,10.1039/c6cc04588j,Table 3,D,1-bromo-4-chlorobenzene,,di-tert-butyl dicarbonate,,tert-butyl 4-chlorobenzoate,,6a,90.0,NMR,,,,,halogen-metal exchange,0.0,17.1,2-methyltetrahydrofuran,flow microreactor,,
Köckinger et al. 2018 - Utilization of fluoroform for difluoromethylation in continuous flow - a concise synthesis of α-difluoromethyl-amino acids,10.1039/c7gc02913f,Table 1,1,diethyl phenylmalonate,,fluoroform,,difluoromethylated diethyl phenylmalonate,,,,,0.0,,,tBuOK (3 equiv.),alkylation,-80.0,,tetrahydrofuran,,,
Köckinger et al. 2018 - Utilization of fluoroform for difluoromethylation in continuous flow - a concise synthesis of α-difluoromethyl-amino acids,10.1039/c7gc02913f,Table 1,3,diethyl phenylmalonate,,fluoroform,,difluoromethylated diethyl phenylmalonate,,,,,0.0,,,LDA (2 equiv.),alkylation,,,tetrahydrofuran,,,
Köckinger et al. 2018 - Utilization of fluoroform for difluoromethylation in continuous flow - a concise synthesis of α-difluoromethyl-amino acids,10.1039/c7gc02913f,Table 1,7,diethyl phenylmalonate,,fluoroform,,difluoromethylated diethyl phenylmalonate,,,,,,,,KOH (15 equiv.),alkylation,32.0,,aqueous,,,20% ethyl phenylacetate formed by hydrolysis and decarboxylation.
Köckinger et al. 2018 - Utilization of fluoroform for difluoromethylation in continuous flow - a concise synthesis of α-difluoromethyl-amino acids,10.1039/c7gc02913f,Table 2,,methyl diphenylacetate,,fluoroform,,difluoromethylated methyl diphenylacetate,,,,,,,,LiHMDS (1.33 equiv.); CHF3 (2.5 equiv.),alkylation,-10.0,1200.0,tetrahydrofuran,T-shaped micromixer + capillary/coil reactor,,
Köckinger et al. 2018 - Utilization of fluoroform for difluoromethylation in continuous flow - a concise synthesis of α-difluoromethyl-amino acids,10.1039/c7gc02913f,Table 2,,methyl diphenylacetate,,fluoroform,,difluoromethylated methyl diphenylacetate,,,,,,,,LiHMDS (1.33 equiv.); CHF3 (2.5 equiv.),alkylation,-15.0,1200.0,tetrahydrofuran,T-shaped micromixer + capillary/coil reactor,,
Nagaki et al. 2017 - Micromixing enables chemoselective reactions of difunctional electrophiles with functional aryllithiums,10.1039/c7re00142h,page_2_table_0_extracted.csv,,4-cyanobromobenzene,,n-butyllithium,,4-cyanobenzyl alcohol,,,,,,,,,halogen-metal exchange,-78.0,,tetrahydrofuran,"T-shaped micromixer + microtube reactor (two-stage: M1/R1 for Br–Li exchange, M2/R2 for quench with MeOH)",,"Yield columns correspond to different equivalents of methanol (2, 3, or 4 equiv) used as electrophile/quencher; conversion reflects consumption of 4-cyanobromobenzene."
Nagaki et al. 2017 - Micromixing enables chemoselective reactions of difunctional electrophiles with functional aryllithiums,10.1039/c7re00142h,page_2_table_1_extracted.csv,,4-cyanobromobenzene,,n-butyllithium,,4-cyanobenzyl methyl ether,,,,,,,,,halogen-metal exchange,,,tetrahydrofuran,"flow microreactor with two micromixers (M1, M2) and two microtube reactors (R1, R2)",n-butyllithium,"Higher total flow rates in M1 correlate with higher yield, indicating faster mixing suppresses side reaction (n-BuLi addition to cyano group)."
Nagaki et al. 2017 - Micromixing enables chemoselective reactions of difunctional electrophiles with functional aryllithiums,10.1039/c7re00142h,page_2_table_2_extracted.csv,,6-oxo-6-phenylhexanal,,phenyllithium,,"6-hydroxy-1,6-diphenylhexan-1-one",,2,,,,,,,nucleophilic addition,-40.0,,"['tetrahydrofuran', 'diethyl ether', 'cyclohexane']","micromixer (M) + capillary reactor (R, ϕ = 1000 μm, L = 100 cm)",,"Flow rate column refers to PhLi stream only; solvent system is mixed: substrate in THF, PhLi in Et2O/cyclohexane."
Nagaki et al. 2017 - Micromixing enables chemoselective reactions of difunctional electrophiles with functional aryllithiums,10.1039/c7re00142h,page_3_table_0_extracted.csv,,4-benzoylbenzaldehyde,,phenyllithium,,(4-(hydroxy(phenyl)methyl)phenyl)(phenyl)methanone,,8,,,,,,,nucleophilic addition,,,tetrahydrofuran,two micromixers (M1 and M2) and two microtube reactors (R1 and R2),,Yields reflect competing chemoselective pathways; inner diameter and flow rate jointly govern micromixing quality.
Nagaki et al. 2017 - Micromixing enables chemoselective reactions of difunctional electrophiles with functional aryllithiums,10.1039/c7re00142h,page_3_table_1_extracted.csv,,4-benzoylbenzaldehyde,,phenyllithium,,(4-(hydroxy(phenyl)methyl)phenyl)(phenyl)methanone,,8,,,,,,,nucleophilic addition,-40.0,,tetrahydrofuran,"flow microreactor with two micromixers (M1, M2) and two microtube reactors (R1, R2)",,Yields correspond to different products arising from competitive pathways; high flow rates favor selective aryllithium formation and trapping.
d0cc03768k,10.1039/d0cc03768k,page_4_table_0_extracted.csv,,1-phenylpropan-1-ol (3a),,n-BuLi,,tertiary alcohol 5a,,5a,76.0,isolated,,,,,C-C coupling,25.0,,water,,AZADO (1 mol%) with NaClO (1.2 eq.),"Reactions performed at room temperature, under air (aerobic), in aqueous media; no inert atmosphere or dry solvents used."
d0cc03768k,10.1039/d0cc03768k,page_4_table_0_extracted.csv,,1-phenylpropan-1-ol (3a),,sec-BuLi,,tertiary alcohol 5c,,5c,8.0,isolated,,,,,C-C coupling,25.0,,water,,AZADO (1 mol%) with NaClO (1.2 eq.),"Reactions performed at room temperature, under air (aerobic), in aqueous media; no inert atmosphere or dry solvents used."
d0cc03768k,10.1039/d0cc03768k,page_4_table_0_extracted.csv,,p-Cl substituted alcohol (3α),,n-BuLi,,tertiary alcohol 5e,,5e,82.0,isolated,,,,,C-C coupling,25.0,,water,,AZADO (1 mol%) with NaClO (1.2 eq.),"Reactions performed at room temperature, under air (aerobic), in aqueous media; no inert atmosphere or dry solvents used."
d0cc03768k,10.1039/d0cc03768k,page_4_table_0_extracted.csv,,p-Cl substituted alcohol (3h),,sec-BuLi,,tertiary alcohol 5f,,5f,54.0,isolated,,,,,C-C coupling,25.0,,water,,AZADO (1 mol%) with NaClO (1.2 eq.),"Reactions performed at room temperature, under air (aerobic), in aqueous media; no inert atmosphere or dry solvents used."
d0cc03768k,10.1039/d0cc03768k,page_4_table_0_extracted.csv,,p-Br substituted alcohol (3c),,n-BuLi,,tertiary alcohol 5g,,5g,95.0,isolated,,,,,C-C coupling,25.0,,water,,AZADO (1 mol%) with NaClO (1.2 eq.),"Reactions performed at room temperature, under air (aerobic), in aqueous media; no inert atmosphere or dry solvents used."
d0cc03768k,10.1039/d0cc03768k,page_4_table_0_extracted.csv,,p-Br substituted alcohol (3c),,sec-BuLi,,tertiary alcohol 5h,,5h,,isolated,,,,,C-C coupling,25.0,,water,,AZADO (1 mol%) with NaClO (1.2 eq.),"Reactions performed at room temperature, under air (aerobic), in aqueous media; no inert atmosphere or dry solvents used."
d0cc03768k,10.1039/d0cc03768k,page_4_table_0_extracted.csv,,p-Me substituted alcohol (3d),,n-BuLi,,tertiary alcohol 5i,,5i,90.0,isolated,,,,,C-C coupling,25.0,,water,,AZADO (1 mol%) with NaClO (1.2 eq.),"Reactions performed at room temperature, under air (aerobic), in aqueous media; no inert atmosphere or dry solvents used."
d0cc03768k,10.1039/d0cc03768k,page_4_table_0_extracted.csv,,p-Me substituted alcohol (3d),,sec-BuLi,,,,,66.0,isolated,,,,,C-C coupling,25.0,,water,,AZADO (1 mol%) with NaClO (1.2 eq.),"Reactions performed at room temperature, under air (aerobic), in aqueous media; no inert atmosphere or dry solvents used."
d0cc03768k,10.1039/d0cc03768k,page_4_table_0_extracted.csv,,p-MeO substituted alcohol (3e),,n-BuLi,,tertiary alcohol 5k,,5k,40.0,isolated,,,,,C-C coupling,25.0,,water,,AZADO (1 mol%) with NaClO (1.2 eq.),"Reactions performed at room temperature, under air (aerobic), in aqueous media; no inert atmosphere or dry solvents used."
d0cc03768k,10.1039/d0cc03768k,page_4_table_0_extracted.csv,,p-MeO substituted alcohol (3e),,sec-BuLi,,tertiary alcohol 51,,51,74.0,isolated,,,,,C-C coupling,25.0,,water,,AZADO (1 mol%) with NaClO (1.2 eq.),"Reactions performed at room temperature, under air (aerobic), in aqueous media; no inert atmosphere or dry solvents used."
d0cc03768k,10.1039/d0cc03768k,page_4_table_0_extracted.csv,,o-Me substituted alcohol (3t?),,n-BuLi,,tertiary alcohol 5m,,5m,68.0,isolated,,,,,C-C coupling,25.0,,water,,AZADO (1 mol%) with NaClO (1.2 eq.),"Reactions performed at room temperature, under air (aerobic), in aqueous media; no inert atmosphere or dry solvents used."
d0cc03768k,10.1039/d0cc03768k,page_4_table_0_extracted.csv,,o-Me substituted alcohol (3t?),,sec-BuLi,,tertiary alcohol 5n,,5n,39.0,isolated,,,,,C-C coupling,25.0,,water,,AZADO (1 mol%) with NaClO (1.2 eq.),"Reactions performed at room temperature, under air (aerobic), in aqueous media; no inert atmosphere or dry solvents used."
d0cc03768k,10.1039/d0cc03768k,page_2_table_0_extracted.csv,,,,,,,,,95.0,isolated,,,,,oxidation,25.0,,aqueous (water-based) medium,,"AZADO (typically 1 mol%, per scheme conditions)","Reactions conducted at room temperature, under aerobic (air) conditions, in aqueous media; oxidant typically used at 1.2 equiv (per scheme); organolithium reagent added after oxidation step."
d0cc03768k,10.1039/d0cc03768k,page_2_table_0_extracted.csv,,,,,,,,,66.0,isolated,,,,,oxidation,25.0,,aqueous (water-based) medium,,"AZADO (typically 1 mol%, per scheme conditions)","Reactions conducted at room temperature, under aerobic (air) conditions, in aqueous media; oxidant typically used at 1.2 equiv (per scheme); organolithium reagent added after oxidation step."
d0cc03768k,10.1039/d0cc03768k,page_2_table_0_extracted.csv,,,,,,,,,99.0,isolated,,,,,oxidation,25.0,,aqueous (water-based) medium,,"AZADO (typically 1 mol%, per scheme conditions)","Reactions conducted at room temperature, under aerobic (air) conditions, in aqueous media; oxidant typically used at 1.2 equiv (per scheme); organolithium reagent added after oxidation step."
d0cc03768k,10.1039/d0cc03768k,page_2_table_0_extracted.csv,,,,,,,,,69.0,isolated,,,,,oxidation,25.0,,aqueous (water-based) medium,,"AZADO (typically 1 mol%, per scheme conditions)","Reactions conducted at room temperature, under aerobic (air) conditions, in aqueous media; oxidant typically used at 1.2 equiv (per scheme); organolithium reagent added after oxidation step."
d0cc03768k,10.1039/d0cc03768k,page_2_table_0_extracted.csv,,,,,,,,,13.0,isolated,,,,,oxidation,25.0,,aqueous (water-based) medium,,"AZADO (typically 1 mol%, per scheme conditions)","Reactions conducted at room temperature, under aerobic (air) conditions, in aqueous media; oxidant typically used at 1.2 equiv (per scheme); organolithium reagent added after oxidation step."
d0cc03768k,10.1039/d0cc03768k,page_2_table_0_extracted.csv,,,,,,,,,17.0,isolated,,,,,oxidation,25.0,,aqueous (water-based) medium,,"AZADO (typically 1 mol%, per scheme conditions)","Reactions conducted at room temperature, under aerobic (air) conditions, in aqueous media; oxidant typically used at 1.2 equiv (per scheme); organolithium reagent added after oxidation step."
d0cc03768k,10.1039/d0cc03768k,page_2_table_0_extracted.csv,,,,,,,,,42.0,isolated,,,,,oxidation,25.0,,aqueous (water-based) medium,,"AZADO (typically 1 mol%, per scheme conditions)","Reactions conducted at room temperature, under aerobic (air) conditions, in aqueous media; oxidant typically used at 1.2 equiv (per scheme); organolithium reagent added after oxidation step."
d0cc03768k,10.1039/d0cc03768k,page_2_table_0_extracted.csv,,,,,,,,,4.0,isolated,,,,,oxidation,25.0,,aqueous (water-based) medium,,"AZADO (typically 1 mol%, per scheme conditions)","Reactions conducted at room temperature, under aerobic (air) conditions, in aqueous media; oxidant typically used at 1.2 equiv (per scheme); organolithium reagent added after oxidation step."
d0cc03768k,10.1039/d0cc03768k,page_3_table_0_extracted.csv,,1-phenylpropan-1-ol (3a),,n-BuLi,,tertiary alcohol 5a,,5a,23.0,isolated,,,,,C-C coupling,25.0,,water,,AZADO (1 mol%) with NaOCl (1.2 eq.) as oxidant,"Reactions performed at room temperature, under air, in aqueous media; organocatalytic oxidation precedes organolithium addition in a one-pot tandem process."
d0cc03768k,10.1039/d0cc03768k,page_3_table_0_extracted.csv,,1-phenylpropan-1-ol (3a),,n-BuLi,,tertiary alcohol 5a,,5a,47.0,isolated,,,,,C-C coupling,25.0,,water,,AZADO (1 mol%) with NaOCl (1.2 eq.) as oxidant,"Reactions performed at room temperature, under air, in aqueous media; organocatalytic oxidation precedes organolithium addition in a one-pot tandem process."
d0cc03768k,10.1039/d0cc03768k,page_3_table_0_extracted.csv,,1-phenylpropan-1-ol (3a),,n-BuLi,,tertiary alcohol 5a,,5a,62.0,isolated,,,,,C-C coupling,25.0,,water,,AZADO (1 mol%) with NaOCl (1.2 eq.) as oxidant,"Reactions performed at room temperature, under air, in aqueous media; organocatalytic oxidation precedes organolithium addition in a one-pot tandem process."
d0cc03768k,10.1039/d0cc03768k,page_3_table_0_extracted.csv,,1-phenylpropan-1-ol (3a),,MeLi,,tertiary alcohol 5b,,5b,70.0,isolated,,,,,C-C coupling,25.0,,water,,AZADO (1 mol%) with NaOCl (1.2 eq.) as oxidant,"Reactions performed at room temperature, under air, in aqueous media; organocatalytic oxidation precedes organolithium addition in a one-pot tandem process."
d0cc03768k,10.1039/d0cc03768k,page_3_table_0_extracted.csv,,1-phenylpropan-1-ol (3a),,sec-BuLi,,tertiary alcohol 5c,,5c,83.0,isolated,,,,,C-C coupling,25.0,,water,,AZADO (1 mol%) with NaOCl (1.2 eq.) as oxidant,"Reactions performed at room temperature, under air, in aqueous media; organocatalytic oxidation precedes organolithium addition in a one-pot tandem process."
d0cc03768k,10.1039/d0cc03768k,page_3_table_0_extracted.csv,,1-phenylpropan-1-ol (3a),,PhLi,,tertiary alcohol 5d,,5d,35.0,isolated,,,,,C-C coupling,25.0,,water,,AZADO (1 mol%) with NaOCl (1.2 eq.) as oxidant,"Reactions performed at room temperature, under air, in aqueous media; organocatalytic oxidation precedes organolithium addition in a one-pot tandem process."
d0cc03768k,10.1039/d0cc03768k,page_3_table_0_extracted.csv,,1-phenylpropan-1-ol (3a),,n-BuMgCl,,tertiary alcohol 5a,,5a,,isolated,,,,,C-C coupling,25.0,,water,,AZADO (1 mol%) with NaOCl (1.2 eq.) as oxidant,"Reactions performed at room temperature, under air, in aqueous media; organocatalytic oxidation precedes organolithium addition in a one-pot tandem process."
Lee et al. 2021 - Continuous-flow Si–H functionalizations of hydrosilane ... quential organolithium reactions catalyzed by potassium tert-butoxide,10.1039/d0gc03213a,Table 1,1,phenyllithium,,triethylsilane,,triethyl(phenyl)silane,,1a,,NMR,,,,,nucleophilic addition,-78.0,600.0,tetrahydrofuran,,,Reaction conducted in flask without additive; no product detected.
Lee et al. 2021 - Continuous-flow Si–H functionalizations of hydrosilane ... quential organolithium reactions catalyzed by potassium tert-butoxide,10.1039/d0gc03213a,Table 1,2,phenyllithium,,triethylsilane,,triethyl(phenyl)silane,,1a,,NMR,,,,,nucleophilic addition,-78.0,3600.0,tetrahydrofuran,,,Reaction conducted in flask without additive for 1 hour; no product detected.
Lee et al. 2021 - Continuous-flow Si–H functionalizations of hydrosilane ... quential organolithium reactions catalyzed by potassium tert-butoxide,10.1039/d0gc03213a,Table 1,11,phenyllithium,,triethylsilane,,triethyl(phenyl)silane,,1a,82.0,NMR,,,,,nucleophilic addition,-78.0,600.0,tetrahydrofuran,,potassium tert-butoxide,Optimal batch condition with 20 mol% t-BuOK giving 82% yield.
d0ra06101h,10.1039/d0ra06101h,page_6_table_0_extracted.csv,,DD,,EtLi,,27a,,27a,61.0,isolated,,,,,carbolithiation,,,,,,Stereochemical outcome reported as E/Z ratio of 93:3; 'DD' likely refers to a specific substrate described elsewhere in the paper.
d0ra06101h,10.1039/d0ra06101h,page_6_table_0_extracted.csv,,P5,,PhLi,,27b,,27b,53.0,isolated,,,,,carbolithiation,,,,,,Stereochemical outcome reported as E/Z ratio of 70:30; 'P5' likely refers to a specific substrate described elsewhere in the paper.
d0ra06101h,10.1039/d0ra06101h,page_6_table_0_extracted.csv,,P5,,SiMe3Li,,27c,,27c,82.0,isolated,,,,,carbolithiation,,,,,,Stereochemical outcome reported as E/Z ratio of 76:24; 'P5' likely refers to a specific substrate described elsewhere in the paper.
d0ra06101h,10.1039/d0ra06101h,page_6_table_0_extracted.csv,,,,PhLi,,27d,,27d,62.0,isolated,,,,,carbolithiation,,,,,,Stereochemical outcome reported as E/Z ratio of 56:44; reactant1 identity not specified in table.
d0ra06101h,10.1039/d0ra06101h,page_6_table_0_extracted.csv,,C6H4(o-OMe),,PhLi,,27e,,27e,60.0,isolated,,,,,carbolithiation,,,,,,Stereochemical outcome reported as E/Z ratio of 100:0; reactant1 is an ortho-methoxy substituted aryl group.
d0ra06101h,10.1039/d0ra06101h,page_6_table_0_extracted.csv,,SPh,,PhLi,,27f,,27f,62.0,isolated,,,,,carbolithiation,,,,,,Stereochemical outcome reported as E/Z ratio of 100:0; reactant1 is a phenylthio-substituted group.
d0ra06101h,10.1039/d0ra06101h,page_6_table_0_extracted.csv,,C6H4(o-CH2NMe2),,SiMe3Li,,27g,,27g,56.0,isolated,,,,,carbolithiation,,,,,,Stereochemical outcome reported as E/Z ratio of 85:15; reactant1 is an ortho-(dimethylaminomethyl) substituted aryl group.
d0ra06101h,10.1039/d0ra06101h,page_6_table_0_extracted.csv,,Ph,,PhLi,,28a,,28a,52.0,isolated,,,,,carbolithiation,,,,,,Stereochemical outcome reported as trans/cis ratio of 50:50; reactant1 is phenyl-substituted alkene.
d0ra06101h,10.1039/d0ra06101h,page_6_table_0_extracted.csv,,Ph,,(E)-SiMe3Li,,28b,,28b,52.0,isolated,,,,,carbolithiation,,,,,,"Stereochemical outcome reported as trans/cis ratio of 100:0; reactant1 is phenyl-substituted alkene, reactant2 is (E)-trimethylsilyl lithium."
d0ra06101h,10.1039/d0ra06101h,page_6_table_0_extracted.csv,,Ph,,(Z)-SiMe3Li,,28b,,28b,45.0,isolated,,,,,carbolithiation,,,,,,"Stereochemical outcome reported as trans/cis ratio of 100:0; reactant1 is phenyl-substituted alkene, reactant2 is (Z)-trimethylsilyl lithium."
d0ra06101h,10.1039/d0ra06101h,page_6_table_0_extracted.csv,,SiPh3,,PhLi,,28c,,28c,45.0,isolated,,,,,carbolithiation,,,,,,Stereochemical outcome reported as trans/cis ratio of 100:0; reactant1 is triphenylsilyl-substituted alkene.
d0ra06101h,10.1039/d0ra06101h,page_12_table_0_extracted.csv,,n-BuLi,,(−)-L1,,(S)-97a,,(S)-97a,86.0,isolated,,,30.0,,carbolithiation,,,,,(−)-L1,Electrophile used was MeOH; reaction involves enantioselective carbolithiation with chiral ligand (−)-L1.
d0ra06101h,10.1039/d0ra06101h,page_12_table_0_extracted.csv,,n-BuLi,,(−)-L2,,(S)-97a,,(S)-97a,63.0,isolated,,,58.0,,carbolithiation,,,,,(−)-L2,Electrophile used was MeOH; reaction involves enantioselective carbolithiation with chiral ligand (−)-L2.
d0ra06101h,10.1039/d0ra06101h,page_12_table_0_extracted.csv,,n-BuLi,,L4,,(S)-97a,,(S)-97a,47.0,isolated,,,22.0,,carbolithiation,,,,,L4,Electrophile used was MeOH; reaction involves enantioselective carbolithiation with chiral ligand L4.
d0ra06101h,10.1039/d0ra06101h,page_12_table_0_extracted.csv,,n-BuLi,,5,,(R)-97a,,(R)-97a,81.0,isolated,,,20.0,,carbolithiation,,,,,5,Electrophile used was MeOH; '5' may refer to a numeric identifier for a ligand or condition; product has (R) configuration.
d0ra06101h,10.1039/d0ra06101h,page_12_table_0_extracted.csv,,n-BuLi,,,,(S)-97a,,(S)-97a,83.0,isolated,,,2.0,,carbolithiation,,,,,,"Electrophile used was MeOH; no chiral ligand specified, leading to low enantiomeric excess."
d0ra06101h,10.1039/d0ra06101h,page_12_table_0_extracted.csv,,n-BuLi,,L7,,(S)-97a,,(S)-97a,73.0,isolated,,,16.0,,carbolithiation,,,,,L7,Electrophile used was MeOH; reaction involves enantioselective carbolithiation with chiral ligand L7.
d0ra06101h,10.1039/d0ra06101h,page_12_table_0_extracted.csv,,i-PrLi,,(−)-L1,,(R)-97b,,(R)-97b,8.0,isolated,,,44.0,,carbolithiation,,,,,(−)-L1,Electrophile used was CO2; reaction involves enantioselective carbolithiation with chiral ligand (−)-L1; yield appears low (possibly typo in original data).
d0ra06101h,10.1039/d0ra06101h,page_12_table_0_extracted.csv,,t-BuLi,,(−)-L1,,(R)-97b,,(R)-97b,,isolated,,,24.0,,carbolithiation,,,,,(−)-L1,Electrophile used was CO2; reaction involves enantioselective carbolithiation with chiral ligand (−)-L1; yield value missing ('LL' likely OCR error).
d0ra06101h,10.1039/d0ra06101h,page_4_table_0_extracted.csv,,Dk,,t-BuLi,,12k,,12k,95.0,isolated,,,,,carbolithiation,-78.0,,,,,Reaction temperature is −78 °C; 'Dk' and 'UK=OCHPh' likely refer to specific alkene substrates described elsewhere in the paper.
d0ra06101h,10.1039/d0ra06101h,page_4_table_0_extracted.csv,,X,,t-BuLi,,13k,,13k,72.0,isolated,,,,,carbolithiation,-78.0,,,,,Reaction temperature range is −78 °C → rt (room temperature); 'X' and 'RHP' likely refer to specific alkene substrates described elsewhere in the paper.
d0ra06101h,10.1039/d0ra06101h,page_4_table_0_extracted.csv,,3,,t-BuLi,,12b,,12b,83.0,isolated,,,,,carbolithiation,-78.0,,,,,Reaction temperature range is −78 °C → rt (room temperature); '3' and 'sse' likely refer to specific alkene substrates described elsewhere in the paper.
d0ra06101h,10.1039/d0ra06101h,page_4_table_0_extracted.csv,,Dl,,n-BuLi,,131,,131,73.0,isolated,,,,,carbolithiation,-78.0,,,,,Reaction temperature range is −78 °C → rt (room temperature); 'Dl' and '*=[UH2]' likely refer to specific alkene substrates described elsewhere in the paper; product label '131' may be a typo for '13l'.
d0ra06101h,10.1039/d0ra06101h,page_4_table_0_extracted.csv,,[O,,n-C10H21Li,,13l,,13l,70.0,isolated,,,,,carbolithiation,-78.0,,,,,Reaction temperature range is −78 °C → rt (room temperature); '[O' and '*.*=*' likely refer to specific alkene substrates described elsewhere in the paper.
d0ra06101h,10.1039/d0ra06101h,page_4_table_0_extracted.csv,,~,,MeLi-TMEDA,,13l,,13l,80.0,isolated,,,,,carbolithiation,-78.0,,,,TMEDA,Reaction temperature range is −78 °C → rt (room temperature); '~' and '*=*' likely refer to specific alkene substrates described elsewhere in the paper; catalyst includes TMEDA as additive.
d0ra06101h,10.1039/d0ra06101h,page_4_table_0_extracted.csv,,~,,PhLi-TMEDA,,13l,,13l,70.0,isolated,,,,,carbolithiation,-78.0,,,,TMEDA,Reaction temperature range is −78 °C → rt (room temperature); '~' and '*.[CH2]CC' likely refer to specific alkene substrates described elsewhere in the paper; catalyst includes TMEDA as additive.
d0ra06101h,10.1039/d0ra06101h,page_4_table_0_extracted.csv,,~,,Cyclohexenylli,,13l,,13l,74.0,isolated,,,,,carbolithiation,-78.0,,,,,Reaction temperature range is −78 °C → rt (room temperature); '~' and '*=*' likely refer to specific alkene substrates described elsewhere in the paper; 'Cyclohexenylli' may be a typo for 'CyclohexenylLi'.
d0ra06101h,10.1039/d0ra06101h,page_4_table_0_extracted.csv,,0m,,t-BuLi,,12m,,12m,6.0,isolated,,,,,carbolithiation,-78.0,,,,,"Reaction temperature range is −78 °C → rt (room temperature); '0m' and 'N{CH3)CH2CH=CH2' likely refer to specific alkene substrates described elsewhere in the paper; yield appears low (possibly typo in original data, e.g., '06' meant '96')."
d0ra06101h,10.1039/d0ra06101h,page_4_table_0_extracted.csv,,On,,t-BuLi,,12n,,12n,16.0,isolated,,,,,carbolithiation,-78.0,,,,,"Reaction temperature range is −78 °C → rt (room temperature); 'On' and 'N(CH2Ph)CH2CH=CH2' likely refer to specific alkene substrates described elsewhere in the paper; yield appears low (possibly typo in original data, e.g., 'I6' meant '96')."
d0ra06101h,10.1039/d0ra06101h,page_7_table_0_extracted.csv,,DMF,,H,,41a,,41a,60.0,isolated,,,,,carbolithiation,,,,,,Column labeled 'substrate' actually lists electrophiles/solvents; 'DMF' here likely acts as electrophile; R=H implies organolithium reagent adds H; enantiomeric ratio 92:8 implied by context.
d0ra06101h,10.1039/d0ra06101h,page_7_table_0_extracted.csv,,MeCON(OMe)Me,,CH3,,41b,,41b,30.0,isolated,,,,,carbolithiation,,,,,,Column labeled 'substrate' actually lists electrophiles/solvents; 'MeCON(OMe)Me' likely acts as electrophile; R=CH3 implies methyl organolithium reagent; enantiomeric ratio 93:7 implied by context.
d0ra06101h,10.1039/d0ra06101h,page_7_table_0_extracted.csv,,PhCN,,Ph,,41c,,41c,38.0,isolated,,,,,carbolithiation,,,,,,Column labeled 'substrate' actually lists electrophiles/solvents; 'PhCN' likely acts as electrophile; R=Ph implies phenyl organolithium reagent; enantiomeric ratio 93:7 implied by context.
d0ra06101h,10.1039/d0ra06101h,page_7_table_0_extracted.csv,,MeC(OEt)2CN,,COCH3,,41d,,41d,51.0,isolated,,,,,carbolithiation,,,,,,Column labeled 'substrate' actually lists electrophiles/solvents; 'MeC(OEt)2CN' likely acts as electrophile; R=COCH3 implies acetyl organolithium reagent; enantiomeric ratio 92:8 implied by context.
d0ra06101h,10.1039/d0ra06101h,page_7_table_0_extracted.csv,,C4H6O2,,(CH2)3OH,,41e,,41e,5.0,isolated,,,,,carbolithiation,,,,,,Column labeled 'substrate' actually lists electrophiles/solvents; 'C4H6O2' likely acts as electrophile; R=(CH2)3OH implies 3-hydroxypropyl organolithium reagent; enantiomeric ratio 92:8 implied by context; yield appears low (possibly typo in original data).
d0ra06101h,10.1039/d0ra06101h,page_7_table_0_extracted.csv,,t-BuCN,,t-Bu,,41f,,41f,,isolated,,,,,carbolithiation,,,,,,Column labeled 'substrate' actually lists electrophiles/solvents; 't-BuCN' likely acts as electrophile; R=t-Bu implies tert-butyl organolithium reagent; enantiomeric ratio 91:9 implied by context; yield value missing in original data.
d0ra06101h,10.1039/d0ra06101h,page_15_table_0_extracted.csv,,32a,,FeCl3,,106a,,106a,0.0,isolated,,,,,carbolithiation,-40.0,,tetrahydrofuran,,FeCl3,Fixed condition: 5% Fe(3+) used; solvent THF expanded from abbreviation; yield=0% indicates no product formation under these conditions.
d0ra06101h,10.1039/d0ra06101h,page_15_table_0_extracted.csv,,32a,,FeCl,,106a,,106a,79.0,isolated,,,,,carbolithiation,-40.0,,diethyl ether,,FeCl,Fixed condition: 5% Fe(3+) used; solvent Et2O expanded to diethyl ether; 'Et20' corrected to 'Et2O'; yield annotation '79(106a' interpreted as 79% yield of product 106a.
d0ra06101h,10.1039/d0ra06101h,page_15_table_0_extracted.csv,,32a,,FeCl,,106a,,106a,86.0,isolated,,,,,carbolithiation,-20.0,,benzene,,FeCl,Fixed condition: 5% Fe(3+) used; yield annotation '86(106a' interpreted as 86% yield of product 106a.
d0ra06101h,10.1039/d0ra06101h,page_15_table_0_extracted.csv,,32a,,FeCl,,106a,,106a,97.0,isolated,,,,,carbolithiation,-20.0,,toluene,,FeCl,Fixed condition: 5% Fe(3+) used; yield annotation '97(106a' interpreted as 97% yield of product 106a.
d0ra06101h,10.1039/d0ra06101h,page_15_table_0_extracted.csv,,32b,,FeCl,,106b,,106b,79.0,isolated,,,,,carbolithiation,-40.0,,diethyl ether,,FeCl,Fixed condition: 5% Fe(3+) used; solvent Et2O expanded to diethyl ether; 'Et20' corrected to 'Et2O'; yield annotation '79(106b' interpreted as 79% yield of product 106b.
d0ra06101h,10.1039/d0ra06101h,page_15_table_0_extracted.csv,,32b,,Felacac,,106b,,106b,97.0,isolated,,,,,carbolithiation,-20.0,,toluene,,Felacac,Fixed condition: 5% Fe(3+) used; 'Felacac' likely refers to iron(III) acetylacetonate; yield annotation '97(106b' interpreted as 97% yield of product 106b.
d0ra06101h,10.1039/d0ra06101h,page_15_table_0_extracted.csv,,32b,,Fe(dbm)3a,,106b,,106b,85.0,isolated,,,,,carbolithiation,-20.0,,toluene,,Fe(dbm)3a,Fixed condition: 5% Fe(3+) used; 'Fe(dbm)3a' likely refers to iron(III) dibenzoylmethanate complex; yield annotation '85(106b' interpreted as 85% yield of product 106b.
d0ra06101h,10.1039/d0ra06101h,page_15_table_0_extracted.csv,,32b,,FeCl,,106b,,106b,13.0,isolated,,,,,carbolithiation,-20.0,,toluene,,FeCl,Fixed condition: 5% Fe(3+) used; yield annotation '13(106b' interpreted as 13% yield of product 106b.
d0ra06101h,10.1039/d0ra06101h,page_15_table_0_extracted.csv,,32c,,Felacack,,106c,,106c,72.0,isolated,,,,,carbolithiation,-20.0,,toluene,,Felacack,Fixed condition: 5% Fe(3+) used; 'Felacack' likely typo for 'Felacac' (iron acetylacetonate); yield annotation '72(106c' interpreted as 72% yield of product 106c.
Ramanjaneyulu et al. 2020 - Ultrafast synthesis of 2-(benzhydrylthio)ben ... an unstable lithium thiolate intermediate in a capillary microreactor,10.1039/d0re00038h,Table 1,1,benzo[d]oxazole-2-thiol,,benzhydryl bromide,,2-(benzhydrylthio)benzo[d]oxazole,,3,12.0,isolated,,,,,alkylation,24.5,900.0,tetrahydrofuran,,,
Ramanjaneyulu et al. 2020 - Ultrafast synthesis of 2-(benzhydrylthio)ben ... an unstable lithium thiolate intermediate in a capillary microreactor,10.1039/d0re00038h,Table 1,2,benzo[d]oxazole-2-thiol,,benzhydryl bromide,,2-(benzhydrylthio)benzo[d]oxazole,,3,60.0,isolated,,,,,alkylation,24.5,43200.0,tetrahydrofuran,,,
Ramanjaneyulu et al. 2020 - Ultrafast synthesis of 2-(benzhydrylthio)ben ... an unstable lithium thiolate intermediate in a capillary microreactor,10.1039/d0re00038h,Table 1,3,benzo[d]oxazole-2-thiol,,benzhydryl bromide,,2-(benzhydrylthio)benzo[d]oxazole,,3,,isolated,,,,,alkylation,24.5,900.0,tetrahydrofuran,,,
Ramanjaneyulu et al. 2020 - Ultrafast synthesis of 2-(benzhydrylthio)ben ... an unstable lithium thiolate intermediate in a capillary microreactor,10.1039/d0re00038h,Table 1,4,benzo[d]oxazole-2-thiol,,benzhydryl bromide,,2-(benzhydrylthio)benzo[d]oxazole,,3,,isolated,,,,,alkylation,24.5,43200.0,tetrahydrofuran,,,
Ramanjaneyulu et al. 2020 - Ultrafast synthesis of 2-(benzhydrylthio)ben ... an unstable lithium thiolate intermediate in a capillary microreactor,10.1039/d0re00038h,Table 1,11,benzo[d]oxazole-2-thiol,,benzhydryl bromide,,2-(benzhydrylthio)benzo[d]oxazole,,3,75.0,isolated,,,,"1.05 equiv n-BuLi, 1.1 equiv benzhydryl bromide",alkylation,24.5,600.0,tetrahydrofuran,,n-butyl lithium,
Ramanjaneyulu et al. 2020 - Ultrafast synthesis of 2-(benzhydrylthio)ben ... an unstable lithium thiolate intermediate in a capillary microreactor,10.1039/d0re00038h,Table 1,12,benzo[d]oxazole-2-thiol,,benzhydryl bromide,,2-(benzhydrylthio)benzo[d]oxazole,,3,58.0,isolated,,,,"1.05 equiv n-BuLi, 1.1 equiv benzhydryl bromide",alkylation,24.5,600.0,tetrahydrofuran,,n-butyl lithium,
Ramanjaneyulu et al. 2020 - Ultrafast synthesis of 2-(benzhydrylthio)ben ... an unstable lithium thiolate intermediate in a capillary microreactor,10.1039/d0re00038h,Table 1,13,benzo[d]oxazole-2-thiol,,benzhydryl bromide,,2-(benzhydrylthio)benzo[d]oxazole,,3,72.0,isolated,,,,"1.05 equiv n-BuLi, 1.1 equiv benzhydryl bromide",alkylation,24.5,600.0,tetrahydrofuran,,n-butyl lithium,
Ramanjaneyulu et al. 2020 - Ultrafast synthesis of 2-(benzhydrylthio)ben ... an unstable lithium thiolate intermediate in a capillary microreactor,10.1039/d0re00038h,Table 1,14,benzo[d]oxazole-2-thiol,,benzhydryl bromide,,2-(benzhydrylthio)benzo[d]oxazole,,3,58.0,isolated,,,,"1.05 equiv n-BuLi, 1.1 equiv benzhydryl bromide",alkylation,-10.0,600.0,tetrahydrofuran,,n-butyl lithium,
Ramanjaneyulu et al. 2020 - Ultrafast synthesis of 2-(benzhydrylthio)ben ... an unstable lithium thiolate intermediate in a capillary microreactor,10.1039/d0re00038h,Table 1,15,benzo[d]oxazole-2-thiol,,benzhydryl bromide,,2-(benzhydrylthio)benzo[d]oxazole,,3,72.0,isolated,,,,"1.05 equiv n-BuLi, 1.1 equiv benzhydryl bromide",alkylation,-10.0,600.0,tetrahydrofuran,,n-butyl lithium,
Ramanjaneyulu et al. 2020 - Ultrafast synthesis of 2-(benzhydrylthio)ben ... an unstable lithium thiolate intermediate in a capillary microreactor,10.1039/d0re00038h,Table 2,1,benzo[d]oxazole-2-thiol,,benzhydryl bromide,,2-(benzhydrylthio)benzo[d]oxazole,,3,18.0,isolated,,,,"1.05 equiv n-BuLi, 1.1 equiv benzhydryl bromide",alkylation,24.5,11.79,tetrahydrofuran,capillary microreactor,n-butyl lithium,
Ramanjaneyulu et al. 2020 - Ultrafast synthesis of 2-(benzhydrylthio)ben ... an unstable lithium thiolate intermediate in a capillary microreactor,10.1039/d0re00038h,Table 2,2,benzo[d]oxazole-2-thiol,,benzhydryl bromide,,2-(benzhydrylthio)benzo[d]oxazole,,3,25.0,isolated,,,,"1.05 equiv n-BuLi, 1.1 equiv benzhydryl bromide",alkylation,24.5,7.85,tetrahydrofuran,capillary microreactor,n-butyl lithium,
Ramanjaneyulu et al. 2020 - Ultrafast synthesis of 2-(benzhydrylthio)ben ... an unstable lithium thiolate intermediate in a capillary microreactor,10.1039/d0re00038h,Table 2,3,benzo[d]oxazole-2-thiol,,benzhydryl bromide,,2-(benzhydrylthio)benzo[d]oxazole,,3,35.0,isolated,,,,"1.05 equiv n-BuLi, 1.1 equiv benzhydryl bromide",alkylation,24.5,3.93,tetrahydrofuran,capillary microreactor,n-butyl lithium,
Ramanjaneyulu et al. 2020 - Ultrafast synthesis of 2-(benzhydrylthio)ben ... an unstable lithium thiolate intermediate in a capillary microreactor,10.1039/d0re00038h,Table 2,4,benzo[d]oxazole-2-thiol,,benzhydryl bromide,,2-(benzhydrylthio)benzo[d]oxazole,,3,40.0,isolated,,,,"1.05 equiv n-BuLi, 1.1 equiv benzhydryl bromide",alkylation,24.5,2.62,tetrahydrofuran,capillary microreactor,n-butyl lithium,
Ramanjaneyulu et al. 2020 - Ultrafast synthesis of 2-(benzhydrylthio)ben ... an unstable lithium thiolate intermediate in a capillary microreactor,10.1039/d0re00038h,Table 2,5,benzo[d]oxazole-2-thiol,,benzhydryl bromide,,2-(benzhydrylthio)benzo[d]oxazole,,3,45.0,isolated,,,,"1.05 equiv n-BuLi, 1.1 equiv benzhydryl bromide",alkylation,24.5,1.96,tetrahydrofuran,capillary microreactor,n-butyl lithium,
Ramanjaneyulu et al. 2020 - Ultrafast synthesis of 2-(benzhydrylthio)ben ... an unstable lithium thiolate intermediate in a capillary microreactor,10.1039/d0re00038h,Table 2,6,benzo[d]oxazole-2-thiol,,benzhydryl bromide,,2-(benzhydrylthio)benzo[d]oxazole,,3,25.0,isolated,,,,"1.05 equiv n-BuLi, 1.1 equiv benzhydryl bromide",alkylation,24.5,11.79,tetrahydrofuran,capillary microreactor,n-butyl lithium,
Ramanjaneyulu et al. 2020 - Ultrafast synthesis of 2-(benzhydrylthio)ben ... an unstable lithium thiolate intermediate in a capillary microreactor,10.1039/d0re00038h,Table 2,7,benzo[d]oxazole-2-thiol,,benzhydryl bromide,,2-(benzhydrylthio)benzo[d]oxazole,,3,30.0,isolated,,,,"1.05 equiv n-BuLi, 1.1 equiv benzhydryl bromide",alkylation,24.5,7.85,tetrahydrofuran,capillary microreactor,n-butyl lithium,
Ramanjaneyulu et al. 2020 - Ultrafast synthesis of 2-(benzhydrylthio)ben ... an unstable lithium thiolate intermediate in a capillary microreactor,10.1039/d0re00038h,Table 2,8,benzo[d]oxazole-2-thiol,,benzhydryl bromide,,2-(benzhydrylthio)benzo[d]oxazole,,3,38.0,isolated,,,,"1.05 equiv n-BuLi, 1.1 equiv benzhydryl bromide",alkylation,24.5,3.93,tetrahydrofuran,capillary microreactor,n-butyl lithium,
Ramanjaneyulu et al. 2020 - Ultrafast synthesis of 2-(benzhydrylthio)ben ... an unstable lithium thiolate intermediate in a capillary microreactor,10.1039/d0re00038h,Table 2,9,benzo[d]oxazole-2-thiol,,benzhydryl bromide,,2-(benzhydrylthio)benzo[d]oxazole,,3,42.0,isolated,,,,"1.05 equiv n-BuLi, 1.1 equiv benzhydryl bromide",alkylation,24.5,2.62,tetrahydrofuran,capillary microreactor,n-butyl lithium,
Ramanjaneyulu et al. 2020 - Ultrafast synthesis of 2-(benzhydrylthio)ben ... an unstable lithium thiolate intermediate in a capillary microreactor,10.1039/d0re00038h,Table 2,10,benzo[d]oxazole-2-thiol,,benzhydryl bromide,,2-(benzhydrylthio)benzo[d]oxazole,,3,52.0,isolated,,,,"1.05 equiv n-BuLi, 1.1 equiv benzhydryl bromide",alkylation,24.5,1.96,tetrahydrofuran,capillary microreactor,n-butyl lithium,
Ramanjaneyulu et al. 2020 - Ultrafast synthesis of 2-(benzhydrylthio)ben ... an unstable lithium thiolate intermediate in a capillary microreactor,10.1039/d0re00038h,Table 2,11,benzo[d]oxazole-2-thiol,,benzhydryl bromide,,2-(benzhydrylthio)benzo[d]oxazole,,3,36.0,isolated,,,,"1.05 equiv n-BuLi, 1.1 equiv benzhydryl bromide",alkylation,24.5,15.71,tetrahydrofuran,capillary microreactor,n-butyl lithium,
Ramanjaneyulu et al. 2020 - Ultrafast synthesis of 2-(benzhydrylthio)ben ... an unstable lithium thiolate intermediate in a capillary microreactor,10.1039/d0re00038h,Table 2,12,benzo[d]oxazole-2-thiol,,benzhydryl bromide,,2-(benzhydrylthio)benzo[d]oxazole,,3,30.0,isolated,,,,"1.05 equiv n-BuLi, 1.1 equiv benzhydryl bromide",alkylation,24.5,10.47,tetrahydrofuran,capillary microreactor,n-butyl lithium,
Ramanjaneyulu et al. 2020 - Ultrafast synthesis of 2-(benzhydrylthio)ben ... an unstable lithium thiolate intermediate in a capillary microreactor,10.1039/d0re00038h,Table 2,13,benzo[d]oxazole-2-thiol,,benzhydryl bromide,,2-(benzhydrylthio)benzo[d]oxazole,,3,26.0,isolated,,,,"1.05 equiv n-BuLi, 1.1 equiv benzhydryl bromide",alkylation,24.5,7.85,tetrahydrofuran,capillary microreactor,n-butyl lithium,
Ramanjaneyulu et al. 2020 - Ultrafast synthesis of 2-(benzhydrylthio)ben ... an unstable lithium thiolate intermediate in a capillary microreactor,10.1039/d0re00038h,Table 3,1,benzo[d]oxazole-2-thiol,,benzhydryl bromide,,2-(benzhydrylthio)benzo[d]oxazole,,3,70.0,isolated,,,,"1.05 equiv n-BuLi, 1.1 equiv benzhydryl bromide",alkylation,24.5,2.21,tetrahydrofuran,T-shaped micromixer + capillary reactor,n-butyl lithium,
Ramanjaneyulu et al. 2020 - Ultrafast synthesis of 2-(benzhydrylthio)ben ... an unstable lithium thiolate intermediate in a capillary microreactor,10.1039/d0re00038h,Table 3,2,benzo[d]oxazole-2-thiol,,benzhydryl bromide,,2-(benzhydrylthio)benzo[d]oxazole,,3,75.0,isolated,,,,"1.05 equiv n-BuLi, 1.1 equiv benzhydryl bromide",alkylation,24.5,0.89,tetrahydrofuran,T-shaped micromixer + capillary reactor,n-butyl lithium,
Ramanjaneyulu et al. 2020 - Ultrafast synthesis of 2-(benzhydrylthio)ben ... an unstable lithium thiolate intermediate in a capillary microreactor,10.1039/d0re00038h,Table 3,3,benzo[d]oxazole-2-thiol,,benzhydryl bromide,,2-(benzhydrylthio)benzo[d]oxazole,,3,75.0,isolated,,,,"1.05 equiv n-BuLi, 1.1 equiv benzhydryl bromide",alkylation,24.5,0.58,tetrahydrofuran,T-shaped micromixer + capillary reactor,n-butyl lithium,
Ramanjaneyulu et al. 2020 - Ultrafast synthesis of 2-(benzhydrylthio)ben ... an unstable lithium thiolate intermediate in a capillary microreactor,10.1039/d0re00038h,Table 3,4,benzo[d]oxazole-2-thiol,,benzhydryl bromide,,2-(benzhydrylthio)benzo[d]oxazole,,3,78.0,isolated,,,,"1.05 equiv n-BuLi, 1.1 equiv benzhydryl bromide",alkylation,24.5,0.53,tetrahydrofuran,T-shaped micromixer + capillary reactor,n-butyl lithium,
Ramanjaneyulu et al. 2020 - Ultrafast synthesis of 2-(benzhydrylthio)ben ... an unstable lithium thiolate intermediate in a capillary microreactor,10.1039/d0re00038h,Table 3,5,benzo[d]oxazole-2-thiol,,benzhydryl bromide,,2-(benzhydrylthio)benzo[d]oxazole,,3,72.0,isolated,,,,"1.05 equiv n-BuLi, 1.1 equiv benzhydryl bromide",alkylation,24.5,1.17,tetrahydrofuran,T-shaped micromixer + capillary reactor,n-butyl lithium,
Ramanjaneyulu et al. 2020 - Ultrafast synthesis of 2-(benzhydrylthio)ben ... an unstable lithium thiolate intermediate in a capillary microreactor,10.1039/d0re00038h,Table 3,6,benzo[d]oxazole-2-thiol,,benzhydryl bromide,,2-(benzhydrylthio)benzo[d]oxazole,,3,60.0,isolated,,,,"1.05 equiv n-BuLi, 1.1 equiv benzhydryl bromide",alkylation,24.5,4.65,tetrahydrofuran,T-shaped micromixer + capillary reactor,n-butyl lithium,
d1cc06460f,10.1039/d1cc06460f,Table 2,,,,,,3a,,3a,,,8.0,,,,C-C coupling,25.0,3.0,buffer citrate,,"laccase (from Trametes versicolor), TEMPO (10 mol%)",Reactions performed under air at room temperature; first step: enzymatic oxidation with laccase/TEMPO in aqueous buffer; second step: addition of n-BuLi (3 equiv) for 3 seconds in indicated medium.
d1cc06460f,10.1039/d1cc06460f,Table 3,,H (1a),,Et,,3e,,3e,,,96.0,,,,C-C coupling,25.0,3.0,water:cyclopentyl methyl ether (1:1),,"laccase from Trametes versicolor, 10 mol% TEMPO",Reaction performed under air (aerobic conditions) at room temperature; second step (organolithium addition) has a reaction time of 3 seconds.
d1cc06460f,10.1039/d1cc06460f,Table 3,,H (1b),,Me,,3f,,3f,,,,,,,C-C coupling,25.0,3.0,water:cyclopentyl methyl ether (1:1),,"laccase from Trametes versicolor, 10 mol% TEMPO",Reaction performed under air (aerobic conditions) at room temperature; second step (organolithium addition) has a reaction time of 3 seconds.
d1cc06460f,10.1039/d1cc06460f,Table 3,,p-Cl (1c),,Et,,3%,,3%,,,83.0,,,,C-C coupling,25.0,3.0,water:cyclopentyl methyl ether (1:1),,"laccase from Trametes versicolor, 10 mol% TEMPO",Reaction performed under air (aerobic conditions) at room temperature; second step (organolithium addition) has a reaction time of 3 seconds.
d1cc06460f,10.1039/d1cc06460f,Table 3,,p-Br (1d),,Me,,3h,,3h,,,65.0,,,,C-C coupling,25.0,3.0,water:cyclopentyl methyl ether (1:1),,"laccase from Trametes versicolor, 10 mol% TEMPO",Reaction performed under air (aerobic conditions) at room temperature; second step (organolithium addition) has a reaction time of 3 seconds.
d1cc06460f,10.1039/d1cc06460f,Table 3,,p-Me (1e),,Et,,3i,,3i,,,78.0,,,,C-C coupling,25.0,3.0,water:cyclopentyl methyl ether (1:1),,"laccase from Trametes versicolor, 10 mol% TEMPO",Reaction performed under air (aerobic conditions) at room temperature; second step (organolithium addition) has a reaction time of 3 seconds.
d1cc06460f,10.1039/d1cc06460f,Table 3,,0-Me,,Me,,3j,,3j,,,78.0,,,,C-C coupling,25.0,3.0,water:cyclopentyl methyl ether (1:1),,"laccase from Trametes versicolor, 10 mol% TEMPO",Reaction performed under air (aerobic conditions) at room temperature; second step (organolithium addition) has a reaction time of 3 seconds.
d1cc06460f,10.1039/d1cc06460f,Table 2,,,,,,3a,,3a,3.0,,,,,,C-C coupling,25.0,3.0,HOCPME,,laccase/TEMPO (10 mol% TEMPO),Reactions performed under air at room temperature; oxidation step followed by ultrafast (3 s) addition of organolithium reagent.
Wong et al. 2021 - Flash chemistry enables high productivity metalation-substitution of 5-alkyltetrazoles,10.1039/d1sc04176b,Table 1,1,N-trityl-5-propyltetrazole,,n-BuLi,,trapping product 2,,2,0.0,isolated,,,,1.5 equiv,directed metalation,0.0,,tetrahydrofuran,T-shaped micromixer connected to a capillary reactor,,No reaction observed; full recovery of starting material
Wong et al. 2021 - Flash chemistry enables high productivity metalation-substitution of 5-alkyltetrazoles,10.1039/d1sc04176b,Table 1,2,N-trityl-5-propyltetrazole,,s-BuLi,,trapping product 2,,2,,,,,,1.5 equiv,directed metalation,0.0,,tetrahydrofuran,T-shaped micromixer connected to a capillary reactor,,"Full consumption of starting material, but no identifiable species by 1H NMR; lithiated species unstable at 0 °C"
Wong et al. 2021 - Flash chemistry enables high productivity metalation-substitution of 5-alkyltetrazoles,10.1039/d1sc04176b,Table 1,3,N-trityl-5-propyltetrazole,,s-BuLi,,trapping product 2,,2,84.0,isolated,,,,1.6 equiv,directed metalation,-78.0,,tetrahydrofuran,T-shaped micromixer connected to a capillary reactor,,Trapping with acetone
Wong et al. 2021 - Flash chemistry enables high productivity metalation-substitution of 5-alkyltetrazoles,10.1039/d1sc04176b,Table 1,4,N-diphenylethyl-5-propyltetrazole,,n-BuLi,,trapping product 2,,2,,,,,,2.3 equiv,directed metalation,0.0,,tetrahydrofuran,T-shaped micromixer connected to a capillary reactor,,No significant change in results; efficient lithiation-trapping only with s-BuLi at −78 °C
Wong et al. 2021 - Flash chemistry enables high productivity metalation-substitution of 5-alkyltetrazoles,10.1039/d1sc04176b,Table 1,5,N-diphenylethyl-5-propyltetrazole,,n-BuLi,,trapping product 2,,2,,,,,,2.3 equiv,directed metalation,-78.0,,tetrahydrofuran,T-shaped micromixer connected to a capillary reactor,,No reaction observed
Wong et al. 2021 - Flash chemistry enables high productivity metalation-substitution of 5-alkyltetrazoles,10.1039/d1sc04176b,Table 1,6,N-diphenylethyl-5-propyltetrazole,,s-BuLi,,trapping product 2,,2,79.0,isolated,,,,2.3 equiv,directed metalation,-78.0,,tetrahydrofuran,T-shaped micromixer connected to a capillary reactor,,Trapping with acetone
Wong et al. 2021 - Flash chemistry enables high productivity metalation-substitution of 5-alkyltetrazoles,10.1039/d1sc04176b,Table 1,7,N-cumyl-5-propyltetrazole,,n-BuLi,,product 6,,6,63.0,isolated,,,,1.5 equiv,directed metalation,0.0,,tetrahydrofuran,T-shaped micromixer connected to a capillary reactor,,Trapping with acetone
Wong et al. 2021 - Flash chemistry enables high productivity metalation-substitution of 5-alkyltetrazoles,10.1039/d1sc04176b,Table 1,8,N-cumyl-5-propyltetrazole,,n-BuLi,,product 6,,6,60.0,isolated,,,,2.1 equiv,directed metalation,0.0,,tetrahydrofuran,T-shaped micromixer connected to a capillary reactor,,Trapping with acetone
Wong et al. 2021 - Flash chemistry enables high productivity metalation-substitution of 5-alkyltetrazoles,10.1039/d1sc04176b,Table 1,9,N-cumyl-5-propyltetrazole,,n-BuLi,,product 6,,6,76.0,isolated,,,,2.1 equiv,directed metalation,-30.0,,tetrahydrofuran,T-shaped micromixer connected to a capillary reactor,,Trapping with acetone
Wong et al. 2021 - Flash chemistry enables high productivity metalation-substitution of 5-alkyltetrazoles,10.1039/d1sc04176b,Table 1,10,N-cumyl-5-propyltetrazole,,n-BuLi,,product 6,,6,0.0,isolated,,,,2.1 equiv,directed metalation,-78.0,,tetrahydrofuran,T-shaped micromixer connected to a capillary reactor,,No reaction observed
Wong et al. 2021 - Flash chemistry enables high productivity metalation-substitution of 5-alkyltetrazoles,10.1039/d1sc04176b,Table 1,11,N-cumyl-5-propyltetrazole,,s-BuLi,,product 6,,6,97.0,isolated,,,,1.6 equiv,directed metalation,-78.0,,tetrahydrofuran,T-shaped micromixer connected to a capillary reactor,,Trapping with acetone
Wong et al. 2021 - Flash chemistry enables high productivity metalation-substitution of 5-alkyltetrazoles,10.1039/d1sc04176b,Table 1,12,N-cumyl-5-propyltetrazole,,n-BuLi,,product 6,,6,68.0,isolated,,,,1.5 equiv,directed metalation,0.0,,tetrahydrofuran,T-shaped micromixer connected to a capillary reactor,,Trapping with benzophenone
Wong et al. 2021 - Flash chemistry enables high productivity metalation-substitution of 5-alkyltetrazoles,10.1039/d1sc04176b,Table 1,13,N-cumyl-5-propyltetrazole,,n-BuLi,,product 6,,6,85.0,isolated,,,,2.3 equiv,directed metalation,0.0,,tetrahydrofuran,T-shaped micromixer connected to a capillary reactor,,Trapping with benzophenone
Wong et al. 2021 - Flash chemistry enables high productivity metalation-substitution of 5-alkyltetrazoles,10.1039/d1sc04176b,Table 1,14,N-cumyl-5-propyltetrazole,,LDA,,product 6,,6,0.0,isolated,,,,1.5 equiv,directed metalation,0.0,,tetrahydrofuran,T-shaped micromixer connected to a capillary reactor,,No reaction observed
Wong et al. 2021 - Flash chemistry enables high productivity metalation-substitution of 5-alkyltetrazoles,10.1039/d1sc04176b,Table 1,15,N-cumyl-5-propyltetrazole,,LDA,,product 6,,6,0.0,isolated,,,,1.5 equiv,directed metalation,-78.0,,tetrahydrofuran,T-shaped micromixer connected to a capillary reactor,,No reaction observed
Wong et al. 2021 - Flash chemistry enables high productivity metalation-substitution of 5-alkyltetrazoles,10.1039/d1sc04176b,Table 2,1,5-cumyltetrazole substrate 5,,n-BuLi,,product 15,,15,35.0,NMR,,,,,directed metalation,25.0,2.6,tetrahydrofuran,28 cm length of tubing (capillary reactor),,"Reaction conducted at room temperature; yield determined by 1H NMR using 1,3,5-trimethoxybenzene as internal standard"
Wong et al. 2021 - Flash chemistry enables high productivity metalation-substitution of 5-alkyltetrazoles,10.1039/d1sc04176b,Table 2,2,5-cumyltetrazole substrate 5,,n-BuLi,,product 15,,15,0.0,NMR,,,,,directed metalation,25.0,2.6,tetrahydrofuran,28 cm length of tubing (capillary reactor),,"Yield reported as 'Trace'; yield determined by 1H NMR using 1,3,5-trimethoxybenzene as internal standard"
Wong et al. 2021 - Flash chemistry enables high productivity metalation-substitution of 5-alkyltetrazoles,10.1039/d1sc04176b,Table 2,3,5-cumyltetrazole substrate 5,,n-BuLi,,product 15,,15,48.0,NMR,,,,,directed metalation,25.0,2.6,tetrahydrofuran,28 cm length of tubing (capillary reactor),,"Yield determined by 1H NMR using 1,3,5-trimethoxybenzene as internal standard"
Wong et al. 2021 - Flash chemistry enables high productivity metalation-substitution of 5-alkyltetrazoles,10.1039/d1sc04176b,Table 2,4,5-cumyltetrazole substrate 5,,n-BuLi,,product 15,,15,12.0,NMR,,,,,directed metalation,25.0,2.6,tetrahydrofuran,28 cm length of tubing (capillary reactor),,"Yield determined by 1H NMR using 1,3,5-trimethoxybenzene as internal standard"
Wong et al. 2021 - Flash chemistry enables high productivity metalation-substitution of 5-alkyltetrazoles,10.1039/d1sc04176b,Table 2,6,5-cumyltetrazole substrate 5,,n-BuLi,,product 15,,15,12.0,NMR,,,,,directed metalation,25.0,600.0,tetrahydrofuran,28 cm length of tubing (capillary reactor),,"Residence time changed to 10 min; yield determined by 1H NMR using 1,3,5-trimethoxybenzene as internal standard"
Wong et al. 2021 - Flash chemistry enables high productivity metalation-substitution of 5-alkyltetrazoles,10.1039/d1sc04176b,Table 2,7,5-cumyltetrazole substrate 5,,n-BuLi,,product 15,,15,14.0,NMR,,,,,directed metalation,25.0,600.0,tetrahydrofuran,28 cm length of tubing (capillary reactor),,"Residence time changed to 10 min; yield determined by 1H NMR using 1,3,5-trimethoxybenzene as internal standard"
Wong et al. 2021 - Flash chemistry enables high productivity metalation-substitution of 5-alkyltetrazoles,10.1039/d1sc04176b,Table 3,2,5-cumyltetrazole substrate 5,,n-BuLi,,product 15,,15,62.0,NMR,,,,,directed metalation,25.0,300.0,toluene,10 mL reactor,,"Pumping a 1.1 M solution of 5 in 4:1 toluene:TMEDA and base at 1 mL min⁻¹ to give a residence time of 5 min before pumping into a stirred solution of allyl bromide in toluene; yield determined by 1H NMR using 1,3,5-trimethoxybenzene as internal standard"
Wong et al. 2021 - Flash chemistry enables high productivity metalation-substitution of 5-alkyltetrazoles,10.1039/d1sc04176b,Table 3,3,5-cumyltetrazole substrate 5,,n-BuLi,,product 15,,15,60.0,NMR,,,,,directed metalation,25.0,100.0,toluene,10 mL reactor,,"Yield determined by 1H NMR using 1,3,5-trimethoxybenzene as internal standard"
Wong et al. 2021 - Flash chemistry enables high productivity metalation-substitution of 5-alkyltetrazoles,10.1039/d1sc04176b,Table 3,4,5-cumyltetrazole substrate 5,,n-BuLi,,product 15,,15,59.0,NMR,,,,,directed metalation,25.0,30.0,toluene,10 mL reactor,,"Yield determined by 1H NMR using 1,3,5-trimethoxybenzene as internal standard"
Wong et al. 2021 - Flash chemistry enables high productivity metalation-substitution of 5-alkyltetrazoles,10.1039/d1sc04176b,Table 3,5,5-cumyltetrazole substrate 5,,n-BuLi,,product 15,,15,49.0,NMR,,,,,directed metalation,25.0,30.0,toluene,10 mL reactor,,"Yield determined by 1H NMR using 1,3,5-trimethoxybenzene as internal standard"
Wong et al. 2021 - Flash chemistry enables high productivity metalation-substitution of 5-alkyltetrazoles,10.1039/d1sc04176b,Table 3,6,5-cumyltetrazole substrate 5,,n-BuLi,,product 15,,15,46.0,NMR,,,,,directed metalation,25.0,30.0,toluene,10 mL reactor,,"Yield determined by 1H NMR using 1,3,5-trimethoxybenzene as internal standard"
Wong et al. 2021 - Flash chemistry enables high productivity metalation-substitution of 5-alkyltetrazoles,10.1039/d1sc04176b,Table 3,7,5-cumyltetrazole substrate 5,,n-BuLi,,product 15,,15,73.0,NMR,,,,,directed metalation,25.0,30.0,toluene,10 mL reactor,,"TMEDA : toluene ratio increased to 1:1; yield determined by 1H NMR using 1,3,5-trimethoxybenzene as internal standard"
Wong et al. 2021 - Flash chemistry enables high productivity metalation-substitution of 5-alkyltetrazoles,10.1039/d1sc04176b,Table 3,8,5-cumyltetrazole substrate 5,,n-BuLi,,product 15,,15,70.0,NMR,,,,,directed metalation,25.0,100.0,toluene,10 mL reactor,,"TMEDA : toluene ratio increased to 1:1; yield determined by 1H NMR using 1,3,5-trimethoxybenzene as internal standard"
Wong et al. 2021 - Flash chemistry enables high productivity metalation-substitution of 5-alkyltetrazoles,10.1039/d1sc04176b,Table 3,9,5-cumyltetrazole substrate 5,,n-BuLi,,product 15,,15,70.0,NMR,,,,,directed metalation,25.0,30.0,toluene,10 mL reactor,,"TMEDA : toluene ratio increased to 1:1; yield determined by 1H NMR using 1,3,5-trimethoxybenzene as internal standard"
d3cc00756a,10.1039/d3cc00756a,Table 1,,4-bromoanisole,,C36H74-gelated nBuLi,,compound 2,,2,,,,,,,C-C coupling,25.0,300.0,,,,"Entry 1: No catalyst, product ratio 2:3:4 = 1:0:35 by GC/MS."
d3cc00756a,10.1039/d3cc00756a,Table 1,,4-bromoanisole,,C36H74-gelated nBuLi,,compound 2,,2,,,,,,,C-C coupling,25.0,600.0,,,Pd-PEPPSI-IPr,Entry 2: Product ratio 2:3:4 = 75:0:14 by GC/MS.
d3cc00756a,10.1039/d3cc00756a,Table 1,,4-bromoanisole,,C36H74-gelated nBuLi,,compound 2,,2,,,,,,,C-C coupling,25.0,60.0,,,Pd[P(tBu)3]2/O2,Entry 12: Product ratio 2:3:4 = 96:0:4 by GC/MS.
d3cc00756a,10.1039/d3cc00756a,Table 1,,4-bromoanisole,,nBuLi (no gelation),,compound 2,,2,,,,,,,C-C coupling,25.0,600.0,,,Pd-PEPPSI-IPentCl,Entry 16: No gelation; product ratio 2:3:4 = 14:0:18 by GC/MS.
d3cc00756a,10.1039/d3cc00756a,Table 1,,4-bromoanisole,,C36H74-gelated nBuLi,,compound 2,,2,,,,,,,C-C coupling,0.0,300.0,,,Pd-PEPPSI-IPentCl,"Entry 18: Optimized conditions with 2 eq. nBuLi, gel pre-exposed to air at 0°C for 4 min then 1 min at rt; product ratio 2:3:4 = 99:0:1 by GC/MS."
Kohyama et al. 2025 - Continuous flow synthesis of cyclobutenes via lithium ynolates,10.1039/d4gc05102e,Table 1,1,"α,α,α-tribromomethyl ketone 1a",,tert-butyllithium,,cyclobutene 4aa,,4aa,,,,,,t-BuLi (8 equiv),halogen-metal exchange,,,diethyl ether,batch,tert-butyllithium,"Acetylation step temperature: -20 °C to room temperature. This entry corresponds to previously optimized batch conditions that caused LiBr precipitation, unsuitable for flow."
Kohyama et al. 2025 - Continuous flow synthesis of cyclobutenes via lithium ynolates,10.1039/d4gc05102e,Table 1,2,"α,α,α-tribromomethyl ketone 1a",,tert-butyllithium,,cyclobutene 4aa,,4aa,30.0,,,,,t-BuLi (8 equiv),halogen-metal exchange,,,tetrahydrofuran,batch,tert-butyllithium,Acetylation step temperature: -20 °C to room temperature. Yield decreased due to side reactions of t-BuLi with THF.
Kohyama et al. 2025 - Continuous flow synthesis of cyclobutenes via lithium ynolates,10.1039/d4gc05102e,Table 1,3,"α,α,α-tribromomethyl ketone 1a",,sec-butyllithium,,cyclobutene 4aa,,4aa,,,,,,s-BuLi (4 equiv),halogen-metal exchange,,,tetrahydrofuran,batch,sec-butyllithium,Acetylation step temperature: -20 °C to room temperature. Yield decreased due to side reactions of s-BuLi with THF.
Kohyama et al. 2025 - Continuous flow synthesis of cyclobutenes via lithium ynolates,10.1039/d4gc05102e,Table 1,4,"α,α,α-tribromomethyl ketone 1a",,n-butyllithium,,cyclobutene 4aa,,4aa,46.0,,,,,n-BuLi (4 equiv),halogen-metal exchange,,,tetrahydrofuran,batch,n-butyllithium,Acetylation step temperature: -20 °C to room temperature. This condition was selected for further flow optimization.
Kohyama et al. 2025 - Continuous flow synthesis of cyclobutenes via lithium ynolates,10.1039/d4gc05102e,Table 2,,lithium ynolate 2a,,methyl acrylate 5a,,cyclobutene 4aa,,4aa,74.0,NMR,,,,,anionic cyclization,20.0,17.7,tetrahydrofuran,T-shaped micromixer + capillary/coil reactor,n-butyllithium,First reactor residence time t1 fixed at 2.5 s; third reactor residence time t3 = 2.9 s; acetic anhydride used for acetylation.
Kohyama et al. 2025 - Continuous flow synthesis of cyclobutenes via lithium ynolates,10.1039/d4gc05102e,Table 2,,lithium ynolate 2a,,methyl acrylate 5a,,cyclobutene 4aa,,4aa,75.0,NMR,,,,,anionic cyclization,30.0,17.7,tetrahydrofuran,T-shaped micromixer + capillary/coil reactor,n-butyllithium,First reactor residence time t1 fixed at 2.5 s; third reactor residence time t3 = 2.9 s; acetic anhydride used for acetylation.
Kohyama et al. 2025 - Continuous flow synthesis of cyclobutenes via lithium ynolates,10.1039/d4gc05102e,Table 2,,lithium ynolate 2a,,methyl acrylate 5a,,cyclobutene 4aa,,4aa,74.0,NMR,,,,,anionic cyclization,20.0,23.6,tetrahydrofuran,T-shaped micromixer + capillary/coil reactor,n-butyllithium,First reactor residence time t1 fixed at 2.5 s; third reactor residence time t3 = 2.9 s; acetic anhydride used for acetylation.
Kohyama et al. 2025 - Continuous flow synthesis of cyclobutenes via lithium ynolates,10.1039/d4gc05102e,Table 2,,lithium ynolate 2a,,methyl acrylate 5a,,cyclobutene 4aa,,4aa,75.0,NMR,,,,,anionic cyclization,30.0,23.6,tetrahydrofuran,T-shaped micromixer + capillary/coil reactor,n-butyllithium,First reactor residence time t1 fixed at 2.5 s; third reactor residence time t3 = 2.9 s; acetic anhydride used for acetylation.
Kohyama et al. 2025 - Continuous flow synthesis of cyclobutenes via lithium ynolates,10.1039/d4gc05102e,Table 2,,lithium ynolate 2a,,ethyl acrylate 5b,,cyclobutene 4ab,,4ab,63.0,NMR,,,,,anionic cyclization,30.0,17.7,tetrahydrofuran,T-shaped micromixer + capillary/coil reactor,n-butyllithium,First reactor residence time t1 fixed at 2.5 s; third reactor residence time t3 = 2.9 s; acetic anhydride used for acetylation.
Kohyama et al. 2025 - Continuous flow synthesis of cyclobutenes via lithium ynolates,10.1039/d4gc05102e,Table 3,1,"α,α,α-tribromomethyl ketone 1a",,tert-butyllithium,,cyclobutene 4ab,,4ab,70.0,,,,,t-BuLi (8.0 equiv),halogen-metal exchange,-78.0,3600.0,diethyl ether,batch,tert-butyllithium,Three-step batch synthesis with cryogenic conditions; second and third steps involve temperature ramping from -78 to -20 °C.
Kohyama et al. 2025 - Continuous flow synthesis of cyclobutenes via lithium ynolates,10.1039/d4gc05102e,Table 3,2,"α,α,α-tribromomethyl ketone 1a",,n-butyllithium,,cyclobutene 4ab,,4ab,16.0,,,,,,halogen-metal exchange,30.0,60.0,tetrahydrofuran,batch,n-butyllithium,"Batch synthesis attempted under flow-like conditions (30 °C, 60 s per step) but gave low yield."
Kohyama et al. 2025 - Continuous flow synthesis of cyclobutenes via lithium ynolates,10.1039/d4gc05102e,Table 3,3,"α,α,α-tribromomethyl ketone 1a",,n-butyllithium,,cyclobutene 4ab,,4ab,63.0,,,,,n-BuLi (4.8 equiv),halogen-metal exchange,30.0,2.5,tetrahydrofuran,flow system with T-shaped micrometer mixer (250 μm inner diameter) and reactor loops,n-butyllithium,"Three-step flow synthesis with residence times: 2.5 s (1st), 17.7 s (2nd), 2.9 s (3rd); total residence time 23.1 s."
Slocum et al. 2012 - Near-ambient temperature halogen-lithium exchange of p-bromoanisole and related substrates - Flow - batch studies,10.1055/s-0031-1290810,Table 1,1,p-bromoanisole,,n-butyllithium,,p-(trimethylsilyl)anisole,,,16.5,GC,,,,1:1,halogen-metal exchange,20.0,,tetrahydrofuran-cyclohexane,,,
Slocum et al. 2012 - Near-ambient temperature halogen-lithium exchange of p-bromoanisole and related substrates - Flow - batch studies,10.1055/s-0031-1290810,Table 1,2,p-bromoanisole,,n-butyllithium,,p-(trimethylsilyl)anisole,,,9.5,GC,,,,1:1,halogen-metal exchange,20.0,,tetrahydrofuran-cyclohexane,,,
Slocum et al. 2012 - Near-ambient temperature halogen-lithium exchange of p-bromoanisole and related substrates - Flow - batch studies,10.1055/s-0031-1290810,Table 1,3,p-bromoanisole,,n-butyllithium,,p-(trimethylsilyl)anisole,,,74.0,GC,,,,1:1,halogen-metal exchange,20.0,,tetrahydrofuran-cyclohexane,,,
Slocum et al. 2012 - Near-ambient temperature halogen-lithium exchange of p-bromoanisole and related substrates - Flow - batch studies,10.1055/s-0031-1290810,Table 1,4,p-bromoanisole,,n-butyllithium,,p-(trimethylsilyl)anisole,,,,GC,,,,1:2,halogen-metal exchange,20.0,,tetrahydrofuran-cyclohexane,,,
Slocum et al. 2012 - Near-ambient temperature halogen-lithium exchange of p-bromoanisole and related substrates - Flow - batch studies,10.1055/s-0031-1290810,Table 1,5,p-bromoanisole,,n-butyllithium,,p-(trimethylsilyl)anisole,,,14.5,GC,,,,1:1,halogen-metal exchange,20.0,,methyl tert-butyl ether-cyclohexane,,,
Slocum et al. 2012 - Near-ambient temperature halogen-lithium exchange of p-bromoanisole and related substrates - Flow - batch studies,10.1055/s-0031-1290810,Table 1,6,p-bromoanisole,,n-butyllithium,,p-(trimethylsilyl)anisole,,,0.5,GC,,,,1:1,halogen-metal exchange,20.0,,cyclohexane,,,
Slocum et al. 2012 - Near-ambient temperature halogen-lithium exchange of p-bromoanisole and related substrates - Flow - batch studies,10.1055/s-0031-1290810,Table 1,9,p-bromoanisole,,n-butyllithium,,p-(trimethylsilyl)anisole,,,68.5,GC,,,,1:1,halogen-metal exchange,20.0,,methyl tert-butyl ether-cyclohexane,,,
Slocum et al. 2012 - Near-ambient temperature halogen-lithium exchange of p-bromoanisole and related substrates - Flow - batch studies,10.1055/s-0031-1290810,Table 1,10,p-bromoanisole,,n-butyllithium,,p-(trimethylsilyl)anisole,,,27.5,GC,,,,1:1,halogen-metal exchange,20.0,,cyclohexane,,,
Slocum et al. 2012 - Near-ambient temperature halogen-lithium exchange of p-bromoanisole and related substrates - Flow - batch studies,10.1055/s-0031-1290810,Table 2,1,p-bromoanisole,,n-butyllithium,,p-(trimethylsilyl)anisole,,,74.5,GC,,,,1:1,halogen-metal exchange,0.6,,tetrahydrofuran,Synthetron,,
Slocum et al. 2012 - Near-ambient temperature halogen-lithium exchange of p-bromoanisole and related substrates - Flow - batch studies,10.1055/s-0031-1290810,Table 2,2,p-bromoanisole,,n-butyllithium,,p-(trimethylsilyl)anisole,,,71.4,GC,,,,1:1,halogen-metal exchange,1.0,,tetrahydrofuran,Synthetron,,
Slocum et al. 2012 - Near-ambient temperature halogen-lithium exchange of p-bromoanisole and related substrates - Flow - batch studies,10.1055/s-0031-1290810,Table 2,3,p-bromoanisole,,n-butyllithium,,p-(trimethylsilyl)anisole,,,74.8,GC,,,,1:1,halogen-metal exchange,0.5,,tetrahydrofuran,Synthetron,,
Slocum et al. 2012 - Near-ambient temperature halogen-lithium exchange of p-bromoanisole and related substrates - Flow - batch studies,10.1055/s-0031-1290810,Table 2,4,p-bromoanisole,,n-butyllithium,,p-(trimethylsilyl)anisole,,,91.5,GC,,,,1:1,halogen-metal exchange,0.8,,cyclohexane,Synthetron,,
Slocum et al. 2012 - Near-ambient temperature halogen-lithium exchange of p-bromoanisole and related substrates - Flow - batch studies,10.1055/s-0031-1290810,Table 2,5,p-bromoanisole,,n-butyllithium,,p-(trimethylsilyl)anisole,,,91.1,GC,,,,1:2,halogen-metal exchange,0.6,,cyclohexane,Synthetron,,
Slocum et al. 2012 - Near-ambient temperature halogen-lithium exchange of p-bromoanisole and related substrates - Flow - batch studies,10.1055/s-0031-1290810,Table 3,1,p-iodoanisole,,n-butyllithium,,p-(trimethylsilyl)anisole,,,96.0,GC,,,,1:1,halogen-metal exchange,22.0,300.0,cyclohexane,,,
Slocum et al. 2012 - Near-ambient temperature halogen-lithium exchange of p-bromoanisole and related substrates - Flow - batch studies,10.1055/s-0031-1290810,Table 3,2,p-iodoanisole,,n-butyllithium,,p-(trimethylsilyl)anisole,,,94.0,GC,,,,1:1,halogen-metal exchange,22.0,300.0,tetrahydrofuran-cyclohexane,,,
Slocum et al. 2012 - Near-ambient temperature halogen-lithium exchange of p-bromoanisole and related substrates - Flow - batch studies,10.1055/s-0031-1290810,Table 3,3,p-iodoanisole,,n-butyllithium,,p-(trimethylsilyl)anisole,,,95.0,GC,,,,1:1,halogen-metal exchange,22.0,300.0,methyl tert-butyl ether-cyclohexane,,,
Slocum et al. 2012 - Near-ambient temperature halogen-lithium exchange of p-bromoanisole and related substrates - Flow - batch studies,10.1055/s-0031-1290810,Table 4,1,p-iodoanisole,,n-butyllithium,,p-(trimethylsilyl)anisole,,,76.6,GC,,,,1:1,halogen-metal exchange,1.4,,tetrahydrofuran,Synthetron,,
Slocum et al. 2012 - Near-ambient temperature halogen-lithium exchange of p-bromoanisole and related substrates - Flow - batch studies,10.1055/s-0031-1290810,Table 4,2,p-iodoanisole,,n-butyllithium,,p-(trimethylsilyl)anisole,,,84.2,GC,,,,1:1,halogen-metal exchange,1.4,,tetrahydrofuran-cyclohexane,Synthetron,,
"Okano et al. 2020 - Trapping of transient thienyllithiums generated by deprotonation of 2,3- or 2,5-dibromothiophene in a flow microreactor",10.1055/s-0040-1706479,Table 1,1,"2,3-dibromothiophene",,benzaldehyde,,"1-(4,5-dibromo-2-thienyl)phenylmethanol",,8a,,NMR,,,,,nucleophilic addition,-78.0,0.38,tetrahydrofuran,T-shaped micromixer + capillary reactor,,Yield of 8a <1%; significant recovery of starting material.
"Okano et al. 2020 - Trapping of transient thienyllithiums generated by deprotonation of 2,3- or 2,5-dibromothiophene in a flow microreactor",10.1055/s-0040-1706479,Table 1,2,"2,3-dibromothiophene",,benzaldehyde,,"1-(4,5-dibromo-2-thienyl)phenylmethanol",,8a,,NMR,,,,,nucleophilic addition,-42.0,0.38,tetrahydrofuran,T-shaped micromixer + capillary reactor,,
"Okano et al. 2020 - Trapping of transient thienyllithiums generated by deprotonation of 2,3- or 2,5-dibromothiophene in a flow microreactor",10.1055/s-0040-1706479,Table 1,3,"2,3-dibromothiophene",,benzaldehyde,,"1-(4,5-dibromo-2-thienyl)phenylmethanol",,8a,,NMR,,,,,nucleophilic addition,0.0,0.38,tetrahydrofuran,T-shaped micromixer + capillary reactor,,Substantial amount of isomer 3a observed.
"Okano et al. 2020 - Trapping of transient thienyllithiums generated by deprotonation of 2,3- or 2,5-dibromothiophene in a flow microreactor",10.1055/s-0040-1706479,Table 1,7,"2,3-dibromothiophene",,benzaldehyde,,"1-(4,5-dibromo-2-thienyl)phenylmethanol",,8a,66.0,NMR,,,,,nucleophilic addition,-78.0,1.6,tetrahydrofuran,T-shaped micromixer + capillary reactor,,"Optimal conditions for trapping thienyllithium 4; 3% isomer 3a and 3% 2,4-dibromothiophene also formed."
"Okano et al. 2020 - Trapping of transient thienyllithiums generated by deprotonation of 2,3- or 2,5-dibromothiophene in a flow microreactor",10.1055/s-0040-1706479,Table 1,8,"2,3-dibromothiophene",,benzaldehyde,,"1-(4,5-dibromo-2-thienyl)phenylmethanol",,8a,,NMR,,,,,nucleophilic addition,-42.0,1.6,tetrahydrofuran,T-shaped micromixer + capillary reactor,,Ratio of 8a:3a ≈ 1:1.
"Okano et al. 2020 - Trapping of transient thienyllithiums generated by deprotonation of 2,3- or 2,5-dibromothiophene in a flow microreactor",10.1055/s-0040-1706479,Table 1,9,"2,3-dibromothiophene",,benzaldehyde,,"1-(4,5-dibromo-2-thienyl)phenylmethanol",,8a,,NMR,,,,,nucleophilic addition,0.0,1.6,tetrahydrofuran,T-shaped micromixer + capillary reactor,,Ratio of 8a:3a ≈ 2:1.
"Okano et al. 2020 - Trapping of transient thienyllithiums generated by deprotonation of 2,3- or 2,5-dibromothiophene in a flow microreactor",10.1055/s-0040-1706479,Table 1,10,"2,3-dibromothiophene",,benzaldehyde,,"1-(4,5-dibromo-2-thienyl)phenylmethanol",,8a,49.0,NMR,,,,,nucleophilic addition,-78.0,3.1,tetrahydrofuran,T-shaped micromixer + capillary reactor,,20% isomer 3a formed; 16% recovered starting material.
"Okano et al. 2020 - Trapping of transient thienyllithiums generated by deprotonation of 2,3- or 2,5-dibromothiophene in a flow microreactor",10.1055/s-0040-1706479,Table 1,11,"2,3-dibromothiophene",,benzaldehyde,,"1-(4,5-dibromo-2-thienyl)phenylmethanol",,8a,,NMR,,,,,nucleophilic addition,-42.0,3.1,tetrahydrofuran,T-shaped micromixer + capillary reactor,,Ratio of 8a:3a ≈ 2:3.
"Okano et al. 2020 - Trapping of transient thienyllithiums generated by deprotonation of 2,3- or 2,5-dibromothiophene in a flow microreactor",10.1055/s-0040-1706479,Table 1,12,"2,3-dibromothiophene",,benzaldehyde,,"1-(4,5-dibromo-2-thienyl)phenylmethanol",,8a,,NMR,,,,,nucleophilic addition,0.0,3.1,tetrahydrofuran,T-shaped micromixer + capillary reactor,,Ratio of 8a:3a ≈ 3:2.
"Okano et al. 2020 - Trapping of transient thienyllithiums generated by deprotonation of 2,3- or 2,5-dibromothiophene in a flow microreactor",10.1055/s-0040-1706479,Table 2,1,"2,3-dibromothiophene",,benzaldehyde,,"1-(4,5-dibromo-2-thienyl)phenylmethanol",,8a,55.0,isolated,,,,,nucleophilic addition,-78.0,1.6,tetrahydrofuran,T-shaped micromixer + capillary reactor,,
"Okano et al. 2020 - Trapping of transient thienyllithiums generated by deprotonation of 2,3- or 2,5-dibromothiophene in a flow microreactor",10.1055/s-0040-1706479,Table 2,2,"2,3-dibromothiophene",,butanal,,"1-(4,5-dibromo-2-thienyl)pentan-1-ol",,8b,84.0,isolated,,,,,nucleophilic addition,-78.0,1.6,tetrahydrofuran,T-shaped micromixer + capillary reactor,,
"Okano et al. 2020 - Trapping of transient thienyllithiums generated by deprotonation of 2,3- or 2,5-dibromothiophene in a flow microreactor",10.1055/s-0040-1706479,Table 2,3,"2,3-dibromothiophene",,cyclohexanone,,"1-(4,5-dibromo-2-thienyl)cyclohexanol",,8c,78.0,isolated,,,,,nucleophilic addition,-78.0,1.6,tetrahydrofuran,T-shaped micromixer + capillary reactor,,Structure confirmed by X-ray crystallography.
"Okano et al. 2020 - Trapping of transient thienyllithiums generated by deprotonation of 2,3- or 2,5-dibromothiophene in a flow microreactor",10.1055/s-0040-1706479,Table 2,4,"2,3-dibromothiophene",,pentan-3-one,,"3-(4,5-dibromo-2-thienyl)pentan-3-ol",,8d,61.0,isolated,,,,,nucleophilic addition,-78.0,1.6,tetrahydrofuran,T-shaped micromixer + capillary reactor,,
"Okano et al. 2020 - Trapping of transient thienyllithiums generated by deprotonation of 2,3- or 2,5-dibromothiophene in a flow microreactor",10.1055/s-0040-1706479,Table 2,5,"2,3-dibromothiophene",,phenyl isocyanate,,"N-phenyl-4,5-dibromo-2-thiophenecarboxamide",,8e,32.0,isolated,,,,,nucleophilic addition,-78.0,1.6,tetrahydrofuran,T-shaped micromixer + capillary reactor,,Batch reaction gave urea byproduct from LDA + phenyl isocyanate.
"Okano et al. 2020 - Trapping of transient thienyllithiums generated by deprotonation of 2,3- or 2,5-dibromothiophene in a flow microreactor",10.1055/s-0040-1706479,Table 2,6,"2,3-dibromothiophene",,tributylstannyl chloride,,"4,5-dibromo-2-(tributylstannyl)thiophene",,8f,89.0,isolated,,,,,nucleophilic addition,-78.0,1.6,tetrahydrofuran,T-shaped micromixer + capillary reactor,,
"Okano et al. 2020 - Trapping of transient thienyllithiums generated by deprotonation of 2,3- or 2,5-dibromothiophene in a flow microreactor",10.1055/s-0040-1706479,Table 3,1,"2,5-dibromothiophene",,benzaldehyde,,"1-(3,4-dibromo-2-thienyl)phenylmethanol",,11a,,NMR,,,,,nucleophilic addition,-78.0,1.6,tetrahydrofuran,T-shaped micromixer + capillary reactor,,"Almost no reaction; traces of 3a, 10, and 11a observed."
"Okano et al. 2020 - Trapping of transient thienyllithiums generated by deprotonation of 2,3- or 2,5-dibromothiophene in a flow microreactor",10.1055/s-0040-1706479,Table 3,2,"2,5-dibromothiophene",,benzaldehyde,,"1-(3,4-dibromo-2-thienyl)phenylmethanol",,11a,,NMR,,,,,nucleophilic addition,-42.0,1.6,tetrahydrofuran,T-shaped micromixer + capillary reactor,,76% starting material recovered; undesired isomer 3a formed.
"Okano et al. 2020 - Trapping of transient thienyllithiums generated by deprotonation of 2,3- or 2,5-dibromothiophene in a flow microreactor",10.1055/s-0040-1706479,Table 3,3,"2,5-dibromothiophene",,benzaldehyde,,"1-(3,4-dibromo-2-thienyl)phenylmethanol",,11a,,NMR,,,,,nucleophilic addition,0.0,1.6,tetrahydrofuran,T-shaped micromixer + capillary reactor,,Approximately 1:6 mixture of 11a:3a.
Knochel et al. 2020 - Preparation of diorganomagnesium reagents by halog ... es and subsequent in situ trapping with MgCl2·LiCl in continuous flow,10.1055/s-0040-1707167,Table 1,1,3-bromoquinoline,,cyclohexanone,,1-(quinolin-3-yl)cyclohexanol,,4a,62.0,isolated,,,,"nBuLi 1.0 equiv, MgCl2·LiCl 0.5 equiv, cyclohexanone 1.5 equiv",nucleophilic addition,-78.0,2.5,tetrahydrofuran,T-shaped micromixer + capillary/coil reactor,,
Knochel et al. 2020 - Preparation of diorganomagnesium reagents by halog ... es and subsequent in situ trapping with MgCl2·LiCl in continuous flow,10.1055/s-0040-1707167,Table 1,2,3-bromoquinoline,,cyclohexanone,,1-(quinolin-3-yl)cyclohexanol,,4a,65.0,GC,,,,"nBuLi 1.0 equiv, MgCl2·LiCl 0.5 equiv, cyclohexanone 1.5 equiv",nucleophilic addition,-40.0,2.5,tetrahydrofuran,T-shaped micromixer + capillary/coil reactor,,
Knochel et al. 2020 - Preparation of diorganomagnesium reagents by halog ... es and subsequent in situ trapping with MgCl2·LiCl in continuous flow,10.1055/s-0040-1707167,Table 1,3,3-bromoquinoline,,cyclohexanone,,1-(quinolin-3-yl)cyclohexanol,,4a,67.0,GC,,,,"nBuLi 1.0 equiv, MgCl2·LiCl 0.5 equiv, cyclohexanone 1.5 equiv",nucleophilic addition,-20.0,2.5,tetrahydrofuran,T-shaped micromixer + capillary/coil reactor,,
Knochel et al. 2020 - Preparation of diorganomagnesium reagents by halog ... es and subsequent in situ trapping with MgCl2·LiCl in continuous flow,10.1055/s-0040-1707167,Table 1,4,3-bromoquinoline,,cyclohexanone,,1-(quinolin-3-yl)cyclohexanol,,4a,22.0,GC,,,,"nBuLi 1.0 equiv, MgCl2·LiCl 0.5 equiv, cyclohexanone 1.5 equiv",nucleophilic addition,0.0,2.5,tetrahydrofuran,T-shaped micromixer + capillary/coil reactor,,
Knochel et al. 2020 - Preparation of diorganomagnesium reagents by halog ... es and subsequent in situ trapping with MgCl2·LiCl in continuous flow,10.1055/s-0040-1707167,Table 1,5,3-bromoquinoline,,cyclohexanone,,1-(quinolin-3-yl)cyclohexanol,,4a,18.0,GC,,,,"nBuLi 1.0 equiv, cyclohexanone 1.5 equiv",nucleophilic addition,-20.0,2.5,tetrahydrofuran,T-shaped micromixer + capillary/coil reactor,,
Knochel et al. 2020 - Preparation of diorganomagnesium reagents by halog ... es and subsequent in situ trapping with MgCl2·LiCl in continuous flow,10.1055/s-0040-1707167,Table 1,6,3-bromoquinoline,,cyclohexanone,,1-(quinolin-3-yl)cyclohexanol,,4a,61.0,GC,,,,"nBuLi 1.0 equiv, MgCl2·LiCl 1.0 equiv, cyclohexanone 1.5 equiv",nucleophilic addition,-20.0,2.5,tetrahydrofuran,T-shaped micromixer + capillary/coil reactor,,
Knochel et al. 2020 - Preparation of diorganomagnesium reagents by halog ... es and subsequent in situ trapping with MgCl2·LiCl in continuous flow,10.1055/s-0040-1707167,Table 1,7,3-bromoquinoline,,cyclohexanone,,1-(quinolin-3-yl)cyclohexanol,,4a,59.0,GC,,,,"PhLi 1.0 equiv, MgCl2·LiCl 0.5 equiv, cyclohexanone 1.5 equiv",nucleophilic addition,-20.0,2.5,tetrahydrofuran,T-shaped micromixer + capillary/coil reactor,,
Knochel et al. 2020 - Preparation of diorganomagnesium reagents by halog ... es and subsequent in situ trapping with MgCl2·LiCl in continuous flow,10.1055/s-0040-1707167,Table 1,8,3-bromoquinoline,,cyclohexanone,,1-(quinolin-3-yl)cyclohexanol,,4a,76.0,GC,,,,"nBuLi 1.0 equiv, MgCl2·LiCl 0.5 equiv, cyclohexanone 1.5 equiv",nucleophilic addition,-20.0,0.1,tetrahydrofuran,T-shaped micromixer + capillary/coil reactor,,
Knochel et al. 2020 - Preparation of diorganomagnesium reagents by halog ... es and subsequent in situ trapping with MgCl2·LiCl in continuous flow,10.1055/s-0040-1707167,Table 1,9,3-bromoquinoline,,cyclohexanone,,1-(quinolin-3-yl)cyclohexanol,,4a,62.0,isolated,,,,"nBuLi 1.5 equiv, MgCl2·LiCl 0.5 equiv, cyclohexanone 1.5 equiv",nucleophilic addition,-20.0,0.1,tetrahydrofuran,T-shaped micromixer + capillary/coil reactor,,
Knochel et al. 2020 - Preparation of diorganomagnesium reagents by halog ... es and subsequent in situ trapping with MgCl2·LiCl in continuous flow,10.1055/s-0040-1707167,Table 2,2,3-bromoquinoline,,adamantanone,,2-(quinolin-3-yl)adamantan-2-ol,,4b,72.0,isolated,,,,"nBuLi 1.5 equiv, MgCl2·LiCl 0.5 equiv, adamantanone 1.5 equiv",nucleophilic addition,-20.0,0.1,tetrahydrofuran,T-shaped micromixer + capillary/coil reactor,,
Knochel et al. 2020 - Preparation of diorganomagnesium reagents by halog ... es and subsequent in situ trapping with MgCl2·LiCl in continuous flow,10.1055/s-0040-1707167,Table 2,3,3-bromoquinoline,,"2,2′-dipyridyl disulfide",,3-(pyridin-2-ylthio)quinoline,,4c,88.0,isolated,,,,"nBuLi 1.5 equiv, MgCl2·LiCl 0.5 equiv, 2,2′-dipyridyl disulfide 1.5 equiv",nucleophilic addition,-20.0,0.1,tetrahydrofuran,T-shaped micromixer + capillary/coil reactor,,
Knochel et al. 2020 - Preparation of diorganomagnesium reagents by halog ... es and subsequent in situ trapping with MgCl2·LiCl in continuous flow,10.1055/s-0040-1707167,Table 2,4,"6-bromo-5,7-difluoroquinoline",,adamantanone,,"2-(5,7-difluoroquinolin-6-yl)adamantan-2-ol",,4d,95.0,isolated,,,,"nBuLi 1.5 equiv, MgCl2·LiCl 0.5 equiv, adamantanone 1.5 equiv",nucleophilic addition,-78.0,0.1,tetrahydrofuran,T-shaped micromixer + capillary/coil reactor,,
Knochel et al. 2020 - Preparation of diorganomagnesium reagents by halog ... es and subsequent in situ trapping with MgCl2·LiCl in continuous flow,10.1055/s-0040-1707167,Table 2,5,"6-bromo-5,7-difluoroquinoline",,(4-chlorophenyl)(cyclopropyl)methanone,,"(4-chlorophenyl)(cyclopropyl)(5,7-difluoroquinolin-6-yl)methanol",,4e,95.0,isolated,,,,"nBuLi 1.5 equiv, MgCl2·LiCl 0.5 equiv, (4-chlorophenyl)(cyclopropyl)methanone 1.5 equiv",nucleophilic addition,-78.0,0.1,tetrahydrofuran,T-shaped micromixer + capillary/coil reactor,,
Knochel et al. 2020 - Preparation of diorganomagnesium reagents by halog ... es and subsequent in situ trapping with MgCl2·LiCl in continuous flow,10.1055/s-0040-1707167,Table 2,6,1-iodoisoquinoline,,adamantanone,,2-(isoquinolin-1-yl)adamantan-2-ol,,4f,73.0,isolated,,,,"nBuLi 1.5 equiv, MgCl2·LiCl 0.5 equiv, adamantanone 1.5 equiv",nucleophilic addition,0.0,2.5,tetrahydrofuran,T-shaped micromixer + capillary/coil reactor,,
Knochel et al. 2020 - Preparation of diorganomagnesium reagents by halog ... es and subsequent in situ trapping with MgCl2·LiCl in continuous flow,10.1055/s-0040-1707167,Table 2,7,8-bromo-3-methoxyisoquinoline,,adamantanone,,2-(3-methoxyisoquinolin-8-yl)adamantan-2-ol,,4g,73.0,isolated,,,,"nBuLi 1.5 equiv, MgCl2·LiCl 0.5 equiv, adamantanone 1.5 equiv",nucleophilic addition,-20.0,2.5,tetrahydrofuran,T-shaped micromixer + capillary/coil reactor,,
Knochel et al. 2020 - Preparation of diorganomagnesium reagents by halog ... es and subsequent in situ trapping with MgCl2·LiCl in continuous flow,10.1055/s-0040-1707167,Table 2,8,"6-bromo-5,7-difluoroquinoline",,"1,2-di-tolyldisulfane",,"5,7-difluoro-6-(p-tolylthio)quinoline",,4h,73.0,isolated,,,,"nBuLi 1.5 equiv, MgCl2·LiCl 0.5 equiv, 1,2-di-tolyldisulfane 1.5 equiv",nucleophilic addition,-78.0,0.1,tetrahydrofuran,T-shaped micromixer + capillary/coil reactor,,
Knochel et al. 2020 - Preparation of diorganomagnesium reagents by halog ... es and subsequent in situ trapping with MgCl2·LiCl in continuous flow,10.1055/s-0040-1707167,Table 2,9,1-iodoisoquinoline,,dicyclohexyl disulfide,,1-(cyclohexylthio)isoquinoline,,4i,90.0,isolated,,,,"nBuLi 1.5 equiv, MgCl2·LiCl 0.5 equiv, dicyclohexyl disulfide 1.5 equiv",nucleophilic addition,0.0,2.5,tetrahydrofuran,T-shaped micromixer + capillary/coil reactor,,
Knochel et al. 2020 - Preparation of diorganomagnesium reagents by halog ... es and subsequent in situ trapping with MgCl2·LiCl in continuous flow,10.1055/s-0040-1707167,Table 2,10,8-bromo-3-methoxyisoquinoline,,3-bromocyclohex-1-ene,,8-(cyclohex-2-en-1-yl)-3-methoxyisoquinoline,,4j,71.0,isolated,,,,"nBuLi 1.5 equiv, MgCl2·LiCl 0.5 equiv, 3-bromocyclohex-1-ene 1.5 equiv, CuCN·2LiCl 0.1 equiv",C-C coupling,-20.0,2.5,tetrahydrofuran,T-shaped micromixer + capillary/coil reactor,CuCN·2LiCl,
Knochel et al. 2020 - Preparation of diorganomagnesium reagents by halog ... es and subsequent in situ trapping with MgCl2·LiCl in continuous flow,10.1055/s-0040-1707167,Table 3,1,N-Boc-3-bromoindole,,cyclohexanone,,tert-butyl 3-(1-hydroxycyclohexyl)-1H-indole-1-carboxylate,,7a,60.0,isolated,,,,"nBuLi 1.5 equiv, MgCl2·LiCl 0.5 equiv, cyclohexanone 1.5 equiv",nucleophilic addition,-20.0,1.3,tetrahydrofuran,T-shaped micromixer + capillary/coil reactor,,
Knochel et al. 2020 - Preparation of diorganomagnesium reagents by halog ... es and subsequent in situ trapping with MgCl2·LiCl in continuous flow,10.1055/s-0040-1707167,Table 3,2,3-bromothiophene,,adamantanone,,adamantan-2-yl(thiophen-3-yl)methanol,,7b,92.0,isolated,,,,"nBuLi 1.5 equiv, MgCl2·LiCl 0.5 equiv, adamantanone 1.5 equiv",nucleophilic addition,-20.0,1.3,tetrahydrofuran,T-shaped micromixer + capillary/coil reactor,,
Knochel et al. 2020 - Preparation of diorganomagnesium reagents by halog ... es and subsequent in situ trapping with MgCl2·LiCl in continuous flow,10.1055/s-0040-1707167,Table 3,3,3-bromobenzo[b]thiophene,,dibutyl disulfide,,3-(butylthio)benzo[b]thiophene,,7c,94.0,isolated,,,,"nBuLi 1.5 equiv, MgCl2·LiCl 0.5 equiv, dibutyl disulfide 1.5 equiv",nucleophilic addition,-20.0,1.3,tetrahydrofuran,T-shaped micromixer + capillary/coil reactor,,
Knochel et al. 2020 - Preparation of diorganomagnesium reagents by halog ... es and subsequent in situ trapping with MgCl2·LiCl in continuous flow,10.1055/s-0040-1707167,Table 3,4,3-bromofuran,,cyclohexanone,,1-(furan-3-yl)cyclohexan-1-ol,,7d,60.0,isolated,,,,"nBuLi 1.5 equiv, MgCl2·LiCl 0.5 equiv, cyclohexanone 1.5 equiv",nucleophilic addition,-40.0,0.1,tetrahydrofuran,T-shaped micromixer + capillary/coil reactor,,
Knochel et al. 2020 - Preparation of diorganomagnesium reagents by halog ... es and subsequent in situ trapping with MgCl2·LiCl in continuous flow,10.1055/s-0040-1707167,Table 4,1,"2,4-dibromoquinoline",,norcamphor,,2-(2-bromoquinolin-4-yl)bicyclo[2.2.1]heptan-2-ol,,10a,58.0,isolated,,,,"nBuLi 0.9 equiv, MgCl2·LiCl 0.5 equiv, norcamphor 1.5 equiv",nucleophilic addition,-20.0,1.3,tetrahydrofuran,T-shaped micromixer + capillary/coil reactor,,
Knochel et al. 2020 - Preparation of diorganomagnesium reagents by halog ... es and subsequent in situ trapping with MgCl2·LiCl in continuous flow,10.1055/s-0040-1707167,Table 4,2,"2,5-dibromopyridine",,norcamphor,,2-(6-bromopyridin-3-yl)bicyclo[2.2.1]heptan-2-ol,,10b,68.0,isolated,,,,"nBuLi 0.9 equiv, MgCl2·LiCl 0.5 equiv, norcamphor 1.5 equiv",nucleophilic addition,0.0,1.3,tetrahydrofuran,T-shaped micromixer + capillary/coil reactor,,
Knochel et al. 2020 - Preparation of diorganomagnesium reagents by halog ... es and subsequent in situ trapping with MgCl2·LiCl in continuous flow,10.1055/s-0040-1707167,Table 4,3,"2,5-dibromopyridine",,adamantanone,,2-(6-bromopyridin-3-yl)adamantan-2-ol,,10c,67.0,isolated,,,,"nBuLi 0.9 equiv, MgCl2·LiCl 0.5 equiv, adamantanone 1.5 equiv",nucleophilic addition,0.0,1.3,tetrahydrofuran,T-shaped micromixer + capillary/coil reactor,,
Knochel et al. 2020 - Preparation of diorganomagnesium reagents by halog ... es and subsequent in situ trapping with MgCl2·LiCl in continuous flow,10.1055/s-0040-1707167,Table 4,4,"2,5-dibromopyridine",,(4-chlorophenyl)(cyclopropyl)methanone,,1-(6-bromopyridin-3-yl)-1-phenylethan-1-ol,,10d,56.0,isolated,,,,"nBuLi 0.9 equiv, MgCl2·LiCl 0.5 equiv, (4-chlorophenyl)(cyclopropyl)methanone 1.5 equiv",nucleophilic addition,0.0,1.3,tetrahydrofuran,T-shaped micromixer + capillary/coil reactor,,
Knochel et al. 2020 - Preparation of diorganomagnesium reagents by halog ... es and subsequent in situ trapping with MgCl2·LiCl in continuous flow,10.1055/s-0040-1707167,Table 4,5,"2,5-dibromopyridine",,cyclohexanone,,(6-bromopyridin-3-yl)(cyclohexyl)methanol,,10e,89.0,isolated,,,,"nBuLi 0.9 equiv, MgCl2·LiCl 0.5 equiv, cyclohexanone 1.5 equiv",nucleophilic addition,0.0,1.3,tetrahydrofuran,T-shaped micromixer + capillary/coil reactor,,
Knochel et al. 2020 - Preparation of diorganomagnesium reagents by halog ... es and subsequent in situ trapping with MgCl2·LiCl in continuous flow,10.1055/s-0040-1707167,Table 4,6,"2,5-dibromopyridine",,3-bromocyclohex-1-ene,,6-bromo-3-(cyclohex-2-en-1-yl)pyridine,,10f,61.0,isolated,,,,"nBuLi 0.9 equiv, MgCl2·LiCl 0.5 equiv, 3-bromocyclohex-1-ene 1.5 equiv, CuCN·2LiCl 0.1 equiv",C-C coupling,0.0,1.3,tetrahydrofuran,T-shaped micromixer + capillary/coil reactor,CuCN·2LiCl,
Knochel et al. 2020 - Preparation of diorganomagnesium reagents by halog ... es and subsequent in situ trapping with MgCl2·LiCl in continuous flow,10.1055/s-0040-1707167,Table 4,7,"2,5-dibromopyrazine",,cyclohexanone,,(6-bromopyrazin-2-yl)(cyclohexyl)methanol,,10g,67.0,isolated,,,,"nBuLi 0.9 equiv, MgCl2·LiCl 0.5 equiv, cyclohexanone 1.5 equiv",nucleophilic addition,-20.0,1.3,tetrahydrofuran,T-shaped micromixer + capillary/coil reactor,,
Knochel et al. 2020 - Preparation of diorganomagnesium reagents by halog ... es and subsequent in situ trapping with MgCl2·LiCl in continuous flow,10.1055/s-0040-1707167,Table 4,8,"2,5-dibromopyrazine",,3-bromocyclohex-1-ene,,"2,6-bis(cyclohex-2-en-1-yl)pyrazine",,10h,62.0,isolated,,,,"nBuLi 1.8 equiv, MgCl2·LiCl 0.5 equiv, 3-bromocyclohex-1-ene 3.0 equiv, CuCN·2LiCl 0.2 equiv",C-C coupling,-20.0,1.3,tetrahydrofuran,T-shaped micromixer + capillary/coil reactor,CuCN·2LiCl,
Yoshida et al. 2020 - Integrated synthesis using isothiocyanate-substituted aryllithiums by flow chemistry,10.1055/s-0040-1707251,Table 2,,p-iodophenyl isothiocyanate,,tributyltin chloride,,Bu3Sn-substituted aryl isothiocyanate,,3a,84.0,isolated,,,,,halogen-metal exchange,-40.0,0.014,tetrahydrofuran,T-shaped mixer + stainless-steel tubing,,From Table 2: I–Li exchange of p-iodophenyl isothiocyanate followed by reaction with Bu3SnCl gives product 3a in 84% isolated yield.
Yoshida et al. 2020 - Integrated synthesis using isothiocyanate-substituted aryllithiums by flow chemistry,10.1055/s-0040-1707251,Table 2,,m-iodophenyl isothiocyanate,,tributyltin chloride,,Bu3Sn-substituted aryl isothiocyanate,,3a,84.0,isolated,,,,,halogen-metal exchange,-40.0,0.014,tetrahydrofuran,T-shaped mixer + stainless-steel tubing,,From Table 2: I–Li exchange of m-iodophenyl isothiocyanate followed by reaction with Bu3SnCl gives product 3a in 84% isolated yield.
Yoshida et al. 2020 - Integrated synthesis using isothiocyanate-substituted aryllithiums by flow chemistry,10.1055/s-0040-1707251,Table 2,,p-iodophenyl isothiocyanate,,trimethylsilyl triflate,,Me3Si-substituted aryl isothiocyanate,,3b,97.0,isolated,,,,,halogen-metal exchange,-40.0,0.014,tetrahydrofuran,T-shaped mixer + stainless-steel tubing,,From Table 2: I–Li exchange of p-iodophenyl isothiocyanate followed by reaction with Me3SiOTf gives product 3b in 97% isolated yield.
Yoshida et al. 2020 - Integrated synthesis using isothiocyanate-substituted aryllithiums by flow chemistry,10.1055/s-0040-1707251,Table 2,,m-iodophenyl isothiocyanate,,trimethylsilyl triflate,,Me3Si-substituted aryl isothiocyanate,,3b,97.0,isolated,,,,,halogen-metal exchange,-40.0,0.014,tetrahydrofuran,T-shaped mixer + stainless-steel tubing,,From Table 2: I–Li exchange of m-iodophenyl isothiocyanate followed by reaction with Me3SiOTf gives product 3b in 97% isolated yield.
Yoshida et al. 2020 - Integrated synthesis using isothiocyanate-substituted aryllithiums by flow chemistry,10.1055/s-0040-1707251,Table 2,,p-iodophenyl isothiocyanate,,methyl chloroformate,,MeO2C-substituted aryl isothiocyanate,,3c,93.0,isolated,,,,,halogen-metal exchange,-40.0,0.014,tetrahydrofuran,T-shaped mixer + stainless-steel tubing,,From Table 2: I–Li exchange of p-iodophenyl isothiocyanate followed by reaction with ClCO2Me gives product 3c in 93% isolated yield.
Yoshida et al. 2020 - Integrated synthesis using isothiocyanate-substituted aryllithiums by flow chemistry,10.1055/s-0040-1707251,Table 2,,m-iodophenyl isothiocyanate,,methyl chloroformate,,MeO2C-substituted aryl isothiocyanate,,3c,93.0,isolated,,,,,halogen-metal exchange,-40.0,0.014,tetrahydrofuran,T-shaped mixer + stainless-steel tubing,,From Table 2: I–Li exchange of m-iodophenyl isothiocyanate followed by reaction with ClCO2Me gives product 3c in 93% isolated yield.
Yoshida et al. 2020 - Integrated synthesis using isothiocyanate-substituted aryllithiums by flow chemistry,10.1055/s-0040-1707251,Table 2,,p-iodophenyl isothiocyanate,,methyl triflate,,Me-substituted aryl isothiocyanate,,3d,92.0,isolated,,,,,halogen-metal exchange,-40.0,0.014,tetrahydrofuran,T-shaped mixer + stainless-steel tubing,,From Table 2: I–Li exchange of p-iodophenyl isothiocyanate followed by reaction with MeOTf gives product 3d in 92% isolated yield.
Yoshida et al. 2020 - Integrated synthesis using isothiocyanate-substituted aryllithiums by flow chemistry,10.1055/s-0040-1707251,Table 2,,m-iodophenyl isothiocyanate,,methyl triflate,,Me-substituted aryl isothiocyanate,,3d,92.0,isolated,,,,,halogen-metal exchange,-40.0,0.014,tetrahydrofuran,T-shaped mixer + stainless-steel tubing,,From Table 2: I–Li exchange of m-iodophenyl isothiocyanate followed by reaction with MeOTf gives product 3d in 92% isolated yield.
Yoshida et al. 2020 - Integrated synthesis using isothiocyanate-substituted aryllithiums by flow chemistry,10.1055/s-0040-1707251,Table 2,,p-iodophenyl isothiocyanate,,diethyl oxalate,,diethyl oxalate adduct of aryl isothiocyanate,,3e,63.0,isolated,,,,,halogen-metal exchange,-40.0,0.014,tetrahydrofuran,T-shaped mixer + stainless-steel tubing,,From Table 2: I–Li exchange of p-iodophenyl isothiocyanate followed by reaction with diethyl oxalate gives product 3e in 63% isolated yield.
Yoshida et al. 2020 - Integrated synthesis using isothiocyanate-substituted aryllithiums by flow chemistry,10.1055/s-0040-1707251,Table 2,,m-iodophenyl isothiocyanate,,diethyl oxalate,,diethyl oxalate adduct of aryl isothiocyanate,,3e,63.0,isolated,,,,,halogen-metal exchange,-40.0,0.014,tetrahydrofuran,T-shaped mixer + stainless-steel tubing,,From Table 2: I–Li exchange of m-iodophenyl isothiocyanate followed by reaction with diethyl oxalate gives product 3e in 63% isolated yield.
Yoshida et al. 2020 - Integrated synthesis using isothiocyanate-substituted aryllithiums by flow chemistry,10.1055/s-0040-1707251,Table 2,,p-iodophenyl isothiocyanate,,N-fluorobenzenesulfonimide (NFSI),,F-substituted aryl isothiocyanate,,3f,78.0,isolated,,,,,halogen-metal exchange,-40.0,0.014,tetrahydrofuran,T-shaped mixer + stainless-steel tubing,,From Table 2: I–Li exchange of p-iodophenyl isothiocyanate followed by reaction with NFSI gives product 3f in 78% isolated yield.
Yoshida et al. 2020 - Integrated synthesis using isothiocyanate-substituted aryllithiums by flow chemistry,10.1055/s-0040-1707251,Table 2,,m-iodophenyl isothiocyanate,,N-fluorobenzenesulfonimide (NFSI),,F-substituted aryl isothiocyanate,,3f,78.0,isolated,,,,,halogen-metal exchange,-40.0,0.014,tetrahydrofuran,T-shaped mixer + stainless-steel tubing,,From Table 2: I–Li exchange of m-iodophenyl isothiocyanate followed by reaction with NFSI gives product 3f in 78% isolated yield.
Yoshida et al. 2020 - Integrated synthesis using isothiocyanate-substituted aryllithiums by flow chemistry,10.1055/s-0040-1707251,page_3_table_1_extracted.csv,5,p-iodophenyl isothiocyanate,,tributyltin chloride,,Bu3Sn-substituted aryl isothiocyanate,,2a,,GC,,,,"1.1 equiv RLi, 1.5 equiv tributyltin chloride",halogen-metal exchange,-40.0,0.014,tetrahydrofuran,T-shaped mixer + stainless-steel tubing,,Reaction conducted with 1.1 equiv organolithium and 1.5 equiv electrophile; yields determined by GC per table note.
Yoshida et al. 2020 - Integrated synthesis using isothiocyanate-substituted aryllithiums by flow chemistry,10.1055/s-0040-1707251,page_3_table_1_extracted.csv,6,p-iodophenyl isothiocyanate,,trimethylsilyl triflate,,Me3Si-substituted aryl isothiocyanate,,2b,,GC,,,,"1.1 equiv RLi, 1.5 equiv Me3SiOTf",halogen-metal exchange,-40.0,0.014,tetrahydrofuran,T-shaped mixer + stainless-steel tubing,,Reaction conducted with 1.1 equiv organolithium and 1.5 equiv electrophile; yields determined by GC per table note.
Yoshida et al. 2020 - Integrated synthesis using isothiocyanate-substituted aryllithiums by flow chemistry,10.1055/s-0040-1707251,page_3_table_1_extracted.csv,7,p-iodophenyl isothiocyanate,,methyl chloroformate,,MeO2C-substituted aryl isothiocyanate,,2c,,GC,,,,"1.1 equiv RLi, 1.5 equiv ClCO2Me",halogen-metal exchange,-40.0,0.014,tetrahydrofuran,T-shaped mixer + stainless-steel tubing,,Reaction conducted with 1.1 equiv organolithium and 1.5 equiv electrophile; yields determined by GC per table note.
Yoshida et al. 2020 - Integrated synthesis using isothiocyanate-substituted aryllithiums by flow chemistry,10.1055/s-0040-1707251,page_3_table_1_extracted.csv,8,p-iodophenyl isothiocyanate,,methyl triflate,,Me-substituted aryl isothiocyanate,,2d,,GC,,,,"1.1 equiv RLi, 1.5 equiv MeOTf",halogen-metal exchange,-40.0,0.014,tetrahydrofuran,T-shaped mixer + stainless-steel tubing,,Reaction conducted with 1.1 equiv organolithium and 1.5 equiv electrophile; yields determined by GC per table note.
Yoshida et al. 2020 - Integrated synthesis using isothiocyanate-substituted aryllithiums by flow chemistry,10.1055/s-0040-1707251,page_3_table_1_extracted.csv,9,p-iodophenyl isothiocyanate,,diethyl oxalate,,diethyl oxalate adduct of aryl isothiocyanate,,2e,,GC,,,,"1.1 equiv RLi, 1.5 equiv diethyl oxalate",halogen-metal exchange,-40.0,0.014,tetrahydrofuran,T-shaped mixer + stainless-steel tubing,,Reaction conducted with 1.1 equiv organolithium and 1.5 equiv electrophile; yields determined by GC per table note.
Yoshida et al. 2020 - Integrated synthesis using isothiocyanate-substituted aryllithiums by flow chemistry,10.1055/s-0040-1707251,page_3_table_1_extracted.csv,10,p-iodophenyl isothiocyanate,,N-fluorobenzenesulfonimide (NFSI),,F-substituted aryl isothiocyanate,,2f,,GC,,,,"1.1 equiv RLi, 1.5 equiv NFSI",halogen-metal exchange,-40.0,0.014,tetrahydrofuran,T-shaped mixer + stainless-steel tubing,,Reaction conducted with 1.1 equiv organolithium and 1.5 equiv electrophile; yields determined by GC per table note.
Yoshida et al. 2020 - Integrated synthesis using isothiocyanate-substituted aryllithiums by flow chemistry,10.1055/s-0040-1707251,page_3_table_1_extracted.csv,1,p-halophenyl isothiocyanate,,MeLi,,NCS-substituted aryllithium intermediate,,,,GC,,,,1.1 equiv MeLi,halogen-metal exchange,-40.0,0.014,tetrahydrofuran,T-shaped mixer + stainless-steel tubing,,Entry 1 in Table 1: Br–Li exchange using MeLi on bromoarene 1 gave poor yield of desired product.
Yoshida et al. 2020 - Integrated synthesis using isothiocyanate-substituted aryllithiums by flow chemistry,10.1055/s-0040-1707251,page_3_table_1_extracted.csv,2,p-halophenyl isothiocyanate,,s-BuLi,,NCS-substituted aryllithium intermediate,,,,GC,,,,1.1 equiv s-BuLi,halogen-metal exchange,-40.0,0.014,tetrahydrofuran,T-shaped mixer + stainless-steel tubing,,Entry 2 in Table 1: Br–Li exchange using s-BuLi on bromoarene 1 gave moderate yield of desired product.
Yoshida et al. 2020 - Integrated synthesis using isothiocyanate-substituted aryllithiums by flow chemistry,10.1055/s-0040-1707251,page_3_table_1_extracted.csv,3,p-halophenyl isothiocyanate,,n-BuLi,,NCS-substituted aryllithium intermediate,,,,GC,,,,1.1 equiv n-BuLi,halogen-metal exchange,-40.0,0.014,tetrahydrofuran,T-shaped mixer + stainless-steel tubing,,Entry 3 in Table 1: Br–Li exchange using n-BuLi on bromoarene 1 gave moderate yield of desired product.
Yoshida et al. 2020 - Integrated synthesis using isothiocyanate-substituted aryllithiums by flow chemistry,10.1055/s-0040-1707251,page_3_table_1_extracted.csv,4,p-halophenyl isothiocyanate,,PhLi,,byproduct from nucleophilic addition to NCS group,,,,GC,,,,1.1 equiv PhLi,halogen-metal exchange,-40.0,0.014,tetrahydrofuran,T-shaped mixer + stainless-steel tubing,,Entry 4 in Table 1: Use of PhLi gave no desired product due to nucleophilic addition to NCS group.
Yoshida et al. 2020 - Integrated synthesis using isothiocyanate-substituted aryllithiums by flow chemistry,10.1055/s-0040-1707251,page_3_table_1_extracted.csv,5,p-iodophenyl isothiocyanate,,MeLi,,NCS-substituted aryllithium intermediate,,,,GC,,,,1.1 equiv MeLi,halogen-metal exchange,-40.0,0.014,tetrahydrofuran,T-shaped mixer + stainless-steel tubing,,Entry 5 in Table 1: I–Li exchange using MeLi on iodoarene 1 gave low yield.
Yoshida et al. 2020 - Integrated synthesis using isothiocyanate-substituted aryllithiums by flow chemistry,10.1055/s-0040-1707251,page_3_table_1_extracted.csv,6,p-iodophenyl isothiocyanate,,s-BuLi,,NCS-substituted aryllithium intermediate,,,,GC,,,,1.1 equiv s-BuLi,halogen-metal exchange,-40.0,0.014,tetrahydrofuran,T-shaped mixer + stainless-steel tubing,,Entry 6 in Table 1: I–Li exchange using s-BuLi on iodoarene 1 gave moderate yield.
Yoshida et al. 2020 - Integrated synthesis using isothiocyanate-substituted aryllithiums by flow chemistry,10.1055/s-0040-1707251,page_3_table_1_extracted.csv,7,p-iodophenyl isothiocyanate,,n-BuLi,,NCS-substituted aryllithium intermediate,,,,GC,,,,1.1 equiv n-BuLi,halogen-metal exchange,-40.0,0.014,tetrahydrofuran,T-shaped mixer + stainless-steel tubing,,Entry 7 in Table 1: I–Li exchange using n-BuLi on iodoarene 1 gave moderate yield.
Yoshida et al. 2020 - Integrated synthesis using isothiocyanate-substituted aryllithiums by flow chemistry,10.1055/s-0040-1707251,page_3_table_1_extracted.csv,8,p-iodophenyl isothiocyanate,,PhLi,,NCS-substituted aryllithium intermediate,,,84.0,GC,,,,1.1 equiv PhLi,halogen-metal exchange,-40.0,0.014,tetrahydrofuran,T-shaped mixer + stainless-steel tubing,,Entry 8 in Table 1: I–Li exchange using PhLi on iodoarene 1 gave 84% yield of desired product.
Weidmann et al. 2020 - Halogen–lithium exchange of sensitive (hetero)aromatic halides under Barbier conditions in a continuous flow set-up,10.1055/s-0040-1707259,Table 1,5a/2c,2-bromopyridine,,2-adamantanone,,2-(pyridin-2-yl)adamantan-2-ol,,7ac,98.0,isolated,,,,1.0 equiv each; nBuLi = 0.9 equiv,nucleophilic addition,-78.0,0.1,tetrahydrofuran,T-shaped micromixer + capillary/coil reactor,,Reaction performed under Barbier conditions with in situ halogen–lithium exchange followed by nucleophilic addition to ketone.
Weidmann et al. 2020 - Halogen–lithium exchange of sensitive (hetero)aromatic halides under Barbier conditions in a continuous flow set-up,10.1055/s-0040-1707259,Table 1,5a/2d,2-bromopyridine,,(4-chlorophenyl)(cyclopropyl)methanone,,(4-Chlorophenyl)(cyclopropyl)(pyridin-2-yl)methanol,,7ad,99.0,isolated,,,,1.0 equiv each; nBuLi = 0.9 equiv,nucleophilic addition,-78.0,0.1,tetrahydrofuran,T-shaped micromixer + capillary/coil reactor,,Reaction performed under Barbier conditions with in situ halogen–lithium exchange followed by nucleophilic addition to ketone.
Weidmann et al. 2020 - Halogen–lithium exchange of sensitive (hetero)aromatic halides under Barbier conditions in a continuous flow set-up,10.1055/s-0040-1707259,Table 1,5a/2j,2-bromopyridine,,"2,2,4,4-tetramethylpentan-3-one",,"2,2,4,4-Tetramethyl-3-(pyridin-2-yl)pentan-3-ol",,7aj,93.0,isolated,,,,1.0 equiv each; tBuLi = 2.0 equiv,nucleophilic addition,-40.0,0.1,tetrahydrofuran,T-shaped micromixer + capillary/coil reactor,,Reaction performed under Barbier conditions with in situ halogen–lithium exchange followed by nucleophilic addition to ketone.
Weidmann et al. 2020 - Halogen–lithium exchange of sensitive (hetero)aromatic halides under Barbier conditions in a continuous flow set-up,10.1055/s-0040-1707259,Table 1,5a/2k,2-bromopyridine,,N-methoxy-N-methylacetamide (Weinreb amide),,1-(pyridin-2-yl)ethan-1-one,,7ak,62.0,isolated,,,,1.0 equiv each; tBuLi = 2.0 equiv,nucleophilic addition,-40.0,0.1,tetrahydrofuran,T-shaped micromixer + capillary/coil reactor,,Reaction performed under Barbier conditions with in situ halogen–lithium exchange followed by nucleophilic addition to Weinreb amide.
Weidmann et al. 2020 - Halogen–lithium exchange of sensitive (hetero)aromatic halides under Barbier conditions in a continuous flow set-up,10.1055/s-0040-1707259,Table 1,5a/2l,2-bromopyridine,,N-benzylideneaniline (imine),,N-benzyl-2-(pyridin-2-yl)aniline,,7al,59.0,isolated,,,,1.0 equiv each; tBuLi = 2.0 equiv,nucleophilic addition,-40.0,0.1,tetrahydrofuran,T-shaped micromixer + capillary/coil reactor,,Reaction performed under Barbier conditions with in situ halogen–lithium exchange followed by nucleophilic addition to imine.
Weidmann et al. 2020 - Halogen–lithium exchange of sensitive (hetero)aromatic halides under Barbier conditions in a continuous flow set-up,10.1055/s-0040-1707259,Table 1,5b/2c,3-bromopyridine,,2-adamantanone,,2-(pyridin-3-yl)adamantan-2-ol,,7bc,60.0,isolated,,,,1.0 equiv each; tBuLi = 2.0 equiv,nucleophilic addition,0.0,7.5,tetrahydrofuran,T-shaped micromixer + capillary/coil reactor,,Reaction performed under Barbier conditions with in situ halogen–lithium exchange followed by nucleophilic addition to ketone.
Weidmann et al. 2020 - Halogen–lithium exchange of sensitive (hetero)aromatic halides under Barbier conditions in a continuous flow set-up,10.1055/s-0040-1707259,Table 1,5c/2c,"2,5-dibromopyridine",,2-adamantanone,,2-(5-bromopyridin-2-yl)adamantan-2-ol,,7cc,64.0,isolated,,,,1.0 equiv each; nBuLi = 0.9 equiv,nucleophilic addition,-78.0,0.15,tetrahydrofuran,T-shaped micromixer + capillary/coil reactor,,Reaction performed under Barbier conditions with regioselective bromine–lithium exchange at C2 position followed by nucleophilic addition to ketone.
Weidmann et al. 2020 - Halogen–lithium exchange of sensitive (hetero)aromatic halides under Barbier conditions in a continuous flow set-up,10.1055/s-0040-1707259,Table 1,5c/2m,"2,5-dibromopyridine",,"2,4-dimethylpentan-3-one",,"2-(5-bromopyridin-2-yl)-2,4-dimethylpentan-3-ol",,7cm,53.0,isolated,,,,1.0 equiv each; nBuLi = 0.9 equiv,nucleophilic addition,-78.0,0.15,tetrahydrofuran,T-shaped micromixer + capillary/coil reactor,,Reaction performed under Barbier conditions with regioselective bromine–lithium exchange at C2 position followed by nucleophilic addition to ketone.
Weidmann et al. 2020 - Halogen–lithium exchange of sensitive (hetero)aromatic halides under Barbier conditions in a continuous flow set-up,10.1055/s-0040-1707259,Table 1,5d/2d,3-iodo-2-methylpyridine,,(4-chlorophenyl)(cyclopropyl)methanone,,(4-Chlorophenyl)(cyclopropyl)(3-methylpyridin-2-yl)methanol,,7dd,81.0,isolated,,,,1.0 equiv each; nBuLi = 0.9 equiv,nucleophilic addition,-78.0,0.1,tetrahydrofuran,T-shaped micromixer + capillary/coil reactor,,Reaction performed under Barbier conditions with in situ halogen–lithium exchange followed by nucleophilic addition to ketone.
Weidmann et al. 2020 - Halogen–lithium exchange of sensitive (hetero)aromatic halides under Barbier conditions in a continuous flow set-up,10.1055/s-0040-1707259,Table 1,5d/2n,3-iodo-2-methylpyridine,,"2,4-dimethylpentan-3-one",,"2-(3-methylpyridin-2-yl)-2,4-dimethylpentan-3-ol",,7dn,92.0,isolated,,,,1.0 equiv each; nBuLi = 0.9 equiv,nucleophilic addition,-78.0,0.1,tetrahydrofuran,T-shaped micromixer + capillary/coil reactor,,Reaction performed under Barbier conditions with in situ halogen–lithium exchange followed by nucleophilic addition to ketone.
Weidmann et al. 2020 - Halogen–lithium exchange of sensitive (hetero)aromatic halides under Barbier conditions in a continuous flow set-up,10.1055/s-0040-1707259,Table 1,5e/2n,2-iodopyrimidine,,"2,4-dimethylpentan-3-one",,"2-(pyrimidin-2-yl)-2,4-dimethylpentan-3-ol",,7en,99.0,isolated,,,,1.0 equiv each; nBuLi = 0.9 equiv,nucleophilic addition,-78.0,0.1,tetrahydrofuran,T-shaped micromixer + capillary/coil reactor,,Reaction performed under Barbier conditions with in situ halogen–lithium exchange followed by nucleophilic addition to ketone.
Weidmann et al. 2020 - Halogen–lithium exchange of sensitive (hetero)aromatic halides under Barbier conditions in a continuous flow set-up,10.1055/s-0040-1707259,Table 1,5e/2o,2-iodopyrimidine,,"2,2,4,4-tetramethylpentan-3-one",,"2,2,4,4-tetramethyl-3-(pyrimidin-2-yl)pentan-3-ol",,7eo,79.0,isolated,,,,1.0 equiv each; nBuLi = 0.9 equiv,nucleophilic addition,-78.0,0.1,tetrahydrofuran,T-shaped micromixer + capillary/coil reactor,,Reaction performed under Barbier conditions with in situ halogen–lithium exchange followed by nucleophilic addition to ketone.
Nagaki et al. 2013 - Generation and reactions of pyridyllithiums via Br - Li exchange reactions using continuous flow microreactor systems,10.1071/CH12440,Table 1,,2-bromopyridine,,n-BuLi,,2-methylpyridine,,,70.0,GC,,,,,halogen-metal exchange,-28.0,0.055,"tetrahydrofuran, hexane",microreactor,,"Electrophile: MeI; bromopyridine concentration 0.10 M in THF; n-BuLi 0.40 M in hexane; MeI 0.60 M in THF; flow rates: bromopyridine 6.00 mL/min, n-BuLi 1.50 mL/min, MeI 3.00 mL/min → total flow = 10.5 mL/min. Solvent system is mixed (THF + hexane)."
Nagaki et al. 2013 - Generation and reactions of pyridyllithiums via Br - Li exchange reactions using continuous flow microreactor systems,10.1071/CH12440,Table 1,,3-bromopyridine,,n-BuLi,,3-methylpyridine,,,70.0,GC,,,,,halogen-metal exchange,-28.0,0.055,"tetrahydrofuran, hexane",microreactor,,"Electrophile: MeI; bromopyridine concentration 0.10 M in THF; n-BuLi 0.40 M in hexane; MeI 0.60 M in THF; flow rates: bromopyridine 6.00 mL/min, n-BuLi 1.50 mL/min, MeI 3.00 mL/min → total flow = 10.5 mL/min."
Nagaki et al. 2013 - Generation and reactions of pyridyllithiums via Br - Li exchange reactions using continuous flow microreactor systems,10.1071/CH12440,Table 1,,2-bromo-3-methylpyridine,,n-BuLi,,2-methyl-3-methylpyridine,,,74.0,GC,,,,,halogen-metal exchange,-28.0,0.78,"tetrahydrofuran, hexane",microreactor,,"Electrophile: MeI; bromopyridine concentration 0.10 M in THF; n-BuLi 0.40 M in hexane; MeI 0.60 M in THF; flow rates: bromopyridine 6.00 mL/min, n-BuLi 1.50 mL/min, MeI 3.00 mL/min → total flow = 10.5 mL/min."
Nagaki et al. 2013 - Generation and reactions of pyridyllithiums via Br - Li exchange reactions using continuous flow microreactor systems,10.1071/CH12440,Table 1,,2-bromo-5-methylpyridine,,n-BuLi,,2-methyl-5-methylpyridine,,,76.0,GC,,,,,halogen-metal exchange,-28.0,0.78,"tetrahydrofuran, hexane",microreactor,,"Electrophile: MeI; bromopyridine concentration 0.10 M in THF; n-BuLi 0.40 M in hexane; MeI 0.60 M in THF; flow rates: bromopyridine 6.00 mL/min, n-BuLi 1.50 mL/min, MeI 3.00 mL/min → total flow = 10.5 mL/min."
Nagaki et al. 2013 - Generation and reactions of pyridyllithiums via Br - Li exchange reactions using continuous flow microreactor systems,10.1071/CH12440,Table 1,,2-bromo-6-methylpyridine,,n-BuLi,,2-methyl-6-methylpyridine,,,67.0,GC,,,,,halogen-metal exchange,-28.0,0.78,"tetrahydrofuran, hexane",microreactor,,"Electrophile: MeI; bromopyridine concentration 0.10 M in THF; n-BuLi 0.40 M in hexane; MeI 0.60 M in THF; flow rates: bromopyridine 6.00 mL/min, n-BuLi 1.50 mL/min, MeI 3.00 mL/min → total flow = 10.5 mL/min."
Nagaki et al. 2013 - Generation and reactions of pyridyllithiums via Br - Li exchange reactions using continuous flow microreactor systems,10.1071/CH12440,Table 3,,"2,3-dibromopyridine",,n-BuLi,,2-bromo-3-methylpyridine,,,70.0,GC,,,,,halogen-metal exchange,0.0,0.055,"tetrahydrofuran, hexane",microreactor,,"Electrophile: MeI; dibromopyridine concentration 0.10 M in THF; n-BuLi 0.40 M in hexane; MeI 0.24 M in THF; flow rates: dibromopyridine 6.00 mL/min, n-BuLi 1.50 mL/min, MeI 3.00 mL/min → total flow = 10.5 mL/min."
Nagaki et al. 2013 - Generation and reactions of pyridyllithiums via Br - Li exchange reactions using continuous flow microreactor systems,10.1071/CH12440,Table 3,,"2,5-dibromopyridine",,n-BuLi,,2-bromo-5-methylpyridine,,,70.0,GC,,,,,halogen-metal exchange,0.0,0.055,"tetrahydrofuran, hexane",microreactor,,"Electrophile: MeI; dibromopyridine concentration 0.10 M in THF; n-BuLi 0.40 M in hexane; MeI 0.24 M in THF; flow rates: dibromopyridine 6.00 mL/min, n-BuLi 1.50 mL/min, MeI 3.00 mL/min → total flow = 10.5 mL/min."
Nagaki et al. 2013 - Generation and reactions of pyridyllithiums via Br - Li exchange reactions using continuous flow microreactor systems,10.1071/CH12440,Table 3,,"2,6-dibromopyridine",,n-BuLi,,2-bromo-6-methylpyridine,,,70.0,GC,,,,,halogen-metal exchange,0.0,0.055,"tetrahydrofuran, hexane",microreactor,,"Electrophile: MeI; dibromopyridine concentration 0.10 M in THF; n-BuLi 0.40 M in hexane; MeI 0.24 M in THF; flow rates: dibromopyridine 6.00 mL/min, n-BuLi 1.50 mL/min, MeI 3.00 mL/min → total flow = 10.5 mL/min."
Nagaki et al. 2013 - Generation and reactions of pyridyllithiums via Br - Li exchange reactions using continuous flow microreactor systems,10.1071/CH12440,Table 4,,"2,3-dibromopyridine",,n-BuLi,,2-methyl-3-methylpyridine,,,68.0,isolated,,,,,halogen-metal exchange,0.0,0.46,"tetrahydrofuran, hexane",microreactor,,"Sequential electrophiles: E1 = MeI, E2 = PhCHO; dibromopyridine 0.10 M in THF; first n-BuLi 0.40 M in hexane; E1 0.24 M in THF; second n-BuLi 0.40 M in hexane; E2 0.24 M in THF; flow rates: dibromopyridine 6.00 mL/min, first n-BuLi 1.50 mL/min, E1 3.00 mL/min, second n-BuLi 2.25 mL/min, E2 4.00 mL/min → total flow = 16.75 mL/min; but Table 4 caption says R3 L=12.5 cm → tR1=0.46–0.92 s and productivity given as 4.85 g/h, so flow rate used for residence time calculation is likely based on main stream (dibromopyridine + first n-BuLi + E1 = 10.5 mL/min), with subsequent streams added after R2. Per Fig. 5: R1 (3.5 cm), R2 (310 cm), R3 (12.5 or 25 cm), R4 (200 cm); flows: dibromopyridine 6.00, first n-BuLi 1.50, E1 3.00, second n-BuLi 2.25, E2 4.00/5.00/6.00 → total 16.75/17.75/18.75 mL/min. Residence time tR1 = 0.46 s corresponds to R1 only (first Br/Li exchange), thus using only initial streams: 6.00 + 1.50 + 3.00 = 10.5 mL/min → internal volume of R1 = 10.5 mL/min × 0.46 s / 60 s/min ≈ 0.0805 mL; matches geometry (ID=500 µm, L=3.5 cm → vol≈0.0069 mL? discrepancy suggests tR1 is calculated from full flow including all streams entering R1 — but per Fig. 5, only dibromopyridine + first n-BuLi enter R1; E1 enters at M2 after R1. So R1 flow = 6.00 + 1.50 = 7.5 mL/min → 0.46 s × 7.5 / 60 = 0.0575 mL; ID=500 µm → radius=0.025 cm, area=πr²≈0.00196 cm², length=3.5 cm → vol≈0.00686 cm³=0.00686 mL → t = V/Q = 0.00686 mL / (7.5 mL/min / 60 s/min) = 0.0549 s — inconsistent with stated 0.46 s. Therefore, reported tR1 values are nominal/adjusted; we retain as-is from table. Productivity 4.85 g/h reported for this entry."
Nagaki et al. 2013 - Generation and reactions of pyridyllithiums via Br - Li exchange reactions using continuous flow microreactor systems,10.1071/CH12440,Table 4,,"2,3-dibromopyridine",,n-BuLi,,2-methyl-3-(hydroxy(phenyl)methyl)pyridine,,,75.0,isolated,,,,,halogen-metal exchange,0.0,0.46,"tetrahydrofuran, hexane",microreactor,,"Sequential electrophiles: E1 = MeI, E2 = PhCHO; dibromopyridine 0.10 M in THF; first n-BuLi 0.40 M in hexane; E1 0.24 M in THF; second n-BuLi 0.40 M in hexane; E2 0.24 M in THF; flow rates: dibromopyridine 6.00 mL/min, first n-BuLi 1.50 mL/min, E1 3.00 mL/min, second n-BuLi 2.25 mL/min, E2 4.00 mL/min → total flow = 16.75 mL/min. Productivity 5.39 g/h reported."
Nagaki et al. 2013 - Generation and reactions of pyridyllithiums via Br - Li exchange reactions using continuous flow microreactor systems,10.1071/CH12440,Table 4,,"2,3-dibromopyridine",,n-BuLi,,2-trimethylsilyl-3-(hydroxy(phenyl)methyl)pyridine,,,51.0,isolated,,,,,halogen-metal exchange,0.0,0.46,"tetrahydrofuran, hexane",microreactor,,"Sequential electrophiles: E1 = Me3SiCl, E2 = PhCHO; dibromopyridine 0.10 M in THF; first n-BuLi 0.40 M in hexane; E1 0.24 M in THF; second n-BuLi 0.40 M in hexane; E2 0.24 M in THF; flow rates: dibromopyridine 6.00 mL/min, first n-BuLi 1.50 mL/min, E1 3.00 mL/min, second n-BuLi 2.25 mL/min, E2 4.00 mL/min → total flow = 16.75 mL/min. Productivity 4.75 g/h reported."
Nagaki et al. 2013 - Generation and reactions of pyridyllithiums via Br - Li exchange reactions using continuous flow microreactor systems,10.1071/CH12440,Table 4,,"2,3-dibromopyridine",,n-BuLi,,2-methyl-3-(hydroxy(phenyl)methyl)pyridine,,,76.0,isolated,,,,,halogen-metal exchange,0.0,0.46,"tetrahydrofuran, hexane",microreactor,,"Sequential electrophiles: E1 = MeI, E2 = PhCHO; dibromopyridine 0.10 M in THF; first n-BuLi 0.40 M in hexane; E1 0.24 M in THF; second n-BuLi 0.40 M in hexane; E2 0.24 M in THF; flow rates: dibromopyridine 6.00 mL/min, first n-BuLi 1.50 mL/min, E1 3.00 mL/min, second n-BuLi 2.25 mL/min, E2 6.00 mL/min → total flow = 18.75 mL/min. Productivity 4.80 g/h reported."
Nagaki et al. 2015 - Flash chemistry using trichlorovinyllithium - Switching the reaction pathways by high-resolution reaction time control,10.1246/cl.140980,Table 1,,trichloroethene,,n-BuLi,,"2,3,3-trichloro-1-phenylprop-2-en-1-ol",,1,0.0,GC,,,,1.05 equiv,nucleophilic addition,-78.0,600.0,,,,Batch macroreactor reaction; 10 min reaction time.
Nagaki et al. 2015 - Flash chemistry using trichlorovinyllithium - Switching the reaction pathways by high-resolution reaction time control,10.1246/cl.140980,Table 1,,trichloroethene,,n-BuLi,,3-chloro-1-phenylprop-2-yn-1-ol,,2,,GC,,,,1.05 equiv,nucleophilic addition,-78.0,600.0,,,,Batch macroreactor reaction; 10 min reaction time; significant amount of product 2 formed.
Nagaki et al. 2015 - Flash chemistry using trichlorovinyllithium - Switching the reaction pathways by high-resolution reaction time control,10.1246/cl.140980,Table 1,,trichloroethene,,n-BuLi,,"2,3,3-trichloro-1-phenylprop-2-en-1-ol",,1,0.0,GC,,,,1.05 equiv,nucleophilic addition,-78.0,3600.0,,,,Batch macroreactor reaction; 60 min reaction time.
Nagaki et al. 2015 - Flash chemistry using trichlorovinyllithium - Switching the reaction pathways by high-resolution reaction time control,10.1246/cl.140980,Table 1,,trichloroethene,,n-BuLi,,3-chloro-1-phenylprop-2-yn-1-ol,,2,,GC,,,,1.05 equiv,nucleophilic addition,-78.0,3600.0,,,,Batch macroreactor reaction; 60 min reaction time; significant amount of product 2 formed.
Nagaki et al. 2015 - Flash chemistry using trichlorovinyllithium - Switching the reaction pathways by high-resolution reaction time control,10.1246/cl.140980,Table 2,,trichloroethene,,benzaldehyde,,"1,1,2-trichloroalkene",,,81.0,GC,,,,2 equiv n-BuLi,nucleophilic addition,-60.0,0.18,,T-shaped micromixer + capillary/coil reactor,,Isolated yield in parentheses: 64%.
Nagaki et al. 2015 - Flash chemistry using trichlorovinyllithium - Switching the reaction pathways by high-resolution reaction time control,10.1246/cl.140980,Table 2,,trichloroethene,,acetophenone,,"1,1,2-trichloroalkene",,,46.0,isolated,,,,2 equiv n-BuLi,nucleophilic addition,-60.0,0.18,,T-shaped micromixer + capillary/coil reactor,,
Nagaki et al. 2015 - Flash chemistry using trichlorovinyllithium - Switching the reaction pathways by high-resolution reaction time control,10.1246/cl.140980,Table 2,,trichloroethene,,butyl isocyanate,,"1,1,2-trichloroalkene",,,57.0,isolated,,,,2 equiv n-BuLi,nucleophilic addition,-60.0,0.18,,T-shaped micromixer + capillary/coil reactor,,
Nagaki et al. 2015 - Flash chemistry using trichlorovinyllithium - Switching the reaction pathways by high-resolution reaction time control,10.1246/cl.140980,Table 3,,trichloroethene,,PhCHO,,unsymmetrically disubstituted ethyne,,,,isolated,,,,,nucleophilic addition,0.0,,,T-shaped micromixer + capillary/coil reactor,,"E1: PhCHO, E2: PhCHO."
Nagaki et al. 2015 - Flash chemistry using trichlorovinyllithium - Switching the reaction pathways by high-resolution reaction time control,10.1246/cl.140980,Table 3,,trichloroethene,,Bu3SnCl,,unsymmetrically disubstituted ethyne,,,,isolated,,,,,nucleophilic addition,0.0,,,T-shaped micromixer + capillary/coil reactor,,"E1: PhCHO, E2: Bu3SnCl."
Nagaki et al. 2015 - Flash chemistry using trichlorovinyllithium - Switching the reaction pathways by high-resolution reaction time control,10.1246/cl.140980,Table 3,,trichloroethene,,Me2SiHCl,,unsymmetrically disubstituted ethyne,,,,isolated,,,,,nucleophilic addition,0.0,,,T-shaped micromixer + capillary/coil reactor,,"E1: PhCHO, E2: Me2SiHCl."
Nagaki et al. 2015 - Flash chemistry using trichlorovinyllithium - Switching the reaction pathways by high-resolution reaction time control,10.1246/cl.140980,Table 3,,trichloroethene,,(CH3)2CO,,unsymmetrically disubstituted ethyne,,,,isolated,,,,,nucleophilic addition,0.0,,,T-shaped micromixer + capillary/coil reactor,,"E1: PhCHO, E2: (CH3)2CO."
Nagaki et al. 2015 - Flash chemistry using trichlorovinyllithium - Switching the reaction pathways by high-resolution reaction time control,10.1246/cl.140980,Table 3,,trichloroethene,,(CH2)5CO,,unsymmetrically disubstituted ethyne,,,,isolated,,,,,nucleophilic addition,0.0,,,T-shaped micromixer + capillary/coil reactor,,"E1: PhCHO, E2: (CH2)5CO."
Nagaki et al. 2015 - Flash chemistry using trichlorovinyllithium - Switching the reaction pathways by high-resolution reaction time control,10.1246/cl.140980,Table 3,,trichloroethene,,2-thiophenaldehyde,,unsymmetrically disubstituted ethyne,,,,isolated,,,,,nucleophilic addition,0.0,,,T-shaped micromixer + capillary/coil reactor,,"E1: MeOTf, E2: 2-thiophenaldehyde."
Nagaki et al. 2015 - Flash chemistry using trichlorovinyllithium - Switching the reaction pathways by high-resolution reaction time control,10.1246/cl.140980,Table 3,,trichloroethene,,H2O,,unsymmetrically disubstituted ethyne,,,,isolated,,,,,nucleophilic addition,0.0,,,T-shaped micromixer + capillary/coil reactor,,"E1: p-MeOC6H4CHO, E2: H2O."
"Degennaro et al. 2016 - Flow microreactor synthesis of 2,2-disubstituted oxetanes via 2-phenyloxetan-2-yl lithium",10.1515/chem-2016-0041,Table 1,1,2-phenyloxetane,,chlorotrimethylsilane,,2-phenyl-2-trimethylsilyl oxetane,,2a,85.0,isolated,,,,"1.0 equiv of 2-phenyloxetane 1, 3.0 equiv of s-BuLi, 3.0 equiv of electrophile",nucleophilic addition,-40.0,12.5,tetrahydrofuran,flow microreactor system,s-BuLi,
"Degennaro et al. 2016 - Flow microreactor synthesis of 2,2-disubstituted oxetanes via 2-phenyloxetan-2-yl lithium",10.1515/chem-2016-0041,Table 1,2,2-phenyloxetane,,iodomethane,,2-methyl-2-phenyloxetane,,2b,78.0,isolated,,,,"1.0 equiv of 2-phenyloxetane 1, 3.0 equiv of s-BuLi, 3.0 equiv of electrophile",nucleophilic addition,-40.0,12.5,tetrahydrofuran,flow microreactor system,s-BuLi,
"Degennaro et al. 2016 - Flow microreactor synthesis of 2,2-disubstituted oxetanes via 2-phenyloxetan-2-yl lithium",10.1515/chem-2016-0041,Table 1,3,2-phenyloxetane,,pivalaldehyde,,"2,2-dimethyl-1-(2-phenyloxetan-2-yl)propan-1-ol",,2c,63.0,isolated,,,,"1.0 equiv of 2-phenyloxetane 1, 3.0 equiv of s-BuLi, 3.0 equiv of electrophile",nucleophilic addition,-40.0,12.5,tetrahydrofuran,flow microreactor system,s-BuLi,
"Degennaro et al. 2016 - Flow microreactor synthesis of 2,2-disubstituted oxetanes via 2-phenyloxetan-2-yl lithium",10.1515/chem-2016-0041,Table 1,4,2-phenyloxetane,,acetone,,2-(2-phenyloxetan-2-yl)propan-2-ol,,2d,55.0,isolated,,,,"1.0 equiv of 2-phenyloxetane 1, 3.0 equiv of s-BuLi, 3.0 equiv of electrophile",nucleophilic addition,-40.0,12.5,tetrahydrofuran,flow microreactor system,s-BuLi,
"Degennaro et al. 2016 - Flow microreactor synthesis of 2,2-disubstituted oxetanes via 2-phenyloxetan-2-yl lithium",10.1515/chem-2016-0041,Table 1,5,2-phenyloxetane,,benzophenone,,diphenyl(2-phenyloxetan-2-yl)methanol,,2e,70.0,isolated,,,,"1.0 equiv of 2-phenyloxetane 1, 3.0 equiv of s-BuLi, 3.0 equiv of electrophile",nucleophilic addition,-40.0,12.5,tetrahydrofuran,flow microreactor system,s-BuLi,
Nagaki et al. 2012 - Generation and reactions of vinyllithiums using flow microreactor systems,10.1556/JFC-D-12-00004,Table 1,,(E)-β-bromostyrene,,benzaldehyde,,"(E)-1,3-diphenylprop-2-en-1-ol",,3,,GC,,,,"1.05 eq s-BuLi, 1.5 eq benzaldehyde",halogen-metal exchange,-78.0,,tetrahydrofuran,batch macro-scale reactor,s-BuLi,"Reaction performed in 10-mL round-bottom flask; lithiating reagent (0.42 M in hexane, 1.5 mL, 1.05 eq) added dropwise over 1 min to 0.10 M solution of (E)-β-bromostyrene in THF (6.0 mL); stirred 1 min at −78 °C before adding benzaldehyde (0.60 M in THF, 3.0 mL); stirred additional 10 min at −78 °C; conversion and yield determined by GC."
Nagaki et al. 2012 - Generation and reactions of vinyllithiums using flow microreactor systems,10.1556/JFC-D-12-00004,page_2_table_0,,(E)-β-bromostyrene,,benzaldehyde,,"(E)-1,3-diphenylprop-2-en-1-ol",,3,,GC,,,,"1.05 eq s-BuLi, 1.5 eq benzaldehyde",halogen-metal exchange,0.0,,tetrahydrofuran,flow microreactor,s-BuLi,"Flow microreactor system with T-shaped micromixers (M1, M2) and microtube reactors (R1, R2); flow rates: (E)-β-bromostyrene (0.10 M in THF) = 6.0 mL/min, s-BuLi (0.42 M in hexane) = 1.5 mL/min, benzaldehyde (0.30 M in THF) = 3.0 mL/min; total flow rate = 10.5 mL/min; temperature = 0 °C; conversion and yield determined by GC."
Nagaki et al. 2012 - Generation and reactions of vinyllithiums using flow microreactor systems,10.1556/JFC-D-12-00004,page_2_table_2,,(E)-β-bromostyrene,,benzaldehyde,,"(E)-1,3-diphenylprop-2-en-1-ol",,3,86.0,GC,,,,"1.05 eq s-BuLi, 1.5 eq benzaldehyde",halogen-metal exchange,0.0,0.055,tetrahydrofuran,T-shaped micromixer + microtube reactor,s-BuLi,Optimized flow conditions: tR = 0.055 s in R1; electrophile = benzaldehyde (1.5 eq); conversion of (E)-β-bromostyrene was quantitative; yield determined by GC.
Nagaki et al. 2012 - Generation and reactions of vinyllithiums using flow microreactor systems,10.1556/JFC-D-12-00004,page_2_table_2,,(E)-β-bromostyrene,,benzaldehyde,,"(E)-1,3-diphenylprop-2-en-1-ol",,3,,GC,,,,"1.05 eq n-BuLi, 1.5 eq benzaldehyde",halogen-metal exchange,0.0,0.055,tetrahydrofuran,T-shaped micromixer + microtube reactor,n-BuLi,Optimized flow conditions: tR = 0.055 s in R1; electrophile = benzaldehyde (1.5 eq); conversion of (E)-β-bromostyrene was quantitative; yield determined by GC.
80,10.3390/catal9030300,page_6_table_0_extracted.csv,,CC.N#Cc1ccc(Br)cc1,,N#Cc1ccc(I)cc1,,C#Cc1ccc(-c2ccc(C)cc2)cc1,,,68.0,GC,,,,,C-C coupling,0.0,3.54,,monolithic Pd flow reactor,Pd supported on polymer monolith,"Table note indicates T = 1DD C (interpreted as 0°C based on table data), RI = 4.7 min (not directly used; actual tR1 values listed per row are 0.059 min). However, consistent tR1=0.059 min across rows suggests fixed residence time. Conversion: 0.059 min × 60 = 3.54 s."
80,10.3390/catal9030300,page_6_table_0_extracted.csv,,CC.N#Cc1ccc(Br)cc1,,N#Cc1ccc(I)cc1,,C#Cc1ccc(-c2ccc(C)cc2)cc1,,,91.0,GC,,,,,C-C coupling,0.0,3.54,,monolithic Pd flow reactor,Pd supported on polymer monolith,"Table note indicates T = 1DD C (interpreted as 0°C based on table data), RI = 4.7 min (not directly used; actual tR1 values listed per row are 0.059 min). However, consistent tR1=0.059 min across rows suggests fixed residence time. Conversion: 0.059 min × 60 = 3.54 s."
80,10.3390/catal9030300,page_6_table_0_extracted.csv,,CC.N#Cc1ccc(Br)cc1,,N#Cc1cccc(I)c1,,N#Cc1ccc(-c2cccc(C#N)c2)cc1,,,17.0,GC,,,,,C-C coupling,0.0,3.54,,monolithic Pd flow reactor,Pd supported on polymer monolith,"Table note indicates T = 1DD C (interpreted as 0°C based on table data), RI = 4.7 min (not directly used; actual tR1 values listed per row are 0.059 min). However, consistent tR1=0.059 min across rows suggests fixed residence time. Conversion: 0.059 min × 60 = 3.54 s."
80,10.3390/catal9030300,page_6_table_0_extracted.csv,,CC.N#Cc1ccc(Br)cc1,,N#Cc1cccc(I)c1,,N#Cc1ccc(-c2cccc(C#N)c2)cc1,,,83.0,GC,,,,,C-C coupling,0.0,3.54,,monolithic Pd flow reactor,Pd supported on polymer monolith,"Table note indicates T = 1DD C (interpreted as 0°C based on table data), RI = 4.7 min (not directly used; actual tR1 values listed per row are 0.059 min). However, consistent tR1=0.059 min across rows suggests fixed residence time. Conversion: 0.059 min × 60 = 3.54 s."
80,10.3390/catal9030300,page_6_table_0_extracted.csv,,CC.N#Cc1ccc(Br)cc1,,N#Cc1ccccc1I,,N#Cc1ccc(-c2ccccc2C#N)cc1,,,12.0,GC,,,,,C-C coupling,0.0,3.54,,monolithic Pd flow reactor,Pd supported on polymer monolith,"Table note indicates T = 1DD C (interpreted as 0°C based on table data), RI = 4.7 min (not directly used; actual tR1 values listed per row are 0.059 min). However, consistent tR1=0.059 min across rows suggests fixed residence time. Conversion: 0.059 min × 60 = 3.54 s."
80,10.3390/catal9030300,page_6_table_0_extracted.csv,,CC.N#Cc1ccc(Br)cc1,,N#Cc1ccccc1I,,N#Cc1ccc(-c2ccccc2C#N)cc1,,,91.0,GC,,,,,C-C coupling,0.0,3.54,,monolithic Pd flow reactor,Pd supported on polymer monolith,"Table note indicates T = 1DD C (interpreted as 0°C based on table data), RI = 4.7 min (not directly used; actual tR1 values listed per row are 0.059 min). However, consistent tR1=0.059 min across rows suggests fixed residence time. Conversion: 0.059 min × 60 = 3.54 s."
80,10.3390/catal9030300,page_6_table_0_extracted.csv,,CC.N#Cc1ccc(Br)cc1,,COC(=O)c1ccc(I)cc1,,[C-]#[N+]c1ccc(-c2ccc(C(=C)C)cc2)cc1,,,34.0,GC,,,,,C-C coupling,0.0,3.54,,monolithic Pd flow reactor,Pd supported on polymer monolith,"Table note indicates T = 1DD C (interpreted as 0°C based on table data), RI = 4.7 min (not directly used; actual tR1 values listed per row are 0.059 min). However, consistent tR1=0.059 min across rows suggests fixed residence time. Conversion: 0.059 min × 60 = 3.54 s."
80,10.3390/catal9030300,page_6_table_0_extracted.csv,,CC.N#Cc1ccc(Br)cc1,,COC(=O)c1ccc(I)cc1,,[C-]#[N+]c1ccc(-c2ccc(C(=C)C)cc2)cc1,,,84.0,GC,,,,,C-C coupling,0.0,3.54,,monolithic Pd flow reactor,Pd supported on polymer monolith,"Table note indicates T = 1DD C (interpreted as 0°C based on table data), RI = 4.7 min (not directly used; actual tR1 values listed per row are 0.059 min). However, consistent tR1=0.059 min across rows suggests fixed residence time. Conversion: 0.059 min × 60 = 3.54 s."
80,10.3390/catal9030300,page_6_table_0_extracted.csv,,N#Cc1cccc(Br)c1,,N#Cc1ccc(I)cc1,,N#Cc1ccc(-c2cccc(C#N)c2)cc1,,,63.0,GC,,,,,C-C coupling,0.0,3.54,,monolithic Pd flow reactor,Pd supported on polymer monolith,"Table note indicates T = 1DD C (interpreted as 0°C based on table data), RI = 4.7 min (not directly used; actual tR1 values listed per row are 0.059 min). However, consistent tR1=0.059 min across rows suggests fixed residence time. Conversion: 0.059 min × 60 = 3.54 s."
80,10.3390/catal9030300,page_6_table_0_extracted.csv,,N#Cc1cccc(Br)c1,,N#Cc1ccc(I)cc1,,N#Cc1ccc(-c2cccc(C#N)c2)cc1,,,97.0,GC,,,,,C-C coupling,0.0,3.54,,monolithic Pd flow reactor,Pd supported on polymer monolith,"Table note indicates T = 1DD C (interpreted as 0°C based on table data), RI = 4.7 min (not directly used; actual tR1 values listed per row are 0.059 min). However, consistent tR1=0.059 min across rows suggests fixed residence time. Conversion: 0.059 min × 60 = 3.54 s."
80,10.3390/catal9030300,page_6_table_0_extracted.csv,,N#Cc1cccc(Br)c1,,COC(=O)c1ccc(I)cc1,,COC(=O)c1ccc(-c2cccc(C#N)c2)cc1,,,15.0,GC,,,,,C-C coupling,0.0,3.54,,monolithic Pd flow reactor,Pd supported on polymer monolith,"Table note indicates T = 1DD C (interpreted as 0°C based on table data), RI = 4.7 min (not directly used; actual tR1 values listed per row are 0.059 min). However, consistent tR1=0.059 min across rows suggests fixed residence time. Conversion: 0.059 min × 60 = 3.54 s."
80,10.3390/catal9030300,page_6_table_0_extracted.csv,,N#Cc1cccc(Br)c1,,COC(=O)c1ccc(I)cc1,,COC(=O)c1ccc(-c2cccc(C#N)c2)cc1,,,87.0,GC,,,,,C-C coupling,0.0,3.54,,monolithic Pd flow reactor,Pd supported on polymer monolith,"Table note indicates T = 1DD C (interpreted as 0°C based on table data), RI = 4.7 min (not directly used; actual tR1 values listed per row are 0.059 min). However, consistent tR1=0.059 min across rows suggests fixed residence time. Conversion: 0.059 min × 60 = 3.54 s."
80,10.3390/catal9030300,page_6_table_0_extracted.csv,,N#Cc1ccccc1Br,,N#Cc1ccc(I)cc1,,N#Cc1ccc(-c2ccccc2C#N)cc1,,,63.0,GC,,,,,C-C coupling,24.0,3.54,,monolithic Pd flow reactor,Pd supported on polymer monolith,"Table note indicates T = 1DD C (interpreted as 0°C based on table data), RI = 4.7 min (not directly used; actual tR1 values listed per row are 0.059 min). However, consistent tR1=0.059 min across rows suggests fixed residence time. Conversion: 0.059 min × 60 = 3.54 s."
80,10.3390/catal9030300,page_6_table_0_extracted.csv,,N#Cc1ccccc1Br,,N#Cc1ccc(I)cc1,,N#Cc1ccc(-c2ccccc2C#N)cc1,,,98.0,GC,,,,,C-C coupling,24.0,3.54,,monolithic Pd flow reactor,Pd supported on polymer monolith,"Table note indicates T = 1DD C (interpreted as 0°C based on table data), RI = 4.7 min (not directly used; actual tR1 values listed per row are 0.059 min). However, consistent tR1=0.059 min across rows suggests fixed residence time. Conversion: 0.059 min × 60 = 3.54 s."
80,10.3390/catal9030300,page_6_table_0_extracted.csv,,N#Cc1ccccc1Br,,COC(=O)c1ccc(I)cc1,,COC(=O)c1ccc(-c2ccccc2C#N)cc1,,,2.0,GC,,,,,C-C coupling,24.0,3.54,,monolithic Pd flow reactor,Pd supported on polymer monolith,"Table note indicates T = 1DD C (interpreted as 0°C based on table data), RI = 4.7 min (not directly used; actual tR1 values listed per row are 0.059 min). However, consistent tR1=0.059 min across rows suggests fixed residence time. Conversion: 0.059 min × 60 = 3.54 s."
80,10.3390/catal9030300,page_6_table_0_extracted.csv,,N#Cc1ccccc1Br,,COC(=O)c1ccc(I)cc1,,COC(=O)c1ccc(-c2ccccc2C#N)cc1,,,52.0,GC,,,,,C-C coupling,24.0,3.54,,monolithic Pd flow reactor,Pd supported on polymer monolith,"Table note indicates T = 1DD C (interpreted as 0°C based on table data), RI = 4.7 min (not directly used; actual tR1 values listed per row are 0.059 min). However, consistent tR1=0.059 min across rows suggests fixed residence time. Conversion: 0.059 min × 60 = 3.54 s."
80,10.3390/catal9030300,page_6_table_0_extracted.csv,,Brc1ccc(-c2ccc(Br)cc2)cc1,,N#Cc1ccc(I)cc1,,CC12=CC=C13(C)C145=CC=CC6=C7=C38(C)C=61C13(=CC=CC=C41)(C1=C3C=CC=C1)C258=C7,,,0.0,GC,,,,,C-C coupling,0.0,3.54,,monolithic Pd flow reactor,Pd supported on polymer monolith,"Table note indicates T = 1DD C (interpreted as 0°C based on table data), RI = 4.7 min (not directly used; actual tR1 values listed per row are 0.059 min). However, consistent tR1=0.059 min across rows suggests fixed residence time. Conversion: 0.059 min × 60 = 3.54 s."
80,10.3390/catal9030300,page_6_table_0_extracted.csv,,Brc1ccc(-c2ccc(Br)cc2)cc1,,N#Cc1ccc(I)cc1,,CC12=CC=C13(C)C145=CC=CC6=C7=C38(C)C=61C13(=CC=CC=C41)(C1=C3C=CC=C1)C258=C7,,,54.0,isolated,,,,,C-C coupling,0.0,3.54,,monolithic Pd flow reactor,Pd supported on polymer monolith,"Table note indicates T = 1DD C (interpreted as 0°C based on table data), RI = 4.7 min (not directly used; actual tR1 values listed per row are 0.059 min). However, consistent tR1=0.059 min across rows suggests fixed residence time. Conversion: 0.059 min × 60 = 3.54 s."
80,10.3390/catal9030300,page_6_table_0_extracted.csv,,Brc1cccs1,,Ic1cccs1,,c1coc(-c2ccco2)c1,,,83.0,GC,,,,,C-C coupling,0.0,1.7,,monolithic Pd flow reactor,Pd supported on polymer monolith,"Table note indicates T = 1DD C (interpreted as 0°C based on table data), RI = 4.7 min (not directly used; actual tR1 values listed per row are 0.059 min). However, consistent tR1=0.059 min across rows suggests fixed residence time. Conversion: 0.059 min × 60 = 3.54 s."
80,10.3390/catal9030300,page_6_table_0_extracted.csv,,Brc1cccs1,,Ic1cccs1,,c1coc(-c2ccco2)c1,,,94.0,GC,,,,,C-C coupling,0.0,1.7,,monolithic Pd flow reactor,Pd supported on polymer monolith,"Table note indicates T = 1DD C (interpreted as 0°C based on table data), RI = 4.7 min (not directly used; actual tR1 values listed per row are 0.059 min). However, consistent tR1=0.059 min across rows suggests fixed residence time. Conversion: 0.059 min × 60 = 3.54 s."
80,10.3390/catal9030300,page_6_table_0_extracted.csv,,Brc1cccs1,,N#Cc1ccc(I)cc1,,N#Cc1ccc(-c2ccco2)cc1,,,78.0,GC,,,,,C-C coupling,0.0,1.7,,monolithic Pd flow reactor,Pd supported on polymer monolith,"Table note indicates T = 1DD C (interpreted as 0°C based on table data), RI = 4.7 min (not directly used; actual tR1 values listed per row are 0.059 min). However, consistent tR1=0.059 min across rows suggests fixed residence time. Conversion: 0.059 min × 60 = 3.54 s."
80,10.3390/catal9030300,page_6_table_0_extracted.csv,,Brc1cccs1,,N#Cc1ccc(I)cc1,,N#Cc1ccc(-c2ccco2)cc1,,,87.0,GC,,,,,C-C coupling,0.0,1.7,,monolithic Pd flow reactor,Pd supported on polymer monolith,"Table note indicates T = 1DD C (interpreted as 0°C based on table data), RI = 4.7 min (not directly used; actual tR1 values listed per row are 0.059 min). However, consistent tR1=0.059 min across rows suggests fixed residence time. Conversion: 0.059 min × 60 = 3.54 s."
80,10.3390/catal9030300,page_6_table_0_extracted.csv,,Brc1cccs1,,COC(=O)c1ccc(I)cc1,,COC(=O)c1ccc(-c2cccs2)cc1,,,71.0,GC,,,,,C-C coupling,0.0,1.7,,monolithic Pd flow reactor,Pd supported on polymer monolith,"Table note indicates T = 1DD C (interpreted as 0°C based on table data), RI = 4.7 min (not directly used; actual tR1 values listed per row are 0.059 min). However, consistent tR1=0.059 min across rows suggests fixed residence time. Conversion: 0.059 min × 60 = 3.54 s."
80,10.3390/catal9030300,page_6_table_0_extracted.csv,,Brc1cccs1,,COC(=O)c1ccc(I)cc1,,COC(=O)c1ccc(-c2cccs2)cc1,,,86.0,GC,,,,,C-C coupling,0.0,1.7,,monolithic Pd flow reactor,Pd supported on polymer monolith,"Table note indicates T = 1DD C (interpreted as 0°C based on table data), RI = 4.7 min (not directly used; actual tR1 values listed per row are 0.059 min). However, consistent tR1=0.059 min across rows suggests fixed residence time. Conversion: 0.059 min × 60 = 3.54 s."
80,10.3390/catal9030300,page_5_table_1_extracted.csv,,Brc1ccccc1,,N#Cc1ccc(I)cc1,,N#Cc1ccc(-c2ccccc2)cc1,,,96.0,GC,,,,,C-C coupling,0.0,1.7,,polymer monolith A reactor,Pd catalyst supported on polymer monolith A,"Most entries use tR1 = 1.7 s and Temperature = 0 °C, though some later rows show different values like tR1 = 0.059 s or Temperature = 24 °C. The main fixed condition across many experiments is the use of monolith A with immobilized Pd catalyst. Solvent not explicitly stated in this section but may be inferred from other parts of the paper (not included here)."
80,10.3390/catal9030300,page_5_table_1_extracted.csv,,Brc1ccccc1,,N#Cc1ccc(I)cc1,,N#Cc1ccc(-c2ccccc2)cc1,,,100.0,GC,,,,,C-C coupling,0.0,1.7,,polymer monolith A reactor,Pd catalyst supported on polymer monolith A,"Most entries use tR1 = 1.7 s and Temperature = 0 °C, though some later rows show different values like tR1 = 0.059 s or Temperature = 24 °C. The main fixed condition across many experiments is the use of monolith A with immobilized Pd catalyst. Solvent not explicitly stated in this section but may be inferred from other parts of the paper (not included here)."
80,10.3390/catal9030300,page_5_table_1_extracted.csv,,Brc1ccccc1,,N#Cc1ccc(Br)cc1,,N#Cc1ccc(-c2ccccc2)cc1,,,0.0,GC,,,,,C-C coupling,0.0,1.7,,polymer monolith A reactor,Pd catalyst supported on polymer monolith A,"Most entries use tR1 = 1.7 s and Temperature = 0 °C, though some later rows show different values like tR1 = 0.059 s or Temperature = 24 °C. The main fixed condition across many experiments is the use of monolith A with immobilized Pd catalyst. Solvent not explicitly stated in this section but may be inferred from other parts of the paper (not included here)."
80,10.3390/catal9030300,page_5_table_1_extracted.csv,,Brc1ccccc1,,N#Cc1ccc(Br)cc1,,N#Cc1ccc(-c2ccccc2)cc1,,,3.0,GC,,,,,C-C coupling,0.0,1.7,,polymer monolith A reactor,Pd catalyst supported on polymer monolith A,"Most entries use tR1 = 1.7 s and Temperature = 0 °C, though some later rows show different values like tR1 = 0.059 s or Temperature = 24 °C. The main fixed condition across many experiments is the use of monolith A with immobilized Pd catalyst. Solvent not explicitly stated in this section but may be inferred from other parts of the paper (not included here)."
80,10.3390/catal9030300,page_5_table_1_extracted.csv,,Brc1ccccc1,,COC(=O)c1ccc(I)cc1,,COC(=O)c1ccc(-c2ccccc2)cc1,,,76.0,GC,,,,,C-C coupling,0.0,1.7,,polymer monolith A reactor,Pd catalyst supported on polymer monolith A,"Most entries use tR1 = 1.7 s and Temperature = 0 °C, though some later rows show different values like tR1 = 0.059 s or Temperature = 24 °C. The main fixed condition across many experiments is the use of monolith A with immobilized Pd catalyst. Solvent not explicitly stated in this section but may be inferred from other parts of the paper (not included here)."
80,10.3390/catal9030300,page_5_table_1_extracted.csv,,Brc1ccccc1,,COC(=O)c1ccc(I)cc1,,COC(=O)c1ccc(-c2ccccc2)cc1,,,87.0,GC,,,,,C-C coupling,0.0,1.7,,polymer monolith A reactor,Pd catalyst supported on polymer monolith A,"Most entries use tR1 = 1.7 s and Temperature = 0 °C, though some later rows show different values like tR1 = 0.059 s or Temperature = 24 °C. The main fixed condition across many experiments is the use of monolith A with immobilized Pd catalyst. Solvent not explicitly stated in this section but may be inferred from other parts of the paper (not included here)."
80,10.3390/catal9030300,page_5_table_1_extracted.csv,,Brc1ccccc1,,Ic1ccccc1,,CC.CC.c1ccc(-c2ccccc2)cc1,,,6.0,GC,,,,,C-C coupling,0.0,1.7,,polymer monolith A reactor,Pd catalyst supported on polymer monolith A,"Most entries use tR1 = 1.7 s and Temperature = 0 °C, though some later rows show different values like tR1 = 0.059 s or Temperature = 24 °C. The main fixed condition across many experiments is the use of monolith A with immobilized Pd catalyst. Solvent not explicitly stated in this section but may be inferred from other parts of the paper (not included here)."
80,10.3390/catal9030300,page_5_table_1_extracted.csv,,Brc1ccccc1,,Ic1ccccc1,,CC.CC.c1ccc(-c2ccccc2)cc1,,,41.0,GC,,,,,C-C coupling,0.0,1.7,,polymer monolith A reactor,Pd catalyst supported on polymer monolith A,"Most entries use tR1 = 1.7 s and Temperature = 0 °C, though some later rows show different values like tR1 = 0.059 s or Temperature = 24 °C. The main fixed condition across many experiments is the use of monolith A with immobilized Pd catalyst. Solvent not explicitly stated in this section but may be inferred from other parts of the paper (not included here)."
80,10.3390/catal9030300,page_5_table_1_extracted.csv,,Brc1ccccc1,,COc1ccc(I)cc1,,COc1ccc(-c2ccccc2)cc1,,,1.0,GC,,,,,C-C coupling,0.0,1.7,,polymer monolith A reactor,Pd catalyst supported on polymer monolith A,"Most entries use tR1 = 1.7 s and Temperature = 0 °C, though some later rows show different values like tR1 = 0.059 s or Temperature = 24 °C. The main fixed condition across many experiments is the use of monolith A with immobilized Pd catalyst. Solvent not explicitly stated in this section but may be inferred from other parts of the paper (not included here)."
80,10.3390/catal9030300,page_5_table_1_extracted.csv,,Brc1ccccc1,,COc1ccc(I)cc1,,COc1ccc(-c2ccccc2)cc1,,,29.0,GC,,,,,C-C coupling,0.0,1.7,,polymer monolith A reactor,Pd catalyst supported on polymer monolith A,"Most entries use tR1 = 1.7 s and Temperature = 0 °C, though some later rows show different values like tR1 = 0.059 s or Temperature = 24 °C. The main fixed condition across many experiments is the use of monolith A with immobilized Pd catalyst. Solvent not explicitly stated in this section but may be inferred from other parts of the paper (not included here)."
80,10.3390/catal9030300,page_5_table_1_extracted.csv,,Brc1ccccc1,,Ic1cccs1,,c1ccc(-c2ccco2)cc1,,,86.0,GC,,,,,C-C coupling,0.0,1.7,,polymer monolith A reactor,Pd catalyst supported on polymer monolith A,"Most entries use tR1 = 1.7 s and Temperature = 0 °C, though some later rows show different values like tR1 = 0.059 s or Temperature = 24 °C. The main fixed condition across many experiments is the use of monolith A with immobilized Pd catalyst. Solvent not explicitly stated in this section but may be inferred from other parts of the paper (not included here)."
80,10.3390/catal9030300,page_5_table_1_extracted.csv,,Brc1ccccc1,,Ic1cccs1,,c1ccc(-c2ccco2)cc1,,,92.0,GC,,,,,C-C coupling,0.0,1.7,,polymer monolith A reactor,Pd catalyst supported on polymer monolith A,"Most entries use tR1 = 1.7 s and Temperature = 0 °C, though some later rows show different values like tR1 = 0.059 s or Temperature = 24 °C. The main fixed condition across many experiments is the use of monolith A with immobilized Pd catalyst. Solvent not explicitly stated in this section but may be inferred from other parts of the paper (not included here)."
80,10.3390/catal9030300,page_9_table_1_extracted.csv,,Brc1ccccc1,,N#Cc1ccc(I)cc1,,N#Cc1ccc(-c2ccccc2)cc1,,,62.0,GC,,,,,C-C coupling,0.0,1.7,methanol,Polymer monolith flow reactor (A or B),Pd immobilized on polymer monolith A or B,"The CSV preview shows inconsistent column alignment; some rows lack Ar1-X values implying they share the same Ar1-X as the previous row. Column headers appear corrupted (e.g., 'Ar{2-x'), but based on context it represents Ar2-X. Yield columns may represent different conditions (a) and (b), though only one yield is shown per row in the preview. Residence time is already given in seconds (tR1)."
80,10.3390/catal9030300,page_9_table_1_extracted.csv,,Brc1ccccc1,,N#Cc1ccc(I)cc1,,N#Cc1ccc(-c2ccccc2)cc1,,,87.0,GC,,,,,C-C coupling,0.0,1.7,methanol,Polymer monolith flow reactor (A or B),Pd immobilized on polymer monolith A or B,"The CSV preview shows inconsistent column alignment; some rows lack Ar1-X values implying they share the same Ar1-X as the previous row. Column headers appear corrupted (e.g., 'Ar{2-x'), but based on context it represents Ar2-X. Yield columns may represent different conditions (a) and (b), though only one yield is shown per row in the preview. Residence time is already given in seconds (tR1)."
80,10.3390/catal9030300,page_9_table_1_extracted.csv,,Brc1ccccc1,,COc1ccc(I)cc1,,COc1ccc(-c2ccccc2)cc1,,,41.0,GC,,,,,C-C coupling,0.0,1.7,methanol,Polymer monolith flow reactor (A or B),Pd immobilized on polymer monolith A or B,"The CSV preview shows inconsistent column alignment; some rows lack Ar1-X values implying they share the same Ar1-X as the previous row. Column headers appear corrupted (e.g., 'Ar{2-x'), but based on context it represents Ar2-X. Yield columns may represent different conditions (a) and (b), though only one yield is shown per row in the preview. Residence time is already given in seconds (tR1)."
80,10.3390/catal9030300,page_9_table_1_extracted.csv,,Brc1ccccc1,,COc1ccc(I)cc1,,COc1ccc(-c2ccccc2)cc1,,,74.0,GC,,,,,C-C coupling,0.0,1.7,methanol,Polymer monolith flow reactor (A or B),Pd immobilized on polymer monolith A or B,"The CSV preview shows inconsistent column alignment; some rows lack Ar1-X values implying they share the same Ar1-X as the previous row. Column headers appear corrupted (e.g., 'Ar{2-x'), but based on context it represents Ar2-X. Yield columns may represent different conditions (a) and (b), though only one yield is shown per row in the preview. Residence time is already given in seconds (tR1)."
80,10.3390/catal9030300,page_9_table_1_extracted.csv,,N#Cc1ccccc1Br,,*C(=O)c1ccc(I)cc1,,*C(=O)c1ccc(-c2ccccc2C#N)cc1,,,26.0,GC,,,,,C-C coupling,24.0,0.059,methanol,Polymer monolith flow reactor (A or B),Pd immobilized on polymer monolith A or B,"The CSV preview shows inconsistent column alignment; some rows lack Ar1-X values implying they share the same Ar1-X as the previous row. Column headers appear corrupted (e.g., 'Ar{2-x'), but based on context it represents Ar2-X. Yield columns may represent different conditions (a) and (b), though only one yield is shown per row in the preview. Residence time is already given in seconds (tR1)."
80,10.3390/catal9030300,page_9_table_1_extracted.csv,,N#Cc1ccccc1Br,,*C(=O)c1ccc(I)cc1,,*C(=O)c1ccc(-c2ccccc2C#N)cc1,,,65.0,GC,,,,,C-C coupling,24.0,0.059,methanol,Polymer monolith flow reactor (A or B),Pd immobilized on polymer monolith A or B,"The CSV preview shows inconsistent column alignment; some rows lack Ar1-X values implying they share the same Ar1-X as the previous row. Column headers appear corrupted (e.g., 'Ar{2-x'), but based on context it represents Ar2-X. Yield columns may represent different conditions (a) and (b), though only one yield is shown per row in the preview. Residence time is already given in seconds (tR1)."
80,10.3390/catal9030300,page_9_table_1_extracted.csv,,N#Cc1ccccc1Br,,N#Cc1ccccc1I,,N#Cc1ccccc1-c1ccccc1C#N,,,63.0,GC,,,,,C-C coupling,24.0,0.059,methanol,Polymer monolith flow reactor (A or B),Pd immobilized on polymer monolith A or B,"The CSV preview shows inconsistent column alignment; some rows lack Ar1-X values implying they share the same Ar1-X as the previous row. Column headers appear corrupted (e.g., 'Ar{2-x'), but based on context it represents Ar2-X. Yield columns may represent different conditions (a) and (b), though only one yield is shown per row in the preview. Residence time is already given in seconds (tR1)."
80,10.3390/catal9030300,page_9_table_1_extracted.csv,,N#Cc1ccccc1Br,,N#Cc1ccccc1I,,N#Cc1ccccc1-c1ccccc1C#N,,,94.0,GC,,,,,C-C coupling,24.0,0.059,methanol,Polymer monolith flow reactor (A or B),Pd immobilized on polymer monolith A or B,"The CSV preview shows inconsistent column alignment; some rows lack Ar1-X values implying they share the same Ar1-X as the previous row. Column headers appear corrupted (e.g., 'Ar{2-x'), but based on context it represents Ar2-X. Yield columns may represent different conditions (a) and (b), though only one yield is shown per row in the preview. Residence time is already given in seconds (tR1)."
80,10.3390/catal9030300,page_9_table_1_extracted.csv,,N#Cc1ccccc1Br,,COC(=O)c1ccccc1I,,COC(=O)c1ccccc1-c1ccccc1C#N,,,43.0,GC,,,,,C-C coupling,24.0,0.059,methanol,Polymer monolith flow reactor (A or B),Pd immobilized on polymer monolith A or B,"The CSV preview shows inconsistent column alignment; some rows lack Ar1-X values implying they share the same Ar1-X as the previous row. Column headers appear corrupted (e.g., 'Ar{2-x'), but based on context it represents Ar2-X. Yield columns may represent different conditions (a) and (b), though only one yield is shown per row in the preview. Residence time is already given in seconds (tR1)."
80,10.3390/catal9030300,page_9_table_1_extracted.csv,,N#Cc1ccccc1Br,,COC(=O)c1ccccc1I,,COC(=O)c1ccccc1-c1ccccc1C#N,,,82.0,GC,,,,,C-C coupling,24.0,0.059,methanol,Polymer monolith flow reactor (A or B),Pd immobilized on polymer monolith A or B,"The CSV preview shows inconsistent column alignment; some rows lack Ar1-X values implying they share the same Ar1-X as the previous row. Column headers appear corrupted (e.g., 'Ar{2-x'), but based on context it represents Ar2-X. Yield columns may represent different conditions (a) and (b), though only one yield is shown per row in the preview. Residence time is already given in seconds (tR1)."
80,10.3390/catal9030300,page_10_table_0_extracted.csv,,,,,,,,,96.0,,,,,,C-C coupling,,,,Polymer monolith flow reactor,Palladium supported on polymer monolith,"The table appears to compare the recyclability or stability of two monolithic Pd reactors over four cycles. 'L6' likely indicates a low yield or failed run (possibly <6% or a code for 'low'), while numeric values represent percent yield or conversion. The column headers may be misaligned due to extraction errors; 'Monolith ' is likely 'Monolith B'."
80,10.3390/catal9030300,page_10_table_0_extracted.csv,,,,,,,,,97.0,,,,,,C-C coupling,,,,Polymer monolith flow reactor,Palladium supported on polymer monolith,"The table appears to compare the recyclability or stability of two monolithic Pd reactors over four cycles. 'L6' likely indicates a low yield or failed run (possibly <6% or a code for 'low'), while numeric values represent percent yield or conversion. The column headers may be misaligned due to extraction errors; 'Monolith ' is likely 'Monolith B'."
80,10.3390/catal9030300,page_10_table_0_extracted.csv,,,,,,,,,100.0,,,,,,C-C coupling,,,,Polymer monolith flow reactor,Palladium supported on polymer monolith,"The table appears to compare the recyclability or stability of two monolithic Pd reactors over four cycles. 'L6' likely indicates a low yield or failed run (possibly <6% or a code for 'low'), while numeric values represent percent yield or conversion. The column headers may be misaligned due to extraction errors; 'Monolith ' is likely 'Monolith B'."
80,10.3390/catal9030300,page_10_table_0_extracted.csv,,,,,,,,,93.0,,,,,,C-C coupling,,,,Polymer monolith flow reactor,Palladium supported on polymer monolith,"The table appears to compare the recyclability or stability of two monolithic Pd reactors over four cycles. 'L6' likely indicates a low yield or failed run (possibly <6% or a code for 'low'), while numeric values represent percent yield or conversion. The column headers may be misaligned due to extraction errors; 'Monolith ' is likely 'Monolith B'."
80,10.3390/catal9030300,page_10_table_0_extracted.csv,,,,,,,,,95.0,,,,,,C-C coupling,,,,Polymer monolith flow reactor,Palladium supported on polymer monolith,"The table appears to compare the recyclability or stability of two monolithic Pd reactors over four cycles. 'L6' likely indicates a low yield or failed run (possibly <6% or a code for 'low'), while numeric values represent percent yield or conversion. The column headers may be misaligned due to extraction errors; 'Monolith ' is likely 'Monolith B'."
80,10.3390/catal9030300,page_10_table_0_extracted.csv,,,,,,,,,98.0,,,,,,C-C coupling,,,,Polymer monolith flow reactor,Palladium supported on polymer monolith,"The table appears to compare the recyclability or stability of two monolithic Pd reactors over four cycles. 'L6' likely indicates a low yield or failed run (possibly <6% or a code for 'low'), while numeric values represent percent yield or conversion. The column headers may be misaligned due to extraction errors; 'Monolith ' is likely 'Monolith B'."
80,10.3390/catal9030300,page_10_table_0_extracted.csv,,,,,,,,,99.0,,,,,,C-C coupling,,,,Polymer monolith flow reactor,Palladium supported on polymer monolith,"The table appears to compare the recyclability or stability of two monolithic Pd reactors over four cycles. 'L6' likely indicates a low yield or failed run (possibly <6% or a code for 'low'), while numeric values represent percent yield or conversion. The column headers may be misaligned due to extraction errors; 'Monolith ' is likely 'Monolith B'."
80,10.3390/catal9030300,page_8_table_1_extracted.csv,,A,,,,,,,96.0,,,,,,C-C coupling,,564.0,methanol,,Pd immobilized on polymer monolith (A or B),"Residence times are given in minutes and should be multiplied by 60 to convert to seconds. Flow rate and residence time are inversely proportional. Reactor A has smaller pores and higher pressure drop than Reactor B at the same flow rate. Yield generally decreases with increasing flow rate (shorter residence time), especially for Reactor A. Productivity increases with flow rate despite lower yields, reflecting higher throughput."
80,10.3390/catal9030300,page_8_table_1_extracted.csv,,A,,,,,,,96.0,,,,,,C-C coupling,,282.0,methanol,,Pd immobilized on polymer monolith (A or B),"Residence times are given in minutes and should be multiplied by 60 to convert to seconds. Flow rate and residence time are inversely proportional. Reactor A has smaller pores and higher pressure drop than Reactor B at the same flow rate. Yield generally decreases with increasing flow rate (shorter residence time), especially for Reactor A. Productivity increases with flow rate despite lower yields, reflecting higher throughput."
80,10.3390/catal9030300,page_8_table_1_extracted.csv,,A,,,,,,,81.0,,,,,,C-C coupling,,114.0,methanol,,Pd immobilized on polymer monolith (A or B),"Residence times are given in minutes and should be multiplied by 60 to convert to seconds. Flow rate and residence time are inversely proportional. Reactor A has smaller pores and higher pressure drop than Reactor B at the same flow rate. Yield generally decreases with increasing flow rate (shorter residence time), especially for Reactor A. Productivity increases with flow rate despite lower yields, reflecting higher throughput."
80,10.3390/catal9030300,page_8_table_1_extracted.csv,,A,,,,,,,66.0,,,,,,C-C coupling,,78.0,methanol,,Pd immobilized on polymer monolith (A or B),"Residence times are given in minutes and should be multiplied by 60 to convert to seconds. Flow rate and residence time are inversely proportional. Reactor A has smaller pores and higher pressure drop than Reactor B at the same flow rate. Yield generally decreases with increasing flow rate (shorter residence time), especially for Reactor A. Productivity increases with flow rate despite lower yields, reflecting higher throughput."
80,10.3390/catal9030300,page_8_table_1_extracted.csv,,B,,,,,,,86.0,,,,,,C-C coupling,,576.0,methanol,,Pd immobilized on polymer monolith (A or B),"Residence times are given in minutes and should be multiplied by 60 to convert to seconds. Flow rate and residence time are inversely proportional. Reactor A has smaller pores and higher pressure drop than Reactor B at the same flow rate. Yield generally decreases with increasing flow rate (shorter residence time), especially for Reactor A. Productivity increases with flow rate despite lower yields, reflecting higher throughput."
80,10.3390/catal9030300,page_8_table_1_extracted.csv,,B,,,,,,,100.0,,,,,,C-C coupling,,288.0,methanol,,Pd immobilized on polymer monolith (A or B),"Residence times are given in minutes and should be multiplied by 60 to convert to seconds. Flow rate and residence time are inversely proportional. Reactor A has smaller pores and higher pressure drop than Reactor B at the same flow rate. Yield generally decreases with increasing flow rate (shorter residence time), especially for Reactor A. Productivity increases with flow rate despite lower yields, reflecting higher throughput."
80,10.3390/catal9030300,page_8_table_1_extracted.csv,,B,,,,,,,87.0,,,,,,C-C coupling,,114.0,methanol,,Pd immobilized on polymer monolith (A or B),"Residence times are given in minutes and should be multiplied by 60 to convert to seconds. Flow rate and residence time are inversely proportional. Reactor A has smaller pores and higher pressure drop than Reactor B at the same flow rate. Yield generally decreases with increasing flow rate (shorter residence time), especially for Reactor A. Productivity increases with flow rate despite lower yields, reflecting higher throughput."
80,10.3390/catal9030300,page_8_table_1_extracted.csv,,B,,,,,,,67.0,,,,,,C-C coupling,,78.0,methanol,,Pd immobilized on polymer monolith (A or B),"Residence times are given in minutes and should be multiplied by 60 to convert to seconds. Flow rate and residence time are inversely proportional. Reactor A has smaller pores and higher pressure drop than Reactor B at the same flow rate. Yield generally decreases with increasing flow rate (shorter residence time), especially for Reactor A. Productivity increases with flow rate despite lower yields, reflecting higher throughput."
80,10.3390/catal9030300,page_8_table_1_extracted.csv,,B,,,,,,,98.0,,,,,,C-C coupling,,576.0,methanol,,Pd immobilized on polymer monolith (A or B),"Residence times are given in minutes and should be multiplied by 60 to convert to seconds. Flow rate and residence time are inversely proportional. Reactor A has smaller pores and higher pressure drop than Reactor B at the same flow rate. Yield generally decreases with increasing flow rate (shorter residence time), especially for Reactor A. Productivity increases with flow rate despite lower yields, reflecting higher throughput."
80,10.3390/catal9030300,page_8_table_1_extracted.csv,,B,,,,,,,97.0,,,,,,C-C coupling,,288.0,methanol,,Pd immobilized on polymer monolith (A or B),"Residence times are given in minutes and should be multiplied by 60 to convert to seconds. Flow rate and residence time are inversely proportional. Reactor A has smaller pores and higher pressure drop than Reactor B at the same flow rate. Yield generally decreases with increasing flow rate (shorter residence time), especially for Reactor A. Productivity increases with flow rate despite lower yields, reflecting higher throughput."
80,10.3390/catal9030300,page_8_table_1_extracted.csv,,B,,,,,,,86.0,,,,,,C-C coupling,,114.0,methanol,,Pd immobilized on polymer monolith (A or B),"Residence times are given in minutes and should be multiplied by 60 to convert to seconds. Flow rate and residence time are inversely proportional. Reactor A has smaller pores and higher pressure drop than Reactor B at the same flow rate. Yield generally decreases with increasing flow rate (shorter residence time), especially for Reactor A. Productivity increases with flow rate despite lower yields, reflecting higher throughput."
80,10.3390/catal9030300,page_8_table_1_extracted.csv,,B,,,,,,,55.0,,,,,,C-C coupling,,78.0,methanol,,Pd immobilized on polymer monolith (A or B),"Residence times are given in minutes and should be multiplied by 60 to convert to seconds. Flow rate and residence time are inversely proportional. Reactor A has smaller pores and higher pressure drop than Reactor B at the same flow rate. Yield generally decreases with increasing flow rate (shorter residence time), especially for Reactor A. Productivity increases with flow rate despite lower yields, reflecting higher throughput."
80,10.3390/catal9030300,page_8_table_1_extracted.csv,,B,,,,,,,100.0,,,,,,C-C coupling,,576.0,methanol,,Pd immobilized on polymer monolith (A or B),"Residence times are given in minutes and should be multiplied by 60 to convert to seconds. Flow rate and residence time are inversely proportional. Reactor A has smaller pores and higher pressure drop than Reactor B at the same flow rate. Yield generally decreases with increasing flow rate (shorter residence time), especially for Reactor A. Productivity increases with flow rate despite lower yields, reflecting higher throughput."
80,10.3390/catal9030300,page_8_table_1_extracted.csv,,B,,,,,,,99.0,,,,,,C-C coupling,,288.0,methanol,,Pd immobilized on polymer monolith (A or B),"Residence times are given in minutes and should be multiplied by 60 to convert to seconds. Flow rate and residence time are inversely proportional. Reactor A has smaller pores and higher pressure drop than Reactor B at the same flow rate. Yield generally decreases with increasing flow rate (shorter residence time), especially for Reactor A. Productivity increases with flow rate despite lower yields, reflecting higher throughput."
80,10.3390/catal9030300,page_8_table_1_extracted.csv,,B,,,,,,,75.0,,,,,,C-C coupling,,114.0,methanol,,Pd immobilized on polymer monolith (A or B),"Residence times are given in minutes and should be multiplied by 60 to convert to seconds. Flow rate and residence time are inversely proportional. Reactor A has smaller pores and higher pressure drop than Reactor B at the same flow rate. Yield generally decreases with increasing flow rate (shorter residence time), especially for Reactor A. Productivity increases with flow rate despite lower yields, reflecting higher throughput."
80,10.3390/catal9030300,page_8_table_1_extracted.csv,,B,,,,,,,52.0,,,,,,C-C coupling,,78.0,methanol,,Pd immobilized on polymer monolith (A or B),"Residence times are given in minutes and should be multiplied by 60 to convert to seconds. Flow rate and residence time are inversely proportional. Reactor A has smaller pores and higher pressure drop than Reactor B at the same flow rate. Yield generally decreases with increasing flow rate (shorter residence time), especially for Reactor A. Productivity increases with flow rate despite lower yields, reflecting higher throughput."
Homocoupling of aryl halides in flow- Space integration of lithiation and FeCl-sub-3--sub- promoted homocoupling,10.3762/bjoc.7.122,page_4_table_0_extracted.csv,,,COc1ccc(Br)cc1,,,,CC.Cc1ccc(-c2ccc(C)cc2)cc1,,,,,,,,C-C coupling,,,tetrahydrofuran,"Flow microreactor system with two T-shaped micromixers (M1, M2) and two microtube reactors (R1, R2)",FeCl3,Aryl halide solution: 0.10 M in THF; n-BuLi solution: 0.40 M in hexane; footnote 'a' indicates PhLi was used instead of n-BuLi as lithiating reagent for specific entries
Branca et al. 2008 - Tertiary aromatic amide for memory of chirality - access to enantioenriched alpha-substituted valine,,Table 1,1,Compound 1,,MeI,,Compound 2,,2,,,,,,KHMDS (3 equiv),alkylation,-78.0,,tetrahydrofuran,Batch (canula addition),,Deprotonation time and alkylation time screened; THF solvent without additive
Branca et al. 2008 - Tertiary aromatic amide for memory of chirality - access to enantioenriched alpha-substituted valine,,Table 1,6,Compound 1,,MeOTf,,Compound 2,,2,74.0,isolated,88.0,,,KHMDS (1.5 equiv); MeOTf (5 equiv),alkylation,-78.0,,diethyl ether,Batch (canula addition),,Optimal condition with very reactive electrophile (MeOTf) for 10 min alkylation; enolate concentration 0.15 mol/L
Branca et al. 2008 - Tertiary aromatic amide for memory of chirality - access to enantioenriched alpha-substituted valine,,Table 1,7,Compound 1,,MeOTf,,Compound 2,,2,78.0,isolated,95.0,,,KHMDS (1.5 equiv); MeOTf (5 equiv),alkylation,-86.0,,diethyl ether,Batch (canula addition),,Reaction at -86°C; did not significantly improve enantioselectivity
Branca et al. 2008 - Tertiary aromatic amide for memory of chirality - access to enantioenriched alpha-substituted valine,,Table 1,8,Compound 1,,MeOTf,,Compound 2,,2,,,,,,KHMDS (1.5 equiv); MeOTf (5 equiv),alkylation,-60.0,,diethyl ether,Batch (canula addition),,Reaction at -60°C; increasing temperature was deleterious to enantioselectivity
Branca et al. 2008 - Tertiary aromatic amide for memory of chirality - access to enantioenriched alpha-substituted valine,,Table 1,9,Compound 1,,MeOTf,,Compound 2,,2,,,,,,KHMDS (1.5 equiv); MeOTf (5 equiv),alkylation,-78.0,,diethyl ether,Batch (canula addition),,Crystal dissolution at -78°C; did not change enantioselectivity
Branca et al. 2008 - Tertiary aromatic amide for memory of chirality - access to enantioenriched alpha-substituted valine,,Table 2,10,Compound 1,,Electrophile (various),,Compound 2a,,2a,,,,,94.0,KHMDS (1.5 equiv),alkylation,-78.0,,diethyl ether,Batch (canula addition),,Deprotection achieved in one step with HBr 47% reflux; yield range 59-98% across Table 2
Branca et al. 2008 - Tertiary aromatic amide for memory of chirality - access to enantioenriched alpha-substituted valine,,Table 2,12,Compound 1,,Electrophile (deuterated),,Compound 2g,,2g,,,,,,KHMDS (1.5 equiv),alkylation,-78.0,,diethyl ether,Batch (canula addition),,Deuterated compound; chiral stationary-phase HPLC indicated retention of configuration
Fukuyama et al. 2014 - Flow update for the carbonylation of 1-silyl-substituted organolithiums under CO pressure,,Table 1,1,allyldimethyl(phenyl)silane,,n-BuLi,,dienol silyl ether 2b,,2b,51.0,NMR,,,,nBuLi (1.4 equiv); TMEDA (3 equiv),nucleophilic addition,80.0,240.0,tetrahydrofuran,serially connected flow microreactors with back-pressure regulator,,Residence time t1 = 23 min for lithiation; t2 = 4 min for carbonylation. Non-carbonylated byproduct 3b obtained in 44% yield.
Fukuyama et al. 2014 - Flow update for the carbonylation of 1-silyl-substituted organolithiums under CO pressure,,Table 1,2,allyldimethyl(phenyl)silane,,n-BuLi,,dienol silyl ether 2b,,2b,91.0,NMR,,,,nBuLi (1.4 equiv); TMEDA (3 equiv),nucleophilic addition,80.0,420.0,tetrahydrofuran,serially connected flow microreactors with back-pressure regulator,,Residence time t1 = 23 min for lithiation; t2 = 7 min for carbonylation. Non-carbonylated byproduct 3b obtained in 5% yield.
Fukuyama et al. 2014 - Flow update for the carbonylation of 1-silyl-substituted organolithiums under CO pressure,,Table 2,2,allyltrimethylsilane,,n-BuLi,,dienol silyl ether 2a,,2a,88.0,isolated,,,,nBuLi (1.4 equiv); TMEDA (3 equiv); electrophiles (6 equiv),nucleophilic addition,,600.0,tetrahydrofuran,serially connected flow microreactors with back-pressure regulator,,"Three-consecutive-flow system: generation, carbonylation, and quenching with TMSCl."
Fukuyama et al. 2014 - Flow update for the carbonylation of 1-silyl-substituted organolithiums under CO pressure,,Table 2,3,"1,3-bis(trimethylsilyl)propene",,n-BuLi,,dienol silyl ether 2c,,2c,88.0,NMR,,,,nBuLi (1.4 equiv); TMEDA (3 equiv); electrophiles (6 equiv),nucleophilic addition,,600.0,tetrahydrofuran,serially connected flow microreactors with back-pressure regulator,,Batch reaction with 1 atm CO gave only 27% yield after 13.5 h. Flow system used 10 min residence time for carbonylation step.
Fukuyama et al. 2014 - Flow update for the carbonylation of 1-silyl-substituted organolithiums under CO pressure,,Table 2,4,benzyltrimethylsilane,,n-BuLi,,one-carbon homologated enol silyl ether 2d,,2d,88.0,isolated,,,,nBuLi (1.4 equiv); TMEDA (3 equiv); electrophiles (6 equiv),nucleophilic addition,,240.0,tetrahydrofuran,serially connected flow microreactors with back-pressure regulator,,Residence time for carbonylation step was 4 min.
Fukuyama et al. 2014 - Flow update for the carbonylation of 1-silyl-substituted organolithiums under CO pressure,,Table 2,5,benzyltrimethylsilane,,n-BuLi,,stereodefined product 4,,4,81.0,isolated,,,,nBuLi (1.4 equiv); TMEDA (3 equiv); electrophiles (6 equiv),nucleophilic addition,,,tetrahydrofuran,serially connected flow microreactors with back-pressure regulator,,Aldol-Tishchenko type reaction with 4-chlorobenzaldehyde as electrophile.
Fukuyama et al. 2016 - Application of continuous flow for DIBAL-H reduct ... BuLi mediated coupling reaction in the synthesis of eribulin mesylate,,Table 1,1,ester 2,,DIBAL-H,,aldehyde 3,,3,98.6,HPLC area %,,,,1.0 equiv DIBAL-H (implied from context of batch optimization),reduction,-80.0,,toluene,batch,,Batch condition baseline; no over-reduced alcohol 10 residual.
Fukuyama et al. 2016 - Application of continuous flow for DIBAL-H reduct ... BuLi mediated coupling reaction in the synthesis of eribulin mesylate,,Table 1,2,ester 2,,DIBAL-H,,aldehyde 3,,3,96.3,HPLC area %,,,,1.0 equiv DIBAL-H (implied from context of batch optimization),reduction,-70.0,,toluene,batch,,Target HPLC area % for flow optimization: >96.3
Fukuyama et al. 2016 - Application of continuous flow for DIBAL-H reduct ... BuLi mediated coupling reaction in the synthesis of eribulin mesylate,,Table 1,3,ester 2,,DIBAL-H,,aldehyde 3,,3,96.0,HPLC area %,,,,1.0 equiv DIBAL-H (implied from context of batch optimization),reduction,-65.0,,toluene,batch,,Batch condition at -65 °C
Fukuyama et al. 2016 - Application of continuous flow for DIBAL-H reduct ... BuLi mediated coupling reaction in the synthesis of eribulin mesylate,,Table 1,4,ester 2,,DIBAL-H,,aldehyde 3,,3,91.6,HPLC area %,,,,1.0 equiv DIBAL-H (implied from context of batch optimization),reduction,-60.0,,toluene,batch,,Batch condition at -60 °C; selectivity decreased vs lower temps
Fukuyama et al. 2016 - Application of continuous flow for DIBAL-H reduct ... BuLi mediated coupling reaction in the synthesis of eribulin mesylate,,Table 2,1,ester 2,,DIBAL-H,,aldehyde 3,,3,92.7,HPLC area %,,,,2.0 equiv DIBAL-H,reduction,-30.0,0.64,toluene,microreactor,,"Flow condition: conc. of 2 = 61.8 mg/mL, DIBAL-H (1.0 M in toluene), micromixer COMET X-01, quenched with 1 M HCl"
Fukuyama et al. 2016 - Application of continuous flow for DIBAL-H reduct ... BuLi mediated coupling reaction in the synthesis of eribulin mesylate,,Table 2,2,ester 2,,DIBAL-H,,aldehyde 3,,3,91.8,HPLC area %,,,,2.0 equiv DIBAL-H,reduction,-40.0,0.64,toluene,microreactor,,"Flow condition: conc. of 2 = 61.8 mg/mL, DIBAL-H (1.0 M in toluene), micromixer COMET X-01, quenched with 1 M HCl"
Fukuyama et al. 2016 - Application of continuous flow for DIBAL-H reduct ... BuLi mediated coupling reaction in the synthesis of eribulin mesylate,,Table 2,3,ester 2,,DIBAL-H,,aldehyde 3,,3,95.6,HPLC area %,,,,2.0 equiv DIBAL-H,reduction,-50.0,0.64,toluene,microreactor,,"Flow condition: conc. of 2 = 61.8 mg/mL, DIBAL-H (1.0 M in toluene), micromixer COMET X-01, quenched with 1 M HCl"
Fukuyama et al. 2016 - Application of continuous flow for DIBAL-H reduct ... BuLi mediated coupling reaction in the synthesis of eribulin mesylate,,Table 2,4,ester 2,,DIBAL-H,,aldehyde 3,,3,96.6,HPLC area %,,,,2.0 equiv DIBAL-H,reduction,-60.0,0.64,toluene,microreactor,,"Flow condition: conc. of 2 = 61.8 mg/mL, DIBAL-H (1.0 M in toluene), micromixer COMET X-01, quenched with 1 M HCl"
Fukuyama et al. 2016 - Application of continuous flow for DIBAL-H reduct ... BuLi mediated coupling reaction in the synthesis of eribulin mesylate,,Table 2,5,ester 2,,DIBAL-H,,aldehyde 3,,3,73.1,HPLC area %,,,,2.0 equiv DIBAL-H,reduction,-70.0,0.64,toluene,microreactor,,"Flow condition: conc. of 2 = 61.8 mg/mL, DIBAL-H (1.0 M in toluene), micromixer COMET X-01, quenched with 1 M HCl"
Fukuyama et al. 2016 - Application of continuous flow for DIBAL-H reduct ... BuLi mediated coupling reaction in the synthesis of eribulin mesylate,,Table 2,6,ester 2,,DIBAL-H,,aldehyde 3,,3,94.2,HPLC area %,,,,1.0 equiv DIBAL-H,reduction,-30.0,0.32,toluene,microreactor,,"Flow condition: conc. of 2 = 61.8 mg/mL, DIBAL-H (1.0 M in toluene), micromixer COMET X-01, quenched with 1 M HCl"
Fukuyama et al. 2016 - Application of continuous flow for DIBAL-H reduct ... BuLi mediated coupling reaction in the synthesis of eribulin mesylate,,Table 2,7,ester 2,,DIBAL-H,,aldehyde 3,,3,97.7,HPLC area %,,,,1.0 equiv DIBAL-H,reduction,-40.0,0.32,toluene,microreactor,,"Flow condition: conc. of 2 = 61.8 mg/mL, DIBAL-H (1.0 M in toluene), micromixer COMET X-01, quenched with 1 M HCl"
Fukuyama et al. 2016 - Application of continuous flow for DIBAL-H reduct ... BuLi mediated coupling reaction in the synthesis of eribulin mesylate,,Table 2,8,ester 2,,DIBAL-H,,aldehyde 3,,3,94.9,HPLC area %,,,,1.0 equiv DIBAL-H,reduction,-50.0,0.32,toluene,microreactor,,"Flow condition: conc. of 2 = 61.8 mg/mL, DIBAL-H (1.0 M in toluene), micromixer COMET X-01, quenched with 1 M HCl"
Fukuyama et al. 2016 - Application of continuous flow for DIBAL-H reduct ... BuLi mediated coupling reaction in the synthesis of eribulin mesylate,,Table 2,9,ester 2,,DIBAL-H,,aldehyde 3,,3,88.1,HPLC area %,,,,1.0 equiv DIBAL-H,reduction,-60.0,0.32,toluene,microreactor,,"Flow condition: conc. of 2 = 61.8 mg/mL, DIBAL-H (1.0 M in toluene), micromixer COMET X-01, quenched with 1 M HCl"
Fukuyama et al. 2016 - Application of continuous flow for DIBAL-H reduct ... BuLi mediated coupling reaction in the synthesis of eribulin mesylate,,Table 2,10,ester 2,,DIBAL-H,,aldehyde 3,,3,67.1,HPLC area %,,,,1.0 equiv DIBAL-H,reduction,-70.0,0.32,toluene,microreactor,,"Flow condition: conc. of 2 = 61.8 mg/mL, DIBAL-H (1.0 M in toluene), micromixer COMET X-01, quenched with 1 M HCl"
Fukuyama et al. 2016 - Application of continuous flow for DIBAL-H reduct ... BuLi mediated coupling reaction in the synthesis of eribulin mesylate,,Table 3,1,ester 2,,DIBAL-H,,aldehyde 3,,3,83.2,HPLC area %,,,,1.35 equiv DIBAL-H,reduction,-20.0,0.13,toluene,microreactor,,"Modified conditions: conc. of 2 = 164.9 mg/mL, DIBAL-H reduced to 1.35 equiv"
Fukuyama et al. 2016 - Application of continuous flow for DIBAL-H reduct ... BuLi mediated coupling reaction in the synthesis of eribulin mesylate,,Table 3,2,ester 2,,DIBAL-H,,aldehyde 3,,3,84.0,HPLC area %,,,,1.35 equiv DIBAL-H,reduction,-20.0,0.11,toluene,microreactor,,"Modified conditions: conc. of 2 = 164.9 mg/mL, DIBAL-H reduced to 1.35 equiv"
Fukuyama et al. 2016 - Application of continuous flow for DIBAL-H reduct ... BuLi mediated coupling reaction in the synthesis of eribulin mesylate,,Table 3,3,ester 2,,DIBAL-H,,aldehyde 3,,3,87.4,HPLC area %,,,,1.35 equiv DIBAL-H,reduction,-20.0,0.09,toluene,microreactor,,"Modified conditions: conc. of 2 = 164.9 mg/mL, DIBAL-H reduced to 1.35 equiv"
Fukuyama et al. 2016 - Application of continuous flow for DIBAL-H reduct ... BuLi mediated coupling reaction in the synthesis of eribulin mesylate,,Table 3,4,ester 2,,DIBAL-H,,aldehyde 3,,3,92.4,HPLC area %,,,,1.35 equiv DIBAL-H,reduction,-30.0,0.13,toluene,microreactor,,"Modified conditions: conc. of 2 = 164.9 mg/mL, DIBAL-H reduced to 1.35 equiv"
Fukuyama et al. 2016 - Application of continuous flow for DIBAL-H reduct ... BuLi mediated coupling reaction in the synthesis of eribulin mesylate,,Table 3,5,ester 2,,DIBAL-H,,aldehyde 3,,3,93.0,HPLC area %,,,,1.35 equiv DIBAL-H,reduction,-30.0,0.11,toluene,microreactor,,"Modified conditions: conc. of 2 = 164.9 mg/mL, DIBAL-H reduced to 1.35 equiv"
Fukuyama et al. 2016 - Application of continuous flow for DIBAL-H reduct ... BuLi mediated coupling reaction in the synthesis of eribulin mesylate,,Table 3,6,ester 2,,DIBAL-H,,aldehyde 3,,3,93.4,HPLC area %,,,,1.35 equiv DIBAL-H,reduction,-30.0,0.09,toluene,microreactor,,"Modified conditions: conc. of 2 = 164.9 mg/mL, DIBAL-H reduced to 1.35 equiv"
Fukuyama et al. 2016 - Application of continuous flow for DIBAL-H reduct ... BuLi mediated coupling reaction in the synthesis of eribulin mesylate,,Table 3,7,ester 2,,DIBAL-H,,aldehyde 3,,3,90.6,HPLC area %,,,,1.35 equiv DIBAL-H,reduction,-40.0,0.13,toluene,microreactor,,"Modified conditions: conc. of 2 = 164.9 mg/mL, DIBAL-H reduced to 1.35 equiv"
Fukuyama et al. 2016 - Application of continuous flow for DIBAL-H reduct ... BuLi mediated coupling reaction in the synthesis of eribulin mesylate,,Table 3,8,ester 2,,DIBAL-H,,aldehyde 3,,3,93.2,HPLC area %,,,,1.35 equiv DIBAL-H,reduction,-40.0,0.11,toluene,microreactor,,"Modified conditions: conc. of 2 = 164.9 mg/mL, DIBAL-H reduced to 1.35 equiv"
Fukuyama et al. 2016 - Application of continuous flow for DIBAL-H reduct ... BuLi mediated coupling reaction in the synthesis of eribulin mesylate,,Table 3,9,ester 2,,DIBAL-H,,aldehyde 3,,3,85.4,HPLC area %,,,,1.35 equiv DIBAL-H,reduction,-50.0,0.13,toluene,microreactor,,"Modified conditions: conc. of 2 = 164.9 mg/mL, DIBAL-H reduced to 1.35 equiv"
Fukuyama et al. 2016 - Application of continuous flow for DIBAL-H reduct ... BuLi mediated coupling reaction in the synthesis of eribulin mesylate,,Table 4,1,ester 2,,DIBAL-H,,aldehyde 3,,3,90.5,HPLC area %,,,,1.35 equiv DIBAL-H,reduction,-30.0,0.13,toluene,microreactor,,Higher flow rate using plunger pumps; conc. of 2 = 164.9 mg/mL
Fukuyama et al. 2016 - Application of continuous flow for DIBAL-H reduct ... BuLi mediated coupling reaction in the synthesis of eribulin mesylate,,Table 4,2,ester 2,,DIBAL-H,,aldehyde 3,,3,93.2,HPLC area %,,,,1.35 equiv DIBAL-H,reduction,-30.0,0.09,toluene,microreactor,,Higher flow rate using plunger pumps; conc. of 2 = 164.9 mg/mL
Fukuyama et al. 2016 - Application of continuous flow for DIBAL-H reduct ... BuLi mediated coupling reaction in the synthesis of eribulin mesylate,,Table 4,3,ester 2,,DIBAL-H,,aldehyde 3,,3,93.2,HPLC area %,,,,1.35 equiv DIBAL-H,reduction,-30.0,0.07,toluene,microreactor,,Higher flow rate using plunger pumps; conc. of 2 = 164.9 mg/mL
Fukuyama et al. 2016 - Application of continuous flow for DIBAL-H reduct ... BuLi mediated coupling reaction in the synthesis of eribulin mesylate,,Table 4,4,ester 2,,DIBAL-H,,aldehyde 3,,3,91.6,HPLC area %,,,,1.35 equiv DIBAL-H,reduction,-40.0,0.13,toluene,microreactor,,Higher flow rate using plunger pumps; conc. of 2 = 164.9 mg/mL
Fukuyama et al. 2016 - Application of continuous flow for DIBAL-H reduct ... BuLi mediated coupling reaction in the synthesis of eribulin mesylate,,Table 4,5,ester 2,,DIBAL-H,,aldehyde 3,,3,94.7,HPLC area %,,,,1.35 equiv DIBAL-H,reduction,-40.0,0.09,toluene,microreactor,,Higher flow rate using plunger pumps; conc. of 2 = 164.9 mg/mL
Fukuyama et al. 2016 - Application of continuous flow for DIBAL-H reduct ... BuLi mediated coupling reaction in the synthesis of eribulin mesylate,,Table 4,6,ester 2,,DIBAL-H,,aldehyde 3,,3,95.8,HPLC area %,,,,1.35 equiv DIBAL-H,reduction,-40.0,0.07,toluene,microreactor,,Higher flow rate using plunger pumps; conc. of 2 = 164.9 mg/mL
Fukuyama et al. 2016 - Application of continuous flow for DIBAL-H reduct ... BuLi mediated coupling reaction in the synthesis of eribulin mesylate,,Table 5,1,ester 2,,DIBAL-H,,aldehyde 3,,3,92.7,HPLC area %,,,,1.35 equiv DIBAL-H,reduction,-40.0,0.13,toluene,microreactor,,Two COMET X-01 micromixers in tandem; conc. of 2 = 164.9 mg/mL
Fukuyama et al. 2016 - Application of continuous flow for DIBAL-H reduct ... BuLi mediated coupling reaction in the synthesis of eribulin mesylate,,Table 5,2,ester 2,,DIBAL-H,,aldehyde 3,,3,95.0,HPLC area %,,,,1.35 equiv DIBAL-H,reduction,-40.0,0.09,toluene,microreactor,,Two COMET X-01 micromixers in tandem; conc. of 2 = 164.9 mg/mL
Fukuyama et al. 2016 - Application of continuous flow for DIBAL-H reduct ... BuLi mediated coupling reaction in the synthesis of eribulin mesylate,,Table 5,3,ester 2,,DIBAL-H,,aldehyde 3,,3,95.6,HPLC area %,,,,1.35 equiv DIBAL-H,reduction,-40.0,0.08,toluene,microreactor,,Two COMET X-01 micromixers in tandem; conc. of 2 = 164.9 mg/mL
Fukuyama et al. 2016 - Application of continuous flow for DIBAL-H reduct ... BuLi mediated coupling reaction in the synthesis of eribulin mesylate,,Table 5,4,ester 2,,DIBAL-H,,aldehyde 3,,3,96.7,HPLC area %,,,,1.35 equiv DIBAL-H,reduction,-50.0,0.08,toluene,microreactor,,Two COMET X-01 micromixers in tandem; conc. of 2 = 164.9 mg/mL
Fukuyama et al. 2016 - Application of continuous flow for DIBAL-H reduct ... BuLi mediated coupling reaction in the synthesis of eribulin mesylate,,Table 6,1,ester 2,,DIBAL-H,,aldehyde 3,,3,98.1,HPLC area %,,,,1.35 equiv DIBAL-H,reduction,-50.0,0.09,toluene,microreactor,,MPS-α200 system with CMPS-α02 micromixer
Fukuyama et al. 2016 - Application of continuous flow for DIBAL-H reduct ... BuLi mediated coupling reaction in the synthesis of eribulin mesylate,,Table 6,2,ester 2,,DIBAL-H,,aldehyde 3,,3,96.7,HPLC area %,,,,1.35 equiv DIBAL-H,reduction,-50.0,,toluene,microreactor,,MPS-α200 system with CMPS-α02 micromixer; residence time not optimized
Fukuyama et al. 2016 - Application of continuous flow for DIBAL-H reduct ... BuLi mediated coupling reaction in the synthesis of eribulin mesylate,,Table 7,1,aldehyde 3,,sulfone fragment 4,,sulfone-diol 5,,5,86.8,HPLC area %,,,,"n-BuLi (1.10 equiv), aldehyde 3 (1.10 equiv)",nucleophilic addition,-10.0,2.3,tetrahydrofuran / n-heptane,microreactor,,"n-BuLi-mediated coupling; MPS-α200, CMPS-α02 micromixer; quenched with aqueous NH4Cl"
Fukuyama et al. 2016 - Application of continuous flow for DIBAL-H reduct ... BuLi mediated coupling reaction in the synthesis of eribulin mesylate,,Table 7,2,aldehyde 3,,sulfone fragment 4,,sulfone-diol 5,,5,94.3,HPLC area %,,,,"n-BuLi (1.10 equiv), aldehyde 3 (1.10 equiv)",nucleophilic addition,-10.0,1.1,tetrahydrofuran / n-heptane,microreactor,,"n-BuLi-mediated coupling; MPS-α200, CMPS-α02 micromixer; quenched with aqueous NH4Cl"
Fukuyama et al. 2016 - Application of continuous flow for DIBAL-H reduct ... BuLi mediated coupling reaction in the synthesis of eribulin mesylate,,Table 7,3,aldehyde 3,,sulfone fragment 4,,sulfone-diol 5,,5,93.6,HPLC area %,,,,"n-BuLi (1.05 equiv), aldehyde 3 (1.10 equiv)",nucleophilic addition,-10.0,1.1,tetrahydrofuran / n-heptane,microreactor,,"n-BuLi-mediated coupling; MPS-α200, CMPS-α02 micromixer; quenched with aqueous NH4Cl"
Fukuyama et al. 2016 - Application of continuous flow for DIBAL-H reduct ... BuLi mediated coupling reaction in the synthesis of eribulin mesylate,,Table 7,4,aldehyde 3,,sulfone fragment 4,,sulfone-diol 5,,5,94.6,HPLC area %,,,,"n-BuLi (1.10 equiv), aldehyde 3 (1.10 equiv)",nucleophilic addition,-10.0,1.1,tetrahydrofuran / n-heptane,microreactor,,"n-BuLi-mediated coupling; MPS-α200, CMPS-α02 micromixer; quenched with aqueous NH4Cl"
Fukuyama et al. 2016 - Application of continuous flow for DIBAL-H reduct ... BuLi mediated coupling reaction in the synthesis of eribulin mesylate,,Table 7,5,aldehyde 3,,sulfone fragment 4,,sulfone-diol 5,,5,95.1,HPLC area %,,,,"n-BuLi (1.10 equiv), aldehyde 3 (1.10 equiv)",nucleophilic addition,-10.0,1.1,tetrahydrofuran / n-heptane,microreactor,,"n-BuLi-mediated coupling; MPS-α200, CMPS-α02 micromixer; quenched with aqueous NH4Cl"
Fukuyama et al. 2016 - Application of continuous flow for DIBAL-H reduct ... BuLi mediated coupling reaction in the synthesis of eribulin mesylate,,Table 7,6,aldehyde 3,,sulfone fragment 4,,sulfone-diol 5,,5,94.4,HPLC area %,,,,"n-BuLi (1.10 equiv), aldehyde 3 (1.10 equiv)",nucleophilic addition,-10.0,1.8,tetrahydrofuran / n-heptane,microreactor,,"n-BuLi-mediated coupling; MPS-α200, CMPS-α02 micromixer; quenched with aqueous NH4Cl"
Fukuyama et al. 2016 - Application of continuous flow for DIBAL-H reduct ... BuLi mediated coupling reaction in the synthesis of eribulin mesylate,,Table 7,7,aldehyde 3,,sulfone fragment 4,,sulfone-diol 5,,5,94.7,HPLC area %,,,,"n-BuLi (1.10 equiv), aldehyde 3 (1.10 equiv)",nucleophilic addition,-10.0,2.4,tetrahydrofuran / n-heptane,microreactor,,"n-BuLi-mediated coupling; MPS-α200, CMPS-α02 micromixer; quenched with aqueous NH4Cl"
Fukuyama et al. 2016 - Application of continuous flow for DIBAL-H reduct ... BuLi mediated coupling reaction in the synthesis of eribulin mesylate,,Table 7,8,aldehyde 3,,sulfone fragment 4,,sulfone-diol 5,,5,90.3,HPLC area %,,,,"n-BuLi (1.10 equiv), aldehyde 3 (1.10 equiv)",nucleophilic addition,-10.0,2.5,tetrahydrofuran / n-heptane,microreactor,,"n-BuLi-mediated coupling; MPS-α200, CMPS-α02 micromixer; quenched with aqueous NH4Cl"
Fukuyama et al. 2016 - Application of continuous flow for DIBAL-H reduct ... BuLi mediated coupling reaction in the synthesis of eribulin mesylate,,Table 7,9,aldehyde 3,,sulfone fragment 4,,sulfone-diol 5,,5,90.4,HPLC area %,,,,"n-BuLi (1.10 equiv), aldehyde 3 (1.10 equiv)",nucleophilic addition,-10.0,2.4,tetrahydrofuran / n-heptane,microreactor,,"n-BuLi-mediated coupling; MPS-α200, CMPS-α02 micromixer; quenched with aqueous NH4Cl"
Fukuyama et al. 2016 - Application of continuous flow for DIBAL-H reduct ... BuLi mediated coupling reaction in the synthesis of eribulin mesylate,,Table 7,10,aldehyde 3,,sulfone fragment 4,,sulfone-diol 5,,5,96.5,HPLC area %,,,,"n-BuLi (2.15 equiv), aldehyde 3 (1.10 equiv)",nucleophilic addition,10.0,2.4,tetrahydrofuran / n-heptane,microreactor,,"n-BuLi-mediated coupling; MPS-α200, CMPS-α02 micromixer; quenched with aqueous NH4Cl; best conversion at 10 °C"
Gupta et al. 2009 - Lithium diisopropylamide-mediated ortholithiations - lithium chloride catalysis,,Table 1,1,,Fc1cccc(F)c1,lithium diisopropylamide,,,,,,,,,,,directed metalation,-78.0,,tetrahydrofuran,,lithium diisopropylamide,Substrate undergoing ortholithiation; LiCl (0.5 mol%) used as additive for catalysis; reaction monitored by in situ IR spectroscopy.
Hafner et al. 2016 - A simple scale-up strategy for organolithium chemistry in flow mode - From feasibility to kilogram quantities,,Table 1,batch,1-bromo-4-fluoro-2-(trifluoromethyl)benzene,,n-butyllithium,,2-trifluoromethyl-5-fluorophenyl boronic acid,,2a,21.0,crude,,,,,halogen-metal exchange,-78.0,1200.0,tetrahydrofuran,,,Batch reference condition; reaction time = 600 s for metalation + 600 s for borylation.
Hafner et al. 2016 - A simple scale-up strategy for organolithium chemistry in flow mode - From feasibility to kilogram quantities,,Table 1,flow,1-bromo-4-fluoro-2-(trifluoromethyl)benzene,,n-butyllithium,,2-trifluoromethyl-5-fluorophenyl boronic acid,,2a,90.0,crude,,,,,halogen-metal exchange,-30.0,1.0,tetrahydrofuran,Tubular reactor with static mixer elements,,Flow condition with 0.5 s residence time per step (metalation + borylation).
Hafner et al. 2016 - A simple scale-up strategy for organolithium chemistry in flow mode - From feasibility to kilogram quantities,,Table 2,A,1-bromo-4-fluoro-2-(trifluoromethyl)benzene,,n-butyllithium,,2-trifluoromethyl-5-fluorophenyl boronic acid,,2a,90.5,crude,,,,,halogen-metal exchange,-30.0,1.0,tetrahydrofuran,Tubular reactor with static mixer elements,,
Hafner et al. 2016 - A simple scale-up strategy for organolithium chemistry in flow mode - From feasibility to kilogram quantities,,Table 2,B,1-bromo-4-fluoro-2-(trifluoromethyl)benzene,,n-butyllithium,,2-trifluoromethyl-5-fluorophenyl boronic acid,,2a,90.2,crude,,,,,halogen-metal exchange,-18.0,1.0,tetrahydrofuran,Tubular reactor with static mixer elements,,
Hafner et al. 2016 - A simple scale-up strategy for organolithium chemistry in flow mode - From feasibility to kilogram quantities,,Table 2,C,1-bromo-4-fluoro-2-(trifluoromethyl)benzene,,n-butyllithium,,2-trifluoromethyl-5-fluorophenyl boronic acid,,2a,87.0,crude,,,,,halogen-metal exchange,-8.0,1.0,tetrahydrofuran,Tubular reactor with static mixer elements,,
Hafner et al. 2016 - A simple scale-up strategy for organolithium chemistry in flow mode - From feasibility to kilogram quantities,,Table 2,D,1-bromo-4-fluoro-2-(trifluoromethyl)benzene,,n-butyllithium,,2-trifluoromethyl-5-fluorophenyl boronic acid,,2a,86.3,crude,,,,,halogen-metal exchange,2.0,1.0,tetrahydrofuran,Tubular reactor with static mixer elements,,
Hafner et al. 2016 - A simple scale-up strategy for organolithium chemistry in flow mode - From feasibility to kilogram quantities,,Table 3,A,1-bromo-4-fluoro-2-(trifluoromethyl)benzene,,n-butyllithium,,2-trifluoromethyl-5-fluorophenyl boronic acid,,2a,87.0,crude,,,,,halogen-metal exchange,-30.0,1.0,tetrahydrofuran,Tubular reactor with static mixer elements,,Small scale setup; total flow rate = 102.0 + 21.0 + 36.7 = 159.7 ≈ 160.7 mL/min (including trimethyl borate stream).
Newby et al. 2014 - Investigation of a lithium-halogen exchange flow process for the preparation of boronates by using a cryo-flow reactor,,Table 1,1,p-F3C-C6H4-Br,,n-butyllithium,,boronic ester product,,1,,,,,,2.0 equiv BuLi / 0.8 M aryl bromide,halogen-metal exchange,-60.0,,tetrahydrofuran,microreactor,,Entry 1 of Table 1 — relationship between equivalents of butyllithium and isolated yield; nonrigorously dry conditions; same 4-trifluoromethyl bromobenzene substrate used for direct comparison.
Usutani et al. 2007 - Generation and reactions of o-bromophenyllithium without benzyne formation using a microreactor,,Table 1,,o-bromophenyllithium,,methyl triflate,,methyl-substituted bromobenzene,,,,,,,,,nucleophilic addition,-78.0,0.8,,microflow system,,
Usutani et al. 2007 - Generation and reactions of o-bromophenyllithium without benzyne formation using a microreactor,,Table 1,,o-bromophenyllithium,,chlorodimethylsilane,,dimethylsilyl-substituted bromobenzene,,,,,,,,,nucleophilic addition,-78.0,0.8,,microflow system,,
Usutani et al. 2007 - Generation and reactions of o-bromophenyllithium without benzyne formation using a microreactor,,Table 1,,o-bromophenyllithium,,trimethylsilyl triflate,,trimethylsilyl-substituted bromobenzene,,,,,,,,,nucleophilic addition,-78.0,0.8,,microflow system,,
Usutani et al. 2007 - Generation and reactions of o-bromophenyllithium without benzyne formation using a microreactor,,Table 1,,o-bromophenyllithium,,unknown electrophile (structure identifier: *c1ccccc1Br),,substituted bromobenzene,,,,,,,,,nucleophilic addition,-78.0,0.8,,microflow system,,
taming-highly-unstable-radical-anions-and-1-4-organodilithiums-by-flow-microreactors-controlled-reductive-dimerization,,Table 2,1,styrene,,lithium naphthalenide,,"1,4-diphenylbutane (dimerization product)",,2a,49.0,GC,,,,,reduction,-78.0,,tetrahydrofuran,flow microreactor with T-shaped micromixer and capillary tubing,,"Entry 1: T-shaped mixer, 500 μm internal diameter at M1; total flow rate 6 mL/min; yield of 2a = 49%; yield of 3a not reported in this row but implied to be low based on table structure and caption."
taming-highly-unstable-radical-anions-and-1-4-organodilithiums-by-flow-microreactors-controlled-reductive-dimerization,,Table 2,2,styrene,,lithium naphthalenide,,"1,4-diphenylbutane (dimerization product)",,2a,65.0,GC,,,,,reduction,-78.0,,tetrahydrofuran,flow microreactor with T-shaped micromixer and capillary tubing,,"Entry 2: T-shaped mixer, 500 μm internal diameter at M1; total flow rate increased to 12 mL/min; yield of 2a = 65%."
taming-highly-unstable-radical-anions-and-1-4-organodilithiums-by-flow-microreactors-controlled-reductive-dimerization,,Table 2,3,styrene,,lithium naphthalenide,,"1,4-diphenylbutane (dimerization product)",,2a,72.0,GC,,,,,reduction,-78.0,,tetrahydrofuran,flow microreactor with T-shaped micromixer and capillary tubing,,"Entry 3: T-shaped mixer, 500 μm internal diameter at M1; total flow rate increased to 18 mL/min; yield of 2a = 72%."
taming-highly-unstable-radical-anions-and-1-4-organodilithiums-by-flow-microreactors-controlled-reductive-dimerization,,Table 2,4,styrene,,lithium naphthalenide,,"1,4-diphenylbutane (dimerization product)",,2a,77.0,GC,,,,,reduction,-78.0,,tetrahydrofuran,flow microreactor with T-shaped micromixer and capillary tubing,,"Entry 4: T-shaped mixer, 500 μm internal diameter at M1; total flow rate increased to 24 mL/min; yield of 2a = 77%."
taming-highly-unstable-radical-anions-and-1-4-organodilithiums-by-flow-microreactors-controlled-reductive-dimerization,,Table 2,5,styrene,,lithium naphthalenide,,"1,4-diphenylbutane (dimerization product)",,2a,96.0,GC,,,,,reduction,-78.0,,tetrahydrofuran,flow microreactor with T-shaped micromixer and capillary tubing,,Entry 5: Smaller diameter mixer (φ = 250 μm) used at M1 for more efficient mixing; yield of 2a = 96%. Flow rate not explicitly stated in this entry but context implies similar or optimized condition; therefore flow_rate_mL_min left null per strict data fidelity rule.
taming-highly-unstable-radical-anions-and-1-4-organodilithiums-by-flow-microreactors-controlled-reductive-dimerization,,Table 2,6,styrene,,sodium naphthalenide,,"1,4-diphenylbutane (dimerization product)",,2a,,GC,,,,,reduction,-78.0,,tetrahydrofuran,flow microreactor with T-shaped micromixer and capillary tubing,,"Entry 6: NaNp (0.40 M) used instead of LiNp; yield of 2a not reported, only 'trace' amount of byproduct 3 detected; yield_pct set to null per strict data fidelity."
taming-highly-unstable-radical-anions-and-1-4-organodilithiums-by-flow-microreactors-controlled-reductive-dimerization,,Table 2,7,styrene,,"lithium 4,4′-di-tert-butylbiphenylide",,"1,4-diphenylbutane (dimerization product)",,2a,96.0,GC,,,,1.2 equiv,reduction,-78.0,,tetrahydrofuran,flow microreactor with T-shaped micromixer and capillary tubing,,"Entry 7: LiDTBB (1.2 equiv, 0.40 M) used as reductant; yield of 2a = 96%; trace amount of byproduct 3 detected."
example1,,page_3_table_0_extracted.csv,,fluoroiodomethane (1),,MeLi,,O=C(CF)CCc1ccccc1,,4a,70.0,,82.0,,,,,-60.0,0.0129,THF/Et2O,"flow microreactor with two T-shaped micromixers (M1, M2) and two microtube reactors (R1, R2)",MeLi,External quenching in flow; internal batch yield was 34%.
example1,,page_3_table_0_extracted.csv,,fluoroiodomethane (1),,MeLi,,O=C(/C=C/c1ccccc1)CF,,4b,80.0,,88.0,,,,,-60.0,0.0129,THF/Et2O,"flow microreactor with two T-shaped micromixers (M1, M2) and two microtube reactors (R1, R2)",MeLi,External quenching in flow; internal batch yield was 41%.
example1,,page_3_table_0_extracted.csv,,fluoroiodomethane (1),,MeLi,,O=C(CF)c1ccccc1,,4c,66.0,,79.0,,,,,-60.0,0.0129,THF/Et2O,"flow microreactor with two T-shaped micromixers (M1, M2) and two microtube reactors (R1, R2)",MeLi,External quenching in flow; internal batch yield was 58%.
example1,,page_3_table_0_extracted.csv,,fluoroiodomethane (1),,MeLi,,O=C(CF)c1cccs1,,4d,68.0,,80.0,,,,,-60.0,0.0129,THF/Et2O,"flow microreactor with two T-shaped micromixers (M1, M2) and two microtube reactors (R1, R2)",MeLi,External quenching in flow; internal batch yield was 45%.
example1,,page_3_table_0_extracted.csv,,fluoroiodomethane (1),,MeLi,,O=C(CF)c1ccc(-c2ccccc2)cc1,,4e,60.0,,72.0,,,,,-60.0,0.0129,THF/Et2O,"flow microreactor with two T-shaped micromixers (M1, M2) and two microtube reactors (R1, R2)",MeLi,External quenching in flow; internal batch yield was 53%.
example1,,page_3_table_0_extracted.csv,,fluoroiodomethane (1),,MeLi,,O=C(CF)c1ccc(C(F)(F)F)cc1,,4h,75.0,,84.0,,,,,-60.0,0.0129,THF/Et2O,"flow microreactor with two T-shaped micromixers (M1, M2) and two microtube reactors (R1, R2)",MeLi,External quenching in flow; internal batch yield was 41%.
example1,,page_3_table_0_extracted.csv,,fluoroiodomethane (1),,MeLi,,O=C(CF)c1ccc(F)cc1,,4i,77.0,,87.0,,,,,-60.0,0.0129,THF/Et2O,"flow microreactor with two T-shaped micromixers (M1, M2) and two microtube reactors (R1, R2)",MeLi,External quenching in flow; internal batch yield was 55%.
example1,,page_3_table_0_extracted.csv,,fluoroiodomethane (1),,LDA,,*C(F)I,,5a,84.0,,99.0,,,,,-40.0,0.082,THF,"flow microreactor with two T-shaped micromixers (M1, M2) and two microtube reactors (R1, R2)",LDA,External quenching in flow; internal batch yield was 21%.
example1,,page_3_table_0_extracted.csv,,fluoroiodomethane (1),,LDA,,*C(F)I,,5b,80.0,,95.0,,,,,-40.0,0.082,THF,"flow microreactor with two T-shaped micromixers (M1, M2) and two microtube reactors (R1, R2)",LDA,External quenching in flow; internal batch yield was 41%.
example1,,page_3_table_0_extracted.csv,,fluoroiodomethane (1),,LDA,,*C(F)I,,5c,60.0,,65.0,,,,,-40.0,0.082,THF,"flow microreactor with two T-shaped micromixers (M1, M2) and two microtube reactors (R1, R2)",LDA,External quenching in flow; no internal batch yield reported.
example1,,page_3_table_0_extracted.csv,,fluoroiodomethane (1),,LDA,,FC1OC1(c1ccccc1)c1ccccc1,,6a,76.0,,99.0,,,,,-40.0,0.082,THF,"flow microreactor with two T-shaped micromixers (M1, M2) and two microtube reactors (R1, R2)",LDA,External quenching in flow; internal batch yield was 49%.
example1,,page_3_table_0_extracted.csv,,fluoroiodomethane (1),,LDA,,Fc1ccc(C2(c3ccc(F)cc3)OC2F)cc1,,6 b,56.0,,99.0,,,,,-40.0,0.082,THF,"flow microreactor with two T-shaped micromixers (M1, M2) and two microtube reactors (R1, R2)",LDA,External quenching in flow; internal batch yield was 42%.
example1,,page_3_table_0_extracted.csv,,fluoroiodomethane (1),,LDA,,CC(C)C1(c2ccccc2)OC1F,,6c,85.0,,95.0,,,,,-40.0,0.082,THF,"flow microreactor with two T-shaped micromixers (M1, M2) and two microtube reactors (R1, R2)",LDA,External quenching in flow; internal batch yield was 80%.
example1,,page_4_table_0_extracted.csv,,methyl 4-(methoxy(methyl)carbamoyl)benzoate (7a),,fluoromethyllithium (2),,4j,,4j,3.0,,,,,,,,,,batch reactor,,Internal quenching method in batch; low yield and selectivity.
example1,,page_4_table_0_extracted.csv,,methyl 4-(methoxy(methyl)carbamoyl)benzoate (7a),,fluoromethyllithium (2),,8,,8,0.0,,,,,,,,,,batch reactor,,Internal quenching method in batch.
example1,,page_4_table_0_extracted.csv,,methyl 4-(methoxy(methyl)carbamoyl)benzoate (7a),,fluoromethyllithium (2),,10,,10,14.0,,,,,,,,,,batch reactor,,Internal quenching method in batch.
example1,,page_4_table_0_extracted.csv,,methyl 4-(methoxy(methyl)carbamoyl)benzoate (7a),,fluoromethyllithium (2),,11,,11,2.0,,,,,,,,,,batch reactor,,Internal quenching method in batch.
example1,,page_4_table_0_extracted.csv,,methyl 4-(methoxy(methyl)carbamoyl)benzoate (7a),,fluoromethyllithium (2),,12,,12,12.0,,,,,,,,,,batch reactor,,Internal quenching method in batch.
example1,,page_4_table_0_extracted.csv,,methyl 4-(methoxy(methyl)carbamoyl)benzoate (7a),,fluoromethyllithium (2),,4j,,4j,69.0,,,,,,,-78.0,0.013,THF,flow microreactor,MeLi,External quenching method in flow; improved selectivity vs batch.
example1,,page_4_table_0_extracted.csv,,methyl 4-(methoxy(methyl)carbamoyl)benzoate (7a),,fluoromethyllithium (2),,8,,8,20.0,,,,,,,-78.0,0.013,THF,flow microreactor,MeLi,External quenching method in flow.
example1,,page_4_table_0_extracted.csv,,methyl 4-(methoxy(methyl)carbamoyl)benzoate (7a),,fluoromethyllithium (2),,9,,9,0.0,,,,,,,-78.0,0.013,THF,flow microreactor,MeLi,External quenching method in flow.
example1,,page_4_table_0_extracted.csv,,methyl 4-(methoxy(methyl)carbamoyl)benzoate (7a),,fluoromethyllithium (2),,10,,10,28.0,,,,,,,-78.0,0.013,THF,flow microreactor,MeLi,External quenching method in flow.
example1,,page_4_table_2_extracted.csv,,CON(C)C(=O)c1ccc(C(=O)N(C)OC)cc1,,MeLi,,4,,4,69.0,,,,,,,-60.0,0.013,THF,flow microreactor,MeLi,Yield determined by GC analysis.
example1,,page_4_table_2_extracted.csv,,CON(C)C(=O)c1ccc(C(=O)c2ccccc2)cc1,,MeLi,,40,,40,60.0,,65.0,,,,,-60.0,0.013,THF,flow microreactor,MeLi,Yields determined by 1H NMR.
example1,,page_4_table_2_extracted.csv,,C=Cc1ccc(C(=O)c2ccccc2)cc1,,LDA,,6d,,6d,90.0,,99.0,,,,,-40.0,0.082,THF,flow microreactor,LDA,Yields determined by 1H NMR.
example1,,page_4_table_2_extracted.csv,,O=C(c1ccccc1)c1ccc(Br)cc1,,LDA,,6e,,6e,66.0,,91.0,,,,,-40.0,0.082,THF,flow microreactor,LDA,Yields determined by 1H NMR.
zz_codex_smoke_80_finalcheck,,page_5_table_1_extracted.csv,,,c1ccccc1Br,,N#Cc1ccc(I)cc1,,N#Cc1ccc(c2ccccc2)cc1,,,,,,,,C-C coupling,,,methanol,polymer monolith A flow reactor,palladium supported on polymer monolith A,"Reaction is part of integrated lithiation/borylation/Suzuki–Miyaura sequence without intentionally added base; solvent for Ar2–X stream is MeOH (0.033 M in MeOH); yields under Condition (a): T = 100 °C, tR = 4.7 min and Condition (b): T = 120 °C, tR = 9.4 min are reported separately but not filled here as they appear in distinct columns and require separate records — however, no numeric yield values are present in the extracted CSV content."
