arli_smiles,arx_smiles,n_reactions,n_cryo,mean_yield,ref_temp_C,stability_label,n_heavy_atoms,HeavyAtomCount,Li_C_degree,Li_C_ewg_neighbors,Li_C_hybridization_sp2,Li_C_hybridization_sp3,Li_C_is_aromatic,Li_neighbor_count,MW,MolLogP,NumAliphaticRings,NumAromaticAtoms,NumAromaticRings,NumBr,NumF,NumHalogens,NumHeteroatoms,NumI,NumLi,NumN,NumO,NumRotatableBonds,TPSA,has_epoxide,has_ester,has_nitrile
[Li]c1ccsc1S(=O)(=O)NC(C)(C)C,CC(C)(C)NS(=O)(=O)c1sccc1Br,2,2,70.5,-78.0,batch_moderate,14,14,3,0,1,0,1,1,225.26399999999998,0.6187,0,5,1,0,0,0,6,0,1,1,2,2,46.17,0,0,0
[Li]c1cnc(OCCOc2ncnc(NS(=O)(=O)c3ccc(C(C)(C)C)cc3)c2-c2ccc(C)cc2)nc1,Cc1ccc(-c2c(NS(=O)(=O)c3ccc(C(C)(C)C)cc3)ncnc2OCCOc2ncc(Br)cn2)cc1,2,2,30.4,-78.0,batch_moderate,38,38,3,0,1,0,1,1,525.5600000000003,3.591920000000002,0,24,4,0,0,0,11,0,1,5,4,9,116.18999999999998,0,0,0
[Li]c1ccc2c(c1)C(=O)CCC2(C)C,CC1(C)CCC(=O)c2cc(Br)ccc21,4,0,62.3,0.0,batch_moderate,14,14,3,0,1,0,1,1,180.17599999999996,1.7345,1,6,1,0,0,0,2,0,1,0,1,0,17.07,0,0,0
[Li]Cc1ccccc1C=C,C=Cc1ccccc1CI,3,3,43.5,-78.0,batch_moderate,10,10,2,0,0,1,0,1,124.11199999999998,1.9981,0,6,1,0,0,0,1,0,1,0,0,2,0.0,0,0,0
[Li]c1cnc2ccccc2c1,Brc1cnc2ccccc2c1,7,1,41.0,-78.0,batch_moderate,11,11,3,0,1,0,1,1,135.09499999999997,1.0286,0,10,2,0,0,0,2,0,1,1,0,0,12.89,0,0,0
[Li]c1cnc(Cl)c(Cl)c1,Clc1cc(I)cnc1Cl,1,0,54.3,-20.0,batch_moderate,9,9,3,0,1,0,1,1,153.925,1.1822000000000001,0,6,1,0,0,2,4,0,1,1,0,0,12.89,0,0,0
[Li]c1cncnc1,Brc1cncnc1,12,1,40.9,-78.0,batch_moderate,7,7,3,0,1,0,1,1,86.02299999999998,-0.7296,0,6,1,0,0,0,3,0,1,2,0,0,25.78,0,0,0
[Li]c1ccc(F)nc1,Fc1ccc(I)cn1,24,13,56.99230769230768,-78.0,batch_moderate,8,8,3,0,1,0,1,1,103.025,0.014500000000000068,0,6,1,0,1,1,3,0,1,1,0,0,12.89,0,0,0
[Li]c1cncc(OCc2ccccc2)c1,Brc1cncc(OCc2ccccc2)c1,1,1,21.7,-78.0,batch_unstable,15,15,3,0,1,0,1,1,191.15900000000002,1.4544,0,12,2,0,0,0,3,0,1,1,1,3,22.12,0,0,0
[Li]c1cncc(Br)c1,Brc1cncc(Br)c1,9,6,56.416666666666664,-67.66666666666667,batch_moderate,8,8,3,0,1,0,1,1,163.93099999999998,0.6379000000000001,0,6,1,1,0,1,3,0,1,1,0,0,12.89,0,0,0
[Li]c1cnc(F)c(C)c1,Cc1cc(I)cnc1F,2,1,77.0,-70.0,batch_moderate,9,9,3,0,1,0,1,1,117.05199999999998,0.32292,0,6,1,0,1,1,3,0,1,1,0,0,12.89,0,0,0
[Li]c1ccc(C)nc1,Cc1ccc(I)cn1,1,0,44.8,-95.0,batch_moderate,8,8,3,0,1,0,1,1,99.062,0.18381999999999998,0,6,1,0,0,0,2,0,1,1,0,0,12.89,0,0,0
[Li]c1cnccc1C,Cc1ccncc1I,8,4,54.55,-78.0,batch_moderate,8,8,3,0,1,0,1,1,99.06199999999998,0.1838200000000001,0,6,1,0,0,0,2,0,1,1,0,0,12.89,0,0,0
[Li]C1(c2ccccc2)C=CC=NC1,BrC1(c2ccccc2)C=CC=NC1,1,0,14.5,-30.0,batch_unstable,13,13,4,0,0,1,0,1,163.14899999999997,1.691,1,6,1,0,0,0,2,0,1,1,0,1,12.36,0,0,0
[Li]c1ccc(OC)cc1CCN(C)C,COc1ccc(I)c(CCN(C)C)c1,1,0,27.0,0.0,batch_unstable,14,14,3,0,1,0,1,1,185.19599999999997,0.5931,0,6,1,0,0,0,3,0,1,1,1,4,12.47,0,0,0
[Li]c1cccnc1,Brc1cccnc1,40,27,58.34814814814815,-73.92592592592592,batch_moderate,7,7,3,0,1,0,1,1,85.035,-0.12459999999999993,0,6,1,0,0,0,2,0,1,1,0,0,12.89,0,0,0
[Li]Cc1cccc(F)c1,Fc1cccc(CBr)c1,4,0,80.3,-11.5,batch_stable,9,9,2,0,0,1,0,1,116.064,1.4942,0,6,1,0,1,1,2,0,1,0,0,1,0.0,0,0,0
[Li]c1sccc1C,Cc1ccsc1Br,19,0,88.3,-40.0,batch_stable,7,7,3,0,1,0,1,1,104.10299999999998,0.85032,0,5,1,0,0,0,2,0,1,0,0,0,0.0,0,0,0
[Li]C1CCCC12C(=O)Nc1ccccc12,O=C1Nc2ccccc2C12CCCC2Br,5,5,63.7,-78.0,batch_moderate,15,15,3,0,0,1,0,1,193.175,2.0174,2,6,1,0,0,0,3,0,1,1,1,0,29.1,0,0,0
[Li]c1ccc(C(=O)OC)cc1,COC(=O)c1ccc(Br)cc1,3,3,41.8,-78.0,batch_moderate,11,11,3,0,1,0,1,1,142.083,0.267,0,6,1,0,0,0,3,0,1,0,2,1,26.3,0,1,0
[Li]c1ccc2nc(NC(=O)NCC)sc2c1OC(C)C,CCNC(=O)Nc1nc2ccc(Br)c(OC(C)C)c2s1,1,0,25.1,0.0,batch_unstable,20,20,3,0,1,0,1,1,285.298,2.0187,0,9,2,0,0,0,7,0,1,3,2,4,63.25,0,0,0
[Li]c1sc(-c2ccc(F)cc2)c(-c2ccncc2)c1Br,Fc1ccc(-c2sc(Br)c(Br)c2-c2ccncc2)cc1,1,1,99.7,-78.0,batch_stable,20,20,3,0,1,0,1,1,340.146,4.172500000000001,0,17,3,1,1,2,5,0,1,1,0,2,12.89,0,0,0
[Li]c1ccc(N(c2ccccc2)c2ccccc2)cc1,Brc1ccc(N(c2ccccc2)c2ccccc2)cc1,11,10,59.53000000000001,-76.2,batch_moderate,20,20,3,0,1,0,1,1,251.25800000000004,3.9502000000000024,0,18,3,0,0,0,2,0,1,1,0,3,3.24,0,0,0
[Li]c1cc(C(=O)OCC)cc2c1OCCN2CCCC,CCCCN1CCOc2c(I)cc(C(=O)OCC)cc21,2,2,71.7,-70.0,batch_moderate,20,20,3,0,1,0,1,1,269.2699999999999,1.656,1,6,1,0,0,0,5,0,1,1,3,5,38.77,0,1,0
[Li]c1cc(C(=O)OC)cc(C(=O)N(CCC)CCC)c1,CCCN(CCC)C(=O)c1cc(I)cc(C(=O)OC)c1,2,0,99.1,0.0,batch_stable,20,20,3,0,1,0,1,1,269.2699999999999,1.5292,0,6,1,0,0,0,5,0,1,1,3,6,46.61000000000001,0,1,0
[Li]c1ccccc1C1(C)OCCO1,CC1(c2ccccc2Br)OCCO1,3,0,35.1,25.0,batch_moderate,13,13,3,0,1,0,1,1,170.13699999999997,0.6999,1,6,1,0,0,0,3,0,1,0,2,1,18.46,0,0,0
[Li]c1c(C)c(OC)c2ccccc2c1OC,COc1c(C)c(Br)c(OC)c2ccccc12,2,0,88.6,0.0,batch_stable,16,16,3,0,1,0,1,1,208.18599999999998,1.95922,0,10,2,0,0,0,3,0,1,0,2,2,18.46,0,0,0
[Li]c1ccc(N)c(F)c1,Nc1ccc(Br)cc1F,25,18,74.76666666666667,-78.0,batch_moderate,9,9,3,0,1,0,1,1,117.052,0.2017000000000001,0,6,1,0,1,1,3,0,1,1,0,0,26.02,0,0,0
[Li]Cc1ccc(OCc2ccccc2)cc1,ICc1ccc(OCc2ccccc2)cc1,4,0,62.9,0.0,batch_moderate,16,16,2,0,0,1,0,1,204.19800000000004,2.934100000000001,0,12,2,0,0,0,2,0,1,0,1,4,9.23,0,0,0
[Li]c1ccccn1,Brc1ccccn1,89,76,45.830263157894734,-77.13157894736842,batch_moderate,7,7,3,1,1,0,1,1,85.03500000000001,-0.12460000000000004,0,6,1,0,0,0,2,0,1,1,0,0,12.89,0,0,0
[Li]c1ccc2[nH]c(C)cc2c1,Cc1cc2cc(Br)ccc2[nH]1,4,3,63.20000000000001,-78.0,batch_moderate,11,11,3,0,1,0,1,1,137.111,1.27012,0,9,2,0,0,0,2,0,1,1,0,0,15.79,0,0,0
[Li]c1ccc2cc[nH]c2c1,Brc1ccc2cc[nH]c2c1,15,11,77.23636363636365,-78.0,batch_moderate,10,10,3,0,1,0,1,1,123.08399999999997,0.9617,0,9,2,0,0,0,2,0,1,1,0,0,15.79,0,0,0
[Li]c1ccc(S(=O)(=O)NC)cc1,CNS(=O)(=O)c1ccc(Br)cc1,11,1,40.4,-78.0,batch_moderate,12,12,3,0,1,0,1,1,177.15400000000002,-0.6115000000000002,0,6,1,0,0,0,5,0,1,1,2,2,46.17,0,0,0
[Li]c1ccc(C2CC2)cc1,Brc1ccc(C2CC2)cc1,5,5,76.34,-76.4,batch_moderate,10,10,3,0,1,0,1,1,124.11199999999998,1.3578000000000001,1,6,1,0,0,0,1,0,1,0,0,1,0.0,0,0,0
[Li]c1ccc(Br)cc1,Brc1ccc(Br)cc1,41,29,64.63206896551723,-77.17241379310344,batch_moderate,8,8,3,0,1,0,1,1,162.943,1.2429,0,6,1,1,0,1,2,0,1,0,0,0,0.0,0,0,0
[Li]c1ccc([Si](C)(C)C)cc1,C[Si](C)(C)c1ccc(Br)cc1,3,3,100.0,-78.0,batch_stable,11,11,3,0,1,0,1,1,156.23,1.0255999999999998,0,6,1,0,0,0,2,0,1,0,0,1,0.0,0,0,0
[Li]c1ccc(Cl)c(CC)c1,CCc1cc(Br)ccc1Cl,1,0,62.3,0.0,batch_moderate,10,10,3,0,1,0,1,1,146.54600000000002,1.6962,0,6,1,0,0,1,2,0,1,0,0,1,0.0,0,0,0
[Li]c1cccc(C2CC2)c1,Brc1cccc(C2CC2)c1,2,2,35.25,-78.0,batch_moderate,10,10,3,0,1,0,1,1,124.112,1.3578000000000001,1,6,1,0,0,0,1,0,1,0,0,1,0.0,0,0,0
[Li]CCOc1ccc(Cl)cc1Cl,Clc1ccc(OCCBr)c(Cl)c1,3,0,5.8,0.0,batch_unstable,12,12,2,0,0,1,0,1,196.98999999999998,2.9590000000000014,0,6,1,0,0,2,4,0,1,0,1,3,9.23,0,0,0
[Li]c1cc(F)cc(Br)c1,Fc1cc(Br)cc(Br)c1,2,2,60.05,-69.0,batch_moderate,9,9,3,0,1,0,1,1,180.933,1.382,0,6,1,1,1,2,3,0,1,0,0,0,0.0,0,0,0
[Li]c1ccoc1,Brc1ccoc1,8,6,66.65,-77.5,batch_moderate,6,6,3,0,1,0,1,1,74.008,0.07340000000000002,0,5,1,0,0,0,2,0,1,0,1,0,13.14,0,0,0
[Li]c1cccc2c1CC(N(CCC)CCC)CC2,CCCN(CCC)C1CCc2cccc(Br)c2C1,13,13,68.90769230769229,-78.0,batch_moderate,18,18,3,0,1,0,1,1,237.31599999999992,2.4597000000000007,1,6,1,0,0,0,2,0,1,1,0,5,3.24,0,0,0
[Li]c1cc(OC)c(OC)c(OC)c1,COc1cc(Br)cc(OC)c1OC,8,6,64.06666666666666,-78.0,batch_moderate,13,13,3,0,1,0,1,1,174.125,0.5061999999999999,0,6,1,0,0,0,4,0,1,0,3,3,27.69,0,0,0
[Li]C(Br)=CC1(C=O)C=CC2=C(C1)C(C)(C)CN(C1CC1)C2,CC1(C)CN(C2CC2)CC2=C1CC(C=O)(C=C(Br)Br)C=C2,12,0,94.36666666666667,-20.0,batch_stable,21,21,3,1,1,0,0,1,342.2060000000002,3.337200000000002,3,0,0,1,0,1,4,0,1,1,1,3,20.310000000000002,0,0,0
[Li]c1cccc2ccccc12,Brc1cccc2ccccc12,12,11,82.53636363636365,-78.0,batch_stable,11,11,3,0,1,0,1,1,134.10699999999997,1.6336,0,10,2,0,0,0,1,0,1,0,0,0,0.0,0,0,0
[Li]c1ccc(F)c(F)c1Br,Fc1ccc(Br)c(Br)c1F,3,3,69.9,-78.0,batch_moderate,10,10,3,0,1,0,1,1,198.923,1.5211000000000001,0,6,1,1,2,3,4,0,1,0,0,0,0.0,0,0,0
[Li]c1c(C)c(Br)c(Br)c(C)c1Br,Cc1c(Br)c(Br)c(C)c(Br)c1Br,3,3,11.199999999999998,-78.0,batch_unstable,12,12,3,0,1,0,1,1,348.789,3.3847400000000016,0,6,1,3,0,3,4,0,1,0,0,0,0.0,0,0,0
[Li]C1CCCC1,BrC1CCCC1,8,0,78.67500000000001,-2.5,batch_moderate,6,6,3,0,0,1,0,1,76.068,1.5173999999999999,1,0,0,0,0,0,1,0,1,0,0,0,0.0,0,0,0
[Li]c1ccnc2c1ccn2S(=O)(=O)c1ccccc1,O=S(=O)(c1ccccc1)n1ccc2c(Br)ccnc21,7,7,74.14285714285714,-78.0,batch_moderate,19,19,3,0,1,0,1,1,264.23499999999996,1.0670999999999997,0,15,3,0,0,0,6,0,1,2,2,2,51.96,0,0,0
[Li]c1cccc(Br)n1,Brc1cccc(Br)n1,45,31,59.15806451612904,-74.12903225806451,batch_moderate,8,8,3,1,1,0,1,1,163.931,0.6378999999999999,0,6,1,1,0,1,3,0,1,1,0,0,12.89,0,0,0
[Li]c1cc(NC(C)=O)ccc1C,CC(=O)Nc1ccc(C)c(Br)c1,1,1,10.5,-78.0,batch_unstable,12,12,3,0,1,0,1,1,155.12599999999998,0.74722,0,6,1,0,0,0,3,0,1,1,1,1,29.1,0,0,0
[Li]c1ccc(OC)cc1C(=O)O,COc1ccc(Br)c(C(=O)O)c1,2,2,77.55000000000001,-78.0,batch_moderate,12,12,3,0,1,0,1,1,158.082,0.18719999999999998,0,6,1,0,0,0,4,0,1,0,3,2,46.53,0,1,0
[Li]c1ccc(C(=O)N(CC)CC)cc1,CCN(CC)C(=O)c1ccc(I)cc1,4,4,36.125,-78.0,batch_moderate,14,14,3,0,1,0,1,1,183.17999999999998,0.9623999999999999,0,6,1,0,0,0,3,0,1,1,1,3,20.310000000000002,0,0,0
[Li]c1cccc(CCC=O)c1,O=CCCc1cccc(Br)c1,1,0,50.0,0.0,batch_moderate,11,11,3,0,1,0,1,1,140.11100000000002,0.6119,0,6,1,0,0,0,2,0,1,0,1,3,17.07,0,0,0
[Li]c1ccc(Nc2c(C=O)cc3[nH]cnc3c2F)c(Cl)c1,O=Cc1cc2[nH]cnc2c(F)c1Nc1ccc(Br)cc1Cl,12,12,68.0,-78.0,batch_moderate,21,21,3,0,1,0,1,1,295.63,2.7053000000000003,0,15,3,0,1,2,7,0,1,3,1,3,57.78,0,0,0
[Li]c1ccccc1C(OC)OC,COC(OC)c1ccccc1Br,1,1,33.6,-78.0,batch_moderate,12,12,3,0,1,0,1,1,158.12599999999998,0.7718,0,6,1,0,0,0,3,0,1,0,2,3,18.46,0,0,0
[Li]c1ccc2c(c1)c1cc3c4cc(Br)ccc4n(C(=O)OC(C)(C)C)c3c(OC(=O)OCC)c1n2C(=O)OC(C)(C)C,CCOC(=O)Oc1c2c(cc3c4cc(Br)ccc4n(C(=O)OC(C)(C)C)c13)c1cc(Br)ccc1n2C(=O)OC(C)(C)C,4,0,89.0,-10.0,batch_stable,42,42,3,0,1,0,1,1,629.4330000000002,7.560400000000006,0,20,5,1,0,1,11,0,1,2,7,2,97.99,0,1,0
[Li]c1ccc(OC)nc1,COc1ccc(Br)cn1,24,19,61.873684210526314,-74.28421052631579,batch_moderate,9,9,3,0,1,0,1,1,115.06099999999999,-0.11599999999999999,0,6,1,0,0,0,3,0,1,1,1,1,22.12,0,0,0
[Li]Cc1ccc(-c2ccccc2-c2nnn(C(C)(C)c3ccccc3)n2)cc1,CC(C)(c1ccccc1)n1nnc(-c2ccccc2-c2ccc(CBr)cc2)n1,1,0,91.1,0.0,batch_stable,28,28,2,0,0,1,0,1,360.39,4.459000000000003,0,23,4,0,0,0,5,0,1,4,0,5,43.6,0,0,0
[Li]CCC1CC1CO[Si](C)(C)C(C)(C)C,CC(C)(C)[Si](C)(C)OCC1CC1CCBr,1,0,82.6,0.0,batch_stable,15,15,2,0,0,1,0,1,220.35799999999998,3.6212000000000026,1,0,0,0,0,0,3,0,1,0,1,5,9.23,0,0,0
[Li]c1ccc(CCl)cn1,ClCc1ccc(Br)nc1,1,0,80.7,-23.0,batch_stable,9,9,3,1,1,0,1,1,133.507,0.6142000000000001,0,6,1,0,0,1,3,0,1,1,0,1,12.89,0,0,0
[Li]c1cnc2c(Cl)ccnc2c1,Clc1ccnc2cc(Br)cnc12,4,4,38.0,-78.0,batch_moderate,12,12,3,0,1,0,1,1,170.528,1.077,0,10,2,0,0,1,4,0,1,2,0,0,25.78,0,0,0
[Li]c1ccc2c(c1)c1ccccc1n2-c1ccccc1,Brc1ccc2c(c1)c1ccccc1n2-c1ccccc1,18,18,79.82222222222222,-80.0,batch_moderate,20,20,3,0,1,0,1,1,249.24200000000002,3.5775000000000023,0,19,4,0,0,0,2,0,1,1,0,1,4.93,0,0,0
[Li]c1cc(-c2ccc(Cl)cc2)ccc1CC,CCc1ccc(-c2ccc(Cl)cc2)cc1Br,8,8,70.5625,-78.0,batch_moderate,16,16,3,0,1,0,1,1,222.64399999999998,3.3632000000000017,0,12,2,0,0,1,2,0,1,0,0,2,0.0,0,0,0
[Li]c1ccc(C2(C)OCCO2)cn1,CC1(c2ccc(Br)nc2)OCCO1,3,3,84.8,-78.0,batch_stable,13,13,3,1,1,0,1,1,171.125,0.09489999999999998,1,6,1,0,0,0,4,0,1,1,2,1,31.35,0,0,0
[Li]c1csc(C(OCC)OCC)c1,CCOC(OCC)c1cc(Br)cs1,8,8,39.7,-78.0,batch_moderate,13,13,3,0,1,0,1,1,192.20899999999997,1.6135000000000002,0,5,1,0,0,0,4,0,1,0,2,5,18.46,0,0,0
[Li]C(Br)=CCC(CC)n1cc(-c2ncnc3c2ccn3COCC[Si](C)(C)C)cn1,CCC(CC=C(Br)Br)n1cc(-c2ncnc3c2ccn3COCC[Si](C)(C)C)cn1,8,8,75.8,-78.0,batch_moderate,30,30,3,1,1,0,0,1,482.4280000000003,5.353100000000005,0,14,3,1,0,1,9,0,1,5,1,10,57.760000000000005,0,0,0
[Li]c1cccc(CCO)c1,OCCc1cccc(Br)c1,1,0,88.0,-20.0,batch_stable,10,10,3,0,1,0,1,1,128.1,0.015200000000000047,0,6,1,0,0,0,2,0,1,0,1,2,20.23,0,0,0
[Li]c1ccc(Cl)cc1,Clc1ccc(I)cc1,16,14,69.62142857142858,-76.71428571428571,batch_moderate,8,8,3,0,1,0,1,1,118.49199999999999,1.1338000000000001,0,6,1,0,0,1,2,0,1,0,0,0,0.0,0,0,0
[Li]c1ccc(-n2c3ccccc3c3ccccc32)cc1,Brc1ccc(-n2c3ccccc3c3ccccc32)cc1,5,5,66.0,-78.0,batch_moderate,20,20,3,0,1,0,1,1,249.24200000000002,3.5775000000000015,0,19,4,0,0,0,2,0,1,1,0,1,4.93,0,0,0
[Li]c1cc(OC)c(OC(C)C)cc1C(C)=O,COc1cc(I)c(C(C)=O)cc1OC(C)C,1,0,20.2,18.0,batch_unstable,16,16,3,0,1,0,1,1,214.18999999999997,1.4788,0,6,1,0,0,0,4,0,1,0,3,4,35.53,0,0,0
[Li]c1ccc(N)cn1,Nc1ccc(Br)nc1,1,1,30.2,-78.0,batch_moderate,8,8,3,1,1,0,1,1,100.05000000000001,-0.5424000000000002,0,6,1,0,0,0,3,0,1,2,0,0,38.91,0,0,0
[Li]c1cnc(Br)c(OCc2ccccc2)c1,Brc1cnc(Br)c(OCc2ccccc2)c1,1,1,61.7,-78.0,batch_moderate,16,16,3,0,1,0,1,1,270.05499999999995,2.2169,0,12,2,1,0,1,4,0,1,1,1,3,22.12,0,0,0
[Li]c1cccnc1F,Fc1ncccc1I,7,3,46.46666666666667,-78.0,batch_moderate,8,8,3,0,1,0,1,1,103.025,0.014500000000000068,0,6,1,0,1,1,3,0,1,1,0,0,12.89,0,0,0
[Li]c1cc(OC)cc(OC)c1,COc1cc(Br)cc(OC)c1,8,7,72.71428571428572,-78.0,batch_moderate,11,11,3,0,1,0,1,1,144.099,0.49759999999999993,0,6,1,0,0,0,3,0,1,0,2,2,18.46,0,0,0
[Li]c1cc(-c2ccc(Cl)cc2)ccc1C,Cc1ccc(-c2ccc(Cl)cc2)cc1Br,7,7,50.699999999999996,-78.0,batch_moderate,15,15,3,0,1,0,1,1,208.617,3.1092200000000014,0,12,2,0,0,1,2,0,1,0,0,1,0.0,0,0,0
[Li]c1ccc(/N=N/N2CCCC2)cc1,Brc1ccc(/N=N/N2CCCC2)cc1,4,4,55.3,-78.0,batch_moderate,14,14,3,0,1,0,1,1,181.168,1.5749,1,6,1,0,0,0,4,0,1,3,0,2,27.96,0,0,0
[Li]c1cc(C)cc(/C(C)=N/c2c(C(C)C)cccc2C(C)C)c1O,C/C(=N\c1c(C(C)C)cccc1C(C)C)c1cc(C)cc(Br)c1O,1,0,29.8,-100.0,batch_unstable,24,24,3,0,1,0,1,1,315.3860000000001,4.881920000000005,0,12,2,0,0,0,3,0,1,1,1,4,32.59,0,0,0
[Li]c1cc(C)cc(/C(=N/c2c(C(C)C)cccc2C(C)C)c2ccccc2)c1O,Cc1cc(Br)c(O)c(/C(=N/c2c(C(C)C)cccc2C(C)C)c2ccccc2)c1,1,0,23.0,-100.0,batch_unstable,29,29,3,0,1,0,1,1,377.4570000000001,5.910320000000007,0,18,3,0,0,0,3,0,1,1,1,5,32.59,0,0,0
[Li]c1ccccc1,Brc1ccccc1,22,19,53.6,-78.3157894736842,batch_moderate,7,7,3,0,1,0,1,1,84.047,0.48040000000000005,0,6,1,0,0,0,1,0,1,0,0,0,0.0,0,0,0
[Li]c1cccc(C(C)=Nc2c(C(C)C)cccc2C(C)C)c1,CC(=Nc1c(C(C)C)cccc1C(C)C)c1cccc(Br)c1,1,1,79.0,-70.0,batch_moderate,22,22,3,0,1,0,1,1,285.36,4.867900000000004,0,12,2,0,0,0,2,0,1,1,0,4,12.36,0,0,0
[Li]c1ccc(C)cc1,Cc1ccc(Br)cc1,11,2,79.95,-79.0,batch_moderate,8,8,3,0,1,0,1,1,98.07399999999998,0.78882,0,6,1,0,0,0,1,0,1,0,0,0,0.0,0,0,0
[Li]c1cc(Cl)ccc1OC,COc1ccc(Cl)cc1Br,6,6,59.75,-70.0,batch_moderate,10,10,3,0,1,0,1,1,148.51799999999997,1.1424,0,6,1,0,0,1,3,0,1,0,1,1,9.23,0,0,0
[Li]c1nccc(C)c1C,Cc1ccnc(Br)c1C,2,0,60.0,-40.0,batch_moderate,9,9,3,1,1,0,1,1,113.089,0.49223999999999984,0,6,1,0,0,0,2,0,1,1,0,0,12.89,0,0,0
[Li]Cc1ccc(CC(=O)O)cc1,O=C(O)Cc1ccc(CBr)cc1,1,1,84.0,-78.0,batch_stable,12,12,2,0,0,1,0,1,156.11,0.9822,0,6,1,0,0,0,3,0,1,0,2,3,37.3,0,1,0
[Li]c1ccc2ccccc2n1,Brc1ccc2ccccc2n1,7,0,51.0,51.42857142857143,batch_moderate,11,11,3,1,1,0,1,1,135.09499999999997,1.0286,0,10,2,0,0,0,2,0,1,1,0,0,12.89,0,0,0
[Li]c1cccc(C=O)c1,O=Cc1cccc(Br)c1,25,24,40.5,-78.0,batch_moderate,9,9,3,0,1,0,1,1,112.05699999999999,0.29290000000000005,0,6,1,0,0,0,2,0,1,0,1,1,17.07,0,0,0
[Li]c1cc2nc(OC)c(OC)nc2c2c1CN(C)CC2,COc1nc2cc(Br)c3c(c2nc1OC)CCN(C)C3,1,1,48.0,-78.0,batch_moderate,20,20,3,0,1,0,1,1,265.24199999999996,0.42869999999999964,1,10,2,0,0,0,6,0,1,3,2,2,47.480000000000004,0,0,0
[Li]c1cccc(CC#N)c1,N#CCc1cccc(Br)c1,1,0,79.9,2.5,batch_moderate,10,10,3,0,1,0,1,1,123.084,0.54648,0,6,1,0,0,0,2,0,1,1,0,1,23.79,0,0,1
[Li]c1cc(F)ccc1C,Cc1ccc(F)cc1Br,5,3,88.3,-78.0,batch_stable,9,9,3,0,1,0,1,1,116.06399999999998,0.92792,0,6,1,0,1,1,2,0,1,0,0,0,0.0,0,0,0
[Li]c1cccc(C#N)c1,N#Cc1cccc(Br)c1,6,5,69.02000000000001,-78.0,batch_moderate,9,9,3,0,1,0,1,1,109.057,0.35207999999999995,0,6,1,0,0,0,2,0,1,1,0,0,23.79,0,0,1
[Li]c1ccccc1CN(C)C,CN(C)Cc1ccccc1Br,1,1,61.5,-70.0,batch_moderate,11,11,3,0,1,0,1,1,141.143,0.542,0,6,1,0,0,0,2,0,1,1,0,2,3.24,0,0,0
[Li]c1ccccc1CCN(C)C,CN(C)CCc1ccccc1Br,1,1,76.6,-70.0,batch_moderate,12,12,3,0,1,0,1,1,155.17000000000002,0.5845,0,6,1,0,0,0,2,0,1,1,0,3,3.24,0,0,0
[Li]c1ccc2c(c1)C(C)(C)OC(=O)N2,CC1(C)OC(=O)Nc2ccc(Br)cc21,12,12,81.20000000000002,-78.0,batch_stable,14,14,3,0,1,0,1,1,183.136,1.2775999999999998,1,6,1,0,0,0,4,0,1,1,2,0,38.33,0,1,0
[Li]c1cccc(C)c1C,Cc1cccc(Br)c1C,2,2,45.0,-78.0,batch_moderate,9,9,3,0,1,0,1,1,112.101,1.09724,0,6,1,0,0,0,1,0,1,0,0,0,0.0,0,0,0
[Li]c1ccc(F)cc1C1(C)OCCO1,CC1(c2cc(F)ccc2Br)OCCO1,2,2,75.0,-78.0,batch_moderate,14,14,3,0,1,0,1,1,188.12699999999995,0.839,1,6,1,0,1,1,4,0,1,0,2,1,18.46,0,0,0
[Li]Cc1ccc(F)cc1,Fc1ccc(CBr)cc1,6,0,79.11666666666666,0.0,batch_moderate,9,9,2,0,0,1,0,1,116.064,1.4942,0,6,1,0,1,1,2,0,1,0,0,1,0.0,0,0,0
[Li]c1ccc(Br)s1,Brc1ccc(Br)s1,8,8,73.425,-78.0,batch_moderate,7,7,3,0,1,0,1,1,168.972,1.3044,0,5,1,1,0,1,3,0,1,0,0,0,0.0,0,0,0
[Li]c1ccc(OC)c2c1OC[C@H](N(CCC)C(C)C)C2,CCCN(C(C)C)[C@H]1COc2c(Br)ccc(OC)c2C1,2,2,52.9,-78.0,batch_moderate,20,20,3,0,1,0,1,1,269.31399999999996,1.9128999999999998,1,6,1,0,0,0,4,0,1,1,2,5,21.700000000000003,0,0,0
[Li]c1ccc(Cl)s1,Clc1ccc(Br)s1,3,3,98.09999999999998,-80.0,batch_stable,7,7,3,0,1,0,1,1,124.52100000000002,1.1953,0,5,1,0,0,1,3,0,1,0,0,0,0.0,0,0,0
[Li]c1cc(C(C)(C)C)c2c(c1)C(C)(C)CO2,CC(C)(C)c1cc(Br)cc2c1OCC2(C)C,2,1,28.1,-78.0,batch_unstable,16,16,3,0,1,0,1,1,210.24599999999995,2.4479000000000006,1,6,1,0,0,0,2,0,1,0,1,0,9.23,0,0,0
[Li]Cc1ccccc1,BrCc1ccccc1,31,12,53.23333333333333,-77.0,batch_moderate,8,8,2,0,0,1,0,1,98.07399999999998,1.3551,0,6,1,0,0,0,1,0,1,0,0,1,0.0,0,0,0
[Li]c1ccc(F)cc1,Fc1ccc(I)cc1,25,10,67.48,-71.3,batch_moderate,8,8,3,0,1,0,1,1,102.03699999999999,0.6194999999999999,0,6,1,0,1,1,2,0,1,0,0,0,0.0,0,0,0
[Li]C=CC(C)(C)c1ccc(Cl)cc1,CC(C)(C=CI)c1ccc(Cl)cc1,2,0,87.3,-90.0,batch_stable,13,13,2,0,1,0,0,1,186.611,3.299800000000002,0,6,1,0,0,1,2,0,1,0,0,2,0.0,0,0,0
[Li]c1ccc2c3c1C[C@@H](N(CCC)CCC)C[C@H]3CN2C(=O)c1ccccc1,CCCN(CCC)[C@@H]1Cc2c(Br)ccc3c2[C@@H](C1)CN3C(=O)c1ccccc1,21,21,98.09999999999998,-78.0,batch_stable,28,28,3,0,1,0,1,1,368.45,3.6612000000000027,2,12,2,0,0,0,4,0,1,2,1,6,23.55,0,0,0
[Li]c1ccc(C(C)(F)F)cc1F,CC(F)(F)c1ccc(Br)c(F)c1,1,1,42.3,-78.0,batch_moderate,12,12,3,0,1,0,1,1,166.071,1.7312,0,6,1,0,3,3,4,0,1,0,0,1,0.0,0,0,0
[Li]c1cccc(F)n1,Fc1cccc(Br)n1,6,0,59.866666666666674,0.0,batch_moderate,8,8,3,1,1,0,1,1,103.02500000000002,0.014500000000000013,0,6,1,0,1,1,3,0,1,1,0,0,12.89,0,0,0
[Li]c1ccc(Cl)c(Cc2ccc(OCC)cc2)c1,CCOc1ccc(Cc2cc(Br)ccc2Cl)cc1,8,3,53.13333333333333,-78.0,batch_moderate,18,18,3,0,1,0,1,1,252.67000000000002,3.1233000000000013,0,12,2,0,0,1,3,0,1,0,1,4,9.23,0,0,0
[Li]c1ccc2c(c1)CCC(c1ccccc1C)O2,Cc1ccccc1C1CCc2cc(Br)ccc2O1,2,0,60.0,0.0,batch_moderate,18,18,3,0,1,0,1,1,230.236,2.855120000000001,1,12,2,0,0,0,2,0,1,0,1,1,9.23,0,0,0
[Li]c1ccccc1B1OCCN(CCCC)CCO1,CCCCN1CCOB(c2ccccc2Br)OCC1,1,1,37.7,-78.0,batch_moderate,19,19,3,0,1,0,1,1,253.07999999999993,0.3244999999999998,1,6,1,0,0,0,5,0,1,1,2,4,21.700000000000003,0,0,0
[Li]c1ccc(OC)cc1C(C)(C)c1cc2ccccc2s1,COc1ccc(Br)c(C(C)(C)c2cc3ccccc3s2)c1,2,2,55.0,-78.0,batch_moderate,21,21,3,0,1,0,1,1,288.341,4.029600000000004,0,15,3,0,0,0,3,0,1,0,1,3,9.23,0,0,0
[Li]c1ccccc1C(F)(F)F,FC(F)(F)c1ccccc1Br,9,7,51.27142857142856,-75.0,batch_moderate,11,11,3,0,1,0,1,1,152.04399999999998,1.4992,0,6,1,0,3,3,4,0,1,0,0,0,0.0,0,0,0
[Li]c1cnc(NC(=O)C(C)(C)C)cc1C(F)(F)F,CC(C)(C)C(=O)Nc1cc(C(F)(F)F)c(Br)cn1,1,1,56.1,-78.0,batch_moderate,18,18,3,0,1,0,1,1,252.16499999999994,1.8787999999999998,0,6,1,0,3,3,7,0,1,2,1,1,41.99,0,0,0
[Li]c1cc(F)ccc1F,Fc1ccc(F)c(Br)c1,10,8,72.4,-78.0,batch_moderate,9,9,3,0,1,0,1,1,120.02699999999999,0.7585999999999999,0,6,1,0,2,2,3,0,1,0,0,0,0.0,0,0,0
[Li]C[C@@H]1CC(=O)N1[Si](C)(C)C(C)(C)C,CC(C)(C)[Si](C)(C)N1C(=O)C[C@H]1CI,5,5,81.9,-78.0,batch_stable,14,14,2,0,0,1,0,1,205.303,2.1792999999999996,1,0,0,0,0,0,4,0,1,1,1,2,20.310000000000002,0,0,0
[Li]CSCc1ccccc1,BrCSCc1ccccc1,1,1,96.0,-78.0,batch_stable,10,10,2,0,0,1,0,1,144.16799999999998,2.0458,0,6,1,0,0,0,2,0,1,0,0,3,0.0,0,0,0
[Li]c1ccc(Oc2ccccc2)cc1,Brc1ccc(Oc2ccccc2)cc1,7,4,91.2,-78.0,batch_stable,14,14,3,0,1,0,1,1,176.144,2.2727000000000004,0,12,2,0,0,0,2,0,1,0,1,2,9.23,0,0,0
[Li]c1ccc(CCC(=O)OCC)cc1,CCOC(=O)CCc1ccc(I)cc1,3,0,91.0,0.0,batch_stable,14,14,3,0,1,0,1,1,184.164,0.9761000000000001,0,6,1,0,0,0,3,0,1,0,2,4,26.3,0,1,0
[Li]c1cccc2c1ccn2C(=O)OC(C)(C)C,CC(C)(C)OC(=O)n1ccc2c(Br)cccc21,1,0,19.0,-5.0,batch_unstable,17,17,3,0,1,0,1,1,223.20099999999996,2.2183,0,9,2,0,0,0,4,0,1,1,2,0,31.23,0,1,0
[Li]c1ccc(N2CCOCC2)cc1OC,COc1cc(N2CCOCC2)ccc1Br,4,4,66.0,-78.0,batch_moderate,15,15,3,0,1,0,1,1,199.17899999999997,0.32559999999999967,1,6,1,0,0,0,4,0,1,1,2,2,21.700000000000003,0,0,0
[Li]C[C@@H](CC)Cc1ccc(F)cc1F,CC[C@H](CI)Cc1ccc(F)cc1F,4,4,46.4,-78.0,batch_moderate,14,14,2,0,0,1,0,1,190.16199999999998,3.120300000000002,0,6,1,0,2,2,3,0,1,0,0,4,0.0,0,0,0
[Li]c1ccc2[nH]cc(CC(=O)O)c2c1,O=C(O)Cc1c[nH]c2ccc(Br)cc12,2,1,21.4,-78.0,batch_unstable,14,14,3,0,1,0,1,1,181.12,0.5888000000000002,0,9,2,0,0,0,4,0,1,1,2,2,53.09,0,1,0
[Li]c1ccccc1F,Fc1ccccc1Br,31,28,60.953571428571415,-75.57142857142857,batch_moderate,8,8,3,0,1,0,1,1,102.037,0.6195,0,6,1,0,1,1,2,0,1,0,0,0,0.0,0,0,0
[Li]c1cc(C=O)c(O[Si](C)(C)C(C)(C)C)c(O[Si](C)(C)C(C)(C)C)c1,CC(C)(C)[Si](C)(C)Oc1cc(Br)cc(C=O)c1O[Si](C)(C)C(C)(C)C,1,0,55.9,0.0,batch_moderate,25,25,3,0,1,0,1,1,372.58300000000014,5.0609000000000055,0,6,1,0,0,0,6,0,1,0,3,5,35.53,0,0,0
[Li]c1cccc(Cl)c1,Clc1cccc(Br)c1,12,11,75.57272727272726,-78.0,batch_moderate,8,8,3,0,1,0,1,1,118.492,1.1338000000000001,0,6,1,0,0,1,2,0,1,0,0,0,0.0,0,0,0
[Li]c1c(C)sc2cc(OC)ccc12,COc1ccc2c(I)c(C)sc2c1,5,1,73.1,-78.0,batch_moderate,13,13,3,0,1,0,1,1,184.189,2.01212,0,9,2,0,0,0,3,0,1,0,1,1,9.23,0,0,0
[Li]c1ccc(F)c(C=O)c1,O=Cc1cc(Br)ccc1F,5,1,83.6,-78.0,batch_stable,10,10,3,0,1,0,1,1,130.047,0.43200000000000005,0,6,1,0,1,1,3,0,1,0,1,1,17.07,0,0,0
[Li]c1ccc(OC)c(C=O)c1,COc1ccc(Br)cc1C=O,4,3,68.6,-78.0,batch_moderate,11,11,3,0,1,0,1,1,142.083,0.3015,0,6,1,0,0,0,3,0,1,0,2,2,26.3,0,0,0
[Li]c1ccc(C)c(C(=O)N(C)OC)c1,CON(C)C(=O)c1cc(Br)ccc1C,3,3,74.2,-78.0,batch_moderate,14,14,3,0,1,0,1,1,185.152,0.4222199999999998,0,6,1,0,0,0,4,0,1,1,2,2,29.540000000000003,0,0,0
[Li]c1cc2c(ccn2S(=O)(=O)c2ccccc2)cc1COC(C)(C)OC,COC(C)(C)OCc1cc2ccn(S(=O)(=O)c3ccccc3)c2cc1Br,1,1,27.0,-78.0,batch_unstable,26,26,3,0,1,0,1,1,365.3800000000002,2.571200000000001,0,15,3,0,0,0,7,0,1,1,4,6,57.53,0,0,0
[Li]N1C(=O)CCC1=O,O=C1CCC(=O)N1I,6,6,37.9,-78.0,batch_moderate,8,8,3,0,1,0,0,1,105.022,-0.7811000000000001,1,0,0,0,0,0,4,0,1,1,2,0,37.38,0,0,0
[Li]c1ccnc2ccsc12,Brc1ccnc2ccsc12,2,2,62.7,-78.0,batch_moderate,10,10,3,0,1,0,1,1,141.12399999999997,1.0901,0,9,2,0,0,0,3,0,1,1,0,0,12.89,0,0,0
[Li]c1c(C)nc2c(C(CC)CC)cc(C)nn12,CCC(CC)c1cc(C)nn2c(I)c(C)nc12,9,7,23.599999999999998,-77.14285714285714,batch_unstable,17,17,3,1,1,0,1,1,223.24899999999997,2.04354,0,9,2,0,0,0,4,0,1,3,0,3,30.19,0,0,0
[Li]c1ccc2ccsc2c1,Brc1ccc2ccsc2c1,1,0,94.7,0.0,batch_stable,10,10,3,0,1,0,1,1,140.136,1.6951,0,9,2,0,0,0,2,0,1,0,0,0,0.0,0,0,0
[Li]c1ccc(-c2c(C)sc3ncnc(N)c23)cc1,Cc1sc2ncnc(N)c2c1-c1ccc(Br)cc1,1,1,51.0,-78.0,batch_moderate,18,18,3,0,1,0,1,1,247.252,2.04272,0,15,3,0,0,0,5,0,1,3,0,1,51.8,0,0,0
[Li]c1cc(Br)cc(-c2ccc3ccc4cccc5ccc2c3c45)c1,Brc1cc(Br)cc(-c2ccc3ccc4cccc5ccc2c3c45)c1,1,1,84.3,-70.0,batch_stable,24,24,3,0,1,0,1,1,363.1830000000001,5.807300000000003,0,22,5,1,0,1,2,0,1,0,0,1,0.0,0,0,0
[Li]c1ccc2c(Br)c(Oc3ccnc4cc(OC)c(OC)cc34)ccc2c1,COc1cc2nccc(Oc3ccc4cc(Br)ccc4c3Br)c2cc1OC,1,1,51.4,-78.0,batch_moderate,27,27,3,0,1,0,1,1,416.2000000000002,4.753800000000004,0,20,4,1,0,1,6,0,1,1,3,4,40.58,0,0,0
[Li]c1cc(C)ccc1Oc1ccnc2cc(OC)c(OC)cc12,COc1cc2nccc(Oc3ccc(C)cc3Br)c2cc1OC,8,8,19.5,-78.0,batch_unstable,23,23,3,0,1,0,1,1,301.271,3.1465200000000015,0,16,3,0,0,0,5,0,1,1,3,4,40.58,0,0,0
[Li]c1nc(C)ccc1Oc1ccnc2cc(OC)c(OC)cc12,COc1cc2nccc(Oc3ccc(C)nc3I)c2cc1OC,1,1,73.8,-78.0,batch_moderate,23,23,3,1,1,0,1,1,302.259,2.5415200000000002,0,16,3,0,0,0,6,0,1,2,3,4,53.47000000000001,0,0,0
[Li]c1cccc(C)n1,Cc1cccc(Br)n1,1,1,80.0,-78.0,batch_stable,8,8,3,1,1,0,1,1,99.06200000000001,0.18381999999999998,0,6,1,0,0,0,2,0,1,1,0,0,12.89,0,0,0
[Li]c1ccc(C)cn1,Cc1ccc(Br)nc1,6,1,48.9,-78.0,batch_moderate,8,8,3,1,1,0,1,1,99.062,0.18381999999999998,0,6,1,0,0,0,2,0,1,1,0,0,12.89,0,0,0
[Li]c1cc(C)ccn1,Cc1ccnc(Br)c1,2,2,58.050000000000004,-78.0,batch_moderate,8,8,3,1,1,0,1,1,99.06199999999998,0.18381999999999998,0,6,1,0,0,0,2,0,1,1,0,0,12.89,0,0,0
[Li]c1ncccc1C,Cc1cccnc1Br,2,2,57.099999999999994,-66.5,batch_moderate,8,8,3,1,1,0,1,1,99.062,0.18381999999999987,0,6,1,0,0,0,2,0,1,1,0,0,12.89,0,0,0
[Li]c1ccc(OC)c(F)c1,COc1ccc(Br)cc1F,3,0,51.4,-20.0,batch_moderate,10,10,3,0,1,0,1,1,132.06300000000002,0.6281,0,6,1,0,1,1,3,0,1,0,1,1,9.23,0,0,0
[Li]c1ccc(I)cc1,Ic1ccc(I)cc1,5,5,44.739999999999995,-78.0,batch_moderate,8,8,3,0,1,0,1,1,209.943,1.085,0,6,1,0,0,1,2,1,1,0,0,0,0.0,0,0,0
[Li]c1c2c3c(cccc3n1[Si](C)(C)C(C)(C)C)C1=C[C@H](NC(=O)N(CC)CC)CN(C)[C@@H]1C2,CCN(CC)C(=O)N[C@H]1C=C2c3cccc4c3c(c(Br)n4[Si](C)(C)C(C)(C)C)C[C@H]2N(C)C1,2,0,27.4,0.0,batch_unstable,33,33,3,1,1,0,1,1,458.6520000000002,3.9619000000000035,2,9,2,0,0,0,7,0,1,4,1,4,40.510000000000005,0,0,0
[Li]Cc1ccc2cc(OCc3ccccc3F)ccc2c1,Fc1ccccc1COc1ccc2cc(CI)ccc2c1,1,0,65.0,-30.0,batch_moderate,21,21,2,0,0,1,0,1,272.24800000000005,4.226400000000003,0,16,3,0,1,1,3,0,1,0,1,4,9.23,0,0,0
[Li]c1ccc2ccccc2c1S(=O)(=O)C1SC(=O)NC1=O,O=C1NC(=O)C(S(=O)(=O)c2c(Br)ccc3ccccc23)S1,2,2,42.0,-78.0,batch_moderate,21,21,3,0,1,0,1,1,313.285,0.7163999999999999,1,10,2,0,0,0,8,0,1,1,4,2,80.31,0,0,0
[Li]c1ccc(S(=O)(=O)n2cccc2)s1,O=S(=O)(c1ccc(Br)s1)n1cccc1,5,0,19.3,-10.0,batch_unstable,14,14,3,0,1,0,1,1,219.21600000000004,0.5803999999999999,0,10,2,0,0,0,6,0,1,1,2,2,39.07,0,0,0
[Li]c1oc(CCC)nc1COC1CCCCO1,CCCc1nc(COC2CCCCO2)c(Br)o1,1,1,89.0,-78.0,batch_stable,17,17,3,1,1,0,1,1,231.22099999999995,1.4641,1,5,1,0,0,0,5,0,1,1,3,5,44.49000000000001,0,0,0
[Li]c1cccc(C)c1,Cc1cccc(Br)c1,3,3,62.56666666666666,-78.0,batch_moderate,8,8,3,0,1,0,1,1,98.074,0.78882,0,6,1,0,0,0,1,0,1,0,0,0,0.0,0,0,0
[Li]c1cc(C)c(N)c(C)c1,Cc1cc(Br)cc(C)c1N,1,0,27.6,-10.0,batch_unstable,10,10,3,0,1,0,1,1,127.11599999999999,0.67944,0,6,1,0,0,0,2,0,1,1,0,0,26.02,0,0,0
[Li]CC1CO1,BrCC1CO1,1,1,46.3,-72.5,batch_moderate,5,5,2,0,0,1,0,1,64.013,-0.028000000000000025,1,0,0,0,0,0,2,0,1,0,1,1,12.53,1,0,0
[Li]c1ccc(Br)nc1,Brc1ccc(Br)nc1,58,44,56.3909090909091,-77.86363636363636,batch_moderate,8,8,3,0,1,0,1,1,163.931,0.6379,0,6,1,1,0,1,3,0,1,1,0,0,12.89,0,0,0
[Li]c1cc(F)cc(C(F)(F)F)c1,Fc1cc(Br)cc(C(F)(F)F)c1,13,13,56.96153846153846,-78.0,batch_moderate,12,12,3,0,1,0,1,1,170.034,1.6383,0,6,1,0,4,4,5,0,1,0,0,0,0.0,0,0,0
[Li]c1cc(F)cc(OC(F)(F)C(F)F)c1,Fc1cc(Br)cc(OC(F)(F)C(F)F)c1,8,8,71.85,-72.0,batch_moderate,15,15,3,0,1,0,1,1,218.04999999999995,1.8562,0,6,1,0,5,5,7,0,1,0,1,3,9.23,0,0,0
[Li]c1cccc(C2(c3ccccc3)c3ccccc3-c3ccccc32)c1,Brc1cccc(C2(c3ccccc3)c3ccccc3-c3ccccc32)c1,1,0,92.0,80.0,batch_stable,26,26,3,0,1,0,1,1,324.35200000000003,4.843500000000004,1,24,4,0,0,0,1,0,1,0,0,2,0.0,0,0,0
[Li]c1ccc2c(c1)C(=O)c1ccc(Br)cc1C2=O,O=C1c2ccc(Br)cc2C(=O)c2ccc(Br)cc21,2,0,58.65,130.0,batch_moderate,18,18,3,0,1,0,1,1,293.0450000000001,2.0183,1,12,2,1,0,1,4,0,1,0,2,0,34.14,0,0,0
[Li]c1ccc2c(c1)CN(C(=O)OC(C)(C)C)CCO2,CC(C)(C)OC(=O)N1CCOc2ccc(Br)cc2C1,3,3,90.39999999999999,-78.0,batch_stable,19,19,3,0,1,0,1,1,255.24299999999994,1.6099,1,6,1,0,0,0,5,0,1,1,3,0,38.77,0,1,0
[Li]c1ccc(C(F)(F)F)cc1C,Cc1cc(C(F)(F)F)ccc1Br,3,1,82.4,-71.0,batch_stable,12,12,3,0,1,0,1,1,166.07100000000003,1.80762,0,6,1,0,3,3,4,0,1,0,0,0,0.0,0,0,0
[Li]c1c(C#N)c(C)nn1-c1ccc(OC)cc1F,COc1ccc(-n2nc(C)c(C#N)c2I)c(F)c1,2,0,48.0,-40.0,batch_moderate,18,18,3,1,1,0,1,1,237.16299999999998,0.9939,0,11,2,0,1,1,6,0,1,3,1,2,50.84,0,0,1
[Li]c1cnc(OC)cc1Cl,COc1cc(Cl)c(Br)cn1,3,0,58.0,0.0,batch_moderate,10,10,3,0,1,0,1,1,149.50599999999997,0.5374,0,6,1,0,0,1,4,0,1,1,1,1,22.12,0,0,0
[Li]c1ncccc1OCCF,FCCOc1cccnc1Br,1,1,40.0,-78.0,batch_moderate,11,11,3,1,1,0,1,1,147.07799999999997,0.2236999999999999,0,6,1,0,1,1,4,0,1,1,1,3,22.12,0,0,0
[Li]c1cnc2c(cnn2-c2ccccc2)c1Cl,Clc1c(Br)cnc2c1cnn2-c1ccccc1,1,1,46.0,-78.0,batch_moderate,17,17,3,0,1,0,1,1,235.603,1.8677,0,15,3,0,0,1,5,0,1,3,0,1,30.71,0,0,0
[Li]c1ccc2c(cnn2-c2ccc(F)cc2)c1,Fc1ccc(-n2ncc3cc(Br)ccc32)cc1,4,3,34.166666666666664,-78.0,batch_moderate,17,17,3,0,1,0,1,1,218.16000000000003,1.9584,0,15,3,0,1,1,4,0,1,2,0,1,17.82,0,0,0
[Li]c1csc(N2CCOCC2)n1,Brc1csc(N2CCOCC2)n1,1,0,47.0,0.0,batch_moderate,12,12,3,1,1,0,1,1,176.17,-0.22650000000000015,1,5,1,0,0,0,5,0,1,2,1,1,25.36,0,0,0
[Li]c1cccc(F)c1,Fc1cccc(Br)c1,13,11,64.25454545454545,-77.18181818181819,batch_moderate,8,8,3,0,1,0,1,1,102.037,0.6195,0,6,1,0,1,1,2,0,1,0,0,0,0.0,0,0,0
[Li]c1ccc2nc(N)n(S(=O)(=O)C(C)C)c2c1,CC(C)S(=O)(=O)n1c(N)nc2ccc(I)cc21,3,2,36.0,-77.0,batch_moderate,17,17,3,0,1,0,1,1,245.233,-0.0014000000000000679,0,9,2,0,0,0,7,0,1,3,2,2,77.97999999999999,0,0,0
[Li]c1cccc(CN)c1,NCc1cccc(Br)c1,4,4,37.824999999999996,-72.0,batch_moderate,9,9,3,0,1,0,1,1,113.08900000000001,-0.06089999999999984,0,6,1,0,0,0,2,0,1,1,0,1,26.02,0,0,0
[Li]c1cccc(NC)c1,CNc1cccc(Br)c1,1,1,13.8,-70.0,batch_unstable,9,9,3,0,1,0,1,1,113.089,0.5221,0,6,1,0,0,0,2,0,1,1,0,1,12.03,0,0,0
[Li]c1c(C)ccc2[nH]ccc12,Cc1ccc2[nH]ccc2c1Br,3,3,34.6,-78.0,batch_moderate,11,11,3,0,1,0,1,1,137.111,1.27012,0,9,2,0,0,0,2,0,1,1,0,0,15.79,0,0,0
[Li]c1ccsc1Br,Brc1ccsc1Br,1,1,16.3,-75.0,batch_unstable,7,7,3,0,1,0,1,1,168.97199999999998,1.3044,0,5,1,1,0,1,3,0,1,0,0,0,0.0,0,0,0
[Li]c1ccc(S(=O)(=O)NC(C)(C)C)cc1C,Cc1cc(S(=O)(=O)NC(C)(C)C)ccc1Br,1,1,31.7,-78.0,batch_moderate,16,16,3,0,1,0,1,1,233.262,0.8656199999999996,0,6,1,0,0,0,5,0,1,1,2,2,46.17,0,0,0
[Li]c1ccc(N)cc1,Nc1ccc(I)cc1,5,5,86.0,-78.0,batch_stable,8,8,3,0,1,0,1,1,99.062,0.06259999999999999,0,6,1,0,0,0,2,0,1,1,0,0,26.02,0,0,0
[Li]c1c(OCC)ncnc1C(F)(F)F,CCOc1ncnc(C(F)(F)F)c1Br,3,3,81.5,-78.0,batch_stable,14,14,3,0,1,0,1,1,198.07299999999998,0.6879000000000001,0,6,1,0,3,3,7,0,1,2,1,2,35.010000000000005,0,0,0
[Li]c1ccsc1,Brc1ccsc1,9,6,67.13333333333334,-74.0,batch_moderate,6,6,3,0,1,0,1,1,90.076,0.5419,0,5,1,0,0,0,2,0,1,0,0,0,0.0,0,0,0
[Li]CCc1ccccc1Cl,Clc1ccccc1CCBr,1,1,58.8,-50.0,batch_moderate,10,10,2,0,0,1,0,1,146.546,2.4693000000000005,0,6,1,0,0,1,2,0,1,0,0,2,0.0,0,0,0
[Li]c1ccc2c(c1)C1(C)CCN(C)C1N2C,CN1CCC2(C)c3cc(Br)ccc3N(C)C12,2,2,58.0,-78.0,batch_moderate,16,16,3,0,1,0,1,1,208.23399999999998,0.8495000000000001,2,6,1,0,0,0,3,0,1,2,0,0,6.48,0,0,0
[Li]c1ccc2c(c1C)OCCO2,Cc1c(Br)ccc2c1OCCO2,2,2,77.0,-78.0,batch_moderate,12,12,3,0,1,0,1,1,156.10999999999999,0.56002,1,6,1,0,0,0,3,0,1,0,2,0,18.46,0,0,0
[Li]c1ccc(-c2ccc(OCCCCC)cc2)cc1,CCCCCOc1ccc(-c2ccc(Br)cc2)cc1,4,4,84.3,-78.0,batch_stable,19,19,3,0,1,0,1,1,246.27899999999994,3.716400000000003,0,12,2,0,0,0,2,0,1,0,1,6,9.23,0,0,0
[Li]c1c(Cl)cc(C(F)(F)F)cc1Cl,FC(F)(F)c1cc(Cl)c(Br)c(Cl)c1,6,6,74.00000000000001,-78.0,batch_moderate,13,13,3,0,1,0,1,1,220.93399999999997,2.806,0,6,1,0,3,5,6,0,1,0,0,0,0.0,0,0,0
[Li]c1cc(Cl)ccc1OCc1ccccc1,Clc1ccc(OCc2ccccc2)c(I)c1,1,1,52.6,-78.0,batch_moderate,16,16,3,0,1,0,1,1,224.61599999999999,2.7128000000000005,0,12,2,0,0,1,3,0,1,0,1,3,9.23,0,0,0
[Li]c1cc(Cl)ccc1C(=O)O,O=C(O)c1ccc(Cl)cc1Br,1,1,37.2,-78.0,batch_moderate,11,11,3,0,1,0,1,1,162.50099999999998,0.8320000000000001,0,6,1,0,0,1,4,0,1,0,2,1,37.3,0,1,0
[Li]c1ccc(Cl)cc1C(=O)O,O=C(O)c1cc(Cl)ccc1Br,1,1,37.2,-78.0,batch_moderate,11,11,3,0,1,0,1,1,162.501,0.8320000000000001,0,6,1,0,0,1,4,0,1,0,2,1,37.3,0,1,0
[Li]c1ccc(-c2nsc3cc(C#CC(C)(C)O)ccc23)cc1,CC(C)(O)C#Cc1ccc2c(-c3ccc(Br)cc3)nsc2c1,3,0,32.8,0.0,batch_moderate,22,22,3,0,1,0,1,1,299.324,2.879500000000001,0,15,3,0,0,0,4,0,1,1,1,1,33.120000000000005,0,0,0
[Li]c1cc(C(F)(F)F)ccn1,FC(F)(F)c1ccnc(Br)c1,6,6,43.38333333333333,-78.0,batch_moderate,11,11,3,1,1,0,1,1,153.032,0.8942000000000001,0,6,1,0,3,3,5,0,1,1,0,0,12.89,0,0,0
[Li]c1cncc(C(F)(F)F)c1,FC(F)(F)c1cncc(Br)c1,9,5,47.96,-78.0,batch_moderate,11,11,3,0,1,0,1,1,153.032,0.8942000000000001,0,6,1,0,3,3,5,0,1,1,0,0,12.89,0,0,0
[Li]c1ccc(CC(=O)OC)cc1,COC(=O)Cc1ccc(I)cc1,2,2,80.4,-78.0,batch_stable,12,12,3,0,1,0,1,1,156.10999999999999,0.19589999999999985,0,6,1,0,0,0,3,0,1,0,2,2,26.3,0,1,0
[Li]c1ccnc(F)c1,Fc1cc(I)ccn1,1,1,69.9,-78.0,batch_moderate,8,8,3,0,1,0,1,1,103.02499999999999,0.014499999999999957,0,6,1,0,1,1,3,0,1,1,0,0,12.89,0,0,0
[Li]c1csc([Si](C)(C)C)n1,C[Si](C)(C)c1nc(Br)cs1,3,3,22.0,-78.0,batch_unstable,10,10,3,1,1,0,1,1,163.24699999999999,0.4821,0,5,1,0,0,0,4,0,1,1,0,1,12.89,0,0,0
[Li]Cc1cccc(C(=O)O)c1,O=C(O)c1cccc(CBr)c1,4,4,85.1,-78.0,batch_stable,11,11,2,0,0,1,0,1,142.083,1.0533,0,6,1,0,0,0,3,0,1,0,2,2,37.3,0,1,0
[Li]c1ccc(C2C3CC4CC(C3)CC2C4)c(OC)c1,COc1cc(I)ccc1C1C2CC3CC(C2)CC1C3,1,1,43.0,-78.0,batch_moderate,19,19,3,0,1,0,1,1,248.29499999999996,3.0287000000000015,4,6,1,0,0,0,2,0,1,0,1,2,9.23,0,0,0
[Li]CC1CCCCC1,BrCC1CCCCC1,14,10,73.7,-74.0,batch_moderate,8,8,2,0,0,1,0,1,104.12200000000001,2.1535,1,0,0,0,0,0,1,0,1,0,0,1,0.0,0,0,0
[Li]c1cccc2c1CCN(C(=O)OC(C)(C)C)C2,CC(C)(C)OC(=O)N1CCc2c(Br)cccc2C1,1,1,23.3,-78.0,batch_unstable,18,18,3,0,1,0,1,1,239.24399999999997,1.7736,1,6,1,0,0,0,4,0,1,1,2,0,29.540000000000003,0,1,0
[Li]c1ccc2[nH]cc(C3CCN(C)CC3)c2c1,CN1CCC(c2c[nH]c3ccc(Br)cc23)CC1,2,0,37.05,0.0,batch_moderate,17,17,3,0,1,0,1,1,220.24499999999995,1.7709000000000001,1,9,2,0,0,0,3,0,1,2,0,1,19.03,0,0,0
[Li]C(Br)=CCC1CCN(C(=O)OC(C)(C)C)CC1,CC(C)(C)OC(=O)N1CCC(CC=C(Br)Br)CC1,5,5,79.4,-78.0,batch_moderate,18,18,3,1,1,0,0,1,310.16100000000006,3.4284000000000026,1,0,0,1,0,1,5,0,1,1,2,2,29.540000000000003,0,1,0
[Li]c1c2ccccc2nn1CC,CCn1nc2ccccc2c1Br,4,4,22.5,-78.0,batch_unstable,12,12,3,1,1,0,1,1,152.12599999999998,0.8499999999999999,0,9,2,0,0,0,3,0,1,2,0,1,17.82,0,0,0
[Li]c1ccc2scc(Br)c2c1,Brc1ccc2scc(Br)c2c1,2,2,79.9,-70.0,batch_moderate,11,11,3,0,1,0,1,1,219.032,2.4576000000000002,0,9,2,1,0,1,3,0,1,0,0,0,0.0,0,0,0
[Li]c1ccccc1COC(C)(C)OC,COC(C)(C)OCc1ccccc1Br,2,2,53.0,-70.0,batch_moderate,14,14,3,0,1,0,1,1,186.17999999999998,1.3795,0,6,1,0,0,0,3,0,1,0,2,4,18.46,0,0,0
[Li]c1cccc(-c2ccccc2)c1,Brc1cccc(-c2ccccc2)c1,16,11,59.27272727272727,-78.0,batch_moderate,13,13,3,0,1,0,1,1,160.145,2.1474,0,12,2,0,0,0,1,0,1,0,0,1,0.0,0,0,0
[Li]c1cc(C)c(OCc2ccccc2)c(CC)c1,CCc1cc(Br)cc(C)c1OCc1ccccc1,4,3,92.90000000000002,-70.0,batch_stable,18,18,3,0,1,0,1,1,232.25199999999998,2.930220000000001,0,12,2,0,0,0,2,0,1,0,1,4,9.23,0,0,0
[Li]c1c(OCCCl)cccc1OCCCl,ClCCOc1cccc(OCCCl)c1Br,1,1,98.7,-70.0,batch_stable,15,15,3,0,1,0,1,1,241.04299999999998,1.7156,0,6,1,0,0,2,5,0,1,0,2,6,18.46,0,0,0
[Li]c1ccc(-c2nnn(C)n2)cc1,Cn1nnc(-c2ccc(Br)cc2)n1,5,5,29.5,-70.0,batch_unstable,13,13,3,0,1,0,1,1,166.11300000000003,-0.3291000000000004,0,11,2,0,0,0,5,0,1,4,0,1,43.6,0,0,0
[Li]c1cc(C(=O)OCC)cc(-c2cccc(Cl)c2)c1OCCO,CCOC(=O)c1cc(Br)c(OCCO)c(-c2cccc(Cl)c2)c1,4,0,80.0,0.0,batch_stable,23,23,3,0,1,0,1,1,326.70500000000015,2.3486000000000007,0,12,2,0,0,1,6,0,1,0,4,6,55.760000000000005,0,1,0
[Li]c1ccc(SC)cc1,CSc1ccc(Br)cc1,24,21,59.661904761904765,-77.61904761904762,batch_moderate,9,9,3,0,1,0,1,1,130.14100000000002,1.2023,0,6,1,0,0,0,2,0,1,0,0,1,0.0,0,0,0
[Li]CCC1CCCCC1,BrCCC1CCCCC1,1,1,51.7,-78.0,batch_moderate,9,9,2,0,0,1,0,1,118.14900000000002,2.5436000000000005,1,0,0,0,0,0,1,0,1,0,0,2,0.0,0,0,0
[Li]CCCc1ccccc1,ICCCc1ccccc1,5,0,82.22,-21.0,batch_stable,10,10,2,0,0,1,0,1,126.12799999999996,2.2060000000000004,0,6,1,0,0,0,1,0,1,0,0,3,0.0,0,0,0
[Li]Cc1ccc2cc(OC)ccc2n1,COc1ccc2nc(CBr)ccc2c1,2,0,33.8,10.0,batch_moderate,14,14,2,0,0,1,0,1,179.148,1.9118999999999997,0,10,2,0,0,0,3,0,1,1,1,2,22.12,0,0,0
[Li]CC(CBr)Cc1ccccc1,BrCC(CBr)Cc1ccccc1,1,0,76.4,-10.0,batch_moderate,12,12,2,0,0,1,0,1,219.05100000000002,2.827000000000001,0,6,1,1,0,1,2,0,1,0,0,4,0.0,0,0,0
[Li]CCCOC1CCCCO1,BrCCCOC1CCCCO1,1,0,71.3,-20.0,batch_moderate,11,11,2,0,0,1,0,1,150.147,1.5065,1,0,0,0,0,0,3,0,1,0,2,4,18.46,0,0,0
[Li]c1cccc2cc(CC#N)ccc12,N#CCc1ccc2c(Br)cccc2c1,1,1,79.0,-78.0,batch_moderate,14,14,3,0,1,0,1,1,173.144,1.69968,0,10,2,0,0,0,2,0,1,1,0,1,23.79,0,0,1
[Li]c1cncc(S(=O)(=O)NC(C)(C)C)c1,CC(C)(C)NS(=O)(=O)c1cncc(Br)c1,1,1,50.3,-78.0,batch_moderate,15,15,3,0,1,0,1,1,220.22299999999998,-0.04780000000000029,0,6,1,0,0,0,6,0,1,2,2,2,59.06,0,0,0
[Li]c1ccc(OCc2c(-c3ccccc3)noc2C)nc1,Cc1onc(-c2ccccc2)c1COc1ccc(Br)cn1,5,5,50.0,-78.0,batch_moderate,21,21,3,0,1,0,1,1,272.233,2.4178200000000007,0,17,3,0,0,0,5,0,1,2,2,4,48.150000000000006,0,0,0
[Li]c1ccc2c(c1)c1cc(Br)ccc1n2CC1CO1,Brc1ccc2c(c1)c1cc(Br)ccc1n2CC1CO1,3,0,23.2,90.0,batch_unstable,19,19,3,0,1,0,1,1,308.1040000000001,2.749600000000001,1,13,3,1,0,1,4,0,1,1,1,2,17.46,1,0,0
[Li]c1ccc2[nH]c3cnc(C#N)cc3c2c1,N#Cc1cc2c(cn1)[nH]c1ccc(Br)cc12,3,3,90.0,-78.0,batch_stable,16,16,3,0,1,0,1,1,199.142,1.3815799999999998,0,13,3,0,0,0,4,0,1,3,0,0,52.47,0,0,1
[Li]c1ccccc1C(C)C,CC(C)c1ccccc1Br,4,0,58.8,78.0,batch_moderate,10,10,3,0,1,0,1,1,126.12799999999999,1.6038000000000001,0,6,1,0,0,0,1,0,1,0,0,1,0.0,0,0,0
[Li]c1ccccc1C(C)(C)C,CC(C)(C)c1ccccc1Br,4,0,75.3,78.0,batch_moderate,11,11,3,0,1,0,1,1,140.155,1.7779,0,6,1,0,0,0,1,0,1,0,0,0,0.0,0,0,0
[Li]CC#Cc1ccc(F)cc1,Fc1ccc(C#CCBr)cc1,2,2,98.8,-78.0,batch_stable,11,11,2,0,0,1,0,1,140.08599999999998,1.764,0,6,1,0,1,1,2,0,1,0,0,0,0.0,0,0,0
[Li]c1cccc(Oc2cnc(Nc3nc(C4CCCO4)ns3)c(Sc3cccc(OC)c3)c2)c1,COc1cccc(Sc2cc(Oc3cccc(Br)c3)cnc2Nc2nc(C3CCCO3)ns2)c1,6,6,53.099999999999994,-78.0,batch_moderate,34,34,3,0,1,0,1,1,484.53200000000015,5.274100000000004,1,23,4,0,0,0,10,0,1,4,3,8,78.39,0,0,0
[Li]C1(C[C@@H]2COC(C)(C)O2)CC1,CC1(C)OC[C@@H](CC2(I)CC2)O1,3,3,57.0,-78.0,batch_moderate,12,12,4,0,0,1,0,1,162.15799999999996,1.649,2,0,0,0,0,0,3,0,1,0,2,2,18.46,0,0,0
[Li]c1cccc(OC)n1,COc1cccc(Br)n1,9,6,46.43333333333334,-78.0,batch_moderate,9,9,3,1,1,0,1,1,115.061,-0.1160000000000001,0,6,1,0,0,0,3,0,1,1,1,1,22.12,0,0,0
[Li]c1sc(N(C)C(=O)OC(C)(C)C)nc1-c1ccco1,CN(C(=O)OC(C)(C)C)c1nc(-c2ccco2)c(Br)s1,2,2,38.2,-78.0,batch_moderate,20,20,3,0,1,0,1,1,286.282,2.568200000000001,0,10,2,0,0,0,7,0,1,2,3,2,55.57000000000001,0,1,0
[Li]C1=CCCCC12OCCO2,IC1=CCCCC12OCCO2,1,1,56.0,-78.0,batch_moderate,11,11,3,0,1,0,0,1,146.11499999999998,0.9658,2,0,0,0,0,0,3,0,1,0,2,0,18.46,0,0,0
[Li]c1ccc(Br)cc1OC,COc1cc(Br)ccc1I,2,2,25.4,-78.0,batch_unstable,10,10,3,0,1,0,1,1,192.969,1.2514999999999998,0,6,1,1,0,1,3,0,1,0,1,1,9.23,0,0,0
[Li]c1ccc(Br)c(OC)c1,COc1cc(I)ccc1Br,2,2,12.2,-78.0,batch_unstable,10,10,3,0,1,0,1,1,192.969,1.2515,0,6,1,1,0,1,3,0,1,0,1,1,9.23,0,0,0
[Li]c1ccc(C(CO)(CO)COCc2ccccc2)cc1,OCC(CO)(COCc1ccccc1)c1ccc(Br)cc1,2,0,57.4,0.0,batch_moderate,21,21,3,0,1,0,1,1,278.277,0.9195999999999995,0,12,2,0,0,0,4,0,1,0,3,7,49.69,0,0,0
[Li]c1ccccc1[C@](C)(O)CN=[N+]=[N-],C[C@@](O)(CN=[N+]=[N-])c1ccccc1Br,2,2,30.4,-78.0,batch_moderate,14,14,3,0,1,0,1,1,183.14,0.9982,0,6,1,0,0,0,5,0,1,3,1,3,68.99000000000001,0,0,0
[Li]c1ccc2c(c1)C(CC)(CC)c1cc(Br)ccc1-2,CCC1(CC)c2cc(Br)ccc2-c2ccc(Br)cc21,11,0,78.39999999999999,5.0,batch_moderate,19,19,3,0,1,0,1,1,307.16,4.329400000000003,1,12,2,1,0,1,2,0,1,0,0,2,0.0,0,0,0
[Li]c1cnc(N)nc1,Nc1ncc(Br)cn1,1,0,42.5,2.5,batch_moderate,8,8,3,0,1,0,1,1,101.038,-1.1474000000000002,0,6,1,0,0,0,4,0,1,3,0,0,51.8,0,0,0
[Li]Cc1ccc(-c2ccccc2C(=O)OC(C)(C)C)cc1,CC(C)(C)OC(=O)c1ccccc1-c1ccc(CBr)cc1,12,0,46.5,-5.0,batch_moderate,21,21,2,0,0,1,0,1,274.28899999999993,3.977400000000003,0,12,2,0,0,0,3,0,1,0,2,3,26.3,0,1,0
[Li]c1nc(OCC)n(COCC[Si](C)(C)C)c1Br,CCOc1nc(Br)c(Br)n1COCC[Si](C)(C)C,12,12,86.2,-78.0,batch_stable,18,18,3,1,1,0,1,1,327.224,2.1503999999999994,0,5,1,1,0,1,7,0,1,2,2,7,36.28,0,0,0
[Li]c1nc(OCC)n(COCC[Si](C)(C)C)c1Cl,CCOc1nc(Br)c(Cl)n1COCC[Si](C)(C)C,12,12,70.29999999999998,-78.0,batch_moderate,18,18,3,1,1,0,1,1,282.773,2.0412999999999997,0,5,1,0,0,1,7,0,1,2,2,7,36.28,0,0,0
[Li]c1ccc(-c2ccc(Cl)cc2)cc1C,Cc1cc(-c2ccc(Cl)cc2)ccc1Br,2,2,59.4,-78.0,batch_moderate,15,15,3,0,1,0,1,1,208.617,3.1092200000000014,0,12,2,0,0,1,2,0,1,0,0,1,0.0,0,0,0
[Li]c1ccc(-c2ccc(Cl)cc2)cc1CC,CCc1cc(-c2ccc(Cl)cc2)ccc1Br,2,2,42.1,-78.0,batch_moderate,16,16,3,0,1,0,1,1,222.64399999999998,3.3632000000000017,0,12,2,0,0,1,2,0,1,0,0,2,0.0,0,0,0
[Li]c1c(CC)cc(-c2ccc(Cl)cc2)cc1CC,CCc1cc(-c2ccc(Cl)cc2)cc(CC)c1Br,2,2,44.9,-78.0,batch_moderate,18,18,3,0,1,0,1,1,250.69799999999995,3.925600000000003,0,12,2,0,0,1,2,0,1,0,0,3,0.0,0,0,0
[Li]c1ccc(Br)cc1CC,CCc1cc(Br)ccc1I,2,2,69.65,-75.0,batch_moderate,10,10,3,0,1,0,1,1,190.99699999999999,1.8053,0,6,1,1,0,1,2,0,1,0,0,1,0.0,0,0,0
[Li]c1c(CC)cc(Br)cc1CC,CCc1cc(Br)cc(CC)c1I,1,1,67.1,-75.0,batch_moderate,12,12,3,0,1,0,1,1,219.05099999999996,2.3677,0,6,1,1,0,1,2,0,1,0,0,2,0.0,0,0,0
[Li]c1c(C)cc(Br)cc1C,Cc1cc(Br)cc(C)c1I,1,1,43.7,-75.0,batch_moderate,10,10,3,0,1,0,1,1,190.997,1.85974,0,6,1,1,0,1,2,0,1,0,0,0,0.0,0,0,0
[Li]c1cc(F)c(C(F)(F)F)c(F)c1,Fc1cc(Br)cc(F)c1C(F)(F)F,1,1,24.3,-60.0,batch_unstable,13,13,3,0,1,0,1,1,188.024,1.7773999999999999,0,6,1,0,5,5,6,0,1,0,0,0,0.0,0,0,0
[Li]c1ccc(OC)cc1,COc1ccc(I)cc1,14,12,53.42499999999999,-77.75,batch_moderate,9,9,3,0,1,0,1,1,114.07299999999998,0.489,0,6,1,0,0,0,2,0,1,0,1,1,9.23,0,0,0
[Li]Cc1ccc(S(=O)(=O)N(C)Cc2ccccc2)cc1,CN(Cc1ccccc1)S(=O)(=O)c1ccc(CBr)cc1,3,3,76.8,-78.0,batch_moderate,20,20,2,0,0,1,0,1,281.306,2.1757999999999997,0,12,2,0,0,0,5,0,1,1,2,5,37.38,0,0,0
[Li]c1ccc(C(=O)N(C)OC)cc1,CON(C)C(=O)c1ccc(I)cc1,5,4,62.650000000000006,-74.0,batch_moderate,13,13,3,0,1,0,1,1,171.125,0.1137999999999999,0,6,1,0,0,0,4,0,1,1,2,2,29.540000000000003,0,0,0
[Li]c1cccc(C(=O)N(C)OC)c1,CON(C)C(=O)c1cccc(I)c1,3,3,85.0,-73.33333333333333,batch_stable,13,13,3,0,1,0,1,1,171.125,0.1137999999999999,0,6,1,0,0,0,4,0,1,1,2,2,29.540000000000003,0,0,0
[Li]c1ccc2c(c1)C(C)(C)CCC2(C)C,CC1(C)CCC(C)(C)c2cc(Br)ccc21,1,1,100.0,-70.0,batch_stable,15,15,3,0,1,0,1,1,194.24699999999996,2.8294000000000015,1,6,1,0,0,0,1,0,1,0,0,0,0.0,0,0,0
[Li]c1cc(C=O)c(OC)cc1OC,COc1cc(OC)c(C=O)cc1Br,1,0,68.3,0.0,batch_moderate,13,13,3,0,1,0,1,1,172.10899999999998,0.31009999999999993,0,6,1,0,0,0,4,0,1,0,3,3,35.53,0,0,0
[Li]c1c(OC)cc(COC)cc1OC,COCc1cc(OC)c(Br)c(OC)c1,2,0,66.9,0.0,batch_moderate,14,14,3,0,1,0,1,1,188.152,0.6440000000000001,0,6,1,0,0,0,4,0,1,0,3,4,27.69,0,0,0
[Li]c1oc(C)nc1-c1ccc2c(c1)CCCC2,Cc1nc(-c2ccc3c(c2)CCCC3)c(Br)o1,1,1,76.0,-78.0,batch_moderate,17,17,3,1,1,0,1,1,219.21299999999994,2.3226200000000006,1,11,2,0,0,0,3,0,1,1,1,1,26.03,0,0,0
[Li]CCc1cccc(C(F)(F)F)c1,FC(F)(F)c1cccc(CCI)c1,2,2,38.5,-78.0,batch_moderate,13,13,2,0,0,1,0,1,180.09799999999996,2.8347000000000016,0,6,1,0,3,3,4,0,1,0,0,2,0.0,0,0,0
[Li]c1ccc2nc(OC)cc(-c3cccc(Cl)c3)c2c1,COc1cc(-c2cccc(Cl)c2)c2cc(Br)ccc2n1,7,0,36.800000000000004,-20.0,batch_moderate,20,20,3,0,1,0,1,1,275.66400000000004,3.3576000000000024,0,16,3,0,0,1,4,0,1,1,1,2,22.12,0,0,0
[Li]c1c(OCc2ccccc2)ccc2ccccc12,Brc1c(OCc2ccccc2)ccc2ccccc12,2,0,83.1,0.0,batch_stable,19,19,3,0,1,0,1,1,240.231,3.212600000000002,0,16,3,0,0,0,2,0,1,0,1,3,9.23,0,0,0
[Li]c1nccs1,Brc1nccs1,23,17,63.0,-76.82352941176471,batch_moderate,6,6,3,1,1,0,1,1,91.06400000000001,-0.06310000000000016,0,5,1,0,0,0,3,0,1,1,0,0,12.89,0,0,0
[Li]c1ccc(CC(C)(C)C(=O)OC(C)(C)C)cc1,CC(C)(C)OC(=O)C(C)(C)Cc1ccc(Br)cc1,2,0,50.5,-20.0,batch_moderate,18,18,3,0,1,0,1,1,240.272,2.3908000000000005,0,6,1,0,0,0,3,0,1,0,2,3,26.3,0,1,0
[Li]CC(=O)C[C@H]1NC(=O)[C@@H]1[C@@H](C)O[Si](C)(C)C(C)(C)C,C[C@@H](O[Si](C)(C)C(C)(C)C)[C@H]1C(=O)N[C@@H]1CC(=O)CBr,1,1,76.3,-78.0,batch_moderate,20,20,2,0,0,1,0,1,291.39300000000003,2.057299999999999,1,0,0,0,0,0,6,0,1,1,3,6,55.400000000000006,0,0,0
[Li]C(Br)=Cc1ccc2c(c1)Sc1ccccc1N2C,CN1c2ccccc2Sc2cc(C=C(Br)Br)ccc21,1,1,60.8,-78.0,batch_moderate,19,19,3,1,1,0,0,1,324.1720000000001,4.780900000000003,1,12,2,1,0,1,4,0,1,1,0,1,3.24,0,0,0
[Li]Cc1ccccc1[N+](=O)[O-],O=[N+]([O-])c1ccccc1CBr,9,9,72.1,-78.0,batch_moderate,11,11,2,0,0,1,0,1,143.071,1.2632999999999999,0,6,1,0,0,0,4,0,1,1,2,2,43.14,0,0,0
[Li]c1ccc(N(CC)CCOC2CCCCO2)cc1,CCN(CCOC1CCCCO1)c1ccc(Br)cc1,1,1,92.0,-78.0,batch_stable,19,19,3,0,1,0,1,1,255.28699999999995,1.8498999999999999,1,6,1,0,0,0,4,0,1,1,2,6,21.700000000000003,0,0,0
[Li]c1cc(Cl)c(C(=O)N(CC)C(OC)C(C)(C)C)c([Si](C)(C)C)c1,CCN(C(=O)c1c(Cl)cc(Br)cc1[Si](C)(C)C)C(OC)C(C)(C)C,15,15,40.0,-78.0,batch_moderate,24,24,3,0,1,0,1,1,361.9150000000001,3.1597000000000017,0,6,1,0,0,1,6,0,1,1,2,5,29.540000000000003,0,0,0
[Li]c1cscc1Br,Brc1cscc1Br,18,18,65.57222222222222,-77.55555555555556,batch_moderate,7,7,3,0,1,0,1,1,168.97199999999998,1.3044,0,5,1,1,0,1,3,0,1,0,0,0,0.0,0,0,0
[Li]c1ccc(F)cc1F,Fc1ccc(Br)c(F)c1,6,2,61.75,-76.5,batch_moderate,9,9,3,0,1,0,1,1,120.027,0.7586,0,6,1,0,2,2,3,0,1,0,0,0,0.0,0,0,0
[Li]c1ccc(OC)c(OC2CCCC2)c1,COc1ccc(Br)cc1OC1CCCC1,12,10,30.98,-73.2,batch_moderate,15,15,3,0,1,0,1,1,198.19099999999995,1.8104,1,6,1,0,0,0,3,0,1,0,2,3,18.46,0,0,0
[Li]c1ccc2c(c1)CCC1(C2)OCCO1,Brc1ccc2c(c1)CCC1(C2)OCCO1,15,15,55.0,-78.0,batch_moderate,15,15,3,0,1,0,1,1,196.17499999999995,0.7121999999999999,2,6,1,0,0,0,3,0,1,0,2,0,18.46,0,0,0
[Li]c1cccc(Cn2ccnc2)c1,Brc1cccc(Cn2ccnc2)c1,1,1,74.4,-70.0,batch_moderate,13,13,3,0,1,0,1,1,164.137,0.7252000000000001,0,11,2,0,0,0,3,0,1,2,0,2,17.82,0,0,0
[Li]CCCCCCOc1ccc(C2=NCCO2)cc1,BrCCCCCCOc1ccc(C2=NCCO2)cc1,3,3,76.9,-55.0,batch_moderate,19,19,2,0,0,1,0,1,253.271,2.9894000000000016,1,6,1,0,0,0,4,0,1,1,2,8,30.82,0,0,0
[Li]c1ccc(OCC(C)(C)O)cc1,CC(C)(O)COc1ccc(Br)cc1,3,3,33.7,-78.0,batch_moderate,13,13,3,0,1,0,1,1,172.153,0.6301000000000001,0,6,1,0,0,0,3,0,1,0,2,3,29.46,0,0,0
[Li]Cc1ccc(Br)cc1,BrCc1ccc(Br)cc1,5,4,71.9,-70.0,batch_moderate,9,9,2,0,0,1,0,1,176.97000000000003,2.1176,0,6,1,1,0,1,2,0,1,0,0,1,0.0,0,0,0
[Li]c1cc(C)c(OCCCOc2ccc(OC(F)(F)F)cc2)c(CC)c1,CCc1cc(Br)cc(C)c1OCCCOc1ccc(OC(F)(F)F)cc1,2,2,65.05,-70.0,batch_moderate,26,26,3,0,1,0,1,1,360.30100000000004,4.097720000000003,0,12,2,0,3,3,7,0,1,0,3,8,27.69,0,0,0
[Li]c1cc(C)c(OCc2ccccc2)c(Cl)c1,Cc1cc(Br)cc(Cl)c1OCc1ccccc1,6,6,91.10000000000001,-70.0,batch_stable,17,17,3,0,1,0,1,1,238.643,3.0212200000000013,0,12,2,0,0,1,3,0,1,0,1,3,9.23,0,0,0
[Li]c1cncc(OC[C@@H]2CCCN2C)c1,CN1CCC[C@H]1COc1cncc(Br)c1,2,2,98.3,-78.0,batch_stable,15,15,3,0,1,0,1,1,198.19499999999996,0.3483999999999998,1,6,1,0,0,0,4,0,1,2,1,3,25.36,0,0,0
[Li]c1ccc2c(c1)COC(C)(C)O2,CC1(C)OCc2cc(Br)ccc2O1,1,1,76.4,-80.0,batch_moderate,13,13,3,0,1,0,1,1,170.13699999999997,1.1255,1,6,1,0,0,0,3,0,1,0,2,0,18.46,0,0,0
[Li]c1ccc(OCc2ccccc2)c(CCOCc2ccccc2)c1,Brc1ccc(OCc2ccccc2)c(CCOCc2ccccc2)c1,1,0,78.3,-95.0,batch_moderate,25,25,3,0,1,0,1,1,324.349,3.8187000000000033,0,18,3,0,0,0,3,0,1,0,2,8,18.46,0,0,0
[Li]c1ccccc1C(=O)O,O=C(O)c1ccccc1Br,18,11,35.45454545454545,-78.0,batch_moderate,10,10,3,0,1,0,1,1,128.05599999999998,0.17860000000000004,0,6,1,0,0,0,3,0,1,0,2,1,37.3,0,1,0
[Li]c1ccc(C#C[Si](C)(C)C)cc1,C[Si](C)(C)C#Cc1ccc(Br)cc1,1,0,77.0,-30.0,batch_moderate,13,13,3,0,1,0,1,1,180.252,1.7092999999999998,0,6,1,0,0,0,2,0,1,0,0,0,0.0,0,0,0
[Li]c1ccc(S(F)(F)(F)(F)F)cc1,FS(F)(F)(F)(F)c1ccc(Br)cc1,3,3,35.4,-78.0,batch_moderate,13,13,3,0,1,0,1,1,210.096,3.1378000000000004,0,6,1,0,5,5,7,0,1,0,0,1,0.0,0,0,0
[Li]C(Br)=Cc1ccc(-c2ccc(CCCCC)cc2)cc1,CCCCCc1ccc(-c2ccc(C=C(Br)Br)cc2)cc1,1,0,58.0,-10.0,batch_moderate,21,21,3,1,1,0,0,1,335.21400000000006,5.948100000000005,0,12,2,1,0,1,2,0,1,0,0,6,0.0,0,0,0
[Li]C(Br)=Cc1ccc([C@H]2CC[C@H](CCCCC)CC2)cc1,CCCCC[C@H]1CC[C@H](c2ccc(C=C(Br)Br)cc2)CC1,1,0,85.3,-10.0,batch_stable,21,21,3,1,1,0,0,1,341.26200000000017,6.402500000000004,1,6,1,1,0,1,2,0,1,0,0,6,0.0,0,0,0
[Li]C(Br)=Cc1ccc(CC[C@H]2CC[C@H](CCCCC)CC2)cc1,CCCCC[C@H]1CC[C@H](CCc2ccc(C=C(Br)Br)cc2)CC1,1,1,69.0,-78.0,batch_moderate,23,23,3,1,1,0,0,1,369.31600000000026,6.8677000000000055,1,6,1,1,0,1,2,0,1,0,0,8,0.0,0,0,0
[Li]C(Br)=Cc1ccc([C@H]2OC[C@H](CCCC)CO2)cc1,CCCC[C@H]1CO[C@H](c2ccc(C=C(Br)Br)cc2)OC1,1,1,50.0,-78.0,batch_moderate,20,20,3,1,1,0,0,1,331.1790000000001,4.400200000000003,1,6,1,1,0,1,4,0,1,0,2,5,18.46,0,0,0
[Li]C(Br)=C[C@H]1CC[C@H](c2ccc(CCCCC)cc2)CC1,CCCCCc1ccc([C@H]2CC[C@H](C=C(Br)Br)CC2)cc1,1,1,86.5,-78.0,batch_stable,21,21,3,1,1,0,0,1,341.2620000000001,6.097900000000005,1,6,1,1,0,1,2,0,1,0,0,6,0.0,0,0,0
[Li]C(Br)=C[C@H]1CC[C@H](CC[C@H]2CC[C@H](CCCCC)CC2)CC1,CCCCC[C@H]1CC[C@H](CC[C@H]2CC[C@H](C=C(Br)Br)CC2)CC1,1,1,86.5,-78.0,batch_stable,23,23,3,1,1,0,0,1,375.36400000000026,7.364500000000007,2,0,0,1,0,1,2,0,1,0,0,8,0.0,0,0,0
[Li]C(Br)=C[C@H]1CC[C@H](CCc2ccc(-c3ccc(CCCCC)cc3)cc2)CC1,CCCCCc1ccc(-c2ccc(CC[C@H]3CC[C@H](C=C(Br)Br)CC3)cc2)cc1,1,0,97.7,0.0,batch_stable,29,29,3,1,1,0,0,1,445.41400000000027,8.230100000000007,1,12,2,1,0,1,2,0,1,0,0,9,0.0,0,0,0
[Li]c1ccc(Cl)cn1,Clc1ccc(Br)nc1,5,3,54.166666666666664,-71.33333333333333,batch_moderate,8,8,3,1,1,0,1,1,119.48,0.5287999999999999,0,6,1,0,0,1,3,0,1,1,0,0,12.89,0,0,0
[Li]CC=CC1CO1,BrCC=CC1CO1,1,0,51.7,0.0,batch_moderate,7,7,2,0,0,1,0,1,90.05100000000002,0.5281999999999999,1,0,0,0,0,0,2,0,1,0,1,2,12.53,1,0,0
[Li]c1ccc(-c2[nH]c(C(F)(F)F)cc2C#N)o1,N#Cc1cc(C(F)(F)F)[nH]c1-c1ccc(Br)o1,2,2,70.2,-78.0,batch_moderate,17,17,3,1,1,0,1,1,232.08999999999997,1.9589799999999997,0,10,2,0,3,3,7,0,1,2,1,1,52.72,0,0,1
[Li]c1ccc(OC(C)(C)C)cc1,CC(C)(C)Oc1ccc(Br)cc1,6,6,47.5,-78.0,batch_moderate,12,12,3,0,1,0,1,1,156.154,1.6577,0,6,1,0,0,0,2,0,1,0,1,1,9.23,0,0,0
[Li]c1cc(OCCCCCC)c(Br)cc1OCCCCCC,CCCCCCOc1cc(Br)c(OCCCCCC)cc1Br,2,2,97.0,-78.0,batch_stable,22,22,3,0,1,0,1,1,363.26500000000027,5.161100000000005,0,6,1,1,0,1,4,0,1,0,2,12,18.46,0,0,0
[Li]c1ccccc1C(C)O,CC(O)c1ccccc1Br,1,0,73.0,-30.0,batch_moderate,10,10,3,0,1,0,1,1,128.1,0.5337000000000001,0,6,1,0,0,0,2,0,1,0,1,1,20.23,0,0,0
[Li]c1ccc2c(c1)CN(C(c1ccccc1)(c1ccccc1)c1ccccc1)C2C,CC1c2ccc(Br)cc2CN1C(c1ccccc1)(c1ccccc1)c1ccccc1,1,1,80.9,-72.0,batch_stable,30,30,3,0,1,0,1,1,381.4480000000001,5.349100000000004,1,24,4,0,0,0,2,0,1,1,0,4,3.24,0,0,0
[Li]c1cc(Cl)cc(Br)c1,Clc1cc(Br)cc(Br)c1,1,0,80.0,-30.0,batch_stable,9,9,3,0,1,0,1,1,197.38799999999998,1.8963,0,6,1,1,0,2,3,0,1,0,0,0,0.0,0,0,0
[Li]c1ccccc1-c1ccccc1,Brc1ccccc1-c1ccccc1,8,8,54.7,-75.25,batch_moderate,13,13,3,0,1,0,1,1,160.145,2.1474,0,12,2,0,0,0,1,0,1,0,0,1,0.0,0,0,0
[Li]c1cccnc1Oc1cccc(Cl)c1,Clc1cccc(Oc2ncccc2Br)c1,2,2,18.8,-70.0,batch_unstable,15,15,3,0,1,0,1,1,211.577,2.3211000000000004,0,12,2,0,0,1,4,0,1,1,1,2,22.12,0,0,0
[Li]c1ccc(Cl)c(Cl)c1,Clc1ccc(Br)cc1Cl,10,6,42.71666666666667,-78.0,batch_moderate,9,9,3,0,1,0,1,1,152.937,1.7872,0,6,1,0,0,2,3,0,1,0,0,0,0.0,0,0,0
[Li]c1ccc(SC)c(F)c1,CSc1ccc(Br)cc1F,3,0,5.2,-40.0,batch_unstable,10,10,3,0,1,0,1,1,148.131,1.3414000000000001,0,6,1,0,1,1,3,0,1,0,0,1,0.0,0,0,0
[Li]c1ccc(F)c(C)c1,Cc1cc(Br)ccc1F,9,9,70.66666666666667,-78.0,batch_moderate,9,9,3,0,1,0,1,1,116.064,0.9279200000000001,0,6,1,0,1,1,2,0,1,0,0,0,0.0,0,0,0
[Li]c1ccc2[nH]ccc2c1,Brc1ccc2[nH]ccc2c1,5,2,43.6,-78.0,batch_moderate,10,10,3,0,1,0,1,1,123.08399999999997,0.9617,0,9,2,0,0,0,2,0,1,1,0,0,15.79,0,0,0
[Li]c1cccc2[nH]ccc12,Brc1cccc2[nH]ccc12,1,0,46.0,0.0,batch_moderate,10,10,3,0,1,0,1,1,123.08399999999999,0.9617,0,9,2,0,0,0,2,0,1,1,0,0,15.79,0,0,0
[Li]c1ccc(C(F)(F)F)cc1,FC(F)(F)c1ccc(Br)cc1,3,1,66.1,-78.0,batch_moderate,11,11,3,0,1,0,1,1,152.04400000000004,1.4992,0,6,1,0,3,3,4,0,1,0,0,0,0.0,0,0,0
[Li]c1ccc(COCCOCC)cc1COCCOCC,CCOCCOCc1ccc(Br)c(COCCOCC)c1,4,0,88.7,-40.0,batch_stable,21,21,3,0,1,0,1,1,288.31300000000005,1.5866,0,6,1,0,0,0,5,0,1,0,4,12,36.92,0,0,0
[Li]c1ccc(OCc2ccccc2)c(C2CCCC2)c1,Brc1ccc(OCc2ccccc2)c(C2CCCC2)c1,3,3,63.0,-65.0,batch_moderate,20,20,3,0,1,0,1,1,258.28999999999996,3.7170000000000023,1,12,2,0,0,0,2,0,1,0,1,4,9.23,0,0,0
[Li]c1ccc2c(c1)C(C)(C)CC2(C)C,CC1(C)CC(C)(C)c2cc(Br)ccc21,1,1,59.3,-78.0,batch_moderate,14,14,3,0,1,0,1,1,180.21999999999997,2.4393000000000002,1,6,1,0,0,0,1,0,1,0,0,0,0.0,0,0,0
[Li]c1ccc2c(c1)CC(C)(C)C2,CC1(C)Cc2ccc(Br)cc2C1,1,1,66.9,-78.0,batch_moderate,12,12,3,0,1,0,1,1,152.16599999999997,1.6052,1,6,1,0,0,0,1,0,1,0,0,0,0.0,0,0,0
[Li]c1ccc(C(C)(C)O[Si](C)(C)C(C)(C)C)nc1,CC(C)(O[Si](C)(C)C(C)(C)C)c1ccc(Br)cn1,1,1,0.0,-78.0,batch_unstable,18,18,3,0,1,0,1,1,257.37899999999996,3.1323000000000016,0,6,1,0,0,0,4,0,1,1,1,3,22.12,0,0,0
[Li]c1cccc(Cn2ccnn2)n1,Brc1cccc(Cn2ccnn2)n1,1,0,50.0,-20.0,batch_moderate,13,13,3,1,1,0,1,1,166.113,-0.4848000000000001,0,11,2,0,0,0,5,0,1,4,0,2,43.6,0,0,0
[Li]c1cnc2c(cnn2Cc2ccc(OC)cc2)c1N1CCN(C(=O)OC(C)(C)C)CC1,COc1ccc(Cn2ncc3c(N4CCN(C(=O)OC(C)(C)C)CC4)c(Br)cnc32)cc1,1,1,39.2,-78.0,batch_moderate,32,32,3,0,1,0,1,1,429.45000000000033,2.3391,1,15,3,0,0,0,9,0,1,5,3,4,72.72,0,1,0
[Li]c1ccc2c(c1)c1cc(Br)ccc1n2-c1cccc(OC)c1,COc1cccc(-n2c3ccc(Br)cc3c3cc(Br)ccc32)c1,2,2,74.0,-78.0,batch_moderate,23,23,3,0,1,0,1,1,358.1640000000001,4.348600000000003,0,19,4,1,0,1,4,0,1,1,1,2,14.16,0,0,0
[Li]c1ccc2[nH]c3ccc(Br)cc3c2c1,Brc1ccc2[nH]c3ccc(Br)cc3c2c1,2,0,66.0,0.0,batch_moderate,15,15,3,0,1,0,1,1,252.03999999999996,2.8774000000000006,0,13,3,1,0,1,3,0,1,1,0,0,15.79,0,0,0
[Li]c1csc2cnc(OC)cc12,COc1cc2c(Br)csc2cn1,1,1,37.7,-78.0,batch_moderate,12,12,3,0,1,0,1,1,171.14999999999998,1.0987,0,9,2,0,0,0,4,0,1,1,1,1,22.12,0,0,0
[Li]Cc1ccc(CO[Si](c2ccccc2)(c2ccccc2)C(C)(C)C)c(C)c1,Cc1cc(CBr)ccc1CO[Si](c1ccccc1)(c1ccccc1)C(C)(C)C,1,0,46.0,0.0,batch_moderate,28,28,2,0,0,1,0,1,380.5330000000002,4.7401200000000046,0,18,3,0,0,0,3,0,1,0,1,6,9.23,0,0,0
[Li]c1nn(CC(=O)N2CCN(c3cc(OC)c(Cl)cc3F)C[C@@H]2C)c2ncccc12,COc1cc(N2CCN(C(=O)Cn3nc(I)c4cccnc43)[C@@H](C)C2)c(F)cc1Cl,3,0,44.1,0.0,batch_moderate,30,30,3,1,1,0,1,1,423.8050000000002,1.7634999999999994,1,15,3,0,1,2,10,0,1,5,2,4,63.49000000000001,0,0,0
[Li]c1cccc(N(C)C(=O)NCCCCC)c1,CCCCCNC(=O)N(C)c1cccc(Br)c1,1,1,38.8,-70.0,batch_moderate,17,17,3,0,1,0,1,1,226.24899999999997,1.8164,0,6,1,0,0,0,4,0,1,2,1,5,32.34,0,0,0
[Li]c1cc(NC(=O)OC(C)(C)C)ccc1NC(=O)OC(C)(C)C,CC(C)(C)OC(=O)Nc1ccc(NC(=O)OC(C)(C)C)c(Br)c1,3,0,85.1,20.0,batch_stable,23,23,3,0,1,0,1,1,314.3110000000001,3.174400000000002,0,6,1,0,0,0,7,0,1,2,4,2,76.66000000000001,0,1,0
[Li]c1ccc(C#N)cc1,N#Cc1ccc(Br)cc1,12,6,29.45,-74.0,batch_unstable,9,9,3,0,1,0,1,1,109.05699999999999,0.35207999999999995,0,6,1,0,0,0,2,0,1,1,0,0,23.79,0,0,1
[Li]c1cc(CC)c(OCc2ccccc2)cc1OC,CCc1cc(Br)c(OC)cc1OCc1ccccc1,1,1,71.6,-78.0,batch_moderate,19,19,3,0,1,0,1,1,248.251,2.6304000000000007,0,12,2,0,0,0,3,0,1,0,2,5,18.46,0,0,0
[Li]c1c(C)cc(NC(=O)OC(C)(C)C)cc1C,Cc1cc(NC(=O)OC(C)(C)C)cc(C)c1Br,1,1,46.0,-78.0,batch_moderate,17,17,3,0,1,0,1,1,227.23299999999998,2.4442400000000006,0,6,1,0,0,0,4,0,1,1,2,1,38.33,0,1,0
[Li]c1ccc(O[Si](C)(C)C(C)(C)C)cc1C(C)C,CC(C)c1cc(O[Si](C)(C)C(C)(C)C)ccc1Br,1,1,55.1,-78.0,batch_moderate,18,18,3,0,1,0,1,1,256.39099999999996,3.9878000000000036,0,6,1,0,0,0,3,0,1,0,1,3,9.23,0,0,0
[Li]c1ccc(-n2c(C)ccc2-c2ccc(S(C)(=O)=O)cc2)cc1,Cc1ccc(-c2ccc(S(C)(=O)=O)cc2)n1-c1ccc(Br)cc1,4,4,13.2,-78.0,batch_unstable,23,23,3,0,1,0,1,1,317.339,2.6500200000000014,0,17,3,0,0,0,5,0,1,1,2,3,39.07,0,0,0
[Li]c1ccc2c(c1)cc1n2CCC1,Brc1ccc2c(c1)cc1n2CCC1,1,1,94.0,-50.0,batch_stable,13,13,3,0,1,0,1,1,163.14899999999994,1.3813,1,9,2,0,0,0,2,0,1,1,0,0,4.93,0,0,0
[Li]c1c2n(c3ccc(OCC)cc13)CCC2,CCOc1ccc2c(c1)c(I)c1n2CCC1,1,1,61.4,-78.0,batch_moderate,16,16,3,0,1,0,1,1,207.20199999999994,1.78,1,9,2,0,0,0,3,0,1,1,1,2,14.16,0,0,0
[Li]c1c2n(c3ccc(OC4CC4)cc13)CCC2,Ic1c2n(c3ccc(OC4CC4)cc13)CCC2,1,1,58.5,-78.0,batch_moderate,17,17,3,0,1,0,1,1,219.2129999999999,1.9224999999999999,2,9,2,0,0,0,3,0,1,1,1,2,14.16,0,0,0
[Li]c1ncn(COCC[Si](C)(C)C)c1I,C[Si](C)(C)CCOCn1cnc(I)c1I,3,1,75.0,-78.0,batch_moderate,15,15,3,1,1,0,1,1,330.171,1.5937999999999994,0,5,1,0,0,1,6,1,1,2,1,5,27.05,0,0,0
[Li]CC1CCCC1,ICC1CCCC1,178,176,56.65397727272727,-78.0,batch_moderate,7,7,2,0,0,1,0,1,90.09500000000001,1.7633999999999999,1,0,0,0,0,0,1,0,1,0,0,1,0.0,0,0,0
[Li]c1cc2ccccc2c(N2CCCN(C(=O)OC(C)(C)C)CC2)n1,CC(C)(C)OC(=O)N1CCCN(c2nc(Br)cc3ccccc23)CC1,2,2,45.6,-78.0,batch_moderate,25,25,3,1,1,0,1,1,333.36100000000005,2.4758000000000004,1,10,2,0,0,0,6,0,1,3,2,1,45.67,0,1,0
[Li]c1cc(Cl)ncc1C(F)(F)F,FC(F)(F)c1cnc(Cl)cc1I,2,0,96.0,0.0,batch_stable,12,12,3,0,1,0,1,1,187.47699999999998,1.5476,0,6,1,0,3,4,6,0,1,1,0,0,12.89,0,0,0
[Li]c1ccc2sccc2c1,Brc1ccc2sccc2c1,10,5,7.82,-75.0,batch_unstable,10,10,3,0,1,0,1,1,140.136,1.6951,0,9,2,0,0,0,2,0,1,0,0,0,0.0,0,0,0
[Li]c1cnccn1,Brc1cnccn1,4,3,44.800000000000004,-78.0,batch_moderate,7,7,3,1,1,0,1,1,86.023,-0.7296,0,6,1,0,0,0,3,0,1,2,0,0,25.78,0,0,0
[Li]c1csc(Br)n1,Brc1csc(Br)n1,10,10,69.21000000000001,-76.8,batch_moderate,7,7,3,1,1,0,1,1,169.95999999999998,0.6994,0,5,1,1,0,1,4,0,1,1,0,0,12.89,0,0,0
[Li]c1ccc(OC(C)C)nc1,CC(C)Oc1ccc(Br)cn1,2,1,77.3,-66.0,batch_moderate,11,11,3,0,1,0,1,1,143.11499999999998,0.6626,0,6,1,0,0,0,3,0,1,1,1,2,22.12,0,0,0
[Li]CCC1OCCO1,BrCCC1OCCO1,4,4,62.5,-78.0,batch_moderate,8,8,2,0,0,1,0,1,108.066,0.33619999999999994,1,0,0,0,0,0,3,0,1,0,2,2,18.46,0,0,0
[Li]c1ccc(Br)c(F)c1,Fc1cc(Br)ccc1Br,5,3,81.9,-78.0,batch_stable,9,9,3,0,1,0,1,1,180.933,1.382,0,6,1,1,1,2,3,0,1,0,0,0,0.0,0,0,0
[Li]c1cccc(F)c1F,Fc1cccc(Br)c1F,5,5,51.04,-76.8,batch_moderate,9,9,3,0,1,0,1,1,120.02700000000002,0.7586,0,6,1,0,2,2,3,0,1,0,0,0,0.0,0,0,0
[Li]c1cc(F)c(Br)cc1F,Fc1cc(Br)c(F)cc1Br,10,10,52.33,-77.4,batch_moderate,10,10,3,0,1,0,1,1,198.92299999999997,1.5211000000000001,0,6,1,1,2,3,4,0,1,0,0,0,0.0,0,0,0
[Li]c1cnc2[nH]cc(NC(=O)c3cccnc3)c2c1N1CCC[C@@H](NC(=O)OC(C)(C)C)C1,CC(C)(C)OC(=O)N[C@@H]1CCCN(c2c(Br)cnc3[nH]cc(NC(=O)c4cccnc4)c23)C1,10,10,33.5,-78.0,batch_moderate,33,33,3,0,1,0,1,1,442.4490000000003,2.4975000000000005,1,15,3,0,0,0,10,0,1,6,3,4,112.24,0,1,0
[Li]c1cnc2[nH]cc(NC(=O)C(C)C)c2c1N1CCC[C@@H](NC(=O)OC(C)(C)C)C1,CC(C)C(=O)Nc1c[nH]c2ncc(Br)c(N3CCC[C@@H](NC(=O)OC(C)(C)C)C3)c12,5,5,36.8,-78.0,batch_moderate,30,30,3,0,1,0,1,1,407.4440000000002,2.4447,1,9,2,0,0,0,9,0,1,5,3,4,99.35000000000001,0,1,0
[Li]c1ccc(Oc2ccccc2)cc1F,Fc1cc(Oc2ccccc2)ccc1Br,10,10,92.1,-75.0,batch_stable,15,15,3,0,1,0,1,1,194.134,2.4118000000000004,0,12,2,0,1,1,3,0,1,0,1,2,9.23,0,0,0
[Li]c1ccc(Oc2ccccc2F)cc1,Fc1ccccc1Oc1ccc(I)cc1,6,6,90.2,-78.0,batch_stable,15,15,3,0,1,0,1,1,194.134,2.4118000000000004,0,12,2,0,1,1,3,0,1,0,1,2,9.23,0,0,0
[Li]c1ccc(CCCCCC)o1,CCCCCCc1ccc(I)o1,2,2,20.0,-78.0,batch_unstable,12,12,3,1,1,0,1,1,158.17000000000002,2.1962,0,5,1,0,0,0,2,0,1,0,1,5,13.14,0,0,0
[Li]c1cc(Nc2nccc(C(F)(F)F)n2)cc(-c2cncs2)c1,FC(F)(F)c1ccnc(Nc2cc(Br)cc(-c3cncs3)c2)n1,1,1,61.6,-78.0,batch_moderate,23,23,3,0,1,0,1,1,328.248,3.1563000000000008,0,17,3,0,3,3,9,0,1,4,0,3,50.7,0,0,0
[Li]c1ccsc1Cl,Clc1sccc1Br,2,2,54.0,-70.0,batch_moderate,7,7,3,0,1,0,1,1,124.521,1.1953,0,5,1,0,0,1,3,0,1,0,0,0,0.0,0,0,0
[Li]c1cc(CN2CCOCC2)sc1Cl,Clc1sc(CN2CCOCC2)cc1Br,2,2,36.1,-75.0,batch_moderate,14,14,3,0,1,0,1,1,223.65399999999997,1.0274999999999999,1,5,1,0,0,1,5,0,1,1,1,2,12.47,0,0,0
[Li]c1cc(Br)cc(Br)c1,Brc1cc(Br)cc(Br)c1,10,10,64.69000000000001,-74.2,batch_moderate,9,9,3,0,1,0,1,1,241.839,2.0054,0,6,1,2,0,2,3,0,1,0,0,0,0.0,0,0,0
[Li]c1cc(C)c(OC)cc1C,COc1cc(C)c(Br)cc1C,3,3,81.0,-62.5,batch_stable,11,11,3,0,1,0,1,1,142.12699999999998,1.10584,0,6,1,0,0,0,2,0,1,0,1,1,9.23,0,0,0
[Li]c1ccc(OC)cc1C,COc1ccc(Br)c(C)c1,4,3,76.89999999999999,-67.66666666666667,batch_moderate,10,10,3,0,1,0,1,1,128.09999999999997,0.79742,0,6,1,0,0,0,2,0,1,0,1,1,9.23,0,0,0
[Li]c1ccc(C(CC#C)O[Si](C)(C)C(C)(C)C)cc1,C#CCC(O[Si](C)(C)C(C)(C)C)c1ccc(Br)cc1,1,1,58.1,-78.0,batch_moderate,19,19,3,0,1,0,1,1,266.38599999999997,3.566600000000003,0,6,1,0,0,0,3,0,1,0,1,4,9.23,0,0,0
[Li]c1c(C(C)(C)C)cc(C(C)(C)C)cc1C(C)(C)C,CC(C)(C)c1cc(C(C)(C)C)c(Br)c(C(C)(C)C)c1,6,6,60.5,-78.0,batch_moderate,19,19,3,0,1,0,1,1,252.37099999999995,4.372900000000004,0,6,1,0,0,0,1,0,1,0,0,0,0.0,0,0,0
[Li]c1ccc(Br)cc1OC(F)(F)F,FC(F)(F)Oc1cc(Br)ccc1I,5,5,41.72,-72.4,batch_moderate,13,13,3,0,1,0,1,1,246.93899999999996,2.1414999999999997,0,6,1,1,3,4,6,0,1,0,1,1,9.23,0,0,0
[Li]c1ccc(O)c(Cl)c1,Oc1ccc(Br)cc1Cl,5,5,20.82,-78.0,batch_unstable,9,9,3,0,1,0,1,1,134.491,0.8393999999999999,0,6,1,0,0,1,3,0,1,0,1,0,20.23,0,0,0
[Li]c1cn(CC(=O)OCC)cn1,CCOC(=O)Cn1cnc(I)c1,1,0,44.2,0.0,batch_moderate,12,12,3,1,1,0,1,1,160.102,-0.7600000000000002,0,5,1,0,0,0,5,0,1,2,2,3,44.120000000000005,0,1,0
[Li]c1ccc(C(C)(C)C#N)cc1,CC(C)(C#N)c1ccc(Br)cc1,3,0,83.43333333333334,-50.0,batch_stable,12,12,3,0,1,0,1,1,151.138,1.28158,0,6,1,0,0,0,2,0,1,1,0,1,23.79,0,0,1
[Li]c1ccc(C(C)(C)C#N)cc1C,Cc1cc(C(C)(C)C#N)ccc1Br,2,2,73.0,-78.0,batch_moderate,13,13,3,0,1,0,1,1,165.165,1.5899999999999999,0,6,1,0,0,0,2,0,1,1,0,1,23.79,0,0,1
[Li]c1ccc(OC(C)C)c(C=O)c1,CC(C)Oc1ccc(Br)cc1C=O,7,2,95.0,-70.0,batch_stable,13,13,3,0,1,0,1,1,170.137,1.0801,0,6,1,0,0,0,3,0,1,0,2,3,26.3,0,0,0
[Li]c1ccc2cc(C(=O)NC)ccc2c1,CNC(=O)c1ccc2cc(Br)ccc2c1,7,0,56.44285714285713,6.714285714285714,batch_moderate,15,15,3,0,1,0,1,1,191.159,0.9932000000000001,0,10,2,0,0,0,3,0,1,1,1,1,29.1,0,0,0
[Li]c1ccc2c(-c3ccccc3)c3ccccc3c(-c3ccccc3)c2c1,Brc1ccc2c(-c3ccccc3)c3ccccc3c(-c3ccccc3)c2c1,6,6,82.51666666666667,-78.33333333333333,batch_stable,27,27,3,0,1,0,1,1,336.36300000000006,6.1208000000000045,0,26,5,0,0,0,1,0,1,0,0,2,0.0,0,0,0
[Li]c1ccccc1OCCC(C)C,CC(C)CCOc1ccccc1Br,2,2,75.7,-78.0,batch_moderate,13,13,3,0,1,0,1,1,170.181,1.9053,0,6,1,0,0,0,2,0,1,0,1,4,9.23,0,0,0
[Li]c1cccc2ccsc12,Brc1cccc2ccsc12,5,4,75.0,-70.0,batch_moderate,10,10,3,0,1,0,1,1,140.136,1.6950999999999998,0,9,2,0,0,0,2,0,1,0,0,0,0.0,0,0,0
[Li]c1cc(OC(C)C)cc(OC(C)C)c1,CC(C)Oc1cc(Br)cc(OC(C)C)c1,1,1,79.2,-78.0,batch_moderate,15,15,3,0,1,0,1,1,200.207,2.0547999999999997,0,6,1,0,0,0,3,0,1,0,2,4,18.46,0,0,0
[Li]c1ccc(OCc2ccccc2)cc1,Brc1ccc(OCc2ccccc2)cc1,12,9,42.83333333333333,-78.0,batch_moderate,15,15,3,0,1,0,1,1,190.17100000000002,2.0594,0,12,2,0,0,0,2,0,1,0,1,3,9.23,0,0,0
[Li]c1ccc(OCC2CCN(c3nc(C(C)C)no3)CC2)cc1,CC(C)c1noc(N2CCC(COc3ccc(Br)cc3)CC2)n1,1,1,34.8,-78.0,batch_moderate,23,23,3,0,1,0,1,1,307.3230000000001,2.2822000000000005,1,11,2,0,0,0,6,0,1,3,2,5,51.39,0,0,0
[Li]c1ccc(S(=O)(=O)NCCOC)cc1,COCCNS(=O)(=O)c1ccc(Br)cc1,1,1,89.8,-78.0,batch_stable,15,15,3,0,1,0,1,1,221.207,-0.5948999999999995,0,6,1,0,0,0,6,0,1,1,3,5,55.400000000000006,0,0,0
[Li]c1ccc(SC)cc1C,CSc1ccc(Br)c(C)c1,3,3,51.6,-78.0,batch_moderate,10,10,3,0,1,0,1,1,144.168,1.51072,0,6,1,0,0,0,2,0,1,0,0,1,0.0,0,0,0
[Li]c1ccc(F)cc1COCOC,COCOCc1cc(F)ccc1Br,1,1,30.0,-78.0,batch_moderate,13,13,3,0,1,0,1,1,176.11599999999999,0.74,0,6,1,0,1,1,4,0,1,0,2,4,18.46,0,0,0
[Li]c1ccc([C@H]2CN([C@H](C)c3ccccc3)CCO2)cc1,C[C@H](c1ccccc1)N1CCO[C@@H](c2ccc(Br)cc2)C1,2,2,98.0,-78.0,batch_stable,21,21,3,0,1,0,1,1,273.305,2.6149000000000004,1,12,2,0,0,0,3,0,1,1,1,3,12.47,0,0,0
[Li]c1ccc2c(C(=O)OC(C)(C)C)n[nH]c2c1,CC(C)(C)OC(=O)c1n[nH]c2cc(Br)ccc12,13,1,68.0,-78.0,batch_moderate,17,17,3,0,1,0,1,1,224.189,1.3119999999999998,0,9,2,0,0,0,5,0,1,2,2,1,54.98,0,1,0
[Li]c1ccc(Cl)c(Cc2ccc(CCOCC=C)cc2)c1,C=CCOCCc1ccc(Cc2cc(Br)ccc2Cl)cc1,4,4,28.0,-78.0,batch_unstable,21,21,3,0,1,0,1,1,292.73499999999996,3.4697000000000022,0,12,2,0,0,1,3,0,1,0,1,7,9.23,0,0,0
[Li]c1cc2c(cc1CO)OCO2,OCc1cc2c(cc1Br)OCO2,4,4,17.1,-75.0,batch_unstable,12,12,3,0,1,0,1,1,158.08199999999997,-0.2986,1,6,1,0,0,0,4,0,1,0,3,1,38.69,0,0,0
[Li][c-]1cccc1,Br[c-]1cccc1,1,1,84.0,-50.0,batch_stable,6,6,3,0,1,0,1,1,71.028,0.19930000000000003,0,5,1,0,0,0,1,0,1,0,0,0,0.0,0,0,0
[Li]c1cc(Cl)ccc1C1=NC(C)(C)CO1,CC1(C)COC(c2ccc(Cl)cc2I)=N1,1,0,37.5,0.0,batch_moderate,15,15,3,0,1,0,1,1,215.60899999999995,1.6892,1,6,1,0,0,1,4,0,1,1,1,1,21.59,0,0,0
[Li]c1c(Cl)nc(OC)nc1OC,COc1nc(Cl)c(Br)c(OC)n1,1,1,54.7,-78.0,batch_moderate,12,12,3,0,1,0,1,1,180.51999999999998,-0.05900000000000005,0,6,1,0,0,1,6,0,1,2,2,2,44.24000000000001,0,0,0
[Li]c1c(C)cccc1CCOCc1ccccc1,Cc1cccc(CCOCc2ccccc2)c1Br,1,0,37.4,-20.0,batch_moderate,18,18,3,0,1,0,1,1,232.252,2.548120000000001,0,12,2,0,0,0,2,0,1,0,1,5,9.23,0,0,0
[Li]c1c(C(OCC)OCC)oc2ccccc12,CCOC(OCC)c1oc2ccccc2c1Br,2,0,26.5,0.0,batch_unstable,17,17,3,0,1,0,1,1,226.20100000000002,2.2982000000000005,0,9,2,0,0,0,4,0,1,0,3,5,31.6,0,0,0
[Li]c1cccc(N(CC)C(=O)OC(C)(C)C)c1,CCN(C(=O)OC(C)(C)C)c1cccc(Br)c1,4,4,93.8,-78.0,batch_stable,17,17,3,0,1,0,1,1,227.233,2.2418000000000005,0,6,1,0,0,0,4,0,1,1,2,2,29.540000000000003,0,1,0
[Li]CCC1(C)OCCO1,CC1(CCBr)OCCO1,5,1,19.4,-78.0,batch_unstable,9,9,2,0,0,1,0,1,122.09299999999999,0.7263,1,0,0,0,0,0,3,0,1,0,2,2,18.46,0,0,0
[Li]c1ccc(Oc2ccccc2)cc1CO,OCc1cc(Oc2ccccc2)ccc1Br,2,2,73.4,-78.0,batch_moderate,16,16,3,0,1,0,1,1,206.17,1.7649999999999997,0,12,2,0,0,0,3,0,1,0,2,3,29.46,0,0,0
[Li]c1ccc(NC(=O)CCc2ccccc2)c(OC)c1,COc1cc(Br)ccc1NC(=O)CCc1ccccc1,2,2,23.3,-78.0,batch_unstable,20,20,3,0,1,0,1,1,261.25,2.0603,0,12,2,0,0,0,4,0,1,1,2,5,38.33,0,0,0
[Li]C(Br)=Cc1ccc(Oc2ccc(F)cc2)o1,Fc1ccc(Oc2ccc(C=C(Br)Br)o2)cc1,1,1,50.4,-78.0,batch_moderate,17,17,3,1,1,0,0,1,289.029,4.072800000000002,0,11,2,1,1,2,5,0,1,0,2,3,22.37,0,0,0
[Li]c1cccc(OCc2ccccc2)c1,Brc1cccc(OCc2ccccc2)c1,5,5,86.24000000000001,-73.2,batch_stable,15,15,3,0,1,0,1,1,190.17100000000002,2.0594,0,12,2,0,0,0,2,0,1,0,1,3,9.23,0,0,0
[Li]c1cccc(-c2ccc(C(F)(F)F)cc2)c1,FC(F)(F)c1ccc(-c2cccc(Br)c2)cc1,3,3,36.0,-78.0,batch_moderate,17,17,3,0,1,0,1,1,228.14199999999997,3.1662000000000017,0,12,2,0,3,3,4,0,1,0,0,1,0.0,0,0,0
[Li]c1ccc(Cl)nc1,Clc1ccc(Br)cn1,4,4,63.35,-71.0,batch_moderate,8,8,3,0,1,0,1,1,119.48,0.5287999999999999,0,6,1,0,0,1,3,0,1,1,0,0,12.89,0,0,0
[Li]c1cccc2cc(C)sc12,Cc1cc2cccc(Br)c2s1,4,4,31.2,-78.0,batch_moderate,11,11,3,0,1,0,1,1,154.16299999999998,2.00352,0,9,2,0,0,0,2,0,1,0,0,0,0.0,0,0,0
[Li]c1ccc(C(C)(C)C2=NC(C)(C)CO2)cc1,CC1(C)COC(C(C)(C)c2ccc(Br)cc2)=N1,1,1,72.0,-78.0,batch_moderate,17,17,3,0,1,0,1,1,223.24499999999998,1.9653,1,6,1,0,0,0,3,0,1,1,1,2,21.59,0,0,0
[Li]c1ccc(N(c2ccc3ccccc3c2)c2ccc3ccccc3c2)cc1,Brc1ccc(N(c2ccc3ccccc3c2)c2ccc3ccccc3c2)cc1,1,1,77.4,-78.0,batch_moderate,28,28,3,0,1,0,1,1,351.37800000000004,6.256600000000005,0,26,5,0,0,0,2,0,1,1,0,3,3.24,0,0,0
[Li]c1ccc(C2CCCCC2)cc1,Brc1ccc(C2CCCCC2)cc1,1,1,38.0,-78.0,batch_moderate,13,13,3,0,1,0,1,1,166.193,2.528100000000001,1,6,1,0,0,0,1,0,1,0,0,1,0.0,0,0,0
[Li]c1ccc(OC)c(OCC)c1,CCOc1cc(Br)ccc1OC,11,11,79.89090909090909,-78.0,batch_moderate,12,12,3,0,1,0,1,1,158.12599999999998,0.8876999999999999,0,6,1,0,0,0,3,0,1,0,2,3,18.46,0,0,0
[Li]c1ccc(N)nc1,Nc1ccc(Br)cn1,3,3,55.46666666666667,-78.0,batch_moderate,8,8,3,0,1,0,1,1,100.05000000000001,-0.5424000000000002,0,6,1,0,0,0,3,0,1,2,0,0,38.91,0,0,0
[Li]c1cc(F)cc(F)c1OCc1ccccc1,Fc1cc(F)c(OCc2ccccc2)c(Br)c1,1,1,38.7,-78.0,batch_moderate,17,17,3,0,1,0,1,1,226.151,2.3376,0,12,2,0,2,2,4,0,1,0,1,3,9.23,0,0,0
[Li]c1ccc2nc(-c3cc(C)cc(C)c3)ccc2c1,Cc1cc(C)cc(-c2ccc3cc(Br)ccc3n2)c1,1,1,82.7,-78.0,batch_stable,19,19,3,0,1,0,1,1,239.247,3.3124400000000023,0,16,3,0,0,0,2,0,1,1,0,1,12.89,0,0,0
[Li]c1ccc(CC(C(C)=O)c2ccc(OC)cc2)cc1,COc1ccc(C(Cc2ccc(Br)cc2)C(C)=O)cc1,1,1,82.8,-78.0,batch_stable,20,20,3,0,1,0,1,1,260.262,2.4043,0,12,2,0,0,0,3,0,1,0,2,5,26.3,0,0,0
[Li]c1c(OC)c([Si](c2ccccc2)(c2ccccc2)c2ccccc2)cc2ccccc12,COc1c([Si](c2ccccc2)(c2ccccc2)c2ccccc2)cc2ccccc2c1Br,1,0,95.0,0.0,batch_stable,32,32,3,0,1,0,1,1,422.52900000000017,3.0196000000000014,0,28,5,0,0,0,3,0,1,0,1,5,9.23,0,0,0
[Li]C(Br)=CC1(C)COC1,CC1(C=C(Br)Br)COC1,2,2,93.9,-78.0,batch_stable,9,9,3,1,1,0,0,1,182.97399999999996,1.4277,1,0,0,1,0,1,3,0,1,0,1,1,9.23,0,0,0
[Li]c1ccc(OCOC)c(C(=N[S@@](=O)C(C)(C)C)C(=O)OCC)c1,CCOC(=O)C(=N[S@@](=O)C(C)(C)C)c1cc(Br)ccc1OCOC,2,0,67.1,0.0,batch_moderate,24,24,3,0,1,0,1,1,347.36200000000014,1.2774999999999996,0,6,1,0,0,0,8,0,1,1,5,7,74.19000000000001,0,1,0
[Li]c1ccc(OCC(C)(C)C)nc1F,CC(C)(C)COc1ccc(Br)c(F)n1,1,0,55.4,-100.0,batch_moderate,14,14,3,0,1,0,1,1,189.15899999999996,1.4393999999999998,0,6,1,0,1,1,4,0,1,1,1,2,22.12,0,0,0
[Li]c1ccc2c(cnn2C)c1,Cn1ncc2cc(Br)ccc21,3,0,80.2,-30.0,batch_stable,11,11,3,0,1,0,1,1,138.09900000000002,0.3671,0,9,2,0,0,0,3,0,1,2,0,0,17.82,0,0,0
[Li]c1cc2cnn(C)c2cc1F,Cn1ncc2cc(Br)c(F)cc21,3,0,34.0,-100.0,batch_moderate,12,12,3,0,1,0,1,1,156.08899999999997,0.5061999999999999,0,9,2,0,1,1,4,0,1,2,0,0,17.82,0,0,0
[Li]c1sc2cc(F)ccc2c1N1CCN(C(=O)OC(C)(C)C)CC1,CC(C)(C)OC(=O)N1CCN(c2c(Br)sc3cc(F)ccc23)CC1,3,3,82.7,-65.0,batch_stable,24,24,3,0,1,0,1,1,342.3650000000002,2.891300000000001,1,9,2,0,1,1,7,0,1,2,2,1,32.78,0,1,0
[Li]CCC1CC1,ICCC1CC1,4,2,61.7,-78.0,batch_moderate,6,6,2,0,0,1,0,1,76.06800000000001,1.3733,1,0,0,0,0,0,1,0,1,0,0,2,0.0,0,0,0
[Li]c1c(CC)cccc1CC,CCc1cccc(CC)c1Br,2,2,59.2,-75.0,batch_moderate,11,11,3,0,1,0,1,1,140.15499999999997,1.6052,0,6,1,0,0,0,1,0,1,0,0,2,0.0,0,0,0
[Li]c1cc(C=O)cc(OCOC)c1,COCOc1cc(Br)cc(C=O)c1,1,0,76.0,0.0,batch_moderate,13,13,3,0,1,0,1,1,172.10899999999998,0.27559999999999996,0,6,1,0,0,0,4,0,1,0,3,4,35.53,0,0,0
[Li]c1cc(F)ccc1OC,COc1ccc(F)cc1Br,8,8,70.3125,-78.0,batch_moderate,10,10,3,0,1,0,1,1,132.063,0.6280999999999999,0,6,1,0,1,1,3,0,1,0,1,1,9.23,0,0,0
[Li]c1cc(CC(C)C)cc2c1OCC2(C)C,CC(C)Cc1cc(Br)c2c(c1)C(C)(C)CO2,2,2,49.6,-78.0,batch_moderate,16,16,3,0,1,0,1,1,210.24599999999995,2.3489000000000004,1,6,1,0,0,0,2,0,1,0,1,2,9.23,0,0,0
[Li]c1ccc2c(c1)C(C)(C)CO2,CC1(C)COc2ccc(Br)cc21,1,1,98.9,-78.0,batch_stable,12,12,3,0,1,0,1,1,154.13799999999998,1.1504,1,6,1,0,0,0,2,0,1,0,1,0,9.23,0,0,0
[Li]c1cc(CC(C)C)cc2c1OCO2,CC(C)Cc1cc(Br)c2c(c1)OCO2,1,1,55.0,-78.0,batch_moderate,14,14,3,0,1,0,1,1,184.16399999999996,1.4076,1,6,1,0,0,0,3,0,1,0,2,2,18.46,0,0,0
[Li]Cc1ccc(CBr)cc1,BrCc1ccc(CBr)cc1,6,6,86.10000000000001,-78.0,batch_stable,10,10,2,0,0,1,0,1,190.997,2.25,0,6,1,1,0,1,2,0,1,0,0,2,0.0,0,0,0
[Li]c1cnc2nc(CCCC)[nH]c2c1C,CCCCc1nc2ncc(Br)c(C)c2[nH]1,3,3,86.59999999999998,-78.0,batch_stable,15,15,3,0,1,0,1,1,195.195,1.40272,0,9,2,0,0,0,4,0,1,3,0,3,41.57,0,0,0
[Li]c1ccccc1C,Cc1ccccc1Br,6,3,86.5,-78.0,batch_stable,8,8,3,0,1,0,1,1,98.074,0.7888200000000001,0,6,1,0,0,0,1,0,1,0,0,0,0.0,0,0,0
[Li]c1ccc(C(=O)O)cn1,O=C(O)c1ccc(Br)nc1,5,0,54.4,-20.0,batch_moderate,10,10,3,1,1,0,1,1,129.04399999999998,-0.4263999999999999,0,6,1,0,0,0,4,0,1,1,2,1,50.19,0,1,0
[Li]c1ccc2cc(Cl)ncc2n1,Clc1cc2ccc(Br)nc2cn1,2,2,20.0,-78.0,batch_unstable,12,12,3,1,1,0,1,1,170.528,1.077,0,10,2,0,0,1,4,0,1,2,0,0,25.78,0,0,0
[Li]c1ccc2c(c1)C(=NS(=O)C(C)(C)C)C1(CCC(OC)CC1)C2,COC1CCC2(CC1)Cc1ccc(Br)cc1C2=NS(=O)C(C)(C)C,2,0,89.0,0.0,batch_stable,24,24,3,0,1,0,1,1,339.4300000000001,2.8632000000000017,2,6,1,0,0,0,5,0,1,1,2,2,38.66,0,0,0
[Li]c1ccc(F)cn1,Fc1ccc(Br)nc1,16,14,50.85,-76.14285714285714,batch_moderate,8,8,3,1,1,0,1,1,103.025,0.014499999999999957,0,6,1,0,1,1,3,0,1,1,0,0,12.89,0,0,0
[Li]c1cc([Si](CC)(CC)CC)c(F)cn1,CC[Si](CC)(CC)c1cc(Br)ncc1F,2,0,91.2,-40.0,batch_stable,15,15,3,1,1,0,1,1,217.28899999999996,1.7299999999999998,0,6,1,0,1,1,4,0,1,1,0,4,12.89,0,0,0
[Li]c1ccc(Oc2ccc(F)cc2)nc1,Fc1ccc(Oc2ccc(Br)cn2)cc1,9,3,57.0,-78.0,batch_moderate,15,15,3,0,1,0,1,1,195.12199999999999,1.8068,0,12,2,0,1,1,4,0,1,1,1,2,22.12,0,0,0
[Li]c1cc(F)cc2c1cnn2C1CCCCO1,Fc1cc(Br)c2cnn(C3CCCCO3)c2c1,1,0,65.5,-40.0,batch_moderate,17,17,3,0,1,0,1,1,226.17999999999992,1.6683000000000001,1,9,2,0,1,1,5,0,1,2,1,1,27.05,0,0,0
[Li]C1CCCCCC1,BrC1CCCCCC1,1,0,97.0,-40.0,batch_stable,8,8,3,0,0,1,0,1,104.122,2.2976,1,0,0,0,0,0,1,0,1,0,0,0,0.0,0,0,0
[Li]CCCCCCOC1CCCCO1,BrCCCCCCOC1CCCCO1,1,0,58.3,20.0,batch_moderate,14,14,2,0,0,1,0,1,192.22799999999995,2.676800000000001,1,0,0,0,0,0,3,0,1,0,2,7,18.46,0,0,0
[Li]c1nccc2ccccc12,Brc1nccc2ccccc12,1,1,62.5,-78.0,batch_moderate,11,11,3,1,1,0,1,1,135.09499999999997,1.0285999999999997,0,10,2,0,0,0,2,0,1,1,0,0,12.89,0,0,0
[Li]c1cc(CN2CCOCC2)ccc1F,Fc1ccc(CN2CCOCC2)cc1Br,4,4,64.1,-75.0,batch_moderate,15,15,3,0,1,0,1,1,201.16999999999996,0.45169999999999955,1,6,1,0,1,1,4,0,1,1,1,2,12.47,0,0,0
[Li]C(Br)=CC(C)(C)c1ccc(OC)cc1,COc1ccc(C(C)(C)C=C(Br)Br)cc1,1,0,86.0,0.0,batch_stable,15,15,3,1,1,0,0,1,261.08799999999997,3.377600000000002,0,6,1,1,0,1,3,0,1,0,1,3,9.23,0,0,0
[Li]C(Br)=CCc1ccc(OC)cc1,COc1ccc(CC=C(Br)Br)cc1,1,0,93.4,0.0,batch_stable,13,13,3,1,1,0,0,1,233.034,2.642500000000001,0,6,1,1,0,1,3,0,1,0,1,3,9.23,0,0,0
[Li]c1ccc2scc(CCN(C)C)c2c1,CN(C)CCc1csc2ccc(Br)cc12,1,1,18.0,-78.0,batch_unstable,15,15,3,0,1,0,1,1,211.259,1.7992,0,9,2,0,0,0,3,0,1,1,0,3,3.24,0,0,0
[Li]c1ccc(-c2ccccc2)cc1,Brc1ccc(-c2ccccc2)cc1,3,2,71.0,-78.0,batch_moderate,13,13,3,0,1,0,1,1,160.14499999999998,2.1474,0,12,2,0,0,0,1,0,1,0,0,1,0.0,0,0,0
[Li]Cc1ccc(C#N)cc1,N#Cc1ccc(CBr)cc1,1,1,84.7,-78.0,batch_stable,10,10,2,0,0,1,0,1,123.08399999999999,1.22678,0,6,1,0,0,0,2,0,1,1,0,1,23.79,0,0,1
[Li]C(Br)=C[C@H]1[C@@H](C(=O)OC)C1(C)C,COC(=O)[C@@H]1[C@H](C=C(Br)Br)C1(C)C,1,1,51.0,-60.0,batch_moderate,13,13,3,1,1,0,0,1,239.03799999999995,1.8364,1,0,0,1,0,1,4,0,1,0,2,2,26.3,0,1,0
[Li]C(Br)=C[C@@H]1[C@@H](C(=O)OC(C)(C)C)C1(C)C,CC(C)(C)OC(=O)[C@@H]1[C@@H](C=C(Br)Br)C1(C)C,1,1,43.8,-80.0,batch_moderate,16,16,3,1,1,0,0,1,281.11899999999997,3.0051000000000014,1,0,0,1,0,1,4,0,1,0,2,2,26.3,0,1,0
[Li]Cc1ccc(OC)c(-c2cc3c(cc2C)C(C)(C)CC(C)C3C)c1,COc1ccc(CBr)cc1-c1cc2c(cc1C)C(C)(C)CC(C)C2C,4,4,24.0,-78.0,batch_unstable,25,25,2,0,0,1,0,1,328.42500000000007,5.760020000000006,1,12,2,0,0,0,2,0,1,0,1,3,9.23,0,0,0
[Li]c1ccc(C(=O)C2(c3ccc(F)cc3F)CO2)cc1,O=C(c1ccc(I)cc1)C1(c2ccc(F)cc2F)CO1,3,0,92.0,-20.0,batch_stable,20,20,3,0,1,0,1,1,266.17199999999997,1.8670000000000002,1,12,2,0,2,2,5,0,1,0,2,3,29.6,0,0,0
[Li]C1CCCCC1=O,O=C1CCCCC1Br,1,0,72.0,5.0,batch_moderate,8,8,3,0,0,1,0,1,104.07799999999999,1.0865,1,0,0,0,0,0,2,0,1,0,1,0,17.07,0,0,0
[Li]c1c(CCOC)cc(OCOC)cc1OCOC,COCCc1cc(OCOC)cc(OCOC)c1Br,2,2,51.7,-78.0,batch_moderate,19,19,3,0,1,0,1,1,262.23099999999994,0.6346999999999994,0,6,1,0,0,0,6,0,1,0,5,9,46.150000000000006,0,0,0
[Li]c1ccc(N)c(S(N)(=O)=O)c1,Nc1ccc(I)cc1S(N)(=O)=O,4,4,79.65,-78.0,batch_moderate,12,12,3,0,1,0,1,1,178.142,-1.2899999999999994,0,6,1,0,0,0,6,0,1,2,2,1,86.18,0,0,0
[Li]c1ccc(CCc2ccc(Br)cc2)cc1,Brc1ccc(CCc2ccc(Br)cc2)cc1,1,0,63.0,0.0,batch_moderate,16,16,3,0,1,0,1,1,267.09499999999997,3.028100000000001,0,12,2,1,0,1,2,0,1,0,0,3,0.0,0,0,0
[Li]c1cccc(Br)c1,Brc1cccc(Br)c1,18,14,62.42857142857143,-77.57142857142857,batch_moderate,8,8,3,0,1,0,1,1,162.943,1.2429,0,6,1,1,0,1,2,0,1,0,0,0,0.0,0,0,0
[Li]c1sc(-c2nc(-c3c(F)cccc3Cl)nn2C)c(C)c1Br,Cc1c(-c2nc(-c3c(F)cccc3Cl)nn2C)sc(Br)c1Br,4,0,56.14999999999999,25.0,batch_moderate,22,22,3,0,1,0,1,1,392.61000000000007,3.867820000000002,0,16,3,1,1,3,8,0,1,3,0,2,30.71,0,0,0
[Li]c1sc(-c2ccc(OC(F)(F)F)cc2)cc1-c1nc(-c2c(F)cccc2Cl)nn1C,Cn1nc(-c2c(F)cccc2Cl)nc1-c1cc(-c2ccc(OC(F)(F)F)cc2)sc1Br,3,0,34.9,0.0,batch_moderate,31,31,3,0,1,0,1,1,459.7810000000001,5.3625000000000025,0,22,4,0,4,5,11,0,1,3,1,4,39.940000000000005,0,0,0
[Li]c1ccc(F)c(F)c1,Fc1ccc(Br)cc1F,4,4,57.125,-78.0,batch_moderate,9,9,3,0,1,0,1,1,120.027,0.7586,0,6,1,0,2,2,3,0,1,0,0,0,0.0,0,0,0
[Li]c1cccc2cccnc12,Brc1cccc2cccnc12,6,5,65.16,-79.6,batch_moderate,11,11,3,0,1,0,1,1,135.095,1.0286,0,10,2,0,0,0,2,0,1,1,0,0,12.89,0,0,0
[Li]c1cc(O)c2c(c1)C(C)(C)CCC2(C)C,CC1(C)CCC(C)(C)c2c(O)cc(Br)cc21,3,3,67.0,-78.0,batch_moderate,16,16,3,0,1,0,1,1,210.24599999999995,2.535000000000001,1,6,1,0,0,0,2,0,1,0,1,0,20.23,0,0,0
[Li]c1cc(C(=O)O)c(F)c(F)c1F,O=C(O)c1cc(Br)c(F)c(F)c1F,1,1,81.9,-78.0,batch_stable,13,13,3,0,1,0,1,1,182.02599999999995,0.5958999999999999,0,6,1,0,3,3,6,0,1,0,2,1,37.3,0,1,0
[Li]c1cn(COCC[Si](C)(C)C)cn1,C[Si](C)(C)CCOCn1cnc(I)c1,2,2,73.2,-78.0,batch_moderate,14,14,3,1,1,0,1,1,204.275,0.9891999999999996,0,5,1,0,0,0,5,0,1,2,1,5,27.05,0,0,0
[Li]c1ccc(OC)cc1C(OC)OC,COc1ccc(Br)c(C(OC)OC)c1,1,1,100.0,-78.0,batch_stable,14,14,3,0,1,0,1,1,188.15199999999996,0.7804,0,6,1,0,0,0,4,0,1,0,3,4,27.69,0,0,0
[Li]c1ccc(C(F)(F)F)cc1C(OC)OC,COC(OC)c1cc(C(F)(F)F)ccc1Br,1,1,99.9,-78.0,batch_stable,16,16,3,0,1,0,1,1,226.12300000000002,1.7906,0,6,1,0,3,3,6,0,1,0,2,3,18.46,0,0,0
[Li]c1cccc(F)c1NC(=O)C(C)(C)C,CC(C)(C)C(=O)Nc1c(F)cccc1Br,2,2,80.0,-78.0,batch_stable,15,15,3,0,1,0,1,1,201.17,1.6041,0,6,1,0,1,1,4,0,1,1,1,1,29.1,0,0,0
[Li]c1ccc(CC(=O)O)c(OC)c1,COc1cc(Br)ccc1CC(=O)O,1,1,76.2,-78.0,batch_moderate,13,13,3,0,1,0,1,1,172.10899999999998,0.11610000000000004,0,6,1,0,0,0,4,0,1,0,3,3,46.53,0,1,0
[Li]c1ccccc1CO,OCc1ccccc1I,9,3,59.56666666666666,-78.0,batch_moderate,9,9,3,0,1,0,1,1,114.073,-0.027299999999999935,0,6,1,0,0,0,2,0,1,0,1,1,20.23,0,0,0
[Li]c1ccc2cccnc2c1OS(=O)(=O)c1ccc(C)cc1,Cc1ccc(S(=O)(=O)Oc2c(Br)ccc3cccnc23)cc1,2,2,42.0,-78.0,batch_moderate,22,22,3,0,1,0,1,1,305.28400000000005,2.10472,0,16,3,0,0,0,6,0,1,1,3,3,56.26,0,0,0
[Li]c1sccc1CCO[Si](C)(C)C(C)(C)C,CC(C)(C)[Si](C)(C)OCCc1ccsc1Br,2,2,56.3,-78.0,batch_moderate,16,16,3,0,1,0,1,1,248.39299999999997,3.106200000000001,0,5,1,0,0,0,4,0,1,0,1,4,9.23,0,0,0
[Li]c1c(C)cc(OCCOCC)cc1C,CCOCCOc1cc(C)c(Br)c(C)c1,1,1,67.7,-78.0,batch_moderate,15,15,3,0,1,0,1,1,200.207,1.51254,0,6,1,0,0,0,3,0,1,0,2,5,18.46,0,0,0
[Li]c1c(C)cc(O[Si](C)(C)C(C)(C)C)cc1C,Cc1cc(O[Si](C)(C)C(C)(C)C)cc(C)c1Br,1,1,53.5,-78.0,batch_moderate,17,17,3,0,1,0,1,1,242.36399999999998,3.4812400000000023,0,6,1,0,0,0,3,0,1,0,1,2,9.23,0,0,0
[Li]c1c(C)cc(OCc2ccccc2)cc1C,Cc1cc(OCc2ccccc2)cc(C)c1Br,1,1,60.1,-78.0,batch_moderate,17,17,3,0,1,0,1,1,218.22500000000002,2.676240000000001,0,12,2,0,0,0,2,0,1,0,1,3,9.23,0,0,0
[Li]c1ccc2c(c1)CCC2=O,O=C1CCc2cc(Br)ccc21,6,0,95.2,-15.0,batch_stable,11,11,3,0,1,0,1,1,138.095,0.6093,1,6,1,0,0,0,2,0,1,0,1,0,17.07,0,0,0
[Li]c1ccc2c(c1)CCCN(C(=O)OC(C)(C)C)C2,CC(C)(C)OC(=O)N1CCCc2cc(Br)ccc2C1,2,2,41.0,-78.0,batch_moderate,19,19,3,0,1,0,1,1,253.27099999999996,2.1637000000000004,1,6,1,0,0,0,4,0,1,1,2,0,29.540000000000003,0,1,0
[Li]c1cc(C23CC4CC(CC(C4)C2)C3)c(OCc2ccccc2)cc1C,Cc1cc(OCc2ccccc2)c(C23CC4CC(CC(C4)C2)C3)cc1Br,1,1,60.4,-78.0,batch_moderate,26,26,3,0,1,0,1,1,338.42,4.835620000000005,4,12,2,0,0,0,2,0,1,0,1,4,9.23,0,0,0
[Li]c1cc2c(c(C34CC5CC(CC(C5)C3)C4)c1)OCO2,Brc1cc2c(c(C34CC5CC(CC(C5)C3)C4)c1)OCO2,1,1,65.5,-78.0,batch_moderate,20,20,3,0,1,0,1,1,262.27799999999996,2.6769000000000007,5,6,1,0,0,0,3,0,1,0,2,1,18.46,0,0,0
[Li]c1cc(OC)c(OCc2ccccc2)c(C23CC4CC(CC(C4)C2)C3)c1,COc1cc(Br)cc(C23CC4CC(CC(C4)C2)C3)c1OCc1ccccc1,1,1,87.9,-78.0,batch_stable,27,27,3,0,1,0,1,1,354.4190000000002,4.5358000000000045,4,12,2,0,0,0,3,0,1,0,2,5,18.46,0,0,0
[Li]c1c(C)cc(F)cc1C,Cc1cc(F)cc(C)c1I,1,1,61.9,-75.0,batch_moderate,10,10,3,0,1,0,1,1,130.09099999999998,1.23634,0,6,1,0,1,1,2,0,1,0,0,0,0.0,0,0,0
[Li]c1ccc(NCc2ccccc2F)nc1,Fc1ccccc1CNc1ccc(Br)cn1,1,1,93.7,-78.0,batch_stable,16,16,3,0,1,0,1,1,208.165,1.6266,0,12,2,0,1,1,4,0,1,2,0,3,24.92,0,0,0
[Li]c1ccc(NCc2ccccc2Cl)nc1F,Fc1nc(NCc2ccccc2Cl)ccc1Br,9,9,51.33333333333334,-78.0,batch_moderate,17,17,3,0,1,0,1,1,242.60999999999999,2.2800000000000002,0,12,2,0,1,2,5,0,1,2,0,3,24.92,0,0,0
[Li]c1c(-c2ccc(Oc3ccccc3)cc2)c2c(NC(=O)OC(C)(C)C)ncnc2n1[C@@H]1CCN(C(=O)OC(C)(C)C)C1,CC(C)(C)OC(=O)Nc1ncnc2c1c(-c1ccc(Oc3ccccc3)cc1)c(Br)n2[C@@H]1CCN(C(=O)OC(C)(C)C)C1,2,2,8.2,-78.0,batch_unstable,43,43,3,1,1,0,1,1,577.6110000000002,6.213300000000006,1,21,4,0,0,0,11,0,1,5,5,5,107.81000000000002,0,1,0
[Li]c1cccc(OC(F)(F)F)c1,FC(F)(F)Oc1cccc(Br)c1,3,3,74.33333333333333,-78.0,batch_moderate,12,12,3,0,1,0,1,1,168.043,1.379,0,6,1,0,3,3,5,0,1,0,1,1,9.23,0,0,0
[Li]c1ccc(C(F)(F)F)nc1,FC(F)(F)c1ccc(Br)cn1,1,1,22.7,-78.0,batch_unstable,11,11,3,0,1,0,1,1,153.032,0.8942,0,6,1,0,3,3,5,0,1,1,0,0,12.89,0,0,0
[Li]c1c(C)c([C@H](OC(C)(C)C)C(=O)OCC)c(OS(=O)(=O)C(F)(F)F)c2ccccc12,CCOC(=O)[C@@H](OC(C)(C)C)c1c(C)c(Br)c2ccccc2c1OS(=O)(=O)C(F)(F)F,1,0,40.2,23.0,batch_moderate,31,31,3,0,1,0,1,1,454.39200000000005,3.5897200000000025,0,10,2,0,3,3,11,0,1,0,6,6,78.9,0,1,0
[Li]c1ccc(F)c(C(F)(F)F)c1,Fc1ccc(Br)cc1C(F)(F)F,1,1,84.0,-78.0,batch_stable,12,12,3,0,1,0,1,1,170.034,1.6383,0,6,1,0,4,4,5,0,1,0,0,0,0.0,0,0,0
[Li]c1ccc(C(O)(C(F)(F)F)C(F)(F)F)cc1CCC,CCCc1cc(C(O)(C(F)(F)F)C(F)(F)F)ccc1Br,1,1,48.4,-78.0,batch_moderate,20,20,3,0,1,0,1,1,292.148,2.7451000000000008,0,6,1,0,6,6,8,0,1,0,1,3,20.23,0,0,0
[Li]c1ccc([Si](C)(C)C)c(F)c1,C[Si](C)(C)c1ccc(Br)cc1F,1,1,99.0,-78.0,batch_stable,12,12,3,0,1,0,1,1,174.21999999999997,1.1647,0,6,1,0,1,1,3,0,1,0,0,1,0.0,0,0,0
[Li]c1c2c(n3c1C(=O)NCC3)CCCC2,O=C1NCCn2c3c(c(Br)c21)CCCC3,5,5,16.3,-78.0,batch_unstable,15,15,3,0,1,0,1,1,196.17899999999992,-0.09590000000000032,2,5,1,0,0,0,4,0,1,2,1,0,34.03,0,0,0
[Li]c1cncc2c(=O)oc(-c3cccc(C(F)(F)F)c3)nc12,O=c1oc(-c2cccc(C(F)(F)F)c2)nc2c(Br)cncc12,1,1,77.2,-78.0,batch_moderate,22,22,3,0,1,0,1,1,298.149,2.0625999999999998,0,16,3,0,3,3,8,0,1,2,2,1,55.99,0,0,0
[Li]c1ccccc1SCC,CCSc1ccccc1Br,3,3,46.0,-70.0,batch_moderate,10,10,3,0,1,0,1,1,144.16799999999998,1.5924,0,6,1,0,0,0,2,0,1,0,0,2,0.0,0,0,0
[Li]c1ccc(OC)cc1OCOC,COCOc1cc(OC)ccc1Br,3,0,83.6,23.0,batch_stable,13,13,3,0,1,0,1,1,174.12499999999997,0.4716999999999999,0,6,1,0,0,0,4,0,1,0,3,4,27.69,0,0,0
[Li]c1ccc(N=NN2CCCC2)cc1,Brc1ccc(N=NN2CCCC2)cc1,1,1,97.0,-78.0,batch_stable,14,14,3,0,1,0,1,1,181.168,1.5749,1,6,1,0,0,0,4,0,1,3,0,2,27.96,0,0,0
[Li]CCNC(=O)OCc1ccccc1,O=C(NCCBr)OCc1ccccc1,2,1,21.1,-78.0,batch_unstable,14,14,2,0,0,1,0,1,185.15200000000002,1.4996,0,6,1,0,0,0,4,0,1,1,2,4,38.33,0,1,0
[Li]c1nc(C)cs1,Cc1csc(Br)n1,1,1,24.4,-78.0,batch_unstable,7,7,3,1,1,0,1,1,105.09099999999998,0.24531999999999998,0,5,1,0,0,0,3,0,1,1,0,0,12.89,0,0,0
[Li]c1ncc(C)s1,Cc1cnc(Br)s1,2,2,17.1,-78.0,batch_unstable,7,7,3,1,1,0,1,1,105.09100000000001,0.24531999999999987,0,5,1,0,0,0,3,0,1,1,0,0,12.89,0,0,0
[Li]c1c(Cl)cc(C(N)=O)c2[nH]c3cc(C(=O)OCC)ccc3c12,CCOC(=O)c1ccc2c(c1)[nH]c1c(C(N)=O)cc(Cl)c(Br)c12,1,1,78.0,-78.0,batch_moderate,23,23,3,0,1,0,1,1,322.6770000000001,2.0439,0,13,3,0,0,1,7,0,1,2,3,3,85.18,0,1,0
[Li]c1c(F)cc(C(N)=O)c2[nH]c3c(c12)CCC(C(=O)OCC)C3,CCOC(=O)C1CCc2c([nH]c3c(C(N)=O)cc(F)c(Br)c23)C1,1,1,96.0,-78.0,batch_stable,23,23,3,0,1,0,1,1,310.2540000000001,0.8676999999999999,1,9,2,0,1,1,7,0,1,2,3,3,85.18,0,1,0
[Li]c1c(F)cc(C(N)=O)c2[nH]c3cc(C(=O)OCC)ccc3c12,CCOC(=O)c1ccc2c(c1)[nH]c1c(C(N)=O)cc(F)c(Br)c12,1,1,50.0,-78.0,batch_moderate,23,23,3,0,1,0,1,1,306.22200000000004,1.5296000000000003,0,13,3,0,1,1,7,0,1,2,3,3,85.18,0,1,0
[Li]c1c(C)cc(C(N)=O)c2[nH]c3cc(C(=O)OCC)ccc3c12,CCOC(=O)c1ccc2c(c1)[nH]c1c(C(N)=O)cc(C)c(Br)c12,1,1,85.0,-78.0,batch_stable,23,23,3,0,1,0,1,1,302.259,1.6989199999999998,0,13,3,0,0,0,6,0,1,2,3,3,85.18,0,1,0
[Li]c1ccccc1OC,COc1ccccc1Br,8,7,78.54285714285713,-73.42857142857143,batch_moderate,9,9,3,0,1,0,1,1,114.073,0.489,0,6,1,0,0,0,2,0,1,0,1,1,9.23,0,0,0
[Li]c1ccc(SC2CCCC2)nc1,Brc1ccc(SC2CCCC2)nc1,1,0,23.2,0.0,batch_unstable,13,13,3,0,1,0,1,1,185.22099999999998,1.9101000000000001,1,6,1,0,0,0,3,0,1,1,0,2,12.89,0,0,0
[Li]c1cncc(F)c1,Fc1cncc(Br)c1,6,2,58.1,-64.0,batch_moderate,8,8,3,0,1,0,1,1,103.02499999999999,0.014500000000000068,0,6,1,0,1,1,3,0,1,1,0,0,12.89,0,0,0
[Li]c1ccc2cc(O[C@H]3CC[C@H](C(C)(C)C)CC3)ccc2c1,CC(C)(C)[C@H]1CC[C@H](Oc2ccc3cc(Br)ccc3c2)CC1,3,3,59.79999999999999,-78.0,batch_moderate,22,22,3,0,1,0,1,1,288.35999999999996,4.617300000000005,1,10,2,0,0,0,2,0,1,0,1,2,9.23,0,0,0
[Li]c1ccc(OCCCCCCCC)cc1,CCCCCCCCOc1ccc(Br)cc1,3,3,61.79999999999999,-78.0,batch_moderate,16,16,3,0,1,0,1,1,212.26199999999997,3.2197000000000022,0,6,1,0,0,0,2,0,1,0,1,8,9.23,0,0,0
[Li]c1ccc(O[Si](C(C)C)(C(C)C)C(C)C)c2c1OCC2(C)C,CC(C)[Si](Oc1ccc(Br)c2c1C(C)(C)CO2)(C(C)C)C(C)C,2,0,60.7,0.0,batch_moderate,23,23,3,0,1,0,1,1,326.4820000000001,4.704700000000004,1,6,1,0,0,0,4,0,1,0,2,5,18.46,0,0,0
[Li]c1cccc2c1CC(=O)N2,O=C1Cc2c(Br)cccc2N1,2,2,26.6,-78.0,batch_unstable,11,11,3,0,1,0,1,1,139.083,-0.025000000000000078,1,6,1,0,0,0,3,0,1,1,1,0,29.1,0,0,0
[Li]c1ccc2ccncc2c1,Brc1ccc2ccncc2c1,1,1,100.0,-78.0,batch_stable,11,11,3,0,1,0,1,1,135.095,1.0286,0,10,2,0,0,0,2,0,1,1,0,0,12.89,0,0,0
[Li]CCc1ccccc1,BrCCc1ccccc1,2,0,41.95,15.0,batch_moderate,9,9,2,0,0,1,0,1,112.10099999999997,1.8159,0,6,1,0,0,0,1,0,1,0,0,2,0.0,0,0,0
[Li]c1cnc(N)c(Oc2ccc(C)nc2C)c1,Cc1ccc(Oc2cc(Br)cnc2N)c(C)n1,3,3,61.1,-78.0,batch_moderate,17,17,3,0,1,0,1,1,221.189,1.26174,0,12,2,0,0,0,5,0,1,3,1,2,61.03,0,0,0
[Li]c1cc(C)ccc1F,Cc1ccc(F)c(Br)c1,3,0,84.9,-10.0,batch_stable,9,9,3,0,1,0,1,1,116.06399999999998,0.9279200000000001,0,6,1,0,1,1,2,0,1,0,0,0,0.0,0,0,0
[Li]c1nc(C(C)(C)C)n(COCC[Si](C)(C)C)c1Br,CC(C)(C)c1nc(Br)c(Br)n1COCC[Si](C)(C)C,4,4,43.25,-78.0,batch_moderate,19,19,3,1,1,0,1,1,339.27899999999994,3.0492000000000017,0,5,1,1,0,1,6,0,1,2,1,5,27.05,0,0,0
[Li]c1nc(-c2ccc(C(F)(F)F)cc2)n(COCC[Si](C)(C)C)c1Br,C[Si](C)(C)CCOCn1c(-c2ccc(C(F)(F)F)cc2)nc(Br)c1Br,3,0,82.0,-40.0,batch_stable,25,25,3,1,1,0,1,1,427.2660000000001,4.4375000000000036,0,11,2,1,3,4,9,0,1,2,1,6,27.05,0,0,0
[Li]c1nc(C(=O)O)c2n1CCN(C(=O)OC(C)(C)C)C2,CC(C)(C)OC(=O)N1CCn2c(Br)nc(C(=O)O)c2C1,2,2,45.1,-78.0,batch_moderate,20,20,3,2,1,0,1,1,273.218,0.12580000000000013,1,5,1,0,0,0,8,0,1,3,4,1,84.66000000000001,0,1,0
[Li]c1ccc(-n2ccnc2C)s1,Cc1nccn1-c1ccc(Br)s1,2,2,31.8,-78.0,batch_moderate,12,12,3,0,1,0,1,1,170.166,1.03602,0,10,2,0,0,0,4,0,1,2,0,1,17.82,0,0,0
[Li]c1ccc(C=O)cc1,O=Cc1ccc(Br)cc1,9,2,78.5,-79.0,batch_moderate,9,9,3,0,1,0,1,1,112.05699999999997,0.29290000000000005,0,6,1,0,0,0,2,0,1,0,1,1,17.07,0,0,0
[Li]c1ccc(NC(=O)c2nc(C#N)c[nH]2)c(C2=CCC(C)(C)CC2)c1,CC1(C)CC=C(c2cc(Br)ccc2NC(=O)c2nc(C#N)c[nH]2)CC1,7,2,45.1,-78.0,batch_moderate,25,25,3,0,1,0,1,1,326.3290000000001,2.920980000000001,1,11,2,0,0,0,6,0,1,4,1,3,81.57,0,0,1
[Li]c1c(CC2(N=C=O)CCN(C(=O)OC(C)(C)C)CC2)cnn1C(C)(C)C,CC(C)(C)OC(=O)N1CCC(Cc2cnn(C(C)(C)C)c2Br)(N=C=O)CC1,3,3,74.1,-78.0,batch_moderate,27,27,3,1,1,0,1,1,368.4070000000001,2.0798999999999985,1,5,1,0,0,0,8,0,1,4,3,3,76.78999999999999,0,1,0
[Li]c1nn(C(C)C)cc1CC1(N=C=O)CCN(C(=O)OC(C)(C)C)CC1,CC(C)n1cc(CC2(N=C=O)CCN(C(=O)OC(C)(C)C)CC2)c(I)n1,3,3,63.20000000000001,-78.0,batch_moderate,26,26,3,1,1,0,1,1,354.3800000000001,1.905799999999999,1,5,1,0,0,0,8,0,1,4,3,4,76.79,0,1,0
[Li]c1ccc2ccnc(Cl)c2c1,Clc1nccc2ccc(Br)cc12,4,3,73.0,-78.0,batch_moderate,12,12,3,0,1,0,1,1,169.54,1.682,0,10,2,0,0,1,3,0,1,1,0,0,12.89,0,0,0
[Li]c1nccn1C,Cn1ccnc1Br,2,2,29.1,-75.0,batch_unstable,7,7,3,2,1,0,1,1,88.039,-0.7861000000000002,0,5,1,0,0,0,3,0,1,2,0,0,17.82,0,0,0
[Li]c1cnn(-c2ccc(OC)cc2)c1,COc1ccc(-n2cc(Br)cn2)cc1,3,3,19.8,-78.0,batch_unstable,14,14,3,0,1,0,1,1,180.136,0.6747000000000001,0,11,2,0,0,0,4,0,1,2,1,2,27.05,0,0,0
[Li]c1c2ccccc2c(-c2ccccc2)c2ccccc12,Brc1c2ccccc2c(-c2ccccc2)c2ccccc12,10,10,81.95,-78.2,batch_stable,21,21,3,0,1,0,1,1,260.26500000000004,4.453800000000003,0,20,4,0,0,0,1,0,1,0,0,1,0.0,0,0,0
[Li]c1cccc(O[Si](C)(C)C(C)(C)C)c1,CC(C)(C)[Si](C)(C)Oc1cccc(Br)c1,7,7,80.35714285714286,-78.0,batch_stable,15,15,3,0,1,0,1,1,214.30999999999997,2.8644000000000016,0,6,1,0,0,0,3,0,1,0,1,2,9.23,0,0,0
[Li]c1cncc(C#CC)c1,CC#Cc1cncc(Br)c1,6,5,87.5,-50.0,batch_stable,10,10,3,0,1,0,1,1,123.08399999999997,0.24680000000000013,0,6,1,0,0,0,2,0,1,1,0,0,12.89,0,0,0
[Li]c1cccc(C#CC)c1,CC#Cc1cccc(Br)c1,3,3,73.5,-78.0,batch_moderate,10,10,3,0,1,0,1,1,122.09599999999999,0.8518,0,6,1,0,0,0,1,0,1,0,0,0,0.0,0,0,0
[Li]c1cc(Br)ccc1CC1(C#N)CCC1,N#CC1(Cc2ccc(Br)cc2I)CCC1,3,3,63.0,-78.0,batch_moderate,15,15,3,0,1,0,1,1,256.07199999999995,2.479280000000001,1,6,1,1,0,1,3,0,1,1,0,2,23.79,0,0,1
[Li]c1cc(Br)ccc1CC1(C#N)CC1,N#CC1(Cc2ccc(Br)cc2I)CC1,3,3,51.0,-78.0,batch_moderate,14,14,3,0,1,0,1,1,242.04499999999996,2.0891800000000003,1,6,1,1,0,1,3,0,1,1,0,2,23.79,0,0,1
[Li]c1cnccc1C(F)(F)F,FC(F)(F)c1ccncc1Br,1,1,15.0,-78.0,batch_unstable,11,11,3,0,1,0,1,1,153.03199999999998,0.8942000000000001,0,6,1,0,3,3,5,0,1,1,0,0,12.89,0,0,0
[Li]c1cccc(-c2cc(Oc3ccc(C(F)(F)F)cc3)n(CC)n2)c1,CCn1nc(-c2cccc(Br)c2)cc1Oc1ccc(C(F)(F)F)cc1,1,1,82.3,-78.0,batch_stable,25,25,3,0,1,0,1,1,338.25800000000004,4.174900000000003,0,17,3,0,3,3,7,0,1,2,1,4,27.05,0,0,0
[Li]c1cncc(-c2cc(Oc3ccc(C(F)(F)F)cc3)n(CC)n2)c1,CCn1nc(-c2cncc(Br)c2)cc1Oc1ccc(C(F)(F)F)cc1,1,1,66.4,-78.0,batch_moderate,25,25,3,0,1,0,1,1,339.24600000000004,3.5699000000000023,0,17,3,0,3,3,8,0,1,3,1,4,39.94,0,0,0
[Li]c1cc(C(=O)O)c(C)cc1C,Cc1cc(C)c(C(=O)O)cc1I,2,2,74.4,-78.0,batch_moderate,12,12,3,0,1,0,1,1,156.10999999999999,0.7954399999999999,0,6,1,0,0,0,3,0,1,0,2,1,37.3,0,1,0
[Li]c1cc(C(=O)O)c(CC)cc1CC,CCc1cc(CC)c(C(=O)O)cc1I,1,1,24.8,-78.0,batch_unstable,14,14,3,0,1,0,1,1,184.16399999999996,1.3034,0,6,1,0,0,0,3,0,1,0,2,3,37.3,0,1,0
[Li]c1cc(C(=O)O)c(CC)cc1C,CCc1cc(C)c(I)cc1C(=O)O,1,0,13.6,25.0,batch_unstable,13,13,3,0,1,0,1,1,170.13699999999997,1.04942,0,6,1,0,0,0,3,0,1,0,2,2,37.3,0,1,0
[Li]c1cc(C(=O)O)c(CC)cc1C1CCC1,CCc1cc(C2CCC2)c(I)cc1C(=O)O,1,0,68.6,25.0,batch_moderate,16,16,3,0,1,0,1,1,210.20199999999994,2.0084999999999997,1,6,1,0,0,0,3,0,1,0,2,3,37.3,0,1,0
[Li]c1cc(C(=O)O)c(C)cc1C1CCC1,Cc1cc(C2CCC2)c(I)cc1C(=O)O,3,3,45.73333333333333,-78.0,batch_moderate,15,15,3,0,1,0,1,1,196.17499999999995,1.7545199999999999,1,6,1,0,0,0,3,0,1,0,2,2,37.3,0,1,0
[Li]c1ccc(C(C)=O)cc1,CC(=O)c1ccc(Br)cc1,2,0,71.75,60.0,batch_moderate,10,10,3,0,1,0,1,1,126.08399999999997,0.683,0,6,1,0,0,0,2,0,1,0,1,1,17.07,0,0,0
[Li]C[C@H]1CCCO1,IC[C@H]1CCCO1,1,1,34.0,-78.0,batch_moderate,7,7,2,0,0,1,0,1,92.06700000000001,0.7522,1,0,0,0,0,0,2,0,1,0,1,1,9.23,0,0,0
[Li]CC1CCOC1,ICC1CCOC1,3,3,79.2,-78.0,batch_moderate,7,7,2,0,0,1,0,1,92.06700000000001,0.6097,1,0,0,0,0,0,2,0,1,0,1,1,9.23,0,0,0
[Li]CC1COC1,ICC1COC1,1,1,69.5,-78.0,batch_moderate,6,6,2,0,0,1,0,1,78.04,0.2195999999999999,1,0,0,0,0,0,2,0,1,0,1,1,9.23,0,0,0
[Li]CC1CCC1,BrCC1CCC1,1,1,29.0,-78.0,batch_unstable,6,6,2,0,0,1,0,1,76.06800000000001,1.3733,1,0,0,0,0,0,1,0,1,0,0,1,0.0,0,0,0
[Li]c1ccc(-c2c3ccccc3c(-c3ccccc3)c3ccccc23)cc1,Brc1ccc(-c2c3ccccc3c(-c3ccccc3)c3ccccc23)cc1,5,5,83.84,-78.0,batch_stable,27,27,3,0,1,0,1,1,336.36300000000006,6.1208000000000045,0,26,5,0,0,0,1,0,1,0,0,2,0.0,0,0,0
[Li]c1ccc(F)cc1C1OCCO1,Fc1ccc(Br)c(C2OCCO2)c1,2,2,76.8,-74.0,batch_moderate,13,13,3,0,1,0,1,1,174.09999999999997,0.6649,1,6,1,0,1,1,4,0,1,0,2,1,18.46,0,0,0
[Li]c1ccc2ccc3ccc(OCCC4CC4)cc3c2c1,Brc1ccc2ccc3ccc(OCCC4CC4)cc3c2c1,2,2,36.2,-78.0,batch_moderate,21,21,3,0,1,0,1,1,268.2849999999999,3.9657000000000036,1,14,3,0,0,0,2,0,1,0,1,4,9.23,0,0,0
[Li]c1cccc2cc[nH]c12,Brc1cccc2cc[nH]c12,10,1,80.6,-78.0,batch_stable,10,10,3,0,1,0,1,1,123.08399999999999,0.9617,0,9,2,0,0,0,2,0,1,1,0,0,15.79,0,0,0
[Li]c1cc(C=O)cc2ccccc12,O=Cc1cc(Br)c2ccccc2c1,1,1,87.1,-78.0,batch_stable,13,13,3,0,1,0,1,1,162.117,1.4461,0,10,2,0,0,0,2,0,1,0,1,1,17.07,0,0,0
[Li]c1cc(Cc2cc3ccccc3s2)cc2ccccc12,Brc1cc(Cc2cc3ccccc3s2)cc2ccccc12,1,1,75.2,-78.0,batch_moderate,21,21,3,0,1,0,1,1,280.321,4.439100000000003,0,19,4,0,0,0,2,0,1,0,0,2,0.0,0,0,0
[Li]c1cccc(C(F)(F)F)n1,FC(F)(F)c1cccc(Br)n1,2,2,69.85,-78.0,batch_moderate,11,11,3,1,1,0,1,1,153.032,0.8942000000000001,0,6,1,0,3,3,5,0,1,1,0,0,12.89,0,0,0
[Li]c1cccc(-c2ccc(C)s2)c1,Cc1ccc(-c2cccc(Br)c2)s1,1,1,45.6,-78.0,batch_moderate,13,13,3,0,1,0,1,1,180.201,2.5173200000000007,0,11,2,0,0,0,2,0,1,0,0,1,0.0,0,0,0
[Li]c1cccc(C=O)n1,O=Cc1cccc(Br)n1,1,0,52.0,-10.0,batch_moderate,9,9,3,1,1,0,1,1,113.045,-0.31210000000000004,0,6,1,0,0,0,3,0,1,1,1,1,29.96,0,0,0
[Li]c1sc(Cl)cc1OC,COc1cc(Cl)sc1Br,1,1,62.9,-78.0,batch_moderate,9,9,3,0,1,0,1,1,154.547,1.2039,0,5,1,0,0,1,4,0,1,0,1,1,9.23,0,0,0
[Li]c1cccnc1Oc1ccccc1C(C)(C)C,CC(C)(C)c1ccccc1Oc1ncccc1I,1,1,92.5,-78.0,batch_stable,18,18,3,0,1,0,1,1,233.23999999999998,2.965200000000001,0,12,2,0,0,0,3,0,1,1,1,2,22.12,0,0,0
[Li]c1cncc(C(C)(C)O[SiH2]C(C)(C)C)c1,CC(C)(C)[SiH2]OC(C)(C)c1cncc(Br)c1,1,1,69.3,-75.0,batch_moderate,16,16,3,0,1,0,1,1,229.32499999999996,1.4293,0,6,1,0,0,0,4,0,1,1,1,3,22.12,0,0,0
[Li]c1ccc2scc(CCc3ccccc3)c2c1,Brc1ccc2scc(CCc3ccccc3)c2c1,1,0,95.3,0.0,batch_stable,18,18,3,0,1,0,1,1,244.288,3.4803000000000024,0,15,3,0,0,0,2,0,1,0,0,3,0.0,0,0,0
[Li]c1ccc(F)c(F)c1F,Fc1ccc(Br)c(F)c1F,5,3,94.5,-78.0,batch_stable,10,10,3,0,1,0,1,1,138.017,0.8977,0,6,1,0,3,3,4,0,1,0,0,0,0.0,0,0,0
[Li]c1cnc2c(ccn2[Si](C(C)C)(C(C)C)C(C)C)c1,CC(C)[Si](C(C)C)(C(C)C)n1ccc2cc(Br)cnc21,7,7,64.21428571428571,-78.0,batch_moderate,20,20,3,0,1,0,1,1,280.417,3.8537000000000035,0,9,2,0,0,0,4,0,1,2,0,4,17.82,0,0,0
[Li]c1cccc(CO[SiH](C)C)c1,C[SiH](C)OCc1cccc(Br)c1,3,3,74.4,-78.0,batch_moderate,12,12,3,0,1,0,1,1,172.229,0.9803999999999999,0,6,1,0,0,0,3,0,1,0,1,3,9.23,0,0,0
[Li]CC=Cc1ccccc1,BrCC=Cc1ccccc1,3,2,84.6,-50.0,batch_stable,10,10,2,0,0,1,0,1,124.11199999999997,2.2866,0,6,1,0,0,0,1,0,1,0,0,2,0.0,0,0,0
[Li]c1ncccc1OC,COc1cccnc1Br,6,4,90.4,-78.0,batch_stable,9,9,3,1,1,0,1,1,115.06099999999999,-0.11600000000000021,0,6,1,0,0,0,3,0,1,1,1,1,22.12,0,0,0
[Li]c1ncccc1OCOC,COCOc1cccnc1Br,4,4,88.5,-78.0,batch_stable,11,11,3,1,1,0,1,1,145.087,-0.14190000000000014,0,6,1,0,0,0,4,0,1,1,2,3,31.35,0,0,0
[Li]c1cc(OC)ccc1OC1CCCCO1,COc1ccc(OC2CCCCO2)c(Br)c1,2,2,59.4,-78.0,batch_moderate,16,16,3,0,1,0,1,1,214.18999999999994,1.3943999999999999,1,6,1,0,0,0,4,0,1,0,3,3,27.69,0,0,0
[Li]C[C@H](C)[C@H]1CCC2C(O[Si](C)(C)C)CCC[C@@]21C,C[C@@H](CI)[C@H]1CCC2C(O[Si](C)(C)C)CCC[C@@]21C,3,3,50.0,-78.0,batch_moderate,19,19,2,0,0,1,0,1,274.45,4.645800000000005,2,0,0,0,0,0,3,0,1,0,1,4,9.23,0,0,0
[Li]c1ccc(OCOC)cc1,COCOc1ccc(Br)cc1,3,2,64.0,-78.0,batch_moderate,11,11,3,0,1,0,1,1,144.09900000000002,0.46309999999999996,0,6,1,0,0,0,3,0,1,0,2,3,18.46,0,0,0
[Li]c1ccc(-c2ccccc2)c2c3c(c(-c4ccccc4)cc12)-c1cccc2cccc-3c12,Brc1ccc(-c2ccccc2)c2c3c(c(-c4ccccc4)cc12)-c1cccc2cccc-3c12,1,1,54.3,-80.0,batch_moderate,33,33,3,0,1,0,1,1,410.4450000000001,7.7682000000000055,1,32,6,0,0,0,1,0,1,0,0,2,0.0,0,0,0
[Li]c1ccc(C2CN(Cc3ccccc3)CCO2)cc1,Brc1ccc(C2CN(Cc3ccccc3)CCO2)cc1,6,6,58.0,-78.0,batch_moderate,20,20,3,0,1,0,1,1,259.278,2.0539,1,12,2,0,0,0,3,0,1,1,1,3,12.47,0,0,0
[Li]c1cccc(CN2CCC(F)(F)CC2)c1,FC1(F)CCN(Cc2cccc(Br)c2)CC1,2,2,43.2,-78.0,batch_moderate,16,16,3,0,1,0,1,1,217.188,1.7115,1,6,1,0,2,2,4,0,1,1,0,2,3.24,0,0,0
[Li]c1ccc([C@](C)(B2OC(C)(C)C(C)(C)O2)C2CC2)cc1,CC1(C)OB([C@@](C)(c2ccc(Br)cc2)C2CC2)OC1(C)C,1,0,80.0,25.0,batch_stable,21,21,3,0,1,0,1,1,278.12999999999994,2.7795000000000014,2,6,1,0,0,0,4,0,1,0,2,3,18.46,0,0,0
[Li]c1cccc(N(C)C)c1,CN(C)c1cccc(Br)c1,2,1,11.7,-78.0,batch_unstable,10,10,3,0,1,0,1,1,127.116,0.5464,0,6,1,0,0,0,2,0,1,1,0,1,3.24,0,0,0
[Li]c1c(-c2cn[nH]c2)sc2nc(C)cc(NS(=O)(=O)c3cccc(Cl)c3)c12,Cc1cc(NS(=O)(=O)c2cccc(Cl)c2)c2c(Br)c(-c3cn[nH]c3)sc2n1,1,1,4.8,-78.0,batch_unstable,27,27,3,0,1,0,1,1,410.83700000000016,3.242820000000001,0,20,4,0,0,1,10,0,1,4,2,4,87.74000000000001,0,0,0
[Li]Cc1ccccc1C(F)(F)F,FC(F)(F)c1ccccc1CBr,4,0,80.4,0.0,batch_stable,12,12,2,0,0,1,0,1,166.07099999999997,2.373900000000001,0,6,1,0,3,3,4,0,1,0,0,1,0.0,0,0,0
[Li]c1nc(Br)c(CO[Si](C)(C)C(C)(C)C)s1,CC(C)(C)[Si](C)(C)OCc1sc(Br)nc1Br,2,2,91.1,-78.0,batch_stable,16,16,3,1,1,0,1,1,314.25,3.2212000000000014,0,5,1,1,0,1,6,0,1,1,1,3,22.12,0,0,0
[Li]c1cnc(OC)c(-c2cccc(Cl)c2)c1,COc1ncc(Br)cc1-c1cccc(Cl)c1,2,2,96.0,-78.0,batch_stable,16,16,3,0,1,0,1,1,225.60399999999998,2.2044000000000006,0,12,2,0,0,1,4,0,1,1,1,2,22.12,0,0,0
[Li]CCOc1ccc(Oc2ccccc2)cc1,BrCCOc1ccc(Oc2ccccc2)cc1,3,3,52.4,-50.0,batch_moderate,17,17,2,0,0,1,0,1,220.197,3.4445000000000014,0,12,2,0,0,0,3,0,1,0,2,5,18.46,0,0,0
[Li]c1ccc2c(c1)OCO2,Brc1ccc2c(c1)OCO2,5,4,52.77499999999999,-76.0,batch_moderate,10,10,3,0,1,0,1,1,128.05599999999998,0.20909999999999995,1,6,1,0,0,0,3,0,1,0,2,0,18.46,0,0,0
[Li]c1ccc(C(F)(F)P(=O)(OCC)OCC)cc1,CCOP(=O)(OCC)C(F)(F)c1ccc(I)cc1,1,1,22.4,-78.0,batch_unstable,18,18,3,0,1,0,1,1,270.14099999999996,2.7958000000000016,0,6,1,0,2,2,7,0,1,0,3,6,35.53,0,0,0
[Li]c1ccc2nc(OC)ccc2c1,COc1ccc2cc(Br)ccc2n1,1,1,66.1,-78.0,batch_moderate,13,13,3,0,1,0,1,1,165.121,1.0372,0,10,2,0,0,0,3,0,1,1,1,1,22.12,0,0,0
[Li]c1ccc(O[Si](C)(C)C(C)(C)C)c(CC)c1,CCc1cc(Br)ccc1O[Si](C)(C)C(C)(C)C,1,1,99.2,-78.0,batch_stable,17,17,3,0,1,0,1,1,242.36399999999998,3.426800000000002,0,6,1,0,0,0,3,0,1,0,1,3,9.23,0,0,0
[Li]CCCC1(c2ccccc2)OCCO1,ICCCC1(c2ccccc2)OCCO1,3,3,45.0,-78.0,batch_moderate,15,15,2,0,0,1,0,1,198.19099999999995,2.2532000000000005,1,6,1,0,0,0,3,0,1,0,2,4,18.46,0,0,0
[Li]c1ccc(OCOC)cc1OCOC,COCOc1ccc(Br)c(OCOC)c1,8,8,34.7125,-78.0,batch_moderate,15,15,3,0,1,0,1,1,204.15099999999998,0.4458,0,6,1,0,0,0,5,0,1,0,4,6,36.92,0,0,0
[Li]c1cc2c(cc1C(F)(F)F)N1[C@H](C2)CN(C(=O)OC(C)(C)C)C[C@H]1C,C[C@@H]1CN(C(=O)OC(C)(C)C)C[C@H]2Cc3cc(Br)c(C(F)(F)F)cc3N21,2,0,67.5,0.0,batch_moderate,26,26,3,0,1,0,1,1,362.32100000000014,2.8695000000000013,2,6,1,0,3,3,8,0,1,2,2,0,32.78,0,1,0
[Li]c1ccc(C(=O)O)c(C)c1,Cc1cc(Br)ccc1C(=O)O,10,9,40.77777777777778,-78.0,batch_moderate,11,11,3,0,1,0,1,1,142.08299999999997,0.48702000000000006,0,6,1,0,0,0,3,0,1,0,2,1,37.3,0,1,0
[Li]c1cnc(Br)c(F)c1,Fc1cc(Br)cnc1Br,1,1,0.0,-78.0,batch_unstable,9,9,3,0,1,0,1,1,181.92099999999996,0.777,0,6,1,1,1,2,4,0,1,1,0,0,12.89,0,0,0
[Li]c1ccc(CCC[Si](CC=C)(CC=C)CC=C)cc1,C=CC[Si](CC=C)(CC=C)CCCc1ccc(Br)cc1,2,0,89.0,-10.0,batch_stable,20,20,3,0,1,0,1,1,276.42499999999995,4.419800000000004,0,6,1,0,0,0,2,0,1,0,0,10,0.0,0,0,0
[Li]c1cc(-c2ccc(C=C)cc2)sc1-c1ccccc1,C=Cc1ccc(-c2cc(Br)c(-c3ccccc3)s2)cc1,1,1,67.1,-70.0,batch_moderate,20,20,3,0,1,0,1,1,268.31,4.518900000000003,0,17,3,0,0,0,2,0,1,0,0,3,0.0,0,0,0
[Li]c1cc(-c2ccc(C#N)cc2)sc1-c1ccc(OC)cc1,COc1ccc(-c2sc(-c3ccc(C#N)cc3)cc2Br)cc1,1,1,61.3,-50.0,batch_moderate,22,22,3,0,1,0,1,1,297.30800000000005,3.7561800000000023,0,17,3,0,0,0,4,0,1,1,1,3,33.019999999999996,0,0,1
[Li]c1cc(C(C)(C)C)sc1-c1ccc(-c2ccc(C(C)(C)C)s2)s1,CC(C)(C)c1ccc(-c2ccc(-c3sc(C(C)(C)C)cc3Br)s2)s1,1,0,72.0,-45.0,batch_moderate,24,24,3,0,1,0,1,1,366.5460000000001,6.593900000000004,0,15,3,0,0,0,4,0,1,0,0,2,0.0,0,0,0
[Li]c1ccc2c(OCC(CC)CCCC)c(Br)ccc2c1OCC(CC)CCCC,CCCCC(CC)COc1c(Br)ccc2c(OCC(CC)CCCC)c(Br)ccc12,1,1,45.0,-78.0,batch_moderate,30,30,3,0,1,0,1,1,469.43300000000033,7.586500000000007,0,10,2,1,0,1,4,0,1,0,2,14,18.46,0,0,0
[Li]c1ccc2c(c1)C(=O)C1(CC1)C(C)(C)O2,CC1(C)Oc2ccc(Br)cc2C(=O)C12CC2,2,0,95.0,0.0,batch_stable,16,16,3,0,1,0,1,1,208.18599999999995,1.6143,2,6,1,0,0,0,3,0,1,0,2,0,26.3,0,0,0
[Li]c1cccc(F)c1C#N,N#Cc1c(F)cccc1I,2,2,29.8,-78.0,batch_unstable,10,10,3,0,1,0,1,1,127.04700000000001,0.49118000000000006,0,6,1,0,1,1,3,0,1,1,0,0,23.79,0,0,1
[Li]c1cc2c(C(=O)NC)coc2cc1N,CNC(=O)c1coc2cc(N)c(Br)cc12,1,1,30.3,-78.0,batch_moderate,15,15,3,0,1,0,1,1,196.13499999999996,0.16839999999999977,0,9,2,0,0,0,5,0,1,2,2,1,68.26,0,0,0
[Li]c1cc(F)cc(/C=N/[S@@](=O)C(C)(C)C)c1,CC(C)(C)[S@](=O)/N=C/c1cc(F)cc(Br)c1,1,1,38.7,-78.0,batch_moderate,16,16,3,0,1,0,1,1,233.23699999999997,1.5006000000000002,0,6,1,0,1,1,5,0,1,1,1,2,29.43,0,0,0
[Li]c1ccc(OC)nc1CCO,COc1ccc(Br)c(CCO)n1,1,1,99.0,-78.0,batch_stable,12,12,3,0,1,0,1,1,159.11399999999998,-0.5812000000000002,0,6,1,0,0,0,4,0,1,1,2,3,42.35,0,0,0
[Li]c1cncc(Oc2ccccc2)c1,Brc1cncc(Oc2ccccc2)c1,2,2,84.1,-78.0,batch_stable,14,14,3,0,1,0,1,1,177.132,1.6677,0,12,2,0,0,0,3,0,1,1,1,2,22.12,0,0,0
[Li]c1cncc(OC(C)C)c1,CC(C)Oc1cncc(Br)c1,2,2,67.8,-78.0,batch_moderate,11,11,3,0,1,0,1,1,143.11499999999998,0.6626,0,6,1,0,0,0,3,0,1,1,1,2,22.12,0,0,0
[Li]c1cncc(OC)c1,COc1cncc(Br)c1,2,0,94.4,-40.0,batch_stable,9,9,3,0,1,0,1,1,115.06099999999998,-0.11599999999999999,0,6,1,0,0,0,3,0,1,1,1,1,22.12,0,0,0
[Li]c1cccc(-c2c(C)cc(C)cc2C)n1,Cc1cc(C)c(-c2cccc(Br)n2)c(C)c1,1,1,40.9,-78.0,batch_moderate,16,16,3,1,1,0,1,1,203.214,2.4676600000000004,0,12,2,0,0,0,2,0,1,1,0,1,12.89,0,0,0
[Li]c1ccc2cnc(F)cc2c1,Fc1cc2cc(Br)ccc2cn1,1,1,78.0,-78.0,batch_moderate,12,12,3,0,1,0,1,1,153.085,1.1677,0,10,2,0,1,1,3,0,1,1,0,0,12.89,0,0,0
[Li]c1ccc(F)cc1C,Cc1cc(F)ccc1Br,4,3,62.699999999999996,-78.0,batch_moderate,9,9,3,0,1,0,1,1,116.064,0.9279200000000001,0,6,1,0,1,1,2,0,1,0,0,0,0.0,0,0,0
[Li]c1cnn(C(C)(C)C)c1,CC(C)(C)n1cc(Br)cn1,2,2,67.0,-78.0,batch_moderate,10,10,3,0,1,0,1,1,130.12,0.43189999999999984,0,5,1,0,0,0,3,0,1,2,0,0,17.82,0,0,0
[Li]c1cc2c(CCC)c3ccccc3c(CCC)c2cc1I,CCCc1c2ccccc2c(CCC)c2cc(I)c(I)cc12,1,0,57.0,50.0,batch_moderate,22,22,3,0,1,0,1,1,394.22499999999997,5.296400000000004,0,14,3,0,0,1,2,1,1,0,0,4,0.0,0,0,0
[Li]c1c2ccccc2c(-c2ccc(C)cc2)c2ccccc12,Cc1ccc(-c2c3ccccc3c(Br)c3ccccc23)cc1,1,1,67.0,-78.0,batch_moderate,22,22,3,0,1,0,1,1,274.29200000000003,4.762220000000004,0,20,4,0,0,0,1,0,1,0,0,1,0.0,0,0,0
[Li]c1ccc(-n2c(C)ccc2C)nc1,Cc1ccc(C)n1-c1ccc(Br)cn1,1,1,58.3,-70.0,batch_moderate,14,14,3,0,1,0,1,1,178.164,1.28294,0,11,2,0,0,0,3,0,1,2,0,1,17.82,0,0,0
[Li]c1ccccc1CCCC(=O)CC,CCC(=O)CCCc1ccccc1I,1,0,59.6,0.0,batch_moderate,14,14,3,0,1,0,1,1,182.19199999999998,1.7822,0,6,1,0,0,0,2,0,1,0,1,5,17.07,0,0,0
[Li][Mg]Cc1ccccc1,Br[Mg]Cc1ccccc1,2,2,88.5,-78.0,batch_stable,9,9,2,0,0,0,0,1,122.37899999999995,0.9742999999999999,0,6,1,0,0,0,2,0,1,0,0,2,0.0,0,0,0
[Li]c1ccc(CCCCCCCC)cc1,CCCCCCCCc1ccc(I)cc1,1,1,84.1,-78.0,batch_stable,15,15,3,0,1,0,1,1,196.263,3.3834000000000026,0,6,1,0,0,0,1,0,1,0,0,7,0.0,0,0,0
[Li]c1cnc(OC)nc1OC,COc1ncc(Br)c(OC)n1,2,2,43.1,-78.0,batch_moderate,11,11,3,0,1,0,1,1,146.075,-0.7123999999999999,0,6,1,0,0,0,5,0,1,2,2,2,44.24000000000001,0,0,0
[Li]c1c(C)cc(C)cc1C,Cc1cc(C)c(Br)c(C)c1,8,2,42.0,-78.0,batch_moderate,10,10,3,0,1,0,1,1,126.12799999999999,1.40566,0,6,1,0,0,0,1,0,1,0,0,0,0.0,0,0,0
[Li]c1ccc2c(c1)C(=O)C(=O)N2,O=C1Nc2ccc(I)cc2C1=O,2,2,50.6,-78.0,batch_moderate,12,12,3,0,1,0,1,1,153.066,-0.3848,1,6,1,0,0,0,4,0,1,1,2,0,46.17,0,0,0
[Li]c1cnc2c(c1)c(-c1ccccc1OC)cn2S(=O)(=O)c1ccc(C)cc1,COc1ccccc1-c1cn(S(=O)(=O)c2ccc(C)cc2)c2ncc(Br)cc12,6,6,38.1,-78.0,batch_moderate,28,28,3,0,1,0,1,1,384.38600000000014,3.051120000000002,0,21,4,0,0,0,7,0,1,2,3,4,61.190000000000005,0,0,0
[Li]c1cn(S(=O)(=O)c2ccc(C)cc2)c2ncc(-c3cccc(OS(=O)(=O)c4ccc(C)cc4)c3)cc12,Cc1ccc(S(=O)(=O)Oc2cccc(-c3cnc4c(c3)c(I)cn4S(=O)(=O)c3ccc(C)cc3)c2)cc1,6,0,52.5,10.0,batch_moderate,37,37,3,0,1,0,1,1,524.5490000000002,4.118640000000004,0,27,5,0,0,0,10,0,1,2,5,6,95.32999999999998,0,0,0
[Li]c1ccccc1OC(F)(F)F,FC(F)(F)Oc1ccccc1Br,7,7,51.57142857142857,-76.85714285714286,batch_moderate,12,12,3,0,1,0,1,1,168.04299999999998,1.379,0,6,1,0,3,3,5,0,1,0,1,1,9.23,0,0,0
[Li]c1c(C)nc(Cl)c2ccc(OC)cc12,COc1ccc2c(Cl)nc(C)c(Br)c2c1,1,0,72.4,0.0,batch_moderate,15,15,3,0,1,0,1,1,213.593,1.99902,0,10,2,0,0,1,4,0,1,1,1,1,22.12,0,0,0
[Li]c1ccc(C(=O)N(C(C)C)C(C)C)cc1,CC(C)N(C(=O)c1ccc(I)cc1)C(C)C,2,2,60.3,-78.0,batch_moderate,16,16,3,0,1,0,1,1,211.234,1.7394000000000003,0,6,1,0,0,0,3,0,1,1,1,3,20.310000000000002,0,0,0
[Li]C(=C1CCN(C(=O)OC(C)(C)C)CC1)c1ccccc1,CC(C)(C)OC(=O)N1CCC(=C(Br)c2ccccc2)CC1,4,2,95.0,-78.0,batch_stable,21,21,3,0,1,0,0,1,279.30899999999997,3.597100000000003,1,6,1,0,0,0,4,0,1,1,2,1,29.540000000000003,0,1,0
[Li]c1cncc(C#Cc2ccc(F)c(F)c2)c1,Fc1ccc(C#Cc2cncc(Br)c2)cc1F,1,0,60.5,0.0,batch_moderate,17,17,3,0,1,0,1,1,221.13499999999996,1.5534000000000003,0,12,2,0,2,2,4,0,1,1,0,0,12.89,0,0,0
[Li]c1cncc(COC)c1,COCc1cncc(Br)c1,1,0,10.0,-100.0,batch_unstable,10,10,3,0,1,0,1,1,129.088,0.021800000000000153,0,6,1,0,0,0,3,0,1,1,1,2,22.12,0,0,0
[Li]c1ccc2[nH]cc(CCN3CCCC3)c2c1,Brc1ccc2[nH]cc(CCN3CCCC3)c2c1,1,0,36.2,0.0,batch_moderate,17,17,3,0,1,0,1,1,220.24499999999995,1.6,1,9,2,0,0,0,3,0,1,2,0,3,19.03,0,0,0
[Li]C(Br)=CC(C)(C)c1ccc(Cl)cc1,CC(C)(C=C(Br)Br)c1ccc(Cl)cc1,3,0,81.3,10.0,batch_stable,14,14,3,1,1,0,0,1,265.507,4.022400000000003,0,6,1,1,0,2,3,0,1,0,0,2,0.0,0,0,0
[Li]c1cc(C)cc(C)c1,Cc1cc(C)cc(Br)c1,11,11,69.82727272727273,-75.45454545454545,batch_moderate,9,9,3,0,1,0,1,1,112.10099999999997,1.09724,0,6,1,0,0,0,1,0,1,0,0,0,0.0,0,0,0
[Li]c1c(-c2ccc(F)cc2)oc2ccc(Cl)c(F)c12,Fc1ccc(-c2oc3ccc(Cl)c(F)c3c2I)cc1,1,0,80.1,78.0,batch_stable,19,19,3,0,1,0,1,1,270.591,3.8252000000000015,0,15,3,0,2,3,5,0,1,0,1,1,13.14,0,0,0
[Li]c1ccc(OC2CCCCO2)cc1,Ic1ccc(OC2CCCCO2)cc1,2,2,66.3,-78.0,batch_moderate,14,14,3,0,1,0,1,1,184.164,1.3858,1,6,1,0,0,0,3,0,1,0,2,2,18.46,0,0,0
[Li]c1ncc(Br)cn1,Brc1cnc(I)nc1,6,6,39.81666666666667,-74.16666666666667,batch_moderate,8,8,3,2,1,0,1,1,164.919,0.032899999999999735,0,6,1,1,0,1,4,0,1,2,0,0,25.78,0,0,0
[Li]c1cc2c(s1)-c1cnccc1OCC2,Brc1cc2c(s1)-c1cnccc1OCC2,4,4,66.2,-78.0,batch_moderate,15,15,3,0,1,0,1,1,209.19899999999998,1.5388000000000002,1,11,2,0,0,0,4,0,1,1,1,0,22.12,0,0,0
[Li]c1cc2c(s1)-c1ncc(CO[Si](C)(C)C(C)(C)C)cc1OCC2,CC(C)(C)[Si](C)(C)OCc1cnc2c(c1)OCCc1cc(Br)sc1-2,4,4,36.0,-78.0,batch_moderate,24,24,3,0,1,0,1,1,353.48900000000015,4.0606000000000035,1,11,2,0,0,0,6,0,1,1,2,3,31.35,0,0,0
[Li]c1ccc(COC)s1,COCc1ccc(Br)s1,1,1,31.1,-78.0,batch_moderate,9,9,3,0,1,0,1,1,134.129,0.6883,0,5,1,0,0,0,3,0,1,0,1,2,9.23,0,0,0
[Li]c1ccc2ccc3cccc4ccc1c2c34,Brc1ccc2ccc3cccc4ccc1c2c34,6,5,55.04,-69.6,batch_moderate,17,17,3,0,1,0,1,1,208.18899999999996,3.3778000000000015,0,16,4,0,0,0,1,0,1,0,0,0,0.0,0,0,0
[Li]c1ccc(CCN2CCN(C)CC2)cc1,CN1CCN(CCc2ccc(Br)cc2)CC1,1,0,98.0,-10.0,batch_stable,16,16,3,0,1,0,1,1,210.25,0.27030000000000043,1,6,1,0,0,0,3,0,1,2,0,3,6.48,0,0,0
[Li]c1cn(C)c2c(OC)nccc12,COc1nccc2c(I)cn(C)c12,1,1,70.7,-78.0,batch_moderate,13,13,3,0,1,0,1,1,168.12499999999997,0.3756999999999996,0,9,2,0,0,0,4,0,1,2,1,1,27.05,0,0,0
[Li]C[C@@H]1O[C@@]1(C)CCCC(C)(C)OC,COC(C)(C)CCC[C@]1(C)O[C@H]1CBr,1,0,67.0,-30.0,batch_moderate,14,14,2,0,0,1,0,1,192.22799999999998,2.3260000000000005,1,0,0,0,0,0,3,0,1,0,2,6,21.759999999999998,0,0,0
[Li]c1c(Cl)cnc2ccc(OC)cc12,COc1ccc2ncc(Cl)c(Br)c2c1,1,1,48.0,-78.0,batch_moderate,14,14,3,0,1,0,1,1,199.56599999999997,1.6905999999999999,0,10,2,0,0,1,4,0,1,1,1,1,22.12,0,0,0
[Li]c1coc2ccccc12,Brc1coc2ccccc12,3,3,13.0,-78.0,batch_unstable,10,10,3,0,1,0,1,1,124.06799999999996,1.2266,0,9,2,0,0,0,2,0,1,0,1,0,13.14,0,0,0
[Li]c1ccc2c(c1)c1cc3c(cc1n2-c1ccccc1)C(C)(C)c1ccccc1-3,CC1(C)c2ccccc2-c2cc3c4cc(Br)ccc4n(-c4ccccc4)c3cc21,1,1,77.8,-78.0,batch_moderate,29,29,3,0,1,0,1,1,365.40500000000014,5.883800000000004,1,25,5,0,0,0,2,0,1,1,0,1,4.93,0,0,0
[Li]c1ccc(COC(C)C)cc1,CC(C)OCc1ccc(Br)cc1,5,0,10.919999999999998,65.0,batch_unstable,12,12,3,0,1,0,1,1,156.154,1.4054,0,6,1,0,0,0,2,0,1,0,1,3,9.23,0,0,0
[Li]c1cc(C(C)C)ccc1N(CC)c1nc(C)cc(N2CCC(=O)CC2)n1,CCN(c1nc(C)cc(N2CCC(=O)CC2)n1)c1ccc(C(C)C)cc1Br,1,0,55.8,-15.0,batch_moderate,27,27,3,0,1,0,1,1,358.4150000000002,3.0295200000000015,1,12,2,0,0,0,6,0,1,4,1,5,49.330000000000005,0,0,0
[Li]c1cc(C(F)(F)F)nc(Cl)c1NC(=O)OC,COC(=O)Nc1c(I)cc(C(F)(F)F)nc1Cl,1,0,54.0,-10.0,batch_moderate,17,17,3,0,1,0,1,1,260.528,1.7258999999999998,0,6,1,0,3,4,9,0,1,2,2,1,51.22,0,1,0
[Li]c1ccc(COc2cccc(C)n2)cc1,Cc1cccc(OCc2ccc(Br)cc2)n1,5,5,70.32000000000001,-78.0,batch_moderate,16,16,3,0,1,0,1,1,205.186,1.76282,0,12,2,0,0,0,3,0,1,1,1,3,22.12,0,0,0
[Li]c1ccc(COCCCC)cc1,CCCCOCc1ccc(Br)cc1,5,5,81.3,-78.0,batch_stable,13,13,3,0,1,0,1,1,170.181,1.7971,0,6,1,0,0,0,2,0,1,0,1,5,9.23,0,0,0
[Li]c1ccc(OCc2ccccc2)nc1,Brc1ccc(OCc2ccccc2)nc1,10,10,60.85,-78.0,batch_moderate,15,15,3,0,1,0,1,1,191.15900000000002,1.4544,0,12,2,0,0,0,3,0,1,1,1,3,22.12,0,0,0
[Li]c1ccc(Oc2ccccc2)nc1,Brc1ccc(Oc2ccccc2)nc1,14,14,45.92857142857143,-78.0,batch_moderate,14,14,3,0,1,0,1,1,177.132,1.6676999999999997,0,12,2,0,0,0,3,0,1,1,1,2,22.12,0,0,0
[Li]c1ccc(COc2cc(C)ccn2)cc1,Cc1ccnc(OCc2ccc(Br)cc2)c1,5,5,55.4,-78.0,batch_moderate,16,16,3,0,1,0,1,1,205.186,1.76282,0,12,2,0,0,0,3,0,1,1,1,3,22.12,0,0,0
[Li]c1ccc(COc2ccc(C)cn2)cc1,Cc1ccc(OCc2ccc(Br)cc2)nc1,5,5,66.5,-78.0,batch_moderate,16,16,3,0,1,0,1,1,205.186,1.76282,0,12,2,0,0,0,3,0,1,1,1,3,22.12,0,0,0
[Li]c1ccc(COc2ccccc2)nc1,Brc1ccc(COc2ccccc2)nc1,5,5,28.3,-78.0,batch_unstable,15,15,3,0,1,0,1,1,191.15900000000002,1.4544,0,12,2,0,0,0,3,0,1,1,1,3,22.12,0,0,0
[Li]c1ccc(OCc2ccc(F)cc2)nc1,Fc1ccc(COc2ccc(Br)cn2)cc1,5,5,72.5,-78.0,batch_moderate,16,16,3,0,1,0,1,1,209.149,1.5935,0,12,2,0,1,1,4,0,1,1,1,3,22.12,0,0,0
[Li]c1ccc(Oc2cccc(F)c2)nc1,Fc1cccc(Oc2ccc(Br)cn2)c1,5,5,52.0,-78.0,batch_moderate,15,15,3,0,1,0,1,1,195.12199999999999,1.8068,0,12,2,0,1,1,4,0,1,1,1,2,22.12,0,0,0
[Li]c1ccc(COc2ccc(F)cc2)nc1,Fc1ccc(OCc2ccc(Br)cn2)cc1,5,5,30.5,-78.0,batch_moderate,16,16,3,0,1,0,1,1,209.149,1.5935,0,12,2,0,1,1,4,0,1,1,1,3,22.12,0,0,0
[Li]c1ccc(Oc2ccccc2F)nc1,Fc1ccccc1Oc1ccc(Br)cn1,5,0,53.0,0.0,batch_moderate,15,15,3,0,1,0,1,1,195.12199999999999,1.8068,0,12,2,0,1,1,4,0,1,1,1,2,22.12,0,0,0
[Li]c1ccc(COc2ncccc2F)cc1,Fc1cccnc1OCc1ccc(Br)cc1,5,5,53.0,-78.0,batch_moderate,16,16,3,0,1,0,1,1,209.149,1.5935000000000001,0,12,2,0,1,1,4,0,1,1,1,3,22.12,0,0,0
[Li]c1ccc(C2OCCO2)cn1,Brc1ccc(C2OCCO2)cn1,5,5,47.0,-78.0,batch_moderate,12,12,3,1,1,0,1,1,157.098,-0.07919999999999994,1,6,1,0,0,0,4,0,1,1,2,1,31.35,0,0,0
[Li]c1cc(C(=O)O)ccc1C#N,N#Cc1ccc(C(=O)O)cc1Br,2,0,69.0,0.0,batch_moderate,12,12,3,0,1,0,1,1,153.06599999999997,0.050279999999999936,0,6,1,0,0,0,4,0,1,1,2,1,61.089999999999996,0,1,1
[Li]c1ccc(C(F)(F)F)cn1,FC(F)(F)c1ccc(Br)nc1,1,1,75.3,-78.0,batch_moderate,11,11,3,1,1,0,1,1,153.03200000000004,0.8942000000000001,0,6,1,0,3,3,5,0,1,1,0,0,12.89,0,0,0
[Li]c1ccc(OC2CCCC2)nc1,Brc1ccc(OC2CCCC2)nc1,1,1,46.4,-70.0,batch_moderate,13,13,3,0,1,0,1,1,169.153,1.1967999999999999,1,6,1,0,0,0,3,0,1,1,1,2,22.12,0,0,0
[Li]c1nc(CC)n(COCc2ccccc2)c1Br,CCc1nc(Br)c(Br)n1COCc1ccccc1,1,1,93.2,-78.0,batch_stable,18,18,3,1,1,0,1,1,301.113,2.1761,0,11,2,1,0,1,5,0,1,2,1,5,27.05,0,0,0
[Li]c1ccccc1C#N,N#Cc1ccccc1Br,4,4,53.9,-77.0,batch_moderate,9,9,3,0,1,0,1,1,109.057,0.35208000000000006,0,6,1,0,0,0,2,0,1,1,0,0,23.79,0,0,1
[Li]C(Br)=CC1CCC2(CC1)OCCO2,BrC(Br)=CC1CCC2(CC1)OCCO2,4,0,91.1,20.0,batch_stable,14,14,3,1,1,0,0,1,253.06499999999988,2.3245000000000005,2,0,0,1,0,1,4,0,1,0,2,1,18.46,0,0,0
[Li]c1cc(Br)c2c(c1)oc1ccccc12,Brc1cc(Br)c2c(c1)oc1ccccc12,2,2,87.3,-50.0,batch_stable,15,15,3,0,1,0,1,1,253.024,3.1423000000000005,0,13,3,1,0,1,3,0,1,0,1,0,13.14,0,0,0
[Li]c1cccc(C2CCOC(C)(C)O2)c1,CC1(C)OCCC(c2cccc(Br)c2)O1,2,2,63.0,-78.0,batch_moderate,15,15,3,0,1,0,1,1,198.191,1.6945,1,6,1,0,0,0,3,0,1,0,2,1,18.46,0,0,0
[Li]c1ccc(OCCO[Si](C)(C)C(C)(C)C)cc1,CC(C)(C)[Si](C)(C)OCCOc1ccc(Br)cc1,6,6,67.75,-78.0,batch_moderate,18,18,3,0,1,0,1,1,258.363,2.881000000000001,0,6,1,0,0,0,4,0,1,0,2,5,18.46,0,0,0
[Li]c1ccc(Nc2cnccc2C#N)c(F)c1,N#Cc1ccncc1Nc1ccc(I)cc1F,1,0,40.0,0.0,batch_moderate,17,17,3,0,1,0,1,1,219.148,1.6297799999999998,0,12,2,0,1,1,5,0,1,3,0,2,48.71,0,0,1
[Li]c1ccc2c(n1)NCCC2O,OC1CCNc2nc(Br)ccc21,3,3,25.0,-78.0,batch_unstable,12,12,3,1,1,0,1,1,156.11400000000003,-0.27560000000000023,1,6,1,0,0,0,4,0,1,2,1,0,45.150000000000006,0,0,0
[Li]c1ccc(C)c(Cc2ccc(OC)cc2)c1,COc1ccc(Cc2cc(Br)ccc2C)cc1,1,0,61.0,-20.0,batch_moderate,17,17,3,0,1,0,1,1,218.225,2.3882200000000005,0,12,2,0,0,0,2,0,1,0,1,3,9.23,0,0,0
[Li]c1ccc(Cl)c(Cc2ccc(OC)cc2)c1,COc1ccc(Cc2cc(Br)ccc2Cl)cc1,1,0,71.0,-20.0,batch_moderate,17,17,3,0,1,0,1,1,238.64300000000003,2.733200000000001,0,12,2,0,0,1,3,0,1,0,1,3,9.23,0,0,0
[Li]c1ccc(F)c(Cc2ccc(OC)cc2)c1,COc1ccc(Cc2cc(Br)ccc2F)cc1,1,0,55.0,10.0,batch_moderate,17,17,3,0,1,0,1,1,222.18800000000002,2.2188999999999997,0,12,2,0,1,1,3,0,1,0,1,3,9.23,0,0,0
[Li]c1ccc(F)c(Cc2ccc(OCC)cc2)c1,CCOc1ccc(Cc2cc(Br)ccc2F)cc1,1,0,44.0,10.0,batch_moderate,18,18,3,0,1,0,1,1,236.215,2.609000000000001,0,12,2,0,1,1,3,0,1,0,1,4,9.23,0,0,0
[Li]c1ccc(F)c(Cc2ccc(OC3CCOC3)cc2)c1,Fc1ccc(Br)cc1Cc1ccc(OC2CCOC2)cc1,1,0,34.0,10.0,batch_moderate,21,21,3,0,1,0,1,1,278.25199999999995,2.378,1,12,2,0,1,1,4,0,1,0,2,4,18.46,0,0,0
[Li]c1ccc(F)c(Cc2ccc(OC3COC3)cc2)c1,Fc1ccc(Br)cc1Cc1ccc(OC2COC2)cc1,1,0,59.0,10.0,batch_moderate,20,20,3,0,1,0,1,1,264.22499999999997,1.9878999999999998,1,12,2,0,1,1,4,0,1,0,2,4,18.46,0,0,0
[Li]c1ccc(Cl)c(Cc2ccc(OC3COC3)cc2)c1,Clc1ccc(Br)cc1Cc1ccc(OC2COC2)cc1,1,0,72.0,-20.0,batch_moderate,20,20,3,0,1,0,1,1,280.68,2.5022,1,12,2,0,0,1,4,0,1,0,2,4,18.46,0,0,0
[Li]c1c[nH]nc1-c1cccnc1,Brc1c[nH]nc1-c1cccnc1,3,3,67.0,-78.0,batch_moderate,12,12,3,0,1,0,1,1,151.09799999999996,0.2655,0,11,2,0,0,0,4,0,1,3,0,1,41.57,0,0,0
[Li]C[C@H](Cc1ccc2cnn(CCCOC)c2c1)C(C)C,COCCCn1ncc2ccc(C[C@@H](CBr)C(C)C)cc21,1,1,67.8,-78.0,batch_moderate,21,21,2,0,0,1,0,1,280.34099999999995,3.474300000000002,0,9,2,0,0,0,4,0,1,2,1,8,27.05,0,0,0
[Li]C[C@H](COCc1ccccc1)C(C)C,CC(C)[C@H](CBr)COCc1ccccc1,1,1,82.1,-78.0,batch_stable,15,15,2,0,0,1,0,1,198.235,3.0622000000000016,0,6,1,0,0,0,2,0,1,0,1,6,9.23,0,0,0
[Li]c1ccc2cnn(CCCOC)c2c1,COCCCn1ncc2ccc(I)cc21,1,1,19.9,-78.0,batch_unstable,15,15,3,0,1,0,1,1,196.179,0.8665999999999998,0,9,2,0,0,0,4,0,1,2,1,4,27.05,0,0,0
[Li]c1ccc2c(c1)CC(=O)N2,O=C1Cc2cc(Br)ccc2N1,2,2,18.2,-78.0,batch_unstable,11,11,3,0,1,0,1,1,139.083,-0.025000000000000078,1,6,1,0,0,0,3,0,1,1,1,0,29.1,0,0,0
[Li]c1ncccc1Cl,Clc1cccnc1Br,2,2,91.2,-78.0,batch_stable,8,8,3,1,1,0,1,1,119.48,0.5287999999999998,0,6,1,0,0,1,3,0,1,1,0,0,12.89,0,0,0
[Li]c1ccc2c(ccn2[Si](C(C)C)(C(C)C)C(C)C)c1,CC(C)[Si](C(C)C)(C(C)C)n1ccc2cc(Br)ccc21,10,6,41.1,-78.0,batch_moderate,20,20,3,0,1,0,1,1,279.429,4.458700000000004,0,9,2,0,0,0,3,0,1,1,0,4,4.93,0,0,0
[Li]c1ccc([C@@H](CF)COCc2ccccc2)c(C)c1,Cc1cc(Br)ccc1[C@@H](CF)COCc1ccccc1,1,1,48.5,-78.0,batch_moderate,20,20,3,0,1,0,1,1,264.269,3.058720000000002,0,12,2,0,1,1,3,0,1,0,1,6,9.23,0,0,0
[Li]c1cnc(NC(C)=O)cc1C(F)(F)F,CC(=O)Nc1cc(C(F)(F)F)c(Br)cn1,2,0,93.0,2.0,batch_stable,15,15,3,0,1,0,1,1,210.08399999999995,0.8525999999999998,0,6,1,0,3,3,7,0,1,2,1,1,41.99,0,0,0
[Li]c1cn2cc(C)nc2cn1,Cc1cn2cc(Br)ncc2n1,1,1,43.0,-78.0,batch_moderate,11,11,3,1,1,0,1,1,139.087,-0.16847999999999996,0,9,2,0,0,0,4,0,1,3,0,0,30.19,0,0,0
[Li]c1cc(Br)c(O)c(C)n1,Cc1nc(Br)cc(Br)c1O,5,5,93.86,-78.0,batch_stable,10,10,3,1,1,0,1,1,193.957,0.65192,0,6,1,1,0,1,4,0,1,1,1,0,33.120000000000005,0,0,0
[Li]c1ccc(C(=O)O)cc1C,Cc1cc(C(=O)O)ccc1Br,15,15,43.44666666666667,-78.0,batch_moderate,11,11,3,0,1,0,1,1,142.08299999999997,0.48702000000000006,0,6,1,0,0,0,3,0,1,0,2,1,37.3,0,1,0
[Li]c1ccc(C(=O)O)cc1OC,COc1cc(C(=O)O)ccc1Br,6,6,33.9,-78.0,batch_moderate,12,12,3,0,1,0,1,1,158.08199999999997,0.18719999999999998,0,6,1,0,0,0,4,0,1,0,3,2,46.53,0,1,0
[Li]c1ccc(CC(C)(C)O)cc1,CC(C)(O)Cc1ccc(Br)cc1,2,2,26.4,-78.0,batch_unstable,12,12,3,0,1,0,1,1,156.15400000000002,0.7938000000000001,0,6,1,0,0,0,2,0,1,0,1,2,20.23,0,0,0
[Li]c1ccc(OC(C)C)c(OC)c1,COc1cc(Br)ccc1OC(C)C,4,4,90.5,-78.0,batch_stable,13,13,3,0,1,0,1,1,172.153,1.2762,0,6,1,0,0,0,3,0,1,0,2,3,18.46,0,0,0
[Li]c1ccc(C(=O)O)cc1F,O=C(O)c1ccc(Br)c(F)c1,2,2,13.0,-70.0,batch_unstable,11,11,3,0,1,0,1,1,146.04599999999996,0.31770000000000004,0,6,1,0,1,1,4,0,1,0,2,1,37.3,0,1,0
[Li]c1ccc(C(=O)O)cc1,O=C(O)c1ccc(Br)cc1,6,6,22.633333333333336,-78.0,batch_unstable,10,10,3,0,1,0,1,1,128.05599999999998,0.17860000000000004,0,6,1,0,0,0,3,0,1,0,2,1,37.3,0,1,0
[Li]C12C=CC=CC1CC2,BrC12C=CC=CC1CC2,1,1,42.5,-78.0,batch_moderate,9,9,4,0,0,1,0,1,112.101,1.8496,2,0,0,0,0,0,1,0,1,0,0,0,0.0,0,0,0
[Li]c1ccc2c(C(F)(F)F)c(O[C@H]3CC[C@H](C(C)(C)C)CC3)ccc2c1,CC(C)(C)[C@H]1CC[C@H](Oc2ccc3cc(Br)ccc3c2C(F)(F)F)CC1,2,2,69.9,-78.0,batch_moderate,26,26,3,0,1,0,1,1,356.35700000000014,5.636100000000005,1,10,2,0,3,3,5,0,1,0,1,2,9.23,0,0,0
[Li]c1ccc2cc(OC3CCC(C(C)(C)C)CC3)ccc2c1,CC(C)(C)C1CCC(Oc2ccc3cc(Br)ccc3c2)CC1,2,0,22.2,0.0,batch_unstable,22,22,3,0,1,0,1,1,288.35999999999996,4.617300000000005,1,10,2,0,0,0,2,0,1,0,1,2,9.23,0,0,0
[Li]c1ccc(C)c(C)c1,Cc1ccc(Br)cc1C,2,0,37.25,-20.0,batch_moderate,9,9,3,0,1,0,1,1,112.10099999999998,1.09724,0,6,1,0,0,0,1,0,1,0,0,0,0.0,0,0,0
[Li]c1cncc(Br)c1CCC(=O)OCC,CCOC(=O)CCc1c(Br)cncc1Br,1,1,37.1,-78.0,batch_moderate,15,15,3,0,1,0,1,1,264.04799999999994,1.1336000000000002,0,6,1,1,0,1,5,0,1,1,2,4,39.19,0,1,0
[Li]c1nc(C2CCCN2C(=O)OC(C)(C)C)[nH]c1Br,CC(C)(C)OC(=O)N1CCCC1c1nc(Br)c(Br)[nH]1,2,2,52.0,-60.0,batch_moderate,19,19,3,1,1,0,1,1,322.132,2.038,1,5,1,1,0,1,7,0,1,3,2,1,58.220000000000006,0,1,0
[Li]c1cccc(C(=O)N(CC)CC)c1C,CCN(CC)C(=O)c1cccc(Br)c1C,1,1,66.2,-78.0,batch_moderate,15,15,3,0,1,0,1,1,197.207,1.27082,0,6,1,0,0,0,3,0,1,1,1,3,20.310000000000002,0,0,0
[Li]c1cc(C)c(Br)cn1,Cc1cc(Br)ncc1Br,4,4,63.6,-78.0,batch_moderate,9,9,3,1,1,0,1,1,177.958,0.94632,0,6,1,1,0,1,3,0,1,1,0,0,12.89,0,0,0
[Li]c1ccc(OCC)c(F)c1C1OCCO1,CCOc1ccc(Br)c(C2OCCO2)c1F,1,1,68.3,-70.0,batch_moderate,16,16,3,0,1,0,1,1,218.15299999999996,1.0636,1,6,1,0,1,1,5,0,1,0,3,3,27.69,0,0,0
[Li]c1ccc(Br)cc1F,Fc1cc(Br)ccc1I,1,1,80.3,-70.0,batch_stable,9,9,3,0,1,0,1,1,180.933,1.382,0,6,1,1,1,2,3,0,1,0,0,0,0.0,0,0,0
[Li]c1ccc(CCC)c(F)c1C1OCCO1,CCCc1ccc(Br)c(C2OCCO2)c1F,1,1,86.0,-70.0,batch_stable,16,16,3,0,1,0,1,1,216.18099999999995,1.6174000000000002,1,6,1,0,1,1,4,0,1,0,2,3,18.46,0,0,0
[Li]c1cc(C)c(Br)cc1C,Cc1cc(Br)c(C)cc1Br,2,1,40.0,-78.0,batch_moderate,10,10,3,0,1,0,1,1,190.99699999999999,1.85974,0,6,1,1,0,1,2,0,1,0,0,0,0.0,0,0,0
[Li]c1cccc(-c2cc(-c3ccccc3)cc3c2oc2ccc(-c4ccccc4)cc23)c1,Brc1cccc(-c2cc(-c3ccccc3)cc3c2oc2ccc(-c4ccccc4)cc23)c1,2,2,56.3,-80.0,batch_moderate,32,32,3,0,1,0,1,1,402.42200000000014,7.380800000000004,0,31,6,0,0,0,2,0,1,0,1,3,13.14,0,0,0
[Li]c1cc2c(cc1OC)S(=O)(=O)N(Cc1ccc(OC)cc1)C(CCCC)(CCCC)CN2c1ccccc1,CCCCC1(CCCC)CN(c2ccccc2)c2cc(Br)c(OC)cc2S(=O)(=O)N1Cc1ccc(OC)cc1,1,1,21.3,-78.0,batch_unstable,39,39,3,0,1,0,1,1,542.6710000000005,5.959400000000007,1,18,3,0,0,0,8,0,1,2,4,11,59.080000000000005,0,0,0
[Li]c1cccnc1Cl,Clc1ncccc1Br,2,2,59.2,-78.0,batch_moderate,8,8,3,0,1,0,1,1,119.48,0.5288,0,6,1,0,0,1,3,0,1,1,0,0,12.89,0,0,0
[Li]c1cccc(S(=O)(=O)c2cc(C(=N)NC(=O)OC(C)(C)C)sc2SC)c1,CSc1sc(C(=N)NC(=O)OC(C)(C)C)cc1S(=O)(=O)c1cccc(Br)c1,4,0,86.75,0.0,batch_stable,27,27,3,0,1,0,1,1,418.4910000000002,2.946670000000002,0,11,2,0,0,0,10,0,1,2,4,4,96.32000000000001,0,1,0
[Li]c1cccc(-c2ccc(F)cc2)c1,Fc1ccc(-c2cccc(Br)c2)cc1,1,1,45.1,-78.0,batch_moderate,14,14,3,0,1,0,1,1,178.135,2.2865,0,12,2,0,1,1,2,0,1,0,0,1,0.0,0,0,0
[Li]c1ccc(OCOC)c(OC)c1,COCOc1ccc(Br)cc1OC,5,5,76.6,-78.0,batch_moderate,13,13,3,0,1,0,1,1,174.125,0.4716999999999999,0,6,1,0,0,0,4,0,1,0,3,4,27.69,0,0,0
[Li]c1n[nH]c2cc(-c3ccc(OCOC)c(OC)c3)ccc12,COCOc1ccc(-c2ccc3c(I)n[nH]c3c2)cc1OC,4,4,71.0,-78.0,batch_moderate,22,22,3,1,1,0,1,1,290.24799999999993,2.0149999999999997,0,15,3,0,0,0,6,0,1,2,3,5,56.370000000000005,0,0,0
[Li]c1nn(S(=O)(=O)c2c(C)cc(C)cc2C)c2cc(-c3ccc(OCc4ccccc4)c(OC)c3)ccc12,COc1cc(-c2ccc3c(I)nn(S(=O)(=O)c4c(C)cc(C)cc4C)c3c2)ccc1OCc1ccccc1,5,5,69.92,-78.0,batch_moderate,38,38,3,1,1,0,1,1,518.5640000000002,5.246960000000005,0,27,5,0,0,0,8,0,1,2,4,7,70.42,0,0,0
[Li]c1nn(COCC[Si](C)(C)C)c2cc(I)ccc12,C[Si](C)(C)CCOCn1nc(I)c2ccc(I)cc21,4,4,75.725,-78.0,batch_moderate,19,19,3,1,1,0,1,1,380.23100000000005,2.7470000000000008,0,9,2,0,0,1,6,1,1,2,1,5,27.05,0,0,0
[Li]c1nn(COCC[Si](C)(C)C)c2cc(C(=C)c3ccccc3)ccc12,C=C(c1ccccc1)c1ccc2c(I)nn(COCC[Si](C)(C)C)c2c1,4,0,51.0,-21.0,batch_moderate,26,26,3,1,1,0,1,1,356.471,4.2039000000000035,0,15,3,0,0,0,5,0,1,2,1,7,27.05,0,0,0
[Li]c1ccc2c(C=Cc3ccccc3)nn(COCC[Si](C)(C)C)c2c1,C[Si](C)(C)CCOCn1nc(C=Cc2ccccc2)c2ccc(I)cc21,9,4,50.0,-78.0,batch_moderate,26,26,3,0,1,0,1,1,356.4710000000001,4.312800000000004,0,15,3,0,0,0,5,0,1,2,1,7,27.05,0,0,0
[Li]c1cc(OC)c(OCOCC[Si](C)(C)C)cc1C,COc1cc(Br)c(C)cc1OCOCC[Si](C)(C)C,5,0,47.32,0.0,batch_moderate,19,19,3,0,1,0,1,1,274.36199999999997,2.4885200000000003,0,6,1,0,0,0,5,0,1,0,3,7,27.69,0,0,0
[Li]Cc1ccc(-c2ccccc2)cc1,BrCc1ccc(-c2ccccc2)cc1,1,1,82.9,-78.0,batch_stable,14,14,2,0,0,1,0,1,174.172,3.022100000000001,0,12,2,0,0,0,1,0,1,0,0,2,0.0,0,0,0
[Li]Cc1ccc(B2OC(C)(C)C(C)(C)O2)cc1,CC1(C)OB(c2ccc(CBr)cc2)OC1(C)C,1,1,49.3,-78.0,batch_moderate,17,17,2,0,0,1,0,1,224.03799999999998,1.6543,1,6,1,0,0,0,4,0,1,0,2,2,18.46,0,0,0
[Li]c1cccc(CO[Si](C)(C)C(C)(C)C)c1,CC(C)(C)[Si](C)(C)OCc1cccc(Br)c1,3,2,85.0,-78.0,batch_stable,16,16,3,0,1,0,1,1,228.337,3.002200000000002,0,6,1,0,0,0,3,0,1,0,1,3,9.23,0,0,0
[Li]c1ccc2c(c1)CC(N(CCC)CCC)C2,CCCN(CCC)C1Cc2ccc(Br)cc2C1,1,1,75.1,-78.0,batch_moderate,17,17,3,0,1,0,1,1,223.28899999999993,2.0696,1,6,1,0,0,0,2,0,1,1,0,5,3.24,0,0,0
[Li]c1ccc2c(c1)c1c(n2[Si](C(C)C)(C(C)C)C(C)C)CCC(N(C)C)C1,CC(C)[Si](C(C)C)(C(C)C)n1c2c(c3cc(Br)ccc31)CC(N(C)C)CC2,4,4,56.0,-70.0,batch_moderate,27,27,3,0,1,0,1,1,376.5900000000002,4.877600000000005,1,9,2,0,0,0,4,0,1,2,0,5,8.17,0,0,0
[Li]CCOc1c(Br)cccc1Br,BrCCOc1c(Br)cccc1Br,5,0,78.5,0.0,batch_moderate,12,12,2,0,0,1,0,1,285.892,3.177200000000001,0,6,1,2,0,2,4,0,1,0,1,3,9.23,0,0,0
[Li]c1ccc(CCCN(C2CCC2)C2CCC2)cc1,Brc1ccc(CCCN(C2CCC2)C2CCC2)cc1,1,1,53.0,-78.0,batch_moderate,19,19,3,0,1,0,1,1,249.32699999999994,2.820000000000001,2,6,1,0,0,0,2,0,1,1,0,6,3.24,0,0,0
[Li]c1cc(C(=O)OC)cc(C(=O)N(C)CCC)c1,CCCN(C)C(=O)c1cc(I)cc(C(=O)OC)c1,2,2,81.8,-78.0,batch_stable,18,18,3,0,1,0,1,1,241.21599999999995,0.7489999999999999,0,6,1,0,0,0,5,0,1,1,3,4,46.61000000000001,0,1,0
[Li]c1ccc(CCO[Si](C)(C)C(C)(C)C)c(CC)c1,CCc1cc(Br)ccc1CCO[Si](C)(C)C(C)(C)C,1,1,0.0,-78.0,batch_unstable,19,19,3,0,1,0,1,1,270.41799999999995,3.6071000000000026,0,6,1,0,0,0,3,0,1,0,1,5,9.23,0,0,0
[Li]c1ccc(C(C)CO[Si](C)(C)C(C)(C)C)cc1,CC(CO[Si](C)(C)C(C)(C)C)c1ccc(Br)cc1,1,1,41.9,-78.0,batch_moderate,18,18,3,0,1,0,1,1,256.39099999999996,3.6057000000000023,0,6,1,0,0,0,3,0,1,0,1,4,9.23,0,0,0
[Li]c1ccc(CC(=O)Cl)cc1,O=C(Cl)Cc1ccc(Br)cc1,1,1,80.5,-78.0,batch_stable,11,11,3,0,1,0,1,1,160.529,0.7883,0,6,1,0,0,1,3,0,1,0,1,2,17.07,0,0,0
[Li]c1ccc(S(=O)(=O)N2CCCC2)cc1,O=S(=O)(c1ccc(Br)cc1)N1CCCC1,3,3,54.833333333333336,-78.0,batch_moderate,15,15,3,0,1,0,1,1,217.21899999999997,0.2648999999999999,1,6,1,0,0,0,5,0,1,1,2,2,37.38,0,0,0
[Li]c1ccc(S(=O)(=O)N2CCN(C)CC2)cc1,CN1CCN(S(=O)(=O)c2ccc(Br)cc2)CC1,3,3,61.4,-78.0,batch_moderate,17,17,3,0,1,0,1,1,246.26099999999997,-0.583499999999999,1,6,1,0,0,0,6,0,1,2,2,2,40.620000000000005,0,0,0
[Li]c1ccc(S(=O)(=O)N[C@H](C)COC)cc1,COC[C@@H](C)NS(=O)(=O)c1ccc(Br)cc1,1,1,35.0,-78.0,batch_moderate,16,16,3,0,1,0,1,1,235.234,-0.2063999999999997,0,6,1,0,0,0,6,0,1,1,3,5,55.400000000000006,0,0,0
[Li]c1cc(C)nc2ccccc12,Cc1cc(Br)c2ccccc2n1,6,6,65.03333333333335,-78.0,batch_moderate,12,12,3,0,1,0,1,1,149.12199999999999,1.33702,0,10,2,0,0,0,2,0,1,1,0,0,12.89,0,0,0
[Li]C(Br)=Cc1ccc(OC)cc1,COc1ccc(C=C(Br)Br)cc1,1,1,93.0,-78.0,batch_stable,12,12,3,1,1,0,0,1,219.007,2.5570000000000004,0,6,1,1,0,1,3,0,1,0,1,2,9.23,0,0,0
[Li]CCCOc1c(C)cc(-c2nnn(C)n2)cc1C,Cc1cc(-c2nnn(C)n2)cc(C)c1OCCCBr,3,3,27.7,-78.0,batch_unstable,19,19,2,0,0,1,0,1,252.24699999999999,1.8496399999999997,0,11,2,0,0,0,6,0,1,4,1,5,52.830000000000005,0,0,0
[Li]c1ccncc1,Brc1ccncc1,19,17,43.6764705882353,-73.82352941176471,batch_moderate,7,7,3,0,1,0,1,1,85.03499999999998,-0.12460000000000004,0,6,1,0,0,0,2,0,1,1,0,0,12.89,0,0,0
[Li]c1ccccc1C=O,O=Cc1ccccc1Br,2,0,83.2,-45.0,batch_stable,9,9,3,0,1,0,1,1,112.05699999999999,0.29290000000000005,0,6,1,0,0,0,2,0,1,0,1,1,17.07,0,0,0
[Li]c1ccc2cc(OC)ccc2c1,COc1ccc2cc(Br)ccc2c1,8,8,86.95,-78.0,batch_stable,13,13,3,0,1,0,1,1,164.13299999999998,1.6422,0,10,2,0,0,0,2,0,1,0,1,1,9.23,0,0,0
[Li]c1ccc(-c2ccc3ccccc3c2)cc1,Brc1ccc(-c2ccc3ccccc3c2)cc1,7,5,71.9,-63.6,batch_moderate,17,17,3,0,1,0,1,1,210.205,3.300600000000001,0,16,3,0,0,0,1,0,1,0,0,1,0.0,0,0,0
[Li]c1c(CCN(C)C)sc2ccccc12,CN(C)CCc1sc2ccccc2c1Br,5,5,53.17999999999999,-78.0,batch_moderate,15,15,3,0,1,0,1,1,211.259,1.7992000000000001,0,9,2,0,0,0,3,0,1,1,0,3,3.24,0,0,0
[Li]c1cc(F)c(OC(=O)C(C)(C)C)c(F)c1,CC(C)(C)C(=O)Oc1c(F)cc(Br)cc1F,1,0,95.1,0.0,batch_stable,16,16,3,0,1,0,1,1,220.14399999999998,1.7101,0,6,1,0,2,2,5,0,1,0,2,1,26.3,0,1,0
[Li]c1cc(OC)c(CCOCOC)cc1OC,COCOCCc1cc(OC)c(Br)cc1OC,1,1,56.0,-78.0,batch_moderate,17,17,3,0,1,0,1,1,232.20499999999998,0.6605999999999999,0,6,1,0,0,0,5,0,1,0,4,7,36.92,0,0,0
[Li]c1cc(F)c(C)cc1F,Cc1cc(F)c(Br)cc1F,4,4,56.0,-78.0,batch_moderate,10,10,3,0,1,0,1,1,134.05399999999997,1.0670199999999999,0,6,1,0,2,2,3,0,1,0,0,0,0.0,0,0,0
[Li]c1c(-c2cccc(C)n2)nn2c1CCC2,Cc1cccc(-c2nn3c(c2Br)CCC3)n1,3,3,72.3,-78.0,batch_moderate,16,16,3,0,1,0,1,1,205.18999999999994,0.99352,1,11,2,0,0,0,4,0,1,3,0,1,30.71,0,0,0
[Li]c1c(-c2ccccn2)nn2c1CCC2,Brc1c(-c2ccccn2)nn2c1CCC2,3,3,54.79999999999999,-78.0,batch_moderate,15,15,3,0,1,0,1,1,191.16299999999995,0.6850999999999998,1,11,2,0,0,0,4,0,1,3,0,1,30.71,0,0,0
[Li]c1cccc2c1ccn2CCCO[Si](C)(C)C(C)(C)C,CC(C)(C)[Si](C)(C)OCCCn1ccc2c(Br)cccc21,1,0,82.3,0.0,batch_stable,21,21,3,0,1,0,1,1,295.428,3.847000000000003,0,9,2,0,0,0,4,0,1,1,1,5,14.16,0,0,0
[Li]c1ccc(N(c2ccccc2)c2cccc3ccccc23)cc1,Brc1ccc(N(c2ccccc2)c2cccc3ccccc23)cc1,1,0,60.2,0.0,batch_moderate,24,24,3,0,1,0,1,1,301.31800000000004,5.103400000000004,0,22,4,0,0,0,2,0,1,1,0,3,3.24,0,0,0
[Li]C1(CCCCCCCO)CC1(Br)Br,OCCCCCCCC1(Br)CC1(Br)Br,2,0,62.2,0.0,batch_moderate,14,14,4,0,0,1,0,1,319.994,3.5363000000000024,1,0,0,2,0,2,4,0,1,0,1,7,20.23,0,0,0
[Li]C1(COCCCCCC)CC1(Br)Br,CCCCCCOCC1(Br)CC1(Br)Br,1,0,71.5,0.0,batch_moderate,14,14,4,0,0,1,0,1,319.994,3.8003000000000027,1,0,0,2,0,2,4,0,1,0,1,7,9.23,0,0,0
[Li]c1cc(Br)cc([Si](C)(C)C)c1,C[Si](C)(C)c1cc(Br)cc(Br)c1,13,13,94.0,-68.0,batch_stable,12,12,3,0,1,0,1,1,235.126,1.7881,0,6,1,1,0,1,3,0,1,0,0,1,0.0,0,0,0
[Li]c1ccc2ccn(CCN(C)C)c2c1,CN(C)CCn1ccc2ccc(Br)cc21,2,2,37.0,-78.0,batch_moderate,15,15,3,0,1,0,1,1,194.207,0.9966999999999998,0,9,2,0,0,0,3,0,1,2,0,3,8.17,0,0,0
[Li]c1ccc2c(CC)nn(C3CCCCC3)c2c1,CCc1nn(C2CCCCC2)c2cc(Br)ccc12,1,1,82.0,-78.0,batch_stable,18,18,3,0,1,0,1,1,234.27199999999996,2.8977000000000013,1,9,2,0,0,0,3,0,1,2,0,2,17.82,0,0,0
[Li]C(Br)=Cc1ccc(O[SiH2]C(C)(C)CCC)cc1F,CCCC(C)(C)[SiH2]Oc1ccc(C=C(Br)Br)c(F)c1,1,1,96.2,-70.0,batch_stable,19,19,3,1,1,0,0,1,337.2340000000001,4.1487000000000025,0,6,1,1,1,2,5,0,1,0,1,6,9.23,0,0,0
[Li]c1c(C(=O)O)cc(OCCCCC)c2ccccc12,CCCCCOc1cc(C(=O)O)c(Br)c2ccccc12,1,1,48.7,-78.0,batch_moderate,20,20,3,0,1,0,1,1,264.24999999999994,2.900800000000001,0,10,2,0,0,0,4,0,1,0,3,6,46.53,0,1,0
[Li]c1c(-c2cccc(C=CC(=O)O)c2)cc(OCCCCC)c2ccccc12,CCCCCOc1cc(-c2cccc(C=CC(=O)O)c2)c(Br)c2ccccc12,1,1,46.6,-78.0,batch_moderate,28,28,3,0,1,0,1,1,366.38600000000014,4.967400000000004,0,16,3,0,0,0,4,0,1,0,3,8,46.53,0,1,0
[Li]c1cc(C2=NC(C)(C)CO2)ccc1OC,COc1ccc(C2=NC(C)(C)CO2)cc1Br,1,1,41.0,-78.0,batch_moderate,16,16,3,0,1,0,1,1,211.19,1.0444,1,6,1,0,0,0,4,0,1,1,2,2,30.82,0,0,0
[Li]c1ccc2nccc(OC)c2c1,COc1ccnc2ccc(Br)cc12,1,1,63.8,-60.0,batch_moderate,13,13,3,0,1,0,1,1,165.12099999999998,1.0372,0,10,2,0,0,0,3,0,1,1,1,1,22.12,0,0,0
[Li]c1ccc2nccc(OCC)c2c1,CCOc1ccnc2ccc(Br)cc12,1,1,87.6,-65.0,batch_stable,14,14,3,0,1,0,1,1,179.14799999999997,1.4273,0,10,2,0,0,0,3,0,1,1,1,2,22.12,0,0,0
[Li]CC1CC1,BrCC1CC1,1,0,49.0,-40.0,batch_moderate,5,5,2,0,0,1,0,1,62.041000000000004,0.9832,1,0,0,0,0,0,1,0,1,0,0,1,0.0,0,0,0
[Li]CC1CCCO1,ICC1CCCO1,2,2,43.9,-78.0,batch_moderate,7,7,2,0,0,1,0,1,92.06700000000001,0.7522,1,0,0,0,0,0,2,0,1,0,1,1,9.23,0,0,0
[Li]CC1CCCCO1,BrCC1CCCCO1,2,2,11.0,-78.0,batch_unstable,8,8,2,0,0,1,0,1,106.09400000000001,1.1422999999999999,1,0,0,0,0,0,2,0,1,0,1,1,9.23,0,0,0
[Li]CC1CCOCC1,ICC1CCOCC1,3,3,52.56666666666666,-75.33333333333333,batch_moderate,8,8,2,0,0,1,0,1,106.09400000000001,0.9998,1,0,0,0,0,0,2,0,1,0,1,1,9.23,0,0,0
[Li]CC1CCCC1OC1CCCCO1,ICC1CCCC1OC1CCCCO1,2,2,45.1,-78.0,batch_moderate,14,14,2,0,0,1,0,1,190.21199999999993,2.2851,2,0,0,0,0,0,3,0,1,0,2,3,18.46,1,0,0
[Li]CC1CCC(OC2CCCCO2)C1,ICC1CCC(OC2CCCCO2)C1,2,2,54.1,-78.0,batch_moderate,14,14,2,0,0,1,0,1,190.21199999999993,2.2851,2,0,0,0,0,0,3,0,1,0,2,3,18.46,0,0,0
[Li]CC1CCC2(C1)OCCCO2,ICC1CCC2(C1)OCCCO2,4,4,66.45,-78.0,batch_moderate,12,12,2,0,0,1,0,1,162.158,1.5065,2,0,0,0,0,0,3,0,1,0,2,1,18.46,0,0,0
[Li]CC1CCC2(CC1)OCCO2,ICC1CCC2(CC1)OCCO2,2,2,55.3,-78.0,batch_moderate,12,12,2,0,0,1,0,1,162.158,1.5065,2,0,0,0,0,0,3,0,1,0,2,1,18.46,0,0,0
[Li]c1ccc(Cl)c2cc[nH]c12,Clc1ccc(Br)c2[nH]ccc12,1,1,67.0,-78.0,batch_moderate,11,11,3,0,1,0,1,1,157.52900000000002,1.6150999999999998,0,9,2,0,0,1,3,0,1,1,0,0,15.79,0,0,0
[Li]c1ccc(F)c2cc[nH]c12,Fc1ccc(Br)c2[nH]ccc12,1,1,80.0,-78.0,batch_stable,11,11,3,0,1,0,1,1,141.07399999999998,1.1008,0,9,2,0,1,1,3,0,1,1,0,0,15.79,0,0,0
[Li]c1cc(Cl)cc2cc[nH]c12,Clc1cc(Br)c2[nH]ccc2c1,2,0,71.6,5.0,batch_moderate,11,11,3,0,1,0,1,1,157.529,1.6150999999999998,0,9,2,0,0,1,3,0,1,1,0,0,15.79,0,0,0
[Li]c1cc(Cl)cc2cn[nH]c12,Clc1cc(Br)c2[nH]ncc2c1,1,1,33.0,-78.0,batch_moderate,11,11,3,0,1,0,1,1,158.517,1.0101,0,9,2,0,0,1,4,0,1,2,0,0,28.68,0,0,0
[Li]c1cc(C)cc2cc[nH]c12,Cc1cc(Br)c2[nH]ccc2c1,1,0,56.0,2.5,batch_moderate,11,11,3,0,1,0,1,1,137.11099999999996,1.27012,0,9,2,0,0,0,2,0,1,1,0,0,15.79,0,0,0
[Li]c1cc(C(F)(F)F)cc2cc[nH]c12,FC(F)(F)c1cc(Br)c2[nH]ccc2c1,2,0,57.5,1.25,batch_moderate,14,14,3,0,1,0,1,1,191.08100000000002,1.9804999999999997,0,9,2,0,3,3,5,0,1,1,0,0,15.79,0,0,0
[Li]c1cccc2cc(C)[nH]c12,Cc1cc2cccc(Br)c2[nH]1,1,0,31.0,2.5,batch_moderate,11,11,3,0,1,0,1,1,137.111,1.27012,0,9,2,0,0,0,2,0,1,1,0,0,15.79,0,0,0
[Li]c1ccc(OC(F)(F)F)cc1,FC(F)(F)Oc1ccc(Br)cc1,4,4,51.7,-73.5,batch_moderate,12,12,3,0,1,0,1,1,168.043,1.3790000000000002,0,6,1,0,3,3,5,0,1,0,1,1,9.23,0,0,0
[Li]c1ccc(OCCN2CCCC2)cc1,Brc1ccc(OCCN2CCCC2)cc1,2,2,36.2,-78.0,batch_moderate,15,15,3,0,1,0,1,1,197.20699999999997,0.9549999999999996,1,6,1,0,0,0,3,0,1,1,1,4,12.47,0,0,0
[Li]c1cc2c(cc1F)OC(c1ccccc1)(c1ccccc1)O2,Fc1cc2c(cc1Br)OC(c1ccccc1)(c1ccccc1)O2,4,0,67.6,20.0,batch_moderate,23,23,3,0,1,0,1,1,298.242,3.2920000000000016,1,18,3,0,1,1,4,0,1,0,2,2,18.46,0,0,0
[Li]c1ccc2c(c1)cc(C)n2C(=O)OC(C)(C)C,Cc1cc2cc(Br)ccc2n1C(=O)OC(C)(C)C,1,1,6.0,-78.0,batch_unstable,18,18,3,0,1,0,1,1,237.22799999999995,2.526720000000001,0,9,2,0,0,0,4,0,1,1,2,0,31.23,0,1,0
[Li]c1ccc2c(c1)CCC(=O)N2,O=C1CCc2cc(Br)ccc2N1,1,1,14.0,-78.0,batch_unstable,12,12,3,0,1,0,1,1,153.11,0.3650999999999999,1,6,1,0,0,0,3,0,1,1,1,0,29.1,0,0,0
[Li]c1ccc2c(c1)CCN2C(=O)OC(C)(C)C,CC(C)(C)OC(=O)N1CCc2cc(Br)ccc21,1,1,18.4,-78.0,batch_unstable,17,17,3,0,1,0,1,1,225.21699999999998,1.778,1,6,1,0,0,0,4,0,1,1,2,0,29.540000000000003,0,1,0
[Li]c1cccc2c1ccn2[Si](C(C)C)(C(C)C)C(C)C,CC(C)[Si](C(C)C)(C(C)C)n1ccc2c(Br)cccc21,1,1,97.8,-78.0,batch_stable,20,20,3,0,1,0,1,1,279.42900000000003,4.458700000000004,0,9,2,0,0,0,3,0,1,1,0,4,4.93,0,0,0
[Li]c1cn([Si](C(C)C)(C(C)C)C(C)C)c2cccc(SC)c12,CSc1cccc2c1c(Br)cn2[Si](C(C)C)(C(C)C)C(C)C,1,1,71.3,-78.0,batch_moderate,22,22,3,0,1,0,1,1,325.5230000000001,5.180600000000005,0,9,2,0,0,0,4,0,1,1,0,5,4.93,0,0,0
[Li]c1cc(F)cc2c1c(Sc1ccc(Cl)cc1)c1n2CCC1CC(=O)O,O=C(O)CC1CCn2c1c(Sc1ccc(Cl)cc1)c1c(Br)cc(F)cc12,1,1,53.0,-78.0,batch_moderate,26,26,3,0,1,0,1,1,381.7850000000002,4.340800000000002,1,15,3,0,1,2,7,0,1,1,2,4,42.230000000000004,0,1,0
[Li]c1cc(F)cc2c1cc1n2CCC1CC(=O)O,O=C(O)CC1CCn2c1cc1c(Br)cc(F)cc12,1,1,99.6,-78.0,batch_stable,18,18,3,0,1,0,1,1,239.17499999999993,1.5362,1,9,2,0,1,1,5,0,1,1,2,2,42.230000000000004,0,1,0
[Li]c1ccc2cc(C=C)ccc2c1,C=Cc1ccc2cc(Br)ccc2c1,1,0,77.6,-15.0,batch_moderate,13,13,3,0,1,0,1,1,160.14499999999998,2.2766,0,10,2,0,0,0,1,0,1,0,0,1,0.0,0,0,0
[Li]c1cc(CC)ccc1OCc1ccccc1,CCc1ccc(OCc2ccccc2)c(Br)c1,2,2,87.0,-78.0,batch_stable,17,17,3,0,1,0,1,1,218.225,2.6218000000000012,0,12,2,0,0,0,2,0,1,0,1,4,9.23,0,0,0
[Li]Cc1ccc2cc(-c3ccc(OC)c(C45CC6CC(CC(C6)C4)C5)c3)ccc2c1,COc1ccc(-c2ccc3cc(CI)ccc3c2)cc1C12CC3CC(CC(C3)C1)C2,1,0,56.0,0.0,batch_moderate,30,30,2,0,0,1,0,1,388.4800000000002,6.651700000000006,4,16,3,0,0,0,2,0,1,0,1,4,9.23,0,0,0
[Li]c1ccc(OC)c(-c2ccccc2)c1,COc1ccc(Br)cc1-c1ccccc1,1,1,76.7,-75.0,batch_moderate,15,15,3,0,1,0,1,1,190.17100000000002,2.1559999999999997,0,12,2,0,0,0,2,0,1,0,1,2,9.23,0,0,0
[Li]c1ccc(OC)c(C(C)(C)C)c1,COc1ccc(Br)cc1C(C)(C)C,1,1,64.2,-75.0,batch_moderate,13,13,3,0,1,0,1,1,170.18099999999998,1.7865,0,6,1,0,0,0,2,0,1,0,1,1,9.23,0,0,0
[Li]c1ccc(OC)c(C2(C)CCCCC2)c1,COc1ccc(Br)cc1C1(C)CCCCC1,1,1,64.6,-75.0,batch_moderate,16,16,3,0,1,0,1,1,210.24599999999992,2.7108000000000008,1,6,1,0,0,0,2,0,1,0,1,2,9.23,0,0,0
[Li]c1ccc(OC)cc1C(C)C,COc1ccc(Br)c(C(C)C)c1,2,0,79.3,0.0,batch_moderate,12,12,3,0,1,0,1,1,156.15399999999997,1.6124,0,6,1,0,0,0,2,0,1,0,1,2,9.23,0,0,0
[Li]c1cc(F)c(F)cc1F,Fc1cc(F)c(Br)cc1F,5,0,84.5,0.0,batch_stable,10,10,3,0,1,0,1,1,138.017,0.8977,0,6,1,0,3,3,4,0,1,0,0,0,0.0,0,0,0
[Li]c1cc(F)c(F)c(C(F)(F)F)c1F,Fc1cc(Br)c(F)c(C(F)(F)F)c1F,3,1,69.0,-78.0,batch_moderate,14,14,3,0,1,0,1,1,206.01399999999995,1.9164999999999999,0,6,1,0,6,6,7,0,1,0,0,0,0.0,0,0,0
[Li]c1ccc(-n2c(C)ccc2C)cn1,Cc1ccc(C)n1-c1ccc(Br)nc1,1,1,46.0,-78.0,batch_moderate,14,14,3,1,1,0,1,1,178.164,1.28294,0,11,2,0,0,0,3,0,1,2,0,1,17.82,0,0,0
[Li]c1c[nH]c2ncnc(Cl)c12,Clc1ncnc2[nH]cc(Br)c12,3,3,47.0,-78.0,batch_moderate,11,11,3,0,1,0,1,1,159.505,0.4051000000000002,0,9,2,0,0,1,5,0,1,3,0,0,41.57,0,0,0
[Li]c1cnc2ccc(NCCCC)nn12,CCCCNc1ccc2ncc(Br)n2n1,1,1,57.7,-78.0,batch_moderate,15,15,3,1,1,0,1,1,196.18299999999996,0.7350999999999999,0,9,2,0,0,0,5,0,1,4,0,4,42.22,0,0,0
[Li]c1cc(Cl)c(F)cc1OC,COc1cc(F)c(Cl)cc1Br,2,0,88.6,-40.0,batch_stable,11,11,3,0,1,0,1,1,166.50799999999998,1.2814999999999999,0,6,1,0,1,2,4,0,1,0,1,1,9.23,0,0,0
[Li]c1ccc2c(c1)C(CCCC)(CCCC)c1cc(N(c3ccccc3)c3ccccc3)ccc1-2,CCCCC1(CCCC)c2cc(Br)ccc2-c2ccc(N(c3ccccc3)c3ccccc3)cc21,2,0,79.4,-30.0,batch_moderate,35,35,3,0,1,0,1,1,451.5830000000001,8.597100000000005,1,24,4,0,0,0,2,0,1,1,0,9,3.24,0,0,0
[Li]c1ccc(OC)c(O[Si](C)(C)C(C)(C)C)c1,COc1ccc(Br)cc1O[Si](C)(C)C(C)(C)C,3,3,59.0,-78.0,batch_moderate,17,17,3,0,1,0,1,1,244.33599999999996,2.873000000000001,0,6,1,0,0,0,4,0,1,0,2,3,18.46,0,0,0
[Li]c1ccc(OCC(C)C)cc1,CC(C)COc1ccc(Br)cc1,3,3,35.8,-78.0,batch_moderate,12,12,3,0,1,0,1,1,156.154,1.5151999999999999,0,6,1,0,0,0,2,0,1,0,1,3,9.23,0,0,0
[Li]c1ccccc1-c1c(C(C)C)cc(C(C)C)cc1C(C)C,CC(C)c1cc(C(C)C)c(-c2ccccc2I)c(C(C)C)c1,5,5,94.0,-60.0,batch_stable,22,22,3,0,1,0,1,1,286.38800000000003,5.517600000000005,0,12,2,0,0,0,1,0,1,0,0,4,0.0,0,0,0
[Li][Mg]c1c(C)cc(C)cc1C,Cc1cc(C)c([Mg]Br)c(C)c1,4,4,45.2,-78.0,batch_moderate,11,11,2,0,0,0,0,1,150.43299999999996,1.0248599999999999,0,6,1,0,0,0,2,0,1,0,0,1,0.0,0,0,0
[Li]c1ccccc1-c1c(OC)cccc1OC,COc1cccc(OC)c1-c1ccccc1Br,4,4,65.0,-78.0,batch_moderate,17,17,3,0,1,0,1,1,220.197,2.1646,0,12,2,0,0,0,3,0,1,0,2,3,18.46,0,0,0
[Li]CCOc1cc(Br)ccc1Br,BrCCOc1cc(Br)ccc1Br,3,3,98.5,-78.0,batch_stable,12,12,2,0,0,1,0,1,285.89199999999994,3.177200000000001,0,6,1,2,0,2,4,0,1,0,1,3,9.23,0,0,0
[Li]c1cnc(N)nc1NC1CCCC1,Nc1ncc(I)c(NC2CCCC2)n1,2,0,66.5,0.0,batch_moderate,14,14,3,0,1,0,1,1,184.17199999999994,0.20709999999999962,1,6,1,0,0,0,5,0,1,4,0,2,63.83,0,0,0
[Li]c1cc(Br)ccc1F,Fc1ccc(Br)cc1I,4,4,44.975,-76.5,batch_moderate,9,9,3,0,1,0,1,1,180.933,1.3820000000000001,0,6,1,1,1,2,3,0,1,0,0,0,0.0,0,0,0
[Li]c1ccc(C#N)c(OC)c1,COc1cc(Br)ccc1C#N,5,5,54.6,-78.0,batch_moderate,11,11,3,0,1,0,1,1,139.083,0.36068,0,6,1,0,0,0,3,0,1,1,1,1,33.019999999999996,0,0,1
[Li]c1ccsc1C(F)(F)F,FC(F)(F)c1sccc1Br,1,0,47.0,0.0,batch_moderate,10,10,3,0,1,0,1,1,158.07299999999998,1.5607000000000002,0,5,1,0,3,3,5,0,1,0,0,0,0.0,0,0,0
[Li]c1c(-c2ccccc2)cn(C)c1C,Cc1c(Br)c(-c2ccccc2)cn1C,1,1,38.4,-78.0,batch_moderate,14,14,3,0,1,0,1,1,177.17599999999996,1.79432,0,11,2,0,0,0,2,0,1,1,0,1,4.93,0,0,0
[Li]c1cnc(CO[Si](C)(C)C(C)(C)C)c(C)c1OC,COc1c(Br)cnc(CO[Si](C)(C)C(C)(C)C)c1C,2,2,58.4,-68.0,batch_moderate,19,19,3,0,1,0,1,1,273.378,2.714220000000001,0,6,1,0,0,0,5,0,1,1,2,4,31.35,0,0,0
[Li]c1ccc(C(OC)OC)cn1,COC(OC)c1ccc(Br)nc1,1,1,53.7,-70.0,batch_moderate,12,12,3,1,1,0,1,1,159.114,0.16680000000000006,0,6,1,0,0,0,4,0,1,1,2,3,31.35,0,0,0
[Li]c1cccc(C[P+](c2ccccc2)(c2ccccc2)c2ccccc2)c1,Brc1cccc(C[P+](c2ccccc2)(c2ccccc2)c2ccccc2)c1,1,0,89.8,0.0,batch_stable,27,27,3,0,1,0,1,1,359.3580000000001,3.9745000000000035,0,24,4,0,0,0,2,0,1,0,0,5,0.0,0,0,0
[Li]c1cccc2c1OCCN(C(=O)OC(C)(C)C)C2,CC(C)(C)OC(=O)N1CCOc2c(Br)cccc2C1,3,2,24.349999999999998,-78.0,batch_unstable,19,19,3,0,1,0,1,1,255.24299999999997,1.6099,1,6,1,0,0,0,5,0,1,1,3,0,38.769999999999996,0,1,0
[Li]c1ccnc2[nH]ccc12,Brc1ccnc2[nH]ccc12,5,0,76.1,20.0,batch_moderate,10,10,3,0,1,0,1,1,124.07199999999997,0.35669999999999996,0,9,2,0,0,0,3,0,1,2,0,0,28.68,0,0,0
[Li]c1cc2c3ccccc3c3ccccc3c2c2ccccc12,Brc1cc2c3ccccc3c3ccccc3c2c2ccccc12,4,0,60.0,-40.0,batch_moderate,23,23,3,0,1,0,1,1,284.287,5.093200000000003,0,22,5,0,0,0,1,0,1,0,0,0,0.0,0,0,0
[Li]C1=Cc2ccccc2CC1,BrC1=Cc2ccccc2CC1,1,1,59.5,-65.0,batch_moderate,11,11,3,0,1,0,0,1,136.12299999999996,2.1422,1,6,1,0,0,0,1,0,1,0,0,0,0.0,0,0,0
[Li]c1ccccc1C(=O)OC,COC(=O)c1ccccc1I,4,4,83.5,-78.0,batch_stable,11,11,3,0,1,0,1,1,142.083,0.267,0,6,1,0,0,0,3,0,1,0,2,1,26.3,0,1,0
[Li]c1c(OC)ccc2cc(-c3ccc(OC)cc3)ccc12,COc1ccc(-c2ccc3c(Br)c(OC)ccc3c2)cc1,2,2,62.8,-78.0,batch_moderate,21,21,3,0,1,0,1,1,270.257,3.317800000000002,0,16,3,0,0,0,3,0,1,0,2,3,18.46,0,0,0
[Li]c1cnccc1Cl,Clc1ccncc1I,3,3,76.7,-78.0,batch_moderate,8,8,3,0,1,0,1,1,119.47999999999999,0.5288,0,6,1,0,0,1,3,0,1,1,0,0,12.89,0,0,0
[Li]c1ccc(CO)cc1C,Cc1cc(CO)ccc1Br,1,0,64.3,0.0,batch_moderate,10,10,3,0,1,0,1,1,128.09999999999997,0.28112000000000004,0,6,1,0,0,0,2,0,1,0,1,1,20.23,0,0,0
[Li]c1ccc(SCCCCCCCCC)cc1,CCCCCCCCCSc1ccc(Br)cc1,1,0,89.0,0.0,batch_stable,17,17,3,0,1,0,1,1,242.35699999999994,4.323100000000004,0,6,1,0,0,0,2,0,1,0,0,9,0.0,0,0,0
[Li]c1ccc2c(c1)OCCC2(C)C,CC1(C)CCOc2cc(Br)ccc21,2,2,47.8,-78.0,batch_moderate,13,13,3,0,1,0,1,1,168.165,1.5405,1,6,1,0,0,0,2,0,1,0,1,0,9.23,0,0,0
[Li]c1ccc2c(c1)SCCC2(C)C,CC1(C)CCSc2cc(Br)ccc21,1,1,55.0,-78.0,batch_moderate,13,13,3,0,1,0,1,1,184.23299999999995,2.2538,1,6,1,0,0,0,2,0,1,0,0,0,0.0,0,0,0
[Li]C(Br)=CC(CCCCC)c1ccc2c(c1)N(C(=O)OC(C)(C)C)CCC2(C)C,CCCCCC(C=C(Br)Br)c1ccc2c(c1)N(C(=O)OC(C)(C)C)CCC2(C)C,2,2,88.4,-78.0,batch_stable,29,29,3,1,1,0,0,1,456.3940000000003,7.178100000000008,1,6,1,1,0,1,5,0,1,1,2,6,29.540000000000003,0,1,0
[Li]c1ccc([C@@H](C)N(CC=C)CC=C)cc1,C=CCN(CC=C)[C@H](C)c1ccc(Br)cc1,1,1,64.0,-78.0,batch_moderate,16,16,3,0,1,0,1,1,207.24599999999998,2.2154,0,6,1,0,0,0,2,0,1,1,0,6,3.24,0,0,0
[Li]c1cc2ccccc2c2ccccc12,Brc1cc2ccccc2c2ccccc12,2,2,77.6,-67.0,batch_moderate,15,15,3,0,1,0,1,1,184.167,2.7868000000000013,0,14,3,0,0,0,1,0,1,0,0,0,0.0,0,0,0
[Li]c1ccccc1-c1ccc2ccc3cccc4ccc1c2c34,Brc1ccccc1-c1ccc2ccc3cccc4ccc1c2c34,2,0,88.0,-20.0,batch_stable,23,23,3,0,1,0,1,1,284.2870000000001,5.044800000000003,0,22,5,0,0,0,1,0,1,0,0,1,0.0,0,0,0
[Li]c1c2ccccc2c(Br)c2ccccc12,Brc1c2ccccc2c(Br)c2ccccc12,1,1,20.2,-69.0,batch_unstable,16,16,3,0,1,0,1,1,263.063,3.5493000000000015,0,14,3,1,0,1,2,0,1,0,0,0,0.0,0,0,0
[Li]Cc1cc(OC)c(OCc2ccccc2)cc1Br,COc1cc(CBr)c(Br)cc1OCc1ccccc1,3,3,55.0,-78.0,batch_moderate,19,19,2,0,0,1,0,1,313.12,3.705200000000003,0,12,2,1,0,1,4,0,1,0,2,5,18.46,0,0,0
[Li]c1ccc2c(-c3ccc(C)cc3)c(-c3ccc(C)cc3)sc2c1,Cc1ccc(-c2sc3cc(Br)ccc3c2-c2ccc(C)cc2)cc1,1,1,85.5,-78.0,batch_stable,24,24,3,0,1,0,1,1,320.386,5.645940000000004,0,21,4,0,0,0,2,0,1,0,0,2,0.0,0,0,0
[Li]c1cc(Br)cc(C(C)C)c1,CC(C)c1cc(Br)cc(Br)c1,2,2,68.0,-78.0,batch_moderate,11,11,3,0,1,0,1,1,205.024,2.3663000000000007,0,6,1,1,0,1,2,0,1,0,0,1,0.0,0,0,0
[Li]c1ccc2c(cnn2CCCO[Si](c2ccccc2)(c2ccccc2)C(C)(C)C)c1,CC(C)(C)[Si](OCCCn1ncc2cc(Br)ccc21)(c1ccccc1)c1ccccc1,4,4,51.6,-78.0,batch_moderate,31,31,3,0,1,0,1,1,420.5580000000001,3.796800000000003,0,21,4,0,0,0,5,0,1,2,1,7,27.05,0,0,0
[Li]c1cccc(-c2ccc3ccccc3c2)c1,Brc1cccc(-c2ccc3ccccc3c2)c1,4,0,67.9,12.0,batch_moderate,17,17,3,0,1,0,1,1,210.205,3.300600000000002,0,16,3,0,0,0,1,0,1,0,0,1,0.0,0,0,0
[Li]c1cccc(-c2cccc3ccccc23)c1,Brc1cccc(-c2cccc3ccccc23)c1,4,3,71.9,-60.0,batch_moderate,17,17,3,0,1,0,1,1,210.205,3.300600000000001,0,16,3,0,0,0,1,0,1,0,0,1,0.0,0,0,0
[Li]c1ccc(-c2cccc3ccccc23)cc1,Brc1ccc(-c2cccc3ccccc23)cc1,3,3,68.9,-60.0,batch_moderate,17,17,3,0,1,0,1,1,210.205,3.300600000000002,0,16,3,0,0,0,1,0,1,0,0,1,0.0,0,0,0
[Li]c1ccc(OCC(=O)OCC)c(C=O)c1,CCOC(=O)COc1ccc(Br)cc1C=O,1,1,54.2,-78.0,batch_moderate,16,16,3,0,1,0,1,1,214.146,0.2347999999999999,0,6,1,0,0,0,5,0,1,0,4,5,52.6,0,1,0
[Li]c1cnc(Nc2nc(C)cs2)cc1Oc1c(F)cccc1F,Cc1csc(Nc2cc(Oc3c(F)cccc3F)c(Br)cn2)n1,1,1,55.1,-78.0,batch_moderate,23,23,3,0,1,0,1,1,325.269,3.4544200000000016,0,17,3,0,2,2,8,0,1,3,1,4,47.040000000000006,0,0,0
[Li]c1ccc(C(OCC)OCC)cc1,CCOC(OCC)c1ccc(Br)cc1,3,3,59.333333333333336,-73.66666666666667,batch_moderate,14,14,3,0,1,0,1,1,186.17999999999998,1.552,0,6,1,0,0,0,3,0,1,0,2,5,18.46,0,0,0
[Li]c1ccc(CO[Si](C)(C)C(C)(C)C)cc1,CC(C)(C)[Si](C)(C)OCc1ccc(Br)cc1,1,1,35.0,-78.0,batch_moderate,16,16,3,0,1,0,1,1,228.337,3.002200000000002,0,6,1,0,0,0,3,0,1,0,1,3,9.23,0,0,0
[Li]c1ccc(CO[Si](C)(C)C(C)(C)C)cn1,CC(C)(C)[Si](C)(C)OCc1ccc(Br)nc1,5,5,66.3,-78.0,batch_moderate,16,16,3,1,1,0,1,1,229.325,2.3972000000000007,0,6,1,0,0,0,4,0,1,1,1,3,22.12,0,0,0
[Li]c1cnc(Nc2nc(C)cs2)c(Sc2ccccc2)c1,Cc1csc(Nc2ncc(Br)cc2Sc2ccccc2)n1,2,2,73.0,-78.0,batch_moderate,21,21,3,0,1,0,1,1,305.357,3.535120000000001,0,17,3,0,0,0,6,0,1,3,0,4,37.81,0,0,0
[Li]c1cc(OC)cc2cn[nH]c12,COc1cc(Br)c2[nH]ncc2c1,1,1,100.0,-78.0,batch_stable,12,12,3,0,1,0,1,1,154.09799999999998,0.3652999999999999,0,9,2,0,0,0,4,0,1,2,1,1,37.91,0,0,0
[Li]c1cnc2[nH]cnc(Cl)c1-2,Clc1nc[nH]c2ncc(Br)c1-2,3,3,41.86666666666667,-78.0,batch_moderate,11,11,3,0,1,0,1,1,159.50499999999997,0.3567000000000002,2,9,0,0,0,1,5,0,1,3,0,0,41.57,0,0,0
[Li]c1ccc(-c2nc3c(C)nn(C4CCCCC4)c3c(=O)[nH]2)c(OC)c1,COc1cc(Br)ccc1-c1nc2c(C)nn(C3CCCCC3)c2c(=O)[nH]1,1,1,55.1,-78.0,batch_moderate,26,26,3,0,1,0,1,1,344.34400000000005,2.4026200000000006,1,15,3,0,0,0,7,0,1,4,2,3,72.8,0,0,0
[Li]c1c2c(nn1C)N(c1c(C)cc(C)cc1Cl)CCC2,Cc1cc(C)c(N2CCCc3c2nn(C)c3Br)c(Cl)c1,4,4,56.7,-78.0,batch_moderate,20,20,3,1,1,0,1,1,281.71600000000007,2.5684400000000007,1,11,2,0,0,1,5,0,1,3,0,1,21.060000000000002,0,0,0
[Li]c1ccc(F)c2ccccc12,Fc1ccc(Br)c2ccccc12,3,1,81.7,-78.0,batch_stable,12,12,3,0,1,0,1,1,152.09699999999998,1.7727,0,10,2,0,1,1,2,0,1,0,0,0,0.0,0,0,0
[Li]c1ccc(OC)cc1COC(C)OCC,CCOC(C)OCc1cc(OC)ccc1Br,1,1,40.3,-78.0,batch_moderate,16,16,3,0,1,0,1,1,216.20599999999996,1.3881,0,6,1,0,0,0,4,0,1,0,3,6,27.69,0,0,0
[Li]c1ccc(F)cc1COC(C)OCC,CCOC(C)OCc1cc(F)ccc1Br,1,1,70.9,-78.0,batch_moderate,15,15,3,0,1,0,1,1,204.17,1.5186000000000002,0,6,1,0,1,1,4,0,1,0,2,5,18.46,0,0,0
[Li]c1cc(CC)c2occ(C)c2c1,CCc1cc(Br)cc2c(C)coc12,1,1,41.9,-78.0,batch_moderate,13,13,3,0,1,0,1,1,166.14899999999997,2.09742,0,9,2,0,0,0,2,0,1,0,1,1,13.14,0,0,0
[Li]CCCCOC1CCCCO1,BrCCCCOC1CCCCO1,1,0,63.8,-10.0,batch_moderate,12,12,2,0,0,1,0,1,164.17399999999998,1.8966,1,0,0,0,0,0,3,0,1,0,2,5,18.46,0,0,0
[Li]c1cn(C(c2ccccc2)(c2ccccc2)c2ccccc2)c2cnc(Cl)nc12,Clc1ncc2c(n1)c(Br)cn2C(c1ccccc1)(c1ccccc1)c1ccccc1,1,1,76.0,-78.0,batch_moderate,30,30,3,0,1,0,1,1,401.82600000000014,4.718700000000003,0,27,5,0,0,1,5,0,1,3,0,4,30.71,0,0,0
[Li]c1cscc1C(=O)O,O=C(O)c1cscc1Br,3,3,48.76666666666667,-78.0,batch_moderate,9,9,3,0,1,0,1,1,134.08499999999998,0.24010000000000004,0,5,1,0,0,0,4,0,1,0,2,1,37.3,0,1,0
[Li]c1ccc(F)cc1C=O,O=Cc1cc(F)ccc1Br,1,0,64.6,0.0,batch_moderate,10,10,3,0,1,0,1,1,130.047,0.43200000000000005,0,6,1,0,1,1,3,0,1,0,1,1,17.07,0,0,0
[Li]c1c(C)noc1C,Cc1noc(C)c1Br,1,1,12.5,-78.0,batch_unstable,8,8,3,0,1,0,1,1,103.04999999999998,0.08523999999999998,0,5,1,0,0,0,3,0,1,1,1,0,26.03,0,0,0
[Li]c1cc(F)c(OC)cc1F,COc1cc(F)c(Br)cc1F,1,1,99.4,-78.0,batch_stable,11,11,3,0,1,0,1,1,150.05299999999997,0.7672,0,6,1,0,2,2,4,0,1,0,1,1,9.23,0,0,0
[Li]c1cc(Br)cc(OC)c1,COc1cc(Br)cc(Br)c1,3,2,98.0,-78.0,batch_stable,10,10,3,0,1,0,1,1,192.969,1.2515,0,6,1,1,0,1,3,0,1,0,1,1,9.23,0,0,0
[Li]c1cnc(C(F)(F)F)cc1C(F)(F)F,FC(F)(F)c1cc(C(F)(F)F)c(Br)cn1,1,1,15.0,-78.0,batch_unstable,15,15,3,0,1,0,1,1,221.02899999999997,1.9130000000000003,0,6,1,0,6,6,8,0,1,1,0,0,12.89,0,0,0
[Li]c1ccc(CN(C)CC=C)cc1C(OCOC)(C(F)(F)F)C(F)(F)F,C=CCN(C)Cc1ccc(I)c(C(OCOC)(C(F)(F)F)C(F)(F)F)c1,1,1,84.0,-78.0,batch_stable,26,26,3,0,1,0,1,1,377.25399999999996,3.0386000000000015,0,6,1,0,6,6,10,0,1,1,2,8,21.700000000000003,0,0,0
[Li]Cc1cccc2c1C(=O)NC2=O,O=C1NC(=O)c2c(CBr)cccc21,1,0,49.0,-33.0,batch_moderate,13,13,2,0,0,1,0,1,167.093,0.23869999999999997,1,6,1,0,0,0,4,0,1,1,2,1,46.17,0,0,0
[Li]c1cc(NC(=O)C(C)(C)C)ccc1F,CC(C)(C)C(=O)Nc1ccc(F)c(Br)c1,1,1,50.7,-78.0,batch_moderate,15,15,3,0,1,0,1,1,201.16999999999996,1.6041,0,6,1,0,1,1,4,0,1,1,1,1,29.1,0,0,0
[Li]c1cc(C(C)(C)C)ccc1OC,COc1ccc(C(C)(C)C)cc1Br,3,3,74.2,-78.0,batch_moderate,13,13,3,0,1,0,1,1,170.18099999999995,1.7865,0,6,1,0,0,0,2,0,1,0,1,1,9.23,0,0,0
[Li]c1cc(C(C)(C)C)ccc1OCOCCOC,COCCOCOc1ccc(C(C)(C)C)cc1Br,3,3,97.8,-78.0,batch_stable,18,18,3,0,1,0,1,1,244.2599999999999,1.7772000000000001,0,6,1,0,0,0,4,0,1,0,3,6,27.69,0,0,0
[Li]c1ccc(F)c(C(CF)=N[S@](=O)C(C)(C)C)c1,CC(C)(C)[S@@](=O)N=C(CF)c1cc(Br)ccc1F,1,0,65.6,0.0,batch_moderate,18,18,3,0,1,0,1,1,265.25399999999996,1.8403,0,6,1,0,2,2,6,0,1,1,1,3,29.43,0,0,0
[Li]c1cccc(C)c1F,Cc1cccc(Br)c1F,1,1,80.0,-78.0,batch_stable,9,9,3,0,1,0,1,1,116.06400000000001,0.9279200000000001,0,6,1,0,1,1,2,0,1,0,0,0,0.0,0,0,0
[Li]c1cc(F)ccc1OCC1CC1,Fc1ccc(OCC2CC2)c(Br)c1,1,0,26.8,-40.0,batch_unstable,13,13,3,0,1,0,1,1,172.12799999999996,1.4082999999999999,1,6,1,0,1,1,3,0,1,0,1,3,9.23,0,0,0
[Li]c1cccc(N2CCC2)n1,Brc1cccc(N2CCC2)n1,1,1,52.7,-78.0,batch_moderate,11,11,3,1,1,0,1,1,140.115,0.08549999999999991,1,6,1,0,0,0,3,0,1,2,0,1,16.130000000000003,0,0,0
[Li]c1ncccn1,Brc1ncccn1,3,3,53.5,-78.0,batch_moderate,7,7,3,2,1,0,1,1,86.02300000000001,-0.7296000000000002,0,6,1,0,0,0,3,0,1,2,0,0,25.78,0,0,0
[Li]c1cc(C2CC(=O)N([Si](C)(C)C(C)(C)C)C2)ccc1OC,COc1ccc(C2CC(=O)N([Si](C)(C)C(C)(C)C)C2)cc1Br,1,0,57.1,0.0,batch_moderate,22,22,3,0,1,0,1,1,311.427,2.810100000000001,1,6,1,0,0,0,5,0,1,1,2,3,29.540000000000003,0,0,0
[Li]c1ccc(-c2ccc(F)cc2)cc1,Fc1ccc(-c2ccc(Br)cc2)cc1,1,1,33.0,-75.0,batch_moderate,14,14,3,0,1,0,1,1,178.13500000000002,2.2865,0,12,2,0,1,1,2,0,1,0,0,1,0.0,0,0,0
[Li]c1cccc(/C=C/C(CCCCCCCC)O[Si](c2ccccc2)(c2ccccc2)C(C)(C)C)n1,CCCCCCCCC(/C=C/c1cccc(Br)n1)O[Si](c1ccccc1)(c1ccccc1)C(C)(C)C,2,0,84.6,-40.0,batch_stable,36,36,3,1,1,0,1,1,491.7210000000001,6.584400000000008,0,18,3,0,0,0,4,0,1,1,1,13,22.12,0,0,0
[Li]c1ccc(OCC)cc1,CCOc1ccc(Br)cc1,4,4,46.800000000000004,-78.0,batch_moderate,10,10,3,0,1,0,1,1,128.1,0.8791,0,6,1,0,0,0,2,0,1,0,1,2,9.23,0,0,0
[Li]c1cccc(OC)c1,COc1cccc(Br)c1,7,7,76.47142857142856,-62.0,batch_moderate,9,9,3,0,1,0,1,1,114.073,0.489,0,6,1,0,0,0,2,0,1,0,1,1,9.23,0,0,0
[Li]c1ccc(/C=C/CO[Si](C)(C)C(C)(C)C)cc1,CC(C)(C)[Si](C)(C)OC/C=C/c1ccc(Br)cc1,2,0,19.7,80.0,batch_unstable,18,18,3,0,1,0,1,1,254.37499999999997,3.5154000000000023,0,6,1,0,0,0,3,0,1,0,1,4,9.23,0,0,0
[Li]c1cc2c(cc1OC)CCC2,COc1cc2c(cc1Br)CCC2,1,0,68.8,0.0,batch_moderate,12,12,3,0,1,0,1,1,154.13799999999995,0.9777,1,6,1,0,0,0,2,0,1,0,1,1,9.23,0,0,0
[Li]c1ccccc1C(=O)Cl,O=C(Cl)c1ccccc1I,1,1,71.3,-78.0,batch_moderate,10,10,3,0,1,0,1,1,146.502,0.8594,0,6,1,0,0,1,3,0,1,0,1,1,17.07,0,0,0
[Li]c1cn([Si](C)(C)C(C)(C)C)c2ccccc12,CC(C)(C)[Si](C)(C)n1cc(Br)c2ccccc21,1,1,53.0,-78.0,batch_moderate,17,17,3,0,1,0,1,1,237.34799999999998,3.288400000000002,0,9,2,0,0,0,3,0,1,1,0,1,4.93,0,0,0
[Li]c1ccc(-c2[nH]nc3c2Cc2ccccc2-3)cc1,Brc1ccc(-c2[nH]nc3c2Cc2ccccc2-3)cc1,1,1,34.0,-78.0,batch_moderate,19,19,3,0,1,0,1,1,238.21900000000002,2.4417,1,17,3,0,0,0,3,0,1,2,0,1,28.68,0,0,0
[Li]c1ccc(CCCl)cc1,ClCCc1ccc(I)cc1,2,2,58.7,-78.0,batch_moderate,10,10,3,0,1,0,1,1,146.54600000000002,1.2617,0,6,1,0,0,1,2,0,1,0,0,2,0.0,0,0,0
[Li]c1ccc(-c2ccc(CCCCCCC)cn2)cc1,CCCCCCCc1ccc(-c2ccc(Br)cc2)nc1,1,1,67.1,-60.0,batch_moderate,20,20,3,0,1,0,1,1,259.32199999999995,4.0553000000000035,0,12,2,0,0,0,2,0,1,1,0,7,12.89,0,0,0
[Li]c1ccc2[nH]cc(C3=CCN(C)CC3)c2c1,CN1CC=C(c2c[nH]c3ccc(Br)cc23)CC1,1,1,46.0,-78.0,batch_moderate,17,17,3,0,1,0,1,1,218.22899999999996,1.6806,1,9,2,0,0,0,3,0,1,2,0,1,19.03,0,0,0
[Li]c1csc2cc(Cl)ccc12,Clc1ccc2c(Br)csc2c1,2,2,27.9,-78.0,batch_unstable,11,11,3,0,1,0,1,1,174.581,2.3485000000000005,0,9,2,0,0,1,3,0,1,0,0,0,0.0,0,0,0
[Li]c1ccc(N(CC)CCCCCCOC2CCCCO2)cc1,CCN(CCCCCCOC1CCCCO1)c1ccc(Br)cc1,1,1,80.0,-78.0,batch_stable,23,23,3,0,1,0,1,1,311.395,3.410300000000002,1,6,1,0,0,0,4,0,1,1,2,10,21.700000000000003,0,0,0
[Li]c1c(C2CCCCC2)c2sc(C(=O)OC)cc2n1COC,COCn1c(Br)c(C2CCCCC2)c2sc(C(=O)OC)cc21,1,0,28.0,40.0,batch_unstable,22,22,3,1,1,0,1,1,313.34800000000007,2.934800000000001,1,8,2,0,0,0,6,0,1,1,3,4,40.46,0,1,0
[Li]c1ccc([C@H](C)NC(=O)OC(C)(C)C)cc1,C[C@H](NC(=O)OC(C)(C)C)c1ccc(Br)cc1,1,1,12.8,-78.0,batch_unstable,17,17,3,0,1,0,1,1,227.23299999999998,2.0661,0,6,1,0,0,0,4,0,1,1,2,2,38.33,0,1,0
[Li]Cc1noc2cc(O[Si](C)(C)C(C)(C)C)ccc12,CC(C)(C)[Si](C)(C)Oc1ccc2c(CBr)noc2c1,2,0,28.0,-20.0,batch_unstable,19,19,2,0,0,1,0,1,269.346,3.8803000000000027,0,9,2,0,0,0,5,0,1,1,2,3,35.260000000000005,0,0,0
[Li]c1nn(COC)cc1CN(C(=O)OC(C)(C)C)S(=O)(=O)c1ccc(C(F)(F)F)cc1,COCn1cc(CN(C(=O)OC(C)(C)C)S(=O)(=O)c2ccc(C(F)(F)F)cc2)c(I)n1,1,1,54.9,-78.0,batch_moderate,31,31,3,1,1,0,1,1,455.38400000000007,2.4255999999999993,0,11,2,0,3,3,13,0,1,3,5,6,90.72999999999999,0,1,0
[Li]c1ccccc1CCOC1CCCCO1,Brc1ccccc1CCOC1CCCCO1,1,0,56.6,0.0,batch_moderate,16,16,3,0,1,0,1,1,212.21799999999996,1.5661,1,6,1,0,0,0,3,0,1,0,2,4,18.46,0,0,0
[Li]c1ccc(N2CCC2)nc1,Brc1ccc(N2CCC2)nc1,4,4,42.1,-78.0,batch_moderate,11,11,3,0,1,0,1,1,140.11500000000004,0.08549999999999991,1,6,1,0,0,0,3,0,1,2,0,1,16.130000000000003,0,0,0
[Li]c1ccc(C(C)(C)O)cn1,CC(C)(O)c1ccc(Br)nc1,4,4,32.7,-78.0,batch_moderate,11,11,3,1,1,0,1,1,143.115,0.10280000000000006,0,6,1,0,0,0,3,0,1,1,1,1,33.120000000000005,0,0,0
[Li]c1ccc(CN(C)C)cn1,CN(C)Cc1ccc(Br)nc1,6,6,53.800000000000004,-78.0,batch_moderate,11,11,3,1,1,0,1,1,142.131,-0.06300000000000017,0,6,1,0,0,0,3,0,1,2,0,2,16.130000000000003,0,0,0
[Li]c1ccc(Cl)c(OC)c1,COc1cc(Br)ccc1Cl,4,4,62.5,-78.0,batch_moderate,10,10,3,0,1,0,1,1,148.518,1.1424,0,6,1,0,0,1,3,0,1,0,1,1,9.23,0,0,0
[Li]c1ccc(Cl)cc1CO,OCc1cc(Cl)ccc1Br,3,3,53.56666666666666,-78.0,batch_moderate,10,10,3,0,1,0,1,1,148.518,0.6261000000000001,0,6,1,0,0,1,3,0,1,0,1,1,20.23,0,0,0
[Li]c1ccc(OC)c(CC)c1,CCc1cc(Br)ccc1OC,4,4,42.4,-78.0,batch_moderate,11,11,3,0,1,0,1,1,142.12699999999998,1.0514000000000001,0,6,1,0,0,0,2,0,1,0,1,2,9.23,0,0,0
[Li]c1ccc2c(c1)OCCCC2=O,O=C1CCCOc2cc(Br)ccc21,1,1,83.6,-75.0,batch_stable,13,13,3,0,1,0,1,1,168.12099999999998,0.8357,1,6,1,0,0,0,3,0,1,0,2,0,26.3,0,0,0
[Li]c1ccc2c(c1)SCCCC2=O,O=C1CCCSc2cc(Br)ccc21,1,1,85.2,-75.0,batch_stable,13,13,3,0,1,0,1,1,184.18899999999994,1.549,1,6,1,0,0,0,3,0,1,0,1,0,17.07,0,0,0
[Li]CC=Cc1ccc(C(=O)OC)c(-c2ccc(F)cc2)c1,COC(=O)c1ccc(C=CCBr)cc1-c1ccc(F)cc1,1,1,71.0,-78.0,batch_moderate,21,21,2,0,0,1,0,1,276.236,3.8793000000000024,0,12,2,0,1,1,4,0,1,0,2,4,26.3,0,1,0
[Li]c1ccc(NC(C)=O)cc1,CC(=O)Nc1ccc(Br)cc1,4,4,36.0,-70.0,batch_moderate,11,11,3,0,1,0,1,1,141.099,0.4387999999999999,0,6,1,0,0,0,3,0,1,1,1,1,29.1,0,0,0
[Li]c1ccc(Nc2nc3ccccc3s2)cc1,Brc1ccc(Nc2nc3ccccc3s2)cc1,5,5,67.9,-70.0,batch_moderate,17,17,3,0,1,0,1,1,232.23700000000002,2.833700000000001,0,15,3,0,0,0,4,0,1,2,0,2,24.92,0,0,0
[Li]c1c(OP(=O)([O-])C(F)F)cc(C(C)(C)C)c(CBr)c1C(C)(C)C,CC(C)(C)c1cc(OP(=O)([O-])C(F)F)c(Br)c(C(C)(C)C)c1CBr,1,1,50.5,-78.0,batch_moderate,24,24,3,0,1,0,1,1,418.1640000000001,4.125100000000003,0,6,1,1,2,3,8,0,1,0,3,4,49.36,0,0,0
[Li]c1sc2c(c1Br)CCN(C(=O)OCC)CC2,CCOC(=O)N1CCc2sc(Br)c(Br)c2CC1,1,1,35.1,-78.0,batch_moderate,17,17,3,0,1,0,1,1,310.1420000000001,1.8615,1,5,1,1,0,1,6,0,1,1,2,1,29.540000000000003,0,1,0
[Li]c1c(C(=O)OCC)c(OC)c2n1[C@@H](C)CN(CC)C2=O,CCOC(=O)c1c(OC)c2n(c1Br)[C@@H](C)CN(CC)C2=O,1,0,67.0,20.0,batch_moderate,21,21,3,1,1,0,1,1,286.257,0.5039,1,5,1,0,0,0,7,0,1,2,4,4,60.77,0,1,0
[Li]c1cc(F)c(OC2CCCCO2)cc1COC1CCCCO1,Fc1cc(Br)c(COC2CCCCO2)cc1OC1CCCCO1,2,2,73.9,-78.0,batch_moderate,23,23,3,0,1,0,1,1,316.2980000000001,2.568100000000001,2,6,1,0,1,1,6,0,1,0,4,5,36.92,0,0,0
[Li]c1c(C)cc(OC2CCCCO2)cc1COC1CCCCO1,Cc1cc(OC2CCCCO2)cc(COC2CCCCO2)c1Br,2,2,33.3,-78.0,batch_moderate,23,23,3,0,1,0,1,1,312.3350000000001,2.737420000000001,2,6,1,0,0,0,5,0,1,0,4,5,36.92,0,0,0
[Li]c1ccc(OC2CCCCO2)cc1C(C)OC1CCCCO1,CC(OC1CCCCO1)c1cc(OC2CCCCO2)ccc1Br,2,2,81.5,-78.0,batch_stable,23,23,3,0,1,0,1,1,312.3350000000001,2.990000000000002,2,6,1,0,0,0,5,0,1,0,4,5,36.92,0,0,0
[Li]c1c(C)c(OCc2ccccc2)c(C)c(C)c1OCc1ccccc1,Cc1c(C)c(OCc2ccccc2)c(Br)c(C)c1OCc1ccccc1,2,0,89.0,0.0,batch_stable,26,26,3,0,1,0,1,1,338.37600000000003,4.563660000000004,0,18,3,0,0,0,3,0,1,0,2,6,18.46,0,0,0
[Li]c1ccc(C2=NOC(c3cc(Cl)cc(Cl)c3)(C(F)(F)F)C2)cc1C,Cc1cc(C2=NOC(c3cc(Cl)cc(Cl)c3)(C(F)(F)F)C2)ccc1Br,2,2,31.4,-78.0,batch_moderate,25,25,3,0,1,0,1,1,380.12200000000007,4.677820000000002,1,12,2,0,3,5,8,0,1,1,1,2,21.59,0,0,0
[Li]c1cc(C=O)ccn1,O=Cc1ccnc(Br)c1,1,1,54.7,-78.0,batch_moderate,9,9,3,1,1,0,1,1,113.04499999999999,-0.31210000000000004,0,6,1,0,0,0,3,0,1,1,1,1,29.96,0,0,0
[Li]c1ccc(C(=O)Nc2ccc(Cl)cc2)nc1,O=C(Nc1ccc(Cl)cc1)c1ccc(Br)cn1,6,6,14.4,-78.0,batch_unstable,17,17,3,0,1,0,1,1,238.603,1.7811000000000001,0,12,2,0,0,1,5,0,1,2,1,2,41.99,0,0,0
[Li]c1ccc(NCc2ccc(C(F)(F)F)cc2)nc1,FC(F)(F)c1ccc(CNc2ccc(Br)cn2)cc1,7,7,55.957142857142856,-78.0,batch_moderate,19,19,3,0,1,0,1,1,258.17199999999997,2.5063000000000004,0,12,2,0,3,3,6,0,1,2,0,3,24.92,0,0,0
[Li]c1ccc(C#N)cn1,N#Cc1ccc(Br)nc1,2,0,97.8,20.0,batch_stable,9,9,3,1,1,0,1,1,110.045,-0.25292000000000003,0,6,1,0,0,0,3,0,1,2,0,0,36.68,0,0,1
[Li]c1cc(Cl)c(Oc2ccncc2C(=O)N2CCN(C3CC3)c3ccccc32)cc1Cl,O=C(c1cnccc1Oc1cc(Cl)c(Br)cc1Cl)N1CCN(C2CC2)c2ccccc21,2,2,65.3,-75.0,batch_moderate,31,31,3,0,1,0,1,1,446.26300000000015,4.6037000000000035,2,18,3,0,0,2,8,0,1,3,2,4,45.67,0,0,0
[Li]c1cccc2c1CC[C@]1(C)CN(Cc3ccccc3)C[C@H]21,C[C@]12CCc3c(Br)cccc3[C@H]1CN(Cc1ccccc1)C2,1,1,55.4,-78.0,batch_moderate,22,22,3,0,1,0,1,1,283.34400000000005,3.032300000000002,2,12,2,0,0,0,2,0,1,1,0,2,3.24,0,0,0
[Li]c1c(OC)cccc1OCc1ccccc1,COc1cccc(OCc2ccccc2)c1Br,1,1,45.7,-78.0,batch_moderate,17,17,3,0,1,0,1,1,220.19699999999997,2.068,0,12,2,0,0,0,3,0,1,0,2,4,18.46,0,0,0
[Li]c1ccc(OCc2ccccc2)cc1OC(F)(F)F,FC(F)(F)Oc1cc(OCc2ccccc2)ccc1Br,1,1,83.0,-78.0,batch_stable,20,20,3,0,1,0,1,1,274.167,2.958000000000002,0,12,2,0,3,3,6,0,1,0,2,4,18.46,0,0,0
[Li]c1cc(OC)c(OC)cc1C(OC)OC,COc1cc(Br)c(C(OC)OC)cc1OC,3,3,72.7,-70.0,batch_moderate,16,16,3,0,1,0,1,1,218.178,0.7889999999999999,0,6,1,0,0,0,5,0,1,0,4,5,36.92,0,0,0
[Li]c1cc(N)ccc1F,Nc1ccc(F)c(Br)c1,4,4,28.9,-78.0,batch_unstable,9,9,3,0,1,0,1,1,117.05199999999998,0.20169999999999977,0,6,1,0,1,1,3,0,1,1,0,0,26.02,0,0,0
[Li]C(Br)=Cc1ccc(CCC)cc1,CCCc1ccc(C=C(Br)Br)cc1,2,2,27.3,-78.0,batch_unstable,13,13,3,1,1,0,0,1,231.06199999999998,3.5009000000000015,0,6,1,1,0,1,2,0,1,0,0,3,0.0,0,0,0
[Li]c1cncc([C@@H]2CCCN2[C@H](C)c2ccc(OC)cc2)c1,COc1ccc([C@@H](C)N2CCC[C@H]2c2cncc(Br)c2)cc1,2,2,95.3,-73.0,batch_stable,22,22,3,0,1,0,1,1,288.32,2.7821000000000007,1,12,2,0,0,0,4,0,1,2,1,4,25.360000000000003,0,0,0
[Li]c1cc(C)ccc1C(CC)(CC)OCOC,CCC(CC)(OCOC)c1ccc(C)cc1Br,2,2,39.2,-78.0,batch_moderate,17,17,3,0,1,0,1,1,228.26099999999994,2.424620000000001,0,6,1,0,0,0,3,0,1,0,2,6,18.46,0,0,0
[Li]c1cc(C)ccc1C(CF)(CF)OCOC,COCOC(CF)(CF)c1ccc(C)cc1Br,2,2,60.5,-78.0,batch_moderate,17,17,3,0,1,0,1,1,236.18699999999993,1.5436200000000002,0,6,1,0,2,2,5,0,1,0,2,6,18.46,0,0,0
[Li]c1cc(C)ccc1C1(OCOC)CCCC1,COCOC1(c2ccc(C)cc2Br)CCCC1,2,2,40.1,-78.0,batch_moderate,17,17,3,0,1,0,1,1,226.2449999999999,2.1786200000000004,1,6,1,0,0,0,3,0,1,0,2,4,18.46,0,0,0
[Li]c1ccc2c(cnn2COCC[Si](C)(C)C)c1OC,COc1c(Br)ccc2c1cnn2COCC[Si](C)(C)C,1,1,50.9,-78.0,batch_moderate,20,20,3,0,1,0,1,1,284.361,2.151,0,9,2,0,0,0,6,0,1,2,2,6,36.28,0,0,0
[Li]c1cc(C)c(N(Cc2ccccc2)Cc2ccccc2)cc1C,Cc1cc(N(Cc2ccccc2)Cc2ccccc2)c(C)cc1I,8,0,64.9375,-16.875,batch_moderate,24,24,3,0,1,0,1,1,307.36600000000004,4.304040000000003,0,18,3,0,0,0,2,0,1,1,0,5,3.24,0,0,0
[Li]c1cccc(NC(=O)C(C)(C)C)n1,CC(C)(C)C(=O)Nc1cccc(Br)n1,1,0,84.0,0.0,batch_stable,14,14,3,1,1,0,1,1,184.168,0.8599999999999999,0,6,1,0,0,0,4,0,1,2,1,1,41.99,0,0,0
[Li]c1ccc(-c2cc(Cl)ccc2C=O)cc1,O=Cc1ccc(Cl)cc1-c1ccc(Br)cc1,1,0,82.8,0.0,batch_stable,16,16,3,0,1,0,1,1,222.60000000000002,2.6133000000000006,0,12,2,0,0,1,3,0,1,0,1,2,17.07,0,0,0
[Li]c1ccc(-c2ccc(N(C)C)cc2C=O)cc1,CN(C)c1ccc(-c2ccc(Br)cc2)c(C=O)c1,1,0,58.4,0.0,batch_moderate,18,18,3,0,1,0,1,1,231.224,2.0259,0,12,2,0,0,0,3,0,1,1,1,3,20.310000000000002,0,0,0
[Li]c1c(C)nc(OC)c(Cl)c1C,COc1nc(C)c(Br)c(C)c1Cl,1,1,47.1,-78.0,batch_moderate,12,12,3,0,1,0,1,1,177.55999999999997,1.15424,0,6,1,0,0,1,4,0,1,1,1,1,22.12,0,0,0
[Li]c1nc(N2CCN(C(=O)OC(C)(C)C)[C@@H](CC(C)C)C2)sc1C,Cc1sc(N2CCN(C(=O)OC(C)(C)C)[C@@H](CC(C)C)C2)nc1Br,1,1,25.9,-78.0,batch_unstable,24,24,3,1,1,0,1,1,345.4380000000001,2.7171200000000004,1,5,1,0,0,0,7,0,1,3,2,3,45.67,0,1,0
[Li]c1c2ccccc2cc2ccccc12,Brc1c2ccccc2cc2ccccc12,1,0,73.0,-40.0,batch_moderate,15,15,3,0,1,0,1,1,184.167,2.7868000000000013,0,14,3,0,0,0,1,0,1,0,0,0,0.0,0,0,0
[Li]c1c2ccccc2c(-c2ccc(-c3ccc4ccccc4c3)cc2)c2ccccc12,Brc1c2ccccc2c(-c2ccc(-c3ccc4ccccc4c3)cc2)c2ccccc12,1,0,67.0,-40.0,batch_moderate,31,31,3,0,1,0,1,1,386.4230000000001,7.274000000000005,0,30,6,0,0,0,1,0,1,0,0,2,0.0,0,0,0
[Li]c1ccc2cc(-c3ccccc3)ccc2c1,Brc1ccc2cc(-c3ccccc3)ccc2c1,3,0,73.33333333333333,10.0,batch_moderate,17,17,3,0,1,0,1,1,210.205,3.300600000000002,0,16,3,0,0,0,1,0,1,0,0,1,0.0,0,0,0
[Li]c1ccc2c(ccc3cc(-c4ccc(-c5ccc6ccccc6c5)cc4)ccc32)c1,Brc1ccc2c(ccc3cc(-c4ccc(-c5ccc6ccccc6c5)cc4)ccc32)c1,1,0,69.0,70.0,batch_moderate,31,31,3,0,1,0,1,1,386.42300000000006,7.274000000000005,0,30,6,0,0,0,1,0,1,0,0,2,0.0,0,0,0
[Li]c1ccc2c(ccc3cc(-c4ccc5ccccc5c4)ccc32)c1,Brc1ccc2c(ccc3cc(-c4ccc5ccccc5c4)ccc32)c1,1,0,62.0,70.0,batch_moderate,25,25,3,0,1,0,1,1,310.32500000000005,5.607000000000004,0,24,5,0,0,0,1,0,1,0,0,1,0.0,0,0,0
[Li]c1ccc(C=O)cn1,O=Cc1ccc(Br)nc1,6,1,90.3,-78.0,batch_stable,9,9,3,1,1,0,1,1,113.04499999999999,-0.31210000000000004,0,6,1,0,0,0,3,0,1,1,1,1,29.96,0,0,0
[Li]c1ccc(F)c(C(=O)Cl)c1,O=C(Cl)c1cc(Br)ccc1F,1,0,67.4,-30.0,batch_moderate,11,11,3,0,1,0,1,1,164.49200000000002,0.9985,0,6,1,0,1,2,4,0,1,0,1,1,17.07,0,0,0
[Li]c1nn(C2CCN(C(=O)OC(C)(C)C)CC2)nc1Br,CC(C)(C)OC(=O)N1CCC(n2nc(Br)c(Br)n2)CC1,1,1,33.0,-78.0,batch_moderate,20,20,3,1,1,0,1,1,337.147,1.406399999999999,1,5,1,1,0,1,8,0,1,4,2,1,60.25,0,1,0
[Li]c1ccccc1C(C)=O,CC(=O)c1ccccc1I,2,0,77.4,-30.0,batch_moderate,10,10,3,0,1,0,1,1,126.08399999999999,0.683,0,6,1,0,0,0,2,0,1,0,1,1,17.07,0,0,0
[Li]c1nc(Br)n(C)n1,Cn1nc(Br)nc1Br,2,1,73.0,-75.0,batch_moderate,8,8,3,2,1,0,1,1,167.923,-0.6286,0,5,1,1,0,1,5,0,1,3,0,0,30.71,0,0,0
[Li]c1cccc2ccc(Cl)nc12,Clc1ccc2cccc(Br)c2n1,1,0,65.4,0.0,batch_moderate,12,12,3,0,1,0,1,1,169.54,1.6819999999999997,0,10,2,0,0,1,3,0,1,1,0,0,12.89,0,0,0
[Li]c1ccc(F)cc1OC,COc1cc(F)ccc1Br,4,4,66.925,-57.0,batch_moderate,10,10,3,0,1,0,1,1,132.063,0.6281,0,6,1,0,1,1,3,0,1,0,1,1,9.23,0,0,0
[Li]c1ccc(Cl)cc1CO[Si](C(C)C)(C(C)C)C(C)C,CC(C)[Si](OCc1cc(Cl)ccc1I)(C(C)C)C(C)C,1,1,86.0,-50.0,batch_stable,20,20,3,0,1,0,1,1,304.86300000000006,4.825900000000004,0,6,1,0,0,1,4,0,1,0,1,6,9.23,0,0,0
[Li]c1ccc(CN(c2ccccc2)c2ccccc2)cc1,Brc1ccc(CN(c2ccccc2)c2ccccc2)cc1,1,1,57.0,-78.0,batch_moderate,21,21,3,0,1,0,1,1,265.285,3.8187000000000024,0,18,3,0,0,0,2,0,1,1,0,4,3.24,0,0,0
[Li]c1ccc(N(Cc2ccccc2)Cc2ccccc2)cc1,Brc1ccc(N(Cc2ccccc2)Cc2ccccc2)cc1,1,1,52.7,-78.0,batch_moderate,22,22,3,0,1,0,1,1,279.312,3.6872000000000025,0,18,3,0,0,0,2,0,1,1,0,5,3.24,0,0,0
[Li]c1cc(OC(F)(F)F)ccc1OC,COc1ccc(OC(F)(F)F)cc1Br,1,1,28.0,-78.0,batch_unstable,14,14,3,0,1,0,1,1,198.06900000000002,1.3876,0,6,1,0,3,3,6,0,1,0,2,2,18.46,0,0,0
[Li]c1ccc(C(=O)c2ccc(OC3CCCC3)c(OC)c2)cc1,COc1cc(C(=O)c2ccc(Br)cc2)ccc1OC1CCCC1,1,1,42.5,-55.0,batch_moderate,23,23,3,0,1,0,1,1,302.2989999999999,3.041400000000001,1,12,2,0,0,0,4,0,1,0,3,5,35.53,0,0,0
[Li]c1ccc(-c2ccc(OC)cc2)cc1,COc1ccc(-c2ccc(Br)cc2)cc1,1,1,41.2,-78.0,batch_moderate,15,15,3,0,1,0,1,1,190.171,2.1559999999999997,0,12,2,0,0,0,2,0,1,0,1,2,9.23,0,0,0
[Li]c1c[nH]cn1,Brc1c[nH]cn1,1,1,34.3,-78.0,batch_moderate,6,6,3,1,1,0,1,1,74.012,-0.7965,0,5,1,0,0,0,3,0,1,2,0,0,28.68,0,0,0
[Li]c1ccc(CCOCOC)cc1,COCOCCc1ccc(Br)cc1,2,1,73.6,-78.0,batch_moderate,13,13,3,0,1,0,1,1,172.15300000000002,0.6433999999999999,0,6,1,0,0,0,3,0,1,0,2,5,18.46,0,0,0
[Li]c1ccc2cc(O[Si](C)(C)C(C)(C)C)ccc2c1,CC(C)(C)[Si](C)(C)Oc1ccc2cc(Br)ccc2c1,1,1,90.9,-70.0,batch_stable,19,19,3,0,1,0,1,1,264.36999999999995,4.017600000000003,0,10,2,0,0,0,3,0,1,0,1,2,9.23,0,0,0
[Li]c1ccc2c3c(ccc2c1)C(=O)N(C)C3,CN1Cc2c(ccc3cc(Br)ccc23)C1=O,1,1,53.5,-70.0,batch_moderate,16,16,3,0,1,0,1,1,203.16999999999996,1.2192,1,10,2,0,0,0,3,0,1,1,1,0,20.310000000000002,0,0,0
[Li]c1cnc(OCCOc2nn(C)c(NS(=O)(=O)c3ccc(C(C)(C)C)cc3)c2-c2ccc(C)cc2)nc1,Cc1ccc(-c2c(OCCOc3ncc(Br)cn3)nn(C)c2NS(=O)(=O)c2ccc(C(C)(C)C)cc2)cc1,2,2,5.8,-78.0,batch_unstable,38,38,3,0,1,0,1,1,527.5760000000002,3.535420000000002,0,23,4,0,0,0,11,0,1,5,4,9,108.23,0,0,0
[Li]c1cc2c(=O)cc(Nc3ccccc3)n(-c3ccccc3)c2nc1C,Cc1nc2c(cc1Br)c(=O)cc(Nc1ccccc1)n2-c1ccccc1,4,4,32.0,-78.0,batch_moderate,26,26,3,0,1,0,1,1,333.3200000000001,3.2315200000000024,0,22,4,0,0,0,5,0,1,3,1,3,46.92,0,0,0
[Li]c1ccnc2c1ccn2[Si](C(C)C)(C(C)C)C(C)C,CC(C)[Si](C(C)C)(C(C)C)n1ccc2c(Br)ccnc21,1,1,83.7,-78.0,batch_stable,20,20,3,0,1,0,1,1,280.41700000000003,3.8537000000000026,0,9,2,0,0,0,4,0,1,2,0,4,17.82,0,0,0
[Li]c1ccc(OCc2ccccc2)cc1CC,CCc1cc(OCc2ccccc2)ccc1Br,3,3,78.0,-85.0,batch_moderate,17,17,3,0,1,0,1,1,218.225,2.6218000000000012,0,12,2,0,0,0,2,0,1,0,1,4,9.23,0,0,0
[Li]c1cccc(SC)c1,CSc1cccc(Br)c1,3,3,75.4,-78.0,batch_moderate,9,9,3,0,1,0,1,1,130.14100000000002,1.2023,0,6,1,0,0,0,2,0,1,0,0,1,0.0,0,0,0
[Li]c1nc(C)n(COCC[Si](C)(C)C)c1Br,Cc1nc(Br)c(Br)n1COCC[Si](C)(C)C,2,2,73.5,-60.0,batch_moderate,16,16,3,1,1,0,1,1,297.198,2.0601199999999995,0,5,1,1,0,1,6,0,1,2,1,5,27.05,0,0,0
[Li]c1ccc(CO[Si](C)(C)C(C)(C)C)c(Cl)c1,CC(C)(C)[Si](C)(C)OCc1ccc(Br)cc1Cl,2,0,72.8,0.0,batch_moderate,17,17,3,0,1,0,1,1,262.782,3.6556000000000024,0,6,1,0,0,1,4,0,1,0,1,3,9.23,0,0,0
[Li]c1ccoc1C1OCCO1,Brc1ccoc1C1OCCO1,2,2,67.8,-78.0,batch_moderate,11,11,3,0,1,0,1,1,146.07099999999997,0.11880000000000002,1,5,1,0,0,0,4,0,1,0,3,1,31.6,0,0,0
[Li]c1ccc2cc(CO[Si](C)(C)C(C)(C)C)c3ccccc3c2c1,CC(C)(C)[Si](C)(C)OCc1cc2ccc(Br)cc2c2ccccc12,4,4,79.0,-78.0,batch_moderate,24,24,3,0,1,0,1,1,328.457,5.3086000000000055,0,14,3,0,0,0,3,0,1,0,1,3,9.23,0,0,0
[Li]c1ccc(N(C)C)cc1,CN(C)c1ccc(Br)cc1,3,0,31.8,-30.0,batch_moderate,10,10,3,0,1,0,1,1,127.11599999999999,0.5464,0,6,1,0,0,0,2,0,1,1,0,1,3.24,0,0,0
[Li]Cc1cccc(O[Si](C)(C)C(C)(C)C)c1,CC(C)(C)[Si](C)(C)Oc1cccc(CBr)c1,2,2,48.4,-78.0,batch_moderate,16,16,2,0,0,1,0,1,228.337,3.739100000000003,0,6,1,0,0,0,3,0,1,0,1,3,9.23,0,0,0
[Li]C1OCCO1,BrC1OCCO1,1,1,96.6,-78.0,batch_stable,6,6,3,2,0,1,0,1,80.012,-0.5147000000000002,1,0,0,0,0,0,3,0,1,0,2,0,18.46,0,0,0
[Li]c1cc(OC)ccc1OC(F)(F)F,COc1ccc(OC(F)(F)F)c(Br)c1,1,1,43.0,-70.0,batch_moderate,14,14,3,0,1,0,1,1,198.06899999999996,1.3876000000000002,0,6,1,0,3,3,6,0,1,0,2,2,18.46,0,0,0
[Li]c1cc(OCC)ccc1OC(F)(F)F,CCOc1ccc(OC(F)(F)F)c(Br)c1,1,1,71.2,-70.0,batch_moderate,15,15,3,0,1,0,1,1,212.09599999999995,1.7777,0,6,1,0,3,3,6,0,1,0,2,3,18.46,0,0,0
[Li]CCC1CCN(C(=O)OC(C)(C)C)CC1,CC(C)(C)OC(=O)N1CCC(CCI)CC1,2,1,6.1,-78.0,batch_unstable,16,16,2,0,0,1,0,1,219.25399999999996,2.610400000000001,1,0,0,0,0,0,4,0,1,1,2,2,29.540000000000003,0,1,0
[Li]CC12CN(S(=O)(=O)c3ccc(C)cc3)CC1(CI)CN(S(=O)(=O)c1ccc(C)cc1)C2,Cc1ccc(S(=O)(=O)N2CC3(CI)CN(S(=O)(=O)c4ccc(C)cc4)CC3(CI)C2)cc1,1,1,97.2,-78.0,batch_stable,32,32,2,0,0,1,0,1,580.439,3.0068400000000013,2,12,2,0,0,1,10,1,1,2,4,6,74.76,0,0,0
[Li]c1cnn(C2CCCC2)c1,Brc1cnn(C2CCCC2)c1,1,1,47.0,-78.0,batch_moderate,11,11,3,0,1,0,1,1,142.131,0.7919999999999997,1,5,1,0,0,0,3,0,1,2,0,1,17.82,0,0,0
[Li]c1ccccc1C=C,C=Cc1ccccc1Br,2,2,74.0,-78.0,batch_moderate,9,9,3,0,1,0,1,1,110.085,1.1234,0,6,1,0,0,0,1,0,1,0,0,1,0.0,0,0,0
[Li]c1cnc([C@@H]2CCCN2C(=O)OC(C)(C)C)n1COCC[Si](C)(C)C,CC(C)(C)OC(=O)N1CCC[C@H]1c1ncc(Br)n1COCC[Si](C)(C)C,1,1,33.1,-78.0,batch_moderate,26,26,3,1,1,0,1,1,373.4990000000002,3.0612000000000013,1,5,1,0,0,0,8,0,1,3,3,6,56.59,0,1,0
[Li]c1cccc2c1C[C@H](N(Cc1ccccc1)Cc1ccccc1)CC2,Brc1cccc2c1C[C@H](N(Cc1ccccc1)Cc1ccccc1)CC2,1,0,67.0,0.0,batch_moderate,26,26,3,0,1,0,1,1,333.4040000000001,4.040100000000003,1,18,3,0,0,0,2,0,1,1,0,5,3.24,0,0,0
[Li]Cc1ccc(C)c([N+](=O)[O-])c1,Cc1ccc(CBr)cc1[N+](=O)[O-],1,1,31.6,-78.0,batch_moderate,12,12,2,0,0,1,0,1,157.098,1.57172,0,6,1,0,0,0,4,0,1,1,2,2,43.14,0,0,0
[Li]c1ccccc1C(OC)c1ccccc1,COC(c1ccccc1)c1ccccc1Br,5,5,39.6,-50.0,batch_moderate,16,16,3,0,1,0,1,1,204.198,2.2161999999999997,0,12,2,0,0,0,2,0,1,0,1,3,9.23,0,0,0
[Li]c1ccccc1SCc1c(OC)cc(OC)cc1OC,COc1cc(OC)c(CSc2ccccc2Br)c(OC)c1,2,2,46.0,-78.0,batch_moderate,21,21,3,0,1,0,1,1,296.317,2.7985000000000015,0,12,2,0,0,0,5,0,1,0,3,6,27.69,0,0,0
[Li]c1cc2ccccc2n1[Si](C(C)C)(C(C)C)C(C)C,CC(C)[Si](C(C)C)(C(C)C)n1c(Br)cc2ccccc21,2,2,72.9,-70.0,batch_moderate,20,20,3,1,1,0,1,1,279.42900000000003,4.458700000000004,0,9,2,0,0,0,3,0,1,1,0,4,4.93,0,0,0
[Li]c1ccc(OCc2ccccc2C)c(C)c1,Cc1ccccc1COc1ccc(Br)cc1C,2,2,22.0,-78.0,batch_unstable,17,17,3,0,1,0,1,1,218.225,2.676240000000001,0,12,2,0,0,0,2,0,1,0,1,3,9.23,0,0,0
[Li]c1ccsc1-c1sccc1Br,Brc1ccsc1-c1sccc1Br,2,2,68.0,-78.0,batch_moderate,12,12,3,0,1,0,1,1,251.099,3.0329000000000006,0,10,2,1,0,1,4,0,1,0,0,1,0.0,0,0,0
[Li]c1ccc(CO[Si](C(C)C)(C(C)C)C(C)C)cc1,CC(C)[Si](OCc1ccc(Br)cc1)(C(C)C)C(C)C,3,3,74.4,-78.0,batch_moderate,19,19,3,0,1,0,1,1,270.418,4.172500000000004,0,6,1,0,0,0,3,0,1,0,1,6,9.23,0,0,0
[Li]c1cc(OC)c(OCC)cc1C=O,CCOc1cc(C=O)c(Br)cc1OC,3,0,67.0,-40.0,batch_moderate,14,14,3,0,1,0,1,1,186.136,0.7001999999999999,0,6,1,0,0,0,4,0,1,0,3,4,35.53,0,0,0
[Li]c1ccc(CN(CC(C)(C)C)c2ccnc(C#N)n2)cc1,CC(C)(C)CN(Cc1ccc(I)cc1)c1ccnc(C#N)n1,2,0,4.2,0.0,batch_unstable,22,22,3,0,1,0,1,1,286.308,2.1947799999999997,0,12,2,0,0,0,5,0,1,4,0,4,52.81,0,0,1
[Li]c1ccc(CCCCCCC)cc1,CCCCCCCc1ccc(Br)cc1,1,1,51.0,-78.0,batch_moderate,14,14,3,0,1,0,1,1,182.23600000000002,2.9933000000000014,0,6,1,0,0,0,1,0,1,0,0,6,0.0,0,0,0
[Li]c1sc(Br)c(Br)c1Br,Brc1sc(Br)c(Br)c1Br,1,0,71.3,-18.0,batch_moderate,9,9,3,0,1,0,1,1,326.764,2.8294,0,5,1,3,0,3,5,0,1,0,0,0,0.0,0,0,0
[Li]c1c(C)cc(OC)cc1C,COc1cc(C)c(Br)c(C)c1,4,4,77.65,-78.0,batch_moderate,11,11,3,0,1,0,1,1,142.12699999999998,1.10584,0,6,1,0,0,0,2,0,1,0,1,1,9.23,0,0,0
[Li]c1cccc2nc(NCc3ccc(C)o3)ccc12,Cc1ccc(CNc2ccc3c(Br)cccc3n2)o1,2,0,41.0,-10.0,batch_moderate,19,19,3,0,1,0,1,1,244.223,2.5421200000000006,0,15,3,0,0,0,4,0,1,2,1,3,38.06,0,0,0
[Li]c1cc2c(c(C(F)(F)F)c1)C(O[Si](CC)(CC)CC)(c1ccc(Cl)cc1Cl)C(=O)N2C[C@H]1C[C@H](N(CC)CC)C1,CCN(CC)[C@H]1C[C@H](CN2C(=O)C(O[Si](CC)(CC)CC)(c3ccc(Cl)cc3Cl)c3c2cc(I)cc3C(F)(F)F)C1,1,0,56.1,0.0,batch_moderate,41,41,3,0,1,0,1,1,621.5729999999999,7.538400000000009,2,12,2,0,3,5,11,0,1,2,2,11,32.78,0,0,0
[Li]c1ccc(OCOC)c(N(C)C)c1,COCOc1ccc(Br)cc1N(C)C,1,1,69.7,-78.0,batch_moderate,14,14,3,0,1,0,1,1,187.168,0.5290999999999999,0,6,1,0,0,0,4,0,1,1,2,4,21.700000000000003,0,0,0
[Li]c1cc(C)c(O[Si](C(C)C)(C(C)C)C(C)C)c(C)c1,Cc1cc(Br)cc(C)c1O[Si](C(C)C)(C(C)C)C(C)C,2,2,100.0,-78.0,batch_stable,20,20,3,0,1,0,1,1,284.445,4.651540000000004,0,6,1,0,0,0,3,0,1,0,1,5,9.23,0,0,0
[Li]c1ccc(OC)c(C(C)C)c1C,COc1ccc(Br)c(C)c1C(C)C,2,2,100.0,-78.0,batch_stable,13,13,3,0,1,0,1,1,170.18099999999995,1.92082,0,6,1,0,0,0,2,0,1,0,1,2,9.23,0,0,0
[Li]c1ccc2c(-c3ccc4ccccc4c3)c3ccccc3c(-c3ccc4ccccc4c3)c2c1,Brc1ccc2c(-c3ccc4ccccc4c3)c3ccccc3c(-c3ccc4ccccc4c3)c2c1,1,1,62.8,-78.0,batch_moderate,35,35,3,0,1,0,1,1,436.4830000000002,8.427200000000001,0,34,7,0,0,0,1,0,1,0,0,2,0.0,0,0,0
[Li]c1ccc2c(c1)nc(-c1ccccc1)n2-c1ccccc1,Brc1ccc2c(c1)nc(-c1ccccc1)n2-c1ccccc1,1,1,35.1,-78.0,batch_moderate,22,22,3,0,1,0,1,1,276.26800000000003,3.4863000000000017,0,21,4,0,0,0,3,0,1,2,0,2,17.82,0,0,0
[Li]c1ccc(C2(n3cnc4ccccc43)C=CC=CC2)cc1,Brc1ccc(C2(n3cnc4ccccc43)C=CC=CC2)cc1,1,1,46.0,-78.0,batch_moderate,22,22,3,0,1,0,1,1,278.28400000000005,3.089800000000001,1,15,3,0,0,0,3,0,1,2,0,2,17.82,0,0,0
[Li]c1ccc(C(C)(C)C(=O)O)cc1,CC(C)(C(=O)O)c1ccc(Br)cc1,1,1,99.0,-50.0,batch_stable,13,13,3,0,1,0,1,1,170.137,0.8426000000000002,0,6,1,0,0,0,3,0,1,0,2,2,37.3,0,1,0
[Li]C(Br)=Cc1ccc(OCCCCCCCCCCCC)c(OCCCCCCCCCCCC)c1,CCCCCCCCCCCCOc1ccc(C=C(Br)Br)cc1OCCCCCCCCCCCC,1,1,65.1,-78.0,batch_moderate,36,36,3,1,1,0,0,1,557.6270000000005,11.147799999999988,0,6,1,1,0,1,4,0,1,0,2,25,18.46,0,0,0
[Li]c1c(OCc2ccccc2)cc(C(=O)OC(C)(C)C)cc1OCc1ccccc1,CC(C)(C)OC(=O)c1cc(OCc2ccccc2)c(Br)c(OCc2ccccc2)c1,4,4,80.05,-78.0,batch_stable,30,30,3,0,1,0,1,1,396.4120000000001,4.593700000000005,0,18,3,0,0,0,5,0,1,0,4,7,44.760000000000005,0,1,0
[Li]c1cc(OCOC)cc(COC)c1OCOC,COCOc1cc(Br)c(OCOC)c(COC)c1,1,1,55.9,-70.0,batch_moderate,18,18,3,0,1,0,1,1,248.20399999999995,0.5921999999999998,0,6,1,0,0,0,6,0,1,0,5,8,46.150000000000006,0,0,0
[Li]c1ccc(-c2ccc(Br)cc2)cc1,Brc1ccc(-c2ccc(Br)cc2)cc1,2,2,48.0,-79.0,batch_moderate,14,14,3,0,1,0,1,1,239.041,2.9099000000000013,0,12,2,1,0,1,2,0,1,0,0,1,0.0,0,0,0
[Li]c1sccc1CCCCCC,CCCCCCc1ccsc1Br,1,0,91.4,-40.0,batch_stable,12,12,3,0,1,0,1,1,174.23799999999994,2.6647000000000007,0,5,1,0,0,0,2,0,1,0,0,5,0.0,0,0,0
[Li]c1cc(OC)ccc1CBr,COc1ccc(CBr)c(I)c1,2,2,49.05,-78.0,batch_moderate,11,11,3,0,1,0,1,1,206.99599999999998,1.3839,0,6,1,1,0,1,3,0,1,0,1,2,9.23,0,0,0
[Li]c1cccc(-c2ccccc2)n1,Brc1cccc(-c2ccccc2)n1,1,1,52.0,-78.0,batch_moderate,13,13,3,1,1,0,1,1,161.133,1.5424,0,12,2,0,0,0,2,0,1,1,0,1,12.89,0,0,0
[Li]c1ccc(C)c(C2C(=O)C(C)(C)OC(C)(C)C2=O)c1,Cc1ccc(Br)cc1C1C(=O)C(C)(C)OC(C)(C)C1=O,2,0,89.9,0.0,batch_stable,20,20,3,0,1,0,1,1,266.26599999999996,1.59802,1,6,1,0,0,0,4,0,1,0,3,1,43.370000000000005,0,0,0
[Li]c1ccc(CBr)c(F)c1,Fc1cc(Br)ccc1CBr,1,0,76.2,0.0,batch_moderate,10,10,3,0,1,0,1,1,194.96,1.5144000000000002,0,6,1,1,1,2,3,0,1,0,0,1,0.0,0,0,0
[Li]Cc1ccccc1Br,BrCc1ccccc1Br,2,0,23.0,0.0,batch_unstable,9,9,2,0,0,1,0,1,176.96999999999997,2.1176,0,6,1,1,0,1,2,0,1,0,0,1,0.0,0,0,0
[Li]c1ccc(C=Cc2cc3ccccc3s2)s1,Brc1ccc(C=Cc2cc3ccccc3s2)s1,1,1,75.0,-70.0,batch_moderate,17,17,3,0,1,0,1,1,248.30100000000002,3.9270000000000014,0,14,3,0,0,0,3,0,1,0,0,2,0.0,0,0,0
[Li]c1ccc(C=Cc2csc3ccccc23)s1,Brc1ccc(C=Cc2csc3ccccc23)s1,1,1,88.0,-70.0,batch_stable,17,17,3,0,1,0,1,1,248.301,3.9270000000000014,0,14,3,0,0,0,3,0,1,0,0,2,0.0,0,0,0
[Li]c1ccc2c(c1)C(CCCCCCCC)(CCCCCCCC)c1cc(Br)ccc1-2,CCCCCCCCC1(CCCCCCCC)c2cc(Br)ccc2-c2ccc(Br)cc21,2,2,54.7,-74.0,batch_moderate,31,31,3,0,1,0,1,1,475.48400000000015,9.0106,1,12,2,1,0,1,2,0,1,0,0,14,0.0,0,0,0
[Li]C1(Br)CC1(c1ccccc1)c1ccccc1,BrC1(Br)CC1(c1ccccc1)c1ccccc1,1,1,89.0,-70.0,batch_stable,17,17,4,1,0,1,0,1,279.10600000000005,3.6361000000000017,1,12,2,1,0,1,2,0,1,0,0,2,0.0,0,0,0
[Li]c1cc(C(C)C)ccc1N(CC)c1nc(C)cc(C(=O)OC)n1,CCN(c1nc(C)cc(C(=O)OC)n1)c1ccc(C(C)C)cc1Br,1,1,42.0,-78.0,batch_moderate,24,24,3,0,1,0,1,1,319.33400000000006,2.646820000000001,0,12,2,0,0,0,6,0,1,3,2,5,55.32000000000001,0,1,0
[Li]c1cc(C(C)C)ccc1N(CC)c1nc(C)cc(C(=O)O)n1,CCN(c1nc(C)cc(C(=O)O)n1)c1ccc(C(C)C)cc1Br,2,1,67.8,-78.0,batch_moderate,23,23,3,0,1,0,1,1,305.307,2.55842,0,12,2,0,0,0,6,0,1,3,2,5,66.32000000000001,0,1,0
[Li]Cc1ccc(F)c(Oc2ccccc2)c1,Fc1ccc(CBr)cc1Oc1ccccc1,2,2,82.0,-78.0,batch_stable,16,16,2,0,0,1,0,1,208.16100000000003,3.286500000000001,0,12,2,0,1,1,3,0,1,0,1,3,9.23,0,0,0
[Li]c1ccc2c(c1)OC(F)(F)O2,FC1(F)Oc2ccc(Br)cc2O1,4,2,29.65,-72.5,batch_unstable,12,12,3,0,1,0,1,1,164.03599999999997,0.8019000000000001,1,6,1,0,2,2,5,0,1,0,2,0,18.46,0,0,0
[Li]c1ccccc1Oc1ccccc1C,Cc1ccccc1Oc1ccccc1I,2,2,44.7,-78.0,batch_moderate,15,15,3,0,1,0,1,1,190.171,2.581120000000001,0,12,2,0,0,0,2,0,1,0,1,2,9.23,0,0,0
[Li]C1(Cl)CC=CC=C1c1ccccc1,ClC1(Br)CC=CC=C1c1ccccc1,3,3,55.4,-78.0,batch_moderate,14,14,4,1,0,1,0,1,196.606,3.1335000000000015,1,6,1,0,0,1,2,0,1,0,0,1,0.0,0,0,0
[Li]c1cccc2ccoc12,Brc1cccc2ccoc12,3,0,98.0,5.0,batch_stable,10,10,3,0,1,0,1,1,124.06799999999998,1.2266,0,9,2,0,0,0,2,0,1,0,1,0,13.14,0,0,0
[Li]c1ccc2c(c1)Cc1cc(Br)ccc1-2,Brc1ccc2c(c1)Cc1cc(Br)ccc1-2,4,4,70.3,-78.0,batch_moderate,15,15,3,0,1,0,1,1,251.052,2.8141000000000007,1,12,2,1,0,1,2,0,1,0,0,0,0.0,0,0,0
[Li]c1cc(-c2nc(COC3CCCCO3)c(C)s2)cc(C(F)(F)F)c1,Cc1sc(-c2cc(Br)cc(C(F)(F)F)c2)nc1COC1CCCCO1,1,1,24.4,-78.0,batch_unstable,25,25,3,0,1,0,1,1,363.3299999999999,3.974320000000003,1,11,2,0,3,3,8,0,1,1,2,4,31.35,0,0,0
[Li]c1ccc(C(C)(C)C)cc1C,Cc1cc(C(C)(C)C)ccc1Br,1,0,77.3,-5.0,batch_moderate,12,12,3,0,1,0,1,1,154.182,2.0863199999999997,0,6,1,0,0,0,1,0,1,0,0,0,0.0,0,0,0
[Li]c1sc(-c2cc(CCCCCCCCCCCC)cs2)cc1CCCCCCCCCCCC,CCCCCCCCCCCCc1csc(-c2cc(CCCCCCCCCCCC)c(Br)s2)c1,2,2,90.0,-78.0,batch_stable,35,35,3,0,1,0,1,1,508.8510000000004,11.197199999999988,0,10,2,0,0,0,3,0,1,0,0,23,0.0,0,0,0
[Li]c1cc(CC)c2c(c1)OCO2,CCc1cc(Br)cc2c1OCO2,3,3,53.0,-78.0,batch_moderate,12,12,3,0,1,0,1,1,156.10999999999996,0.7715,1,6,1,0,0,0,3,0,1,0,2,1,18.46,0,0,0
[Li]Cc1cccc([Si](C)(C)C)c1,C[Si](C)(C)c1cccc(CBr)c1,1,0,52.6,-10.0,batch_moderate,12,12,2,0,0,1,0,1,170.257,1.9002999999999999,0,6,1,0,0,0,2,0,1,0,0,2,0.0,0,0,0
[Li]C1(CCOS(=O)(=O)c2ccccc2)CC1(Br)Br,O=S(=O)(OCCC1(Br)CC1(Br)Br)c1ccccc1,1,1,70.0,-78.0,batch_moderate,18,18,4,0,0,1,0,1,390.022,2.9990000000000014,1,6,1,2,0,2,7,0,1,0,3,5,43.370000000000005,0,0,0
[Li]c1cc(F)ccc1OCC,CCOc1ccc(F)cc1Br,1,1,80.1,-75.0,batch_stable,11,11,3,0,1,0,1,1,146.08999999999997,1.0181999999999998,0,6,1,0,1,1,3,0,1,0,1,2,9.23,0,0,0
[Li]c1cc(OC(F)(F)F)ccc1OC1CC1,FC(F)(F)Oc1ccc(OC2CC2)c(I)c1,1,1,94.1,-78.0,batch_stable,16,16,3,0,1,0,1,1,224.107,1.9202,1,6,1,0,3,3,6,0,1,0,2,3,18.46,0,0,0
[Li]c1ccc2c(c1)CCC2=NOC,CON=C1CCc2cc(Br)ccc21,2,2,65.0,-60.0,batch_moderate,13,13,3,0,1,0,1,1,167.13699999999997,0.7771,1,6,1,0,0,0,3,0,1,1,1,1,21.59,0,0,0
[Li]c1ccc(N2CC(C)OC(C)C2)c(C2OCCO2)c1,CC1CN(c2ccc(Br)cc2C2OCCO2)CC(C)O1,3,0,46.20000000000001,65.0,batch_moderate,20,20,3,0,1,0,1,1,269.27,1.1394,2,6,1,0,0,0,5,0,1,1,3,2,30.930000000000003,0,0,0
[Li]c1cc2c(nc1C)N1[C@H](C2)CN(C(=O)OC(C)(C)C)C[C@H]1C,Cc1nc2c(cc1Br)C[C@@H]1CN(C(=O)OC(C)(C)C)C[C@@H](C)N21,2,2,68.7,-78.0,batch_moderate,23,23,3,0,1,0,1,1,309.33900000000006,1.5541199999999997,2,6,1,0,0,0,6,0,1,3,2,0,45.67,0,1,0
[Li]c1ccc2c(n1)N1[C@H](C2)CN(C(=O)OC(C)(C)C)C[C@H]1C,C[C@@H]1CN(C(=O)OC(C)(C)C)C[C@H]2Cc3ccc(Br)nc3N21,1,1,37.6,-78.0,batch_moderate,22,22,3,1,1,0,1,1,295.312,1.2456999999999998,2,6,1,0,0,0,6,0,1,3,2,0,45.67,0,1,0
[Li]c1ccc(OC)c(OC)c1,COc1ccc(Br)cc1OC,1,0,61.5,0.0,batch_moderate,11,11,3,0,1,0,1,1,144.099,0.49759999999999993,0,6,1,0,0,0,3,0,1,0,2,2,18.46,0,0,0
[Li]c1ccc([C@@H]2CN3CCC[C@@H]3c3ccccc32)cc1,Brc1ccc([C@@H]2CN3CCC[C@@H]3c3ccccc32)cc1,1,1,48.9,-78.0,batch_moderate,20,20,3,0,1,0,1,1,255.29000000000002,2.7628000000000013,2,12,2,0,0,0,2,0,1,1,0,1,3.24,0,0,0
[Li]C(=O)[C@@H](NC(=O)OC(C)(C)C)c1ccccc1,CC(C)(C)OC(=O)N[C@H](C(=O)Br)c1ccccc1,1,1,76.0,-78.0,batch_moderate,18,18,3,1,1,0,0,1,241.216,1.9474999999999998,0,6,1,0,0,0,5,0,1,1,3,3,55.400000000000006,0,1,0
[Li]c1cccc(C2(O)CCC2)c1,OC1(c2cccc(Br)c2)CCC1,2,0,4.8,0.0,batch_unstable,12,12,3,0,1,0,1,1,154.138,0.8519000000000001,1,6,1,0,0,0,2,0,1,0,1,1,20.23,0,0,0
[Li]c1ccc(CCOC2CCCCO2)cc1,Brc1ccc(CCOC2CCCCO2)cc1,2,2,78.0,-78.0,batch_moderate,16,16,3,0,1,0,1,1,212.21799999999996,1.5661,1,6,1,0,0,0,3,0,1,0,2,4,18.46,0,0,0
[Li]c1csc(-c2nc3cc(Cl)c(Cl)cc3[nH]2)c1,Clc1cc2nc(-c3cc(Br)cs3)[nH]c2cc1Cl,1,1,54.7,-78.0,batch_moderate,17,17,3,0,1,0,1,1,275.08899999999994,3.3920000000000003,0,14,3,0,0,2,6,0,1,2,0,1,28.68,0,0,0
[Li]c1ccc(-c2nc3cc(Cl)c(Cl)cc3[nH]2)s1,Clc1cc2nc(-c3ccc(Br)s3)[nH]c2cc1Cl,1,1,42.2,-78.0,batch_moderate,17,17,3,0,1,0,1,1,275.089,3.3920000000000003,0,14,3,0,0,2,6,0,1,2,0,1,28.68,0,0,0
[Li]c1cc(C(=O)OCC)cc(-c2ccc(F)c(Cl)c2)c1OCCO,CCOC(=O)c1cc(Br)c(OCCO)c(-c2ccc(F)c(Cl)c2)c1,3,3,42.0,-78.0,batch_moderate,24,24,3,0,1,0,1,1,344.69500000000016,2.4877000000000007,0,12,2,0,1,2,7,0,1,0,4,6,55.760000000000005,0,1,0
[Li]C(C)=C(c1ccccc1)c1ccccc1,CC(Br)=C(c1ccccc1)c1ccccc1,2,2,64.8,-70.0,batch_moderate,16,16,3,0,1,0,0,1,200.20999999999998,3.634400000000002,0,12,2,0,0,0,1,0,1,0,0,2,0.0,0,0,0
[Li]C(C)=C(c1ccc(N(C)C)cc1)c1ccc(N(C)C)cc1,CC(Br)=C(c1ccc(N(C)C)cc1)c1ccc(N(C)C)cc1,2,2,45.650000000000006,-60.0,batch_moderate,22,22,3,0,1,0,0,1,286.348,3.7664000000000026,0,12,2,0,0,0,3,0,1,2,0,4,6.48,0,0,0
[Li]C(=C(c1ccccc1)c1ccccc1)C(C)C,CC(C)C(Br)=C(c1ccccc1)c1ccccc1,1,1,43.0,-70.0,batch_moderate,18,18,3,0,1,0,0,1,228.264,4.270500000000003,0,12,2,0,0,0,1,0,1,0,0,3,0.0,0,0,0
[Li]C(C)=C(c1ccc(OC)cc1)c1ccc(OC)cc1,COc1ccc(C(=C(C)Br)c2ccc(OC)cc2)cc1,1,1,66.1,-65.0,batch_moderate,20,20,3,0,1,0,0,1,260.26199999999994,3.651600000000003,0,12,2,0,0,0,3,0,1,0,2,4,18.46,0,0,0
[Li]C(C)=C(c1ccc(F)cc1)c1ccc(F)cc1,CC(Br)=C(c1ccc(F)cc1)c1ccc(F)cc1,1,1,56.6,-65.0,batch_moderate,18,18,3,0,1,0,0,1,236.18999999999997,3.912600000000002,0,12,2,0,2,2,3,0,1,0,0,2,0.0,0,0,0
[Li]C(Br)=Cc1ccc(-c2cccs2)s1,BrC(Br)=Cc1ccc(-c2cccs2)s1,3,3,88.0,-78.0,batch_stable,14,14,3,1,1,0,0,1,277.137,4.338400000000001,0,10,2,1,0,1,4,0,1,0,0,2,0.0,0,0,0
[Li]c1ccc(OC)c(C(OCC)OCC)c1,CCOC(OCC)c1cc(Br)ccc1OC,1,0,43.0,0.0,batch_moderate,16,16,3,0,1,0,1,1,216.20599999999996,1.5606,0,6,1,0,0,0,4,0,1,0,3,6,27.69,0,0,0
[Li]c1ccsc1CC,CCc1sccc1Br,1,1,25.0,-78.0,batch_unstable,8,8,3,0,1,0,1,1,118.13,1.1043,0,5,1,0,0,0,2,0,1,0,0,1,0.0,0,0,0
[Li]c1ccc(NC(=O)OC(C)(C)C)c(OC)c1,COc1cc(Br)ccc1NC(=O)OC(C)(C)C,1,1,77.4,-78.0,batch_moderate,17,17,3,0,1,0,1,1,229.20499999999998,1.8359999999999999,0,6,1,0,0,0,5,0,1,1,3,2,47.56,0,1,0
[Li]c1ccc2c(c1)C(=O)CCO2,O=C1CCOc2ccc(I)cc21,3,3,95.0,-78.0,batch_stable,12,12,3,0,1,0,1,1,154.09399999999997,0.4456,1,6,1,0,0,0,3,0,1,0,2,0,26.3,0,0,0
[Li]c1c[nH]c2ncccc12,Brc1c[nH]c2ncccc12,1,1,82.8,-60.0,batch_stable,10,10,3,0,1,0,1,1,124.07199999999997,0.3567000000000001,0,9,2,0,0,0,3,0,1,2,0,0,28.68,0,0,0
[Li]c1cc(C)c(OCc2ccccc2)c(C)c1,Cc1cc(Br)cc(C)c1OCc1ccccc1,1,1,95.1,-70.0,batch_stable,17,17,3,0,1,0,1,1,218.225,2.676240000000001,0,12,2,0,0,0,2,0,1,0,1,3,9.23,0,0,0
[Li]c1cccc(CC(C(=O)OC)C(=O)OC)c1,COC(=O)C(Cc1cccc(I)c1)C(=O)OC,1,0,73.5,0.0,batch_moderate,17,17,3,0,1,0,1,1,228.17299999999997,-0.014900000000000135,0,6,1,0,0,0,5,0,1,0,4,4,52.60000000000001,0,1,0
[Li]c1cc(C)cc(CN(C)C/C=C/C#CC(C)(C)C)c1,Cc1cc(Br)cc(CN(C)C/C=C/C#CC(C)(C)C)c1,1,1,53.8,-78.0,batch_moderate,20,20,3,0,1,0,1,1,261.33799999999997,2.8263200000000017,0,6,1,0,0,0,2,0,1,1,0,4,3.24,0,0,0
[Li]c1cccc(CN(C)C/C=C/C#CC(C)(C)C)c1,CN(C/C=C/C#CC(C)(C)C)Cc1cccc(Br)c1,1,1,47.2,-75.0,batch_moderate,19,19,3,0,1,0,1,1,247.311,2.517900000000001,0,6,1,0,0,0,2,0,1,1,0,4,3.24,0,0,0
[Li]c1cc(CN(C)C/C=C/C#CC(C)(C)C)ccc1F,CN(C/C=C/C#CC(C)(C)C)Cc1ccc(F)c(Br)c1,1,1,58.5,-78.0,batch_moderate,20,20,3,0,1,0,1,1,265.301,2.657000000000001,0,6,1,0,1,1,3,0,1,1,0,4,3.24,0,0,0
[Li]c1cc(C)cc(CN(C)Cc2ccc(C(C)(C)C)cc2)c1,Cc1cc(Br)cc(CN(C)Cc2ccc(C(C)(C)C)cc2)c1,1,1,30.6,-75.0,batch_moderate,22,22,3,0,1,0,1,1,287.376,3.718320000000003,0,12,2,0,0,0,2,0,1,1,0,4,3.24,0,0,0
[Li]c1cccc(CN(C)Cc2ccc(C(C)(C)C)cc2)c1,CN(Cc1ccc(C(C)(C)C)cc1)Cc1cccc(Br)c1,2,0,50.349999999999994,-35.0,batch_moderate,21,21,3,0,1,0,1,1,273.349,3.409900000000002,0,12,2,0,0,0,2,0,1,1,0,4,3.24,0,0,0
[Li]c1cc(Br)cc(CN(C)Cc2ccc(C(C)(C)C)cc2)c1,CN(Cc1ccc(C(C)(C)C)cc1)Cc1cc(Br)cc(Br)c1,1,1,77.7,-78.0,batch_moderate,22,22,3,0,1,0,1,1,352.2450000000001,4.172400000000003,0,12,2,1,0,1,3,0,1,1,0,4,3.24,0,0,0
[Li]c1cc(CN(C)C/C=C/C#CC(C)(C)C)cc(C(=C)C)c1,C=C(C)c1cc(Br)cc(CN(C)C/C=C/C#CC(C)(C)C)c1,1,1,37.0,-78.0,batch_moderate,22,22,3,0,1,0,1,1,287.37600000000003,3.551000000000003,0,6,1,0,0,0,2,0,1,1,0,5,3.24,0,0,0
[Li]c1ccc(OCCN2CCCCC2)cc1,Brc1ccc(OCCN2CCCCC2)cc1,1,1,46.8,-78.0,batch_moderate,16,16,3,0,1,0,1,1,211.23399999999995,1.3451,1,6,1,0,0,0,3,0,1,1,1,4,12.47,0,0,0
[Li]c1ccc(Cl)cc1COc1ccc(OCCOC)cc1,COCCOc1ccc(OCc2cc(Cl)ccc2Br)cc1,2,2,69.3,-78.0,batch_moderate,21,21,3,0,1,0,1,1,298.695,2.7380000000000013,0,12,2,0,0,1,5,0,1,0,3,7,27.69,0,0,0
[Li]c1ccc(OC)cc1NC(=O)C(C)(C)C,COc1ccc(Br)c(NC(=O)C(C)(C)C)c1,3,0,55.0,-40.0,batch_moderate,16,16,3,0,1,0,1,1,213.20599999999996,1.4736,0,6,1,0,0,0,4,0,1,1,2,2,38.33,0,0,0
[Li]c1sc(S(=O)(=O)NCCCN(C)C)cc1-c1sc(NC(C)=O)nc1C,CC(=O)Nc1nc(C)c(-c2cc(S(=O)(=O)NCCCN(C)C)sc2Br)s1,2,2,68.0,-70.0,batch_moderate,26,26,3,0,1,0,1,1,408.5000000000001,1.1622199999999998,0,10,2,0,0,0,11,0,1,4,3,8,91.4,0,0,0
[Li]c1sc(S(=O)(=O)N(C)CCN(C)C)cc1-c1sc(NC(C)=O)nc1C,CC(=O)Nc1nc(C)c(-c2cc(S(=O)(=O)N(C)CCN(C)C)sc2Br)s1,2,2,87.0,-70.0,batch_stable,26,26,3,0,1,0,1,1,408.5000000000001,1.1143200000000002,0,10,2,0,0,0,11,0,1,4,3,7,82.61,0,0,0
[Li]c1sc(S(=O)(=O)NCCO)cc1-c1sc(NC(C)=O)nc1C,CC(=O)Nc1nc(C)c(-c2cc(S(=O)(=O)NCCO)sc2Br)s1,2,2,9.0,-70.0,batch_unstable,23,23,3,0,1,0,1,1,367.40300000000013,0.20281999999999978,0,10,2,0,0,0,11,0,1,3,4,6,108.39,0,0,0
[Li]c1sc(S(=O)(=O)NCC(O)CO)cc1-c1sc(NC(C)=O)nc1C,CC(=O)Nc1nc(C)c(-c2cc(S(=O)(=O)NCC(O)CO)sc2Br)s1,2,2,42.0,-70.0,batch_moderate,25,25,3,0,1,0,1,1,397.42900000000014,-0.43628,0,10,2,0,0,0,12,0,1,3,5,7,128.62,0,0,0
[Li]c1sc(S(=O)(=O)N2CCOCC2)cc1-c1sc(NC(C)=O)nc1C,CC(=O)Nc1nc(C)c(-c2cc(S(=O)(=O)N3CCOCC3)sc2Br)s1,1,1,64.5,-70.0,batch_moderate,25,25,3,0,1,0,1,1,393.4410000000001,0.9531199999999995,1,10,2,0,0,0,11,0,1,3,4,4,88.60000000000001,0,0,0
[Li]c1sc(S(=O)(=O)N2CCCC(O)C2)cc1-c1sc(NC(C)=O)nc1C,CC(=O)Nc1nc(C)c(-c2cc(S(=O)(=O)N3CCCC(O)C3)sc2Br)s1,2,2,43.0,-70.0,batch_moderate,26,26,3,0,1,0,1,1,407.46800000000013,1.0776199999999996,1,10,2,0,0,0,11,0,1,3,4,4,99.60000000000001,0,0,0
[Li]c1sc(S(=O)(=O)NCC=C)cc1-c1sc(NC(C)=O)nc1C,C=CCNS(=O)(=O)c1cc(-c2sc(NC(C)=O)nc2C)c(Br)s1,2,2,10.0,-70.0,batch_unstable,23,23,3,0,1,0,1,1,363.41500000000013,1.39652,0,10,2,0,0,0,10,0,1,3,3,6,88.16000000000001,0,0,0
[Li]c1ccc2cc(O)ccc2c1,Oc1ccc2cc(Br)ccc2c1,2,2,48.7,-78.0,batch_moderate,12,12,3,0,1,0,1,1,150.10599999999997,1.3392,0,10,2,0,0,0,2,0,1,0,1,0,20.23,0,0,0
[Li]c1cc2c(C)c[nH]c2cc1C,Cc1cc2[nH]cc(C)c2cc1Br,2,0,82.0,0.0,batch_stable,12,12,3,0,1,0,1,1,151.13799999999998,1.5785399999999998,0,9,2,0,0,0,2,0,1,1,0,0,15.79,0,0,0
[Li]c1c(COC)noc1C,COCc1noc(C)c1Br,1,1,26.0,-78.0,batch_unstable,10,10,3,0,1,0,1,1,133.076,-0.07678000000000029,0,5,1,0,0,0,4,0,1,1,2,2,35.260000000000005,0,0,0
[Li]c1ccc(OC)c(CO[Si](C)(C)C(C)(C)C)c1,COc1ccc(Br)cc1CO[Si](C)(C)C(C)(C)C,1,1,76.0,-78.0,batch_moderate,18,18,3,0,1,0,1,1,258.363,3.0108000000000015,0,6,1,0,0,0,4,0,1,0,2,4,18.46,0,0,0
[Li]c1ccc2c(C)c(OC)ccc2c1,COc1ccc2cc(Br)ccc2c1C,1,1,52.8,-78.0,batch_moderate,14,14,3,0,1,0,1,1,178.16,1.95062,0,10,2,0,0,0,2,0,1,0,1,1,9.23,0,0,0
[Li]c1ccc2c(OC)c(OC)ccc2c1,COc1ccc2cc(Br)ccc2c1OC,1,1,52.9,-78.0,batch_moderate,15,15,3,0,1,0,1,1,194.159,1.6507999999999998,0,10,2,0,0,0,3,0,1,0,2,2,18.46,0,0,0
[Li]c1ccc2cc(C(O)(c3cn(C(c4ccccc4)(c4ccccc4)c4ccccc4)cn3)C(C)C)ccc2c1,CC(C)C(O)(c1ccc2cc(Br)ccc2c1)c1cn(C(c2ccccc2)(c2ccccc2)c2ccccc2)cn1,1,1,96.1,-70.0,batch_stable,40,40,3,0,1,0,1,1,514.5980000000002,6.562200000000006,0,33,6,0,0,0,4,0,1,2,1,7,38.05,0,0,0
[Li]c1cccc2c1C(=O)C(=O)N2CCN(CC)CC,CCN(CC)CCN1C(=O)C(=O)c2c(Br)cccc21,1,1,14.6,-78.0,batch_unstable,19,19,3,0,1,0,1,1,252.24299999999994,0.3514999999999999,1,6,1,0,0,0,5,0,1,2,2,5,40.620000000000005,0,0,0
[Li]c1cccc(OCC=C)c1,C=CCOc1cccc(Br)c1,1,1,36.0,-78.0,batch_moderate,11,11,3,0,1,0,1,1,140.11100000000002,1.0452,0,6,1,0,0,0,2,0,1,0,1,3,9.23,0,0,0
[Li]c1cc(F)cc2ccoc12,Fc1cc(Br)c2occc2c1,2,0,30.0,-97.5,batch_moderate,11,11,3,0,1,0,1,1,142.05799999999996,1.3657,0,9,2,0,1,1,3,0,1,0,1,0,13.14,0,0,0
[Li]c1ccc(NC(=O)C(C)(C)C)c(F)c1,CC(C)(C)C(=O)Nc1ccc(Br)cc1F,1,1,75.9,-78.0,batch_moderate,15,15,3,0,1,0,1,1,201.17,1.6040999999999999,0,6,1,0,1,1,4,0,1,1,1,1,29.1,0,0,0
[Li]c1cc(C)c(NC(=O)C(C)(C)C)c(F)c1,Cc1cc(Br)cc(F)c1NC(=O)C(C)(C)C,1,0,52.2,0.0,batch_moderate,16,16,3,0,1,0,1,1,215.19699999999997,1.91252,0,6,1,0,1,1,4,0,1,1,1,1,29.1,0,0,0
[Li]c1cc(F)cc(OCc2ccccc2)c1,Fc1cc(Br)cc(OCc2ccccc2)c1,1,1,29.4,-75.0,batch_unstable,16,16,3,0,1,0,1,1,208.16100000000003,2.1985,0,12,2,0,1,1,3,0,1,0,1,3,9.23,0,0,0
[Li]C(Br)=CC1=C(C(=O)OC(c2ccccc2)c2ccccc2)N2C(=O)C(NC=O)[C@H]2S(=O)C1,O=CNC1C(=O)N2C(C(=O)OC(c3ccccc3)c3ccccc3)=C(C=C(Br)Br)CS(=O)[C@H]12,2,0,98.8,-20.0,batch_stable,33,33,3,1,1,0,0,1,521.3180000000001,2.0232999999999994,2,12,2,1,0,1,10,0,1,2,5,7,92.78,0,1,0
[Li]Cc1cc(C)cc(F)c1,Cc1cc(F)cc(CBr)c1,1,0,94.0,0.0,batch_stable,10,10,2,0,0,1,0,1,130.091,1.8026200000000001,0,6,1,0,1,1,2,0,1,0,0,1,0.0,0,0,0
[Li]c1cc(Cc2c(-c3ccc(OCCN4CCCC4)cc3)sc3cc(OC)ccc23)ccc1CN1CCCC1,COc1ccc2c(Cc3ccc(CN4CCCC4)c(Br)c3)c(-c3ccc(OCCN4CCCC4)cc3)sc2c1,1,1,41.5,-60.0,batch_moderate,39,39,3,0,1,0,1,1,532.6790000000001,6.0319000000000065,2,21,4,0,0,0,6,0,1,2,2,10,24.940000000000005,0,0,0
[Li]c1ccc(OCCN2CCCC2)c(CO[Si](C)(C)C(C)(C)C)c1,CC(C)(C)[Si](C)(C)OCc1cc(Br)ccc1OCCN1CCCC1,1,1,11.1,-78.0,batch_unstable,24,24,3,0,1,0,1,1,341.497,3.4768000000000026,1,6,1,0,0,0,5,0,1,1,2,7,21.700000000000003,0,0,0
[Li]CCOc1ccccc1,BrCCOc1ccccc1,1,1,45.6,-65.0,batch_moderate,10,10,2,0,0,1,0,1,128.09999999999997,1.6522,0,6,1,0,0,0,2,0,1,0,1,3,9.23,0,0,0
[Li]c1ccc(N2CCOCC2)cc1,Brc1ccc(N2CCOCC2)cc1,1,1,31.4,-78.0,batch_moderate,13,13,3,0,1,0,1,1,169.153,0.3169999999999997,1,6,1,0,0,0,3,0,1,1,1,1,12.47,0,0,0
[Li]c1cc(C(C)(C)C)cc(C(C)(C)C)c1OCCCC,CCCCOc1c(I)cc(C(C)(C)C)cc1C(C)(C)C,1,1,98.0,-75.0,batch_stable,20,20,3,0,1,0,1,1,268.36999999999995,4.254300000000004,0,6,1,0,0,0,2,0,1,0,1,4,9.23,0,0,0
[Li]c1cc(C(C)(C)C)cc(C(C)(C)C)c1OCC(F)(F)F,CC(C)(C)c1cc(I)c(OCC(F)(F)F)c(C(C)(C)C)c1,1,1,50.0,-75.0,batch_moderate,21,21,3,0,1,0,1,1,294.28599999999994,4.016500000000003,0,6,1,0,3,3,5,0,1,0,1,2,9.23,0,0,0
[Li]c1ccc(Nc2ccc(Cc3c[nH]c4ncnc(OCC)c34)c(F)n2)cn1,CCOc1ncnc2[nH]cc(Cc3ccc(Nc4ccc(Br)nc4)nc3F)c12,1,1,78.4,-78.0,batch_moderate,28,28,3,1,1,0,1,1,370.3170000000001,2.4139,0,21,4,0,1,1,9,0,1,6,1,6,88.61,0,0,0
[Li]C(Br)=CCCc1cccc(C#N)c1,N#Cc1cccc(CCC=C(Br)Br)c1,1,1,54.1,-70.0,batch_moderate,14,14,3,1,1,0,0,1,242.045,2.8956800000000014,0,6,1,1,0,1,3,0,1,1,0,3,23.79,0,0,1
[Li]c1cccs1,Brc1cccs1,2,2,57.5,-78.0,batch_moderate,6,6,3,0,1,0,1,1,90.07600000000001,0.5419,0,5,1,0,0,0,2,0,1,0,0,0,0.0,0,0,0
[Li]c1cc(Cl)ccc1N1CCn2c1nc1c(Cl)ccc(C(CC)CC)c12,CCC(CC)c1ccc(Cl)c2nc3n(c12)CCN3c1ccc(Cl)cc1Br,2,2,33.0,-78.0,batch_moderate,26,26,3,0,1,0,1,1,380.24800000000016,5.192200000000003,1,15,3,0,0,2,6,0,1,3,0,4,21.060000000000002,0,0,0
[Li]c1ccc(C)cc1OC,COc1cc(C)ccc1Br,1,1,23.0,-78.0,batch_unstable,10,10,3,0,1,0,1,1,128.09999999999997,0.7974199999999999,0,6,1,0,0,0,2,0,1,0,1,1,9.23,0,0,0
[Li]c1ccccc1CCCC=C,C=CCCCc1ccccc1Br,1,1,16.0,-78.0,batch_unstable,12,12,3,0,1,0,1,1,152.166,1.9891,0,6,1,0,0,0,1,0,1,0,0,4,0.0,0,0,0
[Li]c1cccnc1CCC=C,C=CCCc1ncccc1Br,1,1,98.2,-78.0,batch_stable,11,11,3,0,1,0,1,1,139.12699999999998,0.9940000000000001,0,6,1,0,0,0,2,0,1,1,0,3,12.89,0,0,0
[Li]c1ccc(CCN2CCOCC2)cn1,Brc1ccc(CCN2CCOCC2)cn1,1,0,100.0,0.0,batch_stable,15,15,3,1,1,0,1,1,198.195,-0.2499,1,6,1,0,0,0,4,0,1,2,1,3,25.36,0,0,0
[Li]c1ccc(CCN2CCCC2=O)cn1,O=C1CCCN1CCc1ccc(Br)nc1,1,0,72.3,0.0,batch_moderate,15,15,3,1,1,0,1,1,196.179,0.04029999999999978,1,6,1,0,0,0,4,0,1,2,1,3,33.2,0,0,0
[Li]c1ccc2c(cnn2CC)c1,CCn1ncc2cc(Br)ccc21,1,0,88.7,-10.0,batch_stable,12,12,3,0,1,0,1,1,152.126,0.85,0,9,2,0,0,0,3,0,1,2,0,1,17.82,0,0,0
[Li]c1ccc2occc2c1,Brc1ccc2occc2c1,1,0,60.8,-30.0,batch_moderate,10,10,3,0,1,0,1,1,124.06799999999997,1.2266,0,9,2,0,0,0,2,0,1,0,1,0,13.14,0,0,0
[Li]c1ccc2cc(C)[nH]c2c1,Cc1cc2ccc(Br)cc2[nH]1,1,0,49.0,-40.0,batch_moderate,11,11,3,0,1,0,1,1,137.111,1.27012,0,9,2,0,0,0,2,0,1,1,0,0,15.79,0,0,0
[Li]c1csc2c1OCCN(C(=O)OC(C)(C)C)C2,CC(C)(C)OC(=O)N1CCOc2c(Br)csc2C1,1,1,58.5,-78.0,batch_moderate,18,18,3,0,1,0,1,1,261.272,1.6714,1,5,1,0,0,0,6,0,1,1,3,0,38.769999999999996,0,1,0
[Li]c1ccc(N2CCCC2)cc1,Ic1ccc(N2CCCC2)cc1,4,0,9.7,0.0,batch_unstable,12,12,3,0,1,0,1,1,153.15400000000002,1.0806,1,6,1,0,0,0,2,0,1,1,0,1,3.24,0,0,0
[Li]c1cnc2c(c1)OC(C)CN2C(=O)OC(C)(C)C,CC1CN(C(=O)OC(C)(C)C)c2ncc(Br)cc2O1,1,1,51.6,-78.0,batch_moderate,19,19,3,0,1,0,1,1,256.23099999999994,1.3978,1,6,1,0,0,0,6,0,1,2,3,0,51.66,0,1,0
[Li]c1ccoc1-c1ccccc1,Brc1ccoc1-c1ccccc1,5,0,39.5,0.0,batch_moderate,12,12,3,0,1,0,1,1,150.106,1.7404,0,11,2,0,0,0,2,0,1,0,1,1,13.14,0,0,0
[Li]c1ccsc1-c1ccccc1,Brc1ccsc1-c1ccccc1,5,0,5.1,0.0,batch_unstable,12,12,3,0,1,0,1,1,166.174,2.2089,0,11,2,0,0,0,2,0,1,0,0,1,0.0,0,0,0
[Li]c1ccc2c(c1)OCCN2C,CN1CCOc2cc(Br)ccc21,3,3,89.2,-78.0,batch_stable,12,12,3,0,1,0,1,1,155.12599999999998,0.30899999999999994,1,6,1,0,0,0,3,0,1,1,1,0,12.47,0,0,0
[Li]c1cc(F)c2c(c1)OCCO2,Fc1cc(Br)cc2c1OCCO2,3,3,59.0,-78.0,batch_moderate,12,12,3,0,1,0,1,1,160.07299999999995,0.39069999999999994,1,6,1,0,1,1,4,0,1,0,2,0,18.46,0,0,0
[Li]c1ccccc1-c1c(P(=O)([O-])[O-])ccc(CC)c1C(F)(F)F,CCc1ccc(P(=O)([O-])[O-])c(-c2ccccc2Br)c1C(F)(F)F,2,2,51.0,-76.0,batch_moderate,23,23,3,0,1,0,1,1,334.159,1.2675999999999998,0,12,2,0,3,3,8,0,1,0,3,3,63.19,0,0,0
[Li]c1cc(C(F)(F)F)ccc1OC,COc1ccc(C(F)(F)F)cc1Br,1,1,51.8,-78.0,batch_moderate,13,13,3,0,1,0,1,1,182.07,1.5078,0,6,1,0,3,3,5,0,1,0,1,1,9.23,0,0,0
[Li]c1ccc(OC)c(C(C)C)c1,COc1ccc(Br)cc1C(C)C,2,2,73.0,-78.0,batch_moderate,12,12,3,0,1,0,1,1,156.15399999999997,1.6124,0,6,1,0,0,0,2,0,1,0,1,2,9.23,0,0,0
[Li]c1cc(C)c2c(c1C)C1(CCC2)SCCS1,Cc1cc(Br)c(C)c2c1CCCC21SCCS1,1,1,28.2,-78.0,batch_unstable,17,17,3,0,1,0,1,1,256.3649999999999,3.066340000000001,2,6,1,0,0,0,3,0,1,0,0,0,0.0,0,0,0
[Li]c1cc2c(-c3ccc(OC)cc3)c(CC)c3cccc1n32,CCc1c(-c2ccc(OC)cc2)c2cc(Br)c3cccc1n32,1,1,39.5,-78.0,batch_moderate,22,22,3,0,1,0,1,1,281.284,3.562100000000002,0,17,4,0,0,0,3,0,1,1,1,3,13.64,0,0,0
[Li]c1ccccc1N(c1cccc(-n2c3ccccc3c3ccccc32)c1)c1ccccc1Br,Brc1ccccc1N(c1cccc(-n2c3ccccc3c3ccccc32)c1)c1ccccc1Br,1,1,33.0,-78.0,batch_moderate,34,34,3,0,1,0,1,1,495.34900000000016,7.809800000000005,0,31,6,1,0,1,4,0,1,2,0,4,8.17,0,0,0
[Li]c1cccc(N(c2cccc(-c3cccc(-n4c5ccccc5c5ccccc54)c3)c2)c2ccccc2Br)c1,Brc1cccc(N(c2cccc(-c3cccc(-n4c5ccccc5c5ccccc54)c3)c2)c2ccccc2Br)c1,1,1,29.0,-78.0,batch_unstable,40,40,3,0,1,0,1,1,571.4470000000001,9.476799999999995,0,37,7,1,0,1,4,0,1,2,0,5,8.17,0,0,0
[Li]c1ccccc1C(C)(C)O,CC(C)(O)c1ccccc1Br,2,2,39.25,-76.5,batch_moderate,11,11,3,0,1,0,1,1,142.127,0.7078,0,6,1,0,0,0,2,0,1,0,1,1,20.23,0,0,0
[Li]c1cccc(C(F)(F)F)c1CO,OCc1c(Br)cccc1C(F)(F)F,1,1,25.0,-78.0,batch_unstable,13,13,3,0,1,0,1,1,182.07,0.9915,0,6,1,0,3,3,5,0,1,0,1,1,20.23,0,0,0
[Li]c1cnc(Nc2nc(C)cs2)c(OCc2ccccc2)c1,Cc1csc(Nc2ncc(Br)cc2OCc2ccccc2)n1,2,2,49.15,-78.0,batch_moderate,22,22,3,0,1,0,1,1,303.316,2.9629200000000013,0,17,3,0,0,0,6,0,1,3,1,5,47.040000000000006,0,0,0
[Li]c1cc(F)cnc1OC,COc1ncc(F)cc1Br,3,2,43.3,-78.0,batch_moderate,10,10,3,0,1,0,1,1,133.051,0.0230999999999999,0,6,1,0,1,1,4,0,1,1,1,1,22.12,0,0,0
[Li]c1cc(F)cnc1Cl,Fc1cnc(Cl)c(Br)c1,2,2,35.0,-78.0,batch_moderate,9,9,3,0,1,0,1,1,137.47,0.6678999999999999,0,6,1,0,1,2,4,0,1,1,0,0,12.89,0,0,0
[Li]c1ccc(-c2ccc(C(F)(F)F)cc2)cc1,FC(F)(F)c1ccc(-c2ccc(Br)cc2)cc1,6,3,66.6,-78.0,batch_moderate,17,17,3,0,1,0,1,1,228.14199999999997,3.1662000000000017,0,12,2,0,3,3,4,0,1,0,0,1,0.0,0,0,0
[Li]c1cnc(Cl)nc1,Clc1ncc(Br)cn1,7,6,45.300000000000004,-78.0,batch_moderate,8,8,3,0,1,0,1,1,120.46799999999999,-0.07620000000000005,0,6,1,0,0,1,4,0,1,2,0,0,25.78,0,0,0
[Li]c1ccc(NC(=O)OC(C)(C)C)cc1,CC(C)(C)OC(=O)Nc1ccc(Br)cc1,1,1,42.4,-78.0,batch_moderate,15,15,3,0,1,0,1,1,199.179,1.8274,0,6,1,0,0,0,4,0,1,1,2,1,38.33,0,1,0
[Li]c1cc(Cl)c(OC)cc1C(=O)O,COc1cc(C(=O)O)c(Br)cc1Cl,1,1,84.2,-78.0,batch_stable,13,13,3,0,1,0,1,1,192.527,0.8406,0,6,1,0,0,1,5,0,1,0,3,2,46.53,0,1,0
[Li]CC(=O)N1CCN(c2ncccn2)CC1,O=C(CBr)N1CCN(c2ncccn2)CC1,1,1,6.9,-78.0,batch_unstable,16,16,2,0,0,1,0,1,212.182,-0.2880000000000005,1,6,1,0,0,0,6,0,1,4,1,2,49.330000000000005,0,0,0
[Li]c1ccc2c(c1)C(C)(C)c1cc(-c3ccc4ccccc4c3)ccc1-2,CC1(C)c2cc(Br)ccc2-c2ccc(-c3ccc4ccccc4c3)cc21,1,1,64.0,-60.0,batch_moderate,26,26,3,0,1,0,1,1,326.36800000000005,5.606900000000005,1,22,4,0,0,0,1,0,1,0,0,1,0.0,0,0,0
[Li]c1ccc2cc(-c3ccc4c(c3)C(C)(C)c3ccccc3-4)ccc2c1,CC1(C)c2ccccc2-c2ccc(-c3ccc4cc(Br)ccc4c3)cc21,2,2,57.0,-70.0,batch_moderate,26,26,3,0,1,0,1,1,326.36800000000005,5.606900000000005,1,22,4,0,0,0,1,0,1,0,0,1,0.0,0,0,0
[Li]c1cccc(-c2cc3ccccc3c3ccccc23)c1,Brc1cccc(-c2cc3ccccc3c3ccccc23)c1,2,2,67.0,-60.0,batch_moderate,21,21,3,0,1,0,1,1,260.265,4.453800000000003,0,20,4,0,0,0,1,0,1,0,0,1,0.0,0,0,0
[Li]c1ccc(-c2cc3ccccc3c3ccccc23)cc1,Brc1ccc(-c2cc3ccccc3c3ccccc23)cc1,2,2,72.2,-60.0,batch_moderate,21,21,3,0,1,0,1,1,260.265,4.453800000000003,0,20,4,0,0,0,1,0,1,0,0,1,0.0,0,0,0
[Li]c1ccc2cc(-c3cc4ccccc4c4ccccc34)ccc2c1,Brc1ccc2cc(-c3cc4ccccc4c4ccccc34)ccc2c1,2,0,58.0,-10.0,batch_moderate,25,25,3,0,1,0,1,1,310.32500000000005,5.607000000000004,0,24,5,0,0,0,1,0,1,0,0,1,0.0,0,0,0
[Li]c1ccc2ccc(-c3cc4ccccc4c4ccccc34)cc2c1,Brc1ccc2ccc(-c3cc4ccccc4c4ccccc34)cc2c1,1,1,85.0,-70.0,batch_stable,25,25,3,0,1,0,1,1,310.32500000000005,5.607000000000004,0,24,5,0,0,0,1,0,1,0,0,1,0.0,0,0,0
[Li]c1cc(-c2cc3ccccc3c3ccccc23)cc2ccccc12,Brc1cc(-c2cc3ccccc3c3ccccc23)cc2ccccc12,1,1,37.0,-70.0,batch_moderate,25,25,3,0,1,0,1,1,310.325,5.607000000000004,0,24,5,0,0,0,1,0,1,0,0,1,0.0,0,0,0
[Li]c1ccc2oc3ccc(-c4ccc5ccccc5c4)cc3c2c1,Brc1ccc2oc3ccc(-c4ccc5ccccc5c4)cc3c2c1,1,1,54.0,-60.0,batch_moderate,24,24,3,0,1,0,1,1,300.28600000000006,5.200000000000003,0,23,5,0,0,0,2,0,1,0,1,1,13.14,0,0,0
[Li]c1ccc2cc(-c3ccc4oc5ccccc5c4c3)ccc2c1,Brc1ccc2cc(-c3ccc4oc5ccccc5c4c3)ccc2c1,1,1,62.0,-60.0,batch_moderate,24,24,3,0,1,0,1,1,300.286,5.200000000000003,0,23,5,0,0,0,2,0,1,0,1,1,13.14,0,0,0
[Li]c1ccc2nc(OC3CCN(Cc4ccccc4)CC3)sc2c1,Brc1ccc2nc(OC3CCN(Cc4ccccc4)CC3)sc2c1,1,1,68.0,-78.0,batch_moderate,24,24,3,0,1,0,1,1,330.3820000000001,3.1335000000000024,1,15,3,0,0,0,5,0,1,2,1,4,25.36,0,0,0
[Li]c1ccc(/C=C/c2ccc(N(C)C)cc2)cc1,CN(C)c1ccc(/C=C/c2ccc(Br)cc2)cc1,1,1,60.0,-78.0,batch_moderate,18,18,3,0,1,0,1,1,229.25199999999998,2.716800000000001,0,12,2,0,0,0,2,0,1,1,0,3,3.24,0,0,0
[Li]c1cc(-c2cc(OC)c(OC)c(OC)c2)n(S(=O)(=O)c2ccc(OC)cc2)c1,COc1ccc(S(=O)(=O)n2cc(Br)cc2-c2cc(OC)c(OC)c(OC)c2)cc1,1,1,73.3,-78.0,batch_moderate,29,29,3,0,1,0,1,1,409.3890000000001,2.2203,0,17,3,0,0,0,9,0,1,1,6,7,75.99000000000001,0,0,0
[Li]c1ccc(OC)cc1OC,COc1ccc(Br)c(OC)c1,7,5,88.6,-78.0,batch_stable,11,11,3,0,1,0,1,1,144.099,0.49759999999999993,0,6,1,0,0,0,3,0,1,0,2,2,18.46,0,0,0
[Li]c1cc(C)c(-c2c(C)nc3c(C(CC)CC)cc(C)nn23)s1,CCC(CC)c1cc(C)nn2c(-c3sc(Br)cc3C)c(C)nc12,6,5,45.199999999999996,-78.0,batch_moderate,23,23,3,0,1,0,1,1,319.40299999999996,4.080460000000003,0,14,3,0,0,0,5,0,1,3,0,4,30.19,0,0,0
[Li]c1nc(C)c(-c2c(C)nc3c(C(CC)CC)cc(C)nn23)s1,CCC(CC)c1cc(C)nn2c(-c3sc(Br)nc3C)c(C)nc12,2,2,31.5,-78.0,batch_moderate,23,23,3,1,1,0,1,1,320.39099999999996,3.4754600000000027,0,14,3,0,0,0,6,0,1,4,0,4,43.08,0,0,0
[Li]c1nc(Br)c(-c2c(C)nc3c(C(CC)CC)cc(C)nn23)s1,CCC(CC)c1cc(C)nn2c(-c3sc(Br)nc3Br)c(C)nc12,2,2,69.75,-78.0,batch_moderate,23,23,3,1,1,0,1,1,385.2600000000001,3.929540000000002,0,14,3,1,0,1,7,0,1,4,0,4,43.08,0,0,0
[Li]c1c(C)nn2c(-c3sc(N4CCOCC4)nc3C)c(C)nc2c1C(CC)CC,CCC(CC)c1c(Br)c(C)nn2c(-c3sc(N4CCOCC4)nc3C)c(C)nc12,1,1,69.0,-78.0,batch_moderate,29,29,3,0,1,0,1,1,405.4970000000002,3.3120600000000016,1,14,3,0,0,0,8,0,1,5,1,5,55.55,0,0,0
[Li]c1nc(N2CCOCC2)sc1-c1c(C)nc2c(C(CC)CC)cc(C)nn12,CCC(CC)c1cc(C)nn2c(-c3sc(N4CCOCC4)nc3Br)c(C)nc12,1,1,9.2,-78.0,batch_unstable,28,28,3,1,1,0,1,1,391.4700000000002,3.0036400000000016,1,14,3,0,0,0,8,0,1,5,1,5,55.55,0,0,0
[Li]c1nc(C(F)(F)F)c(-c2c(C)nc3c(C(CC)CC)cc(C)nn23)s1,CCC(CC)c1cc(C)nn2c(-c3sc(Br)nc3C(F)(F)F)c(C)nc12,1,1,65.8,-78.0,batch_moderate,26,26,3,1,1,0,1,1,374.3610000000001,4.185840000000003,0,14,3,0,3,3,9,0,1,4,0,4,43.08,0,0,0
[Li]c1ccc2nc(C(F)(F)F)cn2c1,FC(F)(F)c1cn2cc(Br)ccc2n1,1,0,11.4,-20.0,batch_unstable,14,14,3,0,1,0,1,1,192.06900000000002,1.1469,0,9,2,0,3,3,6,0,1,2,0,0,17.3,0,0,0
[Li]c1cc(Cl)ccc1Cl,Clc1ccc(Cl)c(I)c1,3,2,58.9,-78.0,batch_moderate,9,9,3,0,1,0,1,1,152.93699999999998,1.7872000000000001,0,6,1,0,0,2,3,0,1,0,0,0,0.0,0,0,0
[Li]c1ccc(OC(C)C)c(OCC)c1,CCOc1cc(I)ccc1OC(C)C,1,1,68.7,-78.0,batch_moderate,14,14,3,0,1,0,1,1,186.17999999999998,1.6663,0,6,1,0,0,0,3,0,1,0,2,4,18.46,0,0,0
[Li]c1cc(OCC)c(OC)cc1F,CCOc1cc(I)c(F)cc1OC,1,1,89.2,-78.0,batch_stable,13,13,3,0,1,0,1,1,176.11599999999999,1.0268,0,6,1,0,1,1,4,0,1,0,2,3,18.46,0,0,0
[Li]c1ccc(C2O[C@@H](C(=O)OCCCC)[C@H](C(=O)OCCCC)O2)cc1,CCCCOC(=O)[C@@H]1OC(c2ccc(Br)cc2)O[C@H]1C(=O)OCCCC,2,0,18.1,60.0,batch_unstable,26,26,3,0,1,0,1,1,356.3440000000001,1.9495999999999996,1,6,1,0,0,0,7,0,1,0,6,9,71.06,0,1,0
[Li]c1ccc2c(c1)c(C)nn2COCc1ccccc1,Cc1nn(COCc2ccccc2)c2ccc(Br)cc12,1,1,72.8,-78.0,batch_moderate,20,20,3,0,1,0,1,1,258.24999999999994,2.3128200000000003,0,15,3,0,0,0,4,0,1,2,1,4,27.05,0,0,0
[Li]c1ccc2noc(-c3cccc(Cl)c3)c2c1,Clc1cccc(-c2onc3ccc(Br)cc23)c1,6,6,35.36666666666667,-70.0,batch_moderate,17,17,3,0,1,0,1,1,235.59900000000002,2.942000000000001,0,15,3,0,0,1,4,0,1,1,1,1,26.03,0,0,0
[Li]c1cnc(OC)cc1C,COc1cc(C)c(Br)cn1,1,1,91.6,-70.0,batch_stable,10,10,3,0,1,0,1,1,129.08799999999997,0.19242000000000004,0,6,1,0,0,0,3,0,1,1,1,1,22.12,0,0,0
[Li]c1cnc(Cl)c2nc(C)sc12,Cc1nc2c(Cl)ncc(I)c2s1,1,1,30.1,-75.0,batch_moderate,12,12,3,0,1,0,1,1,190.584,1.44692,0,9,2,0,0,1,5,0,1,2,0,0,25.78,0,0,0
[Li]c1ccc(C(O)(CC)CC)cc1CCC,CCCc1cc(C(O)(CC)CC)ccc1Br,1,1,44.0,-70.0,batch_moderate,16,16,3,0,1,0,1,1,212.26199999999994,2.4405,0,6,1,0,0,0,2,0,1,0,1,5,20.23,0,0,0
[Li]c1ccc(C(O)(CC)CC)cc1C,CCC(O)(CC)c1ccc(Br)c(C)c1,1,1,71.0,-70.0,batch_moderate,14,14,3,0,1,0,1,1,184.20799999999997,1.79642,0,6,1,0,0,0,2,0,1,0,1,3,20.23,0,0,0
[Li]CCc1nc(-c2ccc(Br)cc2)oc1C,Cc1oc(-c2ccc(Br)cc2)nc1CCI,1,1,65.5,-78.0,batch_moderate,16,16,2,0,0,1,0,1,272.071,3.541820000000002,0,11,2,1,0,1,4,0,1,1,1,3,26.03,0,0,0
[Li]C1=C(OC)COC1=O,COC1=C(Br)C(=O)OC1,2,2,59.0,-78.0,batch_moderate,9,9,3,0,1,0,0,1,120.03299999999999,-0.4303000000000001,1,0,0,0,0,0,4,0,1,0,3,1,35.53,0,0,0
[Li]c1ccccc1Cc1ccccc1,Brc1ccccc1Cc1ccccc1,1,0,30.6,0.0,batch_moderate,14,14,3,0,1,0,1,1,174.17200000000003,2.0712,0,12,2,0,0,0,1,0,1,0,0,2,0.0,0,0,0
[Li]CC1(OC)C=CC=C(OC)C1,COC1=CC=CC(CBr)(OC)C1,1,1,76.9,-70.0,batch_moderate,12,12,2,0,0,1,0,1,160.14199999999997,1.4486,1,0,0,0,0,0,3,0,1,0,2,3,18.46,0,0,0
[Li]c1ccc(Cn2c(C)c(C=CC(=O)OCC)c3cc(OC)ccc32)cc1,CCOC(=O)C=Cc1c(C)n(Cc2ccc(Br)cc2)c2ccc(OC)cc12,1,1,73.1,-78.0,batch_moderate,27,27,3,0,1,0,1,1,355.3630000000001,3.3767200000000024,0,15,3,0,0,0,5,0,1,1,3,6,40.46,0,1,0
[Li]c1cc(F)ccc1OCOC,COCOc1ccc(F)cc1Br,4,4,72.7,-78.0,batch_moderate,12,12,3,0,1,0,1,1,162.08899999999997,0.6022,0,6,1,0,1,1,4,0,1,0,2,3,18.46,0,0,0
[Li]c1csc2ccc(Cl)cc12,Clc1ccc2scc(Br)c2c1,1,1,58.2,-78.0,batch_moderate,11,11,3,0,1,0,1,1,174.581,2.3485000000000005,0,9,2,0,0,1,3,0,1,0,0,0,0.0,0,0,0
[Li]CC(=O)NC12CC3CC(CC(C3)C1)C2,O=C(CBr)NC12CC3CC(CC(C3)C1)C2,1,0,14.2,-25.0,batch_unstable,15,15,2,0,0,1,0,1,199.22299999999996,1.6581999999999997,4,0,0,0,0,0,3,0,1,1,1,2,29.1,0,0,0
[Li]c1ccc([C@H](c2cccc(O)c2)N2C[C@H](C)N(CC=C)C[C@H]2C)cc1,C=CCN1C[C@@H](C)N([C@H](c2ccc(Br)cc2)c2cccc(O)c2)C[C@@H]1C,3,3,90.5,-78.0,batch_stable,26,26,3,0,1,0,1,1,342.4120000000001,2.8560000000000008,1,12,2,0,0,0,4,0,1,2,1,5,26.71,0,0,0
[Li]c1cc(C)ncc1C,Cc1cc(Br)c(C)cn1,2,2,48.8,-78.0,batch_moderate,9,9,3,0,1,0,1,1,113.08899999999998,0.49224000000000007,0,6,1,0,0,0,2,0,1,1,0,0,12.89,0,0,0
[Li]c1c(F)c(F)c(Br)c(F)c1F,Fc1c(F)c(Br)c(F)c(F)c1Br,3,3,81.5,-70.0,batch_stable,12,12,3,0,1,0,1,1,234.90299999999996,1.7993000000000001,0,6,1,1,4,5,6,0,1,0,0,0,0.0,0,0,0
[Li]CCCCC(c1ccccc1)c1c(C)c(OC)c(C)c(C)c1OC,COc1c(C)c(C)c(OC)c(C(CCCCI)c2ccccc2)c1C,2,0,91.0,-16.25,batch_stable,25,25,2,0,0,1,0,1,332.41300000000007,5.518060000000006,0,12,2,0,0,0,3,0,1,0,2,8,18.46,0,0,0
[Li]c1c(C)c(OC)c(C)c(C)c1OC,COc1c(C)c(C)c(OC)c(Br)c1C,2,2,30.0,-70.0,batch_moderate,14,14,3,0,1,0,1,1,186.17999999999998,1.42286,0,6,1,0,0,0,3,0,1,0,2,2,18.46,0,0,0
[Li]c1cccc(O[Si](CC)(CC)CC)c1,CC[Si](CC)(CC)Oc1cccc(Br)c1,1,0,73.0,-10.0,batch_moderate,15,15,3,0,1,0,1,1,214.30999999999997,2.8644000000000016,0,6,1,0,0,0,3,0,1,0,1,5,9.23,0,0,0
[Li]c1ccc(OCC)c(F)c1F,CCOc1ccc(Br)c(F)c1F,2,2,94.7,-78.0,batch_stable,12,12,3,0,1,0,1,1,164.07999999999998,1.1573,0,6,1,0,2,2,4,0,1,0,1,2,9.23,0,0,0
[Li]c1ccccc1N(C)c1ccccc1,CN(c1ccccc1)c1ccccc1Br,3,3,50.63333333333333,-78.0,batch_moderate,15,15,3,0,1,0,1,1,189.18700000000004,2.2483000000000004,0,12,2,0,0,0,2,0,1,1,0,2,3.24,0,0,0
[Li]c1ccc(COC[C@@H]2C[C@@H]2C2CCN(C(=O)OC(C)(C)C)CC2)cc1F,CC(C)(C)OC(=O)N1CCC([C@H]2C[C@H]2COCc2ccc(Br)c(F)c2)CC1,1,1,100.0,-78.0,batch_stable,27,27,3,0,1,0,1,1,369.4060000000001,3.4193000000000024,2,6,1,0,1,1,6,0,1,1,3,5,38.769999999999996,0,1,0
[Li]c1cnc(OC)c2cccc(C)c12,COc1ncc(Br)c2c(C)cccc12,1,1,78.0,-78.0,batch_moderate,14,14,3,0,1,0,1,1,179.14799999999997,1.34562,0,10,2,0,0,0,3,0,1,1,1,1,22.12,0,0,0
[Li]c1cc(F)cc(CBr)c1,Fc1cc(Br)cc(CBr)c1,1,1,85.4,-78.0,batch_stable,10,10,3,0,1,0,1,1,194.95999999999998,1.5144000000000002,0,6,1,1,1,2,3,0,1,0,0,1,0.0,0,0,0
[Li]c1ccc(C(F)(F)F)cc1-c1ccnn1C,Cn1nccc1-c1cc(C(F)(F)F)ccc1Br,2,2,90.2,-78.0,batch_stable,17,17,3,0,1,0,1,1,232.13400000000004,1.8997,0,11,2,0,3,3,6,0,1,2,0,1,17.82,0,0,0
[Li]c1cccc2cc(S(=O)(=O)Oc3c(F)c(F)c(F)c(F)c3F)ccc12,O=S(=O)(Oc1c(F)c(F)c(F)c(F)c1F)c1ccc2c(Br)cccc2c1,1,0,59.1,-25.0,batch_moderate,26,26,3,0,1,0,1,1,380.219,3.096800000000001,0,16,3,0,5,5,10,0,1,0,3,3,43.370000000000005,0,0,0
[Li]c1c(NC(=O)C(F)(F)F)nc2ccc(F)cn12,O=C(Nc1nc2ccc(F)cn2c1I)C(F)(F)F,2,2,50.0,-78.0,batch_moderate,18,18,3,1,1,0,1,1,253.084,0.7679999999999999,0,9,2,0,4,4,9,0,1,3,1,1,46.400000000000006,0,0,0
[Li]c1ccc(Cl)c(Cc2ccc(O[Si](C)(C)C(C)(C)C)cc2)c1,CC(C)(C)[Si](C)(C)Oc1ccc(Cc2cc(Br)ccc2Cl)cc1,1,1,25.0,-78.0,batch_unstable,23,23,3,0,1,0,1,1,338.88000000000005,5.1086000000000045,0,12,2,0,0,1,4,0,1,0,1,4,9.23,0,0,0
[Li]c1ccc2ccn([Si](C(C)C)(C(C)C)C(C)C)c2c1,CC(C)[Si](C(C)C)(C(C)C)n1ccc2ccc(Br)cc21,1,1,45.3,-78.0,batch_moderate,20,20,3,0,1,0,1,1,279.42900000000003,4.458700000000004,0,9,2,0,0,0,3,0,1,1,0,4,4.93,0,0,0
[Li]c1cc2c(cc1F)C(C)(C)CN2[Si](C(C)C)(C(C)C)C(C)C,CC(C)[Si](C(C)C)(C(C)C)N1CC(C)(C)c2cc(F)c(Br)cc21,1,1,67.4,-78.0,batch_moderate,23,23,3,0,1,0,1,1,327.4890000000001,4.892600000000005,1,6,1,0,1,1,4,0,1,1,0,4,3.24,0,0,0
[Li]c1ccc2c(c1)c1ccccc1n2CCOCCOC,COCCOCCn1c2ccccc2c2cc(Br)ccc21,5,5,66.0,-78.0,batch_moderate,21,21,3,0,1,0,1,1,275.277,2.2512999999999996,0,13,3,0,0,0,4,0,1,1,2,6,23.39,0,0,0
[Li]c1ccc2c(c1)c1ccccc1n2C,Cn1c2ccccc2c2cc(Br)ccc21,3,3,60.0,-78.0,batch_moderate,15,15,3,0,1,0,1,1,187.171,2.1253,0,13,3,0,0,0,2,0,1,1,0,0,4.93,0,0,0
[Li]c1ccc2c(c1)c1cc(F)ccc1n2CCOCCOC,COCCOCCn1c2ccc(F)cc2c2cc(Br)ccc21,2,2,65.0,-78.0,batch_moderate,22,22,3,0,1,0,1,1,293.267,2.3903999999999996,0,13,3,0,1,1,5,0,1,1,2,6,23.39,0,0,0
[Li]c1ccc(F)cc1CN1CCN(C(=O)OC(C)(C)C)CC1,CC(C)(C)OC(=O)N1CCN(Cc2cc(F)ccc2Br)CC1,1,1,78.0,-78.0,batch_moderate,22,22,3,0,1,0,1,1,300.30300000000005,1.6722000000000001,1,6,1,0,1,1,6,0,1,2,2,2,32.78,0,1,0
[Li]c1ccc2ccc3ccccc3c2n1,Brc1ccc2ccc3ccccc3c2n1,2,2,76.7,-78.0,batch_moderate,15,15,3,1,1,0,1,1,185.15499999999997,2.1818,0,14,3,0,0,0,2,0,1,1,0,0,12.89,0,0,0
[Li]c1ccnc(C(F)(F)F)c1,FC(F)(F)c1cc(I)ccn1,1,1,66.5,-78.0,batch_moderate,11,11,3,0,1,0,1,1,153.032,0.8942,0,6,1,0,3,3,5,0,1,1,0,0,12.89,0,0,0
[Li]c1ccc(C(C)(C)C)nc1,CC(C)(C)c1ccc(Br)cn1,1,1,60.9,-78.0,batch_moderate,11,11,3,0,1,0,1,1,141.143,1.1729,0,6,1,0,0,0,2,0,1,1,0,0,12.89,0,0,0
[Li]c1ccc2c(ccn2C)c1,Cn1ccc2cc(Br)ccc21,1,1,57.4,-78.0,batch_moderate,11,11,3,0,1,0,1,1,137.111,0.9721,0,9,2,0,0,0,2,0,1,1,0,0,4.93,0,0,0
[Li]c1ccc2c(c1)cc(C1CCN(C(=O)OC(C)(C)C)C1)n2C,Cn1c(C2CCN(C(=O)OC(C)(C)C)C2)cc2cc(Br)ccc21,1,1,69.9,-78.0,batch_moderate,23,23,3,0,1,0,1,1,306.33500000000004,2.6965000000000012,1,9,2,0,0,0,5,0,1,2,2,1,34.47,0,1,0
[Li]c1ccc2c(c1)cc(CCO[Si](C)(C)C(C)(C)C)n2C,Cn1c(CCO[Si](C)(C)C(C)(C)C)cc2cc(Br)ccc21,1,1,68.1,-78.0,batch_moderate,21,21,3,0,1,0,1,1,295.428,3.536400000000002,0,9,2,0,0,0,4,0,1,1,1,4,14.16,0,0,0
[Li]c1ccc2c(c1)cc(CO[Si](C)(C)C(C)(C)C)n2C,Cn1c(CO[Si](C)(C)C(C)(C)C)cc2cc(Br)ccc21,1,1,76.8,-78.0,batch_moderate,20,20,3,0,1,0,1,1,281.401,3.493900000000002,0,9,2,0,0,0,4,0,1,1,1,3,14.16,0,0,0
[Li]c1cnn(C)c1Cc1ccccc1,Cn1ncc(Br)c1Cc1ccccc1,2,2,39.0,-78.0,batch_moderate,14,14,3,0,1,0,1,1,178.16400000000002,0.8046999999999999,0,11,2,0,0,0,3,0,1,2,0,2,17.82,0,0,0
[Li]c1ccc(OCCCN(C)C)nc1,CN(C)CCCOc1ccc(Br)cn1,1,0,11.0,18.0,batch_unstable,14,14,3,0,1,0,1,1,186.184,0.20589999999999975,0,6,1,0,0,0,4,0,1,2,1,5,25.36,0,0,0
[Li]c1ccc(OCCCN2CCC2)nc1,Brc1ccc(OCCCN2CCC2)nc1,1,1,81.2,-78.0,batch_stable,15,15,3,0,1,0,1,1,198.19499999999996,0.34999999999999964,1,6,1,0,0,0,4,0,1,2,1,5,25.36,0,0,0
[Li]c1cc(C(=O)O)ccc1C1CC1,O=C(O)c1ccc(C2CC2)c(Br)c1,1,1,76.2,-78.0,batch_moderate,13,13,3,0,1,0,1,1,168.12099999999995,1.0559999999999998,1,6,1,0,0,0,3,0,1,0,2,2,37.3,0,1,0
[Li]Cc1ccc([N+](=O)[O-])cc1,O=[N+]([O-])c1ccc(CBr)cc1,3,2,63.0,-78.0,batch_moderate,11,11,2,0,0,1,0,1,143.07100000000003,1.2633,0,6,1,0,0,0,4,0,1,1,2,2,43.14,0,0,0
[Li]Cc1ccc(C=CC(=O)OCC)cc1,CCOC(=O)C=Cc1ccc(CBr)cc1,1,1,43.6,-78.0,batch_moderate,15,15,2,0,0,1,0,1,196.17499999999998,1.9314,0,6,1,0,0,0,3,0,1,0,2,4,26.3,0,1,0
[Li]c1cc(Cl)cc(C(=O)OC)c1,COC(=O)c1cc(Cl)cc(Br)c1,2,2,100.0,-78.0,batch_stable,12,12,3,0,1,0,1,1,176.528,0.9204,0,6,1,0,0,1,4,0,1,0,2,1,26.3,0,1,0
[Li]c1cccc(C(F)(F)F)c1,FC(F)(F)c1cccc(Br)c1,1,1,96.7,-78.0,batch_stable,11,11,3,0,1,0,1,1,152.044,1.4992,0,6,1,0,3,3,4,0,1,0,0,0,0.0,0,0,0
[Li]c1cnc(N2CCN(C(=O)OC(C)(C)C)CC2)nc1,CC(C)(C)OC(=O)N1CCN(c2ncc(Br)cn2)CC1,2,2,61.5,-78.0,batch_moderate,20,20,3,0,1,0,1,1,270.26199999999994,0.32749999999999946,1,6,1,0,0,0,7,0,1,4,2,1,58.56,0,1,0
[Li]c1ccc(C)c(Cc2ccc(Cl)cc2)c1,Cc1ccc(Br)cc1Cc1ccc(Cl)cc1,1,0,69.9,0.0,batch_moderate,16,16,3,0,1,0,1,1,222.644,3.0330200000000014,0,12,2,0,0,1,2,0,1,0,0,2,0.0,0,0,0
[Li]c1ccc(Oc2ccc(OC(F)(F)F)cc2)cc1,FC(F)(F)Oc1ccc(Oc2ccc(Br)cc2)cc1,2,2,96.7,-78.0,batch_stable,19,19,3,0,1,0,1,1,260.13999999999993,3.1713000000000013,0,12,2,0,3,3,6,0,1,0,2,3,18.46,0,0,0
[Li]c1ccc(Oc2ccc(OC(F)(F)F)cc2)cc1F,Fc1cc(Oc2ccc(OC(F)(F)F)cc2)ccc1Br,2,2,67.0,-78.0,batch_moderate,20,20,3,0,1,0,1,1,278.12999999999994,3.3104000000000013,0,12,2,0,4,4,7,0,1,0,2,3,18.46,0,0,0
[Li]c1cc(C(C)C)c(F)cc1OC,COc1cc(F)c(C(C)C)cc1Br,1,1,77.8,-80.0,batch_moderate,13,13,3,0,1,0,1,1,174.144,1.7515,0,6,1,0,1,1,3,0,1,0,1,2,9.23,0,0,0
[Li]c1cc([Si](C)(C)C)sc1-c1sc([Si](C)(C)C)cc1Br,C[Si](C)(C)c1cc(Br)c(-c2sc([Si](C)(C)C)cc2Br)s1,10,10,79.53999999999999,-78.0,batch_moderate,20,20,3,0,1,0,1,1,395.4650000000001,4.123300000000003,0,10,2,1,0,1,6,0,1,0,0,3,0.0,0,0,0
[Li]c1cc(F)c(-c2cc(F)cc(C(F)F)c2)cc1OC,COc1cc(-c2cc(F)cc(C(F)F)c2)c(F)cc1I,1,0,18.2,78.0,batch_unstable,20,20,3,0,1,0,1,1,276.158,3.371800000000002,0,12,2,0,4,4,6,0,1,0,1,3,9.23,0,0,0
[Li]c1cnn(C(C)C)c1,CC(C)n1cc(Br)cn1,2,2,9.3,-78.0,batch_unstable,9,9,3,0,1,0,1,1,116.09299999999998,0.2577999999999997,0,5,1,0,0,0,3,0,1,2,0,1,17.82,0,0,0
[Li]c1cc(C(=O)O)cnc1Cl,O=C(O)c1cnc(Cl)c(Br)c1,2,0,53.1,-20.0,batch_moderate,11,11,3,0,1,0,1,1,163.48899999999998,0.22700000000000004,0,6,1,0,0,1,5,0,1,1,2,1,50.19,0,1,0
[Li]c1ncnc2c1ccn2[Si](C(C)C)(C(C)C)C(C)C,CC(C)[Si](C(C)C)(C(C)C)n1ccc2c(I)ncnc21,1,1,54.5,-78.0,batch_moderate,20,20,3,1,1,0,1,1,281.40500000000003,3.2487000000000013,0,9,2,0,0,0,5,0,1,3,0,4,30.71,0,0,0
[Li]C(Br)=Cc1noc(-c2ccccc2)c1C(F)(F)F,FC(F)(F)c1c(C=C(Br)Br)noc1-c1ccccc1,1,1,62.6,-78.0,batch_moderate,19,19,3,1,1,0,0,1,324.025,4.222200000000001,0,11,2,1,3,4,7,0,1,1,1,2,26.03,0,0,0
[Li]c1ccc2c(c1)COC21CN(C(=O)OC(C)(C)C)C1,CC(C)(C)OC(=O)N1CC2(C1)OCc1cc(Br)ccc12,1,1,88.2,-78.0,batch_stable,20,20,3,0,1,0,1,1,267.25399999999996,1.4566000000000001,2,6,1,0,0,0,5,0,1,1,3,0,38.769999999999996,0,1,0
[Li]c1nccc(Cl)c1F,Fc1c(Cl)ccnc1Br,1,0,34.0,0.0,batch_moderate,9,9,3,1,1,0,1,1,137.47,0.6678999999999998,0,6,1,0,1,2,4,0,1,1,0,0,12.89,0,0,0
[Li]c1ccc(OC)cc1F,COc1ccc(Br)c(F)c1,1,1,45.4,-78.0,batch_moderate,10,10,3,0,1,0,1,1,132.063,0.6281,0,6,1,0,1,1,3,0,1,0,1,1,9.23,0,0,0
[Li]c1ccccc1OCCOC,COCCOc1ccccc1I,1,1,49.4,-78.0,batch_moderate,12,12,3,0,1,0,1,1,158.126,0.5055999999999999,0,6,1,0,0,0,3,0,1,0,2,4,18.46,0,0,0
[Li]c1ccnc2ccc(OC)nc12,COc1ccc2nccc(Br)c2n1,1,1,66.6,-78.0,batch_moderate,13,13,3,0,1,0,1,1,166.10899999999998,0.4321999999999998,0,10,2,0,0,0,4,0,1,2,1,1,35.010000000000005,0,0,0
[Li]c1ccc(C(=O)N(C)OC)cc1C,CON(C)C(=O)c1ccc(Br)c(C)c1,2,0,92.0,0.0,batch_stable,14,14,3,0,1,0,1,1,185.152,0.4222199999999998,0,6,1,0,0,0,4,0,1,1,2,2,29.540000000000003,0,0,0
[Li]c1sc2c(Br)c(Br)sc2c1Br,Brc1sc2c(Br)c(Br)sc2c1Br,2,2,42.65,-78.0,batch_moderate,12,12,3,0,1,0,1,1,382.853,4.0441,0,8,2,3,0,3,6,0,1,0,0,0,0.0,0,0,0
[Li]c1ccc(F)cc1SC,CSc1cc(F)ccc1Br,1,1,83.1,-78.0,batch_stable,10,10,3,0,1,0,1,1,148.131,1.3414,0,6,1,0,1,1,3,0,1,0,0,1,0.0,0,0,0
[Li]c1ccc(N(CCN2CCCCC2)C(=O)OC(C)(C)C)cc1,CC(C)(C)OC(=O)N(CCN1CCCCC1)c1ccc(Br)cc1,1,1,92.0,-78.0,batch_stable,23,23,3,0,1,0,1,1,310.367,2.7078000000000007,1,6,1,0,0,0,5,0,1,2,2,4,32.78,0,1,0
[Li]c1cnc2c(c1)CCN2[Si](C)(C)C(C)(C)C,CC(C)(C)[Si](C)(C)N1CCc2cc(Br)cnc21,1,1,71.1,-78.0,batch_moderate,17,17,3,0,1,0,1,1,240.35199999999998,2.2431,1,6,1,0,0,0,4,0,1,2,0,1,16.130000000000003,0,0,0
[Li]c1cnc2c(ccn2[Si](C)(C)C(C)(C)C)c1,CC(C)(C)[Si](C)(C)n1ccc2cc(Br)cnc21,1,1,100.0,-78.0,batch_stable,17,17,3,0,1,0,1,1,238.33599999999996,2.6834000000000007,0,9,2,0,0,0,4,0,1,2,0,1,17.82,0,0,0
[Li]c1ccc(OC)cc1CO[Si](C(C)C)(C(C)C)C(C)C,COc1ccc(Br)c(CO[Si](C(C)C)(C(C)C)C(C)C)c1,2,2,64.0,-78.0,batch_moderate,21,21,3,0,1,0,1,1,300.444,4.181100000000003,0,6,1,0,0,0,4,0,1,0,2,7,18.46,0,0,0
[Li]c1ccc(F)c2cnccc12,Fc1ccc(Br)c2ccncc12,2,0,59.5,23.0,batch_moderate,12,12,3,0,1,0,1,1,153.085,1.1677,0,10,2,0,1,1,3,0,1,1,0,0,12.89,0,0,0
[Li]c1ccc(C(=O)OC(C)(C)C)c(C)c1,Cc1cc(Br)ccc1C(=O)OC(C)(C)C,1,0,98.4,-100.0,batch_stable,15,15,3,0,1,0,1,1,198.19099999999997,1.7441200000000001,0,6,1,0,0,0,3,0,1,0,2,1,26.3,0,1,0
[Li]c1cccc(C(=O)OC)c1,COC(=O)c1cccc(Br)c1,1,1,82.1,-78.0,batch_stable,11,11,3,0,1,0,1,1,142.083,0.267,0,6,1,0,0,0,3,0,1,0,2,1,26.3,0,1,0
[Li]c1ccc(/C=N/[S@](=O)C(C)(C)C)cc1,CC(C)(C)[S@@](=O)/N=C/c1ccc(Br)cc1,1,1,63.0,-78.0,batch_moderate,15,15,3,0,1,0,1,1,215.24699999999999,1.3615,0,6,1,0,0,0,4,0,1,1,1,2,29.43,0,0,0
[Li]c1cccc(/C=N/[S@](=O)C(C)(C)C)c1,CC(C)(C)[S@@](=O)/N=C/c1cccc(Br)c1,1,1,77.0,-78.0,batch_moderate,15,15,3,0,1,0,1,1,215.24699999999999,1.3615,0,6,1,0,0,0,4,0,1,1,1,2,29.43,0,0,0
[Li]c1cccc(F)c1C,Cc1c(F)cccc1I,1,1,44.3,-78.0,batch_moderate,9,9,3,0,1,0,1,1,116.06400000000001,0.9279200000000001,0,6,1,0,1,1,2,0,1,0,0,0,0.0,0,0,0
[Li]c1ccc([C@H](CC(=O)N(C)OC)c2ccccc2C)cc1,CON(C)C(=O)C[C@@H](c1ccc(Br)cc1)c1ccccc1C,1,0,37.4,0.0,batch_moderate,22,22,3,0,1,0,1,1,289.30400000000003,2.3306200000000006,0,12,2,0,0,0,4,0,1,1,2,5,29.540000000000003,0,0,0
[Li]c1ccc([C@@H](CC(=O)N(C)OC)c2ccccc2C)cc1,CON(C)C(=O)C[C@H](c1ccc(Br)cc1)c1ccccc1C,1,0,97.9,0.0,batch_stable,22,22,3,0,1,0,1,1,289.30400000000003,2.3306200000000006,0,12,2,0,0,0,4,0,1,1,2,5,29.540000000000003,0,0,0
[Li]c1cn2c(n1)-c1cc(Br)ccc1OCC2,Brc1ccc2c(c1)-c1nc(I)cn1CCO2,1,0,22.0,-30.0,batch_unstable,16,16,3,1,1,0,1,1,271.043,1.4988000000000001,1,11,2,1,0,1,5,0,1,2,1,0,27.05,0,0,0
[Li]c1cn2c(n1)-c1cc(Br)c(F)cc1OCC2,Fc1cc2c(cc1Br)-c1nc(I)cn1CCO2,1,0,64.0,-30.0,batch_moderate,17,17,3,1,1,0,1,1,289.0330000000001,1.6379,1,11,2,1,1,2,6,0,1,2,1,0,27.05,0,0,0
[Li]c1cn2c(n1)-c1cc(Br)c(C)cc1OCC2,Cc1cc2c(cc1Br)-c1nc(I)cn1CCO2,1,0,35.0,-30.0,batch_moderate,17,17,3,1,1,0,1,1,285.07000000000005,1.80722,1,11,2,1,0,1,5,0,1,2,1,0,27.05,0,0,0
[Li]c1ccc(OCC)c(-c2nc3c(cnn3CCC)c(=O)[nH]2)c1,CCCn1ncc2c(=O)[nH]c(-c3cc(Br)ccc3OCC)nc21,1,1,19.0,-78.0,batch_unstable,23,23,3,0,1,0,1,1,304.279,1.3890999999999998,0,15,3,0,0,0,7,0,1,4,2,5,72.80000000000001,0,0,0
[Li]c1ccc(OCCN2CCCC2)nc1,Brc1ccc(OCCN2CCCC2)nc1,3,3,44.5,-78.0,batch_moderate,15,15,3,0,1,0,1,1,198.19499999999996,0.34999999999999964,1,6,1,0,0,0,4,0,1,2,1,4,25.36,0,0,0
[Li]c1cc(C(C)(C)C)cc(C(C)(C)C)c1O,CC(C)(C)c1cc(Br)c(O)c(C(C)(C)C)c1,1,0,16.2,-30.0,batch_unstable,16,16,3,0,1,0,1,1,212.26199999999997,2.781000000000002,0,6,1,0,0,0,2,0,1,0,1,0,20.23,0,0,0
[Li]c1ccc2c(c1)C(CCCCCCCCCC)(CCCCCCCCCC)c1cc(Br)ccc1-2,CCCCCCCCCCC1(CCCCCCCCCC)c2cc(Br)ccc2-c2ccc(Br)cc21,1,0,81.0,0.0,batch_stable,35,35,3,0,1,0,1,1,531.5920000000003,10.57099999999999,1,12,2,1,0,1,2,0,1,0,0,18,0.0,0,0,0
[Li]c1ccccc1-c1cc(C)cs1,Cc1csc(-c2ccccc2Br)c1,1,1,77.0,-78.0,batch_moderate,13,13,3,0,1,0,1,1,180.201,2.5173200000000007,0,11,2,0,0,0,2,0,1,0,0,1,0.0,0,0,0
[Li]c1cn(S(=O)(=O)c2ccccc2)c2ccccc12,O=S(=O)(c1ccccc1)n1cc(Br)c2ccccc21,1,0,69.0,-100.0,batch_moderate,19,19,3,0,1,0,1,1,263.247,1.6720999999999997,0,15,3,0,0,0,5,0,1,1,2,2,39.07,0,0,0
[Li]c1ccccc1S(=O)(=O)N(COCCOC)c1onc(C)c1C,COCCOCN(c1onc(C)c1C)S(=O)(=O)c1ccccc1Br,1,0,70.1,-100.0,batch_moderate,24,24,3,0,1,0,1,1,346.33400000000006,0.9010399999999998,0,11,2,0,0,0,9,0,1,2,5,8,81.87,0,0,0
[Li]CCCCc1c(OC)c(OCOC)cc(OC)c1OCOC,COCOc1cc(OC)c(OCOC)c(CCCCI)c1OC,1,1,81.8,-78.0,batch_stable,23,23,2,0,0,1,0,1,320.3110000000001,2.5787000000000004,0,6,1,0,0,0,7,0,1,0,6,12,55.38000000000001,0,0,0
[Li]C(Br)=Cc1c(-c2ccc(F)cc2)nc(-c2ccccc2)nc1C(C)C,CC(C)c1nc(-c2ccccc2)nc(-c2ccc(F)cc2)c1C=C(Br)Br,1,1,49.0,-78.0,batch_moderate,26,26,3,1,1,0,0,1,403.22400000000016,5.934900000000004,0,18,3,1,1,2,5,0,1,2,0,4,25.78,0,0,0
[Li]c1ccc(CCO)cc1,OCCc1ccc(Br)cc1,1,0,30.3,0.0,batch_moderate,10,10,3,0,1,0,1,1,128.1,0.015199999999999936,0,6,1,0,0,0,2,0,1,0,1,2,20.23,0,0,0
[Li]c1ccc(Br)c([N+](=O)[O-])c1,O=[N+]([O-])c1cc(Br)ccc1Br,1,0,51.5,-20.0,batch_moderate,11,11,3,0,1,0,1,1,207.94,1.1511,0,6,1,1,0,1,5,0,1,1,2,1,43.14,0,0,0
[Li]c1cc([N+](=O)[O-])ccc1OC,COc1ccc([N+](=O)[O-])cc1I,1,1,70.3,-78.0,batch_moderate,12,12,3,0,1,0,1,1,159.06999999999996,0.3971999999999999,0,6,1,0,0,0,5,0,1,1,3,2,52.370000000000005,0,0,0
[Li]c1ccc2cc(OC(C)(C)C)ccc2c1,CC(C)(C)Oc1ccc2cc(Br)ccc2c1,1,1,90.0,-78.0,batch_stable,16,16,3,0,1,0,1,1,206.214,2.810900000000001,0,10,2,0,0,0,2,0,1,0,1,1,9.23,0,0,0
[Li]c1ccc(OCCC)c(F)c1,CCCOc1ccc(Br)cc1F,1,1,60.9,-70.0,batch_moderate,12,12,3,0,1,0,1,1,160.117,1.4082999999999999,0,6,1,0,1,1,3,0,1,0,1,3,9.23,0,0,0
[Li]C1=C(C=O)CCCC1,O=CC1=C(Br)CCCC1,1,1,97.7,-60.0,batch_stable,9,9,3,0,1,0,0,1,116.08900000000001,1.1819,1,0,0,0,0,0,2,0,1,0,1,1,17.07,0,0,0
[Li]c1cc(S(=O)(=O)c2ccc(N)cc2)cc(N2CCCC2)n1,Nc1ccc(S(=O)(=O)c2cc(Br)nc(N3CCCC3)c2)cc1,1,0,45.6,-40.0,batch_moderate,22,22,3,1,1,0,1,1,309.3200000000001,0.8905999999999998,1,12,2,0,0,0,7,0,1,3,2,3,76.28999999999999,0,0,0
[Li]CCCCc1ccccc1,BrCCCCc1ccccc1,2,0,52.3,25.0,batch_moderate,11,11,2,0,0,1,0,1,140.15499999999997,2.5961000000000007,0,6,1,0,0,0,1,0,1,0,0,4,0.0,0,0,0
[Li]c1ccc2c(c1OC)CCCC2,COc1c(Br)ccc2c1CCCC2,1,0,12.8,0.0,batch_unstable,13,13,3,0,1,0,1,1,168.16499999999996,1.3678,1,6,1,0,0,0,2,0,1,0,1,1,9.23,0,0,0
[Li]Cc1nc2ccccc2c(OC(C)=O)c1C,CC(=O)Oc1c(C)c(CI)nc2ccccc12,1,0,45.3,-35.0,batch_moderate,17,17,2,0,0,1,0,1,221.18499999999995,2.1370199999999997,0,10,2,0,0,0,4,0,1,1,2,2,39.19,0,0,0
[Li]Cc1nc2ccc(F)cc2c(OC(C)=O)c1C,CC(=O)Oc1c(C)c(CI)nc2ccc(F)cc12,1,0,20.0,-35.0,batch_unstable,18,18,2,0,0,1,0,1,239.17499999999995,2.2761200000000006,0,10,2,0,1,1,5,0,1,1,2,2,39.19,0,0,0
[Li]c1ccc(OCc2ccc(CC)cc2)c(OC)c1,CCc1ccc(COc2ccc(Br)cc2OC)cc1,1,1,57.0,-78.0,batch_moderate,19,19,3,0,1,0,1,1,248.25099999999998,2.6304000000000007,0,12,2,0,0,0,3,0,1,0,2,5,18.46,0,0,0
[Li]c1ccc(Cl)cc1C(=O)N(CC)CC,CCN(CC)C(=O)c1cc(Cl)ccc1I,1,1,77.1,-78.0,batch_moderate,15,15,3,0,1,0,1,1,217.62499999999997,1.6158000000000001,0,6,1,0,0,1,4,0,1,1,1,3,20.310000000000002,0,0,0
[Li]c1cc(Cl)nc(Cl)c1,Clc1cc(I)cc(Cl)n1,1,1,88.0,-70.0,batch_stable,9,9,3,0,1,0,1,1,153.925,1.1822000000000001,0,6,1,0,0,2,4,0,1,1,0,0,12.89,0,0,0
[Li]c1ccnc(C)c1,Cc1cc(Br)ccn1,1,1,54.8,-70.0,batch_moderate,8,8,3,0,1,0,1,1,99.06199999999998,0.18381999999999998,0,6,1,0,0,0,2,0,1,1,0,0,12.89,0,0,0
[Li]c1ccc2c(c1)oc1ccccc12,Brc1ccc2c(c1)oc1ccccc12,1,1,23.6,-80.0,batch_unstable,14,14,3,0,1,0,1,1,174.128,2.3798000000000004,0,13,3,0,0,0,2,0,1,0,1,0,13.14,0,0,0
[Li]c1ccc2c(c1)NC(=O)C2,O=C1Cc2ccc(Br)cc2N1,2,0,45.6,-20.0,batch_moderate,11,11,3,0,1,0,1,1,139.08299999999997,-0.024999999999999967,1,6,1,0,0,0,3,0,1,1,1,0,29.1,0,0,0
[Li]c1cc(COCc2ccc(OC)cc2)cnc1F,COc1ccc(COCc2cnc(F)c(Br)c2)cc1,2,2,96.4,-78.0,batch_stable,19,19,3,0,1,0,1,1,253.20199999999997,1.7399,0,12,2,0,1,1,5,0,1,1,2,5,31.35,0,0,0
[Li]c1ccc(S(=O)(=O)N(C)C)cc1,CN(C)S(=O)(=O)c1ccc(Br)cc1,2,0,18.8,0.0,batch_unstable,13,13,3,0,1,0,1,1,191.181,-0.2693000000000001,0,6,1,0,0,0,5,0,1,1,2,2,37.38,0,0,0
[Li]CCCCCCC1(CCCCCCBr)c2cc(Br)ccc2-c2ccc(Br)cc21,BrCCCCCCC1(CCCCCCBr)c2cc(Br)ccc2-c2ccc(Br)cc21,1,1,55.0,-78.0,batch_moderate,29,29,2,0,0,1,0,1,577.1680000000001,9.360799999999998,1,12,2,3,0,3,4,0,1,0,0,12,0.0,0,0,0
[Li]c1cc2ccccc2cc1I,Ic1cc2ccccc2cc1I,1,1,39.8,-78.0,batch_moderate,12,12,3,0,1,0,1,1,260.00299999999993,2.2382,0,10,2,0,0,1,2,1,1,0,0,0,0.0,0,0,0
[Li]c1cn([Si](C(C)C)(C(C)C)C(C)C)c2nccc(Cl)c12,CC(C)[Si](C(C)C)(C(C)C)n1cc(I)c2c(Cl)ccnc21,1,0,83.1,-40.0,batch_stable,21,21,3,0,1,0,1,1,314.862,4.507100000000004,0,9,2,0,0,1,5,0,1,2,0,4,17.82,0,0,0
[Li]c1c(-c2ccc(C3(C)OCCO3)cc2)n(COCC[Si](C)(C)C)c2ncc(Br)nc12,CC1(c2ccc(-c3c(I)c4nc(Br)cnc4n3COCC[Si](C)(C)C)cc2)OCCO1,2,2,57.75,-75.0,batch_moderate,31,31,3,0,1,0,1,1,496.40700000000015,4.1864000000000035,1,15,3,1,0,1,9,0,1,3,3,7,58.400000000000006,0,0,0
[Li]c1cnc2c(cc(-c3ccc(OC)cc3)n2COCC[Si](C)(C)C)n1,COc1ccc(-c2cc3nc(Br)cnc3n2COCC[Si](C)(C)C)cc1,1,1,76.0,-75.0,batch_moderate,26,26,3,1,1,0,1,1,361.4470000000001,3.213000000000002,0,15,3,0,0,0,7,0,1,3,2,7,49.17,0,0,0
[Li]c1cnc2c(n1)c(CC)c(-c1ccc(C3(C)OCCO3)cc1)n2COCC[Si](C)(C)C,CCc1c(-c2ccc(C3(C)OCCO3)cc2)n(COCC[Si](C)(C)C)c2ncc(Br)nc12,1,1,69.9,-70.0,batch_moderate,32,32,3,1,1,0,1,1,445.5650000000003,3.9863000000000035,1,15,3,0,0,0,8,0,1,3,3,8,58.400000000000006,0,0,0
[Li]c1c(-c2ccc(C3(C)OCCO3)cc2)n(COCC[Si](C)(C)C)c2nc(C)c(Br)nc12,Cc1nc2c(nc1Br)c(I)c(-c1ccc(C3(C)OCCO3)cc1)n2COCC[Si](C)(C)C,1,0,63.5,20.0,batch_moderate,32,32,3,0,1,0,1,1,510.4340000000002,4.494820000000004,1,15,3,1,0,1,9,0,1,3,3,7,58.400000000000006,0,0,0
[Li]c1ccc(OCc2ccccc2)c(Cl)n1,Clc1nc(I)ccc1OCc1ccccc1,1,0,69.5,22.0,batch_moderate,16,16,3,1,1,0,1,1,225.604,2.1078,0,12,2,0,0,1,4,0,1,1,1,3,22.12,0,0,0
[Li]c1c(C)nn2c(C(CC)CC)cc(C)nc12,CCC(CC)c1cc(C)nc2c(I)c(C)nn12,1,1,14.0,-78.0,batch_unstable,17,17,3,0,1,0,1,1,223.24899999999997,2.04354,0,9,2,0,0,0,4,0,1,3,0,3,30.19,0,0,0
[Li]c1c(C)nn2c(CCCC)cc(C)nc12,CCCCc1cc(C)nc2c(I)c(C)nn12,1,1,14.7,-78.0,batch_unstable,16,16,3,0,1,0,1,1,209.22199999999998,1.4825399999999997,0,9,2,0,0,0,4,0,1,3,0,3,30.19,0,0,0
[Li]c1cc(C)c(C(Sc2ccc(OC)cc2)c2cc(F)ccc2F)cn1,COc1ccc(SC(c2cnc(Br)cc2C)c2cc(F)ccc2F)cc1,1,0,62.5,-40.0,batch_moderate,26,26,3,1,1,0,1,1,363.358,4.352320000000003,0,18,3,0,2,2,6,0,1,1,1,5,22.12,0,0,0
[Li]c1cc(C)c(C(Sc2ccc(OCC)cc2)c2cc(F)ccc2F)cn1,CCOc1ccc(SC(c2cnc(Br)cc2C)c2cc(F)ccc2F)cc1,1,0,75.2,-40.0,batch_moderate,27,27,3,1,1,0,1,1,377.385,4.742420000000004,0,18,3,0,2,2,6,0,1,1,1,6,22.12,0,0,0
[Li]c1cc(C)c(C(Sc2ccc(C(F)(F)F)cn2)c2cc(F)ccc2F)cn1,Cc1cc(Br)ncc1C(Sc1ccc(C(F)(F)F)cn1)c1cc(F)ccc1F,1,0,60.7,-40.0,batch_moderate,28,28,3,1,1,0,1,1,402.317,4.757520000000003,0,18,3,0,5,5,9,0,1,2,0,4,25.78,0,0,0
[Li]c1cc(C)c(C(Sc2ccc(C)cc2)c2cc(F)ccc2F)cn1,Cc1ccc(SC(c2cnc(Br)cc2C)c2cc(F)ccc2F)cc1,1,0,40.0,-40.0,batch_moderate,25,25,3,1,1,0,1,1,347.35900000000004,4.652140000000004,0,18,3,0,2,2,5,0,1,1,0,4,12.89,0,0,0
[Li]c1cc(C)c(C(Sc2ccc(Cl)c(C)c2)c2cc(F)ccc2F)cn1,Cc1cc(SC(c2cnc(Br)cc2C)c2cc(F)ccc2F)ccc1Cl,1,0,38.6,-40.0,batch_moderate,26,26,3,1,1,0,1,1,381.80400000000003,5.305540000000003,0,18,3,0,2,3,6,0,1,1,0,4,12.89,0,0,0
[Li]c1cc(C)c(C(Sc2ccc(F)c(C)c2)c2cc(F)ccc2F)cn1,Cc1cc(SC(c2cnc(Br)cc2C)c2cc(F)ccc2F)ccc1F,1,0,60.9,-40.0,batch_moderate,26,26,3,1,1,0,1,1,365.349,4.791240000000003,0,18,3,0,3,3,6,0,1,1,0,4,12.89,0,0,0
[Li]c1cc(C)c(C(Sc2cc(F)cc(F)c2)c2cc(F)ccc2F)cn1,Cc1cc(Br)ncc1C(Sc1cc(F)cc(F)c1)c1cc(F)ccc1F,1,0,65.3,-40.0,batch_moderate,26,26,3,1,1,0,1,1,369.312,4.621920000000003,0,18,3,0,4,4,7,0,1,1,0,4,12.89,0,0,0
[Li]c1cc(C)c(C(Sc2ccccc2)c2c(F)ccc(F)c2F)cn1,Cc1cc(Br)ncc1C(Sc1ccccc1)c1c(F)ccc(F)c1F,1,0,62.7,-40.0,batch_moderate,25,25,3,1,1,0,1,1,351.322,4.482820000000003,0,18,3,0,3,3,6,0,1,1,0,4,12.89,0,0,0
[Li]c1cc(C)c(C(Sc2ccc(C(F)(F)F)nc2)c2c(F)ccc(F)c2F)cn1,Cc1cc(Br)ncc1C(Sc1ccc(C(F)(F)F)nc1)c1c(F)ccc(F)c1F,1,0,59.1,-40.0,batch_moderate,29,29,3,1,1,0,1,1,420.307,4.896620000000002,0,18,3,0,6,6,10,0,1,2,0,4,25.78,0,0,0
[Li]c1cc(C)c(C(O[Si](c2ccccc2)(c2ccccc2)C(C)(C)C)c2c(F)ccc(F)c2F)cn1,Cc1cc(Br)ncc1C(O[Si](c1ccccc1)(c1ccccc1)C(C)(C)C)c1c(F)ccc(F)c1F,1,1,70.3,-50.0,batch_moderate,36,36,3,1,1,0,1,1,497.5620000000002,5.267120000000006,0,24,4,0,3,3,7,0,1,1,1,6,22.12,0,0,0
[Li]c1sccc1CCOCOCCOC,COCCOCOCCc1ccsc1Br,1,0,75.4,0.0,batch_moderate,15,15,3,0,1,0,1,1,222.23499999999993,0.7215,0,5,1,0,0,0,5,0,1,0,3,8,27.69,0,0,0
[Li]C/C=C/CC1CCCCC1,IC/C=C/CC1CCCCC1,1,0,72.5,0.0,batch_moderate,11,11,2,0,0,1,0,1,144.18699999999998,3.099800000000002,1,0,0,0,0,0,1,0,1,0,0,3,0.0,0,0,0
[Li]c1cccc2cc3ccccc3cc12,Brc1cccc2cc3ccccc3cc12,2,0,76.0,0.0,batch_moderate,15,15,3,0,1,0,1,1,184.167,2.7868000000000013,0,14,3,0,0,0,1,0,1,0,0,0,0.0,0,0,0
[Li]c1c(C)nn2c(C(CCC)CCC)cc(C)nc12,CCCC(CCC)c1cc(C)nc2c(I)c(C)nn12,1,1,42.3,-78.0,batch_moderate,19,19,3,0,1,0,1,1,251.30299999999997,2.823740000000001,0,9,2,0,0,0,4,0,1,3,0,5,30.19,0,0,0
[Li]c1nc(N2CCOCC2)sc1-c1c(C)nn2c(C(CC)CC)cc(C)nc12,CCC(CC)c1cc(C)nc2c(-c3sc(N4CCOCC4)nc3Br)c(C)nn12,1,1,51.4,-78.0,batch_moderate,28,28,3,1,1,0,1,1,391.4700000000002,3.0036400000000016,1,14,3,0,0,0,8,0,1,5,1,5,55.55,0,0,0
[Li]c1ccc(OC)c2c1nc(-c1ccc(C(C)C)cc1)n2CCOC,COCCn1c(-c2ccc(C(C)C)cc2)nc2c(Br)ccc(OC)c21,1,1,31.8,-78.0,batch_moderate,25,25,3,0,1,0,1,1,330.35700000000014,3.275500000000002,0,15,3,0,0,0,5,0,1,2,2,6,36.28,0,0,0
[Li]c1cc(OC)c2c(c1)nc(-c1ccc(C(C)C)cc1)n2CCOC,COCCn1c(-c2ccc(C(C)C)cc2)nc2cc(Br)cc(OC)c21,1,1,11.9,-78.0,batch_unstable,25,25,3,0,1,0,1,1,330.35700000000014,3.275500000000002,0,15,3,0,0,0,5,0,1,2,2,6,36.28,0,0,0
[Li]c1ccnc(C2CC2)c1,Brc1ccnc(C2CC2)c1,2,0,41.75,-106.25,batch_moderate,10,10,3,0,1,0,1,1,125.09999999999998,0.7527999999999999,1,6,1,0,0,0,2,0,1,1,0,1,12.89,0,0,0
[Li]c1cc(OC)ccc1OCCCC,CCCCOc1ccc(OC)cc1Br,1,1,31.1,-78.0,batch_moderate,14,14,3,0,1,0,1,1,186.17999999999995,1.6679,0,6,1,0,0,0,3,0,1,0,2,5,18.46,0,0,0
[Li]c1cc(P(=O)(OCCCC)OCCCC)c(I)s1,CCCCOP(=O)(OCCCC)c1cc(I)sc1I,1,1,79.0,-78.0,batch_moderate,19,19,3,0,1,0,1,1,408.1669999999999,3.5983000000000027,0,5,1,0,0,1,7,1,1,0,3,9,35.53,0,0,0
[Li]c1ccc(-c2ccccc2)c2ccccc12,Brc1ccc(-c2ccccc2)c2ccccc12,1,0,57.5,-20.0,batch_moderate,17,17,3,0,1,0,1,1,210.20499999999998,3.300600000000002,0,16,3,0,0,0,1,0,1,0,0,1,0.0,0,0,0
[Li]c1ccc(-c2ccc(-c3ccc4ccccc4c3)cc2)cc1,Brc1ccc(-c2ccc(-c3ccc4ccccc4c3)cc2)cc1,1,1,68.8,-60.0,batch_moderate,23,23,3,0,1,0,1,1,286.303,4.967600000000004,0,22,4,0,0,0,1,0,1,0,0,2,0.0,0,0,0
[Li]c1ccc(-c2ccc3cc(-c4ccccc4)ccc3c2)cc1,Brc1ccc(-c2ccc3cc(-c4ccccc4)ccc3c2)cc1,1,1,63.0,-60.0,batch_moderate,23,23,3,0,1,0,1,1,286.303,4.967600000000004,0,22,4,0,0,0,1,0,1,0,0,2,0.0,0,0,0
[Li]c1cc(F)cc(Oc2ccc(C(F)(F)F)cn2)c1,Fc1cc(Br)cc(Oc2ccc(C(F)(F)F)cn2)c1,1,0,70.0,-20.0,batch_moderate,19,19,3,0,1,0,1,1,263.11899999999997,2.8256000000000014,0,12,2,0,4,4,7,0,1,1,1,2,22.12,0,0,0
[Li]c1cc(F)cc(C(=O)O)c1,O=C(O)c1cc(F)cc(Br)c1,1,0,94.0,-10.0,batch_stable,11,11,3,0,1,0,1,1,146.046,0.31770000000000004,0,6,1,0,1,1,4,0,1,0,2,1,37.3,0,1,0
[Li]c1ccc(OS(=O)(=O)c2ccc(C)cc2)cc1OCOC,COCOc1cc(OS(=O)(=O)c2ccc(C)cc2)ccc1Br,1,1,43.0,-78.0,batch_moderate,22,22,3,0,1,0,1,1,314.2880000000001,1.5392199999999998,0,12,2,0,0,0,7,0,1,0,5,6,61.83000000000001,0,0,0
[Li]c1ccc(NC(=O)OC(C)(C)C)cc1F,CC(C)(C)OC(=O)Nc1ccc(Br)c(F)c1,3,0,40.9,0.0,batch_moderate,16,16,3,0,1,0,1,1,217.16899999999998,1.9665000000000001,0,6,1,0,1,1,5,0,1,1,2,1,38.33,0,1,0
[Li]c1cc(F)cc(F)c1,Fc1cc(F)cc(Br)c1,2,2,21.0,-64.0,batch_unstable,9,9,3,0,1,0,1,1,120.02699999999999,0.7585999999999999,0,6,1,0,2,2,3,0,1,0,0,0,0.0,0,0,0
[Li]c1ccc(Cl)c(C(F)(F)F)c1,FC(F)(F)c1cc(Br)ccc1Cl,2,2,52.4,-78.0,batch_moderate,12,12,3,0,1,0,1,1,186.48899999999998,2.1526000000000005,0,6,1,0,3,4,5,0,1,0,0,0,0.0,0,0,0
[Li]Cc1c(Cl)cc(OCc2ccccc2)cc1Cl,Clc1cc(OCc2ccccc2)cc(Cl)c1CBr,1,1,64.8,-78.0,batch_moderate,18,18,2,0,0,1,0,1,273.08799999999997,4.240900000000002,0,12,2,0,0,2,4,0,1,0,1,4,9.23,0,0,0
[Li]c1ccc(-c2nc(-c3ccc(C(C)(C)C)cc3)nc(-c3ccc(C(C)(C)C)cc3)n2)cc1,CC(C)(C)c1ccc(-c2nc(-c3ccc(Br)cc3)nc(-c3ccc(C(C)(C)C)cc3)n2)cc1,6,6,67.43333333333334,-78.0,batch_moderate,33,33,3,0,1,0,1,1,427.5210000000002,6.261400000000006,0,24,4,0,0,0,4,0,1,3,0,3,38.67,0,0,0
[Li]c1ccc(-c2nc(-c3cccc(C)c3)nc(-c3cccc(C)c3)n2)cc1,Cc1cccc(-c2nc(-c3ccc(Br)cc3)nc(-c3cccc(C)c3)n2)c1,2,2,77.35,-78.0,batch_moderate,27,27,3,0,1,0,1,1,343.3590000000001,4.283240000000003,0,24,4,0,0,0,4,0,1,3,0,3,38.67,0,0,0
[Li]c1ccc(-c2nc(-c3ccc(-c4ccccc4)cc3)nc(-c3ccc(-c4ccccc4)cc3)n2)cc1,Brc1ccc(-c2nc(-c3ccc(-c4ccccc4)cc3)nc(-c3ccc(-c4ccccc4)cc3)n2)cc1,2,2,60.7,-78.0,batch_moderate,37,37,3,0,1,0,1,1,467.5010000000002,7.000400000000005,0,36,6,0,0,0,4,0,1,3,0,5,38.67,0,0,0
[Li]c1ccc(-c2ccc(-c3nc(-c4ccc(C(C)(C)C)cc4)nc(-c4ccc(C(C)(C)C)cc4)n3)cc2)cc1,CC(C)(C)c1ccc(-c2nc(-c3ccc(-c4ccc(Br)cc4)cc3)nc(-c3ccc(C(C)(C)C)cc3)n2)cc1,1,1,61.9,-78.0,batch_moderate,39,39,3,0,1,0,1,1,503.6190000000002,7.928400000000008,0,30,5,0,0,0,4,0,1,3,0,4,38.67,0,0,0
[Li]c1ccc(C(C)(C)N2CCCC2)cc1,CC(C)(c1ccc(Br)cc1)N1CCCC1,1,1,41.4,-78.0,batch_moderate,15,15,3,0,1,0,1,1,195.23499999999999,1.8113000000000001,1,6,1,0,0,0,2,0,1,1,0,2,3.24,0,0,0
[Li]c1cc(Br)cc(OCOC)c1,COCOc1cc(Br)cc(Br)c1,1,0,16.8,78.0,batch_unstable,12,12,3,0,1,0,1,1,222.99499999999998,1.2256,0,6,1,1,0,1,4,0,1,0,2,3,18.46,0,0,0
[Li]c1cc(-c2cc3ccccc3s2)c2nn(COCC[Si](C)(C)C)cc2c1,C[Si](C)(C)CCOCn1cc2cc(Br)cc(-c3cc4ccccc4s3)c2n1,1,1,31.4,-65.0,batch_moderate,27,27,3,0,1,0,1,1,386.52200000000016,5.024100000000004,0,18,4,0,0,0,6,0,1,2,1,6,27.05,0,0,0
[Li]c1ccc(S)cc1,Sc1ccc(Br)cc1,1,0,44.1,0.0,batch_moderate,8,8,3,0,1,0,1,1,116.11399999999999,0.7691000000000001,0,6,1,0,0,0,2,0,1,0,0,0,0.0,0,0,0
[Li]c1cc(C)nc(C)c1,Cc1cc(Br)cc(C)n1,2,2,99.7,-60.0,batch_stable,9,9,3,0,1,0,1,1,113.08899999999998,0.4922400000000001,0,6,1,0,0,0,2,0,1,1,0,0,12.89,0,0,0
[Li]c1ccc(Cn2c(C)c(CCCC(=O)OCC)c3cc(OC)ccc32)cc1,CCOC(=O)CCCc1c(C)n(Cc2ccc(Br)cc2)c2ccc(OC)cc12,1,1,58.6,-78.0,batch_moderate,28,28,3,0,1,0,1,1,371.40600000000006,3.6862200000000023,0,15,3,0,0,0,5,0,1,1,3,8,40.46,0,1,0
[Li]c1ccc(Cn2c(C)c(CCC(C)C(=O)OCC)c3cc(OC)ccc32)cc1,CCOC(=O)C(C)CCc1c(C)n(Cc2ccc(Br)cc2)c2ccc(OC)cc12,1,1,25.3,-78.0,batch_unstable,29,29,3,0,1,0,1,1,385.4330000000001,3.9322200000000027,0,15,3,0,0,0,5,0,1,1,3,8,40.46,0,1,0
[Li]c1nc(C2CCN(C(=O)OC(C)(C)C)CC2)n(CCOC2CCCCO2)c1Br,CC(C)(C)OC(=O)N1CCC(c2nc(Br)c(Br)n2CCOC2CCCCO2)CC1,2,2,69.7,-78.0,batch_moderate,29,29,3,1,1,0,1,1,464.33000000000027,3.097100000000001,2,5,1,1,0,1,9,0,1,3,4,5,65.82000000000001,0,1,0
[Li]c1sccc1CC,CCc1ccsc1Br,1,1,88.6,-75.0,batch_stable,8,8,3,0,1,0,1,1,118.12999999999998,1.1042999999999998,0,5,1,0,0,0,2,0,1,0,0,1,0.0,0,0,0
[Li]c1sc(C#N)cc1C,Cc1cc(C#N)sc1Br,1,1,51.2,-78.0,batch_moderate,9,9,3,0,1,0,1,1,129.11299999999997,0.722,0,5,1,0,0,0,3,0,1,1,0,0,23.79,0,0,1
[Li]c1cc(OC)c(OC)cc1CC(=O)Cl,COc1cc(Br)c(CC(=O)Cl)cc1OC,1,1,27.4,-75.0,batch_unstable,15,15,3,0,1,0,1,1,220.581,0.8054999999999999,0,6,1,0,0,1,5,0,1,0,3,4,35.53,0,0,0
[Li]c1cc(OC)c(OC(F)F)cc1CC(=O)Cl,COc1cc(Br)c(CC(=O)Cl)cc1OC(F)F,1,1,17.3,-78.0,batch_unstable,17,17,3,0,1,0,1,1,256.5609999999999,1.3983,0,6,1,0,2,3,7,0,1,0,3,5,35.53,0,0,0
[Li]c1c(C)cc(-c2cccc(C(F)(F)F)c2)cc1OC,COc1cc(-c2cccc(C(F)(F)F)c2)cc(C)c1I,1,0,48.0,0.0,batch_moderate,20,20,3,0,1,0,1,1,272.195,3.483220000000002,0,12,2,0,3,3,5,0,1,0,1,2,9.23,0,0,0
[Li]c1ccccc1C(F)F,FC(F)c1ccccc1Br,2,2,59.2,-78.0,batch_moderate,10,10,3,0,1,0,1,1,134.054,1.4180000000000001,0,6,1,0,2,2,3,0,1,0,0,1,0.0,0,0,0
[Li]c1ccc(CN2CCC[C@H]2C)c(Cl)c1,C[C@@H]1CCCN1Cc1ccc(Br)cc1Cl,2,2,63.0,-79.0,batch_moderate,15,15,3,0,1,0,1,1,215.65300000000002,2.1181,1,6,1,0,0,1,3,0,1,1,0,2,3.24,0,0,0
[Li]c1cc(F)c(CN2CCCC2)c(F)c1,Fc1cc(Br)cc(F)c1CN1CCCC1,2,2,26.3,-78.0,batch_unstable,15,15,3,0,1,0,1,1,203.16099999999997,1.3544,1,6,1,0,2,2,4,0,1,1,0,2,3.24,0,0,0
[Li]c1ccc(CN2CCCC2)c(F)c1,Fc1cc(Br)ccc1CN1CCCC1,2,2,63.6,-78.0,batch_moderate,14,14,3,0,1,0,1,1,185.171,1.2153,1,6,1,0,1,1,3,0,1,1,0,2,3.24,0,0,0
[Li]c1ccc(N(CC)CC)c(C(C)(C)C)c1,CCN(CC)c1ccc(Br)cc1C(C)(C)C,1,1,100.0,-78.0,batch_stable,16,16,3,0,1,0,1,1,211.278,2.624100000000001,0,6,1,0,0,0,2,0,1,1,0,3,3.24,0,0,0
[Li]c1ccc(SCCC)cc1,CCCSc1ccc(Br)cc1,1,1,90.9,-78.0,batch_stable,11,11,3,0,1,0,1,1,158.19500000000002,1.9825000000000002,0,6,1,0,0,0,2,0,1,0,0,3,0.0,0,0,0
[Li]c1c(-c2ccc(OC)cc2)sc2cc(OC)ccc12,COc1ccc(-c2sc3cc(OC)ccc3c2Br)cc1,2,2,69.0,-70.0,batch_moderate,20,20,3,0,1,0,1,1,276.286,3.3793000000000015,0,15,3,0,0,0,4,0,1,0,2,3,18.46,0,0,0
[Li]c1ccc(NC(=O)c2nc(C#N)c[nH]2)c(C2=CCCCC2)c1,N#Cc1c[nH]c(C(=O)Nc2ccc(Br)cc2C2=CCCCC2)n1,1,1,15.2,-78.0,batch_unstable,23,23,3,0,1,0,1,1,298.2750000000001,2.2848800000000002,1,11,2,0,0,0,6,0,1,4,1,3,81.57,0,0,1
[Li]c1cscc1C1OCCO1,Brc1cscc1C1OCCO1,1,1,95.0,-78.0,batch_stable,11,11,3,0,1,0,1,1,162.13899999999995,0.5872999999999999,1,5,1,0,0,0,4,0,1,0,2,1,18.46,0,0,0
[Li]c1cccc(C(C)=Nc2c(C)cc(C)cc2Cl)n1,CC(=Nc1c(C)cc(C)cc1Cl)c1cccc(Br)n1,1,1,47.0,-70.0,batch_moderate,19,19,3,1,1,0,1,1,264.685,3.286340000000002,0,12,2,0,0,1,4,0,1,2,0,2,25.25,0,0,0
[Li]c1ccc(OCCOc2c(Cl)cc(C)cc2Cl)nc1,Cc1cc(Cl)c(OCCOc2ccc(Br)cn2)c(Cl)c1,3,3,67.0,-78.0,batch_moderate,20,20,3,0,1,0,1,1,304.10200000000003,2.9484200000000014,0,12,2,0,0,2,6,0,1,1,2,5,31.35,0,0,0
[Li]C(Br)=Cc1c(-c2ccc(F)cc2)nc2ccccc2c1C(C)C,CC(C)c1c(C=C(Br)Br)c(-c2ccc(F)cc2)nc2ccccc12,3,3,72.9,-78.0,batch_moderate,24,24,3,1,1,0,0,1,376.19800000000015,6.026100000000004,0,16,3,1,1,2,4,0,1,1,0,3,12.89,0,0,0
[Li]C(Br)=Cc1c(C(C)C)nc2ccccc2c1-c1ccc(F)cc1,CC(C)c1nc2ccccc2c(-c2ccc(F)cc2)c1C=C(Br)Br,3,3,71.3,-78.0,batch_moderate,24,24,3,1,1,0,0,1,376.1980000000001,6.026100000000004,0,16,3,1,1,2,4,0,1,1,0,3,12.89,0,0,0
[Li]C(Br)=Cc1c(C(C)C)cc(-c2ccccc2)nc1-c1ccc(F)cc1,CC(C)c1cc(-c2ccccc2)nc(-c2ccc(F)cc2)c1C=C(Br)Br,3,3,88.5,-78.0,batch_stable,26,26,3,1,1,0,0,1,402.2360000000001,6.539900000000005,0,18,3,1,1,2,4,0,1,1,0,4,12.89,0,0,0
[Li]c1cc(F)c(F)c(F)c1,Fc1cc(Br)cc(F)c1F,1,1,84.0,-78.0,batch_stable,10,10,3,0,1,0,1,1,138.01700000000002,0.8977,0,6,1,0,3,3,4,0,1,0,0,0,0.0,0,0,0
[Li]c1cc(F)c(F)c(F)c1C(=O)O,O=C(O)c1c(Br)cc(F)c(F)c1F,1,1,63.6,-78.0,batch_moderate,13,13,3,0,1,0,1,1,182.026,0.5959000000000001,0,6,1,0,3,3,6,0,1,0,2,1,37.3,0,1,0
[Li]c1ccc2c(c1)C=CC(C)(C)O2,CC1(C)C=Cc2cc(Br)ccc2O1,2,2,20.0,-78.0,batch_unstable,13,13,3,0,1,0,1,1,166.14899999999997,1.6645999999999999,1,6,1,0,0,0,2,0,1,0,1,0,9.23,0,0,0
[Li]C[C@H]1CC[C@H](C#N)CC1,N#C[C@H]1CC[C@H](CI)CC1,2,2,85.0,-78.0,batch_stable,10,10,2,0,0,1,0,1,129.132,1.90318,1,0,0,0,0,0,2,0,1,1,0,1,23.79,0,0,1
[Li]c1c(F)cc2c(=O)c(C(=O)OCC)cn3c2c1OCC3C,CCOC(=O)c1cn2c3c(c(Br)c(F)cc3c1=O)OCC2C,1,1,46.0,-78.0,batch_moderate,22,22,3,0,1,0,1,1,297.211,1.0644999999999998,1,10,2,0,1,1,7,0,1,1,4,2,57.53,0,1,0
[Li]c1cocc1Br,Brc1cocc1Br,1,1,69.1,-70.0,batch_moderate,7,7,3,0,1,0,1,1,152.904,0.8359000000000001,0,5,1,1,0,1,3,0,1,0,1,0,13.14,0,0,0
[Li]c1ccc(OC)c2c1OC[C@H](N(Cc1ccccc1)Cc1ccccc1)C2,COc1ccc(Br)c2c1C[C@@H](N(Cc1ccccc1)Cc1ccccc1)CO2,1,1,40.1,-78.0,batch_moderate,28,28,3,0,1,0,1,1,365.4020000000001,3.494900000000003,1,18,3,0,0,0,4,0,1,1,2,6,21.700000000000003,0,0,0
[Li]c1ccc(/C=C/c2nc(-c3ccccc3)oc2C)cc1,Cc1oc(-c2ccccc2)nc1/C=C/c1ccc(Br)cc1,1,1,53.4,-70.0,batch_moderate,21,21,3,0,1,0,1,1,267.257,3.614220000000002,0,17,3,0,0,0,3,0,1,1,1,3,26.03,0,0,0
[Li]c1ccc(OCc2ccccc2)c(C2OCCO2)c1,Brc1ccc(OCc2ccccc2)c(C2OCCO2)c1,1,1,55.1,-60.0,batch_moderate,20,20,3,0,1,0,1,1,262.234,2.1048,1,12,2,0,0,0,4,0,1,0,3,4,27.69,0,0,0
[Li]c1ccc(Cn2nc(CC)sc2=NC(=O)C(F)(F)F)cc1,CCc1nn(Cc2ccc(I)cc2)c(=NC(=O)C(F)(F)F)s1,2,0,48.25,-5.0,batch_moderate,22,22,3,0,1,0,1,1,321.253,1.3386999999999996,0,11,2,0,3,3,9,0,1,3,1,3,47.25,0,0,0
[Li]c1cc(C)c(-n2nc(CC)c(CN3Cc4ccccc4C[C@@H]3COCC)c2CC)c(C)c1,CCOC[C@H]1Cc2ccccc2CN1Cc1c(CC)nn(-c2c(C)cc(Br)cc2C)c1CC,3,3,67.36666666666666,-78.0,batch_moderate,33,33,3,0,1,0,1,1,437.55700000000036,4.371140000000004,1,17,3,0,0,0,5,0,1,3,1,8,30.290000000000003,0,0,0
[Li]CCCn1c(C)ccc1C,Cc1ccc(C)n1CCCBr,1,0,80.4,-17.5,batch_stable,11,11,2,0,0,1,0,1,143.15899999999996,2.0818399999999997,0,5,1,0,0,0,2,0,1,1,0,3,4.93,0,0,0
[Li]c1ccc(-c2noc(C)n2)cc1,Cc1nc(-c2ccc(Br)cc2)no1,1,0,58.6,-100.0,batch_moderate,13,13,3,0,1,0,1,1,166.109,0.8388199999999999,0,11,2,0,0,0,4,0,1,2,1,1,38.92,0,0,0
[Li]c1ccc2c(c1)OC(C)O2,CC1Oc2ccc(Br)cc2O1,1,1,59.3,-70.0,batch_moderate,11,11,3,0,1,0,1,1,142.08299999999997,0.5975999999999999,1,6,1,0,0,0,3,0,1,0,2,0,18.46,0,0,0
[Li]C1=C(COC(c2ccccc2)(c2ccccc2)c2ccccc2)[C@H]2OC(C)(C)O[C@H]2[C@H]1O[Si](c1ccccc1)(c1ccccc1)C(C)(C)C,CC1(C)O[C@@H]2[C@H](O1)C(COC(c1ccccc1)(c1ccccc1)c1ccccc1)=C(I)[C@@H]2O[Si](c1ccccc1)(c1ccccc1)C(C)(C)C,1,1,36.0,-78.0,batch_moderate,50,50,3,0,1,0,0,1,672.8670000000002,7.896600000000008,2,30,5,0,0,0,6,0,1,0,4,10,36.92,0,0,0
[Li]c1cc(C(O[Si](C)(C)C(C)(C)C)C(F)(F)F)ccn1,CC(C)(C)[Si](C)(C)OC(c1ccnc(Br)c1)C(F)(F)F,1,1,71.6,-78.0,batch_moderate,20,20,3,1,1,0,1,1,297.322,3.500600000000002,0,6,1,0,3,3,7,0,1,1,1,3,22.12,0,0,0
[Li]c1ccc(C(OCC)OCC)cn1,CCOC(OCC)c1ccc(Br)nc1,1,1,32.2,-78.0,batch_moderate,14,14,3,1,1,0,1,1,187.16799999999998,0.9470000000000001,0,6,1,0,0,0,4,0,1,1,2,5,31.35,0,0,0
[Li]c1ncc(C(O[Si](C)(C)C(C)(C)C)C(F)(F)F)s1,CC(C)(C)[Si](C)(C)OC(c1cnc(Br)s1)C(F)(F)F,1,1,94.0,-78.0,batch_stable,19,19,3,1,1,0,1,1,303.35099999999994,3.5621000000000027,0,5,1,0,3,3,8,0,1,1,1,3,22.12,0,0,0
[Li]c1ccc(Cl)cc1CF,FCc1cc(Cl)ccc1Br,1,1,39.5,-75.0,batch_moderate,10,10,3,0,1,0,1,1,150.509,1.6033,0,6,1,0,1,2,3,0,1,0,0,1,0.0,0,0,0
[Li]c1ccc(C2CCC(=O)Nc3c2c(C)nn3C)c(C)c1,Cc1cc(Br)ccc1C1CCC(=O)Nc2c1c(C)nn2C,1,1,53.0,-78.0,batch_moderate,21,21,3,0,1,0,1,1,275.281,1.6949400000000001,1,11,2,0,0,0,5,0,1,3,1,1,46.92,0,0,0
[Li]c1ccc(C(CC=O)c2c(-c3ccccn3)nn(CC)c2NC(=O)OC(C)(C)C)cc1,CCn1nc(-c2ccccn2)c(C(CC=O)c2ccc(Br)cc2)c1NC(=O)OC(C)(C)C,1,0,82.1,0.0,batch_stable,32,32,3,0,1,0,1,1,426.44600000000025,3.8267000000000024,0,17,3,0,0,0,8,0,1,4,3,7,86.11,0,1,0
[Li]Cc1ccccc1OC,COc1ccccc1CBr,1,1,75.1,-70.0,batch_moderate,10,10,2,0,0,1,0,1,128.09999999999997,1.3637,0,6,1,0,0,0,2,0,1,0,1,2,9.23,0,0,0
[Li]c1ccc(OC)cc1-c1ccccc1,COc1ccc(Br)c(-c2ccccc2)c1,1,0,57.3,0.0,batch_moderate,15,15,3,0,1,0,1,1,190.17100000000002,2.1559999999999997,0,12,2,0,0,0,2,0,1,0,1,2,9.23,0,0,0
[Li]c1ccc2c(c1)c1ccccc1n2-c1cccc2c1sc1ccccc12,Brc1ccc2c(c1)c1ccccc1n2-c1cccc2c1sc1ccccc12,1,0,58.9,0.0,batch_moderate,27,27,3,0,1,0,1,1,355.3910000000001,5.945400000000003,0,26,6,0,0,0,3,0,1,1,0,1,4.93,0,0,0
[Li]c1ccc2sc3ccc(-n4c5ccccc5c5ccccc54)cc3c2c1,Brc1ccc2sc3ccc(-n4c5ccccc5c5ccccc54)cc3c2c1,1,0,69.7,0.0,batch_moderate,27,27,3,0,1,0,1,1,355.3910000000001,5.945400000000004,0,26,6,0,0,0,3,0,1,1,0,1,4.93,0,0,0
[Li]c1ccc(N(c2ccc(C)cc2)c2ccc(C)cc2)cc1,Cc1ccc(N(c2ccc(C)cc2)c2ccc(Br)cc2)cc1,1,1,56.0,-78.0,batch_moderate,22,22,3,0,1,0,1,1,279.312,4.567040000000004,0,18,3,0,0,0,2,0,1,1,0,3,3.24,0,0,0
[Li]c1c(C(C)C)cccc1C(C)C,CC(C)c1cccc(C(C)C)c1I,1,0,69.3,0.0,batch_moderate,13,13,3,0,1,0,1,1,168.20899999999997,2.7272000000000007,0,6,1,0,0,0,1,0,1,0,0,2,0.0,0,0,0
[Li]c1cnc(-c2ccc(OCCCCCCCC)cc2)c(F)c1,CCCCCCCCOc1ccc(-c2ncc(Br)cc2F)cc1,1,1,80.0,-70.0,batch_stable,23,23,3,0,1,0,1,1,307.3379999999999,4.420800000000004,0,12,2,0,1,1,4,0,1,1,1,9,22.12,0,0,0
[Li]c1c2c3c(cccc3n1[Si](C)(C)C(C)(C)C)[C@H]1C[C@H](NC(=O)N(CC)CC)CN(C)[C@@H]1C2,CCN(CC)C(=O)N[C@H]1C[C@@H]2c3cccc4c3c(c(Br)n4[Si](C)(C)C(C)(C)C)C[C@H]2N(C)C1,1,0,51.0,-90.0,batch_moderate,33,33,3,1,1,0,1,1,460.6680000000003,4.052200000000003,2,9,2,0,0,0,7,0,1,4,1,4,40.510000000000005,0,0,0
[Li]CC(C)C(OC1CCCCO1)C(C)CCC,CCCC(C)C(OC1CCCCO1)C(C)CI,1,0,87.2,1.0,batch_stable,17,17,2,0,0,1,0,1,234.30899999999994,3.5573000000000023,1,0,0,0,0,0,3,0,1,0,2,7,18.46,0,0,0
[Li]c1cc(COC2CCCCO2)ccc1COC1CCCCO1,Brc1cc(COC2CCCCO2)ccc1COC1CCCCO1,1,1,50.0,-78.0,batch_moderate,23,23,3,0,1,0,1,1,312.3350000000001,2.5668000000000006,2,6,1,0,0,0,5,0,1,0,4,6,36.92,0,0,0
[Li]c1cn([Si](C)(C)C(C)(C)C)c2ccc(O[Si](C)(C)C(C)(C)C)cc12,CC(C)(C)[Si](C)(C)Oc1ccc2c(c1)c(Br)cn2[Si](C)(C)C(C)(C)C,1,1,98.3,-78.0,batch_stable,25,25,3,0,1,0,1,1,367.61100000000016,5.672400000000006,0,9,2,0,0,0,5,0,1,1,1,3,14.16,0,0,0
[Li]c1ccc(CCC)cc1,CCCc1ccc(I)cc1,1,1,59.9,-80.0,batch_moderate,10,10,3,0,1,0,1,1,126.12799999999999,1.4329,0,6,1,0,0,0,1,0,1,0,0,2,0.0,0,0,0
[Li]c1ccc2c(c1)CC(CCCCCCCC)C2,CCCCCCCCC1Cc2ccc(Br)cc2C1,1,1,70.0,-70.0,batch_moderate,18,18,3,0,1,0,1,1,236.3279999999999,3.945800000000003,1,6,1,0,0,0,1,0,1,0,0,7,0.0,0,0,0
[Li]c1ccc(F)c(N(C(=O)OC(C)(C)C)C(=O)OC(C)(C)C)c1C,Cc1c(Br)ccc(F)c1N(C(=O)OC(C)(C)C)C(=O)OC(C)(C)C,1,1,85.2,-65.0,batch_stable,24,24,3,0,1,0,1,1,331.3130000000001,3.6045200000000026,0,6,1,0,1,1,7,0,1,1,4,1,55.84,0,1,0
[Li]c1cc(F)ccc1Cl,Fc1ccc(Cl)c(Br)c1,3,1,58.9,-75.0,batch_moderate,9,9,3,0,1,0,1,1,136.48199999999997,1.2729,0,6,1,0,1,2,3,0,1,0,0,0,0.0,0,0,0
[Li]c1cc(F)ccc1Br,Fc1ccc(Br)c(I)c1,2,0,35.0,-105.0,batch_moderate,9,9,3,0,1,0,1,1,180.933,1.382,0,6,1,1,1,2,3,0,1,0,0,0,0.0,0,0,0
[Li]c1cc(N(C)C)ccc1C,Cc1ccc(N(C)C)cc1I,2,0,4.0,-105.0,batch_unstable,11,11,3,0,1,0,1,1,141.14299999999997,0.8548200000000001,0,6,1,0,0,0,2,0,1,1,0,1,3.24,0,0,0
[Li]c1cc(C(F)(F)F)ccc1C,Cc1ccc(C(F)(F)F)cc1Br,2,0,66.0,-105.0,batch_moderate,12,12,3,0,1,0,1,1,166.071,1.80762,0,6,1,0,3,3,4,0,1,0,0,0,0.0,0,0,0
[Li]c1cc(F)cc(F)c1F,Fc1cc(F)c(F)c(Br)c1,2,0,83.0,-105.0,batch_stable,10,10,3,0,1,0,1,1,138.017,0.8977,0,6,1,0,3,3,4,0,1,0,0,0,0.0,0,0,0
[Li]c1cc(Cl)ccc1C,Cc1ccc(Cl)cc1I,3,1,68.9,-78.0,batch_moderate,9,9,3,0,1,0,1,1,132.51899999999998,1.44222,0,6,1,0,0,1,2,0,1,0,0,0,0.0,0,0,0
[Li]c1ccc(F)c(F)c1C,Cc1c(Br)ccc(F)c1F,2,0,71.0,-105.0,batch_moderate,10,10,3,0,1,0,1,1,134.054,1.06702,0,6,1,0,2,2,3,0,1,0,0,0,0.0,0,0,0
[Li]c1cc(F)cc(F)c1C,Cc1c(F)cc(F)cc1I,2,0,32.0,-105.0,batch_moderate,10,10,3,0,1,0,1,1,134.054,1.06702,0,6,1,0,2,2,3,0,1,0,0,0,0.0,0,0,0
[Li]c1c(F)c(F)cc(F)c1F,Fc1cc(F)c(F)c(Br)c1F,2,0,62.0,-105.0,batch_moderate,11,11,3,0,1,0,1,1,156.00699999999998,1.0368,0,6,1,0,4,4,5,0,1,0,0,0,0.0,0,0,0
[Li]c1cc(OC)ccc1OC,COc1ccc(OC)c(Br)c1,2,0,71.0,-105.0,batch_moderate,11,11,3,0,1,0,1,1,144.099,0.49759999999999993,0,6,1,0,0,0,3,0,1,0,2,2,18.46,0,0,0
[Li]c1cc(OC)ccc1C,COc1ccc(C)c(I)c1,2,0,18.0,-105.0,batch_unstable,10,10,3,0,1,0,1,1,128.09999999999997,0.79742,0,6,1,0,0,0,2,0,1,0,1,1,9.23,0,0,0
[Li]c1ccccc1CC,CCc1ccccc1Br,2,0,26.0,-105.0,batch_unstable,9,9,3,0,1,0,1,1,112.101,1.0428000000000002,0,6,1,0,0,0,1,0,1,0,0,1,0.0,0,0,0
[Li]c1ccc(F)cc1CO[Si](C(C)C)(C(C)C)C(C)C,CC(C)[Si](OCc1cc(F)ccc1Br)(C(C)C)C(C)C,1,0,58.0,23.0,batch_moderate,20,20,3,0,1,0,1,1,288.4080000000001,4.311600000000004,0,6,1,0,1,1,4,0,1,0,1,6,9.23,0,0,0
[Li]c1ccc2oc3ccccc3c2c1,Brc1ccc2oc3ccccc3c2c1,7,0,71.7,-40.0,batch_moderate,14,14,3,0,1,0,1,1,174.128,2.3798000000000004,0,13,3,0,0,0,2,0,1,0,1,0,13.14,0,0,0
[Li]c1cc(Br)n(C)n1,Cn1nc(Br)cc1Br,1,1,62.5,-78.0,batch_moderate,8,8,3,1,1,0,1,1,166.935,-0.023599999999999954,0,5,1,1,0,1,4,0,1,2,0,0,17.82,0,0,0
[Li]c1cnc(-c2ccc(F)cc2)cn1,Fc1ccc(-c2cnc(Br)cn2)cc1,3,3,27.100000000000005,-78.0,batch_unstable,14,14,3,1,1,0,1,1,180.111,1.0765,0,12,2,0,1,1,4,0,1,2,0,1,25.78,0,0,0
[Li]c1ccoc1CCO[Si](C)(C)C(C)(C)C,CC(C)(C)[Si](C)(C)OCCc1occc1Br,1,0,34.7,0.0,batch_moderate,16,16,3,0,1,0,1,1,232.325,2.6377000000000006,0,5,1,0,0,0,4,0,1,0,2,4,22.37,0,0,0
[Li]c1ccccc1-c1ccc(C)cc1,Cc1ccc(-c2ccccc2Br)cc1,1,1,60.1,-70.0,batch_moderate,14,14,3,0,1,0,1,1,174.172,2.455820000000001,0,12,2,0,0,0,1,0,1,0,0,1,0.0,0,0,0
[Li]c1cnc(-c2ccc(OCCCCCCCC)cc2)c(Cl)c1,CCCCCCCCOc1ccc(-c2ncc(Br)cc2Cl)cc1,1,0,58.2,0.0,batch_moderate,23,23,3,0,1,0,1,1,323.7929999999999,4.935100000000005,0,12,2,0,0,1,4,0,1,1,1,9,22.12,0,0,0
[Li]C/C(C)=C/Cc1c(OC)c(C)c2c(c1OCOCCOC)C(=O)OC2,COCCOCOc1c(C/C=C(\C)CBr)c(OC)c(C)c2c1C(=O)OC2,1,0,63.0,0.0,batch_moderate,26,26,2,0,0,1,0,1,356.3440000000001,2.748920000000001,1,6,1,0,0,0,7,0,1,0,6,10,63.22,0,1,0
[Li]C[C@@H]1CCCN1C(=O)OC(C)(C)C,CC(C)(C)OC(=O)N1CCC[C@H]1CI,1,1,31.5,-70.0,batch_moderate,14,14,2,0,0,1,0,1,191.2,1.9727,1,0,0,0,0,0,4,0,1,1,2,1,29.540000000000003,0,1,0
[Li]c1c(C)cc(F)nc1C,Cc1cc(F)nc(C)c1Br,1,1,73.0,-78.0,batch_moderate,10,10,3,0,1,0,1,1,131.079,0.63134,0,6,1,0,1,1,3,0,1,1,0,0,12.89,0,0,0
[Li]c1cnc(N)c(Br)c1C,Cc1c(Br)cnc(N)c1Br,1,1,70.7,-78.0,batch_moderate,10,10,3,0,1,0,1,1,192.97299999999998,0.5285200000000001,0,6,1,1,0,1,4,0,1,2,0,0,38.91,0,0,0
[Li]c1csc(Br)c1,Brc1csc(Br)c1,1,1,36.9,-78.0,batch_moderate,7,7,3,0,1,0,1,1,168.97199999999998,1.3044,0,5,1,1,0,1,3,0,1,0,0,0,0.0,0,0,0
[Li]c1cc(OCc2ccc(OC)cc2)cc(C(=O)c2ccc(C)nc2)c1,COc1ccc(COc2cc(Br)cc(C(=O)c3ccc(C)nc3)c2)cc1,1,1,90.0,-78.0,batch_stable,26,26,3,0,1,0,1,1,339.32000000000005,3.0024200000000016,0,18,3,0,0,0,5,0,1,1,3,6,48.42,0,0,0
[Li]c1cnc(Cl)c2nc(C)ccc12,Cc1ccc2c(I)cnc(Cl)c2n1,1,1,57.6,-75.0,batch_moderate,13,13,3,0,1,0,1,1,184.555,1.38542,0,10,2,0,0,1,4,0,1,2,0,0,25.78,0,0,0
[Li]c1ccc(OCC)cc1C(F)(F)F,CCOc1ccc(Br)c(C(F)(F)F)c1,1,1,89.1,-78.0,batch_stable,14,14,3,0,1,0,1,1,196.09699999999995,1.8979000000000001,0,6,1,0,3,3,5,0,1,0,1,2,9.23,0,0,0
[Li]c1ccc(NC(=O)C(C)(C)C)nc1,CC(C)(C)C(=O)Nc1ccc(Br)cn1,1,0,71.6,0.0,batch_moderate,14,14,3,0,1,0,1,1,184.168,0.8600000000000001,0,6,1,0,0,0,4,0,1,2,1,1,41.99,0,0,0
[Li]c1cccc2ccc(C)nc12,Cc1ccc2cccc(Br)c2n1,2,2,100.0,-70.0,batch_stable,12,12,3,0,1,0,1,1,149.12199999999999,1.3370199999999999,0,10,2,0,0,0,2,0,1,1,0,0,12.89,0,0,0
[Li]c1cc2c(cc1N(C)C)C(C)(C)CCC2(C)C,CN(C)c1cc2c(cc1Br)C(C)(C)CCC2(C)C,1,1,39.0,-78.0,batch_moderate,18,18,3,0,1,0,1,1,237.31599999999995,2.8954000000000013,1,6,1,0,0,0,2,0,1,1,0,1,3.24,0,0,0
[Li]c1ccc(SC)s1,CSc1ccc(Br)s1,1,0,73.0,0.0,batch_moderate,8,8,3,0,1,0,1,1,136.17000000000002,1.2638,0,5,1,0,0,0,3,0,1,0,0,1,0.0,0,0,0
[Li]c1cnc2c(c1)OCC(CO[Si](C)(C)C(C)(C)C)O2,CC(C)(C)[Si](C)(C)OCC1COc2cc(Br)cnc2O1,1,1,41.9,-78.0,batch_moderate,20,20,3,0,1,0,1,1,287.36099999999993,2.037,1,6,1,0,0,0,6,0,1,1,3,3,40.58,0,0,0
[Li]c1c(C)sc(C)c1Br,Cc1sc(C)c(Br)c1Br,1,1,64.0,-78.0,batch_moderate,9,9,3,0,1,0,1,1,197.02599999999998,1.92124,0,5,1,1,0,1,3,0,1,0,0,0,0.0,0,0,0
[Li]c1ccc2c(ccc3ccccc32)c1,Ic1ccc2c(ccc3ccccc32)c1,1,1,58.7,-60.0,batch_moderate,15,15,3,0,1,0,1,1,184.167,2.7868000000000004,0,14,3,0,0,0,1,0,1,0,0,0,0.0,0,0,0
[Li]c1ccc2ccccc2c1,Brc1ccc2ccccc2c1,3,3,37.833333333333336,-78.0,batch_moderate,11,11,3,0,1,0,1,1,134.10699999999997,1.6336,0,10,2,0,0,0,1,0,1,0,0,0,0.0,0,0,0
[Li]c1nc(C)c(CN2CCC3(C=Cc4ccccc43)CC2)s1,Cc1nc(Br)sc1CN1CCC2(C=Cc3ccccc32)CC1,1,0,85.0,-45.0,batch_stable,22,22,3,1,1,0,1,1,302.37200000000007,2.8059200000000013,2,11,2,0,0,0,4,0,1,2,0,2,16.130000000000003,0,0,0
[Li]c1ccc(Br)nc1OC,COc1nc(Br)ccc1I,1,0,78.0,-40.0,batch_moderate,10,10,3,0,1,0,1,1,193.957,0.6465,0,6,1,1,0,1,4,0,1,1,1,1,22.12,0,0,0
[Li]c1ccc(C(F)(F)F)c(C)c1,Cc1cc(Br)ccc1C(F)(F)F,1,1,62.0,-78.0,batch_moderate,12,12,3,0,1,0,1,1,166.07100000000003,1.80762,0,6,1,0,3,3,4,0,1,0,0,0,0.0,0,0,0
[Li]c1ccc(C#N)c(C)c1,Cc1cc(Br)ccc1C#N,1,1,67.0,-78.0,batch_moderate,10,10,3,0,1,0,1,1,123.08399999999999,0.6605,0,6,1,0,0,0,2,0,1,1,0,0,23.79,0,0,1
[Li]c1ccc2cc(C(=O)O)ccc2c1,O=C(O)c1ccc2cc(Br)ccc2c1,1,0,12.2,-100.0,batch_unstable,14,14,3,0,1,0,1,1,178.11599999999999,1.3318,0,10,2,0,0,0,3,0,1,0,2,1,37.3,0,1,0
[Li]c1cnn(C)c1,Cn1cc(I)cn1,1,0,30.0,0.0,batch_moderate,7,7,3,0,1,0,1,1,88.03899999999999,-0.7861000000000002,0,5,1,0,0,0,3,0,1,2,0,0,17.82,0,0,0
[Li]c1ncc(CO[Si](C)(C)C(C)(C)C)s1,CC(C)(C)[Si](C)(C)OCc1cnc(Br)s1,1,1,89.8,-70.0,batch_stable,15,15,3,1,1,0,1,1,235.35399999999998,2.4587000000000003,0,5,1,0,0,0,5,0,1,1,1,3,22.12,0,0,0
[Li]c1nc(-c2ccccc2)n(CC(=O)N2CCN(c3ncccn3)CC2)c1Br,O=C(Cn1c(-c2ccccc2)nc(Br)c1Br)N1CCN(c2ncccn2)CC1,1,1,17.1,-78.0,batch_unstable,28,28,3,1,1,0,1,1,433.23900000000003,1.2451999999999994,1,17,3,1,0,1,9,0,1,6,1,4,67.15,0,0,0
[Li]c1ccc(F)c(COC(=O)N2CCN(C(=O)OC(C)(C)C)C[C@H]2CC)c1,CC[C@@H]1CN(C(=O)OC(C)(C)C)CCN1C(=O)OCc1cc(I)ccc1F,1,1,43.0,-78.0,batch_moderate,27,27,3,0,1,0,1,1,372.36600000000016,2.5874000000000006,1,6,1,0,1,1,8,0,1,2,4,3,59.08,0,1,0
[Li]c1ccc(F)c(COC(=O)N2CCN(C(=O)OC(C)(C)C)C[C@H]2CC)c1F,CC[C@@H]1CN(C(=O)OC(C)(C)C)CCN1C(=O)OCc1c(F)ccc(Br)c1F,1,1,28.0,-78.0,batch_unstable,28,28,3,0,1,0,1,1,390.35600000000017,2.7265000000000015,1,6,1,0,2,2,9,0,1,2,4,3,59.08,0,1,0
[Li]c1ccc(NC(=O)OC(C)(C)C)c2ccccc12,CC(C)(C)OC(=O)Nc1ccc(Br)c2ccccc12,2,1,87.1,-78.0,batch_stable,19,19,3,0,1,0,1,1,249.239,2.9806000000000017,0,10,2,0,0,0,4,0,1,1,2,1,38.33,0,1,0
[Li]c1ccccc1-n1c2ccccc2c2ccccc21,Brc1ccccc1-n1c2ccccc2c2ccccc21,1,1,55.0,-78.0,batch_moderate,20,20,3,0,1,0,1,1,249.24200000000002,3.5775000000000023,0,19,4,0,0,0,2,0,1,1,0,1,4.93,0,0,0
[Li]c1c(COC)cc(OCOC)cc1OCOC,COCOc1cc(COC)c(Br)c(OCOC)c1,1,1,82.7,-78.0,batch_stable,18,18,3,0,1,0,1,1,248.20399999999995,0.5921999999999998,0,6,1,0,0,0,6,0,1,0,5,8,46.150000000000006,0,0,0
[Li]c1ccc(C=C(C)C)cn1,CC(C)=Cc1ccc(Br)nc1,2,0,83.0,-10.0,batch_stable,11,11,3,1,1,0,1,1,139.12699999999998,1.2986,0,6,1,0,0,0,2,0,1,1,0,1,12.89,0,0,0
[Li]c1cccc([Si](C)(C)C)c1,C[Si](C)(C)c1cccc(Br)c1,5,1,52.7,-78.0,batch_moderate,11,11,3,0,1,0,1,1,156.23,1.0255999999999998,0,6,1,0,0,0,2,0,1,0,0,1,0.0,0,0,0
[Li]c1ncc(C(O)(C(F)(F)F)C(F)(F)F)s1,OC(c1cnc(Br)s1)(C(F)(F)F)C(F)(F)F,1,1,59.1,-78.0,batch_moderate,16,16,3,1,1,0,1,1,257.08399999999995,1.2491,0,5,1,0,6,6,10,0,1,1,1,1,33.120000000000005,0,0,0
[Li]c1ccc(Oc2cnc(Nc3nc(C4CCN(C(=O)OC(C)(C)C)CC4)ns3)c(Sc3ccccc3Cl)c2)cc1,CC(C)(C)OC(=O)N1CCC(c2nsc(Nc3ncc(Oc4ccc(Br)cc4)cc3Sc3ccccc3Cl)n2)CC1,1,1,39.5,-78.0,batch_moderate,41,41,3,0,1,0,1,1,602.1110000000002,7.181900000000006,1,23,4,0,0,1,12,0,1,5,3,7,89.47,0,1,0
[Li]c1cnc(N(C(=O)OC(C)(C)C)C(C)C)s1,CC(C)N(C(=O)OC(C)(C)C)c1ncc(Br)s1,2,2,48.6,-78.0,batch_moderate,17,17,3,0,1,0,1,1,248.277,2.0868,0,5,1,0,0,0,6,0,1,2,2,2,42.43000000000001,0,1,0
[Li]c1c(O[Si](C(C)C)(C(C)C)C(C)C)ccc2ccccc12,CC(C)[Si](Oc1ccc2ccccc2c1Br)(C(C)C)C(C)C,1,1,52.7,-78.0,batch_moderate,22,22,3,0,1,0,1,1,306.451,5.187900000000004,0,10,2,0,0,0,3,0,1,0,1,5,9.23,0,0,0
[Li]c1cc(-c2noc3cc(OC)ccc23)c(OC)cc1OC,COc1ccc2c(-c3cc(Br)c(OC)cc3OC)noc2c1,1,1,80.6,-78.0,batch_stable,22,22,3,0,1,0,1,1,291.232,2.3144,0,15,3,0,0,0,6,0,1,1,4,4,53.72000000000001,0,0,0
[Li]c1ccc(N2[Si](C)(C)CC[Si]2(C)C)nc1,C[Si]1(C)CC[Si](C)(C)N1c1ccc(Br)cn1,1,1,62.8,-78.0,batch_moderate,16,16,3,0,1,0,1,1,242.39999999999998,2.1056,1,6,1,0,0,0,5,0,1,2,0,1,16.130000000000003,0,0,0
[Li]c1cc(C)c(NC(=O)OCC)c(C)c1,CCOC(=O)Nc1c(C)cc(Br)cc1C,1,1,73.0,-78.0,batch_moderate,15,15,3,0,1,0,1,1,199.17899999999997,1.66564,0,6,1,0,0,0,4,0,1,1,2,2,38.33,0,1,0
[Li]c1ccc(OC(C)C)c(F)c1,CC(C)Oc1ccc(Br)cc1F,1,1,70.0,-78.0,batch_moderate,12,12,3,0,1,0,1,1,160.117,1.4067,0,6,1,0,1,1,3,0,1,0,1,2,9.23,0,0,0
[Li]CCCc1ccco1,BrCCCc1ccco1,1,0,82.7,25.0,batch_stable,9,9,2,0,0,1,0,1,116.08899999999997,1.799,0,5,1,0,0,0,2,0,1,0,1,3,13.14,0,0,0
[Li]c1ccc(CCN(Cc2ccccc2)C[C@H](O[Si](C)(C)C(C)(C)C)c2cccc(Cl)c2)cc1,CC(C)(C)[Si](C)(C)O[C@@H](CN(CCc1ccc(Br)cc1)Cc1ccccc1)c1cccc(Cl)c1,2,2,40.9,-70.0,batch_moderate,34,34,3,0,1,0,1,1,486.1010000000002,6.941600000000008,0,18,3,0,0,1,5,0,1,1,1,10,12.47,0,0,0
[Li]c1ccc(CCN(C[C@H](O[Si](C)(C)C(C)(C)C)c2cccc(Cl)c2)C(=O)OC(C)(C)C)cc1,CC(C)(C)OC(=O)N(CCc1ccc(Br)cc1)C[C@H](O[Si](C)(C)C(C)(C)C)c1cccc(Cl)c1,2,2,63.4,-70.0,batch_moderate,34,34,3,0,1,0,1,1,496.09300000000025,6.676500000000008,0,12,2,0,0,1,7,0,1,1,3,8,38.769999999999996,0,1,0
[Li]c1ccc(OC)cc1Cl,COc1ccc(Br)c(Cl)c1,1,1,79.4,-85.0,batch_moderate,10,10,3,0,1,0,1,1,148.51799999999997,1.1424,0,6,1,0,0,1,3,0,1,0,1,1,9.23,0,0,0
[Li]c1ccc(CO[Si](c2ccccc2)(c2ccccc2)C(C)(C)C)c(Cl)c1,CC(C)(C)[Si](OCc1ccc(Br)cc1Cl)(c1ccccc1)c1ccccc1,1,0,42.4,10.0,batch_moderate,27,27,3,0,1,0,1,1,386.9240000000002,4.2104000000000035,0,18,3,0,0,1,4,0,1,0,1,5,9.23,0,0,0
[Li]c1cnc(Cl)cc1-c1ccccc1Cl,Clc1cc(-c2ccccc2Cl)c(Br)cn1,1,1,84.9,-78.0,batch_stable,15,15,3,0,1,0,1,1,230.023,2.8492000000000015,0,12,2,0,0,2,4,0,1,1,0,1,12.89,0,0,0
[Li]c1cc2c(cc1C1OCCO1)C(C)(C)CCC2(C)C,CC1(C)CCC(C)(C)c2cc(C3OCCO3)c(Br)cc21,1,1,67.0,-78.0,batch_moderate,20,20,3,0,1,0,1,1,266.30999999999995,2.8748000000000014,2,6,1,0,0,0,3,0,1,0,2,1,18.46,0,0,0
[Li]c1cc(C(=O)NS(C)(=O)=O)c(F)cc1OCC12CC3CC(CC(C3)C1)C2,CS(=O)(=O)NC(=O)c1cc(Br)c(OCC23CC4CC(CC(C4)C2)C3)cc1F,1,1,23.8,-78.0,batch_unstable,27,27,3,0,1,0,1,1,387.4020000000002,1.9040999999999997,4,6,1,0,1,1,8,0,1,1,4,5,72.47,0,0,0
[Li]c1ccc([C@H](C)NC(=O)OC(C)(C)C)cc1F,C[C@H](NC(=O)OC(C)(C)C)c1ccc(Br)c(F)c1,1,1,26.2,-78.0,batch_unstable,18,18,3,0,1,0,1,1,245.22299999999996,2.2052000000000005,0,6,1,0,1,1,5,0,1,1,2,2,38.33,0,1,0
[Li]c1ccc(C(F)F)cc1F,Fc1cc(C(F)F)ccc1Br,1,1,67.7,-78.0,batch_moderate,11,11,3,0,1,0,1,1,152.04399999999998,1.5571000000000002,0,6,1,0,3,3,4,0,1,0,0,1,0.0,0,0,0
[Li]c1cc(OC)c(OC)cc1C1OCCO1,COc1cc(Br)c(C2OCCO2)cc1OC,1,1,30.0,-78.0,batch_moderate,16,16,3,0,1,0,1,1,216.16199999999998,0.5429999999999999,1,6,1,0,0,0,5,0,1,0,4,3,36.92,0,0,0
[Li]c1ccc(CNC(=O)OC(C)(C)C)nc1,CC(C)(C)OC(=O)NCc1ccc(Br)cn1,1,1,11.3,-78.0,batch_unstable,16,16,3,0,1,0,1,1,214.194,0.9000999999999997,0,6,1,0,0,0,5,0,1,2,2,2,51.22,0,1,0
[Li]c1cnc(Cl)c2ccc(OC)cc12,COc1ccc2c(Cl)ncc(Br)c2c1,1,0,67.6,-40.0,batch_moderate,14,14,3,0,1,0,1,1,199.56599999999997,1.6906,0,10,2,0,0,1,4,0,1,1,1,1,22.12,0,0,0
[Li]c1c(OC)cc(C)c2c1c1ccsc1c(=O)n2COCC[Si](C)(C)C,COc1cc(C)c2c(c1Br)c1ccsc1c(=O)n2COCC[Si](C)(C)C,1,0,55.5,0.0,batch_moderate,26,26,3,0,1,0,1,1,381.4990000000002,3.639320000000003,0,13,3,0,0,0,7,0,1,1,3,6,40.46,0,0,0
[Li]c1c(Cl)cnc2c1ccn2[Si](C(C)C)(C(C)C)C(C)C,CC(C)[Si](C(C)C)(C(C)C)n1ccc2c(I)c(Cl)cnc21,2,2,72.2,-78.0,batch_moderate,21,21,3,0,1,0,1,1,314.8620000000001,4.507100000000004,0,9,2,0,0,1,5,0,1,2,0,4,17.82,0,0,0
[Li]c1cccc(Oc2ccccc2)c1,Brc1cccc(Oc2ccccc2)c1,1,1,57.2,-78.0,batch_moderate,14,14,3,0,1,0,1,1,176.144,2.2727000000000004,0,12,2,0,0,0,2,0,1,0,1,2,9.23,0,0,0
[Li]c1ccc2oc3c(F)cc(OC)cc3c(=O)c2c1,COc1cc(F)c2oc3ccc(Br)cc3c(=O)c2c1,1,0,45.7,-40.0,batch_moderate,19,19,3,0,1,0,1,1,250.154,1.8877,0,14,3,0,1,1,5,0,1,0,3,1,39.44,0,0,0
[Li]c1ccc(-c2ccccc2C#N)cc1,N#Cc1ccccc1-c1ccc(Br)cc1,2,1,26.0,-73.0,batch_unstable,15,15,3,0,1,0,1,1,185.15499999999997,2.0190799999999998,0,12,2,0,0,0,2,0,1,1,0,1,23.79,0,0,1
[Li]c1ccc(-c2nnco2)cc1,Brc1ccc(-c2nnco2)cc1,4,1,82.0,-65.0,batch_stable,12,12,3,0,1,0,1,1,152.08200000000002,0.5304,0,11,2,0,0,0,4,0,1,2,1,1,38.92,0,0,0
[Li]c1ccc(Br)c(C(=O)O)c1,O=C(O)c1cc(Br)ccc1Br,2,2,19.7,-78.0,batch_unstable,11,11,3,0,1,0,1,1,206.952,0.9411,0,6,1,1,0,1,4,0,1,0,2,1,37.3,0,1,0
[Li]C1=C(C)CCC1(C)OC,COC1(C)CCC(C)=C1Br,2,0,65.5,-30.0,batch_moderate,10,10,3,0,1,0,0,1,132.132,1.6278,1,0,0,0,0,0,2,0,1,0,1,1,9.23,0,0,0
[Li]c1cc(OC)ccc1N,COc1ccc(N)c(Br)c1,2,2,78.45,-78.0,batch_moderate,10,10,3,0,1,0,1,1,129.088,0.07120000000000004,0,6,1,0,0,0,3,0,1,1,1,1,35.25,0,0,0
[Li]c1ccccc1OC1CCCCO1,Brc1ccccc1OC1CCCCO1,2,0,42.7,-40.0,batch_moderate,14,14,3,0,1,0,1,1,184.16399999999996,1.3858,1,6,1,0,0,0,3,0,1,0,2,2,18.46,0,0,0
[Li]c1ccc(CO[Si](C)(C)C(C)(C)C)c(OC)c1,COc1cc(Br)ccc1CO[Si](C)(C)C(C)(C)C,1,1,56.0,-78.0,batch_moderate,18,18,3,0,1,0,1,1,258.36299999999994,3.0108000000000015,0,6,1,0,0,0,4,0,1,0,2,4,18.46,0,0,0
[Li]c1ccc2c(c1)CC[C@H]1N(C)C(=O)CC[C@]21C,CN1C(=O)CC[C@]2(C)c3ccc(Br)cc3CC[C@@H]12,1,1,66.0,-70.0,batch_moderate,18,18,3,0,1,0,1,1,235.25599999999994,1.3051,2,6,1,0,0,0,3,0,1,1,1,0,20.310000000000002,0,0,0
[Li]c1cc(-c2c3ccccc3c(Br)c3sc4ccccc4c23)cc(Br)c1O[C@H](C)C(=O)OC(C)(C)C,C[C@@H](Oc1c(Br)cc(-c2c3ccccc3c(Br)c3sc4ccccc4c23)cc1Br)C(=O)OC(C)(C)C,1,1,23.1,-74.0,batch_unstable,36,36,3,0,1,0,1,1,618.316,8.302500000000004,0,23,5,2,0,2,7,0,1,0,3,4,35.53,0,1,0
[Li]c1nc(Br)c(Br)n1COCC[Si](C)(C)C,C[Si](C)(C)CCOCn1c(Br)nc(Br)c1Br,1,1,22.0,-78.0,batch_unstable,16,16,3,2,1,0,1,1,362.0670000000002,2.5142000000000007,0,5,1,2,0,2,7,0,1,2,1,5,27.05,0,0,0
[Li]c1cnc(N)cn1,Nc1cnc(Br)cn1,1,1,55.8,-78.0,batch_moderate,8,8,3,1,1,0,1,1,101.038,-1.1474000000000002,0,6,1,0,0,0,4,0,1,3,0,0,51.8,0,0,0
[Li]c1ccc2[nH]nc(CC)c2c1,CCc1n[nH]c2ccc(Br)cc12,1,1,47.0,-78.0,batch_moderate,12,12,3,0,1,0,1,1,152.126,0.9191,0,9,2,0,0,0,3,0,1,2,0,1,28.68,0,0,0
[Li]c1cccc(OCOC)c1,COCOc1cccc(Br)c1,2,2,59.0,-78.0,batch_moderate,11,11,3,0,1,0,1,1,144.09900000000002,0.46309999999999996,0,6,1,0,0,0,3,0,1,0,2,3,18.46,0,0,0
[Li]c1nc(C2COC(C)(C)O2)cs1,CC1(C)OCC(c2csc(Br)n2)O1,1,1,42.5,-70.0,batch_moderate,13,13,3,1,1,0,1,1,191.18099999999998,0.7608999999999998,1,5,1,0,0,0,5,0,1,1,2,1,31.35,0,0,0
[Li]c1ccc(C(COC)OC2CCCCO2)cn1,COCC(OC1CCCCO1)c1ccc(Br)nc1,1,0,64.0,-20.0,batch_moderate,18,18,3,1,1,0,1,1,243.23199999999994,1.1060999999999999,1,6,1,0,0,0,5,0,1,1,3,5,40.58,0,0,0
[Li]c1ccc(C(=O)OCC)cc1,CCOC(=O)c1ccc(I)cc1,1,1,70.7,-78.0,batch_moderate,12,12,3,0,1,0,1,1,156.10999999999999,0.6571,0,6,1,0,0,0,3,0,1,0,2,2,26.3,0,1,0
[Li]c1cc(C(C)C)cc(C(C)C)c1OCCC,CCCOc1c(Br)cc(C(C)C)cc1C(C)C,1,1,23.2,-78.0,batch_unstable,17,17,3,0,1,0,1,1,226.28899999999993,3.5160000000000027,0,6,1,0,0,0,2,0,1,0,1,5,9.23,0,0,0
[Li]c1ccc(N([Si](C)(C)C)[Si](C)(C)C)cc1,C[Si](C)(C)N(c1ccc(Br)cc1)[Si](C)(C)C,2,2,51.0,-78.0,batch_moderate,16,16,3,0,1,0,1,1,243.42799999999997,2.9566000000000017,0,6,1,0,0,0,4,0,1,1,0,3,3.24,0,0,0
[Li]c1cc2ccc3ccccc3c2c2ccccc12,Brc1cc2ccc3ccccc3c2c2ccccc12,3,0,60.0,-40.0,batch_moderate,19,19,3,0,1,0,1,1,234.22699999999998,3.940000000000002,0,18,4,0,0,0,1,0,1,0,0,0,0.0,0,0,0
[Li]c1ccc(-c2ccc3c(ccc4ccc5ccccc5c43)c2)cc1,Brc1ccc(-c2ccc3c(ccc4ccc5ccccc5c43)c2)cc1,1,0,60.0,-40.0,batch_moderate,25,25,3,0,1,0,1,1,310.32500000000005,5.607000000000004,0,24,5,0,0,0,1,0,1,0,0,1,0.0,0,0,0
[Li]c1ccc2c(-c3ccccc3)c(-c3ccccc3)oc2c1,Brc1ccc2c(-c3ccccc3)c(-c3ccccc3)oc2c1,1,0,60.0,-40.0,batch_moderate,22,22,3,0,1,0,1,1,276.264,4.560600000000003,0,21,4,0,0,0,2,0,1,0,1,2,13.14,0,0,0
[Li]c1csc(Oc2cccc(C)n2)n1,Cc1cccc(Oc2nc(Br)cs2)n1,1,1,29.2,-78.0,batch_unstable,14,14,3,1,1,0,1,1,198.176,1.4326199999999998,0,11,2,0,0,0,5,0,1,2,1,2,35.010000000000005,0,0,0
[Li]c1cc2c3c(c1)CCN3CCC2,Brc1cc2c3c(c1)CCN3CCC2,1,1,85.6,-78.0,batch_stable,13,13,3,0,1,0,1,1,165.16499999999996,0.7891,2,6,1,0,0,0,2,0,1,1,0,0,3.24,0,0,0
[Li]c1ccc2ccc(-c3ccccc3)nc2c1,Brc1ccc2ccc(-c3ccccc3)nc2c1,1,1,67.0,-50.0,batch_moderate,17,17,3,0,1,0,1,1,211.193,2.6956000000000007,0,16,3,0,0,0,2,0,1,1,0,1,12.89,0,0,0
[Li]c1cc(Cl)c(N)cc1OC,COc1cc(N)c(Cl)cc1Br,1,0,78.3,0.0,batch_moderate,11,11,3,0,1,0,1,1,163.533,0.7246,0,6,1,0,0,1,4,0,1,1,1,1,35.25,0,0,0
[Li]c1cnccc1C(OCC)OCC,CCOC(OCC)c1ccncc1Br,1,1,78.7,-78.0,batch_moderate,14,14,3,0,1,0,1,1,187.16799999999995,0.947,0,6,1,0,0,0,4,0,1,1,2,5,31.35,0,0,0
[Li]c1cccc(N2CCC(C)(C)C2)c1,CC1(C)CCN(c2cccc(Br)c2)C1,1,1,75.4,-78.0,batch_moderate,14,14,3,0,1,0,1,1,181.208,1.7167000000000001,1,6,1,0,0,0,2,0,1,1,0,1,3.24,0,0,0
[Li]c1cccc(N2CC3CC3C2)c1,Brc1cccc(N2CC3CC3C2)c1,1,1,80.6,-78.0,batch_stable,13,13,3,0,1,0,1,1,165.16500000000002,0.9365,2,6,1,0,0,0,2,0,1,1,0,1,3.24,0,0,0
[Li]c1cc(C(C)(C)C)ccn1,CC(C)(C)c1ccnc(Br)c1,1,1,49.5,-76.0,batch_moderate,11,11,3,1,1,0,1,1,141.14299999999997,1.1729,0,6,1,0,0,0,2,0,1,1,0,0,12.89,0,0,0
[Li]C1(OC)CCc2ccccc2O1,COC1(Br)CCc2ccccc2O1,2,2,51.0,-50.0,batch_moderate,13,13,4,2,0,1,0,1,170.137,1.4803,1,6,1,0,0,0,3,0,1,0,2,1,18.46,0,0,0
[Li]c1ccc(N(c2ccc(-c3ccccc3)cc2)c2ccc(-c3ccccc3)cc2)cc1,Brc1ccc(N(c2ccc(-c3ccccc3)cc2)c2ccc(-c3ccccc3)cc2)cc1,1,1,32.7,-78.0,batch_moderate,32,32,3,0,1,0,1,1,403.4540000000001,7.284200000000006,0,30,5,0,0,0,2,0,1,1,0,5,3.24,0,0,0
[Li]c1cc(Br)c(F)cc1F,Fc1cc(F)c(Br)cc1Br,2,2,60.55,-78.0,batch_moderate,10,10,3,0,1,0,1,1,198.92299999999997,1.5211000000000001,0,6,1,1,2,3,4,0,1,0,0,0,0.0,0,0,0
[Li]c1cc(C)c(OC(C)C)cc1C,Cc1cc(OC(C)C)c(C)cc1I,2,0,10.0,0.0,batch_unstable,13,13,3,0,1,0,1,1,170.18099999999995,1.88444,0,6,1,0,0,0,2,0,1,0,1,2,9.23,0,0,0
[Li]c1cc(OC)cc2cc[nH]c12,COc1cc(Br)c2[nH]ccc2c1,1,1,59.1,-78.0,batch_moderate,12,12,3,0,1,0,1,1,153.10999999999999,0.9702999999999999,0,9,2,0,0,0,3,0,1,1,1,1,25.02,0,0,0
[Li]c1ccc(C#Cc2ccccc2)cc1,Brc1ccc(C#Cc2ccccc2)cc1,1,1,65.5,-78.0,batch_moderate,15,15,3,0,1,0,1,1,184.167,1.8802,0,12,2,0,0,0,1,0,1,0,0,0,0.0,0,0,0
[Li]c1ccc(Cl)c(OC)c1F,COc1c(Cl)ccc(Br)c1F,3,3,61.0,-78.0,batch_moderate,11,11,3,0,1,0,1,1,166.50799999999998,1.2814999999999999,0,6,1,0,1,2,4,0,1,0,1,1,9.23,0,0,0
[Li]c1ccc(Cl)c(Cc2ccc(OCC(F)F)cc2)c1,FC(F)COc1ccc(Cc2cc(Br)ccc2Cl)cc1,1,1,14.4,-78.0,batch_unstable,20,20,3,0,1,0,1,1,288.65,3.368500000000002,0,12,2,0,2,3,5,0,1,0,1,5,9.23,0,0,0
[Li]c1ccccc1SC1CCC1,Brc1ccccc1SC1CCC1,1,1,47.9,-78.0,batch_moderate,12,12,3,0,1,0,1,1,170.20599999999996,2.125,1,6,1,0,0,0,2,0,1,0,0,2,0.0,0,0,0
[Li]c1cc(CC)c(OC)nc1C,CCc1cc(Br)c(C)nc1OC,1,1,56.2,-50.0,batch_moderate,12,12,3,0,1,0,1,1,157.14199999999997,0.75482,0,6,1,0,0,0,3,0,1,1,1,2,22.12,0,0,0
[Li]CCCc1ccc(F)cc1,Fc1ccc(CCCBr)cc1,2,2,94.0,-55.0,batch_stable,11,11,2,0,0,1,0,1,144.118,2.3451000000000004,0,6,1,0,1,1,2,0,1,0,0,3,0.0,0,0,0
[Li]c1ccc2ncnc(Nc3ccc(OCc4ccccc4)cc3)c2c1,Ic1ccc2ncnc(Nc3ccc(OCc4ccccc4)cc3)c2c1,2,0,22.3,20.0,batch_unstable,26,26,3,0,1,0,1,1,333.32000000000005,3.7462000000000018,0,22,4,0,0,0,5,0,1,3,1,5,47.040000000000006,0,0,0
[Li]c1ccc2c3c(c(=O)[nH]c2c1)CCC3,O=c1[nH]c2cc(Br)ccc2c2c1CCC2,1,0,86.6,0.0,batch_stable,15,15,3,0,1,0,1,1,191.15899999999996,0.8106,1,10,2,0,0,0,3,0,1,1,1,0,32.86,0,0,0
[Li]c1cccc(C=O)c1C,Cc1c(Br)cccc1C=O,1,1,82.3,-78.0,batch_stable,10,10,3,0,1,0,1,1,126.08399999999999,0.6013200000000001,0,6,1,0,0,0,2,0,1,0,1,1,17.07,0,0,0
[Li]c1cccc(Br)c1CC,CCc1c(Br)cccc1Br,1,1,71.5,-78.0,batch_moderate,10,10,3,0,1,0,1,1,190.99699999999999,1.8053,0,6,1,1,0,1,2,0,1,0,0,1,0.0,0,0,0
[Li]c1ccc2c(c1F)OCCO2,Fc1c(Br)ccc2c1OCCO2,1,1,21.9,-78.0,batch_unstable,12,12,3,0,1,0,1,1,160.07299999999998,0.39069999999999994,1,6,1,0,1,1,4,0,1,0,2,0,18.46,0,0,0
[Li]c1cc(C(C)C)c(OCOC)cc1OCOC,COCOc1cc(OCOC)c(C(C)C)cc1Br,1,1,62.0,-60.0,batch_moderate,18,18,3,0,1,0,1,1,246.23199999999994,1.5692,0,6,1,0,0,0,5,0,1,0,4,7,36.92,0,0,0
[Li]c1ccnc(OC)c1,COc1cc(Br)ccn1,1,1,77.4,-78.0,batch_moderate,9,9,3,0,1,0,1,1,115.06099999999998,-0.11599999999999999,0,6,1,0,0,0,3,0,1,1,1,1,22.12,0,0,0
[Li]c1sc(S(=O)(=O)N2CCC(O)CC2)cc1-c1sc(NC(C)=O)nc1C,CC(=O)Nc1nc(C)c(-c2cc(S(=O)(=O)N3CCC(O)CC3)sc2Br)s1,1,1,32.0,-70.0,batch_moderate,26,26,3,0,1,0,1,1,407.46800000000013,1.0776199999999996,1,10,2,0,0,0,11,0,1,3,4,4,99.60000000000001,0,0,0
[Li]c1sc(S(=O)(=O)Nc2nnn[nH]2)cc1-c1sc(NC(C)=O)nc1C,CC(=O)Nc1nc(C)c(-c2cc(S(=O)(=O)Nc3nnn[nH]3)sc2Br)s1,1,1,6.0,-70.0,batch_unstable,25,25,3,0,1,0,1,1,391.3890000000002,0.24611999999999928,0,15,3,0,0,0,14,0,1,7,3,5,142.62,0,0,0
[Li]c1ccc2nc(NCc3ccccc3OC)ccc2c1,COc1ccccc1CNc1ccc2cc(Br)ccc2n1,1,0,40.0,-10.0,batch_moderate,21,21,3,0,1,0,1,1,270.261,2.649300000000001,0,16,3,0,0,0,4,0,1,2,1,4,34.150000000000006,0,0,0
[Li]c1ccc2[nH]nc(C)c2c1,Cc1n[nH]c2ccc(Br)cc12,2,2,70.3,-78.0,batch_moderate,11,11,3,0,1,0,1,1,138.09900000000002,0.6651199999999999,0,9,2,0,0,0,3,0,1,2,0,0,28.68,0,0,0
[Li]c1ccc(C)c(Cl)c1,Cc1ccc(Br)cc1Cl,2,2,80.0,-78.0,batch_stable,9,9,3,0,1,0,1,1,132.519,1.44222,0,6,1,0,0,1,2,0,1,0,0,0,0.0,0,0,0
[Li]c1ccc(C)c(C(F)(F)F)c1,Cc1ccc(Br)cc1C(F)(F)F,3,3,86.0,-78.0,batch_stable,12,12,3,0,1,0,1,1,166.071,1.80762,0,6,1,0,3,3,4,0,1,0,0,0,0.0,0,0,0
[Li]c1c(C)nn(C)c1C(F)(F)F,Cc1nn(C)c(C(F)(F)F)c1I,1,1,74.0,-70.0,batch_moderate,12,12,3,0,1,0,1,1,170.06299999999996,0.54112,0,5,1,0,3,3,6,0,1,2,0,0,17.82,0,0,0
[Li]c1cncnc1SC,CSc1ncncc1Br,1,0,39.7,-25.0,batch_moderate,9,9,3,0,1,0,1,1,132.117,-0.007699999999999929,0,6,1,0,0,0,4,0,1,2,0,1,25.78,0,0,0
[Li]c1cnc(CC(C)C)s1,CC(C)Cc1ncc(Br)s1,2,2,17.8,-78.0,batch_unstable,10,10,3,0,1,0,1,1,147.17199999999997,1.1354,0,5,1,0,0,0,3,0,1,1,0,2,12.89,0,0,0
[Li]c1ccc(C(C)NC(=O)OC(C)(C)C)cc1,CC(NC(=O)OC(C)(C)C)c1ccc(Br)cc1,1,1,45.9,-78.0,batch_moderate,17,17,3,0,1,0,1,1,227.23299999999998,2.0661,0,6,1,0,0,0,4,0,1,1,2,2,38.33,0,1,0
[Li]C1C=CCCC1,BrC1C=CCCC1,1,1,46.9,-78.0,batch_moderate,7,7,3,0,0,1,0,1,88.07900000000001,1.6835,1,0,0,0,0,0,1,0,1,0,0,0,0.0,0,0,0
[Li]c1ccc(S(=O)(=O)OCC(C)C)cc1,CC(C)COS(=O)(=O)c1ccc(Br)cc1,1,0,92.0,20.0,batch_stable,15,15,3,0,1,0,1,1,220.219,0.8416999999999999,0,6,1,0,0,0,5,0,1,0,3,4,43.370000000000005,0,0,0
[Li]c1cccc(OCCN(C)C)n1,CN(C)CCOc1cccc(Br)n1,1,1,99.0,-70.0,batch_stable,13,13,3,1,1,0,1,1,172.157,-0.18420000000000014,0,6,1,0,0,0,4,0,1,2,1,4,25.36,0,0,0
[Li]c1ccc(N2CCN(S(=O)(=O)c3ccccc3)CC2)cc1,O=S(=O)(c1ccccc1)N1CCN(c2ccc(Br)cc2)CC1,1,1,39.6,-78.0,batch_moderate,22,22,3,0,1,0,1,1,308.3320000000001,0.9912999999999996,1,12,2,0,0,0,6,0,1,2,2,3,40.620000000000005,0,0,0
[Li]c1cnc(Cl)c(F)c1,Fc1cc(Br)cnc1Cl,1,1,36.0,-78.0,batch_moderate,9,9,3,0,1,0,1,1,137.47,0.6679,0,6,1,0,1,2,4,0,1,1,0,0,12.89,0,0,0
[Li]c1ccc(Cl)c(F)c1,Fc1cc(Br)ccc1Cl,1,1,95.0,-65.0,batch_stable,9,9,3,0,1,0,1,1,136.48200000000003,1.2729,0,6,1,0,1,2,3,0,1,0,0,0,0.0,0,0,0
[Li]c1ccc(CC2CCCCN2Cc2ccccc2)cc1,Brc1ccc(CC2CCCCN2Cc2ccccc2)cc1,1,1,16.2,-70.0,batch_unstable,21,21,3,0,1,0,1,1,271.333,3.0776000000000012,1,12,2,0,0,0,2,0,1,1,0,4,3.24,0,0,0
[Li]c1ccc(C2CCN(Cc3ccccc3)CC2)cc1,Brc1ccc(C2CCN(Cc3ccccc3)CC2)cc1,1,1,32.3,-70.0,batch_moderate,20,20,3,0,1,0,1,1,257.306,2.860000000000001,1,12,2,0,0,0,2,0,1,1,0,3,3.24,0,0,0
[Li]c1cccc(-c2cc(C)[nH]c2C)n1,Cc1cc(-c2cccc(Br)n2)c(C)[nH]1,1,1,16.0,-60.0,batch_unstable,14,14,3,1,1,0,1,1,178.164,1.4873399999999999,0,11,2,0,0,0,3,0,1,2,0,1,28.68,0,0,0
[Li]c1ccc(OC)cc1CCOC1CCCCO1,COc1ccc(Br)c(CCOC2CCCCO2)c1,1,0,50.3,-40.0,batch_moderate,18,18,3,0,1,0,1,1,242.24399999999991,1.5747,1,6,1,0,0,0,4,0,1,0,3,5,27.69,0,0,0
[Li]C(Br)=C[C@H]1CC[C@H](CCCCC)CC1,CCCCC[C@H]1CC[C@H](C=C(Br)Br)CC1,2,2,71.94999999999999,-70.0,batch_moderate,15,15,3,1,1,0,0,1,265.16399999999993,4.777900000000004,1,0,0,1,0,1,2,0,1,0,0,5,0.0,0,0,0
[Li]C(Br)=C[C@H]1CC[C@H](CCCC)CC1,CCCC[C@H]1CC[C@H](C=C(Br)Br)CC1,1,1,92.4,-70.0,batch_stable,14,14,3,1,1,0,0,1,251.1369999999999,4.387800000000004,1,0,0,1,0,1,2,0,1,0,0,4,0.0,0,0,0
[Li]c1cc(C(OC)OC)ccc1F,COC(OC)c1ccc(F)c(Br)c1,1,1,8.0,-60.0,batch_unstable,13,13,3,0,1,0,1,1,176.11599999999999,0.9108999999999999,0,6,1,0,1,1,4,0,1,0,2,3,18.46,0,0,0
[Li]c1cc2c(nc1C(O[SiH](C)C)C(C)(C)C(C)C)N1[C@H](C2)CN(C(=O)OC(C)(C)C)C[C@H]1C,CC(C)C(C)(C)C(O[SiH](C)C)c1nc2c(cc1Br)C[C@@H]1CN(C(=O)OC(C)(C)C)C[C@@H](C)N21,1,1,94.6,-78.0,batch_stable,33,33,3,0,1,0,1,1,467.6560000000003,3.969000000000004,2,6,1,0,0,0,8,0,1,3,3,5,54.900000000000006,0,1,0
[Li]c1cc(Br)c(CBr)c(-c2ccccc2Cl)n1,Clc1ccccc1-c1nc(Br)cc(Br)c1CBr,1,1,48.0,-70.0,batch_moderate,17,17,3,1,1,0,1,1,367.397,3.853200000000002,0,12,2,2,0,3,5,0,1,1,0,2,12.89,0,0,0
[Li]c1ccc(C2CC(=O)C2)cc1,O=C1CC(c2ccc(Br)cc2)C1,1,1,26.7,-78.0,batch_unstable,12,12,3,0,1,0,1,1,152.122,0.9269000000000001,1,6,1,0,0,0,2,0,1,0,1,1,17.07,0,0,0
[Li]c1cccc(C(C)=O)c1,CC(=O)c1cccc(Br)c1,1,0,83.0,0.0,batch_stable,10,10,3,0,1,0,1,1,126.08399999999999,0.683,0,6,1,0,0,0,2,0,1,0,1,1,17.07,0,0,0
[Li]C(CC)Cc1cccc(OC)c1,CCC(Br)Cc1cccc(OC)c1,1,0,44.7,0.0,batch_moderate,13,13,3,0,0,1,0,1,170.18099999999995,2.604700000000001,0,6,1,0,0,0,2,0,1,0,1,4,9.23,0,0,0
[Li]c1ccc(-n2cccn2)cc1C,Cc1cc(-n2cccn2)ccc1Br,1,0,86.6,-25.0,batch_stable,13,13,3,0,1,0,1,1,164.137,0.97452,0,11,2,0,0,0,3,0,1,2,0,1,17.82,0,0,0
[Li]c1ccc(CO[Si](C)(C)C(C)(C)C)nc1,CC(C)(C)[Si](C)(C)OCc1ccc(Br)cn1,1,1,64.0,-78.0,batch_moderate,16,16,3,0,1,0,1,1,229.325,2.3972000000000007,0,6,1,0,0,0,4,0,1,1,1,3,22.12,0,0,0
[Li]C(Br)=CN(C=C(Br)Br)c1ccccn1,BrC(Br)=CN(C=C(Br)Br)c1ccccn1,1,0,89.7,0.0,batch_stable,15,15,3,1,1,0,0,1,388.8140000000001,3.8390000000000013,0,6,1,3,0,3,6,0,1,2,0,3,16.130000000000003,0,0,0
[Li]c1cccc(Cl)c1F,Fc1c(Cl)cccc1Br,2,2,43.4,-79.0,batch_moderate,9,9,3,0,1,0,1,1,136.482,1.2729,0,6,1,0,1,2,3,0,1,0,0,0,0.0,0,0,0
[Li]c1ccc2c(c1)c1cc(Br)ccc1n2Cc1ccccc1,Brc1ccc2c(c1)c1cc(Br)ccc1n2Cc1ccccc1,1,1,35.0,-78.0,batch_moderate,22,22,3,0,1,0,1,1,342.1650000000001,4.399100000000003,0,19,4,1,0,1,3,0,1,1,0,2,4.93,0,0,0
[Li]c1ccc2cc(OC)ccc2n1,COc1ccc2nc(Br)ccc2c1,1,0,85.9,0.0,batch_stable,13,13,3,1,1,0,1,1,165.12099999999998,1.0372,0,10,2,0,0,0,3,0,1,1,1,1,22.12,0,0,0
[Li]c1ccc(OCC=C)cc1C,C=CCOc1ccc(Br)c(C)c1,1,1,63.3,-75.0,batch_moderate,12,12,3,0,1,0,1,1,154.13799999999998,1.35362,0,6,1,0,0,0,2,0,1,0,1,3,9.23,0,0,0
[Li]c1ccc(C)nc1C,Cc1ccc(Br)c(C)n1,2,2,98.5,-78.0,batch_stable,9,9,3,0,1,0,1,1,113.089,0.49223999999999996,0,6,1,0,0,0,2,0,1,1,0,0,12.89,0,0,0
[Li]c1cnc(N2CCCCC2)nc1,Brc1cnc(N2CCCCC2)nc1,1,1,97.9,-78.0,batch_stable,13,13,3,0,1,0,1,1,169.15699999999998,0.26069999999999993,1,6,1,0,0,0,4,0,1,3,0,1,29.020000000000003,0,0,0
[Li]c1c(C=O)cc(OC)cc1OC,COc1cc(C=O)c(Br)c(OC)c1,1,1,54.9,-50.0,batch_moderate,13,13,3,0,1,0,1,1,172.10899999999998,0.3100999999999998,0,6,1,0,0,0,4,0,1,0,3,3,35.53,0,0,0
[Li]c1cnc(NC(=O)NCC)cc1-c1nc(-c2ccccc2)cs1,CCNC(=O)Nc1cc(-c2nc(-c3ccccc3)cs2)c(Br)cn1,1,0,59.0,-15.0,batch_moderate,24,24,3,0,1,0,1,1,330.342,2.8073000000000006,0,17,3,0,0,0,7,0,1,4,1,4,66.91,0,0,0
[Li]c1nc(C)n(-c2ccc(C(F)(F)F)cc2)c1I,Cc1nc(I)c(I)n1-c1ccc(C(F)(F)F)cc1,1,1,26.0,-75.0,batch_unstable,18,18,3,1,1,0,1,1,358.03,2.597920000000001,0,11,2,0,3,4,7,1,1,2,0,1,17.82,0,0,0
[Li]c1c(C(=O)OCC)nn(C)c1-c1ccc(F)cc1,CCOC(=O)c1nn(C)c(-c2ccc(F)cc2)c1I,1,1,35.0,-75.0,batch_moderate,19,19,3,0,1,0,1,1,254.19,1.1966999999999997,0,11,2,0,1,1,6,0,1,2,2,3,44.12,0,1,0
[Li]c1ccc(OC2CC2)cc1,Brc1ccc(OC2CC2)cc1,1,1,46.7,-78.0,batch_moderate,11,11,3,0,1,0,1,1,140.111,1.0216,1,6,1,0,0,0,2,0,1,0,1,2,9.23,0,0,0
[Li]c1c(C)cc(N(C)C)cc1F,Cc1cc(N(C)C)cc(F)c1Br,1,1,97.0,-78.0,batch_stable,12,12,3,0,1,0,1,1,159.13299999999998,0.99392,0,6,1,0,1,1,3,0,1,1,0,1,3.24,0,0,0
[Li]c1ccc(OCc2ccccc2)cc1OCc1ccccc1,Brc1ccc(OCc2ccccc2)cc1OCc1ccccc1,1,1,35.2,-70.0,batch_moderate,23,23,3,0,1,0,1,1,296.295,3.6384000000000025,0,18,3,0,0,0,3,0,1,0,2,6,18.46,0,0,0
[Li]c1cc(Br)cc(C(OC)OC)c1,COC(OC)c1cc(Br)cc(Br)c1,1,1,45.4,-78.0,batch_moderate,13,13,3,0,1,0,1,1,237.022,1.5343,0,6,1,1,0,1,4,0,1,0,2,3,18.46,0,0,0
[Li]c1cncc(C(C)=O)c1,CC(=O)c1cncc(Br)c1,1,1,54.8,-78.0,batch_moderate,10,10,3,0,1,0,1,1,127.07199999999997,0.07800000000000007,0,6,1,0,0,0,3,0,1,1,1,1,29.96,0,0,0
[Li]c1cc(C(=O)OC)cc(C(=O)OC)c1,COC(=O)c1cc(I)cc(C(=O)OC)c1,1,0,54.0,0.0,batch_moderate,15,15,3,0,1,0,1,1,200.11899999999997,0.05359999999999987,0,6,1,0,0,0,5,0,1,0,4,2,52.60000000000001,0,1,0
[Li]c1ccc(C(F)(F)F)cc1CO[Si](C)(C)C(C)(C)C,CC(C)(C)[Si](C)(C)OCc1cc(C(F)(F)F)ccc1Br,1,1,43.9,-78.0,batch_moderate,20,20,3,0,1,0,1,1,296.33400000000006,4.0210000000000035,0,6,1,0,3,3,6,0,1,0,1,3,9.23,0,0,0
[Li]c1cc(C(OC)OC)ccc1OCCN1CCOCC1,COC(OC)c1ccc(OCCN2CCOCC2)c(Br)c1,2,2,21.0,-78.0,batch_unstable,21,21,3,0,1,0,1,1,287.285,0.4827999999999999,1,6,1,0,0,0,6,0,1,1,4,7,40.16,0,0,0
[Li]c1cccc(C(=O)O)c1C,Cc1c(I)cccc1C(=O)O,1,1,100.0,-50.0,batch_stable,11,11,3,0,1,0,1,1,142.083,0.48702000000000006,0,6,1,0,0,0,3,0,1,0,2,1,37.3,0,1,0
[Li]c1cc(Cl)cnc1O,Oc1ncc(Cl)cc1Br,1,1,38.1,-78.0,batch_moderate,9,9,3,0,1,0,1,1,135.479,0.2343999999999999,0,6,1,0,0,1,4,0,1,1,1,0,33.120000000000005,0,0,0
[Li]c1ccsc1C(=O)N(C)OC,CON(C)C(=O)c1sccc1Br,1,1,32.1,-78.0,batch_moderate,12,12,3,0,1,0,1,1,177.15399999999997,0.1753,0,5,1,0,0,0,5,0,1,1,2,2,29.540000000000003,0,0,0
[Li]c1cc(C(F)(F)F)cc(Br)c1N,Nc1c(Br)cc(C(F)(F)F)cc1Br,1,1,64.9,-78.0,batch_moderate,13,13,3,0,1,0,1,1,245.95499999999998,1.8438999999999999,0,6,1,1,3,4,6,0,1,1,0,0,26.02,0,0,0
[Li]c1cccc(N(C)C)n1,CN(C)c1cccc(Br)n1,1,0,50.0,0.0,batch_moderate,10,10,3,1,1,0,1,1,128.104,-0.058599999999999985,0,6,1,0,0,0,3,0,1,2,0,1,16.130000000000003,0,0,0
[Li]c1ccc(C#N)c(F)c1,N#Cc1ccc(Br)cc1F,2,2,68.6,-75.0,batch_moderate,10,10,3,0,1,0,1,1,127.047,0.49117999999999995,0,6,1,0,1,1,3,0,1,1,0,0,23.79,0,0,1
[Li]c1ccc2ncccc2c1,Brc1ccc2ncccc2c1,1,1,8.5,-70.0,batch_unstable,11,11,3,0,1,0,1,1,135.095,1.0286,0,10,2,0,0,0,2,0,1,1,0,0,12.89,0,0,0
[Li]c1ccc2c(c1)CCO2,Brc1ccc2c(c1)CCO2,1,1,90.0,-78.0,batch_stable,10,10,3,0,1,0,1,1,126.08399999999999,0.4153,1,6,1,0,0,0,2,0,1,0,1,0,9.23,0,0,0
[Li]c1ccccc1NC(=O)C(F)(F)F,O=C(Nc1ccccc1Br)C(F)(F)F,1,1,21.8,-78.0,batch_unstable,14,14,3,0,1,0,1,1,195.06899999999996,0.9812000000000001,0,6,1,0,3,3,6,0,1,1,1,1,29.1,0,0,0
[Li]c1ccc2ccn(C(C)C)c2c1,CC(C)n1ccc2ccc(Br)cc21,1,0,44.1,-20.0,batch_moderate,13,13,3,0,1,0,1,1,165.165,2.016,0,9,2,0,0,0,2,0,1,1,0,1,4.93,0,0,0
[Li]c1cc(C(=C)C)nc2ccccc12,C=C(C)c1cc(Br)c2ccccc2n1,1,1,45.6,-78.0,batch_moderate,14,14,3,0,1,0,1,1,175.16,2.0617,0,10,2,0,0,0,2,0,1,1,0,1,12.89,0,0,0
[Li]c1nc(C2OCCO2)cs1,Brc1nc(C2OCCO2)cs1,1,0,98.1,0.0,batch_stable,11,11,3,1,1,0,1,1,163.127,-0.01770000000000016,1,5,1,0,0,0,5,0,1,1,2,1,31.35,0,0,0
[Li]c1cc(C(F)(F)F)cc(C(F)(F)F)c1,FC(F)(F)c1cc(Br)cc(C(F)(F)F)c1,1,1,97.1,-78.0,batch_stable,15,15,3,0,1,0,1,1,220.04099999999997,2.5180000000000007,0,6,1,0,6,6,7,0,1,0,0,0,0.0,0,0,0
[Li]c1cccc2ccc(OCc3ccccc3)cc12,Ic1cccc2ccc(OCc3ccccc3)cc12,1,0,58.2,5.0,batch_moderate,19,19,3,0,1,0,1,1,240.231,3.212600000000002,0,16,3,0,0,0,2,0,1,0,1,3,9.23,0,0,0
[Li]Cc1noc(-c2cccc(Cl)c2)n1,Clc1cccc(-c2nc(CBr)no2)c1,1,1,1.3,-78.0,batch_unstable,14,14,2,0,0,1,0,1,200.55399999999997,2.0584999999999996,0,11,2,0,0,1,5,0,1,2,1,2,38.92,0,0,0
[Li]c1ccc(C(=O)OC(C)(C)C)c(F)c1,CC(C)(C)OC(=O)c1ccc(Br)cc1F,1,0,61.0,0.0,batch_moderate,15,15,3,0,1,0,1,1,202.15399999999997,1.5748000000000002,0,6,1,0,1,1,4,0,1,0,2,1,26.3,0,1,0
[Li]c1cc2c(cc1F)OC(c1ccc(F)cc1)(c1ccc(Cl)cc1Cl)O2,Fc1ccc(C2(c3ccc(Cl)cc3Cl)Oc3cc(F)c(Br)cc3O2)cc1,2,0,70.4,20.0,batch_moderate,26,26,3,0,1,0,1,1,385.12200000000007,4.7379000000000016,1,18,3,0,2,4,7,0,1,0,2,2,18.46,0,0,0
[Li]c1ccc2cc(Cl)ccc2n1,Clc1ccc2nc(Br)ccc2c1,1,1,55.5,-78.0,batch_moderate,12,12,3,1,1,0,1,1,169.54000000000002,1.6819999999999997,0,10,2,0,0,1,3,0,1,1,0,0,12.89,0,0,0
[Li]c1cn(C(c2ccccc2)(c2ccccc2)c2ccccc2)cn1,Brc1cn(C(c2ccccc2)(c2ccccc2)c2ccccc2)cn1,1,0,57.8,0.0,batch_moderate,25,25,3,1,1,0,1,1,316.333,3.517100000000002,0,23,4,0,0,0,3,0,1,2,0,4,17.82,0,0,0
[Li]c1cccc(CC)c1,CCc1cccc(Br)c1,2,2,50.8,-74.0,batch_moderate,9,9,3,0,1,0,1,1,112.101,1.0428000000000002,0,6,1,0,0,0,1,0,1,0,0,1,0.0,0,0,0
[Li]c1cccc(CCC)c1,CCCc1cccc(Br)c1,1,1,77.9,-78.0,batch_moderate,10,10,3,0,1,0,1,1,126.128,1.4329,0,6,1,0,0,0,1,0,1,0,0,2,0.0,0,0,0
[Li]c1cn(C(c2ccccc2)(c2ccccc2)c2ccccc2)c(C=O)n1,O=Cc1nc(Br)cn1C(c1ccccc1)(c1ccccc1)c1ccccc1,1,0,74.1,-40.0,batch_moderate,27,27,3,1,1,0,1,1,344.3430000000001,3.329600000000002,0,23,4,0,0,0,4,0,1,2,1,5,34.89,0,0,0
[Li]c1nc(Br)n(C(c2ccccc2)(c2ccccc2)c2ccccc2)n1,Brc1nc(Br)n(C(c2ccccc2)(c2ccccc2)c2ccccc2)n1,1,1,29.2,-78.0,batch_unstable,26,26,3,2,1,0,1,1,396.2170000000001,3.6746000000000025,0,23,4,1,0,1,5,0,1,3,0,4,30.71,0,0,0
[Li]c1ccc2c(c1)C(C)(C)OC2,CC1(C)OCc2ccc(Br)cc21,1,0,38.3,0.0,batch_moderate,12,12,3,0,1,0,1,1,154.13799999999998,1.2457,1,6,1,0,0,0,2,0,1,0,1,0,9.23,0,0,0
[Li]c1ccc(C(=O)OCC)c(OCC)c1,CCOC(=O)c1ccc(I)cc1OCC,1,1,62.7,-78.0,batch_moderate,15,15,3,0,1,0,1,1,200.16299999999995,1.0558,0,6,1,0,0,0,4,0,1,0,3,4,35.53,0,1,0
[Li]c1cncc2ccccc12,Brc1cncc2ccccc12,1,1,32.5,-78.0,batch_moderate,11,11,3,0,1,0,1,1,135.09499999999997,1.0286,0,10,2,0,0,0,2,0,1,1,0,0,12.89,0,0,0
[Li]c1c2c(nn1C)N(c1ccc(Cl)cc1Cl)CCC2,Cn1nc2c(c1Br)CCCN2c1ccc(Cl)cc1Cl,1,1,23.0,-78.0,batch_unstable,19,19,3,1,1,0,1,1,288.10700000000014,2.6050000000000004,1,11,2,0,0,2,6,0,1,3,0,1,21.060000000000002,0,0,0
[Li]c1c2c(nn1C)N(c1c(C)cc(C)cc1C)CCC2,Cc1cc(C)c(N2CCCc3c2nn(C)c3Br)c(C)c1,1,1,40.6,-78.0,batch_moderate,20,20,3,1,1,0,1,1,261.298,2.22346,1,11,2,0,0,0,4,0,1,3,0,1,21.060000000000002,0,0,0
[Li]c1cc(F)c2c(c1)CCC(=O)O2,O=C1CCc2cc(Br)cc(F)c2O1,1,0,54.9,-100.0,batch_moderate,13,13,3,0,1,0,1,1,172.08399999999997,0.4711,1,6,1,0,1,1,4,0,1,0,2,0,26.3,0,1,0
[Li]c1ncccc1OCOCC[Si](CC)(CC)CC,CC[Si](CC)(CC)CCOCOc1cccnc1Br,1,1,33.7,-78.0,batch_moderate,19,19,3,1,1,0,1,1,273.378,2.7368000000000006,0,6,1,0,0,0,5,0,1,1,2,9,31.35,0,0,0
[Li]c1cccc(CCCCOc2ccccc2Br)c1,Brc1cccc(CCCCOc2ccccc2Br)c1,1,0,70.8,0.0,batch_moderate,19,19,3,0,1,0,1,1,311.148,3.6446000000000023,0,12,2,1,0,1,3,0,1,0,1,6,9.23,0,0,0
[Li]c1cccc(-c2ccccn2)n1,Brc1cccc(-c2ccccn2)n1,1,0,77.8,-30.0,batch_moderate,13,13,3,1,1,0,1,1,162.121,0.9373999999999999,0,12,2,0,0,0,3,0,1,2,0,1,25.78,0,0,0
[Li]CN1C(=O)c2ccccc2C1=O,O=C1c2ccccc2C(=O)N1CBr,1,0,73.5,0.0,batch_moderate,13,13,2,1,0,1,0,1,167.09299999999996,0.4086000000000001,1,6,1,0,0,0,4,0,1,1,2,1,37.38,0,0,0
[Li]c1cc(F)c2ccccc2c1,Fc1cc(Br)cc2ccccc12,1,1,78.0,-78.0,batch_moderate,12,12,3,0,1,0,1,1,152.09699999999998,1.7727,0,10,2,0,1,1,2,0,1,0,0,0,0.0,0,0,0
[Li]c1cc2c(cc1OC)CCC2(C)C,COc1cc2c(cc1Br)C(C)(C)CC2,1,1,66.7,-78.0,batch_moderate,14,14,3,0,1,0,1,1,182.19199999999995,1.7127999999999999,1,6,1,0,0,0,2,0,1,0,1,1,9.23,0,0,0
[Li]c1ccc(C(F)(F)F)cc1-c1ccncc1,FC(F)(F)c1ccc(Br)c(-c2ccncc2)c1,1,1,63.5,-78.0,batch_moderate,17,17,3,0,1,0,1,1,229.13000000000005,2.5612000000000004,0,12,2,0,3,3,5,0,1,1,0,1,12.89,0,0,0
[Li]c1ncc(C)cc1C,Cc1cnc(I)c(C)c1,1,0,58.8,0.0,batch_moderate,9,9,3,1,1,0,1,1,113.08899999999998,0.49223999999999984,0,6,1,0,0,0,2,0,1,1,0,0,12.89,0,0,0
[Li]c1cc(C2CC2)ns1,Ic1cc(C2CC2)ns1,1,1,86.6,-78.0,batch_stable,9,9,3,0,1,0,1,1,131.12900000000002,0.8142999999999999,1,5,1,0,0,0,3,0,1,1,0,1,12.89,0,0,0
[Li]c1ccc2cc(Br)ccc2c1,Brc1ccc2cc(Br)ccc2c1,1,1,35.0,-78.0,batch_moderate,12,12,3,0,1,0,1,1,213.00300000000001,2.3961000000000006,0,10,2,1,0,1,2,0,1,0,0,0,0.0,0,0,0
[Li]c1ccc2ccc(Br)cc2c1,Brc1ccc2ccc(Br)cc2c1,2,2,78.4,-78.0,batch_moderate,12,12,3,0,1,0,1,1,213.003,2.3961000000000006,0,10,2,1,0,1,2,0,1,0,0,0,0.0,0,0,0
[Li]C(c1ccccc1)[N+](=O)[O-],O=[N+]([O-])C(Br)c1ccccc1,1,1,64.0,-50.0,batch_moderate,11,11,3,1,0,1,0,1,143.071,1.1304,0,6,1,0,0,0,4,0,1,1,2,2,43.14,0,0,0
[Li]c1ccc(Cl)c(Cc2ccc(C3CC3)cc2)c1,Clc1ccc(Br)cc1Cc1ccc(C2CC2)cc1,1,1,89.7,-70.0,batch_stable,18,18,3,0,1,0,1,1,248.68200000000002,3.602000000000002,1,12,2,0,0,1,2,0,1,0,0,3,0.0,0,0,0
[Li]CCCN1[Si](C)(C)CC[Si]1(C)C,C[Si]1(C)CC[Si](C)(C)N1CCCBr,1,0,62.0,-20.0,batch_moderate,13,13,2,0,0,1,0,1,207.39499999999998,2.6891000000000007,1,0,0,0,0,0,4,0,1,1,0,3,3.24,0,0,0
[Li]c1nn(COCC[Si](CC)(CC)CC)c2cc(I)ccc12,CC[Si](CC)(CC)CCOCn1nc(I)c2ccc(I)cc21,1,1,69.5,-78.0,batch_moderate,22,22,3,1,1,0,1,1,422.312,3.9173000000000027,0,9,2,0,0,1,6,1,1,2,1,8,27.05,0,0,0
[Li]c1ccc(C2CCCN2C)cn1,CN1CCCC1c1ccc(Br)nc1,1,1,26.0,-78.0,batch_unstable,13,13,3,1,1,0,1,1,168.169,0.6421000000000001,1,6,1,0,0,0,3,0,1,2,0,1,16.130000000000003,0,0,0
[Li]c1csc2cccc(F)c12,Fc1cccc2scc(Br)c12,2,2,19.3,-60.0,batch_unstable,11,11,3,0,1,0,1,1,158.12599999999995,1.8342,0,9,2,0,1,1,3,0,1,0,0,0,0.0,0,0,0
[Li]c1csc2cccc(C)c12,Cc1cccc2scc(Br)c12,2,2,66.0,-70.0,batch_moderate,11,11,3,0,1,0,1,1,154.16299999999995,2.00352,0,9,2,0,0,0,2,0,1,0,0,0,0.0,0,0,0
[Li]c1ccn([Si](C(C)C)(C(C)C)C(C)C)c1,CC(C)[Si](C(C)C)(C(C)C)n1ccc(Br)c1,1,1,99.3,-78.0,batch_stable,16,16,3,0,1,0,1,1,229.36899999999997,3.305500000000002,0,5,1,0,0,0,3,0,1,1,0,4,4.93,0,0,0
[Li]C[C@H]1CCC2(C1)O[C@H](c1ccccc1)[C@@H](c1ccccc1)O2,IC[C@H]1CCC2(C1)O[C@H](c1ccccc1)[C@@H](c1ccccc1)O2,1,1,72.4,-50.0,batch_moderate,23,23,2,0,0,1,0,1,300.32700000000006,4.599000000000004,2,12,2,0,0,0,3,0,1,0,2,3,18.46,0,0,0
[Li]c1cc(Br)cc(C(F)(F)F)c1,FC(F)(F)c1cc(Br)cc(Br)c1,1,1,27.0,-78.0,batch_unstable,12,12,3,0,1,0,1,1,230.93999999999997,2.2617000000000003,0,6,1,1,3,4,5,0,1,0,0,0,0.0,0,0,0
[Li]c1nc2c(c(=O)n(CCCO[Si](C)(C)C(C)(C)C)c(=O)n2C)n1Cc1ccc(Cl)cc1,Cn1c(=O)n(CCCO[Si](C)(C)C(C)(C)C)c(=O)c2c1nc(Br)n2Cc1ccc(Cl)cc1,2,2,31.4,-78.0,batch_moderate,32,32,3,2,1,0,1,1,468.9870000000002,2.8041,0,15,3,0,0,1,10,0,1,4,3,7,71.05000000000001,0,0,0
[Li]c1ccc(CCN2CCC[C@H]2C)cc1,C[C@@H]1CCCN1CCc1ccc(Br)cc1,1,1,98.7,-78.0,batch_stable,15,15,3,0,1,0,1,1,195.235,1.5071999999999999,1,6,1,0,0,0,2,0,1,1,0,3,3.24,0,0,0
[Li]c1cnc(OC)c(F)c1,COc1ncc(Br)cc1F,1,1,29.1,-78.0,batch_unstable,10,10,3,0,1,0,1,1,133.051,0.02310000000000012,0,6,1,0,1,1,4,0,1,1,1,1,22.12,0,0,0
[Li]c1cc(Br)cc(Cc2cccnc2)c1,Brc1cc(Br)cc(Cc2cccnc2)c1,1,1,63.4,-78.0,batch_moderate,15,15,3,0,1,0,1,1,254.056,2.2287,0,12,2,1,0,1,3,0,1,1,0,2,12.89,0,0,0
[Li]c1cccc2ccn(C)c12,Cn1ccc2cccc(Br)c21,1,1,56.6,-78.0,batch_moderate,11,11,3,0,1,0,1,1,137.111,0.9721,0,9,2,0,0,0,2,0,1,1,0,0,4.93,0,0,0
[Li]c1cccc2ccn(CC)c12,CCn1ccc2cccc(Br)c21,1,1,82.8,-78.0,batch_stable,12,12,3,0,1,0,1,1,151.138,1.4549999999999998,0,9,2,0,0,0,2,0,1,1,0,1,4.93,0,0,0
[Li]c1cccc2ccn(COCC[Si](C)(C)C)c12,C[Si](C)(C)CCOCn1ccc2cccc(Br)c21,1,1,84.5,-78.0,batch_stable,18,18,3,0,1,0,1,1,253.34699999999998,2.7474000000000007,0,9,2,0,0,0,4,0,1,1,1,5,14.16,0,0,0
[Li]C(Br)=Cc1cc(-c2ccc(OCc3ccccc3)cc2)n(C2CCCCC2)n1,BrC(Br)=Cc1cc(-c2ccc(OCc3ccccc3)cc2)n(C2CCCCC2)n1,1,1,61.0,-50.0,batch_moderate,29,29,3,1,1,0,0,1,443.31400000000025,6.496100000000005,1,17,3,1,0,1,5,0,1,2,1,6,27.05,0,0,0
[Li]c1nc(-c2ccc(OCc3ccccc3)cc2)n(C2CCCCC2)c1Br,Brc1nc(-c2ccc(OCc3ccccc3)cc2)n(C2CCCCC2)c1Br,1,1,86.2,-78.0,batch_stable,27,27,3,1,1,0,1,1,417.27600000000024,5.190600000000004,1,17,3,1,0,1,5,0,1,2,1,5,27.05,0,0,0
[Li]c1coc(C#N)c1,N#Cc1cc(Br)co1,1,1,53.0,-78.0,batch_moderate,8,8,3,0,1,0,1,1,99.01799999999999,-0.05492000000000008,0,5,1,0,0,0,3,0,1,1,1,0,36.93,0,0,1
[Li]c1c(F)oc2ccccc12,Fc1oc2ccccc2c1Br,1,1,50.2,-78.0,batch_moderate,11,11,3,0,1,0,1,1,142.05799999999996,1.3657,0,9,2,0,1,1,3,0,1,0,1,0,13.14,0,0,0
[Li]c1cnc(OCCCN2CCCCC2)cc1C(OC)OC,COC(OC)c1cc(OCCCN2CCCCC2)ncc1Br,1,0,64.0,0.0,batch_moderate,22,22,3,0,1,0,1,1,300.328,1.4215999999999995,1,6,1,0,0,0,6,0,1,2,3,8,43.82000000000001,0,0,0
[Li]c1ccc(CC=C)c([SiH](C)C)c1,C=CCc1ccc(Br)cc1[SiH](C)C,2,2,61.6,-78.0,batch_moderate,13,13,3,0,1,0,1,1,182.268,0.9026000000000001,0,6,1,0,0,0,2,0,1,0,0,3,0.0,0,0,0
[Li]c1ccc(C2OCCO2)cc1,Brc1ccc(C2OCCO2)cc1,1,1,83.0,-78.0,batch_stable,12,12,3,0,1,0,1,1,156.11,0.5258,1,6,1,0,0,0,3,0,1,0,2,1,18.46,0,0,0
[Li]c1ccc(C2(C)OCCO2)cc1,CC1(c2ccc(Br)cc2)OCCO1,1,1,83.8,-78.0,batch_stable,13,13,3,0,1,0,1,1,170.137,0.6999,1,6,1,0,0,0,3,0,1,0,2,1,18.46,0,0,0
[Li]c1ccc(Br)c2ccccc12,Brc1ccc(Br)c2ccccc12,1,1,83.9,-78.0,batch_stable,12,12,3,0,1,0,1,1,213.00300000000001,2.3961000000000006,0,10,2,1,0,1,2,0,1,0,0,0,0.0,0,0,0
[Li]c1cc([SiH](C)C)c(CC=C)c2ccccc12,C=CCc1c([SiH](C)C)cc(Br)c2ccccc12,1,1,82.5,-78.0,batch_stable,17,17,3,0,1,0,1,1,232.32799999999997,2.0557999999999996,0,10,2,0,0,0,2,0,1,0,0,3,0.0,0,0,0
[Li]C1=C(c2ccc(C(O)CCCCC)cc2)[C@@H](CCCc2ccc(C(=O)O)s2)CC1,CCCCCC(O)c1ccc(C2=C(Br)CC[C@@H]2CCCc2ccc(C(=O)O)s2)cc1,1,0,50.0,-40.0,batch_moderate,30,30,3,0,1,0,0,1,418.5280000000002,6.372500000000005,1,11,2,0,0,0,5,0,1,0,3,11,57.53,0,1,0
[Li]c1coc(C(OCC)OCC)c1,CCOC(OCC)c1cc(Br)co1,1,1,98.2,-78.0,batch_stable,13,13,3,0,1,0,1,1,176.14099999999996,1.145,0,5,1,0,0,0,4,0,1,0,3,5,31.6,0,0,0
[Li]c1ccc2ccc(SC)cc2c1,CSc1ccc2ccc(Br)cc2c1,1,1,79.0,-78.0,batch_moderate,13,13,3,0,1,0,1,1,180.201,2.3555,0,10,2,0,0,0,2,0,1,0,0,1,0.0,0,0,0
[Li]c1cnc2c(N(Cc3ccc(OC)cc3)c3ccccc3)cc(Cl)nn12,COc1ccc(CN(c2ccccc2)c2cc(Cl)nn3c(Br)cnc23)cc1,1,1,98.0,-78.0,batch_stable,27,27,3,1,1,0,1,1,370.769,3.5234000000000023,0,21,4,0,0,1,7,0,1,4,1,5,42.66,0,0,0
[Li]c1coc(CN2CCN(C)CC2)c1,CN1CCN(Cc2cc(Br)co2)CC1,1,1,21.3,-78.0,batch_unstable,14,14,3,0,1,0,1,1,186.18399999999997,-0.17919999999999958,1,5,1,0,0,0,4,0,1,2,1,2,19.620000000000005,0,0,0
[Li]c1nc(-c2ccccc2)ccc1NC(=O)OC(C)(C)C,CC(C)(C)OC(=O)Nc1ccc(-c2ccccc2)nc1Br,1,1,68.4,-72.0,batch_moderate,21,21,3,1,1,0,1,1,276.265,2.889400000000001,0,12,2,0,0,0,5,0,1,2,2,2,51.22,0,1,0
[Li]c1cncc(C(=O)O)c1,O=C(O)c1cncc(Br)c1,1,1,83.2,-78.0,batch_stable,10,10,3,0,1,0,1,1,129.04399999999998,-0.4264000000000001,0,6,1,0,0,0,4,0,1,1,2,1,50.19,0,1,0
[Li]c1ccc2c(c1)Cc1cn[nH]c1-2,Brc1ccc2c(c1)Cc1cn[nH]c1-2,2,2,68.0,-78.0,batch_moderate,13,13,3,0,1,0,1,1,162.12099999999998,0.7746999999999999,1,11,2,0,0,0,3,0,1,2,0,0,28.68,0,0,0
[Li]c1cc2c(cc1OC)-c1[nH]ncc1C2,COc1cc2c(cc1Br)Cc1cn[nH]c1-2,1,1,81.6,-78.0,batch_stable,15,15,3,0,1,0,1,1,192.14699999999996,0.7832999999999999,1,11,2,0,0,0,4,0,1,2,1,1,37.91,0,0,0
[Li]c1cc(F)c(OCc2ccccc2)cc1F,Fc1cc(OCc2ccccc2)c(F)cc1Br,1,1,64.1,-78.0,batch_moderate,17,17,3,0,1,0,1,1,226.151,2.3376,0,12,2,0,2,2,4,0,1,0,1,3,9.23,0,0,0
[Li]c1ccc(SC)c(Cl)c1,CSc1ccc(Br)cc1Cl,1,0,35.0,-100.0,batch_moderate,10,10,3,0,1,0,1,1,164.586,1.8557,0,6,1,0,0,1,3,0,1,0,0,1,0.0,0,0,0
[Li]Cc1ccc(CO[Si](C)(C)C(C)(C)C)cc1,CC(C)(C)[Si](C)(C)OCc1ccc(CI)cc1,1,0,72.7,0.0,batch_moderate,17,17,2,0,0,1,0,1,242.36399999999998,3.8769000000000027,0,6,1,0,0,0,3,0,1,0,1,4,9.23,0,0,0
[Li]C(NC(C)=O)C(=O)NCc1ccccc1,CC(=O)NC(Br)C(=O)NCc1ccccc1,1,1,7.0,-78.0,batch_unstable,16,16,3,1,0,1,0,1,212.178,-0.06649999999999956,0,6,1,0,0,0,5,0,1,2,2,4,58.2,0,0,0
[Li]c1ccccc1SC,CSc1ccccc1Br,1,0,15.1,6.0,batch_unstable,9,9,3,0,1,0,1,1,130.141,1.2023,0,6,1,0,0,0,2,0,1,0,0,1,0.0,0,0,0
[Li]c1ccccc1OCc1ccccc1,Brc1ccccc1OCc1ccccc1,1,1,51.5,-78.0,batch_moderate,15,15,3,0,1,0,1,1,190.17100000000002,2.0594,0,12,2,0,0,0,2,0,1,0,1,3,9.23,0,0,0
[Li]c1ccc2c(ccn2COCC[Si](C)(C)C)c1,C[Si](C)(C)CCOCn1ccc2cc(Br)ccc21,2,2,61.9,-78.0,batch_moderate,18,18,3,0,1,0,1,1,253.34699999999995,2.7474000000000007,0,9,2,0,0,0,4,0,1,1,1,5,14.16,0,0,0
[Li]c1ccc(C2=NC(C)(c3ccc(Cl)cc3)C(C)(c3ccc(Cl)cc3)N2)c(OCC)c1,CCOc1cc(Br)ccc1C1=NC(C)(c2ccc(Cl)cc2)C(C)(c2ccc(Cl)cc2)N1,1,1,48.8,-78.0,batch_moderate,31,31,3,0,1,0,1,1,445.3190000000002,5.366500000000005,1,18,3,0,0,2,6,0,1,2,1,5,33.620000000000005,0,0,0
[Li]c1ccc(O[Si](C)(C)C(C)(C)C)cc1,CC(C)(C)[Si](C)(C)Oc1ccc(Br)cc1,3,3,66.8,-78.0,batch_moderate,15,15,3,0,1,0,1,1,214.31,2.8644000000000016,0,6,1,0,0,0,3,0,1,0,1,2,9.23,0,0,0
[Li]c1ccc(OCc2ccccc2F)cc1F,Fc1cc(OCc2ccccc2F)ccc1Br,1,1,39.4,-78.0,batch_moderate,17,17,3,0,1,0,1,1,226.15099999999998,2.3376,0,12,2,0,2,2,4,0,1,0,1,3,9.23,0,0,0
[Li]c1ccc(O)c(F)c1,Oc1ccc(Br)cc1F,1,0,100.0,0.0,batch_stable,9,9,3,0,1,0,1,1,118.03599999999999,0.3251,0,6,1,0,1,1,3,0,1,0,1,0,20.23,0,0,0
[Li]C(Br)=Cc1ccc(C(F)(F)F)nc1NCCCC,CCCCNc1nc(C(F)(F)F)ccc1C=C(Br)Br,1,0,10.2,0.0,batch_unstable,19,19,3,1,1,0,0,1,329.0890000000001,4.174200000000002,0,6,1,1,3,4,7,0,1,2,0,5,24.92,0,0,0
[Li]c1cccc2cc(C(C)(C)C)oc12,CC(C)(C)c1cc2cccc(Br)c2o1,1,1,53.7,-78.0,batch_moderate,14,14,3,0,1,0,1,1,180.176,2.5241000000000007,0,9,2,0,0,0,2,0,1,0,1,0,13.14,0,0,0
[Li]c1ccc(OC(F)(F)F)c(F)c1,Fc1cc(Br)ccc1OC(F)(F)F,1,1,0.7,-60.0,batch_unstable,13,13,3,0,1,0,1,1,186.033,1.5181,0,6,1,0,4,4,6,0,1,0,1,1,9.23,0,0,0
[Li]c1c(CC(CCCCOc2ccc(C(=O)OC)cc2)(C(=O)OCC)C(=O)OCC)c(OC)c(OC)c(OC)c1OC,CCOC(=O)C(CCCCOc1ccc(C(=O)OC)cc1)(Cc1c(Br)c(OC)c(OC)c(OC)c1OC)C(=O)OCC,1,1,50.2,-78.0,batch_moderate,42,42,3,0,1,0,1,1,582.5720000000003,3.2058000000000018,0,12,2,0,0,0,12,0,1,0,11,17,125.05000000000003,0,1,0
[Li]c1c(CC(CCCOc2ccc(C(=O)OCC)cc2)(C(=O)OCC)C(=O)OCC)c(OC)c(OC)c(OC)c1OC,CCOC(=O)c1ccc(OCCCC(Cc2c(Br)c(OC)c(OC)c(OC)c2OC)(C(=O)OCC)C(=O)OCC)cc1,1,1,91.7,-78.0,batch_stable,42,42,3,0,1,0,1,1,582.5720000000003,3.2058000000000018,0,12,2,0,0,0,12,0,1,0,11,17,125.05000000000003,0,1,0
[Li]c1ccc(CC[C@H](OC)c2nc(-c3ccccc3)oc2C)cc1,CO[C@@H](CCc1ccc(Br)cc1)c1nc(-c2ccccc2)oc1C,1,1,62.0,-78.0,batch_moderate,24,24,3,0,1,0,1,1,313.3260000000001,3.764120000000003,0,17,3,0,0,0,4,0,1,1,2,6,35.260000000000005,0,0,0
[Li]CC1CCC(c2ccccc2)CC1,ICC1CCC(c2ccccc2)CC1,1,0,30.6,4.0,batch_moderate,14,14,2,0,0,1,0,1,180.21999999999997,3.547200000000003,1,6,1,0,0,0,1,0,1,0,0,2,0.0,0,0,0
[Li]c1ccc(-c2cnc(-c3ccc(OCCCCC)cc3)s2)cc1,CCCCCOc1ccc(-c2ncc(-c3ccc(Br)cc3)s2)cc1,1,1,80.9,-60.0,batch_stable,24,24,3,0,1,0,1,1,329.39399999999995,4.8399000000000045,0,17,3,0,0,0,4,0,1,1,1,7,22.12,0,0,0
[Li]c1cccc2c1c(C=O)cn2Cc1ccc(OC)cc1,COc1ccc(Cn2cc(C=O)c3c(Br)cccc32)cc1,1,0,95.0,0.0,batch_stable,21,21,3,0,1,0,1,1,271.245,2.3045,0,15,3,0,0,0,4,0,1,1,2,4,31.23,0,0,0
[Li]c1ccc(-c2ccc3c4c(cccc24)-c2ccccc2-3)cc1,Brc1ccc(-c2ccc3c4c(cccc24)-c2ccccc2-3)cc1,1,1,95.0,-70.0,batch_stable,23,23,3,0,1,0,1,1,284.28700000000003,4.948000000000003,1,22,4,0,0,0,1,0,1,0,0,1,0.0,0,0,0
[Li]c1cc(C(=O)O)ccc1C,Cc1ccc(C(=O)O)cc1Br,1,1,33.0,-78.0,batch_moderate,11,11,3,0,1,0,1,1,142.08299999999997,0.48701999999999995,0,6,1,0,0,0,3,0,1,0,2,1,37.3,0,1,0
[Li]c1ccc(OCc2ccccc2)c(F)c1,Fc1cc(Br)ccc1OCc1ccccc1,1,1,87.6,-78.0,batch_stable,16,16,3,0,1,0,1,1,208.161,2.1985,0,12,2,0,1,1,3,0,1,0,1,3,9.23,0,0,0
[Li]c1cncc(C=O)c1,O=Cc1cncc(Br)c1,1,1,78.3,-78.0,batch_moderate,9,9,3,0,1,0,1,1,113.04499999999997,-0.31209999999999993,0,6,1,0,0,0,3,0,1,1,1,1,29.96,0,0,0
[Li]c1ccc(C(F)(F)F)c(F)c1,Fc1cc(Br)ccc1C(F)(F)F,1,1,35.0,-78.0,batch_moderate,12,12,3,0,1,0,1,1,170.03400000000002,1.6383,0,6,1,0,4,4,5,0,1,0,0,0,0.0,0,0,0
[Li]c1ccc(OCc2c(-c3c(Cl)cccc3Cl)noc2C2CC2)cc1Cl,Clc1cc(OCc2c(-c3c(Cl)cccc3Cl)noc2C2CC2)ccc1Br,1,1,36.3,-78.0,batch_moderate,26,26,3,0,1,0,1,1,400.61800000000017,5.552000000000002,1,17,3,0,0,3,7,0,1,1,2,5,35.260000000000005,0,0,0
[Li]c1cnc2c(N3CCOCC3)nc(Cl)nc2c1,Clc1nc(N2CCOCC2)c2ncc(Br)cc2n1,1,1,31.5,-78.0,batch_moderate,18,18,3,0,1,0,1,1,256.62199999999996,0.30859999999999965,1,10,2,0,0,1,7,0,1,4,1,1,51.14,0,0,0
[Li]c1ccc([C@H]2CC[C@H](COC)CC2)cc1,COC[C@H]1CC[C@H](c2ccc(I)cc2)CC1,1,0,27.6,5.0,batch_unstable,16,16,3,0,1,0,1,1,210.24599999999998,2.4006000000000007,1,6,1,0,0,0,2,0,1,0,1,3,9.23,0,0,0
[Li]CC1OCCO1,BrCC1OCCO1,1,1,59.6,-78.0,batch_moderate,7,7,2,0,0,1,0,1,94.039,-0.05390000000000006,1,0,0,0,0,0,3,0,1,0,2,1,18.46,0,0,0
[Li]c1cnc(Cl)c(C(=O)N(C)C)c1,CN(C)C(=O)c1cc(I)cnc1Cl,2,0,58.65,-25.0,batch_moderate,13,13,3,0,1,0,1,1,190.559,0.23060000000000003,0,6,1,0,0,1,5,0,1,2,1,1,33.2,0,0,0
[Li]c1ccc(-c2ccc(OCCCCCCC)cc2)cc1,CCCCCCCOc1ccc(-c2ccc(Br)cc2)cc1,1,0,41.7,0.0,batch_moderate,21,21,3,0,1,0,1,1,274.3329999999999,4.4966000000000035,0,12,2,0,0,0,2,0,1,0,1,8,9.23,0,0,0
[Li]c1cc(C(O)=S)sc1C,Cc1sc(C(O)=S)cc1Br,1,1,32.4,-78.0,batch_moderate,10,10,3,0,1,0,1,1,164.17999999999998,1.0838200000000002,0,5,1,0,0,0,4,0,1,0,1,1,20.23,0,0,0
[Li]c1ccc(N2c3ccccc3-c3ccccc3-c3ccccc32)cc1,Ic1ccc(N2c3ccccc3-c3ccccc3-c3ccccc32)cc1,1,1,74.6,-78.0,batch_moderate,26,26,3,0,1,0,1,1,325.34000000000003,5.5976000000000035,1,24,4,0,0,0,2,0,1,1,0,1,3.24,0,0,0
[Li]c1ccc(OC)cc1C(F)(F)F,COc1ccc(Br)c(C(F)(F)F)c1,1,0,71.8,23.0,batch_moderate,13,13,3,0,1,0,1,1,182.06999999999996,1.5078,0,6,1,0,3,3,5,0,1,0,1,1,9.23,0,0,0
[Li]c1sc(I)c(Br)c1C,Cc1c(I)sc(I)c1Br,1,0,75.5,23.0,batch_moderate,9,9,3,0,1,0,1,1,308.89500000000004,2.2174199999999997,0,5,1,1,0,2,4,1,1,0,0,0,0.0,0,0,0
[Li]c1cccc(N([Si](C)(C)C)[Si](C)(C)C)c1,C[Si](C)(C)N(c1cccc(Br)c1)[Si](C)(C)C,1,0,77.0,0.0,batch_moderate,16,16,3,0,1,0,1,1,243.42800000000003,2.9566000000000017,0,6,1,0,0,0,4,0,1,1,0,3,3.24,0,0,0
[Li]c1ccc(-c2nc3ccccc3s2)cc1,Brc1ccc(-c2nc3ccccc3s2)cc1,1,1,41.9,-78.0,batch_moderate,16,16,3,0,1,0,1,1,217.222,2.757100000000001,0,15,3,0,0,0,3,0,1,1,0,1,12.89,0,0,0
[Li]c1ccc(-c2nc3ccccc3n2-c2ccccc2)cc1,Brc1ccc(-c2nc3ccccc3n2-c2ccccc2)cc1,1,1,47.0,-78.0,batch_moderate,22,22,3,0,1,0,1,1,276.26800000000003,3.4863000000000017,0,21,4,0,0,0,3,0,1,2,0,2,17.82,0,0,0
[Li]c1ccc(N(CC(=O)OC(C)(C)C)CC(=O)OC(C)(C)C)c(OCc2ccccc2)c1,CC(C)(C)OC(=O)CN(CC(=O)OC(C)(C)C)c1ccc(Br)cc1OCc1ccccc1,1,0,69.3,-105.0,batch_moderate,32,32,3,0,1,0,1,1,433.4740000000002,3.549200000000001,0,12,2,0,0,0,7,0,1,1,5,8,65.07000000000001,0,1,0
[Li]c1cncnc1OC,COc1ncncc1Br,1,1,44.4,-70.0,batch_moderate,9,9,3,0,1,0,1,1,116.04899999999998,-0.7209999999999999,0,6,1,0,0,0,4,0,1,2,1,1,35.010000000000005,0,0,0
[Li]c1cnc(N(C)C)nc1OC,COc1nc(N(C)C)ncc1Br,1,1,61.8,-70.0,batch_moderate,12,12,3,0,1,0,1,1,159.118,-0.655,0,6,1,0,0,0,5,0,1,3,1,2,38.25,0,0,0
[Li]c1cccnc1C,Cc1ncccc1Br,1,1,66.7,-70.0,batch_moderate,8,8,3,0,1,0,1,1,99.062,0.1838200000000001,0,6,1,0,0,0,2,0,1,1,0,0,12.89,0,0,0
[Li]c1cccc(Br)c1Cl,Clc1c(Br)cccc1Br,1,1,41.1,-78.0,batch_moderate,9,9,3,0,1,0,1,1,197.388,1.8962999999999999,0,6,1,1,0,2,3,0,1,0,0,0,0.0,0,0,0
[Li]c1ccc(Br)c2c3c([nH]c12)CCN(C(c1ccccc1)(c1ccccc1)c1ccccc1)C3,Brc1ccc(Br)c2c3c([nH]c12)CCN(C(c1ccccc1)(c1ccccc1)c1ccccc1)C3,1,1,54.9,-78.0,batch_moderate,34,34,3,0,1,0,1,1,499.38100000000014,6.074400000000005,1,27,5,1,0,1,4,0,1,2,0,4,19.03,0,0,0
[Li]c1c(OCC)cccc1C1OCCO1,CCOc1cccc(C2OCCO2)c1Br,1,1,87.9,-78.0,batch_stable,15,15,3,0,1,0,1,1,200.16299999999995,0.9245000000000001,1,6,1,0,0,0,4,0,1,0,3,3,27.69,0,0,0
[Li]c1ccc2c(c1)CC[C@@H]2N1CCN(C)CC1,CN1CCN([C@H]2CCc3cc(Br)ccc32)CC1,1,1,100.0,-78.0,batch_stable,17,17,3,0,1,0,1,1,222.26099999999994,0.7150999999999998,2,6,1,0,0,0,3,0,1,2,0,1,6.48,0,0,0
[Li]Cc1ccc(C(=O)OC)cc1OC,COC(=O)c1ccc(CBr)c(OC)c1,1,0,14.0,-100.0,batch_unstable,14,14,2,0,0,1,0,1,186.13599999999997,1.1502999999999999,0,6,1,0,0,0,4,0,1,0,3,3,35.53,0,1,0
[Li]c1ccccc1CCO,OCCc1ccccc1Br,1,1,54.8,-78.0,batch_moderate,10,10,3,0,1,0,1,1,128.1,0.015200000000000047,0,6,1,0,0,0,2,0,1,0,1,2,20.23,0,0,0
[Li]c1ccc(Cl)cc1OC,COc1cc(Cl)ccc1Br,2,2,89.4,-78.0,batch_stable,10,10,3,0,1,0,1,1,148.518,1.1424,0,6,1,0,0,1,3,0,1,0,1,1,9.23,0,0,0
[Li]Cc1nc(-c2ccccc2)c(-c2ccccc2)o1,BrCc1nc(-c2ccccc2)c(-c2ccccc2)o1,1,1,56.1,-78.0,batch_moderate,19,19,2,0,0,1,0,1,241.219,3.677100000000002,0,17,3,0,0,0,3,0,1,1,1,3,26.03,0,0,0
[Li]c1cccc(C(C)C)c1,CC(C)c1cccc(Br)c1,1,0,93.2,0.0,batch_stable,10,10,3,0,1,0,1,1,126.12799999999999,1.6038000000000001,0,6,1,0,0,0,1,0,1,0,0,1,0.0,0,0,0
[Li]c1cccc(C2(C(C)C)OCCO2)c1,CC(C)C1(c2cccc(Br)c2)OCCO1,1,1,61.0,-78.0,batch_moderate,15,15,3,0,1,0,1,1,198.19099999999997,1.3359999999999999,1,6,1,0,0,0,3,0,1,0,2,2,18.46,0,0,0
[Li]c1cc(Br)c(CC)nc1O,CCc1nc(O)c(Br)cc1Br,1,1,19.6,-78.0,batch_unstable,11,11,3,0,1,0,1,1,207.98399999999998,0.9059000000000001,0,6,1,1,0,1,4,0,1,1,1,1,33.120000000000005,0,0,0
[Li]c1ccc(-c2ccccn2)cc1,Brc1ccc(-c2ccccn2)cc1,1,0,18.0,-20.0,batch_unstable,13,13,3,0,1,0,1,1,161.13299999999998,1.5423999999999998,0,12,2,0,0,0,2,0,1,1,0,1,12.89,0,0,0
[Li]c1ccsc1-c1nnc[nH]1,Brc1ccsc1-c1nnc[nH]1,2,2,88.6,-78.0,batch_stable,11,11,3,0,1,0,1,1,157.127,0.3269999999999999,0,10,2,0,0,0,5,0,1,3,0,1,41.57,0,0,0
[Li]c1cc(-c2ccncc2)sc1-c1nnc[nH]1,Brc1cc(-c2ccncc2)sc1-c1nnc[nH]1,2,2,23.5,-78.0,batch_unstable,17,17,3,0,1,0,1,1,234.213,1.3889999999999998,0,16,3,0,0,0,6,0,1,4,0,2,54.46,0,0,0
[Li]c1ccc(N2CCCCCC2)cc1,Ic1ccc(N2CCCCCC2)cc1,1,1,35.7,-78.0,batch_moderate,14,14,3,0,1,0,1,1,181.208,1.8608,1,6,1,0,0,0,2,0,1,1,0,1,3.24,0,0,0
[Li]c1cc(O[Si](C)(C)C(C)(C)C)ccc1F,CC(C)(C)[Si](C)(C)Oc1ccc(F)c(Br)c1,2,2,43.650000000000006,-78.0,batch_moderate,16,16,3,0,1,0,1,1,232.29999999999998,3.0035000000000016,0,6,1,0,1,1,4,0,1,0,1,2,9.23,0,0,0
[Li]c1cccc(O)c1,Oc1cccc(Br)c1,2,2,9.9,-78.0,batch_unstable,8,8,3,0,1,0,1,1,100.04599999999999,0.186,0,6,1,0,0,0,2,0,1,0,1,0,20.23,0,0,0
[Li]c1cc(F)cc(O[Si](C)(C)C(C)(C)C)c1,CC(C)(C)[Si](C)(C)Oc1cc(F)cc(Br)c1,1,1,13.9,-78.0,batch_unstable,16,16,3,0,1,0,1,1,232.29999999999995,3.0035000000000016,0,6,1,0,1,1,4,0,1,0,1,2,9.23,0,0,0
[Li]c1cccc(-c2ccc3c4c(cccc24)-c2ccccc2-3)c1,Brc1cccc(-c2ccc3c4c(cccc24)-c2ccccc2-3)c1,1,1,95.0,-70.0,batch_stable,23,23,3,0,1,0,1,1,284.28700000000003,4.948000000000003,1,22,4,0,0,0,1,0,1,0,0,1,0.0,0,0,0
[Li]c1nc(F)c(F)c([Si](C)(C)C(C)(C)C)c1F,CC(C)(C)[Si](C)(C)c1c(F)c(F)nc(Br)c1F,1,1,37.2,-78.0,batch_moderate,17,17,3,1,1,0,1,1,253.26899999999998,2.0082,0,6,1,0,3,3,6,0,1,1,0,1,12.89,0,0,0
[Li]c1ccc2c(=O)n(CC3CCN(Cc4cc(-c5ccccc5)no4)CC3)c(C(=O)OC)c(-c3ccccc3)c2c1,COC(=O)c1c(-c2ccccc2)c2cc(Br)ccc2c(=O)n1CC1CCN(Cc2cc(-c3ccccc3)no2)CC1,1,1,34.4,-78.0,batch_moderate,41,41,3,0,1,0,1,1,539.5610000000003,4.816100000000004,1,27,5,0,0,0,8,0,1,3,4,7,77.57000000000001,0,1,0
[Li]c1cnc2[nH]ccc2c1,Brc1cnc2[nH]ccc2c1,1,1,33.0,-70.0,batch_moderate,10,10,3,0,1,0,1,1,124.07199999999996,0.3567000000000001,0,9,2,0,0,0,3,0,1,2,0,0,28.68,0,0,0
[Li]c1ccc(-c2ccccc2C)c(C=O)c1,Cc1ccccc1-c1ccc(Br)cc1C=O,1,1,86.0,-78.0,batch_stable,16,16,3,0,1,0,1,1,202.18199999999996,2.26832,0,12,2,0,0,0,2,0,1,0,1,2,17.07,0,0,0
[Li]C#Cc1ncc2[nH]c3cccc(OCc4ccccc4)c3c2c1COC,COCc1c(C#CBr)ncc2[nH]c3cccc(OCc4ccccc4)c3c12,1,1,42.0,-78.0,batch_moderate,27,27,2,0,0,0,0,1,348.33100000000013,3.919000000000003,0,19,4,0,0,0,5,0,1,2,2,5,47.14,0,0,0
[Li]c1c(-c2ccccc2)nsc1NC(=O)[C@@H]1C[C@H]1C,C[C@@H]1C[C@H]1C(=O)Nc1snc(-c2ccccc2)c1Br,1,0,16.4,-40.0,batch_unstable,19,19,3,0,1,0,1,1,264.279,2.1984000000000004,1,11,2,0,0,0,5,0,1,2,1,3,41.99,0,0,0
[Li]Cc1c(-c2ccccc2)nc2ccccc2c1C(=O)N[C@@H](CC)c1ccccc1,CC[C@H](NC(=O)c1c(CBr)c(-c2ccccc2)nc2ccccc12)c1ccccc1,1,1,84.6,-78.0,batch_stable,30,30,2,0,0,1,0,1,386.42400000000004,5.451400000000004,0,22,4,0,0,0,4,0,1,2,1,6,41.99,0,0,0
[Li]c1ccc(OCCOc2c(Cl)cc(C)cc2Cl)cc1,Cc1cc(Cl)c(OCCOc2ccc(Br)cc2)c(Cl)c1,1,1,86.5,-78.0,batch_stable,20,20,3,0,1,0,1,1,303.11400000000003,3.5534200000000027,0,12,2,0,0,2,5,0,1,0,2,5,18.46,0,0,0
[Li]c1ccc(N2CC[C@H](Oc3c(Cl)cc(C)cc3Cl)C2)nc1,Cc1cc(Cl)c(O[C@H]2CCN(c3ccc(Br)cn3)C2)c(Cl)c1,1,1,57.3,-78.0,batch_moderate,22,22,3,0,1,0,1,1,329.15600000000006,3.148320000000002,1,12,2,0,0,2,6,0,1,2,1,3,25.36,0,0,0
